Filename,image_path,Label
0378_jpg.rf.c5ba8314343a54db056cf2867c86942f_0002.jpg,WEED6C_crops/0378_jpg.rf.c5ba8314343a54db056cf2867c86942f_0002.jpg,3
1302_jpg.rf.26ab3fc340b22f9482155ab905a6cebf_0019.jpg,WEED6C_crops/1302_jpg.rf.26ab3fc340b22f9482155ab905a6cebf_0019.jpg,4
1378_jpg.rf.a485ab7c96bef96dac8eb7e61bbb7fb8_0024.jpg,WEED6C_crops/1378_jpg.rf.a485ab7c96bef96dac8eb7e61bbb7fb8_0024.jpg,4
0036_jpg.rf.bdc54405689eda8b64ce2d3f9302fcea_0003.jpg,WEED6C_crops/0036_jpg.rf.bdc54405689eda8b64ce2d3f9302fcea_0003.jpg,5
0392_jpg.rf.49ecace6ca5fed7c7e6fdb33cc6cf6b3_0002.jpg,WEED6C_crops/0392_jpg.rf.49ecace6ca5fed7c7e6fdb33cc6cf6b3_0002.jpg,3
0670_jpg.rf.4a721307856317e627464f7a3b6601d6_0004.jpg,WEED6C_crops/0670_jpg.rf.4a721307856317e627464f7a3b6601d6_0004.jpg,0
1236_jpg.rf.84823ae11fdee603ba6a5fab2cc61c7f_0026.jpg,WEED6C_crops/1236_jpg.rf.84823ae11fdee603ba6a5fab2cc61c7f_0026.jpg,4
1303_jpg.rf.8f30bd948ef635a90243d4eb022d379b_0044.jpg,WEED6C_crops/1303_jpg.rf.8f30bd948ef635a90243d4eb022d379b_0044.jpg,4
0612_jpg.rf.bbdd94ea168adf0aadf7bafba7e84e0f_0006.jpg,WEED6C_crops/0612_jpg.rf.bbdd94ea168adf0aadf7bafba7e84e0f_0006.jpg,3
1240_jpg.rf.e1ad20f0f2011d323769409c17d77863_0013.jpg,WEED6C_crops/1240_jpg.rf.e1ad20f0f2011d323769409c17d77863_0013.jpg,4
0277_jpg.rf.da40428a611c836681331c1b74be0c1b_0004.jpg,WEED6C_crops/0277_jpg.rf.da40428a611c836681331c1b74be0c1b_0004.jpg,3
1368_jpg.rf.25dc57e029d777ff1571d3d84d22c763_0049.jpg,WEED6C_crops/1368_jpg.rf.25dc57e029d777ff1571d3d84d22c763_0049.jpg,1
0277_jpg.rf.da40428a611c836681331c1b74be0c1b_0003.jpg,WEED6C_crops/0277_jpg.rf.da40428a611c836681331c1b74be0c1b_0003.jpg,0
0855_jpg.rf.c3864326bbe207814bd73e53a801ac40_0005.jpg,WEED6C_crops/0855_jpg.rf.c3864326bbe207814bd73e53a801ac40_0005.jpg,2
0704_jpg.rf.eef5dd92ac237a136fb2d73156500d0e_0002.jpg,WEED6C_crops/0704_jpg.rf.eef5dd92ac237a136fb2d73156500d0e_0002.jpg,1
0261_jpg.rf.5df6d646b46c050b83d0adc4a49869ac_0001.jpg,WEED6C_crops/0261_jpg.rf.5df6d646b46c050b83d0adc4a49869ac_0001.jpg,0
0667_jpg.rf.84f7e664dfc91e5db894dcbd701196cb_0003.jpg,WEED6C_crops/0667_jpg.rf.84f7e664dfc91e5db894dcbd701196cb_0003.jpg,3
0764_jpg.rf.0d6f4d62d4d805eb4b14e01d32c1b150_0001.jpg,WEED6C_crops/0764_jpg.rf.0d6f4d62d4d805eb4b14e01d32c1b150_0001.jpg,2
0659_jpg.rf.eaf1cbefbdae8bad0dab4b05b71cbce9_0005.jpg,WEED6C_crops/0659_jpg.rf.eaf1cbefbdae8bad0dab4b05b71cbce9_0005.jpg,3
1311_jpg.rf.4a2f9977c5ce6af1d01a777bdced6f04_0004.jpg,WEED6C_crops/1311_jpg.rf.4a2f9977c5ce6af1d01a777bdced6f04_0004.jpg,4
0836_jpg.rf.0dfc1c090a89da80e2493e6185706bf8_0007.jpg,WEED6C_crops/0836_jpg.rf.0dfc1c090a89da80e2493e6185706bf8_0007.jpg,2
0494_jpg.rf.93dcf1ea5bf6d7d2778a6afcd86695a4_0001.jpg,WEED6C_crops/0494_jpg.rf.93dcf1ea5bf6d7d2778a6afcd86695a4_0001.jpg,3
0329_jpg.rf.049735d0273f92018a89f069d92efbe5_0005.jpg,WEED6C_crops/0329_jpg.rf.049735d0273f92018a89f069d92efbe5_0005.jpg,3
0203_jpg.rf.55ea038701557918310b88cac277cdbb_0002.jpg,WEED6C_crops/0203_jpg.rf.55ea038701557918310b88cac277cdbb_0002.jpg,3
0242_jpg.rf.52800b665a2b860fd527febaee511016_0009.jpg,WEED6C_crops/0242_jpg.rf.52800b665a2b860fd527febaee511016_0009.jpg,0
1304_jpg.rf.bdabd9792ab23d3924d6e3d26f3aec06_0011.jpg,WEED6C_crops/1304_jpg.rf.bdabd9792ab23d3924d6e3d26f3aec06_0011.jpg,4
0458_jpg.rf.94d9cee93dbfcbfc0b0721afe9202000_0001.jpg,WEED6C_crops/0458_jpg.rf.94d9cee93dbfcbfc0b0721afe9202000_0001.jpg,1
1303_jpg.rf.8f30bd948ef635a90243d4eb022d379b_0012.jpg,WEED6C_crops/1303_jpg.rf.8f30bd948ef635a90243d4eb022d379b_0012.jpg,4
1275_jpg.rf.65866643a6cd0f4dcd05a33f2a923468_0016.jpg,WEED6C_crops/1275_jpg.rf.65866643a6cd0f4dcd05a33f2a923468_0016.jpg,4
1296_jpg.rf.0c437bc165571cd0590e77bf88763adf_0005.jpg,WEED6C_crops/1296_jpg.rf.0c437bc165571cd0590e77bf88763adf_0005.jpg,1
0138_jpg.rf.6b8cac6f43a224131183501409b2d137_0003.jpg,WEED6C_crops/0138_jpg.rf.6b8cac6f43a224131183501409b2d137_0003.jpg,5
0365_jpg.rf.40c1675a58b9e51c30947eecd459ec44_0004.jpg,WEED6C_crops/0365_jpg.rf.40c1675a58b9e51c30947eecd459ec44_0004.jpg,3
0948_jpg.rf.41354add6b2cbb8f31b6bd8fcf60ad3a_0001.jpg,WEED6C_crops/0948_jpg.rf.41354add6b2cbb8f31b6bd8fcf60ad3a_0001.jpg,0
1257_jpg.rf.89c85bc5acee92f655635658a5c1295d_0005.jpg,WEED6C_crops/1257_jpg.rf.89c85bc5acee92f655635658a5c1295d_0005.jpg,4
0930_jpg.rf.5ef70ace12c97a649d500dbbd0ba16d9_0002.jpg,WEED6C_crops/0930_jpg.rf.5ef70ace12c97a649d500dbbd0ba16d9_0002.jpg,1
1339_jpg.rf.c1d6ea90c66a0ca02bdb39223830ec18_0010.jpg,WEED6C_crops/1339_jpg.rf.c1d6ea90c66a0ca02bdb39223830ec18_0010.jpg,4
0775_jpg.rf.ba51b29650c4f2af3725cd55b1a402e9_0003.jpg,WEED6C_crops/0775_jpg.rf.ba51b29650c4f2af3725cd55b1a402e9_0003.jpg,1
0283_jpg.rf.f3d09170767f659721e1a02d06422fcc_0017.jpg,WEED6C_crops/0283_jpg.rf.f3d09170767f659721e1a02d06422fcc_0017.jpg,0
1252_jpg.rf.0460eee5cd6e483e72571dbeb38f50ba_0004.jpg,WEED6C_crops/1252_jpg.rf.0460eee5cd6e483e72571dbeb38f50ba_0004.jpg,1
0426_jpg.rf.450220729ff1ac81aa66d4faf44bff4b_0005.jpg,WEED6C_crops/0426_jpg.rf.450220729ff1ac81aa66d4faf44bff4b_0005.jpg,2
0543_jpg.rf.1d2fc0c8dbd3297304e107c958dbe084_0003.jpg,WEED6C_crops/0543_jpg.rf.1d2fc0c8dbd3297304e107c958dbe084_0003.jpg,3
1380_jpg.rf.c17524f4eb123d41b596e05bb2c20b30_0009.jpg,WEED6C_crops/1380_jpg.rf.c17524f4eb123d41b596e05bb2c20b30_0009.jpg,4
0860_jpg.rf.b9a00e0564f40304e943940872cb914f_0001.jpg,WEED6C_crops/0860_jpg.rf.b9a00e0564f40304e943940872cb914f_0001.jpg,0
0252_jpg.rf.e642b34a852db7b47e1a6bdd6734a3f2_0003.jpg,WEED6C_crops/0252_jpg.rf.e642b34a852db7b47e1a6bdd6734a3f2_0003.jpg,0
1363_jpg.rf.768baa0bd4528831bffe24eb9aa3b51f_0022.jpg,WEED6C_crops/1363_jpg.rf.768baa0bd4528831bffe24eb9aa3b51f_0022.jpg,4
0816_jpg.rf.a9cf6d6edbe34347964c89472d30052e_0002.jpg,WEED6C_crops/0816_jpg.rf.a9cf6d6edbe34347964c89472d30052e_0002.jpg,3
0196_jpg.rf.085a28c95bd83d706b4da167e039e140_0002.jpg,WEED6C_crops/0196_jpg.rf.085a28c95bd83d706b4da167e039e140_0002.jpg,4
0908_jpg.rf.2a523ed34012fa10534089f009a94e63_0003.jpg,WEED6C_crops/0908_jpg.rf.2a523ed34012fa10534089f009a94e63_0003.jpg,3
1303_jpg.rf.8f30bd948ef635a90243d4eb022d379b_0008.jpg,WEED6C_crops/1303_jpg.rf.8f30bd948ef635a90243d4eb022d379b_0008.jpg,4
1385_jpg.rf.d58ee02f9b26e3c086ce0ebeefdfd56d_0016.jpg,WEED6C_crops/1385_jpg.rf.d58ee02f9b26e3c086ce0ebeefdfd56d_0016.jpg,4
0790_jpg.rf.b48833a768bd921490747ab77aeb1b0f_0003.jpg,WEED6C_crops/0790_jpg.rf.b48833a768bd921490747ab77aeb1b0f_0003.jpg,3
0817_jpg.rf.0a15fa2e7e002006fff6451b72006170_0009.jpg,WEED6C_crops/0817_jpg.rf.0a15fa2e7e002006fff6451b72006170_0009.jpg,3
0255_jpg.rf.20616b63d9c85d7acc1eb3b64b84b50d_0004.jpg,WEED6C_crops/0255_jpg.rf.20616b63d9c85d7acc1eb3b64b84b50d_0004.jpg,1
1386_jpg.rf.38d81bd8c301374aed9080ef5af2120b_0006.jpg,WEED6C_crops/1386_jpg.rf.38d81bd8c301374aed9080ef5af2120b_0006.jpg,1
0272_jpg.rf.5a9e2d55fbac5b624c22a75911b0f5de_0012.jpg,WEED6C_crops/0272_jpg.rf.5a9e2d55fbac5b624c22a75911b0f5de_0012.jpg,3
0669_jpg.rf.a034dffd90ec7795e4cd71fe65a19f3c_0003.jpg,WEED6C_crops/0669_jpg.rf.a034dffd90ec7795e4cd71fe65a19f3c_0003.jpg,0
1387_jpg.rf.4e79357b2bfab756b6edacb516671cfa_0008.jpg,WEED6C_crops/1387_jpg.rf.4e79357b2bfab756b6edacb516671cfa_0008.jpg,4
1227_jpg.rf.eb9e3a2fa93b1867c5cb9f3a1fcf7bdb_0014.jpg,WEED6C_crops/1227_jpg.rf.eb9e3a2fa93b1867c5cb9f3a1fcf7bdb_0014.jpg,0
0281_jpg.rf.525275ec8f77a3e6f1a0adab97e761ed_0007.jpg,WEED6C_crops/0281_jpg.rf.525275ec8f77a3e6f1a0adab97e761ed_0007.jpg,0
0838_jpg.rf.496efa3d5f7f8fe7981297b006be1626_0008.jpg,WEED6C_crops/0838_jpg.rf.496efa3d5f7f8fe7981297b006be1626_0008.jpg,3
0583_jpg.rf.bfdea7e32f09601f15bb9df47a6d86cc_0003.jpg,WEED6C_crops/0583_jpg.rf.bfdea7e32f09601f15bb9df47a6d86cc_0003.jpg,0
0633_jpg.rf.abb6deef0792cfe939cfa3125eb0eeb2_0002.jpg,WEED6C_crops/0633_jpg.rf.abb6deef0792cfe939cfa3125eb0eeb2_0002.jpg,3
1285_jpg.rf.8c5370f95c282daae379485a007ec7bd_0003.jpg,WEED6C_crops/1285_jpg.rf.8c5370f95c282daae379485a007ec7bd_0003.jpg,4
1248_jpg.rf.290b7f88a115132b8a4ebfe43b032865_0016.jpg,WEED6C_crops/1248_jpg.rf.290b7f88a115132b8a4ebfe43b032865_0016.jpg,1
1240_jpg.rf.e1ad20f0f2011d323769409c17d77863_0025.jpg,WEED6C_crops/1240_jpg.rf.e1ad20f0f2011d323769409c17d77863_0025.jpg,4
0859_jpg.rf.e6ecc7f97928076a544e92eb6da0ecf6_0006.jpg,WEED6C_crops/0859_jpg.rf.e6ecc7f97928076a544e92eb6da0ecf6_0006.jpg,1
0236_jpg.rf.37f13823118c1f776f2b7d3360e121a9_0006.jpg,WEED6C_crops/0236_jpg.rf.37f13823118c1f776f2b7d3360e121a9_0006.jpg,3
0696_jpg.rf.b57d4dafa38773770861b0152d224067_0003.jpg,WEED6C_crops/0696_jpg.rf.b57d4dafa38773770861b0152d224067_0003.jpg,3
0598_jpg.rf.5e8cc243909b8455b4cffaeeb6ea19a9_0006.jpg,WEED6C_crops/0598_jpg.rf.5e8cc243909b8455b4cffaeeb6ea19a9_0006.jpg,3
0629_jpg.rf.60da9b2d84d53bdcd8ba2ef13001ed54_0005.jpg,WEED6C_crops/0629_jpg.rf.60da9b2d84d53bdcd8ba2ef13001ed54_0005.jpg,3
0947_jpg.rf.3267d7b1b106f762be4abe3e5fd79a0e_0002.jpg,WEED6C_crops/0947_jpg.rf.3267d7b1b106f762be4abe3e5fd79a0e_0002.jpg,1
1231_jpg.rf.fe1b06fe786224eaf851b6416c2554ae_0002.jpg,WEED6C_crops/1231_jpg.rf.fe1b06fe786224eaf851b6416c2554ae_0002.jpg,1
1296_jpg.rf.0c437bc165571cd0590e77bf88763adf_0018.jpg,WEED6C_crops/1296_jpg.rf.0c437bc165571cd0590e77bf88763adf_0018.jpg,4
1065_jpg.rf.e8c1a8d241d4d3a7ef7789c2c1b918fb_0001.jpg,WEED6C_crops/1065_jpg.rf.e8c1a8d241d4d3a7ef7789c2c1b918fb_0001.jpg,0
1078_jpg.rf.dd517fd6d040d3c77504b526a229deb6_0002.jpg,WEED6C_crops/1078_jpg.rf.dd517fd6d040d3c77504b526a229deb6_0002.jpg,1
0047_jpg.rf.1d9a348d51172b1224305d839b838ec9_0006.jpg,WEED6C_crops/0047_jpg.rf.1d9a348d51172b1224305d839b838ec9_0006.jpg,5
1362_jpg.rf.ab5fc04e9f26ec91359122ba4c109436_0027.jpg,WEED6C_crops/1362_jpg.rf.ab5fc04e9f26ec91359122ba4c109436_0027.jpg,4
0276_jpg.rf.b050d9cf6fdd15ffe4f175936e28b2af_0006.jpg,WEED6C_crops/0276_jpg.rf.b050d9cf6fdd15ffe4f175936e28b2af_0006.jpg,0
0432_jpg.rf.9779958ce2ed142234556f069a41b580_0001.jpg,WEED6C_crops/0432_jpg.rf.9779958ce2ed142234556f069a41b580_0001.jpg,1
1249_jpg.rf.e1efe2270f002b51f4715161251b6365_0020.jpg,WEED6C_crops/1249_jpg.rf.e1efe2270f002b51f4715161251b6365_0020.jpg,4
0832_jpg.rf.cda307f8eef4fb3e30b42f2776592da3_0003.jpg,WEED6C_crops/0832_jpg.rf.cda307f8eef4fb3e30b42f2776592da3_0003.jpg,0
0198_jpg.rf.a8633b29e881cf380513f2bf6ee10bab_0008.jpg,WEED6C_crops/0198_jpg.rf.a8633b29e881cf380513f2bf6ee10bab_0008.jpg,3
0634_jpg.rf.2fa505c10ef416a4d9754ea517166e47_0008.jpg,WEED6C_crops/0634_jpg.rf.2fa505c10ef416a4d9754ea517166e47_0008.jpg,2
0884_jpg.rf.177355f2bb9b730dc0314514d3ed4a43_0003.jpg,WEED6C_crops/0884_jpg.rf.177355f2bb9b730dc0314514d3ed4a43_0003.jpg,0
0184_jpg.rf.6bf6bbd8ab10cd380a22c0720120cee6_0003.jpg,WEED6C_crops/0184_jpg.rf.6bf6bbd8ab10cd380a22c0720120cee6_0003.jpg,1
0710_jpg.rf.3f5ee2a03f1e7db4d5615d61bd25f18d_0001.jpg,WEED6C_crops/0710_jpg.rf.3f5ee2a03f1e7db4d5615d61bd25f18d_0001.jpg,2
0348_jpg.rf.8adcfa747d63c6198e8066a5acfd0023_0001.jpg,WEED6C_crops/0348_jpg.rf.8adcfa747d63c6198e8066a5acfd0023_0001.jpg,1
0617_jpg.rf.3ba44e656215f94c8a40a11be82e3b37_0001.jpg,WEED6C_crops/0617_jpg.rf.3ba44e656215f94c8a40a11be82e3b37_0001.jpg,0
0941_jpg.rf.53a6e9da968580dcf9dd275776181ee5_0004.jpg,WEED6C_crops/0941_jpg.rf.53a6e9da968580dcf9dd275776181ee5_0004.jpg,0
0249_jpg.rf.c28ae22bf898c1d2faacea1ccaf48150_0011.jpg,WEED6C_crops/0249_jpg.rf.c28ae22bf898c1d2faacea1ccaf48150_0011.jpg,3
0293_jpg.rf.fe63fe269d1f9ff3ae4f33331785ae5d_0004.jpg,WEED6C_crops/0293_jpg.rf.fe63fe269d1f9ff3ae4f33331785ae5d_0004.jpg,3
1305_jpg.rf.443512b37c4cb64236dc2fdc570ded6d_0021.jpg,WEED6C_crops/1305_jpg.rf.443512b37c4cb64236dc2fdc570ded6d_0021.jpg,4
0479_jpg.rf.d4a2d69d4c1d408d702de64a4f118cc1_0004.jpg,WEED6C_crops/0479_jpg.rf.d4a2d69d4c1d408d702de64a4f118cc1_0004.jpg,3
0826_jpg.rf.09183412aed1b0f5b40188e53fa5a6a9_0005.jpg,WEED6C_crops/0826_jpg.rf.09183412aed1b0f5b40188e53fa5a6a9_0005.jpg,1
1303_jpg.rf.8f30bd948ef635a90243d4eb022d379b_0022.jpg,WEED6C_crops/1303_jpg.rf.8f30bd948ef635a90243d4eb022d379b_0022.jpg,4
1359_jpg.rf.6bb7d484d2aa6c486b81a4b2f321dfb3_0024.jpg,WEED6C_crops/1359_jpg.rf.6bb7d484d2aa6c486b81a4b2f321dfb3_0024.jpg,4
0210_jpg.rf.5896e50f1138fd4e2c9e2d1b455d9ac5_0004.jpg,WEED6C_crops/0210_jpg.rf.5896e50f1138fd4e2c9e2d1b455d9ac5_0004.jpg,0
0151_jpg.rf.f8c8d149624385257b829e60a243f878_0001.jpg,WEED6C_crops/0151_jpg.rf.f8c8d149624385257b829e60a243f878_0001.jpg,5
0983_jpg.rf.f36493ab8ed2c4049df018f624546153_0003.jpg,WEED6C_crops/0983_jpg.rf.f36493ab8ed2c4049df018f624546153_0003.jpg,1
0775_jpg.rf.ba51b29650c4f2af3725cd55b1a402e9_0004.jpg,WEED6C_crops/0775_jpg.rf.ba51b29650c4f2af3725cd55b1a402e9_0004.jpg,3
1314_jpg.rf.026df1d2420a72903e8aa30534cca72c_0011.jpg,WEED6C_crops/1314_jpg.rf.026df1d2420a72903e8aa30534cca72c_0011.jpg,4
0439_jpg.rf.b4c2da5ea08ffdf35ec3e59a4c613e8b_0004.jpg,WEED6C_crops/0439_jpg.rf.b4c2da5ea08ffdf35ec3e59a4c613e8b_0004.jpg,2
1369_jpg.rf.b115facc4e1a8ff9927fa196a84b853d_0038.jpg,WEED6C_crops/1369_jpg.rf.b115facc4e1a8ff9927fa196a84b853d_0038.jpg,4
0338_jpg.rf.9057bf1d2306e3b19d19801b7b4dde95_0011.jpg,WEED6C_crops/0338_jpg.rf.9057bf1d2306e3b19d19801b7b4dde95_0011.jpg,3
1305_jpg.rf.443512b37c4cb64236dc2fdc570ded6d_0041.jpg,WEED6C_crops/1305_jpg.rf.443512b37c4cb64236dc2fdc570ded6d_0041.jpg,4
1241_jpg.rf.a5be0ca237cc5fdf5c86f10349dafb96_0027.jpg,WEED6C_crops/1241_jpg.rf.a5be0ca237cc5fdf5c86f10349dafb96_0027.jpg,4
1362_jpg.rf.ab5fc04e9f26ec91359122ba4c109436_0018.jpg,WEED6C_crops/1362_jpg.rf.ab5fc04e9f26ec91359122ba4c109436_0018.jpg,4
0138_jpg.rf.6b8cac6f43a224131183501409b2d137_0002.jpg,WEED6C_crops/0138_jpg.rf.6b8cac6f43a224131183501409b2d137_0002.jpg,5
1230_jpg.rf.60caad5b3d36a901c24668ddacd2f112_0027.jpg,WEED6C_crops/1230_jpg.rf.60caad5b3d36a901c24668ddacd2f112_0027.jpg,0
1248_jpg.rf.290b7f88a115132b8a4ebfe43b032865_0027.jpg,WEED6C_crops/1248_jpg.rf.290b7f88a115132b8a4ebfe43b032865_0027.jpg,1
0359_jpg.rf.d79059c10cb92885e24805062a9de816_0012.jpg,WEED6C_crops/0359_jpg.rf.d79059c10cb92885e24805062a9de816_0012.jpg,0
0628_jpg.rf.540eb0da6481e44eaed340f46f8b85e4_0003.jpg,WEED6C_crops/0628_jpg.rf.540eb0da6481e44eaed340f46f8b85e4_0003.jpg,3
0295_jpg.rf.0cb1bae9f44332d2bc55ceb2715f71ea_0007.jpg,WEED6C_crops/0295_jpg.rf.0cb1bae9f44332d2bc55ceb2715f71ea_0007.jpg,0
0893_jpg.rf.50789b7d3c9a17215559de2d7b29e839_0002.jpg,WEED6C_crops/0893_jpg.rf.50789b7d3c9a17215559de2d7b29e839_0002.jpg,3
0099_jpg.rf.b919397efe6b8b48233d4fd7ef548263_0004.jpg,WEED6C_crops/0099_jpg.rf.b919397efe6b8b48233d4fd7ef548263_0004.jpg,5
1362_jpg.rf.ab5fc04e9f26ec91359122ba4c109436_0048.jpg,WEED6C_crops/1362_jpg.rf.ab5fc04e9f26ec91359122ba4c109436_0048.jpg,4
1370_jpg.rf.81f386000a766bd098e73e127fb823ea_0034.jpg,WEED6C_crops/1370_jpg.rf.81f386000a766bd098e73e127fb823ea_0034.jpg,4
0980_jpg.rf.a2bcf1c84af5e0c6ca441a050dba0e16_0004.jpg,WEED6C_crops/0980_jpg.rf.a2bcf1c84af5e0c6ca441a050dba0e16_0004.jpg,1
0202_jpg.rf.c77af3471a7918b2320b842898212017_0005.jpg,WEED6C_crops/0202_jpg.rf.c77af3471a7918b2320b842898212017_0005.jpg,3
1241_jpg.rf.a5be0ca237cc5fdf5c86f10349dafb96_0036.jpg,WEED6C_crops/1241_jpg.rf.a5be0ca237cc5fdf5c86f10349dafb96_0036.jpg,4
0224_jpg.rf.5f80d3362f0762511fcc46d1810f07b5_0008.jpg,WEED6C_crops/0224_jpg.rf.5f80d3362f0762511fcc46d1810f07b5_0008.jpg,3
0829_jpg.rf.6a1d9b4d0bab507a79caf69fad25f8fd_0009.jpg,WEED6C_crops/0829_jpg.rf.6a1d9b4d0bab507a79caf69fad25f8fd_0009.jpg,3
1315_jpg.rf.0b8085935589ebdedc6aafe2eeb83a84_0010.jpg,WEED6C_crops/1315_jpg.rf.0b8085935589ebdedc6aafe2eeb83a84_0010.jpg,4
0659_jpg.rf.eaf1cbefbdae8bad0dab4b05b71cbce9_0004.jpg,WEED6C_crops/0659_jpg.rf.eaf1cbefbdae8bad0dab4b05b71cbce9_0004.jpg,3
0877_jpg.rf.b7c82d76192159b887b58107b2067f9e_0004.jpg,WEED6C_crops/0877_jpg.rf.b7c82d76192159b887b58107b2067f9e_0004.jpg,3
1117_jpg.rf.f59f8104d694a5e49e3e28c53a82464d_0005.jpg,WEED6C_crops/1117_jpg.rf.f59f8104d694a5e49e3e28c53a82464d_0005.jpg,0
1265_jpg.rf.459c2e1e9909ee52948bcfdb891d5d39_0002.jpg,WEED6C_crops/1265_jpg.rf.459c2e1e9909ee52948bcfdb891d5d39_0002.jpg,4
1300_jpg.rf.c8a7b7da90c3a7f70a2e39b8ca47e4fd_0010.jpg,WEED6C_crops/1300_jpg.rf.c8a7b7da90c3a7f70a2e39b8ca47e4fd_0010.jpg,1
0230_jpg.rf.93673f447a8eafcc253c1da71e8a45ff_0007.jpg,WEED6C_crops/0230_jpg.rf.93673f447a8eafcc253c1da71e8a45ff_0007.jpg,0
0829_jpg.rf.6a1d9b4d0bab507a79caf69fad25f8fd_0006.jpg,WEED6C_crops/0829_jpg.rf.6a1d9b4d0bab507a79caf69fad25f8fd_0006.jpg,1
0734_jpg.rf.8c9710c08c16be800ed78908ae099464_0004.jpg,WEED6C_crops/0734_jpg.rf.8c9710c08c16be800ed78908ae099464_0004.jpg,2
1364_jpg.rf.83d1b91ffdd68ab08b0f5031bb41761b_0046.jpg,WEED6C_crops/1364_jpg.rf.83d1b91ffdd68ab08b0f5031bb41761b_0046.jpg,4
1253_jpg.rf.9658543ae33aaf005575666b3e5b4453_0006.jpg,WEED6C_crops/1253_jpg.rf.9658543ae33aaf005575666b3e5b4453_0006.jpg,4
0554_jpg.rf.560fdc73ab542e9e3e6f1a5daee5dd06_0004.jpg,WEED6C_crops/0554_jpg.rf.560fdc73ab542e9e3e6f1a5daee5dd06_0004.jpg,3
0327_jpg.rf.9195005bab0e0fa8deaef9eae9d2f695_0008.jpg,WEED6C_crops/0327_jpg.rf.9195005bab0e0fa8deaef9eae9d2f695_0008.jpg,3
0921_jpg.rf.d40985a530079708c4b75c6d3485c54d_0006.jpg,WEED6C_crops/0921_jpg.rf.d40985a530079708c4b75c6d3485c54d_0006.jpg,3
1304_jpg.rf.bdabd9792ab23d3924d6e3d26f3aec06_0046.jpg,WEED6C_crops/1304_jpg.rf.bdabd9792ab23d3924d6e3d26f3aec06_0046.jpg,4
1358_jpg.rf.596bf1c7fe66e55cef5de750deba63b9_0031.jpg,WEED6C_crops/1358_jpg.rf.596bf1c7fe66e55cef5de750deba63b9_0031.jpg,4
1233_jpg.rf.a9ad2187477d12adf58c20e898c06211_0002.jpg,WEED6C_crops/1233_jpg.rf.a9ad2187477d12adf58c20e898c06211_0002.jpg,4
0416_jpg.rf.775c66a5325e85a6f8e80192e4fed2d6_0001.jpg,WEED6C_crops/0416_jpg.rf.775c66a5325e85a6f8e80192e4fed2d6_0001.jpg,1
0919_jpg.rf.4128e3e1a60bf491fba0d117b2e76335_0001.jpg,WEED6C_crops/0919_jpg.rf.4128e3e1a60bf491fba0d117b2e76335_0001.jpg,3
0836_jpg.rf.0dfc1c090a89da80e2493e6185706bf8_0004.jpg,WEED6C_crops/0836_jpg.rf.0dfc1c090a89da80e2493e6185706bf8_0004.jpg,0
1251_jpg.rf.ca084f91ecb665ac4961e3dca9f42efd_0018.jpg,WEED6C_crops/1251_jpg.rf.ca084f91ecb665ac4961e3dca9f42efd_0018.jpg,4
0910_jpg.rf.a474eacaf534e91dda538400c446a081_0004.jpg,WEED6C_crops/0910_jpg.rf.a474eacaf534e91dda538400c446a081_0004.jpg,3
0221_jpg.rf.06a7f614b5a2becaf982406d2b4d1608_0001.jpg,WEED6C_crops/0221_jpg.rf.06a7f614b5a2becaf982406d2b4d1608_0001.jpg,3
1047_jpg.rf.26275169fd1877f95af0e4973f501e83_0001.jpg,WEED6C_crops/1047_jpg.rf.26275169fd1877f95af0e4973f501e83_0001.jpg,0
0770_jpg.rf.39655d9d934b057212168ca9d2d59f7f_0004.jpg,WEED6C_crops/0770_jpg.rf.39655d9d934b057212168ca9d2d59f7f_0004.jpg,2
1366_jpg.rf.03f231049801971512990ca20f3424d9_0028.jpg,WEED6C_crops/1366_jpg.rf.03f231049801971512990ca20f3424d9_0028.jpg,4
0077_jpg.rf.da13603910cca70172403300462a4a09_0001.jpg,WEED6C_crops/0077_jpg.rf.da13603910cca70172403300462a4a09_0001.jpg,5
0364_jpg.rf.89db23df5c37065055d5a524b09092d9_0010.jpg,WEED6C_crops/0364_jpg.rf.89db23df5c37065055d5a524b09092d9_0010.jpg,0
1244_jpg.rf.83560aef67ff7ed166c6d632988b171e_0006.jpg,WEED6C_crops/1244_jpg.rf.83560aef67ff7ed166c6d632988b171e_0006.jpg,4
0738_jpg.rf.8acbfae91e9fccda5c0d6043d91450fc_0001.jpg,WEED6C_crops/0738_jpg.rf.8acbfae91e9fccda5c0d6043d91450fc_0001.jpg,2
1369_jpg.rf.b115facc4e1a8ff9927fa196a84b853d_0035.jpg,WEED6C_crops/1369_jpg.rf.b115facc4e1a8ff9927fa196a84b853d_0035.jpg,4
0336_jpg.rf.c36e08c51649b8492e62de070db20184_0014.jpg,WEED6C_crops/0336_jpg.rf.c36e08c51649b8492e62de070db20184_0014.jpg,0
1350_jpg.rf.c4e3678c0fb3792d81765cc98b2c9760_0012.jpg,WEED6C_crops/1350_jpg.rf.c4e3678c0fb3792d81765cc98b2c9760_0012.jpg,4
0660_jpg.rf.46d6d5ff1d09a4a4db6733f3a417af63_0005.jpg,WEED6C_crops/0660_jpg.rf.46d6d5ff1d09a4a4db6733f3a417af63_0005.jpg,0
0804_jpg.rf.d61cc5e060245310e2a9c16bf2d38672_0003.jpg,WEED6C_crops/0804_jpg.rf.d61cc5e060245310e2a9c16bf2d38672_0003.jpg,3
1340_jpg.rf.49f7cdb25f0fa78442f011562a376881_0006.jpg,WEED6C_crops/1340_jpg.rf.49f7cdb25f0fa78442f011562a376881_0006.jpg,4
0294_jpg.rf.9c021a540f1d16d6cb83dbf7c816c85b_0012.jpg,WEED6C_crops/0294_jpg.rf.9c021a540f1d16d6cb83dbf7c816c85b_0012.jpg,1
1367_jpg.rf.525537f6569c4903b5b939c2e8220219_0032.jpg,WEED6C_crops/1367_jpg.rf.525537f6569c4903b5b939c2e8220219_0032.jpg,4
1227_jpg.rf.eb9e3a2fa93b1867c5cb9f3a1fcf7bdb_0003.jpg,WEED6C_crops/1227_jpg.rf.eb9e3a2fa93b1867c5cb9f3a1fcf7bdb_0003.jpg,4
0079_jpg.rf.bd3d0899dd4a32431aa298454229cee4_0005.jpg,WEED6C_crops/0079_jpg.rf.bd3d0899dd4a32431aa298454229cee4_0005.jpg,5
1368_jpg.rf.25dc57e029d777ff1571d3d84d22c763_0006.jpg,WEED6C_crops/1368_jpg.rf.25dc57e029d777ff1571d3d84d22c763_0006.jpg,4
1266_jpg.rf.b6ff71f2ca53cd0403e63652331b6edb_0012.jpg,WEED6C_crops/1266_jpg.rf.b6ff71f2ca53cd0403e63652331b6edb_0012.jpg,4
1233_jpg.rf.a9ad2187477d12adf58c20e898c06211_0011.jpg,WEED6C_crops/1233_jpg.rf.a9ad2187477d12adf58c20e898c06211_0011.jpg,4
0244_jpg.rf.28fd6659d3b4c604e579183607656c76_0005.jpg,WEED6C_crops/0244_jpg.rf.28fd6659d3b4c604e579183607656c76_0005.jpg,2
0288_jpg.rf.bb389a0b6eaf05d324c60d6c24a764fa_0008.jpg,WEED6C_crops/0288_jpg.rf.bb389a0b6eaf05d324c60d6c24a764fa_0008.jpg,2
0913_jpg.rf.acb1de508ae77b7fc29381c59a7217fc_0002.jpg,WEED6C_crops/0913_jpg.rf.acb1de508ae77b7fc29381c59a7217fc_0002.jpg,3
0629_jpg.rf.60da9b2d84d53bdcd8ba2ef13001ed54_0002.jpg,WEED6C_crops/0629_jpg.rf.60da9b2d84d53bdcd8ba2ef13001ed54_0002.jpg,1
0542_jpg.rf.b5864f4c452f4f3a61a757f70d2b383f_0006.jpg,WEED6C_crops/0542_jpg.rf.b5864f4c452f4f3a61a757f70d2b383f_0006.jpg,1
0751_jpg.rf.f391e08b1b84f4f8f194010d2790264b_0001.jpg,WEED6C_crops/0751_jpg.rf.f391e08b1b84f4f8f194010d2790264b_0001.jpg,0
1270_jpg.rf.c34b854accd8ec862089128de29e245c_0038.jpg,WEED6C_crops/1270_jpg.rf.c34b854accd8ec862089128de29e245c_0038.jpg,4
0834_jpg.rf.541aec5b5bf56ec58ec1abe5ccbeaf7f_0015.jpg,WEED6C_crops/0834_jpg.rf.541aec5b5bf56ec58ec1abe5ccbeaf7f_0015.jpg,0
0190_jpg.rf.36b9a58512db0830eb89ef98442f99b4_0003.jpg,WEED6C_crops/0190_jpg.rf.36b9a58512db0830eb89ef98442f99b4_0003.jpg,1
1374_jpg.rf.6c64883712d67a3ad448ca10c0398308_0038.jpg,WEED6C_crops/1374_jpg.rf.6c64883712d67a3ad448ca10c0398308_0038.jpg,4
0093_jpg.rf.350f55cf44339df87d292b9e94e5ba85_0020.jpg,WEED6C_crops/0093_jpg.rf.350f55cf44339df87d292b9e94e5ba85_0020.jpg,4
0276_jpg.rf.b050d9cf6fdd15ffe4f175936e28b2af_0010.jpg,WEED6C_crops/0276_jpg.rf.b050d9cf6fdd15ffe4f175936e28b2af_0010.jpg,1
1236_jpg.rf.84823ae11fdee603ba6a5fab2cc61c7f_0017.jpg,WEED6C_crops/1236_jpg.rf.84823ae11fdee603ba6a5fab2cc61c7f_0017.jpg,4
0506_jpg.rf.3852beebeba29ea8a7ac1b89b1607f98_0005.jpg,WEED6C_crops/0506_jpg.rf.3852beebeba29ea8a7ac1b89b1607f98_0005.jpg,3
0876_jpg.rf.048887d24f3b405131ce7dd5aa738324_0005.jpg,WEED6C_crops/0876_jpg.rf.048887d24f3b405131ce7dd5aa738324_0005.jpg,3
0478_jpg.rf.acbe7248c4d884a5a1886685825ed5b6_0002.jpg,WEED6C_crops/0478_jpg.rf.acbe7248c4d884a5a1886685825ed5b6_0002.jpg,2
1236_jpg.rf.84823ae11fdee603ba6a5fab2cc61c7f_0021.jpg,WEED6C_crops/1236_jpg.rf.84823ae11fdee603ba6a5fab2cc61c7f_0021.jpg,4
0001_jpg.rf.ad71ecf4c28bed4d4c3c382eee9f84d3_0009.jpg,WEED6C_crops/0001_jpg.rf.ad71ecf4c28bed4d4c3c382eee9f84d3_0009.jpg,5
1373_jpg.rf.3d37ed5825d54fd39547b46ea5c1112c_0013.jpg,WEED6C_crops/1373_jpg.rf.3d37ed5825d54fd39547b46ea5c1112c_0013.jpg,4
1387_jpg.rf.4e79357b2bfab756b6edacb516671cfa_0009.jpg,WEED6C_crops/1387_jpg.rf.4e79357b2bfab756b6edacb516671cfa_0009.jpg,0
0703_jpg.rf.26fc5ec4daf8daf2cfcefebc9dd59e9b_0003.jpg,WEED6C_crops/0703_jpg.rf.26fc5ec4daf8daf2cfcefebc9dd59e9b_0003.jpg,1
0183_jpg.rf.0382965b1cc7a6e73c5385ff293d3e73_0006.jpg,WEED6C_crops/0183_jpg.rf.0382965b1cc7a6e73c5385ff293d3e73_0006.jpg,3
0829_jpg.rf.6a1d9b4d0bab507a79caf69fad25f8fd_0001.jpg,WEED6C_crops/0829_jpg.rf.6a1d9b4d0bab507a79caf69fad25f8fd_0001.jpg,0
1388_jpg.rf.fc14b9c78803698f43244c97c3e3b31e_0011.jpg,WEED6C_crops/1388_jpg.rf.fc14b9c78803698f43244c97c3e3b31e_0011.jpg,0
0464_jpg.rf.1f7ce6f5f06cf0d67b0b3a89f8c3e12f_0003.jpg,WEED6C_crops/0464_jpg.rf.1f7ce6f5f06cf0d67b0b3a89f8c3e12f_0003.jpg,3
0057_jpg.rf.18e90876a403ac83715e34a76a66a42a_0003.jpg,WEED6C_crops/0057_jpg.rf.18e90876a403ac83715e34a76a66a42a_0003.jpg,5
1229_jpg.rf.f39c48606a011efde3d20b5d68fa1f43_0004.jpg,WEED6C_crops/1229_jpg.rf.f39c48606a011efde3d20b5d68fa1f43_0004.jpg,1
0891_jpg.rf.b37d326d10d2971adb95e49e3dc25237_0004.jpg,WEED6C_crops/0891_jpg.rf.b37d326d10d2971adb95e49e3dc25237_0004.jpg,3
0040_jpg.rf.89b44b862284be514daa007f6ac4eed3_0003.jpg,WEED6C_crops/0040_jpg.rf.89b44b862284be514daa007f6ac4eed3_0003.jpg,5
0200_jpg.rf.6b4e37f11081d4c5099202dd17e1b969_0010.jpg,WEED6C_crops/0200_jpg.rf.6b4e37f11081d4c5099202dd17e1b969_0010.jpg,0
0714_jpg.rf.5465813133b6263166f177343a517bc1_0001.jpg,WEED6C_crops/0714_jpg.rf.5465813133b6263166f177343a517bc1_0001.jpg,0
0505_jpg.rf.b45595353ea46559104d8819bba28ae4_0006.jpg,WEED6C_crops/0505_jpg.rf.b45595353ea46559104d8819bba28ae4_0006.jpg,3
1372_jpg.rf.ef878d09b7d0fbf710c9467e4f1063c1_0014.jpg,WEED6C_crops/1372_jpg.rf.ef878d09b7d0fbf710c9467e4f1063c1_0014.jpg,4
1009_jpg.rf.ccf9b9ef973a3b7a0031b2e0d5faad6d_0001.jpg,WEED6C_crops/1009_jpg.rf.ccf9b9ef973a3b7a0031b2e0d5faad6d_0001.jpg,0
0551_jpg.rf.fc56f924d404ac664e3285570796a736_0002.jpg,WEED6C_crops/0551_jpg.rf.fc56f924d404ac664e3285570796a736_0002.jpg,3
0374_jpg.rf.1b99fb624109c33dd37510c87887471a_0010.jpg,WEED6C_crops/0374_jpg.rf.1b99fb624109c33dd37510c87887471a_0010.jpg,2
1041_jpg.rf.c468d8db00f069a5238b2ee79d8079aa_0002.jpg,WEED6C_crops/1041_jpg.rf.c468d8db00f069a5238b2ee79d8079aa_0002.jpg,3
1229_jpg.rf.f39c48606a011efde3d20b5d68fa1f43_0027.jpg,WEED6C_crops/1229_jpg.rf.f39c48606a011efde3d20b5d68fa1f43_0027.jpg,1
1266_jpg.rf.b6ff71f2ca53cd0403e63652331b6edb_0011.jpg,WEED6C_crops/1266_jpg.rf.b6ff71f2ca53cd0403e63652331b6edb_0011.jpg,4
0927_jpg.rf.c4a6d40b743301c0b3c84af21d4a9ba8_0005.jpg,WEED6C_crops/0927_jpg.rf.c4a6d40b743301c0b3c84af21d4a9ba8_0005.jpg,1
1381_jpg.rf.26a82a54504b992f9dc9ede2e50e9b8f_0013.jpg,WEED6C_crops/1381_jpg.rf.26a82a54504b992f9dc9ede2e50e9b8f_0013.jpg,4
0384_jpg.rf.6acfb46a0fc754eb5ccb4cf099031690_0010.jpg,WEED6C_crops/0384_jpg.rf.6acfb46a0fc754eb5ccb4cf099031690_0010.jpg,3
1287_jpg.rf.0bdfb5a514691b4b64c3bd4322c0459b_0011.jpg,WEED6C_crops/1287_jpg.rf.0bdfb5a514691b4b64c3bd4322c0459b_0011.jpg,4
0377_jpg.rf.7a0d16d06b5f0c9e133427890429da14_0008.jpg,WEED6C_crops/0377_jpg.rf.7a0d16d06b5f0c9e133427890429da14_0008.jpg,0
0900_jpg.rf.56951d91454a0ff447573f36d7686c67_0009.jpg,WEED6C_crops/0900_jpg.rf.56951d91454a0ff447573f36d7686c67_0009.jpg,3
0184_jpg.rf.6bf6bbd8ab10cd380a22c0720120cee6_0008.jpg,WEED6C_crops/0184_jpg.rf.6bf6bbd8ab10cd380a22c0720120cee6_0008.jpg,1
1302_jpg.rf.26ab3fc340b22f9482155ab905a6cebf_0017.jpg,WEED6C_crops/1302_jpg.rf.26ab3fc340b22f9482155ab905a6cebf_0017.jpg,4
0221_jpg.rf.06a7f614b5a2becaf982406d2b4d1608_0003.jpg,WEED6C_crops/0221_jpg.rf.06a7f614b5a2becaf982406d2b4d1608_0003.jpg,3
1265_jpg.rf.459c2e1e9909ee52948bcfdb891d5d39_0030.jpg,WEED6C_crops/1265_jpg.rf.459c2e1e9909ee52948bcfdb891d5d39_0030.jpg,4
0546_jpg.rf.ebbe2e620d3ba78f44b2ac53b958321a_0003.jpg,WEED6C_crops/0546_jpg.rf.ebbe2e620d3ba78f44b2ac53b958321a_0003.jpg,1
1269_jpg.rf.a7aa44bf37b1acdf893fbf766e513c67_0017.jpg,WEED6C_crops/1269_jpg.rf.a7aa44bf37b1acdf893fbf766e513c67_0017.jpg,4
0966_jpg.rf.7596ec898ee8caabeceb7e50d7324b05_0002.jpg,WEED6C_crops/0966_jpg.rf.7596ec898ee8caabeceb7e50d7324b05_0002.jpg,1
1360_jpg.rf.4adff7020975375bcf1db2c7f65ecb42_0010.jpg,WEED6C_crops/1360_jpg.rf.4adff7020975375bcf1db2c7f65ecb42_0010.jpg,4
0911_jpg.rf.5442b5653341269a382fdbcf8b44fc85_0001.jpg,WEED6C_crops/0911_jpg.rf.5442b5653341269a382fdbcf8b44fc85_0001.jpg,3
1369_jpg.rf.b115facc4e1a8ff9927fa196a84b853d_0013.jpg,WEED6C_crops/1369_jpg.rf.b115facc4e1a8ff9927fa196a84b853d_0013.jpg,4
0632_jpg.rf.9835eced0ca94b3dc06bf15ea115944a_0006.jpg,WEED6C_crops/0632_jpg.rf.9835eced0ca94b3dc06bf15ea115944a_0006.jpg,3
0363_jpg.rf.806dbfe8ebe6327a8e153c0522c5f90c_0007.jpg,WEED6C_crops/0363_jpg.rf.806dbfe8ebe6327a8e153c0522c5f90c_0007.jpg,0
0258_jpg.rf.20c763eefbf6fb774b2bfa869a3b36be_0006.jpg,WEED6C_crops/0258_jpg.rf.20c763eefbf6fb774b2bfa869a3b36be_0006.jpg,1
1327_jpg.rf.dc77e825fdfc1e35e9bdd4129d3202c9_0006.jpg,WEED6C_crops/1327_jpg.rf.dc77e825fdfc1e35e9bdd4129d3202c9_0006.jpg,4
1391_jpg.rf.0d9f84fd9e883043d31699636e89a05f_0005.jpg,WEED6C_crops/1391_jpg.rf.0d9f84fd9e883043d31699636e89a05f_0005.jpg,4
0330_jpg.rf.56c1e60de1e84e6aea8bb506ccdcf67e_0005.jpg,WEED6C_crops/0330_jpg.rf.56c1e60de1e84e6aea8bb506ccdcf67e_0005.jpg,1
1366_jpg.rf.03f231049801971512990ca20f3424d9_0021.jpg,WEED6C_crops/1366_jpg.rf.03f231049801971512990ca20f3424d9_0021.jpg,4
0934_jpg.rf.fbb760227132669a1dd3304fa1ecf758_0001.jpg,WEED6C_crops/0934_jpg.rf.fbb760227132669a1dd3304fa1ecf758_0001.jpg,3
0046_jpg.rf.39943917cc2e7a1ee5b21dbdac9a9fbd_0002.jpg,WEED6C_crops/0046_jpg.rf.39943917cc2e7a1ee5b21dbdac9a9fbd_0002.jpg,5
1383_jpg.rf.774d8f8762ff9dbe26c5db3a3e211276_0014.jpg,WEED6C_crops/1383_jpg.rf.774d8f8762ff9dbe26c5db3a3e211276_0014.jpg,0
0023_jpg.rf.588344df17c8c59e1ca8e4a08648c37d_0003.jpg,WEED6C_crops/0023_jpg.rf.588344df17c8c59e1ca8e4a08648c37d_0003.jpg,5
1132_jpg.rf.e83e00ae451c6ffdb56b689c2d6d29e0_0002.jpg,WEED6C_crops/1132_jpg.rf.e83e00ae451c6ffdb56b689c2d6d29e0_0002.jpg,2
1360_jpg.rf.4adff7020975375bcf1db2c7f65ecb42_0022.jpg,WEED6C_crops/1360_jpg.rf.4adff7020975375bcf1db2c7f65ecb42_0022.jpg,4
0267_jpg.rf.188ea6711170d685e1fc95c1e914b515_0003.jpg,WEED6C_crops/0267_jpg.rf.188ea6711170d685e1fc95c1e914b515_0003.jpg,0
0769_jpg.rf.f00b948490a137e22151c604eb7f18ab_0006.jpg,WEED6C_crops/0769_jpg.rf.f00b948490a137e22151c604eb7f18ab_0006.jpg,4
1368_jpg.rf.25dc57e029d777ff1571d3d84d22c763_0001.jpg,WEED6C_crops/1368_jpg.rf.25dc57e029d777ff1571d3d84d22c763_0001.jpg,1
1242_jpg.rf.f09f84f41c4850f864177d3921fcc080_0021.jpg,WEED6C_crops/1242_jpg.rf.f09f84f41c4850f864177d3921fcc080_0021.jpg,0
0643_jpg.rf.bd8393aa016b22299e9ec0773c324f33_0003.jpg,WEED6C_crops/0643_jpg.rf.bd8393aa016b22299e9ec0773c324f33_0003.jpg,0
0458_jpg.rf.94d9cee93dbfcbfc0b0721afe9202000_0003.jpg,WEED6C_crops/0458_jpg.rf.94d9cee93dbfcbfc0b0721afe9202000_0003.jpg,3
0851_jpg.rf.8b31cec696e09f86c5849a7a5a9a21c5_0005.jpg,WEED6C_crops/0851_jpg.rf.8b31cec696e09f86c5849a7a5a9a21c5_0005.jpg,3
0011_jpg.rf.29710157babea4ac78857746132ada3d_0005.jpg,WEED6C_crops/0011_jpg.rf.29710157babea4ac78857746132ada3d_0005.jpg,5
1283_jpg.rf.27f7453f4bae2396f433ee3b8c46fb3a_0007.jpg,WEED6C_crops/1283_jpg.rf.27f7453f4bae2396f433ee3b8c46fb3a_0007.jpg,4
1255_jpg.rf.4c08b56654d9e7d22db6045d88008efd_0002.jpg,WEED6C_crops/1255_jpg.rf.4c08b56654d9e7d22db6045d88008efd_0002.jpg,4
0889_jpg.rf.ae90234bb3ba83d3000219a889140f3f_0004.jpg,WEED6C_crops/0889_jpg.rf.ae90234bb3ba83d3000219a889140f3f_0004.jpg,3
0230_jpg.rf.93673f447a8eafcc253c1da71e8a45ff_0004.jpg,WEED6C_crops/0230_jpg.rf.93673f447a8eafcc253c1da71e8a45ff_0004.jpg,1
1289_jpg.rf.957e6f56bd4082a5f0de4abb3406240f_0015.jpg,WEED6C_crops/1289_jpg.rf.957e6f56bd4082a5f0de4abb3406240f_0015.jpg,4
1264_jpg.rf.9dcfa7b826804ef4063b1ac764b21e8c_0003.jpg,WEED6C_crops/1264_jpg.rf.9dcfa7b826804ef4063b1ac764b21e8c_0003.jpg,4
1303_jpg.rf.8f30bd948ef635a90243d4eb022d379b_0030.jpg,WEED6C_crops/1303_jpg.rf.8f30bd948ef635a90243d4eb022d379b_0030.jpg,4
0435_jpg.rf.f1dafcbffdb95d9cdf379ef16d59b3bb_0002.jpg,WEED6C_crops/0435_jpg.rf.f1dafcbffdb95d9cdf379ef16d59b3bb_0002.jpg,3
1356_jpg.rf.2f9a9ccab7035b4c81a5ca992e4a9838_0027.jpg,WEED6C_crops/1356_jpg.rf.2f9a9ccab7035b4c81a5ca992e4a9838_0027.jpg,4
0002_jpg.rf.36789085faafdfc8c2b5a519a90c1f53_0007.jpg,WEED6C_crops/0002_jpg.rf.36789085faafdfc8c2b5a519a90c1f53_0007.jpg,5
0357_jpg.rf.f4ad7df0adfd56eef277a6ba6334d617_0001.jpg,WEED6C_crops/0357_jpg.rf.f4ad7df0adfd56eef277a6ba6334d617_0001.jpg,3
1248_jpg.rf.290b7f88a115132b8a4ebfe43b032865_0013.jpg,WEED6C_crops/1248_jpg.rf.290b7f88a115132b8a4ebfe43b032865_0013.jpg,1
1313_jpg.rf.9e5965f174b9d39cedf845bc37e26a4d_0010.jpg,WEED6C_crops/1313_jpg.rf.9e5965f174b9d39cedf845bc37e26a4d_0010.jpg,4
0637_jpg.rf.5d2427b360178023944c6f8bf29bec85_0008.jpg,WEED6C_crops/0637_jpg.rf.5d2427b360178023944c6f8bf29bec85_0008.jpg,3
1368_jpg.rf.25dc57e029d777ff1571d3d84d22c763_0043.jpg,WEED6C_crops/1368_jpg.rf.25dc57e029d777ff1571d3d84d22c763_0043.jpg,4
0722_jpg.rf.45c87d6b99613f6e9714dd035c36f3f5_0003.jpg,WEED6C_crops/0722_jpg.rf.45c87d6b99613f6e9714dd035c36f3f5_0003.jpg,3
1368_jpg.rf.25dc57e029d777ff1571d3d84d22c763_0031.jpg,WEED6C_crops/1368_jpg.rf.25dc57e029d777ff1571d3d84d22c763_0031.jpg,1
0242_jpg.rf.52800b665a2b860fd527febaee511016_0021.jpg,WEED6C_crops/0242_jpg.rf.52800b665a2b860fd527febaee511016_0021.jpg,0
0434_jpg.rf.9947597e0eaa11a66f04c372932b93a0_0003.jpg,WEED6C_crops/0434_jpg.rf.9947597e0eaa11a66f04c372932b93a0_0003.jpg,1
1291_jpg.rf.4b6c3745afe80d02cad886422d29091f_0009.jpg,WEED6C_crops/1291_jpg.rf.4b6c3745afe80d02cad886422d29091f_0009.jpg,4
1329_jpg.rf.426dd1a986894a1761d247c3a9bd3e6d_0014.jpg,WEED6C_crops/1329_jpg.rf.426dd1a986894a1761d247c3a9bd3e6d_0014.jpg,4
0537_jpg.rf.880d43dde44d08fccacd4da9b8b69135_0001.jpg,WEED6C_crops/0537_jpg.rf.880d43dde44d08fccacd4da9b8b69135_0001.jpg,1
0855_jpg.rf.c3864326bbe207814bd73e53a801ac40_0009.jpg,WEED6C_crops/0855_jpg.rf.c3864326bbe207814bd73e53a801ac40_0009.jpg,0
0596_jpg.rf.5d5f5b48be46a1f8940560d94051367d_0001.jpg,WEED6C_crops/0596_jpg.rf.5d5f5b48be46a1f8940560d94051367d_0001.jpg,3
0538_jpg.rf.441c4bbb537ab5ccdf373e8696d1a1c3_0005.jpg,WEED6C_crops/0538_jpg.rf.441c4bbb537ab5ccdf373e8696d1a1c3_0005.jpg,1
0724_jpg.rf.aab4a68730fe7f1f0ebc4c76442eba63_0004.jpg,WEED6C_crops/0724_jpg.rf.aab4a68730fe7f1f0ebc4c76442eba63_0004.jpg,3
0566_jpg.rf.15f24ca4af655f65c573574fbd5815cc_0002.jpg,WEED6C_crops/0566_jpg.rf.15f24ca4af655f65c573574fbd5815cc_0002.jpg,1
0361_jpg.rf.2b245324527e72eaf61640c29bd0e361_0002.jpg,WEED6C_crops/0361_jpg.rf.2b245324527e72eaf61640c29bd0e361_0002.jpg,1
1378_jpg.rf.a485ab7c96bef96dac8eb7e61bbb7fb8_0021.jpg,WEED6C_crops/1378_jpg.rf.a485ab7c96bef96dac8eb7e61bbb7fb8_0021.jpg,4
0737_jpg.rf.64651ec21b852100b00b79213cda11ca_0004.jpg,WEED6C_crops/0737_jpg.rf.64651ec21b852100b00b79213cda11ca_0004.jpg,2
0705_jpg.rf.55bd3a8d1a2d5ae6e73c63b49a1c1d5a_0003.jpg,WEED6C_crops/0705_jpg.rf.55bd3a8d1a2d5ae6e73c63b49a1c1d5a_0003.jpg,3
0101_jpg.rf.f416ffcba9a6f0ff52f34554edf75c50_0003.jpg,WEED6C_crops/0101_jpg.rf.f416ffcba9a6f0ff52f34554edf75c50_0003.jpg,5
1266_jpg.rf.b6ff71f2ca53cd0403e63652331b6edb_0006.jpg,WEED6C_crops/1266_jpg.rf.b6ff71f2ca53cd0403e63652331b6edb_0006.jpg,4
1383_jpg.rf.774d8f8762ff9dbe26c5db3a3e211276_0024.jpg,WEED6C_crops/1383_jpg.rf.774d8f8762ff9dbe26c5db3a3e211276_0024.jpg,0
1382_jpg.rf.c7bb27d718933e160b3c41d3f17e3d83_0017.jpg,WEED6C_crops/1382_jpg.rf.c7bb27d718933e160b3c41d3f17e3d83_0017.jpg,0
1332_jpg.rf.2605634e197c2e66a6fac90a95344350_0003.jpg,WEED6C_crops/1332_jpg.rf.2605634e197c2e66a6fac90a95344350_0003.jpg,4
0327_jpg.rf.9195005bab0e0fa8deaef9eae9d2f695_0009.jpg,WEED6C_crops/0327_jpg.rf.9195005bab0e0fa8deaef9eae9d2f695_0009.jpg,3
0987_jpg.rf.aced1fc1d9eefb9113629e737daeffad_0008.jpg,WEED6C_crops/0987_jpg.rf.aced1fc1d9eefb9113629e737daeffad_0008.jpg,3
1271_jpg.rf.edbc880f2c5cbc76998035cf808e95a2_0010.jpg,WEED6C_crops/1271_jpg.rf.edbc880f2c5cbc76998035cf808e95a2_0010.jpg,4
0268_jpg.rf.29ca8c5228413263362774580ff9c442_0010.jpg,WEED6C_crops/0268_jpg.rf.29ca8c5228413263362774580ff9c442_0010.jpg,0
1345_jpg.rf.7dc260eec167fcfaa4312588633931cc_0011.jpg,WEED6C_crops/1345_jpg.rf.7dc260eec167fcfaa4312588633931cc_0011.jpg,4
0332_jpg.rf.46c8f2b7f0d4e937c4bdf2a3dbc59506_0014.jpg,WEED6C_crops/0332_jpg.rf.46c8f2b7f0d4e937c4bdf2a3dbc59506_0014.jpg,1
1372_jpg.rf.ef878d09b7d0fbf710c9467e4f1063c1_0022.jpg,WEED6C_crops/1372_jpg.rf.ef878d09b7d0fbf710c9467e4f1063c1_0022.jpg,4
0849_jpg.rf.8015d475a4d08c636c91794f0763dd61_0005.jpg,WEED6C_crops/0849_jpg.rf.8015d475a4d08c636c91794f0763dd61_0005.jpg,0
1315_jpg.rf.0b8085935589ebdedc6aafe2eeb83a84_0006.jpg,WEED6C_crops/1315_jpg.rf.0b8085935589ebdedc6aafe2eeb83a84_0006.jpg,4
1352_jpg.rf.d33033b314f56f27d9a35d5dde8f7509_0017.jpg,WEED6C_crops/1352_jpg.rf.d33033b314f56f27d9a35d5dde8f7509_0017.jpg,4
0507_jpg.rf.fbf9cce5a2df0c47f4d6282617ee20b3_0004.jpg,WEED6C_crops/0507_jpg.rf.fbf9cce5a2df0c47f4d6282617ee20b3_0004.jpg,3
0003_jpg.rf.5c3bf5847c0d3975b99c41d5c5f926be_0005.jpg,WEED6C_crops/0003_jpg.rf.5c3bf5847c0d3975b99c41d5c5f926be_0005.jpg,5
0379_jpg.rf.2f6c865f7b6d852961f1e6ecbd141832_0007.jpg,WEED6C_crops/0379_jpg.rf.2f6c865f7b6d852961f1e6ecbd141832_0007.jpg,0
0453_jpg.rf.ff0f62353aaee49f0e87f7cbf7466148_0004.jpg,WEED6C_crops/0453_jpg.rf.ff0f62353aaee49f0e87f7cbf7466148_0004.jpg,3
0837_jpg.rf.8735d328e944f506f933e1e7704cceb0_0004.jpg,WEED6C_crops/0837_jpg.rf.8735d328e944f506f933e1e7704cceb0_0004.jpg,0
0260_jpg.rf.aec89534776f7bf9c61a5a8373016c19_0004.jpg,WEED6C_crops/0260_jpg.rf.aec89534776f7bf9c61a5a8373016c19_0004.jpg,0
0364_jpg.rf.89db23df5c37065055d5a524b09092d9_0012.jpg,WEED6C_crops/0364_jpg.rf.89db23df5c37065055d5a524b09092d9_0012.jpg,0
1362_jpg.rf.ab5fc04e9f26ec91359122ba4c109436_0025.jpg,WEED6C_crops/1362_jpg.rf.ab5fc04e9f26ec91359122ba4c109436_0025.jpg,4
0877_jpg.rf.b7c82d76192159b887b58107b2067f9e_0001.jpg,WEED6C_crops/0877_jpg.rf.b7c82d76192159b887b58107b2067f9e_0001.jpg,3
0477_jpg.rf.3f58430d343fa9a1659df6d0ae76efe6_0007.jpg,WEED6C_crops/0477_jpg.rf.3f58430d343fa9a1659df6d0ae76efe6_0007.jpg,3
0415_jpg.rf.1b01d223286cca8dcd407fcb1fec942e_0003.jpg,WEED6C_crops/0415_jpg.rf.1b01d223286cca8dcd407fcb1fec942e_0003.jpg,1
1323_jpg.rf.c872abc56fc3d6cd5a46e2dd7d6ecef2_0002.jpg,WEED6C_crops/1323_jpg.rf.c872abc56fc3d6cd5a46e2dd7d6ecef2_0002.jpg,4
1359_jpg.rf.6bb7d484d2aa6c486b81a4b2f321dfb3_0014.jpg,WEED6C_crops/1359_jpg.rf.6bb7d484d2aa6c486b81a4b2f321dfb3_0014.jpg,4
1382_jpg.rf.c7bb27d718933e160b3c41d3f17e3d83_0024.jpg,WEED6C_crops/1382_jpg.rf.c7bb27d718933e160b3c41d3f17e3d83_0024.jpg,4
0338_jpg.rf.9057bf1d2306e3b19d19801b7b4dde95_0001.jpg,WEED6C_crops/0338_jpg.rf.9057bf1d2306e3b19d19801b7b4dde95_0001.jpg,1
0701_jpg.rf.a0b98ca0ac36cb8be97e8e09e71394ba_0006.jpg,WEED6C_crops/0701_jpg.rf.a0b98ca0ac36cb8be97e8e09e71394ba_0006.jpg,1
1342_jpg.rf.5ba11aacf5cc1306e3de9786d203418e_0009.jpg,WEED6C_crops/1342_jpg.rf.5ba11aacf5cc1306e3de9786d203418e_0009.jpg,4
1369_jpg.rf.b115facc4e1a8ff9927fa196a84b853d_0031.jpg,WEED6C_crops/1369_jpg.rf.b115facc4e1a8ff9927fa196a84b853d_0031.jpg,4
1269_jpg.rf.a7aa44bf37b1acdf893fbf766e513c67_0018.jpg,WEED6C_crops/1269_jpg.rf.a7aa44bf37b1acdf893fbf766e513c67_0018.jpg,4
1101_jpg.rf.401d44f2d34cf584c838ccf473873e79_0001.jpg,WEED6C_crops/1101_jpg.rf.401d44f2d34cf584c838ccf473873e79_0001.jpg,2
0809_jpg.rf.116a9dfd7cefe4aa7aa030aac2a4aa11_0003.jpg,WEED6C_crops/0809_jpg.rf.116a9dfd7cefe4aa7aa030aac2a4aa11_0003.jpg,3
0022_jpg.rf.149c63f660ecc9bdca2b841e5033fc0a_0002.jpg,WEED6C_crops/0022_jpg.rf.149c63f660ecc9bdca2b841e5033fc0a_0002.jpg,5
0332_jpg.rf.46c8f2b7f0d4e937c4bdf2a3dbc59506_0012.jpg,WEED6C_crops/0332_jpg.rf.46c8f2b7f0d4e937c4bdf2a3dbc59506_0012.jpg,1
0276_jpg.rf.b050d9cf6fdd15ffe4f175936e28b2af_0009.jpg,WEED6C_crops/0276_jpg.rf.b050d9cf6fdd15ffe4f175936e28b2af_0009.jpg,0
0002_jpg.rf.36789085faafdfc8c2b5a519a90c1f53_0010.jpg,WEED6C_crops/0002_jpg.rf.36789085faafdfc8c2b5a519a90c1f53_0010.jpg,5
1254_jpg.rf.02a34f1183707c79cdb2ae5a7232c68a_0001.jpg,WEED6C_crops/1254_jpg.rf.02a34f1183707c79cdb2ae5a7232c68a_0001.jpg,1
1247_jpg.rf.f72539c749932b410356da3c4cdfcae8_0011.jpg,WEED6C_crops/1247_jpg.rf.f72539c749932b410356da3c4cdfcae8_0011.jpg,1
0734_jpg.rf.8c9710c08c16be800ed78908ae099464_0005.jpg,WEED6C_crops/0734_jpg.rf.8c9710c08c16be800ed78908ae099464_0005.jpg,2
1359_jpg.rf.6bb7d484d2aa6c486b81a4b2f321dfb3_0025.jpg,WEED6C_crops/1359_jpg.rf.6bb7d484d2aa6c486b81a4b2f321dfb3_0025.jpg,4
0267_jpg.rf.188ea6711170d685e1fc95c1e914b515_0011.jpg,WEED6C_crops/0267_jpg.rf.188ea6711170d685e1fc95c1e914b515_0011.jpg,0
0981_jpg.rf.867754785158a0fcd0c78c24b9cb8389_0003.jpg,WEED6C_crops/0981_jpg.rf.867754785158a0fcd0c78c24b9cb8389_0003.jpg,3
1356_jpg.rf.2f9a9ccab7035b4c81a5ca992e4a9838_0009.jpg,WEED6C_crops/1356_jpg.rf.2f9a9ccab7035b4c81a5ca992e4a9838_0009.jpg,4
1306_jpg.rf.e683ee4d8210d663a37fc950a9e485c1_0024.jpg,WEED6C_crops/1306_jpg.rf.e683ee4d8210d663a37fc950a9e485c1_0024.jpg,4
1296_jpg.rf.0c437bc165571cd0590e77bf88763adf_0016.jpg,WEED6C_crops/1296_jpg.rf.0c437bc165571cd0590e77bf88763adf_0016.jpg,4
0890_jpg.rf.c28e5e048ecc2dce8feb0a171d4bbee7_0003.jpg,WEED6C_crops/0890_jpg.rf.c28e5e048ecc2dce8feb0a171d4bbee7_0003.jpg,1
0295_jpg.rf.0cb1bae9f44332d2bc55ceb2715f71ea_0011.jpg,WEED6C_crops/0295_jpg.rf.0cb1bae9f44332d2bc55ceb2715f71ea_0011.jpg,0
1113_jpg.rf.4b074fcef70ff8da73f1c1336b433896_0001.jpg,WEED6C_crops/1113_jpg.rf.4b074fcef70ff8da73f1c1336b433896_0001.jpg,2
0641_jpg.rf.7e5788b029304a83b89af837bd48ccca_0003.jpg,WEED6C_crops/0641_jpg.rf.7e5788b029304a83b89af837bd48ccca_0003.jpg,3
1288_jpg.rf.d40235d2f4f29325219dc65890953ef4_0015.jpg,WEED6C_crops/1288_jpg.rf.d40235d2f4f29325219dc65890953ef4_0015.jpg,4
1266_jpg.rf.b6ff71f2ca53cd0403e63652331b6edb_0014.jpg,WEED6C_crops/1266_jpg.rf.b6ff71f2ca53cd0403e63652331b6edb_0014.jpg,4
1377_jpg.rf.13024f6056bd3ee967e54a75b53fd777_0012.jpg,WEED6C_crops/1377_jpg.rf.13024f6056bd3ee967e54a75b53fd777_0012.jpg,4
0795_jpg.rf.565c3cabee8c611263b2c76effd7c646_0005.jpg,WEED6C_crops/0795_jpg.rf.565c3cabee8c611263b2c76effd7c646_0005.jpg,3
1313_jpg.rf.9e5965f174b9d39cedf845bc37e26a4d_0018.jpg,WEED6C_crops/1313_jpg.rf.9e5965f174b9d39cedf845bc37e26a4d_0018.jpg,4
1271_jpg.rf.edbc880f2c5cbc76998035cf808e95a2_0019.jpg,WEED6C_crops/1271_jpg.rf.edbc880f2c5cbc76998035cf808e95a2_0019.jpg,4
0527_jpg.rf.37b3b59ba73f92ca4a3906216e51fc20_0004.jpg,WEED6C_crops/0527_jpg.rf.37b3b59ba73f92ca4a3906216e51fc20_0004.jpg,3
0224_jpg.rf.5f80d3362f0762511fcc46d1810f07b5_0004.jpg,WEED6C_crops/0224_jpg.rf.5f80d3362f0762511fcc46d1810f07b5_0004.jpg,2
0613_jpg.rf.9172d44b455c37909825a0752aeecd66_0001.jpg,WEED6C_crops/0613_jpg.rf.9172d44b455c37909825a0752aeecd66_0001.jpg,3
0987_jpg.rf.aced1fc1d9eefb9113629e737daeffad_0001.jpg,WEED6C_crops/0987_jpg.rf.aced1fc1d9eefb9113629e737daeffad_0001.jpg,0
1385_jpg.rf.d58ee02f9b26e3c086ce0ebeefdfd56d_0004.jpg,WEED6C_crops/1385_jpg.rf.d58ee02f9b26e3c086ce0ebeefdfd56d_0004.jpg,1
0357_jpg.rf.f4ad7df0adfd56eef277a6ba6334d617_0012.jpg,WEED6C_crops/0357_jpg.rf.f4ad7df0adfd56eef277a6ba6334d617_0012.jpg,1
1370_jpg.rf.81f386000a766bd098e73e127fb823ea_0020.jpg,WEED6C_crops/1370_jpg.rf.81f386000a766bd098e73e127fb823ea_0020.jpg,4
1304_jpg.rf.bdabd9792ab23d3924d6e3d26f3aec06_0027.jpg,WEED6C_crops/1304_jpg.rf.bdabd9792ab23d3924d6e3d26f3aec06_0027.jpg,4
1391_jpg.rf.0d9f84fd9e883043d31699636e89a05f_0011.jpg,WEED6C_crops/1391_jpg.rf.0d9f84fd9e883043d31699636e89a05f_0011.jpg,1
1360_jpg.rf.4adff7020975375bcf1db2c7f65ecb42_0009.jpg,WEED6C_crops/1360_jpg.rf.4adff7020975375bcf1db2c7f65ecb42_0009.jpg,4
0523_jpg.rf.e297341f098b3ab7218b02fda6496557_0001.jpg,WEED6C_crops/0523_jpg.rf.e297341f098b3ab7218b02fda6496557_0001.jpg,2
1251_jpg.rf.ca084f91ecb665ac4961e3dca9f42efd_0010.jpg,WEED6C_crops/1251_jpg.rf.ca084f91ecb665ac4961e3dca9f42efd_0010.jpg,4
0411_jpg.rf.0e296e990a9f6ae6b3ef852a79409a6d_0004.jpg,WEED6C_crops/0411_jpg.rf.0e296e990a9f6ae6b3ef852a79409a6d_0004.jpg,3
1300_jpg.rf.c8a7b7da90c3a7f70a2e39b8ca47e4fd_0002.jpg,WEED6C_crops/1300_jpg.rf.c8a7b7da90c3a7f70a2e39b8ca47e4fd_0002.jpg,1
0050_jpg.rf.3ee4c1a74823c2a3a4ac7547ce82bb5f_0002.jpg,WEED6C_crops/0050_jpg.rf.3ee4c1a74823c2a3a4ac7547ce82bb5f_0002.jpg,5
1359_jpg.rf.6bb7d484d2aa6c486b81a4b2f321dfb3_0037.jpg,WEED6C_crops/1359_jpg.rf.6bb7d484d2aa6c486b81a4b2f321dfb3_0037.jpg,4
0330_jpg.rf.56c1e60de1e84e6aea8bb506ccdcf67e_0003.jpg,WEED6C_crops/0330_jpg.rf.56c1e60de1e84e6aea8bb506ccdcf67e_0003.jpg,3
1233_jpg.rf.a9ad2187477d12adf58c20e898c06211_0018.jpg,WEED6C_crops/1233_jpg.rf.a9ad2187477d12adf58c20e898c06211_0018.jpg,4
1367_jpg.rf.525537f6569c4903b5b939c2e8220219_0030.jpg,WEED6C_crops/1367_jpg.rf.525537f6569c4903b5b939c2e8220219_0030.jpg,4
1238_jpg.rf.8f2e4dde815b3cdba79f2d24a33ad9eb_0024.jpg,WEED6C_crops/1238_jpg.rf.8f2e4dde815b3cdba79f2d24a33ad9eb_0024.jpg,4
0954_jpg.rf.51db19791aba7fdf87c3dc13c608476d_0003.jpg,WEED6C_crops/0954_jpg.rf.51db19791aba7fdf87c3dc13c608476d_0003.jpg,1
0091_jpg.rf.6ae729949ac6c8ef9f0df6f035dfeab0_0006.jpg,WEED6C_crops/0091_jpg.rf.6ae729949ac6c8ef9f0df6f035dfeab0_0006.jpg,5
1267_jpg.rf.7a81427b8cf51c46e081b7723f1e15ac_0020.jpg,WEED6C_crops/1267_jpg.rf.7a81427b8cf51c46e081b7723f1e15ac_0020.jpg,4
0843_jpg.rf.19990dca923bda404242d7a76489c5e8_0001.jpg,WEED6C_crops/0843_jpg.rf.19990dca923bda404242d7a76489c5e8_0001.jpg,3
0832_jpg.rf.cda307f8eef4fb3e30b42f2776592da3_0006.jpg,WEED6C_crops/0832_jpg.rf.cda307f8eef4fb3e30b42f2776592da3_0006.jpg,0
0209_jpg.rf.cd471b55fd45b6c49fc5415b1b5a3b40_0002.jpg,WEED6C_crops/0209_jpg.rf.cd471b55fd45b6c49fc5415b1b5a3b40_0002.jpg,1
0258_jpg.rf.20c763eefbf6fb774b2bfa869a3b36be_0005.jpg,WEED6C_crops/0258_jpg.rf.20c763eefbf6fb774b2bfa869a3b36be_0005.jpg,0
1369_jpg.rf.b115facc4e1a8ff9927fa196a84b853d_0004.jpg,WEED6C_crops/1369_jpg.rf.b115facc4e1a8ff9927fa196a84b853d_0004.jpg,4
0291_jpg.rf.3df8082d7eda29e01bfbbadf39f3ac2b_0001.jpg,WEED6C_crops/0291_jpg.rf.3df8082d7eda29e01bfbbadf39f3ac2b_0001.jpg,1
0966_jpg.rf.7596ec898ee8caabeceb7e50d7324b05_0005.jpg,WEED6C_crops/0966_jpg.rf.7596ec898ee8caabeceb7e50d7324b05_0005.jpg,1
1319_jpg.rf.f0e986998c05674b9aeebd92e9e900c9_0002.jpg,WEED6C_crops/1319_jpg.rf.f0e986998c05674b9aeebd92e9e900c9_0002.jpg,4
1295_jpg.rf.f42892f9b9b14e4cd48cb8f649d05aa8_0015.jpg,WEED6C_crops/1295_jpg.rf.f42892f9b9b14e4cd48cb8f649d05aa8_0015.jpg,4
1363_jpg.rf.768baa0bd4528831bffe24eb9aa3b51f_0012.jpg,WEED6C_crops/1363_jpg.rf.768baa0bd4528831bffe24eb9aa3b51f_0012.jpg,4
0842_jpg.rf.ccd14841622dcb7a81b50eac8f42bd70_0010.jpg,WEED6C_crops/0842_jpg.rf.ccd14841622dcb7a81b50eac8f42bd70_0010.jpg,0
0944_jpg.rf.090dba68624e370191e5fff102b2ca1f_0002.jpg,WEED6C_crops/0944_jpg.rf.090dba68624e370191e5fff102b2ca1f_0002.jpg,0
0246_jpg.rf.ec9c85e91b0b56953a1526c7e0ac2bb1_0010.jpg,WEED6C_crops/0246_jpg.rf.ec9c85e91b0b56953a1526c7e0ac2bb1_0010.jpg,3
1305_jpg.rf.443512b37c4cb64236dc2fdc570ded6d_0025.jpg,WEED6C_crops/1305_jpg.rf.443512b37c4cb64236dc2fdc570ded6d_0025.jpg,4
1383_jpg.rf.774d8f8762ff9dbe26c5db3a3e211276_0020.jpg,WEED6C_crops/1383_jpg.rf.774d8f8762ff9dbe26c5db3a3e211276_0020.jpg,0
0906_jpg.rf.fa36ff895be7998f04b211a98b631c69_0007.jpg,WEED6C_crops/0906_jpg.rf.fa36ff895be7998f04b211a98b631c69_0007.jpg,2
1308_jpg.rf.0cf1ad89ac72afc184513083fa85d00e_0002.jpg,WEED6C_crops/1308_jpg.rf.0cf1ad89ac72afc184513083fa85d00e_0002.jpg,1
1371_jpg.rf.a6456e830a9f9304e2912a0bfb2abda4_0002.jpg,WEED6C_crops/1371_jpg.rf.a6456e830a9f9304e2912a0bfb2abda4_0002.jpg,1
1322_jpg.rf.d698f80458631bfa684e6b56f2bb9a26_0001.jpg,WEED6C_crops/1322_jpg.rf.d698f80458631bfa684e6b56f2bb9a26_0001.jpg,4
0117_jpg.rf.4e276c623b543c18a9fef3d5131722de_0001.jpg,WEED6C_crops/0117_jpg.rf.4e276c623b543c18a9fef3d5131722de_0001.jpg,5
0510_jpg.rf.c858093e043596f9a56df2092b01935e_0007.jpg,WEED6C_crops/0510_jpg.rf.c858093e043596f9a56df2092b01935e_0007.jpg,3
0380_jpg.rf.b7d0b2854cc8079b8d7d331027e84793_0002.jpg,WEED6C_crops/0380_jpg.rf.b7d0b2854cc8079b8d7d331027e84793_0002.jpg,3
0392_jpg.rf.49ecace6ca5fed7c7e6fdb33cc6cf6b3_0004.jpg,WEED6C_crops/0392_jpg.rf.49ecace6ca5fed7c7e6fdb33cc6cf6b3_0004.jpg,0
0325_jpg.rf.f0533e23fe9ecc072d53e03d09c89654_0002.jpg,WEED6C_crops/0325_jpg.rf.f0533e23fe9ecc072d53e03d09c89654_0002.jpg,3
0885_jpg.rf.664ea7b25e783b6731a9e46274bc979c_0004.jpg,WEED6C_crops/0885_jpg.rf.664ea7b25e783b6731a9e46274bc979c_0004.jpg,3
0809_jpg.rf.116a9dfd7cefe4aa7aa030aac2a4aa11_0004.jpg,WEED6C_crops/0809_jpg.rf.116a9dfd7cefe4aa7aa030aac2a4aa11_0004.jpg,3
0284_jpg.rf.c2b8611e73ffa1a24090fdc1a431bce4_0004.jpg,WEED6C_crops/0284_jpg.rf.c2b8611e73ffa1a24090fdc1a431bce4_0004.jpg,2
0271_jpg.rf.a6f785cce1915aed1f4696a67689f20a_0012.jpg,WEED6C_crops/0271_jpg.rf.a6f785cce1915aed1f4696a67689f20a_0012.jpg,3
0010_jpg.rf.6b516673f951e1871b7097afdf9fb42c_0002.jpg,WEED6C_crops/0010_jpg.rf.6b516673f951e1871b7097afdf9fb42c_0002.jpg,5
1339_jpg.rf.c1d6ea90c66a0ca02bdb39223830ec18_0009.jpg,WEED6C_crops/1339_jpg.rf.c1d6ea90c66a0ca02bdb39223830ec18_0009.jpg,4
0056_jpg.rf.c4e0d1ae4e718355a7aac5228b5aaad3_0006.jpg,WEED6C_crops/0056_jpg.rf.c4e0d1ae4e718355a7aac5228b5aaad3_0006.jpg,5
0880_jpg.rf.a860eba8db5740a0f6407dedcb62dd42_0004.jpg,WEED6C_crops/0880_jpg.rf.a860eba8db5740a0f6407dedcb62dd42_0004.jpg,0
0246_jpg.rf.ec9c85e91b0b56953a1526c7e0ac2bb1_0009.jpg,WEED6C_crops/0246_jpg.rf.ec9c85e91b0b56953a1526c7e0ac2bb1_0009.jpg,1
0869_jpg.rf.15d46b9426f4a8f52d88a4664d85b39f_0006.jpg,WEED6C_crops/0869_jpg.rf.15d46b9426f4a8f52d88a4664d85b39f_0006.jpg,3
1338_jpg.rf.321121b7a3efd0ac1c8aa7d0cbb33902_0023.jpg,WEED6C_crops/1338_jpg.rf.321121b7a3efd0ac1c8aa7d0cbb33902_0023.jpg,4
1150_jpg.rf.d352d48347b1efa6785af1d35fa76e33_0002.jpg,WEED6C_crops/1150_jpg.rf.d352d48347b1efa6785af1d35fa76e33_0002.jpg,1
1172_jpg.rf.c7c0784d16add241e908964f4a2ae1f2_0003.jpg,WEED6C_crops/1172_jpg.rf.c7c0784d16add241e908964f4a2ae1f2_0003.jpg,2
1299_jpg.rf.41603d9e3c88ae68b99b29adb2736e26_0002.jpg,WEED6C_crops/1299_jpg.rf.41603d9e3c88ae68b99b29adb2736e26_0002.jpg,1
0812_jpg.rf.abd1e7954ee0bd5e423243373815ec26_0003.jpg,WEED6C_crops/0812_jpg.rf.abd1e7954ee0bd5e423243373815ec26_0003.jpg,3
1327_jpg.rf.dc77e825fdfc1e35e9bdd4129d3202c9_0003.jpg,WEED6C_crops/1327_jpg.rf.dc77e825fdfc1e35e9bdd4129d3202c9_0003.jpg,4
1240_jpg.rf.e1ad20f0f2011d323769409c17d77863_0004.jpg,WEED6C_crops/1240_jpg.rf.e1ad20f0f2011d323769409c17d77863_0004.jpg,4
0187_jpg.rf.c4ad0df6ea77ac262a84d8bbfd02cb76_0011.jpg,WEED6C_crops/0187_jpg.rf.c4ad0df6ea77ac262a84d8bbfd02cb76_0011.jpg,1
0766_jpg.rf.a8812af23dec5f3b181a8b43d35fe96b_0004.jpg,WEED6C_crops/0766_jpg.rf.a8812af23dec5f3b181a8b43d35fe96b_0004.jpg,2
1288_jpg.rf.d40235d2f4f29325219dc65890953ef4_0021.jpg,WEED6C_crops/1288_jpg.rf.d40235d2f4f29325219dc65890953ef4_0021.jpg,4
0798_jpg.rf.dc748db6dae1b8df8027b6f3d86ff4f6_0003.jpg,WEED6C_crops/0798_jpg.rf.dc748db6dae1b8df8027b6f3d86ff4f6_0003.jpg,0
1358_jpg.rf.596bf1c7fe66e55cef5de750deba63b9_0042.jpg,WEED6C_crops/1358_jpg.rf.596bf1c7fe66e55cef5de750deba63b9_0042.jpg,4
1267_jpg.rf.7a81427b8cf51c46e081b7723f1e15ac_0027.jpg,WEED6C_crops/1267_jpg.rf.7a81427b8cf51c46e081b7723f1e15ac_0027.jpg,4
0924_jpg.rf.38515b7536c8c5bcb37440437863e683_0003.jpg,WEED6C_crops/0924_jpg.rf.38515b7536c8c5bcb37440437863e683_0003.jpg,1
0637_jpg.rf.5d2427b360178023944c6f8bf29bec85_0007.jpg,WEED6C_crops/0637_jpg.rf.5d2427b360178023944c6f8bf29bec85_0007.jpg,3
0676_jpg.rf.1625b7ca4121ebca39d1f197711581da_0002.jpg,WEED6C_crops/0676_jpg.rf.1625b7ca4121ebca39d1f197711581da_0002.jpg,3
0032_jpg.rf.ae9cacc8d9669d1b99b8257baf3105fe_0001.jpg,WEED6C_crops/0032_jpg.rf.ae9cacc8d9669d1b99b8257baf3105fe_0001.jpg,5
0112_jpg.rf.7bd8ad34f07ba8b06cfe58a2e727add5_0005.jpg,WEED6C_crops/0112_jpg.rf.7bd8ad34f07ba8b06cfe58a2e727add5_0005.jpg,5
0840_jpg.rf.c3bd189b7cb10d4a6e549a7d5529c3ab_0012.jpg,WEED6C_crops/0840_jpg.rf.c3bd189b7cb10d4a6e549a7d5529c3ab_0012.jpg,0
0378_jpg.rf.c5ba8314343a54db056cf2867c86942f_0008.jpg,WEED6C_crops/0378_jpg.rf.c5ba8314343a54db056cf2867c86942f_0008.jpg,3
1319_jpg.rf.f0e986998c05674b9aeebd92e9e900c9_0007.jpg,WEED6C_crops/1319_jpg.rf.f0e986998c05674b9aeebd92e9e900c9_0007.jpg,4
1351_jpg.rf.e445b427433acaf539128b94d3521f79_0018.jpg,WEED6C_crops/1351_jpg.rf.e445b427433acaf539128b94d3521f79_0018.jpg,4
0723_jpg.rf.96058bffd63fb44ded69e4f9ce4bc653_0004.jpg,WEED6C_crops/0723_jpg.rf.96058bffd63fb44ded69e4f9ce4bc653_0004.jpg,3
1264_jpg.rf.9dcfa7b826804ef4063b1ac764b21e8c_0005.jpg,WEED6C_crops/1264_jpg.rf.9dcfa7b826804ef4063b1ac764b21e8c_0005.jpg,4
0315_jpg.rf.f38c7b3c672b2ca74d91b7957ceec8d4_0004.jpg,WEED6C_crops/0315_jpg.rf.f38c7b3c672b2ca74d91b7957ceec8d4_0004.jpg,3
0185_jpg.rf.4fd8bfc83568a3996067f10547ff2210_0006.jpg,WEED6C_crops/0185_jpg.rf.4fd8bfc83568a3996067f10547ff2210_0006.jpg,1
0695_jpg.rf.684635c2bfda40c84b4134853b981c95_0002.jpg,WEED6C_crops/0695_jpg.rf.684635c2bfda40c84b4134853b981c95_0002.jpg,1
1267_jpg.rf.7a81427b8cf51c46e081b7723f1e15ac_0034.jpg,WEED6C_crops/1267_jpg.rf.7a81427b8cf51c46e081b7723f1e15ac_0034.jpg,4
1344_jpg.rf.c976bc321bf878588df39d6c0c01a2c0_0004.jpg,WEED6C_crops/1344_jpg.rf.c976bc321bf878588df39d6c0c01a2c0_0004.jpg,4
0364_jpg.rf.89db23df5c37065055d5a524b09092d9_0009.jpg,WEED6C_crops/0364_jpg.rf.89db23df5c37065055d5a524b09092d9_0009.jpg,2
1045_jpg.rf.399ab0480489f8be40653aec3b2e5541_0002.jpg,WEED6C_crops/1045_jpg.rf.399ab0480489f8be40653aec3b2e5541_0002.jpg,0
1239_jpg.rf.7b926cf59320e9b12909abef7c8e7aac_0007.jpg,WEED6C_crops/1239_jpg.rf.7b926cf59320e9b12909abef7c8e7aac_0007.jpg,4
0752_jpg.rf.2e7c21073e3e0a595a7a0af68c36e4c6_0002.jpg,WEED6C_crops/0752_jpg.rf.2e7c21073e3e0a595a7a0af68c36e4c6_0002.jpg,0
1374_jpg.rf.6c64883712d67a3ad448ca10c0398308_0008.jpg,WEED6C_crops/1374_jpg.rf.6c64883712d67a3ad448ca10c0398308_0008.jpg,4
0895_jpg.rf.83ba4fefe1afad3266557765abe3fe14_0003.jpg,WEED6C_crops/0895_jpg.rf.83ba4fefe1afad3266557765abe3fe14_0003.jpg,3
0176_jpg.rf.e605e3cef9786986db92605ed842b82b_0004.jpg,WEED6C_crops/0176_jpg.rf.e605e3cef9786986db92605ed842b82b_0004.jpg,0
0280_jpg.rf.3ce53678ac19500daa9a33c002511d2c_0008.jpg,WEED6C_crops/0280_jpg.rf.3ce53678ac19500daa9a33c002511d2c_0008.jpg,0
1266_jpg.rf.b6ff71f2ca53cd0403e63652331b6edb_0008.jpg,WEED6C_crops/1266_jpg.rf.b6ff71f2ca53cd0403e63652331b6edb_0008.jpg,4
0797_jpg.rf.7e88a7527d04a084e7f83785554298fb_0002.jpg,WEED6C_crops/0797_jpg.rf.7e88a7527d04a084e7f83785554298fb_0002.jpg,3
1252_jpg.rf.0460eee5cd6e483e72571dbeb38f50ba_0032.jpg,WEED6C_crops/1252_jpg.rf.0460eee5cd6e483e72571dbeb38f50ba_0032.jpg,4
0228_jpg.rf.9982797a52f1c05905a58dbdca1cee6a_0006.jpg,WEED6C_crops/0228_jpg.rf.9982797a52f1c05905a58dbdca1cee6a_0006.jpg,0
0342_jpg.rf.8970aac3b049a5549e7dcb2e7ed9593e_0008.jpg,WEED6C_crops/0342_jpg.rf.8970aac3b049a5549e7dcb2e7ed9593e_0008.jpg,1
0279_jpg.rf.97bac3364c45f9367beefaa2e41172d2_0005.jpg,WEED6C_crops/0279_jpg.rf.97bac3364c45f9367beefaa2e41172d2_0005.jpg,0
1284_jpg.rf.530cf6dda4cd89ed1fed8a114b2efaa9_0007.jpg,WEED6C_crops/1284_jpg.rf.530cf6dda4cd89ed1fed8a114b2efaa9_0007.jpg,4
0666_jpg.rf.8648c321044e4ed9142aba53bcb74026_0003.jpg,WEED6C_crops/0666_jpg.rf.8648c321044e4ed9142aba53bcb74026_0003.jpg,3
0023_jpg.rf.588344df17c8c59e1ca8e4a08648c37d_0004.jpg,WEED6C_crops/0023_jpg.rf.588344df17c8c59e1ca8e4a08648c37d_0004.jpg,5
1245_jpg.rf.4069f16d0c1ce36ab134055a59d74c0e_0005.jpg,WEED6C_crops/1245_jpg.rf.4069f16d0c1ce36ab134055a59d74c0e_0005.jpg,4
1269_jpg.rf.a7aa44bf37b1acdf893fbf766e513c67_0009.jpg,WEED6C_crops/1269_jpg.rf.a7aa44bf37b1acdf893fbf766e513c67_0009.jpg,4
0951_jpg.rf.f57ed0c65fd2db56ea87c11cd6616415_0004.jpg,WEED6C_crops/0951_jpg.rf.f57ed0c65fd2db56ea87c11cd6616415_0004.jpg,2
1372_jpg.rf.ef878d09b7d0fbf710c9467e4f1063c1_0026.jpg,WEED6C_crops/1372_jpg.rf.ef878d09b7d0fbf710c9467e4f1063c1_0026.jpg,4
1306_jpg.rf.e683ee4d8210d663a37fc950a9e485c1_0008.jpg,WEED6C_crops/1306_jpg.rf.e683ee4d8210d663a37fc950a9e485c1_0008.jpg,4
0011_jpg.rf.29710157babea4ac78857746132ada3d_0006.jpg,WEED6C_crops/0011_jpg.rf.29710157babea4ac78857746132ada3d_0006.jpg,5
0851_jpg.rf.8b31cec696e09f86c5849a7a5a9a21c5_0006.jpg,WEED6C_crops/0851_jpg.rf.8b31cec696e09f86c5849a7a5a9a21c5_0006.jpg,1
0540_jpg.rf.23c8aaf79c0cf86a1936e74d9f646568_0004.jpg,WEED6C_crops/0540_jpg.rf.23c8aaf79c0cf86a1936e74d9f646568_0004.jpg,2
0528_jpg.rf.6b5682d11915a8a59aa1670f1067d25b_0004.jpg,WEED6C_crops/0528_jpg.rf.6b5682d11915a8a59aa1670f1067d25b_0004.jpg,0
0084_jpg.rf.49a24825fcabc006eba2bbcc34575367_0019.jpg,WEED6C_crops/0084_jpg.rf.49a24825fcabc006eba2bbcc34575367_0019.jpg,4
0112_jpg.rf.7bd8ad34f07ba8b06cfe58a2e727add5_0014.jpg,WEED6C_crops/0112_jpg.rf.7bd8ad34f07ba8b06cfe58a2e727add5_0014.jpg,4
0649_jpg.rf.e82964045fd37cca017ff6f51d6a0226_0006.jpg,WEED6C_crops/0649_jpg.rf.e82964045fd37cca017ff6f51d6a0226_0006.jpg,3
0765_jpg.rf.768842bccb99507ca930c08251bab3da_0001.jpg,WEED6C_crops/0765_jpg.rf.768842bccb99507ca930c08251bab3da_0001.jpg,2
0894_jpg.rf.c40659d5415cb0174e247de9ff04f96d_0003.jpg,WEED6C_crops/0894_jpg.rf.c40659d5415cb0174e247de9ff04f96d_0003.jpg,3
1361_jpg.rf.fce9ac7b2b25171d1b0e7ccf4383cf25_0019.jpg,WEED6C_crops/1361_jpg.rf.fce9ac7b2b25171d1b0e7ccf4383cf25_0019.jpg,4
0755_jpg.rf.fd7709cff78dc130ad0bbefbfff3bc6e_0004.jpg,WEED6C_crops/0755_jpg.rf.fd7709cff78dc130ad0bbefbfff3bc6e_0004.jpg,0
0693_jpg.rf.11efe3b485bb2b0382c75f9f96da18eb_0003.jpg,WEED6C_crops/0693_jpg.rf.11efe3b485bb2b0382c75f9f96da18eb_0003.jpg,3
0243_jpg.rf.e88cca6b42f0ffe81f64a33e459ea766_0003.jpg,WEED6C_crops/0243_jpg.rf.e88cca6b42f0ffe81f64a33e459ea766_0003.jpg,0
1369_jpg.rf.b115facc4e1a8ff9927fa196a84b853d_0022.jpg,WEED6C_crops/1369_jpg.rf.b115facc4e1a8ff9927fa196a84b853d_0022.jpg,4
0551_jpg.rf.fc56f924d404ac664e3285570796a736_0004.jpg,WEED6C_crops/0551_jpg.rf.fc56f924d404ac664e3285570796a736_0004.jpg,3
1109_jpg.rf.1b8394bcbcd1697a0edaec7f4189337e_0001.jpg,WEED6C_crops/1109_jpg.rf.1b8394bcbcd1697a0edaec7f4189337e_0001.jpg,2
0885_jpg.rf.664ea7b25e783b6731a9e46274bc979c_0010.jpg,WEED6C_crops/0885_jpg.rf.664ea7b25e783b6731a9e46274bc979c_0010.jpg,3
0106_jpg.rf.d07c4a017795a5d4fa147b14f665a090_0001.jpg,WEED6C_crops/0106_jpg.rf.d07c4a017795a5d4fa147b14f665a090_0001.jpg,5
0890_jpg.rf.c28e5e048ecc2dce8feb0a171d4bbee7_0006.jpg,WEED6C_crops/0890_jpg.rf.c28e5e048ecc2dce8feb0a171d4bbee7_0006.jpg,2
0863_jpg.rf.26770e014f1133ea96231f3a9a266c3b_0002.jpg,WEED6C_crops/0863_jpg.rf.26770e014f1133ea96231f3a9a266c3b_0002.jpg,0
1370_jpg.rf.81f386000a766bd098e73e127fb823ea_0004.jpg,WEED6C_crops/1370_jpg.rf.81f386000a766bd098e73e127fb823ea_0004.jpg,4
0636_jpg.rf.9b8dff4936cd44566030a5534a444e38_0003.jpg,WEED6C_crops/0636_jpg.rf.9b8dff4936cd44566030a5534a444e38_0003.jpg,3
1364_jpg.rf.83d1b91ffdd68ab08b0f5031bb41761b_0045.jpg,WEED6C_crops/1364_jpg.rf.83d1b91ffdd68ab08b0f5031bb41761b_0045.jpg,4
0897_jpg.rf.60b759f819efec823ebeb6b022128537_0008.jpg,WEED6C_crops/0897_jpg.rf.60b759f819efec823ebeb6b022128537_0008.jpg,3
0274_jpg.rf.69f678525ad44939c3cdc5608f8ededd_0007.jpg,WEED6C_crops/0274_jpg.rf.69f678525ad44939c3cdc5608f8ededd_0007.jpg,3
0501_jpg.rf.2180b6dfcf5adbe103f37ec21481f9ec_0003.jpg,WEED6C_crops/0501_jpg.rf.2180b6dfcf5adbe103f37ec21481f9ec_0003.jpg,3
0869_jpg.rf.15d46b9426f4a8f52d88a4664d85b39f_0003.jpg,WEED6C_crops/0869_jpg.rf.15d46b9426f4a8f52d88a4664d85b39f_0003.jpg,3
0346_jpg.rf.3ddd174718d6c957fcdf4654000c5fb8_0004.jpg,WEED6C_crops/0346_jpg.rf.3ddd174718d6c957fcdf4654000c5fb8_0004.jpg,3
1310_jpg.rf.317ac2cca5f24479b0098bf7fbab9ceb_0003.jpg,WEED6C_crops/1310_jpg.rf.317ac2cca5f24479b0098bf7fbab9ceb_0003.jpg,4
1211_jpg.rf.13db3e0483ad4cd980b510cb0af28295_0001.jpg,WEED6C_crops/1211_jpg.rf.13db3e0483ad4cd980b510cb0af28295_0001.jpg,1
0496_jpg.rf.52100ccb745832203b58f5a1b138ee05_0002.jpg,WEED6C_crops/0496_jpg.rf.52100ccb745832203b58f5a1b138ee05_0002.jpg,3
0003_jpg.rf.5c3bf5847c0d3975b99c41d5c5f926be_0003.jpg,WEED6C_crops/0003_jpg.rf.5c3bf5847c0d3975b99c41d5c5f926be_0003.jpg,5
1240_jpg.rf.e1ad20f0f2011d323769409c17d77863_0029.jpg,WEED6C_crops/1240_jpg.rf.e1ad20f0f2011d323769409c17d77863_0029.jpg,4
0271_jpg.rf.a6f785cce1915aed1f4696a67689f20a_0010.jpg,WEED6C_crops/0271_jpg.rf.a6f785cce1915aed1f4696a67689f20a_0010.jpg,0
0441_jpg.rf.72e7339d45ba5753826477ffea6cd24f_0001.jpg,WEED6C_crops/0441_jpg.rf.72e7339d45ba5753826477ffea6cd24f_0001.jpg,1
1246_jpg.rf.bb73f1b0a3c930a95692d508c903625a_0004.jpg,WEED6C_crops/1246_jpg.rf.bb73f1b0a3c930a95692d508c903625a_0004.jpg,1
1367_jpg.rf.525537f6569c4903b5b939c2e8220219_0043.jpg,WEED6C_crops/1367_jpg.rf.525537f6569c4903b5b939c2e8220219_0043.jpg,4
0591_jpg.rf.6972be354110bab0d56424a66480aa1e_0002.jpg,WEED6C_crops/0591_jpg.rf.6972be354110bab0d56424a66480aa1e_0002.jpg,0
0045_jpg.rf.62ea74b6171e7e6cb1e9888f7d2cf4a6_0002.jpg,WEED6C_crops/0045_jpg.rf.62ea74b6171e7e6cb1e9888f7d2cf4a6_0002.jpg,5
1377_jpg.rf.13024f6056bd3ee967e54a75b53fd777_0027.jpg,WEED6C_crops/1377_jpg.rf.13024f6056bd3ee967e54a75b53fd777_0027.jpg,4
0678_jpg.rf.a9f739d22c3ed0d7934f4f807e211956_0005.jpg,WEED6C_crops/0678_jpg.rf.a9f739d22c3ed0d7934f4f807e211956_0005.jpg,3
0241_jpg.rf.91f3e8769b4d0ba66baac18128b9bc52_0007.jpg,WEED6C_crops/0241_jpg.rf.91f3e8769b4d0ba66baac18128b9bc52_0007.jpg,0
0855_jpg.rf.c3864326bbe207814bd73e53a801ac40_0002.jpg,WEED6C_crops/0855_jpg.rf.c3864326bbe207814bd73e53a801ac40_0002.jpg,3
1229_jpg.rf.f39c48606a011efde3d20b5d68fa1f43_0025.jpg,WEED6C_crops/1229_jpg.rf.f39c48606a011efde3d20b5d68fa1f43_0025.jpg,4
1247_jpg.rf.f72539c749932b410356da3c4cdfcae8_0018.jpg,WEED6C_crops/1247_jpg.rf.f72539c749932b410356da3c4cdfcae8_0018.jpg,4
1304_jpg.rf.bdabd9792ab23d3924d6e3d26f3aec06_0029.jpg,WEED6C_crops/1304_jpg.rf.bdabd9792ab23d3924d6e3d26f3aec06_0029.jpg,4
0601_jpg.rf.d4e7b8fca4e5da2da56623920c7d843c_0004.jpg,WEED6C_crops/0601_jpg.rf.d4e7b8fca4e5da2da56623920c7d843c_0004.jpg,2
0276_jpg.rf.b050d9cf6fdd15ffe4f175936e28b2af_0002.jpg,WEED6C_crops/0276_jpg.rf.b050d9cf6fdd15ffe4f175936e28b2af_0002.jpg,0
0360_jpg.rf.f070784662d3e14abdda41d21e4b9ccb_0008.jpg,WEED6C_crops/0360_jpg.rf.f070784662d3e14abdda41d21e4b9ccb_0008.jpg,0
0920_jpg.rf.f7e547a653feb7cbf079f07bd505da0f_0001.jpg,WEED6C_crops/0920_jpg.rf.f7e547a653feb7cbf079f07bd505da0f_0001.jpg,3
1354_jpg.rf.cfa3e2f0904af788a0555ee8bd188254_0007.jpg,WEED6C_crops/1354_jpg.rf.cfa3e2f0904af788a0555ee8bd188254_0007.jpg,4
1382_jpg.rf.c7bb27d718933e160b3c41d3f17e3d83_0004.jpg,WEED6C_crops/1382_jpg.rf.c7bb27d718933e160b3c41d3f17e3d83_0004.jpg,4
1369_jpg.rf.b115facc4e1a8ff9927fa196a84b853d_0008.jpg,WEED6C_crops/1369_jpg.rf.b115facc4e1a8ff9927fa196a84b853d_0008.jpg,4
0904_jpg.rf.c10898629ee769229ff22e4c2c0f3a8a_0003.jpg,WEED6C_crops/0904_jpg.rf.c10898629ee769229ff22e4c2c0f3a8a_0003.jpg,2
1378_jpg.rf.a485ab7c96bef96dac8eb7e61bbb7fb8_0028.jpg,WEED6C_crops/1378_jpg.rf.a485ab7c96bef96dac8eb7e61bbb7fb8_0028.jpg,4
0510_jpg.rf.c858093e043596f9a56df2092b01935e_0005.jpg,WEED6C_crops/0510_jpg.rf.c858093e043596f9a56df2092b01935e_0005.jpg,1
0188_jpg.rf.7517319ba67085293aa2e6b06181455b_0003.jpg,WEED6C_crops/0188_jpg.rf.7517319ba67085293aa2e6b06181455b_0003.jpg,1
0249_jpg.rf.c28ae22bf898c1d2faacea1ccaf48150_0003.jpg,WEED6C_crops/0249_jpg.rf.c28ae22bf898c1d2faacea1ccaf48150_0003.jpg,1
0725_jpg.rf.2277e61944d0fe548a2fb261c7e23204_0004.jpg,WEED6C_crops/0725_jpg.rf.2277e61944d0fe548a2fb261c7e23204_0004.jpg,3
0084_jpg.rf.49a24825fcabc006eba2bbcc34575367_0026.jpg,WEED6C_crops/0084_jpg.rf.49a24825fcabc006eba2bbcc34575367_0026.jpg,5
0285_jpg.rf.415fee08c2dc0c62797603c7b61e074c_0002.jpg,WEED6C_crops/0285_jpg.rf.415fee08c2dc0c62797603c7b61e074c_0002.jpg,2
1366_jpg.rf.03f231049801971512990ca20f3424d9_0006.jpg,WEED6C_crops/1366_jpg.rf.03f231049801971512990ca20f3424d9_0006.jpg,4
1361_jpg.rf.fce9ac7b2b25171d1b0e7ccf4383cf25_0012.jpg,WEED6C_crops/1361_jpg.rf.fce9ac7b2b25171d1b0e7ccf4383cf25_0012.jpg,4
0685_jpg.rf.0e3a746291e45152895da0c9eb692e20_0001.jpg,WEED6C_crops/0685_jpg.rf.0e3a746291e45152895da0c9eb692e20_0001.jpg,3
0330_jpg.rf.56c1e60de1e84e6aea8bb506ccdcf67e_0007.jpg,WEED6C_crops/0330_jpg.rf.56c1e60de1e84e6aea8bb506ccdcf67e_0007.jpg,3
1287_jpg.rf.0bdfb5a514691b4b64c3bd4322c0459b_0018.jpg,WEED6C_crops/1287_jpg.rf.0bdfb5a514691b4b64c3bd4322c0459b_0018.jpg,4
0691_jpg.rf.f3df859db09e631a76bb48b50230e259_0003.jpg,WEED6C_crops/0691_jpg.rf.f3df859db09e631a76bb48b50230e259_0003.jpg,1
0350_jpg.rf.9b0f36a130ea6ac8748c07fed6f139f0_0011.jpg,WEED6C_crops/0350_jpg.rf.9b0f36a130ea6ac8748c07fed6f139f0_0011.jpg,0
1158_jpg.rf.5c2d485f54eae120e5e05dbccd37a009_0002.jpg,WEED6C_crops/1158_jpg.rf.5c2d485f54eae120e5e05dbccd37a009_0002.jpg,0
1359_jpg.rf.6bb7d484d2aa6c486b81a4b2f321dfb3_0007.jpg,WEED6C_crops/1359_jpg.rf.6bb7d484d2aa6c486b81a4b2f321dfb3_0007.jpg,4
0892_jpg.rf.2d2d85a07511ef16aa292a307d9e4f14_0004.jpg,WEED6C_crops/0892_jpg.rf.2d2d85a07511ef16aa292a307d9e4f14_0004.jpg,3
0093_jpg.rf.350f55cf44339df87d292b9e94e5ba85_0001.jpg,WEED6C_crops/0093_jpg.rf.350f55cf44339df87d292b9e94e5ba85_0001.jpg,5
1362_jpg.rf.ab5fc04e9f26ec91359122ba4c109436_0043.jpg,WEED6C_crops/1362_jpg.rf.ab5fc04e9f26ec91359122ba4c109436_0043.jpg,4
0220_jpg.rf.ac3075b666a8df6cadddc7f7932b8698_0006.jpg,WEED6C_crops/0220_jpg.rf.ac3075b666a8df6cadddc7f7932b8698_0006.jpg,3
1282_jpg.rf.68eda909ae10dfb1f80f4e4ca2449fe1_0009.jpg,WEED6C_crops/1282_jpg.rf.68eda909ae10dfb1f80f4e4ca2449fe1_0009.jpg,4
0679_jpg.rf.832a91f72f04f7363c002ce214b1b4db_0004.jpg,WEED6C_crops/0679_jpg.rf.832a91f72f04f7363c002ce214b1b4db_0004.jpg,3
0090_jpg.rf.8c61e1352c35e25df2cd1b4b2b47489e_0004.jpg,WEED6C_crops/0090_jpg.rf.8c61e1352c35e25df2cd1b4b2b47489e_0004.jpg,5
1365_jpg.rf.d745a616307c062e3f3851230aee2c41_0002.jpg,WEED6C_crops/1365_jpg.rf.d745a616307c062e3f3851230aee2c41_0002.jpg,4
1270_jpg.rf.c34b854accd8ec862089128de29e245c_0037.jpg,WEED6C_crops/1270_jpg.rf.c34b854accd8ec862089128de29e245c_0037.jpg,4
1381_jpg.rf.26a82a54504b992f9dc9ede2e50e9b8f_0008.jpg,WEED6C_crops/1381_jpg.rf.26a82a54504b992f9dc9ede2e50e9b8f_0008.jpg,4
1249_jpg.rf.e1efe2270f002b51f4715161251b6365_0023.jpg,WEED6C_crops/1249_jpg.rf.e1efe2270f002b51f4715161251b6365_0023.jpg,4
1382_jpg.rf.c7bb27d718933e160b3c41d3f17e3d83_0015.jpg,WEED6C_crops/1382_jpg.rf.c7bb27d718933e160b3c41d3f17e3d83_0015.jpg,0
0361_jpg.rf.2b245324527e72eaf61640c29bd0e361_0010.jpg,WEED6C_crops/0361_jpg.rf.2b245324527e72eaf61640c29bd0e361_0010.jpg,0
0174_jpg.rf.0ee57bcbca0e3c27a3a0c5bfaa1e5c6c_0003.jpg,WEED6C_crops/0174_jpg.rf.0ee57bcbca0e3c27a3a0c5bfaa1e5c6c_0003.jpg,0
0834_jpg.rf.541aec5b5bf56ec58ec1abe5ccbeaf7f_0019.jpg,WEED6C_crops/0834_jpg.rf.541aec5b5bf56ec58ec1abe5ccbeaf7f_0019.jpg,0
1324_jpg.rf.3a229c242e1658a78ef760d872b6d39f_0010.jpg,WEED6C_crops/1324_jpg.rf.3a229c242e1658a78ef760d872b6d39f_0010.jpg,0
1303_jpg.rf.8f30bd948ef635a90243d4eb022d379b_0018.jpg,WEED6C_crops/1303_jpg.rf.8f30bd948ef635a90243d4eb022d379b_0018.jpg,4
1361_jpg.rf.fce9ac7b2b25171d1b0e7ccf4383cf25_0004.jpg,WEED6C_crops/1361_jpg.rf.fce9ac7b2b25171d1b0e7ccf4383cf25_0004.jpg,4
0349_jpg.rf.01f576bf16790ab273fe019187c99297_0004.jpg,WEED6C_crops/0349_jpg.rf.01f576bf16790ab273fe019187c99297_0004.jpg,1
1010_jpg.rf.80e5b45a64b68e809679d4aa0a9cb7e2_0001.jpg,WEED6C_crops/1010_jpg.rf.80e5b45a64b68e809679d4aa0a9cb7e2_0001.jpg,2
1349_jpg.rf.f2a77b8dcb3c036a18eb11f545a535f5_0014.jpg,WEED6C_crops/1349_jpg.rf.f2a77b8dcb3c036a18eb11f545a535f5_0014.jpg,4
0053_jpg.rf.b5269321e3379fb30147b63ad9cb56ce_0006.jpg,WEED6C_crops/0053_jpg.rf.b5269321e3379fb30147b63ad9cb56ce_0006.jpg,5
1368_jpg.rf.25dc57e029d777ff1571d3d84d22c763_0048.jpg,WEED6C_crops/1368_jpg.rf.25dc57e029d777ff1571d3d84d22c763_0048.jpg,4
0293_jpg.rf.fe63fe269d1f9ff3ae4f33331785ae5d_0013.jpg,WEED6C_crops/0293_jpg.rf.fe63fe269d1f9ff3ae4f33331785ae5d_0013.jpg,0
1050_jpg.rf.b0622c23757eb5f7ea884452d0656cb2_0001.jpg,WEED6C_crops/1050_jpg.rf.b0622c23757eb5f7ea884452d0656cb2_0001.jpg,0
1041_jpg.rf.c468d8db00f069a5238b2ee79d8079aa_0001.jpg,WEED6C_crops/1041_jpg.rf.c468d8db00f069a5238b2ee79d8079aa_0001.jpg,2
0067_jpg.rf.019927f751bbc62bd7bb643d6aeea855_0002.jpg,WEED6C_crops/0067_jpg.rf.019927f751bbc62bd7bb643d6aeea855_0002.jpg,5
1383_jpg.rf.774d8f8762ff9dbe26c5db3a3e211276_0027.jpg,WEED6C_crops/1383_jpg.rf.774d8f8762ff9dbe26c5db3a3e211276_0027.jpg,0
0139_jpg.rf.3b2a33eeb123973d8779a61d897192d6_0002.jpg,WEED6C_crops/0139_jpg.rf.3b2a33eeb123973d8779a61d897192d6_0002.jpg,5
1238_jpg.rf.8f2e4dde815b3cdba79f2d24a33ad9eb_0026.jpg,WEED6C_crops/1238_jpg.rf.8f2e4dde815b3cdba79f2d24a33ad9eb_0026.jpg,4
1031_jpg.rf.3014208f60e4ce70ece4d10aae99cc21_0002.jpg,WEED6C_crops/1031_jpg.rf.3014208f60e4ce70ece4d10aae99cc21_0002.jpg,0
1242_jpg.rf.f09f84f41c4850f864177d3921fcc080_0018.jpg,WEED6C_crops/1242_jpg.rf.f09f84f41c4850f864177d3921fcc080_0018.jpg,4
1293_jpg.rf.25d29f796ce3dd1d2ed11cfb04cd3f18_0002.jpg,WEED6C_crops/1293_jpg.rf.25d29f796ce3dd1d2ed11cfb04cd3f18_0002.jpg,4
0171_jpg.rf.9e5971b972f92015134c5b7419b03775_0001.jpg,WEED6C_crops/0171_jpg.rf.9e5971b972f92015134c5b7419b03775_0001.jpg,5
0951_jpg.rf.f57ed0c65fd2db56ea87c11cd6616415_0001.jpg,WEED6C_crops/0951_jpg.rf.f57ed0c65fd2db56ea87c11cd6616415_0001.jpg,3
0321_jpg.rf.610eee43ffcd15ca8b3557c2240cc683_0002.jpg,WEED6C_crops/0321_jpg.rf.610eee43ffcd15ca8b3557c2240cc683_0002.jpg,3
0511_jpg.rf.1e91498a93a29569b63edec9b7d74c6c_0005.jpg,WEED6C_crops/0511_jpg.rf.1e91498a93a29569b63edec9b7d74c6c_0005.jpg,0
1375_jpg.rf.b0f1411c79e1b676b013097ecfe9a149_0027.jpg,WEED6C_crops/1375_jpg.rf.b0f1411c79e1b676b013097ecfe9a149_0027.jpg,4
0000_jpg.rf.26d2a0a638c3669bca7dd01788f458df_0024.jpg,WEED6C_crops/0000_jpg.rf.26d2a0a638c3669bca7dd01788f458df_0024.jpg,5
0476_jpg.rf.49008774e8c99fe12fef275720dd51ca_0005.jpg,WEED6C_crops/0476_jpg.rf.49008774e8c99fe12fef275720dd51ca_0005.jpg,0
0558_jpg.rf.6fc42ae01b5ff7a8ccb80a6d52414fab_0003.jpg,WEED6C_crops/0558_jpg.rf.6fc42ae01b5ff7a8ccb80a6d52414fab_0003.jpg,3
1341_jpg.rf.9d8942b91b7a5f0bbf8dae68d9c390e2_0012.jpg,WEED6C_crops/1341_jpg.rf.9d8942b91b7a5f0bbf8dae68d9c390e2_0012.jpg,4
0370_jpg.rf.4fcf8e6b3e2ed18719e053c056f93bdb_0004.jpg,WEED6C_crops/0370_jpg.rf.4fcf8e6b3e2ed18719e053c056f93bdb_0004.jpg,3
0273_jpg.rf.8c666e2d9f8f7a770c899261ea107e1e_0011.jpg,WEED6C_crops/0273_jpg.rf.8c666e2d9f8f7a770c899261ea107e1e_0011.jpg,1
1357_jpg.rf.65ed3ccb047c00c090abcb2750f4d22e_0014.jpg,WEED6C_crops/1357_jpg.rf.65ed3ccb047c00c090abcb2750f4d22e_0014.jpg,4
0622_jpg.rf.bac38413e179433488d725f34700a973_0003.jpg,WEED6C_crops/0622_jpg.rf.bac38413e179433488d725f34700a973_0003.jpg,2
0525_jpg.rf.3842f12a609fa3d03cf2ab068b872f3d_0004.jpg,WEED6C_crops/0525_jpg.rf.3842f12a609fa3d03cf2ab068b872f3d_0004.jpg,3
1354_jpg.rf.cfa3e2f0904af788a0555ee8bd188254_0002.jpg,WEED6C_crops/1354_jpg.rf.cfa3e2f0904af788a0555ee8bd188254_0002.jpg,4
0406_jpg.rf.9017ef4252883a9da552c165a4ef0334_0005.jpg,WEED6C_crops/0406_jpg.rf.9017ef4252883a9da552c165a4ef0334_0005.jpg,3
1383_jpg.rf.774d8f8762ff9dbe26c5db3a3e211276_0013.jpg,WEED6C_crops/1383_jpg.rf.774d8f8762ff9dbe26c5db3a3e211276_0013.jpg,4
1245_jpg.rf.4069f16d0c1ce36ab134055a59d74c0e_0011.jpg,WEED6C_crops/1245_jpg.rf.4069f16d0c1ce36ab134055a59d74c0e_0011.jpg,4
0525_jpg.rf.3842f12a609fa3d03cf2ab068b872f3d_0005.jpg,WEED6C_crops/0525_jpg.rf.3842f12a609fa3d03cf2ab068b872f3d_0005.jpg,0
0811_jpg.rf.c08bb3a3abfd8d9b04ea351afae37aaa_0002.jpg,WEED6C_crops/0811_jpg.rf.c08bb3a3abfd8d9b04ea351afae37aaa_0002.jpg,3
1374_jpg.rf.6c64883712d67a3ad448ca10c0398308_0003.jpg,WEED6C_crops/1374_jpg.rf.6c64883712d67a3ad448ca10c0398308_0003.jpg,4
1306_jpg.rf.e683ee4d8210d663a37fc950a9e485c1_0003.jpg,WEED6C_crops/1306_jpg.rf.e683ee4d8210d663a37fc950a9e485c1_0003.jpg,1
0100_jpg.rf.52520901abd9b7a795060d5160dbd240_0004.jpg,WEED6C_crops/0100_jpg.rf.52520901abd9b7a795060d5160dbd240_0004.jpg,5
0239_jpg.rf.bffa3bfce44d84b05adb8e3e3cab980f_0008.jpg,WEED6C_crops/0239_jpg.rf.bffa3bfce44d84b05adb8e3e3cab980f_0008.jpg,3
0247_jpg.rf.d21bd69dccb16aa034f3772f997e8486_0007.jpg,WEED6C_crops/0247_jpg.rf.d21bd69dccb16aa034f3772f997e8486_0007.jpg,0
0628_jpg.rf.540eb0da6481e44eaed340f46f8b85e4_0002.jpg,WEED6C_crops/0628_jpg.rf.540eb0da6481e44eaed340f46f8b85e4_0002.jpg,3
0749_jpg.rf.73ae90d3c7703a62f7131352cbc0f7e6_0003.jpg,WEED6C_crops/0749_jpg.rf.73ae90d3c7703a62f7131352cbc0f7e6_0003.jpg,0
0681_jpg.rf.3aa26b4e4ce1066a58c3d5581084057e_0003.jpg,WEED6C_crops/0681_jpg.rf.3aa26b4e4ce1066a58c3d5581084057e_0003.jpg,0
1279_jpg.rf.3859686293ba7d5fcec5e84b599fd5de_0018.jpg,WEED6C_crops/1279_jpg.rf.3859686293ba7d5fcec5e84b599fd5de_0018.jpg,1
1289_jpg.rf.957e6f56bd4082a5f0de4abb3406240f_0018.jpg,WEED6C_crops/1289_jpg.rf.957e6f56bd4082a5f0de4abb3406240f_0018.jpg,4
0684_jpg.rf.865b9fd6056cc7b214cb8ddc06bdf9a6_0006.jpg,WEED6C_crops/0684_jpg.rf.865b9fd6056cc7b214cb8ddc06bdf9a6_0006.jpg,0
1229_jpg.rf.f39c48606a011efde3d20b5d68fa1f43_0033.jpg,WEED6C_crops/1229_jpg.rf.f39c48606a011efde3d20b5d68fa1f43_0033.jpg,4
0525_jpg.rf.3842f12a609fa3d03cf2ab068b872f3d_0008.jpg,WEED6C_crops/0525_jpg.rf.3842f12a609fa3d03cf2ab068b872f3d_0008.jpg,3
0967_jpg.rf.944cbcc38b58de89ba442ea2a202324b_0001.jpg,WEED6C_crops/0967_jpg.rf.944cbcc38b58de89ba442ea2a202324b_0001.jpg,1
0220_jpg.rf.ac3075b666a8df6cadddc7f7932b8698_0001.jpg,WEED6C_crops/0220_jpg.rf.ac3075b666a8df6cadddc7f7932b8698_0001.jpg,3
1342_jpg.rf.5ba11aacf5cc1306e3de9786d203418e_0016.jpg,WEED6C_crops/1342_jpg.rf.5ba11aacf5cc1306e3de9786d203418e_0016.jpg,4
0094_jpg.rf.61e97d8a654d322af0b8f5777fd16f41_0002.jpg,WEED6C_crops/0094_jpg.rf.61e97d8a654d322af0b8f5777fd16f41_0002.jpg,5
0542_jpg.rf.b5864f4c452f4f3a61a757f70d2b383f_0003.jpg,WEED6C_crops/0542_jpg.rf.b5864f4c452f4f3a61a757f70d2b383f_0003.jpg,3
1353_jpg.rf.bec9bcda29461e97059f99cbf8431546_0014.jpg,WEED6C_crops/1353_jpg.rf.bec9bcda29461e97059f99cbf8431546_0014.jpg,4
1387_jpg.rf.4e79357b2bfab756b6edacb516671cfa_0010.jpg,WEED6C_crops/1387_jpg.rf.4e79357b2bfab756b6edacb516671cfa_0010.jpg,0
1298_jpg.rf.7fc36fc7e044bea791d199064251518a_0001.jpg,WEED6C_crops/1298_jpg.rf.7fc36fc7e044bea791d199064251518a_0001.jpg,4
0636_jpg.rf.9b8dff4936cd44566030a5534a444e38_0001.jpg,WEED6C_crops/0636_jpg.rf.9b8dff4936cd44566030a5534a444e38_0001.jpg,0
1259_jpg.rf.0167b645cb0006baa012cf610d53ebdd_0004.jpg,WEED6C_crops/1259_jpg.rf.0167b645cb0006baa012cf610d53ebdd_0004.jpg,4
1357_jpg.rf.65ed3ccb047c00c090abcb2750f4d22e_0009.jpg,WEED6C_crops/1357_jpg.rf.65ed3ccb047c00c090abcb2750f4d22e_0009.jpg,4
0905_jpg.rf.5a1b7582aaae62dad96fd4b02e23f919_0005.jpg,WEED6C_crops/0905_jpg.rf.5a1b7582aaae62dad96fd4b02e23f919_0005.jpg,2
1247_jpg.rf.f72539c749932b410356da3c4cdfcae8_0013.jpg,WEED6C_crops/1247_jpg.rf.f72539c749932b410356da3c4cdfcae8_0013.jpg,4
0960_jpg.rf.54dbb90cd7a781f46bcf47ef88cd2701_0002.jpg,WEED6C_crops/0960_jpg.rf.54dbb90cd7a781f46bcf47ef88cd2701_0002.jpg,3
0333_jpg.rf.3fd790fea188da90c09e7774cdf6590c_0012.jpg,WEED6C_crops/0333_jpg.rf.3fd790fea188da90c09e7774cdf6590c_0012.jpg,1
0335_jpg.rf.7827909047b000b9fd95e3c3cb87b375_0004.jpg,WEED6C_crops/0335_jpg.rf.7827909047b000b9fd95e3c3cb87b375_0004.jpg,0
1370_jpg.rf.81f386000a766bd098e73e127fb823ea_0025.jpg,WEED6C_crops/1370_jpg.rf.81f386000a766bd098e73e127fb823ea_0025.jpg,4
1227_jpg.rf.eb9e3a2fa93b1867c5cb9f3a1fcf7bdb_0012.jpg,WEED6C_crops/1227_jpg.rf.eb9e3a2fa93b1867c5cb9f3a1fcf7bdb_0012.jpg,0
1360_jpg.rf.4adff7020975375bcf1db2c7f65ecb42_0026.jpg,WEED6C_crops/1360_jpg.rf.4adff7020975375bcf1db2c7f65ecb42_0026.jpg,4
0479_jpg.rf.d4a2d69d4c1d408d702de64a4f118cc1_0007.jpg,WEED6C_crops/0479_jpg.rf.d4a2d69d4c1d408d702de64a4f118cc1_0007.jpg,3
0620_jpg.rf.7e2f341a86cdb54a4f8e4553c84dd0e2_0001.jpg,WEED6C_crops/0620_jpg.rf.7e2f341a86cdb54a4f8e4553c84dd0e2_0001.jpg,0
0481_jpg.rf.9eb7edb9fdbec6823d3c5930fdec5043_0008.jpg,WEED6C_crops/0481_jpg.rf.9eb7edb9fdbec6823d3c5930fdec5043_0008.jpg,3
1357_jpg.rf.65ed3ccb047c00c090abcb2750f4d22e_0021.jpg,WEED6C_crops/1357_jpg.rf.65ed3ccb047c00c090abcb2750f4d22e_0021.jpg,4
0296_jpg.rf.1353db0a9b41daed7853579acfd0b861_0010.jpg,WEED6C_crops/0296_jpg.rf.1353db0a9b41daed7853579acfd0b861_0010.jpg,3
0223_jpg.rf.03e885edc5cd389b03d9214483185381_0004.jpg,WEED6C_crops/0223_jpg.rf.03e885edc5cd389b03d9214483185381_0004.jpg,0
1347_jpg.rf.17fbaa4fc4797a75ba82422831c223dc_0004.jpg,WEED6C_crops/1347_jpg.rf.17fbaa4fc4797a75ba82422831c223dc_0004.jpg,4
0318_jpg.rf.40c517ba5f90cb1a6426195fe51476d8_0006.jpg,WEED6C_crops/0318_jpg.rf.40c517ba5f90cb1a6426195fe51476d8_0006.jpg,3
0375_jpg.rf.e83346babadd91a7ae17f79bb6229688_0003.jpg,WEED6C_crops/0375_jpg.rf.e83346babadd91a7ae17f79bb6229688_0003.jpg,3
0684_jpg.rf.865b9fd6056cc7b214cb8ddc06bdf9a6_0001.jpg,WEED6C_crops/0684_jpg.rf.865b9fd6056cc7b214cb8ddc06bdf9a6_0001.jpg,3
0009_jpg.rf.ce9edce4d0a3145070d5ebe0b610d5fe_0001.jpg,WEED6C_crops/0009_jpg.rf.ce9edce4d0a3145070d5ebe0b610d5fe_0001.jpg,5
0512_jpg.rf.683f481b05d5c6eeabfdd7093ce4b938_0007.jpg,WEED6C_crops/0512_jpg.rf.683f481b05d5c6eeabfdd7093ce4b938_0007.jpg,2
1364_jpg.rf.83d1b91ffdd68ab08b0f5031bb41761b_0001.jpg,WEED6C_crops/1364_jpg.rf.83d1b91ffdd68ab08b0f5031bb41761b_0001.jpg,4
1316_jpg.rf.b6c39be844d72f310445d2b83d940ac7_0004.jpg,WEED6C_crops/1316_jpg.rf.b6c39be844d72f310445d2b83d940ac7_0004.jpg,4
1320_jpg.rf.6cd9a341d74c0a49c59e29b05bd7bd44_0001.jpg,WEED6C_crops/1320_jpg.rf.6cd9a341d74c0a49c59e29b05bd7bd44_0001.jpg,4
1259_jpg.rf.0167b645cb0006baa012cf610d53ebdd_0012.jpg,WEED6C_crops/1259_jpg.rf.0167b645cb0006baa012cf610d53ebdd_0012.jpg,4
1382_jpg.rf.c7bb27d718933e160b3c41d3f17e3d83_0016.jpg,WEED6C_crops/1382_jpg.rf.c7bb27d718933e160b3c41d3f17e3d83_0016.jpg,0
1268_jpg.rf.f92eaf335716f66b9db465ec842cf1d7_0003.jpg,WEED6C_crops/1268_jpg.rf.f92eaf335716f66b9db465ec842cf1d7_0003.jpg,4
0364_jpg.rf.89db23df5c37065055d5a524b09092d9_0002.jpg,WEED6C_crops/0364_jpg.rf.89db23df5c37065055d5a524b09092d9_0002.jpg,3
0901_jpg.rf.a3de89769366e7b5ca0b3e800cc66ccf_0008.jpg,WEED6C_crops/0901_jpg.rf.a3de89769366e7b5ca0b3e800cc66ccf_0008.jpg,3
1244_jpg.rf.83560aef67ff7ed166c6d632988b171e_0009.jpg,WEED6C_crops/1244_jpg.rf.83560aef67ff7ed166c6d632988b171e_0009.jpg,4
0518_jpg.rf.ba417970217aa9ff83ad4a4803e9218a_0001.jpg,WEED6C_crops/0518_jpg.rf.ba417970217aa9ff83ad4a4803e9218a_0001.jpg,1
0633_jpg.rf.abb6deef0792cfe939cfa3125eb0eeb2_0004.jpg,WEED6C_crops/0633_jpg.rf.abb6deef0792cfe939cfa3125eb0eeb2_0004.jpg,2
1349_jpg.rf.f2a77b8dcb3c036a18eb11f545a535f5_0015.jpg,WEED6C_crops/1349_jpg.rf.f2a77b8dcb3c036a18eb11f545a535f5_0015.jpg,4
0197_jpg.rf.efe163fd7280a6bdf30be87072648ca9_0010.jpg,WEED6C_crops/0197_jpg.rf.efe163fd7280a6bdf30be87072648ca9_0010.jpg,0
1235_jpg.rf.8f167c07ecb86590be8dd4ab7f58be2c_0023.jpg,WEED6C_crops/1235_jpg.rf.8f167c07ecb86590be8dd4ab7f58be2c_0023.jpg,4
1355_jpg.rf.6913dec06d5038de035d46f593a0bd9e_0007.jpg,WEED6C_crops/1355_jpg.rf.6913dec06d5038de035d46f593a0bd9e_0007.jpg,4
1355_jpg.rf.6913dec06d5038de035d46f593a0bd9e_0009.jpg,WEED6C_crops/1355_jpg.rf.6913dec06d5038de035d46f593a0bd9e_0009.jpg,4
1264_jpg.rf.9dcfa7b826804ef4063b1ac764b21e8c_0024.jpg,WEED6C_crops/1264_jpg.rf.9dcfa7b826804ef4063b1ac764b21e8c_0024.jpg,4
0990_jpg.rf.365b34be70ff5fc5e8c24b41d6d5c4a7_0002.jpg,WEED6C_crops/0990_jpg.rf.365b34be70ff5fc5e8c24b41d6d5c4a7_0002.jpg,2
0879_jpg.rf.b2153caeca9af76e27e76c6cc45c8415_0003.jpg,WEED6C_crops/0879_jpg.rf.b2153caeca9af76e27e76c6cc45c8415_0003.jpg,3
1386_jpg.rf.38d81bd8c301374aed9080ef5af2120b_0015.jpg,WEED6C_crops/1386_jpg.rf.38d81bd8c301374aed9080ef5af2120b_0015.jpg,4
0281_jpg.rf.525275ec8f77a3e6f1a0adab97e761ed_0005.jpg,WEED6C_crops/0281_jpg.rf.525275ec8f77a3e6f1a0adab97e761ed_0005.jpg,1
0500_jpg.rf.fa7f8a27b1251b274ce62fca909cc078_0002.jpg,WEED6C_crops/0500_jpg.rf.fa7f8a27b1251b274ce62fca909cc078_0002.jpg,1
1252_jpg.rf.0460eee5cd6e483e72571dbeb38f50ba_0028.jpg,WEED6C_crops/1252_jpg.rf.0460eee5cd6e483e72571dbeb38f50ba_0028.jpg,4
0961_jpg.rf.f58d517c797c1c4f50363643e0e8ea31_0001.jpg,WEED6C_crops/0961_jpg.rf.f58d517c797c1c4f50363643e0e8ea31_0001.jpg,1
0907_jpg.rf.6a0a542a4ba197b9210001a84e10738b_0005.jpg,WEED6C_crops/0907_jpg.rf.6a0a542a4ba197b9210001a84e10738b_0005.jpg,2
1324_jpg.rf.3a229c242e1658a78ef760d872b6d39f_0011.jpg,WEED6C_crops/1324_jpg.rf.3a229c242e1658a78ef760d872b6d39f_0011.jpg,0
1369_jpg.rf.b115facc4e1a8ff9927fa196a84b853d_0028.jpg,WEED6C_crops/1369_jpg.rf.b115facc4e1a8ff9927fa196a84b853d_0028.jpg,4
1242_jpg.rf.f09f84f41c4850f864177d3921fcc080_0003.jpg,WEED6C_crops/1242_jpg.rf.f09f84f41c4850f864177d3921fcc080_0003.jpg,4
1352_jpg.rf.d33033b314f56f27d9a35d5dde8f7509_0004.jpg,WEED6C_crops/1352_jpg.rf.d33033b314f56f27d9a35d5dde8f7509_0004.jpg,4
0606_jpg.rf.5e2054f9f71b6f7a3a7cdf738b320875_0004.jpg,WEED6C_crops/0606_jpg.rf.5e2054f9f71b6f7a3a7cdf738b320875_0004.jpg,3
1386_jpg.rf.38d81bd8c301374aed9080ef5af2120b_0012.jpg,WEED6C_crops/1386_jpg.rf.38d81bd8c301374aed9080ef5af2120b_0012.jpg,0
0924_jpg.rf.38515b7536c8c5bcb37440437863e683_0008.jpg,WEED6C_crops/0924_jpg.rf.38515b7536c8c5bcb37440437863e683_0008.jpg,1
0444_jpg.rf.d0e4f65ff3dcd0e2d60c4fc592d3028b_0004.jpg,WEED6C_crops/0444_jpg.rf.d0e4f65ff3dcd0e2d60c4fc592d3028b_0004.jpg,1
0469_jpg.rf.d9bc05bc23e19791b8ee0cd22670de7d_0002.jpg,WEED6C_crops/0469_jpg.rf.d9bc05bc23e19791b8ee0cd22670de7d_0002.jpg,2
1341_jpg.rf.9d8942b91b7a5f0bbf8dae68d9c390e2_0007.jpg,WEED6C_crops/1341_jpg.rf.9d8942b91b7a5f0bbf8dae68d9c390e2_0007.jpg,4
1318_jpg.rf.db60cb682b128190ef21de127e7440f5_0004.jpg,WEED6C_crops/1318_jpg.rf.db60cb682b128190ef21de127e7440f5_0004.jpg,4
0603_jpg.rf.cab64e31d05fefc48f7cd476fb6c4aa8_0006.jpg,WEED6C_crops/0603_jpg.rf.cab64e31d05fefc48f7cd476fb6c4aa8_0006.jpg,1
0049_jpg.rf.9864496ca9eb713c038ad3c004f91271_0004.jpg,WEED6C_crops/0049_jpg.rf.9864496ca9eb713c038ad3c004f91271_0004.jpg,5
0687_jpg.rf.f124156a23314ecbb05ccaeb9040349a_0001.jpg,WEED6C_crops/0687_jpg.rf.f124156a23314ecbb05ccaeb9040349a_0001.jpg,0
0480_jpg.rf.2723a058483790a8371a1dd0728c3af1_0001.jpg,WEED6C_crops/0480_jpg.rf.2723a058483790a8371a1dd0728c3af1_0001.jpg,3
1294_jpg.rf.99a6afbaff3de0db6ad09e909b9845eb_0001.jpg,WEED6C_crops/1294_jpg.rf.99a6afbaff3de0db6ad09e909b9845eb_0001.jpg,4
0052_jpg.rf.e81f14bb2ff51a56b3675b4171c5cb83_0003.jpg,WEED6C_crops/0052_jpg.rf.e81f14bb2ff51a56b3675b4171c5cb83_0003.jpg,5
0047_jpg.rf.1d9a348d51172b1224305d839b838ec9_0004.jpg,WEED6C_crops/0047_jpg.rf.1d9a348d51172b1224305d839b838ec9_0004.jpg,5
0392_jpg.rf.49ecace6ca5fed7c7e6fdb33cc6cf6b3_0001.jpg,WEED6C_crops/0392_jpg.rf.49ecace6ca5fed7c7e6fdb33cc6cf6b3_0001.jpg,3
0475_jpg.rf.f7f47212ae9b8a10c78ee57a67c34685_0002.jpg,WEED6C_crops/0475_jpg.rf.f7f47212ae9b8a10c78ee57a67c34685_0002.jpg,3
0588_jpg.rf.e3b5354e261ba918d33eae8532624dc0_0002.jpg,WEED6C_crops/0588_jpg.rf.e3b5354e261ba918d33eae8532624dc0_0002.jpg,3
0897_jpg.rf.60b759f819efec823ebeb6b022128537_0007.jpg,WEED6C_crops/0897_jpg.rf.60b759f819efec823ebeb6b022128537_0007.jpg,3
0621_jpg.rf.7c8da55afcf9a3a13502a024641c7538_0008.jpg,WEED6C_crops/0621_jpg.rf.7c8da55afcf9a3a13502a024641c7538_0008.jpg,1
0734_jpg.rf.8c9710c08c16be800ed78908ae099464_0002.jpg,WEED6C_crops/0734_jpg.rf.8c9710c08c16be800ed78908ae099464_0002.jpg,4
0250_jpg.rf.e559f94b7828a97a430fbceb3e22a674_0001.jpg,WEED6C_crops/0250_jpg.rf.e559f94b7828a97a430fbceb3e22a674_0001.jpg,1
1302_jpg.rf.26ab3fc340b22f9482155ab905a6cebf_0035.jpg,WEED6C_crops/1302_jpg.rf.26ab3fc340b22f9482155ab905a6cebf_0035.jpg,4
0545_jpg.rf.a38b48574a8c706bbf9111f17b178822_0003.jpg,WEED6C_crops/0545_jpg.rf.a38b48574a8c706bbf9111f17b178822_0003.jpg,3
0699_jpg.rf.3ed5ad3a41c639d643b19fa83af0c49c_0002.jpg,WEED6C_crops/0699_jpg.rf.3ed5ad3a41c639d643b19fa83af0c49c_0002.jpg,0
0748_jpg.rf.4413e32de2c7713ee86132ca774158c8_0001.jpg,WEED6C_crops/0748_jpg.rf.4413e32de2c7713ee86132ca774158c8_0001.jpg,3
1230_jpg.rf.60caad5b3d36a901c24668ddacd2f112_0018.jpg,WEED6C_crops/1230_jpg.rf.60caad5b3d36a901c24668ddacd2f112_0018.jpg,0
1271_jpg.rf.edbc880f2c5cbc76998035cf808e95a2_0004.jpg,WEED6C_crops/1271_jpg.rf.edbc880f2c5cbc76998035cf808e95a2_0004.jpg,4
1350_jpg.rf.c4e3678c0fb3792d81765cc98b2c9760_0014.jpg,WEED6C_crops/1350_jpg.rf.c4e3678c0fb3792d81765cc98b2c9760_0014.jpg,4
0388_jpg.rf.ed37216b56f6c6c2c0a637221b23e485_0005.jpg,WEED6C_crops/0388_jpg.rf.ed37216b56f6c6c2c0a637221b23e485_0005.jpg,3
0379_jpg.rf.2f6c865f7b6d852961f1e6ecbd141832_0002.jpg,WEED6C_crops/0379_jpg.rf.2f6c865f7b6d852961f1e6ecbd141832_0002.jpg,3
1318_jpg.rf.db60cb682b128190ef21de127e7440f5_0002.jpg,WEED6C_crops/1318_jpg.rf.db60cb682b128190ef21de127e7440f5_0002.jpg,4
0661_jpg.rf.5285c9743b765f4263c8525f8d3b1245_0003.jpg,WEED6C_crops/0661_jpg.rf.5285c9743b765f4263c8525f8d3b1245_0003.jpg,0
0549_jpg.rf.836ae63a62c3693241782dcbb92afcd6_0002.jpg,WEED6C_crops/0549_jpg.rf.836ae63a62c3693241782dcbb92afcd6_0002.jpg,3
1306_jpg.rf.e683ee4d8210d663a37fc950a9e485c1_0017.jpg,WEED6C_crops/1306_jpg.rf.e683ee4d8210d663a37fc950a9e485c1_0017.jpg,4
0001_jpg.rf.ad71ecf4c28bed4d4c3c382eee9f84d3_0007.jpg,WEED6C_crops/0001_jpg.rf.ad71ecf4c28bed4d4c3c382eee9f84d3_0007.jpg,5
0972_jpg.rf.24faf2a5bada6d8377b6c766e471e31b_0004.jpg,WEED6C_crops/0972_jpg.rf.24faf2a5bada6d8377b6c766e471e31b_0004.jpg,3
0079_jpg.rf.bd3d0899dd4a32431aa298454229cee4_0007.jpg,WEED6C_crops/0079_jpg.rf.bd3d0899dd4a32431aa298454229cee4_0007.jpg,5
0576_jpg.rf.20d97322e246d5bbd7dc99fd1ed0c7d7_0005.jpg,WEED6C_crops/0576_jpg.rf.20d97322e246d5bbd7dc99fd1ed0c7d7_0005.jpg,3
1310_jpg.rf.317ac2cca5f24479b0098bf7fbab9ceb_0010.jpg,WEED6C_crops/1310_jpg.rf.317ac2cca5f24479b0098bf7fbab9ceb_0010.jpg,4
0529_jpg.rf.80d1820a62a24f879912a7ce8d6d8793_0001.jpg,WEED6C_crops/0529_jpg.rf.80d1820a62a24f879912a7ce8d6d8793_0001.jpg,3
0132_jpg.rf.5cc2ab77de30e2ba646ff51b2c3b94c6_0002.jpg,WEED6C_crops/0132_jpg.rf.5cc2ab77de30e2ba646ff51b2c3b94c6_0002.jpg,5
0912_jpg.rf.64d528b80c3452b4cf35a20779ed56c6_0001.jpg,WEED6C_crops/0912_jpg.rf.64d528b80c3452b4cf35a20779ed56c6_0001.jpg,3
0293_jpg.rf.fe63fe269d1f9ff3ae4f33331785ae5d_0014.jpg,WEED6C_crops/0293_jpg.rf.fe63fe269d1f9ff3ae4f33331785ae5d_0014.jpg,0
0807_jpg.rf.e3d876da08613549cee11e35dcc5c26f_0001.jpg,WEED6C_crops/0807_jpg.rf.e3d876da08613549cee11e35dcc5c26f_0001.jpg,3
1271_jpg.rf.edbc880f2c5cbc76998035cf808e95a2_0020.jpg,WEED6C_crops/1271_jpg.rf.edbc880f2c5cbc76998035cf808e95a2_0020.jpg,4
0196_jpg.rf.085a28c95bd83d706b4da167e039e140_0007.jpg,WEED6C_crops/0196_jpg.rf.085a28c95bd83d706b4da167e039e140_0007.jpg,3
1196_jpg.rf.53692cc55b2b6eee5f34c15c5a5a1cfb_0001.jpg,WEED6C_crops/1196_jpg.rf.53692cc55b2b6eee5f34c15c5a5a1cfb_0001.jpg,2
0454_jpg.rf.91e89f3483f511db544e434379a612a1_0004.jpg,WEED6C_crops/0454_jpg.rf.91e89f3483f511db544e434379a612a1_0004.jpg,0
0395_jpg.rf.f2e8b3a4987b711f9cd6cb60f5292153_0004.jpg,WEED6C_crops/0395_jpg.rf.f2e8b3a4987b711f9cd6cb60f5292153_0004.jpg,2
0708_jpg.rf.9409388af8550c5bf9bf3e7d2b3a77e5_0003.jpg,WEED6C_crops/0708_jpg.rf.9409388af8550c5bf9bf3e7d2b3a77e5_0003.jpg,0
0358_jpg.rf.c97895dacc2d80cb7ce916c302051a34_0005.jpg,WEED6C_crops/0358_jpg.rf.c97895dacc2d80cb7ce916c302051a34_0005.jpg,1
0664_jpg.rf.00461e3590af7784f8c9954f150fccbc_0004.jpg,WEED6C_crops/0664_jpg.rf.00461e3590af7784f8c9954f150fccbc_0004.jpg,0
1326_jpg.rf.ba5307608bcddc028d4a821d0505dda6_0014.jpg,WEED6C_crops/1326_jpg.rf.ba5307608bcddc028d4a821d0505dda6_0014.jpg,4
0837_jpg.rf.8735d328e944f506f933e1e7704cceb0_0016.jpg,WEED6C_crops/0837_jpg.rf.8735d328e944f506f933e1e7704cceb0_0016.jpg,3
0120_jpg.rf.d6d8e257b821257de06a47b3db135a4c_0002.jpg,WEED6C_crops/0120_jpg.rf.d6d8e257b821257de06a47b3db135a4c_0002.jpg,5
0198_jpg.rf.a8633b29e881cf380513f2bf6ee10bab_0007.jpg,WEED6C_crops/0198_jpg.rf.a8633b29e881cf380513f2bf6ee10bab_0007.jpg,0
1231_jpg.rf.fe1b06fe786224eaf851b6416c2554ae_0015.jpg,WEED6C_crops/1231_jpg.rf.fe1b06fe786224eaf851b6416c2554ae_0015.jpg,4
0902_jpg.rf.d61960a7bb349756b99685d2fa38137c_0004.jpg,WEED6C_crops/0902_jpg.rf.d61960a7bb349756b99685d2fa38137c_0004.jpg,2
1252_jpg.rf.0460eee5cd6e483e72571dbeb38f50ba_0006.jpg,WEED6C_crops/1252_jpg.rf.0460eee5cd6e483e72571dbeb38f50ba_0006.jpg,1
0629_jpg.rf.60da9b2d84d53bdcd8ba2ef13001ed54_0001.jpg,WEED6C_crops/0629_jpg.rf.60da9b2d84d53bdcd8ba2ef13001ed54_0001.jpg,2
1380_jpg.rf.c17524f4eb123d41b596e05bb2c20b30_0011.jpg,WEED6C_crops/1380_jpg.rf.c17524f4eb123d41b596e05bb2c20b30_0011.jpg,4
0540_jpg.rf.23c8aaf79c0cf86a1936e74d9f646568_0007.jpg,WEED6C_crops/0540_jpg.rf.23c8aaf79c0cf86a1936e74d9f646568_0007.jpg,3
1389_jpg.rf.7604a1b16f4c03a15057ad2a462f3aa3_0009.jpg,WEED6C_crops/1389_jpg.rf.7604a1b16f4c03a15057ad2a462f3aa3_0009.jpg,1
1271_jpg.rf.edbc880f2c5cbc76998035cf808e95a2_0018.jpg,WEED6C_crops/1271_jpg.rf.edbc880f2c5cbc76998035cf808e95a2_0018.jpg,4
1163_jpg.rf.9a66df36d3a18962ddc133f649fcd65f_0001.jpg,WEED6C_crops/1163_jpg.rf.9a66df36d3a18962ddc133f649fcd65f_0001.jpg,0
1259_jpg.rf.0167b645cb0006baa012cf610d53ebdd_0015.jpg,WEED6C_crops/1259_jpg.rf.0167b645cb0006baa012cf610d53ebdd_0015.jpg,4
0831_jpg.rf.d9b5396051735be26e9dffc2d88e5a86_0001.jpg,WEED6C_crops/0831_jpg.rf.d9b5396051735be26e9dffc2d88e5a86_0001.jpg,0
0831_jpg.rf.d9b5396051735be26e9dffc2d88e5a86_0012.jpg,WEED6C_crops/0831_jpg.rf.d9b5396051735be26e9dffc2d88e5a86_0012.jpg,1
1229_jpg.rf.f39c48606a011efde3d20b5d68fa1f43_0026.jpg,WEED6C_crops/1229_jpg.rf.f39c48606a011efde3d20b5d68fa1f43_0026.jpg,4
0278_jpg.rf.15b2a8c784e81820e90c2403b778d212_0006.jpg,WEED6C_crops/0278_jpg.rf.15b2a8c784e81820e90c2403b778d212_0006.jpg,3
0715_jpg.rf.07fbb5ee4d4e48dd85fdae19be57a84f_0002.jpg,WEED6C_crops/0715_jpg.rf.07fbb5ee4d4e48dd85fdae19be57a84f_0002.jpg,3
1303_jpg.rf.8f30bd948ef635a90243d4eb022d379b_0037.jpg,WEED6C_crops/1303_jpg.rf.8f30bd948ef635a90243d4eb022d379b_0037.jpg,4
0898_jpg.rf.de29e078b77aec0a0caff557a35ca4b7_0001.jpg,WEED6C_crops/0898_jpg.rf.de29e078b77aec0a0caff557a35ca4b7_0001.jpg,3
1227_jpg.rf.eb9e3a2fa93b1867c5cb9f3a1fcf7bdb_0016.jpg,WEED6C_crops/1227_jpg.rf.eb9e3a2fa93b1867c5cb9f3a1fcf7bdb_0016.jpg,4
0335_jpg.rf.7827909047b000b9fd95e3c3cb87b375_0017.jpg,WEED6C_crops/0335_jpg.rf.7827909047b000b9fd95e3c3cb87b375_0017.jpg,3
1217_jpg.rf.7d91818fc9fe91c5f48132cc1a87ec9e_0001.jpg,WEED6C_crops/1217_jpg.rf.7d91818fc9fe91c5f48132cc1a87ec9e_0001.jpg,2
0051_jpg.rf.0e7fbbe6c2a094ad18a9ac582131d0d5_0001.jpg,WEED6C_crops/0051_jpg.rf.0e7fbbe6c2a094ad18a9ac582131d0d5_0001.jpg,5
0948_jpg.rf.41354add6b2cbb8f31b6bd8fcf60ad3a_0003.jpg,WEED6C_crops/0948_jpg.rf.41354add6b2cbb8f31b6bd8fcf60ad3a_0003.jpg,0
1251_jpg.rf.ca084f91ecb665ac4961e3dca9f42efd_0013.jpg,WEED6C_crops/1251_jpg.rf.ca084f91ecb665ac4961e3dca9f42efd_0013.jpg,4
0164_jpg.rf.5dcf459cfbd5fe7e74fe2654c29502a6_0001.jpg,WEED6C_crops/0164_jpg.rf.5dcf459cfbd5fe7e74fe2654c29502a6_0001.jpg,5
0519_jpg.rf.c0104260548e3a88b4da4ba950093239_0003.jpg,WEED6C_crops/0519_jpg.rf.c0104260548e3a88b4da4ba950093239_0003.jpg,0
0242_jpg.rf.52800b665a2b860fd527febaee511016_0006.jpg,WEED6C_crops/0242_jpg.rf.52800b665a2b860fd527febaee511016_0006.jpg,1
1352_jpg.rf.d33033b314f56f27d9a35d5dde8f7509_0020.jpg,WEED6C_crops/1352_jpg.rf.d33033b314f56f27d9a35d5dde8f7509_0020.jpg,4
0381_jpg.rf.cddb21d4777e113ec1f33da97eb01a9c_0011.jpg,WEED6C_crops/0381_jpg.rf.cddb21d4777e113ec1f33da97eb01a9c_0011.jpg,0
0658_jpg.rf.dd46cbc5d9028fb893307272050c8f54_0001.jpg,WEED6C_crops/0658_jpg.rf.dd46cbc5d9028fb893307272050c8f54_0001.jpg,0
0334_jpg.rf.b89158792ac6873fac9d3fa05614ddf3_0002.jpg,WEED6C_crops/0334_jpg.rf.b89158792ac6873fac9d3fa05614ddf3_0002.jpg,2
0603_jpg.rf.cab64e31d05fefc48f7cd476fb6c4aa8_0003.jpg,WEED6C_crops/0603_jpg.rf.cab64e31d05fefc48f7cd476fb6c4aa8_0003.jpg,0
0604_jpg.rf.b732286c8565a461ffedafaa010eea7a_0004.jpg,WEED6C_crops/0604_jpg.rf.b732286c8565a461ffedafaa010eea7a_0004.jpg,3
0300_jpg.rf.223c08176eaaa4c8062e697edca0bd42_0001.jpg,WEED6C_crops/0300_jpg.rf.223c08176eaaa4c8062e697edca0bd42_0001.jpg,3
1256_jpg.rf.f75d3008698d0391acb4aec220b896fc_0001.jpg,WEED6C_crops/1256_jpg.rf.f75d3008698d0391acb4aec220b896fc_0001.jpg,4
0107_jpg.rf.c40ca56c9970d6c29d5d3dbec3f9c153_0004.jpg,WEED6C_crops/0107_jpg.rf.c40ca56c9970d6c29d5d3dbec3f9c153_0004.jpg,5
0731_jpg.rf.5611f7214a735224da9a9c6950060feb_0003.jpg,WEED6C_crops/0731_jpg.rf.5611f7214a735224da9a9c6950060feb_0003.jpg,0
1349_jpg.rf.f2a77b8dcb3c036a18eb11f545a535f5_0016.jpg,WEED6C_crops/1349_jpg.rf.f2a77b8dcb3c036a18eb11f545a535f5_0016.jpg,4
1253_jpg.rf.9658543ae33aaf005575666b3e5b4453_0001.jpg,WEED6C_crops/1253_jpg.rf.9658543ae33aaf005575666b3e5b4453_0001.jpg,1
0351_jpg.rf.0a701bdb43cd1fc757bc28789adc90f3_0010.jpg,WEED6C_crops/0351_jpg.rf.0a701bdb43cd1fc757bc28789adc90f3_0010.jpg,3
1279_jpg.rf.3859686293ba7d5fcec5e84b599fd5de_0019.jpg,WEED6C_crops/1279_jpg.rf.3859686293ba7d5fcec5e84b599fd5de_0019.jpg,4
0222_jpg.rf.8329be7c80a819178b5c8e1e6fb6d73c_0004.jpg,WEED6C_crops/0222_jpg.rf.8329be7c80a819178b5c8e1e6fb6d73c_0004.jpg,0
0884_jpg.rf.177355f2bb9b730dc0314514d3ed4a43_0002.jpg,WEED6C_crops/0884_jpg.rf.177355f2bb9b730dc0314514d3ed4a43_0002.jpg,3
1264_jpg.rf.9dcfa7b826804ef4063b1ac764b21e8c_0002.jpg,WEED6C_crops/1264_jpg.rf.9dcfa7b826804ef4063b1ac764b21e8c_0002.jpg,4
0385_jpg.rf.0cedb900ae3c9a125bf2aba2c65e6856_0004.jpg,WEED6C_crops/0385_jpg.rf.0cedb900ae3c9a125bf2aba2c65e6856_0004.jpg,0
0269_jpg.rf.d2afcb6e7376916e7b38e303cb36bf50_0014.jpg,WEED6C_crops/0269_jpg.rf.d2afcb6e7376916e7b38e303cb36bf50_0014.jpg,3
0785_jpg.rf.1e7c9f56ec6f547a332200a8b0911d08_0001.jpg,WEED6C_crops/0785_jpg.rf.1e7c9f56ec6f547a332200a8b0911d08_0001.jpg,0
1295_jpg.rf.f42892f9b9b14e4cd48cb8f649d05aa8_0014.jpg,WEED6C_crops/1295_jpg.rf.f42892f9b9b14e4cd48cb8f649d05aa8_0014.jpg,4
0004_jpg.rf.0a2a04b7ef88cb4fbe1a2aaa2bc1698c_0001.jpg,WEED6C_crops/0004_jpg.rf.0a2a04b7ef88cb4fbe1a2aaa2bc1698c_0001.jpg,5
0731_jpg.rf.5611f7214a735224da9a9c6950060feb_0004.jpg,WEED6C_crops/0731_jpg.rf.5611f7214a735224da9a9c6950060feb_0004.jpg,3
0508_jpg.rf.8b49790dd805f5db355e85bd8bb3cf92_0007.jpg,WEED6C_crops/0508_jpg.rf.8b49790dd805f5db355e85bd8bb3cf92_0007.jpg,3
1356_jpg.rf.2f9a9ccab7035b4c81a5ca992e4a9838_0001.jpg,WEED6C_crops/1356_jpg.rf.2f9a9ccab7035b4c81a5ca992e4a9838_0001.jpg,4
0278_jpg.rf.15b2a8c784e81820e90c2403b778d212_0009.jpg,WEED6C_crops/0278_jpg.rf.15b2a8c784e81820e90c2403b778d212_0009.jpg,1
0242_jpg.rf.52800b665a2b860fd527febaee511016_0007.jpg,WEED6C_crops/0242_jpg.rf.52800b665a2b860fd527febaee511016_0007.jpg,0
0418_jpg.rf.4059aeac0ff350b762c70fa4c0dcba3e_0002.jpg,WEED6C_crops/0418_jpg.rf.4059aeac0ff350b762c70fa4c0dcba3e_0002.jpg,0
1309_jpg.rf.e8decfa87bab80f1d06f4a5f0fd41e2e_0001.jpg,WEED6C_crops/1309_jpg.rf.e8decfa87bab80f1d06f4a5f0fd41e2e_0001.jpg,1
0407_jpg.rf.93d5caf72d57a349482cf4f2656226a3_0002.jpg,WEED6C_crops/0407_jpg.rf.93d5caf72d57a349482cf4f2656226a3_0002.jpg,3
0049_jpg.rf.9864496ca9eb713c038ad3c004f91271_0007.jpg,WEED6C_crops/0049_jpg.rf.9864496ca9eb713c038ad3c004f91271_0007.jpg,5
1248_jpg.rf.290b7f88a115132b8a4ebfe43b032865_0001.jpg,WEED6C_crops/1248_jpg.rf.290b7f88a115132b8a4ebfe43b032865_0001.jpg,1
1245_jpg.rf.4069f16d0c1ce36ab134055a59d74c0e_0012.jpg,WEED6C_crops/1245_jpg.rf.4069f16d0c1ce36ab134055a59d74c0e_0012.jpg,4
1382_jpg.rf.c7bb27d718933e160b3c41d3f17e3d83_0002.jpg,WEED6C_crops/1382_jpg.rf.c7bb27d718933e160b3c41d3f17e3d83_0002.jpg,4
1237_jpg.rf.e87e95a727e50bae03c61f0b1e8522b6_0016.jpg,WEED6C_crops/1237_jpg.rf.e87e95a727e50bae03c61f0b1e8522b6_0016.jpg,4
1329_jpg.rf.426dd1a986894a1761d247c3a9bd3e6d_0020.jpg,WEED6C_crops/1329_jpg.rf.426dd1a986894a1761d247c3a9bd3e6d_0020.jpg,4
0841_jpg.rf.9b192c44368ad3e5cc330b50324fbeca_0002.jpg,WEED6C_crops/0841_jpg.rf.9b192c44368ad3e5cc330b50324fbeca_0002.jpg,3
0456_jpg.rf.9d14c05bd3dc0b520f3408423685fb1b_0002.jpg,WEED6C_crops/0456_jpg.rf.9d14c05bd3dc0b520f3408423685fb1b_0002.jpg,1
0324_jpg.rf.9710431a5a53db1bae42bc39d178be65_0001.jpg,WEED6C_crops/0324_jpg.rf.9710431a5a53db1bae42bc39d178be65_0001.jpg,3
0272_jpg.rf.5a9e2d55fbac5b624c22a75911b0f5de_0014.jpg,WEED6C_crops/0272_jpg.rf.5a9e2d55fbac5b624c22a75911b0f5de_0014.jpg,0
1232_jpg.rf.6a70f87f86c34e215d593fa33bdb4046_0025.jpg,WEED6C_crops/1232_jpg.rf.6a70f87f86c34e215d593fa33bdb4046_0025.jpg,4
1353_jpg.rf.bec9bcda29461e97059f99cbf8431546_0004.jpg,WEED6C_crops/1353_jpg.rf.bec9bcda29461e97059f99cbf8431546_0004.jpg,4
1335_jpg.rf.4542defdf24b71cc8710a92fb5b45c9d_0003.jpg,WEED6C_crops/1335_jpg.rf.4542defdf24b71cc8710a92fb5b45c9d_0003.jpg,4
1272_jpg.rf.1363494df0282fc834a2393d4cb99124_0002.jpg,WEED6C_crops/1272_jpg.rf.1363494df0282fc834a2393d4cb99124_0002.jpg,4
1353_jpg.rf.bec9bcda29461e97059f99cbf8431546_0001.jpg,WEED6C_crops/1353_jpg.rf.bec9bcda29461e97059f99cbf8431546_0001.jpg,4
1287_jpg.rf.0bdfb5a514691b4b64c3bd4322c0459b_0007.jpg,WEED6C_crops/1287_jpg.rf.0bdfb5a514691b4b64c3bd4322c0459b_0007.jpg,4
0755_jpg.rf.fd7709cff78dc130ad0bbefbfff3bc6e_0002.jpg,WEED6C_crops/0755_jpg.rf.fd7709cff78dc130ad0bbefbfff3bc6e_0002.jpg,2
0587_jpg.rf.34423b5bd5adc1763c08501326a3c2e9_0002.jpg,WEED6C_crops/0587_jpg.rf.34423b5bd5adc1763c08501326a3c2e9_0002.jpg,3
0653_jpg.rf.95a2eb83eb9c4e67c4ba91868d07701d_0002.jpg,WEED6C_crops/0653_jpg.rf.95a2eb83eb9c4e67c4ba91868d07701d_0002.jpg,3
0825_jpg.rf.a455d0a7c34b18c59ee38c90d66b006a_0007.jpg,WEED6C_crops/0825_jpg.rf.a455d0a7c34b18c59ee38c90d66b006a_0007.jpg,2
1362_jpg.rf.ab5fc04e9f26ec91359122ba4c109436_0036.jpg,WEED6C_crops/1362_jpg.rf.ab5fc04e9f26ec91359122ba4c109436_0036.jpg,4
1374_jpg.rf.6c64883712d67a3ad448ca10c0398308_0046.jpg,WEED6C_crops/1374_jpg.rf.6c64883712d67a3ad448ca10c0398308_0046.jpg,4
0280_jpg.rf.3ce53678ac19500daa9a33c002511d2c_0012.jpg,WEED6C_crops/0280_jpg.rf.3ce53678ac19500daa9a33c002511d2c_0012.jpg,3
0758_jpg.rf.e486684d6a6f282cc737a0836e6d08ff_0002.jpg,WEED6C_crops/0758_jpg.rf.e486684d6a6f282cc737a0836e6d08ff_0002.jpg,3
0293_jpg.rf.fe63fe269d1f9ff3ae4f33331785ae5d_0001.jpg,WEED6C_crops/0293_jpg.rf.fe63fe269d1f9ff3ae4f33331785ae5d_0001.jpg,3
0089_jpg.rf.9e1dbaf327f9c0c5c135eb6d10ec9fc3_0003.jpg,WEED6C_crops/0089_jpg.rf.9e1dbaf327f9c0c5c135eb6d10ec9fc3_0003.jpg,5
1361_jpg.rf.fce9ac7b2b25171d1b0e7ccf4383cf25_0025.jpg,WEED6C_crops/1361_jpg.rf.fce9ac7b2b25171d1b0e7ccf4383cf25_0025.jpg,4
1366_jpg.rf.03f231049801971512990ca20f3424d9_0003.jpg,WEED6C_crops/1366_jpg.rf.03f231049801971512990ca20f3424d9_0003.jpg,4
1253_jpg.rf.9658543ae33aaf005575666b3e5b4453_0005.jpg,WEED6C_crops/1253_jpg.rf.9658543ae33aaf005575666b3e5b4453_0005.jpg,4
1326_jpg.rf.ba5307608bcddc028d4a821d0505dda6_0001.jpg,WEED6C_crops/1326_jpg.rf.ba5307608bcddc028d4a821d0505dda6_0001.jpg,4
0881_jpg.rf.d667740d66c615bae7d31d677124a687_0013.jpg,WEED6C_crops/0881_jpg.rf.d667740d66c615bae7d31d677124a687_0013.jpg,3
0856_jpg.rf.55d3bc35cbf75a8f3de29e1c6297a5f2_0007.jpg,WEED6C_crops/0856_jpg.rf.55d3bc35cbf75a8f3de29e1c6297a5f2_0007.jpg,0
0382_jpg.rf.aac39ca648c83b6f8c22e4446970b6ba_0007.jpg,WEED6C_crops/0382_jpg.rf.aac39ca648c83b6f8c22e4446970b6ba_0007.jpg,1
0658_jpg.rf.dd46cbc5d9028fb893307272050c8f54_0003.jpg,WEED6C_crops/0658_jpg.rf.dd46cbc5d9028fb893307272050c8f54_0003.jpg,3
0376_jpg.rf.6cd0c61dcecc80d6794b8fd0cb7a2c07_0003.jpg,WEED6C_crops/0376_jpg.rf.6cd0c61dcecc80d6794b8fd0cb7a2c07_0003.jpg,3
1208_jpg.rf.ad2da2895e1ea9e50df5950b77eabcb9_0001.jpg,WEED6C_crops/1208_jpg.rf.ad2da2895e1ea9e50df5950b77eabcb9_0001.jpg,0
0880_jpg.rf.a860eba8db5740a0f6407dedcb62dd42_0007.jpg,WEED6C_crops/0880_jpg.rf.a860eba8db5740a0f6407dedcb62dd42_0007.jpg,3
0085_jpg.rf.899d587859a2f54a75195c7523a70472_0001.jpg,WEED6C_crops/0085_jpg.rf.899d587859a2f54a75195c7523a70472_0001.jpg,5
1355_jpg.rf.6913dec06d5038de035d46f593a0bd9e_0017.jpg,WEED6C_crops/1355_jpg.rf.6913dec06d5038de035d46f593a0bd9e_0017.jpg,4
1308_jpg.rf.0cf1ad89ac72afc184513083fa85d00e_0008.jpg,WEED6C_crops/1308_jpg.rf.0cf1ad89ac72afc184513083fa85d00e_0008.jpg,4
0804_jpg.rf.d61cc5e060245310e2a9c16bf2d38672_0005.jpg,WEED6C_crops/0804_jpg.rf.d61cc5e060245310e2a9c16bf2d38672_0005.jpg,3
0875_jpg.rf.69350114bdfdf32e006a5a2f0aacba2d_0001.jpg,WEED6C_crops/0875_jpg.rf.69350114bdfdf32e006a5a2f0aacba2d_0001.jpg,3
1156_jpg.rf.4d13894040fe4ee2928a8b03f8950b90_0001.jpg,WEED6C_crops/1156_jpg.rf.4d13894040fe4ee2928a8b03f8950b90_0001.jpg,2
0905_jpg.rf.5a1b7582aaae62dad96fd4b02e23f919_0007.jpg,WEED6C_crops/0905_jpg.rf.5a1b7582aaae62dad96fd4b02e23f919_0007.jpg,2
0915_jpg.rf.788edb80f1738dfc2b4f1d40d3ed02a1_0001.jpg,WEED6C_crops/0915_jpg.rf.788edb80f1738dfc2b4f1d40d3ed02a1_0001.jpg,3
0356_jpg.rf.304e18f543bd7e04bb9b4f750bb7ecda_0004.jpg,WEED6C_crops/0356_jpg.rf.304e18f543bd7e04bb9b4f750bb7ecda_0004.jpg,1
0833_jpg.rf.039a09c9dc3d7844756e0e7031f744f5_0008.jpg,WEED6C_crops/0833_jpg.rf.039a09c9dc3d7844756e0e7031f744f5_0008.jpg,3
0556_jpg.rf.f638eeff7dc174960174e7b5e8a42cf3_0003.jpg,WEED6C_crops/0556_jpg.rf.f638eeff7dc174960174e7b5e8a42cf3_0003.jpg,3
0995_jpg.rf.91cc6340c03a408db29aa5cb396b54a0_0004.jpg,WEED6C_crops/0995_jpg.rf.91cc6340c03a408db29aa5cb396b54a0_0004.jpg,3
1363_jpg.rf.768baa0bd4528831bffe24eb9aa3b51f_0033.jpg,WEED6C_crops/1363_jpg.rf.768baa0bd4528831bffe24eb9aa3b51f_0033.jpg,4
0485_jpg.rf.cbb0980b24da94eb13b8874bb50d6e7e_0002.jpg,WEED6C_crops/0485_jpg.rf.cbb0980b24da94eb13b8874bb50d6e7e_0002.jpg,3
1371_jpg.rf.a6456e830a9f9304e2912a0bfb2abda4_0015.jpg,WEED6C_crops/1371_jpg.rf.a6456e830a9f9304e2912a0bfb2abda4_0015.jpg,4
0895_jpg.rf.83ba4fefe1afad3266557765abe3fe14_0002.jpg,WEED6C_crops/0895_jpg.rf.83ba4fefe1afad3266557765abe3fe14_0002.jpg,3
0326_jpg.rf.039e0109904fa5bfd35e60e44b5ce601_0009.jpg,WEED6C_crops/0326_jpg.rf.039e0109904fa5bfd35e60e44b5ce601_0009.jpg,3
1044_jpg.rf.e3a9f33f6779f5ea9a0b4424b69171a1_0002.jpg,WEED6C_crops/1044_jpg.rf.e3a9f33f6779f5ea9a0b4424b69171a1_0002.jpg,0
1369_jpg.rf.b115facc4e1a8ff9927fa196a84b853d_0053.jpg,WEED6C_crops/1369_jpg.rf.b115facc4e1a8ff9927fa196a84b853d_0053.jpg,1
1345_jpg.rf.7dc260eec167fcfaa4312588633931cc_0003.jpg,WEED6C_crops/1345_jpg.rf.7dc260eec167fcfaa4312588633931cc_0003.jpg,4
0756_jpg.rf.2ad4dc777ddb5964fdec5a90398eef93_0005.jpg,WEED6C_crops/0756_jpg.rf.2ad4dc777ddb5964fdec5a90398eef93_0005.jpg,0
0115_jpg.rf.2d5e1e87458c89db917151f8b0123b47_0001.jpg,WEED6C_crops/0115_jpg.rf.2d5e1e87458c89db917151f8b0123b47_0001.jpg,5
1365_jpg.rf.d745a616307c062e3f3851230aee2c41_0019.jpg,WEED6C_crops/1365_jpg.rf.d745a616307c062e3f3851230aee2c41_0019.jpg,4
0617_jpg.rf.3ba44e656215f94c8a40a11be82e3b37_0003.jpg,WEED6C_crops/0617_jpg.rf.3ba44e656215f94c8a40a11be82e3b37_0003.jpg,1
0387_jpg.rf.7c3295680c7efc4e9f9f30819ac54b6e_0003.jpg,WEED6C_crops/0387_jpg.rf.7c3295680c7efc4e9f9f30819ac54b6e_0003.jpg,1
1377_jpg.rf.13024f6056bd3ee967e54a75b53fd777_0005.jpg,WEED6C_crops/1377_jpg.rf.13024f6056bd3ee967e54a75b53fd777_0005.jpg,4
1049_jpg.rf.037fa3562bd66fd6dc1fb60804855b89_0004.jpg,WEED6C_crops/1049_jpg.rf.037fa3562bd66fd6dc1fb60804855b89_0004.jpg,0
0732_jpg.rf.fdc130bbf01ecfb0b8f7be2a3ee57d86_0006.jpg,WEED6C_crops/0732_jpg.rf.fdc130bbf01ecfb0b8f7be2a3ee57d86_0006.jpg,3
1286_jpg.rf.a2f3cfb47234b710f8934ba54d6eb78d_0018.jpg,WEED6C_crops/1286_jpg.rf.a2f3cfb47234b710f8934ba54d6eb78d_0018.jpg,4
1265_jpg.rf.459c2e1e9909ee52948bcfdb891d5d39_0014.jpg,WEED6C_crops/1265_jpg.rf.459c2e1e9909ee52948bcfdb891d5d39_0014.jpg,4
0020_jpg.rf.1e78a43d0a0f291598098dcdc500131f_0003.jpg,WEED6C_crops/0020_jpg.rf.1e78a43d0a0f291598098dcdc500131f_0003.jpg,5
0876_jpg.rf.048887d24f3b405131ce7dd5aa738324_0002.jpg,WEED6C_crops/0876_jpg.rf.048887d24f3b405131ce7dd5aa738324_0002.jpg,0
0510_jpg.rf.c858093e043596f9a56df2092b01935e_0001.jpg,WEED6C_crops/0510_jpg.rf.c858093e043596f9a56df2092b01935e_0001.jpg,1
1241_jpg.rf.a5be0ca237cc5fdf5c86f10349dafb96_0032.jpg,WEED6C_crops/1241_jpg.rf.a5be0ca237cc5fdf5c86f10349dafb96_0032.jpg,4
0270_jpg.rf.7816289c31a817d7f79f8a94d855140e_0010.jpg,WEED6C_crops/0270_jpg.rf.7816289c31a817d7f79f8a94d855140e_0010.jpg,3
0262_jpg.rf.f1ff50f357ac413bcfba75ad3619d77d_0008.jpg,WEED6C_crops/0262_jpg.rf.f1ff50f357ac413bcfba75ad3619d77d_0008.jpg,2
1354_jpg.rf.cfa3e2f0904af788a0555ee8bd188254_0008.jpg,WEED6C_crops/1354_jpg.rf.cfa3e2f0904af788a0555ee8bd188254_0008.jpg,4
0380_jpg.rf.b7d0b2854cc8079b8d7d331027e84793_0004.jpg,WEED6C_crops/0380_jpg.rf.b7d0b2854cc8079b8d7d331027e84793_0004.jpg,3
1343_jpg.rf.5f18c75b4fd49b4163ba2bb3af2f505f_0021.jpg,WEED6C_crops/1343_jpg.rf.5f18c75b4fd49b4163ba2bb3af2f505f_0021.jpg,4
0548_jpg.rf.1482f6cb6705a1a4532c92848414f292_0001.jpg,WEED6C_crops/0548_jpg.rf.1482f6cb6705a1a4532c92848414f292_0001.jpg,0
0630_jpg.rf.baa1b2c8e70450bdc9f48512734fdc4a_0003.jpg,WEED6C_crops/0630_jpg.rf.baa1b2c8e70450bdc9f48512734fdc4a_0003.jpg,1
1248_jpg.rf.290b7f88a115132b8a4ebfe43b032865_0004.jpg,WEED6C_crops/1248_jpg.rf.290b7f88a115132b8a4ebfe43b032865_0004.jpg,1
0774_jpg.rf.3388664754d6183c6122f2d0d9a268a6_0002.jpg,WEED6C_crops/0774_jpg.rf.3388664754d6183c6122f2d0d9a268a6_0002.jpg,3
1383_jpg.rf.774d8f8762ff9dbe26c5db3a3e211276_0007.jpg,WEED6C_crops/1383_jpg.rf.774d8f8762ff9dbe26c5db3a3e211276_0007.jpg,4
0823_jpg.rf.35b65e0d3530e9d9f8e9efea9663de95_0003.jpg,WEED6C_crops/0823_jpg.rf.35b65e0d3530e9d9f8e9efea9663de95_0003.jpg,3
0324_jpg.rf.9710431a5a53db1bae42bc39d178be65_0007.jpg,WEED6C_crops/0324_jpg.rf.9710431a5a53db1bae42bc39d178be65_0007.jpg,3
1361_jpg.rf.fce9ac7b2b25171d1b0e7ccf4383cf25_0015.jpg,WEED6C_crops/1361_jpg.rf.fce9ac7b2b25171d1b0e7ccf4383cf25_0015.jpg,4
1340_jpg.rf.49f7cdb25f0fa78442f011562a376881_0016.jpg,WEED6C_crops/1340_jpg.rf.49f7cdb25f0fa78442f011562a376881_0016.jpg,4
1232_jpg.rf.6a70f87f86c34e215d593fa33bdb4046_0002.jpg,WEED6C_crops/1232_jpg.rf.6a70f87f86c34e215d593fa33bdb4046_0002.jpg,1
1367_jpg.rf.525537f6569c4903b5b939c2e8220219_0024.jpg,WEED6C_crops/1367_jpg.rf.525537f6569c4903b5b939c2e8220219_0024.jpg,4
1357_jpg.rf.65ed3ccb047c00c090abcb2750f4d22e_0026.jpg,WEED6C_crops/1357_jpg.rf.65ed3ccb047c00c090abcb2750f4d22e_0026.jpg,4
1241_jpg.rf.a5be0ca237cc5fdf5c86f10349dafb96_0006.jpg,WEED6C_crops/1241_jpg.rf.a5be0ca237cc5fdf5c86f10349dafb96_0006.jpg,4
0970_jpg.rf.6184d646bac6ccf09040b682b9ce2107_0005.jpg,WEED6C_crops/0970_jpg.rf.6184d646bac6ccf09040b682b9ce2107_0005.jpg,0
0818_jpg.rf.b11a7903eb8f3a4c5a8c8f589c9a253b_0010.jpg,WEED6C_crops/0818_jpg.rf.b11a7903eb8f3a4c5a8c8f589c9a253b_0010.jpg,2
0373_jpg.rf.392cf5041dffedb5953e5e568b209a92_0005.jpg,WEED6C_crops/0373_jpg.rf.392cf5041dffedb5953e5e568b209a92_0005.jpg,3
0472_jpg.rf.85e931efad0bb7cf112ec8bcf119a1d5_0003.jpg,WEED6C_crops/0472_jpg.rf.85e931efad0bb7cf112ec8bcf119a1d5_0003.jpg,3
1238_jpg.rf.8f2e4dde815b3cdba79f2d24a33ad9eb_0008.jpg,WEED6C_crops/1238_jpg.rf.8f2e4dde815b3cdba79f2d24a33ad9eb_0008.jpg,1
0225_jpg.rf.693b1cbe81f88b209fc23413639d818e_0001.jpg,WEED6C_crops/0225_jpg.rf.693b1cbe81f88b209fc23413639d818e_0001.jpg,3
0873_jpg.rf.784a4dd827724fdb5e5e3aaabc7c9e84_0001.jpg,WEED6C_crops/0873_jpg.rf.784a4dd827724fdb5e5e3aaabc7c9e84_0001.jpg,0
1240_jpg.rf.e1ad20f0f2011d323769409c17d77863_0020.jpg,WEED6C_crops/1240_jpg.rf.e1ad20f0f2011d323769409c17d77863_0020.jpg,4
0655_jpg.rf.9731d241c8517aaac5f38f8709892ca0_0001.jpg,WEED6C_crops/0655_jpg.rf.9731d241c8517aaac5f38f8709892ca0_0001.jpg,3
0417_jpg.rf.ea8a84fab50109df89cf56b957b96d0b_0004.jpg,WEED6C_crops/0417_jpg.rf.ea8a84fab50109df89cf56b957b96d0b_0004.jpg,0
0717_jpg.rf.9a263fe6e6c233012637a8e31ceb7376_0004.jpg,WEED6C_crops/0717_jpg.rf.9a263fe6e6c233012637a8e31ceb7376_0004.jpg,3
1295_jpg.rf.f42892f9b9b14e4cd48cb8f649d05aa8_0006.jpg,WEED6C_crops/1295_jpg.rf.f42892f9b9b14e4cd48cb8f649d05aa8_0006.jpg,4
1362_jpg.rf.ab5fc04e9f26ec91359122ba4c109436_0029.jpg,WEED6C_crops/1362_jpg.rf.ab5fc04e9f26ec91359122ba4c109436_0029.jpg,4
0590_jpg.rf.d8ed8fc15579f012be41d7c809ba756a_0006.jpg,WEED6C_crops/0590_jpg.rf.d8ed8fc15579f012be41d7c809ba756a_0006.jpg,3
1269_jpg.rf.a7aa44bf37b1acdf893fbf766e513c67_0001.jpg,WEED6C_crops/1269_jpg.rf.a7aa44bf37b1acdf893fbf766e513c67_0001.jpg,1
0901_jpg.rf.a3de89769366e7b5ca0b3e800cc66ccf_0005.jpg,WEED6C_crops/0901_jpg.rf.a3de89769366e7b5ca0b3e800cc66ccf_0005.jpg,2
0085_jpg.rf.899d587859a2f54a75195c7523a70472_0003.jpg,WEED6C_crops/0085_jpg.rf.899d587859a2f54a75195c7523a70472_0003.jpg,5
1331_jpg.rf.bea84746baedc30f67acb247d5624cb6_0002.jpg,WEED6C_crops/1331_jpg.rf.bea84746baedc30f67acb247d5624cb6_0002.jpg,4
1289_jpg.rf.957e6f56bd4082a5f0de4abb3406240f_0014.jpg,WEED6C_crops/1289_jpg.rf.957e6f56bd4082a5f0de4abb3406240f_0014.jpg,4
0393_jpg.rf.e0e9f1da16f64fa7a69f82d78bc6de12_0003.jpg,WEED6C_crops/0393_jpg.rf.e0e9f1da16f64fa7a69f82d78bc6de12_0003.jpg,3
0830_jpg.rf.8781b961273330d6d6176c9d9e45393a_0008.jpg,WEED6C_crops/0830_jpg.rf.8781b961273330d6d6176c9d9e45393a_0008.jpg,3
1353_jpg.rf.bec9bcda29461e97059f99cbf8431546_0010.jpg,WEED6C_crops/1353_jpg.rf.bec9bcda29461e97059f99cbf8431546_0010.jpg,4
0323_jpg.rf.ee66aec59212ce1d687736973598e699_0007.jpg,WEED6C_crops/0323_jpg.rf.ee66aec59212ce1d687736973598e699_0007.jpg,3
0881_jpg.rf.d667740d66c615bae7d31d677124a687_0004.jpg,WEED6C_crops/0881_jpg.rf.d667740d66c615bae7d31d677124a687_0004.jpg,1
1383_jpg.rf.774d8f8762ff9dbe26c5db3a3e211276_0036.jpg,WEED6C_crops/1383_jpg.rf.774d8f8762ff9dbe26c5db3a3e211276_0036.jpg,1
1264_jpg.rf.9dcfa7b826804ef4063b1ac764b21e8c_0017.jpg,WEED6C_crops/1264_jpg.rf.9dcfa7b826804ef4063b1ac764b21e8c_0017.jpg,4
0597_jpg.rf.9d2497c6013f54c4ade8b241c083f94e_0002.jpg,WEED6C_crops/0597_jpg.rf.9d2497c6013f54c4ade8b241c083f94e_0002.jpg,3
0545_jpg.rf.a38b48574a8c706bbf9111f17b178822_0004.jpg,WEED6C_crops/0545_jpg.rf.a38b48574a8c706bbf9111f17b178822_0004.jpg,3
1232_jpg.rf.6a70f87f86c34e215d593fa33bdb4046_0023.jpg,WEED6C_crops/1232_jpg.rf.6a70f87f86c34e215d593fa33bdb4046_0023.jpg,4
0376_jpg.rf.6cd0c61dcecc80d6794b8fd0cb7a2c07_0007.jpg,WEED6C_crops/0376_jpg.rf.6cd0c61dcecc80d6794b8fd0cb7a2c07_0007.jpg,1
1266_jpg.rf.b6ff71f2ca53cd0403e63652331b6edb_0026.jpg,WEED6C_crops/1266_jpg.rf.b6ff71f2ca53cd0403e63652331b6edb_0026.jpg,4
0622_jpg.rf.bac38413e179433488d725f34700a973_0001.jpg,WEED6C_crops/0622_jpg.rf.bac38413e179433488d725f34700a973_0001.jpg,0
1328_jpg.rf.28a21bbb1b3a92b5d4aab483e1b5d7d7_0012.jpg,WEED6C_crops/1328_jpg.rf.28a21bbb1b3a92b5d4aab483e1b5d7d7_0012.jpg,4
1067_jpg.rf.c12cea45c4433bf4fbe8f4f055d30e37_0002.jpg,WEED6C_crops/1067_jpg.rf.c12cea45c4433bf4fbe8f4f055d30e37_0002.jpg,3
0418_jpg.rf.4059aeac0ff350b762c70fa4c0dcba3e_0001.jpg,WEED6C_crops/0418_jpg.rf.4059aeac0ff350b762c70fa4c0dcba3e_0001.jpg,1
0242_jpg.rf.52800b665a2b860fd527febaee511016_0012.jpg,WEED6C_crops/0242_jpg.rf.52800b665a2b860fd527febaee511016_0012.jpg,3
0295_jpg.rf.0cb1bae9f44332d2bc55ceb2715f71ea_0014.jpg,WEED6C_crops/0295_jpg.rf.0cb1bae9f44332d2bc55ceb2715f71ea_0014.jpg,1
0614_jpg.rf.6460a83fcbd88ffd7ab9a2fe6d9fa41b_0004.jpg,WEED6C_crops/0614_jpg.rf.6460a83fcbd88ffd7ab9a2fe6d9fa41b_0004.jpg,3
0227_jpg.rf.dc436b0352012e238cc756d52ec09db2_0005.jpg,WEED6C_crops/0227_jpg.rf.dc436b0352012e238cc756d52ec09db2_0005.jpg,0
1281_jpg.rf.91cc48b7ff601ee1d856d9c0b41bd97d_0003.jpg,WEED6C_crops/1281_jpg.rf.91cc48b7ff601ee1d856d9c0b41bd97d_0003.jpg,4
1337_jpg.rf.e28a9d239b7f72ac8aa2c724b2e787bd_0012.jpg,WEED6C_crops/1337_jpg.rf.e28a9d239b7f72ac8aa2c724b2e787bd_0012.jpg,4
0406_jpg.rf.9017ef4252883a9da552c165a4ef0334_0003.jpg,WEED6C_crops/0406_jpg.rf.9017ef4252883a9da552c165a4ef0334_0003.jpg,3
0576_jpg.rf.20d97322e246d5bbd7dc99fd1ed0c7d7_0003.jpg,WEED6C_crops/0576_jpg.rf.20d97322e246d5bbd7dc99fd1ed0c7d7_0003.jpg,3
1363_jpg.rf.768baa0bd4528831bffe24eb9aa3b51f_0042.jpg,WEED6C_crops/1363_jpg.rf.768baa0bd4528831bffe24eb9aa3b51f_0042.jpg,4
0896_jpg.rf.0bda0ed76fce664d070b9f933f42f694_0007.jpg,WEED6C_crops/0896_jpg.rf.0bda0ed76fce664d070b9f933f42f694_0007.jpg,3
0329_jpg.rf.049735d0273f92018a89f069d92efbe5_0002.jpg,WEED6C_crops/0329_jpg.rf.049735d0273f92018a89f069d92efbe5_0002.jpg,2
0007_jpg.rf.eaf859057bb2031ba3cc82b453856b56_0002.jpg,WEED6C_crops/0007_jpg.rf.eaf859057bb2031ba3cc82b453856b56_0002.jpg,5
1320_jpg.rf.6cd9a341d74c0a49c59e29b05bd7bd44_0008.jpg,WEED6C_crops/1320_jpg.rf.6cd9a341d74c0a49c59e29b05bd7bd44_0008.jpg,4
1348_jpg.rf.f5893179f9b6a36ba0042a01452efe78_0004.jpg,WEED6C_crops/1348_jpg.rf.f5893179f9b6a36ba0042a01452efe78_0004.jpg,4
1367_jpg.rf.525537f6569c4903b5b939c2e8220219_0013.jpg,WEED6C_crops/1367_jpg.rf.525537f6569c4903b5b939c2e8220219_0013.jpg,4
1238_jpg.rf.8f2e4dde815b3cdba79f2d24a33ad9eb_0020.jpg,WEED6C_crops/1238_jpg.rf.8f2e4dde815b3cdba79f2d24a33ad9eb_0020.jpg,4
1313_jpg.rf.9e5965f174b9d39cedf845bc37e26a4d_0013.jpg,WEED6C_crops/1313_jpg.rf.9e5965f174b9d39cedf845bc37e26a4d_0013.jpg,4
1280_jpg.rf.35bb77e8b09a63c0fe616ea76a082955_0004.jpg,WEED6C_crops/1280_jpg.rf.35bb77e8b09a63c0fe616ea76a082955_0004.jpg,1
0267_jpg.rf.188ea6711170d685e1fc95c1e914b515_0010.jpg,WEED6C_crops/0267_jpg.rf.188ea6711170d685e1fc95c1e914b515_0010.jpg,0
0224_jpg.rf.5f80d3362f0762511fcc46d1810f07b5_0002.jpg,WEED6C_crops/0224_jpg.rf.5f80d3362f0762511fcc46d1810f07b5_0002.jpg,3
0278_jpg.rf.15b2a8c784e81820e90c2403b778d212_0010.jpg,WEED6C_crops/0278_jpg.rf.15b2a8c784e81820e90c2403b778d212_0010.jpg,3
1275_jpg.rf.65866643a6cd0f4dcd05a33f2a923468_0002.jpg,WEED6C_crops/1275_jpg.rf.65866643a6cd0f4dcd05a33f2a923468_0002.jpg,4
0212_jpg.rf.84a3d9edb1f19ad25977c2a8b8e39875_0002.jpg,WEED6C_crops/0212_jpg.rf.84a3d9edb1f19ad25977c2a8b8e39875_0002.jpg,1
0293_jpg.rf.fe63fe269d1f9ff3ae4f33331785ae5d_0010.jpg,WEED6C_crops/0293_jpg.rf.fe63fe269d1f9ff3ae4f33331785ae5d_0010.jpg,3
1356_jpg.rf.2f9a9ccab7035b4c81a5ca992e4a9838_0029.jpg,WEED6C_crops/1356_jpg.rf.2f9a9ccab7035b4c81a5ca992e4a9838_0029.jpg,4
1311_jpg.rf.4a2f9977c5ce6af1d01a777bdced6f04_0010.jpg,WEED6C_crops/1311_jpg.rf.4a2f9977c5ce6af1d01a777bdced6f04_0010.jpg,4
1274_jpg.rf.c49661fafad31d4021277dbf9da35bc4_0001.jpg,WEED6C_crops/1274_jpg.rf.c49661fafad31d4021277dbf9da35bc4_0001.jpg,4
1375_jpg.rf.b0f1411c79e1b676b013097ecfe9a149_0012.jpg,WEED6C_crops/1375_jpg.rf.b0f1411c79e1b676b013097ecfe9a149_0012.jpg,4
0470_jpg.rf.7a0975980ab27a0b0624f896bc2ac8b5_0003.jpg,WEED6C_crops/0470_jpg.rf.7a0975980ab27a0b0624f896bc2ac8b5_0003.jpg,3
0326_jpg.rf.039e0109904fa5bfd35e60e44b5ce601_0001.jpg,WEED6C_crops/0326_jpg.rf.039e0109904fa5bfd35e60e44b5ce601_0001.jpg,1
1381_jpg.rf.26a82a54504b992f9dc9ede2e50e9b8f_0016.jpg,WEED6C_crops/1381_jpg.rf.26a82a54504b992f9dc9ede2e50e9b8f_0016.jpg,4
0301_jpg.rf.4b8ff5d9301881bda42433c11202e856_0001.jpg,WEED6C_crops/0301_jpg.rf.4b8ff5d9301881bda42433c11202e856_0001.jpg,3
0800_jpg.rf.6e91f21dfd2496b363b816fb2e3a2895_0003.jpg,WEED6C_crops/0800_jpg.rf.6e91f21dfd2496b363b816fb2e3a2895_0003.jpg,3
0827_jpg.rf.4c83320a694e5c2b34a4498c245781bd_0009.jpg,WEED6C_crops/0827_jpg.rf.4c83320a694e5c2b34a4498c245781bd_0009.jpg,3
0336_jpg.rf.c36e08c51649b8492e62de070db20184_0007.jpg,WEED6C_crops/0336_jpg.rf.c36e08c51649b8492e62de070db20184_0007.jpg,3
1361_jpg.rf.fce9ac7b2b25171d1b0e7ccf4383cf25_0023.jpg,WEED6C_crops/1361_jpg.rf.fce9ac7b2b25171d1b0e7ccf4383cf25_0023.jpg,4
0588_jpg.rf.e3b5354e261ba918d33eae8532624dc0_0003.jpg,WEED6C_crops/0588_jpg.rf.e3b5354e261ba918d33eae8532624dc0_0003.jpg,1
1251_jpg.rf.ca084f91ecb665ac4961e3dca9f42efd_0009.jpg,WEED6C_crops/1251_jpg.rf.ca084f91ecb665ac4961e3dca9f42efd_0009.jpg,4
0615_jpg.rf.d512246b505bbe2454cd906a72f4f432_0005.jpg,WEED6C_crops/0615_jpg.rf.d512246b505bbe2454cd906a72f4f432_0005.jpg,1
0923_jpg.rf.ba601b892dfced7507c2e0a4850e6263_0006.jpg,WEED6C_crops/0923_jpg.rf.ba601b892dfced7507c2e0a4850e6263_0006.jpg,3
1369_jpg.rf.b115facc4e1a8ff9927fa196a84b853d_0006.jpg,WEED6C_crops/1369_jpg.rf.b115facc4e1a8ff9927fa196a84b853d_0006.jpg,4
0247_jpg.rf.d21bd69dccb16aa034f3772f997e8486_0006.jpg,WEED6C_crops/0247_jpg.rf.d21bd69dccb16aa034f3772f997e8486_0006.jpg,3
0199_jpg.rf.14553f5693a42070298ad7710a122f4b_0009.jpg,WEED6C_crops/0199_jpg.rf.14553f5693a42070298ad7710a122f4b_0009.jpg,3
1314_jpg.rf.026df1d2420a72903e8aa30534cca72c_0016.jpg,WEED6C_crops/1314_jpg.rf.026df1d2420a72903e8aa30534cca72c_0016.jpg,4
1253_jpg.rf.9658543ae33aaf005575666b3e5b4453_0002.jpg,WEED6C_crops/1253_jpg.rf.9658543ae33aaf005575666b3e5b4453_0002.jpg,1
1270_jpg.rf.c34b854accd8ec862089128de29e245c_0001.jpg,WEED6C_crops/1270_jpg.rf.c34b854accd8ec862089128de29e245c_0001.jpg,4
0597_jpg.rf.9d2497c6013f54c4ade8b241c083f94e_0001.jpg,WEED6C_crops/0597_jpg.rf.9d2497c6013f54c4ade8b241c083f94e_0001.jpg,3
0899_jpg.rf.32241a2cbcf778f074c5a57b8a37e343_0011.jpg,WEED6C_crops/0899_jpg.rf.32241a2cbcf778f074c5a57b8a37e343_0011.jpg,0
1287_jpg.rf.0bdfb5a514691b4b64c3bd4322c0459b_0012.jpg,WEED6C_crops/1287_jpg.rf.0bdfb5a514691b4b64c3bd4322c0459b_0012.jpg,4
0897_jpg.rf.60b759f819efec823ebeb6b022128537_0006.jpg,WEED6C_crops/0897_jpg.rf.60b759f819efec823ebeb6b022128537_0006.jpg,3
0408_jpg.rf.eb0a87d7fc4cc171c085075e30fbdaf9_0007.jpg,WEED6C_crops/0408_jpg.rf.eb0a87d7fc4cc171c085075e30fbdaf9_0007.jpg,3
1333_jpg.rf.a19f6afe3aac474ca3a8aaed87785a6d_0003.jpg,WEED6C_crops/1333_jpg.rf.a19f6afe3aac474ca3a8aaed87785a6d_0003.jpg,4
1251_jpg.rf.ca084f91ecb665ac4961e3dca9f42efd_0017.jpg,WEED6C_crops/1251_jpg.rf.ca084f91ecb665ac4961e3dca9f42efd_0017.jpg,4
1304_jpg.rf.bdabd9792ab23d3924d6e3d26f3aec06_0047.jpg,WEED6C_crops/1304_jpg.rf.bdabd9792ab23d3924d6e3d26f3aec06_0047.jpg,4
1370_jpg.rf.81f386000a766bd098e73e127fb823ea_0017.jpg,WEED6C_crops/1370_jpg.rf.81f386000a766bd098e73e127fb823ea_0017.jpg,4
0946_jpg.rf.6c9bca7799af1a14c6f0fc5bff0aa23c_0001.jpg,WEED6C_crops/0946_jpg.rf.6c9bca7799af1a14c6f0fc5bff0aa23c_0001.jpg,2
0367_jpg.rf.0387e75a4414c3e22f3f8d46387c6300_0008.jpg,WEED6C_crops/0367_jpg.rf.0387e75a4414c3e22f3f8d46387c6300_0008.jpg,1
1345_jpg.rf.7dc260eec167fcfaa4312588633931cc_0015.jpg,WEED6C_crops/1345_jpg.rf.7dc260eec167fcfaa4312588633931cc_0015.jpg,4
0002_jpg.rf.36789085faafdfc8c2b5a519a90c1f53_0006.jpg,WEED6C_crops/0002_jpg.rf.36789085faafdfc8c2b5a519a90c1f53_0006.jpg,5
0252_jpg.rf.e642b34a852db7b47e1a6bdd6734a3f2_0004.jpg,WEED6C_crops/0252_jpg.rf.e642b34a852db7b47e1a6bdd6734a3f2_0004.jpg,1
0613_jpg.rf.9172d44b455c37909825a0752aeecd66_0003.jpg,WEED6C_crops/0613_jpg.rf.9172d44b455c37909825a0752aeecd66_0003.jpg,3
0885_jpg.rf.664ea7b25e783b6731a9e46274bc979c_0002.jpg,WEED6C_crops/0885_jpg.rf.664ea7b25e783b6731a9e46274bc979c_0002.jpg,0
1246_jpg.rf.bb73f1b0a3c930a95692d508c903625a_0009.jpg,WEED6C_crops/1246_jpg.rf.bb73f1b0a3c930a95692d508c903625a_0009.jpg,1
0697_jpg.rf.5bd98f37460766672c4ddf861d6f9c7b_0004.jpg,WEED6C_crops/0697_jpg.rf.5bd98f37460766672c4ddf861d6f9c7b_0004.jpg,0
0271_jpg.rf.a6f785cce1915aed1f4696a67689f20a_0002.jpg,WEED6C_crops/0271_jpg.rf.a6f785cce1915aed1f4696a67689f20a_0002.jpg,0
1361_jpg.rf.fce9ac7b2b25171d1b0e7ccf4383cf25_0013.jpg,WEED6C_crops/1361_jpg.rf.fce9ac7b2b25171d1b0e7ccf4383cf25_0013.jpg,4
0016_jpg.rf.68b07ea0c2b2348c522fcf29eb4fb091_0001.jpg,WEED6C_crops/0016_jpg.rf.68b07ea0c2b2348c522fcf29eb4fb091_0001.jpg,5
0262_jpg.rf.f1ff50f357ac413bcfba75ad3619d77d_0007.jpg,WEED6C_crops/0262_jpg.rf.f1ff50f357ac413bcfba75ad3619d77d_0007.jpg,0
1240_jpg.rf.e1ad20f0f2011d323769409c17d77863_0038.jpg,WEED6C_crops/1240_jpg.rf.e1ad20f0f2011d323769409c17d77863_0038.jpg,4
0834_jpg.rf.541aec5b5bf56ec58ec1abe5ccbeaf7f_0008.jpg,WEED6C_crops/0834_jpg.rf.541aec5b5bf56ec58ec1abe5ccbeaf7f_0008.jpg,0
0084_jpg.rf.49a24825fcabc006eba2bbcc34575367_0030.jpg,WEED6C_crops/0084_jpg.rf.49a24825fcabc006eba2bbcc34575367_0030.jpg,4
0339_jpg.rf.673f57115e3d4162b9ad88bef6bf66af_0012.jpg,WEED6C_crops/0339_jpg.rf.673f57115e3d4162b9ad88bef6bf66af_0012.jpg,3
0573_jpg.rf.42c2803ac8d6755f557f9af5e925b74e_0001.jpg,WEED6C_crops/0573_jpg.rf.42c2803ac8d6755f557f9af5e925b74e_0001.jpg,3
0801_jpg.rf.e86c30b6cae6433126a6efffa5966963_0006.jpg,WEED6C_crops/0801_jpg.rf.e86c30b6cae6433126a6efffa5966963_0006.jpg,1
1376_jpg.rf.f25c9ac507d73d6c536a1d12e1f19067_0001.jpg,WEED6C_crops/1376_jpg.rf.f25c9ac507d73d6c536a1d12e1f19067_0001.jpg,4
1375_jpg.rf.b0f1411c79e1b676b013097ecfe9a149_0028.jpg,WEED6C_crops/1375_jpg.rf.b0f1411c79e1b676b013097ecfe9a149_0028.jpg,4
1345_jpg.rf.7dc260eec167fcfaa4312588633931cc_0013.jpg,WEED6C_crops/1345_jpg.rf.7dc260eec167fcfaa4312588633931cc_0013.jpg,4
0449_jpg.rf.301d9cf47886263de3a5d5c56454bdc0_0004.jpg,WEED6C_crops/0449_jpg.rf.301d9cf47886263de3a5d5c56454bdc0_0004.jpg,3
1271_jpg.rf.edbc880f2c5cbc76998035cf808e95a2_0008.jpg,WEED6C_crops/1271_jpg.rf.edbc880f2c5cbc76998035cf808e95a2_0008.jpg,4
0616_jpg.rf.6612e6d529892ed6d9b64e8a08297ec2_0003.jpg,WEED6C_crops/0616_jpg.rf.6612e6d529892ed6d9b64e8a08297ec2_0003.jpg,3
0375_jpg.rf.e83346babadd91a7ae17f79bb6229688_0005.jpg,WEED6C_crops/0375_jpg.rf.e83346babadd91a7ae17f79bb6229688_0005.jpg,0
1354_jpg.rf.cfa3e2f0904af788a0555ee8bd188254_0024.jpg,WEED6C_crops/1354_jpg.rf.cfa3e2f0904af788a0555ee8bd188254_0024.jpg,5
1308_jpg.rf.0cf1ad89ac72afc184513083fa85d00e_0006.jpg,WEED6C_crops/1308_jpg.rf.0cf1ad89ac72afc184513083fa85d00e_0006.jpg,4
0325_jpg.rf.f0533e23fe9ecc072d53e03d09c89654_0009.jpg,WEED6C_crops/0325_jpg.rf.f0533e23fe9ecc072d53e03d09c89654_0009.jpg,3
1291_jpg.rf.4b6c3745afe80d02cad886422d29091f_0014.jpg,WEED6C_crops/1291_jpg.rf.4b6c3745afe80d02cad886422d29091f_0014.jpg,4
0799_jpg.rf.2808b82bc66b13bc463af84be16e4c59_0009.jpg,WEED6C_crops/0799_jpg.rf.2808b82bc66b13bc463af84be16e4c59_0009.jpg,3
0830_jpg.rf.8781b961273330d6d6176c9d9e45393a_0009.jpg,WEED6C_crops/0830_jpg.rf.8781b961273330d6d6176c9d9e45393a_0009.jpg,1
0772_jpg.rf.c378681053dfb6b21aa3a8c2c8e486d4_0007.jpg,WEED6C_crops/0772_jpg.rf.c378681053dfb6b21aa3a8c2c8e486d4_0007.jpg,4
0478_jpg.rf.acbe7248c4d884a5a1886685825ed5b6_0001.jpg,WEED6C_crops/0478_jpg.rf.acbe7248c4d884a5a1886685825ed5b6_0001.jpg,0
0664_jpg.rf.00461e3590af7784f8c9954f150fccbc_0003.jpg,WEED6C_crops/0664_jpg.rf.00461e3590af7784f8c9954f150fccbc_0003.jpg,3
0629_jpg.rf.60da9b2d84d53bdcd8ba2ef13001ed54_0006.jpg,WEED6C_crops/0629_jpg.rf.60da9b2d84d53bdcd8ba2ef13001ed54_0006.jpg,0
1020_jpg.rf.d09c3eb09d660f5c28aa8697e7c6c3c9_0001.jpg,WEED6C_crops/1020_jpg.rf.d09c3eb09d660f5c28aa8697e7c6c3c9_0001.jpg,0
0043_jpg.rf.63b0edf7b0a8d7edeaeab7debc6d81c9_0001.jpg,WEED6C_crops/0043_jpg.rf.63b0edf7b0a8d7edeaeab7debc6d81c9_0001.jpg,5
1239_jpg.rf.7b926cf59320e9b12909abef7c8e7aac_0019.jpg,WEED6C_crops/1239_jpg.rf.7b926cf59320e9b12909abef7c8e7aac_0019.jpg,4
0349_jpg.rf.01f576bf16790ab273fe019187c99297_0001.jpg,WEED6C_crops/0349_jpg.rf.01f576bf16790ab273fe019187c99297_0001.jpg,3
1303_jpg.rf.8f30bd948ef635a90243d4eb022d379b_0001.jpg,WEED6C_crops/1303_jpg.rf.8f30bd948ef635a90243d4eb022d379b_0001.jpg,4
0734_jpg.rf.8c9710c08c16be800ed78908ae099464_0001.jpg,WEED6C_crops/0734_jpg.rf.8c9710c08c16be800ed78908ae099464_0001.jpg,0
1230_jpg.rf.60caad5b3d36a901c24668ddacd2f112_0009.jpg,WEED6C_crops/1230_jpg.rf.60caad5b3d36a901c24668ddacd2f112_0009.jpg,1
0715_jpg.rf.07fbb5ee4d4e48dd85fdae19be57a84f_0006.jpg,WEED6C_crops/0715_jpg.rf.07fbb5ee4d4e48dd85fdae19be57a84f_0006.jpg,3
1362_jpg.rf.ab5fc04e9f26ec91359122ba4c109436_0035.jpg,WEED6C_crops/1362_jpg.rf.ab5fc04e9f26ec91359122ba4c109436_0035.jpg,4
0722_jpg.rf.45c87d6b99613f6e9714dd035c36f3f5_0006.jpg,WEED6C_crops/0722_jpg.rf.45c87d6b99613f6e9714dd035c36f3f5_0006.jpg,3
1306_jpg.rf.e683ee4d8210d663a37fc950a9e485c1_0013.jpg,WEED6C_crops/1306_jpg.rf.e683ee4d8210d663a37fc950a9e485c1_0013.jpg,4
1250_jpg.rf.790f9e867b39dfc376c40d0fc852486f_0003.jpg,WEED6C_crops/1250_jpg.rf.790f9e867b39dfc376c40d0fc852486f_0003.jpg,4
0378_jpg.rf.c5ba8314343a54db056cf2867c86942f_0009.jpg,WEED6C_crops/0378_jpg.rf.c5ba8314343a54db056cf2867c86942f_0009.jpg,0
0866_jpg.rf.3e482e0c8d3e945764b46d19dedebf76_0004.jpg,WEED6C_crops/0866_jpg.rf.3e482e0c8d3e945764b46d19dedebf76_0004.jpg,1
1267_jpg.rf.7a81427b8cf51c46e081b7723f1e15ac_0011.jpg,WEED6C_crops/1267_jpg.rf.7a81427b8cf51c46e081b7723f1e15ac_0011.jpg,4
1282_jpg.rf.68eda909ae10dfb1f80f4e4ca2449fe1_0005.jpg,WEED6C_crops/1282_jpg.rf.68eda909ae10dfb1f80f4e4ca2449fe1_0005.jpg,4
1291_jpg.rf.4b6c3745afe80d02cad886422d29091f_0004.jpg,WEED6C_crops/1291_jpg.rf.4b6c3745afe80d02cad886422d29091f_0004.jpg,4
0819_jpg.rf.ac58495c980a8d0a431b1fff30500e44_0009.jpg,WEED6C_crops/0819_jpg.rf.ac58495c980a8d0a431b1fff30500e44_0009.jpg,2
1168_jpg.rf.15d8330a2c4e8610c0f4860fd7c8d3f3_0001.jpg,WEED6C_crops/1168_jpg.rf.15d8330a2c4e8610c0f4860fd7c8d3f3_0001.jpg,2
0743_jpg.rf.dd357fbd5b7634982b95808e47cb2d84_0005.jpg,WEED6C_crops/0743_jpg.rf.dd357fbd5b7634982b95808e47cb2d84_0005.jpg,0
0638_jpg.rf.2a5617b0bb45ebd513ef87da9cfce275_0008.jpg,WEED6C_crops/0638_jpg.rf.2a5617b0bb45ebd513ef87da9cfce275_0008.jpg,3
1237_jpg.rf.e87e95a727e50bae03c61f0b1e8522b6_0015.jpg,WEED6C_crops/1237_jpg.rf.e87e95a727e50bae03c61f0b1e8522b6_0015.jpg,4
0608_jpg.rf.ce8ab767ce29ae0b79477d7e2582026e_0005.jpg,WEED6C_crops/0608_jpg.rf.ce8ab767ce29ae0b79477d7e2582026e_0005.jpg,3
1288_jpg.rf.d40235d2f4f29325219dc65890953ef4_0025.jpg,WEED6C_crops/1288_jpg.rf.d40235d2f4f29325219dc65890953ef4_0025.jpg,4
0286_jpg.rf.2f7171107c2069b000e3845f3838e518_0007.jpg,WEED6C_crops/0286_jpg.rf.2f7171107c2069b000e3845f3838e518_0007.jpg,3
0382_jpg.rf.aac39ca648c83b6f8c22e4446970b6ba_0003.jpg,WEED6C_crops/0382_jpg.rf.aac39ca648c83b6f8c22e4446970b6ba_0003.jpg,0
0286_jpg.rf.2f7171107c2069b000e3845f3838e518_0001.jpg,WEED6C_crops/0286_jpg.rf.2f7171107c2069b000e3845f3838e518_0001.jpg,1
0945_jpg.rf.285e51433749a613a0f162269cd85a10_0003.jpg,WEED6C_crops/0945_jpg.rf.285e51433749a613a0f162269cd85a10_0003.jpg,3
0803_jpg.rf.fafd97255114a0cb9449669593827af6_0005.jpg,WEED6C_crops/0803_jpg.rf.fafd97255114a0cb9449669593827af6_0005.jpg,3
1332_jpg.rf.2605634e197c2e66a6fac90a95344350_0006.jpg,WEED6C_crops/1332_jpg.rf.2605634e197c2e66a6fac90a95344350_0006.jpg,4
0952_jpg.rf.2ccb05e42db69b0e7fe8d45b5e91a8a3_0001.jpg,WEED6C_crops/0952_jpg.rf.2ccb05e42db69b0e7fe8d45b5e91a8a3_0001.jpg,0
1377_jpg.rf.13024f6056bd3ee967e54a75b53fd777_0001.jpg,WEED6C_crops/1377_jpg.rf.13024f6056bd3ee967e54a75b53fd777_0001.jpg,4
0535_jpg.rf.e709e9fcd1b82c1587f95f16516965b1_0006.jpg,WEED6C_crops/0535_jpg.rf.e709e9fcd1b82c1587f95f16516965b1_0006.jpg,1
1241_jpg.rf.a5be0ca237cc5fdf5c86f10349dafb96_0041.jpg,WEED6C_crops/1241_jpg.rf.a5be0ca237cc5fdf5c86f10349dafb96_0041.jpg,0
0232_jpg.rf.fd86f175c37e2b5a92cb09a3b36caee4_0007.jpg,WEED6C_crops/0232_jpg.rf.fd86f175c37e2b5a92cb09a3b36caee4_0007.jpg,1
1374_jpg.rf.6c64883712d67a3ad448ca10c0398308_0034.jpg,WEED6C_crops/1374_jpg.rf.6c64883712d67a3ad448ca10c0398308_0034.jpg,4
0771_jpg.rf.6e10ad6a4e87f0687232b86c888751d5_0003.jpg,WEED6C_crops/0771_jpg.rf.6e10ad6a4e87f0687232b86c888751d5_0003.jpg,1
0880_jpg.rf.a860eba8db5740a0f6407dedcb62dd42_0011.jpg,WEED6C_crops/0880_jpg.rf.a860eba8db5740a0f6407dedcb62dd42_0011.jpg,0
1305_jpg.rf.443512b37c4cb64236dc2fdc570ded6d_0027.jpg,WEED6C_crops/1305_jpg.rf.443512b37c4cb64236dc2fdc570ded6d_0027.jpg,4
0359_jpg.rf.d79059c10cb92885e24805062a9de816_0001.jpg,WEED6C_crops/0359_jpg.rf.d79059c10cb92885e24805062a9de816_0001.jpg,1
1248_jpg.rf.290b7f88a115132b8a4ebfe43b032865_0014.jpg,WEED6C_crops/1248_jpg.rf.290b7f88a115132b8a4ebfe43b032865_0014.jpg,1
1321_jpg.rf.8e65d21edc01a3aaf9a2de8cd2acce95_0012.jpg,WEED6C_crops/1321_jpg.rf.8e65d21edc01a3aaf9a2de8cd2acce95_0012.jpg,4
0938_jpg.rf.2e6e0350c0e2e9e762674dc35bf924b4_0003.jpg,WEED6C_crops/0938_jpg.rf.2e6e0350c0e2e9e762674dc35bf924b4_0003.jpg,3
0260_jpg.rf.aec89534776f7bf9c61a5a8373016c19_0003.jpg,WEED6C_crops/0260_jpg.rf.aec89534776f7bf9c61a5a8373016c19_0003.jpg,0
0279_jpg.rf.97bac3364c45f9367beefaa2e41172d2_0014.jpg,WEED6C_crops/0279_jpg.rf.97bac3364c45f9367beefaa2e41172d2_0014.jpg,3
0806_jpg.rf.c378aaa9dacc5ce45b55fd081cf71032_0002.jpg,WEED6C_crops/0806_jpg.rf.c378aaa9dacc5ce45b55fd081cf71032_0002.jpg,3
1267_jpg.rf.7a81427b8cf51c46e081b7723f1e15ac_0024.jpg,WEED6C_crops/1267_jpg.rf.7a81427b8cf51c46e081b7723f1e15ac_0024.jpg,4
0448_jpg.rf.bce96eb5e4e6ba5f3e27fd109c25bb1b_0001.jpg,WEED6C_crops/0448_jpg.rf.bce96eb5e4e6ba5f3e27fd109c25bb1b_0001.jpg,1
0504_jpg.rf.82272000efd0e4263bfb693fc0f940c9_0005.jpg,WEED6C_crops/0504_jpg.rf.82272000efd0e4263bfb693fc0f940c9_0005.jpg,3
1137_jpg.rf.67335d1fac28a2b306d19cf6c4268ea8_0001.jpg,WEED6C_crops/1137_jpg.rf.67335d1fac28a2b306d19cf6c4268ea8_0001.jpg,2
1365_jpg.rf.d745a616307c062e3f3851230aee2c41_0009.jpg,WEED6C_crops/1365_jpg.rf.d745a616307c062e3f3851230aee2c41_0009.jpg,4
0911_jpg.rf.5442b5653341269a382fdbcf8b44fc85_0002.jpg,WEED6C_crops/0911_jpg.rf.5442b5653341269a382fdbcf8b44fc85_0002.jpg,3
1368_jpg.rf.25dc57e029d777ff1571d3d84d22c763_0010.jpg,WEED6C_crops/1368_jpg.rf.25dc57e029d777ff1571d3d84d22c763_0010.jpg,4
0456_jpg.rf.9d14c05bd3dc0b520f3408423685fb1b_0005.jpg,WEED6C_crops/0456_jpg.rf.9d14c05bd3dc0b520f3408423685fb1b_0005.jpg,0
0820_jpg.rf.b5a762c4ff1d5376807abd31a74f5fde_0001.jpg,WEED6C_crops/0820_jpg.rf.b5a762c4ff1d5376807abd31a74f5fde_0001.jpg,3
1248_jpg.rf.290b7f88a115132b8a4ebfe43b032865_0035.jpg,WEED6C_crops/1248_jpg.rf.290b7f88a115132b8a4ebfe43b032865_0035.jpg,4
1386_jpg.rf.38d81bd8c301374aed9080ef5af2120b_0001.jpg,WEED6C_crops/1386_jpg.rf.38d81bd8c301374aed9080ef5af2120b_0001.jpg,1
1388_jpg.rf.fc14b9c78803698f43244c97c3e3b31e_0001.jpg,WEED6C_crops/1388_jpg.rf.fc14b9c78803698f43244c97c3e3b31e_0001.jpg,1
0293_jpg.rf.fe63fe269d1f9ff3ae4f33331785ae5d_0002.jpg,WEED6C_crops/0293_jpg.rf.fe63fe269d1f9ff3ae4f33331785ae5d_0002.jpg,2
0487_jpg.rf.4204e31b696e7d6e92f90353cdf33caa_0002.jpg,WEED6C_crops/0487_jpg.rf.4204e31b696e7d6e92f90353cdf33caa_0002.jpg,3
0235_jpg.rf.8301877cf880e3eb429bf9cdfcb3f141_0007.jpg,WEED6C_crops/0235_jpg.rf.8301877cf880e3eb429bf9cdfcb3f141_0007.jpg,1
0000_jpg.rf.26d2a0a638c3669bca7dd01788f458df_0002.jpg,WEED6C_crops/0000_jpg.rf.26d2a0a638c3669bca7dd01788f458df_0002.jpg,5
0241_jpg.rf.91f3e8769b4d0ba66baac18128b9bc52_0006.jpg,WEED6C_crops/0241_jpg.rf.91f3e8769b4d0ba66baac18128b9bc52_0006.jpg,0
1151_jpg.rf.f34d6f162661defe3893e252969ffad6_0001.jpg,WEED6C_crops/1151_jpg.rf.f34d6f162661defe3893e252969ffad6_0001.jpg,1
1368_jpg.rf.25dc57e029d777ff1571d3d84d22c763_0038.jpg,WEED6C_crops/1368_jpg.rf.25dc57e029d777ff1571d3d84d22c763_0038.jpg,4
1160_jpg.rf.427362066a9a952c7be61e01f54f71f0_0002.jpg,WEED6C_crops/1160_jpg.rf.427362066a9a952c7be61e01f54f71f0_0002.jpg,2
1236_jpg.rf.84823ae11fdee603ba6a5fab2cc61c7f_0019.jpg,WEED6C_crops/1236_jpg.rf.84823ae11fdee603ba6a5fab2cc61c7f_0019.jpg,4
0669_jpg.rf.a034dffd90ec7795e4cd71fe65a19f3c_0004.jpg,WEED6C_crops/0669_jpg.rf.a034dffd90ec7795e4cd71fe65a19f3c_0004.jpg,0
1303_jpg.rf.8f30bd948ef635a90243d4eb022d379b_0055.jpg,WEED6C_crops/1303_jpg.rf.8f30bd948ef635a90243d4eb022d379b_0055.jpg,4
1200_jpg.rf.c403839522a1ed940fdf9eb4b9a2a864_0001.jpg,WEED6C_crops/1200_jpg.rf.c403839522a1ed940fdf9eb4b9a2a864_0001.jpg,1
0607_jpg.rf.3c93c6914978decffcb2dbecbf3eaaa4_0001.jpg,WEED6C_crops/0607_jpg.rf.3c93c6914978decffcb2dbecbf3eaaa4_0001.jpg,3
0483_jpg.rf.076698482a986b67e52094df66fd7813_0002.jpg,WEED6C_crops/0483_jpg.rf.076698482a986b67e52094df66fd7813_0002.jpg,3
0568_jpg.rf.685136bf07c5de15a47e573f17f84cd8_0003.jpg,WEED6C_crops/0568_jpg.rf.685136bf07c5de15a47e573f17f84cd8_0003.jpg,1
1374_jpg.rf.6c64883712d67a3ad448ca10c0398308_0015.jpg,WEED6C_crops/1374_jpg.rf.6c64883712d67a3ad448ca10c0398308_0015.jpg,4
0920_jpg.rf.f7e547a653feb7cbf079f07bd505da0f_0007.jpg,WEED6C_crops/0920_jpg.rf.f7e547a653feb7cbf079f07bd505da0f_0007.jpg,3
0123_jpg.rf.15b618944fa92be4338630707c90ec1c_0001.jpg,WEED6C_crops/0123_jpg.rf.15b618944fa92be4338630707c90ec1c_0001.jpg,5
1304_jpg.rf.bdabd9792ab23d3924d6e3d26f3aec06_0005.jpg,WEED6C_crops/1304_jpg.rf.bdabd9792ab23d3924d6e3d26f3aec06_0005.jpg,4
0385_jpg.rf.0cedb900ae3c9a125bf2aba2c65e6856_0014.jpg,WEED6C_crops/0385_jpg.rf.0cedb900ae3c9a125bf2aba2c65e6856_0014.jpg,1
1376_jpg.rf.f25c9ac507d73d6c536a1d12e1f19067_0007.jpg,WEED6C_crops/1376_jpg.rf.f25c9ac507d73d6c536a1d12e1f19067_0007.jpg,4
1367_jpg.rf.525537f6569c4903b5b939c2e8220219_0045.jpg,WEED6C_crops/1367_jpg.rf.525537f6569c4903b5b939c2e8220219_0045.jpg,4
0525_jpg.rf.3842f12a609fa3d03cf2ab068b872f3d_0007.jpg,WEED6C_crops/0525_jpg.rf.3842f12a609fa3d03cf2ab068b872f3d_0007.jpg,1
0885_jpg.rf.664ea7b25e783b6731a9e46274bc979c_0008.jpg,WEED6C_crops/0885_jpg.rf.664ea7b25e783b6731a9e46274bc979c_0008.jpg,2
1248_jpg.rf.290b7f88a115132b8a4ebfe43b032865_0026.jpg,WEED6C_crops/1248_jpg.rf.290b7f88a115132b8a4ebfe43b032865_0026.jpg,4
0244_jpg.rf.28fd6659d3b4c604e579183607656c76_0004.jpg,WEED6C_crops/0244_jpg.rf.28fd6659d3b4c604e579183607656c76_0004.jpg,3
0888_jpg.rf.23e23425cad3526ca02586750a736013_0006.jpg,WEED6C_crops/0888_jpg.rf.23e23425cad3526ca02586750a736013_0006.jpg,3
1270_jpg.rf.c34b854accd8ec862089128de29e245c_0021.jpg,WEED6C_crops/1270_jpg.rf.c34b854accd8ec862089128de29e245c_0021.jpg,4
1369_jpg.rf.b115facc4e1a8ff9927fa196a84b853d_0058.jpg,WEED6C_crops/1369_jpg.rf.b115facc4e1a8ff9927fa196a84b853d_0058.jpg,4
1312_jpg.rf.fa6b7f3802f4931059a20e34aafb4127_0008.jpg,WEED6C_crops/1312_jpg.rf.fa6b7f3802f4931059a20e34aafb4127_0008.jpg,4
0894_jpg.rf.c40659d5415cb0174e247de9ff04f96d_0001.jpg,WEED6C_crops/0894_jpg.rf.c40659d5415cb0174e247de9ff04f96d_0001.jpg,3
0828_jpg.rf.637fab27e8dd6e9c9b5e7e11b2c6bb3d_0010.jpg,WEED6C_crops/0828_jpg.rf.637fab27e8dd6e9c9b5e7e11b2c6bb3d_0010.jpg,0
0436_jpg.rf.c37cb155032142acb365642095d9d118_0002.jpg,WEED6C_crops/0436_jpg.rf.c37cb155032142acb365642095d9d118_0002.jpg,1
0850_jpg.rf.ed4113a22c0e37f4aa6ab3fadb3c3be3_0001.jpg,WEED6C_crops/0850_jpg.rf.ed4113a22c0e37f4aa6ab3fadb3c3be3_0001.jpg,3
1269_jpg.rf.a7aa44bf37b1acdf893fbf766e513c67_0019.jpg,WEED6C_crops/1269_jpg.rf.a7aa44bf37b1acdf893fbf766e513c67_0019.jpg,4
1269_jpg.rf.a7aa44bf37b1acdf893fbf766e513c67_0013.jpg,WEED6C_crops/1269_jpg.rf.a7aa44bf37b1acdf893fbf766e513c67_0013.jpg,4
0240_jpg.rf.f18fdb793c0f135ebedcba370dfdcdf7_0013.jpg,WEED6C_crops/0240_jpg.rf.f18fdb793c0f135ebedcba370dfdcdf7_0013.jpg,0
0858_jpg.rf.0e080caab8e31cb9fc17f1a79d3f2bdc_0001.jpg,WEED6C_crops/0858_jpg.rf.0e080caab8e31cb9fc17f1a79d3f2bdc_0001.jpg,3
0638_jpg.rf.2a5617b0bb45ebd513ef87da9cfce275_0007.jpg,WEED6C_crops/0638_jpg.rf.2a5617b0bb45ebd513ef87da9cfce275_0007.jpg,3
0863_jpg.rf.26770e014f1133ea96231f3a9a266c3b_0008.jpg,WEED6C_crops/0863_jpg.rf.26770e014f1133ea96231f3a9a266c3b_0008.jpg,0
0857_jpg.rf.d6073bbc93ff88483d928950296cf5c3_0011.jpg,WEED6C_crops/0857_jpg.rf.d6073bbc93ff88483d928950296cf5c3_0011.jpg,0
1356_jpg.rf.2f9a9ccab7035b4c81a5ca992e4a9838_0003.jpg,WEED6C_crops/1356_jpg.rf.2f9a9ccab7035b4c81a5ca992e4a9838_0003.jpg,4
0187_jpg.rf.c4ad0df6ea77ac262a84d8bbfd02cb76_0008.jpg,WEED6C_crops/0187_jpg.rf.c4ad0df6ea77ac262a84d8bbfd02cb76_0008.jpg,1
1339_jpg.rf.c1d6ea90c66a0ca02bdb39223830ec18_0017.jpg,WEED6C_crops/1339_jpg.rf.c1d6ea90c66a0ca02bdb39223830ec18_0017.jpg,4
0452_jpg.rf.e586c47570ba7bf5510292e9bd0e5f35_0001.jpg,WEED6C_crops/0452_jpg.rf.e586c47570ba7bf5510292e9bd0e5f35_0001.jpg,1
1267_jpg.rf.7a81427b8cf51c46e081b7723f1e15ac_0025.jpg,WEED6C_crops/1267_jpg.rf.7a81427b8cf51c46e081b7723f1e15ac_0025.jpg,4
1320_jpg.rf.6cd9a341d74c0a49c59e29b05bd7bd44_0006.jpg,WEED6C_crops/1320_jpg.rf.6cd9a341d74c0a49c59e29b05bd7bd44_0006.jpg,4
0760_jpg.rf.bb845d46c9ce03a0662cef6c34fac95e_0003.jpg,WEED6C_crops/0760_jpg.rf.bb845d46c9ce03a0662cef6c34fac95e_0003.jpg,2
1339_jpg.rf.c1d6ea90c66a0ca02bdb39223830ec18_0020.jpg,WEED6C_crops/1339_jpg.rf.c1d6ea90c66a0ca02bdb39223830ec18_0020.jpg,4
0261_jpg.rf.5df6d646b46c050b83d0adc4a49869ac_0005.jpg,WEED6C_crops/0261_jpg.rf.5df6d646b46c050b83d0adc4a49869ac_0005.jpg,0
0624_jpg.rf.1cfd6980a86b91df68c29b653d03a52d_0004.jpg,WEED6C_crops/0624_jpg.rf.1cfd6980a86b91df68c29b653d03a52d_0004.jpg,3
1377_jpg.rf.13024f6056bd3ee967e54a75b53fd777_0009.jpg,WEED6C_crops/1377_jpg.rf.13024f6056bd3ee967e54a75b53fd777_0009.jpg,4
0001_jpg.rf.ad71ecf4c28bed4d4c3c382eee9f84d3_0005.jpg,WEED6C_crops/0001_jpg.rf.ad71ecf4c28bed4d4c3c382eee9f84d3_0005.jpg,5
0456_jpg.rf.9d14c05bd3dc0b520f3408423685fb1b_0001.jpg,WEED6C_crops/0456_jpg.rf.9d14c05bd3dc0b520f3408423685fb1b_0001.jpg,1
1279_jpg.rf.3859686293ba7d5fcec5e84b599fd5de_0016.jpg,WEED6C_crops/1279_jpg.rf.3859686293ba7d5fcec5e84b599fd5de_0016.jpg,4
1303_jpg.rf.8f30bd948ef635a90243d4eb022d379b_0036.jpg,WEED6C_crops/1303_jpg.rf.8f30bd948ef635a90243d4eb022d379b_0036.jpg,4
0894_jpg.rf.c40659d5415cb0174e247de9ff04f96d_0004.jpg,WEED6C_crops/0894_jpg.rf.c40659d5415cb0174e247de9ff04f96d_0004.jpg,3
0243_jpg.rf.e88cca6b42f0ffe81f64a33e459ea766_0015.jpg,WEED6C_crops/0243_jpg.rf.e88cca6b42f0ffe81f64a33e459ea766_0015.jpg,0
0272_jpg.rf.5a9e2d55fbac5b624c22a75911b0f5de_0002.jpg,WEED6C_crops/0272_jpg.rf.5a9e2d55fbac5b624c22a75911b0f5de_0002.jpg,0
0490_jpg.rf.77d1a25dc8f384641292291c736e57dd_0003.jpg,WEED6C_crops/0490_jpg.rf.77d1a25dc8f384641292291c736e57dd_0003.jpg,2
0235_jpg.rf.8301877cf880e3eb429bf9cdfcb3f141_0009.jpg,WEED6C_crops/0235_jpg.rf.8301877cf880e3eb429bf9cdfcb3f141_0009.jpg,3
0153_jpg.rf.d9c167750e159cc34c533ae0d2be8a90_0001.jpg,WEED6C_crops/0153_jpg.rf.d9c167750e159cc34c533ae0d2be8a90_0001.jpg,5
1275_jpg.rf.65866643a6cd0f4dcd05a33f2a923468_0018.jpg,WEED6C_crops/1275_jpg.rf.65866643a6cd0f4dcd05a33f2a923468_0018.jpg,4
1349_jpg.rf.f2a77b8dcb3c036a18eb11f545a535f5_0011.jpg,WEED6C_crops/1349_jpg.rf.f2a77b8dcb3c036a18eb11f545a535f5_0011.jpg,4
0942_jpg.rf.28da937fbfe37bde43cedc288904f1f6_0004.jpg,WEED6C_crops/0942_jpg.rf.28da937fbfe37bde43cedc288904f1f6_0004.jpg,1
0660_jpg.rf.46d6d5ff1d09a4a4db6733f3a417af63_0002.jpg,WEED6C_crops/0660_jpg.rf.46d6d5ff1d09a4a4db6733f3a417af63_0002.jpg,3
0576_jpg.rf.20d97322e246d5bbd7dc99fd1ed0c7d7_0006.jpg,WEED6C_crops/0576_jpg.rf.20d97322e246d5bbd7dc99fd1ed0c7d7_0006.jpg,1
0359_jpg.rf.d79059c10cb92885e24805062a9de816_0002.jpg,WEED6C_crops/0359_jpg.rf.d79059c10cb92885e24805062a9de816_0002.jpg,3
0583_jpg.rf.bfdea7e32f09601f15bb9df47a6d86cc_0002.jpg,WEED6C_crops/0583_jpg.rf.bfdea7e32f09601f15bb9df47a6d86cc_0002.jpg,3
1375_jpg.rf.b0f1411c79e1b676b013097ecfe9a149_0014.jpg,WEED6C_crops/1375_jpg.rf.b0f1411c79e1b676b013097ecfe9a149_0014.jpg,4
0277_jpg.rf.da40428a611c836681331c1b74be0c1b_0009.jpg,WEED6C_crops/0277_jpg.rf.da40428a611c836681331c1b74be0c1b_0009.jpg,3
0904_jpg.rf.c10898629ee769229ff22e4c2c0f3a8a_0007.jpg,WEED6C_crops/0904_jpg.rf.c10898629ee769229ff22e4c2c0f3a8a_0007.jpg,3
1236_jpg.rf.84823ae11fdee603ba6a5fab2cc61c7f_0035.jpg,WEED6C_crops/1236_jpg.rf.84823ae11fdee603ba6a5fab2cc61c7f_0035.jpg,4
0175_jpg.rf.07f1c4a10b9f8edabff4f4bb2583178b_0004.jpg,WEED6C_crops/0175_jpg.rf.07f1c4a10b9f8edabff4f4bb2583178b_0004.jpg,0
0291_jpg.rf.3df8082d7eda29e01bfbbadf39f3ac2b_0008.jpg,WEED6C_crops/0291_jpg.rf.3df8082d7eda29e01bfbbadf39f3ac2b_0008.jpg,1
0409_jpg.rf.bfc899b2a9b34b748a2e31e4588281ee_0002.jpg,WEED6C_crops/0409_jpg.rf.bfc899b2a9b34b748a2e31e4588281ee_0002.jpg,3
0295_jpg.rf.0cb1bae9f44332d2bc55ceb2715f71ea_0015.jpg,WEED6C_crops/0295_jpg.rf.0cb1bae9f44332d2bc55ceb2715f71ea_0015.jpg,3
0968_jpg.rf.dcaf07e136ea4541c481e6d0a9d1683c_0004.jpg,WEED6C_crops/0968_jpg.rf.dcaf07e136ea4541c481e6d0a9d1683c_0004.jpg,3
0835_jpg.rf.86f8f015b73de124e709c954d11412c0_0007.jpg,WEED6C_crops/0835_jpg.rf.86f8f015b73de124e709c954d11412c0_0007.jpg,2
0051_jpg.rf.0e7fbbe6c2a094ad18a9ac582131d0d5_0003.jpg,WEED6C_crops/0051_jpg.rf.0e7fbbe6c2a094ad18a9ac582131d0d5_0003.jpg,5
0137_jpg.rf.96a67ec331ad3a6a4da7f5c75d37c99d_0002.jpg,WEED6C_crops/0137_jpg.rf.96a67ec331ad3a6a4da7f5c75d37c99d_0002.jpg,5
0841_jpg.rf.9b192c44368ad3e5cc330b50324fbeca_0007.jpg,WEED6C_crops/0841_jpg.rf.9b192c44368ad3e5cc330b50324fbeca_0007.jpg,3
1389_jpg.rf.7604a1b16f4c03a15057ad2a462f3aa3_0007.jpg,WEED6C_crops/1389_jpg.rf.7604a1b16f4c03a15057ad2a462f3aa3_0007.jpg,1
1229_jpg.rf.f39c48606a011efde3d20b5d68fa1f43_0035.jpg,WEED6C_crops/1229_jpg.rf.f39c48606a011efde3d20b5d68fa1f43_0035.jpg,0
0218_jpg.rf.6260fbaafdce0bc1a2f594e86103bf20_0002.jpg,WEED6C_crops/0218_jpg.rf.6260fbaafdce0bc1a2f594e86103bf20_0002.jpg,3
0790_jpg.rf.b48833a768bd921490747ab77aeb1b0f_0004.jpg,WEED6C_crops/0790_jpg.rf.b48833a768bd921490747ab77aeb1b0f_0004.jpg,1
0139_jpg.rf.3b2a33eeb123973d8779a61d897192d6_0001.jpg,WEED6C_crops/0139_jpg.rf.3b2a33eeb123973d8779a61d897192d6_0001.jpg,5
0232_jpg.rf.fd86f175c37e2b5a92cb09a3b36caee4_0001.jpg,WEED6C_crops/0232_jpg.rf.fd86f175c37e2b5a92cb09a3b36caee4_0001.jpg,3
1239_jpg.rf.7b926cf59320e9b12909abef7c8e7aac_0041.jpg,WEED6C_crops/1239_jpg.rf.7b926cf59320e9b12909abef7c8e7aac_0041.jpg,4
0349_jpg.rf.01f576bf16790ab273fe019187c99297_0005.jpg,WEED6C_crops/0349_jpg.rf.01f576bf16790ab273fe019187c99297_0005.jpg,0
1351_jpg.rf.e445b427433acaf539128b94d3521f79_0002.jpg,WEED6C_crops/1351_jpg.rf.e445b427433acaf539128b94d3521f79_0002.jpg,4
1373_jpg.rf.3d37ed5825d54fd39547b46ea5c1112c_0011.jpg,WEED6C_crops/1373_jpg.rf.3d37ed5825d54fd39547b46ea5c1112c_0011.jpg,4
0023_jpg.rf.588344df17c8c59e1ca8e4a08648c37d_0002.jpg,WEED6C_crops/0023_jpg.rf.588344df17c8c59e1ca8e4a08648c37d_0002.jpg,5
0165_jpg.rf.0928912c7166d8671e8b542782631ad0_0002.jpg,WEED6C_crops/0165_jpg.rf.0928912c7166d8671e8b542782631ad0_0002.jpg,5
0489_jpg.rf.90ee16a9742c4fac4b78d65075723d7e_0006.jpg,WEED6C_crops/0489_jpg.rf.90ee16a9742c4fac4b78d65075723d7e_0006.jpg,2
0734_jpg.rf.8c9710c08c16be800ed78908ae099464_0006.jpg,WEED6C_crops/0734_jpg.rf.8c9710c08c16be800ed78908ae099464_0006.jpg,3
1279_jpg.rf.3859686293ba7d5fcec5e84b599fd5de_0015.jpg,WEED6C_crops/1279_jpg.rf.3859686293ba7d5fcec5e84b599fd5de_0015.jpg,4
0489_jpg.rf.90ee16a9742c4fac4b78d65075723d7e_0003.jpg,WEED6C_crops/0489_jpg.rf.90ee16a9742c4fac4b78d65075723d7e_0003.jpg,3
0545_jpg.rf.a38b48574a8c706bbf9111f17b178822_0001.jpg,WEED6C_crops/0545_jpg.rf.a38b48574a8c706bbf9111f17b178822_0001.jpg,3
0773_jpg.rf.af64cb2169cba0da8cd9c267ddeb0a83_0001.jpg,WEED6C_crops/0773_jpg.rf.af64cb2169cba0da8cd9c267ddeb0a83_0001.jpg,3
0906_jpg.rf.fa36ff895be7998f04b211a98b631c69_0011.jpg,WEED6C_crops/0906_jpg.rf.fa36ff895be7998f04b211a98b631c69_0011.jpg,3
1008_jpg.rf.aea4a56fce3193f5656694636ce06801_0002.jpg,WEED6C_crops/1008_jpg.rf.aea4a56fce3193f5656694636ce06801_0002.jpg,0
0473_jpg.rf.6b91ab3c1e14b02130e5ae789b04d843_0001.jpg,WEED6C_crops/0473_jpg.rf.6b91ab3c1e14b02130e5ae789b04d843_0001.jpg,3
1317_jpg.rf.f35270c4968e18ced1df08d3cbb5874a_0003.jpg,WEED6C_crops/1317_jpg.rf.f35270c4968e18ced1df08d3cbb5874a_0003.jpg,4
0627_jpg.rf.e3bc4dc5aa5c0424fbc72d77df74cf84_0003.jpg,WEED6C_crops/0627_jpg.rf.e3bc4dc5aa5c0424fbc72d77df74cf84_0003.jpg,1
0248_jpg.rf.74f8b6f9e136d360fc24a9bd253b1a7e_0004.jpg,WEED6C_crops/0248_jpg.rf.74f8b6f9e136d360fc24a9bd253b1a7e_0004.jpg,2
0026_jpg.rf.490bb9e13d65ae4038c29f3a668f9c0e_0001.jpg,WEED6C_crops/0026_jpg.rf.490bb9e13d65ae4038c29f3a668f9c0e_0001.jpg,5
0268_jpg.rf.29ca8c5228413263362774580ff9c442_0007.jpg,WEED6C_crops/0268_jpg.rf.29ca8c5228413263362774580ff9c442_0007.jpg,1
0459_jpg.rf.ebe352b842805ce135e33c2df1f0249e_0003.jpg,WEED6C_crops/0459_jpg.rf.ebe352b842805ce135e33c2df1f0249e_0003.jpg,1
0927_jpg.rf.c4a6d40b743301c0b3c84af21d4a9ba8_0003.jpg,WEED6C_crops/0927_jpg.rf.c4a6d40b743301c0b3c84af21d4a9ba8_0003.jpg,1
1247_jpg.rf.f72539c749932b410356da3c4cdfcae8_0006.jpg,WEED6C_crops/1247_jpg.rf.f72539c749932b410356da3c4cdfcae8_0006.jpg,1
0091_jpg.rf.6ae729949ac6c8ef9f0df6f035dfeab0_0002.jpg,WEED6C_crops/0091_jpg.rf.6ae729949ac6c8ef9f0df6f035dfeab0_0002.jpg,5
1350_jpg.rf.c4e3678c0fb3792d81765cc98b2c9760_0001.jpg,WEED6C_crops/1350_jpg.rf.c4e3678c0fb3792d81765cc98b2c9760_0001.jpg,4
1228_jpg.rf.3a6e1d55fd194952bef3ad055644cc66_0018.jpg,WEED6C_crops/1228_jpg.rf.3a6e1d55fd194952bef3ad055644cc66_0018.jpg,4
1369_jpg.rf.b115facc4e1a8ff9927fa196a84b853d_0012.jpg,WEED6C_crops/1369_jpg.rf.b115facc4e1a8ff9927fa196a84b853d_0012.jpg,4
0589_jpg.rf.242afe6721040a65d458d22a9b47be5b_0001.jpg,WEED6C_crops/0589_jpg.rf.242afe6721040a65d458d22a9b47be5b_0001.jpg,3
0909_jpg.rf.fa5a514336d1a6736ec93fd0c76680e4_0008.jpg,WEED6C_crops/0909_jpg.rf.fa5a514336d1a6736ec93fd0c76680e4_0008.jpg,3
0492_jpg.rf.7ed7a3955832b053bd0b0faa98cfdf5a_0001.jpg,WEED6C_crops/0492_jpg.rf.7ed7a3955832b053bd0b0faa98cfdf5a_0001.jpg,3
0238_jpg.rf.5173469800f703439d0b7955133ce6d2_0010.jpg,WEED6C_crops/0238_jpg.rf.5173469800f703439d0b7955133ce6d2_0010.jpg,0
1268_jpg.rf.f92eaf335716f66b9db465ec842cf1d7_0004.jpg,WEED6C_crops/1268_jpg.rf.f92eaf335716f66b9db465ec842cf1d7_0004.jpg,4
0228_jpg.rf.9982797a52f1c05905a58dbdca1cee6a_0005.jpg,WEED6C_crops/0228_jpg.rf.9982797a52f1c05905a58dbdca1cee6a_0005.jpg,1
1366_jpg.rf.03f231049801971512990ca20f3424d9_0002.jpg,WEED6C_crops/1366_jpg.rf.03f231049801971512990ca20f3424d9_0002.jpg,4
0975_jpg.rf.abcfc6b9e11085e426aa46643b222675_0002.jpg,WEED6C_crops/0975_jpg.rf.abcfc6b9e11085e426aa46643b222675_0002.jpg,3
1285_jpg.rf.8c5370f95c282daae379485a007ec7bd_0008.jpg,WEED6C_crops/1285_jpg.rf.8c5370f95c282daae379485a007ec7bd_0008.jpg,4
0808_jpg.rf.333d8658c4f0dc699c162d556ae5e641_0006.jpg,WEED6C_crops/0808_jpg.rf.333d8658c4f0dc699c162d556ae5e641_0006.jpg,3
0202_jpg.rf.c77af3471a7918b2320b842898212017_0006.jpg,WEED6C_crops/0202_jpg.rf.c77af3471a7918b2320b842898212017_0006.jpg,3
1383_jpg.rf.774d8f8762ff9dbe26c5db3a3e211276_0035.jpg,WEED6C_crops/1383_jpg.rf.774d8f8762ff9dbe26c5db3a3e211276_0035.jpg,1
0716_jpg.rf.faa22cd2bb7e862885df6d21bb2f5fad_0003.jpg,WEED6C_crops/0716_jpg.rf.faa22cd2bb7e862885df6d21bb2f5fad_0003.jpg,3
1341_jpg.rf.9d8942b91b7a5f0bbf8dae68d9c390e2_0010.jpg,WEED6C_crops/1341_jpg.rf.9d8942b91b7a5f0bbf8dae68d9c390e2_0010.jpg,4
0882_jpg.rf.7d2c497fe43cc926602ca22ef35e0094_0005.jpg,WEED6C_crops/0882_jpg.rf.7d2c497fe43cc926602ca22ef35e0094_0005.jpg,1
0059_jpg.rf.a77f69410d9f466f98c13d31b45d04e1_0001.jpg,WEED6C_crops/0059_jpg.rf.a77f69410d9f466f98c13d31b45d04e1_0001.jpg,5
0769_jpg.rf.f00b948490a137e22151c604eb7f18ab_0003.jpg,WEED6C_crops/0769_jpg.rf.f00b948490a137e22151c604eb7f18ab_0003.jpg,2
0135_jpg.rf.14fed34261bac6380f25bbb513fc7b76_0002.jpg,WEED6C_crops/0135_jpg.rf.14fed34261bac6380f25bbb513fc7b76_0002.jpg,5
1303_jpg.rf.8f30bd948ef635a90243d4eb022d379b_0009.jpg,WEED6C_crops/1303_jpg.rf.8f30bd948ef635a90243d4eb022d379b_0009.jpg,4
1270_jpg.rf.c34b854accd8ec862089128de29e245c_0011.jpg,WEED6C_crops/1270_jpg.rf.c34b854accd8ec862089128de29e245c_0011.jpg,4
1368_jpg.rf.25dc57e029d777ff1571d3d84d22c763_0029.jpg,WEED6C_crops/1368_jpg.rf.25dc57e029d777ff1571d3d84d22c763_0029.jpg,4
0254_jpg.rf.aad5c79f822b44fdbde173b341c6e4ba_0005.jpg,WEED6C_crops/0254_jpg.rf.aad5c79f822b44fdbde173b341c6e4ba_0005.jpg,3
0118_jpg.rf.2a267bea18211af3c1dd1fd340b499ef_0001.jpg,WEED6C_crops/0118_jpg.rf.2a267bea18211af3c1dd1fd340b499ef_0001.jpg,5
0556_jpg.rf.f638eeff7dc174960174e7b5e8a42cf3_0001.jpg,WEED6C_crops/0556_jpg.rf.f638eeff7dc174960174e7b5e8a42cf3_0001.jpg,3
0384_jpg.rf.6acfb46a0fc754eb5ccb4cf099031690_0012.jpg,WEED6C_crops/0384_jpg.rf.6acfb46a0fc754eb5ccb4cf099031690_0012.jpg,3
0360_jpg.rf.f070784662d3e14abdda41d21e4b9ccb_0006.jpg,WEED6C_crops/0360_jpg.rf.f070784662d3e14abdda41d21e4b9ccb_0006.jpg,1
1267_jpg.rf.7a81427b8cf51c46e081b7723f1e15ac_0016.jpg,WEED6C_crops/1267_jpg.rf.7a81427b8cf51c46e081b7723f1e15ac_0016.jpg,4
0571_jpg.rf.e5b966223e41e11e82d48d3b3e244566_0001.jpg,WEED6C_crops/0571_jpg.rf.e5b966223e41e11e82d48d3b3e244566_0001.jpg,2
0274_jpg.rf.69f678525ad44939c3cdc5608f8ededd_0004.jpg,WEED6C_crops/0274_jpg.rf.69f678525ad44939c3cdc5608f8ededd_0004.jpg,0
0176_jpg.rf.e605e3cef9786986db92605ed842b82b_0003.jpg,WEED6C_crops/0176_jpg.rf.e605e3cef9786986db92605ed842b82b_0003.jpg,3
1391_jpg.rf.0d9f84fd9e883043d31699636e89a05f_0009.jpg,WEED6C_crops/1391_jpg.rf.0d9f84fd9e883043d31699636e89a05f_0009.jpg,1
0670_jpg.rf.4a721307856317e627464f7a3b6601d6_0003.jpg,WEED6C_crops/0670_jpg.rf.4a721307856317e627464f7a3b6601d6_0003.jpg,0
1237_jpg.rf.e87e95a727e50bae03c61f0b1e8522b6_0009.jpg,WEED6C_crops/1237_jpg.rf.e87e95a727e50bae03c61f0b1e8522b6_0009.jpg,4
1025_jpg.rf.932607ec593bc5a9845161df8b9cfb09_0001.jpg,WEED6C_crops/1025_jpg.rf.932607ec593bc5a9845161df8b9cfb09_0001.jpg,0
0046_jpg.rf.39943917cc2e7a1ee5b21dbdac9a9fbd_0003.jpg,WEED6C_crops/0046_jpg.rf.39943917cc2e7a1ee5b21dbdac9a9fbd_0003.jpg,5
0280_jpg.rf.3ce53678ac19500daa9a33c002511d2c_0005.jpg,WEED6C_crops/0280_jpg.rf.3ce53678ac19500daa9a33c002511d2c_0005.jpg,1
1370_jpg.rf.81f386000a766bd098e73e127fb823ea_0028.jpg,WEED6C_crops/1370_jpg.rf.81f386000a766bd098e73e127fb823ea_0028.jpg,4
1265_jpg.rf.459c2e1e9909ee52948bcfdb891d5d39_0026.jpg,WEED6C_crops/1265_jpg.rf.459c2e1e9909ee52948bcfdb891d5d39_0026.jpg,4
0191_jpg.rf.ade32b5c7d1da3dce9bc376804f9d0b5_0001.jpg,WEED6C_crops/0191_jpg.rf.ade32b5c7d1da3dce9bc376804f9d0b5_0001.jpg,1
0772_jpg.rf.c378681053dfb6b21aa3a8c2c8e486d4_0005.jpg,WEED6C_crops/0772_jpg.rf.c378681053dfb6b21aa3a8c2c8e486d4_0005.jpg,3
1369_jpg.rf.b115facc4e1a8ff9927fa196a84b853d_0043.jpg,WEED6C_crops/1369_jpg.rf.b115facc4e1a8ff9927fa196a84b853d_0043.jpg,1
0816_jpg.rf.a9cf6d6edbe34347964c89472d30052e_0005.jpg,WEED6C_crops/0816_jpg.rf.a9cf6d6edbe34347964c89472d30052e_0005.jpg,0
0854_jpg.rf.f7e41c0e4115daf144d7cd8f13163f4f_0006.jpg,WEED6C_crops/0854_jpg.rf.f7e41c0e4115daf144d7cd8f13163f4f_0006.jpg,0
0404_jpg.rf.0ccc8ee3871c7241f23b72d5233413ca_0005.jpg,WEED6C_crops/0404_jpg.rf.0ccc8ee3871c7241f23b72d5233413ca_0005.jpg,3
0124_jpg.rf.78c113dd5bc5a36a4b668ff215e8cbf0_0001.jpg,WEED6C_crops/0124_jpg.rf.78c113dd5bc5a36a4b668ff215e8cbf0_0001.jpg,5
1363_jpg.rf.768baa0bd4528831bffe24eb9aa3b51f_0017.jpg,WEED6C_crops/1363_jpg.rf.768baa0bd4528831bffe24eb9aa3b51f_0017.jpg,4
0881_jpg.rf.d667740d66c615bae7d31d677124a687_0008.jpg,WEED6C_crops/0881_jpg.rf.d667740d66c615bae7d31d677124a687_0008.jpg,3
0638_jpg.rf.2a5617b0bb45ebd513ef87da9cfce275_0002.jpg,WEED6C_crops/0638_jpg.rf.2a5617b0bb45ebd513ef87da9cfce275_0002.jpg,3
1383_jpg.rf.774d8f8762ff9dbe26c5db3a3e211276_0015.jpg,WEED6C_crops/1383_jpg.rf.774d8f8762ff9dbe26c5db3a3e211276_0015.jpg,0
0783_jpg.rf.c2df1bcff8d262b8fb51dc8660b42271_0001.jpg,WEED6C_crops/0783_jpg.rf.c2df1bcff8d262b8fb51dc8660b42271_0001.jpg,0
0390_jpg.rf.e5cfc1cb23b500659bcf30391741e331_0002.jpg,WEED6C_crops/0390_jpg.rf.e5cfc1cb23b500659bcf30391741e331_0002.jpg,3
1373_jpg.rf.3d37ed5825d54fd39547b46ea5c1112c_0020.jpg,WEED6C_crops/1373_jpg.rf.3d37ed5825d54fd39547b46ea5c1112c_0020.jpg,4
0715_jpg.rf.07fbb5ee4d4e48dd85fdae19be57a84f_0003.jpg,WEED6C_crops/0715_jpg.rf.07fbb5ee4d4e48dd85fdae19be57a84f_0003.jpg,3
1383_jpg.rf.774d8f8762ff9dbe26c5db3a3e211276_0002.jpg,WEED6C_crops/1383_jpg.rf.774d8f8762ff9dbe26c5db3a3e211276_0002.jpg,1
0605_jpg.rf.eac7baa9054644d9e1aa55e4856ecad8_0011.jpg,WEED6C_crops/0605_jpg.rf.eac7baa9054644d9e1aa55e4856ecad8_0011.jpg,3
0882_jpg.rf.7d2c497fe43cc926602ca22ef35e0094_0007.jpg,WEED6C_crops/0882_jpg.rf.7d2c497fe43cc926602ca22ef35e0094_0007.jpg,1
0402_jpg.rf.e47f921e7fde543ee67ed33616ac6bc6_0002.jpg,WEED6C_crops/0402_jpg.rf.e47f921e7fde543ee67ed33616ac6bc6_0002.jpg,3
0926_jpg.rf.7bca20219309b3ad03328f2a772177bd_0002.jpg,WEED6C_crops/0926_jpg.rf.7bca20219309b3ad03328f2a772177bd_0002.jpg,0
1384_jpg.rf.afcd8b0134972419b998849c6733c7a3_0016.jpg,WEED6C_crops/1384_jpg.rf.afcd8b0134972419b998849c6733c7a3_0016.jpg,0
1363_jpg.rf.768baa0bd4528831bffe24eb9aa3b51f_0010.jpg,WEED6C_crops/1363_jpg.rf.768baa0bd4528831bffe24eb9aa3b51f_0010.jpg,4
1246_jpg.rf.bb73f1b0a3c930a95692d508c903625a_0018.jpg,WEED6C_crops/1246_jpg.rf.bb73f1b0a3c930a95692d508c903625a_0018.jpg,4
0368_jpg.rf.b5083de6ecc2c6e2e906dcb826d390f1_0005.jpg,WEED6C_crops/0368_jpg.rf.b5083de6ecc2c6e2e906dcb826d390f1_0005.jpg,1
0342_jpg.rf.8970aac3b049a5549e7dcb2e7ed9593e_0011.jpg,WEED6C_crops/0342_jpg.rf.8970aac3b049a5549e7dcb2e7ed9593e_0011.jpg,3
0826_jpg.rf.09183412aed1b0f5b40188e53fa5a6a9_0007.jpg,WEED6C_crops/0826_jpg.rf.09183412aed1b0f5b40188e53fa5a6a9_0007.jpg,2
0018_jpg.rf.c25464d1a09bdb9f79a634c225ece2d8_0001.jpg,WEED6C_crops/0018_jpg.rf.c25464d1a09bdb9f79a634c225ece2d8_0001.jpg,5
0984_jpg.rf.7d807f2eec6ad12ec5a2e26ddb95b21d_0001.jpg,WEED6C_crops/0984_jpg.rf.7d807f2eec6ad12ec5a2e26ddb95b21d_0001.jpg,3
0187_jpg.rf.c4ad0df6ea77ac262a84d8bbfd02cb76_0001.jpg,WEED6C_crops/0187_jpg.rf.c4ad0df6ea77ac262a84d8bbfd02cb76_0001.jpg,0
0047_jpg.rf.1d9a348d51172b1224305d839b838ec9_0009.jpg,WEED6C_crops/0047_jpg.rf.1d9a348d51172b1224305d839b838ec9_0009.jpg,5
1074_jpg.rf.fd2bb39c76bb8fd0e8926af47479a1c8_0001.jpg,WEED6C_crops/1074_jpg.rf.fd2bb39c76bb8fd0e8926af47479a1c8_0001.jpg,1
1282_jpg.rf.68eda909ae10dfb1f80f4e4ca2449fe1_0004.jpg,WEED6C_crops/1282_jpg.rf.68eda909ae10dfb1f80f4e4ca2449fe1_0004.jpg,4
0333_jpg.rf.3fd790fea188da90c09e7774cdf6590c_0002.jpg,WEED6C_crops/0333_jpg.rf.3fd790fea188da90c09e7774cdf6590c_0002.jpg,0
0384_jpg.rf.6acfb46a0fc754eb5ccb4cf099031690_0005.jpg,WEED6C_crops/0384_jpg.rf.6acfb46a0fc754eb5ccb4cf099031690_0005.jpg,3
0746_jpg.rf.f0ce726a414563eacf0fa81a4e13930c_0004.jpg,WEED6C_crops/0746_jpg.rf.f0ce726a414563eacf0fa81a4e13930c_0004.jpg,0
1291_jpg.rf.4b6c3745afe80d02cad886422d29091f_0015.jpg,WEED6C_crops/1291_jpg.rf.4b6c3745afe80d02cad886422d29091f_0015.jpg,4
0240_jpg.rf.f18fdb793c0f135ebedcba370dfdcdf7_0009.jpg,WEED6C_crops/0240_jpg.rf.f18fdb793c0f135ebedcba370dfdcdf7_0009.jpg,3
0891_jpg.rf.b37d326d10d2971adb95e49e3dc25237_0002.jpg,WEED6C_crops/0891_jpg.rf.b37d326d10d2971adb95e49e3dc25237_0002.jpg,3
0316_jpg.rf.e4ea9ecdfd3c1f4e05c94a39c5daa359_0001.jpg,WEED6C_crops/0316_jpg.rf.e4ea9ecdfd3c1f4e05c94a39c5daa359_0001.jpg,3
1248_jpg.rf.290b7f88a115132b8a4ebfe43b032865_0024.jpg,WEED6C_crops/1248_jpg.rf.290b7f88a115132b8a4ebfe43b032865_0024.jpg,4
1237_jpg.rf.e87e95a727e50bae03c61f0b1e8522b6_0022.jpg,WEED6C_crops/1237_jpg.rf.e87e95a727e50bae03c61f0b1e8522b6_0022.jpg,4
0235_jpg.rf.8301877cf880e3eb429bf9cdfcb3f141_0008.jpg,WEED6C_crops/0235_jpg.rf.8301877cf880e3eb429bf9cdfcb3f141_0008.jpg,1
0701_jpg.rf.a0b98ca0ac36cb8be97e8e09e71394ba_0005.jpg,WEED6C_crops/0701_jpg.rf.a0b98ca0ac36cb8be97e8e09e71394ba_0005.jpg,3
1301_jpg.rf.700f354f56f641db0462a520325ba29b_0006.jpg,WEED6C_crops/1301_jpg.rf.700f354f56f641db0462a520325ba29b_0006.jpg,4
0643_jpg.rf.bd8393aa016b22299e9ec0773c324f33_0004.jpg,WEED6C_crops/0643_jpg.rf.bd8393aa016b22299e9ec0773c324f33_0004.jpg,0
0355_jpg.rf.aae81bd47c71ade07516a4e90f322582_0009.jpg,WEED6C_crops/0355_jpg.rf.aae81bd47c71ade07516a4e90f322582_0009.jpg,0
1367_jpg.rf.525537f6569c4903b5b939c2e8220219_0003.jpg,WEED6C_crops/1367_jpg.rf.525537f6569c4903b5b939c2e8220219_0003.jpg,1
0406_jpg.rf.9017ef4252883a9da552c165a4ef0334_0002.jpg,WEED6C_crops/0406_jpg.rf.9017ef4252883a9da552c165a4ef0334_0002.jpg,3
1275_jpg.rf.65866643a6cd0f4dcd05a33f2a923468_0004.jpg,WEED6C_crops/1275_jpg.rf.65866643a6cd0f4dcd05a33f2a923468_0004.jpg,4
1181_jpg.rf.0464ad103f48e4c95a98ef0e3bf3c640_0001.jpg,WEED6C_crops/1181_jpg.rf.0464ad103f48e4c95a98ef0e3bf3c640_0001.jpg,2
1271_jpg.rf.edbc880f2c5cbc76998035cf808e95a2_0015.jpg,WEED6C_crops/1271_jpg.rf.edbc880f2c5cbc76998035cf808e95a2_0015.jpg,4
1271_jpg.rf.edbc880f2c5cbc76998035cf808e95a2_0016.jpg,WEED6C_crops/1271_jpg.rf.edbc880f2c5cbc76998035cf808e95a2_0016.jpg,4
1390_jpg.rf.e8c6f5ea5319f14295f5bdf8015410e9_0008.jpg,WEED6C_crops/1390_jpg.rf.e8c6f5ea5319f14295f5bdf8015410e9_0008.jpg,1
0777_jpg.rf.678d20bb12292c903545bc7db7ebd3f8_0004.jpg,WEED6C_crops/0777_jpg.rf.678d20bb12292c903545bc7db7ebd3f8_0004.jpg,3
0804_jpg.rf.d61cc5e060245310e2a9c16bf2d38672_0002.jpg,WEED6C_crops/0804_jpg.rf.d61cc5e060245310e2a9c16bf2d38672_0002.jpg,3
0281_jpg.rf.525275ec8f77a3e6f1a0adab97e761ed_0002.jpg,WEED6C_crops/0281_jpg.rf.525275ec8f77a3e6f1a0adab97e761ed_0002.jpg,3
0762_jpg.rf.d5f839587eee28a39482dff3f1868246_0003.jpg,WEED6C_crops/0762_jpg.rf.d5f839587eee28a39482dff3f1868246_0003.jpg,3
0057_jpg.rf.18e90876a403ac83715e34a76a66a42a_0002.jpg,WEED6C_crops/0057_jpg.rf.18e90876a403ac83715e34a76a66a42a_0002.jpg,5
1231_jpg.rf.fe1b06fe786224eaf851b6416c2554ae_0025.jpg,WEED6C_crops/1231_jpg.rf.fe1b06fe786224eaf851b6416c2554ae_0025.jpg,4
1362_jpg.rf.ab5fc04e9f26ec91359122ba4c109436_0008.jpg,WEED6C_crops/1362_jpg.rf.ab5fc04e9f26ec91359122ba4c109436_0008.jpg,4
1352_jpg.rf.d33033b314f56f27d9a35d5dde8f7509_0011.jpg,WEED6C_crops/1352_jpg.rf.d33033b314f56f27d9a35d5dde8f7509_0011.jpg,4
0055_jpg.rf.aa35c6c972d77c7277e29bf892fead85_0002.jpg,WEED6C_crops/0055_jpg.rf.aa35c6c972d77c7277e29bf892fead85_0002.jpg,5
1374_jpg.rf.6c64883712d67a3ad448ca10c0398308_0004.jpg,WEED6C_crops/1374_jpg.rf.6c64883712d67a3ad448ca10c0398308_0004.jpg,4
0239_jpg.rf.bffa3bfce44d84b05adb8e3e3cab980f_0013.jpg,WEED6C_crops/0239_jpg.rf.bffa3bfce44d84b05adb8e3e3cab980f_0013.jpg,0
0693_jpg.rf.11efe3b485bb2b0382c75f9f96da18eb_0001.jpg,WEED6C_crops/0693_jpg.rf.11efe3b485bb2b0382c75f9f96da18eb_0001.jpg,2
1323_jpg.rf.c872abc56fc3d6cd5a46e2dd7d6ecef2_0001.jpg,WEED6C_crops/1323_jpg.rf.c872abc56fc3d6cd5a46e2dd7d6ecef2_0001.jpg,1
1296_jpg.rf.0c437bc165571cd0590e77bf88763adf_0001.jpg,WEED6C_crops/1296_jpg.rf.0c437bc165571cd0590e77bf88763adf_0001.jpg,1
0269_jpg.rf.d2afcb6e7376916e7b38e303cb36bf50_0009.jpg,WEED6C_crops/0269_jpg.rf.d2afcb6e7376916e7b38e303cb36bf50_0009.jpg,0
0737_jpg.rf.64651ec21b852100b00b79213cda11ca_0003.jpg,WEED6C_crops/0737_jpg.rf.64651ec21b852100b00b79213cda11ca_0003.jpg,2
0298_jpg.rf.1adad714888d14f4b883d71fc9256b29_0005.jpg,WEED6C_crops/0298_jpg.rf.1adad714888d14f4b883d71fc9256b29_0005.jpg,1
1251_jpg.rf.ca084f91ecb665ac4961e3dca9f42efd_0015.jpg,WEED6C_crops/1251_jpg.rf.ca084f91ecb665ac4961e3dca9f42efd_0015.jpg,4
0555_jpg.rf.22f8b1ba9ec0052c65f82fb0d46c75e7_0001.jpg,WEED6C_crops/0555_jpg.rf.22f8b1ba9ec0052c65f82fb0d46c75e7_0001.jpg,3
0390_jpg.rf.e5cfc1cb23b500659bcf30391741e331_0001.jpg,WEED6C_crops/0390_jpg.rf.e5cfc1cb23b500659bcf30391741e331_0001.jpg,3
0854_jpg.rf.f7e41c0e4115daf144d7cd8f13163f4f_0001.jpg,WEED6C_crops/0854_jpg.rf.f7e41c0e4115daf144d7cd8f13163f4f_0001.jpg,3
0383_jpg.rf.27bfc631afce1ab0d9711ed010b01f3f_0008.jpg,WEED6C_crops/0383_jpg.rf.27bfc631afce1ab0d9711ed010b01f3f_0008.jpg,1
0917_jpg.rf.659c1946333aaf090f0b0517a4e6569a_0001.jpg,WEED6C_crops/0917_jpg.rf.659c1946333aaf090f0b0517a4e6569a_0001.jpg,1
1241_jpg.rf.a5be0ca237cc5fdf5c86f10349dafb96_0040.jpg,WEED6C_crops/1241_jpg.rf.a5be0ca237cc5fdf5c86f10349dafb96_0040.jpg,0
0530_jpg.rf.f843e32642e890924b87e165a22960a8_0002.jpg,WEED6C_crops/0530_jpg.rf.f843e32642e890924b87e165a22960a8_0002.jpg,3
0643_jpg.rf.bd8393aa016b22299e9ec0773c324f33_0001.jpg,WEED6C_crops/0643_jpg.rf.bd8393aa016b22299e9ec0773c324f33_0001.jpg,3
0196_jpg.rf.085a28c95bd83d706b4da167e039e140_0012.jpg,WEED6C_crops/0196_jpg.rf.085a28c95bd83d706b4da167e039e140_0012.jpg,0
0614_jpg.rf.6460a83fcbd88ffd7ab9a2fe6d9fa41b_0002.jpg,WEED6C_crops/0614_jpg.rf.6460a83fcbd88ffd7ab9a2fe6d9fa41b_0002.jpg,3
0041_jpg.rf.f0ab6036e37e1b3a1abb0e361b8e6b6e_0002.jpg,WEED6C_crops/0041_jpg.rf.f0ab6036e37e1b3a1abb0e361b8e6b6e_0002.jpg,5
0512_jpg.rf.683f481b05d5c6eeabfdd7093ce4b938_0001.jpg,WEED6C_crops/0512_jpg.rf.683f481b05d5c6eeabfdd7093ce4b938_0001.jpg,0
1362_jpg.rf.ab5fc04e9f26ec91359122ba4c109436_0021.jpg,WEED6C_crops/1362_jpg.rf.ab5fc04e9f26ec91359122ba4c109436_0021.jpg,4
1367_jpg.rf.525537f6569c4903b5b939c2e8220219_0041.jpg,WEED6C_crops/1367_jpg.rf.525537f6569c4903b5b939c2e8220219_0041.jpg,4
0457_jpg.rf.43768a326e5d05471b395acc868129e7_0001.jpg,WEED6C_crops/0457_jpg.rf.43768a326e5d05471b395acc868129e7_0001.jpg,3
1240_jpg.rf.e1ad20f0f2011d323769409c17d77863_0023.jpg,WEED6C_crops/1240_jpg.rf.e1ad20f0f2011d323769409c17d77863_0023.jpg,4
1259_jpg.rf.0167b645cb0006baa012cf610d53ebdd_0013.jpg,WEED6C_crops/1259_jpg.rf.0167b645cb0006baa012cf610d53ebdd_0013.jpg,4
0354_jpg.rf.d82528f9b7c704532fcc08cef1b87f2b_0002.jpg,WEED6C_crops/0354_jpg.rf.d82528f9b7c704532fcc08cef1b87f2b_0002.jpg,3
0900_jpg.rf.56951d91454a0ff447573f36d7686c67_0008.jpg,WEED6C_crops/0900_jpg.rf.56951d91454a0ff447573f36d7686c67_0008.jpg,3
1099_jpg.rf.37ed85497294f1e02ab2ec608969c1ab_0005.jpg,WEED6C_crops/1099_jpg.rf.37ed85497294f1e02ab2ec608969c1ab_0005.jpg,2
0903_jpg.rf.27330c135acad882d05cd53ffefc64b2_0004.jpg,WEED6C_crops/0903_jpg.rf.27330c135acad882d05cd53ffefc64b2_0004.jpg,0
1374_jpg.rf.6c64883712d67a3ad448ca10c0398308_0018.jpg,WEED6C_crops/1374_jpg.rf.6c64883712d67a3ad448ca10c0398308_0018.jpg,4
1363_jpg.rf.768baa0bd4528831bffe24eb9aa3b51f_0020.jpg,WEED6C_crops/1363_jpg.rf.768baa0bd4528831bffe24eb9aa3b51f_0020.jpg,4
1376_jpg.rf.f25c9ac507d73d6c536a1d12e1f19067_0013.jpg,WEED6C_crops/1376_jpg.rf.f25c9ac507d73d6c536a1d12e1f19067_0013.jpg,4
1382_jpg.rf.c7bb27d718933e160b3c41d3f17e3d83_0018.jpg,WEED6C_crops/1382_jpg.rf.c7bb27d718933e160b3c41d3f17e3d83_0018.jpg,0
0985_jpg.rf.329b2612eea7118983789707296e506d_0002.jpg,WEED6C_crops/0985_jpg.rf.329b2612eea7118983789707296e506d_0002.jpg,3
1274_jpg.rf.c49661fafad31d4021277dbf9da35bc4_0011.jpg,WEED6C_crops/1274_jpg.rf.c49661fafad31d4021277dbf9da35bc4_0011.jpg,4
1230_jpg.rf.60caad5b3d36a901c24668ddacd2f112_0007.jpg,WEED6C_crops/1230_jpg.rf.60caad5b3d36a901c24668ddacd2f112_0007.jpg,1
0119_jpg.rf.e6a9bb8428828688efea4b554bdaeb9d_0002.jpg,WEED6C_crops/0119_jpg.rf.e6a9bb8428828688efea4b554bdaeb9d_0002.jpg,5
0224_jpg.rf.5f80d3362f0762511fcc46d1810f07b5_0007.jpg,WEED6C_crops/0224_jpg.rf.5f80d3362f0762511fcc46d1810f07b5_0007.jpg,0
1363_jpg.rf.768baa0bd4528831bffe24eb9aa3b51f_0043.jpg,WEED6C_crops/1363_jpg.rf.768baa0bd4528831bffe24eb9aa3b51f_0043.jpg,4
0375_jpg.rf.e83346babadd91a7ae17f79bb6229688_0008.jpg,WEED6C_crops/0375_jpg.rf.e83346babadd91a7ae17f79bb6229688_0008.jpg,3
0113_jpg.rf.33f571be4ae7ad1b2bbbb23545090cad_0012.jpg,WEED6C_crops/0113_jpg.rf.33f571be4ae7ad1b2bbbb23545090cad_0012.jpg,5
0331_jpg.rf.81958b516c76d305e36df30cceb5e138_0001.jpg,WEED6C_crops/0331_jpg.rf.81958b516c76d305e36df30cceb5e138_0001.jpg,1
1270_jpg.rf.c34b854accd8ec862089128de29e245c_0013.jpg,WEED6C_crops/1270_jpg.rf.c34b854accd8ec862089128de29e245c_0013.jpg,4
1365_jpg.rf.d745a616307c062e3f3851230aee2c41_0024.jpg,WEED6C_crops/1365_jpg.rf.d745a616307c062e3f3851230aee2c41_0024.jpg,4
0945_jpg.rf.285e51433749a613a0f162269cd85a10_0002.jpg,WEED6C_crops/0945_jpg.rf.285e51433749a613a0f162269cd85a10_0002.jpg,2
0745_jpg.rf.cd80c82736fdad5afe35266f2f427400_0002.jpg,WEED6C_crops/0745_jpg.rf.cd80c82736fdad5afe35266f2f427400_0002.jpg,0
1329_jpg.rf.426dd1a986894a1761d247c3a9bd3e6d_0010.jpg,WEED6C_crops/1329_jpg.rf.426dd1a986894a1761d247c3a9bd3e6d_0010.jpg,4
0292_jpg.rf.6a50c1ede4f6200fe42989cb1ee3177d_0010.jpg,WEED6C_crops/0292_jpg.rf.6a50c1ede4f6200fe42989cb1ee3177d_0010.jpg,3
0229_jpg.rf.f665ede73f767c60cddbab597488abcc_0005.jpg,WEED6C_crops/0229_jpg.rf.f665ede73f767c60cddbab597488abcc_0005.jpg,2
1153_jpg.rf.dd15f61375fe24cd821f23cdb37b476e_0001.jpg,WEED6C_crops/1153_jpg.rf.dd15f61375fe24cd821f23cdb37b476e_0001.jpg,2
0638_jpg.rf.2a5617b0bb45ebd513ef87da9cfce275_0003.jpg,WEED6C_crops/0638_jpg.rf.2a5617b0bb45ebd513ef87da9cfce275_0003.jpg,3
1248_jpg.rf.290b7f88a115132b8a4ebfe43b032865_0007.jpg,WEED6C_crops/1248_jpg.rf.290b7f88a115132b8a4ebfe43b032865_0007.jpg,1
0635_jpg.rf.f7caf9e3f7ff4730aba9afa72bf6194d_0002.jpg,WEED6C_crops/0635_jpg.rf.f7caf9e3f7ff4730aba9afa72bf6194d_0002.jpg,3
0298_jpg.rf.1adad714888d14f4b883d71fc9256b29_0008.jpg,WEED6C_crops/0298_jpg.rf.1adad714888d14f4b883d71fc9256b29_0008.jpg,3
1209_jpg.rf.210cc95f0a8b1e695ce0ed93b26b7184_0001.jpg,WEED6C_crops/1209_jpg.rf.210cc95f0a8b1e695ce0ed93b26b7184_0001.jpg,0
0176_jpg.rf.e605e3cef9786986db92605ed842b82b_0001.jpg,WEED6C_crops/0176_jpg.rf.e605e3cef9786986db92605ed842b82b_0001.jpg,0
1294_jpg.rf.99a6afbaff3de0db6ad09e909b9845eb_0009.jpg,WEED6C_crops/1294_jpg.rf.99a6afbaff3de0db6ad09e909b9845eb_0009.jpg,4
1355_jpg.rf.6913dec06d5038de035d46f593a0bd9e_0010.jpg,WEED6C_crops/1355_jpg.rf.6913dec06d5038de035d46f593a0bd9e_0010.jpg,4
1243_jpg.rf.748c4b335d58ce6d73b5c2dc513519e8_0006.jpg,WEED6C_crops/1243_jpg.rf.748c4b335d58ce6d73b5c2dc513519e8_0006.jpg,4
1294_jpg.rf.99a6afbaff3de0db6ad09e909b9845eb_0005.jpg,WEED6C_crops/1294_jpg.rf.99a6afbaff3de0db6ad09e909b9845eb_0005.jpg,4
1297_jpg.rf.6b0b7752cf8cf4de863fbe28b3493196_0007.jpg,WEED6C_crops/1297_jpg.rf.6b0b7752cf8cf4de863fbe28b3493196_0007.jpg,4
0573_jpg.rf.42c2803ac8d6755f557f9af5e925b74e_0003.jpg,WEED6C_crops/0573_jpg.rf.42c2803ac8d6755f557f9af5e925b74e_0003.jpg,1
0721_jpg.rf.72f5b3d37f77af0fd9f57306936b8e97_0003.jpg,WEED6C_crops/0721_jpg.rf.72f5b3d37f77af0fd9f57306936b8e97_0003.jpg,0
1365_jpg.rf.d745a616307c062e3f3851230aee2c41_0007.jpg,WEED6C_crops/1365_jpg.rf.d745a616307c062e3f3851230aee2c41_0007.jpg,4
1117_jpg.rf.f59f8104d694a5e49e3e28c53a82464d_0001.jpg,WEED6C_crops/1117_jpg.rf.f59f8104d694a5e49e3e28c53a82464d_0001.jpg,2
1342_jpg.rf.5ba11aacf5cc1306e3de9786d203418e_0014.jpg,WEED6C_crops/1342_jpg.rf.5ba11aacf5cc1306e3de9786d203418e_0014.jpg,4
1063_jpg.rf.83b53a6e051a5c22269e46a804b9964b_0002.jpg,WEED6C_crops/1063_jpg.rf.83b53a6e051a5c22269e46a804b9964b_0002.jpg,0
1303_jpg.rf.8f30bd948ef635a90243d4eb022d379b_0015.jpg,WEED6C_crops/1303_jpg.rf.8f30bd948ef635a90243d4eb022d379b_0015.jpg,4
1238_jpg.rf.8f2e4dde815b3cdba79f2d24a33ad9eb_0013.jpg,WEED6C_crops/1238_jpg.rf.8f2e4dde815b3cdba79f2d24a33ad9eb_0013.jpg,4
1284_jpg.rf.530cf6dda4cd89ed1fed8a114b2efaa9_0003.jpg,WEED6C_crops/1284_jpg.rf.530cf6dda4cd89ed1fed8a114b2efaa9_0003.jpg,4
0579_jpg.rf.5cbc8bc5b91c170b4e9fdfa27cbc2b34_0003.jpg,WEED6C_crops/0579_jpg.rf.5cbc8bc5b91c170b4e9fdfa27cbc2b34_0003.jpg,3
0091_jpg.rf.6ae729949ac6c8ef9f0df6f035dfeab0_0008.jpg,WEED6C_crops/0091_jpg.rf.6ae729949ac6c8ef9f0df6f035dfeab0_0008.jpg,5
0626_jpg.rf.6d6150daf3b44f43f407f2489237abe1_0003.jpg,WEED6C_crops/0626_jpg.rf.6d6150daf3b44f43f407f2489237abe1_0003.jpg,3
0359_jpg.rf.d79059c10cb92885e24805062a9de816_0005.jpg,WEED6C_crops/0359_jpg.rf.d79059c10cb92885e24805062a9de816_0005.jpg,0
1251_jpg.rf.ca084f91ecb665ac4961e3dca9f42efd_0005.jpg,WEED6C_crops/1251_jpg.rf.ca084f91ecb665ac4961e3dca9f42efd_0005.jpg,1
1356_jpg.rf.2f9a9ccab7035b4c81a5ca992e4a9838_0026.jpg,WEED6C_crops/1356_jpg.rf.2f9a9ccab7035b4c81a5ca992e4a9838_0026.jpg,4
0039_jpg.rf.ae5b0c29e817d057914627ce85a5c988_0002.jpg,WEED6C_crops/0039_jpg.rf.ae5b0c29e817d057914627ce85a5c988_0002.jpg,5
1306_jpg.rf.e683ee4d8210d663a37fc950a9e485c1_0006.jpg,WEED6C_crops/1306_jpg.rf.e683ee4d8210d663a37fc950a9e485c1_0006.jpg,4
0277_jpg.rf.da40428a611c836681331c1b74be0c1b_0011.jpg,WEED6C_crops/0277_jpg.rf.da40428a611c836681331c1b74be0c1b_0011.jpg,0
0856_jpg.rf.55d3bc35cbf75a8f3de29e1c6297a5f2_0003.jpg,WEED6C_crops/0856_jpg.rf.55d3bc35cbf75a8f3de29e1c6297a5f2_0003.jpg,0
1308_jpg.rf.0cf1ad89ac72afc184513083fa85d00e_0011.jpg,WEED6C_crops/1308_jpg.rf.0cf1ad89ac72afc184513083fa85d00e_0011.jpg,4
1321_jpg.rf.8e65d21edc01a3aaf9a2de8cd2acce95_0008.jpg,WEED6C_crops/1321_jpg.rf.8e65d21edc01a3aaf9a2de8cd2acce95_0008.jpg,4
1007_jpg.rf.ab79ba06ced524063203ee3d1c30a48f_0001.jpg,WEED6C_crops/1007_jpg.rf.ab79ba06ced524063203ee3d1c30a48f_0001.jpg,0
0445_jpg.rf.d3331351eda11e8e7a078c2b43329375_0002.jpg,WEED6C_crops/0445_jpg.rf.d3331351eda11e8e7a078c2b43329375_0002.jpg,3
0112_jpg.rf.7bd8ad34f07ba8b06cfe58a2e727add5_0010.jpg,WEED6C_crops/0112_jpg.rf.7bd8ad34f07ba8b06cfe58a2e727add5_0010.jpg,5
0821_jpg.rf.4a41a681e43c4c87c4c89a860addc7d0_0003.jpg,WEED6C_crops/0821_jpg.rf.4a41a681e43c4c87c4c89a860addc7d0_0003.jpg,3
0801_jpg.rf.e86c30b6cae6433126a6efffa5966963_0009.jpg,WEED6C_crops/0801_jpg.rf.e86c30b6cae6433126a6efffa5966963_0009.jpg,3
0526_jpg.rf.d2af319c86f8d0557fd8ae4d28567779_0004.jpg,WEED6C_crops/0526_jpg.rf.d2af319c86f8d0557fd8ae4d28567779_0004.jpg,0
0691_jpg.rf.f3df859db09e631a76bb48b50230e259_0002.jpg,WEED6C_crops/0691_jpg.rf.f3df859db09e631a76bb48b50230e259_0002.jpg,3
0922_jpg.rf.7441e292280a0889384a7dfd09ad33ee_0004.jpg,WEED6C_crops/0922_jpg.rf.7441e292280a0889384a7dfd09ad33ee_0004.jpg,3
0799_jpg.rf.2808b82bc66b13bc463af84be16e4c59_0001.jpg,WEED6C_crops/0799_jpg.rf.2808b82bc66b13bc463af84be16e4c59_0001.jpg,1
1266_jpg.rf.b6ff71f2ca53cd0403e63652331b6edb_0007.jpg,WEED6C_crops/1266_jpg.rf.b6ff71f2ca53cd0403e63652331b6edb_0007.jpg,4
0085_jpg.rf.899d587859a2f54a75195c7523a70472_0012.jpg,WEED6C_crops/0085_jpg.rf.899d587859a2f54a75195c7523a70472_0012.jpg,4
0059_jpg.rf.a77f69410d9f466f98c13d31b45d04e1_0002.jpg,WEED6C_crops/0059_jpg.rf.a77f69410d9f466f98c13d31b45d04e1_0002.jpg,5
1236_jpg.rf.84823ae11fdee603ba6a5fab2cc61c7f_0003.jpg,WEED6C_crops/1236_jpg.rf.84823ae11fdee603ba6a5fab2cc61c7f_0003.jpg,4
0193_jpg.rf.88709cc595706f8481dc357d500cb43a_0006.jpg,WEED6C_crops/0193_jpg.rf.88709cc595706f8481dc357d500cb43a_0006.jpg,3
1248_jpg.rf.290b7f88a115132b8a4ebfe43b032865_0022.jpg,WEED6C_crops/1248_jpg.rf.290b7f88a115132b8a4ebfe43b032865_0022.jpg,4
0923_jpg.rf.ba601b892dfced7507c2e0a4850e6263_0001.jpg,WEED6C_crops/0923_jpg.rf.ba601b892dfced7507c2e0a4850e6263_0001.jpg,1
1374_jpg.rf.6c64883712d67a3ad448ca10c0398308_0002.jpg,WEED6C_crops/1374_jpg.rf.6c64883712d67a3ad448ca10c0398308_0002.jpg,4
1016_jpg.rf.73a38f2e74f06a2c38384189a5335725_0001.jpg,WEED6C_crops/1016_jpg.rf.73a38f2e74f06a2c38384189a5335725_0001.jpg,2
0091_jpg.rf.6ae729949ac6c8ef9f0df6f035dfeab0_0005.jpg,WEED6C_crops/0091_jpg.rf.6ae729949ac6c8ef9f0df6f035dfeab0_0005.jpg,5
0335_jpg.rf.7827909047b000b9fd95e3c3cb87b375_0005.jpg,WEED6C_crops/0335_jpg.rf.7827909047b000b9fd95e3c3cb87b375_0005.jpg,3
1264_jpg.rf.9dcfa7b826804ef4063b1ac764b21e8c_0004.jpg,WEED6C_crops/1264_jpg.rf.9dcfa7b826804ef4063b1ac764b21e8c_0004.jpg,4
0850_jpg.rf.ed4113a22c0e37f4aa6ab3fadb3c3be3_0007.jpg,WEED6C_crops/0850_jpg.rf.ed4113a22c0e37f4aa6ab3fadb3c3be3_0007.jpg,3
1275_jpg.rf.65866643a6cd0f4dcd05a33f2a923468_0006.jpg,WEED6C_crops/1275_jpg.rf.65866643a6cd0f4dcd05a33f2a923468_0006.jpg,4
1239_jpg.rf.7b926cf59320e9b12909abef7c8e7aac_0023.jpg,WEED6C_crops/1239_jpg.rf.7b926cf59320e9b12909abef7c8e7aac_0023.jpg,4
0308_jpg.rf.4393040dee5d9fbb5a78a3dc1d878553_0002.jpg,WEED6C_crops/0308_jpg.rf.4393040dee5d9fbb5a78a3dc1d878553_0002.jpg,3
0244_jpg.rf.28fd6659d3b4c604e579183607656c76_0006.jpg,WEED6C_crops/0244_jpg.rf.28fd6659d3b4c604e579183607656c76_0006.jpg,1
0638_jpg.rf.2a5617b0bb45ebd513ef87da9cfce275_0009.jpg,WEED6C_crops/0638_jpg.rf.2a5617b0bb45ebd513ef87da9cfce275_0009.jpg,3
0718_jpg.rf.cb8e14010a325374493c6881d81183ee_0001.jpg,WEED6C_crops/0718_jpg.rf.cb8e14010a325374493c6881d81183ee_0001.jpg,0
0882_jpg.rf.7d2c497fe43cc926602ca22ef35e0094_0008.jpg,WEED6C_crops/0882_jpg.rf.7d2c497fe43cc926602ca22ef35e0094_0008.jpg,3
0334_jpg.rf.b89158792ac6873fac9d3fa05614ddf3_0007.jpg,WEED6C_crops/0334_jpg.rf.b89158792ac6873fac9d3fa05614ddf3_0007.jpg,2
0725_jpg.rf.2277e61944d0fe548a2fb261c7e23204_0001.jpg,WEED6C_crops/0725_jpg.rf.2277e61944d0fe548a2fb261c7e23204_0001.jpg,3
1238_jpg.rf.8f2e4dde815b3cdba79f2d24a33ad9eb_0010.jpg,WEED6C_crops/1238_jpg.rf.8f2e4dde815b3cdba79f2d24a33ad9eb_0010.jpg,4
0000_jpg.rf.26d2a0a638c3669bca7dd01788f458df_0018.jpg,WEED6C_crops/0000_jpg.rf.26d2a0a638c3669bca7dd01788f458df_0018.jpg,5
1372_jpg.rf.ef878d09b7d0fbf710c9467e4f1063c1_0010.jpg,WEED6C_crops/1372_jpg.rf.ef878d09b7d0fbf710c9467e4f1063c1_0010.jpg,4
0864_jpg.rf.a89fcd6973f4f63d9a927a2f4b53e02a_0003.jpg,WEED6C_crops/0864_jpg.rf.a89fcd6973f4f63d9a927a2f4b53e02a_0003.jpg,3
1326_jpg.rf.ba5307608bcddc028d4a821d0505dda6_0013.jpg,WEED6C_crops/1326_jpg.rf.ba5307608bcddc028d4a821d0505dda6_0013.jpg,4
0461_jpg.rf.ce0cb65933a5a4b87b81a1ebba459b0c_0001.jpg,WEED6C_crops/0461_jpg.rf.ce0cb65933a5a4b87b81a1ebba459b0c_0001.jpg,3
1257_jpg.rf.89c85bc5acee92f655635658a5c1295d_0004.jpg,WEED6C_crops/1257_jpg.rf.89c85bc5acee92f655635658a5c1295d_0004.jpg,4
0444_jpg.rf.d0e4f65ff3dcd0e2d60c4fc592d3028b_0002.jpg,WEED6C_crops/0444_jpg.rf.d0e4f65ff3dcd0e2d60c4fc592d3028b_0002.jpg,2
1137_jpg.rf.67335d1fac28a2b306d19cf6c4268ea8_0002.jpg,WEED6C_crops/1137_jpg.rf.67335d1fac28a2b306d19cf6c4268ea8_0002.jpg,0
1252_jpg.rf.0460eee5cd6e483e72571dbeb38f50ba_0034.jpg,WEED6C_crops/1252_jpg.rf.0460eee5cd6e483e72571dbeb38f50ba_0034.jpg,4
0302_jpg.rf.7a291f2cf97e6626f243ee5cad7290d9_0002.jpg,WEED6C_crops/0302_jpg.rf.7a291f2cf97e6626f243ee5cad7290d9_0002.jpg,2
0949_jpg.rf.a4988b156df5c0b96661f34da867ac22_0006.jpg,WEED6C_crops/0949_jpg.rf.a4988b156df5c0b96661f34da867ac22_0006.jpg,2
0299_jpg.rf.c87e649a4c4c2ca343b1bfc67f008e02_0002.jpg,WEED6C_crops/0299_jpg.rf.c87e649a4c4c2ca343b1bfc67f008e02_0002.jpg,3
0855_jpg.rf.c3864326bbe207814bd73e53a801ac40_0003.jpg,WEED6C_crops/0855_jpg.rf.c3864326bbe207814bd73e53a801ac40_0003.jpg,0
0196_jpg.rf.085a28c95bd83d706b4da167e039e140_0015.jpg,WEED6C_crops/0196_jpg.rf.085a28c95bd83d706b4da167e039e140_0015.jpg,0
0112_jpg.rf.7bd8ad34f07ba8b06cfe58a2e727add5_0007.jpg,WEED6C_crops/0112_jpg.rf.7bd8ad34f07ba8b06cfe58a2e727add5_0007.jpg,5
0574_jpg.rf.929b95c70efc3394f4ffc8686bec7f34_0004.jpg,WEED6C_crops/0574_jpg.rf.929b95c70efc3394f4ffc8686bec7f34_0004.jpg,3
1275_jpg.rf.65866643a6cd0f4dcd05a33f2a923468_0011.jpg,WEED6C_crops/1275_jpg.rf.65866643a6cd0f4dcd05a33f2a923468_0011.jpg,4
0219_jpg.rf.ff71274c38465d88b0916f73a863ed69_0006.jpg,WEED6C_crops/0219_jpg.rf.ff71274c38465d88b0916f73a863ed69_0006.jpg,3
0420_jpg.rf.c39fe0541840d81770f878ed17029a8e_0002.jpg,WEED6C_crops/0420_jpg.rf.c39fe0541840d81770f878ed17029a8e_0002.jpg,1
0360_jpg.rf.f070784662d3e14abdda41d21e4b9ccb_0013.jpg,WEED6C_crops/0360_jpg.rf.f070784662d3e14abdda41d21e4b9ccb_0013.jpg,1
1303_jpg.rf.8f30bd948ef635a90243d4eb022d379b_0002.jpg,WEED6C_crops/1303_jpg.rf.8f30bd948ef635a90243d4eb022d379b_0002.jpg,4
1378_jpg.rf.a485ab7c96bef96dac8eb7e61bbb7fb8_0004.jpg,WEED6C_crops/1378_jpg.rf.a485ab7c96bef96dac8eb7e61bbb7fb8_0004.jpg,4
1196_jpg.rf.53692cc55b2b6eee5f34c15c5a5a1cfb_0002.jpg,WEED6C_crops/1196_jpg.rf.53692cc55b2b6eee5f34c15c5a5a1cfb_0002.jpg,2
0924_jpg.rf.38515b7536c8c5bcb37440437863e683_0009.jpg,WEED6C_crops/0924_jpg.rf.38515b7536c8c5bcb37440437863e683_0009.jpg,0
0303_jpg.rf.ba9e9e67a01dbfb37c28a17567377b7f_0004.jpg,WEED6C_crops/0303_jpg.rf.ba9e9e67a01dbfb37c28a17567377b7f_0004.jpg,3
0701_jpg.rf.a0b98ca0ac36cb8be97e8e09e71394ba_0001.jpg,WEED6C_crops/0701_jpg.rf.a0b98ca0ac36cb8be97e8e09e71394ba_0001.jpg,0
0381_jpg.rf.cddb21d4777e113ec1f33da97eb01a9c_0003.jpg,WEED6C_crops/0381_jpg.rf.cddb21d4777e113ec1f33da97eb01a9c_0003.jpg,3
0165_jpg.rf.0928912c7166d8671e8b542782631ad0_0001.jpg,WEED6C_crops/0165_jpg.rf.0928912c7166d8671e8b542782631ad0_0001.jpg,5
0245_jpg.rf.29080c9d2defe1467a5aa0917b58eee4_0004.jpg,WEED6C_crops/0245_jpg.rf.29080c9d2defe1467a5aa0917b58eee4_0004.jpg,1
0815_jpg.rf.9e2540c5fc3243df29a5908ad1888381_0003.jpg,WEED6C_crops/0815_jpg.rf.9e2540c5fc3243df29a5908ad1888381_0003.jpg,2
0387_jpg.rf.7c3295680c7efc4e9f9f30819ac54b6e_0006.jpg,WEED6C_crops/0387_jpg.rf.7c3295680c7efc4e9f9f30819ac54b6e_0006.jpg,1
0282_jpg.rf.903c6855cfaa6190be3ecefb5d6c9bc1_0006.jpg,WEED6C_crops/0282_jpg.rf.903c6855cfaa6190be3ecefb5d6c9bc1_0006.jpg,1
0921_jpg.rf.d40985a530079708c4b75c6d3485c54d_0002.jpg,WEED6C_crops/0921_jpg.rf.d40985a530079708c4b75c6d3485c54d_0002.jpg,3
1307_jpg.rf.33599e09e24700c862edbff3b301109d_0013.jpg,WEED6C_crops/1307_jpg.rf.33599e09e24700c862edbff3b301109d_0013.jpg,4
0595_jpg.rf.5c016f5da400413f75ae43463574322b_0006.jpg,WEED6C_crops/0595_jpg.rf.5c016f5da400413f75ae43463574322b_0006.jpg,0
0455_jpg.rf.53d7fdc35b74965db1e8d090db346740_0007.jpg,WEED6C_crops/0455_jpg.rf.53d7fdc35b74965db1e8d090db346740_0007.jpg,0
1261_jpg.rf.b19cad8a68de06804bcfdc0a4513c8c2_0003.jpg,WEED6C_crops/1261_jpg.rf.b19cad8a68de06804bcfdc0a4513c8c2_0003.jpg,4
0601_jpg.rf.d4e7b8fca4e5da2da56623920c7d843c_0001.jpg,WEED6C_crops/0601_jpg.rf.d4e7b8fca4e5da2da56623920c7d843c_0001.jpg,3
1301_jpg.rf.700f354f56f641db0462a520325ba29b_0002.jpg,WEED6C_crops/1301_jpg.rf.700f354f56f641db0462a520325ba29b_0002.jpg,1
1379_jpg.rf.51eb6739e53299f2ac6115b3c694bde0_0014.jpg,WEED6C_crops/1379_jpg.rf.51eb6739e53299f2ac6115b3c694bde0_0014.jpg,4
1304_jpg.rf.bdabd9792ab23d3924d6e3d26f3aec06_0043.jpg,WEED6C_crops/1304_jpg.rf.bdabd9792ab23d3924d6e3d26f3aec06_0043.jpg,4
0383_jpg.rf.27bfc631afce1ab0d9711ed010b01f3f_0011.jpg,WEED6C_crops/0383_jpg.rf.27bfc631afce1ab0d9711ed010b01f3f_0011.jpg,3
0357_jpg.rf.f4ad7df0adfd56eef277a6ba6334d617_0002.jpg,WEED6C_crops/0357_jpg.rf.f4ad7df0adfd56eef277a6ba6334d617_0002.jpg,1
0314_jpg.rf.008254fb716574269cccede65777836e_0002.jpg,WEED6C_crops/0314_jpg.rf.008254fb716574269cccede65777836e_0002.jpg,3
1250_jpg.rf.790f9e867b39dfc376c40d0fc852486f_0006.jpg,WEED6C_crops/1250_jpg.rf.790f9e867b39dfc376c40d0fc852486f_0006.jpg,1
0395_jpg.rf.f2e8b3a4987b711f9cd6cb60f5292153_0003.jpg,WEED6C_crops/0395_jpg.rf.f2e8b3a4987b711f9cd6cb60f5292153_0003.jpg,0
0527_jpg.rf.37b3b59ba73f92ca4a3906216e51fc20_0003.jpg,WEED6C_crops/0527_jpg.rf.37b3b59ba73f92ca4a3906216e51fc20_0003.jpg,0
1342_jpg.rf.5ba11aacf5cc1306e3de9786d203418e_0010.jpg,WEED6C_crops/1342_jpg.rf.5ba11aacf5cc1306e3de9786d203418e_0010.jpg,4
1305_jpg.rf.443512b37c4cb64236dc2fdc570ded6d_0010.jpg,WEED6C_crops/1305_jpg.rf.443512b37c4cb64236dc2fdc570ded6d_0010.jpg,4
1369_jpg.rf.b115facc4e1a8ff9927fa196a84b853d_0049.jpg,WEED6C_crops/1369_jpg.rf.b115facc4e1a8ff9927fa196a84b853d_0049.jpg,4
1294_jpg.rf.99a6afbaff3de0db6ad09e909b9845eb_0014.jpg,WEED6C_crops/1294_jpg.rf.99a6afbaff3de0db6ad09e909b9845eb_0014.jpg,4
0719_jpg.rf.215a19e2837bee4159c14435d4a0a525_0001.jpg,WEED6C_crops/0719_jpg.rf.215a19e2837bee4159c14435d4a0a525_0001.jpg,3
0605_jpg.rf.eac7baa9054644d9e1aa55e4856ecad8_0004.jpg,WEED6C_crops/0605_jpg.rf.eac7baa9054644d9e1aa55e4856ecad8_0004.jpg,3
1241_jpg.rf.a5be0ca237cc5fdf5c86f10349dafb96_0029.jpg,WEED6C_crops/1241_jpg.rf.a5be0ca237cc5fdf5c86f10349dafb96_0029.jpg,4
1223_jpg.rf.0bcf9a797ea515db8283ea5a6a4f9c59_0001.jpg,WEED6C_crops/1223_jpg.rf.0bcf9a797ea515db8283ea5a6a4f9c59_0001.jpg,1
0995_jpg.rf.91cc6340c03a408db29aa5cb396b54a0_0003.jpg,WEED6C_crops/0995_jpg.rf.91cc6340c03a408db29aa5cb396b54a0_0003.jpg,2
0855_jpg.rf.c3864326bbe207814bd73e53a801ac40_0001.jpg,WEED6C_crops/0855_jpg.rf.c3864326bbe207814bd73e53a801ac40_0001.jpg,3
1359_jpg.rf.6bb7d484d2aa6c486b81a4b2f321dfb3_0009.jpg,WEED6C_crops/1359_jpg.rf.6bb7d484d2aa6c486b81a4b2f321dfb3_0009.jpg,4
1312_jpg.rf.fa6b7f3802f4931059a20e34aafb4127_0006.jpg,WEED6C_crops/1312_jpg.rf.fa6b7f3802f4931059a20e34aafb4127_0006.jpg,4
1303_jpg.rf.8f30bd948ef635a90243d4eb022d379b_0033.jpg,WEED6C_crops/1303_jpg.rf.8f30bd948ef635a90243d4eb022d379b_0033.jpg,4
0710_jpg.rf.3f5ee2a03f1e7db4d5615d61bd25f18d_0004.jpg,WEED6C_crops/0710_jpg.rf.3f5ee2a03f1e7db4d5615d61bd25f18d_0004.jpg,0
1248_jpg.rf.290b7f88a115132b8a4ebfe43b032865_0002.jpg,WEED6C_crops/1248_jpg.rf.290b7f88a115132b8a4ebfe43b032865_0002.jpg,1
1241_jpg.rf.a5be0ca237cc5fdf5c86f10349dafb96_0007.jpg,WEED6C_crops/1241_jpg.rf.a5be0ca237cc5fdf5c86f10349dafb96_0007.jpg,4
0357_jpg.rf.f4ad7df0adfd56eef277a6ba6334d617_0004.jpg,WEED6C_crops/0357_jpg.rf.f4ad7df0adfd56eef277a6ba6334d617_0004.jpg,1
1343_jpg.rf.5f18c75b4fd49b4163ba2bb3af2f505f_0018.jpg,WEED6C_crops/1343_jpg.rf.5f18c75b4fd49b4163ba2bb3af2f505f_0018.jpg,4
1252_jpg.rf.0460eee5cd6e483e72571dbeb38f50ba_0037.jpg,WEED6C_crops/1252_jpg.rf.0460eee5cd6e483e72571dbeb38f50ba_0037.jpg,4
1362_jpg.rf.ab5fc04e9f26ec91359122ba4c109436_0009.jpg,WEED6C_crops/1362_jpg.rf.ab5fc04e9f26ec91359122ba4c109436_0009.jpg,4
1367_jpg.rf.525537f6569c4903b5b939c2e8220219_0004.jpg,WEED6C_crops/1367_jpg.rf.525537f6569c4903b5b939c2e8220219_0004.jpg,1
0241_jpg.rf.91f3e8769b4d0ba66baac18128b9bc52_0004.jpg,WEED6C_crops/0241_jpg.rf.91f3e8769b4d0ba66baac18128b9bc52_0004.jpg,1
0996_jpg.rf.741ba7684d59436b93d05d0643d31146_0003.jpg,WEED6C_crops/0996_jpg.rf.741ba7684d59436b93d05d0643d31146_0003.jpg,0
0446_jpg.rf.f09c9a291c819000e04f77d498ab80e1_0003.jpg,WEED6C_crops/0446_jpg.rf.f09c9a291c819000e04f77d498ab80e1_0003.jpg,0
0093_jpg.rf.350f55cf44339df87d292b9e94e5ba85_0018.jpg,WEED6C_crops/0093_jpg.rf.350f55cf44339df87d292b9e94e5ba85_0018.jpg,5
0268_jpg.rf.29ca8c5228413263362774580ff9c442_0006.jpg,WEED6C_crops/0268_jpg.rf.29ca8c5228413263362774580ff9c442_0006.jpg,1
0543_jpg.rf.1d2fc0c8dbd3297304e107c958dbe084_0001.jpg,WEED6C_crops/0543_jpg.rf.1d2fc0c8dbd3297304e107c958dbe084_0001.jpg,1
1244_jpg.rf.83560aef67ff7ed166c6d632988b171e_0008.jpg,WEED6C_crops/1244_jpg.rf.83560aef67ff7ed166c6d632988b171e_0008.jpg,4
0295_jpg.rf.0cb1bae9f44332d2bc55ceb2715f71ea_0010.jpg,WEED6C_crops/0295_jpg.rf.0cb1bae9f44332d2bc55ceb2715f71ea_0010.jpg,3
1364_jpg.rf.83d1b91ffdd68ab08b0f5031bb41761b_0016.jpg,WEED6C_crops/1364_jpg.rf.83d1b91ffdd68ab08b0f5031bb41761b_0016.jpg,4
1326_jpg.rf.ba5307608bcddc028d4a821d0505dda6_0003.jpg,WEED6C_crops/1326_jpg.rf.ba5307608bcddc028d4a821d0505dda6_0003.jpg,4
1237_jpg.rf.e87e95a727e50bae03c61f0b1e8522b6_0001.jpg,WEED6C_crops/1237_jpg.rf.e87e95a727e50bae03c61f0b1e8522b6_0001.jpg,4
0428_jpg.rf.d829eb4d8d011a1ea1166349e797a873_0005.jpg,WEED6C_crops/0428_jpg.rf.d829eb4d8d011a1ea1166349e797a873_0005.jpg,2
1233_jpg.rf.a9ad2187477d12adf58c20e898c06211_0017.jpg,WEED6C_crops/1233_jpg.rf.a9ad2187477d12adf58c20e898c06211_0017.jpg,4
0337_jpg.rf.57e86fd8f18b84e3fb62d20ed8f7edec_0007.jpg,WEED6C_crops/0337_jpg.rf.57e86fd8f18b84e3fb62d20ed8f7edec_0007.jpg,0
0347_jpg.rf.875f6ef52525b9e58d85a4c96813ef6a_0002.jpg,WEED6C_crops/0347_jpg.rf.875f6ef52525b9e58d85a4c96813ef6a_0002.jpg,3
1278_jpg.rf.8353099bf4fd742277e604b5ff8500e0_0004.jpg,WEED6C_crops/1278_jpg.rf.8353099bf4fd742277e604b5ff8500e0_0004.jpg,4
1231_jpg.rf.fe1b06fe786224eaf851b6416c2554ae_0017.jpg,WEED6C_crops/1231_jpg.rf.fe1b06fe786224eaf851b6416c2554ae_0017.jpg,0
0245_jpg.rf.29080c9d2defe1467a5aa0917b58eee4_0012.jpg,WEED6C_crops/0245_jpg.rf.29080c9d2defe1467a5aa0917b58eee4_0012.jpg,0
0198_jpg.rf.a8633b29e881cf380513f2bf6ee10bab_0005.jpg,WEED6C_crops/0198_jpg.rf.a8633b29e881cf380513f2bf6ee10bab_0005.jpg,0
0521_jpg.rf.253c4db8ad62896fe44100e3c242a53f_0002.jpg,WEED6C_crops/0521_jpg.rf.253c4db8ad62896fe44100e3c242a53f_0002.jpg,3
1380_jpg.rf.c17524f4eb123d41b596e05bb2c20b30_0006.jpg,WEED6C_crops/1380_jpg.rf.c17524f4eb123d41b596e05bb2c20b30_0006.jpg,4
1369_jpg.rf.b115facc4e1a8ff9927fa196a84b853d_0016.jpg,WEED6C_crops/1369_jpg.rf.b115facc4e1a8ff9927fa196a84b853d_0016.jpg,4
1338_jpg.rf.321121b7a3efd0ac1c8aa7d0cbb33902_0013.jpg,WEED6C_crops/1338_jpg.rf.321121b7a3efd0ac1c8aa7d0cbb33902_0013.jpg,4
0351_jpg.rf.0a701bdb43cd1fc757bc28789adc90f3_0008.jpg,WEED6C_crops/0351_jpg.rf.0a701bdb43cd1fc757bc28789adc90f3_0008.jpg,0
1034_jpg.rf.64b71f5349996200a023cb1239ffd55c_0002.jpg,WEED6C_crops/1034_jpg.rf.64b71f5349996200a023cb1239ffd55c_0002.jpg,1
0284_jpg.rf.c2b8611e73ffa1a24090fdc1a431bce4_0005.jpg,WEED6C_crops/0284_jpg.rf.c2b8611e73ffa1a24090fdc1a431bce4_0005.jpg,3
1202_jpg.rf.7ac6889b5bb6d19e110d2347c262077e_0001.jpg,WEED6C_crops/1202_jpg.rf.7ac6889b5bb6d19e110d2347c262077e_0001.jpg,1
1314_jpg.rf.026df1d2420a72903e8aa30534cca72c_0006.jpg,WEED6C_crops/1314_jpg.rf.026df1d2420a72903e8aa30534cca72c_0006.jpg,4
0528_jpg.rf.6b5682d11915a8a59aa1670f1067d25b_0001.jpg,WEED6C_crops/0528_jpg.rf.6b5682d11915a8a59aa1670f1067d25b_0001.jpg,3
1377_jpg.rf.13024f6056bd3ee967e54a75b53fd777_0002.jpg,WEED6C_crops/1377_jpg.rf.13024f6056bd3ee967e54a75b53fd777_0002.jpg,4
1289_jpg.rf.957e6f56bd4082a5f0de4abb3406240f_0008.jpg,WEED6C_crops/1289_jpg.rf.957e6f56bd4082a5f0de4abb3406240f_0008.jpg,4
0925_jpg.rf.6a52b7ae52ed738735743b4f81d0a18c_0006.jpg,WEED6C_crops/0925_jpg.rf.6a52b7ae52ed738735743b4f81d0a18c_0006.jpg,3
1267_jpg.rf.7a81427b8cf51c46e081b7723f1e15ac_0030.jpg,WEED6C_crops/1267_jpg.rf.7a81427b8cf51c46e081b7723f1e15ac_0030.jpg,4
0640_jpg.rf.3d46796798b5683efcaf4156bc315786_0004.jpg,WEED6C_crops/0640_jpg.rf.3d46796798b5683efcaf4156bc315786_0004.jpg,0
1369_jpg.rf.b115facc4e1a8ff9927fa196a84b853d_0020.jpg,WEED6C_crops/1369_jpg.rf.b115facc4e1a8ff9927fa196a84b853d_0020.jpg,4
1364_jpg.rf.83d1b91ffdd68ab08b0f5031bb41761b_0015.jpg,WEED6C_crops/1364_jpg.rf.83d1b91ffdd68ab08b0f5031bb41761b_0015.jpg,4
0874_jpg.rf.00b705087a37a74eb41a18d4f9264049_0001.jpg,WEED6C_crops/0874_jpg.rf.00b705087a37a74eb41a18d4f9264049_0001.jpg,3
1376_jpg.rf.f25c9ac507d73d6c536a1d12e1f19067_0016.jpg,WEED6C_crops/1376_jpg.rf.f25c9ac507d73d6c536a1d12e1f19067_0016.jpg,4
0290_jpg.rf.ad239329d8712deb3691ec98993f5cfd_0007.jpg,WEED6C_crops/0290_jpg.rf.ad239329d8712deb3691ec98993f5cfd_0007.jpg,3
0301_jpg.rf.4b8ff5d9301881bda42433c11202e856_0002.jpg,WEED6C_crops/0301_jpg.rf.4b8ff5d9301881bda42433c11202e856_0002.jpg,1
0220_jpg.rf.ac3075b666a8df6cadddc7f7932b8698_0002.jpg,WEED6C_crops/0220_jpg.rf.ac3075b666a8df6cadddc7f7932b8698_0002.jpg,3
0079_jpg.rf.bd3d0899dd4a32431aa298454229cee4_0002.jpg,WEED6C_crops/0079_jpg.rf.bd3d0899dd4a32431aa298454229cee4_0002.jpg,5
0912_jpg.rf.64d528b80c3452b4cf35a20779ed56c6_0003.jpg,WEED6C_crops/0912_jpg.rf.64d528b80c3452b4cf35a20779ed56c6_0003.jpg,3
1207_jpg.rf.865c4c98d08c0e13733a4b21dec6cfe1_0002.jpg,WEED6C_crops/1207_jpg.rf.865c4c98d08c0e13733a4b21dec6cfe1_0002.jpg,2
0258_jpg.rf.20c763eefbf6fb774b2bfa869a3b36be_0001.jpg,WEED6C_crops/0258_jpg.rf.20c763eefbf6fb774b2bfa869a3b36be_0001.jpg,1
1348_jpg.rf.f5893179f9b6a36ba0042a01452efe78_0002.jpg,WEED6C_crops/1348_jpg.rf.f5893179f9b6a36ba0042a01452efe78_0002.jpg,4
0546_jpg.rf.ebbe2e620d3ba78f44b2ac53b958321a_0006.jpg,WEED6C_crops/0546_jpg.rf.ebbe2e620d3ba78f44b2ac53b958321a_0006.jpg,0
0094_jpg.rf.61e97d8a654d322af0b8f5777fd16f41_0005.jpg,WEED6C_crops/0094_jpg.rf.61e97d8a654d322af0b8f5777fd16f41_0005.jpg,5
0239_jpg.rf.bffa3bfce44d84b05adb8e3e3cab980f_0001.jpg,WEED6C_crops/0239_jpg.rf.bffa3bfce44d84b05adb8e3e3cab980f_0001.jpg,0
0911_jpg.rf.5442b5653341269a382fdbcf8b44fc85_0004.jpg,WEED6C_crops/0911_jpg.rf.5442b5653341269a382fdbcf8b44fc85_0004.jpg,0
0660_jpg.rf.46d6d5ff1d09a4a4db6733f3a417af63_0006.jpg,WEED6C_crops/0660_jpg.rf.46d6d5ff1d09a4a4db6733f3a417af63_0006.jpg,3
0165_jpg.rf.0928912c7166d8671e8b542782631ad0_0009.jpg,WEED6C_crops/0165_jpg.rf.0928912c7166d8671e8b542782631ad0_0009.jpg,5
0540_jpg.rf.23c8aaf79c0cf86a1936e74d9f646568_0003.jpg,WEED6C_crops/0540_jpg.rf.23c8aaf79c0cf86a1936e74d9f646568_0003.jpg,2
0261_jpg.rf.5df6d646b46c050b83d0adc4a49869ac_0006.jpg,WEED6C_crops/0261_jpg.rf.5df6d646b46c050b83d0adc4a49869ac_0006.jpg,2
1379_jpg.rf.51eb6739e53299f2ac6115b3c694bde0_0018.jpg,WEED6C_crops/1379_jpg.rf.51eb6739e53299f2ac6115b3c694bde0_0018.jpg,4
1362_jpg.rf.ab5fc04e9f26ec91359122ba4c109436_0045.jpg,WEED6C_crops/1362_jpg.rf.ab5fc04e9f26ec91359122ba4c109436_0045.jpg,4
0837_jpg.rf.8735d328e944f506f933e1e7704cceb0_0002.jpg,WEED6C_crops/0837_jpg.rf.8735d328e944f506f933e1e7704cceb0_0002.jpg,0
0964_jpg.rf.62fb691f331c05daf6ba126713ea23f4_0003.jpg,WEED6C_crops/0964_jpg.rf.62fb691f331c05daf6ba126713ea23f4_0003.jpg,1
0308_jpg.rf.4393040dee5d9fbb5a78a3dc1d878553_0001.jpg,WEED6C_crops/0308_jpg.rf.4393040dee5d9fbb5a78a3dc1d878553_0001.jpg,3
0600_jpg.rf.cce8e3eda50efb97b7117af66ca86657_0007.jpg,WEED6C_crops/0600_jpg.rf.cce8e3eda50efb97b7117af66ca86657_0007.jpg,3
1238_jpg.rf.8f2e4dde815b3cdba79f2d24a33ad9eb_0018.jpg,WEED6C_crops/1238_jpg.rf.8f2e4dde815b3cdba79f2d24a33ad9eb_0018.jpg,4
1268_jpg.rf.f92eaf335716f66b9db465ec842cf1d7_0017.jpg,WEED6C_crops/1268_jpg.rf.f92eaf335716f66b9db465ec842cf1d7_0017.jpg,4
0994_jpg.rf.f87cdcefa354afffe8dbf24c79cd8c8e_0004.jpg,WEED6C_crops/0994_jpg.rf.f87cdcefa354afffe8dbf24c79cd8c8e_0004.jpg,3
1265_jpg.rf.459c2e1e9909ee52948bcfdb891d5d39_0011.jpg,WEED6C_crops/1265_jpg.rf.459c2e1e9909ee52948bcfdb891d5d39_0011.jpg,4
0245_jpg.rf.29080c9d2defe1467a5aa0917b58eee4_0007.jpg,WEED6C_crops/0245_jpg.rf.29080c9d2defe1467a5aa0917b58eee4_0007.jpg,1
0280_jpg.rf.3ce53678ac19500daa9a33c002511d2c_0010.jpg,WEED6C_crops/0280_jpg.rf.3ce53678ac19500daa9a33c002511d2c_0010.jpg,3
0540_jpg.rf.23c8aaf79c0cf86a1936e74d9f646568_0002.jpg,WEED6C_crops/0540_jpg.rf.23c8aaf79c0cf86a1936e74d9f646568_0002.jpg,3
0204_jpg.rf.eaa05575ea0cb57f54805cff6cfeb50e_0004.jpg,WEED6C_crops/0204_jpg.rf.eaa05575ea0cb57f54805cff6cfeb50e_0004.jpg,3
1270_jpg.rf.c34b854accd8ec862089128de29e245c_0017.jpg,WEED6C_crops/1270_jpg.rf.c34b854accd8ec862089128de29e245c_0017.jpg,4
0370_jpg.rf.4fcf8e6b3e2ed18719e053c056f93bdb_0002.jpg,WEED6C_crops/0370_jpg.rf.4fcf8e6b3e2ed18719e053c056f93bdb_0002.jpg,1
1301_jpg.rf.700f354f56f641db0462a520325ba29b_0010.jpg,WEED6C_crops/1301_jpg.rf.700f354f56f641db0462a520325ba29b_0010.jpg,4
0908_jpg.rf.2a523ed34012fa10534089f009a94e63_0007.jpg,WEED6C_crops/0908_jpg.rf.2a523ed34012fa10534089f009a94e63_0007.jpg,2
0474_jpg.rf.c89f826a90d41a3c713e6bc1392780a7_0004.jpg,WEED6C_crops/0474_jpg.rf.c89f826a90d41a3c713e6bc1392780a7_0004.jpg,3
1390_jpg.rf.e8c6f5ea5319f14295f5bdf8015410e9_0004.jpg,WEED6C_crops/1390_jpg.rf.e8c6f5ea5319f14295f5bdf8015410e9_0004.jpg,4
0315_jpg.rf.f38c7b3c672b2ca74d91b7957ceec8d4_0003.jpg,WEED6C_crops/0315_jpg.rf.f38c7b3c672b2ca74d91b7957ceec8d4_0003.jpg,3
0501_jpg.rf.2180b6dfcf5adbe103f37ec21481f9ec_0006.jpg,WEED6C_crops/0501_jpg.rf.2180b6dfcf5adbe103f37ec21481f9ec_0006.jpg,0
1304_jpg.rf.bdabd9792ab23d3924d6e3d26f3aec06_0015.jpg,WEED6C_crops/1304_jpg.rf.bdabd9792ab23d3924d6e3d26f3aec06_0015.jpg,4
0145_jpg.rf.bb6a6e9561f871b0013f1cc4a9a964a0_0001.jpg,WEED6C_crops/0145_jpg.rf.bb6a6e9561f871b0013f1cc4a9a964a0_0001.jpg,5
1362_jpg.rf.ab5fc04e9f26ec91359122ba4c109436_0003.jpg,WEED6C_crops/1362_jpg.rf.ab5fc04e9f26ec91359122ba4c109436_0003.jpg,4
0458_jpg.rf.94d9cee93dbfcbfc0b0721afe9202000_0002.jpg,WEED6C_crops/0458_jpg.rf.94d9cee93dbfcbfc0b0721afe9202000_0002.jpg,1
1270_jpg.rf.c34b854accd8ec862089128de29e245c_0026.jpg,WEED6C_crops/1270_jpg.rf.c34b854accd8ec862089128de29e245c_0026.jpg,4
0070_jpg.rf.68b0d4db4767f91193b82cdffc0c9b57_0001.jpg,WEED6C_crops/0070_jpg.rf.68b0d4db4767f91193b82cdffc0c9b57_0001.jpg,5
0989_jpg.rf.2cc687f5855409edb20ee047c271554e_0005.jpg,WEED6C_crops/0989_jpg.rf.2cc687f5855409edb20ee047c271554e_0005.jpg,2
1303_jpg.rf.8f30bd948ef635a90243d4eb022d379b_0054.jpg,WEED6C_crops/1303_jpg.rf.8f30bd948ef635a90243d4eb022d379b_0054.jpg,4
0289_jpg.rf.10fdba4055f2346073191abedf5d8ea9_0001.jpg,WEED6C_crops/0289_jpg.rf.10fdba4055f2346073191abedf5d8ea9_0001.jpg,0
0234_jpg.rf.eb6293371223899e0546971529db26c4_0004.jpg,WEED6C_crops/0234_jpg.rf.eb6293371223899e0546971529db26c4_0004.jpg,3
0421_jpg.rf.ef0290be56f0c6cf0b0302c9aac99ed8_0001.jpg,WEED6C_crops/0421_jpg.rf.ef0290be56f0c6cf0b0302c9aac99ed8_0001.jpg,1
0489_jpg.rf.90ee16a9742c4fac4b78d65075723d7e_0002.jpg,WEED6C_crops/0489_jpg.rf.90ee16a9742c4fac4b78d65075723d7e_0002.jpg,1
0238_jpg.rf.5173469800f703439d0b7955133ce6d2_0006.jpg,WEED6C_crops/0238_jpg.rf.5173469800f703439d0b7955133ce6d2_0006.jpg,3
0483_jpg.rf.076698482a986b67e52094df66fd7813_0001.jpg,WEED6C_crops/0483_jpg.rf.076698482a986b67e52094df66fd7813_0001.jpg,1
0338_jpg.rf.9057bf1d2306e3b19d19801b7b4dde95_0007.jpg,WEED6C_crops/0338_jpg.rf.9057bf1d2306e3b19d19801b7b4dde95_0007.jpg,3
0224_jpg.rf.5f80d3362f0762511fcc46d1810f07b5_0005.jpg,WEED6C_crops/0224_jpg.rf.5f80d3362f0762511fcc46d1810f07b5_0005.jpg,0
1258_jpg.rf.4422e5834e7ddb6b6e4db7c026227ffc_0015.jpg,WEED6C_crops/1258_jpg.rf.4422e5834e7ddb6b6e4db7c026227ffc_0015.jpg,4
1303_jpg.rf.8f30bd948ef635a90243d4eb022d379b_0019.jpg,WEED6C_crops/1303_jpg.rf.8f30bd948ef635a90243d4eb022d379b_0019.jpg,4
0812_jpg.rf.abd1e7954ee0bd5e423243373815ec26_0005.jpg,WEED6C_crops/0812_jpg.rf.abd1e7954ee0bd5e423243373815ec26_0005.jpg,2
1304_jpg.rf.bdabd9792ab23d3924d6e3d26f3aec06_0042.jpg,WEED6C_crops/1304_jpg.rf.bdabd9792ab23d3924d6e3d26f3aec06_0042.jpg,4
0923_jpg.rf.ba601b892dfced7507c2e0a4850e6263_0004.jpg,WEED6C_crops/0923_jpg.rf.ba601b892dfced7507c2e0a4850e6263_0004.jpg,3
0887_jpg.rf.97e88d9b99a4c5e045e85290b522dc05_0001.jpg,WEED6C_crops/0887_jpg.rf.97e88d9b99a4c5e045e85290b522dc05_0001.jpg,1
1357_jpg.rf.65ed3ccb047c00c090abcb2750f4d22e_0002.jpg,WEED6C_crops/1357_jpg.rf.65ed3ccb047c00c090abcb2750f4d22e_0002.jpg,4
0122_jpg.rf.fefeef1ae339c36c42d0332caf14eae6_0003.jpg,WEED6C_crops/0122_jpg.rf.fefeef1ae339c36c42d0332caf14eae6_0003.jpg,5
0520_jpg.rf.c8d1e39cc09d9eb3a181ea9d88f98894_0001.jpg,WEED6C_crops/0520_jpg.rf.c8d1e39cc09d9eb3a181ea9d88f98894_0001.jpg,1
0865_jpg.rf.65c362bbb573135548e752b1dbd0f40a_0004.jpg,WEED6C_crops/0865_jpg.rf.65c362bbb573135548e752b1dbd0f40a_0004.jpg,3
0279_jpg.rf.97bac3364c45f9367beefaa2e41172d2_0001.jpg,WEED6C_crops/0279_jpg.rf.97bac3364c45f9367beefaa2e41172d2_0001.jpg,3
0183_jpg.rf.0382965b1cc7a6e73c5385ff293d3e73_0002.jpg,WEED6C_crops/0183_jpg.rf.0382965b1cc7a6e73c5385ff293d3e73_0002.jpg,0
0236_jpg.rf.37f13823118c1f776f2b7d3360e121a9_0009.jpg,WEED6C_crops/0236_jpg.rf.37f13823118c1f776f2b7d3360e121a9_0009.jpg,3
1353_jpg.rf.bec9bcda29461e97059f99cbf8431546_0011.jpg,WEED6C_crops/1353_jpg.rf.bec9bcda29461e97059f99cbf8431546_0011.jpg,4
1328_jpg.rf.28a21bbb1b3a92b5d4aab483e1b5d7d7_0009.jpg,WEED6C_crops/1328_jpg.rf.28a21bbb1b3a92b5d4aab483e1b5d7d7_0009.jpg,4
1377_jpg.rf.13024f6056bd3ee967e54a75b53fd777_0010.jpg,WEED6C_crops/1377_jpg.rf.13024f6056bd3ee967e54a75b53fd777_0010.jpg,4
0786_jpg.rf.bae24273101c8747574555130ed77175_0003.jpg,WEED6C_crops/0786_jpg.rf.bae24273101c8747574555130ed77175_0003.jpg,3
1169_jpg.rf.e51a1a8ae54fa18efe348b559e900591_0001.jpg,WEED6C_crops/1169_jpg.rf.e51a1a8ae54fa18efe348b559e900591_0001.jpg,1
0198_jpg.rf.a8633b29e881cf380513f2bf6ee10bab_0011.jpg,WEED6C_crops/0198_jpg.rf.a8633b29e881cf380513f2bf6ee10bab_0011.jpg,0
1268_jpg.rf.f92eaf335716f66b9db465ec842cf1d7_0024.jpg,WEED6C_crops/1268_jpg.rf.f92eaf335716f66b9db465ec842cf1d7_0024.jpg,4
1328_jpg.rf.28a21bbb1b3a92b5d4aab483e1b5d7d7_0014.jpg,WEED6C_crops/1328_jpg.rf.28a21bbb1b3a92b5d4aab483e1b5d7d7_0014.jpg,4
0307_jpg.rf.8cde8411581363c00e7a68b6ab1582b4_0002.jpg,WEED6C_crops/0307_jpg.rf.8cde8411581363c00e7a68b6ab1582b4_0002.jpg,0
1374_jpg.rf.6c64883712d67a3ad448ca10c0398308_0050.jpg,WEED6C_crops/1374_jpg.rf.6c64883712d67a3ad448ca10c0398308_0050.jpg,4
1373_jpg.rf.3d37ed5825d54fd39547b46ea5c1112c_0018.jpg,WEED6C_crops/1373_jpg.rf.3d37ed5825d54fd39547b46ea5c1112c_0018.jpg,4
0799_jpg.rf.2808b82bc66b13bc463af84be16e4c59_0005.jpg,WEED6C_crops/0799_jpg.rf.2808b82bc66b13bc463af84be16e4c59_0005.jpg,3
1269_jpg.rf.a7aa44bf37b1acdf893fbf766e513c67_0012.jpg,WEED6C_crops/1269_jpg.rf.a7aa44bf37b1acdf893fbf766e513c67_0012.jpg,4
1310_jpg.rf.317ac2cca5f24479b0098bf7fbab9ceb_0018.jpg,WEED6C_crops/1310_jpg.rf.317ac2cca5f24479b0098bf7fbab9ceb_0018.jpg,4
1305_jpg.rf.443512b37c4cb64236dc2fdc570ded6d_0039.jpg,WEED6C_crops/1305_jpg.rf.443512b37c4cb64236dc2fdc570ded6d_0039.jpg,4
0341_jpg.rf.bde896b6a61720a84f5ad1ba09ed1f35_0006.jpg,WEED6C_crops/0341_jpg.rf.bde896b6a61720a84f5ad1ba09ed1f35_0006.jpg,3
0225_jpg.rf.693b1cbe81f88b209fc23413639d818e_0006.jpg,WEED6C_crops/0225_jpg.rf.693b1cbe81f88b209fc23413639d818e_0006.jpg,0
1372_jpg.rf.ef878d09b7d0fbf710c9467e4f1063c1_0013.jpg,WEED6C_crops/1372_jpg.rf.ef878d09b7d0fbf710c9467e4f1063c1_0013.jpg,4
0364_jpg.rf.89db23df5c37065055d5a524b09092d9_0007.jpg,WEED6C_crops/0364_jpg.rf.89db23df5c37065055d5a524b09092d9_0007.jpg,1
1235_jpg.rf.8f167c07ecb86590be8dd4ab7f58be2c_0021.jpg,WEED6C_crops/1235_jpg.rf.8f167c07ecb86590be8dd4ab7f58be2c_0021.jpg,4
0291_jpg.rf.3df8082d7eda29e01bfbbadf39f3ac2b_0010.jpg,WEED6C_crops/0291_jpg.rf.3df8082d7eda29e01bfbbadf39f3ac2b_0010.jpg,0
1359_jpg.rf.6bb7d484d2aa6c486b81a4b2f321dfb3_0010.jpg,WEED6C_crops/1359_jpg.rf.6bb7d484d2aa6c486b81a4b2f321dfb3_0010.jpg,4
0409_jpg.rf.bfc899b2a9b34b748a2e31e4588281ee_0003.jpg,WEED6C_crops/0409_jpg.rf.bfc899b2a9b34b748a2e31e4588281ee_0003.jpg,3
0255_jpg.rf.20616b63d9c85d7acc1eb3b64b84b50d_0002.jpg,WEED6C_crops/0255_jpg.rf.20616b63d9c85d7acc1eb3b64b84b50d_0002.jpg,0
0238_jpg.rf.5173469800f703439d0b7955133ce6d2_0014.jpg,WEED6C_crops/0238_jpg.rf.5173469800f703439d0b7955133ce6d2_0014.jpg,3
0674_jpg.rf.c5f75a73a0bb5be7ffcd016df841b3e3_0002.jpg,WEED6C_crops/0674_jpg.rf.c5f75a73a0bb5be7ffcd016df841b3e3_0002.jpg,0
1325_jpg.rf.6a62dc5755c6b0505246bf037bd26011_0006.jpg,WEED6C_crops/1325_jpg.rf.6a62dc5755c6b0505246bf037bd26011_0006.jpg,1
0165_jpg.rf.0928912c7166d8671e8b542782631ad0_0013.jpg,WEED6C_crops/0165_jpg.rf.0928912c7166d8671e8b542782631ad0_0013.jpg,4
0318_jpg.rf.40c517ba5f90cb1a6426195fe51476d8_0002.jpg,WEED6C_crops/0318_jpg.rf.40c517ba5f90cb1a6426195fe51476d8_0002.jpg,3
1306_jpg.rf.e683ee4d8210d663a37fc950a9e485c1_0025.jpg,WEED6C_crops/1306_jpg.rf.e683ee4d8210d663a37fc950a9e485c1_0025.jpg,4
0367_jpg.rf.0387e75a4414c3e22f3f8d46387c6300_0004.jpg,WEED6C_crops/0367_jpg.rf.0387e75a4414c3e22f3f8d46387c6300_0004.jpg,1
0907_jpg.rf.6a0a542a4ba197b9210001a84e10738b_0012.jpg,WEED6C_crops/0907_jpg.rf.6a0a542a4ba197b9210001a84e10738b_0012.jpg,3
0275_jpg.rf.c56d677ffb9142d5af17b4a6e37d00a9_0006.jpg,WEED6C_crops/0275_jpg.rf.c56d677ffb9142d5af17b4a6e37d00a9_0006.jpg,0
0601_jpg.rf.d4e7b8fca4e5da2da56623920c7d843c_0010.jpg,WEED6C_crops/0601_jpg.rf.d4e7b8fca4e5da2da56623920c7d843c_0010.jpg,0
1377_jpg.rf.13024f6056bd3ee967e54a75b53fd777_0006.jpg,WEED6C_crops/1377_jpg.rf.13024f6056bd3ee967e54a75b53fd777_0006.jpg,4
0339_jpg.rf.673f57115e3d4162b9ad88bef6bf66af_0009.jpg,WEED6C_crops/0339_jpg.rf.673f57115e3d4162b9ad88bef6bf66af_0009.jpg,0
0582_jpg.rf.8dfb0768734469d00b44cf1496a85724_0003.jpg,WEED6C_crops/0582_jpg.rf.8dfb0768734469d00b44cf1496a85724_0003.jpg,3
1364_jpg.rf.83d1b91ffdd68ab08b0f5031bb41761b_0010.jpg,WEED6C_crops/1364_jpg.rf.83d1b91ffdd68ab08b0f5031bb41761b_0010.jpg,4
0515_jpg.rf.1ec23450cc48ac25af7468b76ed63c76_0001.jpg,WEED6C_crops/0515_jpg.rf.1ec23450cc48ac25af7468b76ed63c76_0001.jpg,1
0370_jpg.rf.4fcf8e6b3e2ed18719e053c056f93bdb_0005.jpg,WEED6C_crops/0370_jpg.rf.4fcf8e6b3e2ed18719e053c056f93bdb_0005.jpg,3
0277_jpg.rf.da40428a611c836681331c1b74be0c1b_0010.jpg,WEED6C_crops/0277_jpg.rf.da40428a611c836681331c1b74be0c1b_0010.jpg,0
0290_jpg.rf.ad239329d8712deb3691ec98993f5cfd_0012.jpg,WEED6C_crops/0290_jpg.rf.ad239329d8712deb3691ec98993f5cfd_0012.jpg,3
0146_jpg.rf.33a6ad255689fae19b0735b097bd8402_0001.jpg,WEED6C_crops/0146_jpg.rf.33a6ad255689fae19b0735b097bd8402_0001.jpg,5
0285_jpg.rf.415fee08c2dc0c62797603c7b61e074c_0016.jpg,WEED6C_crops/0285_jpg.rf.415fee08c2dc0c62797603c7b61e074c_0016.jpg,0
0368_jpg.rf.b5083de6ecc2c6e2e906dcb826d390f1_0002.jpg,WEED6C_crops/0368_jpg.rf.b5083de6ecc2c6e2e906dcb826d390f1_0002.jpg,3
1305_jpg.rf.443512b37c4cb64236dc2fdc570ded6d_0030.jpg,WEED6C_crops/1305_jpg.rf.443512b37c4cb64236dc2fdc570ded6d_0030.jpg,4
0303_jpg.rf.ba9e9e67a01dbfb37c28a17567377b7f_0007.jpg,WEED6C_crops/0303_jpg.rf.ba9e9e67a01dbfb37c28a17567377b7f_0007.jpg,3
1282_jpg.rf.68eda909ae10dfb1f80f4e4ca2449fe1_0001.jpg,WEED6C_crops/1282_jpg.rf.68eda909ae10dfb1f80f4e4ca2449fe1_0001.jpg,4
1239_jpg.rf.7b926cf59320e9b12909abef7c8e7aac_0016.jpg,WEED6C_crops/1239_jpg.rf.7b926cf59320e9b12909abef7c8e7aac_0016.jpg,4
0700_jpg.rf.be093e85eaed1b19b7bd2b42aab4ced6_0007.jpg,WEED6C_crops/0700_jpg.rf.be093e85eaed1b19b7bd2b42aab4ced6_0007.jpg,3
1384_jpg.rf.afcd8b0134972419b998849c6733c7a3_0015.jpg,WEED6C_crops/1384_jpg.rf.afcd8b0134972419b998849c6733c7a3_0015.jpg,0
0044_jpg.rf.0cd5ad8d81728e9cc3c0bb46685cd02b_0004.jpg,WEED6C_crops/0044_jpg.rf.0cd5ad8d81728e9cc3c0bb46685cd02b_0004.jpg,5
0698_jpg.rf.9ca38a011dd5e6125c563a5c241ce9c8_0008.jpg,WEED6C_crops/0698_jpg.rf.9ca38a011dd5e6125c563a5c241ce9c8_0008.jpg,3
0898_jpg.rf.de29e078b77aec0a0caff557a35ca4b7_0006.jpg,WEED6C_crops/0898_jpg.rf.de29e078b77aec0a0caff557a35ca4b7_0006.jpg,3
1359_jpg.rf.6bb7d484d2aa6c486b81a4b2f321dfb3_0031.jpg,WEED6C_crops/1359_jpg.rf.6bb7d484d2aa6c486b81a4b2f321dfb3_0031.jpg,4
0916_jpg.rf.d8842edea4d9799a4d71747fcde192fd_0007.jpg,WEED6C_crops/0916_jpg.rf.d8842edea4d9799a4d71747fcde192fd_0007.jpg,3
1231_jpg.rf.fe1b06fe786224eaf851b6416c2554ae_0003.jpg,WEED6C_crops/1231_jpg.rf.fe1b06fe786224eaf851b6416c2554ae_0003.jpg,1
1268_jpg.rf.f92eaf335716f66b9db465ec842cf1d7_0005.jpg,WEED6C_crops/1268_jpg.rf.f92eaf335716f66b9db465ec842cf1d7_0005.jpg,4
1362_jpg.rf.ab5fc04e9f26ec91359122ba4c109436_0024.jpg,WEED6C_crops/1362_jpg.rf.ab5fc04e9f26ec91359122ba4c109436_0024.jpg,4
0586_jpg.rf.a4ec1eb4b013880bef3e4433eab84c0b_0006.jpg,WEED6C_crops/0586_jpg.rf.a4ec1eb4b013880bef3e4433eab84c0b_0006.jpg,3
0929_jpg.rf.b3e72f625c2442ce0c0eeab5a3007cad_0004.jpg,WEED6C_crops/0929_jpg.rf.b3e72f625c2442ce0c0eeab5a3007cad_0004.jpg,1
1255_jpg.rf.4c08b56654d9e7d22db6045d88008efd_0003.jpg,WEED6C_crops/1255_jpg.rf.4c08b56654d9e7d22db6045d88008efd_0003.jpg,4
0114_jpg.rf.04c308798459391c16464a7a372fb946_0001.jpg,WEED6C_crops/0114_jpg.rf.04c308798459391c16464a7a372fb946_0001.jpg,5
0807_jpg.rf.e3d876da08613549cee11e35dcc5c26f_0008.jpg,WEED6C_crops/0807_jpg.rf.e3d876da08613549cee11e35dcc5c26f_0008.jpg,3
0273_jpg.rf.8c666e2d9f8f7a770c899261ea107e1e_0007.jpg,WEED6C_crops/0273_jpg.rf.8c666e2d9f8f7a770c899261ea107e1e_0007.jpg,3
0608_jpg.rf.ce8ab767ce29ae0b79477d7e2582026e_0002.jpg,WEED6C_crops/0608_jpg.rf.ce8ab767ce29ae0b79477d7e2582026e_0002.jpg,3
0283_jpg.rf.f3d09170767f659721e1a02d06422fcc_0010.jpg,WEED6C_crops/0283_jpg.rf.f3d09170767f659721e1a02d06422fcc_0010.jpg,0
1370_jpg.rf.81f386000a766bd098e73e127fb823ea_0024.jpg,WEED6C_crops/1370_jpg.rf.81f386000a766bd098e73e127fb823ea_0024.jpg,0
0522_jpg.rf.a6d4c7e58784167fafca6ce8201e1a44_0002.jpg,WEED6C_crops/0522_jpg.rf.a6d4c7e58784167fafca6ce8201e1a44_0002.jpg,1
1341_jpg.rf.9d8942b91b7a5f0bbf8dae68d9c390e2_0016.jpg,WEED6C_crops/1341_jpg.rf.9d8942b91b7a5f0bbf8dae68d9c390e2_0016.jpg,4
0858_jpg.rf.0e080caab8e31cb9fc17f1a79d3f2bdc_0012.jpg,WEED6C_crops/0858_jpg.rf.0e080caab8e31cb9fc17f1a79d3f2bdc_0012.jpg,1
0000_jpg.rf.26d2a0a638c3669bca7dd01788f458df_0005.jpg,WEED6C_crops/0000_jpg.rf.26d2a0a638c3669bca7dd01788f458df_0005.jpg,5
1388_jpg.rf.fc14b9c78803698f43244c97c3e3b31e_0006.jpg,WEED6C_crops/1388_jpg.rf.fc14b9c78803698f43244c97c3e3b31e_0006.jpg,1
1101_jpg.rf.401d44f2d34cf584c838ccf473873e79_0002.jpg,WEED6C_crops/1101_jpg.rf.401d44f2d34cf584c838ccf473873e79_0002.jpg,2
1230_jpg.rf.60caad5b3d36a901c24668ddacd2f112_0001.jpg,WEED6C_crops/1230_jpg.rf.60caad5b3d36a901c24668ddacd2f112_0001.jpg,1
0549_jpg.rf.836ae63a62c3693241782dcbb92afcd6_0001.jpg,WEED6C_crops/0549_jpg.rf.836ae63a62c3693241782dcbb92afcd6_0001.jpg,1
0178_jpg.rf.90939d63f53852b6b578bd7e92d17c83_0001.jpg,WEED6C_crops/0178_jpg.rf.90939d63f53852b6b578bd7e92d17c83_0001.jpg,1
0384_jpg.rf.6acfb46a0fc754eb5ccb4cf099031690_0009.jpg,WEED6C_crops/0384_jpg.rf.6acfb46a0fc754eb5ccb4cf099031690_0009.jpg,1
0753_jpg.rf.e4148ad0e12084ec8c807772e6eac3a1_0004.jpg,WEED6C_crops/0753_jpg.rf.e4148ad0e12084ec8c807772e6eac3a1_0004.jpg,0
0997_jpg.rf.7a402078de81b9da1299b07428d704ce_0001.jpg,WEED6C_crops/0997_jpg.rf.7a402078de81b9da1299b07428d704ce_0001.jpg,0
1282_jpg.rf.68eda909ae10dfb1f80f4e4ca2449fe1_0008.jpg,WEED6C_crops/1282_jpg.rf.68eda909ae10dfb1f80f4e4ca2449fe1_0008.jpg,4
1338_jpg.rf.321121b7a3efd0ac1c8aa7d0cbb33902_0014.jpg,WEED6C_crops/1338_jpg.rf.321121b7a3efd0ac1c8aa7d0cbb33902_0014.jpg,4
0769_jpg.rf.f00b948490a137e22151c604eb7f18ab_0002.jpg,WEED6C_crops/0769_jpg.rf.f00b948490a137e22151c604eb7f18ab_0002.jpg,1
1305_jpg.rf.443512b37c4cb64236dc2fdc570ded6d_0003.jpg,WEED6C_crops/1305_jpg.rf.443512b37c4cb64236dc2fdc570ded6d_0003.jpg,4
1104_jpg.rf.c409d5fd399e4d978e3ca6e8e5dfce66_0002.jpg,WEED6C_crops/1104_jpg.rf.c409d5fd399e4d978e3ca6e8e5dfce66_0002.jpg,2
1335_jpg.rf.4542defdf24b71cc8710a92fb5b45c9d_0005.jpg,WEED6C_crops/1335_jpg.rf.4542defdf24b71cc8710a92fb5b45c9d_0005.jpg,1
0504_jpg.rf.82272000efd0e4263bfb693fc0f940c9_0004.jpg,WEED6C_crops/0504_jpg.rf.82272000efd0e4263bfb693fc0f940c9_0004.jpg,3
0827_jpg.rf.4c83320a694e5c2b34a4498c245781bd_0008.jpg,WEED6C_crops/0827_jpg.rf.4c83320a694e5c2b34a4498c245781bd_0008.jpg,1
0383_jpg.rf.27bfc631afce1ab0d9711ed010b01f3f_0007.jpg,WEED6C_crops/0383_jpg.rf.27bfc631afce1ab0d9711ed010b01f3f_0007.jpg,0
0514_jpg.rf.b1293f590d420d6f63504405268691c8_0001.jpg,WEED6C_crops/0514_jpg.rf.b1293f590d420d6f63504405268691c8_0001.jpg,1
0903_jpg.rf.27330c135acad882d05cd53ffefc64b2_0011.jpg,WEED6C_crops/0903_jpg.rf.27330c135acad882d05cd53ffefc64b2_0011.jpg,3
1058_jpg.rf.cb7997f64271a1043a5627e613acac41_0001.jpg,WEED6C_crops/1058_jpg.rf.cb7997f64271a1043a5627e613acac41_0001.jpg,2
0197_jpg.rf.efe163fd7280a6bdf30be87072648ca9_0006.jpg,WEED6C_crops/0197_jpg.rf.efe163fd7280a6bdf30be87072648ca9_0006.jpg,0
1332_jpg.rf.2605634e197c2e66a6fac90a95344350_0001.jpg,WEED6C_crops/1332_jpg.rf.2605634e197c2e66a6fac90a95344350_0001.jpg,4
0602_jpg.rf.d1012f3e1b365b7b3154d092664c7875_0001.jpg,WEED6C_crops/0602_jpg.rf.d1012f3e1b365b7b3154d092664c7875_0001.jpg,3
1362_jpg.rf.ab5fc04e9f26ec91359122ba4c109436_0010.jpg,WEED6C_crops/1362_jpg.rf.ab5fc04e9f26ec91359122ba4c109436_0010.jpg,4
1363_jpg.rf.768baa0bd4528831bffe24eb9aa3b51f_0057.jpg,WEED6C_crops/1363_jpg.rf.768baa0bd4528831bffe24eb9aa3b51f_0057.jpg,0
0565_jpg.rf.f9948813c419f0e618cc14563ae793af_0001.jpg,WEED6C_crops/0565_jpg.rf.f9948813c419f0e618cc14563ae793af_0001.jpg,1
0486_jpg.rf.19fb2e3d38c83f10f68990165f354cde_0005.jpg,WEED6C_crops/0486_jpg.rf.19fb2e3d38c83f10f68990165f354cde_0005.jpg,2
0032_jpg.rf.ae9cacc8d9669d1b99b8257baf3105fe_0002.jpg,WEED6C_crops/0032_jpg.rf.ae9cacc8d9669d1b99b8257baf3105fe_0002.jpg,5
1287_jpg.rf.0bdfb5a514691b4b64c3bd4322c0459b_0013.jpg,WEED6C_crops/1287_jpg.rf.0bdfb5a514691b4b64c3bd4322c0459b_0013.jpg,4
1361_jpg.rf.fce9ac7b2b25171d1b0e7ccf4383cf25_0011.jpg,WEED6C_crops/1361_jpg.rf.fce9ac7b2b25171d1b0e7ccf4383cf25_0011.jpg,4
0851_jpg.rf.8b31cec696e09f86c5849a7a5a9a21c5_0004.jpg,WEED6C_crops/0851_jpg.rf.8b31cec696e09f86c5849a7a5a9a21c5_0004.jpg,0
0539_jpg.rf.852b9bb7d42e9fbd00b32242d0549956_0003.jpg,WEED6C_crops/0539_jpg.rf.852b9bb7d42e9fbd00b32242d0549956_0003.jpg,3
0125_jpg.rf.7f74dde1257d06c87af2cc2244a3ab66_0002.jpg,WEED6C_crops/0125_jpg.rf.7f74dde1257d06c87af2cc2244a3ab66_0002.jpg,5
0192_jpg.rf.5707f8960952cb8f9c9854e01beb4564_0001.jpg,WEED6C_crops/0192_jpg.rf.5707f8960952cb8f9c9854e01beb4564_0001.jpg,3
1279_jpg.rf.3859686293ba7d5fcec5e84b599fd5de_0023.jpg,WEED6C_crops/1279_jpg.rf.3859686293ba7d5fcec5e84b599fd5de_0023.jpg,4
0587_jpg.rf.34423b5bd5adc1763c08501326a3c2e9_0003.jpg,WEED6C_crops/0587_jpg.rf.34423b5bd5adc1763c08501326a3c2e9_0003.jpg,1
0921_jpg.rf.d40985a530079708c4b75c6d3485c54d_0008.jpg,WEED6C_crops/0921_jpg.rf.d40985a530079708c4b75c6d3485c54d_0008.jpg,3
0455_jpg.rf.53d7fdc35b74965db1e8d090db346740_0002.jpg,WEED6C_crops/0455_jpg.rf.53d7fdc35b74965db1e8d090db346740_0002.jpg,1
0891_jpg.rf.b37d326d10d2971adb95e49e3dc25237_0001.jpg,WEED6C_crops/0891_jpg.rf.b37d326d10d2971adb95e49e3dc25237_0001.jpg,1
0009_jpg.rf.ce9edce4d0a3145070d5ebe0b610d5fe_0005.jpg,WEED6C_crops/0009_jpg.rf.ce9edce4d0a3145070d5ebe0b610d5fe_0005.jpg,5
0798_jpg.rf.dc748db6dae1b8df8027b6f3d86ff4f6_0002.jpg,WEED6C_crops/0798_jpg.rf.dc748db6dae1b8df8027b6f3d86ff4f6_0002.jpg,2
0324_jpg.rf.9710431a5a53db1bae42bc39d178be65_0008.jpg,WEED6C_crops/0324_jpg.rf.9710431a5a53db1bae42bc39d178be65_0008.jpg,1
0197_jpg.rf.efe163fd7280a6bdf30be87072648ca9_0011.jpg,WEED6C_crops/0197_jpg.rf.efe163fd7280a6bdf30be87072648ca9_0011.jpg,3
0833_jpg.rf.039a09c9dc3d7844756e0e7031f744f5_0004.jpg,WEED6C_crops/0833_jpg.rf.039a09c9dc3d7844756e0e7031f744f5_0004.jpg,3
0431_jpg.rf.1c65aec2026a59bc87417af5004af50a_0002.jpg,WEED6C_crops/0431_jpg.rf.1c65aec2026a59bc87417af5004af50a_0002.jpg,1
1237_jpg.rf.e87e95a727e50bae03c61f0b1e8522b6_0010.jpg,WEED6C_crops/1237_jpg.rf.e87e95a727e50bae03c61f0b1e8522b6_0010.jpg,4
1247_jpg.rf.f72539c749932b410356da3c4cdfcae8_0009.jpg,WEED6C_crops/1247_jpg.rf.f72539c749932b410356da3c4cdfcae8_0009.jpg,1
0186_jpg.rf.bcca643271d23378f204a3628c166868_0005.jpg,WEED6C_crops/0186_jpg.rf.bcca643271d23378f204a3628c166868_0005.jpg,0
0927_jpg.rf.c4a6d40b743301c0b3c84af21d4a9ba8_0002.jpg,WEED6C_crops/0927_jpg.rf.c4a6d40b743301c0b3c84af21d4a9ba8_0002.jpg,0
0315_jpg.rf.f38c7b3c672b2ca74d91b7957ceec8d4_0001.jpg,WEED6C_crops/0315_jpg.rf.f38c7b3c672b2ca74d91b7957ceec8d4_0001.jpg,3
0196_jpg.rf.085a28c95bd83d706b4da167e039e140_0010.jpg,WEED6C_crops/0196_jpg.rf.085a28c95bd83d706b4da167e039e140_0010.jpg,1
0672_jpg.rf.3cd6b530e84a0fc15193ac6df10d7d55_0001.jpg,WEED6C_crops/0672_jpg.rf.3cd6b530e84a0fc15193ac6df10d7d55_0001.jpg,3
1236_jpg.rf.84823ae11fdee603ba6a5fab2cc61c7f_0040.jpg,WEED6C_crops/1236_jpg.rf.84823ae11fdee603ba6a5fab2cc61c7f_0040.jpg,4
0635_jpg.rf.f7caf9e3f7ff4730aba9afa72bf6194d_0003.jpg,WEED6C_crops/0635_jpg.rf.f7caf9e3f7ff4730aba9afa72bf6194d_0003.jpg,3
0293_jpg.rf.fe63fe269d1f9ff3ae4f33331785ae5d_0006.jpg,WEED6C_crops/0293_jpg.rf.fe63fe269d1f9ff3ae4f33331785ae5d_0006.jpg,3
0368_jpg.rf.b5083de6ecc2c6e2e906dcb826d390f1_0009.jpg,WEED6C_crops/0368_jpg.rf.b5083de6ecc2c6e2e906dcb826d390f1_0009.jpg,3
0437_jpg.rf.44b8dfe6756852246e999aff980d3b1a_0001.jpg,WEED6C_crops/0437_jpg.rf.44b8dfe6756852246e999aff980d3b1a_0001.jpg,1
0084_jpg.rf.49a24825fcabc006eba2bbcc34575367_0018.jpg,WEED6C_crops/0084_jpg.rf.49a24825fcabc006eba2bbcc34575367_0018.jpg,4
0662_jpg.rf.17ed8431aa24d61ecd9d5b59ceef8402_0002.jpg,WEED6C_crops/0662_jpg.rf.17ed8431aa24d61ecd9d5b59ceef8402_0002.jpg,3
0617_jpg.rf.3ba44e656215f94c8a40a11be82e3b37_0004.jpg,WEED6C_crops/0617_jpg.rf.3ba44e656215f94c8a40a11be82e3b37_0004.jpg,3
0482_jpg.rf.f74493ea2e162793224473f9ea72fd13_0001.jpg,WEED6C_crops/0482_jpg.rf.f74493ea2e162793224473f9ea72fd13_0001.jpg,1
0184_jpg.rf.6bf6bbd8ab10cd380a22c0720120cee6_0001.jpg,WEED6C_crops/0184_jpg.rf.6bf6bbd8ab10cd380a22c0720120cee6_0001.jpg,1
0389_jpg.rf.2dad02e5aa7c0fb4eb5263cda9c159f2_0002.jpg,WEED6C_crops/0389_jpg.rf.2dad02e5aa7c0fb4eb5263cda9c159f2_0002.jpg,2
0477_jpg.rf.3f58430d343fa9a1659df6d0ae76efe6_0003.jpg,WEED6C_crops/0477_jpg.rf.3f58430d343fa9a1659df6d0ae76efe6_0003.jpg,2
1329_jpg.rf.426dd1a986894a1761d247c3a9bd3e6d_0024.jpg,WEED6C_crops/1329_jpg.rf.426dd1a986894a1761d247c3a9bd3e6d_0024.jpg,4
0332_jpg.rf.46c8f2b7f0d4e937c4bdf2a3dbc59506_0007.jpg,WEED6C_crops/0332_jpg.rf.46c8f2b7f0d4e937c4bdf2a3dbc59506_0007.jpg,3
1274_jpg.rf.c49661fafad31d4021277dbf9da35bc4_0006.jpg,WEED6C_crops/1274_jpg.rf.c49661fafad31d4021277dbf9da35bc4_0006.jpg,4
0047_jpg.rf.1d9a348d51172b1224305d839b838ec9_0003.jpg,WEED6C_crops/0047_jpg.rf.1d9a348d51172b1224305d839b838ec9_0003.jpg,5
0358_jpg.rf.c97895dacc2d80cb7ce916c302051a34_0011.jpg,WEED6C_crops/0358_jpg.rf.c97895dacc2d80cb7ce916c302051a34_0011.jpg,1
1080_jpg.rf.b21ea2bca04783cdbcdf399778bf3b86_0001.jpg,WEED6C_crops/1080_jpg.rf.b21ea2bca04783cdbcdf399778bf3b86_0001.jpg,2
1265_jpg.rf.459c2e1e9909ee52948bcfdb891d5d39_0018.jpg,WEED6C_crops/1265_jpg.rf.459c2e1e9909ee52948bcfdb891d5d39_0018.jpg,4
1346_jpg.rf.582aaf30178079689aa47dcc4f74a425_0002.jpg,WEED6C_crops/1346_jpg.rf.582aaf30178079689aa47dcc4f74a425_0002.jpg,4
0122_jpg.rf.fefeef1ae339c36c42d0332caf14eae6_0002.jpg,WEED6C_crops/0122_jpg.rf.fefeef1ae339c36c42d0332caf14eae6_0002.jpg,5
0292_jpg.rf.6a50c1ede4f6200fe42989cb1ee3177d_0004.jpg,WEED6C_crops/0292_jpg.rf.6a50c1ede4f6200fe42989cb1ee3177d_0004.jpg,0
0240_jpg.rf.f18fdb793c0f135ebedcba370dfdcdf7_0003.jpg,WEED6C_crops/0240_jpg.rf.f18fdb793c0f135ebedcba370dfdcdf7_0003.jpg,3
0203_jpg.rf.55ea038701557918310b88cac277cdbb_0003.jpg,WEED6C_crops/0203_jpg.rf.55ea038701557918310b88cac277cdbb_0003.jpg,3
1268_jpg.rf.f92eaf335716f66b9db465ec842cf1d7_0042.jpg,WEED6C_crops/1268_jpg.rf.f92eaf335716f66b9db465ec842cf1d7_0042.jpg,4
0298_jpg.rf.1adad714888d14f4b883d71fc9256b29_0007.jpg,WEED6C_crops/0298_jpg.rf.1adad714888d14f4b883d71fc9256b29_0007.jpg,3
1368_jpg.rf.25dc57e029d777ff1571d3d84d22c763_0042.jpg,WEED6C_crops/1368_jpg.rf.25dc57e029d777ff1571d3d84d22c763_0042.jpg,4
1126_jpg.rf.7b1ced8fa08383447c81430a440503fd_0001.jpg,WEED6C_crops/1126_jpg.rf.7b1ced8fa08383447c81430a440503fd_0001.jpg,1
1236_jpg.rf.84823ae11fdee603ba6a5fab2cc61c7f_0023.jpg,WEED6C_crops/1236_jpg.rf.84823ae11fdee603ba6a5fab2cc61c7f_0023.jpg,4
0720_jpg.rf.577697739cb909179ae90f947b7263d7_0003.jpg,WEED6C_crops/0720_jpg.rf.577697739cb909179ae90f947b7263d7_0003.jpg,3
0357_jpg.rf.f4ad7df0adfd56eef277a6ba6334d617_0006.jpg,WEED6C_crops/0357_jpg.rf.f4ad7df0adfd56eef277a6ba6334d617_0006.jpg,1
1180_jpg.rf.3dc552482e561689df5247a13d34e366_0001.jpg,WEED6C_crops/1180_jpg.rf.3dc552482e561689df5247a13d34e366_0001.jpg,2
0836_jpg.rf.0dfc1c090a89da80e2493e6185706bf8_0003.jpg,WEED6C_crops/0836_jpg.rf.0dfc1c090a89da80e2493e6185706bf8_0003.jpg,0
1339_jpg.rf.c1d6ea90c66a0ca02bdb39223830ec18_0028.jpg,WEED6C_crops/1339_jpg.rf.c1d6ea90c66a0ca02bdb39223830ec18_0028.jpg,4
1360_jpg.rf.4adff7020975375bcf1db2c7f65ecb42_0030.jpg,WEED6C_crops/1360_jpg.rf.4adff7020975375bcf1db2c7f65ecb42_0030.jpg,4
1341_jpg.rf.9d8942b91b7a5f0bbf8dae68d9c390e2_0005.jpg,WEED6C_crops/1341_jpg.rf.9d8942b91b7a5f0bbf8dae68d9c390e2_0005.jpg,4
1372_jpg.rf.ef878d09b7d0fbf710c9467e4f1063c1_0027.jpg,WEED6C_crops/1372_jpg.rf.ef878d09b7d0fbf710c9467e4f1063c1_0027.jpg,4
1243_jpg.rf.748c4b335d58ce6d73b5c2dc513519e8_0011.jpg,WEED6C_crops/1243_jpg.rf.748c4b335d58ce6d73b5c2dc513519e8_0011.jpg,4
1136_jpg.rf.361bd626f65bc4cfad10bfb47d89dcaa_0001.jpg,WEED6C_crops/1136_jpg.rf.361bd626f65bc4cfad10bfb47d89dcaa_0001.jpg,2
0923_jpg.rf.ba601b892dfced7507c2e0a4850e6263_0008.jpg,WEED6C_crops/0923_jpg.rf.ba601b892dfced7507c2e0a4850e6263_0008.jpg,1
0838_jpg.rf.496efa3d5f7f8fe7981297b006be1626_0002.jpg,WEED6C_crops/0838_jpg.rf.496efa3d5f7f8fe7981297b006be1626_0002.jpg,0
1059_jpg.rf.37bae3a1ca185b287c71e08fbb65cac7_0001.jpg,WEED6C_crops/1059_jpg.rf.37bae3a1ca185b287c71e08fbb65cac7_0001.jpg,0
0295_jpg.rf.0cb1bae9f44332d2bc55ceb2715f71ea_0005.jpg,WEED6C_crops/0295_jpg.rf.0cb1bae9f44332d2bc55ceb2715f71ea_0005.jpg,3
0900_jpg.rf.56951d91454a0ff447573f36d7686c67_0006.jpg,WEED6C_crops/0900_jpg.rf.56951d91454a0ff447573f36d7686c67_0006.jpg,2
1363_jpg.rf.768baa0bd4528831bffe24eb9aa3b51f_0035.jpg,WEED6C_crops/1363_jpg.rf.768baa0bd4528831bffe24eb9aa3b51f_0035.jpg,4
0325_jpg.rf.f0533e23fe9ecc072d53e03d09c89654_0007.jpg,WEED6C_crops/0325_jpg.rf.f0533e23fe9ecc072d53e03d09c89654_0007.jpg,1
1342_jpg.rf.5ba11aacf5cc1306e3de9786d203418e_0008.jpg,WEED6C_crops/1342_jpg.rf.5ba11aacf5cc1306e3de9786d203418e_0008.jpg,4
1237_jpg.rf.e87e95a727e50bae03c61f0b1e8522b6_0019.jpg,WEED6C_crops/1237_jpg.rf.e87e95a727e50bae03c61f0b1e8522b6_0019.jpg,4
0637_jpg.rf.5d2427b360178023944c6f8bf29bec85_0001.jpg,WEED6C_crops/0637_jpg.rf.5d2427b360178023944c6f8bf29bec85_0001.jpg,0
0902_jpg.rf.d61960a7bb349756b99685d2fa38137c_0003.jpg,WEED6C_crops/0902_jpg.rf.d61960a7bb349756b99685d2fa38137c_0003.jpg,3
0833_jpg.rf.039a09c9dc3d7844756e0e7031f744f5_0002.jpg,WEED6C_crops/0833_jpg.rf.039a09c9dc3d7844756e0e7031f744f5_0002.jpg,0
1374_jpg.rf.6c64883712d67a3ad448ca10c0398308_0026.jpg,WEED6C_crops/1374_jpg.rf.6c64883712d67a3ad448ca10c0398308_0026.jpg,4
0810_jpg.rf.1c0ad52deba46c162eae37908b5163d2_0003.jpg,WEED6C_crops/0810_jpg.rf.1c0ad52deba46c162eae37908b5163d2_0003.jpg,3
0406_jpg.rf.9017ef4252883a9da552c165a4ef0334_0004.jpg,WEED6C_crops/0406_jpg.rf.9017ef4252883a9da552c165a4ef0334_0004.jpg,3
1189_jpg.rf.e1edfa5e09dbbbf285e8203bdd977cb2_0001.jpg,WEED6C_crops/1189_jpg.rf.e1edfa5e09dbbbf285e8203bdd977cb2_0001.jpg,2
1320_jpg.rf.6cd9a341d74c0a49c59e29b05bd7bd44_0010.jpg,WEED6C_crops/1320_jpg.rf.6cd9a341d74c0a49c59e29b05bd7bd44_0010.jpg,4
0789_jpg.rf.89a02a4cf2da252dbffd4d8d065eaf3d_0003.jpg,WEED6C_crops/0789_jpg.rf.89a02a4cf2da252dbffd4d8d065eaf3d_0003.jpg,0
1306_jpg.rf.e683ee4d8210d663a37fc950a9e485c1_0011.jpg,WEED6C_crops/1306_jpg.rf.e683ee4d8210d663a37fc950a9e485c1_0011.jpg,4
1283_jpg.rf.27f7453f4bae2396f433ee3b8c46fb3a_0006.jpg,WEED6C_crops/1283_jpg.rf.27f7453f4bae2396f433ee3b8c46fb3a_0006.jpg,4
0943_jpg.rf.aea1f9af3bd731e23090202a35a8e2ac_0006.jpg,WEED6C_crops/0943_jpg.rf.aea1f9af3bd731e23090202a35a8e2ac_0006.jpg,2
0525_jpg.rf.3842f12a609fa3d03cf2ab068b872f3d_0002.jpg,WEED6C_crops/0525_jpg.rf.3842f12a609fa3d03cf2ab068b872f3d_0002.jpg,1
1361_jpg.rf.fce9ac7b2b25171d1b0e7ccf4383cf25_0003.jpg,WEED6C_crops/1361_jpg.rf.fce9ac7b2b25171d1b0e7ccf4383cf25_0003.jpg,4
0626_jpg.rf.6d6150daf3b44f43f407f2489237abe1_0002.jpg,WEED6C_crops/0626_jpg.rf.6d6150daf3b44f43f407f2489237abe1_0002.jpg,0
0000_jpg.rf.26d2a0a638c3669bca7dd01788f458df_0013.jpg,WEED6C_crops/0000_jpg.rf.26d2a0a638c3669bca7dd01788f458df_0013.jpg,5
1291_jpg.rf.4b6c3745afe80d02cad886422d29091f_0010.jpg,WEED6C_crops/1291_jpg.rf.4b6c3745afe80d02cad886422d29091f_0010.jpg,4
1097_jpg.rf.f6c75abab4b8605a4bd0d62751125f67_0003.jpg,WEED6C_crops/1097_jpg.rf.f6c75abab4b8605a4bd0d62751125f67_0003.jpg,2
0258_jpg.rf.20c763eefbf6fb774b2bfa869a3b36be_0003.jpg,WEED6C_crops/0258_jpg.rf.20c763eefbf6fb774b2bfa869a3b36be_0003.jpg,0
0759_jpg.rf.e3aee3cfe21026e2acba6a244e3d97e8_0003.jpg,WEED6C_crops/0759_jpg.rf.e3aee3cfe21026e2acba6a244e3d97e8_0003.jpg,2
1295_jpg.rf.f42892f9b9b14e4cd48cb8f649d05aa8_0008.jpg,WEED6C_crops/1295_jpg.rf.f42892f9b9b14e4cd48cb8f649d05aa8_0008.jpg,4
0197_jpg.rf.efe163fd7280a6bdf30be87072648ca9_0008.jpg,WEED6C_crops/0197_jpg.rf.efe163fd7280a6bdf30be87072648ca9_0008.jpg,0
1279_jpg.rf.3859686293ba7d5fcec5e84b599fd5de_0006.jpg,WEED6C_crops/1279_jpg.rf.3859686293ba7d5fcec5e84b599fd5de_0006.jpg,4
1254_jpg.rf.02a34f1183707c79cdb2ae5a7232c68a_0010.jpg,WEED6C_crops/1254_jpg.rf.02a34f1183707c79cdb2ae5a7232c68a_0010.jpg,4
1370_jpg.rf.81f386000a766bd098e73e127fb823ea_0026.jpg,WEED6C_crops/1370_jpg.rf.81f386000a766bd098e73e127fb823ea_0026.jpg,4
0061_jpg.rf.dd840bd572a45a9eaf29ec8da80ee832_0001.jpg,WEED6C_crops/0061_jpg.rf.dd840bd572a45a9eaf29ec8da80ee832_0001.jpg,5
0596_jpg.rf.5d5f5b48be46a1f8940560d94051367d_0006.jpg,WEED6C_crops/0596_jpg.rf.5d5f5b48be46a1f8940560d94051367d_0006.jpg,3
1357_jpg.rf.65ed3ccb047c00c090abcb2750f4d22e_0008.jpg,WEED6C_crops/1357_jpg.rf.65ed3ccb047c00c090abcb2750f4d22e_0008.jpg,4
0218_jpg.rf.6260fbaafdce0bc1a2f594e86103bf20_0009.jpg,WEED6C_crops/0218_jpg.rf.6260fbaafdce0bc1a2f594e86103bf20_0009.jpg,3
1232_jpg.rf.6a70f87f86c34e215d593fa33bdb4046_0016.jpg,WEED6C_crops/1232_jpg.rf.6a70f87f86c34e215d593fa33bdb4046_0016.jpg,1
1271_jpg.rf.edbc880f2c5cbc76998035cf808e95a2_0017.jpg,WEED6C_crops/1271_jpg.rf.edbc880f2c5cbc76998035cf808e95a2_0017.jpg,4
0097_jpg.rf.40a02e4aa6afe5b5fc63108caf7efeb8_0002.jpg,WEED6C_crops/0097_jpg.rf.40a02e4aa6afe5b5fc63108caf7efeb8_0002.jpg,5
1369_jpg.rf.b115facc4e1a8ff9927fa196a84b853d_0054.jpg,WEED6C_crops/1369_jpg.rf.b115facc4e1a8ff9927fa196a84b853d_0054.jpg,4
0993_jpg.rf.ce6c13d32d63ebb36918c34d00a949a9_0005.jpg,WEED6C_crops/0993_jpg.rf.ce6c13d32d63ebb36918c34d00a949a9_0005.jpg,3
1081_jpg.rf.b63b123e215bc036d9e0b1b34f1b9b95_0002.jpg,WEED6C_crops/1081_jpg.rf.b63b123e215bc036d9e0b1b34f1b9b95_0002.jpg,2
0562_jpg.rf.61101806f26b24809d9b435040182270_0003.jpg,WEED6C_crops/0562_jpg.rf.61101806f26b24809d9b435040182270_0003.jpg,3
0381_jpg.rf.cddb21d4777e113ec1f33da97eb01a9c_0008.jpg,WEED6C_crops/0381_jpg.rf.cddb21d4777e113ec1f33da97eb01a9c_0008.jpg,3
0736_jpg.rf.95c45c1040d854f1f43f74ce83333364_0002.jpg,WEED6C_crops/0736_jpg.rf.95c45c1040d854f1f43f74ce83333364_0002.jpg,2
0236_jpg.rf.37f13823118c1f776f2b7d3360e121a9_0004.jpg,WEED6C_crops/0236_jpg.rf.37f13823118c1f776f2b7d3360e121a9_0004.jpg,0
0240_jpg.rf.f18fdb793c0f135ebedcba370dfdcdf7_0001.jpg,WEED6C_crops/0240_jpg.rf.f18fdb793c0f135ebedcba370dfdcdf7_0001.jpg,1
0630_jpg.rf.baa1b2c8e70450bdc9f48512734fdc4a_0005.jpg,WEED6C_crops/0630_jpg.rf.baa1b2c8e70450bdc9f48512734fdc4a_0005.jpg,3
0285_jpg.rf.415fee08c2dc0c62797603c7b61e074c_0005.jpg,WEED6C_crops/0285_jpg.rf.415fee08c2dc0c62797603c7b61e074c_0005.jpg,3
0148_jpg.rf.dd77b1bff5502c3c04c7e07ed0b3fec9_0001.jpg,WEED6C_crops/0148_jpg.rf.dd77b1bff5502c3c04c7e07ed0b3fec9_0001.jpg,5
0195_jpg.rf.1c4262b24a02b86db309f09eb684e8dc_0006.jpg,WEED6C_crops/0195_jpg.rf.1c4262b24a02b86db309f09eb684e8dc_0006.jpg,3
1304_jpg.rf.bdabd9792ab23d3924d6e3d26f3aec06_0031.jpg,WEED6C_crops/1304_jpg.rf.bdabd9792ab23d3924d6e3d26f3aec06_0031.jpg,4
0187_jpg.rf.c4ad0df6ea77ac262a84d8bbfd02cb76_0010.jpg,WEED6C_crops/0187_jpg.rf.c4ad0df6ea77ac262a84d8bbfd02cb76_0010.jpg,0
1363_jpg.rf.768baa0bd4528831bffe24eb9aa3b51f_0039.jpg,WEED6C_crops/1363_jpg.rf.768baa0bd4528831bffe24eb9aa3b51f_0039.jpg,4
1378_jpg.rf.a485ab7c96bef96dac8eb7e61bbb7fb8_0013.jpg,WEED6C_crops/1378_jpg.rf.a485ab7c96bef96dac8eb7e61bbb7fb8_0013.jpg,4
0353_jpg.rf.42a3200b80e5a0a8b56e470d21b7d422_0004.jpg,WEED6C_crops/0353_jpg.rf.42a3200b80e5a0a8b56e470d21b7d422_0004.jpg,0
0823_jpg.rf.35b65e0d3530e9d9f8e9efea9663de95_0001.jpg,WEED6C_crops/0823_jpg.rf.35b65e0d3530e9d9f8e9efea9663de95_0001.jpg,3
0327_jpg.rf.9195005bab0e0fa8deaef9eae9d2f695_0004.jpg,WEED6C_crops/0327_jpg.rf.9195005bab0e0fa8deaef9eae9d2f695_0004.jpg,3
0742_jpg.rf.989333e097f768d08185fb47347eeb07_0002.jpg,WEED6C_crops/0742_jpg.rf.989333e097f768d08185fb47347eeb07_0002.jpg,2
0834_jpg.rf.541aec5b5bf56ec58ec1abe5ccbeaf7f_0012.jpg,WEED6C_crops/0834_jpg.rf.541aec5b5bf56ec58ec1abe5ccbeaf7f_0012.jpg,2
1349_jpg.rf.f2a77b8dcb3c036a18eb11f545a535f5_0007.jpg,WEED6C_crops/1349_jpg.rf.f2a77b8dcb3c036a18eb11f545a535f5_0007.jpg,4
1293_jpg.rf.25d29f796ce3dd1d2ed11cfb04cd3f18_0001.jpg,WEED6C_crops/1293_jpg.rf.25d29f796ce3dd1d2ed11cfb04cd3f18_0001.jpg,4
0191_jpg.rf.ade32b5c7d1da3dce9bc376804f9d0b5_0002.jpg,WEED6C_crops/0191_jpg.rf.ade32b5c7d1da3dce9bc376804f9d0b5_0002.jpg,1
0767_jpg.rf.513a72112b36d72dc2e3e138f0e28b46_0003.jpg,WEED6C_crops/0767_jpg.rf.513a72112b36d72dc2e3e138f0e28b46_0003.jpg,4
1144_jpg.rf.f65dbca7014edf3a22ed3f9fd20068dd_0001.jpg,WEED6C_crops/1144_jpg.rf.f65dbca7014edf3a22ed3f9fd20068dd_0001.jpg,2
0193_jpg.rf.88709cc595706f8481dc357d500cb43a_0004.jpg,WEED6C_crops/0193_jpg.rf.88709cc595706f8481dc357d500cb43a_0004.jpg,1
1369_jpg.rf.b115facc4e1a8ff9927fa196a84b853d_0018.jpg,WEED6C_crops/1369_jpg.rf.b115facc4e1a8ff9927fa196a84b853d_0018.jpg,4
0669_jpg.rf.a034dffd90ec7795e4cd71fe65a19f3c_0005.jpg,WEED6C_crops/0669_jpg.rf.a034dffd90ec7795e4cd71fe65a19f3c_0005.jpg,3
1356_jpg.rf.2f9a9ccab7035b4c81a5ca992e4a9838_0034.jpg,WEED6C_crops/1356_jpg.rf.2f9a9ccab7035b4c81a5ca992e4a9838_0034.jpg,4
0989_jpg.rf.2cc687f5855409edb20ee047c271554e_0004.jpg,WEED6C_crops/0989_jpg.rf.2cc687f5855409edb20ee047c271554e_0004.jpg,2
1324_jpg.rf.3a229c242e1658a78ef760d872b6d39f_0002.jpg,WEED6C_crops/1324_jpg.rf.3a229c242e1658a78ef760d872b6d39f_0002.jpg,4
1353_jpg.rf.bec9bcda29461e97059f99cbf8431546_0017.jpg,WEED6C_crops/1353_jpg.rf.bec9bcda29461e97059f99cbf8431546_0017.jpg,4
0292_jpg.rf.6a50c1ede4f6200fe42989cb1ee3177d_0001.jpg,WEED6C_crops/0292_jpg.rf.6a50c1ede4f6200fe42989cb1ee3177d_0001.jpg,1
0638_jpg.rf.2a5617b0bb45ebd513ef87da9cfce275_0006.jpg,WEED6C_crops/0638_jpg.rf.2a5617b0bb45ebd513ef87da9cfce275_0006.jpg,0
0311_jpg.rf.5dc8463748201f981b9b1fbf5773f42d_0001.jpg,WEED6C_crops/0311_jpg.rf.5dc8463748201f981b9b1fbf5773f42d_0001.jpg,0
0388_jpg.rf.ed37216b56f6c6c2c0a637221b23e485_0003.jpg,WEED6C_crops/0388_jpg.rf.ed37216b56f6c6c2c0a637221b23e485_0003.jpg,0
1268_jpg.rf.f92eaf335716f66b9db465ec842cf1d7_0027.jpg,WEED6C_crops/1268_jpg.rf.f92eaf335716f66b9db465ec842cf1d7_0027.jpg,4
0806_jpg.rf.c378aaa9dacc5ce45b55fd081cf71032_0004.jpg,WEED6C_crops/0806_jpg.rf.c378aaa9dacc5ce45b55fd081cf71032_0004.jpg,3
1373_jpg.rf.3d37ed5825d54fd39547b46ea5c1112c_0005.jpg,WEED6C_crops/1373_jpg.rf.3d37ed5825d54fd39547b46ea5c1112c_0005.jpg,4
0799_jpg.rf.2808b82bc66b13bc463af84be16e4c59_0008.jpg,WEED6C_crops/0799_jpg.rf.2808b82bc66b13bc463af84be16e4c59_0008.jpg,3
1314_jpg.rf.026df1d2420a72903e8aa30534cca72c_0013.jpg,WEED6C_crops/1314_jpg.rf.026df1d2420a72903e8aa30534cca72c_0013.jpg,4
1368_jpg.rf.25dc57e029d777ff1571d3d84d22c763_0032.jpg,WEED6C_crops/1368_jpg.rf.25dc57e029d777ff1571d3d84d22c763_0032.jpg,1
0940_jpg.rf.96e3df91a9a59aa1c1006a128592f1bd_0003.jpg,WEED6C_crops/0940_jpg.rf.96e3df91a9a59aa1c1006a128592f1bd_0003.jpg,0
0839_jpg.rf.5576dd4d342fc9fcb99e33fe18e59c9f_0005.jpg,WEED6C_crops/0839_jpg.rf.5576dd4d342fc9fcb99e33fe18e59c9f_0005.jpg,0
1383_jpg.rf.774d8f8762ff9dbe26c5db3a3e211276_0030.jpg,WEED6C_crops/1383_jpg.rf.774d8f8762ff9dbe26c5db3a3e211276_0030.jpg,1
0350_jpg.rf.9b0f36a130ea6ac8748c07fed6f139f0_0004.jpg,WEED6C_crops/0350_jpg.rf.9b0f36a130ea6ac8748c07fed6f139f0_0004.jpg,0
0694_jpg.rf.4900fb6b7afd2d51ccbae46e30a9e941_0001.jpg,WEED6C_crops/0694_jpg.rf.4900fb6b7afd2d51ccbae46e30a9e941_0001.jpg,2
0297_jpg.rf.85414b29068074347afa205d7854efba_0007.jpg,WEED6C_crops/0297_jpg.rf.85414b29068074347afa205d7854efba_0007.jpg,3
0610_jpg.rf.41193fab163388889bee1099a8ba27a8_0003.jpg,WEED6C_crops/0610_jpg.rf.41193fab163388889bee1099a8ba27a8_0003.jpg,3
0242_jpg.rf.52800b665a2b860fd527febaee511016_0002.jpg,WEED6C_crops/0242_jpg.rf.52800b665a2b860fd527febaee511016_0002.jpg,3
0134_jpg.rf.ff0e18ac49c9c2a581bebd50c307855b_0008.jpg,WEED6C_crops/0134_jpg.rf.ff0e18ac49c9c2a581bebd50c307855b_0008.jpg,5
1263_jpg.rf.30b98d36787435013e4dbbaf2d246f70_0001.jpg,WEED6C_crops/1263_jpg.rf.30b98d36787435013e4dbbaf2d246f70_0001.jpg,4
0637_jpg.rf.5d2427b360178023944c6f8bf29bec85_0002.jpg,WEED6C_crops/0637_jpg.rf.5d2427b360178023944c6f8bf29bec85_0002.jpg,3
0870_jpg.rf.b75806693a6d2aaef1b5e2cd86134952_0001.jpg,WEED6C_crops/0870_jpg.rf.b75806693a6d2aaef1b5e2cd86134952_0001.jpg,1
0602_jpg.rf.d1012f3e1b365b7b3154d092664c7875_0007.jpg,WEED6C_crops/0602_jpg.rf.d1012f3e1b365b7b3154d092664c7875_0007.jpg,0
0896_jpg.rf.0bda0ed76fce664d070b9f933f42f694_0005.jpg,WEED6C_crops/0896_jpg.rf.0bda0ed76fce664d070b9f933f42f694_0005.jpg,3
0163_jpg.rf.76b31d507be2d7734dd186603646d19f_0001.jpg,WEED6C_crops/0163_jpg.rf.76b31d507be2d7734dd186603646d19f_0001.jpg,5
1375_jpg.rf.b0f1411c79e1b676b013097ecfe9a149_0026.jpg,WEED6C_crops/1375_jpg.rf.b0f1411c79e1b676b013097ecfe9a149_0026.jpg,4
1369_jpg.rf.b115facc4e1a8ff9927fa196a84b853d_0034.jpg,WEED6C_crops/1369_jpg.rf.b115facc4e1a8ff9927fa196a84b853d_0034.jpg,4
0589_jpg.rf.242afe6721040a65d458d22a9b47be5b_0004.jpg,WEED6C_crops/0589_jpg.rf.242afe6721040a65d458d22a9b47be5b_0004.jpg,3
0213_jpg.rf.b7c5caf9ce4ecb85192e07d0eaff7e47_0001.jpg,WEED6C_crops/0213_jpg.rf.b7c5caf9ce4ecb85192e07d0eaff7e47_0001.jpg,0
0732_jpg.rf.fdc130bbf01ecfb0b8f7be2a3ee57d86_0001.jpg,WEED6C_crops/0732_jpg.rf.fdc130bbf01ecfb0b8f7be2a3ee57d86_0001.jpg,0
0249_jpg.rf.c28ae22bf898c1d2faacea1ccaf48150_0002.jpg,WEED6C_crops/0249_jpg.rf.c28ae22bf898c1d2faacea1ccaf48150_0002.jpg,3
0966_jpg.rf.7596ec898ee8caabeceb7e50d7324b05_0004.jpg,WEED6C_crops/0966_jpg.rf.7596ec898ee8caabeceb7e50d7324b05_0004.jpg,1
1235_jpg.rf.8f167c07ecb86590be8dd4ab7f58be2c_0011.jpg,WEED6C_crops/1235_jpg.rf.8f167c07ecb86590be8dd4ab7f58be2c_0011.jpg,4
1270_jpg.rf.c34b854accd8ec862089128de29e245c_0041.jpg,WEED6C_crops/1270_jpg.rf.c34b854accd8ec862089128de29e245c_0041.jpg,4
1356_jpg.rf.2f9a9ccab7035b4c81a5ca992e4a9838_0018.jpg,WEED6C_crops/1356_jpg.rf.2f9a9ccab7035b4c81a5ca992e4a9838_0018.jpg,4
0405_jpg.rf.f12c008fa2600ec5e4e829f57b28ac12_0005.jpg,WEED6C_crops/0405_jpg.rf.f12c008fa2600ec5e4e829f57b28ac12_0005.jpg,3
0187_jpg.rf.c4ad0df6ea77ac262a84d8bbfd02cb76_0005.jpg,WEED6C_crops/0187_jpg.rf.c4ad0df6ea77ac262a84d8bbfd02cb76_0005.jpg,1
0112_jpg.rf.7bd8ad34f07ba8b06cfe58a2e727add5_0003.jpg,WEED6C_crops/0112_jpg.rf.7bd8ad34f07ba8b06cfe58a2e727add5_0003.jpg,5
0921_jpg.rf.d40985a530079708c4b75c6d3485c54d_0001.jpg,WEED6C_crops/0921_jpg.rf.d40985a530079708c4b75c6d3485c54d_0001.jpg,3
0101_jpg.rf.f416ffcba9a6f0ff52f34554edf75c50_0002.jpg,WEED6C_crops/0101_jpg.rf.f416ffcba9a6f0ff52f34554edf75c50_0002.jpg,5
0991_jpg.rf.ccded2f714f8bbcf4e41e639c8048025_0002.jpg,WEED6C_crops/0991_jpg.rf.ccded2f714f8bbcf4e41e639c8048025_0002.jpg,2
0546_jpg.rf.ebbe2e620d3ba78f44b2ac53b958321a_0005.jpg,WEED6C_crops/0546_jpg.rf.ebbe2e620d3ba78f44b2ac53b958321a_0005.jpg,3
0113_jpg.rf.33f571be4ae7ad1b2bbbb23545090cad_0006.jpg,WEED6C_crops/0113_jpg.rf.33f571be4ae7ad1b2bbbb23545090cad_0006.jpg,5
0241_jpg.rf.91f3e8769b4d0ba66baac18128b9bc52_0002.jpg,WEED6C_crops/0241_jpg.rf.91f3e8769b4d0ba66baac18128b9bc52_0002.jpg,3
0088_jpg.rf.09a2ba836c6729be6318402f10807791_0003.jpg,WEED6C_crops/0088_jpg.rf.09a2ba836c6729be6318402f10807791_0003.jpg,5
0532_jpg.rf.cff8a190f187042cc461aaafe7322363_0006.jpg,WEED6C_crops/0532_jpg.rf.cff8a190f187042cc461aaafe7322363_0006.jpg,3
1304_jpg.rf.bdabd9792ab23d3924d6e3d26f3aec06_0049.jpg,WEED6C_crops/1304_jpg.rf.bdabd9792ab23d3924d6e3d26f3aec06_0049.jpg,4
0399_jpg.rf.7e629911bc136d75a7e9df43c01ac5a1_0005.jpg,WEED6C_crops/0399_jpg.rf.7e629911bc136d75a7e9df43c01ac5a1_0005.jpg,0
1280_jpg.rf.35bb77e8b09a63c0fe616ea76a082955_0007.jpg,WEED6C_crops/1280_jpg.rf.35bb77e8b09a63c0fe616ea76a082955_0007.jpg,4
0656_jpg.rf.47d204b70ff752cd492c6ac9a7ee93be_0008.jpg,WEED6C_crops/0656_jpg.rf.47d204b70ff752cd492c6ac9a7ee93be_0008.jpg,3
1251_jpg.rf.ca084f91ecb665ac4961e3dca9f42efd_0004.jpg,WEED6C_crops/1251_jpg.rf.ca084f91ecb665ac4961e3dca9f42efd_0004.jpg,1
1259_jpg.rf.0167b645cb0006baa012cf610d53ebdd_0021.jpg,WEED6C_crops/1259_jpg.rf.0167b645cb0006baa012cf610d53ebdd_0021.jpg,4
0405_jpg.rf.f12c008fa2600ec5e4e829f57b28ac12_0004.jpg,WEED6C_crops/0405_jpg.rf.f12c008fa2600ec5e4e829f57b28ac12_0004.jpg,3
0855_jpg.rf.c3864326bbe207814bd73e53a801ac40_0011.jpg,WEED6C_crops/0855_jpg.rf.c3864326bbe207814bd73e53a801ac40_0011.jpg,0
0283_jpg.rf.f3d09170767f659721e1a02d06422fcc_0007.jpg,WEED6C_crops/0283_jpg.rf.f3d09170767f659721e1a02d06422fcc_0007.jpg,3
1388_jpg.rf.fc14b9c78803698f43244c97c3e3b31e_0008.jpg,WEED6C_crops/1388_jpg.rf.fc14b9c78803698f43244c97c3e3b31e_0008.jpg,4
1238_jpg.rf.8f2e4dde815b3cdba79f2d24a33ad9eb_0036.jpg,WEED6C_crops/1238_jpg.rf.8f2e4dde815b3cdba79f2d24a33ad9eb_0036.jpg,4
0910_jpg.rf.a474eacaf534e91dda538400c446a081_0003.jpg,WEED6C_crops/0910_jpg.rf.a474eacaf534e91dda538400c446a081_0003.jpg,3
1266_jpg.rf.b6ff71f2ca53cd0403e63652331b6edb_0024.jpg,WEED6C_crops/1266_jpg.rf.b6ff71f2ca53cd0403e63652331b6edb_0024.jpg,4
0458_jpg.rf.94d9cee93dbfcbfc0b0721afe9202000_0004.jpg,WEED6C_crops/0458_jpg.rf.94d9cee93dbfcbfc0b0721afe9202000_0004.jpg,3
0956_jpg.rf.1b3ce9c1c8dbbfd1bbf4edd26f04082a_0001.jpg,WEED6C_crops/0956_jpg.rf.1b3ce9c1c8dbbfd1bbf4edd26f04082a_0001.jpg,3
0684_jpg.rf.865b9fd6056cc7b214cb8ddc06bdf9a6_0004.jpg,WEED6C_crops/0684_jpg.rf.865b9fd6056cc7b214cb8ddc06bdf9a6_0004.jpg,0
0968_jpg.rf.dcaf07e136ea4541c481e6d0a9d1683c_0006.jpg,WEED6C_crops/0968_jpg.rf.dcaf07e136ea4541c481e6d0a9d1683c_0006.jpg,0
0515_jpg.rf.1ec23450cc48ac25af7468b76ed63c76_0006.jpg,WEED6C_crops/0515_jpg.rf.1ec23450cc48ac25af7468b76ed63c76_0006.jpg,3
0055_jpg.rf.aa35c6c972d77c7277e29bf892fead85_0001.jpg,WEED6C_crops/0055_jpg.rf.aa35c6c972d77c7277e29bf892fead85_0001.jpg,5
1348_jpg.rf.f5893179f9b6a36ba0042a01452efe78_0006.jpg,WEED6C_crops/1348_jpg.rf.f5893179f9b6a36ba0042a01452efe78_0006.jpg,4
1360_jpg.rf.4adff7020975375bcf1db2c7f65ecb42_0018.jpg,WEED6C_crops/1360_jpg.rf.4adff7020975375bcf1db2c7f65ecb42_0018.jpg,4
1383_jpg.rf.774d8f8762ff9dbe26c5db3a3e211276_0022.jpg,WEED6C_crops/1383_jpg.rf.774d8f8762ff9dbe26c5db3a3e211276_0022.jpg,0
1303_jpg.rf.8f30bd948ef635a90243d4eb022d379b_0020.jpg,WEED6C_crops/1303_jpg.rf.8f30bd948ef635a90243d4eb022d379b_0020.jpg,4
0528_jpg.rf.6b5682d11915a8a59aa1670f1067d25b_0003.jpg,WEED6C_crops/0528_jpg.rf.6b5682d11915a8a59aa1670f1067d25b_0003.jpg,3
0238_jpg.rf.5173469800f703439d0b7955133ce6d2_0001.jpg,WEED6C_crops/0238_jpg.rf.5173469800f703439d0b7955133ce6d2_0001.jpg,1
0021_jpg.rf.273fd1906969f994b11a15282bc12c37_0001.jpg,WEED6C_crops/0021_jpg.rf.273fd1906969f994b11a15282bc12c37_0001.jpg,5
1369_jpg.rf.b115facc4e1a8ff9927fa196a84b853d_0048.jpg,WEED6C_crops/1369_jpg.rf.b115facc4e1a8ff9927fa196a84b853d_0048.jpg,1
0204_jpg.rf.eaa05575ea0cb57f54805cff6cfeb50e_0006.jpg,WEED6C_crops/0204_jpg.rf.eaa05575ea0cb57f54805cff6cfeb50e_0006.jpg,3
1246_jpg.rf.bb73f1b0a3c930a95692d508c903625a_0010.jpg,WEED6C_crops/1246_jpg.rf.bb73f1b0a3c930a95692d508c903625a_0010.jpg,1
0382_jpg.rf.aac39ca648c83b6f8c22e4446970b6ba_0005.jpg,WEED6C_crops/0382_jpg.rf.aac39ca648c83b6f8c22e4446970b6ba_0005.jpg,2
1381_jpg.rf.26a82a54504b992f9dc9ede2e50e9b8f_0001.jpg,WEED6C_crops/1381_jpg.rf.26a82a54504b992f9dc9ede2e50e9b8f_0001.jpg,4
0198_jpg.rf.a8633b29e881cf380513f2bf6ee10bab_0006.jpg,WEED6C_crops/0198_jpg.rf.a8633b29e881cf380513f2bf6ee10bab_0006.jpg,0
1236_jpg.rf.84823ae11fdee603ba6a5fab2cc61c7f_0032.jpg,WEED6C_crops/1236_jpg.rf.84823ae11fdee603ba6a5fab2cc61c7f_0032.jpg,4
0839_jpg.rf.5576dd4d342fc9fcb99e33fe18e59c9f_0002.jpg,WEED6C_crops/0839_jpg.rf.5576dd4d342fc9fcb99e33fe18e59c9f_0002.jpg,0
0206_jpg.rf.0e1349da71ed8820f4722a3037fc6381_0003.jpg,WEED6C_crops/0206_jpg.rf.0e1349da71ed8820f4722a3037fc6381_0003.jpg,3
0788_jpg.rf.e091abef89503b4445cc2b50a060a23a_0002.jpg,WEED6C_crops/0788_jpg.rf.e091abef89503b4445cc2b50a060a23a_0002.jpg,0
1287_jpg.rf.0bdfb5a514691b4b64c3bd4322c0459b_0021.jpg,WEED6C_crops/1287_jpg.rf.0bdfb5a514691b4b64c3bd4322c0459b_0021.jpg,4
1319_jpg.rf.f0e986998c05674b9aeebd92e9e900c9_0010.jpg,WEED6C_crops/1319_jpg.rf.f0e986998c05674b9aeebd92e9e900c9_0010.jpg,1
1288_jpg.rf.d40235d2f4f29325219dc65890953ef4_0023.jpg,WEED6C_crops/1288_jpg.rf.d40235d2f4f29325219dc65890953ef4_0023.jpg,1
1300_jpg.rf.c8a7b7da90c3a7f70a2e39b8ca47e4fd_0012.jpg,WEED6C_crops/1300_jpg.rf.c8a7b7da90c3a7f70a2e39b8ca47e4fd_0012.jpg,1
0296_jpg.rf.1353db0a9b41daed7853579acfd0b861_0005.jpg,WEED6C_crops/0296_jpg.rf.1353db0a9b41daed7853579acfd0b861_0005.jpg,3
1302_jpg.rf.26ab3fc340b22f9482155ab905a6cebf_0005.jpg,WEED6C_crops/1302_jpg.rf.26ab3fc340b22f9482155ab905a6cebf_0005.jpg,4
1377_jpg.rf.13024f6056bd3ee967e54a75b53fd777_0025.jpg,WEED6C_crops/1377_jpg.rf.13024f6056bd3ee967e54a75b53fd777_0025.jpg,4
1241_jpg.rf.a5be0ca237cc5fdf5c86f10349dafb96_0004.jpg,WEED6C_crops/1241_jpg.rf.a5be0ca237cc5fdf5c86f10349dafb96_0004.jpg,4
1310_jpg.rf.317ac2cca5f24479b0098bf7fbab9ceb_0021.jpg,WEED6C_crops/1310_jpg.rf.317ac2cca5f24479b0098bf7fbab9ceb_0021.jpg,4
0971_jpg.rf.6cba680a0f96ebf0380f4c034894dd14_0006.jpg,WEED6C_crops/0971_jpg.rf.6cba680a0f96ebf0380f4c034894dd14_0006.jpg,1
0281_jpg.rf.525275ec8f77a3e6f1a0adab97e761ed_0008.jpg,WEED6C_crops/0281_jpg.rf.525275ec8f77a3e6f1a0adab97e761ed_0008.jpg,3
0291_jpg.rf.3df8082d7eda29e01bfbbadf39f3ac2b_0002.jpg,WEED6C_crops/0291_jpg.rf.3df8082d7eda29e01bfbbadf39f3ac2b_0002.jpg,2
1374_jpg.rf.6c64883712d67a3ad448ca10c0398308_0030.jpg,WEED6C_crops/1374_jpg.rf.6c64883712d67a3ad448ca10c0398308_0030.jpg,4
1253_jpg.rf.9658543ae33aaf005575666b3e5b4453_0012.jpg,WEED6C_crops/1253_jpg.rf.9658543ae33aaf005575666b3e5b4453_0012.jpg,4
0133_jpg.rf.44cbce90c95fc170a4705b98bf83ae14_0001.jpg,WEED6C_crops/0133_jpg.rf.44cbce90c95fc170a4705b98bf83ae14_0001.jpg,5
0605_jpg.rf.eac7baa9054644d9e1aa55e4856ecad8_0009.jpg,WEED6C_crops/0605_jpg.rf.eac7baa9054644d9e1aa55e4856ecad8_0009.jpg,0
0689_jpg.rf.a20a8ef1823a64c367e46dfb862e93a1_0004.jpg,WEED6C_crops/0689_jpg.rf.a20a8ef1823a64c367e46dfb862e93a1_0004.jpg,3
0728_jpg.rf.2602ae9ca13b239a814cc031ad5c6d3a_0007.jpg,WEED6C_crops/0728_jpg.rf.2602ae9ca13b239a814cc031ad5c6d3a_0007.jpg,2
0398_jpg.rf.3b166a55961ca810d1cb0447f35c2cc8_0003.jpg,WEED6C_crops/0398_jpg.rf.3b166a55961ca810d1cb0447f35c2cc8_0003.jpg,0
0303_jpg.rf.ba9e9e67a01dbfb37c28a17567377b7f_0002.jpg,WEED6C_crops/0303_jpg.rf.ba9e9e67a01dbfb37c28a17567377b7f_0002.jpg,3
0930_jpg.rf.5ef70ace12c97a649d500dbbd0ba16d9_0001.jpg,WEED6C_crops/0930_jpg.rf.5ef70ace12c97a649d500dbbd0ba16d9_0001.jpg,3
0623_jpg.rf.6d02e0449f8e3209f4cd408355a43fe1_0001.jpg,WEED6C_crops/0623_jpg.rf.6d02e0449f8e3209f4cd408355a43fe1_0001.jpg,2
0249_jpg.rf.c28ae22bf898c1d2faacea1ccaf48150_0004.jpg,WEED6C_crops/0249_jpg.rf.c28ae22bf898c1d2faacea1ccaf48150_0004.jpg,3
0410_jpg.rf.61ef6ff6c0e42d24db454259cbfe3332_0006.jpg,WEED6C_crops/0410_jpg.rf.61ef6ff6c0e42d24db454259cbfe3332_0006.jpg,1
0838_jpg.rf.496efa3d5f7f8fe7981297b006be1626_0011.jpg,WEED6C_crops/0838_jpg.rf.496efa3d5f7f8fe7981297b006be1626_0011.jpg,2
0380_jpg.rf.b7d0b2854cc8079b8d7d331027e84793_0008.jpg,WEED6C_crops/0380_jpg.rf.b7d0b2854cc8079b8d7d331027e84793_0008.jpg,2
0542_jpg.rf.b5864f4c452f4f3a61a757f70d2b383f_0005.jpg,WEED6C_crops/0542_jpg.rf.b5864f4c452f4f3a61a757f70d2b383f_0005.jpg,2
0262_jpg.rf.f1ff50f357ac413bcfba75ad3619d77d_0001.jpg,WEED6C_crops/0262_jpg.rf.f1ff50f357ac413bcfba75ad3619d77d_0001.jpg,0
0802_jpg.rf.68ab8088f75a1adf1f6b4611c84ca99f_0005.jpg,WEED6C_crops/0802_jpg.rf.68ab8088f75a1adf1f6b4611c84ca99f_0005.jpg,3
1287_jpg.rf.0bdfb5a514691b4b64c3bd4322c0459b_0009.jpg,WEED6C_crops/1287_jpg.rf.0bdfb5a514691b4b64c3bd4322c0459b_0009.jpg,4
0666_jpg.rf.8648c321044e4ed9142aba53bcb74026_0004.jpg,WEED6C_crops/0666_jpg.rf.8648c321044e4ed9142aba53bcb74026_0004.jpg,3
0527_jpg.rf.37b3b59ba73f92ca4a3906216e51fc20_0002.jpg,WEED6C_crops/0527_jpg.rf.37b3b59ba73f92ca4a3906216e51fc20_0002.jpg,1
0572_jpg.rf.8c798746ec2f98c852f3e6b3e2836318_0003.jpg,WEED6C_crops/0572_jpg.rf.8c798746ec2f98c852f3e6b3e2836318_0003.jpg,3
0263_jpg.rf.0c6fd334d47391998f823378f4db418f_0005.jpg,WEED6C_crops/0263_jpg.rf.0c6fd334d47391998f823378f4db418f_0005.jpg,2
1367_jpg.rf.525537f6569c4903b5b939c2e8220219_0021.jpg,WEED6C_crops/1367_jpg.rf.525537f6569c4903b5b939c2e8220219_0021.jpg,4
0964_jpg.rf.62fb691f331c05daf6ba126713ea23f4_0002.jpg,WEED6C_crops/0964_jpg.rf.62fb691f331c05daf6ba126713ea23f4_0002.jpg,1
1319_jpg.rf.f0e986998c05674b9aeebd92e9e900c9_0014.jpg,WEED6C_crops/1319_jpg.rf.f0e986998c05674b9aeebd92e9e900c9_0014.jpg,1
1377_jpg.rf.13024f6056bd3ee967e54a75b53fd777_0004.jpg,WEED6C_crops/1377_jpg.rf.13024f6056bd3ee967e54a75b53fd777_0004.jpg,4
1347_jpg.rf.17fbaa4fc4797a75ba82422831c223dc_0009.jpg,WEED6C_crops/1347_jpg.rf.17fbaa4fc4797a75ba82422831c223dc_0009.jpg,4
0403_jpg.rf.93bba2e1e12e7542467dfbc17ddabbd7_0004.jpg,WEED6C_crops/0403_jpg.rf.93bba2e1e12e7542467dfbc17ddabbd7_0004.jpg,3
0532_jpg.rf.cff8a190f187042cc461aaafe7322363_0003.jpg,WEED6C_crops/0532_jpg.rf.cff8a190f187042cc461aaafe7322363_0003.jpg,3
1386_jpg.rf.38d81bd8c301374aed9080ef5af2120b_0003.jpg,WEED6C_crops/1386_jpg.rf.38d81bd8c301374aed9080ef5af2120b_0003.jpg,1
0237_jpg.rf.47ebd52e669d42c97678a79dff8bb0cd_0007.jpg,WEED6C_crops/0237_jpg.rf.47ebd52e669d42c97678a79dff8bb0cd_0007.jpg,3
0012_jpg.rf.9757140378b0d88802743d6df8481e80_0003.jpg,WEED6C_crops/0012_jpg.rf.9757140378b0d88802743d6df8481e80_0003.jpg,5
0682_jpg.rf.9deeef91dca2771cd5f1da3bd0f307d8_0004.jpg,WEED6C_crops/0682_jpg.rf.9deeef91dca2771cd5f1da3bd0f307d8_0004.jpg,3
0291_jpg.rf.3df8082d7eda29e01bfbbadf39f3ac2b_0009.jpg,WEED6C_crops/0291_jpg.rf.3df8082d7eda29e01bfbbadf39f3ac2b_0009.jpg,3
0605_jpg.rf.eac7baa9054644d9e1aa55e4856ecad8_0008.jpg,WEED6C_crops/0605_jpg.rf.eac7baa9054644d9e1aa55e4856ecad8_0008.jpg,3
1369_jpg.rf.b115facc4e1a8ff9927fa196a84b853d_0021.jpg,WEED6C_crops/1369_jpg.rf.b115facc4e1a8ff9927fa196a84b853d_0021.jpg,4
0237_jpg.rf.47ebd52e669d42c97678a79dff8bb0cd_0005.jpg,WEED6C_crops/0237_jpg.rf.47ebd52e669d42c97678a79dff8bb0cd_0005.jpg,3
1315_jpg.rf.0b8085935589ebdedc6aafe2eeb83a84_0004.jpg,WEED6C_crops/1315_jpg.rf.0b8085935589ebdedc6aafe2eeb83a84_0004.jpg,4
0645_jpg.rf.eff4606cb6ea7b32ec7cb74a07250812_0003.jpg,WEED6C_crops/0645_jpg.rf.eff4606cb6ea7b32ec7cb74a07250812_0003.jpg,3
0000_jpg.rf.26d2a0a638c3669bca7dd01788f458df_0011.jpg,WEED6C_crops/0000_jpg.rf.26d2a0a638c3669bca7dd01788f458df_0011.jpg,5
1248_jpg.rf.290b7f88a115132b8a4ebfe43b032865_0028.jpg,WEED6C_crops/1248_jpg.rf.290b7f88a115132b8a4ebfe43b032865_0028.jpg,4
1327_jpg.rf.dc77e825fdfc1e35e9bdd4129d3202c9_0004.jpg,WEED6C_crops/1327_jpg.rf.dc77e825fdfc1e35e9bdd4129d3202c9_0004.jpg,4
1240_jpg.rf.e1ad20f0f2011d323769409c17d77863_0016.jpg,WEED6C_crops/1240_jpg.rf.e1ad20f0f2011d323769409c17d77863_0016.jpg,4
0334_jpg.rf.b89158792ac6873fac9d3fa05614ddf3_0010.jpg,WEED6C_crops/0334_jpg.rf.b89158792ac6873fac9d3fa05614ddf3_0010.jpg,0
1090_jpg.rf.eae48bc4c093d1e14376989f7d918e61_0002.jpg,WEED6C_crops/1090_jpg.rf.eae48bc4c093d1e14376989f7d918e61_0002.jpg,0
0977_jpg.rf.d13ba9ce5d1fd3abb968440af3dffa28_0002.jpg,WEED6C_crops/0977_jpg.rf.d13ba9ce5d1fd3abb968440af3dffa28_0002.jpg,3
0659_jpg.rf.eaf1cbefbdae8bad0dab4b05b71cbce9_0003.jpg,WEED6C_crops/0659_jpg.rf.eaf1cbefbdae8bad0dab4b05b71cbce9_0003.jpg,0
1321_jpg.rf.8e65d21edc01a3aaf9a2de8cd2acce95_0004.jpg,WEED6C_crops/1321_jpg.rf.8e65d21edc01a3aaf9a2de8cd2acce95_0004.jpg,4
0277_jpg.rf.da40428a611c836681331c1b74be0c1b_0012.jpg,WEED6C_crops/0277_jpg.rf.da40428a611c836681331c1b74be0c1b_0012.jpg,1
1385_jpg.rf.d58ee02f9b26e3c086ce0ebeefdfd56d_0013.jpg,WEED6C_crops/1385_jpg.rf.d58ee02f9b26e3c086ce0ebeefdfd56d_0013.jpg,0
0726_jpg.rf.277bac6c0b99286125b145e5a65fa217_0002.jpg,WEED6C_crops/0726_jpg.rf.277bac6c0b99286125b145e5a65fa217_0002.jpg,2
0152_jpg.rf.5b8cda0e8589dc5ea9e666d61e7d9c48_0002.jpg,WEED6C_crops/0152_jpg.rf.5b8cda0e8589dc5ea9e666d61e7d9c48_0002.jpg,5
1272_jpg.rf.1363494df0282fc834a2393d4cb99124_0003.jpg,WEED6C_crops/1272_jpg.rf.1363494df0282fc834a2393d4cb99124_0003.jpg,4
1305_jpg.rf.443512b37c4cb64236dc2fdc570ded6d_0028.jpg,WEED6C_crops/1305_jpg.rf.443512b37c4cb64236dc2fdc570ded6d_0028.jpg,4
0391_jpg.rf.8b04cf7b29663461fa22ff3cbae0b5f7_0001.jpg,WEED6C_crops/0391_jpg.rf.8b04cf7b29663461fa22ff3cbae0b5f7_0001.jpg,3
0208_jpg.rf.fe82af743151727a27c956fc89367b27_0004.jpg,WEED6C_crops/0208_jpg.rf.fe82af743151727a27c956fc89367b27_0004.jpg,2
1265_jpg.rf.459c2e1e9909ee52948bcfdb891d5d39_0005.jpg,WEED6C_crops/1265_jpg.rf.459c2e1e9909ee52948bcfdb891d5d39_0005.jpg,4
1229_jpg.rf.f39c48606a011efde3d20b5d68fa1f43_0034.jpg,WEED6C_crops/1229_jpg.rf.f39c48606a011efde3d20b5d68fa1f43_0034.jpg,4
0434_jpg.rf.9947597e0eaa11a66f04c372932b93a0_0001.jpg,WEED6C_crops/0434_jpg.rf.9947597e0eaa11a66f04c372932b93a0_0001.jpg,1
0292_jpg.rf.6a50c1ede4f6200fe42989cb1ee3177d_0013.jpg,WEED6C_crops/0292_jpg.rf.6a50c1ede4f6200fe42989cb1ee3177d_0013.jpg,3
0869_jpg.rf.15d46b9426f4a8f52d88a4664d85b39f_0001.jpg,WEED6C_crops/0869_jpg.rf.15d46b9426f4a8f52d88a4664d85b39f_0001.jpg,1
1086_jpg.rf.14e9e5bfbad51c49f8dd0265badf3a49_0002.jpg,WEED6C_crops/1086_jpg.rf.14e9e5bfbad51c49f8dd0265badf3a49_0002.jpg,2
0581_jpg.rf.44c41e3442e44aba819a76408a41aea2_0002.jpg,WEED6C_crops/0581_jpg.rf.44c41e3442e44aba819a76408a41aea2_0002.jpg,3
1265_jpg.rf.459c2e1e9909ee52948bcfdb891d5d39_0007.jpg,WEED6C_crops/1265_jpg.rf.459c2e1e9909ee52948bcfdb891d5d39_0007.jpg,4
1335_jpg.rf.4542defdf24b71cc8710a92fb5b45c9d_0004.jpg,WEED6C_crops/1335_jpg.rf.4542defdf24b71cc8710a92fb5b45c9d_0004.jpg,1
0202_jpg.rf.c77af3471a7918b2320b842898212017_0008.jpg,WEED6C_crops/0202_jpg.rf.c77af3471a7918b2320b842898212017_0008.jpg,3
0033_jpg.rf.c6fe052a76fa10f2c2d4b0cc34dab753_0002.jpg,WEED6C_crops/0033_jpg.rf.c6fe052a76fa10f2c2d4b0cc34dab753_0002.jpg,5
0884_jpg.rf.177355f2bb9b730dc0314514d3ed4a43_0008.jpg,WEED6C_crops/0884_jpg.rf.177355f2bb9b730dc0314514d3ed4a43_0008.jpg,1
0320_jpg.rf.1bb40ddd9e65d337a6a6922ab7b24d1a_0004.jpg,WEED6C_crops/0320_jpg.rf.1bb40ddd9e65d337a6a6922ab7b24d1a_0004.jpg,3
0306_jpg.rf.a84c0ea4523c1d862d89fd13bc5e3c59_0001.jpg,WEED6C_crops/0306_jpg.rf.a84c0ea4523c1d862d89fd13bc5e3c59_0001.jpg,2
0419_jpg.rf.68280aceb67fa61bebfa5a2e47974375_0004.jpg,WEED6C_crops/0419_jpg.rf.68280aceb67fa61bebfa5a2e47974375_0004.jpg,1
0649_jpg.rf.e82964045fd37cca017ff6f51d6a0226_0005.jpg,WEED6C_crops/0649_jpg.rf.e82964045fd37cca017ff6f51d6a0226_0005.jpg,3
0636_jpg.rf.9b8dff4936cd44566030a5534a444e38_0006.jpg,WEED6C_crops/0636_jpg.rf.9b8dff4936cd44566030a5534a444e38_0006.jpg,3
1012_jpg.rf.e26bb2f47f4fac70c18e949a932e3e38_0001.jpg,WEED6C_crops/1012_jpg.rf.e26bb2f47f4fac70c18e949a932e3e38_0001.jpg,2
1202_jpg.rf.7ac6889b5bb6d19e110d2347c262077e_0003.jpg,WEED6C_crops/1202_jpg.rf.7ac6889b5bb6d19e110d2347c262077e_0003.jpg,2
0348_jpg.rf.8adcfa747d63c6198e8066a5acfd0023_0005.jpg,WEED6C_crops/0348_jpg.rf.8adcfa747d63c6198e8066a5acfd0023_0005.jpg,0
0768_jpg.rf.70d546e37a3c71506dbaeb5374d66c5f_0004.jpg,WEED6C_crops/0768_jpg.rf.70d546e37a3c71506dbaeb5374d66c5f_0004.jpg,4
0521_jpg.rf.253c4db8ad62896fe44100e3c242a53f_0004.jpg,WEED6C_crops/0521_jpg.rf.253c4db8ad62896fe44100e3c242a53f_0004.jpg,2
1372_jpg.rf.ef878d09b7d0fbf710c9467e4f1063c1_0016.jpg,WEED6C_crops/1372_jpg.rf.ef878d09b7d0fbf710c9467e4f1063c1_0016.jpg,4
0805_jpg.rf.860f41f4ed8ff3c4d55930e55b0990a9_0005.jpg,WEED6C_crops/0805_jpg.rf.860f41f4ed8ff3c4d55930e55b0990a9_0005.jpg,0
1367_jpg.rf.525537f6569c4903b5b939c2e8220219_0002.jpg,WEED6C_crops/1367_jpg.rf.525537f6569c4903b5b939c2e8220219_0002.jpg,1
0710_jpg.rf.3f5ee2a03f1e7db4d5615d61bd25f18d_0003.jpg,WEED6C_crops/0710_jpg.rf.3f5ee2a03f1e7db4d5615d61bd25f18d_0003.jpg,0
0245_jpg.rf.29080c9d2defe1467a5aa0917b58eee4_0005.jpg,WEED6C_crops/0245_jpg.rf.29080c9d2defe1467a5aa0917b58eee4_0005.jpg,3
0522_jpg.rf.a6d4c7e58784167fafca6ce8201e1a44_0005.jpg,WEED6C_crops/0522_jpg.rf.a6d4c7e58784167fafca6ce8201e1a44_0005.jpg,0
0701_jpg.rf.a0b98ca0ac36cb8be97e8e09e71394ba_0002.jpg,WEED6C_crops/0701_jpg.rf.a0b98ca0ac36cb8be97e8e09e71394ba_0002.jpg,0
0698_jpg.rf.9ca38a011dd5e6125c563a5c241ce9c8_0006.jpg,WEED6C_crops/0698_jpg.rf.9ca38a011dd5e6125c563a5c241ce9c8_0006.jpg,3
1252_jpg.rf.0460eee5cd6e483e72571dbeb38f50ba_0023.jpg,WEED6C_crops/1252_jpg.rf.0460eee5cd6e483e72571dbeb38f50ba_0023.jpg,1
0994_jpg.rf.f87cdcefa354afffe8dbf24c79cd8c8e_0002.jpg,WEED6C_crops/0994_jpg.rf.f87cdcefa354afffe8dbf24c79cd8c8e_0002.jpg,0
1377_jpg.rf.13024f6056bd3ee967e54a75b53fd777_0023.jpg,WEED6C_crops/1377_jpg.rf.13024f6056bd3ee967e54a75b53fd777_0023.jpg,4
0239_jpg.rf.bffa3bfce44d84b05adb8e3e3cab980f_0010.jpg,WEED6C_crops/0239_jpg.rf.bffa3bfce44d84b05adb8e3e3cab980f_0010.jpg,0
0358_jpg.rf.c97895dacc2d80cb7ce916c302051a34_0009.jpg,WEED6C_crops/0358_jpg.rf.c97895dacc2d80cb7ce916c302051a34_0009.jpg,0
0341_jpg.rf.bde896b6a61720a84f5ad1ba09ed1f35_0010.jpg,WEED6C_crops/0341_jpg.rf.bde896b6a61720a84f5ad1ba09ed1f35_0010.jpg,3
1240_jpg.rf.e1ad20f0f2011d323769409c17d77863_0032.jpg,WEED6C_crops/1240_jpg.rf.e1ad20f0f2011d323769409c17d77863_0032.jpg,4
0264_jpg.rf.f0707bd2eaf1da4238a8793784130d7d_0003.jpg,WEED6C_crops/0264_jpg.rf.f0707bd2eaf1da4238a8793784130d7d_0003.jpg,3
0545_jpg.rf.a38b48574a8c706bbf9111f17b178822_0006.jpg,WEED6C_crops/0545_jpg.rf.a38b48574a8c706bbf9111f17b178822_0006.jpg,3
0713_jpg.rf.a990cc840090b03a0b7dea71002eb6d9_0004.jpg,WEED6C_crops/0713_jpg.rf.a990cc840090b03a0b7dea71002eb6d9_0004.jpg,2
0365_jpg.rf.40c1675a58b9e51c30947eecd459ec44_0008.jpg,WEED6C_crops/0365_jpg.rf.40c1675a58b9e51c30947eecd459ec44_0008.jpg,0
0233_jpg.rf.a5c5281427a1fd0e6febdc5a0218279f_0007.jpg,WEED6C_crops/0233_jpg.rf.a5c5281427a1fd0e6febdc5a0218279f_0007.jpg,1
1229_jpg.rf.f39c48606a011efde3d20b5d68fa1f43_0031.jpg,WEED6C_crops/1229_jpg.rf.f39c48606a011efde3d20b5d68fa1f43_0031.jpg,4
0067_jpg.rf.019927f751bbc62bd7bb643d6aeea855_0001.jpg,WEED6C_crops/0067_jpg.rf.019927f751bbc62bd7bb643d6aeea855_0001.jpg,5
1227_jpg.rf.eb9e3a2fa93b1867c5cb9f3a1fcf7bdb_0001.jpg,WEED6C_crops/1227_jpg.rf.eb9e3a2fa93b1867c5cb9f3a1fcf7bdb_0001.jpg,1
0802_jpg.rf.68ab8088f75a1adf1f6b4611c84ca99f_0007.jpg,WEED6C_crops/0802_jpg.rf.68ab8088f75a1adf1f6b4611c84ca99f_0007.jpg,1
1343_jpg.rf.5f18c75b4fd49b4163ba2bb3af2f505f_0020.jpg,WEED6C_crops/1343_jpg.rf.5f18c75b4fd49b4163ba2bb3af2f505f_0020.jpg,4
0622_jpg.rf.bac38413e179433488d725f34700a973_0006.jpg,WEED6C_crops/0622_jpg.rf.bac38413e179433488d725f34700a973_0006.jpg,3
0696_jpg.rf.b57d4dafa38773770861b0152d224067_0002.jpg,WEED6C_crops/0696_jpg.rf.b57d4dafa38773770861b0152d224067_0002.jpg,3
1118_jpg.rf.16946f7ab593637b455adf11e480f9c9_0001.jpg,WEED6C_crops/1118_jpg.rf.16946f7ab593637b455adf11e480f9c9_0001.jpg,2
1339_jpg.rf.c1d6ea90c66a0ca02bdb39223830ec18_0024.jpg,WEED6C_crops/1339_jpg.rf.c1d6ea90c66a0ca02bdb39223830ec18_0024.jpg,4
0504_jpg.rf.82272000efd0e4263bfb693fc0f940c9_0001.jpg,WEED6C_crops/0504_jpg.rf.82272000efd0e4263bfb693fc0f940c9_0001.jpg,1
0425_jpg.rf.4ec120467494a0128b10e899a88f69ac_0007.jpg,WEED6C_crops/0425_jpg.rf.4ec120467494a0128b10e899a88f69ac_0007.jpg,1
1338_jpg.rf.321121b7a3efd0ac1c8aa7d0cbb33902_0017.jpg,WEED6C_crops/1338_jpg.rf.321121b7a3efd0ac1c8aa7d0cbb33902_0017.jpg,4
1029_jpg.rf.bbf2d25172aaba078924c71ed414edd9_0003.jpg,WEED6C_crops/1029_jpg.rf.bbf2d25172aaba078924c71ed414edd9_0003.jpg,0
0368_jpg.rf.b5083de6ecc2c6e2e906dcb826d390f1_0001.jpg,WEED6C_crops/0368_jpg.rf.b5083de6ecc2c6e2e906dcb826d390f1_0001.jpg,3
1359_jpg.rf.6bb7d484d2aa6c486b81a4b2f321dfb3_0032.jpg,WEED6C_crops/1359_jpg.rf.6bb7d484d2aa6c486b81a4b2f321dfb3_0032.jpg,4
0798_jpg.rf.dc748db6dae1b8df8027b6f3d86ff4f6_0005.jpg,WEED6C_crops/0798_jpg.rf.dc748db6dae1b8df8027b6f3d86ff4f6_0005.jpg,3
1383_jpg.rf.774d8f8762ff9dbe26c5db3a3e211276_0019.jpg,WEED6C_crops/1383_jpg.rf.774d8f8762ff9dbe26c5db3a3e211276_0019.jpg,0
0551_jpg.rf.fc56f924d404ac664e3285570796a736_0003.jpg,WEED6C_crops/0551_jpg.rf.fc56f924d404ac664e3285570796a736_0003.jpg,1
1327_jpg.rf.dc77e825fdfc1e35e9bdd4129d3202c9_0014.jpg,WEED6C_crops/1327_jpg.rf.dc77e825fdfc1e35e9bdd4129d3202c9_0014.jpg,4
0267_jpg.rf.188ea6711170d685e1fc95c1e914b515_0007.jpg,WEED6C_crops/0267_jpg.rf.188ea6711170d685e1fc95c1e914b515_0007.jpg,1
0673_jpg.rf.7e62d113f1e994ed95038a0906852a0d_0003.jpg,WEED6C_crops/0673_jpg.rf.7e62d113f1e994ed95038a0906852a0d_0003.jpg,3
0866_jpg.rf.3e482e0c8d3e945764b46d19dedebf76_0008.jpg,WEED6C_crops/0866_jpg.rf.3e482e0c8d3e945764b46d19dedebf76_0008.jpg,0
0604_jpg.rf.b732286c8565a461ffedafaa010eea7a_0009.jpg,WEED6C_crops/0604_jpg.rf.b732286c8565a461ffedafaa010eea7a_0009.jpg,3
0331_jpg.rf.81958b516c76d305e36df30cceb5e138_0009.jpg,WEED6C_crops/0331_jpg.rf.81958b516c76d305e36df30cceb5e138_0009.jpg,1
0910_jpg.rf.a474eacaf534e91dda538400c446a081_0002.jpg,WEED6C_crops/0910_jpg.rf.a474eacaf534e91dda538400c446a081_0002.jpg,3
0113_jpg.rf.33f571be4ae7ad1b2bbbb23545090cad_0007.jpg,WEED6C_crops/0113_jpg.rf.33f571be4ae7ad1b2bbbb23545090cad_0007.jpg,5
0636_jpg.rf.9b8dff4936cd44566030a5534a444e38_0008.jpg,WEED6C_crops/0636_jpg.rf.9b8dff4936cd44566030a5534a444e38_0008.jpg,3
0721_jpg.rf.72f5b3d37f77af0fd9f57306936b8e97_0001.jpg,WEED6C_crops/0721_jpg.rf.72f5b3d37f77af0fd9f57306936b8e97_0001.jpg,3
1246_jpg.rf.bb73f1b0a3c930a95692d508c903625a_0005.jpg,WEED6C_crops/1246_jpg.rf.bb73f1b0a3c930a95692d508c903625a_0005.jpg,1
0649_jpg.rf.e82964045fd37cca017ff6f51d6a0226_0002.jpg,WEED6C_crops/0649_jpg.rf.e82964045fd37cca017ff6f51d6a0226_0002.jpg,3
1358_jpg.rf.596bf1c7fe66e55cef5de750deba63b9_0007.jpg,WEED6C_crops/1358_jpg.rf.596bf1c7fe66e55cef5de750deba63b9_0007.jpg,4
0350_jpg.rf.9b0f36a130ea6ac8748c07fed6f139f0_0007.jpg,WEED6C_crops/0350_jpg.rf.9b0f36a130ea6ac8748c07fed6f139f0_0007.jpg,1
1360_jpg.rf.4adff7020975375bcf1db2c7f65ecb42_0014.jpg,WEED6C_crops/1360_jpg.rf.4adff7020975375bcf1db2c7f65ecb42_0014.jpg,4
0366_jpg.rf.5abc3a3fadbd245bf7e5e68f70a02606_0002.jpg,WEED6C_crops/0366_jpg.rf.5abc3a3fadbd245bf7e5e68f70a02606_0002.jpg,3
0599_jpg.rf.bba2ce3eb1401f5045a19cf1f91cbc20_0003.jpg,WEED6C_crops/0599_jpg.rf.bba2ce3eb1401f5045a19cf1f91cbc20_0003.jpg,3
0555_jpg.rf.22f8b1ba9ec0052c65f82fb0d46c75e7_0002.jpg,WEED6C_crops/0555_jpg.rf.22f8b1ba9ec0052c65f82fb0d46c75e7_0002.jpg,1
0378_jpg.rf.c5ba8314343a54db056cf2867c86942f_0007.jpg,WEED6C_crops/0378_jpg.rf.c5ba8314343a54db056cf2867c86942f_0007.jpg,2
0840_jpg.rf.c3bd189b7cb10d4a6e549a7d5529c3ab_0010.jpg,WEED6C_crops/0840_jpg.rf.c3bd189b7cb10d4a6e549a7d5529c3ab_0010.jpg,2
1363_jpg.rf.768baa0bd4528831bffe24eb9aa3b51f_0058.jpg,WEED6C_crops/1363_jpg.rf.768baa0bd4528831bffe24eb9aa3b51f_0058.jpg,4
0944_jpg.rf.090dba68624e370191e5fff102b2ca1f_0004.jpg,WEED6C_crops/0944_jpg.rf.090dba68624e370191e5fff102b2ca1f_0004.jpg,2
1259_jpg.rf.0167b645cb0006baa012cf610d53ebdd_0016.jpg,WEED6C_crops/1259_jpg.rf.0167b645cb0006baa012cf610d53ebdd_0016.jpg,4
0334_jpg.rf.b89158792ac6873fac9d3fa05614ddf3_0013.jpg,WEED6C_crops/0334_jpg.rf.b89158792ac6873fac9d3fa05614ddf3_0013.jpg,3
1357_jpg.rf.65ed3ccb047c00c090abcb2750f4d22e_0022.jpg,WEED6C_crops/1357_jpg.rf.65ed3ccb047c00c090abcb2750f4d22e_0022.jpg,4
0012_jpg.rf.9757140378b0d88802743d6df8481e80_0004.jpg,WEED6C_crops/0012_jpg.rf.9757140378b0d88802743d6df8481e80_0004.jpg,5
0776_jpg.rf.7bad67ff955814c0fcbfc86310c22a01_0008.jpg,WEED6C_crops/0776_jpg.rf.7bad67ff955814c0fcbfc86310c22a01_0008.jpg,3
0035_jpg.rf.648f2f4708c57a9758a62ba1551d0f9d_0001.jpg,WEED6C_crops/0035_jpg.rf.648f2f4708c57a9758a62ba1551d0f9d_0001.jpg,5
1386_jpg.rf.38d81bd8c301374aed9080ef5af2120b_0014.jpg,WEED6C_crops/1386_jpg.rf.38d81bd8c301374aed9080ef5af2120b_0014.jpg,1
1118_jpg.rf.16946f7ab593637b455adf11e480f9c9_0002.jpg,WEED6C_crops/1118_jpg.rf.16946f7ab593637b455adf11e480f9c9_0002.jpg,2
1327_jpg.rf.dc77e825fdfc1e35e9bdd4129d3202c9_0016.jpg,WEED6C_crops/1327_jpg.rf.dc77e825fdfc1e35e9bdd4129d3202c9_0016.jpg,4
0512_jpg.rf.683f481b05d5c6eeabfdd7093ce4b938_0008.jpg,WEED6C_crops/0512_jpg.rf.683f481b05d5c6eeabfdd7093ce4b938_0008.jpg,0
0485_jpg.rf.cbb0980b24da94eb13b8874bb50d6e7e_0005.jpg,WEED6C_crops/0485_jpg.rf.cbb0980b24da94eb13b8874bb50d6e7e_0005.jpg,3
0302_jpg.rf.7a291f2cf97e6626f243ee5cad7290d9_0003.jpg,WEED6C_crops/0302_jpg.rf.7a291f2cf97e6626f243ee5cad7290d9_0003.jpg,0
0524_jpg.rf.6b02004b3611b6f8c9dcfa6ec322ed8a_0005.jpg,WEED6C_crops/0524_jpg.rf.6b02004b3611b6f8c9dcfa6ec322ed8a_0005.jpg,3
1130_jpg.rf.e62f0b18ab2f9493df58dd970a182032_0002.jpg,WEED6C_crops/1130_jpg.rf.e62f0b18ab2f9493df58dd970a182032_0002.jpg,2
1357_jpg.rf.65ed3ccb047c00c090abcb2750f4d22e_0018.jpg,WEED6C_crops/1357_jpg.rf.65ed3ccb047c00c090abcb2750f4d22e_0018.jpg,4
1380_jpg.rf.c17524f4eb123d41b596e05bb2c20b30_0005.jpg,WEED6C_crops/1380_jpg.rf.c17524f4eb123d41b596e05bb2c20b30_0005.jpg,4
1376_jpg.rf.f25c9ac507d73d6c536a1d12e1f19067_0015.jpg,WEED6C_crops/1376_jpg.rf.f25c9ac507d73d6c536a1d12e1f19067_0015.jpg,4
1378_jpg.rf.a485ab7c96bef96dac8eb7e61bbb7fb8_0001.jpg,WEED6C_crops/1378_jpg.rf.a485ab7c96bef96dac8eb7e61bbb7fb8_0001.jpg,4
1316_jpg.rf.b6c39be844d72f310445d2b83d940ac7_0002.jpg,WEED6C_crops/1316_jpg.rf.b6c39be844d72f310445d2b83d940ac7_0002.jpg,4
0244_jpg.rf.28fd6659d3b4c604e579183607656c76_0013.jpg,WEED6C_crops/0244_jpg.rf.28fd6659d3b4c604e579183607656c76_0013.jpg,0
0510_jpg.rf.c858093e043596f9a56df2092b01935e_0002.jpg,WEED6C_crops/0510_jpg.rf.c858093e043596f9a56df2092b01935e_0002.jpg,1
0345_jpg.rf.bd4a4955ee8935946ebf47c107c1dda3_0010.jpg,WEED6C_crops/0345_jpg.rf.bd4a4955ee8935946ebf47c107c1dda3_0010.jpg,3
1375_jpg.rf.b0f1411c79e1b676b013097ecfe9a149_0008.jpg,WEED6C_crops/1375_jpg.rf.b0f1411c79e1b676b013097ecfe9a149_0008.jpg,4
0190_jpg.rf.36b9a58512db0830eb89ef98442f99b4_0002.jpg,WEED6C_crops/0190_jpg.rf.36b9a58512db0830eb89ef98442f99b4_0002.jpg,0
0359_jpg.rf.d79059c10cb92885e24805062a9de816_0004.jpg,WEED6C_crops/0359_jpg.rf.d79059c10cb92885e24805062a9de816_0004.jpg,3
0477_jpg.rf.3f58430d343fa9a1659df6d0ae76efe6_0005.jpg,WEED6C_crops/0477_jpg.rf.3f58430d343fa9a1659df6d0ae76efe6_0005.jpg,3
0761_jpg.rf.0d18fd8d22162a72f00e23f5b631251e_0004.jpg,WEED6C_crops/0761_jpg.rf.0d18fd8d22162a72f00e23f5b631251e_0004.jpg,2
1249_jpg.rf.e1efe2270f002b51f4715161251b6365_0009.jpg,WEED6C_crops/1249_jpg.rf.e1efe2270f002b51f4715161251b6365_0009.jpg,4
1239_jpg.rf.7b926cf59320e9b12909abef7c8e7aac_0008.jpg,WEED6C_crops/1239_jpg.rf.7b926cf59320e9b12909abef7c8e7aac_0008.jpg,4
1358_jpg.rf.596bf1c7fe66e55cef5de750deba63b9_0032.jpg,WEED6C_crops/1358_jpg.rf.596bf1c7fe66e55cef5de750deba63b9_0032.jpg,4
0483_jpg.rf.076698482a986b67e52094df66fd7813_0004.jpg,WEED6C_crops/0483_jpg.rf.076698482a986b67e52094df66fd7813_0004.jpg,3
0198_jpg.rf.a8633b29e881cf380513f2bf6ee10bab_0003.jpg,WEED6C_crops/0198_jpg.rf.a8633b29e881cf380513f2bf6ee10bab_0003.jpg,1
1279_jpg.rf.3859686293ba7d5fcec5e84b599fd5de_0024.jpg,WEED6C_crops/1279_jpg.rf.3859686293ba7d5fcec5e84b599fd5de_0024.jpg,1
0610_jpg.rf.41193fab163388889bee1099a8ba27a8_0002.jpg,WEED6C_crops/0610_jpg.rf.41193fab163388889bee1099a8ba27a8_0002.jpg,0
0223_jpg.rf.03e885edc5cd389b03d9214483185381_0010.jpg,WEED6C_crops/0223_jpg.rf.03e885edc5cd389b03d9214483185381_0010.jpg,0
1366_jpg.rf.03f231049801971512990ca20f3424d9_0001.jpg,WEED6C_crops/1366_jpg.rf.03f231049801971512990ca20f3424d9_0001.jpg,4
0977_jpg.rf.d13ba9ce5d1fd3abb968440af3dffa28_0001.jpg,WEED6C_crops/0977_jpg.rf.d13ba9ce5d1fd3abb968440af3dffa28_0001.jpg,3
0496_jpg.rf.52100ccb745832203b58f5a1b138ee05_0001.jpg,WEED6C_crops/0496_jpg.rf.52100ccb745832203b58f5a1b138ee05_0001.jpg,3
1241_jpg.rf.a5be0ca237cc5fdf5c86f10349dafb96_0034.jpg,WEED6C_crops/1241_jpg.rf.a5be0ca237cc5fdf5c86f10349dafb96_0034.jpg,1
0773_jpg.rf.af64cb2169cba0da8cd9c267ddeb0a83_0004.jpg,WEED6C_crops/0773_jpg.rf.af64cb2169cba0da8cd9c267ddeb0a83_0004.jpg,1
0094_jpg.rf.61e97d8a654d322af0b8f5777fd16f41_0010.jpg,WEED6C_crops/0094_jpg.rf.61e97d8a654d322af0b8f5777fd16f41_0010.jpg,5
0388_jpg.rf.ed37216b56f6c6c2c0a637221b23e485_0001.jpg,WEED6C_crops/0388_jpg.rf.ed37216b56f6c6c2c0a637221b23e485_0001.jpg,2
0335_jpg.rf.7827909047b000b9fd95e3c3cb87b375_0013.jpg,WEED6C_crops/0335_jpg.rf.7827909047b000b9fd95e3c3cb87b375_0013.jpg,1
0085_jpg.rf.899d587859a2f54a75195c7523a70472_0016.jpg,WEED6C_crops/0085_jpg.rf.899d587859a2f54a75195c7523a70472_0016.jpg,5
1266_jpg.rf.b6ff71f2ca53cd0403e63652331b6edb_0016.jpg,WEED6C_crops/1266_jpg.rf.b6ff71f2ca53cd0403e63652331b6edb_0016.jpg,4
1210_jpg.rf.0551579f2092e608fc20ef78e9afc091_0001.jpg,WEED6C_crops/1210_jpg.rf.0551579f2092e608fc20ef78e9afc091_0001.jpg,1
1373_jpg.rf.3d37ed5825d54fd39547b46ea5c1112c_0007.jpg,WEED6C_crops/1373_jpg.rf.3d37ed5825d54fd39547b46ea5c1112c_0007.jpg,4
1340_jpg.rf.49f7cdb25f0fa78442f011562a376881_0010.jpg,WEED6C_crops/1340_jpg.rf.49f7cdb25f0fa78442f011562a376881_0010.jpg,4
1286_jpg.rf.a2f3cfb47234b710f8934ba54d6eb78d_0015.jpg,WEED6C_crops/1286_jpg.rf.a2f3cfb47234b710f8934ba54d6eb78d_0015.jpg,4
0287_jpg.rf.6023533532f1cf82cf88a4b6e078d995_0007.jpg,WEED6C_crops/0287_jpg.rf.6023533532f1cf82cf88a4b6e078d995_0007.jpg,0
1230_jpg.rf.60caad5b3d36a901c24668ddacd2f112_0011.jpg,WEED6C_crops/1230_jpg.rf.60caad5b3d36a901c24668ddacd2f112_0011.jpg,4
1269_jpg.rf.a7aa44bf37b1acdf893fbf766e513c67_0005.jpg,WEED6C_crops/1269_jpg.rf.a7aa44bf37b1acdf893fbf766e513c67_0005.jpg,4
0352_jpg.rf.3606675df6d0e2cef2d6f3f170d03ed4_0001.jpg,WEED6C_crops/0352_jpg.rf.3606675df6d0e2cef2d6f3f170d03ed4_0001.jpg,1
1351_jpg.rf.e445b427433acaf539128b94d3521f79_0009.jpg,WEED6C_crops/1351_jpg.rf.e445b427433acaf539128b94d3521f79_0009.jpg,4
0425_jpg.rf.4ec120467494a0128b10e899a88f69ac_0005.jpg,WEED6C_crops/0425_jpg.rf.4ec120467494a0128b10e899a88f69ac_0005.jpg,3
0586_jpg.rf.a4ec1eb4b013880bef3e4433eab84c0b_0002.jpg,WEED6C_crops/0586_jpg.rf.a4ec1eb4b013880bef3e4433eab84c0b_0002.jpg,3
0358_jpg.rf.c97895dacc2d80cb7ce916c302051a34_0001.jpg,WEED6C_crops/0358_jpg.rf.c97895dacc2d80cb7ce916c302051a34_0001.jpg,1
0729_jpg.rf.48d6f97e83983e1bd5f84a7c10e20131_0005.jpg,WEED6C_crops/0729_jpg.rf.48d6f97e83983e1bd5f84a7c10e20131_0005.jpg,0
1236_jpg.rf.84823ae11fdee603ba6a5fab2cc61c7f_0037.jpg,WEED6C_crops/1236_jpg.rf.84823ae11fdee603ba6a5fab2cc61c7f_0037.jpg,4
1351_jpg.rf.e445b427433acaf539128b94d3521f79_0011.jpg,WEED6C_crops/1351_jpg.rf.e445b427433acaf539128b94d3521f79_0011.jpg,4
0620_jpg.rf.7e2f341a86cdb54a4f8e4553c84dd0e2_0006.jpg,WEED6C_crops/0620_jpg.rf.7e2f341a86cdb54a4f8e4553c84dd0e2_0006.jpg,2
0246_jpg.rf.ec9c85e91b0b56953a1526c7e0ac2bb1_0002.jpg,WEED6C_crops/0246_jpg.rf.ec9c85e91b0b56953a1526c7e0ac2bb1_0002.jpg,3
1251_jpg.rf.ca084f91ecb665ac4961e3dca9f42efd_0001.jpg,WEED6C_crops/1251_jpg.rf.ca084f91ecb665ac4961e3dca9f42efd_0001.jpg,1
0335_jpg.rf.7827909047b000b9fd95e3c3cb87b375_0016.jpg,WEED6C_crops/0335_jpg.rf.7827909047b000b9fd95e3c3cb87b375_0016.jpg,3
0878_jpg.rf.57f0f678bf84f6c83a346f2ea70d31e2_0002.jpg,WEED6C_crops/0878_jpg.rf.57f0f678bf84f6c83a346f2ea70d31e2_0002.jpg,1
1326_jpg.rf.ba5307608bcddc028d4a821d0505dda6_0007.jpg,WEED6C_crops/1326_jpg.rf.ba5307608bcddc028d4a821d0505dda6_0007.jpg,4
0386_jpg.rf.7200147910cafd7b35d4cc7e21a4f88d_0002.jpg,WEED6C_crops/0386_jpg.rf.7200147910cafd7b35d4cc7e21a4f88d_0002.jpg,3
0566_jpg.rf.15f24ca4af655f65c573574fbd5815cc_0005.jpg,WEED6C_crops/0566_jpg.rf.15f24ca4af655f65c573574fbd5815cc_0005.jpg,3
0281_jpg.rf.525275ec8f77a3e6f1a0adab97e761ed_0001.jpg,WEED6C_crops/0281_jpg.rf.525275ec8f77a3e6f1a0adab97e761ed_0001.jpg,0
1349_jpg.rf.f2a77b8dcb3c036a18eb11f545a535f5_0009.jpg,WEED6C_crops/1349_jpg.rf.f2a77b8dcb3c036a18eb11f545a535f5_0009.jpg,4
0286_jpg.rf.2f7171107c2069b000e3845f3838e518_0012.jpg,WEED6C_crops/0286_jpg.rf.2f7171107c2069b000e3845f3838e518_0012.jpg,0
0011_jpg.rf.29710157babea4ac78857746132ada3d_0004.jpg,WEED6C_crops/0011_jpg.rf.29710157babea4ac78857746132ada3d_0004.jpg,5
0820_jpg.rf.b5a762c4ff1d5376807abd31a74f5fde_0003.jpg,WEED6C_crops/0820_jpg.rf.b5a762c4ff1d5376807abd31a74f5fde_0003.jpg,3
1244_jpg.rf.83560aef67ff7ed166c6d632988b171e_0010.jpg,WEED6C_crops/1244_jpg.rf.83560aef67ff7ed166c6d632988b171e_0010.jpg,4
1368_jpg.rf.25dc57e029d777ff1571d3d84d22c763_0044.jpg,WEED6C_crops/1368_jpg.rf.25dc57e029d777ff1571d3d84d22c763_0044.jpg,4
1335_jpg.rf.4542defdf24b71cc8710a92fb5b45c9d_0007.jpg,WEED6C_crops/1335_jpg.rf.4542defdf24b71cc8710a92fb5b45c9d_0007.jpg,4
0838_jpg.rf.496efa3d5f7f8fe7981297b006be1626_0007.jpg,WEED6C_crops/0838_jpg.rf.496efa3d5f7f8fe7981297b006be1626_0007.jpg,3
1239_jpg.rf.7b926cf59320e9b12909abef7c8e7aac_0047.jpg,WEED6C_crops/1239_jpg.rf.7b926cf59320e9b12909abef7c8e7aac_0047.jpg,4
0695_jpg.rf.684635c2bfda40c84b4134853b981c95_0007.jpg,WEED6C_crops/0695_jpg.rf.684635c2bfda40c84b4134853b981c95_0007.jpg,3
0662_jpg.rf.17ed8431aa24d61ecd9d5b59ceef8402_0003.jpg,WEED6C_crops/0662_jpg.rf.17ed8431aa24d61ecd9d5b59ceef8402_0003.jpg,2
0678_jpg.rf.a9f739d22c3ed0d7934f4f807e211956_0001.jpg,WEED6C_crops/0678_jpg.rf.a9f739d22c3ed0d7934f4f807e211956_0001.jpg,0
0315_jpg.rf.f38c7b3c672b2ca74d91b7957ceec8d4_0002.jpg,WEED6C_crops/0315_jpg.rf.f38c7b3c672b2ca74d91b7957ceec8d4_0002.jpg,3
1056_jpg.rf.bdcd1d3bbeb4f9eed5705d82f6d0f6d1_0001.jpg,WEED6C_crops/1056_jpg.rf.bdcd1d3bbeb4f9eed5705d82f6d0f6d1_0001.jpg,1
1374_jpg.rf.6c64883712d67a3ad448ca10c0398308_0047.jpg,WEED6C_crops/1374_jpg.rf.6c64883712d67a3ad448ca10c0398308_0047.jpg,4
1367_jpg.rf.525537f6569c4903b5b939c2e8220219_0048.jpg,WEED6C_crops/1367_jpg.rf.525537f6569c4903b5b939c2e8220219_0048.jpg,4
1095_jpg.rf.ff24f6b842792cf0d7429ee3f92bce6c_0001.jpg,WEED6C_crops/1095_jpg.rf.ff24f6b842792cf0d7429ee3f92bce6c_0001.jpg,1
0898_jpg.rf.de29e078b77aec0a0caff557a35ca4b7_0004.jpg,WEED6C_crops/0898_jpg.rf.de29e078b77aec0a0caff557a35ca4b7_0004.jpg,2
0986_jpg.rf.4191a9c1c0cfde6da350a3629c0d5be8_0005.jpg,WEED6C_crops/0986_jpg.rf.4191a9c1c0cfde6da350a3629c0d5be8_0005.jpg,2
1374_jpg.rf.6c64883712d67a3ad448ca10c0398308_0014.jpg,WEED6C_crops/1374_jpg.rf.6c64883712d67a3ad448ca10c0398308_0014.jpg,4
0104_jpg.rf.f0537e163192697f3e29e741e3f6bcdc_0002.jpg,WEED6C_crops/0104_jpg.rf.f0537e163192697f3e29e741e3f6bcdc_0002.jpg,5
0818_jpg.rf.b11a7903eb8f3a4c5a8c8f589c9a253b_0012.jpg,WEED6C_crops/0818_jpg.rf.b11a7903eb8f3a4c5a8c8f589c9a253b_0012.jpg,3
1363_jpg.rf.768baa0bd4528831bffe24eb9aa3b51f_0032.jpg,WEED6C_crops/1363_jpg.rf.768baa0bd4528831bffe24eb9aa3b51f_0032.jpg,4
0884_jpg.rf.177355f2bb9b730dc0314514d3ed4a43_0009.jpg,WEED6C_crops/0884_jpg.rf.177355f2bb9b730dc0314514d3ed4a43_0009.jpg,2
0516_jpg.rf.7ea48e0342851e6c1c11ac9d823bb8e1_0004.jpg,WEED6C_crops/0516_jpg.rf.7ea48e0342851e6c1c11ac9d823bb8e1_0004.jpg,2
0865_jpg.rf.65c362bbb573135548e752b1dbd0f40a_0005.jpg,WEED6C_crops/0865_jpg.rf.65c362bbb573135548e752b1dbd0f40a_0005.jpg,3
0916_jpg.rf.d8842edea4d9799a4d71747fcde192fd_0003.jpg,WEED6C_crops/0916_jpg.rf.d8842edea4d9799a4d71747fcde192fd_0003.jpg,3
0689_jpg.rf.a20a8ef1823a64c367e46dfb862e93a1_0002.jpg,WEED6C_crops/0689_jpg.rf.a20a8ef1823a64c367e46dfb862e93a1_0002.jpg,3
0332_jpg.rf.46c8f2b7f0d4e937c4bdf2a3dbc59506_0003.jpg,WEED6C_crops/0332_jpg.rf.46c8f2b7f0d4e937c4bdf2a3dbc59506_0003.jpg,0
1126_jpg.rf.7b1ced8fa08383447c81430a440503fd_0002.jpg,WEED6C_crops/1126_jpg.rf.7b1ced8fa08383447c81430a440503fd_0002.jpg,0
0256_jpg.rf.86a23edd02aa014189af5079e37557ea_0004.jpg,WEED6C_crops/0256_jpg.rf.86a23edd02aa014189af5079e37557ea_0004.jpg,3
0800_jpg.rf.6e91f21dfd2496b363b816fb2e3a2895_0009.jpg,WEED6C_crops/0800_jpg.rf.6e91f21dfd2496b363b816fb2e3a2895_0009.jpg,3
1374_jpg.rf.6c64883712d67a3ad448ca10c0398308_0045.jpg,WEED6C_crops/1374_jpg.rf.6c64883712d67a3ad448ca10c0398308_0045.jpg,4
1103_jpg.rf.75353efe21162941bac8f3fa48cbd147_0002.jpg,WEED6C_crops/1103_jpg.rf.75353efe21162941bac8f3fa48cbd147_0002.jpg,2
1266_jpg.rf.b6ff71f2ca53cd0403e63652331b6edb_0005.jpg,WEED6C_crops/1266_jpg.rf.b6ff71f2ca53cd0403e63652331b6edb_0005.jpg,4
0245_jpg.rf.29080c9d2defe1467a5aa0917b58eee4_0006.jpg,WEED6C_crops/0245_jpg.rf.29080c9d2defe1467a5aa0917b58eee4_0006.jpg,2
1018_jpg.rf.0a81f41990dc9a93b4e8970ccca5160c_0001.jpg,WEED6C_crops/1018_jpg.rf.0a81f41990dc9a93b4e8970ccca5160c_0001.jpg,0
0951_jpg.rf.f57ed0c65fd2db56ea87c11cd6616415_0002.jpg,WEED6C_crops/0951_jpg.rf.f57ed0c65fd2db56ea87c11cd6616415_0002.jpg,0
0264_jpg.rf.f0707bd2eaf1da4238a8793784130d7d_0001.jpg,WEED6C_crops/0264_jpg.rf.f0707bd2eaf1da4238a8793784130d7d_0001.jpg,1
0341_jpg.rf.bde896b6a61720a84f5ad1ba09ed1f35_0001.jpg,WEED6C_crops/0341_jpg.rf.bde896b6a61720a84f5ad1ba09ed1f35_0001.jpg,1
0867_jpg.rf.e7d397c954ed7cf326d25d6e4eb562bd_0004.jpg,WEED6C_crops/0867_jpg.rf.e7d397c954ed7cf326d25d6e4eb562bd_0004.jpg,3
1231_jpg.rf.fe1b06fe786224eaf851b6416c2554ae_0018.jpg,WEED6C_crops/1231_jpg.rf.fe1b06fe786224eaf851b6416c2554ae_0018.jpg,4
0382_jpg.rf.aac39ca648c83b6f8c22e4446970b6ba_0011.jpg,WEED6C_crops/0382_jpg.rf.aac39ca648c83b6f8c22e4446970b6ba_0011.jpg,3
0509_jpg.rf.55d066598007b302c12a449c394d9ca2_0005.jpg,WEED6C_crops/0509_jpg.rf.55d066598007b302c12a449c394d9ca2_0005.jpg,3
0411_jpg.rf.0e296e990a9f6ae6b3ef852a79409a6d_0003.jpg,WEED6C_crops/0411_jpg.rf.0e296e990a9f6ae6b3ef852a79409a6d_0003.jpg,3
1230_jpg.rf.60caad5b3d36a901c24668ddacd2f112_0026.jpg,WEED6C_crops/1230_jpg.rf.60caad5b3d36a901c24668ddacd2f112_0026.jpg,4
1365_jpg.rf.d745a616307c062e3f3851230aee2c41_0001.jpg,WEED6C_crops/1365_jpg.rf.d745a616307c062e3f3851230aee2c41_0001.jpg,1
0483_jpg.rf.076698482a986b67e52094df66fd7813_0009.jpg,WEED6C_crops/0483_jpg.rf.076698482a986b67e52094df66fd7813_0009.jpg,2
0364_jpg.rf.89db23df5c37065055d5a524b09092d9_0001.jpg,WEED6C_crops/0364_jpg.rf.89db23df5c37065055d5a524b09092d9_0001.jpg,3
0409_jpg.rf.bfc899b2a9b34b748a2e31e4588281ee_0001.jpg,WEED6C_crops/0409_jpg.rf.bfc899b2a9b34b748a2e31e4588281ee_0001.jpg,3
0291_jpg.rf.3df8082d7eda29e01bfbbadf39f3ac2b_0013.jpg,WEED6C_crops/0291_jpg.rf.3df8082d7eda29e01bfbbadf39f3ac2b_0013.jpg,1
0626_jpg.rf.6d6150daf3b44f43f407f2489237abe1_0006.jpg,WEED6C_crops/0626_jpg.rf.6d6150daf3b44f43f407f2489237abe1_0006.jpg,2
1340_jpg.rf.49f7cdb25f0fa78442f011562a376881_0009.jpg,WEED6C_crops/1340_jpg.rf.49f7cdb25f0fa78442f011562a376881_0009.jpg,4
1254_jpg.rf.02a34f1183707c79cdb2ae5a7232c68a_0015.jpg,WEED6C_crops/1254_jpg.rf.02a34f1183707c79cdb2ae5a7232c68a_0015.jpg,4
0289_jpg.rf.10fdba4055f2346073191abedf5d8ea9_0011.jpg,WEED6C_crops/0289_jpg.rf.10fdba4055f2346073191abedf5d8ea9_0011.jpg,2
0700_jpg.rf.be093e85eaed1b19b7bd2b42aab4ced6_0001.jpg,WEED6C_crops/0700_jpg.rf.be093e85eaed1b19b7bd2b42aab4ced6_0001.jpg,0
0598_jpg.rf.5e8cc243909b8455b4cffaeeb6ea19a9_0002.jpg,WEED6C_crops/0598_jpg.rf.5e8cc243909b8455b4cffaeeb6ea19a9_0002.jpg,0
0387_jpg.rf.7c3295680c7efc4e9f9f30819ac54b6e_0010.jpg,WEED6C_crops/0387_jpg.rf.7c3295680c7efc4e9f9f30819ac54b6e_0010.jpg,3
1352_jpg.rf.d33033b314f56f27d9a35d5dde8f7509_0001.jpg,WEED6C_crops/1352_jpg.rf.d33033b314f56f27d9a35d5dde8f7509_0001.jpg,4
0207_jpg.rf.ef9ef63b8efc3d77b27c0da558cb951c_0005.jpg,WEED6C_crops/0207_jpg.rf.ef9ef63b8efc3d77b27c0da558cb951c_0005.jpg,3
0266_jpg.rf.44e611753f9d3e1997613c5cc8a58644_0007.jpg,WEED6C_crops/0266_jpg.rf.44e611753f9d3e1997613c5cc8a58644_0007.jpg,1
1358_jpg.rf.596bf1c7fe66e55cef5de750deba63b9_0025.jpg,WEED6C_crops/1358_jpg.rf.596bf1c7fe66e55cef5de750deba63b9_0025.jpg,4
1229_jpg.rf.f39c48606a011efde3d20b5d68fa1f43_0022.jpg,WEED6C_crops/1229_jpg.rf.f39c48606a011efde3d20b5d68fa1f43_0022.jpg,4
1251_jpg.rf.ca084f91ecb665ac4961e3dca9f42efd_0019.jpg,WEED6C_crops/1251_jpg.rf.ca084f91ecb665ac4961e3dca9f42efd_0019.jpg,4
0130_jpg.rf.e45391f2f492128a3fde54e730bb99c2_0001.jpg,WEED6C_crops/0130_jpg.rf.e45391f2f492128a3fde54e730bb99c2_0001.jpg,5
1372_jpg.rf.ef878d09b7d0fbf710c9467e4f1063c1_0012.jpg,WEED6C_crops/1372_jpg.rf.ef878d09b7d0fbf710c9467e4f1063c1_0012.jpg,4
0046_jpg.rf.39943917cc2e7a1ee5b21dbdac9a9fbd_0001.jpg,WEED6C_crops/0046_jpg.rf.39943917cc2e7a1ee5b21dbdac9a9fbd_0001.jpg,5
0983_jpg.rf.f36493ab8ed2c4049df018f624546153_0005.jpg,WEED6C_crops/0983_jpg.rf.f36493ab8ed2c4049df018f624546153_0005.jpg,3
1388_jpg.rf.fc14b9c78803698f43244c97c3e3b31e_0005.jpg,WEED6C_crops/1388_jpg.rf.fc14b9c78803698f43244c97c3e3b31e_0005.jpg,1
1351_jpg.rf.e445b427433acaf539128b94d3521f79_0001.jpg,WEED6C_crops/1351_jpg.rf.e445b427433acaf539128b94d3521f79_0001.jpg,4
1363_jpg.rf.768baa0bd4528831bffe24eb9aa3b51f_0026.jpg,WEED6C_crops/1363_jpg.rf.768baa0bd4528831bffe24eb9aa3b51f_0026.jpg,4
0697_jpg.rf.5bd98f37460766672c4ddf861d6f9c7b_0002.jpg,WEED6C_crops/0697_jpg.rf.5bd98f37460766672c4ddf861d6f9c7b_0002.jpg,0
0029_jpg.rf.cd70211f73a81f9b0b75630c2fa21cf6_0001.jpg,WEED6C_crops/0029_jpg.rf.cd70211f73a81f9b0b75630c2fa21cf6_0001.jpg,5
1377_jpg.rf.13024f6056bd3ee967e54a75b53fd777_0011.jpg,WEED6C_crops/1377_jpg.rf.13024f6056bd3ee967e54a75b53fd777_0011.jpg,4
1269_jpg.rf.a7aa44bf37b1acdf893fbf766e513c67_0010.jpg,WEED6C_crops/1269_jpg.rf.a7aa44bf37b1acdf893fbf766e513c67_0010.jpg,4
1235_jpg.rf.8f167c07ecb86590be8dd4ab7f58be2c_0006.jpg,WEED6C_crops/1235_jpg.rf.8f167c07ecb86590be8dd4ab7f58be2c_0006.jpg,4
0329_jpg.rf.049735d0273f92018a89f069d92efbe5_0003.jpg,WEED6C_crops/0329_jpg.rf.049735d0273f92018a89f069d92efbe5_0003.jpg,3
0333_jpg.rf.3fd790fea188da90c09e7774cdf6590c_0001.jpg,WEED6C_crops/0333_jpg.rf.3fd790fea188da90c09e7774cdf6590c_0001.jpg,3
1358_jpg.rf.596bf1c7fe66e55cef5de750deba63b9_0015.jpg,WEED6C_crops/1358_jpg.rf.596bf1c7fe66e55cef5de750deba63b9_0015.jpg,4
1233_jpg.rf.a9ad2187477d12adf58c20e898c06211_0012.jpg,WEED6C_crops/1233_jpg.rf.a9ad2187477d12adf58c20e898c06211_0012.jpg,4
0181_jpg.rf.54d1643d112c9ce66a78824b88effcc9_0003.jpg,WEED6C_crops/0181_jpg.rf.54d1643d112c9ce66a78824b88effcc9_0003.jpg,0
1354_jpg.rf.cfa3e2f0904af788a0555ee8bd188254_0009.jpg,WEED6C_crops/1354_jpg.rf.cfa3e2f0904af788a0555ee8bd188254_0009.jpg,4
0827_jpg.rf.4c83320a694e5c2b34a4498c245781bd_0010.jpg,WEED6C_crops/0827_jpg.rf.4c83320a694e5c2b34a4498c245781bd_0010.jpg,3
1373_jpg.rf.3d37ed5825d54fd39547b46ea5c1112c_0034.jpg,WEED6C_crops/1373_jpg.rf.3d37ed5825d54fd39547b46ea5c1112c_0034.jpg,4
0438_jpg.rf.4655baba31910e7686268cca0c4dbd4d_0002.jpg,WEED6C_crops/0438_jpg.rf.4655baba31910e7686268cca0c4dbd4d_0002.jpg,1
0282_jpg.rf.903c6855cfaa6190be3ecefb5d6c9bc1_0009.jpg,WEED6C_crops/0282_jpg.rf.903c6855cfaa6190be3ecefb5d6c9bc1_0009.jpg,3
1271_jpg.rf.edbc880f2c5cbc76998035cf808e95a2_0026.jpg,WEED6C_crops/1271_jpg.rf.edbc880f2c5cbc76998035cf808e95a2_0026.jpg,4
0112_jpg.rf.7bd8ad34f07ba8b06cfe58a2e727add5_0001.jpg,WEED6C_crops/0112_jpg.rf.7bd8ad34f07ba8b06cfe58a2e727add5_0001.jpg,5
0093_jpg.rf.350f55cf44339df87d292b9e94e5ba85_0005.jpg,WEED6C_crops/0093_jpg.rf.350f55cf44339df87d292b9e94e5ba85_0005.jpg,5
0218_jpg.rf.6260fbaafdce0bc1a2f594e86103bf20_0008.jpg,WEED6C_crops/0218_jpg.rf.6260fbaafdce0bc1a2f594e86103bf20_0008.jpg,3
0816_jpg.rf.a9cf6d6edbe34347964c89472d30052e_0009.jpg,WEED6C_crops/0816_jpg.rf.a9cf6d6edbe34347964c89472d30052e_0009.jpg,3
0000_jpg.rf.26d2a0a638c3669bca7dd01788f458df_0020.jpg,WEED6C_crops/0000_jpg.rf.26d2a0a638c3669bca7dd01788f458df_0020.jpg,5
0454_jpg.rf.91e89f3483f511db544e434379a612a1_0002.jpg,WEED6C_crops/0454_jpg.rf.91e89f3483f511db544e434379a612a1_0002.jpg,1
1241_jpg.rf.a5be0ca237cc5fdf5c86f10349dafb96_0018.jpg,WEED6C_crops/1241_jpg.rf.a5be0ca237cc5fdf5c86f10349dafb96_0018.jpg,4
1254_jpg.rf.02a34f1183707c79cdb2ae5a7232c68a_0009.jpg,WEED6C_crops/1254_jpg.rf.02a34f1183707c79cdb2ae5a7232c68a_0009.jpg,4
0874_jpg.rf.00b705087a37a74eb41a18d4f9264049_0004.jpg,WEED6C_crops/0874_jpg.rf.00b705087a37a74eb41a18d4f9264049_0004.jpg,1
1343_jpg.rf.5f18c75b4fd49b4163ba2bb3af2f505f_0001.jpg,WEED6C_crops/1343_jpg.rf.5f18c75b4fd49b4163ba2bb3af2f505f_0001.jpg,4
0038_jpg.rf.1d04df4ef2a238c65150b040407a7ecd_0001.jpg,WEED6C_crops/0038_jpg.rf.1d04df4ef2a238c65150b040407a7ecd_0001.jpg,5
0085_jpg.rf.899d587859a2f54a75195c7523a70472_0005.jpg,WEED6C_crops/0085_jpg.rf.899d587859a2f54a75195c7523a70472_0005.jpg,5
0391_jpg.rf.8b04cf7b29663461fa22ff3cbae0b5f7_0004.jpg,WEED6C_crops/0391_jpg.rf.8b04cf7b29663461fa22ff3cbae0b5f7_0004.jpg,2
0810_jpg.rf.1c0ad52deba46c162eae37908b5163d2_0004.jpg,WEED6C_crops/0810_jpg.rf.1c0ad52deba46c162eae37908b5163d2_0004.jpg,0
0827_jpg.rf.4c83320a694e5c2b34a4498c245781bd_0006.jpg,WEED6C_crops/0827_jpg.rf.4c83320a694e5c2b34a4498c245781bd_0006.jpg,1
0898_jpg.rf.de29e078b77aec0a0caff557a35ca4b7_0008.jpg,WEED6C_crops/0898_jpg.rf.de29e078b77aec0a0caff557a35ca4b7_0008.jpg,2
1234_jpg.rf.a93944a842f95553d9a3a60eca1434ff_0002.jpg,WEED6C_crops/1234_jpg.rf.a93944a842f95553d9a3a60eca1434ff_0002.jpg,4
0665_jpg.rf.d1a25ce60a5cef7898eadd4660cb4928_0003.jpg,WEED6C_crops/0665_jpg.rf.d1a25ce60a5cef7898eadd4660cb4928_0003.jpg,3
1363_jpg.rf.768baa0bd4528831bffe24eb9aa3b51f_0041.jpg,WEED6C_crops/1363_jpg.rf.768baa0bd4528831bffe24eb9aa3b51f_0041.jpg,4
0644_jpg.rf.3ca14cf3fcd67ef1ea477b396ec96939_0007.jpg,WEED6C_crops/0644_jpg.rf.3ca14cf3fcd67ef1ea477b396ec96939_0007.jpg,3
1351_jpg.rf.e445b427433acaf539128b94d3521f79_0013.jpg,WEED6C_crops/1351_jpg.rf.e445b427433acaf539128b94d3521f79_0013.jpg,4
0684_jpg.rf.865b9fd6056cc7b214cb8ddc06bdf9a6_0005.jpg,WEED6C_crops/0684_jpg.rf.865b9fd6056cc7b214cb8ddc06bdf9a6_0005.jpg,3
0246_jpg.rf.ec9c85e91b0b56953a1526c7e0ac2bb1_0008.jpg,WEED6C_crops/0246_jpg.rf.ec9c85e91b0b56953a1526c7e0ac2bb1_0008.jpg,1
0615_jpg.rf.d512246b505bbe2454cd906a72f4f432_0006.jpg,WEED6C_crops/0615_jpg.rf.d512246b505bbe2454cd906a72f4f432_0006.jpg,2
0739_jpg.rf.92acf02f1aa2544b2797394f8da31bca_0001.jpg,WEED6C_crops/0739_jpg.rf.92acf02f1aa2544b2797394f8da31bca_0001.jpg,3
0212_jpg.rf.84a3d9edb1f19ad25977c2a8b8e39875_0001.jpg,WEED6C_crops/0212_jpg.rf.84a3d9edb1f19ad25977c2a8b8e39875_0001.jpg,3
1347_jpg.rf.17fbaa4fc4797a75ba82422831c223dc_0008.jpg,WEED6C_crops/1347_jpg.rf.17fbaa4fc4797a75ba82422831c223dc_0008.jpg,4
1352_jpg.rf.d33033b314f56f27d9a35d5dde8f7509_0003.jpg,WEED6C_crops/1352_jpg.rf.d33033b314f56f27d9a35d5dde8f7509_0003.jpg,4
0695_jpg.rf.684635c2bfda40c84b4134853b981c95_0005.jpg,WEED6C_crops/0695_jpg.rf.684635c2bfda40c84b4134853b981c95_0005.jpg,2
1353_jpg.rf.bec9bcda29461e97059f99cbf8431546_0006.jpg,WEED6C_crops/1353_jpg.rf.bec9bcda29461e97059f99cbf8431546_0006.jpg,4
1239_jpg.rf.7b926cf59320e9b12909abef7c8e7aac_0011.jpg,WEED6C_crops/1239_jpg.rf.7b926cf59320e9b12909abef7c8e7aac_0011.jpg,1
0196_jpg.rf.085a28c95bd83d706b4da167e039e140_0001.jpg,WEED6C_crops/0196_jpg.rf.085a28c95bd83d706b4da167e039e140_0001.jpg,3
0994_jpg.rf.f87cdcefa354afffe8dbf24c79cd8c8e_0005.jpg,WEED6C_crops/0994_jpg.rf.f87cdcefa354afffe8dbf24c79cd8c8e_0005.jpg,3
0533_jpg.rf.604081795b4fc0163b58e3ea7ba400ae_0001.jpg,WEED6C_crops/0533_jpg.rf.604081795b4fc0163b58e3ea7ba400ae_0001.jpg,1
0373_jpg.rf.392cf5041dffedb5953e5e568b209a92_0001.jpg,WEED6C_crops/0373_jpg.rf.392cf5041dffedb5953e5e568b209a92_0001.jpg,1
0300_jpg.rf.223c08176eaaa4c8062e697edca0bd42_0005.jpg,WEED6C_crops/0300_jpg.rf.223c08176eaaa4c8062e697edca0bd42_0005.jpg,3
1313_jpg.rf.9e5965f174b9d39cedf845bc37e26a4d_0021.jpg,WEED6C_crops/1313_jpg.rf.9e5965f174b9d39cedf845bc37e26a4d_0021.jpg,4
0665_jpg.rf.d1a25ce60a5cef7898eadd4660cb4928_0004.jpg,WEED6C_crops/0665_jpg.rf.d1a25ce60a5cef7898eadd4660cb4928_0004.jpg,3
1238_jpg.rf.8f2e4dde815b3cdba79f2d24a33ad9eb_0011.jpg,WEED6C_crops/1238_jpg.rf.8f2e4dde815b3cdba79f2d24a33ad9eb_0011.jpg,4
0003_jpg.rf.5c3bf5847c0d3975b99c41d5c5f926be_0004.jpg,WEED6C_crops/0003_jpg.rf.5c3bf5847c0d3975b99c41d5c5f926be_0004.jpg,5
0526_jpg.rf.d2af319c86f8d0557fd8ae4d28567779_0006.jpg,WEED6C_crops/0526_jpg.rf.d2af319c86f8d0557fd8ae4d28567779_0006.jpg,1
0978_jpg.rf.acd0ec45c6138dd8bae5841aca635ae4_0002.jpg,WEED6C_crops/0978_jpg.rf.acd0ec45c6138dd8bae5841aca635ae4_0002.jpg,3
0984_jpg.rf.7d807f2eec6ad12ec5a2e26ddb95b21d_0003.jpg,WEED6C_crops/0984_jpg.rf.7d807f2eec6ad12ec5a2e26ddb95b21d_0003.jpg,3
0731_jpg.rf.5611f7214a735224da9a9c6950060feb_0002.jpg,WEED6C_crops/0731_jpg.rf.5611f7214a735224da9a9c6950060feb_0002.jpg,1
0539_jpg.rf.852b9bb7d42e9fbd00b32242d0549956_0008.jpg,WEED6C_crops/0539_jpg.rf.852b9bb7d42e9fbd00b32242d0549956_0008.jpg,0
0267_jpg.rf.188ea6711170d685e1fc95c1e914b515_0012.jpg,WEED6C_crops/0267_jpg.rf.188ea6711170d685e1fc95c1e914b515_0012.jpg,1
0691_jpg.rf.f3df859db09e631a76bb48b50230e259_0005.jpg,WEED6C_crops/0691_jpg.rf.f3df859db09e631a76bb48b50230e259_0005.jpg,3
0300_jpg.rf.223c08176eaaa4c8062e697edca0bd42_0003.jpg,WEED6C_crops/0300_jpg.rf.223c08176eaaa4c8062e697edca0bd42_0003.jpg,2
0288_jpg.rf.bb389a0b6eaf05d324c60d6c24a764fa_0006.jpg,WEED6C_crops/0288_jpg.rf.bb389a0b6eaf05d324c60d6c24a764fa_0006.jpg,0
1275_jpg.rf.65866643a6cd0f4dcd05a33f2a923468_0003.jpg,WEED6C_crops/1275_jpg.rf.65866643a6cd0f4dcd05a33f2a923468_0003.jpg,4
0710_jpg.rf.3f5ee2a03f1e7db4d5615d61bd25f18d_0005.jpg,WEED6C_crops/0710_jpg.rf.3f5ee2a03f1e7db4d5615d61bd25f18d_0005.jpg,3
1360_jpg.rf.4adff7020975375bcf1db2c7f65ecb42_0001.jpg,WEED6C_crops/1360_jpg.rf.4adff7020975375bcf1db2c7f65ecb42_0001.jpg,4
0438_jpg.rf.4655baba31910e7686268cca0c4dbd4d_0003.jpg,WEED6C_crops/0438_jpg.rf.4655baba31910e7686268cca0c4dbd4d_0003.jpg,3
1338_jpg.rf.321121b7a3efd0ac1c8aa7d0cbb33902_0015.jpg,WEED6C_crops/1338_jpg.rf.321121b7a3efd0ac1c8aa7d0cbb33902_0015.jpg,4
1295_jpg.rf.f42892f9b9b14e4cd48cb8f649d05aa8_0001.jpg,WEED6C_crops/1295_jpg.rf.f42892f9b9b14e4cd48cb8f649d05aa8_0001.jpg,4
0874_jpg.rf.00b705087a37a74eb41a18d4f9264049_0005.jpg,WEED6C_crops/0874_jpg.rf.00b705087a37a74eb41a18d4f9264049_0005.jpg,3
1236_jpg.rf.84823ae11fdee603ba6a5fab2cc61c7f_0030.jpg,WEED6C_crops/1236_jpg.rf.84823ae11fdee603ba6a5fab2cc61c7f_0030.jpg,4
0511_jpg.rf.1e91498a93a29569b63edec9b7d74c6c_0009.jpg,WEED6C_crops/0511_jpg.rf.1e91498a93a29569b63edec9b7d74c6c_0009.jpg,3
0900_jpg.rf.56951d91454a0ff447573f36d7686c67_0005.jpg,WEED6C_crops/0900_jpg.rf.56951d91454a0ff447573f36d7686c67_0005.jpg,2
1276_jpg.rf.1663b3e5193280f178e5c191a9cda6c2_0010.jpg,WEED6C_crops/1276_jpg.rf.1663b3e5193280f178e5c191a9cda6c2_0010.jpg,4
0007_jpg.rf.eaf859057bb2031ba3cc82b453856b56_0003.jpg,WEED6C_crops/0007_jpg.rf.eaf859057bb2031ba3cc82b453856b56_0003.jpg,5
0054_jpg.rf.e2cb6446160f5160d0ddaaf62281764d_0009.jpg,WEED6C_crops/0054_jpg.rf.e2cb6446160f5160d0ddaaf62281764d_0009.jpg,5
0673_jpg.rf.7e62d113f1e994ed95038a0906852a0d_0002.jpg,WEED6C_crops/0673_jpg.rf.7e62d113f1e994ed95038a0906852a0d_0002.jpg,3
0165_jpg.rf.0928912c7166d8671e8b542782631ad0_0011.jpg,WEED6C_crops/0165_jpg.rf.0928912c7166d8671e8b542782631ad0_0011.jpg,5
1363_jpg.rf.768baa0bd4528831bffe24eb9aa3b51f_0007.jpg,WEED6C_crops/1363_jpg.rf.768baa0bd4528831bffe24eb9aa3b51f_0007.jpg,4
0686_jpg.rf.c97958f99d4e68f40fcdc81674ba56a3_0003.jpg,WEED6C_crops/0686_jpg.rf.c97958f99d4e68f40fcdc81674ba56a3_0003.jpg,3
1382_jpg.rf.c7bb27d718933e160b3c41d3f17e3d83_0009.jpg,WEED6C_crops/1382_jpg.rf.c7bb27d718933e160b3c41d3f17e3d83_0009.jpg,4
0379_jpg.rf.2f6c865f7b6d852961f1e6ecbd141832_0010.jpg,WEED6C_crops/0379_jpg.rf.2f6c865f7b6d852961f1e6ecbd141832_0010.jpg,0
0390_jpg.rf.e5cfc1cb23b500659bcf30391741e331_0004.jpg,WEED6C_crops/0390_jpg.rf.e5cfc1cb23b500659bcf30391741e331_0004.jpg,0
0324_jpg.rf.9710431a5a53db1bae42bc39d178be65_0004.jpg,WEED6C_crops/0324_jpg.rf.9710431a5a53db1bae42bc39d178be65_0004.jpg,2
1360_jpg.rf.4adff7020975375bcf1db2c7f65ecb42_0004.jpg,WEED6C_crops/1360_jpg.rf.4adff7020975375bcf1db2c7f65ecb42_0004.jpg,4
0008_jpg.rf.4a6d618156dc972c2bd55c133e91586d_0002.jpg,WEED6C_crops/0008_jpg.rf.4a6d618156dc972c2bd55c133e91586d_0002.jpg,5
0543_jpg.rf.1d2fc0c8dbd3297304e107c958dbe084_0002.jpg,WEED6C_crops/0543_jpg.rf.1d2fc0c8dbd3297304e107c958dbe084_0002.jpg,3
0575_jpg.rf.ffc3da238c813fca2a0d1412ab41dcd1_0007.jpg,WEED6C_crops/0575_jpg.rf.ffc3da238c813fca2a0d1412ab41dcd1_0007.jpg,3
0089_jpg.rf.9e1dbaf327f9c0c5c135eb6d10ec9fc3_0001.jpg,WEED6C_crops/0089_jpg.rf.9e1dbaf327f9c0c5c135eb6d10ec9fc3_0001.jpg,5
0654_jpg.rf.26397c20538d31ab15d51d4ef792660e_0001.jpg,WEED6C_crops/0654_jpg.rf.26397c20538d31ab15d51d4ef792660e_0001.jpg,0
1372_jpg.rf.ef878d09b7d0fbf710c9467e4f1063c1_0011.jpg,WEED6C_crops/1372_jpg.rf.ef878d09b7d0fbf710c9467e4f1063c1_0011.jpg,4
1303_jpg.rf.8f30bd948ef635a90243d4eb022d379b_0013.jpg,WEED6C_crops/1303_jpg.rf.8f30bd948ef635a90243d4eb022d379b_0013.jpg,4
0385_jpg.rf.0cedb900ae3c9a125bf2aba2c65e6856_0006.jpg,WEED6C_crops/0385_jpg.rf.0cedb900ae3c9a125bf2aba2c65e6856_0006.jpg,0
0818_jpg.rf.b11a7903eb8f3a4c5a8c8f589c9a253b_0011.jpg,WEED6C_crops/0818_jpg.rf.b11a7903eb8f3a4c5a8c8f589c9a253b_0011.jpg,3
0880_jpg.rf.a860eba8db5740a0f6407dedcb62dd42_0001.jpg,WEED6C_crops/0880_jpg.rf.a860eba8db5740a0f6407dedcb62dd42_0001.jpg,3
1363_jpg.rf.768baa0bd4528831bffe24eb9aa3b51f_0003.jpg,WEED6C_crops/1363_jpg.rf.768baa0bd4528831bffe24eb9aa3b51f_0003.jpg,4
0199_jpg.rf.14553f5693a42070298ad7710a122f4b_0006.jpg,WEED6C_crops/0199_jpg.rf.14553f5693a42070298ad7710a122f4b_0006.jpg,3
1238_jpg.rf.8f2e4dde815b3cdba79f2d24a33ad9eb_0029.jpg,WEED6C_crops/1238_jpg.rf.8f2e4dde815b3cdba79f2d24a33ad9eb_0029.jpg,4
0535_jpg.rf.e709e9fcd1b82c1587f95f16516965b1_0005.jpg,WEED6C_crops/0535_jpg.rf.e709e9fcd1b82c1587f95f16516965b1_0005.jpg,3
0810_jpg.rf.1c0ad52deba46c162eae37908b5163d2_0005.jpg,WEED6C_crops/0810_jpg.rf.1c0ad52deba46c162eae37908b5163d2_0005.jpg,3
1249_jpg.rf.e1efe2270f002b51f4715161251b6365_0015.jpg,WEED6C_crops/1249_jpg.rf.e1efe2270f002b51f4715161251b6365_0015.jpg,4
0385_jpg.rf.0cedb900ae3c9a125bf2aba2c65e6856_0012.jpg,WEED6C_crops/0385_jpg.rf.0cedb900ae3c9a125bf2aba2c65e6856_0012.jpg,1
0634_jpg.rf.2fa505c10ef416a4d9754ea517166e47_0003.jpg,WEED6C_crops/0634_jpg.rf.2fa505c10ef416a4d9754ea517166e47_0003.jpg,2
1039_jpg.rf.764d11edc6ef71aa99ea3be83a6113c5_0001.jpg,WEED6C_crops/1039_jpg.rf.764d11edc6ef71aa99ea3be83a6113c5_0001.jpg,3
0113_jpg.rf.33f571be4ae7ad1b2bbbb23545090cad_0008.jpg,WEED6C_crops/0113_jpg.rf.33f571be4ae7ad1b2bbbb23545090cad_0008.jpg,5
1382_jpg.rf.c7bb27d718933e160b3c41d3f17e3d83_0020.jpg,WEED6C_crops/1382_jpg.rf.c7bb27d718933e160b3c41d3f17e3d83_0020.jpg,1
0560_jpg.rf.f34a149ac1a0ebb694078681971b4b88_0001.jpg,WEED6C_crops/0560_jpg.rf.f34a149ac1a0ebb694078681971b4b88_0001.jpg,3
0534_jpg.rf.4880288bf2e3b3cd7b92e41137650d04_0005.jpg,WEED6C_crops/0534_jpg.rf.4880288bf2e3b3cd7b92e41137650d04_0005.jpg,0
0339_jpg.rf.673f57115e3d4162b9ad88bef6bf66af_0006.jpg,WEED6C_crops/0339_jpg.rf.673f57115e3d4162b9ad88bef6bf66af_0006.jpg,3
0688_jpg.rf.ed1c295f2600d37428d7c74d9246ab19_0003.jpg,WEED6C_crops/0688_jpg.rf.ed1c295f2600d37428d7c74d9246ab19_0003.jpg,3
0656_jpg.rf.47d204b70ff752cd492c6ac9a7ee93be_0005.jpg,WEED6C_crops/0656_jpg.rf.47d204b70ff752cd492c6ac9a7ee93be_0005.jpg,0
0344_jpg.rf.4a97765e72c07da85f2aa8141afbc4d4_0002.jpg,WEED6C_crops/0344_jpg.rf.4a97765e72c07da85f2aa8141afbc4d4_0002.jpg,3
1236_jpg.rf.84823ae11fdee603ba6a5fab2cc61c7f_0001.jpg,WEED6C_crops/1236_jpg.rf.84823ae11fdee603ba6a5fab2cc61c7f_0001.jpg,1
0829_jpg.rf.6a1d9b4d0bab507a79caf69fad25f8fd_0007.jpg,WEED6C_crops/0829_jpg.rf.6a1d9b4d0bab507a79caf69fad25f8fd_0007.jpg,1
0926_jpg.rf.7bca20219309b3ad03328f2a772177bd_0007.jpg,WEED6C_crops/0926_jpg.rf.7bca20219309b3ad03328f2a772177bd_0007.jpg,3
0313_jpg.rf.9274d046d9c557440668dec522acb074_0002.jpg,WEED6C_crops/0313_jpg.rf.9274d046d9c557440668dec522acb074_0002.jpg,3
1345_jpg.rf.7dc260eec167fcfaa4312588633931cc_0004.jpg,WEED6C_crops/1345_jpg.rf.7dc260eec167fcfaa4312588633931cc_0004.jpg,4
1341_jpg.rf.9d8942b91b7a5f0bbf8dae68d9c390e2_0017.jpg,WEED6C_crops/1341_jpg.rf.9d8942b91b7a5f0bbf8dae68d9c390e2_0017.jpg,4
1375_jpg.rf.b0f1411c79e1b676b013097ecfe9a149_0010.jpg,WEED6C_crops/1375_jpg.rf.b0f1411c79e1b676b013097ecfe9a149_0010.jpg,4
0908_jpg.rf.2a523ed34012fa10534089f009a94e63_0002.jpg,WEED6C_crops/0908_jpg.rf.2a523ed34012fa10534089f009a94e63_0002.jpg,3
1303_jpg.rf.8f30bd948ef635a90243d4eb022d379b_0029.jpg,WEED6C_crops/1303_jpg.rf.8f30bd948ef635a90243d4eb022d379b_0029.jpg,4
0278_jpg.rf.15b2a8c784e81820e90c2403b778d212_0001.jpg,WEED6C_crops/0278_jpg.rf.15b2a8c784e81820e90c2403b778d212_0001.jpg,3
1355_jpg.rf.6913dec06d5038de035d46f593a0bd9e_0003.jpg,WEED6C_crops/1355_jpg.rf.6913dec06d5038de035d46f593a0bd9e_0003.jpg,4
1330_jpg.rf.0e123b14e41686abe7d991139dba80f8_0003.jpg,WEED6C_crops/1330_jpg.rf.0e123b14e41686abe7d991139dba80f8_0003.jpg,4
1239_jpg.rf.7b926cf59320e9b12909abef7c8e7aac_0026.jpg,WEED6C_crops/1239_jpg.rf.7b926cf59320e9b12909abef7c8e7aac_0026.jpg,4
0821_jpg.rf.4a41a681e43c4c87c4c89a860addc7d0_0005.jpg,WEED6C_crops/0821_jpg.rf.4a41a681e43c4c87c4c89a860addc7d0_0005.jpg,0
0327_jpg.rf.9195005bab0e0fa8deaef9eae9d2f695_0001.jpg,WEED6C_crops/0327_jpg.rf.9195005bab0e0fa8deaef9eae9d2f695_0001.jpg,1
1363_jpg.rf.768baa0bd4528831bffe24eb9aa3b51f_0050.jpg,WEED6C_crops/1363_jpg.rf.768baa0bd4528831bffe24eb9aa3b51f_0050.jpg,4
1239_jpg.rf.7b926cf59320e9b12909abef7c8e7aac_0002.jpg,WEED6C_crops/1239_jpg.rf.7b926cf59320e9b12909abef7c8e7aac_0002.jpg,4
0690_jpg.rf.1270e37bd3bf6f19152a043b3b786538_0001.jpg,WEED6C_crops/0690_jpg.rf.1270e37bd3bf6f19152a043b3b786538_0001.jpg,3
1281_jpg.rf.91cc48b7ff601ee1d856d9c0b41bd97d_0009.jpg,WEED6C_crops/1281_jpg.rf.91cc48b7ff601ee1d856d9c0b41bd97d_0009.jpg,4
0486_jpg.rf.19fb2e3d38c83f10f68990165f354cde_0007.jpg,WEED6C_crops/0486_jpg.rf.19fb2e3d38c83f10f68990165f354cde_0007.jpg,0
0122_jpg.rf.fefeef1ae339c36c42d0332caf14eae6_0006.jpg,WEED6C_crops/0122_jpg.rf.fefeef1ae339c36c42d0332caf14eae6_0006.jpg,5
1082_jpg.rf.aaf81e2eebc44b1f4b0b7bef579f86e6_0001.jpg,WEED6C_crops/1082_jpg.rf.aaf81e2eebc44b1f4b0b7bef579f86e6_0001.jpg,1
0385_jpg.rf.0cedb900ae3c9a125bf2aba2c65e6856_0001.jpg,WEED6C_crops/0385_jpg.rf.0cedb900ae3c9a125bf2aba2c65e6856_0001.jpg,1
0768_jpg.rf.70d546e37a3c71506dbaeb5374d66c5f_0005.jpg,WEED6C_crops/0768_jpg.rf.70d546e37a3c71506dbaeb5374d66c5f_0005.jpg,2
1266_jpg.rf.b6ff71f2ca53cd0403e63652331b6edb_0023.jpg,WEED6C_crops/1266_jpg.rf.b6ff71f2ca53cd0403e63652331b6edb_0023.jpg,4
0920_jpg.rf.f7e547a653feb7cbf079f07bd505da0f_0005.jpg,WEED6C_crops/0920_jpg.rf.f7e547a653feb7cbf079f07bd505da0f_0005.jpg,2
1280_jpg.rf.35bb77e8b09a63c0fe616ea76a082955_0001.jpg,WEED6C_crops/1280_jpg.rf.35bb77e8b09a63c0fe616ea76a082955_0001.jpg,1
0632_jpg.rf.9835eced0ca94b3dc06bf15ea115944a_0002.jpg,WEED6C_crops/0632_jpg.rf.9835eced0ca94b3dc06bf15ea115944a_0002.jpg,3
0387_jpg.rf.7c3295680c7efc4e9f9f30819ac54b6e_0007.jpg,WEED6C_crops/0387_jpg.rf.7c3295680c7efc4e9f9f30819ac54b6e_0007.jpg,1
0270_jpg.rf.7816289c31a817d7f79f8a94d855140e_0009.jpg,WEED6C_crops/0270_jpg.rf.7816289c31a817d7f79f8a94d855140e_0009.jpg,0
0514_jpg.rf.b1293f590d420d6f63504405268691c8_0004.jpg,WEED6C_crops/0514_jpg.rf.b1293f590d420d6f63504405268691c8_0004.jpg,0
0207_jpg.rf.ef9ef63b8efc3d77b27c0da558cb951c_0003.jpg,WEED6C_crops/0207_jpg.rf.ef9ef63b8efc3d77b27c0da558cb951c_0003.jpg,3
1268_jpg.rf.f92eaf335716f66b9db465ec842cf1d7_0021.jpg,WEED6C_crops/1268_jpg.rf.f92eaf335716f66b9db465ec842cf1d7_0021.jpg,4
0938_jpg.rf.2e6e0350c0e2e9e762674dc35bf924b4_0001.jpg,WEED6C_crops/0938_jpg.rf.2e6e0350c0e2e9e762674dc35bf924b4_0001.jpg,1
0692_jpg.rf.3e63ffcc62ea44d1a4bd08458b8fa9b8_0002.jpg,WEED6C_crops/0692_jpg.rf.3e63ffcc62ea44d1a4bd08458b8fa9b8_0002.jpg,1
1252_jpg.rf.0460eee5cd6e483e72571dbeb38f50ba_0008.jpg,WEED6C_crops/1252_jpg.rf.0460eee5cd6e483e72571dbeb38f50ba_0008.jpg,1
1296_jpg.rf.0c437bc165571cd0590e77bf88763adf_0011.jpg,WEED6C_crops/1296_jpg.rf.0c437bc165571cd0590e77bf88763adf_0011.jpg,4
0669_jpg.rf.a034dffd90ec7795e4cd71fe65a19f3c_0001.jpg,WEED6C_crops/0669_jpg.rf.a034dffd90ec7795e4cd71fe65a19f3c_0001.jpg,0
0899_jpg.rf.32241a2cbcf778f074c5a57b8a37e343_0002.jpg,WEED6C_crops/0899_jpg.rf.32241a2cbcf778f074c5a57b8a37e343_0002.jpg,2
0812_jpg.rf.abd1e7954ee0bd5e423243373815ec26_0002.jpg,WEED6C_crops/0812_jpg.rf.abd1e7954ee0bd5e423243373815ec26_0002.jpg,3
0879_jpg.rf.b2153caeca9af76e27e76c6cc45c8415_0009.jpg,WEED6C_crops/0879_jpg.rf.b2153caeca9af76e27e76c6cc45c8415_0009.jpg,0
0207_jpg.rf.ef9ef63b8efc3d77b27c0da558cb951c_0002.jpg,WEED6C_crops/0207_jpg.rf.ef9ef63b8efc3d77b27c0da558cb951c_0002.jpg,1
1310_jpg.rf.317ac2cca5f24479b0098bf7fbab9ceb_0019.jpg,WEED6C_crops/1310_jpg.rf.317ac2cca5f24479b0098bf7fbab9ceb_0019.jpg,4
0994_jpg.rf.f87cdcefa354afffe8dbf24c79cd8c8e_0003.jpg,WEED6C_crops/0994_jpg.rf.f87cdcefa354afffe8dbf24c79cd8c8e_0003.jpg,2
0309_jpg.rf.667c98e9409518b80a0288f37643214f_0001.jpg,WEED6C_crops/0309_jpg.rf.667c98e9409518b80a0288f37643214f_0001.jpg,3
0901_jpg.rf.a3de89769366e7b5ca0b3e800cc66ccf_0001.jpg,WEED6C_crops/0901_jpg.rf.a3de89769366e7b5ca0b3e800cc66ccf_0001.jpg,2
0841_jpg.rf.9b192c44368ad3e5cc330b50324fbeca_0010.jpg,WEED6C_crops/0841_jpg.rf.9b192c44368ad3e5cc330b50324fbeca_0010.jpg,0
0634_jpg.rf.2fa505c10ef416a4d9754ea517166e47_0001.jpg,WEED6C_crops/0634_jpg.rf.2fa505c10ef416a4d9754ea517166e47_0001.jpg,3
1279_jpg.rf.3859686293ba7d5fcec5e84b599fd5de_0013.jpg,WEED6C_crops/1279_jpg.rf.3859686293ba7d5fcec5e84b599fd5de_0013.jpg,4
0229_jpg.rf.f665ede73f767c60cddbab597488abcc_0008.jpg,WEED6C_crops/0229_jpg.rf.f665ede73f767c60cddbab597488abcc_0008.jpg,3
0304_jpg.rf.06a5710a7bbb8edafee7dd15e7de328a_0005.jpg,WEED6C_crops/0304_jpg.rf.06a5710a7bbb8edafee7dd15e7de328a_0005.jpg,3
0236_jpg.rf.37f13823118c1f776f2b7d3360e121a9_0005.jpg,WEED6C_crops/0236_jpg.rf.37f13823118c1f776f2b7d3360e121a9_0005.jpg,1
0922_jpg.rf.7441e292280a0889384a7dfd09ad33ee_0007.jpg,WEED6C_crops/0922_jpg.rf.7441e292280a0889384a7dfd09ad33ee_0007.jpg,0
1238_jpg.rf.8f2e4dde815b3cdba79f2d24a33ad9eb_0031.jpg,WEED6C_crops/1238_jpg.rf.8f2e4dde815b3cdba79f2d24a33ad9eb_0031.jpg,4
1362_jpg.rf.ab5fc04e9f26ec91359122ba4c109436_0012.jpg,WEED6C_crops/1362_jpg.rf.ab5fc04e9f26ec91359122ba4c109436_0012.jpg,4
0347_jpg.rf.875f6ef52525b9e58d85a4c96813ef6a_0007.jpg,WEED6C_crops/0347_jpg.rf.875f6ef52525b9e58d85a4c96813ef6a_0007.jpg,0
1311_jpg.rf.4a2f9977c5ce6af1d01a777bdced6f04_0012.jpg,WEED6C_crops/1311_jpg.rf.4a2f9977c5ce6af1d01a777bdced6f04_0012.jpg,4
1242_jpg.rf.f09f84f41c4850f864177d3921fcc080_0010.jpg,WEED6C_crops/1242_jpg.rf.f09f84f41c4850f864177d3921fcc080_0010.jpg,4
0276_jpg.rf.b050d9cf6fdd15ffe4f175936e28b2af_0007.jpg,WEED6C_crops/0276_jpg.rf.b050d9cf6fdd15ffe4f175936e28b2af_0007.jpg,3
1250_jpg.rf.790f9e867b39dfc376c40d0fc852486f_0005.jpg,WEED6C_crops/1250_jpg.rf.790f9e867b39dfc376c40d0fc852486f_0005.jpg,1
1343_jpg.rf.5f18c75b4fd49b4163ba2bb3af2f505f_0015.jpg,WEED6C_crops/1343_jpg.rf.5f18c75b4fd49b4163ba2bb3af2f505f_0015.jpg,4
0253_jpg.rf.1095448149d4cce3dcb5814407839631_0004.jpg,WEED6C_crops/0253_jpg.rf.1095448149d4cce3dcb5814407839631_0004.jpg,1
0223_jpg.rf.03e885edc5cd389b03d9214483185381_0006.jpg,WEED6C_crops/0223_jpg.rf.03e885edc5cd389b03d9214483185381_0006.jpg,0
0840_jpg.rf.c3bd189b7cb10d4a6e549a7d5529c3ab_0004.jpg,WEED6C_crops/0840_jpg.rf.c3bd189b7cb10d4a6e549a7d5529c3ab_0004.jpg,3
0594_jpg.rf.e1e0ee375e17ef582154b0617da44611_0005.jpg,WEED6C_crops/0594_jpg.rf.e1e0ee375e17ef582154b0617da44611_0005.jpg,3
0261_jpg.rf.5df6d646b46c050b83d0adc4a49869ac_0003.jpg,WEED6C_crops/0261_jpg.rf.5df6d646b46c050b83d0adc4a49869ac_0003.jpg,1
1199_jpg.rf.67d8485029aaa835fd25972754eecfa3_0001.jpg,WEED6C_crops/1199_jpg.rf.67d8485029aaa835fd25972754eecfa3_0001.jpg,2
0354_jpg.rf.d82528f9b7c704532fcc08cef1b87f2b_0009.jpg,WEED6C_crops/0354_jpg.rf.d82528f9b7c704532fcc08cef1b87f2b_0009.jpg,0
0303_jpg.rf.ba9e9e67a01dbfb37c28a17567377b7f_0006.jpg,WEED6C_crops/0303_jpg.rf.ba9e9e67a01dbfb37c28a17567377b7f_0006.jpg,3
0890_jpg.rf.c28e5e048ecc2dce8feb0a171d4bbee7_0001.jpg,WEED6C_crops/0890_jpg.rf.c28e5e048ecc2dce8feb0a171d4bbee7_0001.jpg,1
0627_jpg.rf.e3bc4dc5aa5c0424fbc72d77df74cf84_0006.jpg,WEED6C_crops/0627_jpg.rf.e3bc4dc5aa5c0424fbc72d77df74cf84_0006.jpg,3
0517_jpg.rf.8ca515cb45f7b17eec21b57f6e9adfcf_0002.jpg,WEED6C_crops/0517_jpg.rf.8ca515cb45f7b17eec21b57f6e9adfcf_0002.jpg,3
0280_jpg.rf.3ce53678ac19500daa9a33c002511d2c_0003.jpg,WEED6C_crops/0280_jpg.rf.3ce53678ac19500daa9a33c002511d2c_0003.jpg,3
1379_jpg.rf.51eb6739e53299f2ac6115b3c694bde0_0016.jpg,WEED6C_crops/1379_jpg.rf.51eb6739e53299f2ac6115b3c694bde0_0016.jpg,4
0273_jpg.rf.8c666e2d9f8f7a770c899261ea107e1e_0010.jpg,WEED6C_crops/0273_jpg.rf.8c666e2d9f8f7a770c899261ea107e1e_0010.jpg,3
0594_jpg.rf.e1e0ee375e17ef582154b0617da44611_0003.jpg,WEED6C_crops/0594_jpg.rf.e1e0ee375e17ef582154b0617da44611_0003.jpg,3
1339_jpg.rf.c1d6ea90c66a0ca02bdb39223830ec18_0019.jpg,WEED6C_crops/1339_jpg.rf.c1d6ea90c66a0ca02bdb39223830ec18_0019.jpg,4
0846_jpg.rf.d46df5f61c0aff4b0fcea04aacb66f7e_0002.jpg,WEED6C_crops/0846_jpg.rf.d46df5f61c0aff4b0fcea04aacb66f7e_0002.jpg,1
0730_jpg.rf.81fc6b2f5968f0569283f86d5f962958_0003.jpg,WEED6C_crops/0730_jpg.rf.81fc6b2f5968f0569283f86d5f962958_0003.jpg,1
0197_jpg.rf.efe163fd7280a6bdf30be87072648ca9_0009.jpg,WEED6C_crops/0197_jpg.rf.efe163fd7280a6bdf30be87072648ca9_0009.jpg,3
0824_jpg.rf.492e69afab511d54ad7057785c571431_0002.jpg,WEED6C_crops/0824_jpg.rf.492e69afab511d54ad7057785c571431_0002.jpg,3
0657_jpg.rf.ab11c6201b6e92400698893433accefa_0002.jpg,WEED6C_crops/0657_jpg.rf.ab11c6201b6e92400698893433accefa_0002.jpg,3
1328_jpg.rf.28a21bbb1b3a92b5d4aab483e1b5d7d7_0006.jpg,WEED6C_crops/1328_jpg.rf.28a21bbb1b3a92b5d4aab483e1b5d7d7_0006.jpg,4
0852_jpg.rf.dd6916a47f9e85191231067f28328211_0003.jpg,WEED6C_crops/0852_jpg.rf.dd6916a47f9e85191231067f28328211_0003.jpg,0
1386_jpg.rf.38d81bd8c301374aed9080ef5af2120b_0010.jpg,WEED6C_crops/1386_jpg.rf.38d81bd8c301374aed9080ef5af2120b_0010.jpg,0
0358_jpg.rf.c97895dacc2d80cb7ce916c302051a34_0002.jpg,WEED6C_crops/0358_jpg.rf.c97895dacc2d80cb7ce916c302051a34_0002.jpg,3
1389_jpg.rf.7604a1b16f4c03a15057ad2a462f3aa3_0010.jpg,WEED6C_crops/1389_jpg.rf.7604a1b16f4c03a15057ad2a462f3aa3_0010.jpg,0
0908_jpg.rf.2a523ed34012fa10534089f009a94e63_0005.jpg,WEED6C_crops/0908_jpg.rf.2a523ed34012fa10534089f009a94e63_0005.jpg,2
0357_jpg.rf.f4ad7df0adfd56eef277a6ba6334d617_0007.jpg,WEED6C_crops/0357_jpg.rf.f4ad7df0adfd56eef277a6ba6334d617_0007.jpg,1
0326_jpg.rf.039e0109904fa5bfd35e60e44b5ce601_0003.jpg,WEED6C_crops/0326_jpg.rf.039e0109904fa5bfd35e60e44b5ce601_0003.jpg,3
0045_jpg.rf.62ea74b6171e7e6cb1e9888f7d2cf4a6_0004.jpg,WEED6C_crops/0045_jpg.rf.62ea74b6171e7e6cb1e9888f7d2cf4a6_0004.jpg,5
0598_jpg.rf.5e8cc243909b8455b4cffaeeb6ea19a9_0003.jpg,WEED6C_crops/0598_jpg.rf.5e8cc243909b8455b4cffaeeb6ea19a9_0003.jpg,3
1241_jpg.rf.a5be0ca237cc5fdf5c86f10349dafb96_0002.jpg,WEED6C_crops/1241_jpg.rf.a5be0ca237cc5fdf5c86f10349dafb96_0002.jpg,1
1358_jpg.rf.596bf1c7fe66e55cef5de750deba63b9_0010.jpg,WEED6C_crops/1358_jpg.rf.596bf1c7fe66e55cef5de750deba63b9_0010.jpg,4
0340_jpg.rf.4e0e72821dae12851a50a8833d4532ba_0001.jpg,WEED6C_crops/0340_jpg.rf.4e0e72821dae12851a50a8833d4532ba_0001.jpg,1
1235_jpg.rf.8f167c07ecb86590be8dd4ab7f58be2c_0014.jpg,WEED6C_crops/1235_jpg.rf.8f167c07ecb86590be8dd4ab7f58be2c_0014.jpg,4
0954_jpg.rf.51db19791aba7fdf87c3dc13c608476d_0001.jpg,WEED6C_crops/0954_jpg.rf.51db19791aba7fdf87c3dc13c608476d_0001.jpg,0
0371_jpg.rf.62d76e210274f453e41cae2c6e4d0fce_0005.jpg,WEED6C_crops/0371_jpg.rf.62d76e210274f453e41cae2c6e4d0fce_0005.jpg,1
0856_jpg.rf.55d3bc35cbf75a8f3de29e1c6297a5f2_0010.jpg,WEED6C_crops/0856_jpg.rf.55d3bc35cbf75a8f3de29e1c6297a5f2_0010.jpg,0
1267_jpg.rf.7a81427b8cf51c46e081b7723f1e15ac_0017.jpg,WEED6C_crops/1267_jpg.rf.7a81427b8cf51c46e081b7723f1e15ac_0017.jpg,4
0840_jpg.rf.c3bd189b7cb10d4a6e549a7d5529c3ab_0002.jpg,WEED6C_crops/0840_jpg.rf.c3bd189b7cb10d4a6e549a7d5529c3ab_0002.jpg,1
1369_jpg.rf.b115facc4e1a8ff9927fa196a84b853d_0025.jpg,WEED6C_crops/1369_jpg.rf.b115facc4e1a8ff9927fa196a84b853d_0025.jpg,4
0866_jpg.rf.3e482e0c8d3e945764b46d19dedebf76_0001.jpg,WEED6C_crops/0866_jpg.rf.3e482e0c8d3e945764b46d19dedebf76_0001.jpg,3
0333_jpg.rf.3fd790fea188da90c09e7774cdf6590c_0007.jpg,WEED6C_crops/0333_jpg.rf.3fd790fea188da90c09e7774cdf6590c_0007.jpg,0
0368_jpg.rf.b5083de6ecc2c6e2e906dcb826d390f1_0007.jpg,WEED6C_crops/0368_jpg.rf.b5083de6ecc2c6e2e906dcb826d390f1_0007.jpg,0
1207_jpg.rf.865c4c98d08c0e13733a4b21dec6cfe1_0003.jpg,WEED6C_crops/1207_jpg.rf.865c4c98d08c0e13733a4b21dec6cfe1_0003.jpg,0
0808_jpg.rf.333d8658c4f0dc699c162d556ae5e641_0005.jpg,WEED6C_crops/0808_jpg.rf.333d8658c4f0dc699c162d556ae5e641_0005.jpg,3
1264_jpg.rf.9dcfa7b826804ef4063b1ac764b21e8c_0022.jpg,WEED6C_crops/1264_jpg.rf.9dcfa7b826804ef4063b1ac764b21e8c_0022.jpg,4
1068_jpg.rf.a2a5a9017b661fd277ee95ae6b38e29a_0001.jpg,WEED6C_crops/1068_jpg.rf.a2a5a9017b661fd277ee95ae6b38e29a_0001.jpg,0
1374_jpg.rf.6c64883712d67a3ad448ca10c0398308_0006.jpg,WEED6C_crops/1374_jpg.rf.6c64883712d67a3ad448ca10c0398308_0006.jpg,4
1240_jpg.rf.e1ad20f0f2011d323769409c17d77863_0005.jpg,WEED6C_crops/1240_jpg.rf.e1ad20f0f2011d323769409c17d77863_0005.jpg,4
0487_jpg.rf.4204e31b696e7d6e92f90353cdf33caa_0001.jpg,WEED6C_crops/0487_jpg.rf.4204e31b696e7d6e92f90353cdf33caa_0001.jpg,1
1377_jpg.rf.13024f6056bd3ee967e54a75b53fd777_0020.jpg,WEED6C_crops/1377_jpg.rf.13024f6056bd3ee967e54a75b53fd777_0020.jpg,4
1365_jpg.rf.d745a616307c062e3f3851230aee2c41_0011.jpg,WEED6C_crops/1365_jpg.rf.d745a616307c062e3f3851230aee2c41_0011.jpg,4
1229_jpg.rf.f39c48606a011efde3d20b5d68fa1f43_0002.jpg,WEED6C_crops/1229_jpg.rf.f39c48606a011efde3d20b5d68fa1f43_0002.jpg,1
0292_jpg.rf.6a50c1ede4f6200fe42989cb1ee3177d_0008.jpg,WEED6C_crops/0292_jpg.rf.6a50c1ede4f6200fe42989cb1ee3177d_0008.jpg,3
0762_jpg.rf.d5f839587eee28a39482dff3f1868246_0002.jpg,WEED6C_crops/0762_jpg.rf.d5f839587eee28a39482dff3f1868246_0002.jpg,2
1239_jpg.rf.7b926cf59320e9b12909abef7c8e7aac_0038.jpg,WEED6C_crops/1239_jpg.rf.7b926cf59320e9b12909abef7c8e7aac_0038.jpg,4
0274_jpg.rf.69f678525ad44939c3cdc5608f8ededd_0002.jpg,WEED6C_crops/0274_jpg.rf.69f678525ad44939c3cdc5608f8ededd_0002.jpg,3
0621_jpg.rf.7c8da55afcf9a3a13502a024641c7538_0006.jpg,WEED6C_crops/0621_jpg.rf.7c8da55afcf9a3a13502a024641c7538_0006.jpg,2
0102_jpg.rf.8978e4b1f89dddf7baa6945e273b1724_0002.jpg,WEED6C_crops/0102_jpg.rf.8978e4b1f89dddf7baa6945e273b1724_0002.jpg,5
0348_jpg.rf.8adcfa747d63c6198e8066a5acfd0023_0009.jpg,WEED6C_crops/0348_jpg.rf.8adcfa747d63c6198e8066a5acfd0023_0009.jpg,0
0368_jpg.rf.b5083de6ecc2c6e2e906dcb826d390f1_0006.jpg,WEED6C_crops/0368_jpg.rf.b5083de6ecc2c6e2e906dcb826d390f1_0006.jpg,3
0261_jpg.rf.5df6d646b46c050b83d0adc4a49869ac_0002.jpg,WEED6C_crops/0261_jpg.rf.5df6d646b46c050b83d0adc4a49869ac_0002.jpg,0
0101_jpg.rf.f416ffcba9a6f0ff52f34554edf75c50_0004.jpg,WEED6C_crops/0101_jpg.rf.f416ffcba9a6f0ff52f34554edf75c50_0004.jpg,5
1355_jpg.rf.6913dec06d5038de035d46f593a0bd9e_0034.jpg,WEED6C_crops/1355_jpg.rf.6913dec06d5038de035d46f593a0bd9e_0034.jpg,4
1302_jpg.rf.26ab3fc340b22f9482155ab905a6cebf_0016.jpg,WEED6C_crops/1302_jpg.rf.26ab3fc340b22f9482155ab905a6cebf_0016.jpg,4
0132_jpg.rf.5cc2ab77de30e2ba646ff51b2c3b94c6_0001.jpg,WEED6C_crops/0132_jpg.rf.5cc2ab77de30e2ba646ff51b2c3b94c6_0001.jpg,5
0228_jpg.rf.9982797a52f1c05905a58dbdca1cee6a_0002.jpg,WEED6C_crops/0228_jpg.rf.9982797a52f1c05905a58dbdca1cee6a_0002.jpg,3
0560_jpg.rf.f34a149ac1a0ebb694078681971b4b88_0002.jpg,WEED6C_crops/0560_jpg.rf.f34a149ac1a0ebb694078681971b4b88_0002.jpg,3
1303_jpg.rf.8f30bd948ef635a90243d4eb022d379b_0046.jpg,WEED6C_crops/1303_jpg.rf.8f30bd948ef635a90243d4eb022d379b_0046.jpg,4
0942_jpg.rf.28da937fbfe37bde43cedc288904f1f6_0003.jpg,WEED6C_crops/0942_jpg.rf.28da937fbfe37bde43cedc288904f1f6_0003.jpg,3
1313_jpg.rf.9e5965f174b9d39cedf845bc37e26a4d_0006.jpg,WEED6C_crops/1313_jpg.rf.9e5965f174b9d39cedf845bc37e26a4d_0006.jpg,4
0423_jpg.rf.42c2d65958280badb66f1f01980c4500_0001.jpg,WEED6C_crops/0423_jpg.rf.42c2d65958280badb66f1f01980c4500_0001.jpg,1
0012_jpg.rf.9757140378b0d88802743d6df8481e80_0002.jpg,WEED6C_crops/0012_jpg.rf.9757140378b0d88802743d6df8481e80_0002.jpg,5
0223_jpg.rf.03e885edc5cd389b03d9214483185381_0007.jpg,WEED6C_crops/0223_jpg.rf.03e885edc5cd389b03d9214483185381_0007.jpg,0
0663_jpg.rf.86238d0a41d75b4f5d848e0d84c93cdc_0001.jpg,WEED6C_crops/0663_jpg.rf.86238d0a41d75b4f5d848e0d84c93cdc_0001.jpg,3
0020_jpg.rf.1e78a43d0a0f291598098dcdc500131f_0001.jpg,WEED6C_crops/0020_jpg.rf.1e78a43d0a0f291598098dcdc500131f_0001.jpg,5
1378_jpg.rf.a485ab7c96bef96dac8eb7e61bbb7fb8_0010.jpg,WEED6C_crops/1378_jpg.rf.a485ab7c96bef96dac8eb7e61bbb7fb8_0010.jpg,4
0384_jpg.rf.6acfb46a0fc754eb5ccb4cf099031690_0013.jpg,WEED6C_crops/0384_jpg.rf.6acfb46a0fc754eb5ccb4cf099031690_0013.jpg,1
0909_jpg.rf.fa5a514336d1a6736ec93fd0c76680e4_0006.jpg,WEED6C_crops/0909_jpg.rf.fa5a514336d1a6736ec93fd0c76680e4_0006.jpg,3
1390_jpg.rf.e8c6f5ea5319f14295f5bdf8015410e9_0003.jpg,WEED6C_crops/1390_jpg.rf.e8c6f5ea5319f14295f5bdf8015410e9_0003.jpg,4
0678_jpg.rf.a9f739d22c3ed0d7934f4f807e211956_0004.jpg,WEED6C_crops/0678_jpg.rf.a9f739d22c3ed0d7934f4f807e211956_0004.jpg,3
1281_jpg.rf.91cc48b7ff601ee1d856d9c0b41bd97d_0010.jpg,WEED6C_crops/1281_jpg.rf.91cc48b7ff601ee1d856d9c0b41bd97d_0010.jpg,4
0213_jpg.rf.b7c5caf9ce4ecb85192e07d0eaff7e47_0004.jpg,WEED6C_crops/0213_jpg.rf.b7c5caf9ce4ecb85192e07d0eaff7e47_0004.jpg,1
0201_jpg.rf.8f0b3f84d9965355a89d1261e8ae3d03_0006.jpg,WEED6C_crops/0201_jpg.rf.8f0b3f84d9965355a89d1261e8ae3d03_0006.jpg,3
0030_jpg.rf.fc82a2b998ff2b79958ffb3fd0ba613d_0002.jpg,WEED6C_crops/0030_jpg.rf.fc82a2b998ff2b79958ffb3fd0ba613d_0002.jpg,5
0232_jpg.rf.fd86f175c37e2b5a92cb09a3b36caee4_0003.jpg,WEED6C_crops/0232_jpg.rf.fd86f175c37e2b5a92cb09a3b36caee4_0003.jpg,3
0364_jpg.rf.89db23df5c37065055d5a524b09092d9_0016.jpg,WEED6C_crops/0364_jpg.rf.89db23df5c37065055d5a524b09092d9_0016.jpg,0
0426_jpg.rf.450220729ff1ac81aa66d4faf44bff4b_0003.jpg,WEED6C_crops/0426_jpg.rf.450220729ff1ac81aa66d4faf44bff4b_0003.jpg,1
0275_jpg.rf.c56d677ffb9142d5af17b4a6e37d00a9_0009.jpg,WEED6C_crops/0275_jpg.rf.c56d677ffb9142d5af17b4a6e37d00a9_0009.jpg,1
0277_jpg.rf.da40428a611c836681331c1b74be0c1b_0008.jpg,WEED6C_crops/0277_jpg.rf.da40428a611c836681331c1b74be0c1b_0008.jpg,0
0275_jpg.rf.c56d677ffb9142d5af17b4a6e37d00a9_0004.jpg,WEED6C_crops/0275_jpg.rf.c56d677ffb9142d5af17b4a6e37d00a9_0004.jpg,3
1367_jpg.rf.525537f6569c4903b5b939c2e8220219_0018.jpg,WEED6C_crops/1367_jpg.rf.525537f6569c4903b5b939c2e8220219_0018.jpg,4
0470_jpg.rf.7a0975980ab27a0b0624f896bc2ac8b5_0001.jpg,WEED6C_crops/0470_jpg.rf.7a0975980ab27a0b0624f896bc2ac8b5_0001.jpg,2
0005_jpg.rf.a428674cf68d7c5216955f402a82c368_0001.jpg,WEED6C_crops/0005_jpg.rf.a428674cf68d7c5216955f402a82c368_0001.jpg,5
0322_jpg.rf.aa0fe75b2aa6f67baf100c664d73507a_0002.jpg,WEED6C_crops/0322_jpg.rf.aa0fe75b2aa6f67baf100c664d73507a_0002.jpg,3
0635_jpg.rf.f7caf9e3f7ff4730aba9afa72bf6194d_0005.jpg,WEED6C_crops/0635_jpg.rf.f7caf9e3f7ff4730aba9afa72bf6194d_0005.jpg,3
1378_jpg.rf.a485ab7c96bef96dac8eb7e61bbb7fb8_0018.jpg,WEED6C_crops/1378_jpg.rf.a485ab7c96bef96dac8eb7e61bbb7fb8_0018.jpg,4
0107_jpg.rf.c40ca56c9970d6c29d5d3dbec3f9c153_0002.jpg,WEED6C_crops/0107_jpg.rf.c40ca56c9970d6c29d5d3dbec3f9c153_0002.jpg,5
0611_jpg.rf.a43d01bb92f935d75bbf7a0cedc183e2_0004.jpg,WEED6C_crops/0611_jpg.rf.a43d01bb92f935d75bbf7a0cedc183e2_0004.jpg,2
0699_jpg.rf.3ed5ad3a41c639d643b19fa83af0c49c_0008.jpg,WEED6C_crops/0699_jpg.rf.3ed5ad3a41c639d643b19fa83af0c49c_0008.jpg,0
0513_jpg.rf.eb1d9f08746106993dc97e30362f9ea4_0001.jpg,WEED6C_crops/0513_jpg.rf.eb1d9f08746106993dc97e30362f9ea4_0001.jpg,1
0231_jpg.rf.6e40f94a34bca0e4b909f046b2c56f1d_0004.jpg,WEED6C_crops/0231_jpg.rf.6e40f94a34bca0e4b909f046b2c56f1d_0004.jpg,3
0539_jpg.rf.852b9bb7d42e9fbd00b32242d0549956_0006.jpg,WEED6C_crops/0539_jpg.rf.852b9bb7d42e9fbd00b32242d0549956_0006.jpg,1
1358_jpg.rf.596bf1c7fe66e55cef5de750deba63b9_0020.jpg,WEED6C_crops/1358_jpg.rf.596bf1c7fe66e55cef5de750deba63b9_0020.jpg,4
0262_jpg.rf.f1ff50f357ac413bcfba75ad3619d77d_0009.jpg,WEED6C_crops/0262_jpg.rf.f1ff50f357ac413bcfba75ad3619d77d_0009.jpg,1
1363_jpg.rf.768baa0bd4528831bffe24eb9aa3b51f_0053.jpg,WEED6C_crops/1363_jpg.rf.768baa0bd4528831bffe24eb9aa3b51f_0053.jpg,4
0217_jpg.rf.80011db71fac27bd6347c1d19f6599ae_0001.jpg,WEED6C_crops/0217_jpg.rf.80011db71fac27bd6347c1d19f6599ae_0001.jpg,3
1359_jpg.rf.6bb7d484d2aa6c486b81a4b2f321dfb3_0034.jpg,WEED6C_crops/1359_jpg.rf.6bb7d484d2aa6c486b81a4b2f321dfb3_0034.jpg,4
0971_jpg.rf.6cba680a0f96ebf0380f4c034894dd14_0007.jpg,WEED6C_crops/0971_jpg.rf.6cba680a0f96ebf0380f4c034894dd14_0007.jpg,1
1370_jpg.rf.81f386000a766bd098e73e127fb823ea_0008.jpg,WEED6C_crops/1370_jpg.rf.81f386000a766bd098e73e127fb823ea_0008.jpg,4
0244_jpg.rf.28fd6659d3b4c604e579183607656c76_0008.jpg,WEED6C_crops/0244_jpg.rf.28fd6659d3b4c604e579183607656c76_0008.jpg,0
0803_jpg.rf.fafd97255114a0cb9449669593827af6_0006.jpg,WEED6C_crops/0803_jpg.rf.fafd97255114a0cb9449669593827af6_0006.jpg,3
1338_jpg.rf.321121b7a3efd0ac1c8aa7d0cbb33902_0018.jpg,WEED6C_crops/1338_jpg.rf.321121b7a3efd0ac1c8aa7d0cbb33902_0018.jpg,4
1364_jpg.rf.83d1b91ffdd68ab08b0f5031bb41761b_0026.jpg,WEED6C_crops/1364_jpg.rf.83d1b91ffdd68ab08b0f5031bb41761b_0026.jpg,4
0000_jpg.rf.26d2a0a638c3669bca7dd01788f458df_0007.jpg,WEED6C_crops/0000_jpg.rf.26d2a0a638c3669bca7dd01788f458df_0007.jpg,5
1268_jpg.rf.f92eaf335716f66b9db465ec842cf1d7_0018.jpg,WEED6C_crops/1268_jpg.rf.f92eaf335716f66b9db465ec842cf1d7_0018.jpg,4
1381_jpg.rf.26a82a54504b992f9dc9ede2e50e9b8f_0017.jpg,WEED6C_crops/1381_jpg.rf.26a82a54504b992f9dc9ede2e50e9b8f_0017.jpg,4
1241_jpg.rf.a5be0ca237cc5fdf5c86f10349dafb96_0035.jpg,WEED6C_crops/1241_jpg.rf.a5be0ca237cc5fdf5c86f10349dafb96_0035.jpg,4
1296_jpg.rf.0c437bc165571cd0590e77bf88763adf_0004.jpg,WEED6C_crops/1296_jpg.rf.0c437bc165571cd0590e77bf88763adf_0004.jpg,1
0242_jpg.rf.52800b665a2b860fd527febaee511016_0017.jpg,WEED6C_crops/0242_jpg.rf.52800b665a2b860fd527febaee511016_0017.jpg,0
1239_jpg.rf.7b926cf59320e9b12909abef7c8e7aac_0032.jpg,WEED6C_crops/1239_jpg.rf.7b926cf59320e9b12909abef7c8e7aac_0032.jpg,4
1183_jpg.rf.eefdd254627108b331cd52dfd14829d3_0001.jpg,WEED6C_crops/1183_jpg.rf.eefdd254627108b331cd52dfd14829d3_0001.jpg,2
1229_jpg.rf.f39c48606a011efde3d20b5d68fa1f43_0017.jpg,WEED6C_crops/1229_jpg.rf.f39c48606a011efde3d20b5d68fa1f43_0017.jpg,4
0995_jpg.rf.91cc6340c03a408db29aa5cb396b54a0_0001.jpg,WEED6C_crops/0995_jpg.rf.91cc6340c03a408db29aa5cb396b54a0_0001.jpg,3
1229_jpg.rf.f39c48606a011efde3d20b5d68fa1f43_0008.jpg,WEED6C_crops/1229_jpg.rf.f39c48606a011efde3d20b5d68fa1f43_0008.jpg,4
1303_jpg.rf.8f30bd948ef635a90243d4eb022d379b_0025.jpg,WEED6C_crops/1303_jpg.rf.8f30bd948ef635a90243d4eb022d379b_0025.jpg,4
1349_jpg.rf.f2a77b8dcb3c036a18eb11f545a535f5_0006.jpg,WEED6C_crops/1349_jpg.rf.f2a77b8dcb3c036a18eb11f545a535f5_0006.jpg,4
0375_jpg.rf.e83346babadd91a7ae17f79bb6229688_0007.jpg,WEED6C_crops/0375_jpg.rf.e83346babadd91a7ae17f79bb6229688_0007.jpg,3
1265_jpg.rf.459c2e1e9909ee52948bcfdb891d5d39_0016.jpg,WEED6C_crops/1265_jpg.rf.459c2e1e9909ee52948bcfdb891d5d39_0016.jpg,4
1044_jpg.rf.e3a9f33f6779f5ea9a0b4424b69171a1_0001.jpg,WEED6C_crops/1044_jpg.rf.e3a9f33f6779f5ea9a0b4424b69171a1_0001.jpg,0
0726_jpg.rf.277bac6c0b99286125b145e5a65fa217_0006.jpg,WEED6C_crops/0726_jpg.rf.277bac6c0b99286125b145e5a65fa217_0006.jpg,1
0661_jpg.rf.5285c9743b765f4263c8525f8d3b1245_0005.jpg,WEED6C_crops/0661_jpg.rf.5285c9743b765f4263c8525f8d3b1245_0005.jpg,2
1304_jpg.rf.bdabd9792ab23d3924d6e3d26f3aec06_0030.jpg,WEED6C_crops/1304_jpg.rf.bdabd9792ab23d3924d6e3d26f3aec06_0030.jpg,4
0778_jpg.rf.0f302eaa382ebccb02ebacf8c6755587_0004.jpg,WEED6C_crops/0778_jpg.rf.0f302eaa382ebccb02ebacf8c6755587_0004.jpg,3
1356_jpg.rf.2f9a9ccab7035b4c81a5ca992e4a9838_0005.jpg,WEED6C_crops/1356_jpg.rf.2f9a9ccab7035b4c81a5ca992e4a9838_0005.jpg,4
1306_jpg.rf.e683ee4d8210d663a37fc950a9e485c1_0018.jpg,WEED6C_crops/1306_jpg.rf.e683ee4d8210d663a37fc950a9e485c1_0018.jpg,4
1182_jpg.rf.a1b74a16aad1858d692f42b03e0f707f_0001.jpg,WEED6C_crops/1182_jpg.rf.a1b74a16aad1858d692f42b03e0f707f_0001.jpg,2
0896_jpg.rf.0bda0ed76fce664d070b9f933f42f694_0002.jpg,WEED6C_crops/0896_jpg.rf.0bda0ed76fce664d070b9f933f42f694_0002.jpg,3
0430_jpg.rf.c3c01a98ee4a4927a0c92aa55a1e7229_0003.jpg,WEED6C_crops/0430_jpg.rf.c3c01a98ee4a4927a0c92aa55a1e7229_0003.jpg,3
0972_jpg.rf.24faf2a5bada6d8377b6c766e471e31b_0001.jpg,WEED6C_crops/0972_jpg.rf.24faf2a5bada6d8377b6c766e471e31b_0001.jpg,1
1279_jpg.rf.3859686293ba7d5fcec5e84b599fd5de_0022.jpg,WEED6C_crops/1279_jpg.rf.3859686293ba7d5fcec5e84b599fd5de_0022.jpg,4
0091_jpg.rf.6ae729949ac6c8ef9f0df6f035dfeab0_0007.jpg,WEED6C_crops/0091_jpg.rf.6ae729949ac6c8ef9f0df6f035dfeab0_0007.jpg,5
0516_jpg.rf.7ea48e0342851e6c1c11ac9d823bb8e1_0001.jpg,WEED6C_crops/0516_jpg.rf.7ea48e0342851e6c1c11ac9d823bb8e1_0001.jpg,1
1358_jpg.rf.596bf1c7fe66e55cef5de750deba63b9_0038.jpg,WEED6C_crops/1358_jpg.rf.596bf1c7fe66e55cef5de750deba63b9_0038.jpg,4
0085_jpg.rf.899d587859a2f54a75195c7523a70472_0023.jpg,WEED6C_crops/0085_jpg.rf.899d587859a2f54a75195c7523a70472_0023.jpg,4
0603_jpg.rf.cab64e31d05fefc48f7cd476fb6c4aa8_0001.jpg,WEED6C_crops/0603_jpg.rf.cab64e31d05fefc48f7cd476fb6c4aa8_0001.jpg,3
0653_jpg.rf.95a2eb83eb9c4e67c4ba91868d07701d_0003.jpg,WEED6C_crops/0653_jpg.rf.95a2eb83eb9c4e67c4ba91868d07701d_0003.jpg,3
1367_jpg.rf.525537f6569c4903b5b939c2e8220219_0001.jpg,WEED6C_crops/1367_jpg.rf.525537f6569c4903b5b939c2e8220219_0001.jpg,1
0819_jpg.rf.ac58495c980a8d0a431b1fff30500e44_0002.jpg,WEED6C_crops/0819_jpg.rf.ac58495c980a8d0a431b1fff30500e44_0002.jpg,3
1097_jpg.rf.f6c75abab4b8605a4bd0d62751125f67_0001.jpg,WEED6C_crops/1097_jpg.rf.f6c75abab4b8605a4bd0d62751125f67_0001.jpg,1
0723_jpg.rf.96058bffd63fb44ded69e4f9ce4bc653_0007.jpg,WEED6C_crops/0723_jpg.rf.96058bffd63fb44ded69e4f9ce4bc653_0007.jpg,3
1254_jpg.rf.02a34f1183707c79cdb2ae5a7232c68a_0002.jpg,WEED6C_crops/1254_jpg.rf.02a34f1183707c79cdb2ae5a7232c68a_0002.jpg,4
0766_jpg.rf.a8812af23dec5f3b181a8b43d35fe96b_0003.jpg,WEED6C_crops/0766_jpg.rf.a8812af23dec5f3b181a8b43d35fe96b_0003.jpg,2
0702_jpg.rf.12bcac81002b57f765511ed9bb9ee91d_0005.jpg,WEED6C_crops/0702_jpg.rf.12bcac81002b57f765511ed9bb9ee91d_0005.jpg,3
0737_jpg.rf.64651ec21b852100b00b79213cda11ca_0001.jpg,WEED6C_crops/0737_jpg.rf.64651ec21b852100b00b79213cda11ca_0001.jpg,4
0345_jpg.rf.bd4a4955ee8935946ebf47c107c1dda3_0002.jpg,WEED6C_crops/0345_jpg.rf.bd4a4955ee8935946ebf47c107c1dda3_0002.jpg,3
0388_jpg.rf.ed37216b56f6c6c2c0a637221b23e485_0002.jpg,WEED6C_crops/0388_jpg.rf.ed37216b56f6c6c2c0a637221b23e485_0002.jpg,3
0726_jpg.rf.277bac6c0b99286125b145e5a65fa217_0003.jpg,WEED6C_crops/0726_jpg.rf.277bac6c0b99286125b145e5a65fa217_0003.jpg,3
0552_jpg.rf.56a1034dac81480712389c215200e4fe_0002.jpg,WEED6C_crops/0552_jpg.rf.56a1034dac81480712389c215200e4fe_0002.jpg,1
0842_jpg.rf.ccd14841622dcb7a81b50eac8f42bd70_0007.jpg,WEED6C_crops/0842_jpg.rf.ccd14841622dcb7a81b50eac8f42bd70_0007.jpg,3
0283_jpg.rf.f3d09170767f659721e1a02d06422fcc_0009.jpg,WEED6C_crops/0283_jpg.rf.f3d09170767f659721e1a02d06422fcc_0009.jpg,0
1033_jpg.rf.597221cab1900700d50a28c4542f0ece_0001.jpg,WEED6C_crops/1033_jpg.rf.597221cab1900700d50a28c4542f0ece_0001.jpg,1
0733_jpg.rf.68321a2b6d74157cb74ffb36cbaf255d_0003.jpg,WEED6C_crops/0733_jpg.rf.68321a2b6d74157cb74ffb36cbaf255d_0003.jpg,2
0093_jpg.rf.350f55cf44339df87d292b9e94e5ba85_0009.jpg,WEED6C_crops/0093_jpg.rf.350f55cf44339df87d292b9e94e5ba85_0009.jpg,4
0290_jpg.rf.ad239329d8712deb3691ec98993f5cfd_0009.jpg,WEED6C_crops/0290_jpg.rf.ad239329d8712deb3691ec98993f5cfd_0009.jpg,0
1238_jpg.rf.8f2e4dde815b3cdba79f2d24a33ad9eb_0014.jpg,WEED6C_crops/1238_jpg.rf.8f2e4dde815b3cdba79f2d24a33ad9eb_0014.jpg,4
0345_jpg.rf.bd4a4955ee8935946ebf47c107c1dda3_0005.jpg,WEED6C_crops/0345_jpg.rf.bd4a4955ee8935946ebf47c107c1dda3_0005.jpg,3
0987_jpg.rf.aced1fc1d9eefb9113629e737daeffad_0003.jpg,WEED6C_crops/0987_jpg.rf.aced1fc1d9eefb9113629e737daeffad_0003.jpg,3
0702_jpg.rf.12bcac81002b57f765511ed9bb9ee91d_0001.jpg,WEED6C_crops/0702_jpg.rf.12bcac81002b57f765511ed9bb9ee91d_0001.jpg,0
0986_jpg.rf.4191a9c1c0cfde6da350a3629c0d5be8_0004.jpg,WEED6C_crops/0986_jpg.rf.4191a9c1c0cfde6da350a3629c0d5be8_0004.jpg,0
1374_jpg.rf.6c64883712d67a3ad448ca10c0398308_0023.jpg,WEED6C_crops/1374_jpg.rf.6c64883712d67a3ad448ca10c0398308_0023.jpg,4
0068_jpg.rf.f1477e6abbf86ce79a048a1fe6bba11a_0001.jpg,WEED6C_crops/0068_jpg.rf.f1477e6abbf86ce79a048a1fe6bba11a_0001.jpg,5
1253_jpg.rf.9658543ae33aaf005575666b3e5b4453_0011.jpg,WEED6C_crops/1253_jpg.rf.9658543ae33aaf005575666b3e5b4453_0011.jpg,4
1294_jpg.rf.99a6afbaff3de0db6ad09e909b9845eb_0013.jpg,WEED6C_crops/1294_jpg.rf.99a6afbaff3de0db6ad09e909b9845eb_0013.jpg,4
1286_jpg.rf.a2f3cfb47234b710f8934ba54d6eb78d_0020.jpg,WEED6C_crops/1286_jpg.rf.a2f3cfb47234b710f8934ba54d6eb78d_0020.jpg,4
1263_jpg.rf.30b98d36787435013e4dbbaf2d246f70_0004.jpg,WEED6C_crops/1263_jpg.rf.30b98d36787435013e4dbbaf2d246f70_0004.jpg,4
0317_jpg.rf.05694a5508a3d9bf052e6632fe5332ce_0003.jpg,WEED6C_crops/0317_jpg.rf.05694a5508a3d9bf052e6632fe5332ce_0003.jpg,3
1303_jpg.rf.8f30bd948ef635a90243d4eb022d379b_0056.jpg,WEED6C_crops/1303_jpg.rf.8f30bd948ef635a90243d4eb022d379b_0056.jpg,4
0017_jpg.rf.48b0f87e6b16bc670fd0d031671f1b35_0003.jpg,WEED6C_crops/0017_jpg.rf.48b0f87e6b16bc670fd0d031671f1b35_0003.jpg,5
0327_jpg.rf.9195005bab0e0fa8deaef9eae9d2f695_0003.jpg,WEED6C_crops/0327_jpg.rf.9195005bab0e0fa8deaef9eae9d2f695_0003.jpg,3
0199_jpg.rf.14553f5693a42070298ad7710a122f4b_0012.jpg,WEED6C_crops/0199_jpg.rf.14553f5693a42070298ad7710a122f4b_0012.jpg,3
0884_jpg.rf.177355f2bb9b730dc0314514d3ed4a43_0006.jpg,WEED6C_crops/0884_jpg.rf.177355f2bb9b730dc0314514d3ed4a43_0006.jpg,1
1229_jpg.rf.f39c48606a011efde3d20b5d68fa1f43_0018.jpg,WEED6C_crops/1229_jpg.rf.f39c48606a011efde3d20b5d68fa1f43_0018.jpg,4
1283_jpg.rf.27f7453f4bae2396f433ee3b8c46fb3a_0004.jpg,WEED6C_crops/1283_jpg.rf.27f7453f4bae2396f433ee3b8c46fb3a_0004.jpg,4
1327_jpg.rf.dc77e825fdfc1e35e9bdd4129d3202c9_0012.jpg,WEED6C_crops/1327_jpg.rf.dc77e825fdfc1e35e9bdd4129d3202c9_0012.jpg,4
0084_jpg.rf.49a24825fcabc006eba2bbcc34575367_0001.jpg,WEED6C_crops/0084_jpg.rf.49a24825fcabc006eba2bbcc34575367_0001.jpg,5
1192_jpg.rf.3ddd74b9897c1de657e47caf486cdb6d_0002.jpg,WEED6C_crops/1192_jpg.rf.3ddd74b9897c1de657e47caf486cdb6d_0002.jpg,1
0402_jpg.rf.e47f921e7fde543ee67ed33616ac6bc6_0003.jpg,WEED6C_crops/0402_jpg.rf.e47f921e7fde543ee67ed33616ac6bc6_0003.jpg,3
1378_jpg.rf.a485ab7c96bef96dac8eb7e61bbb7fb8_0017.jpg,WEED6C_crops/1378_jpg.rf.a485ab7c96bef96dac8eb7e61bbb7fb8_0017.jpg,4
0014_jpg.rf.0331fc38ac95a67b7b5693c3acee35ef_0002.jpg,WEED6C_crops/0014_jpg.rf.0331fc38ac95a67b7b5693c3acee35ef_0002.jpg,5
0685_jpg.rf.0e3a746291e45152895da0c9eb692e20_0004.jpg,WEED6C_crops/0685_jpg.rf.0e3a746291e45152895da0c9eb692e20_0004.jpg,2
0513_jpg.rf.eb1d9f08746106993dc97e30362f9ea4_0007.jpg,WEED6C_crops/0513_jpg.rf.eb1d9f08746106993dc97e30362f9ea4_0007.jpg,2
0712_jpg.rf.ad47488937bd77230998ec49129dbc02_0006.jpg,WEED6C_crops/0712_jpg.rf.ad47488937bd77230998ec49129dbc02_0006.jpg,1
0050_jpg.rf.3ee4c1a74823c2a3a4ac7547ce82bb5f_0004.jpg,WEED6C_crops/0050_jpg.rf.3ee4c1a74823c2a3a4ac7547ce82bb5f_0004.jpg,5
1374_jpg.rf.6c64883712d67a3ad448ca10c0398308_0036.jpg,WEED6C_crops/1374_jpg.rf.6c64883712d67a3ad448ca10c0398308_0036.jpg,4
1240_jpg.rf.e1ad20f0f2011d323769409c17d77863_0017.jpg,WEED6C_crops/1240_jpg.rf.e1ad20f0f2011d323769409c17d77863_0017.jpg,4
1239_jpg.rf.7b926cf59320e9b12909abef7c8e7aac_0018.jpg,WEED6C_crops/1239_jpg.rf.7b926cf59320e9b12909abef7c8e7aac_0018.jpg,4
0248_jpg.rf.74f8b6f9e136d360fc24a9bd253b1a7e_0006.jpg,WEED6C_crops/0248_jpg.rf.74f8b6f9e136d360fc24a9bd253b1a7e_0006.jpg,2
1236_jpg.rf.84823ae11fdee603ba6a5fab2cc61c7f_0028.jpg,WEED6C_crops/1236_jpg.rf.84823ae11fdee603ba6a5fab2cc61c7f_0028.jpg,4
1305_jpg.rf.443512b37c4cb64236dc2fdc570ded6d_0032.jpg,WEED6C_crops/1305_jpg.rf.443512b37c4cb64236dc2fdc570ded6d_0032.jpg,4
0837_jpg.rf.8735d328e944f506f933e1e7704cceb0_0008.jpg,WEED6C_crops/0837_jpg.rf.8735d328e944f506f933e1e7704cceb0_0008.jpg,0
0372_jpg.rf.06daa2f5f693811a1ba1c5b8065a408b_0002.jpg,WEED6C_crops/0372_jpg.rf.06daa2f5f693811a1ba1c5b8065a408b_0002.jpg,3
0973_jpg.rf.f9ede6d5a57cae43115ce1c2019c31df_0004.jpg,WEED6C_crops/0973_jpg.rf.f9ede6d5a57cae43115ce1c2019c31df_0004.jpg,1
0275_jpg.rf.c56d677ffb9142d5af17b4a6e37d00a9_0002.jpg,WEED6C_crops/0275_jpg.rf.c56d677ffb9142d5af17b4a6e37d00a9_0002.jpg,1
1161_jpg.rf.d7faeb4238125f07179cf8dd79edf8e8_0002.jpg,WEED6C_crops/1161_jpg.rf.d7faeb4238125f07179cf8dd79edf8e8_0002.jpg,0
0288_jpg.rf.bb389a0b6eaf05d324c60d6c24a764fa_0001.jpg,WEED6C_crops/0288_jpg.rf.bb389a0b6eaf05d324c60d6c24a764fa_0001.jpg,2
1237_jpg.rf.e87e95a727e50bae03c61f0b1e8522b6_0011.jpg,WEED6C_crops/1237_jpg.rf.e87e95a727e50bae03c61f0b1e8522b6_0011.jpg,4
1327_jpg.rf.dc77e825fdfc1e35e9bdd4129d3202c9_0008.jpg,WEED6C_crops/1327_jpg.rf.dc77e825fdfc1e35e9bdd4129d3202c9_0008.jpg,4
1266_jpg.rf.b6ff71f2ca53cd0403e63652331b6edb_0003.jpg,WEED6C_crops/1266_jpg.rf.b6ff71f2ca53cd0403e63652331b6edb_0003.jpg,4
0292_jpg.rf.6a50c1ede4f6200fe42989cb1ee3177d_0006.jpg,WEED6C_crops/0292_jpg.rf.6a50c1ede4f6200fe42989cb1ee3177d_0006.jpg,3
0861_jpg.rf.5046920c623e0e455223e78cc816884b_0007.jpg,WEED6C_crops/0861_jpg.rf.5046920c623e0e455223e78cc816884b_0007.jpg,1
1297_jpg.rf.6b0b7752cf8cf4de863fbe28b3493196_0013.jpg,WEED6C_crops/1297_jpg.rf.6b0b7752cf8cf4de863fbe28b3493196_0013.jpg,4
1155_jpg.rf.5454700e17001e1f0697ee503a5257bf_0001.jpg,WEED6C_crops/1155_jpg.rf.5454700e17001e1f0697ee503a5257bf_0001.jpg,2
0278_jpg.rf.15b2a8c784e81820e90c2403b778d212_0002.jpg,WEED6C_crops/0278_jpg.rf.15b2a8c784e81820e90c2403b778d212_0002.jpg,0
1378_jpg.rf.a485ab7c96bef96dac8eb7e61bbb7fb8_0030.jpg,WEED6C_crops/1378_jpg.rf.a485ab7c96bef96dac8eb7e61bbb7fb8_0030.jpg,4
0486_jpg.rf.19fb2e3d38c83f10f68990165f354cde_0001.jpg,WEED6C_crops/0486_jpg.rf.19fb2e3d38c83f10f68990165f354cde_0001.jpg,1
0742_jpg.rf.989333e097f768d08185fb47347eeb07_0001.jpg,WEED6C_crops/0742_jpg.rf.989333e097f768d08185fb47347eeb07_0001.jpg,3
1240_jpg.rf.e1ad20f0f2011d323769409c17d77863_0014.jpg,WEED6C_crops/1240_jpg.rf.e1ad20f0f2011d323769409c17d77863_0014.jpg,4
0833_jpg.rf.039a09c9dc3d7844756e0e7031f744f5_0014.jpg,WEED6C_crops/0833_jpg.rf.039a09c9dc3d7844756e0e7031f744f5_0014.jpg,0
0861_jpg.rf.5046920c623e0e455223e78cc816884b_0002.jpg,WEED6C_crops/0861_jpg.rf.5046920c623e0e455223e78cc816884b_0002.jpg,0
0263_jpg.rf.0c6fd334d47391998f823378f4db418f_0003.jpg,WEED6C_crops/0263_jpg.rf.0c6fd334d47391998f823378f4db418f_0003.jpg,0
0285_jpg.rf.415fee08c2dc0c62797603c7b61e074c_0008.jpg,WEED6C_crops/0285_jpg.rf.415fee08c2dc0c62797603c7b61e074c_0008.jpg,0
1342_jpg.rf.5ba11aacf5cc1306e3de9786d203418e_0004.jpg,WEED6C_crops/1342_jpg.rf.5ba11aacf5cc1306e3de9786d203418e_0004.jpg,4
1238_jpg.rf.8f2e4dde815b3cdba79f2d24a33ad9eb_0002.jpg,WEED6C_crops/1238_jpg.rf.8f2e4dde815b3cdba79f2d24a33ad9eb_0002.jpg,1
0875_jpg.rf.69350114bdfdf32e006a5a2f0aacba2d_0004.jpg,WEED6C_crops/0875_jpg.rf.69350114bdfdf32e006a5a2f0aacba2d_0004.jpg,3
0819_jpg.rf.ac58495c980a8d0a431b1fff30500e44_0006.jpg,WEED6C_crops/0819_jpg.rf.ac58495c980a8d0a431b1fff30500e44_0006.jpg,3
1339_jpg.rf.c1d6ea90c66a0ca02bdb39223830ec18_0006.jpg,WEED6C_crops/1339_jpg.rf.c1d6ea90c66a0ca02bdb39223830ec18_0006.jpg,4
0278_jpg.rf.15b2a8c784e81820e90c2403b778d212_0007.jpg,WEED6C_crops/0278_jpg.rf.15b2a8c784e81820e90c2403b778d212_0007.jpg,0
0557_jpg.rf.d3f537b61855e58497869e9adbcb5bde_0001.jpg,WEED6C_crops/0557_jpg.rf.d3f537b61855e58497869e9adbcb5bde_0001.jpg,3
0143_jpg.rf.63a1d30ee187c58f4d778a5f57ad4c9a_0004.jpg,WEED6C_crops/0143_jpg.rf.63a1d30ee187c58f4d778a5f57ad4c9a_0004.jpg,5
0905_jpg.rf.5a1b7582aaae62dad96fd4b02e23f919_0011.jpg,WEED6C_crops/0905_jpg.rf.5a1b7582aaae62dad96fd4b02e23f919_0011.jpg,0
0268_jpg.rf.29ca8c5228413263362774580ff9c442_0004.jpg,WEED6C_crops/0268_jpg.rf.29ca8c5228413263362774580ff9c442_0004.jpg,0
0574_jpg.rf.929b95c70efc3394f4ffc8686bec7f34_0006.jpg,WEED6C_crops/0574_jpg.rf.929b95c70efc3394f4ffc8686bec7f34_0006.jpg,3
0188_jpg.rf.7517319ba67085293aa2e6b06181455b_0001.jpg,WEED6C_crops/0188_jpg.rf.7517319ba67085293aa2e6b06181455b_0001.jpg,0
0239_jpg.rf.bffa3bfce44d84b05adb8e3e3cab980f_0011.jpg,WEED6C_crops/0239_jpg.rf.bffa3bfce44d84b05adb8e3e3cab980f_0011.jpg,3
0263_jpg.rf.0c6fd334d47391998f823378f4db418f_0004.jpg,WEED6C_crops/0263_jpg.rf.0c6fd334d47391998f823378f4db418f_0004.jpg,0
1234_jpg.rf.a93944a842f95553d9a3a60eca1434ff_0010.jpg,WEED6C_crops/1234_jpg.rf.a93944a842f95553d9a3a60eca1434ff_0010.jpg,4
0822_jpg.rf.ddd37808fac021f724206f01eb65afc9_0001.jpg,WEED6C_crops/0822_jpg.rf.ddd37808fac021f724206f01eb65afc9_0001.jpg,3
0467_jpg.rf.3a5f5a41ee497d151738f3547489576c_0001.jpg,WEED6C_crops/0467_jpg.rf.3a5f5a41ee497d151738f3547489576c_0001.jpg,2
1384_jpg.rf.afcd8b0134972419b998849c6733c7a3_0021.jpg,WEED6C_crops/1384_jpg.rf.afcd8b0134972419b998849c6733c7a3_0021.jpg,4
1237_jpg.rf.e87e95a727e50bae03c61f0b1e8522b6_0013.jpg,WEED6C_crops/1237_jpg.rf.e87e95a727e50bae03c61f0b1e8522b6_0013.jpg,4
1341_jpg.rf.9d8942b91b7a5f0bbf8dae68d9c390e2_0027.jpg,WEED6C_crops/1341_jpg.rf.9d8942b91b7a5f0bbf8dae68d9c390e2_0027.jpg,4
0342_jpg.rf.8970aac3b049a5549e7dcb2e7ed9593e_0003.jpg,WEED6C_crops/0342_jpg.rf.8970aac3b049a5549e7dcb2e7ed9593e_0003.jpg,0
0332_jpg.rf.46c8f2b7f0d4e937c4bdf2a3dbc59506_0004.jpg,WEED6C_crops/0332_jpg.rf.46c8f2b7f0d4e937c4bdf2a3dbc59506_0004.jpg,1
0510_jpg.rf.c858093e043596f9a56df2092b01935e_0008.jpg,WEED6C_crops/0510_jpg.rf.c858093e043596f9a56df2092b01935e_0008.jpg,2
0433_jpg.rf.d2bdbb2315af30e1d94802cd520b344b_0001.jpg,WEED6C_crops/0433_jpg.rf.d2bdbb2315af30e1d94802cd520b344b_0001.jpg,1
1366_jpg.rf.03f231049801971512990ca20f3424d9_0025.jpg,WEED6C_crops/1366_jpg.rf.03f231049801971512990ca20f3424d9_0025.jpg,4
1162_jpg.rf.17094e01b76dd18ca130d5bb9553fb7d_0001.jpg,WEED6C_crops/1162_jpg.rf.17094e01b76dd18ca130d5bb9553fb7d_0001.jpg,2
0242_jpg.rf.52800b665a2b860fd527febaee511016_0005.jpg,WEED6C_crops/0242_jpg.rf.52800b665a2b860fd527febaee511016_0005.jpg,3
0885_jpg.rf.664ea7b25e783b6731a9e46274bc979c_0001.jpg,WEED6C_crops/0885_jpg.rf.664ea7b25e783b6731a9e46274bc979c_0001.jpg,3
1227_jpg.rf.eb9e3a2fa93b1867c5cb9f3a1fcf7bdb_0013.jpg,WEED6C_crops/1227_jpg.rf.eb9e3a2fa93b1867c5cb9f3a1fcf7bdb_0013.jpg,0
0283_jpg.rf.f3d09170767f659721e1a02d06422fcc_0016.jpg,WEED6C_crops/0283_jpg.rf.f3d09170767f659721e1a02d06422fcc_0016.jpg,0
0006_jpg.rf.dce11451977e2aff17a6576768c53ae5_0001.jpg,WEED6C_crops/0006_jpg.rf.dce11451977e2aff17a6576768c53ae5_0001.jpg,5
1249_jpg.rf.e1efe2270f002b51f4715161251b6365_0006.jpg,WEED6C_crops/1249_jpg.rf.e1efe2270f002b51f4715161251b6365_0006.jpg,1
0863_jpg.rf.26770e014f1133ea96231f3a9a266c3b_0007.jpg,WEED6C_crops/0863_jpg.rf.26770e014f1133ea96231f3a9a266c3b_0007.jpg,3
0835_jpg.rf.86f8f015b73de124e709c954d11412c0_0004.jpg,WEED6C_crops/0835_jpg.rf.86f8f015b73de124e709c954d11412c0_0004.jpg,1
0827_jpg.rf.4c83320a694e5c2b34a4498c245781bd_0001.jpg,WEED6C_crops/0827_jpg.rf.4c83320a694e5c2b34a4498c245781bd_0001.jpg,1
1267_jpg.rf.7a81427b8cf51c46e081b7723f1e15ac_0032.jpg,WEED6C_crops/1267_jpg.rf.7a81427b8cf51c46e081b7723f1e15ac_0032.jpg,4
0090_jpg.rf.8c61e1352c35e25df2cd1b4b2b47489e_0001.jpg,WEED6C_crops/0090_jpg.rf.8c61e1352c35e25df2cd1b4b2b47489e_0001.jpg,5
0884_jpg.rf.177355f2bb9b730dc0314514d3ed4a43_0010.jpg,WEED6C_crops/0884_jpg.rf.177355f2bb9b730dc0314514d3ed4a43_0010.jpg,3
0079_jpg.rf.bd3d0899dd4a32431aa298454229cee4_0010.jpg,WEED6C_crops/0079_jpg.rf.bd3d0899dd4a32431aa298454229cee4_0010.jpg,5
1229_jpg.rf.f39c48606a011efde3d20b5d68fa1f43_0029.jpg,WEED6C_crops/1229_jpg.rf.f39c48606a011efde3d20b5d68fa1f43_0029.jpg,4
0360_jpg.rf.f070784662d3e14abdda41d21e4b9ccb_0010.jpg,WEED6C_crops/0360_jpg.rf.f070784662d3e14abdda41d21e4b9ccb_0010.jpg,0
0381_jpg.rf.cddb21d4777e113ec1f33da97eb01a9c_0004.jpg,WEED6C_crops/0381_jpg.rf.cddb21d4777e113ec1f33da97eb01a9c_0004.jpg,3
0625_jpg.rf.0f8d1b9405c529fca881df194e56a9be_0004.jpg,WEED6C_crops/0625_jpg.rf.0f8d1b9405c529fca881df194e56a9be_0004.jpg,0
0603_jpg.rf.cab64e31d05fefc48f7cd476fb6c4aa8_0009.jpg,WEED6C_crops/0603_jpg.rf.cab64e31d05fefc48f7cd476fb6c4aa8_0009.jpg,0
1360_jpg.rf.4adff7020975375bcf1db2c7f65ecb42_0029.jpg,WEED6C_crops/1360_jpg.rf.4adff7020975375bcf1db2c7f65ecb42_0029.jpg,4
0272_jpg.rf.5a9e2d55fbac5b624c22a75911b0f5de_0006.jpg,WEED6C_crops/0272_jpg.rf.5a9e2d55fbac5b624c22a75911b0f5de_0006.jpg,0
0638_jpg.rf.2a5617b0bb45ebd513ef87da9cfce275_0005.jpg,WEED6C_crops/0638_jpg.rf.2a5617b0bb45ebd513ef87da9cfce275_0005.jpg,3
0850_jpg.rf.ed4113a22c0e37f4aa6ab3fadb3c3be3_0008.jpg,WEED6C_crops/0850_jpg.rf.ed4113a22c0e37f4aa6ab3fadb3c3be3_0008.jpg,3
0374_jpg.rf.1b99fb624109c33dd37510c87887471a_0001.jpg,WEED6C_crops/0374_jpg.rf.1b99fb624109c33dd37510c87887471a_0001.jpg,3
0341_jpg.rf.bde896b6a61720a84f5ad1ba09ed1f35_0005.jpg,WEED6C_crops/0341_jpg.rf.bde896b6a61720a84f5ad1ba09ed1f35_0005.jpg,1
0726_jpg.rf.277bac6c0b99286125b145e5a65fa217_0001.jpg,WEED6C_crops/0726_jpg.rf.277bac6c0b99286125b145e5a65fa217_0001.jpg,3
0427_jpg.rf.9f7a1f6a25558388dd86baaf85fd2dfb_0004.jpg,WEED6C_crops/0427_jpg.rf.9f7a1f6a25558388dd86baaf85fd2dfb_0004.jpg,2
1185_jpg.rf.4301288d8d41bdf1ea23cd2c19823a14_0001.jpg,WEED6C_crops/1185_jpg.rf.4301288d8d41bdf1ea23cd2c19823a14_0001.jpg,2
0410_jpg.rf.61ef6ff6c0e42d24db454259cbfe3332_0003.jpg,WEED6C_crops/0410_jpg.rf.61ef6ff6c0e42d24db454259cbfe3332_0003.jpg,3
0892_jpg.rf.2d2d85a07511ef16aa292a307d9e4f14_0007.jpg,WEED6C_crops/0892_jpg.rf.2d2d85a07511ef16aa292a307d9e4f14_0007.jpg,3
1351_jpg.rf.e445b427433acaf539128b94d3521f79_0008.jpg,WEED6C_crops/1351_jpg.rf.e445b427433acaf539128b94d3521f79_0008.jpg,4
0611_jpg.rf.a43d01bb92f935d75bbf7a0cedc183e2_0003.jpg,WEED6C_crops/0611_jpg.rf.a43d01bb92f935d75bbf7a0cedc183e2_0003.jpg,0
0043_jpg.rf.63b0edf7b0a8d7edeaeab7debc6d81c9_0003.jpg,WEED6C_crops/0043_jpg.rf.63b0edf7b0a8d7edeaeab7debc6d81c9_0003.jpg,5
1270_jpg.rf.c34b854accd8ec862089128de29e245c_0040.jpg,WEED6C_crops/1270_jpg.rf.c34b854accd8ec862089128de29e245c_0040.jpg,4
0282_jpg.rf.903c6855cfaa6190be3ecefb5d6c9bc1_0002.jpg,WEED6C_crops/0282_jpg.rf.903c6855cfaa6190be3ecefb5d6c9bc1_0002.jpg,0
1355_jpg.rf.6913dec06d5038de035d46f593a0bd9e_0032.jpg,WEED6C_crops/1355_jpg.rf.6913dec06d5038de035d46f593a0bd9e_0032.jpg,4
0428_jpg.rf.d829eb4d8d011a1ea1166349e797a873_0001.jpg,WEED6C_crops/0428_jpg.rf.d829eb4d8d011a1ea1166349e797a873_0001.jpg,1
1182_jpg.rf.a1b74a16aad1858d692f42b03e0f707f_0002.jpg,WEED6C_crops/1182_jpg.rf.a1b74a16aad1858d692f42b03e0f707f_0002.jpg,2
0766_jpg.rf.a8812af23dec5f3b181a8b43d35fe96b_0005.jpg,WEED6C_crops/0766_jpg.rf.a8812af23dec5f3b181a8b43d35fe96b_0005.jpg,2
0668_jpg.rf.1a1b53ddc6d125011fe6853ed7ffb926_0002.jpg,WEED6C_crops/0668_jpg.rf.1a1b53ddc6d125011fe6853ed7ffb926_0002.jpg,0
0689_jpg.rf.a20a8ef1823a64c367e46dfb862e93a1_0005.jpg,WEED6C_crops/0689_jpg.rf.a20a8ef1823a64c367e46dfb862e93a1_0005.jpg,3
1341_jpg.rf.9d8942b91b7a5f0bbf8dae68d9c390e2_0026.jpg,WEED6C_crops/1341_jpg.rf.9d8942b91b7a5f0bbf8dae68d9c390e2_0026.jpg,4
0855_jpg.rf.c3864326bbe207814bd73e53a801ac40_0004.jpg,WEED6C_crops/0855_jpg.rf.c3864326bbe207814bd73e53a801ac40_0004.jpg,0
0542_jpg.rf.b5864f4c452f4f3a61a757f70d2b383f_0001.jpg,WEED6C_crops/0542_jpg.rf.b5864f4c452f4f3a61a757f70d2b383f_0001.jpg,3
1216_jpg.rf.86d2e162fcc08efbcd68430cb9761144_0001.jpg,WEED6C_crops/1216_jpg.rf.86d2e162fcc08efbcd68430cb9761144_0001.jpg,2
1341_jpg.rf.9d8942b91b7a5f0bbf8dae68d9c390e2_0024.jpg,WEED6C_crops/1341_jpg.rf.9d8942b91b7a5f0bbf8dae68d9c390e2_0024.jpg,4
1259_jpg.rf.0167b645cb0006baa012cf610d53ebdd_0017.jpg,WEED6C_crops/1259_jpg.rf.0167b645cb0006baa012cf610d53ebdd_0017.jpg,4
0704_jpg.rf.eef5dd92ac237a136fb2d73156500d0e_0004.jpg,WEED6C_crops/0704_jpg.rf.eef5dd92ac237a136fb2d73156500d0e_0004.jpg,3
1297_jpg.rf.6b0b7752cf8cf4de863fbe28b3493196_0010.jpg,WEED6C_crops/1297_jpg.rf.6b0b7752cf8cf4de863fbe28b3493196_0010.jpg,4
0480_jpg.rf.2723a058483790a8371a1dd0728c3af1_0004.jpg,WEED6C_crops/0480_jpg.rf.2723a058483790a8371a1dd0728c3af1_0004.jpg,0
1321_jpg.rf.8e65d21edc01a3aaf9a2de8cd2acce95_0007.jpg,WEED6C_crops/1321_jpg.rf.8e65d21edc01a3aaf9a2de8cd2acce95_0007.jpg,4
1379_jpg.rf.51eb6739e53299f2ac6115b3c694bde0_0007.jpg,WEED6C_crops/1379_jpg.rf.51eb6739e53299f2ac6115b3c694bde0_0007.jpg,4
0836_jpg.rf.0dfc1c090a89da80e2493e6185706bf8_0013.jpg,WEED6C_crops/0836_jpg.rf.0dfc1c090a89da80e2493e6185706bf8_0013.jpg,3
0778_jpg.rf.0f302eaa382ebccb02ebacf8c6755587_0001.jpg,WEED6C_crops/0778_jpg.rf.0f302eaa382ebccb02ebacf8c6755587_0001.jpg,3
1302_jpg.rf.26ab3fc340b22f9482155ab905a6cebf_0023.jpg,WEED6C_crops/1302_jpg.rf.26ab3fc340b22f9482155ab905a6cebf_0023.jpg,4
0541_jpg.rf.a07bcb8674229ad06678f737ffd8b0f3_0002.jpg,WEED6C_crops/0541_jpg.rf.a07bcb8674229ad06678f737ffd8b0f3_0002.jpg,3
0251_jpg.rf.3a62dfb334b76e437c54367b5c17f378_0005.jpg,WEED6C_crops/0251_jpg.rf.3a62dfb334b76e437c54367b5c17f378_0005.jpg,3
0753_jpg.rf.e4148ad0e12084ec8c807772e6eac3a1_0002.jpg,WEED6C_crops/0753_jpg.rf.e4148ad0e12084ec8c807772e6eac3a1_0002.jpg,0
0798_jpg.rf.dc748db6dae1b8df8027b6f3d86ff4f6_0004.jpg,WEED6C_crops/0798_jpg.rf.dc748db6dae1b8df8027b6f3d86ff4f6_0004.jpg,3
0362_jpg.rf.d5442bc15d85d46636b2e635eec3d8bd_0006.jpg,WEED6C_crops/0362_jpg.rf.d5442bc15d85d46636b2e635eec3d8bd_0006.jpg,0
1003_jpg.rf.602b7f8d6ae459ed32df2fc00275a094_0005.jpg,WEED6C_crops/1003_jpg.rf.602b7f8d6ae459ed32df2fc00275a094_0005.jpg,0
1191_jpg.rf.12309e2fa501f68fc2afca87e91a486c_0003.jpg,WEED6C_crops/1191_jpg.rf.12309e2fa501f68fc2afca87e91a486c_0003.jpg,1
1266_jpg.rf.b6ff71f2ca53cd0403e63652331b6edb_0021.jpg,WEED6C_crops/1266_jpg.rf.b6ff71f2ca53cd0403e63652331b6edb_0021.jpg,4
1267_jpg.rf.7a81427b8cf51c46e081b7723f1e15ac_0021.jpg,WEED6C_crops/1267_jpg.rf.7a81427b8cf51c46e081b7723f1e15ac_0021.jpg,4
1297_jpg.rf.6b0b7752cf8cf4de863fbe28b3493196_0015.jpg,WEED6C_crops/1297_jpg.rf.6b0b7752cf8cf4de863fbe28b3493196_0015.jpg,4
0346_jpg.rf.3ddd174718d6c957fcdf4654000c5fb8_0008.jpg,WEED6C_crops/0346_jpg.rf.3ddd174718d6c957fcdf4654000c5fb8_0008.jpg,3
1265_jpg.rf.459c2e1e9909ee52948bcfdb891d5d39_0028.jpg,WEED6C_crops/1265_jpg.rf.459c2e1e9909ee52948bcfdb891d5d39_0028.jpg,4
0590_jpg.rf.d8ed8fc15579f012be41d7c809ba756a_0003.jpg,WEED6C_crops/0590_jpg.rf.d8ed8fc15579f012be41d7c809ba756a_0003.jpg,3
0282_jpg.rf.903c6855cfaa6190be3ecefb5d6c9bc1_0011.jpg,WEED6C_crops/0282_jpg.rf.903c6855cfaa6190be3ecefb5d6c9bc1_0011.jpg,0
1321_jpg.rf.8e65d21edc01a3aaf9a2de8cd2acce95_0006.jpg,WEED6C_crops/1321_jpg.rf.8e65d21edc01a3aaf9a2de8cd2acce95_0006.jpg,4
0632_jpg.rf.9835eced0ca94b3dc06bf15ea115944a_0005.jpg,WEED6C_crops/0632_jpg.rf.9835eced0ca94b3dc06bf15ea115944a_0005.jpg,1
1314_jpg.rf.026df1d2420a72903e8aa30534cca72c_0004.jpg,WEED6C_crops/1314_jpg.rf.026df1d2420a72903e8aa30534cca72c_0004.jpg,4
0371_jpg.rf.62d76e210274f453e41cae2c6e4d0fce_0003.jpg,WEED6C_crops/0371_jpg.rf.62d76e210274f453e41cae2c6e4d0fce_0003.jpg,3
1159_jpg.rf.83ea17d3245366bfb3c3e57d58ef21ca_0003.jpg,WEED6C_crops/1159_jpg.rf.83ea17d3245366bfb3c3e57d58ef21ca_0003.jpg,2
0843_jpg.rf.19990dca923bda404242d7a76489c5e8_0005.jpg,WEED6C_crops/0843_jpg.rf.19990dca923bda404242d7a76489c5e8_0005.jpg,1
1271_jpg.rf.edbc880f2c5cbc76998035cf808e95a2_0012.jpg,WEED6C_crops/1271_jpg.rf.edbc880f2c5cbc76998035cf808e95a2_0012.jpg,4
0663_jpg.rf.86238d0a41d75b4f5d848e0d84c93cdc_0002.jpg,WEED6C_crops/0663_jpg.rf.86238d0a41d75b4f5d848e0d84c93cdc_0002.jpg,0
1265_jpg.rf.459c2e1e9909ee52948bcfdb891d5d39_0022.jpg,WEED6C_crops/1265_jpg.rf.459c2e1e9909ee52948bcfdb891d5d39_0022.jpg,4
0857_jpg.rf.d6073bbc93ff88483d928950296cf5c3_0005.jpg,WEED6C_crops/0857_jpg.rf.d6073bbc93ff88483d928950296cf5c3_0005.jpg,0
0293_jpg.rf.fe63fe269d1f9ff3ae4f33331785ae5d_0012.jpg,WEED6C_crops/0293_jpg.rf.fe63fe269d1f9ff3ae4f33331785ae5d_0012.jpg,0
0353_jpg.rf.42a3200b80e5a0a8b56e470d21b7d422_0006.jpg,WEED6C_crops/0353_jpg.rf.42a3200b80e5a0a8b56e470d21b7d422_0006.jpg,0
0436_jpg.rf.c37cb155032142acb365642095d9d118_0004.jpg,WEED6C_crops/0436_jpg.rf.c37cb155032142acb365642095d9d118_0004.jpg,3
0193_jpg.rf.88709cc595706f8481dc357d500cb43a_0005.jpg,WEED6C_crops/0193_jpg.rf.88709cc595706f8481dc357d500cb43a_0005.jpg,3
0982_jpg.rf.6b08f1c20efe193799b6163af523e137_0003.jpg,WEED6C_crops/0982_jpg.rf.6b08f1c20efe193799b6163af523e137_0003.jpg,1
0386_jpg.rf.7200147910cafd7b35d4cc7e21a4f88d_0006.jpg,WEED6C_crops/0386_jpg.rf.7200147910cafd7b35d4cc7e21a4f88d_0006.jpg,1
0830_jpg.rf.8781b961273330d6d6176c9d9e45393a_0005.jpg,WEED6C_crops/0830_jpg.rf.8781b961273330d6d6176c9d9e45393a_0005.jpg,1
0841_jpg.rf.9b192c44368ad3e5cc330b50324fbeca_0011.jpg,WEED6C_crops/0841_jpg.rf.9b192c44368ad3e5cc330b50324fbeca_0011.jpg,2
0285_jpg.rf.415fee08c2dc0c62797603c7b61e074c_0007.jpg,WEED6C_crops/0285_jpg.rf.415fee08c2dc0c62797603c7b61e074c_0007.jpg,1
0404_jpg.rf.0ccc8ee3871c7241f23b72d5233413ca_0001.jpg,WEED6C_crops/0404_jpg.rf.0ccc8ee3871c7241f23b72d5233413ca_0001.jpg,3
1317_jpg.rf.f35270c4968e18ced1df08d3cbb5874a_0004.jpg,WEED6C_crops/1317_jpg.rf.f35270c4968e18ced1df08d3cbb5874a_0004.jpg,4
1367_jpg.rf.525537f6569c4903b5b939c2e8220219_0009.jpg,WEED6C_crops/1367_jpg.rf.525537f6569c4903b5b939c2e8220219_0009.jpg,4
0096_jpg.rf.ef12708444cd11ce801180068d1a3056_0001.jpg,WEED6C_crops/0096_jpg.rf.ef12708444cd11ce801180068d1a3056_0001.jpg,5
0246_jpg.rf.ec9c85e91b0b56953a1526c7e0ac2bb1_0013.jpg,WEED6C_crops/0246_jpg.rf.ec9c85e91b0b56953a1526c7e0ac2bb1_0013.jpg,3
0993_jpg.rf.ce6c13d32d63ebb36918c34d00a949a9_0001.jpg,WEED6C_crops/0993_jpg.rf.ce6c13d32d63ebb36918c34d00a949a9_0001.jpg,2
0094_jpg.rf.61e97d8a654d322af0b8f5777fd16f41_0012.jpg,WEED6C_crops/0094_jpg.rf.61e97d8a654d322af0b8f5777fd16f41_0012.jpg,4
1355_jpg.rf.6913dec06d5038de035d46f593a0bd9e_0030.jpg,WEED6C_crops/1355_jpg.rf.6913dec06d5038de035d46f593a0bd9e_0030.jpg,4
1305_jpg.rf.443512b37c4cb64236dc2fdc570ded6d_0042.jpg,WEED6C_crops/1305_jpg.rf.443512b37c4cb64236dc2fdc570ded6d_0042.jpg,4
0818_jpg.rf.b11a7903eb8f3a4c5a8c8f589c9a253b_0007.jpg,WEED6C_crops/0818_jpg.rf.b11a7903eb8f3a4c5a8c8f589c9a253b_0007.jpg,0
1312_jpg.rf.fa6b7f3802f4931059a20e34aafb4127_0001.jpg,WEED6C_crops/1312_jpg.rf.fa6b7f3802f4931059a20e34aafb4127_0001.jpg,4
1265_jpg.rf.459c2e1e9909ee52948bcfdb891d5d39_0017.jpg,WEED6C_crops/1265_jpg.rf.459c2e1e9909ee52948bcfdb891d5d39_0017.jpg,4
1342_jpg.rf.5ba11aacf5cc1306e3de9786d203418e_0019.jpg,WEED6C_crops/1342_jpg.rf.5ba11aacf5cc1306e3de9786d203418e_0019.jpg,4
1259_jpg.rf.0167b645cb0006baa012cf610d53ebdd_0007.jpg,WEED6C_crops/1259_jpg.rf.0167b645cb0006baa012cf610d53ebdd_0007.jpg,4
0773_jpg.rf.af64cb2169cba0da8cd9c267ddeb0a83_0003.jpg,WEED6C_crops/0773_jpg.rf.af64cb2169cba0da8cd9c267ddeb0a83_0003.jpg,3
1268_jpg.rf.f92eaf335716f66b9db465ec842cf1d7_0006.jpg,WEED6C_crops/1268_jpg.rf.f92eaf335716f66b9db465ec842cf1d7_0006.jpg,4
0523_jpg.rf.e297341f098b3ab7218b02fda6496557_0005.jpg,WEED6C_crops/0523_jpg.rf.e297341f098b3ab7218b02fda6496557_0005.jpg,0
1311_jpg.rf.4a2f9977c5ce6af1d01a777bdced6f04_0002.jpg,WEED6C_crops/1311_jpg.rf.4a2f9977c5ce6af1d01a777bdced6f04_0002.jpg,4
0719_jpg.rf.215a19e2837bee4159c14435d4a0a525_0002.jpg,WEED6C_crops/0719_jpg.rf.215a19e2837bee4159c14435d4a0a525_0002.jpg,0
1367_jpg.rf.525537f6569c4903b5b939c2e8220219_0049.jpg,WEED6C_crops/1367_jpg.rf.525537f6569c4903b5b939c2e8220219_0049.jpg,4
0544_jpg.rf.3a50666cc8f7ba7070fdafb40ecc9c6b_0006.jpg,WEED6C_crops/0544_jpg.rf.3a50666cc8f7ba7070fdafb40ecc9c6b_0006.jpg,2
0568_jpg.rf.685136bf07c5de15a47e573f17f84cd8_0001.jpg,WEED6C_crops/0568_jpg.rf.685136bf07c5de15a47e573f17f84cd8_0001.jpg,3
0279_jpg.rf.97bac3364c45f9367beefaa2e41172d2_0008.jpg,WEED6C_crops/0279_jpg.rf.97bac3364c45f9367beefaa2e41172d2_0008.jpg,3
0638_jpg.rf.2a5617b0bb45ebd513ef87da9cfce275_0001.jpg,WEED6C_crops/0638_jpg.rf.2a5617b0bb45ebd513ef87da9cfce275_0001.jpg,3
0793_jpg.rf.db78c5c131b1e48408ef3fdcf573c77b_0002.jpg,WEED6C_crops/0793_jpg.rf.db78c5c131b1e48408ef3fdcf573c77b_0002.jpg,3
0337_jpg.rf.57e86fd8f18b84e3fb62d20ed8f7edec_0006.jpg,WEED6C_crops/0337_jpg.rf.57e86fd8f18b84e3fb62d20ed8f7edec_0006.jpg,3
0594_jpg.rf.e1e0ee375e17ef582154b0617da44611_0001.jpg,WEED6C_crops/0594_jpg.rf.e1e0ee375e17ef582154b0617da44611_0001.jpg,3
1371_jpg.rf.a6456e830a9f9304e2912a0bfb2abda4_0014.jpg,WEED6C_crops/1371_jpg.rf.a6456e830a9f9304e2912a0bfb2abda4_0014.jpg,4
0909_jpg.rf.fa5a514336d1a6736ec93fd0c76680e4_0004.jpg,WEED6C_crops/0909_jpg.rf.fa5a514336d1a6736ec93fd0c76680e4_0004.jpg,3
0946_jpg.rf.6c9bca7799af1a14c6f0fc5bff0aa23c_0002.jpg,WEED6C_crops/0946_jpg.rf.6c9bca7799af1a14c6f0fc5bff0aa23c_0002.jpg,1
0712_jpg.rf.ad47488937bd77230998ec49129dbc02_0005.jpg,WEED6C_crops/0712_jpg.rf.ad47488937bd77230998ec49129dbc02_0005.jpg,3
0699_jpg.rf.3ed5ad3a41c639d643b19fa83af0c49c_0003.jpg,WEED6C_crops/0699_jpg.rf.3ed5ad3a41c639d643b19fa83af0c49c_0003.jpg,2
1291_jpg.rf.4b6c3745afe80d02cad886422d29091f_0006.jpg,WEED6C_crops/1291_jpg.rf.4b6c3745afe80d02cad886422d29091f_0006.jpg,4
0129_jpg.rf.d61db53176d5f462e492a47cb441c327_0001.jpg,WEED6C_crops/0129_jpg.rf.d61db53176d5f462e492a47cb441c327_0001.jpg,5
1229_jpg.rf.f39c48606a011efde3d20b5d68fa1f43_0011.jpg,WEED6C_crops/1229_jpg.rf.f39c48606a011efde3d20b5d68fa1f43_0011.jpg,4
0585_jpg.rf.625118b83aeb18f3830ce66e719d16b5_0001.jpg,WEED6C_crops/0585_jpg.rf.625118b83aeb18f3830ce66e719d16b5_0001.jpg,3
0648_jpg.rf.0175c202c3d613c7912f2bc47f5767cc_0001.jpg,WEED6C_crops/0648_jpg.rf.0175c202c3d613c7912f2bc47f5767cc_0001.jpg,3
0247_jpg.rf.d21bd69dccb16aa034f3772f997e8486_0012.jpg,WEED6C_crops/0247_jpg.rf.d21bd69dccb16aa034f3772f997e8486_0012.jpg,2
1129_jpg.rf.ff6240112df369008b1477caaabb3566_0001.jpg,WEED6C_crops/1129_jpg.rf.ff6240112df369008b1477caaabb3566_0001.jpg,2
0105_jpg.rf.befa44610af7d0c3f4238afa5a470708_0003.jpg,WEED6C_crops/0105_jpg.rf.befa44610af7d0c3f4238afa5a470708_0003.jpg,5
1356_jpg.rf.2f9a9ccab7035b4c81a5ca992e4a9838_0023.jpg,WEED6C_crops/1356_jpg.rf.2f9a9ccab7035b4c81a5ca992e4a9838_0023.jpg,4
1310_jpg.rf.317ac2cca5f24479b0098bf7fbab9ceb_0020.jpg,WEED6C_crops/1310_jpg.rf.317ac2cca5f24479b0098bf7fbab9ceb_0020.jpg,4
0941_jpg.rf.53a6e9da968580dcf9dd275776181ee5_0003.jpg,WEED6C_crops/0941_jpg.rf.53a6e9da968580dcf9dd275776181ee5_0003.jpg,3
1304_jpg.rf.bdabd9792ab23d3924d6e3d26f3aec06_0024.jpg,WEED6C_crops/1304_jpg.rf.bdabd9792ab23d3924d6e3d26f3aec06_0024.jpg,4
1229_jpg.rf.f39c48606a011efde3d20b5d68fa1f43_0019.jpg,WEED6C_crops/1229_jpg.rf.f39c48606a011efde3d20b5d68fa1f43_0019.jpg,4
1233_jpg.rf.a9ad2187477d12adf58c20e898c06211_0015.jpg,WEED6C_crops/1233_jpg.rf.a9ad2187477d12adf58c20e898c06211_0015.jpg,4
1355_jpg.rf.6913dec06d5038de035d46f593a0bd9e_0005.jpg,WEED6C_crops/1355_jpg.rf.6913dec06d5038de035d46f593a0bd9e_0005.jpg,4
1228_jpg.rf.3a6e1d55fd194952bef3ad055644cc66_0019.jpg,WEED6C_crops/1228_jpg.rf.3a6e1d55fd194952bef3ad055644cc66_0019.jpg,1
1376_jpg.rf.f25c9ac507d73d6c536a1d12e1f19067_0002.jpg,WEED6C_crops/1376_jpg.rf.f25c9ac507d73d6c536a1d12e1f19067_0002.jpg,4
1328_jpg.rf.28a21bbb1b3a92b5d4aab483e1b5d7d7_0007.jpg,WEED6C_crops/1328_jpg.rf.28a21bbb1b3a92b5d4aab483e1b5d7d7_0007.jpg,4
1355_jpg.rf.6913dec06d5038de035d46f593a0bd9e_0014.jpg,WEED6C_crops/1355_jpg.rf.6913dec06d5038de035d46f593a0bd9e_0014.jpg,4
0264_jpg.rf.f0707bd2eaf1da4238a8793784130d7d_0007.jpg,WEED6C_crops/0264_jpg.rf.f0707bd2eaf1da4238a8793784130d7d_0007.jpg,0
0394_jpg.rf.237e1a2cae7ee6568549e02a26feba9f_0001.jpg,WEED6C_crops/0394_jpg.rf.237e1a2cae7ee6568549e02a26feba9f_0001.jpg,3
1355_jpg.rf.6913dec06d5038de035d46f593a0bd9e_0008.jpg,WEED6C_crops/1355_jpg.rf.6913dec06d5038de035d46f593a0bd9e_0008.jpg,4
0238_jpg.rf.5173469800f703439d0b7955133ce6d2_0003.jpg,WEED6C_crops/0238_jpg.rf.5173469800f703439d0b7955133ce6d2_0003.jpg,3
0414_jpg.rf.8727b1021acf5209779f225ca2dc7f38_0001.jpg,WEED6C_crops/0414_jpg.rf.8727b1021acf5209779f225ca2dc7f38_0001.jpg,3
0583_jpg.rf.bfdea7e32f09601f15bb9df47a6d86cc_0001.jpg,WEED6C_crops/0583_jpg.rf.bfdea7e32f09601f15bb9df47a6d86cc_0001.jpg,3
0199_jpg.rf.14553f5693a42070298ad7710a122f4b_0013.jpg,WEED6C_crops/0199_jpg.rf.14553f5693a42070298ad7710a122f4b_0013.jpg,3
1276_jpg.rf.1663b3e5193280f178e5c191a9cda6c2_0001.jpg,WEED6C_crops/1276_jpg.rf.1663b3e5193280f178e5c191a9cda6c2_0001.jpg,4
0506_jpg.rf.3852beebeba29ea8a7ac1b89b1607f98_0004.jpg,WEED6C_crops/0506_jpg.rf.3852beebeba29ea8a7ac1b89b1607f98_0004.jpg,1
1387_jpg.rf.4e79357b2bfab756b6edacb516671cfa_0015.jpg,WEED6C_crops/1387_jpg.rf.4e79357b2bfab756b6edacb516671cfa_0015.jpg,1
0743_jpg.rf.dd357fbd5b7634982b95808e47cb2d84_0002.jpg,WEED6C_crops/0743_jpg.rf.dd357fbd5b7634982b95808e47cb2d84_0002.jpg,3
1339_jpg.rf.c1d6ea90c66a0ca02bdb39223830ec18_0023.jpg,WEED6C_crops/1339_jpg.rf.c1d6ea90c66a0ca02bdb39223830ec18_0023.jpg,4
1103_jpg.rf.75353efe21162941bac8f3fa48cbd147_0003.jpg,WEED6C_crops/1103_jpg.rf.75353efe21162941bac8f3fa48cbd147_0003.jpg,2
1361_jpg.rf.fce9ac7b2b25171d1b0e7ccf4383cf25_0009.jpg,WEED6C_crops/1361_jpg.rf.fce9ac7b2b25171d1b0e7ccf4383cf25_0009.jpg,4
1238_jpg.rf.8f2e4dde815b3cdba79f2d24a33ad9eb_0023.jpg,WEED6C_crops/1238_jpg.rf.8f2e4dde815b3cdba79f2d24a33ad9eb_0023.jpg,4
0380_jpg.rf.b7d0b2854cc8079b8d7d331027e84793_0006.jpg,WEED6C_crops/0380_jpg.rf.b7d0b2854cc8079b8d7d331027e84793_0006.jpg,3
0020_jpg.rf.1e78a43d0a0f291598098dcdc500131f_0002.jpg,WEED6C_crops/0020_jpg.rf.1e78a43d0a0f291598098dcdc500131f_0002.jpg,5
0475_jpg.rf.f7f47212ae9b8a10c78ee57a67c34685_0001.jpg,WEED6C_crops/0475_jpg.rf.f7f47212ae9b8a10c78ee57a67c34685_0001.jpg,1
0900_jpg.rf.56951d91454a0ff447573f36d7686c67_0004.jpg,WEED6C_crops/0900_jpg.rf.56951d91454a0ff447573f36d7686c67_0004.jpg,2
0770_jpg.rf.39655d9d934b057212168ca9d2d59f7f_0001.jpg,WEED6C_crops/0770_jpg.rf.39655d9d934b057212168ca9d2d59f7f_0001.jpg,3
0899_jpg.rf.32241a2cbcf778f074c5a57b8a37e343_0007.jpg,WEED6C_crops/0899_jpg.rf.32241a2cbcf778f074c5a57b8a37e343_0007.jpg,2
0632_jpg.rf.9835eced0ca94b3dc06bf15ea115944a_0010.jpg,WEED6C_crops/0632_jpg.rf.9835eced0ca94b3dc06bf15ea115944a_0010.jpg,3
0109_jpg.rf.32257a2ee810c1b498f9a72e2dbff7cf_0001.jpg,WEED6C_crops/0109_jpg.rf.32257a2ee810c1b498f9a72e2dbff7cf_0001.jpg,5
0095_jpg.rf.6b28b7ce2f11bf3d3b5a507e4f6c827f_0001.jpg,WEED6C_crops/0095_jpg.rf.6b28b7ce2f11bf3d3b5a507e4f6c827f_0001.jpg,5
0284_jpg.rf.c2b8611e73ffa1a24090fdc1a431bce4_0008.jpg,WEED6C_crops/0284_jpg.rf.c2b8611e73ffa1a24090fdc1a431bce4_0008.jpg,0
1076_jpg.rf.eac8b9c4b3c6cc6e6265ac9caea197d9_0001.jpg,WEED6C_crops/1076_jpg.rf.eac8b9c4b3c6cc6e6265ac9caea197d9_0001.jpg,1
1224_jpg.rf.8d0dbceeb2dd91bc29796cc14d8034d5_0001.jpg,WEED6C_crops/1224_jpg.rf.8d0dbceeb2dd91bc29796cc14d8034d5_0001.jpg,1
0539_jpg.rf.852b9bb7d42e9fbd00b32242d0549956_0001.jpg,WEED6C_crops/0539_jpg.rf.852b9bb7d42e9fbd00b32242d0549956_0001.jpg,1
0369_jpg.rf.c751bcaa54313500b1f312b5b158c3cf_0003.jpg,WEED6C_crops/0369_jpg.rf.c751bcaa54313500b1f312b5b158c3cf_0003.jpg,1
0085_jpg.rf.899d587859a2f54a75195c7523a70472_0007.jpg,WEED6C_crops/0085_jpg.rf.899d587859a2f54a75195c7523a70472_0007.jpg,5
0656_jpg.rf.47d204b70ff752cd492c6ac9a7ee93be_0002.jpg,WEED6C_crops/0656_jpg.rf.47d204b70ff752cd492c6ac9a7ee93be_0002.jpg,0
0867_jpg.rf.e7d397c954ed7cf326d25d6e4eb562bd_0002.jpg,WEED6C_crops/0867_jpg.rf.e7d397c954ed7cf326d25d6e4eb562bd_0002.jpg,1
1295_jpg.rf.f42892f9b9b14e4cd48cb8f649d05aa8_0007.jpg,WEED6C_crops/1295_jpg.rf.f42892f9b9b14e4cd48cb8f649d05aa8_0007.jpg,4
1303_jpg.rf.8f30bd948ef635a90243d4eb022d379b_0011.jpg,WEED6C_crops/1303_jpg.rf.8f30bd948ef635a90243d4eb022d379b_0011.jpg,4
0770_jpg.rf.39655d9d934b057212168ca9d2d59f7f_0002.jpg,WEED6C_crops/0770_jpg.rf.39655d9d934b057212168ca9d2d59f7f_0002.jpg,1
0134_jpg.rf.ff0e18ac49c9c2a581bebd50c307855b_0002.jpg,WEED6C_crops/0134_jpg.rf.ff0e18ac49c9c2a581bebd50c307855b_0002.jpg,5
0294_jpg.rf.9c021a540f1d16d6cb83dbf7c816c85b_0008.jpg,WEED6C_crops/0294_jpg.rf.9c021a540f1d16d6cb83dbf7c816c85b_0008.jpg,0
0223_jpg.rf.03e885edc5cd389b03d9214483185381_0008.jpg,WEED6C_crops/0223_jpg.rf.03e885edc5cd389b03d9214483185381_0008.jpg,0
1370_jpg.rf.81f386000a766bd098e73e127fb823ea_0014.jpg,WEED6C_crops/1370_jpg.rf.81f386000a766bd098e73e127fb823ea_0014.jpg,4
0851_jpg.rf.8b31cec696e09f86c5849a7a5a9a21c5_0001.jpg,WEED6C_crops/0851_jpg.rf.8b31cec696e09f86c5849a7a5a9a21c5_0001.jpg,3
0464_jpg.rf.1f7ce6f5f06cf0d67b0b3a89f8c3e12f_0001.jpg,WEED6C_crops/0464_jpg.rf.1f7ce6f5f06cf0d67b0b3a89f8c3e12f_0001.jpg,3
1228_jpg.rf.3a6e1d55fd194952bef3ad055644cc66_0009.jpg,WEED6C_crops/1228_jpg.rf.3a6e1d55fd194952bef3ad055644cc66_0009.jpg,4
1360_jpg.rf.4adff7020975375bcf1db2c7f65ecb42_0020.jpg,WEED6C_crops/1360_jpg.rf.4adff7020975375bcf1db2c7f65ecb42_0020.jpg,4
1091_jpg.rf.d6a763ce4625b7c11b93f7d97ba30c7b_0003.jpg,WEED6C_crops/1091_jpg.rf.d6a763ce4625b7c11b93f7d97ba30c7b_0003.jpg,2
1274_jpg.rf.c49661fafad31d4021277dbf9da35bc4_0010.jpg,WEED6C_crops/1274_jpg.rf.c49661fafad31d4021277dbf9da35bc4_0010.jpg,4
0507_jpg.rf.fbf9cce5a2df0c47f4d6282617ee20b3_0003.jpg,WEED6C_crops/0507_jpg.rf.fbf9cce5a2df0c47f4d6282617ee20b3_0003.jpg,1
0265_jpg.rf.580f9d93192f17e1b8d7a590f39d8ade_0003.jpg,WEED6C_crops/0265_jpg.rf.580f9d93192f17e1b8d7a590f39d8ade_0003.jpg,0
0858_jpg.rf.0e080caab8e31cb9fc17f1a79d3f2bdc_0014.jpg,WEED6C_crops/0858_jpg.rf.0e080caab8e31cb9fc17f1a79d3f2bdc_0014.jpg,1
1384_jpg.rf.afcd8b0134972419b998849c6733c7a3_0005.jpg,WEED6C_crops/1384_jpg.rf.afcd8b0134972419b998849c6733c7a3_0005.jpg,1
1227_jpg.rf.eb9e3a2fa93b1867c5cb9f3a1fcf7bdb_0010.jpg,WEED6C_crops/1227_jpg.rf.eb9e3a2fa93b1867c5cb9f3a1fcf7bdb_0010.jpg,0
0054_jpg.rf.e2cb6446160f5160d0ddaaf62281764d_0010.jpg,WEED6C_crops/0054_jpg.rf.e2cb6446160f5160d0ddaaf62281764d_0010.jpg,5
1277_jpg.rf.9f5dc4cbd747655267d2900f31a88d2d_0002.jpg,WEED6C_crops/1277_jpg.rf.9f5dc4cbd747655267d2900f31a88d2d_0002.jpg,4
1190_jpg.rf.e36913c1b855bbf50171bd0d2d0defde_0001.jpg,WEED6C_crops/1190_jpg.rf.e36913c1b855bbf50171bd0d2d0defde_0001.jpg,2
0457_jpg.rf.43768a326e5d05471b395acc868129e7_0003.jpg,WEED6C_crops/0457_jpg.rf.43768a326e5d05471b395acc868129e7_0003.jpg,1
1001_jpg.rf.a4419b3f3d2e3b38e8225c8378fdbb4f_0001.jpg,WEED6C_crops/1001_jpg.rf.a4419b3f3d2e3b38e8225c8378fdbb4f_0001.jpg,3
0965_jpg.rf.6158113c4a6592e88c9d00ccaba5f9df_0001.jpg,WEED6C_crops/0965_jpg.rf.6158113c4a6592e88c9d00ccaba5f9df_0001.jpg,1
0834_jpg.rf.541aec5b5bf56ec58ec1abe5ccbeaf7f_0002.jpg,WEED6C_crops/0834_jpg.rf.541aec5b5bf56ec58ec1abe5ccbeaf7f_0002.jpg,0
1285_jpg.rf.8c5370f95c282daae379485a007ec7bd_0009.jpg,WEED6C_crops/1285_jpg.rf.8c5370f95c282daae379485a007ec7bd_0009.jpg,4
1252_jpg.rf.0460eee5cd6e483e72571dbeb38f50ba_0022.jpg,WEED6C_crops/1252_jpg.rf.0460eee5cd6e483e72571dbeb38f50ba_0022.jpg,1
0482_jpg.rf.f74493ea2e162793224473f9ea72fd13_0007.jpg,WEED6C_crops/0482_jpg.rf.f74493ea2e162793224473f9ea72fd13_0007.jpg,2
0831_jpg.rf.d9b5396051735be26e9dffc2d88e5a86_0006.jpg,WEED6C_crops/0831_jpg.rf.d9b5396051735be26e9dffc2d88e5a86_0006.jpg,1
0544_jpg.rf.3a50666cc8f7ba7070fdafb40ecc9c6b_0007.jpg,WEED6C_crops/0544_jpg.rf.3a50666cc8f7ba7070fdafb40ecc9c6b_0007.jpg,2
0226_jpg.rf.a3b77f7a0cfbbb2377b92a969a25cb0d_0001.jpg,WEED6C_crops/0226_jpg.rf.a3b77f7a0cfbbb2377b92a969a25cb0d_0001.jpg,3
0466_jpg.rf.bca68b39625625a5ddc4c98da51075d0_0001.jpg,WEED6C_crops/0466_jpg.rf.bca68b39625625a5ddc4c98da51075d0_0001.jpg,3
0515_jpg.rf.1ec23450cc48ac25af7468b76ed63c76_0004.jpg,WEED6C_crops/0515_jpg.rf.1ec23450cc48ac25af7468b76ed63c76_0004.jpg,0
0390_jpg.rf.e5cfc1cb23b500659bcf30391741e331_0006.jpg,WEED6C_crops/0390_jpg.rf.e5cfc1cb23b500659bcf30391741e331_0006.jpg,3
0801_jpg.rf.e86c30b6cae6433126a6efffa5966963_0003.jpg,WEED6C_crops/0801_jpg.rf.e86c30b6cae6433126a6efffa5966963_0003.jpg,3
1384_jpg.rf.afcd8b0134972419b998849c6733c7a3_0019.jpg,WEED6C_crops/1384_jpg.rf.afcd8b0134972419b998849c6733c7a3_0019.jpg,1
1374_jpg.rf.6c64883712d67a3ad448ca10c0398308_0012.jpg,WEED6C_crops/1374_jpg.rf.6c64883712d67a3ad448ca10c0398308_0012.jpg,4
1304_jpg.rf.bdabd9792ab23d3924d6e3d26f3aec06_0019.jpg,WEED6C_crops/1304_jpg.rf.bdabd9792ab23d3924d6e3d26f3aec06_0019.jpg,4
1382_jpg.rf.c7bb27d718933e160b3c41d3f17e3d83_0013.jpg,WEED6C_crops/1382_jpg.rf.c7bb27d718933e160b3c41d3f17e3d83_0013.jpg,0
1286_jpg.rf.a2f3cfb47234b710f8934ba54d6eb78d_0011.jpg,WEED6C_crops/1286_jpg.rf.a2f3cfb47234b710f8934ba54d6eb78d_0011.jpg,4
1188_jpg.rf.68792bf79ad8ee69a46b0ff43305deaf_0001.jpg,WEED6C_crops/1188_jpg.rf.68792bf79ad8ee69a46b0ff43305deaf_0001.jpg,2
0570_jpg.rf.497bf30e6c2d0314ff8d2c43ce1c94bc_0003.jpg,WEED6C_crops/0570_jpg.rf.497bf30e6c2d0314ff8d2c43ce1c94bc_0003.jpg,0
0448_jpg.rf.bce96eb5e4e6ba5f3e27fd109c25bb1b_0006.jpg,WEED6C_crops/0448_jpg.rf.bce96eb5e4e6ba5f3e27fd109c25bb1b_0006.jpg,1
0438_jpg.rf.4655baba31910e7686268cca0c4dbd4d_0001.jpg,WEED6C_crops/0438_jpg.rf.4655baba31910e7686268cca0c4dbd4d_0001.jpg,1
0240_jpg.rf.f18fdb793c0f135ebedcba370dfdcdf7_0010.jpg,WEED6C_crops/0240_jpg.rf.f18fdb793c0f135ebedcba370dfdcdf7_0010.jpg,3
0593_jpg.rf.1939874123b615cf4cd108977f97543b_0001.jpg,WEED6C_crops/0593_jpg.rf.1939874123b615cf4cd108977f97543b_0001.jpg,3
0329_jpg.rf.049735d0273f92018a89f069d92efbe5_0010.jpg,WEED6C_crops/0329_jpg.rf.049735d0273f92018a89f069d92efbe5_0010.jpg,1
1370_jpg.rf.81f386000a766bd098e73e127fb823ea_0022.jpg,WEED6C_crops/1370_jpg.rf.81f386000a766bd098e73e127fb823ea_0022.jpg,4
1252_jpg.rf.0460eee5cd6e483e72571dbeb38f50ba_0007.jpg,WEED6C_crops/1252_jpg.rf.0460eee5cd6e483e72571dbeb38f50ba_0007.jpg,1
1243_jpg.rf.748c4b335d58ce6d73b5c2dc513519e8_0003.jpg,WEED6C_crops/1243_jpg.rf.748c4b335d58ce6d73b5c2dc513519e8_0003.jpg,4
0084_jpg.rf.49a24825fcabc006eba2bbcc34575367_0027.jpg,WEED6C_crops/0084_jpg.rf.49a24825fcabc006eba2bbcc34575367_0027.jpg,4
0357_jpg.rf.f4ad7df0adfd56eef277a6ba6334d617_0011.jpg,WEED6C_crops/0357_jpg.rf.f4ad7df0adfd56eef277a6ba6334d617_0011.jpg,3
1323_jpg.rf.c872abc56fc3d6cd5a46e2dd7d6ecef2_0003.jpg,WEED6C_crops/1323_jpg.rf.c872abc56fc3d6cd5a46e2dd7d6ecef2_0003.jpg,4
0600_jpg.rf.cce8e3eda50efb97b7117af66ca86657_0003.jpg,WEED6C_crops/0600_jpg.rf.cce8e3eda50efb97b7117af66ca86657_0003.jpg,3
0249_jpg.rf.c28ae22bf898c1d2faacea1ccaf48150_0007.jpg,WEED6C_crops/0249_jpg.rf.c28ae22bf898c1d2faacea1ccaf48150_0007.jpg,3
0506_jpg.rf.3852beebeba29ea8a7ac1b89b1607f98_0007.jpg,WEED6C_crops/0506_jpg.rf.3852beebeba29ea8a7ac1b89b1607f98_0007.jpg,3
1356_jpg.rf.2f9a9ccab7035b4c81a5ca992e4a9838_0004.jpg,WEED6C_crops/1356_jpg.rf.2f9a9ccab7035b4c81a5ca992e4a9838_0004.jpg,4
0108_jpg.rf.d9d06ecb09d1d6baf769583f65af3ffe_0002.jpg,WEED6C_crops/0108_jpg.rf.d9d06ecb09d1d6baf769583f65af3ffe_0002.jpg,5
0928_jpg.rf.67fcaece28010c40e0bcb657a9706d59_0004.jpg,WEED6C_crops/0928_jpg.rf.67fcaece28010c40e0bcb657a9706d59_0004.jpg,1
0220_jpg.rf.ac3075b666a8df6cadddc7f7932b8698_0004.jpg,WEED6C_crops/0220_jpg.rf.ac3075b666a8df6cadddc7f7932b8698_0004.jpg,0
0350_jpg.rf.9b0f36a130ea6ac8748c07fed6f139f0_0002.jpg,WEED6C_crops/0350_jpg.rf.9b0f36a130ea6ac8748c07fed6f139f0_0002.jpg,3
1228_jpg.rf.3a6e1d55fd194952bef3ad055644cc66_0025.jpg,WEED6C_crops/1228_jpg.rf.3a6e1d55fd194952bef3ad055644cc66_0025.jpg,0
1354_jpg.rf.cfa3e2f0904af788a0555ee8bd188254_0016.jpg,WEED6C_crops/1354_jpg.rf.cfa3e2f0904af788a0555ee8bd188254_0016.jpg,4
1357_jpg.rf.65ed3ccb047c00c090abcb2750f4d22e_0030.jpg,WEED6C_crops/1357_jpg.rf.65ed3ccb047c00c090abcb2750f4d22e_0030.jpg,4
1245_jpg.rf.4069f16d0c1ce36ab134055a59d74c0e_0006.jpg,WEED6C_crops/1245_jpg.rf.4069f16d0c1ce36ab134055a59d74c0e_0006.jpg,4
0920_jpg.rf.f7e547a653feb7cbf079f07bd505da0f_0004.jpg,WEED6C_crops/0920_jpg.rf.f7e547a653feb7cbf079f07bd505da0f_0004.jpg,1
0627_jpg.rf.e3bc4dc5aa5c0424fbc72d77df74cf84_0005.jpg,WEED6C_crops/0627_jpg.rf.e3bc4dc5aa5c0424fbc72d77df74cf84_0005.jpg,2
0987_jpg.rf.aced1fc1d9eefb9113629e737daeffad_0006.jpg,WEED6C_crops/0987_jpg.rf.aced1fc1d9eefb9113629e737daeffad_0006.jpg,2
0600_jpg.rf.cce8e3eda50efb97b7117af66ca86657_0006.jpg,WEED6C_crops/0600_jpg.rf.cce8e3eda50efb97b7117af66ca86657_0006.jpg,3
1253_jpg.rf.9658543ae33aaf005575666b3e5b4453_0008.jpg,WEED6C_crops/1253_jpg.rf.9658543ae33aaf005575666b3e5b4453_0008.jpg,4
0697_jpg.rf.5bd98f37460766672c4ddf861d6f9c7b_0006.jpg,WEED6C_crops/0697_jpg.rf.5bd98f37460766672c4ddf861d6f9c7b_0006.jpg,3
1270_jpg.rf.c34b854accd8ec862089128de29e245c_0039.jpg,WEED6C_crops/1270_jpg.rf.c34b854accd8ec862089128de29e245c_0039.jpg,4
0360_jpg.rf.f070784662d3e14abdda41d21e4b9ccb_0002.jpg,WEED6C_crops/0360_jpg.rf.f070784662d3e14abdda41d21e4b9ccb_0002.jpg,1
0691_jpg.rf.f3df859db09e631a76bb48b50230e259_0001.jpg,WEED6C_crops/0691_jpg.rf.f3df859db09e631a76bb48b50230e259_0001.jpg,2
0331_jpg.rf.81958b516c76d305e36df30cceb5e138_0004.jpg,WEED6C_crops/0331_jpg.rf.81958b516c76d305e36df30cceb5e138_0004.jpg,1
0688_jpg.rf.ed1c295f2600d37428d7c74d9246ab19_0001.jpg,WEED6C_crops/0688_jpg.rf.ed1c295f2600d37428d7c74d9246ab19_0001.jpg,3
1241_jpg.rf.a5be0ca237cc5fdf5c86f10349dafb96_0015.jpg,WEED6C_crops/1241_jpg.rf.a5be0ca237cc5fdf5c86f10349dafb96_0015.jpg,4
0437_jpg.rf.44b8dfe6756852246e999aff980d3b1a_0003.jpg,WEED6C_crops/0437_jpg.rf.44b8dfe6756852246e999aff980d3b1a_0003.jpg,3
0340_jpg.rf.4e0e72821dae12851a50a8833d4532ba_0006.jpg,WEED6C_crops/0340_jpg.rf.4e0e72821dae12851a50a8833d4532ba_0006.jpg,3
1233_jpg.rf.a9ad2187477d12adf58c20e898c06211_0010.jpg,WEED6C_crops/1233_jpg.rf.a9ad2187477d12adf58c20e898c06211_0010.jpg,4
0239_jpg.rf.bffa3bfce44d84b05adb8e3e3cab980f_0002.jpg,WEED6C_crops/0239_jpg.rf.bffa3bfce44d84b05adb8e3e3cab980f_0002.jpg,2
0259_jpg.rf.7a26b75204e85af5307ed22a18b88d7c_0002.jpg,WEED6C_crops/0259_jpg.rf.7a26b75204e85af5307ed22a18b88d7c_0002.jpg,0
1305_jpg.rf.443512b37c4cb64236dc2fdc570ded6d_0022.jpg,WEED6C_crops/1305_jpg.rf.443512b37c4cb64236dc2fdc570ded6d_0022.jpg,4
0779_jpg.rf.724c956394e7a6f779fb90ed54cbb9cb_0006.jpg,WEED6C_crops/0779_jpg.rf.724c956394e7a6f779fb90ed54cbb9cb_0006.jpg,0
0735_jpg.rf.c0f06cbd6a3a0a37c628aa9200980ded_0001.jpg,WEED6C_crops/0735_jpg.rf.c0f06cbd6a3a0a37c628aa9200980ded_0001.jpg,4
1385_jpg.rf.d58ee02f9b26e3c086ce0ebeefdfd56d_0008.jpg,WEED6C_crops/1385_jpg.rf.d58ee02f9b26e3c086ce0ebeefdfd56d_0008.jpg,1
0950_jpg.rf.7bab767b5e5eaebbbd776b80a4bc453c_0001.jpg,WEED6C_crops/0950_jpg.rf.7bab767b5e5eaebbbd776b80a4bc453c_0001.jpg,1
0013_jpg.rf.c8f10db93bc0715c4147cc93d68ae2aa_0003.jpg,WEED6C_crops/0013_jpg.rf.c8f10db93bc0715c4147cc93d68ae2aa_0003.jpg,5
0601_jpg.rf.d4e7b8fca4e5da2da56623920c7d843c_0002.jpg,WEED6C_crops/0601_jpg.rf.d4e7b8fca4e5da2da56623920c7d843c_0002.jpg,0
0535_jpg.rf.e709e9fcd1b82c1587f95f16516965b1_0004.jpg,WEED6C_crops/0535_jpg.rf.e709e9fcd1b82c1587f95f16516965b1_0004.jpg,0
1288_jpg.rf.d40235d2f4f29325219dc65890953ef4_0001.jpg,WEED6C_crops/1288_jpg.rf.d40235d2f4f29325219dc65890953ef4_0001.jpg,1
0861_jpg.rf.5046920c623e0e455223e78cc816884b_0005.jpg,WEED6C_crops/0861_jpg.rf.5046920c623e0e455223e78cc816884b_0005.jpg,3
0518_jpg.rf.ba417970217aa9ff83ad4a4803e9218a_0002.jpg,WEED6C_crops/0518_jpg.rf.ba417970217aa9ff83ad4a4803e9218a_0002.jpg,3
1385_jpg.rf.d58ee02f9b26e3c086ce0ebeefdfd56d_0006.jpg,WEED6C_crops/1385_jpg.rf.d58ee02f9b26e3c086ce0ebeefdfd56d_0006.jpg,1
1121_jpg.rf.974439aec74879d89cc3a0a98837af75_0001.jpg,WEED6C_crops/1121_jpg.rf.974439aec74879d89cc3a0a98837af75_0001.jpg,2
1297_jpg.rf.6b0b7752cf8cf4de863fbe28b3493196_0006.jpg,WEED6C_crops/1297_jpg.rf.6b0b7752cf8cf4de863fbe28b3493196_0006.jpg,4
1007_jpg.rf.ab79ba06ced524063203ee3d1c30a48f_0002.jpg,WEED6C_crops/1007_jpg.rf.ab79ba06ced524063203ee3d1c30a48f_0002.jpg,0
0151_jpg.rf.f8c8d149624385257b829e60a243f878_0002.jpg,WEED6C_crops/0151_jpg.rf.f8c8d149624385257b829e60a243f878_0002.jpg,5
1289_jpg.rf.957e6f56bd4082a5f0de4abb3406240f_0020.jpg,WEED6C_crops/1289_jpg.rf.957e6f56bd4082a5f0de4abb3406240f_0020.jpg,0
1359_jpg.rf.6bb7d484d2aa6c486b81a4b2f321dfb3_0039.jpg,WEED6C_crops/1359_jpg.rf.6bb7d484d2aa6c486b81a4b2f321dfb3_0039.jpg,4
0323_jpg.rf.ee66aec59212ce1d687736973598e699_0002.jpg,WEED6C_crops/0323_jpg.rf.ee66aec59212ce1d687736973598e699_0002.jpg,3
0637_jpg.rf.5d2427b360178023944c6f8bf29bec85_0006.jpg,WEED6C_crops/0637_jpg.rf.5d2427b360178023944c6f8bf29bec85_0006.jpg,3
1385_jpg.rf.d58ee02f9b26e3c086ce0ebeefdfd56d_0007.jpg,WEED6C_crops/1385_jpg.rf.d58ee02f9b26e3c086ce0ebeefdfd56d_0007.jpg,1
1132_jpg.rf.e83e00ae451c6ffdb56b689c2d6d29e0_0001.jpg,WEED6C_crops/1132_jpg.rf.e83e00ae451c6ffdb56b689c2d6d29e0_0001.jpg,2
0903_jpg.rf.27330c135acad882d05cd53ffefc64b2_0005.jpg,WEED6C_crops/0903_jpg.rf.27330c135acad882d05cd53ffefc64b2_0005.jpg,3
0596_jpg.rf.5d5f5b48be46a1f8940560d94051367d_0002.jpg,WEED6C_crops/0596_jpg.rf.5d5f5b48be46a1f8940560d94051367d_0002.jpg,3
0939_jpg.rf.fc841de46d5e3691d5ef8dbfab8dfb22_0002.jpg,WEED6C_crops/0939_jpg.rf.fc841de46d5e3691d5ef8dbfab8dfb22_0002.jpg,3
0849_jpg.rf.8015d475a4d08c636c91794f0763dd61_0006.jpg,WEED6C_crops/0849_jpg.rf.8015d475a4d08c636c91794f0763dd61_0006.jpg,0
1328_jpg.rf.28a21bbb1b3a92b5d4aab483e1b5d7d7_0008.jpg,WEED6C_crops/1328_jpg.rf.28a21bbb1b3a92b5d4aab483e1b5d7d7_0008.jpg,4
1370_jpg.rf.81f386000a766bd098e73e127fb823ea_0013.jpg,WEED6C_crops/1370_jpg.rf.81f386000a766bd098e73e127fb823ea_0013.jpg,4
0297_jpg.rf.85414b29068074347afa205d7854efba_0005.jpg,WEED6C_crops/0297_jpg.rf.85414b29068074347afa205d7854efba_0005.jpg,3
0850_jpg.rf.ed4113a22c0e37f4aa6ab3fadb3c3be3_0006.jpg,WEED6C_crops/0850_jpg.rf.ed4113a22c0e37f4aa6ab3fadb3c3be3_0006.jpg,0
0687_jpg.rf.f124156a23314ecbb05ccaeb9040349a_0005.jpg,WEED6C_crops/0687_jpg.rf.f124156a23314ecbb05ccaeb9040349a_0005.jpg,3
0365_jpg.rf.40c1675a58b9e51c30947eecd459ec44_0011.jpg,WEED6C_crops/0365_jpg.rf.40c1675a58b9e51c30947eecd459ec44_0011.jpg,3
0186_jpg.rf.bcca643271d23378f204a3628c166868_0006.jpg,WEED6C_crops/0186_jpg.rf.bcca643271d23378f204a3628c166868_0006.jpg,1
0799_jpg.rf.2808b82bc66b13bc463af84be16e4c59_0006.jpg,WEED6C_crops/0799_jpg.rf.2808b82bc66b13bc463af84be16e4c59_0006.jpg,1
1149_jpg.rf.c8b3e57d524d5d5718c52c0e13d72ada_0001.jpg,WEED6C_crops/1149_jpg.rf.c8b3e57d524d5d5718c52c0e13d72ada_0001.jpg,1
1376_jpg.rf.f25c9ac507d73d6c536a1d12e1f19067_0010.jpg,WEED6C_crops/1376_jpg.rf.f25c9ac507d73d6c536a1d12e1f19067_0010.jpg,4
1258_jpg.rf.4422e5834e7ddb6b6e4db7c026227ffc_0009.jpg,WEED6C_crops/1258_jpg.rf.4422e5834e7ddb6b6e4db7c026227ffc_0009.jpg,4
1238_jpg.rf.8f2e4dde815b3cdba79f2d24a33ad9eb_0005.jpg,WEED6C_crops/1238_jpg.rf.8f2e4dde815b3cdba79f2d24a33ad9eb_0005.jpg,4
0357_jpg.rf.f4ad7df0adfd56eef277a6ba6334d617_0010.jpg,WEED6C_crops/0357_jpg.rf.f4ad7df0adfd56eef277a6ba6334d617_0010.jpg,0
0242_jpg.rf.52800b665a2b860fd527febaee511016_0011.jpg,WEED6C_crops/0242_jpg.rf.52800b665a2b860fd527febaee511016_0011.jpg,3
0281_jpg.rf.525275ec8f77a3e6f1a0adab97e761ed_0009.jpg,WEED6C_crops/0281_jpg.rf.525275ec8f77a3e6f1a0adab97e761ed_0009.jpg,3
1288_jpg.rf.d40235d2f4f29325219dc65890953ef4_0020.jpg,WEED6C_crops/1288_jpg.rf.d40235d2f4f29325219dc65890953ef4_0020.jpg,4
1302_jpg.rf.26ab3fc340b22f9482155ab905a6cebf_0030.jpg,WEED6C_crops/1302_jpg.rf.26ab3fc340b22f9482155ab905a6cebf_0030.jpg,4
0899_jpg.rf.32241a2cbcf778f074c5a57b8a37e343_0004.jpg,WEED6C_crops/0899_jpg.rf.32241a2cbcf778f074c5a57b8a37e343_0004.jpg,2
0842_jpg.rf.ccd14841622dcb7a81b50eac8f42bd70_0002.jpg,WEED6C_crops/0842_jpg.rf.ccd14841622dcb7a81b50eac8f42bd70_0002.jpg,3
1351_jpg.rf.e445b427433acaf539128b94d3521f79_0015.jpg,WEED6C_crops/1351_jpg.rf.e445b427433acaf539128b94d3521f79_0015.jpg,4
1240_jpg.rf.e1ad20f0f2011d323769409c17d77863_0036.jpg,WEED6C_crops/1240_jpg.rf.e1ad20f0f2011d323769409c17d77863_0036.jpg,4
1336_jpg.rf.5a2c5a75f1f7f7a7e5e1e21aaf4f43b0_0001.jpg,WEED6C_crops/1336_jpg.rf.5a2c5a75f1f7f7a7e5e1e21aaf4f43b0_0001.jpg,1
0390_jpg.rf.e5cfc1cb23b500659bcf30391741e331_0007.jpg,WEED6C_crops/0390_jpg.rf.e5cfc1cb23b500659bcf30391741e331_0007.jpg,3
0062_jpg.rf.2926a8303c62c47198871354e6578969_0001.jpg,WEED6C_crops/0062_jpg.rf.2926a8303c62c47198871354e6578969_0001.jpg,2
1083_jpg.rf.376f215feb084ffd5a93f28b3b94fef3_0001.jpg,WEED6C_crops/1083_jpg.rf.376f215feb084ffd5a93f28b3b94fef3_0001.jpg,2
1282_jpg.rf.68eda909ae10dfb1f80f4e4ca2449fe1_0002.jpg,WEED6C_crops/1282_jpg.rf.68eda909ae10dfb1f80f4e4ca2449fe1_0002.jpg,4
0907_jpg.rf.6a0a542a4ba197b9210001a84e10738b_0002.jpg,WEED6C_crops/0907_jpg.rf.6a0a542a4ba197b9210001a84e10738b_0002.jpg,3
1268_jpg.rf.f92eaf335716f66b9db465ec842cf1d7_0022.jpg,WEED6C_crops/1268_jpg.rf.f92eaf335716f66b9db465ec842cf1d7_0022.jpg,4
0369_jpg.rf.c751bcaa54313500b1f312b5b158c3cf_0001.jpg,WEED6C_crops/0369_jpg.rf.c751bcaa54313500b1f312b5b158c3cf_0001.jpg,3
0857_jpg.rf.d6073bbc93ff88483d928950296cf5c3_0006.jpg,WEED6C_crops/0857_jpg.rf.d6073bbc93ff88483d928950296cf5c3_0006.jpg,0
0354_jpg.rf.d82528f9b7c704532fcc08cef1b87f2b_0011.jpg,WEED6C_crops/0354_jpg.rf.d82528f9b7c704532fcc08cef1b87f2b_0011.jpg,0
0400_jpg.rf.2065d57c232a273d8aef446452f0a455_0002.jpg,WEED6C_crops/0400_jpg.rf.2065d57c232a273d8aef446452f0a455_0002.jpg,2
1308_jpg.rf.0cf1ad89ac72afc184513083fa85d00e_0003.jpg,WEED6C_crops/1308_jpg.rf.0cf1ad89ac72afc184513083fa85d00e_0003.jpg,4
0851_jpg.rf.8b31cec696e09f86c5849a7a5a9a21c5_0002.jpg,WEED6C_crops/0851_jpg.rf.8b31cec696e09f86c5849a7a5a9a21c5_0002.jpg,3
1268_jpg.rf.f92eaf335716f66b9db465ec842cf1d7_0012.jpg,WEED6C_crops/1268_jpg.rf.f92eaf335716f66b9db465ec842cf1d7_0012.jpg,4
1356_jpg.rf.2f9a9ccab7035b4c81a5ca992e4a9838_0007.jpg,WEED6C_crops/1356_jpg.rf.2f9a9ccab7035b4c81a5ca992e4a9838_0007.jpg,4
0628_jpg.rf.540eb0da6481e44eaed340f46f8b85e4_0005.jpg,WEED6C_crops/0628_jpg.rf.540eb0da6481e44eaed340f46f8b85e4_0005.jpg,0
1310_jpg.rf.317ac2cca5f24479b0098bf7fbab9ceb_0009.jpg,WEED6C_crops/1310_jpg.rf.317ac2cca5f24479b0098bf7fbab9ceb_0009.jpg,4
0750_jpg.rf.c087f4e66a9d8b048e3b9ad3219d9ee1_0002.jpg,WEED6C_crops/0750_jpg.rf.c087f4e66a9d8b048e3b9ad3219d9ee1_0002.jpg,0
1344_jpg.rf.c976bc321bf878588df39d6c0c01a2c0_0005.jpg,WEED6C_crops/1344_jpg.rf.c976bc321bf878588df39d6c0c01a2c0_0005.jpg,4
1350_jpg.rf.c4e3678c0fb3792d81765cc98b2c9760_0008.jpg,WEED6C_crops/1350_jpg.rf.c4e3678c0fb3792d81765cc98b2c9760_0008.jpg,4
0697_jpg.rf.5bd98f37460766672c4ddf861d6f9c7b_0007.jpg,WEED6C_crops/0697_jpg.rf.5bd98f37460766672c4ddf861d6f9c7b_0007.jpg,1
1391_jpg.rf.0d9f84fd9e883043d31699636e89a05f_0001.jpg,WEED6C_crops/1391_jpg.rf.0d9f84fd9e883043d31699636e89a05f_0001.jpg,1
1268_jpg.rf.f92eaf335716f66b9db465ec842cf1d7_0039.jpg,WEED6C_crops/1268_jpg.rf.f92eaf335716f66b9db465ec842cf1d7_0039.jpg,4
0288_jpg.rf.bb389a0b6eaf05d324c60d6c24a764fa_0004.jpg,WEED6C_crops/0288_jpg.rf.bb389a0b6eaf05d324c60d6c24a764fa_0004.jpg,3
0935_jpg.rf.d49f4e27d9c7a7e79c1eba5ee28e3064_0002.jpg,WEED6C_crops/0935_jpg.rf.d49f4e27d9c7a7e79c1eba5ee28e3064_0002.jpg,2
1235_jpg.rf.8f167c07ecb86590be8dd4ab7f58be2c_0008.jpg,WEED6C_crops/1235_jpg.rf.8f167c07ecb86590be8dd4ab7f58be2c_0008.jpg,4
0094_jpg.rf.61e97d8a654d322af0b8f5777fd16f41_0008.jpg,WEED6C_crops/0094_jpg.rf.61e97d8a654d322af0b8f5777fd16f41_0008.jpg,5
0330_jpg.rf.56c1e60de1e84e6aea8bb506ccdcf67e_0011.jpg,WEED6C_crops/0330_jpg.rf.56c1e60de1e84e6aea8bb506ccdcf67e_0011.jpg,3
1231_jpg.rf.fe1b06fe786224eaf851b6416c2554ae_0027.jpg,WEED6C_crops/1231_jpg.rf.fe1b06fe786224eaf851b6416c2554ae_0027.jpg,4
0893_jpg.rf.50789b7d3c9a17215559de2d7b29e839_0003.jpg,WEED6C_crops/0893_jpg.rf.50789b7d3c9a17215559de2d7b29e839_0003.jpg,3
0591_jpg.rf.6972be354110bab0d56424a66480aa1e_0003.jpg,WEED6C_crops/0591_jpg.rf.6972be354110bab0d56424a66480aa1e_0003.jpg,0
0645_jpg.rf.eff4606cb6ea7b32ec7cb74a07250812_0001.jpg,WEED6C_crops/0645_jpg.rf.eff4606cb6ea7b32ec7cb74a07250812_0001.jpg,3
0514_jpg.rf.b1293f590d420d6f63504405268691c8_0005.jpg,WEED6C_crops/0514_jpg.rf.b1293f590d420d6f63504405268691c8_0005.jpg,3
1332_jpg.rf.2605634e197c2e66a6fac90a95344350_0004.jpg,WEED6C_crops/1332_jpg.rf.2605634e197c2e66a6fac90a95344350_0004.jpg,4
0520_jpg.rf.c8d1e39cc09d9eb3a181ea9d88f98894_0006.jpg,WEED6C_crops/0520_jpg.rf.c8d1e39cc09d9eb3a181ea9d88f98894_0006.jpg,3
1305_jpg.rf.443512b37c4cb64236dc2fdc570ded6d_0018.jpg,WEED6C_crops/1305_jpg.rf.443512b37c4cb64236dc2fdc570ded6d_0018.jpg,4
1231_jpg.rf.fe1b06fe786224eaf851b6416c2554ae_0012.jpg,WEED6C_crops/1231_jpg.rf.fe1b06fe786224eaf851b6416c2554ae_0012.jpg,4
1237_jpg.rf.e87e95a727e50bae03c61f0b1e8522b6_0012.jpg,WEED6C_crops/1237_jpg.rf.e87e95a727e50bae03c61f0b1e8522b6_0012.jpg,4
0884_jpg.rf.177355f2bb9b730dc0314514d3ed4a43_0011.jpg,WEED6C_crops/0884_jpg.rf.177355f2bb9b730dc0314514d3ed4a43_0011.jpg,0
0000_jpg.rf.26d2a0a638c3669bca7dd01788f458df_0010.jpg,WEED6C_crops/0000_jpg.rf.26d2a0a638c3669bca7dd01788f458df_0010.jpg,5
0242_jpg.rf.52800b665a2b860fd527febaee511016_0003.jpg,WEED6C_crops/0242_jpg.rf.52800b665a2b860fd527febaee511016_0003.jpg,2
0775_jpg.rf.ba51b29650c4f2af3725cd55b1a402e9_0006.jpg,WEED6C_crops/0775_jpg.rf.ba51b29650c4f2af3725cd55b1a402e9_0006.jpg,0
0188_jpg.rf.7517319ba67085293aa2e6b06181455b_0006.jpg,WEED6C_crops/0188_jpg.rf.7517319ba67085293aa2e6b06181455b_0006.jpg,1
0868_jpg.rf.5622582250b108d7d2d9b145adce4942_0003.jpg,WEED6C_crops/0868_jpg.rf.5622582250b108d7d2d9b145adce4942_0003.jpg,1
1296_jpg.rf.0c437bc165571cd0590e77bf88763adf_0013.jpg,WEED6C_crops/1296_jpg.rf.0c437bc165571cd0590e77bf88763adf_0013.jpg,4
0800_jpg.rf.6e91f21dfd2496b363b816fb2e3a2895_0004.jpg,WEED6C_crops/0800_jpg.rf.6e91f21dfd2496b363b816fb2e3a2895_0004.jpg,1
1349_jpg.rf.f2a77b8dcb3c036a18eb11f545a535f5_0004.jpg,WEED6C_crops/1349_jpg.rf.f2a77b8dcb3c036a18eb11f545a535f5_0004.jpg,4
0724_jpg.rf.aab4a68730fe7f1f0ebc4c76442eba63_0010.jpg,WEED6C_crops/0724_jpg.rf.aab4a68730fe7f1f0ebc4c76442eba63_0010.jpg,3
0365_jpg.rf.40c1675a58b9e51c30947eecd459ec44_0010.jpg,WEED6C_crops/0365_jpg.rf.40c1675a58b9e51c30947eecd459ec44_0010.jpg,0
0523_jpg.rf.e297341f098b3ab7218b02fda6496557_0003.jpg,WEED6C_crops/0523_jpg.rf.e297341f098b3ab7218b02fda6496557_0003.jpg,3
1307_jpg.rf.33599e09e24700c862edbff3b301109d_0001.jpg,WEED6C_crops/1307_jpg.rf.33599e09e24700c862edbff3b301109d_0001.jpg,1
0254_jpg.rf.aad5c79f822b44fdbde173b341c6e4ba_0004.jpg,WEED6C_crops/0254_jpg.rf.aad5c79f822b44fdbde173b341c6e4ba_0004.jpg,0
1249_jpg.rf.e1efe2270f002b51f4715161251b6365_0011.jpg,WEED6C_crops/1249_jpg.rf.e1efe2270f002b51f4715161251b6365_0011.jpg,4
1380_jpg.rf.c17524f4eb123d41b596e05bb2c20b30_0015.jpg,WEED6C_crops/1380_jpg.rf.c17524f4eb123d41b596e05bb2c20b30_0015.jpg,4
1389_jpg.rf.7604a1b16f4c03a15057ad2a462f3aa3_0002.jpg,WEED6C_crops/1389_jpg.rf.7604a1b16f4c03a15057ad2a462f3aa3_0002.jpg,1
0664_jpg.rf.00461e3590af7784f8c9954f150fccbc_0002.jpg,WEED6C_crops/0664_jpg.rf.00461e3590af7784f8c9954f150fccbc_0002.jpg,0
1037_jpg.rf.6b0160ad403059b3e36b7fe1d7bfa815_0001.jpg,WEED6C_crops/1037_jpg.rf.6b0160ad403059b3e36b7fe1d7bfa815_0001.jpg,0
1306_jpg.rf.e683ee4d8210d663a37fc950a9e485c1_0009.jpg,WEED6C_crops/1306_jpg.rf.e683ee4d8210d663a37fc950a9e485c1_0009.jpg,4
1286_jpg.rf.a2f3cfb47234b710f8934ba54d6eb78d_0019.jpg,WEED6C_crops/1286_jpg.rf.a2f3cfb47234b710f8934ba54d6eb78d_0019.jpg,4
1380_jpg.rf.c17524f4eb123d41b596e05bb2c20b30_0013.jpg,WEED6C_crops/1380_jpg.rf.c17524f4eb123d41b596e05bb2c20b30_0013.jpg,4
0253_jpg.rf.1095448149d4cce3dcb5814407839631_0002.jpg,WEED6C_crops/0253_jpg.rf.1095448149d4cce3dcb5814407839631_0002.jpg,0
0847_jpg.rf.f0f14a885e5b0a5d5315b9ccb60dcc97_0003.jpg,WEED6C_crops/0847_jpg.rf.f0f14a885e5b0a5d5315b9ccb60dcc97_0003.jpg,1
1288_jpg.rf.d40235d2f4f29325219dc65890953ef4_0024.jpg,WEED6C_crops/1288_jpg.rf.d40235d2f4f29325219dc65890953ef4_0024.jpg,4
1343_jpg.rf.5f18c75b4fd49b4163ba2bb3af2f505f_0011.jpg,WEED6C_crops/1343_jpg.rf.5f18c75b4fd49b4163ba2bb3af2f505f_0011.jpg,4
0374_jpg.rf.1b99fb624109c33dd37510c87887471a_0003.jpg,WEED6C_crops/0374_jpg.rf.1b99fb624109c33dd37510c87887471a_0003.jpg,3
0384_jpg.rf.6acfb46a0fc754eb5ccb4cf099031690_0003.jpg,WEED6C_crops/0384_jpg.rf.6acfb46a0fc754eb5ccb4cf099031690_0003.jpg,1
0008_jpg.rf.4a6d618156dc972c2bd55c133e91586d_0003.jpg,WEED6C_crops/0008_jpg.rf.4a6d618156dc972c2bd55c133e91586d_0003.jpg,5
0598_jpg.rf.5e8cc243909b8455b4cffaeeb6ea19a9_0001.jpg,WEED6C_crops/0598_jpg.rf.5e8cc243909b8455b4cffaeeb6ea19a9_0001.jpg,3
1240_jpg.rf.e1ad20f0f2011d323769409c17d77863_0027.jpg,WEED6C_crops/1240_jpg.rf.e1ad20f0f2011d323769409c17d77863_0027.jpg,1
1321_jpg.rf.8e65d21edc01a3aaf9a2de8cd2acce95_0011.jpg,WEED6C_crops/1321_jpg.rf.8e65d21edc01a3aaf9a2de8cd2acce95_0011.jpg,4
0857_jpg.rf.d6073bbc93ff88483d928950296cf5c3_0008.jpg,WEED6C_crops/0857_jpg.rf.d6073bbc93ff88483d928950296cf5c3_0008.jpg,3
1306_jpg.rf.e683ee4d8210d663a37fc950a9e485c1_0010.jpg,WEED6C_crops/1306_jpg.rf.e683ee4d8210d663a37fc950a9e485c1_0010.jpg,4
0377_jpg.rf.7a0d16d06b5f0c9e133427890429da14_0005.jpg,WEED6C_crops/0377_jpg.rf.7a0d16d06b5f0c9e133427890429da14_0005.jpg,3
0266_jpg.rf.44e611753f9d3e1997613c5cc8a58644_0013.jpg,WEED6C_crops/0266_jpg.rf.44e611753f9d3e1997613c5cc8a58644_0013.jpg,2
1248_jpg.rf.290b7f88a115132b8a4ebfe43b032865_0010.jpg,WEED6C_crops/1248_jpg.rf.290b7f88a115132b8a4ebfe43b032865_0010.jpg,1
0116_jpg.rf.27cf08ca0e372c0bbd79f7a010b137c1_0001.jpg,WEED6C_crops/0116_jpg.rf.27cf08ca0e372c0bbd79f7a010b137c1_0001.jpg,5
1303_jpg.rf.8f30bd948ef635a90243d4eb022d379b_0010.jpg,WEED6C_crops/1303_jpg.rf.8f30bd948ef635a90243d4eb022d379b_0010.jpg,4
1368_jpg.rf.25dc57e029d777ff1571d3d84d22c763_0033.jpg,WEED6C_crops/1368_jpg.rf.25dc57e029d777ff1571d3d84d22c763_0033.jpg,4
0640_jpg.rf.3d46796798b5683efcaf4156bc315786_0003.jpg,WEED6C_crops/0640_jpg.rf.3d46796798b5683efcaf4156bc315786_0003.jpg,0
1230_jpg.rf.60caad5b3d36a901c24668ddacd2f112_0013.jpg,WEED6C_crops/1230_jpg.rf.60caad5b3d36a901c24668ddacd2f112_0013.jpg,4
0829_jpg.rf.6a1d9b4d0bab507a79caf69fad25f8fd_0005.jpg,WEED6C_crops/0829_jpg.rf.6a1d9b4d0bab507a79caf69fad25f8fd_0005.jpg,1
0480_jpg.rf.2723a058483790a8371a1dd0728c3af1_0003.jpg,WEED6C_crops/0480_jpg.rf.2723a058483790a8371a1dd0728c3af1_0003.jpg,2
0282_jpg.rf.903c6855cfaa6190be3ecefb5d6c9bc1_0001.jpg,WEED6C_crops/0282_jpg.rf.903c6855cfaa6190be3ecefb5d6c9bc1_0001.jpg,1
0619_jpg.rf.3567be11dc448d77e5329c13fc8433fc_0003.jpg,WEED6C_crops/0619_jpg.rf.3567be11dc448d77e5329c13fc8433fc_0003.jpg,1
1352_jpg.rf.d33033b314f56f27d9a35d5dde8f7509_0008.jpg,WEED6C_crops/1352_jpg.rf.d33033b314f56f27d9a35d5dde8f7509_0008.jpg,4
0286_jpg.rf.2f7171107c2069b000e3845f3838e518_0005.jpg,WEED6C_crops/0286_jpg.rf.2f7171107c2069b000e3845f3838e518_0005.jpg,3
1031_jpg.rf.3014208f60e4ce70ece4d10aae99cc21_0001.jpg,WEED6C_crops/1031_jpg.rf.3014208f60e4ce70ece4d10aae99cc21_0001.jpg,1
0545_jpg.rf.a38b48574a8c706bbf9111f17b178822_0002.jpg,WEED6C_crops/0545_jpg.rf.a38b48574a8c706bbf9111f17b178822_0002.jpg,3
0681_jpg.rf.3aa26b4e4ce1066a58c3d5581084057e_0002.jpg,WEED6C_crops/0681_jpg.rf.3aa26b4e4ce1066a58c3d5581084057e_0002.jpg,3
1374_jpg.rf.6c64883712d67a3ad448ca10c0398308_0011.jpg,WEED6C_crops/1374_jpg.rf.6c64883712d67a3ad448ca10c0398308_0011.jpg,4
1378_jpg.rf.a485ab7c96bef96dac8eb7e61bbb7fb8_0014.jpg,WEED6C_crops/1378_jpg.rf.a485ab7c96bef96dac8eb7e61bbb7fb8_0014.jpg,4
0909_jpg.rf.fa5a514336d1a6736ec93fd0c76680e4_0009.jpg,WEED6C_crops/0909_jpg.rf.fa5a514336d1a6736ec93fd0c76680e4_0009.jpg,3
0859_jpg.rf.e6ecc7f97928076a544e92eb6da0ecf6_0009.jpg,WEED6C_crops/0859_jpg.rf.e6ecc7f97928076a544e92eb6da0ecf6_0009.jpg,1
0183_jpg.rf.0382965b1cc7a6e73c5385ff293d3e73_0003.jpg,WEED6C_crops/0183_jpg.rf.0382965b1cc7a6e73c5385ff293d3e73_0003.jpg,1
0377_jpg.rf.7a0d16d06b5f0c9e133427890429da14_0010.jpg,WEED6C_crops/0377_jpg.rf.7a0d16d06b5f0c9e133427890429da14_0010.jpg,0
0895_jpg.rf.83ba4fefe1afad3266557765abe3fe14_0007.jpg,WEED6C_crops/0895_jpg.rf.83ba4fefe1afad3266557765abe3fe14_0007.jpg,3
0544_jpg.rf.3a50666cc8f7ba7070fdafb40ecc9c6b_0001.jpg,WEED6C_crops/0544_jpg.rf.3a50666cc8f7ba7070fdafb40ecc9c6b_0001.jpg,1
0951_jpg.rf.f57ed0c65fd2db56ea87c11cd6616415_0003.jpg,WEED6C_crops/0951_jpg.rf.f57ed0c65fd2db56ea87c11cd6616415_0003.jpg,0
1228_jpg.rf.3a6e1d55fd194952bef3ad055644cc66_0012.jpg,WEED6C_crops/1228_jpg.rf.3a6e1d55fd194952bef3ad055644cc66_0012.jpg,4
1046_jpg.rf.63bd40f189a83ba818351de82663aa7f_0002.jpg,WEED6C_crops/1046_jpg.rf.63bd40f189a83ba818351de82663aa7f_0002.jpg,0
1321_jpg.rf.8e65d21edc01a3aaf9a2de8cd2acce95_0003.jpg,WEED6C_crops/1321_jpg.rf.8e65d21edc01a3aaf9a2de8cd2acce95_0003.jpg,4
0542_jpg.rf.b5864f4c452f4f3a61a757f70d2b383f_0002.jpg,WEED6C_crops/0542_jpg.rf.b5864f4c452f4f3a61a757f70d2b383f_0002.jpg,3
1254_jpg.rf.02a34f1183707c79cdb2ae5a7232c68a_0005.jpg,WEED6C_crops/1254_jpg.rf.02a34f1183707c79cdb2ae5a7232c68a_0005.jpg,4
0380_jpg.rf.b7d0b2854cc8079b8d7d331027e84793_0005.jpg,WEED6C_crops/0380_jpg.rf.b7d0b2854cc8079b8d7d331027e84793_0005.jpg,3
0562_jpg.rf.61101806f26b24809d9b435040182270_0002.jpg,WEED6C_crops/0562_jpg.rf.61101806f26b24809d9b435040182270_0002.jpg,3
0700_jpg.rf.be093e85eaed1b19b7bd2b42aab4ced6_0005.jpg,WEED6C_crops/0700_jpg.rf.be093e85eaed1b19b7bd2b42aab4ced6_0005.jpg,0
0690_jpg.rf.1270e37bd3bf6f19152a043b3b786538_0006.jpg,WEED6C_crops/0690_jpg.rf.1270e37bd3bf6f19152a043b3b786538_0006.jpg,3
0345_jpg.rf.bd4a4955ee8935946ebf47c107c1dda3_0003.jpg,WEED6C_crops/0345_jpg.rf.bd4a4955ee8935946ebf47c107c1dda3_0003.jpg,3
0452_jpg.rf.e586c47570ba7bf5510292e9bd0e5f35_0004.jpg,WEED6C_crops/0452_jpg.rf.e586c47570ba7bf5510292e9bd0e5f35_0004.jpg,1
1064_jpg.rf.2e1b6e3707f30a0b5946a329c355f6f3_0002.jpg,WEED6C_crops/1064_jpg.rf.2e1b6e3707f30a0b5946a329c355f6f3_0002.jpg,0
1241_jpg.rf.a5be0ca237cc5fdf5c86f10349dafb96_0009.jpg,WEED6C_crops/1241_jpg.rf.a5be0ca237cc5fdf5c86f10349dafb96_0009.jpg,4
0141_jpg.rf.a389eaf808df60c2b00339c2fc374b4a_0003.jpg,WEED6C_crops/0141_jpg.rf.a389eaf808df60c2b00339c2fc374b4a_0003.jpg,5
0222_jpg.rf.8329be7c80a819178b5c8e1e6fb6d73c_0003.jpg,WEED6C_crops/0222_jpg.rf.8329be7c80a819178b5c8e1e6fb6d73c_0003.jpg,3
0815_jpg.rf.9e2540c5fc3243df29a5908ad1888381_0001.jpg,WEED6C_crops/0815_jpg.rf.9e2540c5fc3243df29a5908ad1888381_0001.jpg,3
0349_jpg.rf.01f576bf16790ab273fe019187c99297_0006.jpg,WEED6C_crops/0349_jpg.rf.01f576bf16790ab273fe019187c99297_0006.jpg,0
1233_jpg.rf.a9ad2187477d12adf58c20e898c06211_0014.jpg,WEED6C_crops/1233_jpg.rf.a9ad2187477d12adf58c20e898c06211_0014.jpg,4
0188_jpg.rf.7517319ba67085293aa2e6b06181455b_0004.jpg,WEED6C_crops/0188_jpg.rf.7517319ba67085293aa2e6b06181455b_0004.jpg,0
1365_jpg.rf.d745a616307c062e3f3851230aee2c41_0014.jpg,WEED6C_crops/1365_jpg.rf.d745a616307c062e3f3851230aee2c41_0014.jpg,4
0636_jpg.rf.9b8dff4936cd44566030a5534a444e38_0002.jpg,WEED6C_crops/0636_jpg.rf.9b8dff4936cd44566030a5534a444e38_0002.jpg,3
0369_jpg.rf.c751bcaa54313500b1f312b5b158c3cf_0007.jpg,WEED6C_crops/0369_jpg.rf.c751bcaa54313500b1f312b5b158c3cf_0007.jpg,1
1337_jpg.rf.e28a9d239b7f72ac8aa2c724b2e787bd_0010.jpg,WEED6C_crops/1337_jpg.rf.e28a9d239b7f72ac8aa2c724b2e787bd_0010.jpg,1
0720_jpg.rf.577697739cb909179ae90f947b7263d7_0004.jpg,WEED6C_crops/0720_jpg.rf.577697739cb909179ae90f947b7263d7_0004.jpg,3
1125_jpg.rf.5ec81e1620c3798d16e4c64c8f1fd4f0_0002.jpg,WEED6C_crops/1125_jpg.rf.5ec81e1620c3798d16e4c64c8f1fd4f0_0002.jpg,0
0641_jpg.rf.7e5788b029304a83b89af837bd48ccca_0005.jpg,WEED6C_crops/0641_jpg.rf.7e5788b029304a83b89af837bd48ccca_0005.jpg,0
1311_jpg.rf.4a2f9977c5ce6af1d01a777bdced6f04_0014.jpg,WEED6C_crops/1311_jpg.rf.4a2f9977c5ce6af1d01a777bdced6f04_0014.jpg,4
1304_jpg.rf.bdabd9792ab23d3924d6e3d26f3aec06_0040.jpg,WEED6C_crops/1304_jpg.rf.bdabd9792ab23d3924d6e3d26f3aec06_0040.jpg,4
0316_jpg.rf.e4ea9ecdfd3c1f4e05c94a39c5daa359_0004.jpg,WEED6C_crops/0316_jpg.rf.e4ea9ecdfd3c1f4e05c94a39c5daa359_0004.jpg,3
0202_jpg.rf.c77af3471a7918b2320b842898212017_0003.jpg,WEED6C_crops/0202_jpg.rf.c77af3471a7918b2320b842898212017_0003.jpg,3
1329_jpg.rf.426dd1a986894a1761d247c3a9bd3e6d_0022.jpg,WEED6C_crops/1329_jpg.rf.426dd1a986894a1761d247c3a9bd3e6d_0022.jpg,4
0497_jpg.rf.cb3ea67829b72d99d5e0b5448bf9a247_0001.jpg,WEED6C_crops/0497_jpg.rf.cb3ea67829b72d99d5e0b5448bf9a247_0001.jpg,3
0732_jpg.rf.fdc130bbf01ecfb0b8f7be2a3ee57d86_0005.jpg,WEED6C_crops/0732_jpg.rf.fdc130bbf01ecfb0b8f7be2a3ee57d86_0005.jpg,3
0655_jpg.rf.9731d241c8517aaac5f38f8709892ca0_0006.jpg,WEED6C_crops/0655_jpg.rf.9731d241c8517aaac5f38f8709892ca0_0006.jpg,0
0647_jpg.rf.86cfb18fe51662243fe80ca3263b157c_0003.jpg,WEED6C_crops/0647_jpg.rf.86cfb18fe51662243fe80ca3263b157c_0003.jpg,0
0996_jpg.rf.741ba7684d59436b93d05d0643d31146_0004.jpg,WEED6C_crops/0996_jpg.rf.741ba7684d59436b93d05d0643d31146_0004.jpg,0
0358_jpg.rf.c97895dacc2d80cb7ce916c302051a34_0004.jpg,WEED6C_crops/0358_jpg.rf.c97895dacc2d80cb7ce916c302051a34_0004.jpg,1
1257_jpg.rf.89c85bc5acee92f655635658a5c1295d_0003.jpg,WEED6C_crops/1257_jpg.rf.89c85bc5acee92f655635658a5c1295d_0003.jpg,4
0369_jpg.rf.c751bcaa54313500b1f312b5b158c3cf_0008.jpg,WEED6C_crops/0369_jpg.rf.c751bcaa54313500b1f312b5b158c3cf_0008.jpg,3
0602_jpg.rf.d1012f3e1b365b7b3154d092664c7875_0006.jpg,WEED6C_crops/0602_jpg.rf.d1012f3e1b365b7b3154d092664c7875_0006.jpg,2
1296_jpg.rf.0c437bc165571cd0590e77bf88763adf_0020.jpg,WEED6C_crops/1296_jpg.rf.0c437bc165571cd0590e77bf88763adf_0020.jpg,4
1073_jpg.rf.9b96f4f514054919ecc9e7fb752d52c6_0001.jpg,WEED6C_crops/1073_jpg.rf.9b96f4f514054919ecc9e7fb752d52c6_0001.jpg,1
0477_jpg.rf.3f58430d343fa9a1659df6d0ae76efe6_0001.jpg,WEED6C_crops/0477_jpg.rf.3f58430d343fa9a1659df6d0ae76efe6_0001.jpg,3
0046_jpg.rf.39943917cc2e7a1ee5b21dbdac9a9fbd_0006.jpg,WEED6C_crops/0046_jpg.rf.39943917cc2e7a1ee5b21dbdac9a9fbd_0006.jpg,5
1358_jpg.rf.596bf1c7fe66e55cef5de750deba63b9_0029.jpg,WEED6C_crops/1358_jpg.rf.596bf1c7fe66e55cef5de750deba63b9_0029.jpg,4
0430_jpg.rf.c3c01a98ee4a4927a0c92aa55a1e7229_0004.jpg,WEED6C_crops/0430_jpg.rf.c3c01a98ee4a4927a0c92aa55a1e7229_0004.jpg,0
0112_jpg.rf.7bd8ad34f07ba8b06cfe58a2e727add5_0011.jpg,WEED6C_crops/0112_jpg.rf.7bd8ad34f07ba8b06cfe58a2e727add5_0011.jpg,5
0341_jpg.rf.bde896b6a61720a84f5ad1ba09ed1f35_0009.jpg,WEED6C_crops/0341_jpg.rf.bde896b6a61720a84f5ad1ba09ed1f35_0009.jpg,3
0793_jpg.rf.db78c5c131b1e48408ef3fdcf573c77b_0001.jpg,WEED6C_crops/0793_jpg.rf.db78c5c131b1e48408ef3fdcf573c77b_0001.jpg,0
1381_jpg.rf.26a82a54504b992f9dc9ede2e50e9b8f_0012.jpg,WEED6C_crops/1381_jpg.rf.26a82a54504b992f9dc9ede2e50e9b8f_0012.jpg,4
0289_jpg.rf.10fdba4055f2346073191abedf5d8ea9_0005.jpg,WEED6C_crops/0289_jpg.rf.10fdba4055f2346073191abedf5d8ea9_0005.jpg,0
1251_jpg.rf.ca084f91ecb665ac4961e3dca9f42efd_0003.jpg,WEED6C_crops/1251_jpg.rf.ca084f91ecb665ac4961e3dca9f42efd_0003.jpg,1
0104_jpg.rf.f0537e163192697f3e29e741e3f6bcdc_0003.jpg,WEED6C_crops/0104_jpg.rf.f0537e163192697f3e29e741e3f6bcdc_0003.jpg,5
0926_jpg.rf.7bca20219309b3ad03328f2a772177bd_0006.jpg,WEED6C_crops/0926_jpg.rf.7bca20219309b3ad03328f2a772177bd_0006.jpg,1
1225_jpg.rf.b679cc20dfbe1f9d1795171b86f21d74_0001.jpg,WEED6C_crops/1225_jpg.rf.b679cc20dfbe1f9d1795171b86f21d74_0001.jpg,1
1371_jpg.rf.a6456e830a9f9304e2912a0bfb2abda4_0010.jpg,WEED6C_crops/1371_jpg.rf.a6456e830a9f9304e2912a0bfb2abda4_0010.jpg,4
1307_jpg.rf.33599e09e24700c862edbff3b301109d_0011.jpg,WEED6C_crops/1307_jpg.rf.33599e09e24700c862edbff3b301109d_0011.jpg,4
1366_jpg.rf.03f231049801971512990ca20f3424d9_0030.jpg,WEED6C_crops/1366_jpg.rf.03f231049801971512990ca20f3424d9_0030.jpg,4
0840_jpg.rf.c3bd189b7cb10d4a6e549a7d5529c3ab_0003.jpg,WEED6C_crops/0840_jpg.rf.c3bd189b7cb10d4a6e549a7d5529c3ab_0003.jpg,2
0889_jpg.rf.ae90234bb3ba83d3000219a889140f3f_0008.jpg,WEED6C_crops/0889_jpg.rf.ae90234bb3ba83d3000219a889140f3f_0008.jpg,3
1386_jpg.rf.38d81bd8c301374aed9080ef5af2120b_0016.jpg,WEED6C_crops/1386_jpg.rf.38d81bd8c301374aed9080ef5af2120b_0016.jpg,1
0332_jpg.rf.46c8f2b7f0d4e937c4bdf2a3dbc59506_0006.jpg,WEED6C_crops/0332_jpg.rf.46c8f2b7f0d4e937c4bdf2a3dbc59506_0006.jpg,1
0589_jpg.rf.242afe6721040a65d458d22a9b47be5b_0002.jpg,WEED6C_crops/0589_jpg.rf.242afe6721040a65d458d22a9b47be5b_0002.jpg,3
1232_jpg.rf.6a70f87f86c34e215d593fa33bdb4046_0008.jpg,WEED6C_crops/1232_jpg.rf.6a70f87f86c34e215d593fa33bdb4046_0008.jpg,4
0344_jpg.rf.4a97765e72c07da85f2aa8141afbc4d4_0004.jpg,WEED6C_crops/0344_jpg.rf.4a97765e72c07da85f2aa8141afbc4d4_0004.jpg,3
0811_jpg.rf.c08bb3a3abfd8d9b04ea351afae37aaa_0001.jpg,WEED6C_crops/0811_jpg.rf.c08bb3a3abfd8d9b04ea351afae37aaa_0001.jpg,3
1329_jpg.rf.426dd1a986894a1761d247c3a9bd3e6d_0008.jpg,WEED6C_crops/1329_jpg.rf.426dd1a986894a1761d247c3a9bd3e6d_0008.jpg,4
1029_jpg.rf.bbf2d25172aaba078924c71ed414edd9_0002.jpg,WEED6C_crops/1029_jpg.rf.bbf2d25172aaba078924c71ed414edd9_0002.jpg,0
1248_jpg.rf.290b7f88a115132b8a4ebfe43b032865_0015.jpg,WEED6C_crops/1248_jpg.rf.290b7f88a115132b8a4ebfe43b032865_0015.jpg,1
0830_jpg.rf.8781b961273330d6d6176c9d9e45393a_0013.jpg,WEED6C_crops/0830_jpg.rf.8781b961273330d6d6176c9d9e45393a_0013.jpg,3
0436_jpg.rf.c37cb155032142acb365642095d9d118_0003.jpg,WEED6C_crops/0436_jpg.rf.c37cb155032142acb365642095d9d118_0003.jpg,3
0768_jpg.rf.70d546e37a3c71506dbaeb5374d66c5f_0002.jpg,WEED6C_crops/0768_jpg.rf.70d546e37a3c71506dbaeb5374d66c5f_0002.jpg,2
1233_jpg.rf.a9ad2187477d12adf58c20e898c06211_0005.jpg,WEED6C_crops/1233_jpg.rf.a9ad2187477d12adf58c20e898c06211_0005.jpg,4
0389_jpg.rf.2dad02e5aa7c0fb4eb5263cda9c159f2_0003.jpg,WEED6C_crops/0389_jpg.rf.2dad02e5aa7c0fb4eb5263cda9c159f2_0003.jpg,0
0624_jpg.rf.1cfd6980a86b91df68c29b653d03a52d_0002.jpg,WEED6C_crops/0624_jpg.rf.1cfd6980a86b91df68c29b653d03a52d_0002.jpg,0
0342_jpg.rf.8970aac3b049a5549e7dcb2e7ed9593e_0001.jpg,WEED6C_crops/0342_jpg.rf.8970aac3b049a5549e7dcb2e7ed9593e_0001.jpg,1
1345_jpg.rf.7dc260eec167fcfaa4312588633931cc_0008.jpg,WEED6C_crops/1345_jpg.rf.7dc260eec167fcfaa4312588633931cc_0008.jpg,4
0371_jpg.rf.62d76e210274f453e41cae2c6e4d0fce_0002.jpg,WEED6C_crops/0371_jpg.rf.62d76e210274f453e41cae2c6e4d0fce_0002.jpg,0
1368_jpg.rf.25dc57e029d777ff1571d3d84d22c763_0003.jpg,WEED6C_crops/1368_jpg.rf.25dc57e029d777ff1571d3d84d22c763_0003.jpg,1
0006_jpg.rf.dce11451977e2aff17a6576768c53ae5_0004.jpg,WEED6C_crops/0006_jpg.rf.dce11451977e2aff17a6576768c53ae5_0004.jpg,5
0829_jpg.rf.6a1d9b4d0bab507a79caf69fad25f8fd_0013.jpg,WEED6C_crops/0829_jpg.rf.6a1d9b4d0bab507a79caf69fad25f8fd_0013.jpg,0
0294_jpg.rf.9c021a540f1d16d6cb83dbf7c816c85b_0006.jpg,WEED6C_crops/0294_jpg.rf.9c021a540f1d16d6cb83dbf7c816c85b_0006.jpg,1
0709_jpg.rf.041be087ed88db41395dddcfa93fb6b5_0004.jpg,WEED6C_crops/0709_jpg.rf.041be087ed88db41395dddcfa93fb6b5_0004.jpg,3
1273_jpg.rf.62a4771daa1cc264e358ecc037df2ea2_0003.jpg,WEED6C_crops/1273_jpg.rf.62a4771daa1cc264e358ecc037df2ea2_0003.jpg,4
0250_jpg.rf.e559f94b7828a97a430fbceb3e22a674_0003.jpg,WEED6C_crops/0250_jpg.rf.e559f94b7828a97a430fbceb3e22a674_0003.jpg,1
1304_jpg.rf.bdabd9792ab23d3924d6e3d26f3aec06_0041.jpg,WEED6C_crops/1304_jpg.rf.bdabd9792ab23d3924d6e3d26f3aec06_0041.jpg,4
0301_jpg.rf.4b8ff5d9301881bda42433c11202e856_0003.jpg,WEED6C_crops/0301_jpg.rf.4b8ff5d9301881bda42433c11202e856_0003.jpg,2
1363_jpg.rf.768baa0bd4528831bffe24eb9aa3b51f_0008.jpg,WEED6C_crops/1363_jpg.rf.768baa0bd4528831bffe24eb9aa3b51f_0008.jpg,4
0408_jpg.rf.eb0a87d7fc4cc171c085075e30fbdaf9_0005.jpg,WEED6C_crops/0408_jpg.rf.eb0a87d7fc4cc171c085075e30fbdaf9_0005.jpg,3
0552_jpg.rf.56a1034dac81480712389c215200e4fe_0003.jpg,WEED6C_crops/0552_jpg.rf.56a1034dac81480712389c215200e4fe_0003.jpg,3
1141_jpg.rf.8043d620048df7e725336f3092fd32ee_0001.jpg,WEED6C_crops/1141_jpg.rf.8043d620048df7e725336f3092fd32ee_0001.jpg,2
1311_jpg.rf.4a2f9977c5ce6af1d01a777bdced6f04_0003.jpg,WEED6C_crops/1311_jpg.rf.4a2f9977c5ce6af1d01a777bdced6f04_0003.jpg,4
1380_jpg.rf.c17524f4eb123d41b596e05bb2c20b30_0022.jpg,WEED6C_crops/1380_jpg.rf.c17524f4eb123d41b596e05bb2c20b30_0022.jpg,4
1303_jpg.rf.8f30bd948ef635a90243d4eb022d379b_0052.jpg,WEED6C_crops/1303_jpg.rf.8f30bd948ef635a90243d4eb022d379b_0052.jpg,4
0677_jpg.rf.6945118841865e33b5b6390a7495d13b_0005.jpg,WEED6C_crops/0677_jpg.rf.6945118841865e33b5b6390a7495d13b_0005.jpg,0
1267_jpg.rf.7a81427b8cf51c46e081b7723f1e15ac_0006.jpg,WEED6C_crops/1267_jpg.rf.7a81427b8cf51c46e081b7723f1e15ac_0006.jpg,4
0686_jpg.rf.c97958f99d4e68f40fcdc81674ba56a3_0006.jpg,WEED6C_crops/0686_jpg.rf.c97958f99d4e68f40fcdc81674ba56a3_0006.jpg,2
0847_jpg.rf.f0f14a885e5b0a5d5315b9ccb60dcc97_0004.jpg,WEED6C_crops/0847_jpg.rf.f0f14a885e5b0a5d5315b9ccb60dcc97_0004.jpg,3
1379_jpg.rf.51eb6739e53299f2ac6115b3c694bde0_0011.jpg,WEED6C_crops/1379_jpg.rf.51eb6739e53299f2ac6115b3c694bde0_0011.jpg,4
0194_jpg.rf.be97df63b195b104a9482d7f60e21f2b_0003.jpg,WEED6C_crops/0194_jpg.rf.be97df63b195b104a9482d7f60e21f2b_0003.jpg,3
0505_jpg.rf.b45595353ea46559104d8819bba28ae4_0001.jpg,WEED6C_crops/0505_jpg.rf.b45595353ea46559104d8819bba28ae4_0001.jpg,3
1301_jpg.rf.700f354f56f641db0462a520325ba29b_0014.jpg,WEED6C_crops/1301_jpg.rf.700f354f56f641db0462a520325ba29b_0014.jpg,1
0003_jpg.rf.5c3bf5847c0d3975b99c41d5c5f926be_0007.jpg,WEED6C_crops/0003_jpg.rf.5c3bf5847c0d3975b99c41d5c5f926be_0007.jpg,5
0778_jpg.rf.0f302eaa382ebccb02ebacf8c6755587_0007.jpg,WEED6C_crops/0778_jpg.rf.0f302eaa382ebccb02ebacf8c6755587_0007.jpg,3
1048_jpg.rf.7625b50684b93b7230060bd48bf8760d_0001.jpg,WEED6C_crops/1048_jpg.rf.7625b50684b93b7230060bd48bf8760d_0001.jpg,0
0552_jpg.rf.56a1034dac81480712389c215200e4fe_0001.jpg,WEED6C_crops/0552_jpg.rf.56a1034dac81480712389c215200e4fe_0001.jpg,3
0698_jpg.rf.9ca38a011dd5e6125c563a5c241ce9c8_0005.jpg,WEED6C_crops/0698_jpg.rf.9ca38a011dd5e6125c563a5c241ce9c8_0005.jpg,0
0882_jpg.rf.7d2c497fe43cc926602ca22ef35e0094_0009.jpg,WEED6C_crops/0882_jpg.rf.7d2c497fe43cc926602ca22ef35e0094_0009.jpg,0
1265_jpg.rf.459c2e1e9909ee52948bcfdb891d5d39_0009.jpg,WEED6C_crops/1265_jpg.rf.459c2e1e9909ee52948bcfdb891d5d39_0009.jpg,4
0794_jpg.rf.e2279fae2bc71da817ebb9fdfdb9923c_0001.jpg,WEED6C_crops/0794_jpg.rf.e2279fae2bc71da817ebb9fdfdb9923c_0001.jpg,0
0344_jpg.rf.4a97765e72c07da85f2aa8141afbc4d4_0008.jpg,WEED6C_crops/0344_jpg.rf.4a97765e72c07da85f2aa8141afbc4d4_0008.jpg,3
0530_jpg.rf.f843e32642e890924b87e165a22960a8_0003.jpg,WEED6C_crops/0530_jpg.rf.f843e32642e890924b87e165a22960a8_0003.jpg,0
1300_jpg.rf.c8a7b7da90c3a7f70a2e39b8ca47e4fd_0009.jpg,WEED6C_crops/1300_jpg.rf.c8a7b7da90c3a7f70a2e39b8ca47e4fd_0009.jpg,1
1321_jpg.rf.8e65d21edc01a3aaf9a2de8cd2acce95_0015.jpg,WEED6C_crops/1321_jpg.rf.8e65d21edc01a3aaf9a2de8cd2acce95_0015.jpg,4
0835_jpg.rf.86f8f015b73de124e709c954d11412c0_0002.jpg,WEED6C_crops/0835_jpg.rf.86f8f015b73de124e709c954d11412c0_0002.jpg,0
0866_jpg.rf.3e482e0c8d3e945764b46d19dedebf76_0005.jpg,WEED6C_crops/0866_jpg.rf.3e482e0c8d3e945764b46d19dedebf76_0005.jpg,3
0900_jpg.rf.56951d91454a0ff447573f36d7686c67_0001.jpg,WEED6C_crops/0900_jpg.rf.56951d91454a0ff447573f36d7686c67_0001.jpg,3
0702_jpg.rf.12bcac81002b57f765511ed9bb9ee91d_0006.jpg,WEED6C_crops/0702_jpg.rf.12bcac81002b57f765511ed9bb9ee91d_0006.jpg,3
0491_jpg.rf.b551c5ef80cec5fa22cdd2a015dba102_0001.jpg,WEED6C_crops/0491_jpg.rf.b551c5ef80cec5fa22cdd2a015dba102_0001.jpg,3
0268_jpg.rf.29ca8c5228413263362774580ff9c442_0012.jpg,WEED6C_crops/0268_jpg.rf.29ca8c5228413263362774580ff9c442_0012.jpg,2
1356_jpg.rf.2f9a9ccab7035b4c81a5ca992e4a9838_0008.jpg,WEED6C_crops/1356_jpg.rf.2f9a9ccab7035b4c81a5ca992e4a9838_0008.jpg,4
1355_jpg.rf.6913dec06d5038de035d46f593a0bd9e_0016.jpg,WEED6C_crops/1355_jpg.rf.6913dec06d5038de035d46f593a0bd9e_0016.jpg,4
0049_jpg.rf.9864496ca9eb713c038ad3c004f91271_0001.jpg,WEED6C_crops/0049_jpg.rf.9864496ca9eb713c038ad3c004f91271_0001.jpg,5
0859_jpg.rf.e6ecc7f97928076a544e92eb6da0ecf6_0004.jpg,WEED6C_crops/0859_jpg.rf.e6ecc7f97928076a544e92eb6da0ecf6_0004.jpg,2
0288_jpg.rf.bb389a0b6eaf05d324c60d6c24a764fa_0007.jpg,WEED6C_crops/0288_jpg.rf.bb389a0b6eaf05d324c60d6c24a764fa_0007.jpg,1
0385_jpg.rf.0cedb900ae3c9a125bf2aba2c65e6856_0009.jpg,WEED6C_crops/0385_jpg.rf.0cedb900ae3c9a125bf2aba2c65e6856_0009.jpg,1
0792_jpg.rf.744f5bfaf96a0b5368dc9157a20e4c46_0001.jpg,WEED6C_crops/0792_jpg.rf.744f5bfaf96a0b5368dc9157a20e4c46_0001.jpg,2
1355_jpg.rf.6913dec06d5038de035d46f593a0bd9e_0029.jpg,WEED6C_crops/1355_jpg.rf.6913dec06d5038de035d46f593a0bd9e_0029.jpg,4
1251_jpg.rf.ca084f91ecb665ac4961e3dca9f42efd_0020.jpg,WEED6C_crops/1251_jpg.rf.ca084f91ecb665ac4961e3dca9f42efd_0020.jpg,4
0957_jpg.rf.b76bf5305b04f94426c39bcfe2d6f22d_0002.jpg,WEED6C_crops/0957_jpg.rf.b76bf5305b04f94426c39bcfe2d6f22d_0002.jpg,0
1369_jpg.rf.b115facc4e1a8ff9927fa196a84b853d_0033.jpg,WEED6C_crops/1369_jpg.rf.b115facc4e1a8ff9927fa196a84b853d_0033.jpg,4
0244_jpg.rf.28fd6659d3b4c604e579183607656c76_0014.jpg,WEED6C_crops/0244_jpg.rf.28fd6659d3b4c604e579183607656c76_0014.jpg,0
0828_jpg.rf.637fab27e8dd6e9c9b5e7e11b2c6bb3d_0008.jpg,WEED6C_crops/0828_jpg.rf.637fab27e8dd6e9c9b5e7e11b2c6bb3d_0008.jpg,3
0265_jpg.rf.580f9d93192f17e1b8d7a590f39d8ade_0002.jpg,WEED6C_crops/0265_jpg.rf.580f9d93192f17e1b8d7a590f39d8ade_0002.jpg,1
1367_jpg.rf.525537f6569c4903b5b939c2e8220219_0008.jpg,WEED6C_crops/1367_jpg.rf.525537f6569c4903b5b939c2e8220219_0008.jpg,4
1264_jpg.rf.9dcfa7b826804ef4063b1ac764b21e8c_0008.jpg,WEED6C_crops/1264_jpg.rf.9dcfa7b826804ef4063b1ac764b21e8c_0008.jpg,4
1267_jpg.rf.7a81427b8cf51c46e081b7723f1e15ac_0031.jpg,WEED6C_crops/1267_jpg.rf.7a81427b8cf51c46e081b7723f1e15ac_0031.jpg,4
1279_jpg.rf.3859686293ba7d5fcec5e84b599fd5de_0003.jpg,WEED6C_crops/1279_jpg.rf.3859686293ba7d5fcec5e84b599fd5de_0003.jpg,1
0697_jpg.rf.5bd98f37460766672c4ddf861d6f9c7b_0001.jpg,WEED6C_crops/0697_jpg.rf.5bd98f37460766672c4ddf861d6f9c7b_0001.jpg,3
1380_jpg.rf.c17524f4eb123d41b596e05bb2c20b30_0017.jpg,WEED6C_crops/1380_jpg.rf.c17524f4eb123d41b596e05bb2c20b30_0017.jpg,1
0149_jpg.rf.1195587998093062a4e13097cc12f7bd_0002.jpg,WEED6C_crops/0149_jpg.rf.1195587998093062a4e13097cc12f7bd_0002.jpg,5
0221_jpg.rf.06a7f614b5a2becaf982406d2b4d1608_0004.jpg,WEED6C_crops/0221_jpg.rf.06a7f614b5a2becaf982406d2b4d1608_0004.jpg,0
0908_jpg.rf.2a523ed34012fa10534089f009a94e63_0012.jpg,WEED6C_crops/0908_jpg.rf.2a523ed34012fa10534089f009a94e63_0012.jpg,3
0563_jpg.rf.b2620319dc81000ee30c724ba717eb70_0001.jpg,WEED6C_crops/0563_jpg.rf.b2620319dc81000ee30c724ba717eb70_0001.jpg,3
0325_jpg.rf.f0533e23fe9ecc072d53e03d09c89654_0008.jpg,WEED6C_crops/0325_jpg.rf.f0533e23fe9ecc072d53e03d09c89654_0008.jpg,3
0101_jpg.rf.f416ffcba9a6f0ff52f34554edf75c50_0001.jpg,WEED6C_crops/0101_jpg.rf.f416ffcba9a6f0ff52f34554edf75c50_0001.jpg,5
0903_jpg.rf.27330c135acad882d05cd53ffefc64b2_0002.jpg,WEED6C_crops/0903_jpg.rf.27330c135acad882d05cd53ffefc64b2_0002.jpg,2
0318_jpg.rf.40c517ba5f90cb1a6426195fe51476d8_0004.jpg,WEED6C_crops/0318_jpg.rf.40c517ba5f90cb1a6426195fe51476d8_0004.jpg,3
1187_jpg.rf.2191e71e3a5702911dc289a273ebbf04_0002.jpg,WEED6C_crops/1187_jpg.rf.2191e71e3a5702911dc289a273ebbf04_0002.jpg,2
1305_jpg.rf.443512b37c4cb64236dc2fdc570ded6d_0004.jpg,WEED6C_crops/1305_jpg.rf.443512b37c4cb64236dc2fdc570ded6d_0004.jpg,4
1127_jpg.rf.c4f295c8a94935a67ec49a763db0a153_0001.jpg,WEED6C_crops/1127_jpg.rf.c4f295c8a94935a67ec49a763db0a153_0001.jpg,0
1389_jpg.rf.7604a1b16f4c03a15057ad2a462f3aa3_0001.jpg,WEED6C_crops/1389_jpg.rf.7604a1b16f4c03a15057ad2a462f3aa3_0001.jpg,1
0172_jpg.rf.5e367d635cd1fc280d09a9065ab7ebbc_0002.jpg,WEED6C_crops/0172_jpg.rf.5e367d635cd1fc280d09a9065ab7ebbc_0002.jpg,4
0988_jpg.rf.3384ed76b8bc5f9306e337b0d1082cae_0007.jpg,WEED6C_crops/0988_jpg.rf.3384ed76b8bc5f9306e337b0d1082cae_0007.jpg,3
1303_jpg.rf.8f30bd948ef635a90243d4eb022d379b_0060.jpg,WEED6C_crops/1303_jpg.rf.8f30bd948ef635a90243d4eb022d379b_0060.jpg,4
1367_jpg.rf.525537f6569c4903b5b939c2e8220219_0029.jpg,WEED6C_crops/1367_jpg.rf.525537f6569c4903b5b939c2e8220219_0029.jpg,4
1283_jpg.rf.27f7453f4bae2396f433ee3b8c46fb3a_0002.jpg,WEED6C_crops/1283_jpg.rf.27f7453f4bae2396f433ee3b8c46fb3a_0002.jpg,4
0781_jpg.rf.accb1564c1eb48f9a05b434c28317467_0002.jpg,WEED6C_crops/0781_jpg.rf.accb1564c1eb48f9a05b434c28317467_0002.jpg,3
1378_jpg.rf.a485ab7c96bef96dac8eb7e61bbb7fb8_0020.jpg,WEED6C_crops/1378_jpg.rf.a485ab7c96bef96dac8eb7e61bbb7fb8_0020.jpg,4
0887_jpg.rf.97e88d9b99a4c5e045e85290b522dc05_0006.jpg,WEED6C_crops/0887_jpg.rf.97e88d9b99a4c5e045e85290b522dc05_0006.jpg,1
0286_jpg.rf.2f7171107c2069b000e3845f3838e518_0011.jpg,WEED6C_crops/0286_jpg.rf.2f7171107c2069b000e3845f3838e518_0011.jpg,0
0200_jpg.rf.6b4e37f11081d4c5099202dd17e1b969_0002.jpg,WEED6C_crops/0200_jpg.rf.6b4e37f11081d4c5099202dd17e1b969_0002.jpg,0
1356_jpg.rf.2f9a9ccab7035b4c81a5ca992e4a9838_0035.jpg,WEED6C_crops/1356_jpg.rf.2f9a9ccab7035b4c81a5ca992e4a9838_0035.jpg,4
1370_jpg.rf.81f386000a766bd098e73e127fb823ea_0030.jpg,WEED6C_crops/1370_jpg.rf.81f386000a766bd098e73e127fb823ea_0030.jpg,4
0174_jpg.rf.0ee57bcbca0e3c27a3a0c5bfaa1e5c6c_0004.jpg,WEED6C_crops/0174_jpg.rf.0ee57bcbca0e3c27a3a0c5bfaa1e5c6c_0004.jpg,0
1331_jpg.rf.bea84746baedc30f67acb247d5624cb6_0006.jpg,WEED6C_crops/1331_jpg.rf.bea84746baedc30f67acb247d5624cb6_0006.jpg,4
1239_jpg.rf.7b926cf59320e9b12909abef7c8e7aac_0012.jpg,WEED6C_crops/1239_jpg.rf.7b926cf59320e9b12909abef7c8e7aac_0012.jpg,4
1359_jpg.rf.6bb7d484d2aa6c486b81a4b2f321dfb3_0036.jpg,WEED6C_crops/1359_jpg.rf.6bb7d484d2aa6c486b81a4b2f321dfb3_0036.jpg,4
1353_jpg.rf.bec9bcda29461e97059f99cbf8431546_0002.jpg,WEED6C_crops/1353_jpg.rf.bec9bcda29461e97059f99cbf8431546_0002.jpg,4
1301_jpg.rf.700f354f56f641db0462a520325ba29b_0020.jpg,WEED6C_crops/1301_jpg.rf.700f354f56f641db0462a520325ba29b_0020.jpg,4
0248_jpg.rf.74f8b6f9e136d360fc24a9bd253b1a7e_0010.jpg,WEED6C_crops/0248_jpg.rf.74f8b6f9e136d360fc24a9bd253b1a7e_0010.jpg,0
0399_jpg.rf.7e629911bc136d75a7e9df43c01ac5a1_0001.jpg,WEED6C_crops/0399_jpg.rf.7e629911bc136d75a7e9df43c01ac5a1_0001.jpg,2
0247_jpg.rf.d21bd69dccb16aa034f3772f997e8486_0008.jpg,WEED6C_crops/0247_jpg.rf.d21bd69dccb16aa034f3772f997e8486_0008.jpg,0
0834_jpg.rf.541aec5b5bf56ec58ec1abe5ccbeaf7f_0013.jpg,WEED6C_crops/0834_jpg.rf.541aec5b5bf56ec58ec1abe5ccbeaf7f_0013.jpg,0
0865_jpg.rf.65c362bbb573135548e752b1dbd0f40a_0002.jpg,WEED6C_crops/0865_jpg.rf.65c362bbb573135548e752b1dbd0f40a_0002.jpg,3
0624_jpg.rf.1cfd6980a86b91df68c29b653d03a52d_0001.jpg,WEED6C_crops/0624_jpg.rf.1cfd6980a86b91df68c29b653d03a52d_0001.jpg,3
0362_jpg.rf.d5442bc15d85d46636b2e635eec3d8bd_0001.jpg,WEED6C_crops/0362_jpg.rf.d5442bc15d85d46636b2e635eec3d8bd_0001.jpg,3
1300_jpg.rf.c8a7b7da90c3a7f70a2e39b8ca47e4fd_0013.jpg,WEED6C_crops/1300_jpg.rf.c8a7b7da90c3a7f70a2e39b8ca47e4fd_0013.jpg,1
0834_jpg.rf.541aec5b5bf56ec58ec1abe5ccbeaf7f_0003.jpg,WEED6C_crops/0834_jpg.rf.541aec5b5bf56ec58ec1abe5ccbeaf7f_0003.jpg,0
0196_jpg.rf.085a28c95bd83d706b4da167e039e140_0008.jpg,WEED6C_crops/0196_jpg.rf.085a28c95bd83d706b4da167e039e140_0008.jpg,1
0007_jpg.rf.eaf859057bb2031ba3cc82b453856b56_0001.jpg,WEED6C_crops/0007_jpg.rf.eaf859057bb2031ba3cc82b453856b56_0001.jpg,5
0925_jpg.rf.6a52b7ae52ed738735743b4f81d0a18c_0003.jpg,WEED6C_crops/0925_jpg.rf.6a52b7ae52ed738735743b4f81d0a18c_0003.jpg,3
0430_jpg.rf.c3c01a98ee4a4927a0c92aa55a1e7229_0001.jpg,WEED6C_crops/0430_jpg.rf.c3c01a98ee4a4927a0c92aa55a1e7229_0001.jpg,1
1360_jpg.rf.4adff7020975375bcf1db2c7f65ecb42_0021.jpg,WEED6C_crops/1360_jpg.rf.4adff7020975375bcf1db2c7f65ecb42_0021.jpg,4
1003_jpg.rf.602b7f8d6ae459ed32df2fc00275a094_0004.jpg,WEED6C_crops/1003_jpg.rf.602b7f8d6ae459ed32df2fc00275a094_0004.jpg,0
0559_jpg.rf.f0c88e460bcaa95a5f8fd0c5421b88af_0004.jpg,WEED6C_crops/0559_jpg.rf.f0c88e460bcaa95a5f8fd0c5421b88af_0004.jpg,3
1370_jpg.rf.81f386000a766bd098e73e127fb823ea_0002.jpg,WEED6C_crops/1370_jpg.rf.81f386000a766bd098e73e127fb823ea_0002.jpg,1
1303_jpg.rf.8f30bd948ef635a90243d4eb022d379b_0038.jpg,WEED6C_crops/1303_jpg.rf.8f30bd948ef635a90243d4eb022d379b_0038.jpg,4
0595_jpg.rf.5c016f5da400413f75ae43463574322b_0008.jpg,WEED6C_crops/0595_jpg.rf.5c016f5da400413f75ae43463574322b_0008.jpg,3
1305_jpg.rf.443512b37c4cb64236dc2fdc570ded6d_0006.jpg,WEED6C_crops/1305_jpg.rf.443512b37c4cb64236dc2fdc570ded6d_0006.jpg,4
0541_jpg.rf.a07bcb8674229ad06678f737ffd8b0f3_0004.jpg,WEED6C_crops/0541_jpg.rf.a07bcb8674229ad06678f737ffd8b0f3_0004.jpg,3
1367_jpg.rf.525537f6569c4903b5b939c2e8220219_0050.jpg,WEED6C_crops/1367_jpg.rf.525537f6569c4903b5b939c2e8220219_0050.jpg,4
0614_jpg.rf.6460a83fcbd88ffd7ab9a2fe6d9fa41b_0003.jpg,WEED6C_crops/0614_jpg.rf.6460a83fcbd88ffd7ab9a2fe6d9fa41b_0003.jpg,3
0975_jpg.rf.abcfc6b9e11085e426aa46643b222675_0001.jpg,WEED6C_crops/0975_jpg.rf.abcfc6b9e11085e426aa46643b222675_0001.jpg,3
1327_jpg.rf.dc77e825fdfc1e35e9bdd4129d3202c9_0009.jpg,WEED6C_crops/1327_jpg.rf.dc77e825fdfc1e35e9bdd4129d3202c9_0009.jpg,4
0218_jpg.rf.6260fbaafdce0bc1a2f594e86103bf20_0003.jpg,WEED6C_crops/0218_jpg.rf.6260fbaafdce0bc1a2f594e86103bf20_0003.jpg,3
0472_jpg.rf.85e931efad0bb7cf112ec8bcf119a1d5_0002.jpg,WEED6C_crops/0472_jpg.rf.85e931efad0bb7cf112ec8bcf119a1d5_0002.jpg,2
0408_jpg.rf.eb0a87d7fc4cc171c085075e30fbdaf9_0001.jpg,WEED6C_crops/0408_jpg.rf.eb0a87d7fc4cc171c085075e30fbdaf9_0001.jpg,3
0816_jpg.rf.a9cf6d6edbe34347964c89472d30052e_0007.jpg,WEED6C_crops/0816_jpg.rf.a9cf6d6edbe34347964c89472d30052e_0007.jpg,2
0641_jpg.rf.7e5788b029304a83b89af837bd48ccca_0002.jpg,WEED6C_crops/0641_jpg.rf.7e5788b029304a83b89af837bd48ccca_0002.jpg,3
0717_jpg.rf.9a263fe6e6c233012637a8e31ceb7376_0002.jpg,WEED6C_crops/0717_jpg.rf.9a263fe6e6c233012637a8e31ceb7376_0002.jpg,3
1338_jpg.rf.321121b7a3efd0ac1c8aa7d0cbb33902_0009.jpg,WEED6C_crops/1338_jpg.rf.321121b7a3efd0ac1c8aa7d0cbb33902_0009.jpg,4
0830_jpg.rf.8781b961273330d6d6176c9d9e45393a_0011.jpg,WEED6C_crops/0830_jpg.rf.8781b961273330d6d6176c9d9e45393a_0011.jpg,3
1360_jpg.rf.4adff7020975375bcf1db2c7f65ecb42_0027.jpg,WEED6C_crops/1360_jpg.rf.4adff7020975375bcf1db2c7f65ecb42_0027.jpg,4
0360_jpg.rf.f070784662d3e14abdda41d21e4b9ccb_0003.jpg,WEED6C_crops/0360_jpg.rf.f070784662d3e14abdda41d21e4b9ccb_0003.jpg,3
0084_jpg.rf.49a24825fcabc006eba2bbcc34575367_0022.jpg,WEED6C_crops/0084_jpg.rf.49a24825fcabc006eba2bbcc34575367_0022.jpg,5
0243_jpg.rf.e88cca6b42f0ffe81f64a33e459ea766_0006.jpg,WEED6C_crops/0243_jpg.rf.e88cca6b42f0ffe81f64a33e459ea766_0006.jpg,2
1384_jpg.rf.afcd8b0134972419b998849c6733c7a3_0010.jpg,WEED6C_crops/1384_jpg.rf.afcd8b0134972419b998849c6733c7a3_0010.jpg,4
0442_jpg.rf.d890861024c4e828980c723d47ac7335_0001.jpg,WEED6C_crops/0442_jpg.rf.d890861024c4e828980c723d47ac7335_0001.jpg,1
0546_jpg.rf.ebbe2e620d3ba78f44b2ac53b958321a_0007.jpg,WEED6C_crops/0546_jpg.rf.ebbe2e620d3ba78f44b2ac53b958321a_0007.jpg,0
0632_jpg.rf.9835eced0ca94b3dc06bf15ea115944a_0008.jpg,WEED6C_crops/0632_jpg.rf.9835eced0ca94b3dc06bf15ea115944a_0008.jpg,3
0494_jpg.rf.93dcf1ea5bf6d7d2778a6afcd86695a4_0003.jpg,WEED6C_crops/0494_jpg.rf.93dcf1ea5bf6d7d2778a6afcd86695a4_0003.jpg,2
1372_jpg.rf.ef878d09b7d0fbf710c9467e4f1063c1_0028.jpg,WEED6C_crops/1372_jpg.rf.ef878d09b7d0fbf710c9467e4f1063c1_0028.jpg,4
0989_jpg.rf.2cc687f5855409edb20ee047c271554e_0006.jpg,WEED6C_crops/0989_jpg.rf.2cc687f5855409edb20ee047c271554e_0006.jpg,3
0251_jpg.rf.3a62dfb334b76e437c54367b5c17f378_0003.jpg,WEED6C_crops/0251_jpg.rf.3a62dfb334b76e437c54367b5c17f378_0003.jpg,1
0864_jpg.rf.a89fcd6973f4f63d9a927a2f4b53e02a_0001.jpg,WEED6C_crops/0864_jpg.rf.a89fcd6973f4f63d9a927a2f4b53e02a_0001.jpg,0
1232_jpg.rf.6a70f87f86c34e215d593fa33bdb4046_0001.jpg,WEED6C_crops/1232_jpg.rf.6a70f87f86c34e215d593fa33bdb4046_0001.jpg,1
0306_jpg.rf.a84c0ea4523c1d862d89fd13bc5e3c59_0005.jpg,WEED6C_crops/0306_jpg.rf.a84c0ea4523c1d862d89fd13bc5e3c59_0005.jpg,3
1327_jpg.rf.dc77e825fdfc1e35e9bdd4129d3202c9_0015.jpg,WEED6C_crops/1327_jpg.rf.dc77e825fdfc1e35e9bdd4129d3202c9_0015.jpg,4
1350_jpg.rf.c4e3678c0fb3792d81765cc98b2c9760_0005.jpg,WEED6C_crops/1350_jpg.rf.c4e3678c0fb3792d81765cc98b2c9760_0005.jpg,4
1230_jpg.rf.60caad5b3d36a901c24668ddacd2f112_0016.jpg,WEED6C_crops/1230_jpg.rf.60caad5b3d36a901c24668ddacd2f112_0016.jpg,0
0863_jpg.rf.26770e014f1133ea96231f3a9a266c3b_0004.jpg,WEED6C_crops/0863_jpg.rf.26770e014f1133ea96231f3a9a266c3b_0004.jpg,3
1326_jpg.rf.ba5307608bcddc028d4a821d0505dda6_0012.jpg,WEED6C_crops/1326_jpg.rf.ba5307608bcddc028d4a821d0505dda6_0012.jpg,4
1307_jpg.rf.33599e09e24700c862edbff3b301109d_0015.jpg,WEED6C_crops/1307_jpg.rf.33599e09e24700c862edbff3b301109d_0015.jpg,4
0832_jpg.rf.cda307f8eef4fb3e30b42f2776592da3_0009.jpg,WEED6C_crops/0832_jpg.rf.cda307f8eef4fb3e30b42f2776592da3_0009.jpg,3
1258_jpg.rf.4422e5834e7ddb6b6e4db7c026227ffc_0001.jpg,WEED6C_crops/1258_jpg.rf.4422e5834e7ddb6b6e4db7c026227ffc_0001.jpg,4
0553_jpg.rf.2f8e2208b5949553690740b1de3886d2_0001.jpg,WEED6C_crops/0553_jpg.rf.2f8e2208b5949553690740b1de3886d2_0001.jpg,1
1356_jpg.rf.2f9a9ccab7035b4c81a5ca992e4a9838_0033.jpg,WEED6C_crops/1356_jpg.rf.2f9a9ccab7035b4c81a5ca992e4a9838_0033.jpg,4
0876_jpg.rf.048887d24f3b405131ce7dd5aa738324_0006.jpg,WEED6C_crops/0876_jpg.rf.048887d24f3b405131ce7dd5aa738324_0006.jpg,3
0005_jpg.rf.a428674cf68d7c5216955f402a82c368_0004.jpg,WEED6C_crops/0005_jpg.rf.a428674cf68d7c5216955f402a82c368_0004.jpg,5
1381_jpg.rf.26a82a54504b992f9dc9ede2e50e9b8f_0005.jpg,WEED6C_crops/1381_jpg.rf.26a82a54504b992f9dc9ede2e50e9b8f_0005.jpg,4
0724_jpg.rf.aab4a68730fe7f1f0ebc4c76442eba63_0002.jpg,WEED6C_crops/0724_jpg.rf.aab4a68730fe7f1f0ebc4c76442eba63_0002.jpg,3
1319_jpg.rf.f0e986998c05674b9aeebd92e9e900c9_0011.jpg,WEED6C_crops/1319_jpg.rf.f0e986998c05674b9aeebd92e9e900c9_0011.jpg,1
1234_jpg.rf.a93944a842f95553d9a3a60eca1434ff_0006.jpg,WEED6C_crops/1234_jpg.rf.a93944a842f95553d9a3a60eca1434ff_0006.jpg,4
0257_jpg.rf.557c388c2acbfea82eb2bf5b913653db_0003.jpg,WEED6C_crops/0257_jpg.rf.557c388c2acbfea82eb2bf5b913653db_0003.jpg,1
0889_jpg.rf.ae90234bb3ba83d3000219a889140f3f_0003.jpg,WEED6C_crops/0889_jpg.rf.ae90234bb3ba83d3000219a889140f3f_0003.jpg,1
0252_jpg.rf.e642b34a852db7b47e1a6bdd6734a3f2_0001.jpg,WEED6C_crops/0252_jpg.rf.e642b34a852db7b47e1a6bdd6734a3f2_0001.jpg,0
0098_jpg.rf.5583c8d6362a7b4dfcffe302dd45a5c8_0005.jpg,WEED6C_crops/0098_jpg.rf.5583c8d6362a7b4dfcffe302dd45a5c8_0005.jpg,5
1358_jpg.rf.596bf1c7fe66e55cef5de750deba63b9_0005.jpg,WEED6C_crops/1358_jpg.rf.596bf1c7fe66e55cef5de750deba63b9_0005.jpg,4
1357_jpg.rf.65ed3ccb047c00c090abcb2750f4d22e_0004.jpg,WEED6C_crops/1357_jpg.rf.65ed3ccb047c00c090abcb2750f4d22e_0004.jpg,4
0806_jpg.rf.c378aaa9dacc5ce45b55fd081cf71032_0001.jpg,WEED6C_crops/0806_jpg.rf.c378aaa9dacc5ce45b55fd081cf71032_0001.jpg,1
0446_jpg.rf.f09c9a291c819000e04f77d498ab80e1_0005.jpg,WEED6C_crops/0446_jpg.rf.f09c9a291c819000e04f77d498ab80e1_0005.jpg,3
1160_jpg.rf.427362066a9a952c7be61e01f54f71f0_0001.jpg,WEED6C_crops/1160_jpg.rf.427362066a9a952c7be61e01f54f71f0_0001.jpg,2
0292_jpg.rf.6a50c1ede4f6200fe42989cb1ee3177d_0009.jpg,WEED6C_crops/0292_jpg.rf.6a50c1ede4f6200fe42989cb1ee3177d_0009.jpg,1
1207_jpg.rf.865c4c98d08c0e13733a4b21dec6cfe1_0001.jpg,WEED6C_crops/1207_jpg.rf.865c4c98d08c0e13733a4b21dec6cfe1_0001.jpg,2
1354_jpg.rf.cfa3e2f0904af788a0555ee8bd188254_0023.jpg,WEED6C_crops/1354_jpg.rf.cfa3e2f0904af788a0555ee8bd188254_0023.jpg,4
1072_jpg.rf.58079160983ed7f790cfc0c9982d1850_0002.jpg,WEED6C_crops/1072_jpg.rf.58079160983ed7f790cfc0c9982d1850_0002.jpg,0
1291_jpg.rf.4b6c3745afe80d02cad886422d29091f_0017.jpg,WEED6C_crops/1291_jpg.rf.4b6c3745afe80d02cad886422d29091f_0017.jpg,4
1228_jpg.rf.3a6e1d55fd194952bef3ad055644cc66_0024.jpg,WEED6C_crops/1228_jpg.rf.3a6e1d55fd194952bef3ad055644cc66_0024.jpg,4
0396_jpg.rf.4b5b0916e6b03755b62fbae36561d1d6_0002.jpg,WEED6C_crops/0396_jpg.rf.4b5b0916e6b03755b62fbae36561d1d6_0002.jpg,3
0419_jpg.rf.68280aceb67fa61bebfa5a2e47974375_0001.jpg,WEED6C_crops/0419_jpg.rf.68280aceb67fa61bebfa5a2e47974375_0001.jpg,1
0195_jpg.rf.1c4262b24a02b86db309f09eb684e8dc_0009.jpg,WEED6C_crops/0195_jpg.rf.1c4262b24a02b86db309f09eb684e8dc_0009.jpg,3
0122_jpg.rf.fefeef1ae339c36c42d0332caf14eae6_0008.jpg,WEED6C_crops/0122_jpg.rf.fefeef1ae339c36c42d0332caf14eae6_0008.jpg,5
1358_jpg.rf.596bf1c7fe66e55cef5de750deba63b9_0018.jpg,WEED6C_crops/1358_jpg.rf.596bf1c7fe66e55cef5de750deba63b9_0018.jpg,4
0855_jpg.rf.c3864326bbe207814bd73e53a801ac40_0010.jpg,WEED6C_crops/0855_jpg.rf.c3864326bbe207814bd73e53a801ac40_0010.jpg,0
0577_jpg.rf.eb90b7f9736eb15f3d29e3f9cf9332ba_0003.jpg,WEED6C_crops/0577_jpg.rf.eb90b7f9736eb15f3d29e3f9cf9332ba_0003.jpg,0
1294_jpg.rf.99a6afbaff3de0db6ad09e909b9845eb_0004.jpg,WEED6C_crops/1294_jpg.rf.99a6afbaff3de0db6ad09e909b9845eb_0004.jpg,4
1236_jpg.rf.84823ae11fdee603ba6a5fab2cc61c7f_0004.jpg,WEED6C_crops/1236_jpg.rf.84823ae11fdee603ba6a5fab2cc61c7f_0004.jpg,4
0993_jpg.rf.ce6c13d32d63ebb36918c34d00a949a9_0006.jpg,WEED6C_crops/0993_jpg.rf.ce6c13d32d63ebb36918c34d00a949a9_0006.jpg,2
0434_jpg.rf.9947597e0eaa11a66f04c372932b93a0_0004.jpg,WEED6C_crops/0434_jpg.rf.9947597e0eaa11a66f04c372932b93a0_0004.jpg,0
0716_jpg.rf.faa22cd2bb7e862885df6d21bb2f5fad_0006.jpg,WEED6C_crops/0716_jpg.rf.faa22cd2bb7e862885df6d21bb2f5fad_0006.jpg,3
0679_jpg.rf.832a91f72f04f7363c002ce214b1b4db_0001.jpg,WEED6C_crops/0679_jpg.rf.832a91f72f04f7363c002ce214b1b4db_0001.jpg,0
0244_jpg.rf.28fd6659d3b4c604e579183607656c76_0016.jpg,WEED6C_crops/0244_jpg.rf.28fd6659d3b4c604e579183607656c76_0016.jpg,0
1236_jpg.rf.84823ae11fdee603ba6a5fab2cc61c7f_0010.jpg,WEED6C_crops/1236_jpg.rf.84823ae11fdee603ba6a5fab2cc61c7f_0010.jpg,4
0266_jpg.rf.44e611753f9d3e1997613c5cc8a58644_0008.jpg,WEED6C_crops/0266_jpg.rf.44e611753f9d3e1997613c5cc8a58644_0008.jpg,1
0092_jpg.rf.8450ac93de0af6e88a7425fba447c67c_0001.jpg,WEED6C_crops/0092_jpg.rf.8450ac93de0af6e88a7425fba447c67c_0001.jpg,5
0924_jpg.rf.38515b7536c8c5bcb37440437863e683_0010.jpg,WEED6C_crops/0924_jpg.rf.38515b7536c8c5bcb37440437863e683_0010.jpg,3
0209_jpg.rf.cd471b55fd45b6c49fc5415b1b5a3b40_0003.jpg,WEED6C_crops/0209_jpg.rf.cd471b55fd45b6c49fc5415b1b5a3b40_0003.jpg,2
1357_jpg.rf.65ed3ccb047c00c090abcb2750f4d22e_0036.jpg,WEED6C_crops/1357_jpg.rf.65ed3ccb047c00c090abcb2750f4d22e_0036.jpg,4
0852_jpg.rf.dd6916a47f9e85191231067f28328211_0006.jpg,WEED6C_crops/0852_jpg.rf.dd6916a47f9e85191231067f28328211_0006.jpg,3
0446_jpg.rf.f09c9a291c819000e04f77d498ab80e1_0002.jpg,WEED6C_crops/0446_jpg.rf.f09c9a291c819000e04f77d498ab80e1_0002.jpg,1
1275_jpg.rf.65866643a6cd0f4dcd05a33f2a923468_0010.jpg,WEED6C_crops/1275_jpg.rf.65866643a6cd0f4dcd05a33f2a923468_0010.jpg,4
1374_jpg.rf.6c64883712d67a3ad448ca10c0398308_0048.jpg,WEED6C_crops/1374_jpg.rf.6c64883712d67a3ad448ca10c0398308_0048.jpg,4
1245_jpg.rf.4069f16d0c1ce36ab134055a59d74c0e_0008.jpg,WEED6C_crops/1245_jpg.rf.4069f16d0c1ce36ab134055a59d74c0e_0008.jpg,4
0907_jpg.rf.6a0a542a4ba197b9210001a84e10738b_0006.jpg,WEED6C_crops/0907_jpg.rf.6a0a542a4ba197b9210001a84e10738b_0006.jpg,3
0677_jpg.rf.6945118841865e33b5b6390a7495d13b_0001.jpg,WEED6C_crops/0677_jpg.rf.6945118841865e33b5b6390a7495d13b_0001.jpg,0
1294_jpg.rf.99a6afbaff3de0db6ad09e909b9845eb_0006.jpg,WEED6C_crops/1294_jpg.rf.99a6afbaff3de0db6ad09e909b9845eb_0006.jpg,4
1258_jpg.rf.4422e5834e7ddb6b6e4db7c026227ffc_0007.jpg,WEED6C_crops/1258_jpg.rf.4422e5834e7ddb6b6e4db7c026227ffc_0007.jpg,4
0534_jpg.rf.4880288bf2e3b3cd7b92e41137650d04_0004.jpg,WEED6C_crops/0534_jpg.rf.4880288bf2e3b3cd7b92e41137650d04_0004.jpg,3
1368_jpg.rf.25dc57e029d777ff1571d3d84d22c763_0045.jpg,WEED6C_crops/1368_jpg.rf.25dc57e029d777ff1571d3d84d22c763_0045.jpg,4
0883_jpg.rf.b2b472b2a25e0df170897c31b3a60aee_0002.jpg,WEED6C_crops/0883_jpg.rf.b2b472b2a25e0df170897c31b3a60aee_0002.jpg,0
1232_jpg.rf.6a70f87f86c34e215d593fa33bdb4046_0004.jpg,WEED6C_crops/1232_jpg.rf.6a70f87f86c34e215d593fa33bdb4046_0004.jpg,1
1239_jpg.rf.7b926cf59320e9b12909abef7c8e7aac_0021.jpg,WEED6C_crops/1239_jpg.rf.7b926cf59320e9b12909abef7c8e7aac_0021.jpg,4
1294_jpg.rf.99a6afbaff3de0db6ad09e909b9845eb_0016.jpg,WEED6C_crops/1294_jpg.rf.99a6afbaff3de0db6ad09e909b9845eb_0016.jpg,4
1187_jpg.rf.2191e71e3a5702911dc289a273ebbf04_0001.jpg,WEED6C_crops/1187_jpg.rf.2191e71e3a5702911dc289a273ebbf04_0001.jpg,2
0199_jpg.rf.14553f5693a42070298ad7710a122f4b_0005.jpg,WEED6C_crops/0199_jpg.rf.14553f5693a42070298ad7710a122f4b_0005.jpg,1
1292_jpg.rf.da2666dd0d06c9ac83fcabaff7ad04bf_0008.jpg,WEED6C_crops/1292_jpg.rf.da2666dd0d06c9ac83fcabaff7ad04bf_0008.jpg,4
0809_jpg.rf.116a9dfd7cefe4aa7aa030aac2a4aa11_0001.jpg,WEED6C_crops/0809_jpg.rf.116a9dfd7cefe4aa7aa030aac2a4aa11_0001.jpg,3
1268_jpg.rf.f92eaf335716f66b9db465ec842cf1d7_0007.jpg,WEED6C_crops/1268_jpg.rf.f92eaf335716f66b9db465ec842cf1d7_0007.jpg,4
1386_jpg.rf.38d81bd8c301374aed9080ef5af2120b_0004.jpg,WEED6C_crops/1386_jpg.rf.38d81bd8c301374aed9080ef5af2120b_0004.jpg,1
0835_jpg.rf.86f8f015b73de124e709c954d11412c0_0009.jpg,WEED6C_crops/0835_jpg.rf.86f8f015b73de124e709c954d11412c0_0009.jpg,3
0084_jpg.rf.49a24825fcabc006eba2bbcc34575367_0028.jpg,WEED6C_crops/0084_jpg.rf.49a24825fcabc006eba2bbcc34575367_0028.jpg,4
0595_jpg.rf.5c016f5da400413f75ae43463574322b_0007.jpg,WEED6C_crops/0595_jpg.rf.5c016f5da400413f75ae43463574322b_0007.jpg,0
0896_jpg.rf.0bda0ed76fce664d070b9f933f42f694_0008.jpg,WEED6C_crops/0896_jpg.rf.0bda0ed76fce664d070b9f933f42f694_0008.jpg,0
0382_jpg.rf.aac39ca648c83b6f8c22e4446970b6ba_0001.jpg,WEED6C_crops/0382_jpg.rf.aac39ca648c83b6f8c22e4446970b6ba_0001.jpg,1
1284_jpg.rf.530cf6dda4cd89ed1fed8a114b2efaa9_0006.jpg,WEED6C_crops/1284_jpg.rf.530cf6dda4cd89ed1fed8a114b2efaa9_0006.jpg,4
1383_jpg.rf.774d8f8762ff9dbe26c5db3a3e211276_0001.jpg,WEED6C_crops/1383_jpg.rf.774d8f8762ff9dbe26c5db3a3e211276_0001.jpg,1
0655_jpg.rf.9731d241c8517aaac5f38f8709892ca0_0003.jpg,WEED6C_crops/0655_jpg.rf.9731d241c8517aaac5f38f8709892ca0_0003.jpg,0
1279_jpg.rf.3859686293ba7d5fcec5e84b599fd5de_0005.jpg,WEED6C_crops/1279_jpg.rf.3859686293ba7d5fcec5e84b599fd5de_0005.jpg,1
1297_jpg.rf.6b0b7752cf8cf4de863fbe28b3493196_0005.jpg,WEED6C_crops/1297_jpg.rf.6b0b7752cf8cf4de863fbe28b3493196_0005.jpg,4
0343_jpg.rf.f5f1a65ea3ae72fa84376e66fcdf332b_0007.jpg,WEED6C_crops/0343_jpg.rf.f5f1a65ea3ae72fa84376e66fcdf332b_0007.jpg,1
0484_jpg.rf.2f0048664be86181211730fa7692d0f2_0001.jpg,WEED6C_crops/0484_jpg.rf.2f0048664be86181211730fa7692d0f2_0001.jpg,1
1377_jpg.rf.13024f6056bd3ee967e54a75b53fd777_0014.jpg,WEED6C_crops/1377_jpg.rf.13024f6056bd3ee967e54a75b53fd777_0014.jpg,4
0220_jpg.rf.ac3075b666a8df6cadddc7f7932b8698_0003.jpg,WEED6C_crops/0220_jpg.rf.ac3075b666a8df6cadddc7f7932b8698_0003.jpg,0
1289_jpg.rf.957e6f56bd4082a5f0de4abb3406240f_0003.jpg,WEED6C_crops/1289_jpg.rf.957e6f56bd4082a5f0de4abb3406240f_0003.jpg,1
0281_jpg.rf.525275ec8f77a3e6f1a0adab97e761ed_0004.jpg,WEED6C_crops/0281_jpg.rf.525275ec8f77a3e6f1a0adab97e761ed_0004.jpg,3
0036_jpg.rf.bdc54405689eda8b64ce2d3f9302fcea_0001.jpg,WEED6C_crops/0036_jpg.rf.bdc54405689eda8b64ce2d3f9302fcea_0001.jpg,5
0488_jpg.rf.fa1fb92288b40aae311dd64316e52ea4_0004.jpg,WEED6C_crops/0488_jpg.rf.fa1fb92288b40aae311dd64316e52ea4_0004.jpg,2
0240_jpg.rf.f18fdb793c0f135ebedcba370dfdcdf7_0005.jpg,WEED6C_crops/0240_jpg.rf.f18fdb793c0f135ebedcba370dfdcdf7_0005.jpg,3
0382_jpg.rf.aac39ca648c83b6f8c22e4446970b6ba_0008.jpg,WEED6C_crops/0382_jpg.rf.aac39ca648c83b6f8c22e4446970b6ba_0008.jpg,0
0375_jpg.rf.e83346babadd91a7ae17f79bb6229688_0002.jpg,WEED6C_crops/0375_jpg.rf.e83346babadd91a7ae17f79bb6229688_0002.jpg,3
1295_jpg.rf.f42892f9b9b14e4cd48cb8f649d05aa8_0002.jpg,WEED6C_crops/1295_jpg.rf.f42892f9b9b14e4cd48cb8f649d05aa8_0002.jpg,4
1345_jpg.rf.7dc260eec167fcfaa4312588633931cc_0005.jpg,WEED6C_crops/1345_jpg.rf.7dc260eec167fcfaa4312588633931cc_0005.jpg,4
1293_jpg.rf.25d29f796ce3dd1d2ed11cfb04cd3f18_0004.jpg,WEED6C_crops/1293_jpg.rf.25d29f796ce3dd1d2ed11cfb04cd3f18_0004.jpg,4
0187_jpg.rf.c4ad0df6ea77ac262a84d8bbfd02cb76_0007.jpg,WEED6C_crops/0187_jpg.rf.c4ad0df6ea77ac262a84d8bbfd02cb76_0007.jpg,1
0231_jpg.rf.6e40f94a34bca0e4b909f046b2c56f1d_0003.jpg,WEED6C_crops/0231_jpg.rf.6e40f94a34bca0e4b909f046b2c56f1d_0003.jpg,3
1231_jpg.rf.fe1b06fe786224eaf851b6416c2554ae_0005.jpg,WEED6C_crops/1231_jpg.rf.fe1b06fe786224eaf851b6416c2554ae_0005.jpg,1
1356_jpg.rf.2f9a9ccab7035b4c81a5ca992e4a9838_0017.jpg,WEED6C_crops/1356_jpg.rf.2f9a9ccab7035b4c81a5ca992e4a9838_0017.jpg,4
0907_jpg.rf.6a0a542a4ba197b9210001a84e10738b_0011.jpg,WEED6C_crops/0907_jpg.rf.6a0a542a4ba197b9210001a84e10738b_0011.jpg,2
0495_jpg.rf.c2254e57e842a52a0cbe9bb4443b5caa_0001.jpg,WEED6C_crops/0495_jpg.rf.c2254e57e842a52a0cbe9bb4443b5caa_0001.jpg,3
0913_jpg.rf.acb1de508ae77b7fc29381c59a7217fc_0001.jpg,WEED6C_crops/0913_jpg.rf.acb1de508ae77b7fc29381c59a7217fc_0001.jpg,3
0207_jpg.rf.ef9ef63b8efc3d77b27c0da558cb951c_0004.jpg,WEED6C_crops/0207_jpg.rf.ef9ef63b8efc3d77b27c0da558cb951c_0004.jpg,3
1233_jpg.rf.a9ad2187477d12adf58c20e898c06211_0006.jpg,WEED6C_crops/1233_jpg.rf.a9ad2187477d12adf58c20e898c06211_0006.jpg,4
1281_jpg.rf.91cc48b7ff601ee1d856d9c0b41bd97d_0002.jpg,WEED6C_crops/1281_jpg.rf.91cc48b7ff601ee1d856d9c0b41bd97d_0002.jpg,4
0473_jpg.rf.6b91ab3c1e14b02130e5ae789b04d843_0003.jpg,WEED6C_crops/0473_jpg.rf.6b91ab3c1e14b02130e5ae789b04d843_0003.jpg,3
1286_jpg.rf.a2f3cfb47234b710f8934ba54d6eb78d_0006.jpg,WEED6C_crops/1286_jpg.rf.a2f3cfb47234b710f8934ba54d6eb78d_0006.jpg,4
0144_jpg.rf.99d7767e7729a346d36076f329009f9c_0001.jpg,WEED6C_crops/0144_jpg.rf.99d7767e7729a346d36076f329009f9c_0001.jpg,5
0287_jpg.rf.6023533532f1cf82cf88a4b6e078d995_0005.jpg,WEED6C_crops/0287_jpg.rf.6023533532f1cf82cf88a4b6e078d995_0005.jpg,3
0086_jpg.rf.e670f567fb50beae08c544c86378c961_0002.jpg,WEED6C_crops/0086_jpg.rf.e670f567fb50beae08c544c86378c961_0002.jpg,5
0859_jpg.rf.e6ecc7f97928076a544e92eb6da0ecf6_0013.jpg,WEED6C_crops/0859_jpg.rf.e6ecc7f97928076a544e92eb6da0ecf6_0013.jpg,0
1229_jpg.rf.f39c48606a011efde3d20b5d68fa1f43_0024.jpg,WEED6C_crops/1229_jpg.rf.f39c48606a011efde3d20b5d68fa1f43_0024.jpg,4
0546_jpg.rf.ebbe2e620d3ba78f44b2ac53b958321a_0008.jpg,WEED6C_crops/0546_jpg.rf.ebbe2e620d3ba78f44b2ac53b958321a_0008.jpg,3
0011_jpg.rf.29710157babea4ac78857746132ada3d_0003.jpg,WEED6C_crops/0011_jpg.rf.29710157babea4ac78857746132ada3d_0003.jpg,5
1328_jpg.rf.28a21bbb1b3a92b5d4aab483e1b5d7d7_0005.jpg,WEED6C_crops/1328_jpg.rf.28a21bbb1b3a92b5d4aab483e1b5d7d7_0005.jpg,4
1239_jpg.rf.7b926cf59320e9b12909abef7c8e7aac_0027.jpg,WEED6C_crops/1239_jpg.rf.7b926cf59320e9b12909abef7c8e7aac_0027.jpg,4
0919_jpg.rf.4128e3e1a60bf491fba0d117b2e76335_0006.jpg,WEED6C_crops/0919_jpg.rf.4128e3e1a60bf491fba0d117b2e76335_0006.jpg,3
0642_jpg.rf.be8095b205681a9080f20da3042d4f5f_0005.jpg,WEED6C_crops/0642_jpg.rf.be8095b205681a9080f20da3042d4f5f_0005.jpg,1
1303_jpg.rf.8f30bd948ef635a90243d4eb022d379b_0049.jpg,WEED6C_crops/1303_jpg.rf.8f30bd948ef635a90243d4eb022d379b_0049.jpg,4
0381_jpg.rf.cddb21d4777e113ec1f33da97eb01a9c_0013.jpg,WEED6C_crops/0381_jpg.rf.cddb21d4777e113ec1f33da97eb01a9c_0013.jpg,0
1102_jpg.rf.c361c897de2d245ba8595ee99fd9dc2e_0001.jpg,WEED6C_crops/1102_jpg.rf.c361c897de2d245ba8595ee99fd9dc2e_0001.jpg,2
0283_jpg.rf.f3d09170767f659721e1a02d06422fcc_0001.jpg,WEED6C_crops/0283_jpg.rf.f3d09170767f659721e1a02d06422fcc_0001.jpg,1
1290_jpg.rf.8205e2e54fecf8b93cef7fec17cf955a_0006.jpg,WEED6C_crops/1290_jpg.rf.8205e2e54fecf8b93cef7fec17cf955a_0006.jpg,4
0257_jpg.rf.557c388c2acbfea82eb2bf5b913653db_0004.jpg,WEED6C_crops/0257_jpg.rf.557c388c2acbfea82eb2bf5b913653db_0004.jpg,0
1251_jpg.rf.ca084f91ecb665ac4961e3dca9f42efd_0006.jpg,WEED6C_crops/1251_jpg.rf.ca084f91ecb665ac4961e3dca9f42efd_0006.jpg,1
0264_jpg.rf.f0707bd2eaf1da4238a8793784130d7d_0004.jpg,WEED6C_crops/0264_jpg.rf.f0707bd2eaf1da4238a8793784130d7d_0004.jpg,0
0221_jpg.rf.06a7f614b5a2becaf982406d2b4d1608_0002.jpg,WEED6C_crops/0221_jpg.rf.06a7f614b5a2becaf982406d2b4d1608_0002.jpg,3
1052_jpg.rf.95f4bea90df7aa479be8989ce06c45e2_0003.jpg,WEED6C_crops/1052_jpg.rf.95f4bea90df7aa479be8989ce06c45e2_0003.jpg,0
1368_jpg.rf.25dc57e029d777ff1571d3d84d22c763_0014.jpg,WEED6C_crops/1368_jpg.rf.25dc57e029d777ff1571d3d84d22c763_0014.jpg,4
0831_jpg.rf.d9b5396051735be26e9dffc2d88e5a86_0007.jpg,WEED6C_crops/0831_jpg.rf.d9b5396051735be26e9dffc2d88e5a86_0007.jpg,3
1333_jpg.rf.a19f6afe3aac474ca3a8aaed87785a6d_0006.jpg,WEED6C_crops/1333_jpg.rf.a19f6afe3aac474ca3a8aaed87785a6d_0006.jpg,4
0318_jpg.rf.40c517ba5f90cb1a6426195fe51476d8_0005.jpg,WEED6C_crops/0318_jpg.rf.40c517ba5f90cb1a6426195fe51476d8_0005.jpg,3
1373_jpg.rf.3d37ed5825d54fd39547b46ea5c1112c_0016.jpg,WEED6C_crops/1373_jpg.rf.3d37ed5825d54fd39547b46ea5c1112c_0016.jpg,4
0246_jpg.rf.ec9c85e91b0b56953a1526c7e0ac2bb1_0014.jpg,WEED6C_crops/0246_jpg.rf.ec9c85e91b0b56953a1526c7e0ac2bb1_0014.jpg,2
1258_jpg.rf.4422e5834e7ddb6b6e4db7c026227ffc_0005.jpg,WEED6C_crops/1258_jpg.rf.4422e5834e7ddb6b6e4db7c026227ffc_0005.jpg,4
1281_jpg.rf.91cc48b7ff601ee1d856d9c0b41bd97d_0004.jpg,WEED6C_crops/1281_jpg.rf.91cc48b7ff601ee1d856d9c0b41bd97d_0004.jpg,4
1290_jpg.rf.8205e2e54fecf8b93cef7fec17cf955a_0002.jpg,WEED6C_crops/1290_jpg.rf.8205e2e54fecf8b93cef7fec17cf955a_0002.jpg,4
1239_jpg.rf.7b926cf59320e9b12909abef7c8e7aac_0015.jpg,WEED6C_crops/1239_jpg.rf.7b926cf59320e9b12909abef7c8e7aac_0015.jpg,4
0259_jpg.rf.7a26b75204e85af5307ed22a18b88d7c_0006.jpg,WEED6C_crops/0259_jpg.rf.7a26b75204e85af5307ed22a18b88d7c_0006.jpg,0
1275_jpg.rf.65866643a6cd0f4dcd05a33f2a923468_0012.jpg,WEED6C_crops/1275_jpg.rf.65866643a6cd0f4dcd05a33f2a923468_0012.jpg,4
0233_jpg.rf.a5c5281427a1fd0e6febdc5a0218279f_0003.jpg,WEED6C_crops/0233_jpg.rf.a5c5281427a1fd0e6febdc5a0218279f_0003.jpg,3
1279_jpg.rf.3859686293ba7d5fcec5e84b599fd5de_0020.jpg,WEED6C_crops/1279_jpg.rf.3859686293ba7d5fcec5e84b599fd5de_0020.jpg,4
0298_jpg.rf.1adad714888d14f4b883d71fc9256b29_0003.jpg,WEED6C_crops/0298_jpg.rf.1adad714888d14f4b883d71fc9256b29_0003.jpg,3
1229_jpg.rf.f39c48606a011efde3d20b5d68fa1f43_0014.jpg,WEED6C_crops/1229_jpg.rf.f39c48606a011efde3d20b5d68fa1f43_0014.jpg,4
1326_jpg.rf.ba5307608bcddc028d4a821d0505dda6_0010.jpg,WEED6C_crops/1326_jpg.rf.ba5307608bcddc028d4a821d0505dda6_0010.jpg,4
1314_jpg.rf.026df1d2420a72903e8aa30534cca72c_0007.jpg,WEED6C_crops/1314_jpg.rf.026df1d2420a72903e8aa30534cca72c_0007.jpg,4
1337_jpg.rf.e28a9d239b7f72ac8aa2c724b2e787bd_0009.jpg,WEED6C_crops/1337_jpg.rf.e28a9d239b7f72ac8aa2c724b2e787bd_0009.jpg,4
1305_jpg.rf.443512b37c4cb64236dc2fdc570ded6d_0012.jpg,WEED6C_crops/1305_jpg.rf.443512b37c4cb64236dc2fdc570ded6d_0012.jpg,4
0740_jpg.rf.b15b8af1d62e865c53da5f49c5f222e3_0004.jpg,WEED6C_crops/0740_jpg.rf.b15b8af1d62e865c53da5f49c5f222e3_0004.jpg,0
1363_jpg.rf.768baa0bd4528831bffe24eb9aa3b51f_0006.jpg,WEED6C_crops/1363_jpg.rf.768baa0bd4528831bffe24eb9aa3b51f_0006.jpg,4
0317_jpg.rf.05694a5508a3d9bf052e6632fe5332ce_0005.jpg,WEED6C_crops/0317_jpg.rf.05694a5508a3d9bf052e6632fe5332ce_0005.jpg,3
1377_jpg.rf.13024f6056bd3ee967e54a75b53fd777_0007.jpg,WEED6C_crops/1377_jpg.rf.13024f6056bd3ee967e54a75b53fd777_0007.jpg,4
0236_jpg.rf.37f13823118c1f776f2b7d3360e121a9_0007.jpg,WEED6C_crops/0236_jpg.rf.37f13823118c1f776f2b7d3360e121a9_0007.jpg,3
0537_jpg.rf.880d43dde44d08fccacd4da9b8b69135_0004.jpg,WEED6C_crops/0537_jpg.rf.880d43dde44d08fccacd4da9b8b69135_0004.jpg,3
1257_jpg.rf.89c85bc5acee92f655635658a5c1295d_0002.jpg,WEED6C_crops/1257_jpg.rf.89c85bc5acee92f655635658a5c1295d_0002.jpg,4
1349_jpg.rf.f2a77b8dcb3c036a18eb11f545a535f5_0013.jpg,WEED6C_crops/1349_jpg.rf.f2a77b8dcb3c036a18eb11f545a535f5_0013.jpg,4
0502_jpg.rf.752966db85292b81ba4afb7ab412d334_0001.jpg,WEED6C_crops/0502_jpg.rf.752966db85292b81ba4afb7ab412d334_0001.jpg,1
0367_jpg.rf.0387e75a4414c3e22f3f8d46387c6300_0001.jpg,WEED6C_crops/0367_jpg.rf.0387e75a4414c3e22f3f8d46387c6300_0001.jpg,3
1238_jpg.rf.8f2e4dde815b3cdba79f2d24a33ad9eb_0039.jpg,WEED6C_crops/1238_jpg.rf.8f2e4dde815b3cdba79f2d24a33ad9eb_0039.jpg,4
0836_jpg.rf.0dfc1c090a89da80e2493e6185706bf8_0011.jpg,WEED6C_crops/0836_jpg.rf.0dfc1c090a89da80e2493e6185706bf8_0011.jpg,3
1265_jpg.rf.459c2e1e9909ee52948bcfdb891d5d39_0003.jpg,WEED6C_crops/1265_jpg.rf.459c2e1e9909ee52948bcfdb891d5d39_0003.jpg,4
0225_jpg.rf.693b1cbe81f88b209fc23413639d818e_0004.jpg,WEED6C_crops/0225_jpg.rf.693b1cbe81f88b209fc23413639d818e_0004.jpg,0
1358_jpg.rf.596bf1c7fe66e55cef5de750deba63b9_0009.jpg,WEED6C_crops/1358_jpg.rf.596bf1c7fe66e55cef5de750deba63b9_0009.jpg,4
0245_jpg.rf.29080c9d2defe1467a5aa0917b58eee4_0010.jpg,WEED6C_crops/0245_jpg.rf.29080c9d2defe1467a5aa0917b58eee4_0010.jpg,0
0659_jpg.rf.eaf1cbefbdae8bad0dab4b05b71cbce9_0007.jpg,WEED6C_crops/0659_jpg.rf.eaf1cbefbdae8bad0dab4b05b71cbce9_0007.jpg,0
0279_jpg.rf.97bac3364c45f9367beefaa2e41172d2_0004.jpg,WEED6C_crops/0279_jpg.rf.97bac3364c45f9367beefaa2e41172d2_0004.jpg,1
1262_jpg.rf.ef4a12220374b7fc7ee9d9adbfe83ae6_0001.jpg,WEED6C_crops/1262_jpg.rf.ef4a12220374b7fc7ee9d9adbfe83ae6_0001.jpg,4
0054_jpg.rf.e2cb6446160f5160d0ddaaf62281764d_0001.jpg,WEED6C_crops/0054_jpg.rf.e2cb6446160f5160d0ddaaf62281764d_0001.jpg,5
0483_jpg.rf.076698482a986b67e52094df66fd7813_0008.jpg,WEED6C_crops/0483_jpg.rf.076698482a986b67e52094df66fd7813_0008.jpg,0
1383_jpg.rf.774d8f8762ff9dbe26c5db3a3e211276_0011.jpg,WEED6C_crops/1383_jpg.rf.774d8f8762ff9dbe26c5db3a3e211276_0011.jpg,4
1382_jpg.rf.c7bb27d718933e160b3c41d3f17e3d83_0001.jpg,WEED6C_crops/1382_jpg.rf.c7bb27d718933e160b3c41d3f17e3d83_0001.jpg,1
0295_jpg.rf.0cb1bae9f44332d2bc55ceb2715f71ea_0016.jpg,WEED6C_crops/0295_jpg.rf.0cb1bae9f44332d2bc55ceb2715f71ea_0016.jpg,3
0113_jpg.rf.33f571be4ae7ad1b2bbbb23545090cad_0002.jpg,WEED6C_crops/0113_jpg.rf.33f571be4ae7ad1b2bbbb23545090cad_0002.jpg,5
0278_jpg.rf.15b2a8c784e81820e90c2403b778d212_0011.jpg,WEED6C_crops/0278_jpg.rf.15b2a8c784e81820e90c2403b778d212_0011.jpg,3
0380_jpg.rf.b7d0b2854cc8079b8d7d331027e84793_0003.jpg,WEED6C_crops/0380_jpg.rf.b7d0b2854cc8079b8d7d331027e84793_0003.jpg,3
0146_jpg.rf.33a6ad255689fae19b0735b097bd8402_0002.jpg,WEED6C_crops/0146_jpg.rf.33a6ad255689fae19b0735b097bd8402_0002.jpg,5
0666_jpg.rf.8648c321044e4ed9142aba53bcb74026_0002.jpg,WEED6C_crops/0666_jpg.rf.8648c321044e4ed9142aba53bcb74026_0002.jpg,3
1364_jpg.rf.83d1b91ffdd68ab08b0f5031bb41761b_0050.jpg,WEED6C_crops/1364_jpg.rf.83d1b91ffdd68ab08b0f5031bb41761b_0050.jpg,4
0714_jpg.rf.5465813133b6263166f177343a517bc1_0006.jpg,WEED6C_crops/0714_jpg.rf.5465813133b6263166f177343a517bc1_0006.jpg,3
0275_jpg.rf.c56d677ffb9142d5af17b4a6e37d00a9_0007.jpg,WEED6C_crops/0275_jpg.rf.c56d677ffb9142d5af17b4a6e37d00a9_0007.jpg,3
1289_jpg.rf.957e6f56bd4082a5f0de4abb3406240f_0016.jpg,WEED6C_crops/1289_jpg.rf.957e6f56bd4082a5f0de4abb3406240f_0016.jpg,4
0959_jpg.rf.9549c81c084f246b53f543bbd5e4ff5b_0001.jpg,WEED6C_crops/0959_jpg.rf.9549c81c084f246b53f543bbd5e4ff5b_0001.jpg,1
0849_jpg.rf.8015d475a4d08c636c91794f0763dd61_0007.jpg,WEED6C_crops/0849_jpg.rf.8015d475a4d08c636c91794f0763dd61_0007.jpg,3
0360_jpg.rf.f070784662d3e14abdda41d21e4b9ccb_0005.jpg,WEED6C_crops/0360_jpg.rf.f070784662d3e14abdda41d21e4b9ccb_0005.jpg,1
1259_jpg.rf.0167b645cb0006baa012cf610d53ebdd_0001.jpg,WEED6C_crops/1259_jpg.rf.0167b645cb0006baa012cf610d53ebdd_0001.jpg,4
1314_jpg.rf.026df1d2420a72903e8aa30534cca72c_0014.jpg,WEED6C_crops/1314_jpg.rf.026df1d2420a72903e8aa30534cca72c_0014.jpg,4
1381_jpg.rf.26a82a54504b992f9dc9ede2e50e9b8f_0009.jpg,WEED6C_crops/1381_jpg.rf.26a82a54504b992f9dc9ede2e50e9b8f_0009.jpg,4
1279_jpg.rf.3859686293ba7d5fcec5e84b599fd5de_0010.jpg,WEED6C_crops/1279_jpg.rf.3859686293ba7d5fcec5e84b599fd5de_0010.jpg,1
0380_jpg.rf.b7d0b2854cc8079b8d7d331027e84793_0009.jpg,WEED6C_crops/0380_jpg.rf.b7d0b2854cc8079b8d7d331027e84793_0009.jpg,0
1252_jpg.rf.0460eee5cd6e483e72571dbeb38f50ba_0005.jpg,WEED6C_crops/1252_jpg.rf.0460eee5cd6e483e72571dbeb38f50ba_0005.jpg,1
0090_jpg.rf.8c61e1352c35e25df2cd1b4b2b47489e_0002.jpg,WEED6C_crops/0090_jpg.rf.8c61e1352c35e25df2cd1b4b2b47489e_0002.jpg,5
0493_jpg.rf.059fbe40f433b1c97da8fd1eab949b92_0003.jpg,WEED6C_crops/0493_jpg.rf.059fbe40f433b1c97da8fd1eab949b92_0003.jpg,3
1264_jpg.rf.9dcfa7b826804ef4063b1ac764b21e8c_0009.jpg,WEED6C_crops/1264_jpg.rf.9dcfa7b826804ef4063b1ac764b21e8c_0009.jpg,4
1346_jpg.rf.582aaf30178079689aa47dcc4f74a425_0004.jpg,WEED6C_crops/1346_jpg.rf.582aaf30178079689aa47dcc4f74a425_0004.jpg,4
0484_jpg.rf.2f0048664be86181211730fa7692d0f2_0004.jpg,WEED6C_crops/0484_jpg.rf.2f0048664be86181211730fa7692d0f2_0004.jpg,3
0906_jpg.rf.fa36ff895be7998f04b211a98b631c69_0009.jpg,WEED6C_crops/0906_jpg.rf.fa36ff895be7998f04b211a98b631c69_0009.jpg,3
0112_jpg.rf.7bd8ad34f07ba8b06cfe58a2e727add5_0002.jpg,WEED6C_crops/0112_jpg.rf.7bd8ad34f07ba8b06cfe58a2e727add5_0002.jpg,4
0524_jpg.rf.6b02004b3611b6f8c9dcfa6ec322ed8a_0008.jpg,WEED6C_crops/0524_jpg.rf.6b02004b3611b6f8c9dcfa6ec322ed8a_0008.jpg,1
0122_jpg.rf.fefeef1ae339c36c42d0332caf14eae6_0013.jpg,WEED6C_crops/0122_jpg.rf.fefeef1ae339c36c42d0332caf14eae6_0013.jpg,5
1227_jpg.rf.eb9e3a2fa93b1867c5cb9f3a1fcf7bdb_0007.jpg,WEED6C_crops/1227_jpg.rf.eb9e3a2fa93b1867c5cb9f3a1fcf7bdb_0007.jpg,1
0042_jpg.rf.f38d96f801c56c681170b4e96fa97006_0006.jpg,WEED6C_crops/0042_jpg.rf.f38d96f801c56c681170b4e96fa97006_0006.jpg,5
0284_jpg.rf.c2b8611e73ffa1a24090fdc1a431bce4_0002.jpg,WEED6C_crops/0284_jpg.rf.c2b8611e73ffa1a24090fdc1a431bce4_0002.jpg,0
1288_jpg.rf.d40235d2f4f29325219dc65890953ef4_0011.jpg,WEED6C_crops/1288_jpg.rf.d40235d2f4f29325219dc65890953ef4_0011.jpg,4
0106_jpg.rf.d07c4a017795a5d4fa147b14f665a090_0002.jpg,WEED6C_crops/0106_jpg.rf.d07c4a017795a5d4fa147b14f665a090_0002.jpg,5
1355_jpg.rf.6913dec06d5038de035d46f593a0bd9e_0012.jpg,WEED6C_crops/1355_jpg.rf.6913dec06d5038de035d46f593a0bd9e_0012.jpg,4
1379_jpg.rf.51eb6739e53299f2ac6115b3c694bde0_0013.jpg,WEED6C_crops/1379_jpg.rf.51eb6739e53299f2ac6115b3c694bde0_0013.jpg,4
1276_jpg.rf.1663b3e5193280f178e5c191a9cda6c2_0006.jpg,WEED6C_crops/1276_jpg.rf.1663b3e5193280f178e5c191a9cda6c2_0006.jpg,4
0686_jpg.rf.c97958f99d4e68f40fcdc81674ba56a3_0001.jpg,WEED6C_crops/0686_jpg.rf.c97958f99d4e68f40fcdc81674ba56a3_0001.jpg,0
0835_jpg.rf.86f8f015b73de124e709c954d11412c0_0003.jpg,WEED6C_crops/0835_jpg.rf.86f8f015b73de124e709c954d11412c0_0003.jpg,0
1386_jpg.rf.38d81bd8c301374aed9080ef5af2120b_0008.jpg,WEED6C_crops/1386_jpg.rf.38d81bd8c301374aed9080ef5af2120b_0008.jpg,0
0341_jpg.rf.bde896b6a61720a84f5ad1ba09ed1f35_0003.jpg,WEED6C_crops/0341_jpg.rf.bde896b6a61720a84f5ad1ba09ed1f35_0003.jpg,3
1047_jpg.rf.26275169fd1877f95af0e4973f501e83_0003.jpg,WEED6C_crops/1047_jpg.rf.26275169fd1877f95af0e4973f501e83_0003.jpg,0
1302_jpg.rf.26ab3fc340b22f9482155ab905a6cebf_0008.jpg,WEED6C_crops/1302_jpg.rf.26ab3fc340b22f9482155ab905a6cebf_0008.jpg,4
1241_jpg.rf.a5be0ca237cc5fdf5c86f10349dafb96_0014.jpg,WEED6C_crops/1241_jpg.rf.a5be0ca237cc5fdf5c86f10349dafb96_0014.jpg,4
1314_jpg.rf.026df1d2420a72903e8aa30534cca72c_0019.jpg,WEED6C_crops/1314_jpg.rf.026df1d2420a72903e8aa30534cca72c_0019.jpg,4
1373_jpg.rf.3d37ed5825d54fd39547b46ea5c1112c_0033.jpg,WEED6C_crops/1373_jpg.rf.3d37ed5825d54fd39547b46ea5c1112c_0033.jpg,4
0695_jpg.rf.684635c2bfda40c84b4134853b981c95_0006.jpg,WEED6C_crops/0695_jpg.rf.684635c2bfda40c84b4134853b981c95_0006.jpg,3
0903_jpg.rf.27330c135acad882d05cd53ffefc64b2_0001.jpg,WEED6C_crops/0903_jpg.rf.27330c135acad882d05cd53ffefc64b2_0001.jpg,2
0786_jpg.rf.bae24273101c8747574555130ed77175_0004.jpg,WEED6C_crops/0786_jpg.rf.bae24273101c8747574555130ed77175_0004.jpg,3
0815_jpg.rf.9e2540c5fc3243df29a5908ad1888381_0005.jpg,WEED6C_crops/0815_jpg.rf.9e2540c5fc3243df29a5908ad1888381_0005.jpg,0
0809_jpg.rf.116a9dfd7cefe4aa7aa030aac2a4aa11_0006.jpg,WEED6C_crops/0809_jpg.rf.116a9dfd7cefe4aa7aa030aac2a4aa11_0006.jpg,3
1104_jpg.rf.c409d5fd399e4d978e3ca6e8e5dfce66_0003.jpg,WEED6C_crops/1104_jpg.rf.c409d5fd399e4d978e3ca6e8e5dfce66_0003.jpg,2
1341_jpg.rf.9d8942b91b7a5f0bbf8dae68d9c390e2_0008.jpg,WEED6C_crops/1341_jpg.rf.9d8942b91b7a5f0bbf8dae68d9c390e2_0008.jpg,4
0260_jpg.rf.aec89534776f7bf9c61a5a8373016c19_0006.jpg,WEED6C_crops/0260_jpg.rf.aec89534776f7bf9c61a5a8373016c19_0006.jpg,1
0763_jpg.rf.42c83938e0d1a2e45276817118afd8df_0004.jpg,WEED6C_crops/0763_jpg.rf.42c83938e0d1a2e45276817118afd8df_0004.jpg,3
0393_jpg.rf.e0e9f1da16f64fa7a69f82d78bc6de12_0001.jpg,WEED6C_crops/0393_jpg.rf.e0e9f1da16f64fa7a69f82d78bc6de12_0001.jpg,3
1350_jpg.rf.c4e3678c0fb3792d81765cc98b2c9760_0003.jpg,WEED6C_crops/1350_jpg.rf.c4e3678c0fb3792d81765cc98b2c9760_0003.jpg,4
0621_jpg.rf.7c8da55afcf9a3a13502a024641c7538_0002.jpg,WEED6C_crops/0621_jpg.rf.7c8da55afcf9a3a13502a024641c7538_0002.jpg,3
1357_jpg.rf.65ed3ccb047c00c090abcb2750f4d22e_0001.jpg,WEED6C_crops/1357_jpg.rf.65ed3ccb047c00c090abcb2750f4d22e_0001.jpg,4
1338_jpg.rf.321121b7a3efd0ac1c8aa7d0cbb33902_0008.jpg,WEED6C_crops/1338_jpg.rf.321121b7a3efd0ac1c8aa7d0cbb33902_0008.jpg,4
1335_jpg.rf.4542defdf24b71cc8710a92fb5b45c9d_0006.jpg,WEED6C_crops/1335_jpg.rf.4542defdf24b71cc8710a92fb5b45c9d_0006.jpg,4
0098_jpg.rf.5583c8d6362a7b4dfcffe302dd45a5c8_0002.jpg,WEED6C_crops/0098_jpg.rf.5583c8d6362a7b4dfcffe302dd45a5c8_0002.jpg,5
1061_jpg.rf.cc53d12f24ccedf7b2335fd98064d086_0001.jpg,WEED6C_crops/1061_jpg.rf.cc53d12f24ccedf7b2335fd98064d086_0001.jpg,0
0474_jpg.rf.c89f826a90d41a3c713e6bc1392780a7_0005.jpg,WEED6C_crops/0474_jpg.rf.c89f826a90d41a3c713e6bc1392780a7_0005.jpg,0
0998_jpg.rf.9d2a1fd740e37e6fceb2872964ec0c25_0001.jpg,WEED6C_crops/0998_jpg.rf.9d2a1fd740e37e6fceb2872964ec0c25_0001.jpg,0
0851_jpg.rf.8b31cec696e09f86c5849a7a5a9a21c5_0003.jpg,WEED6C_crops/0851_jpg.rf.8b31cec696e09f86c5849a7a5a9a21c5_0003.jpg,0
0030_jpg.rf.fc82a2b998ff2b79958ffb3fd0ba613d_0003.jpg,WEED6C_crops/0030_jpg.rf.fc82a2b998ff2b79958ffb3fd0ba613d_0003.jpg,5
0358_jpg.rf.c97895dacc2d80cb7ce916c302051a34_0007.jpg,WEED6C_crops/0358_jpg.rf.c97895dacc2d80cb7ce916c302051a34_0007.jpg,0
0947_jpg.rf.3267d7b1b106f762be4abe3e5fd79a0e_0001.jpg,WEED6C_crops/0947_jpg.rf.3267d7b1b106f762be4abe3e5fd79a0e_0001.jpg,0
0290_jpg.rf.ad239329d8712deb3691ec98993f5cfd_0008.jpg,WEED6C_crops/0290_jpg.rf.ad239329d8712deb3691ec98993f5cfd_0008.jpg,0
1380_jpg.rf.c17524f4eb123d41b596e05bb2c20b30_0018.jpg,WEED6C_crops/1380_jpg.rf.c17524f4eb123d41b596e05bb2c20b30_0018.jpg,1
0279_jpg.rf.97bac3364c45f9367beefaa2e41172d2_0006.jpg,WEED6C_crops/0279_jpg.rf.97bac3364c45f9367beefaa2e41172d2_0006.jpg,0
0856_jpg.rf.55d3bc35cbf75a8f3de29e1c6297a5f2_0011.jpg,WEED6C_crops/0856_jpg.rf.55d3bc35cbf75a8f3de29e1c6297a5f2_0011.jpg,0
1381_jpg.rf.26a82a54504b992f9dc9ede2e50e9b8f_0006.jpg,WEED6C_crops/1381_jpg.rf.26a82a54504b992f9dc9ede2e50e9b8f_0006.jpg,4
1245_jpg.rf.4069f16d0c1ce36ab134055a59d74c0e_0007.jpg,WEED6C_crops/1245_jpg.rf.4069f16d0c1ce36ab134055a59d74c0e_0007.jpg,4
0167_jpg.rf.625729402f0e81ca390a45d566addf8f_0001.jpg,WEED6C_crops/0167_jpg.rf.625729402f0e81ca390a45d566addf8f_0001.jpg,5
0102_jpg.rf.8978e4b1f89dddf7baa6945e273b1724_0001.jpg,WEED6C_crops/0102_jpg.rf.8978e4b1f89dddf7baa6945e273b1724_0001.jpg,5
1354_jpg.rf.cfa3e2f0904af788a0555ee8bd188254_0017.jpg,WEED6C_crops/1354_jpg.rf.cfa3e2f0904af788a0555ee8bd188254_0017.jpg,4
0917_jpg.rf.659c1946333aaf090f0b0517a4e6569a_0003.jpg,WEED6C_crops/0917_jpg.rf.659c1946333aaf090f0b0517a4e6569a_0003.jpg,1
0840_jpg.rf.c3bd189b7cb10d4a6e549a7d5529c3ab_0005.jpg,WEED6C_crops/0840_jpg.rf.c3bd189b7cb10d4a6e549a7d5529c3ab_0005.jpg,3
1291_jpg.rf.4b6c3745afe80d02cad886422d29091f_0001.jpg,WEED6C_crops/1291_jpg.rf.4b6c3745afe80d02cad886422d29091f_0001.jpg,1
1203_jpg.rf.5253d2dca6c2e03cb1d0934eec0d90cb_0003.jpg,WEED6C_crops/1203_jpg.rf.5253d2dca6c2e03cb1d0934eec0d90cb_0003.jpg,1
0060_jpg.rf.c1163592849613ee1ec1e602d569f58b_0001.jpg,WEED6C_crops/0060_jpg.rf.c1163592849613ee1ec1e602d569f58b_0001.jpg,5
1374_jpg.rf.6c64883712d67a3ad448ca10c0398308_0019.jpg,WEED6C_crops/1374_jpg.rf.6c64883712d67a3ad448ca10c0398308_0019.jpg,4
0245_jpg.rf.29080c9d2defe1467a5aa0917b58eee4_0011.jpg,WEED6C_crops/0245_jpg.rf.29080c9d2defe1467a5aa0917b58eee4_0011.jpg,0
0233_jpg.rf.a5c5281427a1fd0e6febdc5a0218279f_0006.jpg,WEED6C_crops/0233_jpg.rf.a5c5281427a1fd0e6febdc5a0218279f_0006.jpg,1
0690_jpg.rf.1270e37bd3bf6f19152a043b3b786538_0004.jpg,WEED6C_crops/0690_jpg.rf.1270e37bd3bf6f19152a043b3b786538_0004.jpg,3
0374_jpg.rf.1b99fb624109c33dd37510c87887471a_0005.jpg,WEED6C_crops/0374_jpg.rf.1b99fb624109c33dd37510c87887471a_0005.jpg,1
0202_jpg.rf.c77af3471a7918b2320b842898212017_0007.jpg,WEED6C_crops/0202_jpg.rf.c77af3471a7918b2320b842898212017_0007.jpg,3
0434_jpg.rf.9947597e0eaa11a66f04c372932b93a0_0002.jpg,WEED6C_crops/0434_jpg.rf.9947597e0eaa11a66f04c372932b93a0_0002.jpg,3
0740_jpg.rf.b15b8af1d62e865c53da5f49c5f222e3_0002.jpg,WEED6C_crops/0740_jpg.rf.b15b8af1d62e865c53da5f49c5f222e3_0002.jpg,2
1292_jpg.rf.da2666dd0d06c9ac83fcabaff7ad04bf_0006.jpg,WEED6C_crops/1292_jpg.rf.da2666dd0d06c9ac83fcabaff7ad04bf_0006.jpg,1
0860_jpg.rf.b9a00e0564f40304e943940872cb914f_0004.jpg,WEED6C_crops/0860_jpg.rf.b9a00e0564f40304e943940872cb914f_0004.jpg,1
0761_jpg.rf.0d18fd8d22162a72f00e23f5b631251e_0003.jpg,WEED6C_crops/0761_jpg.rf.0d18fd8d22162a72f00e23f5b631251e_0003.jpg,0
1229_jpg.rf.f39c48606a011efde3d20b5d68fa1f43_0013.jpg,WEED6C_crops/1229_jpg.rf.f39c48606a011efde3d20b5d68fa1f43_0013.jpg,4
1388_jpg.rf.fc14b9c78803698f43244c97c3e3b31e_0002.jpg,WEED6C_crops/1388_jpg.rf.fc14b9c78803698f43244c97c3e3b31e_0002.jpg,1
0084_jpg.rf.49a24825fcabc006eba2bbcc34575367_0023.jpg,WEED6C_crops/0084_jpg.rf.49a24825fcabc006eba2bbcc34575367_0023.jpg,5
1241_jpg.rf.a5be0ca237cc5fdf5c86f10349dafb96_0016.jpg,WEED6C_crops/1241_jpg.rf.a5be0ca237cc5fdf5c86f10349dafb96_0016.jpg,4
0431_jpg.rf.1c65aec2026a59bc87417af5004af50a_0003.jpg,WEED6C_crops/0431_jpg.rf.1c65aec2026a59bc87417af5004af50a_0003.jpg,1
0364_jpg.rf.89db23df5c37065055d5a524b09092d9_0011.jpg,WEED6C_crops/0364_jpg.rf.89db23df5c37065055d5a524b09092d9_0011.jpg,0
0327_jpg.rf.9195005bab0e0fa8deaef9eae9d2f695_0006.jpg,WEED6C_crops/0327_jpg.rf.9195005bab0e0fa8deaef9eae9d2f695_0006.jpg,1
0248_jpg.rf.74f8b6f9e136d360fc24a9bd253b1a7e_0008.jpg,WEED6C_crops/0248_jpg.rf.74f8b6f9e136d360fc24a9bd253b1a7e_0008.jpg,3
0379_jpg.rf.2f6c865f7b6d852961f1e6ecbd141832_0004.jpg,WEED6C_crops/0379_jpg.rf.2f6c865f7b6d852961f1e6ecbd141832_0004.jpg,3
1359_jpg.rf.6bb7d484d2aa6c486b81a4b2f321dfb3_0020.jpg,WEED6C_crops/1359_jpg.rf.6bb7d484d2aa6c486b81a4b2f321dfb3_0020.jpg,4
1249_jpg.rf.e1efe2270f002b51f4715161251b6365_0024.jpg,WEED6C_crops/1249_jpg.rf.e1efe2270f002b51f4715161251b6365_0024.jpg,4
1279_jpg.rf.3859686293ba7d5fcec5e84b599fd5de_0017.jpg,WEED6C_crops/1279_jpg.rf.3859686293ba7d5fcec5e84b599fd5de_0017.jpg,4
0297_jpg.rf.85414b29068074347afa205d7854efba_0004.jpg,WEED6C_crops/0297_jpg.rf.85414b29068074347afa205d7854efba_0004.jpg,3
0001_jpg.rf.ad71ecf4c28bed4d4c3c382eee9f84d3_0003.jpg,WEED6C_crops/0001_jpg.rf.ad71ecf4c28bed4d4c3c382eee9f84d3_0003.jpg,5
1281_jpg.rf.91cc48b7ff601ee1d856d9c0b41bd97d_0006.jpg,WEED6C_crops/1281_jpg.rf.91cc48b7ff601ee1d856d9c0b41bd97d_0006.jpg,4
0949_jpg.rf.a4988b156df5c0b96661f34da867ac22_0005.jpg,WEED6C_crops/0949_jpg.rf.a4988b156df5c0b96661f34da867ac22_0005.jpg,0
0595_jpg.rf.5c016f5da400413f75ae43463574322b_0005.jpg,WEED6C_crops/0595_jpg.rf.5c016f5da400413f75ae43463574322b_0005.jpg,3
1374_jpg.rf.6c64883712d67a3ad448ca10c0398308_0020.jpg,WEED6C_crops/1374_jpg.rf.6c64883712d67a3ad448ca10c0398308_0020.jpg,4
0788_jpg.rf.e091abef89503b4445cc2b50a060a23a_0003.jpg,WEED6C_crops/0788_jpg.rf.e091abef89503b4445cc2b50a060a23a_0003.jpg,3
0713_jpg.rf.a990cc840090b03a0b7dea71002eb6d9_0006.jpg,WEED6C_crops/0713_jpg.rf.a990cc840090b03a0b7dea71002eb6d9_0006.jpg,3
0342_jpg.rf.8970aac3b049a5549e7dcb2e7ed9593e_0007.jpg,WEED6C_crops/0342_jpg.rf.8970aac3b049a5549e7dcb2e7ed9593e_0007.jpg,3
0800_jpg.rf.6e91f21dfd2496b363b816fb2e3a2895_0005.jpg,WEED6C_crops/0800_jpg.rf.6e91f21dfd2496b363b816fb2e3a2895_0005.jpg,3
1311_jpg.rf.4a2f9977c5ce6af1d01a777bdced6f04_0019.jpg,WEED6C_crops/1311_jpg.rf.4a2f9977c5ce6af1d01a777bdced6f04_0019.jpg,4
1383_jpg.rf.774d8f8762ff9dbe26c5db3a3e211276_0038.jpg,WEED6C_crops/1383_jpg.rf.774d8f8762ff9dbe26c5db3a3e211276_0038.jpg,4
1305_jpg.rf.443512b37c4cb64236dc2fdc570ded6d_0026.jpg,WEED6C_crops/1305_jpg.rf.443512b37c4cb64236dc2fdc570ded6d_0026.jpg,4
0337_jpg.rf.57e86fd8f18b84e3fb62d20ed8f7edec_0003.jpg,WEED6C_crops/0337_jpg.rf.57e86fd8f18b84e3fb62d20ed8f7edec_0003.jpg,0
1364_jpg.rf.83d1b91ffdd68ab08b0f5031bb41761b_0041.jpg,WEED6C_crops/1364_jpg.rf.83d1b91ffdd68ab08b0f5031bb41761b_0041.jpg,4
0381_jpg.rf.cddb21d4777e113ec1f33da97eb01a9c_0002.jpg,WEED6C_crops/0381_jpg.rf.cddb21d4777e113ec1f33da97eb01a9c_0002.jpg,3
0276_jpg.rf.b050d9cf6fdd15ffe4f175936e28b2af_0011.jpg,WEED6C_crops/0276_jpg.rf.b050d9cf6fdd15ffe4f175936e28b2af_0011.jpg,1
0275_jpg.rf.c56d677ffb9142d5af17b4a6e37d00a9_0001.jpg,WEED6C_crops/0275_jpg.rf.c56d677ffb9142d5af17b4a6e37d00a9_0001.jpg,3
0468_jpg.rf.dae169e5cbe28c8f9b36ba331d8ba941_0001.jpg,WEED6C_crops/0468_jpg.rf.dae169e5cbe28c8f9b36ba331d8ba941_0001.jpg,2
0333_jpg.rf.3fd790fea188da90c09e7774cdf6590c_0006.jpg,WEED6C_crops/0333_jpg.rf.3fd790fea188da90c09e7774cdf6590c_0006.jpg,1
0682_jpg.rf.9deeef91dca2771cd5f1da3bd0f307d8_0005.jpg,WEED6C_crops/0682_jpg.rf.9deeef91dca2771cd5f1da3bd0f307d8_0005.jpg,0
0399_jpg.rf.7e629911bc136d75a7e9df43c01ac5a1_0002.jpg,WEED6C_crops/0399_jpg.rf.7e629911bc136d75a7e9df43c01ac5a1_0002.jpg,2
0240_jpg.rf.f18fdb793c0f135ebedcba370dfdcdf7_0012.jpg,WEED6C_crops/0240_jpg.rf.f18fdb793c0f135ebedcba370dfdcdf7_0012.jpg,0
0340_jpg.rf.4e0e72821dae12851a50a8833d4532ba_0003.jpg,WEED6C_crops/0340_jpg.rf.4e0e72821dae12851a50a8833d4532ba_0003.jpg,3
0813_jpg.rf.4c8422bf168b1cbc538619ab0ecc2e0e_0002.jpg,WEED6C_crops/0813_jpg.rf.4c8422bf168b1cbc538619ab0ecc2e0e_0002.jpg,2
1354_jpg.rf.cfa3e2f0904af788a0555ee8bd188254_0025.jpg,WEED6C_crops/1354_jpg.rf.cfa3e2f0904af788a0555ee8bd188254_0025.jpg,4
1363_jpg.rf.768baa0bd4528831bffe24eb9aa3b51f_0009.jpg,WEED6C_crops/1363_jpg.rf.768baa0bd4528831bffe24eb9aa3b51f_0009.jpg,4
1365_jpg.rf.d745a616307c062e3f3851230aee2c41_0021.jpg,WEED6C_crops/1365_jpg.rf.d745a616307c062e3f3851230aee2c41_0021.jpg,4
1269_jpg.rf.a7aa44bf37b1acdf893fbf766e513c67_0021.jpg,WEED6C_crops/1269_jpg.rf.a7aa44bf37b1acdf893fbf766e513c67_0021.jpg,4
1369_jpg.rf.b115facc4e1a8ff9927fa196a84b853d_0036.jpg,WEED6C_crops/1369_jpg.rf.b115facc4e1a8ff9927fa196a84b853d_0036.jpg,4
0888_jpg.rf.23e23425cad3526ca02586750a736013_0004.jpg,WEED6C_crops/0888_jpg.rf.23e23425cad3526ca02586750a736013_0004.jpg,3
0100_jpg.rf.52520901abd9b7a795060d5160dbd240_0001.jpg,WEED6C_crops/0100_jpg.rf.52520901abd9b7a795060d5160dbd240_0001.jpg,5
0334_jpg.rf.b89158792ac6873fac9d3fa05614ddf3_0004.jpg,WEED6C_crops/0334_jpg.rf.b89158792ac6873fac9d3fa05614ddf3_0004.jpg,0
0283_jpg.rf.f3d09170767f659721e1a02d06422fcc_0008.jpg,WEED6C_crops/0283_jpg.rf.f3d09170767f659721e1a02d06422fcc_0008.jpg,3
1274_jpg.rf.c49661fafad31d4021277dbf9da35bc4_0005.jpg,WEED6C_crops/1274_jpg.rf.c49661fafad31d4021277dbf9da35bc4_0005.jpg,4
0904_jpg.rf.c10898629ee769229ff22e4c2c0f3a8a_0006.jpg,WEED6C_crops/0904_jpg.rf.c10898629ee769229ff22e4c2c0f3a8a_0006.jpg,3
1367_jpg.rf.525537f6569c4903b5b939c2e8220219_0039.jpg,WEED6C_crops/1367_jpg.rf.525537f6569c4903b5b939c2e8220219_0039.jpg,4
1184_jpg.rf.dcaab55a8ecb6b2c7a55837127395835_0001.jpg,WEED6C_crops/1184_jpg.rf.dcaab55a8ecb6b2c7a55837127395835_0001.jpg,2
0630_jpg.rf.baa1b2c8e70450bdc9f48512734fdc4a_0008.jpg,WEED6C_crops/0630_jpg.rf.baa1b2c8e70450bdc9f48512734fdc4a_0008.jpg,3
1356_jpg.rf.2f9a9ccab7035b4c81a5ca992e4a9838_0024.jpg,WEED6C_crops/1356_jpg.rf.2f9a9ccab7035b4c81a5ca992e4a9838_0024.jpg,4
1373_jpg.rf.3d37ed5825d54fd39547b46ea5c1112c_0028.jpg,WEED6C_crops/1373_jpg.rf.3d37ed5825d54fd39547b46ea5c1112c_0028.jpg,4
1369_jpg.rf.b115facc4e1a8ff9927fa196a84b853d_0030.jpg,WEED6C_crops/1369_jpg.rf.b115facc4e1a8ff9927fa196a84b853d_0030.jpg,4
1329_jpg.rf.426dd1a986894a1761d247c3a9bd3e6d_0006.jpg,WEED6C_crops/1329_jpg.rf.426dd1a986894a1761d247c3a9bd3e6d_0006.jpg,4
0837_jpg.rf.8735d328e944f506f933e1e7704cceb0_0011.jpg,WEED6C_crops/0837_jpg.rf.8735d328e944f506f933e1e7704cceb0_0011.jpg,0
0819_jpg.rf.ac58495c980a8d0a431b1fff30500e44_0001.jpg,WEED6C_crops/0819_jpg.rf.ac58495c980a8d0a431b1fff30500e44_0001.jpg,3
0699_jpg.rf.3ed5ad3a41c639d643b19fa83af0c49c_0007.jpg,WEED6C_crops/0699_jpg.rf.3ed5ad3a41c639d643b19fa83af0c49c_0007.jpg,1
0859_jpg.rf.e6ecc7f97928076a544e92eb6da0ecf6_0002.jpg,WEED6C_crops/0859_jpg.rf.e6ecc7f97928076a544e92eb6da0ecf6_0002.jpg,0
1369_jpg.rf.b115facc4e1a8ff9927fa196a84b853d_0039.jpg,WEED6C_crops/1369_jpg.rf.b115facc4e1a8ff9927fa196a84b853d_0039.jpg,4
1241_jpg.rf.a5be0ca237cc5fdf5c86f10349dafb96_0013.jpg,WEED6C_crops/1241_jpg.rf.a5be0ca237cc5fdf5c86f10349dafb96_0013.jpg,4
0857_jpg.rf.d6073bbc93ff88483d928950296cf5c3_0003.jpg,WEED6C_crops/0857_jpg.rf.d6073bbc93ff88483d928950296cf5c3_0003.jpg,0
1345_jpg.rf.7dc260eec167fcfaa4312588633931cc_0009.jpg,WEED6C_crops/1345_jpg.rf.7dc260eec167fcfaa4312588633931cc_0009.jpg,4
0342_jpg.rf.8970aac3b049a5549e7dcb2e7ed9593e_0005.jpg,WEED6C_crops/0342_jpg.rf.8970aac3b049a5549e7dcb2e7ed9593e_0005.jpg,3
0693_jpg.rf.11efe3b485bb2b0382c75f9f96da18eb_0002.jpg,WEED6C_crops/0693_jpg.rf.11efe3b485bb2b0382c75f9f96da18eb_0002.jpg,1
0737_jpg.rf.64651ec21b852100b00b79213cda11ca_0005.jpg,WEED6C_crops/0737_jpg.rf.64651ec21b852100b00b79213cda11ca_0005.jpg,3
1308_jpg.rf.0cf1ad89ac72afc184513083fa85d00e_0005.jpg,WEED6C_crops/1308_jpg.rf.0cf1ad89ac72afc184513083fa85d00e_0005.jpg,4
1236_jpg.rf.84823ae11fdee603ba6a5fab2cc61c7f_0002.jpg,WEED6C_crops/1236_jpg.rf.84823ae11fdee603ba6a5fab2cc61c7f_0002.jpg,4
1237_jpg.rf.e87e95a727e50bae03c61f0b1e8522b6_0006.jpg,WEED6C_crops/1237_jpg.rf.e87e95a727e50bae03c61f0b1e8522b6_0006.jpg,4
0405_jpg.rf.f12c008fa2600ec5e4e829f57b28ac12_0001.jpg,WEED6C_crops/0405_jpg.rf.f12c008fa2600ec5e4e829f57b28ac12_0001.jpg,3
0530_jpg.rf.f843e32642e890924b87e165a22960a8_0005.jpg,WEED6C_crops/0530_jpg.rf.f843e32642e890924b87e165a22960a8_0005.jpg,0
0884_jpg.rf.177355f2bb9b730dc0314514d3ed4a43_0004.jpg,WEED6C_crops/0884_jpg.rf.177355f2bb9b730dc0314514d3ed4a43_0004.jpg,3
0736_jpg.rf.95c45c1040d854f1f43f74ce83333364_0005.jpg,WEED6C_crops/0736_jpg.rf.95c45c1040d854f1f43f74ce83333364_0005.jpg,3
0551_jpg.rf.fc56f924d404ac664e3285570796a736_0001.jpg,WEED6C_crops/0551_jpg.rf.fc56f924d404ac664e3285570796a736_0001.jpg,1
1381_jpg.rf.26a82a54504b992f9dc9ede2e50e9b8f_0010.jpg,WEED6C_crops/1381_jpg.rf.26a82a54504b992f9dc9ede2e50e9b8f_0010.jpg,4
0381_jpg.rf.cddb21d4777e113ec1f33da97eb01a9c_0019.jpg,WEED6C_crops/0381_jpg.rf.cddb21d4777e113ec1f33da97eb01a9c_0019.jpg,3
0607_jpg.rf.3c93c6914978decffcb2dbecbf3eaaa4_0003.jpg,WEED6C_crops/0607_jpg.rf.3c93c6914978decffcb2dbecbf3eaaa4_0003.jpg,3
0810_jpg.rf.1c0ad52deba46c162eae37908b5163d2_0007.jpg,WEED6C_crops/0810_jpg.rf.1c0ad52deba46c162eae37908b5163d2_0007.jpg,3
0359_jpg.rf.d79059c10cb92885e24805062a9de816_0011.jpg,WEED6C_crops/0359_jpg.rf.d79059c10cb92885e24805062a9de816_0011.jpg,0
0618_jpg.rf.a9f566a2e1563f794c536610b61c630c_0001.jpg,WEED6C_crops/0618_jpg.rf.a9f566a2e1563f794c536610b61c630c_0001.jpg,0
1338_jpg.rf.321121b7a3efd0ac1c8aa7d0cbb33902_0006.jpg,WEED6C_crops/1338_jpg.rf.321121b7a3efd0ac1c8aa7d0cbb33902_0006.jpg,4
0385_jpg.rf.0cedb900ae3c9a125bf2aba2c65e6856_0015.jpg,WEED6C_crops/0385_jpg.rf.0cedb900ae3c9a125bf2aba2c65e6856_0015.jpg,3
1265_jpg.rf.459c2e1e9909ee52948bcfdb891d5d39_0025.jpg,WEED6C_crops/1265_jpg.rf.459c2e1e9909ee52948bcfdb891d5d39_0025.jpg,4
1231_jpg.rf.fe1b06fe786224eaf851b6416c2554ae_0007.jpg,WEED6C_crops/1231_jpg.rf.fe1b06fe786224eaf851b6416c2554ae_0007.jpg,4
0489_jpg.rf.90ee16a9742c4fac4b78d65075723d7e_0007.jpg,WEED6C_crops/0489_jpg.rf.90ee16a9742c4fac4b78d65075723d7e_0007.jpg,2
0271_jpg.rf.a6f785cce1915aed1f4696a67689f20a_0004.jpg,WEED6C_crops/0271_jpg.rf.a6f785cce1915aed1f4696a67689f20a_0004.jpg,0
0351_jpg.rf.0a701bdb43cd1fc757bc28789adc90f3_0002.jpg,WEED6C_crops/0351_jpg.rf.0a701bdb43cd1fc757bc28789adc90f3_0002.jpg,3
1388_jpg.rf.fc14b9c78803698f43244c97c3e3b31e_0012.jpg,WEED6C_crops/1388_jpg.rf.fc14b9c78803698f43244c97c3e3b31e_0012.jpg,0
1029_jpg.rf.bbf2d25172aaba078924c71ed414edd9_0001.jpg,WEED6C_crops/1029_jpg.rf.bbf2d25172aaba078924c71ed414edd9_0001.jpg,2
1359_jpg.rf.6bb7d484d2aa6c486b81a4b2f321dfb3_0015.jpg,WEED6C_crops/1359_jpg.rf.6bb7d484d2aa6c486b81a4b2f321dfb3_0015.jpg,4
0906_jpg.rf.fa36ff895be7998f04b211a98b631c69_0015.jpg,WEED6C_crops/0906_jpg.rf.fa36ff895be7998f04b211a98b631c69_0015.jpg,3
0098_jpg.rf.5583c8d6362a7b4dfcffe302dd45a5c8_0001.jpg,WEED6C_crops/0098_jpg.rf.5583c8d6362a7b4dfcffe302dd45a5c8_0001.jpg,5
1249_jpg.rf.e1efe2270f002b51f4715161251b6365_0010.jpg,WEED6C_crops/1249_jpg.rf.e1efe2270f002b51f4715161251b6365_0010.jpg,4
0780_jpg.rf.acbc58d145dc3d8f772f9ede5e311c2c_0007.jpg,WEED6C_crops/0780_jpg.rf.acbc58d145dc3d8f772f9ede5e311c2c_0007.jpg,3
0319_jpg.rf.18ca6145a45f1f98c4772e9c0f98e355_0002.jpg,WEED6C_crops/0319_jpg.rf.18ca6145a45f1f98c4772e9c0f98e355_0002.jpg,3
1390_jpg.rf.e8c6f5ea5319f14295f5bdf8015410e9_0009.jpg,WEED6C_crops/1390_jpg.rf.e8c6f5ea5319f14295f5bdf8015410e9_0009.jpg,1
0888_jpg.rf.23e23425cad3526ca02586750a736013_0008.jpg,WEED6C_crops/0888_jpg.rf.23e23425cad3526ca02586750a736013_0008.jpg,1
0405_jpg.rf.f12c008fa2600ec5e4e829f57b28ac12_0006.jpg,WEED6C_crops/0405_jpg.rf.f12c008fa2600ec5e4e829f57b28ac12_0006.jpg,3
1242_jpg.rf.f09f84f41c4850f864177d3921fcc080_0009.jpg,WEED6C_crops/1242_jpg.rf.f09f84f41c4850f864177d3921fcc080_0009.jpg,4
0266_jpg.rf.44e611753f9d3e1997613c5cc8a58644_0005.jpg,WEED6C_crops/0266_jpg.rf.44e611753f9d3e1997613c5cc8a58644_0005.jpg,0
1352_jpg.rf.d33033b314f56f27d9a35d5dde8f7509_0013.jpg,WEED6C_crops/1352_jpg.rf.d33033b314f56f27d9a35d5dde8f7509_0013.jpg,4
0236_jpg.rf.37f13823118c1f776f2b7d3360e121a9_0001.jpg,WEED6C_crops/0236_jpg.rf.37f13823118c1f776f2b7d3360e121a9_0001.jpg,3
0126_jpg.rf.543f3528c8483d13f9930ac3b21f9af2_0002.jpg,WEED6C_crops/0126_jpg.rf.543f3528c8483d13f9930ac3b21f9af2_0002.jpg,5
0348_jpg.rf.8adcfa747d63c6198e8066a5acfd0023_0007.jpg,WEED6C_crops/0348_jpg.rf.8adcfa747d63c6198e8066a5acfd0023_0007.jpg,3
0422_jpg.rf.09afebff3fed0bd86ee0afc906929b47_0003.jpg,WEED6C_crops/0422_jpg.rf.09afebff3fed0bd86ee0afc906929b47_0003.jpg,0
1204_jpg.rf.24b4dd33052f42c8cb419f106ad9ead5_0001.jpg,WEED6C_crops/1204_jpg.rf.24b4dd33052f42c8cb419f106ad9ead5_0001.jpg,2
0363_jpg.rf.806dbfe8ebe6327a8e153c0522c5f90c_0011.jpg,WEED6C_crops/0363_jpg.rf.806dbfe8ebe6327a8e153c0522c5f90c_0011.jpg,3
0293_jpg.rf.fe63fe269d1f9ff3ae4f33331785ae5d_0008.jpg,WEED6C_crops/0293_jpg.rf.fe63fe269d1f9ff3ae4f33331785ae5d_0008.jpg,1
0269_jpg.rf.d2afcb6e7376916e7b38e303cb36bf50_0013.jpg,WEED6C_crops/0269_jpg.rf.d2afcb6e7376916e7b38e303cb36bf50_0013.jpg,0
0861_jpg.rf.5046920c623e0e455223e78cc816884b_0006.jpg,WEED6C_crops/0861_jpg.rf.5046920c623e0e455223e78cc816884b_0006.jpg,3
1349_jpg.rf.f2a77b8dcb3c036a18eb11f545a535f5_0012.jpg,WEED6C_crops/1349_jpg.rf.f2a77b8dcb3c036a18eb11f545a535f5_0012.jpg,4
0906_jpg.rf.fa36ff895be7998f04b211a98b631c69_0003.jpg,WEED6C_crops/0906_jpg.rf.fa36ff895be7998f04b211a98b631c69_0003.jpg,0
1286_jpg.rf.a2f3cfb47234b710f8934ba54d6eb78d_0009.jpg,WEED6C_crops/1286_jpg.rf.a2f3cfb47234b710f8934ba54d6eb78d_0009.jpg,4
1255_jpg.rf.4c08b56654d9e7d22db6045d88008efd_0004.jpg,WEED6C_crops/1255_jpg.rf.4c08b56654d9e7d22db6045d88008efd_0004.jpg,4
0909_jpg.rf.fa5a514336d1a6736ec93fd0c76680e4_0010.jpg,WEED6C_crops/0909_jpg.rf.fa5a514336d1a6736ec93fd0c76680e4_0010.jpg,0
0757_jpg.rf.1a0d24709e8758ce4fc07ca47744451e_0004.jpg,WEED6C_crops/0757_jpg.rf.1a0d24709e8758ce4fc07ca47744451e_0004.jpg,0
1379_jpg.rf.51eb6739e53299f2ac6115b3c694bde0_0003.jpg,WEED6C_crops/1379_jpg.rf.51eb6739e53299f2ac6115b3c694bde0_0003.jpg,4
0650_jpg.rf.b072ec0ec8f0a1755916cd3bd09c5917_0001.jpg,WEED6C_crops/0650_jpg.rf.b072ec0ec8f0a1755916cd3bd09c5917_0001.jpg,3
0271_jpg.rf.a6f785cce1915aed1f4696a67689f20a_0006.jpg,WEED6C_crops/0271_jpg.rf.a6f785cce1915aed1f4696a67689f20a_0006.jpg,1
0833_jpg.rf.039a09c9dc3d7844756e0e7031f744f5_0011.jpg,WEED6C_crops/0833_jpg.rf.039a09c9dc3d7844756e0e7031f744f5_0011.jpg,3
0145_jpg.rf.bb6a6e9561f871b0013f1cc4a9a964a0_0002.jpg,WEED6C_crops/0145_jpg.rf.bb6a6e9561f871b0013f1cc4a9a964a0_0002.jpg,5
0601_jpg.rf.d4e7b8fca4e5da2da56623920c7d843c_0006.jpg,WEED6C_crops/0601_jpg.rf.d4e7b8fca4e5da2da56623920c7d843c_0006.jpg,3
0213_jpg.rf.b7c5caf9ce4ecb85192e07d0eaff7e47_0002.jpg,WEED6C_crops/0213_jpg.rf.b7c5caf9ce4ecb85192e07d0eaff7e47_0002.jpg,3
0630_jpg.rf.baa1b2c8e70450bdc9f48512734fdc4a_0006.jpg,WEED6C_crops/0630_jpg.rf.baa1b2c8e70450bdc9f48512734fdc4a_0006.jpg,3
1239_jpg.rf.7b926cf59320e9b12909abef7c8e7aac_0010.jpg,WEED6C_crops/1239_jpg.rf.7b926cf59320e9b12909abef7c8e7aac_0010.jpg,1
1339_jpg.rf.c1d6ea90c66a0ca02bdb39223830ec18_0025.jpg,WEED6C_crops/1339_jpg.rf.c1d6ea90c66a0ca02bdb39223830ec18_0025.jpg,4
0483_jpg.rf.076698482a986b67e52094df66fd7813_0005.jpg,WEED6C_crops/0483_jpg.rf.076698482a986b67e52094df66fd7813_0005.jpg,3
0441_jpg.rf.72e7339d45ba5753826477ffea6cd24f_0004.jpg,WEED6C_crops/0441_jpg.rf.72e7339d45ba5753826477ffea6cd24f_0004.jpg,2
0911_jpg.rf.5442b5653341269a382fdbcf8b44fc85_0003.jpg,WEED6C_crops/0911_jpg.rf.5442b5653341269a382fdbcf8b44fc85_0003.jpg,3
0261_jpg.rf.5df6d646b46c050b83d0adc4a49869ac_0004.jpg,WEED6C_crops/0261_jpg.rf.5df6d646b46c050b83d0adc4a49869ac_0004.jpg,0
0181_jpg.rf.54d1643d112c9ce66a78824b88effcc9_0004.jpg,WEED6C_crops/0181_jpg.rf.54d1643d112c9ce66a78824b88effcc9_0004.jpg,1
1313_jpg.rf.9e5965f174b9d39cedf845bc37e26a4d_0007.jpg,WEED6C_crops/1313_jpg.rf.9e5965f174b9d39cedf845bc37e26a4d_0007.jpg,4
1342_jpg.rf.5ba11aacf5cc1306e3de9786d203418e_0003.jpg,WEED6C_crops/1342_jpg.rf.5ba11aacf5cc1306e3de9786d203418e_0003.jpg,4
0378_jpg.rf.c5ba8314343a54db056cf2867c86942f_0003.jpg,WEED6C_crops/0378_jpg.rf.c5ba8314343a54db056cf2867c86942f_0003.jpg,3
1175_jpg.rf.9914a472382991708d389bb6422b2122_0001.jpg,WEED6C_crops/1175_jpg.rf.9914a472382991708d389bb6422b2122_0001.jpg,0
1291_jpg.rf.4b6c3745afe80d02cad886422d29091f_0003.jpg,WEED6C_crops/1291_jpg.rf.4b6c3745afe80d02cad886422d29091f_0003.jpg,4
1230_jpg.rf.60caad5b3d36a901c24668ddacd2f112_0002.jpg,WEED6C_crops/1230_jpg.rf.60caad5b3d36a901c24668ddacd2f112_0002.jpg,1
0821_jpg.rf.4a41a681e43c4c87c4c89a860addc7d0_0004.jpg,WEED6C_crops/0821_jpg.rf.4a41a681e43c4c87c4c89a860addc7d0_0004.jpg,3
0355_jpg.rf.aae81bd47c71ade07516a4e90f322582_0008.jpg,WEED6C_crops/0355_jpg.rf.aae81bd47c71ade07516a4e90f322582_0008.jpg,0
0305_jpg.rf.fcdc613d2dd7df19f2262f2390283e2b_0001.jpg,WEED6C_crops/0305_jpg.rf.fcdc613d2dd7df19f2262f2390283e2b_0001.jpg,3
1359_jpg.rf.6bb7d484d2aa6c486b81a4b2f321dfb3_0033.jpg,WEED6C_crops/1359_jpg.rf.6bb7d484d2aa6c486b81a4b2f321dfb3_0033.jpg,4
0656_jpg.rf.47d204b70ff752cd492c6ac9a7ee93be_0001.jpg,WEED6C_crops/0656_jpg.rf.47d204b70ff752cd492c6ac9a7ee93be_0001.jpg,0
1036_jpg.rf.4f580cd37949403b6fa7a744db3bbc4b_0002.jpg,WEED6C_crops/1036_jpg.rf.4f580cd37949403b6fa7a744db3bbc4b_0002.jpg,2
0835_jpg.rf.86f8f015b73de124e709c954d11412c0_0006.jpg,WEED6C_crops/0835_jpg.rf.86f8f015b73de124e709c954d11412c0_0006.jpg,0
0972_jpg.rf.24faf2a5bada6d8377b6c766e471e31b_0003.jpg,WEED6C_crops/0972_jpg.rf.24faf2a5bada6d8377b6c766e471e31b_0003.jpg,3
1359_jpg.rf.6bb7d484d2aa6c486b81a4b2f321dfb3_0003.jpg,WEED6C_crops/1359_jpg.rf.6bb7d484d2aa6c486b81a4b2f321dfb3_0003.jpg,4
1226_jpg.rf.ac5a24c13e4e5f3ca4e2414be736fd0c_0001.jpg,WEED6C_crops/1226_jpg.rf.ac5a24c13e4e5f3ca4e2414be736fd0c_0001.jpg,1
0814_jpg.rf.ac9987d6143d41c71b1f9f661e24627c_0003.jpg,WEED6C_crops/0814_jpg.rf.ac9987d6143d41c71b1f9f661e24627c_0003.jpg,3
0211_jpg.rf.f489824b0b1fe92b17a62c9f8292d155_0004.jpg,WEED6C_crops/0211_jpg.rf.f489824b0b1fe92b17a62c9f8292d155_0004.jpg,3
1303_jpg.rf.8f30bd948ef635a90243d4eb022d379b_0021.jpg,WEED6C_crops/1303_jpg.rf.8f30bd948ef635a90243d4eb022d379b_0021.jpg,4
0696_jpg.rf.b57d4dafa38773770861b0152d224067_0004.jpg,WEED6C_crops/0696_jpg.rf.b57d4dafa38773770861b0152d224067_0004.jpg,0
1363_jpg.rf.768baa0bd4528831bffe24eb9aa3b51f_0005.jpg,WEED6C_crops/1363_jpg.rf.768baa0bd4528831bffe24eb9aa3b51f_0005.jpg,4
0635_jpg.rf.f7caf9e3f7ff4730aba9afa72bf6194d_0004.jpg,WEED6C_crops/0635_jpg.rf.f7caf9e3f7ff4730aba9afa72bf6194d_0004.jpg,2
0036_jpg.rf.bdc54405689eda8b64ce2d3f9302fcea_0002.jpg,WEED6C_crops/0036_jpg.rf.bdc54405689eda8b64ce2d3f9302fcea_0002.jpg,5
1237_jpg.rf.e87e95a727e50bae03c61f0b1e8522b6_0023.jpg,WEED6C_crops/1237_jpg.rf.e87e95a727e50bae03c61f0b1e8522b6_0023.jpg,4
0385_jpg.rf.0cedb900ae3c9a125bf2aba2c65e6856_0002.jpg,WEED6C_crops/0385_jpg.rf.0cedb900ae3c9a125bf2aba2c65e6856_0002.jpg,1
0860_jpg.rf.b9a00e0564f40304e943940872cb914f_0005.jpg,WEED6C_crops/0860_jpg.rf.b9a00e0564f40304e943940872cb914f_0005.jpg,3
1359_jpg.rf.6bb7d484d2aa6c486b81a4b2f321dfb3_0004.jpg,WEED6C_crops/1359_jpg.rf.6bb7d484d2aa6c486b81a4b2f321dfb3_0004.jpg,4
0976_jpg.rf.2512480ecf4c3fc61a269696fa465b88_0003.jpg,WEED6C_crops/0976_jpg.rf.2512480ecf4c3fc61a269696fa465b88_0003.jpg,3
1342_jpg.rf.5ba11aacf5cc1306e3de9786d203418e_0005.jpg,WEED6C_crops/1342_jpg.rf.5ba11aacf5cc1306e3de9786d203418e_0005.jpg,4
0484_jpg.rf.2f0048664be86181211730fa7692d0f2_0005.jpg,WEED6C_crops/0484_jpg.rf.2f0048664be86181211730fa7692d0f2_0005.jpg,0
0459_jpg.rf.ebe352b842805ce135e33c2df1f0249e_0004.jpg,WEED6C_crops/0459_jpg.rf.ebe352b842805ce135e33c2df1f0249e_0004.jpg,0
0779_jpg.rf.724c956394e7a6f779fb90ed54cbb9cb_0003.jpg,WEED6C_crops/0779_jpg.rf.724c956394e7a6f779fb90ed54cbb9cb_0003.jpg,3
0538_jpg.rf.441c4bbb537ab5ccdf373e8696d1a1c3_0003.jpg,WEED6C_crops/0538_jpg.rf.441c4bbb537ab5ccdf373e8696d1a1c3_0003.jpg,2
0892_jpg.rf.2d2d85a07511ef16aa292a307d9e4f14_0001.jpg,WEED6C_crops/0892_jpg.rf.2d2d85a07511ef16aa292a307d9e4f14_0001.jpg,1
1351_jpg.rf.e445b427433acaf539128b94d3521f79_0016.jpg,WEED6C_crops/1351_jpg.rf.e445b427433acaf539128b94d3521f79_0016.jpg,4
1004_jpg.rf.908c04e7c9dcafe9ec0b5067e7765657_0001.jpg,WEED6C_crops/1004_jpg.rf.908c04e7c9dcafe9ec0b5067e7765657_0001.jpg,2
1246_jpg.rf.bb73f1b0a3c930a95692d508c903625a_0002.jpg,WEED6C_crops/1246_jpg.rf.bb73f1b0a3c930a95692d508c903625a_0002.jpg,1
1238_jpg.rf.8f2e4dde815b3cdba79f2d24a33ad9eb_0027.jpg,WEED6C_crops/1238_jpg.rf.8f2e4dde815b3cdba79f2d24a33ad9eb_0027.jpg,4
0346_jpg.rf.3ddd174718d6c957fcdf4654000c5fb8_0006.jpg,WEED6C_crops/0346_jpg.rf.3ddd174718d6c957fcdf4654000c5fb8_0006.jpg,3
1287_jpg.rf.0bdfb5a514691b4b64c3bd4322c0459b_0010.jpg,WEED6C_crops/1287_jpg.rf.0bdfb5a514691b4b64c3bd4322c0459b_0010.jpg,4
1376_jpg.rf.f25c9ac507d73d6c536a1d12e1f19067_0017.jpg,WEED6C_crops/1376_jpg.rf.f25c9ac507d73d6c536a1d12e1f19067_0017.jpg,4
1264_jpg.rf.9dcfa7b826804ef4063b1ac764b21e8c_0010.jpg,WEED6C_crops/1264_jpg.rf.9dcfa7b826804ef4063b1ac764b21e8c_0010.jpg,4
1308_jpg.rf.0cf1ad89ac72afc184513083fa85d00e_0001.jpg,WEED6C_crops/1308_jpg.rf.0cf1ad89ac72afc184513083fa85d00e_0001.jpg,1
0703_jpg.rf.26fc5ec4daf8daf2cfcefebc9dd59e9b_0004.jpg,WEED6C_crops/0703_jpg.rf.26fc5ec4daf8daf2cfcefebc9dd59e9b_0004.jpg,0
1351_jpg.rf.e445b427433acaf539128b94d3521f79_0005.jpg,WEED6C_crops/1351_jpg.rf.e445b427433acaf539128b94d3521f79_0005.jpg,4
0550_jpg.rf.958ac1691aa89d644d7deb2a148817af_0003.jpg,WEED6C_crops/0550_jpg.rf.958ac1691aa89d644d7deb2a148817af_0003.jpg,3
1270_jpg.rf.c34b854accd8ec862089128de29e245c_0012.jpg,WEED6C_crops/1270_jpg.rf.c34b854accd8ec862089128de29e245c_0012.jpg,4
0972_jpg.rf.24faf2a5bada6d8377b6c766e471e31b_0002.jpg,WEED6C_crops/0972_jpg.rf.24faf2a5bada6d8377b6c766e471e31b_0002.jpg,3
0598_jpg.rf.5e8cc243909b8455b4cffaeeb6ea19a9_0005.jpg,WEED6C_crops/0598_jpg.rf.5e8cc243909b8455b4cffaeeb6ea19a9_0005.jpg,3
0464_jpg.rf.1f7ce6f5f06cf0d67b0b3a89f8c3e12f_0002.jpg,WEED6C_crops/0464_jpg.rf.1f7ce6f5f06cf0d67b0b3a89f8c3e12f_0002.jpg,3
0656_jpg.rf.47d204b70ff752cd492c6ac9a7ee93be_0007.jpg,WEED6C_crops/0656_jpg.rf.47d204b70ff752cd492c6ac9a7ee93be_0007.jpg,0
0372_jpg.rf.06daa2f5f693811a1ba1c5b8065a408b_0005.jpg,WEED6C_crops/0372_jpg.rf.06daa2f5f693811a1ba1c5b8065a408b_0005.jpg,3
1279_jpg.rf.3859686293ba7d5fcec5e84b599fd5de_0001.jpg,WEED6C_crops/1279_jpg.rf.3859686293ba7d5fcec5e84b599fd5de_0001.jpg,1
0296_jpg.rf.1353db0a9b41daed7853579acfd0b861_0011.jpg,WEED6C_crops/0296_jpg.rf.1353db0a9b41daed7853579acfd0b861_0011.jpg,3
0776_jpg.rf.7bad67ff955814c0fcbfc86310c22a01_0001.jpg,WEED6C_crops/0776_jpg.rf.7bad67ff955814c0fcbfc86310c22a01_0001.jpg,3
1311_jpg.rf.4a2f9977c5ce6af1d01a777bdced6f04_0006.jpg,WEED6C_crops/1311_jpg.rf.4a2f9977c5ce6af1d01a777bdced6f04_0006.jpg,4
1305_jpg.rf.443512b37c4cb64236dc2fdc570ded6d_0024.jpg,WEED6C_crops/1305_jpg.rf.443512b37c4cb64236dc2fdc570ded6d_0024.jpg,4
0430_jpg.rf.c3c01a98ee4a4927a0c92aa55a1e7229_0002.jpg,WEED6C_crops/0430_jpg.rf.c3c01a98ee4a4927a0c92aa55a1e7229_0002.jpg,1
0809_jpg.rf.116a9dfd7cefe4aa7aa030aac2a4aa11_0007.jpg,WEED6C_crops/0809_jpg.rf.116a9dfd7cefe4aa7aa030aac2a4aa11_0007.jpg,3
0094_jpg.rf.61e97d8a654d322af0b8f5777fd16f41_0013.jpg,WEED6C_crops/0094_jpg.rf.61e97d8a654d322af0b8f5777fd16f41_0013.jpg,5
1302_jpg.rf.26ab3fc340b22f9482155ab905a6cebf_0009.jpg,WEED6C_crops/1302_jpg.rf.26ab3fc340b22f9482155ab905a6cebf_0009.jpg,4
1040_jpg.rf.d2f502fe97e5742cedc84a97e86ba7c6_0002.jpg,WEED6C_crops/1040_jpg.rf.d2f502fe97e5742cedc84a97e86ba7c6_0002.jpg,2
0543_jpg.rf.1d2fc0c8dbd3297304e107c958dbe084_0008.jpg,WEED6C_crops/0543_jpg.rf.1d2fc0c8dbd3297304e107c958dbe084_0008.jpg,0
0828_jpg.rf.637fab27e8dd6e9c9b5e7e11b2c6bb3d_0012.jpg,WEED6C_crops/0828_jpg.rf.637fab27e8dd6e9c9b5e7e11b2c6bb3d_0012.jpg,0
0304_jpg.rf.06a5710a7bbb8edafee7dd15e7de328a_0004.jpg,WEED6C_crops/0304_jpg.rf.06a5710a7bbb8edafee7dd15e7de328a_0004.jpg,3
1239_jpg.rf.7b926cf59320e9b12909abef7c8e7aac_0044.jpg,WEED6C_crops/1239_jpg.rf.7b926cf59320e9b12909abef7c8e7aac_0044.jpg,4
0977_jpg.rf.d13ba9ce5d1fd3abb968440af3dffa28_0003.jpg,WEED6C_crops/0977_jpg.rf.d13ba9ce5d1fd3abb968440af3dffa28_0003.jpg,3
1362_jpg.rf.ab5fc04e9f26ec91359122ba4c109436_0051.jpg,WEED6C_crops/1362_jpg.rf.ab5fc04e9f26ec91359122ba4c109436_0051.jpg,4
1363_jpg.rf.768baa0bd4528831bffe24eb9aa3b51f_0044.jpg,WEED6C_crops/1363_jpg.rf.768baa0bd4528831bffe24eb9aa3b51f_0044.jpg,4
0266_jpg.rf.44e611753f9d3e1997613c5cc8a58644_0001.jpg,WEED6C_crops/0266_jpg.rf.44e611753f9d3e1997613c5cc8a58644_0001.jpg,0
0361_jpg.rf.2b245324527e72eaf61640c29bd0e361_0005.jpg,WEED6C_crops/0361_jpg.rf.2b245324527e72eaf61640c29bd0e361_0005.jpg,0
0866_jpg.rf.3e482e0c8d3e945764b46d19dedebf76_0003.jpg,WEED6C_crops/0866_jpg.rf.3e482e0c8d3e945764b46d19dedebf76_0003.jpg,3
0363_jpg.rf.806dbfe8ebe6327a8e153c0522c5f90c_0004.jpg,WEED6C_crops/0363_jpg.rf.806dbfe8ebe6327a8e153c0522c5f90c_0004.jpg,0
1236_jpg.rf.84823ae11fdee603ba6a5fab2cc61c7f_0025.jpg,WEED6C_crops/1236_jpg.rf.84823ae11fdee603ba6a5fab2cc61c7f_0025.jpg,4
1353_jpg.rf.bec9bcda29461e97059f99cbf8431546_0009.jpg,WEED6C_crops/1353_jpg.rf.bec9bcda29461e97059f99cbf8431546_0009.jpg,4
0363_jpg.rf.806dbfe8ebe6327a8e153c0522c5f90c_0005.jpg,WEED6C_crops/0363_jpg.rf.806dbfe8ebe6327a8e153c0522c5f90c_0005.jpg,0
0887_jpg.rf.97e88d9b99a4c5e045e85290b522dc05_0004.jpg,WEED6C_crops/0887_jpg.rf.97e88d9b99a4c5e045e85290b522dc05_0004.jpg,3
1373_jpg.rf.3d37ed5825d54fd39547b46ea5c1112c_0029.jpg,WEED6C_crops/1373_jpg.rf.3d37ed5825d54fd39547b46ea5c1112c_0029.jpg,4
0592_jpg.rf.b2fa5abdaedb0908317aaf0591848208_0003.jpg,WEED6C_crops/0592_jpg.rf.b2fa5abdaedb0908317aaf0591848208_0003.jpg,0
0722_jpg.rf.45c87d6b99613f6e9714dd035c36f3f5_0001.jpg,WEED6C_crops/0722_jpg.rf.45c87d6b99613f6e9714dd035c36f3f5_0001.jpg,3
1378_jpg.rf.a485ab7c96bef96dac8eb7e61bbb7fb8_0012.jpg,WEED6C_crops/1378_jpg.rf.a485ab7c96bef96dac8eb7e61bbb7fb8_0012.jpg,4
0528_jpg.rf.6b5682d11915a8a59aa1670f1067d25b_0005.jpg,WEED6C_crops/0528_jpg.rf.6b5682d11915a8a59aa1670f1067d25b_0005.jpg,3
1181_jpg.rf.0464ad103f48e4c95a98ef0e3bf3c640_0002.jpg,WEED6C_crops/1181_jpg.rf.0464ad103f48e4c95a98ef0e3bf3c640_0002.jpg,2
1302_jpg.rf.26ab3fc340b22f9482155ab905a6cebf_0029.jpg,WEED6C_crops/1302_jpg.rf.26ab3fc340b22f9482155ab905a6cebf_0029.jpg,4
0383_jpg.rf.27bfc631afce1ab0d9711ed010b01f3f_0005.jpg,WEED6C_crops/0383_jpg.rf.27bfc631afce1ab0d9711ed010b01f3f_0005.jpg,0
1247_jpg.rf.f72539c749932b410356da3c4cdfcae8_0014.jpg,WEED6C_crops/1247_jpg.rf.f72539c749932b410356da3c4cdfcae8_0014.jpg,4
1303_jpg.rf.8f30bd948ef635a90243d4eb022d379b_0007.jpg,WEED6C_crops/1303_jpg.rf.8f30bd948ef635a90243d4eb022d379b_0007.jpg,4
1267_jpg.rf.7a81427b8cf51c46e081b7723f1e15ac_0018.jpg,WEED6C_crops/1267_jpg.rf.7a81427b8cf51c46e081b7723f1e15ac_0018.jpg,4
1237_jpg.rf.e87e95a727e50bae03c61f0b1e8522b6_0014.jpg,WEED6C_crops/1237_jpg.rf.e87e95a727e50bae03c61f0b1e8522b6_0014.jpg,4
0278_jpg.rf.15b2a8c784e81820e90c2403b778d212_0015.jpg,WEED6C_crops/0278_jpg.rf.15b2a8c784e81820e90c2403b778d212_0015.jpg,3
0392_jpg.rf.49ecace6ca5fed7c7e6fdb33cc6cf6b3_0003.jpg,WEED6C_crops/0392_jpg.rf.49ecace6ca5fed7c7e6fdb33cc6cf6b3_0003.jpg,0
0867_jpg.rf.e7d397c954ed7cf326d25d6e4eb562bd_0005.jpg,WEED6C_crops/0867_jpg.rf.e7d397c954ed7cf326d25d6e4eb562bd_0005.jpg,1
1355_jpg.rf.6913dec06d5038de035d46f593a0bd9e_0011.jpg,WEED6C_crops/1355_jpg.rf.6913dec06d5038de035d46f593a0bd9e_0011.jpg,4
1308_jpg.rf.0cf1ad89ac72afc184513083fa85d00e_0004.jpg,WEED6C_crops/1308_jpg.rf.0cf1ad89ac72afc184513083fa85d00e_0004.jpg,4
0038_jpg.rf.1d04df4ef2a238c65150b040407a7ecd_0003.jpg,WEED6C_crops/0038_jpg.rf.1d04df4ef2a238c65150b040407a7ecd_0003.jpg,5
1288_jpg.rf.d40235d2f4f29325219dc65890953ef4_0004.jpg,WEED6C_crops/1288_jpg.rf.d40235d2f4f29325219dc65890953ef4_0004.jpg,4
0490_jpg.rf.77d1a25dc8f384641292291c736e57dd_0002.jpg,WEED6C_crops/0490_jpg.rf.77d1a25dc8f384641292291c736e57dd_0002.jpg,2
1227_jpg.rf.eb9e3a2fa93b1867c5cb9f3a1fcf7bdb_0004.jpg,WEED6C_crops/1227_jpg.rf.eb9e3a2fa93b1867c5cb9f3a1fcf7bdb_0004.jpg,1
0633_jpg.rf.abb6deef0792cfe939cfa3125eb0eeb2_0005.jpg,WEED6C_crops/0633_jpg.rf.abb6deef0792cfe939cfa3125eb0eeb2_0005.jpg,3
0620_jpg.rf.7e2f341a86cdb54a4f8e4553c84dd0e2_0003.jpg,WEED6C_crops/0620_jpg.rf.7e2f341a86cdb54a4f8e4553c84dd0e2_0003.jpg,1
1302_jpg.rf.26ab3fc340b22f9482155ab905a6cebf_0011.jpg,WEED6C_crops/1302_jpg.rf.26ab3fc340b22f9482155ab905a6cebf_0011.jpg,4
0940_jpg.rf.96e3df91a9a59aa1c1006a128592f1bd_0005.jpg,WEED6C_crops/0940_jpg.rf.96e3df91a9a59aa1c1006a128592f1bd_0005.jpg,3
1374_jpg.rf.6c64883712d67a3ad448ca10c0398308_0013.jpg,WEED6C_crops/1374_jpg.rf.6c64883712d67a3ad448ca10c0398308_0013.jpg,4
0557_jpg.rf.d3f537b61855e58497869e9adbcb5bde_0002.jpg,WEED6C_crops/0557_jpg.rf.d3f537b61855e58497869e9adbcb5bde_0002.jpg,3
0816_jpg.rf.a9cf6d6edbe34347964c89472d30052e_0008.jpg,WEED6C_crops/0816_jpg.rf.a9cf6d6edbe34347964c89472d30052e_0008.jpg,2
0468_jpg.rf.dae169e5cbe28c8f9b36ba331d8ba941_0002.jpg,WEED6C_crops/0468_jpg.rf.dae169e5cbe28c8f9b36ba331d8ba941_0002.jpg,3
1248_jpg.rf.290b7f88a115132b8a4ebfe43b032865_0018.jpg,WEED6C_crops/1248_jpg.rf.290b7f88a115132b8a4ebfe43b032865_0018.jpg,1
0516_jpg.rf.7ea48e0342851e6c1c11ac9d823bb8e1_0003.jpg,WEED6C_crops/0516_jpg.rf.7ea48e0342851e6c1c11ac9d823bb8e1_0003.jpg,3
0418_jpg.rf.4059aeac0ff350b762c70fa4c0dcba3e_0003.jpg,WEED6C_crops/0418_jpg.rf.4059aeac0ff350b762c70fa4c0dcba3e_0003.jpg,1
0609_jpg.rf.c41257214430bb4b4534789c1180413d_0002.jpg,WEED6C_crops/0609_jpg.rf.c41257214430bb4b4534789c1180413d_0002.jpg,3
1129_jpg.rf.ff6240112df369008b1477caaabb3566_0003.jpg,WEED6C_crops/1129_jpg.rf.ff6240112df369008b1477caaabb3566_0003.jpg,0
0843_jpg.rf.19990dca923bda404242d7a76489c5e8_0006.jpg,WEED6C_crops/0843_jpg.rf.19990dca923bda404242d7a76489c5e8_0006.jpg,0
0089_jpg.rf.9e1dbaf327f9c0c5c135eb6d10ec9fc3_0002.jpg,WEED6C_crops/0089_jpg.rf.9e1dbaf327f9c0c5c135eb6d10ec9fc3_0002.jpg,5
1338_jpg.rf.321121b7a3efd0ac1c8aa7d0cbb33902_0011.jpg,WEED6C_crops/1338_jpg.rf.321121b7a3efd0ac1c8aa7d0cbb33902_0011.jpg,4
1367_jpg.rf.525537f6569c4903b5b939c2e8220219_0038.jpg,WEED6C_crops/1367_jpg.rf.525537f6569c4903b5b939c2e8220219_0038.jpg,4
0445_jpg.rf.d3331351eda11e8e7a078c2b43329375_0005.jpg,WEED6C_crops/0445_jpg.rf.d3331351eda11e8e7a078c2b43329375_0005.jpg,3
0794_jpg.rf.e2279fae2bc71da817ebb9fdfdb9923c_0002.jpg,WEED6C_crops/0794_jpg.rf.e2279fae2bc71da817ebb9fdfdb9923c_0002.jpg,2
1367_jpg.rf.525537f6569c4903b5b939c2e8220219_0047.jpg,WEED6C_crops/1367_jpg.rf.525537f6569c4903b5b939c2e8220219_0047.jpg,4
0262_jpg.rf.f1ff50f357ac413bcfba75ad3619d77d_0004.jpg,WEED6C_crops/0262_jpg.rf.f1ff50f357ac413bcfba75ad3619d77d_0004.jpg,0
1096_jpg.rf.45222169648509a99b57a0af83f30714_0001.jpg,WEED6C_crops/1096_jpg.rf.45222169648509a99b57a0af83f30714_0001.jpg,2
0237_jpg.rf.47ebd52e669d42c97678a79dff8bb0cd_0004.jpg,WEED6C_crops/0237_jpg.rf.47ebd52e669d42c97678a79dff8bb0cd_0004.jpg,3
0963_jpg.rf.09518cb962eea821cff5cef21510d33c_0002.jpg,WEED6C_crops/0963_jpg.rf.09518cb962eea821cff5cef21510d33c_0002.jpg,1
0806_jpg.rf.c378aaa9dacc5ce45b55fd081cf71032_0008.jpg,WEED6C_crops/0806_jpg.rf.c378aaa9dacc5ce45b55fd081cf71032_0008.jpg,3
0727_jpg.rf.fc87d896f5f7849aa82658be6a6b2a3a_0005.jpg,WEED6C_crops/0727_jpg.rf.fc87d896f5f7849aa82658be6a6b2a3a_0005.jpg,1
0256_jpg.rf.86a23edd02aa014189af5079e37557ea_0002.jpg,WEED6C_crops/0256_jpg.rf.86a23edd02aa014189af5079e37557ea_0002.jpg,3
1265_jpg.rf.459c2e1e9909ee52948bcfdb891d5d39_0027.jpg,WEED6C_crops/1265_jpg.rf.459c2e1e9909ee52948bcfdb891d5d39_0027.jpg,4
0692_jpg.rf.3e63ffcc62ea44d1a4bd08458b8fa9b8_0011.jpg,WEED6C_crops/0692_jpg.rf.3e63ffcc62ea44d1a4bd08458b8fa9b8_0011.jpg,3
1386_jpg.rf.38d81bd8c301374aed9080ef5af2120b_0009.jpg,WEED6C_crops/1386_jpg.rf.38d81bd8c301374aed9080ef5af2120b_0009.jpg,0
1002_jpg.rf.55a350bb75663f3563c23dccb5e3c193_0001.jpg,WEED6C_crops/1002_jpg.rf.55a350bb75663f3563c23dccb5e3c193_0001.jpg,2
0967_jpg.rf.944cbcc38b58de89ba442ea2a202324b_0003.jpg,WEED6C_crops/0967_jpg.rf.944cbcc38b58de89ba442ea2a202324b_0003.jpg,1
1340_jpg.rf.49f7cdb25f0fa78442f011562a376881_0013.jpg,WEED6C_crops/1340_jpg.rf.49f7cdb25f0fa78442f011562a376881_0013.jpg,4
0602_jpg.rf.d1012f3e1b365b7b3154d092664c7875_0002.jpg,WEED6C_crops/0602_jpg.rf.d1012f3e1b365b7b3154d092664c7875_0002.jpg,0
0725_jpg.rf.2277e61944d0fe548a2fb261c7e23204_0005.jpg,WEED6C_crops/0725_jpg.rf.2277e61944d0fe548a2fb261c7e23204_0005.jpg,2
0297_jpg.rf.85414b29068074347afa205d7854efba_0002.jpg,WEED6C_crops/0297_jpg.rf.85414b29068074347afa205d7854efba_0002.jpg,1
0343_jpg.rf.f5f1a65ea3ae72fa84376e66fcdf332b_0009.jpg,WEED6C_crops/0343_jpg.rf.f5f1a65ea3ae72fa84376e66fcdf332b_0009.jpg,3
0472_jpg.rf.85e931efad0bb7cf112ec8bcf119a1d5_0004.jpg,WEED6C_crops/0472_jpg.rf.85e931efad0bb7cf112ec8bcf119a1d5_0004.jpg,3
1003_jpg.rf.602b7f8d6ae459ed32df2fc00275a094_0001.jpg,WEED6C_crops/1003_jpg.rf.602b7f8d6ae459ed32df2fc00275a094_0001.jpg,3
0049_jpg.rf.9864496ca9eb713c038ad3c004f91271_0002.jpg,WEED6C_crops/0049_jpg.rf.9864496ca9eb713c038ad3c004f91271_0002.jpg,5
1372_jpg.rf.ef878d09b7d0fbf710c9467e4f1063c1_0003.jpg,WEED6C_crops/1372_jpg.rf.ef878d09b7d0fbf710c9467e4f1063c1_0003.jpg,4
0564_jpg.rf.b5c6d6544459b9adcc8d4eb117d85a31_0001.jpg,WEED6C_crops/0564_jpg.rf.b5c6d6544459b9adcc8d4eb117d85a31_0001.jpg,3
0881_jpg.rf.d667740d66c615bae7d31d677124a687_0012.jpg,WEED6C_crops/0881_jpg.rf.d667740d66c615bae7d31d677124a687_0012.jpg,3
1274_jpg.rf.c49661fafad31d4021277dbf9da35bc4_0009.jpg,WEED6C_crops/1274_jpg.rf.c49661fafad31d4021277dbf9da35bc4_0009.jpg,4
0547_jpg.rf.c4445717fbb3f1860ac80d1fb8e1ddd3_0003.jpg,WEED6C_crops/0547_jpg.rf.c4445717fbb3f1860ac80d1fb8e1ddd3_0003.jpg,0
1365_jpg.rf.d745a616307c062e3f3851230aee2c41_0018.jpg,WEED6C_crops/1365_jpg.rf.d745a616307c062e3f3851230aee2c41_0018.jpg,4
0986_jpg.rf.4191a9c1c0cfde6da350a3629c0d5be8_0006.jpg,WEED6C_crops/0986_jpg.rf.4191a9c1c0cfde6da350a3629c0d5be8_0006.jpg,3
1251_jpg.rf.ca084f91ecb665ac4961e3dca9f42efd_0008.jpg,WEED6C_crops/1251_jpg.rf.ca084f91ecb665ac4961e3dca9f42efd_0008.jpg,4
1252_jpg.rf.0460eee5cd6e483e72571dbeb38f50ba_0013.jpg,WEED6C_crops/1252_jpg.rf.0460eee5cd6e483e72571dbeb38f50ba_0013.jpg,1
0360_jpg.rf.f070784662d3e14abdda41d21e4b9ccb_0009.jpg,WEED6C_crops/0360_jpg.rf.f070784662d3e14abdda41d21e4b9ccb_0009.jpg,0
1371_jpg.rf.a6456e830a9f9304e2912a0bfb2abda4_0009.jpg,WEED6C_crops/1371_jpg.rf.a6456e830a9f9304e2912a0bfb2abda4_0009.jpg,4
1295_jpg.rf.f42892f9b9b14e4cd48cb8f649d05aa8_0010.jpg,WEED6C_crops/1295_jpg.rf.f42892f9b9b14e4cd48cb8f649d05aa8_0010.jpg,4
1252_jpg.rf.0460eee5cd6e483e72571dbeb38f50ba_0010.jpg,WEED6C_crops/1252_jpg.rf.0460eee5cd6e483e72571dbeb38f50ba_0010.jpg,1
0210_jpg.rf.5896e50f1138fd4e2c9e2d1b455d9ac5_0003.jpg,WEED6C_crops/0210_jpg.rf.5896e50f1138fd4e2c9e2d1b455d9ac5_0003.jpg,3
0211_jpg.rf.f489824b0b1fe92b17a62c9f8292d155_0005.jpg,WEED6C_crops/0211_jpg.rf.f489824b0b1fe92b17a62c9f8292d155_0005.jpg,2
1368_jpg.rf.25dc57e029d777ff1571d3d84d22c763_0018.jpg,WEED6C_crops/1368_jpg.rf.25dc57e029d777ff1571d3d84d22c763_0018.jpg,4
0350_jpg.rf.9b0f36a130ea6ac8748c07fed6f139f0_0008.jpg,WEED6C_crops/0350_jpg.rf.9b0f36a130ea6ac8748c07fed6f139f0_0008.jpg,0
0219_jpg.rf.ff71274c38465d88b0916f73a863ed69_0003.jpg,WEED6C_crops/0219_jpg.rf.ff71274c38465d88b0916f73a863ed69_0003.jpg,0
1240_jpg.rf.e1ad20f0f2011d323769409c17d77863_0006.jpg,WEED6C_crops/1240_jpg.rf.e1ad20f0f2011d323769409c17d77863_0006.jpg,4
0381_jpg.rf.cddb21d4777e113ec1f33da97eb01a9c_0009.jpg,WEED6C_crops/0381_jpg.rf.cddb21d4777e113ec1f33da97eb01a9c_0009.jpg,1
0522_jpg.rf.a6d4c7e58784167fafca6ce8201e1a44_0004.jpg,WEED6C_crops/0522_jpg.rf.a6d4c7e58784167fafca6ce8201e1a44_0004.jpg,3
1349_jpg.rf.f2a77b8dcb3c036a18eb11f545a535f5_0010.jpg,WEED6C_crops/1349_jpg.rf.f2a77b8dcb3c036a18eb11f545a535f5_0010.jpg,4
0269_jpg.rf.d2afcb6e7376916e7b38e303cb36bf50_0003.jpg,WEED6C_crops/0269_jpg.rf.d2afcb6e7376916e7b38e303cb36bf50_0003.jpg,0
0107_jpg.rf.c40ca56c9970d6c29d5d3dbec3f9c153_0003.jpg,WEED6C_crops/0107_jpg.rf.c40ca56c9970d6c29d5d3dbec3f9c153_0003.jpg,5
0351_jpg.rf.0a701bdb43cd1fc757bc28789adc90f3_0003.jpg,WEED6C_crops/0351_jpg.rf.0a701bdb43cd1fc757bc28789adc90f3_0003.jpg,3
1313_jpg.rf.9e5965f174b9d39cedf845bc37e26a4d_0011.jpg,WEED6C_crops/1313_jpg.rf.9e5965f174b9d39cedf845bc37e26a4d_0011.jpg,4
0267_jpg.rf.188ea6711170d685e1fc95c1e914b515_0009.jpg,WEED6C_crops/0267_jpg.rf.188ea6711170d685e1fc95c1e914b515_0009.jpg,1
0216_jpg.rf.2662ca0aa00c7255417e402560dfd2a4_0001.jpg,WEED6C_crops/0216_jpg.rf.2662ca0aa00c7255417e402560dfd2a4_0001.jpg,3
1315_jpg.rf.0b8085935589ebdedc6aafe2eeb83a84_0011.jpg,WEED6C_crops/1315_jpg.rf.0b8085935589ebdedc6aafe2eeb83a84_0011.jpg,4
0291_jpg.rf.3df8082d7eda29e01bfbbadf39f3ac2b_0015.jpg,WEED6C_crops/0291_jpg.rf.3df8082d7eda29e01bfbbadf39f3ac2b_0015.jpg,0
1230_jpg.rf.60caad5b3d36a901c24668ddacd2f112_0006.jpg,WEED6C_crops/1230_jpg.rf.60caad5b3d36a901c24668ddacd2f112_0006.jpg,4
0524_jpg.rf.6b02004b3611b6f8c9dcfa6ec322ed8a_0007.jpg,WEED6C_crops/0524_jpg.rf.6b02004b3611b6f8c9dcfa6ec322ed8a_0007.jpg,3
1267_jpg.rf.7a81427b8cf51c46e081b7723f1e15ac_0037.jpg,WEED6C_crops/1267_jpg.rf.7a81427b8cf51c46e081b7723f1e15ac_0037.jpg,4
0632_jpg.rf.9835eced0ca94b3dc06bf15ea115944a_0001.jpg,WEED6C_crops/0632_jpg.rf.9835eced0ca94b3dc06bf15ea115944a_0001.jpg,3
0208_jpg.rf.fe82af743151727a27c956fc89367b27_0003.jpg,WEED6C_crops/0208_jpg.rf.fe82af743151727a27c956fc89367b27_0003.jpg,3
1285_jpg.rf.8c5370f95c282daae379485a007ec7bd_0006.jpg,WEED6C_crops/1285_jpg.rf.8c5370f95c282daae379485a007ec7bd_0006.jpg,4
0332_jpg.rf.46c8f2b7f0d4e937c4bdf2a3dbc59506_0009.jpg,WEED6C_crops/0332_jpg.rf.46c8f2b7f0d4e937c4bdf2a3dbc59506_0009.jpg,3
1311_jpg.rf.4a2f9977c5ce6af1d01a777bdced6f04_0017.jpg,WEED6C_crops/1311_jpg.rf.4a2f9977c5ce6af1d01a777bdced6f04_0017.jpg,4
0588_jpg.rf.e3b5354e261ba918d33eae8532624dc0_0004.jpg,WEED6C_crops/0588_jpg.rf.e3b5354e261ba918d33eae8532624dc0_0004.jpg,3
0772_jpg.rf.c378681053dfb6b21aa3a8c2c8e486d4_0006.jpg,WEED6C_crops/0772_jpg.rf.c378681053dfb6b21aa3a8c2c8e486d4_0006.jpg,2
0880_jpg.rf.a860eba8db5740a0f6407dedcb62dd42_0006.jpg,WEED6C_crops/0880_jpg.rf.a860eba8db5740a0f6407dedcb62dd42_0006.jpg,3
0568_jpg.rf.685136bf07c5de15a47e573f17f84cd8_0004.jpg,WEED6C_crops/0568_jpg.rf.685136bf07c5de15a47e573f17f84cd8_0004.jpg,3
1388_jpg.rf.fc14b9c78803698f43244c97c3e3b31e_0004.jpg,WEED6C_crops/1388_jpg.rf.fc14b9c78803698f43244c97c3e3b31e_0004.jpg,1
0481_jpg.rf.9eb7edb9fdbec6823d3c5930fdec5043_0006.jpg,WEED6C_crops/0481_jpg.rf.9eb7edb9fdbec6823d3c5930fdec5043_0006.jpg,0
0230_jpg.rf.93673f447a8eafcc253c1da71e8a45ff_0002.jpg,WEED6C_crops/0230_jpg.rf.93673f447a8eafcc253c1da71e8a45ff_0002.jpg,3
1166_jpg.rf.7d7ee18e97b92c6f70351dd80cc86221_0001.jpg,WEED6C_crops/1166_jpg.rf.7d7ee18e97b92c6f70351dd80cc86221_0001.jpg,0
1303_jpg.rf.8f30bd948ef635a90243d4eb022d379b_0034.jpg,WEED6C_crops/1303_jpg.rf.8f30bd948ef635a90243d4eb022d379b_0034.jpg,4
0084_jpg.rf.49a24825fcabc006eba2bbcc34575367_0014.jpg,WEED6C_crops/0084_jpg.rf.49a24825fcabc006eba2bbcc34575367_0014.jpg,5
1250_jpg.rf.790f9e867b39dfc376c40d0fc852486f_0001.jpg,WEED6C_crops/1250_jpg.rf.790f9e867b39dfc376c40d0fc852486f_0001.jpg,1
0684_jpg.rf.865b9fd6056cc7b214cb8ddc06bdf9a6_0007.jpg,WEED6C_crops/0684_jpg.rf.865b9fd6056cc7b214cb8ddc06bdf9a6_0007.jpg,0
0628_jpg.rf.540eb0da6481e44eaed340f46f8b85e4_0001.jpg,WEED6C_crops/0628_jpg.rf.540eb0da6481e44eaed340f46f8b85e4_0001.jpg,2
0834_jpg.rf.541aec5b5bf56ec58ec1abe5ccbeaf7f_0016.jpg,WEED6C_crops/0834_jpg.rf.541aec5b5bf56ec58ec1abe5ccbeaf7f_0016.jpg,0
0463_jpg.rf.7f2102298f792aa5b64fd0446a8cd416_0003.jpg,WEED6C_crops/0463_jpg.rf.7f2102298f792aa5b64fd0446a8cd416_0003.jpg,0
0474_jpg.rf.c89f826a90d41a3c713e6bc1392780a7_0003.jpg,WEED6C_crops/0474_jpg.rf.c89f826a90d41a3c713e6bc1392780a7_0003.jpg,0
1296_jpg.rf.0c437bc165571cd0590e77bf88763adf_0009.jpg,WEED6C_crops/1296_jpg.rf.0c437bc165571cd0590e77bf88763adf_0009.jpg,4
1251_jpg.rf.ca084f91ecb665ac4961e3dca9f42efd_0012.jpg,WEED6C_crops/1251_jpg.rf.ca084f91ecb665ac4961e3dca9f42efd_0012.jpg,1
1372_jpg.rf.ef878d09b7d0fbf710c9467e4f1063c1_0008.jpg,WEED6C_crops/1372_jpg.rf.ef878d09b7d0fbf710c9467e4f1063c1_0008.jpg,4
0567_jpg.rf.d214d2ff848b23baff747e649cf146ca_0005.jpg,WEED6C_crops/0567_jpg.rf.d214d2ff848b23baff747e649cf146ca_0005.jpg,0
1231_jpg.rf.fe1b06fe786224eaf851b6416c2554ae_0019.jpg,WEED6C_crops/1231_jpg.rf.fe1b06fe786224eaf851b6416c2554ae_0019.jpg,4
1359_jpg.rf.6bb7d484d2aa6c486b81a4b2f321dfb3_0018.jpg,WEED6C_crops/1359_jpg.rf.6bb7d484d2aa6c486b81a4b2f321dfb3_0018.jpg,4
0220_jpg.rf.ac3075b666a8df6cadddc7f7932b8698_0008.jpg,WEED6C_crops/0220_jpg.rf.ac3075b666a8df6cadddc7f7932b8698_0008.jpg,3
0701_jpg.rf.a0b98ca0ac36cb8be97e8e09e71394ba_0004.jpg,WEED6C_crops/0701_jpg.rf.a0b98ca0ac36cb8be97e8e09e71394ba_0004.jpg,2
1368_jpg.rf.25dc57e029d777ff1571d3d84d22c763_0008.jpg,WEED6C_crops/1368_jpg.rf.25dc57e029d777ff1571d3d84d22c763_0008.jpg,4
0531_jpg.rf.954a68cf5159a68593fbc8bb2661556d_0001.jpg,WEED6C_crops/0531_jpg.rf.954a68cf5159a68593fbc8bb2661556d_0001.jpg,2
0596_jpg.rf.5d5f5b48be46a1f8940560d94051367d_0005.jpg,WEED6C_crops/0596_jpg.rf.5d5f5b48be46a1f8940560d94051367d_0005.jpg,0
1292_jpg.rf.da2666dd0d06c9ac83fcabaff7ad04bf_0003.jpg,WEED6C_crops/1292_jpg.rf.da2666dd0d06c9ac83fcabaff7ad04bf_0003.jpg,4
1253_jpg.rf.9658543ae33aaf005575666b3e5b4453_0004.jpg,WEED6C_crops/1253_jpg.rf.9658543ae33aaf005575666b3e5b4453_0004.jpg,4
1271_jpg.rf.edbc880f2c5cbc76998035cf808e95a2_0002.jpg,WEED6C_crops/1271_jpg.rf.edbc880f2c5cbc76998035cf808e95a2_0002.jpg,4
1303_jpg.rf.8f30bd948ef635a90243d4eb022d379b_0026.jpg,WEED6C_crops/1303_jpg.rf.8f30bd948ef635a90243d4eb022d379b_0026.jpg,4
1270_jpg.rf.c34b854accd8ec862089128de29e245c_0034.jpg,WEED6C_crops/1270_jpg.rf.c34b854accd8ec862089128de29e245c_0034.jpg,4
0878_jpg.rf.57f0f678bf84f6c83a346f2ea70d31e2_0008.jpg,WEED6C_crops/0878_jpg.rf.57f0f678bf84f6c83a346f2ea70d31e2_0008.jpg,0
0386_jpg.rf.7200147910cafd7b35d4cc7e21a4f88d_0008.jpg,WEED6C_crops/0386_jpg.rf.7200147910cafd7b35d4cc7e21a4f88d_0008.jpg,3
1363_jpg.rf.768baa0bd4528831bffe24eb9aa3b51f_0023.jpg,WEED6C_crops/1363_jpg.rf.768baa0bd4528831bffe24eb9aa3b51f_0023.jpg,4
0912_jpg.rf.64d528b80c3452b4cf35a20779ed56c6_0004.jpg,WEED6C_crops/0912_jpg.rf.64d528b80c3452b4cf35a20779ed56c6_0004.jpg,3
0323_jpg.rf.ee66aec59212ce1d687736973598e699_0003.jpg,WEED6C_crops/0323_jpg.rf.ee66aec59212ce1d687736973598e699_0003.jpg,1
1300_jpg.rf.c8a7b7da90c3a7f70a2e39b8ca47e4fd_0014.jpg,WEED6C_crops/1300_jpg.rf.c8a7b7da90c3a7f70a2e39b8ca47e4fd_0014.jpg,1
1359_jpg.rf.6bb7d484d2aa6c486b81a4b2f321dfb3_0013.jpg,WEED6C_crops/1359_jpg.rf.6bb7d484d2aa6c486b81a4b2f321dfb3_0013.jpg,4
0661_jpg.rf.5285c9743b765f4263c8525f8d3b1245_0004.jpg,WEED6C_crops/0661_jpg.rf.5285c9743b765f4263c8525f8d3b1245_0004.jpg,0
1345_jpg.rf.7dc260eec167fcfaa4312588633931cc_0012.jpg,WEED6C_crops/1345_jpg.rf.7dc260eec167fcfaa4312588633931cc_0012.jpg,4
1369_jpg.rf.b115facc4e1a8ff9927fa196a84b853d_0014.jpg,WEED6C_crops/1369_jpg.rf.b115facc4e1a8ff9927fa196a84b853d_0014.jpg,4
0499_jpg.rf.294a1d78d88b55aaa6021cc26250ccb2_0001.jpg,WEED6C_crops/0499_jpg.rf.294a1d78d88b55aaa6021cc26250ccb2_0001.jpg,3
0899_jpg.rf.32241a2cbcf778f074c5a57b8a37e343_0005.jpg,WEED6C_crops/0899_jpg.rf.32241a2cbcf778f074c5a57b8a37e343_0005.jpg,0
1367_jpg.rf.525537f6569c4903b5b939c2e8220219_0016.jpg,WEED6C_crops/1367_jpg.rf.525537f6569c4903b5b939c2e8220219_0016.jpg,4
0319_jpg.rf.18ca6145a45f1f98c4772e9c0f98e355_0008.jpg,WEED6C_crops/0319_jpg.rf.18ca6145a45f1f98c4772e9c0f98e355_0008.jpg,3
0828_jpg.rf.637fab27e8dd6e9c9b5e7e11b2c6bb3d_0002.jpg,WEED6C_crops/0828_jpg.rf.637fab27e8dd6e9c9b5e7e11b2c6bb3d_0002.jpg,3
0626_jpg.rf.6d6150daf3b44f43f407f2489237abe1_0005.jpg,WEED6C_crops/0626_jpg.rf.6d6150daf3b44f43f407f2489237abe1_0005.jpg,3
0831_jpg.rf.d9b5396051735be26e9dffc2d88e5a86_0002.jpg,WEED6C_crops/0831_jpg.rf.d9b5396051735be26e9dffc2d88e5a86_0002.jpg,0
0278_jpg.rf.15b2a8c784e81820e90c2403b778d212_0014.jpg,WEED6C_crops/0278_jpg.rf.15b2a8c784e81820e90c2403b778d212_0014.jpg,1
0833_jpg.rf.039a09c9dc3d7844756e0e7031f744f5_0001.jpg,WEED6C_crops/0833_jpg.rf.039a09c9dc3d7844756e0e7031f744f5_0001.jpg,1
0679_jpg.rf.832a91f72f04f7363c002ce214b1b4db_0002.jpg,WEED6C_crops/0679_jpg.rf.832a91f72f04f7363c002ce214b1b4db_0002.jpg,0
0760_jpg.rf.bb845d46c9ce03a0662cef6c34fac95e_0004.jpg,WEED6C_crops/0760_jpg.rf.bb845d46c9ce03a0662cef6c34fac95e_0004.jpg,3
1239_jpg.rf.7b926cf59320e9b12909abef7c8e7aac_0022.jpg,WEED6C_crops/1239_jpg.rf.7b926cf59320e9b12909abef7c8e7aac_0022.jpg,4
1241_jpg.rf.a5be0ca237cc5fdf5c86f10349dafb96_0023.jpg,WEED6C_crops/1241_jpg.rf.a5be0ca237cc5fdf5c86f10349dafb96_0023.jpg,4
0813_jpg.rf.4c8422bf168b1cbc538619ab0ecc2e0e_0001.jpg,WEED6C_crops/0813_jpg.rf.4c8422bf168b1cbc538619ab0ecc2e0e_0001.jpg,3
1369_jpg.rf.b115facc4e1a8ff9927fa196a84b853d_0027.jpg,WEED6C_crops/1369_jpg.rf.b115facc4e1a8ff9927fa196a84b853d_0027.jpg,4
1363_jpg.rf.768baa0bd4528831bffe24eb9aa3b51f_0055.jpg,WEED6C_crops/1363_jpg.rf.768baa0bd4528831bffe24eb9aa3b51f_0055.jpg,4
0442_jpg.rf.d890861024c4e828980c723d47ac7335_0004.jpg,WEED6C_crops/0442_jpg.rf.d890861024c4e828980c723d47ac7335_0004.jpg,1
0544_jpg.rf.3a50666cc8f7ba7070fdafb40ecc9c6b_0009.jpg,WEED6C_crops/0544_jpg.rf.3a50666cc8f7ba7070fdafb40ecc9c6b_0009.jpg,3
0244_jpg.rf.28fd6659d3b4c604e579183607656c76_0007.jpg,WEED6C_crops/0244_jpg.rf.28fd6659d3b4c604e579183607656c76_0007.jpg,0
0897_jpg.rf.60b759f819efec823ebeb6b022128537_0001.jpg,WEED6C_crops/0897_jpg.rf.60b759f819efec823ebeb6b022128537_0001.jpg,3
0908_jpg.rf.2a523ed34012fa10534089f009a94e63_0011.jpg,WEED6C_crops/0908_jpg.rf.2a523ed34012fa10534089f009a94e63_0011.jpg,3
1269_jpg.rf.a7aa44bf37b1acdf893fbf766e513c67_0004.jpg,WEED6C_crops/1269_jpg.rf.a7aa44bf37b1acdf893fbf766e513c67_0004.jpg,4
1227_jpg.rf.eb9e3a2fa93b1867c5cb9f3a1fcf7bdb_0009.jpg,WEED6C_crops/1227_jpg.rf.eb9e3a2fa93b1867c5cb9f3a1fcf7bdb_0009.jpg,4
0198_jpg.rf.a8633b29e881cf380513f2bf6ee10bab_0010.jpg,WEED6C_crops/0198_jpg.rf.a8633b29e881cf380513f2bf6ee10bab_0010.jpg,0
0955_jpg.rf.c842b241ff83d49a176d579cd53e3212_0001.jpg,WEED6C_crops/0955_jpg.rf.c842b241ff83d49a176d579cd53e3212_0001.jpg,3
1268_jpg.rf.f92eaf335716f66b9db465ec842cf1d7_0014.jpg,WEED6C_crops/1268_jpg.rf.f92eaf335716f66b9db465ec842cf1d7_0014.jpg,4
0219_jpg.rf.ff71274c38465d88b0916f73a863ed69_0008.jpg,WEED6C_crops/0219_jpg.rf.ff71274c38465d88b0916f73a863ed69_0008.jpg,3
0404_jpg.rf.0ccc8ee3871c7241f23b72d5233413ca_0002.jpg,WEED6C_crops/0404_jpg.rf.0ccc8ee3871c7241f23b72d5233413ca_0002.jpg,3
1356_jpg.rf.2f9a9ccab7035b4c81a5ca992e4a9838_0019.jpg,WEED6C_crops/1356_jpg.rf.2f9a9ccab7035b4c81a5ca992e4a9838_0019.jpg,4
0408_jpg.rf.eb0a87d7fc4cc171c085075e30fbdaf9_0006.jpg,WEED6C_crops/0408_jpg.rf.eb0a87d7fc4cc171c085075e30fbdaf9_0006.jpg,3
1347_jpg.rf.17fbaa4fc4797a75ba82422831c223dc_0003.jpg,WEED6C_crops/1347_jpg.rf.17fbaa4fc4797a75ba82422831c223dc_0003.jpg,4
1383_jpg.rf.774d8f8762ff9dbe26c5db3a3e211276_0005.jpg,WEED6C_crops/1383_jpg.rf.774d8f8762ff9dbe26c5db3a3e211276_0005.jpg,4
0267_jpg.rf.188ea6711170d685e1fc95c1e914b515_0001.jpg,WEED6C_crops/0267_jpg.rf.188ea6711170d685e1fc95c1e914b515_0001.jpg,0
1176_jpg.rf.c144e7bd90c29932205eae230c7c2ba9_0001.jpg,WEED6C_crops/1176_jpg.rf.c144e7bd90c29932205eae230c7c2ba9_0001.jpg,2
0882_jpg.rf.7d2c497fe43cc926602ca22ef35e0094_0003.jpg,WEED6C_crops/0882_jpg.rf.7d2c497fe43cc926602ca22ef35e0094_0003.jpg,3
0498_jpg.rf.47b63b784bf6554926dec400a457595c_0001.jpg,WEED6C_crops/0498_jpg.rf.47b63b784bf6554926dec400a457595c_0001.jpg,3
1275_jpg.rf.65866643a6cd0f4dcd05a33f2a923468_0001.jpg,WEED6C_crops/1275_jpg.rf.65866643a6cd0f4dcd05a33f2a923468_0001.jpg,4
1088_jpg.rf.c4380da32591d93aa85609c4d7f2b703_0002.jpg,WEED6C_crops/1088_jpg.rf.c4380da32591d93aa85609c4d7f2b703_0002.jpg,2
1258_jpg.rf.4422e5834e7ddb6b6e4db7c026227ffc_0004.jpg,WEED6C_crops/1258_jpg.rf.4422e5834e7ddb6b6e4db7c026227ffc_0004.jpg,4
0000_jpg.rf.26d2a0a638c3669bca7dd01788f458df_0021.jpg,WEED6C_crops/0000_jpg.rf.26d2a0a638c3669bca7dd01788f458df_0021.jpg,5
1291_jpg.rf.4b6c3745afe80d02cad886422d29091f_0011.jpg,WEED6C_crops/1291_jpg.rf.4b6c3745afe80d02cad886422d29091f_0011.jpg,4
0384_jpg.rf.6acfb46a0fc754eb5ccb4cf099031690_0008.jpg,WEED6C_crops/0384_jpg.rf.6acfb46a0fc754eb5ccb4cf099031690_0008.jpg,0
0283_jpg.rf.f3d09170767f659721e1a02d06422fcc_0012.jpg,WEED6C_crops/0283_jpg.rf.f3d09170767f659721e1a02d06422fcc_0012.jpg,0
0244_jpg.rf.28fd6659d3b4c604e579183607656c76_0003.jpg,WEED6C_crops/0244_jpg.rf.28fd6659d3b4c604e579183607656c76_0003.jpg,0
0695_jpg.rf.684635c2bfda40c84b4134853b981c95_0004.jpg,WEED6C_crops/0695_jpg.rf.684635c2bfda40c84b4134853b981c95_0004.jpg,3
0883_jpg.rf.b2b472b2a25e0df170897c31b3a60aee_0006.jpg,WEED6C_crops/0883_jpg.rf.b2b472b2a25e0df170897c31b3a60aee_0006.jpg,3
0344_jpg.rf.4a97765e72c07da85f2aa8141afbc4d4_0010.jpg,WEED6C_crops/0344_jpg.rf.4a97765e72c07da85f2aa8141afbc4d4_0010.jpg,0
0175_jpg.rf.07f1c4a10b9f8edabff4f4bb2583178b_0003.jpg,WEED6C_crops/0175_jpg.rf.07f1c4a10b9f8edabff4f4bb2583178b_0003.jpg,0
1249_jpg.rf.e1efe2270f002b51f4715161251b6365_0018.jpg,WEED6C_crops/1249_jpg.rf.e1efe2270f002b51f4715161251b6365_0018.jpg,4
1367_jpg.rf.525537f6569c4903b5b939c2e8220219_0006.jpg,WEED6C_crops/1367_jpg.rf.525537f6569c4903b5b939c2e8220219_0006.jpg,4
0323_jpg.rf.ee66aec59212ce1d687736973598e699_0004.jpg,WEED6C_crops/0323_jpg.rf.ee66aec59212ce1d687736973598e699_0004.jpg,3
1304_jpg.rf.bdabd9792ab23d3924d6e3d26f3aec06_0037.jpg,WEED6C_crops/1304_jpg.rf.bdabd9792ab23d3924d6e3d26f3aec06_0037.jpg,4
1264_jpg.rf.9dcfa7b826804ef4063b1ac764b21e8c_0023.jpg,WEED6C_crops/1264_jpg.rf.9dcfa7b826804ef4063b1ac764b21e8c_0023.jpg,4
0700_jpg.rf.be093e85eaed1b19b7bd2b42aab4ced6_0003.jpg,WEED6C_crops/0700_jpg.rf.be093e85eaed1b19b7bd2b42aab4ced6_0003.jpg,3
0815_jpg.rf.9e2540c5fc3243df29a5908ad1888381_0002.jpg,WEED6C_crops/0815_jpg.rf.9e2540c5fc3243df29a5908ad1888381_0002.jpg,2
0217_jpg.rf.80011db71fac27bd6347c1d19f6599ae_0006.jpg,WEED6C_crops/0217_jpg.rf.80011db71fac27bd6347c1d19f6599ae_0006.jpg,0
0757_jpg.rf.1a0d24709e8758ce4fc07ca47744451e_0003.jpg,WEED6C_crops/0757_jpg.rf.1a0d24709e8758ce4fc07ca47744451e_0003.jpg,3
0151_jpg.rf.f8c8d149624385257b829e60a243f878_0003.jpg,WEED6C_crops/0151_jpg.rf.f8c8d149624385257b829e60a243f878_0003.jpg,5
1246_jpg.rf.bb73f1b0a3c930a95692d508c903625a_0011.jpg,WEED6C_crops/1246_jpg.rf.bb73f1b0a3c930a95692d508c903625a_0011.jpg,4
1267_jpg.rf.7a81427b8cf51c46e081b7723f1e15ac_0029.jpg,WEED6C_crops/1267_jpg.rf.7a81427b8cf51c46e081b7723f1e15ac_0029.jpg,4
0576_jpg.rf.20d97322e246d5bbd7dc99fd1ed0c7d7_0004.jpg,WEED6C_crops/0576_jpg.rf.20d97322e246d5bbd7dc99fd1ed0c7d7_0004.jpg,3
1150_jpg.rf.d352d48347b1efa6785af1d35fa76e33_0001.jpg,WEED6C_crops/1150_jpg.rf.d352d48347b1efa6785af1d35fa76e33_0001.jpg,1
0335_jpg.rf.7827909047b000b9fd95e3c3cb87b375_0015.jpg,WEED6C_crops/0335_jpg.rf.7827909047b000b9fd95e3c3cb87b375_0015.jpg,0
0837_jpg.rf.8735d328e944f506f933e1e7704cceb0_0001.jpg,WEED6C_crops/0837_jpg.rf.8735d328e944f506f933e1e7704cceb0_0001.jpg,1
1327_jpg.rf.dc77e825fdfc1e35e9bdd4129d3202c9_0007.jpg,WEED6C_crops/1327_jpg.rf.dc77e825fdfc1e35e9bdd4129d3202c9_0007.jpg,4
1338_jpg.rf.321121b7a3efd0ac1c8aa7d0cbb33902_0020.jpg,WEED6C_crops/1338_jpg.rf.321121b7a3efd0ac1c8aa7d0cbb33902_0020.jpg,4
0262_jpg.rf.f1ff50f357ac413bcfba75ad3619d77d_0006.jpg,WEED6C_crops/0262_jpg.rf.f1ff50f357ac413bcfba75ad3619d77d_0006.jpg,0
1364_jpg.rf.83d1b91ffdd68ab08b0f5031bb41761b_0048.jpg,WEED6C_crops/1364_jpg.rf.83d1b91ffdd68ab08b0f5031bb41761b_0048.jpg,4
0712_jpg.rf.ad47488937bd77230998ec49129dbc02_0001.jpg,WEED6C_crops/0712_jpg.rf.ad47488937bd77230998ec49129dbc02_0001.jpg,0
0904_jpg.rf.c10898629ee769229ff22e4c2c0f3a8a_0005.jpg,WEED6C_crops/0904_jpg.rf.c10898629ee769229ff22e4c2c0f3a8a_0005.jpg,2
1265_jpg.rf.459c2e1e9909ee52948bcfdb891d5d39_0012.jpg,WEED6C_crops/1265_jpg.rf.459c2e1e9909ee52948bcfdb891d5d39_0012.jpg,4
1270_jpg.rf.c34b854accd8ec862089128de29e245c_0005.jpg,WEED6C_crops/1270_jpg.rf.c34b854accd8ec862089128de29e245c_0005.jpg,4
1320_jpg.rf.6cd9a341d74c0a49c59e29b05bd7bd44_0003.jpg,WEED6C_crops/1320_jpg.rf.6cd9a341d74c0a49c59e29b05bd7bd44_0003.jpg,4
0043_jpg.rf.63b0edf7b0a8d7edeaeab7debc6d81c9_0002.jpg,WEED6C_crops/0043_jpg.rf.63b0edf7b0a8d7edeaeab7debc6d81c9_0002.jpg,5
0800_jpg.rf.6e91f21dfd2496b363b816fb2e3a2895_0001.jpg,WEED6C_crops/0800_jpg.rf.6e91f21dfd2496b363b816fb2e3a2895_0001.jpg,1
0192_jpg.rf.5707f8960952cb8f9c9854e01beb4564_0004.jpg,WEED6C_crops/0192_jpg.rf.5707f8960952cb8f9c9854e01beb4564_0004.jpg,3
0283_jpg.rf.f3d09170767f659721e1a02d06422fcc_0014.jpg,WEED6C_crops/0283_jpg.rf.f3d09170767f659721e1a02d06422fcc_0014.jpg,3
1352_jpg.rf.d33033b314f56f27d9a35d5dde8f7509_0021.jpg,WEED6C_crops/1352_jpg.rf.d33033b314f56f27d9a35d5dde8f7509_0021.jpg,4
1268_jpg.rf.f92eaf335716f66b9db465ec842cf1d7_0033.jpg,WEED6C_crops/1268_jpg.rf.f92eaf335716f66b9db465ec842cf1d7_0033.jpg,4
1307_jpg.rf.33599e09e24700c862edbff3b301109d_0004.jpg,WEED6C_crops/1307_jpg.rf.33599e09e24700c862edbff3b301109d_0004.jpg,4
0411_jpg.rf.0e296e990a9f6ae6b3ef852a79409a6d_0002.jpg,WEED6C_crops/0411_jpg.rf.0e296e990a9f6ae6b3ef852a79409a6d_0002.jpg,3
0243_jpg.rf.e88cca6b42f0ffe81f64a33e459ea766_0005.jpg,WEED6C_crops/0243_jpg.rf.e88cca6b42f0ffe81f64a33e459ea766_0005.jpg,2
1327_jpg.rf.dc77e825fdfc1e35e9bdd4129d3202c9_0013.jpg,WEED6C_crops/1327_jpg.rf.dc77e825fdfc1e35e9bdd4129d3202c9_0013.jpg,4
1229_jpg.rf.f39c48606a011efde3d20b5d68fa1f43_0036.jpg,WEED6C_crops/1229_jpg.rf.f39c48606a011efde3d20b5d68fa1f43_0036.jpg,0
0891_jpg.rf.b37d326d10d2971adb95e49e3dc25237_0005.jpg,WEED6C_crops/0891_jpg.rf.b37d326d10d2971adb95e49e3dc25237_0005.jpg,3
0621_jpg.rf.7c8da55afcf9a3a13502a024641c7538_0004.jpg,WEED6C_crops/0621_jpg.rf.7c8da55afcf9a3a13502a024641c7538_0004.jpg,3
0339_jpg.rf.673f57115e3d4162b9ad88bef6bf66af_0001.jpg,WEED6C_crops/0339_jpg.rf.673f57115e3d4162b9ad88bef6bf66af_0001.jpg,1
0860_jpg.rf.b9a00e0564f40304e943940872cb914f_0006.jpg,WEED6C_crops/0860_jpg.rf.b9a00e0564f40304e943940872cb914f_0006.jpg,0
1070_jpg.rf.ef835aeb2659cf3723eb693a5a6ca027_0001.jpg,WEED6C_crops/1070_jpg.rf.ef835aeb2659cf3723eb693a5a6ca027_0001.jpg,3
0484_jpg.rf.2f0048664be86181211730fa7692d0f2_0003.jpg,WEED6C_crops/0484_jpg.rf.2f0048664be86181211730fa7692d0f2_0003.jpg,3
0087_jpg.rf.98b754e2506145db8c97a71bda07728d_0001.jpg,WEED6C_crops/0087_jpg.rf.98b754e2506145db8c97a71bda07728d_0001.jpg,5
1322_jpg.rf.d698f80458631bfa684e6b56f2bb9a26_0005.jpg,WEED6C_crops/1322_jpg.rf.d698f80458631bfa684e6b56f2bb9a26_0005.jpg,4
0455_jpg.rf.53d7fdc35b74965db1e8d090db346740_0003.jpg,WEED6C_crops/0455_jpg.rf.53d7fdc35b74965db1e8d090db346740_0003.jpg,1
1272_jpg.rf.1363494df0282fc834a2393d4cb99124_0001.jpg,WEED6C_crops/1272_jpg.rf.1363494df0282fc834a2393d4cb99124_0001.jpg,4
0455_jpg.rf.53d7fdc35b74965db1e8d090db346740_0006.jpg,WEED6C_crops/0455_jpg.rf.53d7fdc35b74965db1e8d090db346740_0006.jpg,1
1274_jpg.rf.c49661fafad31d4021277dbf9da35bc4_0002.jpg,WEED6C_crops/1274_jpg.rf.c49661fafad31d4021277dbf9da35bc4_0002.jpg,4
0634_jpg.rf.2fa505c10ef416a4d9754ea517166e47_0007.jpg,WEED6C_crops/0634_jpg.rf.2fa505c10ef416a4d9754ea517166e47_0007.jpg,3
0138_jpg.rf.6b8cac6f43a224131183501409b2d137_0001.jpg,WEED6C_crops/0138_jpg.rf.6b8cac6f43a224131183501409b2d137_0001.jpg,5
0841_jpg.rf.9b192c44368ad3e5cc330b50324fbeca_0005.jpg,WEED6C_crops/0841_jpg.rf.9b192c44368ad3e5cc330b50324fbeca_0005.jpg,3
1369_jpg.rf.b115facc4e1a8ff9927fa196a84b853d_0019.jpg,WEED6C_crops/1369_jpg.rf.b115facc4e1a8ff9927fa196a84b853d_0019.jpg,4
0608_jpg.rf.ce8ab767ce29ae0b79477d7e2582026e_0004.jpg,WEED6C_crops/0608_jpg.rf.ce8ab767ce29ae0b79477d7e2582026e_0004.jpg,3
0222_jpg.rf.8329be7c80a819178b5c8e1e6fb6d73c_0005.jpg,WEED6C_crops/0222_jpg.rf.8329be7c80a819178b5c8e1e6fb6d73c_0005.jpg,0
0482_jpg.rf.f74493ea2e162793224473f9ea72fd13_0004.jpg,WEED6C_crops/0482_jpg.rf.f74493ea2e162793224473f9ea72fd13_0004.jpg,3
0988_jpg.rf.3384ed76b8bc5f9306e337b0d1082cae_0002.jpg,WEED6C_crops/0988_jpg.rf.3384ed76b8bc5f9306e337b0d1082cae_0002.jpg,0
1158_jpg.rf.5c2d485f54eae120e5e05dbccd37a009_0001.jpg,WEED6C_crops/1158_jpg.rf.5c2d485f54eae120e5e05dbccd37a009_0001.jpg,2
0764_jpg.rf.0d6f4d62d4d805eb4b14e01d32c1b150_0004.jpg,WEED6C_crops/0764_jpg.rf.0d6f4d62d4d805eb4b14e01d32c1b150_0004.jpg,3
0317_jpg.rf.05694a5508a3d9bf052e6632fe5332ce_0001.jpg,WEED6C_crops/0317_jpg.rf.05694a5508a3d9bf052e6632fe5332ce_0001.jpg,3
1368_jpg.rf.25dc57e029d777ff1571d3d84d22c763_0015.jpg,WEED6C_crops/1368_jpg.rf.25dc57e029d777ff1571d3d84d22c763_0015.jpg,4
0896_jpg.rf.0bda0ed76fce664d070b9f933f42f694_0003.jpg,WEED6C_crops/0896_jpg.rf.0bda0ed76fce664d070b9f933f42f694_0003.jpg,3
0272_jpg.rf.5a9e2d55fbac5b624c22a75911b0f5de_0011.jpg,WEED6C_crops/0272_jpg.rf.5a9e2d55fbac5b624c22a75911b0f5de_0011.jpg,3
0205_jpg.rf.aca53235089757689a788053367dc216_0003.jpg,WEED6C_crops/0205_jpg.rf.aca53235089757689a788053367dc216_0003.jpg,3
0465_jpg.rf.adec883a19b668346f86f782cebf16cc_0001.jpg,WEED6C_crops/0465_jpg.rf.adec883a19b668346f86f782cebf16cc_0001.jpg,3
1310_jpg.rf.317ac2cca5f24479b0098bf7fbab9ceb_0017.jpg,WEED6C_crops/1310_jpg.rf.317ac2cca5f24479b0098bf7fbab9ceb_0017.jpg,4
1275_jpg.rf.65866643a6cd0f4dcd05a33f2a923468_0013.jpg,WEED6C_crops/1275_jpg.rf.65866643a6cd0f4dcd05a33f2a923468_0013.jpg,4
0809_jpg.rf.116a9dfd7cefe4aa7aa030aac2a4aa11_0002.jpg,WEED6C_crops/0809_jpg.rf.116a9dfd7cefe4aa7aa030aac2a4aa11_0002.jpg,3
0234_jpg.rf.eb6293371223899e0546971529db26c4_0005.jpg,WEED6C_crops/0234_jpg.rf.eb6293371223899e0546971529db26c4_0005.jpg,1
0281_jpg.rf.525275ec8f77a3e6f1a0adab97e761ed_0003.jpg,WEED6C_crops/0281_jpg.rf.525275ec8f77a3e6f1a0adab97e761ed_0003.jpg,3
0683_jpg.rf.b3f634a520ce0744e863c1ea1e8a1eab_0001.jpg,WEED6C_crops/0683_jpg.rf.b3f634a520ce0744e863c1ea1e8a1eab_0001.jpg,3
0611_jpg.rf.a43d01bb92f935d75bbf7a0cedc183e2_0002.jpg,WEED6C_crops/0611_jpg.rf.a43d01bb92f935d75bbf7a0cedc183e2_0002.jpg,3
0544_jpg.rf.3a50666cc8f7ba7070fdafb40ecc9c6b_0008.jpg,WEED6C_crops/0544_jpg.rf.3a50666cc8f7ba7070fdafb40ecc9c6b_0008.jpg,3
0196_jpg.rf.085a28c95bd83d706b4da167e039e140_0013.jpg,WEED6C_crops/0196_jpg.rf.085a28c95bd83d706b4da167e039e140_0013.jpg,0
0287_jpg.rf.6023533532f1cf82cf88a4b6e078d995_0011.jpg,WEED6C_crops/0287_jpg.rf.6023533532f1cf82cf88a4b6e078d995_0011.jpg,0
0413_jpg.rf.6d129dcc94d8a4f3da6852f35e8d468d_0003.jpg,WEED6C_crops/0413_jpg.rf.6d129dcc94d8a4f3da6852f35e8d468d_0003.jpg,0
1372_jpg.rf.ef878d09b7d0fbf710c9467e4f1063c1_0006.jpg,WEED6C_crops/1372_jpg.rf.ef878d09b7d0fbf710c9467e4f1063c1_0006.jpg,4
1370_jpg.rf.81f386000a766bd098e73e127fb823ea_0019.jpg,WEED6C_crops/1370_jpg.rf.81f386000a766bd098e73e127fb823ea_0019.jpg,4
0382_jpg.rf.aac39ca648c83b6f8c22e4446970b6ba_0002.jpg,WEED6C_crops/0382_jpg.rf.aac39ca648c83b6f8c22e4446970b6ba_0002.jpg,2
1239_jpg.rf.7b926cf59320e9b12909abef7c8e7aac_0034.jpg,WEED6C_crops/1239_jpg.rf.7b926cf59320e9b12909abef7c8e7aac_0034.jpg,4
1235_jpg.rf.8f167c07ecb86590be8dd4ab7f58be2c_0004.jpg,WEED6C_crops/1235_jpg.rf.8f167c07ecb86590be8dd4ab7f58be2c_0004.jpg,4
1284_jpg.rf.530cf6dda4cd89ed1fed8a114b2efaa9_0005.jpg,WEED6C_crops/1284_jpg.rf.530cf6dda4cd89ed1fed8a114b2efaa9_0005.jpg,4
0143_jpg.rf.63a1d30ee187c58f4d778a5f57ad4c9a_0006.jpg,WEED6C_crops/0143_jpg.rf.63a1d30ee187c58f4d778a5f57ad4c9a_0006.jpg,5
0825_jpg.rf.a455d0a7c34b18c59ee38c90d66b006a_0005.jpg,WEED6C_crops/0825_jpg.rf.a455d0a7c34b18c59ee38c90d66b006a_0005.jpg,1
1333_jpg.rf.a19f6afe3aac474ca3a8aaed87785a6d_0001.jpg,WEED6C_crops/1333_jpg.rf.a19f6afe3aac474ca3a8aaed87785a6d_0001.jpg,4
1228_jpg.rf.3a6e1d55fd194952bef3ad055644cc66_0020.jpg,WEED6C_crops/1228_jpg.rf.3a6e1d55fd194952bef3ad055644cc66_0020.jpg,1
0909_jpg.rf.fa5a514336d1a6736ec93fd0c76680e4_0001.jpg,WEED6C_crops/0909_jpg.rf.fa5a514336d1a6736ec93fd0c76680e4_0001.jpg,3
0664_jpg.rf.00461e3590af7784f8c9954f150fccbc_0001.jpg,WEED6C_crops/0664_jpg.rf.00461e3590af7784f8c9954f150fccbc_0001.jpg,3
0978_jpg.rf.acd0ec45c6138dd8bae5841aca635ae4_0003.jpg,WEED6C_crops/0978_jpg.rf.acd0ec45c6138dd8bae5841aca635ae4_0003.jpg,3
0190_jpg.rf.36b9a58512db0830eb89ef98442f99b4_0001.jpg,WEED6C_crops/0190_jpg.rf.36b9a58512db0830eb89ef98442f99b4_0001.jpg,1
1234_jpg.rf.a93944a842f95553d9a3a60eca1434ff_0003.jpg,WEED6C_crops/1234_jpg.rf.a93944a842f95553d9a3a60eca1434ff_0003.jpg,4
0245_jpg.rf.29080c9d2defe1467a5aa0917b58eee4_0013.jpg,WEED6C_crops/0245_jpg.rf.29080c9d2defe1467a5aa0917b58eee4_0013.jpg,0
0947_jpg.rf.3267d7b1b106f762be4abe3e5fd79a0e_0004.jpg,WEED6C_crops/0947_jpg.rf.3267d7b1b106f762be4abe3e5fd79a0e_0004.jpg,3
1214_jpg.rf.e7779a65d37f4b234e3f79abef044088_0001.jpg,WEED6C_crops/1214_jpg.rf.e7779a65d37f4b234e3f79abef044088_0001.jpg,2
0718_jpg.rf.cb8e14010a325374493c6881d81183ee_0002.jpg,WEED6C_crops/0718_jpg.rf.cb8e14010a325374493c6881d81183ee_0002.jpg,3
0706_jpg.rf.4194c5fa73108322c2b03134bbb91741_0002.jpg,WEED6C_crops/0706_jpg.rf.4194c5fa73108322c2b03134bbb91741_0002.jpg,1
0714_jpg.rf.5465813133b6263166f177343a517bc1_0004.jpg,WEED6C_crops/0714_jpg.rf.5465813133b6263166f177343a517bc1_0004.jpg,3
0511_jpg.rf.1e91498a93a29569b63edec9b7d74c6c_0002.jpg,WEED6C_crops/0511_jpg.rf.1e91498a93a29569b63edec9b7d74c6c_0002.jpg,1
1363_jpg.rf.768baa0bd4528831bffe24eb9aa3b51f_0047.jpg,WEED6C_crops/1363_jpg.rf.768baa0bd4528831bffe24eb9aa3b51f_0047.jpg,4
0295_jpg.rf.0cb1bae9f44332d2bc55ceb2715f71ea_0001.jpg,WEED6C_crops/0295_jpg.rf.0cb1bae9f44332d2bc55ceb2715f71ea_0001.jpg,1
1258_jpg.rf.4422e5834e7ddb6b6e4db7c026227ffc_0014.jpg,WEED6C_crops/1258_jpg.rf.4422e5834e7ddb6b6e4db7c026227ffc_0014.jpg,4
0377_jpg.rf.7a0d16d06b5f0c9e133427890429da14_0011.jpg,WEED6C_crops/0377_jpg.rf.7a0d16d06b5f0c9e133427890429da14_0011.jpg,0
0134_jpg.rf.ff0e18ac49c9c2a581bebd50c307855b_0001.jpg,WEED6C_crops/0134_jpg.rf.ff0e18ac49c9c2a581bebd50c307855b_0001.jpg,5
0282_jpg.rf.903c6855cfaa6190be3ecefb5d6c9bc1_0012.jpg,WEED6C_crops/0282_jpg.rf.903c6855cfaa6190be3ecefb5d6c9bc1_0012.jpg,2
1368_jpg.rf.25dc57e029d777ff1571d3d84d22c763_0023.jpg,WEED6C_crops/1368_jpg.rf.25dc57e029d777ff1571d3d84d22c763_0023.jpg,4
1030_jpg.rf.7ad838e3c7f8a781807988fe04d50b7e_0002.jpg,WEED6C_crops/1030_jpg.rf.7ad838e3c7f8a781807988fe04d50b7e_0002.jpg,0
0189_jpg.rf.a61056290145d63e34d85d78328bce35_0004.jpg,WEED6C_crops/0189_jpg.rf.a61056290145d63e34d85d78328bce35_0004.jpg,1
0122_jpg.rf.fefeef1ae339c36c42d0332caf14eae6_0014.jpg,WEED6C_crops/0122_jpg.rf.fefeef1ae339c36c42d0332caf14eae6_0014.jpg,4
1268_jpg.rf.f92eaf335716f66b9db465ec842cf1d7_0026.jpg,WEED6C_crops/1268_jpg.rf.f92eaf335716f66b9db465ec842cf1d7_0026.jpg,4
1301_jpg.rf.700f354f56f641db0462a520325ba29b_0015.jpg,WEED6C_crops/1301_jpg.rf.700f354f56f641db0462a520325ba29b_0015.jpg,4
0407_jpg.rf.93d5caf72d57a349482cf4f2656226a3_0001.jpg,WEED6C_crops/0407_jpg.rf.93d5caf72d57a349482cf4f2656226a3_0001.jpg,3
0250_jpg.rf.e559f94b7828a97a430fbceb3e22a674_0002.jpg,WEED6C_crops/0250_jpg.rf.e559f94b7828a97a430fbceb3e22a674_0002.jpg,1
1365_jpg.rf.d745a616307c062e3f3851230aee2c41_0008.jpg,WEED6C_crops/1365_jpg.rf.d745a616307c062e3f3851230aee2c41_0008.jpg,4
1166_jpg.rf.7d7ee18e97b92c6f70351dd80cc86221_0003.jpg,WEED6C_crops/1166_jpg.rf.7d7ee18e97b92c6f70351dd80cc86221_0003.jpg,2
1358_jpg.rf.596bf1c7fe66e55cef5de750deba63b9_0024.jpg,WEED6C_crops/1358_jpg.rf.596bf1c7fe66e55cef5de750deba63b9_0024.jpg,4
0857_jpg.rf.d6073bbc93ff88483d928950296cf5c3_0009.jpg,WEED6C_crops/0857_jpg.rf.d6073bbc93ff88483d928950296cf5c3_0009.jpg,1
0736_jpg.rf.95c45c1040d854f1f43f74ce83333364_0006.jpg,WEED6C_crops/0736_jpg.rf.95c45c1040d854f1f43f74ce83333364_0006.jpg,3
1372_jpg.rf.ef878d09b7d0fbf710c9467e4f1063c1_0020.jpg,WEED6C_crops/1372_jpg.rf.ef878d09b7d0fbf710c9467e4f1063c1_0020.jpg,4
1379_jpg.rf.51eb6739e53299f2ac6115b3c694bde0_0004.jpg,WEED6C_crops/1379_jpg.rf.51eb6739e53299f2ac6115b3c694bde0_0004.jpg,4
1291_jpg.rf.4b6c3745afe80d02cad886422d29091f_0013.jpg,WEED6C_crops/1291_jpg.rf.4b6c3745afe80d02cad886422d29091f_0013.jpg,4
1384_jpg.rf.afcd8b0134972419b998849c6733c7a3_0006.jpg,WEED6C_crops/1384_jpg.rf.afcd8b0134972419b998849c6733c7a3_0006.jpg,0
0385_jpg.rf.0cedb900ae3c9a125bf2aba2c65e6856_0011.jpg,WEED6C_crops/0385_jpg.rf.0cedb900ae3c9a125bf2aba2c65e6856_0011.jpg,1
0536_jpg.rf.9fb4c14ac14f22322d32d9d34b90301d_0001.jpg,WEED6C_crops/0536_jpg.rf.9fb4c14ac14f22322d32d9d34b90301d_0001.jpg,1
0004_jpg.rf.0a2a04b7ef88cb4fbe1a2aaa2bc1698c_0004.jpg,WEED6C_crops/0004_jpg.rf.0a2a04b7ef88cb4fbe1a2aaa2bc1698c_0004.jpg,5
0333_jpg.rf.3fd790fea188da90c09e7774cdf6590c_0011.jpg,WEED6C_crops/0333_jpg.rf.3fd790fea188da90c09e7774cdf6590c_0011.jpg,3
0336_jpg.rf.c36e08c51649b8492e62de070db20184_0015.jpg,WEED6C_crops/0336_jpg.rf.c36e08c51649b8492e62de070db20184_0015.jpg,0
1240_jpg.rf.e1ad20f0f2011d323769409c17d77863_0001.jpg,WEED6C_crops/1240_jpg.rf.e1ad20f0f2011d323769409c17d77863_0001.jpg,1
0326_jpg.rf.039e0109904fa5bfd35e60e44b5ce601_0007.jpg,WEED6C_crops/0326_jpg.rf.039e0109904fa5bfd35e60e44b5ce601_0007.jpg,0
1357_jpg.rf.65ed3ccb047c00c090abcb2750f4d22e_0005.jpg,WEED6C_crops/1357_jpg.rf.65ed3ccb047c00c090abcb2750f4d22e_0005.jpg,4
1382_jpg.rf.c7bb27d718933e160b3c41d3f17e3d83_0007.jpg,WEED6C_crops/1382_jpg.rf.c7bb27d718933e160b3c41d3f17e3d83_0007.jpg,4
0021_jpg.rf.273fd1906969f994b11a15282bc12c37_0003.jpg,WEED6C_crops/0021_jpg.rf.273fd1906969f994b11a15282bc12c37_0003.jpg,5
1364_jpg.rf.83d1b91ffdd68ab08b0f5031bb41761b_0011.jpg,WEED6C_crops/1364_jpg.rf.83d1b91ffdd68ab08b0f5031bb41761b_0011.jpg,4
0485_jpg.rf.cbb0980b24da94eb13b8874bb50d6e7e_0003.jpg,WEED6C_crops/0485_jpg.rf.cbb0980b24da94eb13b8874bb50d6e7e_0003.jpg,3
0339_jpg.rf.673f57115e3d4162b9ad88bef6bf66af_0002.jpg,WEED6C_crops/0339_jpg.rf.673f57115e3d4162b9ad88bef6bf66af_0002.jpg,3
1230_jpg.rf.60caad5b3d36a901c24668ddacd2f112_0014.jpg,WEED6C_crops/1230_jpg.rf.60caad5b3d36a901c24668ddacd2f112_0014.jpg,4
1286_jpg.rf.a2f3cfb47234b710f8934ba54d6eb78d_0008.jpg,WEED6C_crops/1286_jpg.rf.a2f3cfb47234b710f8934ba54d6eb78d_0008.jpg,4
1366_jpg.rf.03f231049801971512990ca20f3424d9_0017.jpg,WEED6C_crops/1366_jpg.rf.03f231049801971512990ca20f3424d9_0017.jpg,4
0520_jpg.rf.c8d1e39cc09d9eb3a181ea9d88f98894_0004.jpg,WEED6C_crops/0520_jpg.rf.c8d1e39cc09d9eb3a181ea9d88f98894_0004.jpg,1
0245_jpg.rf.29080c9d2defe1467a5aa0917b58eee4_0009.jpg,WEED6C_crops/0245_jpg.rf.29080c9d2defe1467a5aa0917b58eee4_0009.jpg,0
0621_jpg.rf.7c8da55afcf9a3a13502a024641c7538_0003.jpg,WEED6C_crops/0621_jpg.rf.7c8da55afcf9a3a13502a024641c7538_0003.jpg,0
0202_jpg.rf.c77af3471a7918b2320b842898212017_0001.jpg,WEED6C_crops/0202_jpg.rf.c77af3471a7918b2320b842898212017_0001.jpg,0
1287_jpg.rf.0bdfb5a514691b4b64c3bd4322c0459b_0008.jpg,WEED6C_crops/1287_jpg.rf.0bdfb5a514691b4b64c3bd4322c0459b_0008.jpg,4
0454_jpg.rf.91e89f3483f511db544e434379a612a1_0003.jpg,WEED6C_crops/0454_jpg.rf.91e89f3483f511db544e434379a612a1_0003.jpg,3
1234_jpg.rf.a93944a842f95553d9a3a60eca1434ff_0016.jpg,WEED6C_crops/1234_jpg.rf.a93944a842f95553d9a3a60eca1434ff_0016.jpg,4
0487_jpg.rf.4204e31b696e7d6e92f90353cdf33caa_0004.jpg,WEED6C_crops/0487_jpg.rf.4204e31b696e7d6e92f90353cdf33caa_0004.jpg,2
0259_jpg.rf.7a26b75204e85af5307ed22a18b88d7c_0007.jpg,WEED6C_crops/0259_jpg.rf.7a26b75204e85af5307ed22a18b88d7c_0007.jpg,1
0776_jpg.rf.7bad67ff955814c0fcbfc86310c22a01_0003.jpg,WEED6C_crops/0776_jpg.rf.7bad67ff955814c0fcbfc86310c22a01_0003.jpg,3
1303_jpg.rf.8f30bd948ef635a90243d4eb022d379b_0039.jpg,WEED6C_crops/1303_jpg.rf.8f30bd948ef635a90243d4eb022d379b_0039.jpg,4
0797_jpg.rf.7e88a7527d04a084e7f83785554298fb_0003.jpg,WEED6C_crops/0797_jpg.rf.7e88a7527d04a084e7f83785554298fb_0003.jpg,2
0242_jpg.rf.52800b665a2b860fd527febaee511016_0014.jpg,WEED6C_crops/0242_jpg.rf.52800b665a2b860fd527febaee511016_0014.jpg,0
1022_jpg.rf.1066ec1ddb4923b9a19f47732f72177c_0002.jpg,WEED6C_crops/1022_jpg.rf.1066ec1ddb4923b9a19f47732f72177c_0002.jpg,0
0842_jpg.rf.ccd14841622dcb7a81b50eac8f42bd70_0004.jpg,WEED6C_crops/0842_jpg.rf.ccd14841622dcb7a81b50eac8f42bd70_0004.jpg,3
1052_jpg.rf.95f4bea90df7aa479be8989ce06c45e2_0001.jpg,WEED6C_crops/1052_jpg.rf.95f4bea90df7aa479be8989ce06c45e2_0001.jpg,0
0196_jpg.rf.085a28c95bd83d706b4da167e039e140_0003.jpg,WEED6C_crops/0196_jpg.rf.085a28c95bd83d706b4da167e039e140_0003.jpg,0
1379_jpg.rf.51eb6739e53299f2ac6115b3c694bde0_0015.jpg,WEED6C_crops/1379_jpg.rf.51eb6739e53299f2ac6115b3c694bde0_0015.jpg,4
1390_jpg.rf.e8c6f5ea5319f14295f5bdf8015410e9_0006.jpg,WEED6C_crops/1390_jpg.rf.e8c6f5ea5319f14295f5bdf8015410e9_0006.jpg,1
0837_jpg.rf.8735d328e944f506f933e1e7704cceb0_0006.jpg,WEED6C_crops/0837_jpg.rf.8735d328e944f506f933e1e7704cceb0_0006.jpg,3
0085_jpg.rf.899d587859a2f54a75195c7523a70472_0018.jpg,WEED6C_crops/0085_jpg.rf.899d587859a2f54a75195c7523a70472_0018.jpg,4
1252_jpg.rf.0460eee5cd6e483e72571dbeb38f50ba_0003.jpg,WEED6C_crops/1252_jpg.rf.0460eee5cd6e483e72571dbeb38f50ba_0003.jpg,1
1373_jpg.rf.3d37ed5825d54fd39547b46ea5c1112c_0026.jpg,WEED6C_crops/1373_jpg.rf.3d37ed5825d54fd39547b46ea5c1112c_0026.jpg,4
1267_jpg.rf.7a81427b8cf51c46e081b7723f1e15ac_0009.jpg,WEED6C_crops/1267_jpg.rf.7a81427b8cf51c46e081b7723f1e15ac_0009.jpg,4
1311_jpg.rf.4a2f9977c5ce6af1d01a777bdced6f04_0015.jpg,WEED6C_crops/1311_jpg.rf.4a2f9977c5ce6af1d01a777bdced6f04_0015.jpg,4
1348_jpg.rf.f5893179f9b6a36ba0042a01452efe78_0009.jpg,WEED6C_crops/1348_jpg.rf.f5893179f9b6a36ba0042a01452efe78_0009.jpg,4
1239_jpg.rf.7b926cf59320e9b12909abef7c8e7aac_0024.jpg,WEED6C_crops/1239_jpg.rf.7b926cf59320e9b12909abef7c8e7aac_0024.jpg,4
1330_jpg.rf.0e123b14e41686abe7d991139dba80f8_0001.jpg,WEED6C_crops/1330_jpg.rf.0e123b14e41686abe7d991139dba80f8_0001.jpg,4
1358_jpg.rf.596bf1c7fe66e55cef5de750deba63b9_0006.jpg,WEED6C_crops/1358_jpg.rf.596bf1c7fe66e55cef5de750deba63b9_0006.jpg,4
1361_jpg.rf.fce9ac7b2b25171d1b0e7ccf4383cf25_0010.jpg,WEED6C_crops/1361_jpg.rf.fce9ac7b2b25171d1b0e7ccf4383cf25_0010.jpg,4
0177_jpg.rf.f53e3bec8594e8dfa72658bf85fbedb8_0004.jpg,WEED6C_crops/0177_jpg.rf.f53e3bec8594e8dfa72658bf85fbedb8_0004.jpg,0
0235_jpg.rf.8301877cf880e3eb429bf9cdfcb3f141_0004.jpg,WEED6C_crops/0235_jpg.rf.8301877cf880e3eb429bf9cdfcb3f141_0004.jpg,3
0225_jpg.rf.693b1cbe81f88b209fc23413639d818e_0005.jpg,WEED6C_crops/0225_jpg.rf.693b1cbe81f88b209fc23413639d818e_0005.jpg,3
0084_jpg.rf.49a24825fcabc006eba2bbcc34575367_0021.jpg,WEED6C_crops/0084_jpg.rf.49a24825fcabc006eba2bbcc34575367_0021.jpg,4
1365_jpg.rf.d745a616307c062e3f3851230aee2c41_0005.jpg,WEED6C_crops/1365_jpg.rf.d745a616307c062e3f3851230aee2c41_0005.jpg,4
1359_jpg.rf.6bb7d484d2aa6c486b81a4b2f321dfb3_0038.jpg,WEED6C_crops/1359_jpg.rf.6bb7d484d2aa6c486b81a4b2f321dfb3_0038.jpg,4
1368_jpg.rf.25dc57e029d777ff1571d3d84d22c763_0021.jpg,WEED6C_crops/1368_jpg.rf.25dc57e029d777ff1571d3d84d22c763_0021.jpg,4
0466_jpg.rf.bca68b39625625a5ddc4c98da51075d0_0002.jpg,WEED6C_crops/0466_jpg.rf.bca68b39625625a5ddc4c98da51075d0_0002.jpg,2
0510_jpg.rf.c858093e043596f9a56df2092b01935e_0003.jpg,WEED6C_crops/0510_jpg.rf.c858093e043596f9a56df2092b01935e_0003.jpg,3
1083_jpg.rf.376f215feb084ffd5a93f28b3b94fef3_0002.jpg,WEED6C_crops/1083_jpg.rf.376f215feb084ffd5a93f28b3b94fef3_0002.jpg,0
0379_jpg.rf.2f6c865f7b6d852961f1e6ecbd141832_0006.jpg,WEED6C_crops/0379_jpg.rf.2f6c865f7b6d852961f1e6ecbd141832_0006.jpg,3
0837_jpg.rf.8735d328e944f506f933e1e7704cceb0_0012.jpg,WEED6C_crops/0837_jpg.rf.8735d328e944f506f933e1e7704cceb0_0012.jpg,3
0834_jpg.rf.541aec5b5bf56ec58ec1abe5ccbeaf7f_0020.jpg,WEED6C_crops/0834_jpg.rf.541aec5b5bf56ec58ec1abe5ccbeaf7f_0020.jpg,0
0079_jpg.rf.bd3d0899dd4a32431aa298454229cee4_0011.jpg,WEED6C_crops/0079_jpg.rf.bd3d0899dd4a32431aa298454229cee4_0011.jpg,5
0003_jpg.rf.5c3bf5847c0d3975b99c41d5c5f926be_0002.jpg,WEED6C_crops/0003_jpg.rf.5c3bf5847c0d3975b99c41d5c5f926be_0002.jpg,5
1315_jpg.rf.0b8085935589ebdedc6aafe2eeb83a84_0002.jpg,WEED6C_crops/1315_jpg.rf.0b8085935589ebdedc6aafe2eeb83a84_0002.jpg,4
0689_jpg.rf.a20a8ef1823a64c367e46dfb862e93a1_0006.jpg,WEED6C_crops/0689_jpg.rf.a20a8ef1823a64c367e46dfb862e93a1_0006.jpg,2
0386_jpg.rf.7200147910cafd7b35d4cc7e21a4f88d_0012.jpg,WEED6C_crops/0386_jpg.rf.7200147910cafd7b35d4cc7e21a4f88d_0012.jpg,3
1361_jpg.rf.fce9ac7b2b25171d1b0e7ccf4383cf25_0002.jpg,WEED6C_crops/1361_jpg.rf.fce9ac7b2b25171d1b0e7ccf4383cf25_0002.jpg,4
0244_jpg.rf.28fd6659d3b4c604e579183607656c76_0010.jpg,WEED6C_crops/0244_jpg.rf.28fd6659d3b4c604e579183607656c76_0010.jpg,0
1373_jpg.rf.3d37ed5825d54fd39547b46ea5c1112c_0027.jpg,WEED6C_crops/1373_jpg.rf.3d37ed5825d54fd39547b46ea5c1112c_0027.jpg,4
1101_jpg.rf.401d44f2d34cf584c838ccf473873e79_0003.jpg,WEED6C_crops/1101_jpg.rf.401d44f2d34cf584c838ccf473873e79_0003.jpg,0
0499_jpg.rf.294a1d78d88b55aaa6021cc26250ccb2_0002.jpg,WEED6C_crops/0499_jpg.rf.294a1d78d88b55aaa6021cc26250ccb2_0002.jpg,1
0231_jpg.rf.6e40f94a34bca0e4b909f046b2c56f1d_0006.jpg,WEED6C_crops/0231_jpg.rf.6e40f94a34bca0e4b909f046b2c56f1d_0006.jpg,2
0919_jpg.rf.4128e3e1a60bf491fba0d117b2e76335_0007.jpg,WEED6C_crops/0919_jpg.rf.4128e3e1a60bf491fba0d117b2e76335_0007.jpg,3
1230_jpg.rf.60caad5b3d36a901c24668ddacd2f112_0025.jpg,WEED6C_crops/1230_jpg.rf.60caad5b3d36a901c24668ddacd2f112_0025.jpg,4
1367_jpg.rf.525537f6569c4903b5b939c2e8220219_0014.jpg,WEED6C_crops/1367_jpg.rf.525537f6569c4903b5b939c2e8220219_0014.jpg,4
0094_jpg.rf.61e97d8a654d322af0b8f5777fd16f41_0007.jpg,WEED6C_crops/0094_jpg.rf.61e97d8a654d322af0b8f5777fd16f41_0007.jpg,5
1162_jpg.rf.17094e01b76dd18ca130d5bb9553fb7d_0002.jpg,WEED6C_crops/1162_jpg.rf.17094e01b76dd18ca130d5bb9553fb7d_0002.jpg,2
0801_jpg.rf.e86c30b6cae6433126a6efffa5966963_0005.jpg,WEED6C_crops/0801_jpg.rf.e86c30b6cae6433126a6efffa5966963_0005.jpg,1
1288_jpg.rf.d40235d2f4f29325219dc65890953ef4_0002.jpg,WEED6C_crops/1288_jpg.rf.d40235d2f4f29325219dc65890953ef4_0002.jpg,1
1287_jpg.rf.0bdfb5a514691b4b64c3bd4322c0459b_0017.jpg,WEED6C_crops/1287_jpg.rf.0bdfb5a514691b4b64c3bd4322c0459b_0017.jpg,4
0856_jpg.rf.55d3bc35cbf75a8f3de29e1c6297a5f2_0002.jpg,WEED6C_crops/0856_jpg.rf.55d3bc35cbf75a8f3de29e1c6297a5f2_0002.jpg,0
0280_jpg.rf.3ce53678ac19500daa9a33c002511d2c_0001.jpg,WEED6C_crops/0280_jpg.rf.3ce53678ac19500daa9a33c002511d2c_0001.jpg,0
1366_jpg.rf.03f231049801971512990ca20f3424d9_0031.jpg,WEED6C_crops/1366_jpg.rf.03f231049801971512990ca20f3424d9_0031.jpg,4
0205_jpg.rf.aca53235089757689a788053367dc216_0004.jpg,WEED6C_crops/0205_jpg.rf.aca53235089757689a788053367dc216_0004.jpg,3
0215_jpg.rf.c91cd0bfac480eb2e0fd9a67d26c34a4_0005.jpg,WEED6C_crops/0215_jpg.rf.c91cd0bfac480eb2e0fd9a67d26c34a4_0005.jpg,0
0658_jpg.rf.dd46cbc5d9028fb893307272050c8f54_0006.jpg,WEED6C_crops/0658_jpg.rf.dd46cbc5d9028fb893307272050c8f54_0006.jpg,3
0526_jpg.rf.d2af319c86f8d0557fd8ae4d28567779_0001.jpg,WEED6C_crops/0526_jpg.rf.d2af319c86f8d0557fd8ae4d28567779_0001.jpg,3
0088_jpg.rf.09a2ba836c6729be6318402f10807791_0001.jpg,WEED6C_crops/0088_jpg.rf.09a2ba836c6729be6318402f10807791_0001.jpg,5
0165_jpg.rf.0928912c7166d8671e8b542782631ad0_0008.jpg,WEED6C_crops/0165_jpg.rf.0928912c7166d8671e8b542782631ad0_0008.jpg,5
0714_jpg.rf.5465813133b6263166f177343a517bc1_0005.jpg,WEED6C_crops/0714_jpg.rf.5465813133b6263166f177343a517bc1_0005.jpg,1
1045_jpg.rf.399ab0480489f8be40653aec3b2e5541_0003.jpg,WEED6C_crops/1045_jpg.rf.399ab0480489f8be40653aec3b2e5541_0003.jpg,0
0333_jpg.rf.3fd790fea188da90c09e7774cdf6590c_0008.jpg,WEED6C_crops/0333_jpg.rf.3fd790fea188da90c09e7774cdf6590c_0008.jpg,1
0536_jpg.rf.9fb4c14ac14f22322d32d9d34b90301d_0003.jpg,WEED6C_crops/0536_jpg.rf.9fb4c14ac14f22322d32d9d34b90301d_0003.jpg,0
0289_jpg.rf.10fdba4055f2346073191abedf5d8ea9_0009.jpg,WEED6C_crops/0289_jpg.rf.10fdba4055f2346073191abedf5d8ea9_0009.jpg,1
1314_jpg.rf.026df1d2420a72903e8aa30534cca72c_0010.jpg,WEED6C_crops/1314_jpg.rf.026df1d2420a72903e8aa30534cca72c_0010.jpg,4
1352_jpg.rf.d33033b314f56f27d9a35d5dde8f7509_0014.jpg,WEED6C_crops/1352_jpg.rf.d33033b314f56f27d9a35d5dde8f7509_0014.jpg,4
0281_jpg.rf.525275ec8f77a3e6f1a0adab97e761ed_0006.jpg,WEED6C_crops/0281_jpg.rf.525275ec8f77a3e6f1a0adab97e761ed_0006.jpg,1
1367_jpg.rf.525537f6569c4903b5b939c2e8220219_0027.jpg,WEED6C_crops/1367_jpg.rf.525537f6569c4903b5b939c2e8220219_0027.jpg,4
0173_jpg.rf.901032045044cccb9c84111daa1710fa_0001.jpg,WEED6C_crops/0173_jpg.rf.901032045044cccb9c84111daa1710fa_0001.jpg,4
0818_jpg.rf.b11a7903eb8f3a4c5a8c8f589c9a253b_0004.jpg,WEED6C_crops/0818_jpg.rf.b11a7903eb8f3a4c5a8c8f589c9a253b_0004.jpg,3
0703_jpg.rf.26fc5ec4daf8daf2cfcefebc9dd59e9b_0002.jpg,WEED6C_crops/0703_jpg.rf.26fc5ec4daf8daf2cfcefebc9dd59e9b_0002.jpg,0
0692_jpg.rf.3e63ffcc62ea44d1a4bd08458b8fa9b8_0001.jpg,WEED6C_crops/0692_jpg.rf.3e63ffcc62ea44d1a4bd08458b8fa9b8_0001.jpg,2
0538_jpg.rf.441c4bbb537ab5ccdf373e8696d1a1c3_0004.jpg,WEED6C_crops/0538_jpg.rf.441c4bbb537ab5ccdf373e8696d1a1c3_0004.jpg,2
0729_jpg.rf.48d6f97e83983e1bd5f84a7c10e20131_0002.jpg,WEED6C_crops/0729_jpg.rf.48d6f97e83983e1bd5f84a7c10e20131_0002.jpg,3
0304_jpg.rf.06a5710a7bbb8edafee7dd15e7de328a_0002.jpg,WEED6C_crops/0304_jpg.rf.06a5710a7bbb8edafee7dd15e7de328a_0002.jpg,3
1252_jpg.rf.0460eee5cd6e483e72571dbeb38f50ba_0024.jpg,WEED6C_crops/1252_jpg.rf.0460eee5cd6e483e72571dbeb38f50ba_0024.jpg,1
1382_jpg.rf.c7bb27d718933e160b3c41d3f17e3d83_0008.jpg,WEED6C_crops/1382_jpg.rf.c7bb27d718933e160b3c41d3f17e3d83_0008.jpg,4
0225_jpg.rf.693b1cbe81f88b209fc23413639d818e_0002.jpg,WEED6C_crops/0225_jpg.rf.693b1cbe81f88b209fc23413639d818e_0002.jpg,0
0775_jpg.rf.ba51b29650c4f2af3725cd55b1a402e9_0002.jpg,WEED6C_crops/0775_jpg.rf.ba51b29650c4f2af3725cd55b1a402e9_0002.jpg,3
1326_jpg.rf.ba5307608bcddc028d4a821d0505dda6_0011.jpg,WEED6C_crops/1326_jpg.rf.ba5307608bcddc028d4a821d0505dda6_0011.jpg,4
1361_jpg.rf.fce9ac7b2b25171d1b0e7ccf4383cf25_0024.jpg,WEED6C_crops/1361_jpg.rf.fce9ac7b2b25171d1b0e7ccf4383cf25_0024.jpg,0
0907_jpg.rf.6a0a542a4ba197b9210001a84e10738b_0013.jpg,WEED6C_crops/0907_jpg.rf.6a0a542a4ba197b9210001a84e10738b_0013.jpg,3
1148_jpg.rf.8450168c02b68531565f922f20f8ea86_0001.jpg,WEED6C_crops/1148_jpg.rf.8450168c02b68531565f922f20f8ea86_0001.jpg,1
1363_jpg.rf.768baa0bd4528831bffe24eb9aa3b51f_0013.jpg,WEED6C_crops/1363_jpg.rf.768baa0bd4528831bffe24eb9aa3b51f_0013.jpg,4
0824_jpg.rf.492e69afab511d54ad7057785c571431_0004.jpg,WEED6C_crops/0824_jpg.rf.492e69afab511d54ad7057785c571431_0004.jpg,1
0642_jpg.rf.be8095b205681a9080f20da3042d4f5f_0001.jpg,WEED6C_crops/0642_jpg.rf.be8095b205681a9080f20da3042d4f5f_0001.jpg,3
1362_jpg.rf.ab5fc04e9f26ec91359122ba4c109436_0050.jpg,WEED6C_crops/1362_jpg.rf.ab5fc04e9f26ec91359122ba4c109436_0050.jpg,4
1375_jpg.rf.b0f1411c79e1b676b013097ecfe9a149_0017.jpg,WEED6C_crops/1375_jpg.rf.b0f1411c79e1b676b013097ecfe9a149_0017.jpg,4
1288_jpg.rf.d40235d2f4f29325219dc65890953ef4_0014.jpg,WEED6C_crops/1288_jpg.rf.d40235d2f4f29325219dc65890953ef4_0014.jpg,4
1380_jpg.rf.c17524f4eb123d41b596e05bb2c20b30_0019.jpg,WEED6C_crops/1380_jpg.rf.c17524f4eb123d41b596e05bb2c20b30_0019.jpg,4
0134_jpg.rf.ff0e18ac49c9c2a581bebd50c307855b_0007.jpg,WEED6C_crops/0134_jpg.rf.ff0e18ac49c9c2a581bebd50c307855b_0007.jpg,5
1235_jpg.rf.8f167c07ecb86590be8dd4ab7f58be2c_0016.jpg,WEED6C_crops/1235_jpg.rf.8f167c07ecb86590be8dd4ab7f58be2c_0016.jpg,4
1228_jpg.rf.3a6e1d55fd194952bef3ad055644cc66_0015.jpg,WEED6C_crops/1228_jpg.rf.3a6e1d55fd194952bef3ad055644cc66_0015.jpg,4
0628_jpg.rf.540eb0da6481e44eaed340f46f8b85e4_0006.jpg,WEED6C_crops/0628_jpg.rf.540eb0da6481e44eaed340f46f8b85e4_0006.jpg,3
0435_jpg.rf.f1dafcbffdb95d9cdf379ef16d59b3bb_0004.jpg,WEED6C_crops/0435_jpg.rf.f1dafcbffdb95d9cdf379ef16d59b3bb_0004.jpg,1
0503_jpg.rf.311006f8676ac0206dd76080bbb9a57c_0001.jpg,WEED6C_crops/0503_jpg.rf.311006f8676ac0206dd76080bbb9a57c_0001.jpg,1
0257_jpg.rf.557c388c2acbfea82eb2bf5b913653db_0001.jpg,WEED6C_crops/0257_jpg.rf.557c388c2acbfea82eb2bf5b913653db_0001.jpg,3
0991_jpg.rf.ccded2f714f8bbcf4e41e639c8048025_0001.jpg,WEED6C_crops/0991_jpg.rf.ccded2f714f8bbcf4e41e639c8048025_0001.jpg,0
1234_jpg.rf.a93944a842f95553d9a3a60eca1434ff_0017.jpg,WEED6C_crops/1234_jpg.rf.a93944a842f95553d9a3a60eca1434ff_0017.jpg,4
1314_jpg.rf.026df1d2420a72903e8aa30534cca72c_0003.jpg,WEED6C_crops/1314_jpg.rf.026df1d2420a72903e8aa30534cca72c_0003.jpg,4
1006_jpg.rf.04513d8dd031528de48d5ab610b87ec9_0002.jpg,WEED6C_crops/1006_jpg.rf.04513d8dd031528de48d5ab610b87ec9_0002.jpg,0
1260_jpg.rf.dec35465983d1118be0a3a6a2f2e04ac_0001.jpg,WEED6C_crops/1260_jpg.rf.dec35465983d1118be0a3a6a2f2e04ac_0001.jpg,4
1342_jpg.rf.5ba11aacf5cc1306e3de9786d203418e_0007.jpg,WEED6C_crops/1342_jpg.rf.5ba11aacf5cc1306e3de9786d203418e_0007.jpg,4
0779_jpg.rf.724c956394e7a6f779fb90ed54cbb9cb_0004.jpg,WEED6C_crops/0779_jpg.rf.724c956394e7a6f779fb90ed54cbb9cb_0004.jpg,3
0669_jpg.rf.a034dffd90ec7795e4cd71fe65a19f3c_0002.jpg,WEED6C_crops/0669_jpg.rf.a034dffd90ec7795e4cd71fe65a19f3c_0002.jpg,3
0585_jpg.rf.625118b83aeb18f3830ce66e719d16b5_0002.jpg,WEED6C_crops/0585_jpg.rf.625118b83aeb18f3830ce66e719d16b5_0002.jpg,3
0335_jpg.rf.7827909047b000b9fd95e3c3cb87b375_0002.jpg,WEED6C_crops/0335_jpg.rf.7827909047b000b9fd95e3c3cb87b375_0002.jpg,2
0765_jpg.rf.768842bccb99507ca930c08251bab3da_0002.jpg,WEED6C_crops/0765_jpg.rf.768842bccb99507ca930c08251bab3da_0002.jpg,2
0832_jpg.rf.cda307f8eef4fb3e30b42f2776592da3_0008.jpg,WEED6C_crops/0832_jpg.rf.cda307f8eef4fb3e30b42f2776592da3_0008.jpg,1
0780_jpg.rf.acbc58d145dc3d8f772f9ede5e311c2c_0009.jpg,WEED6C_crops/0780_jpg.rf.acbc58d145dc3d8f772f9ede5e311c2c_0009.jpg,3
0962_jpg.rf.456c804b67405a0eeb266afea6c11583_0001.jpg,WEED6C_crops/0962_jpg.rf.456c804b67405a0eeb266afea6c11583_0001.jpg,1
1195_jpg.rf.bf9a1f9af326f7f2face151061edb6bf_0001.jpg,WEED6C_crops/1195_jpg.rf.bf9a1f9af326f7f2face151061edb6bf_0001.jpg,2
0486_jpg.rf.19fb2e3d38c83f10f68990165f354cde_0004.jpg,WEED6C_crops/0486_jpg.rf.19fb2e3d38c83f10f68990165f354cde_0004.jpg,3
1316_jpg.rf.b6c39be844d72f310445d2b83d940ac7_0007.jpg,WEED6C_crops/1316_jpg.rf.b6c39be844d72f310445d2b83d940ac7_0007.jpg,4
0085_jpg.rf.899d587859a2f54a75195c7523a70472_0019.jpg,WEED6C_crops/0085_jpg.rf.899d587859a2f54a75195c7523a70472_0019.jpg,4
1347_jpg.rf.17fbaa4fc4797a75ba82422831c223dc_0001.jpg,WEED6C_crops/1347_jpg.rf.17fbaa4fc4797a75ba82422831c223dc_0001.jpg,4
0247_jpg.rf.d21bd69dccb16aa034f3772f997e8486_0002.jpg,WEED6C_crops/0247_jpg.rf.d21bd69dccb16aa034f3772f997e8486_0002.jpg,1
1294_jpg.rf.99a6afbaff3de0db6ad09e909b9845eb_0012.jpg,WEED6C_crops/1294_jpg.rf.99a6afbaff3de0db6ad09e909b9845eb_0012.jpg,4
1374_jpg.rf.6c64883712d67a3ad448ca10c0398308_0028.jpg,WEED6C_crops/1374_jpg.rf.6c64883712d67a3ad448ca10c0398308_0028.jpg,4
0414_jpg.rf.8727b1021acf5209779f225ca2dc7f38_0004.jpg,WEED6C_crops/0414_jpg.rf.8727b1021acf5209779f225ca2dc7f38_0004.jpg,0
1320_jpg.rf.6cd9a341d74c0a49c59e29b05bd7bd44_0009.jpg,WEED6C_crops/1320_jpg.rf.6cd9a341d74c0a49c59e29b05bd7bd44_0009.jpg,4
0925_jpg.rf.6a52b7ae52ed738735743b4f81d0a18c_0005.jpg,WEED6C_crops/0925_jpg.rf.6a52b7ae52ed738735743b4f81d0a18c_0005.jpg,1
0569_jpg.rf.063fbb3cbf19f5fedd740689e1a42436_0004.jpg,WEED6C_crops/0569_jpg.rf.063fbb3cbf19f5fedd740689e1a42436_0004.jpg,3
0485_jpg.rf.cbb0980b24da94eb13b8874bb50d6e7e_0004.jpg,WEED6C_crops/0485_jpg.rf.cbb0980b24da94eb13b8874bb50d6e7e_0004.jpg,0
1266_jpg.rf.b6ff71f2ca53cd0403e63652331b6edb_0018.jpg,WEED6C_crops/1266_jpg.rf.b6ff71f2ca53cd0403e63652331b6edb_0018.jpg,4
1350_jpg.rf.c4e3678c0fb3792d81765cc98b2c9760_0013.jpg,WEED6C_crops/1350_jpg.rf.c4e3678c0fb3792d81765cc98b2c9760_0013.jpg,4
1379_jpg.rf.51eb6739e53299f2ac6115b3c694bde0_0001.jpg,WEED6C_crops/1379_jpg.rf.51eb6739e53299f2ac6115b3c694bde0_0001.jpg,4
0680_jpg.rf.0b3ca6d59e0d503cd573c15b425afd44_0002.jpg,WEED6C_crops/0680_jpg.rf.0b3ca6d59e0d503cd573c15b425afd44_0002.jpg,0
0440_jpg.rf.6ec3d4470f2c17bb32a2d9c38c60e253_0002.jpg,WEED6C_crops/0440_jpg.rf.6ec3d4470f2c17bb32a2d9c38c60e253_0002.jpg,3
0487_jpg.rf.4204e31b696e7d6e92f90353cdf33caa_0003.jpg,WEED6C_crops/0487_jpg.rf.4204e31b696e7d6e92f90353cdf33caa_0003.jpg,3
0970_jpg.rf.6184d646bac6ccf09040b682b9ce2107_0003.jpg,WEED6C_crops/0970_jpg.rf.6184d646bac6ccf09040b682b9ce2107_0003.jpg,1
1375_jpg.rf.b0f1411c79e1b676b013097ecfe9a149_0019.jpg,WEED6C_crops/1375_jpg.rf.b0f1411c79e1b676b013097ecfe9a149_0019.jpg,4
0834_jpg.rf.541aec5b5bf56ec58ec1abe5ccbeaf7f_0018.jpg,WEED6C_crops/0834_jpg.rf.541aec5b5bf56ec58ec1abe5ccbeaf7f_0018.jpg,0
1340_jpg.rf.49f7cdb25f0fa78442f011562a376881_0005.jpg,WEED6C_crops/1340_jpg.rf.49f7cdb25f0fa78442f011562a376881_0005.jpg,4
0632_jpg.rf.9835eced0ca94b3dc06bf15ea115944a_0007.jpg,WEED6C_crops/0632_jpg.rf.9835eced0ca94b3dc06bf15ea115944a_0007.jpg,3
0356_jpg.rf.304e18f543bd7e04bb9b4f750bb7ecda_0003.jpg,WEED6C_crops/0356_jpg.rf.304e18f543bd7e04bb9b4f750bb7ecda_0003.jpg,1
0836_jpg.rf.0dfc1c090a89da80e2493e6185706bf8_0001.jpg,WEED6C_crops/0836_jpg.rf.0dfc1c090a89da80e2493e6185706bf8_0001.jpg,1
1363_jpg.rf.768baa0bd4528831bffe24eb9aa3b51f_0021.jpg,WEED6C_crops/1363_jpg.rf.768baa0bd4528831bffe24eb9aa3b51f_0021.jpg,4
1242_jpg.rf.f09f84f41c4850f864177d3921fcc080_0016.jpg,WEED6C_crops/1242_jpg.rf.f09f84f41c4850f864177d3921fcc080_0016.jpg,4
1315_jpg.rf.0b8085935589ebdedc6aafe2eeb83a84_0009.jpg,WEED6C_crops/1315_jpg.rf.0b8085935589ebdedc6aafe2eeb83a84_0009.jpg,4
0760_jpg.rf.bb845d46c9ce03a0662cef6c34fac95e_0005.jpg,WEED6C_crops/0760_jpg.rf.bb845d46c9ce03a0662cef6c34fac95e_0005.jpg,3
1361_jpg.rf.fce9ac7b2b25171d1b0e7ccf4383cf25_0008.jpg,WEED6C_crops/1361_jpg.rf.fce9ac7b2b25171d1b0e7ccf4383cf25_0008.jpg,4
1226_jpg.rf.ac5a24c13e4e5f3ca4e2414be736fd0c_0002.jpg,WEED6C_crops/1226_jpg.rf.ac5a24c13e4e5f3ca4e2414be736fd0c_0002.jpg,2
0576_jpg.rf.20d97322e246d5bbd7dc99fd1ed0c7d7_0002.jpg,WEED6C_crops/0576_jpg.rf.20d97322e246d5bbd7dc99fd1ed0c7d7_0002.jpg,3
0291_jpg.rf.3df8082d7eda29e01bfbbadf39f3ac2b_0006.jpg,WEED6C_crops/0291_jpg.rf.3df8082d7eda29e01bfbbadf39f3ac2b_0006.jpg,0
0351_jpg.rf.0a701bdb43cd1fc757bc28789adc90f3_0004.jpg,WEED6C_crops/0351_jpg.rf.0a701bdb43cd1fc757bc28789adc90f3_0004.jpg,0
0922_jpg.rf.7441e292280a0889384a7dfd09ad33ee_0008.jpg,WEED6C_crops/0922_jpg.rf.7441e292280a0889384a7dfd09ad33ee_0008.jpg,3
1380_jpg.rf.c17524f4eb123d41b596e05bb2c20b30_0020.jpg,WEED6C_crops/1380_jpg.rf.c17524f4eb123d41b596e05bb2c20b30_0020.jpg,4
1296_jpg.rf.0c437bc165571cd0590e77bf88763adf_0010.jpg,WEED6C_crops/1296_jpg.rf.0c437bc165571cd0590e77bf88763adf_0010.jpg,4
0403_jpg.rf.93bba2e1e12e7542467dfbc17ddabbd7_0003.jpg,WEED6C_crops/0403_jpg.rf.93bba2e1e12e7542467dfbc17ddabbd7_0003.jpg,3
0227_jpg.rf.dc436b0352012e238cc756d52ec09db2_0003.jpg,WEED6C_crops/0227_jpg.rf.dc436b0352012e238cc756d52ec09db2_0003.jpg,3
0723_jpg.rf.96058bffd63fb44ded69e4f9ce4bc653_0005.jpg,WEED6C_crops/0723_jpg.rf.96058bffd63fb44ded69e4f9ce4bc653_0005.jpg,3
0316_jpg.rf.e4ea9ecdfd3c1f4e05c94a39c5daa359_0003.jpg,WEED6C_crops/0316_jpg.rf.e4ea9ecdfd3c1f4e05c94a39c5daa359_0003.jpg,3
0634_jpg.rf.2fa505c10ef416a4d9754ea517166e47_0006.jpg,WEED6C_crops/0634_jpg.rf.2fa505c10ef416a4d9754ea517166e47_0006.jpg,3
0780_jpg.rf.acbc58d145dc3d8f772f9ede5e311c2c_0006.jpg,WEED6C_crops/0780_jpg.rf.acbc58d145dc3d8f772f9ede5e311c2c_0006.jpg,0
1248_jpg.rf.290b7f88a115132b8a4ebfe43b032865_0034.jpg,WEED6C_crops/1248_jpg.rf.290b7f88a115132b8a4ebfe43b032865_0034.jpg,4
0382_jpg.rf.aac39ca648c83b6f8c22e4446970b6ba_0010.jpg,WEED6C_crops/0382_jpg.rf.aac39ca648c83b6f8c22e4446970b6ba_0010.jpg,3
0915_jpg.rf.788edb80f1738dfc2b4f1d40d3ed02a1_0003.jpg,WEED6C_crops/0915_jpg.rf.788edb80f1738dfc2b4f1d40d3ed02a1_0003.jpg,3
1231_jpg.rf.fe1b06fe786224eaf851b6416c2554ae_0021.jpg,WEED6C_crops/1231_jpg.rf.fe1b06fe786224eaf851b6416c2554ae_0021.jpg,4
0420_jpg.rf.c39fe0541840d81770f878ed17029a8e_0001.jpg,WEED6C_crops/0420_jpg.rf.c39fe0541840d81770f878ed17029a8e_0001.jpg,1
0759_jpg.rf.e3aee3cfe21026e2acba6a244e3d97e8_0006.jpg,WEED6C_crops/0759_jpg.rf.e3aee3cfe21026e2acba6a244e3d97e8_0006.jpg,0
1358_jpg.rf.596bf1c7fe66e55cef5de750deba63b9_0008.jpg,WEED6C_crops/1358_jpg.rf.596bf1c7fe66e55cef5de750deba63b9_0008.jpg,4
0051_jpg.rf.0e7fbbe6c2a094ad18a9ac582131d0d5_0004.jpg,WEED6C_crops/0051_jpg.rf.0e7fbbe6c2a094ad18a9ac582131d0d5_0004.jpg,5
0295_jpg.rf.0cb1bae9f44332d2bc55ceb2715f71ea_0006.jpg,WEED6C_crops/0295_jpg.rf.0cb1bae9f44332d2bc55ceb2715f71ea_0006.jpg,2
1361_jpg.rf.fce9ac7b2b25171d1b0e7ccf4383cf25_0027.jpg,WEED6C_crops/1361_jpg.rf.fce9ac7b2b25171d1b0e7ccf4383cf25_0027.jpg,4
0964_jpg.rf.62fb691f331c05daf6ba126713ea23f4_0001.jpg,WEED6C_crops/0964_jpg.rf.62fb691f331c05daf6ba126713ea23f4_0001.jpg,1
0201_jpg.rf.8f0b3f84d9965355a89d1261e8ae3d03_0003.jpg,WEED6C_crops/0201_jpg.rf.8f0b3f84d9965355a89d1261e8ae3d03_0003.jpg,3
1346_jpg.rf.582aaf30178079689aa47dcc4f74a425_0005.jpg,WEED6C_crops/1346_jpg.rf.582aaf30178079689aa47dcc4f74a425_0005.jpg,4
1323_jpg.rf.c872abc56fc3d6cd5a46e2dd7d6ecef2_0004.jpg,WEED6C_crops/1323_jpg.rf.c872abc56fc3d6cd5a46e2dd7d6ecef2_0004.jpg,0
1303_jpg.rf.8f30bd948ef635a90243d4eb022d379b_0024.jpg,WEED6C_crops/1303_jpg.rf.8f30bd948ef635a90243d4eb022d379b_0024.jpg,4
0569_jpg.rf.063fbb3cbf19f5fedd740689e1a42436_0003.jpg,WEED6C_crops/0569_jpg.rf.063fbb3cbf19f5fedd740689e1a42436_0003.jpg,2
1082_jpg.rf.aaf81e2eebc44b1f4b0b7bef579f86e6_0002.jpg,WEED6C_crops/1082_jpg.rf.aaf81e2eebc44b1f4b0b7bef579f86e6_0002.jpg,1
1369_jpg.rf.b115facc4e1a8ff9927fa196a84b853d_0037.jpg,WEED6C_crops/1369_jpg.rf.b115facc4e1a8ff9927fa196a84b853d_0037.jpg,4
0807_jpg.rf.e3d876da08613549cee11e35dcc5c26f_0002.jpg,WEED6C_crops/0807_jpg.rf.e3d876da08613549cee11e35dcc5c26f_0002.jpg,3
1374_jpg.rf.6c64883712d67a3ad448ca10c0398308_0027.jpg,WEED6C_crops/1374_jpg.rf.6c64883712d67a3ad448ca10c0398308_0027.jpg,4
0242_jpg.rf.52800b665a2b860fd527febaee511016_0015.jpg,WEED6C_crops/0242_jpg.rf.52800b665a2b860fd527febaee511016_0015.jpg,0
0040_jpg.rf.89b44b862284be514daa007f6ac4eed3_0005.jpg,WEED6C_crops/0040_jpg.rf.89b44b862284be514daa007f6ac4eed3_0005.jpg,5
0165_jpg.rf.0928912c7166d8671e8b542782631ad0_0004.jpg,WEED6C_crops/0165_jpg.rf.0928912c7166d8671e8b542782631ad0_0004.jpg,4
0239_jpg.rf.bffa3bfce44d84b05adb8e3e3cab980f_0009.jpg,WEED6C_crops/0239_jpg.rf.bffa3bfce44d84b05adb8e3e3cab980f_0009.jpg,0
0246_jpg.rf.ec9c85e91b0b56953a1526c7e0ac2bb1_0006.jpg,WEED6C_crops/0246_jpg.rf.ec9c85e91b0b56953a1526c7e0ac2bb1_0006.jpg,0
0914_jpg.rf.e85f500aa26ccb3934025e9f512bc252_0004.jpg,WEED6C_crops/0914_jpg.rf.e85f500aa26ccb3934025e9f512bc252_0004.jpg,0
1357_jpg.rf.65ed3ccb047c00c090abcb2750f4d22e_0013.jpg,WEED6C_crops/1357_jpg.rf.65ed3ccb047c00c090abcb2750f4d22e_0013.jpg,4
0346_jpg.rf.3ddd174718d6c957fcdf4654000c5fb8_0001.jpg,WEED6C_crops/0346_jpg.rf.3ddd174718d6c957fcdf4654000c5fb8_0001.jpg,3
1238_jpg.rf.8f2e4dde815b3cdba79f2d24a33ad9eb_0003.jpg,WEED6C_crops/1238_jpg.rf.8f2e4dde815b3cdba79f2d24a33ad9eb_0003.jpg,4
1385_jpg.rf.d58ee02f9b26e3c086ce0ebeefdfd56d_0001.jpg,WEED6C_crops/1385_jpg.rf.d58ee02f9b26e3c086ce0ebeefdfd56d_0001.jpg,1
1231_jpg.rf.fe1b06fe786224eaf851b6416c2554ae_0004.jpg,WEED6C_crops/1231_jpg.rf.fe1b06fe786224eaf851b6416c2554ae_0004.jpg,1
0510_jpg.rf.c858093e043596f9a56df2092b01935e_0004.jpg,WEED6C_crops/0510_jpg.rf.c858093e043596f9a56df2092b01935e_0004.jpg,0
1351_jpg.rf.e445b427433acaf539128b94d3521f79_0012.jpg,WEED6C_crops/1351_jpg.rf.e445b427433acaf539128b94d3521f79_0012.jpg,4
1328_jpg.rf.28a21bbb1b3a92b5d4aab483e1b5d7d7_0011.jpg,WEED6C_crops/1328_jpg.rf.28a21bbb1b3a92b5d4aab483e1b5d7d7_0011.jpg,4
0789_jpg.rf.89a02a4cf2da252dbffd4d8d065eaf3d_0002.jpg,WEED6C_crops/0789_jpg.rf.89a02a4cf2da252dbffd4d8d065eaf3d_0002.jpg,1
0924_jpg.rf.38515b7536c8c5bcb37440437863e683_0007.jpg,WEED6C_crops/0924_jpg.rf.38515b7536c8c5bcb37440437863e683_0007.jpg,1
0856_jpg.rf.55d3bc35cbf75a8f3de29e1c6297a5f2_0004.jpg,WEED6C_crops/0856_jpg.rf.55d3bc35cbf75a8f3de29e1c6297a5f2_0004.jpg,1
1239_jpg.rf.7b926cf59320e9b12909abef7c8e7aac_0046.jpg,WEED6C_crops/1239_jpg.rf.7b926cf59320e9b12909abef7c8e7aac_0046.jpg,4
1344_jpg.rf.c976bc321bf878588df39d6c0c01a2c0_0006.jpg,WEED6C_crops/1344_jpg.rf.c976bc321bf878588df39d6c0c01a2c0_0006.jpg,4
0882_jpg.rf.7d2c497fe43cc926602ca22ef35e0094_0002.jpg,WEED6C_crops/0882_jpg.rf.7d2c497fe43cc926602ca22ef35e0094_0002.jpg,0
0340_jpg.rf.4e0e72821dae12851a50a8833d4532ba_0005.jpg,WEED6C_crops/0340_jpg.rf.4e0e72821dae12851a50a8833d4532ba_0005.jpg,3
0380_jpg.rf.b7d0b2854cc8079b8d7d331027e84793_0014.jpg,WEED6C_crops/0380_jpg.rf.b7d0b2854cc8079b8d7d331027e84793_0014.jpg,2
1304_jpg.rf.bdabd9792ab23d3924d6e3d26f3aec06_0003.jpg,WEED6C_crops/1304_jpg.rf.bdabd9792ab23d3924d6e3d26f3aec06_0003.jpg,4
0513_jpg.rf.eb1d9f08746106993dc97e30362f9ea4_0002.jpg,WEED6C_crops/0513_jpg.rf.eb1d9f08746106993dc97e30362f9ea4_0002.jpg,0
1040_jpg.rf.d2f502fe97e5742cedc84a97e86ba7c6_0001.jpg,WEED6C_crops/1040_jpg.rf.d2f502fe97e5742cedc84a97e86ba7c6_0001.jpg,3
1239_jpg.rf.7b926cf59320e9b12909abef7c8e7aac_0001.jpg,WEED6C_crops/1239_jpg.rf.7b926cf59320e9b12909abef7c8e7aac_0001.jpg,1
1354_jpg.rf.cfa3e2f0904af788a0555ee8bd188254_0022.jpg,WEED6C_crops/1354_jpg.rf.cfa3e2f0904af788a0555ee8bd188254_0022.jpg,4
1311_jpg.rf.4a2f9977c5ce6af1d01a777bdced6f04_0022.jpg,WEED6C_crops/1311_jpg.rf.4a2f9977c5ce6af1d01a777bdced6f04_0022.jpg,4
1340_jpg.rf.49f7cdb25f0fa78442f011562a376881_0014.jpg,WEED6C_crops/1340_jpg.rf.49f7cdb25f0fa78442f011562a376881_0014.jpg,4
0656_jpg.rf.47d204b70ff752cd492c6ac9a7ee93be_0004.jpg,WEED6C_crops/0656_jpg.rf.47d204b70ff752cd492c6ac9a7ee93be_0004.jpg,0
0569_jpg.rf.063fbb3cbf19f5fedd740689e1a42436_0002.jpg,WEED6C_crops/0569_jpg.rf.063fbb3cbf19f5fedd740689e1a42436_0002.jpg,3
1147_jpg.rf.fd5c08aa0c8623c5f46a3e4ccf5c281f_0001.jpg,WEED6C_crops/1147_jpg.rf.fd5c08aa0c8623c5f46a3e4ccf5c281f_0001.jpg,1
1384_jpg.rf.afcd8b0134972419b998849c6733c7a3_0011.jpg,WEED6C_crops/1384_jpg.rf.afcd8b0134972419b998849c6733c7a3_0011.jpg,0
0892_jpg.rf.2d2d85a07511ef16aa292a307d9e4f14_0003.jpg,WEED6C_crops/0892_jpg.rf.2d2d85a07511ef16aa292a307d9e4f14_0003.jpg,3
0098_jpg.rf.5583c8d6362a7b4dfcffe302dd45a5c8_0004.jpg,WEED6C_crops/0098_jpg.rf.5583c8d6362a7b4dfcffe302dd45a5c8_0004.jpg,5
0353_jpg.rf.42a3200b80e5a0a8b56e470d21b7d422_0009.jpg,WEED6C_crops/0353_jpg.rf.42a3200b80e5a0a8b56e470d21b7d422_0009.jpg,1
1362_jpg.rf.ab5fc04e9f26ec91359122ba4c109436_0004.jpg,WEED6C_crops/1362_jpg.rf.ab5fc04e9f26ec91359122ba4c109436_0004.jpg,4
0741_jpg.rf.5b31b93444937c8fa848c82318aa54e9_0001.jpg,WEED6C_crops/0741_jpg.rf.5b31b93444937c8fa848c82318aa54e9_0001.jpg,2
1364_jpg.rf.83d1b91ffdd68ab08b0f5031bb41761b_0027.jpg,WEED6C_crops/1364_jpg.rf.83d1b91ffdd68ab08b0f5031bb41761b_0027.jpg,4
0802_jpg.rf.68ab8088f75a1adf1f6b4611c84ca99f_0008.jpg,WEED6C_crops/0802_jpg.rf.68ab8088f75a1adf1f6b4611c84ca99f_0008.jpg,1
1099_jpg.rf.37ed85497294f1e02ab2ec608969c1ab_0002.jpg,WEED6C_crops/1099_jpg.rf.37ed85497294f1e02ab2ec608969c1ab_0002.jpg,0
0902_jpg.rf.d61960a7bb349756b99685d2fa38137c_0005.jpg,WEED6C_crops/0902_jpg.rf.d61960a7bb349756b99685d2fa38137c_0005.jpg,2
0941_jpg.rf.53a6e9da968580dcf9dd275776181ee5_0005.jpg,WEED6C_crops/0941_jpg.rf.53a6e9da968580dcf9dd275776181ee5_0005.jpg,3
1241_jpg.rf.a5be0ca237cc5fdf5c86f10349dafb96_0022.jpg,WEED6C_crops/1241_jpg.rf.a5be0ca237cc5fdf5c86f10349dafb96_0022.jpg,4
0084_jpg.rf.49a24825fcabc006eba2bbcc34575367_0017.jpg,WEED6C_crops/0084_jpg.rf.49a24825fcabc006eba2bbcc34575367_0017.jpg,4
0901_jpg.rf.a3de89769366e7b5ca0b3e800cc66ccf_0009.jpg,WEED6C_crops/0901_jpg.rf.a3de89769366e7b5ca0b3e800cc66ccf_0009.jpg,2
0896_jpg.rf.0bda0ed76fce664d070b9f933f42f694_0004.jpg,WEED6C_crops/0896_jpg.rf.0bda0ed76fce664d070b9f933f42f694_0004.jpg,0
0241_jpg.rf.91f3e8769b4d0ba66baac18128b9bc52_0005.jpg,WEED6C_crops/0241_jpg.rf.91f3e8769b4d0ba66baac18128b9bc52_0005.jpg,3
0484_jpg.rf.2f0048664be86181211730fa7692d0f2_0002.jpg,WEED6C_crops/0484_jpg.rf.2f0048664be86181211730fa7692d0f2_0002.jpg,3
0915_jpg.rf.788edb80f1738dfc2b4f1d40d3ed02a1_0004.jpg,WEED6C_crops/0915_jpg.rf.788edb80f1738dfc2b4f1d40d3ed02a1_0004.jpg,3
0538_jpg.rf.441c4bbb537ab5ccdf373e8696d1a1c3_0002.jpg,WEED6C_crops/0538_jpg.rf.441c4bbb537ab5ccdf373e8696d1a1c3_0002.jpg,3
1206_jpg.rf.987d5e28a011f488e5b08953c5afe614_0001.jpg,WEED6C_crops/1206_jpg.rf.987d5e28a011f488e5b08953c5afe614_0001.jpg,2
0085_jpg.rf.899d587859a2f54a75195c7523a70472_0006.jpg,WEED6C_crops/0085_jpg.rf.899d587859a2f54a75195c7523a70472_0006.jpg,5
0253_jpg.rf.1095448149d4cce3dcb5814407839631_0001.jpg,WEED6C_crops/0253_jpg.rf.1095448149d4cce3dcb5814407839631_0001.jpg,0
0836_jpg.rf.0dfc1c090a89da80e2493e6185706bf8_0006.jpg,WEED6C_crops/0836_jpg.rf.0dfc1c090a89da80e2493e6185706bf8_0006.jpg,1
0386_jpg.rf.7200147910cafd7b35d4cc7e21a4f88d_0003.jpg,WEED6C_crops/0386_jpg.rf.7200147910cafd7b35d4cc7e21a4f88d_0003.jpg,1
1305_jpg.rf.443512b37c4cb64236dc2fdc570ded6d_0023.jpg,WEED6C_crops/1305_jpg.rf.443512b37c4cb64236dc2fdc570ded6d_0023.jpg,4
0636_jpg.rf.9b8dff4936cd44566030a5534a444e38_0007.jpg,WEED6C_crops/0636_jpg.rf.9b8dff4936cd44566030a5534a444e38_0007.jpg,2
0805_jpg.rf.860f41f4ed8ff3c4d55930e55b0990a9_0004.jpg,WEED6C_crops/0805_jpg.rf.860f41f4ed8ff3c4d55930e55b0990a9_0004.jpg,3
0336_jpg.rf.c36e08c51649b8492e62de070db20184_0012.jpg,WEED6C_crops/0336_jpg.rf.c36e08c51649b8492e62de070db20184_0012.jpg,0
0359_jpg.rf.d79059c10cb92885e24805062a9de816_0003.jpg,WEED6C_crops/0359_jpg.rf.d79059c10cb92885e24805062a9de816_0003.jpg,1
0601_jpg.rf.d4e7b8fca4e5da2da56623920c7d843c_0009.jpg,WEED6C_crops/0601_jpg.rf.d4e7b8fca4e5da2da56623920c7d843c_0009.jpg,3
1304_jpg.rf.bdabd9792ab23d3924d6e3d26f3aec06_0016.jpg,WEED6C_crops/1304_jpg.rf.bdabd9792ab23d3924d6e3d26f3aec06_0016.jpg,4
0567_jpg.rf.d214d2ff848b23baff747e649cf146ca_0002.jpg,WEED6C_crops/0567_jpg.rf.d214d2ff848b23baff747e649cf146ca_0002.jpg,1
0156_jpg.rf.99f03e7caa8597b6fc69c53bacfc6369_0001.jpg,WEED6C_crops/0156_jpg.rf.99f03e7caa8597b6fc69c53bacfc6369_0001.jpg,5
0942_jpg.rf.28da937fbfe37bde43cedc288904f1f6_0002.jpg,WEED6C_crops/0942_jpg.rf.28da937fbfe37bde43cedc288904f1f6_0002.jpg,0
0754_jpg.rf.c45232d0ffda59c511f2099025bdbadb_0002.jpg,WEED6C_crops/0754_jpg.rf.c45232d0ffda59c511f2099025bdbadb_0002.jpg,0
0796_jpg.rf.eb3ee50ec05cc599258c40dddd4f3a7c_0001.jpg,WEED6C_crops/0796_jpg.rf.eb3ee50ec05cc599258c40dddd4f3a7c_0001.jpg,0
1243_jpg.rf.748c4b335d58ce6d73b5c2dc513519e8_0007.jpg,WEED6C_crops/1243_jpg.rf.748c4b335d58ce6d73b5c2dc513519e8_0007.jpg,4
0403_jpg.rf.93bba2e1e12e7542467dfbc17ddabbd7_0001.jpg,WEED6C_crops/0403_jpg.rf.93bba2e1e12e7542467dfbc17ddabbd7_0001.jpg,3
1374_jpg.rf.6c64883712d67a3ad448ca10c0398308_0024.jpg,WEED6C_crops/1374_jpg.rf.6c64883712d67a3ad448ca10c0398308_0024.jpg,4
1295_jpg.rf.f42892f9b9b14e4cd48cb8f649d05aa8_0013.jpg,WEED6C_crops/1295_jpg.rf.f42892f9b9b14e4cd48cb8f649d05aa8_0013.jpg,4
1319_jpg.rf.f0e986998c05674b9aeebd92e9e900c9_0009.jpg,WEED6C_crops/1319_jpg.rf.f0e986998c05674b9aeebd92e9e900c9_0009.jpg,1
0127_jpg.rf.57cb586cd87cc19d180a3d06e59d52eb_0001.jpg,WEED6C_crops/0127_jpg.rf.57cb586cd87cc19d180a3d06e59d52eb_0001.jpg,5
0284_jpg.rf.c2b8611e73ffa1a24090fdc1a431bce4_0001.jpg,WEED6C_crops/0284_jpg.rf.c2b8611e73ffa1a24090fdc1a431bce4_0001.jpg,1
1117_jpg.rf.f59f8104d694a5e49e3e28c53a82464d_0002.jpg,WEED6C_crops/1117_jpg.rf.f59f8104d694a5e49e3e28c53a82464d_0002.jpg,2
1356_jpg.rf.2f9a9ccab7035b4c81a5ca992e4a9838_0039.jpg,WEED6C_crops/1356_jpg.rf.2f9a9ccab7035b4c81a5ca992e4a9838_0039.jpg,4
0242_jpg.rf.52800b665a2b860fd527febaee511016_0004.jpg,WEED6C_crops/0242_jpg.rf.52800b665a2b860fd527febaee511016_0004.jpg,2
1143_jpg.rf.2bc96a027c5c46d9a0b713ca26c4b3cf_0001.jpg,WEED6C_crops/1143_jpg.rf.2bc96a027c5c46d9a0b713ca26c4b3cf_0001.jpg,2
0073_jpg.rf.3336f6eb01bb803827809a3d718d23e6_0001.jpg,WEED6C_crops/0073_jpg.rf.3336f6eb01bb803827809a3d718d23e6_0001.jpg,5
0876_jpg.rf.048887d24f3b405131ce7dd5aa738324_0001.jpg,WEED6C_crops/0876_jpg.rf.048887d24f3b405131ce7dd5aa738324_0001.jpg,3
0229_jpg.rf.f665ede73f767c60cddbab597488abcc_0007.jpg,WEED6C_crops/0229_jpg.rf.f665ede73f767c60cddbab597488abcc_0007.jpg,1
0247_jpg.rf.d21bd69dccb16aa034f3772f997e8486_0013.jpg,WEED6C_crops/0247_jpg.rf.d21bd69dccb16aa034f3772f997e8486_0013.jpg,1
0307_jpg.rf.8cde8411581363c00e7a68b6ab1582b4_0001.jpg,WEED6C_crops/0307_jpg.rf.8cde8411581363c00e7a68b6ab1582b4_0001.jpg,3
0971_jpg.rf.6cba680a0f96ebf0380f4c034894dd14_0004.jpg,WEED6C_crops/0971_jpg.rf.6cba680a0f96ebf0380f4c034894dd14_0004.jpg,1
0693_jpg.rf.11efe3b485bb2b0382c75f9f96da18eb_0008.jpg,WEED6C_crops/0693_jpg.rf.11efe3b485bb2b0382c75f9f96da18eb_0008.jpg,3
1239_jpg.rf.7b926cf59320e9b12909abef7c8e7aac_0028.jpg,WEED6C_crops/1239_jpg.rf.7b926cf59320e9b12909abef7c8e7aac_0028.jpg,4
0822_jpg.rf.ddd37808fac021f724206f01eb65afc9_0005.jpg,WEED6C_crops/0822_jpg.rf.ddd37808fac021f724206f01eb65afc9_0005.jpg,3
1249_jpg.rf.e1efe2270f002b51f4715161251b6365_0012.jpg,WEED6C_crops/1249_jpg.rf.e1efe2270f002b51f4715161251b6365_0012.jpg,4
1235_jpg.rf.8f167c07ecb86590be8dd4ab7f58be2c_0022.jpg,WEED6C_crops/1235_jpg.rf.8f167c07ecb86590be8dd4ab7f58be2c_0022.jpg,4
1343_jpg.rf.5f18c75b4fd49b4163ba2bb3af2f505f_0012.jpg,WEED6C_crops/1343_jpg.rf.5f18c75b4fd49b4163ba2bb3af2f505f_0012.jpg,4
0093_jpg.rf.350f55cf44339df87d292b9e94e5ba85_0010.jpg,WEED6C_crops/0093_jpg.rf.350f55cf44339df87d292b9e94e5ba85_0010.jpg,4
0914_jpg.rf.e85f500aa26ccb3934025e9f512bc252_0003.jpg,WEED6C_crops/0914_jpg.rf.e85f500aa26ccb3934025e9f512bc252_0003.jpg,2
0724_jpg.rf.aab4a68730fe7f1f0ebc4c76442eba63_0001.jpg,WEED6C_crops/0724_jpg.rf.aab4a68730fe7f1f0ebc4c76442eba63_0001.jpg,3
0093_jpg.rf.350f55cf44339df87d292b9e94e5ba85_0007.jpg,WEED6C_crops/0093_jpg.rf.350f55cf44339df87d292b9e94e5ba85_0007.jpg,4
1243_jpg.rf.748c4b335d58ce6d73b5c2dc513519e8_0002.jpg,WEED6C_crops/1243_jpg.rf.748c4b335d58ce6d73b5c2dc513519e8_0002.jpg,4
0475_jpg.rf.f7f47212ae9b8a10c78ee57a67c34685_0004.jpg,WEED6C_crops/0475_jpg.rf.f7f47212ae9b8a10c78ee57a67c34685_0004.jpg,3
1240_jpg.rf.e1ad20f0f2011d323769409c17d77863_0012.jpg,WEED6C_crops/1240_jpg.rf.e1ad20f0f2011d323769409c17d77863_0012.jpg,4
1304_jpg.rf.bdabd9792ab23d3924d6e3d26f3aec06_0007.jpg,WEED6C_crops/1304_jpg.rf.bdabd9792ab23d3924d6e3d26f3aec06_0007.jpg,4
1229_jpg.rf.f39c48606a011efde3d20b5d68fa1f43_0003.jpg,WEED6C_crops/1229_jpg.rf.f39c48606a011efde3d20b5d68fa1f43_0003.jpg,1
0249_jpg.rf.c28ae22bf898c1d2faacea1ccaf48150_0006.jpg,WEED6C_crops/0249_jpg.rf.c28ae22bf898c1d2faacea1ccaf48150_0006.jpg,0
0979_jpg.rf.cd87c04c7bee270d72537248689ca3c2_0001.jpg,WEED6C_crops/0979_jpg.rf.cd87c04c7bee270d72537248689ca3c2_0001.jpg,3
1366_jpg.rf.03f231049801971512990ca20f3424d9_0013.jpg,WEED6C_crops/1366_jpg.rf.03f231049801971512990ca20f3424d9_0013.jpg,4
0839_jpg.rf.5576dd4d342fc9fcb99e33fe18e59c9f_0010.jpg,WEED6C_crops/0839_jpg.rf.5576dd4d342fc9fcb99e33fe18e59c9f_0010.jpg,1
0272_jpg.rf.5a9e2d55fbac5b624c22a75911b0f5de_0001.jpg,WEED6C_crops/0272_jpg.rf.5a9e2d55fbac5b624c22a75911b0f5de_0001.jpg,0
0580_jpg.rf.91b5bdc452c16b6352f2a31996e0f1d2_0001.jpg,WEED6C_crops/0580_jpg.rf.91b5bdc452c16b6352f2a31996e0f1d2_0001.jpg,3
1317_jpg.rf.f35270c4968e18ced1df08d3cbb5874a_0007.jpg,WEED6C_crops/1317_jpg.rf.f35270c4968e18ced1df08d3cbb5874a_0007.jpg,4
0085_jpg.rf.899d587859a2f54a75195c7523a70472_0021.jpg,WEED6C_crops/0085_jpg.rf.899d587859a2f54a75195c7523a70472_0021.jpg,4
1228_jpg.rf.3a6e1d55fd194952bef3ad055644cc66_0003.jpg,WEED6C_crops/1228_jpg.rf.3a6e1d55fd194952bef3ad055644cc66_0003.jpg,1
1374_jpg.rf.6c64883712d67a3ad448ca10c0398308_0022.jpg,WEED6C_crops/1374_jpg.rf.6c64883712d67a3ad448ca10c0398308_0022.jpg,4
1368_jpg.rf.25dc57e029d777ff1571d3d84d22c763_0007.jpg,WEED6C_crops/1368_jpg.rf.25dc57e029d777ff1571d3d84d22c763_0007.jpg,4
0084_jpg.rf.49a24825fcabc006eba2bbcc34575367_0020.jpg,WEED6C_crops/0084_jpg.rf.49a24825fcabc006eba2bbcc34575367_0020.jpg,4
0113_jpg.rf.33f571be4ae7ad1b2bbbb23545090cad_0010.jpg,WEED6C_crops/0113_jpg.rf.33f571be4ae7ad1b2bbbb23545090cad_0010.jpg,4
0187_jpg.rf.c4ad0df6ea77ac262a84d8bbfd02cb76_0004.jpg,WEED6C_crops/0187_jpg.rf.c4ad0df6ea77ac262a84d8bbfd02cb76_0004.jpg,0
0889_jpg.rf.ae90234bb3ba83d3000219a889140f3f_0009.jpg,WEED6C_crops/0889_jpg.rf.ae90234bb3ba83d3000219a889140f3f_0009.jpg,2
1295_jpg.rf.f42892f9b9b14e4cd48cb8f649d05aa8_0003.jpg,WEED6C_crops/1295_jpg.rf.f42892f9b9b14e4cd48cb8f649d05aa8_0003.jpg,4
0010_jpg.rf.6b516673f951e1871b7097afdf9fb42c_0001.jpg,WEED6C_crops/0010_jpg.rf.6b516673f951e1871b7097afdf9fb42c_0001.jpg,5
0825_jpg.rf.a455d0a7c34b18c59ee38c90d66b006a_0002.jpg,WEED6C_crops/0825_jpg.rf.a455d0a7c34b18c59ee38c90d66b006a_0002.jpg,1
1369_jpg.rf.b115facc4e1a8ff9927fa196a84b853d_0057.jpg,WEED6C_crops/1369_jpg.rf.b115facc4e1a8ff9927fa196a84b853d_0057.jpg,4
0388_jpg.rf.ed37216b56f6c6c2c0a637221b23e485_0008.jpg,WEED6C_crops/0388_jpg.rf.ed37216b56f6c6c2c0a637221b23e485_0008.jpg,3
1305_jpg.rf.443512b37c4cb64236dc2fdc570ded6d_0005.jpg,WEED6C_crops/1305_jpg.rf.443512b37c4cb64236dc2fdc570ded6d_0005.jpg,4
1267_jpg.rf.7a81427b8cf51c46e081b7723f1e15ac_0001.jpg,WEED6C_crops/1267_jpg.rf.7a81427b8cf51c46e081b7723f1e15ac_0001.jpg,4
0879_jpg.rf.b2153caeca9af76e27e76c6cc45c8415_0007.jpg,WEED6C_crops/0879_jpg.rf.b2153caeca9af76e27e76c6cc45c8415_0007.jpg,0
0174_jpg.rf.0ee57bcbca0e3c27a3a0c5bfaa1e5c6c_0001.jpg,WEED6C_crops/0174_jpg.rf.0ee57bcbca0e3c27a3a0c5bfaa1e5c6c_0001.jpg,3
1347_jpg.rf.17fbaa4fc4797a75ba82422831c223dc_0006.jpg,WEED6C_crops/1347_jpg.rf.17fbaa4fc4797a75ba82422831c223dc_0006.jpg,4
1252_jpg.rf.0460eee5cd6e483e72571dbeb38f50ba_0012.jpg,WEED6C_crops/1252_jpg.rf.0460eee5cd6e483e72571dbeb38f50ba_0012.jpg,1
0604_jpg.rf.b732286c8565a461ffedafaa010eea7a_0007.jpg,WEED6C_crops/0604_jpg.rf.b732286c8565a461ffedafaa010eea7a_0007.jpg,1
1373_jpg.rf.3d37ed5825d54fd39547b46ea5c1112c_0006.jpg,WEED6C_crops/1373_jpg.rf.3d37ed5825d54fd39547b46ea5c1112c_0006.jpg,4
0289_jpg.rf.10fdba4055f2346073191abedf5d8ea9_0013.jpg,WEED6C_crops/0289_jpg.rf.10fdba4055f2346073191abedf5d8ea9_0013.jpg,0
0996_jpg.rf.741ba7684d59436b93d05d0643d31146_0007.jpg,WEED6C_crops/0996_jpg.rf.741ba7684d59436b93d05d0643d31146_0007.jpg,0
1270_jpg.rf.c34b854accd8ec862089128de29e245c_0019.jpg,WEED6C_crops/1270_jpg.rf.c34b854accd8ec862089128de29e245c_0019.jpg,1
0829_jpg.rf.6a1d9b4d0bab507a79caf69fad25f8fd_0003.jpg,WEED6C_crops/0829_jpg.rf.6a1d9b4d0bab507a79caf69fad25f8fd_0003.jpg,3
0556_jpg.rf.f638eeff7dc174960174e7b5e8a42cf3_0002.jpg,WEED6C_crops/0556_jpg.rf.f638eeff7dc174960174e7b5e8a42cf3_0002.jpg,1
0575_jpg.rf.ffc3da238c813fca2a0d1412ab41dcd1_0001.jpg,WEED6C_crops/0575_jpg.rf.ffc3da238c813fca2a0d1412ab41dcd1_0001.jpg,3
1315_jpg.rf.0b8085935589ebdedc6aafe2eeb83a84_0001.jpg,WEED6C_crops/1315_jpg.rf.0b8085935589ebdedc6aafe2eeb83a84_0001.jpg,4
0332_jpg.rf.46c8f2b7f0d4e937c4bdf2a3dbc59506_0010.jpg,WEED6C_crops/0332_jpg.rf.46c8f2b7f0d4e937c4bdf2a3dbc59506_0010.jpg,0
1355_jpg.rf.6913dec06d5038de035d46f593a0bd9e_0022.jpg,WEED6C_crops/1355_jpg.rf.6913dec06d5038de035d46f593a0bd9e_0022.jpg,4
1313_jpg.rf.9e5965f174b9d39cedf845bc37e26a4d_0003.jpg,WEED6C_crops/1313_jpg.rf.9e5965f174b9d39cedf845bc37e26a4d_0003.jpg,4
0002_jpg.rf.36789085faafdfc8c2b5a519a90c1f53_0009.jpg,WEED6C_crops/0002_jpg.rf.36789085faafdfc8c2b5a519a90c1f53_0009.jpg,5
1375_jpg.rf.b0f1411c79e1b676b013097ecfe9a149_0001.jpg,WEED6C_crops/1375_jpg.rf.b0f1411c79e1b676b013097ecfe9a149_0001.jpg,4
0680_jpg.rf.0b3ca6d59e0d503cd573c15b425afd44_0003.jpg,WEED6C_crops/0680_jpg.rf.0b3ca6d59e0d503cd573c15b425afd44_0003.jpg,0
1233_jpg.rf.a9ad2187477d12adf58c20e898c06211_0004.jpg,WEED6C_crops/1233_jpg.rf.a9ad2187477d12adf58c20e898c06211_0004.jpg,4
1373_jpg.rf.3d37ed5825d54fd39547b46ea5c1112c_0032.jpg,WEED6C_crops/1373_jpg.rf.3d37ed5825d54fd39547b46ea5c1112c_0032.jpg,4
0084_jpg.rf.49a24825fcabc006eba2bbcc34575367_0025.jpg,WEED6C_crops/0084_jpg.rf.49a24825fcabc006eba2bbcc34575367_0025.jpg,5
0505_jpg.rf.b45595353ea46559104d8819bba28ae4_0005.jpg,WEED6C_crops/0505_jpg.rf.b45595353ea46559104d8819bba28ae4_0005.jpg,3
0452_jpg.rf.e586c47570ba7bf5510292e9bd0e5f35_0006.jpg,WEED6C_crops/0452_jpg.rf.e586c47570ba7bf5510292e9bd0e5f35_0006.jpg,3
0361_jpg.rf.2b245324527e72eaf61640c29bd0e361_0012.jpg,WEED6C_crops/0361_jpg.rf.2b245324527e72eaf61640c29bd0e361_0012.jpg,3
1361_jpg.rf.fce9ac7b2b25171d1b0e7ccf4383cf25_0005.jpg,WEED6C_crops/1361_jpg.rf.fce9ac7b2b25171d1b0e7ccf4383cf25_0005.jpg,4
0828_jpg.rf.637fab27e8dd6e9c9b5e7e11b2c6bb3d_0009.jpg,WEED6C_crops/0828_jpg.rf.637fab27e8dd6e9c9b5e7e11b2c6bb3d_0009.jpg,1
0451_jpg.rf.d8507762db0b1765c00a806f56d4eaa8_0007.jpg,WEED6C_crops/0451_jpg.rf.d8507762db0b1765c00a806f56d4eaa8_0007.jpg,1
0328_jpg.rf.f43504985d16f280c5606367437ee358_0004.jpg,WEED6C_crops/0328_jpg.rf.f43504985d16f280c5606367437ee358_0004.jpg,3
0294_jpg.rf.9c021a540f1d16d6cb83dbf7c816c85b_0005.jpg,WEED6C_crops/0294_jpg.rf.9c021a540f1d16d6cb83dbf7c816c85b_0005.jpg,3
1302_jpg.rf.26ab3fc340b22f9482155ab905a6cebf_0013.jpg,WEED6C_crops/1302_jpg.rf.26ab3fc340b22f9482155ab905a6cebf_0013.jpg,4
1363_jpg.rf.768baa0bd4528831bffe24eb9aa3b51f_0001.jpg,WEED6C_crops/1363_jpg.rf.768baa0bd4528831bffe24eb9aa3b51f_0001.jpg,4
1186_jpg.rf.e58ec67cb90a26c1595ae1d3bc18c863_0001.jpg,WEED6C_crops/1186_jpg.rf.e58ec67cb90a26c1595ae1d3bc18c863_0001.jpg,2
1273_jpg.rf.62a4771daa1cc264e358ecc037df2ea2_0004.jpg,WEED6C_crops/1273_jpg.rf.62a4771daa1cc264e358ecc037df2ea2_0004.jpg,4
0620_jpg.rf.7e2f341a86cdb54a4f8e4553c84dd0e2_0002.jpg,WEED6C_crops/0620_jpg.rf.7e2f341a86cdb54a4f8e4553c84dd0e2_0002.jpg,3
1372_jpg.rf.ef878d09b7d0fbf710c9467e4f1063c1_0007.jpg,WEED6C_crops/1372_jpg.rf.ef878d09b7d0fbf710c9467e4f1063c1_0007.jpg,4
0546_jpg.rf.ebbe2e620d3ba78f44b2ac53b958321a_0004.jpg,WEED6C_crops/0546_jpg.rf.ebbe2e620d3ba78f44b2ac53b958321a_0004.jpg,1
1304_jpg.rf.bdabd9792ab23d3924d6e3d26f3aec06_0038.jpg,WEED6C_crops/1304_jpg.rf.bdabd9792ab23d3924d6e3d26f3aec06_0038.jpg,4
0332_jpg.rf.46c8f2b7f0d4e937c4bdf2a3dbc59506_0002.jpg,WEED6C_crops/0332_jpg.rf.46c8f2b7f0d4e937c4bdf2a3dbc59506_0002.jpg,0
0900_jpg.rf.56951d91454a0ff447573f36d7686c67_0007.jpg,WEED6C_crops/0900_jpg.rf.56951d91454a0ff447573f36d7686c67_0007.jpg,3
1363_jpg.rf.768baa0bd4528831bffe24eb9aa3b51f_0036.jpg,WEED6C_crops/1363_jpg.rf.768baa0bd4528831bffe24eb9aa3b51f_0036.jpg,4
0717_jpg.rf.9a263fe6e6c233012637a8e31ceb7376_0003.jpg,WEED6C_crops/0717_jpg.rf.9a263fe6e6c233012637a8e31ceb7376_0003.jpg,3
0867_jpg.rf.e7d397c954ed7cf326d25d6e4eb562bd_0003.jpg,WEED6C_crops/0867_jpg.rf.e7d397c954ed7cf326d25d6e4eb562bd_0003.jpg,3
0015_jpg.rf.fbc4b8226be632971109efb43917ac60_0001.jpg,WEED6C_crops/0015_jpg.rf.fbc4b8226be632971109efb43917ac60_0001.jpg,5
0387_jpg.rf.7c3295680c7efc4e9f9f30819ac54b6e_0008.jpg,WEED6C_crops/0387_jpg.rf.7c3295680c7efc4e9f9f30819ac54b6e_0008.jpg,3
1378_jpg.rf.a485ab7c96bef96dac8eb7e61bbb7fb8_0016.jpg,WEED6C_crops/1378_jpg.rf.a485ab7c96bef96dac8eb7e61bbb7fb8_0016.jpg,4
1339_jpg.rf.c1d6ea90c66a0ca02bdb39223830ec18_0026.jpg,WEED6C_crops/1339_jpg.rf.c1d6ea90c66a0ca02bdb39223830ec18_0026.jpg,4
0288_jpg.rf.bb389a0b6eaf05d324c60d6c24a764fa_0009.jpg,WEED6C_crops/0288_jpg.rf.bb389a0b6eaf05d324c60d6c24a764fa_0009.jpg,0
1366_jpg.rf.03f231049801971512990ca20f3424d9_0018.jpg,WEED6C_crops/1366_jpg.rf.03f231049801971512990ca20f3424d9_0018.jpg,4
0506_jpg.rf.3852beebeba29ea8a7ac1b89b1607f98_0002.jpg,WEED6C_crops/0506_jpg.rf.3852beebeba29ea8a7ac1b89b1607f98_0002.jpg,3
0269_jpg.rf.d2afcb6e7376916e7b38e303cb36bf50_0011.jpg,WEED6C_crops/0269_jpg.rf.d2afcb6e7376916e7b38e303cb36bf50_0011.jpg,0
1094_jpg.rf.268ee1e1677f4401b57786bca1b9cd0e_0001.jpg,WEED6C_crops/1094_jpg.rf.268ee1e1677f4401b57786bca1b9cd0e_0001.jpg,0
0992_jpg.rf.eae2fd40c17f36bff900d2f45d437399_0005.jpg,WEED6C_crops/0992_jpg.rf.eae2fd40c17f36bff900d2f45d437399_0005.jpg,0
0836_jpg.rf.0dfc1c090a89da80e2493e6185706bf8_0009.jpg,WEED6C_crops/0836_jpg.rf.0dfc1c090a89da80e2493e6185706bf8_0009.jpg,3
0755_jpg.rf.fd7709cff78dc130ad0bbefbfff3bc6e_0005.jpg,WEED6C_crops/0755_jpg.rf.fd7709cff78dc130ad0bbefbfff3bc6e_0005.jpg,0
0871_jpg.rf.f1eab4d6ccc0dcba98977e60db0d792b_0003.jpg,WEED6C_crops/0871_jpg.rf.f1eab4d6ccc0dcba98977e60db0d792b_0003.jpg,0
0917_jpg.rf.659c1946333aaf090f0b0517a4e6569a_0005.jpg,WEED6C_crops/0917_jpg.rf.659c1946333aaf090f0b0517a4e6569a_0005.jpg,3
1383_jpg.rf.774d8f8762ff9dbe26c5db3a3e211276_0037.jpg,WEED6C_crops/1383_jpg.rf.774d8f8762ff9dbe26c5db3a3e211276_0037.jpg,4
1359_jpg.rf.6bb7d484d2aa6c486b81a4b2f321dfb3_0006.jpg,WEED6C_crops/1359_jpg.rf.6bb7d484d2aa6c486b81a4b2f321dfb3_0006.jpg,4
0364_jpg.rf.89db23df5c37065055d5a524b09092d9_0013.jpg,WEED6C_crops/0364_jpg.rf.89db23df5c37065055d5a524b09092d9_0013.jpg,0
0410_jpg.rf.61ef6ff6c0e42d24db454259cbfe3332_0004.jpg,WEED6C_crops/0410_jpg.rf.61ef6ff6c0e42d24db454259cbfe3332_0004.jpg,3
0364_jpg.rf.89db23df5c37065055d5a524b09092d9_0005.jpg,WEED6C_crops/0364_jpg.rf.89db23df5c37065055d5a524b09092d9_0005.jpg,3
0796_jpg.rf.eb3ee50ec05cc599258c40dddd4f3a7c_0002.jpg,WEED6C_crops/0796_jpg.rf.eb3ee50ec05cc599258c40dddd4f3a7c_0002.jpg,0
1248_jpg.rf.290b7f88a115132b8a4ebfe43b032865_0031.jpg,WEED6C_crops/1248_jpg.rf.290b7f88a115132b8a4ebfe43b032865_0031.jpg,1
0475_jpg.rf.f7f47212ae9b8a10c78ee57a67c34685_0005.jpg,WEED6C_crops/0475_jpg.rf.f7f47212ae9b8a10c78ee57a67c34685_0005.jpg,0
0452_jpg.rf.e586c47570ba7bf5510292e9bd0e5f35_0002.jpg,WEED6C_crops/0452_jpg.rf.e586c47570ba7bf5510292e9bd0e5f35_0002.jpg,1
0295_jpg.rf.0cb1bae9f44332d2bc55ceb2715f71ea_0002.jpg,WEED6C_crops/0295_jpg.rf.0cb1bae9f44332d2bc55ceb2715f71ea_0002.jpg,3
0954_jpg.rf.51db19791aba7fdf87c3dc13c608476d_0002.jpg,WEED6C_crops/0954_jpg.rf.51db19791aba7fdf87c3dc13c608476d_0002.jpg,2
0249_jpg.rf.c28ae22bf898c1d2faacea1ccaf48150_0009.jpg,WEED6C_crops/0249_jpg.rf.c28ae22bf898c1d2faacea1ccaf48150_0009.jpg,1
0093_jpg.rf.350f55cf44339df87d292b9e94e5ba85_0016.jpg,WEED6C_crops/0093_jpg.rf.350f55cf44339df87d292b9e94e5ba85_0016.jpg,4
0122_jpg.rf.fefeef1ae339c36c42d0332caf14eae6_0004.jpg,WEED6C_crops/0122_jpg.rf.fefeef1ae339c36c42d0332caf14eae6_0004.jpg,5
0785_jpg.rf.1e7c9f56ec6f547a332200a8b0911d08_0003.jpg,WEED6C_crops/0785_jpg.rf.1e7c9f56ec6f547a332200a8b0911d08_0003.jpg,1
1357_jpg.rf.65ed3ccb047c00c090abcb2750f4d22e_0012.jpg,WEED6C_crops/1357_jpg.rf.65ed3ccb047c00c090abcb2750f4d22e_0012.jpg,4
0416_jpg.rf.775c66a5325e85a6f8e80192e4fed2d6_0002.jpg,WEED6C_crops/0416_jpg.rf.775c66a5325e85a6f8e80192e4fed2d6_0002.jpg,1
1385_jpg.rf.d58ee02f9b26e3c086ce0ebeefdfd56d_0009.jpg,WEED6C_crops/1385_jpg.rf.d58ee02f9b26e3c086ce0ebeefdfd56d_0009.jpg,1
0338_jpg.rf.9057bf1d2306e3b19d19801b7b4dde95_0006.jpg,WEED6C_crops/0338_jpg.rf.9057bf1d2306e3b19d19801b7b4dde95_0006.jpg,3
1368_jpg.rf.25dc57e029d777ff1571d3d84d22c763_0047.jpg,WEED6C_crops/1368_jpg.rf.25dc57e029d777ff1571d3d84d22c763_0047.jpg,4
0294_jpg.rf.9c021a540f1d16d6cb83dbf7c816c85b_0011.jpg,WEED6C_crops/0294_jpg.rf.9c021a540f1d16d6cb83dbf7c816c85b_0011.jpg,1
0336_jpg.rf.c36e08c51649b8492e62de070db20184_0011.jpg,WEED6C_crops/0336_jpg.rf.c36e08c51649b8492e62de070db20184_0011.jpg,0
1361_jpg.rf.fce9ac7b2b25171d1b0e7ccf4383cf25_0022.jpg,WEED6C_crops/1361_jpg.rf.fce9ac7b2b25171d1b0e7ccf4383cf25_0022.jpg,0
1314_jpg.rf.026df1d2420a72903e8aa30534cca72c_0022.jpg,WEED6C_crops/1314_jpg.rf.026df1d2420a72903e8aa30534cca72c_0022.jpg,4
1245_jpg.rf.4069f16d0c1ce36ab134055a59d74c0e_0003.jpg,WEED6C_crops/1245_jpg.rf.4069f16d0c1ce36ab134055a59d74c0e_0003.jpg,4
0869_jpg.rf.15d46b9426f4a8f52d88a4664d85b39f_0005.jpg,WEED6C_crops/0869_jpg.rf.15d46b9426f4a8f52d88a4664d85b39f_0005.jpg,1
1361_jpg.rf.fce9ac7b2b25171d1b0e7ccf4383cf25_0001.jpg,WEED6C_crops/1361_jpg.rf.fce9ac7b2b25171d1b0e7ccf4383cf25_0001.jpg,4
1387_jpg.rf.4e79357b2bfab756b6edacb516671cfa_0004.jpg,WEED6C_crops/1387_jpg.rf.4e79357b2bfab756b6edacb516671cfa_0004.jpg,1
0220_jpg.rf.ac3075b666a8df6cadddc7f7932b8698_0007.jpg,WEED6C_crops/0220_jpg.rf.ac3075b666a8df6cadddc7f7932b8698_0007.jpg,0
1149_jpg.rf.c8b3e57d524d5d5718c52c0e13d72ada_0002.jpg,WEED6C_crops/1149_jpg.rf.c8b3e57d524d5d5718c52c0e13d72ada_0002.jpg,1
0770_jpg.rf.39655d9d934b057212168ca9d2d59f7f_0005.jpg,WEED6C_crops/0770_jpg.rf.39655d9d934b057212168ca9d2d59f7f_0005.jpg,2
0837_jpg.rf.8735d328e944f506f933e1e7704cceb0_0017.jpg,WEED6C_crops/0837_jpg.rf.8735d328e944f506f933e1e7704cceb0_0017.jpg,3
1368_jpg.rf.25dc57e029d777ff1571d3d84d22c763_0030.jpg,WEED6C_crops/1368_jpg.rf.25dc57e029d777ff1571d3d84d22c763_0030.jpg,4
1286_jpg.rf.a2f3cfb47234b710f8934ba54d6eb78d_0014.jpg,WEED6C_crops/1286_jpg.rf.a2f3cfb47234b710f8934ba54d6eb78d_0014.jpg,4
0629_jpg.rf.60da9b2d84d53bdcd8ba2ef13001ed54_0003.jpg,WEED6C_crops/0629_jpg.rf.60da9b2d84d53bdcd8ba2ef13001ed54_0003.jpg,3
0767_jpg.rf.513a72112b36d72dc2e3e138f0e28b46_0002.jpg,WEED6C_crops/0767_jpg.rf.513a72112b36d72dc2e3e138f0e28b46_0002.jpg,2
1361_jpg.rf.fce9ac7b2b25171d1b0e7ccf4383cf25_0028.jpg,WEED6C_crops/1361_jpg.rf.fce9ac7b2b25171d1b0e7ccf4383cf25_0028.jpg,4
0293_jpg.rf.fe63fe269d1f9ff3ae4f33331785ae5d_0007.jpg,WEED6C_crops/0293_jpg.rf.fe63fe269d1f9ff3ae4f33331785ae5d_0007.jpg,3
1254_jpg.rf.02a34f1183707c79cdb2ae5a7232c68a_0011.jpg,WEED6C_crops/1254_jpg.rf.02a34f1183707c79cdb2ae5a7232c68a_0011.jpg,4
1236_jpg.rf.84823ae11fdee603ba6a5fab2cc61c7f_0033.jpg,WEED6C_crops/1236_jpg.rf.84823ae11fdee603ba6a5fab2cc61c7f_0033.jpg,4
0839_jpg.rf.5576dd4d342fc9fcb99e33fe18e59c9f_0006.jpg,WEED6C_crops/0839_jpg.rf.5576dd4d342fc9fcb99e33fe18e59c9f_0006.jpg,3
1251_jpg.rf.ca084f91ecb665ac4961e3dca9f42efd_0007.jpg,WEED6C_crops/1251_jpg.rf.ca084f91ecb665ac4961e3dca9f42efd_0007.jpg,1
1296_jpg.rf.0c437bc165571cd0590e77bf88763adf_0025.jpg,WEED6C_crops/1296_jpg.rf.0c437bc165571cd0590e77bf88763adf_0025.jpg,4
1330_jpg.rf.0e123b14e41686abe7d991139dba80f8_0002.jpg,WEED6C_crops/1330_jpg.rf.0e123b14e41686abe7d991139dba80f8_0002.jpg,4
1264_jpg.rf.9dcfa7b826804ef4063b1ac764b21e8c_0007.jpg,WEED6C_crops/1264_jpg.rf.9dcfa7b826804ef4063b1ac764b21e8c_0007.jpg,4
1373_jpg.rf.3d37ed5825d54fd39547b46ea5c1112c_0019.jpg,WEED6C_crops/1373_jpg.rf.3d37ed5825d54fd39547b46ea5c1112c_0019.jpg,4
0348_jpg.rf.8adcfa747d63c6198e8066a5acfd0023_0003.jpg,WEED6C_crops/0348_jpg.rf.8adcfa747d63c6198e8066a5acfd0023_0003.jpg,1
0253_jpg.rf.1095448149d4cce3dcb5814407839631_0006.jpg,WEED6C_crops/0253_jpg.rf.1095448149d4cce3dcb5814407839631_0006.jpg,3
0019_jpg.rf.a74534c06ff039ea0e191162b6937daf_0001.jpg,WEED6C_crops/0019_jpg.rf.a74534c06ff039ea0e191162b6937daf_0001.jpg,5
1346_jpg.rf.582aaf30178079689aa47dcc4f74a425_0001.jpg,WEED6C_crops/1346_jpg.rf.582aaf30178079689aa47dcc4f74a425_0001.jpg,4
0906_jpg.rf.fa36ff895be7998f04b211a98b631c69_0006.jpg,WEED6C_crops/0906_jpg.rf.fa36ff895be7998f04b211a98b631c69_0006.jpg,2
1366_jpg.rf.03f231049801971512990ca20f3424d9_0015.jpg,WEED6C_crops/1366_jpg.rf.03f231049801971512990ca20f3424d9_0015.jpg,4
0009_jpg.rf.ce9edce4d0a3145070d5ebe0b610d5fe_0006.jpg,WEED6C_crops/0009_jpg.rf.ce9edce4d0a3145070d5ebe0b610d5fe_0006.jpg,5
0231_jpg.rf.6e40f94a34bca0e4b909f046b2c56f1d_0002.jpg,WEED6C_crops/0231_jpg.rf.6e40f94a34bca0e4b909f046b2c56f1d_0002.jpg,3
0448_jpg.rf.bce96eb5e4e6ba5f3e27fd109c25bb1b_0005.jpg,WEED6C_crops/0448_jpg.rf.bce96eb5e4e6ba5f3e27fd109c25bb1b_0005.jpg,3
1235_jpg.rf.8f167c07ecb86590be8dd4ab7f58be2c_0019.jpg,WEED6C_crops/1235_jpg.rf.8f167c07ecb86590be8dd4ab7f58be2c_0019.jpg,4
1303_jpg.rf.8f30bd948ef635a90243d4eb022d379b_0035.jpg,WEED6C_crops/1303_jpg.rf.8f30bd948ef635a90243d4eb022d379b_0035.jpg,4
0700_jpg.rf.be093e85eaed1b19b7bd2b42aab4ced6_0004.jpg,WEED6C_crops/0700_jpg.rf.be093e85eaed1b19b7bd2b42aab4ced6_0004.jpg,3
0344_jpg.rf.4a97765e72c07da85f2aa8141afbc4d4_0011.jpg,WEED6C_crops/0344_jpg.rf.4a97765e72c07da85f2aa8141afbc4d4_0011.jpg,3
0891_jpg.rf.b37d326d10d2971adb95e49e3dc25237_0006.jpg,WEED6C_crops/0891_jpg.rf.b37d326d10d2971adb95e49e3dc25237_0006.jpg,2
0274_jpg.rf.69f678525ad44939c3cdc5608f8ededd_0008.jpg,WEED6C_crops/0274_jpg.rf.69f678525ad44939c3cdc5608f8ededd_0008.jpg,1
0343_jpg.rf.f5f1a65ea3ae72fa84376e66fcdf332b_0002.jpg,WEED6C_crops/0343_jpg.rf.f5f1a65ea3ae72fa84376e66fcdf332b_0002.jpg,3
0908_jpg.rf.2a523ed34012fa10534089f009a94e63_0008.jpg,WEED6C_crops/0908_jpg.rf.2a523ed34012fa10534089f009a94e63_0008.jpg,3
0605_jpg.rf.eac7baa9054644d9e1aa55e4856ecad8_0006.jpg,WEED6C_crops/0605_jpg.rf.eac7baa9054644d9e1aa55e4856ecad8_0006.jpg,1
1259_jpg.rf.0167b645cb0006baa012cf610d53ebdd_0008.jpg,WEED6C_crops/1259_jpg.rf.0167b645cb0006baa012cf610d53ebdd_0008.jpg,4
0630_jpg.rf.baa1b2c8e70450bdc9f48512734fdc4a_0001.jpg,WEED6C_crops/0630_jpg.rf.baa1b2c8e70450bdc9f48512734fdc4a_0001.jpg,2
0093_jpg.rf.350f55cf44339df87d292b9e94e5ba85_0019.jpg,WEED6C_crops/0093_jpg.rf.350f55cf44339df87d292b9e94e5ba85_0019.jpg,5
0357_jpg.rf.f4ad7df0adfd56eef277a6ba6334d617_0008.jpg,WEED6C_crops/0357_jpg.rf.f4ad7df0adfd56eef277a6ba6334d617_0008.jpg,0
1066_jpg.rf.0eeda01a26adbd88b8e485f11baae7c3_0001.jpg,WEED6C_crops/1066_jpg.rf.0eeda01a26adbd88b8e485f11baae7c3_0001.jpg,2
0609_jpg.rf.c41257214430bb4b4534789c1180413d_0005.jpg,WEED6C_crops/0609_jpg.rf.c41257214430bb4b4534789c1180413d_0005.jpg,2
1339_jpg.rf.c1d6ea90c66a0ca02bdb39223830ec18_0014.jpg,WEED6C_crops/1339_jpg.rf.c1d6ea90c66a0ca02bdb39223830ec18_0014.jpg,4
0206_jpg.rf.0e1349da71ed8820f4722a3037fc6381_0004.jpg,WEED6C_crops/0206_jpg.rf.0e1349da71ed8820f4722a3037fc6381_0004.jpg,3
1359_jpg.rf.6bb7d484d2aa6c486b81a4b2f321dfb3_0011.jpg,WEED6C_crops/1359_jpg.rf.6bb7d484d2aa6c486b81a4b2f321dfb3_0011.jpg,4
1271_jpg.rf.edbc880f2c5cbc76998035cf808e95a2_0023.jpg,WEED6C_crops/1271_jpg.rf.edbc880f2c5cbc76998035cf808e95a2_0023.jpg,4
0385_jpg.rf.0cedb900ae3c9a125bf2aba2c65e6856_0003.jpg,WEED6C_crops/0385_jpg.rf.0cedb900ae3c9a125bf2aba2c65e6856_0003.jpg,3
0055_jpg.rf.aa35c6c972d77c7277e29bf892fead85_0005.jpg,WEED6C_crops/0055_jpg.rf.aa35c6c972d77c7277e29bf892fead85_0005.jpg,5
1271_jpg.rf.edbc880f2c5cbc76998035cf808e95a2_0007.jpg,WEED6C_crops/1271_jpg.rf.edbc880f2c5cbc76998035cf808e95a2_0007.jpg,4
0830_jpg.rf.8781b961273330d6d6176c9d9e45393a_0001.jpg,WEED6C_crops/0830_jpg.rf.8781b961273330d6d6176c9d9e45393a_0001.jpg,0
0571_jpg.rf.e5b966223e41e11e82d48d3b3e244566_0002.jpg,WEED6C_crops/0571_jpg.rf.e5b966223e41e11e82d48d3b3e244566_0002.jpg,3
0207_jpg.rf.ef9ef63b8efc3d77b27c0da558cb951c_0001.jpg,WEED6C_crops/0207_jpg.rf.ef9ef63b8efc3d77b27c0da558cb951c_0001.jpg,3
1248_jpg.rf.290b7f88a115132b8a4ebfe43b032865_0005.jpg,WEED6C_crops/1248_jpg.rf.290b7f88a115132b8a4ebfe43b032865_0005.jpg,1
0831_jpg.rf.d9b5396051735be26e9dffc2d88e5a86_0016.jpg,WEED6C_crops/0831_jpg.rf.d9b5396051735be26e9dffc2d88e5a86_0016.jpg,0
0634_jpg.rf.2fa505c10ef416a4d9754ea517166e47_0005.jpg,WEED6C_crops/0634_jpg.rf.2fa505c10ef416a4d9754ea517166e47_0005.jpg,0
0689_jpg.rf.a20a8ef1823a64c367e46dfb862e93a1_0007.jpg,WEED6C_crops/0689_jpg.rf.a20a8ef1823a64c367e46dfb862e93a1_0007.jpg,3
0250_jpg.rf.e559f94b7828a97a430fbceb3e22a674_0006.jpg,WEED6C_crops/0250_jpg.rf.e559f94b7828a97a430fbceb3e22a674_0006.jpg,2
0840_jpg.rf.c3bd189b7cb10d4a6e549a7d5529c3ab_0006.jpg,WEED6C_crops/0840_jpg.rf.c3bd189b7cb10d4a6e549a7d5529c3ab_0006.jpg,0
1373_jpg.rf.3d37ed5825d54fd39547b46ea5c1112c_0014.jpg,WEED6C_crops/1373_jpg.rf.3d37ed5825d54fd39547b46ea5c1112c_0014.jpg,4
1356_jpg.rf.2f9a9ccab7035b4c81a5ca992e4a9838_0012.jpg,WEED6C_crops/1356_jpg.rf.2f9a9ccab7035b4c81a5ca992e4a9838_0012.jpg,4
1360_jpg.rf.4adff7020975375bcf1db2c7f65ecb42_0024.jpg,WEED6C_crops/1360_jpg.rf.4adff7020975375bcf1db2c7f65ecb42_0024.jpg,4
0343_jpg.rf.f5f1a65ea3ae72fa84376e66fcdf332b_0005.jpg,WEED6C_crops/0343_jpg.rf.f5f1a65ea3ae72fa84376e66fcdf332b_0005.jpg,0
0542_jpg.rf.b5864f4c452f4f3a61a757f70d2b383f_0008.jpg,WEED6C_crops/0542_jpg.rf.b5864f4c452f4f3a61a757f70d2b383f_0008.jpg,3
0711_jpg.rf.b9d1d8def228d43722cffe244bd2c68a_0005.jpg,WEED6C_crops/0711_jpg.rf.b9d1d8def228d43722cffe244bd2c68a_0005.jpg,3
0703_jpg.rf.26fc5ec4daf8daf2cfcefebc9dd59e9b_0005.jpg,WEED6C_crops/0703_jpg.rf.26fc5ec4daf8daf2cfcefebc9dd59e9b_0005.jpg,3
1003_jpg.rf.602b7f8d6ae459ed32df2fc00275a094_0003.jpg,WEED6C_crops/1003_jpg.rf.602b7f8d6ae459ed32df2fc00275a094_0003.jpg,0
0267_jpg.rf.188ea6711170d685e1fc95c1e914b515_0004.jpg,WEED6C_crops/0267_jpg.rf.188ea6711170d685e1fc95c1e914b515_0004.jpg,0
1306_jpg.rf.e683ee4d8210d663a37fc950a9e485c1_0012.jpg,WEED6C_crops/1306_jpg.rf.e683ee4d8210d663a37fc950a9e485c1_0012.jpg,4
0537_jpg.rf.880d43dde44d08fccacd4da9b8b69135_0006.jpg,WEED6C_crops/0537_jpg.rf.880d43dde44d08fccacd4da9b8b69135_0006.jpg,1
1356_jpg.rf.2f9a9ccab7035b4c81a5ca992e4a9838_0032.jpg,WEED6C_crops/1356_jpg.rf.2f9a9ccab7035b4c81a5ca992e4a9838_0032.jpg,4
0187_jpg.rf.c4ad0df6ea77ac262a84d8bbfd02cb76_0006.jpg,WEED6C_crops/0187_jpg.rf.c4ad0df6ea77ac262a84d8bbfd02cb76_0006.jpg,1
1241_jpg.rf.a5be0ca237cc5fdf5c86f10349dafb96_0031.jpg,WEED6C_crops/1241_jpg.rf.a5be0ca237cc5fdf5c86f10349dafb96_0031.jpg,4
1359_jpg.rf.6bb7d484d2aa6c486b81a4b2f321dfb3_0008.jpg,WEED6C_crops/1359_jpg.rf.6bb7d484d2aa6c486b81a4b2f321dfb3_0008.jpg,4
0507_jpg.rf.fbf9cce5a2df0c47f4d6282617ee20b3_0007.jpg,WEED6C_crops/0507_jpg.rf.fbf9cce5a2df0c47f4d6282617ee20b3_0007.jpg,0
1358_jpg.rf.596bf1c7fe66e55cef5de750deba63b9_0026.jpg,WEED6C_crops/1358_jpg.rf.596bf1c7fe66e55cef5de750deba63b9_0026.jpg,4
0053_jpg.rf.b5269321e3379fb30147b63ad9cb56ce_0008.jpg,WEED6C_crops/0053_jpg.rf.b5269321e3379fb30147b63ad9cb56ce_0008.jpg,5
1280_jpg.rf.35bb77e8b09a63c0fe616ea76a082955_0003.jpg,WEED6C_crops/1280_jpg.rf.35bb77e8b09a63c0fe616ea76a082955_0003.jpg,1
0897_jpg.rf.60b759f819efec823ebeb6b022128537_0004.jpg,WEED6C_crops/0897_jpg.rf.60b759f819efec823ebeb6b022128537_0004.jpg,3
1285_jpg.rf.8c5370f95c282daae379485a007ec7bd_0005.jpg,WEED6C_crops/1285_jpg.rf.8c5370f95c282daae379485a007ec7bd_0005.jpg,4
1349_jpg.rf.f2a77b8dcb3c036a18eb11f545a535f5_0005.jpg,WEED6C_crops/1349_jpg.rf.f2a77b8dcb3c036a18eb11f545a535f5_0005.jpg,4
0236_jpg.rf.37f13823118c1f776f2b7d3360e121a9_0003.jpg,WEED6C_crops/0236_jpg.rf.37f13823118c1f776f2b7d3360e121a9_0003.jpg,3
0985_jpg.rf.329b2612eea7118983789707296e506d_0001.jpg,WEED6C_crops/0985_jpg.rf.329b2612eea7118983789707296e506d_0001.jpg,3
0379_jpg.rf.2f6c865f7b6d852961f1e6ecbd141832_0005.jpg,WEED6C_crops/0379_jpg.rf.2f6c865f7b6d852961f1e6ecbd141832_0005.jpg,3
0046_jpg.rf.39943917cc2e7a1ee5b21dbdac9a9fbd_0005.jpg,WEED6C_crops/0046_jpg.rf.39943917cc2e7a1ee5b21dbdac9a9fbd_0005.jpg,5
0987_jpg.rf.aced1fc1d9eefb9113629e737daeffad_0002.jpg,WEED6C_crops/0987_jpg.rf.aced1fc1d9eefb9113629e737daeffad_0002.jpg,2
0976_jpg.rf.2512480ecf4c3fc61a269696fa465b88_0001.jpg,WEED6C_crops/0976_jpg.rf.2512480ecf4c3fc61a269696fa465b88_0001.jpg,3
0277_jpg.rf.da40428a611c836681331c1b74be0c1b_0001.jpg,WEED6C_crops/0277_jpg.rf.da40428a611c836681331c1b74be0c1b_0001.jpg,1
0760_jpg.rf.bb845d46c9ce03a0662cef6c34fac95e_0002.jpg,WEED6C_crops/0760_jpg.rf.bb845d46c9ce03a0662cef6c34fac95e_0002.jpg,0
0279_jpg.rf.97bac3364c45f9367beefaa2e41172d2_0009.jpg,WEED6C_crops/0279_jpg.rf.97bac3364c45f9367beefaa2e41172d2_0009.jpg,0
0980_jpg.rf.a2bcf1c84af5e0c6ca441a050dba0e16_0002.jpg,WEED6C_crops/0980_jpg.rf.a2bcf1c84af5e0c6ca441a050dba0e16_0002.jpg,3
0795_jpg.rf.565c3cabee8c611263b2c76effd7c646_0006.jpg,WEED6C_crops/0795_jpg.rf.565c3cabee8c611263b2c76effd7c646_0006.jpg,3
1355_jpg.rf.6913dec06d5038de035d46f593a0bd9e_0002.jpg,WEED6C_crops/1355_jpg.rf.6913dec06d5038de035d46f593a0bd9e_0002.jpg,4
1228_jpg.rf.3a6e1d55fd194952bef3ad055644cc66_0011.jpg,WEED6C_crops/1228_jpg.rf.3a6e1d55fd194952bef3ad055644cc66_0011.jpg,4
0283_jpg.rf.f3d09170767f659721e1a02d06422fcc_0003.jpg,WEED6C_crops/0283_jpg.rf.f3d09170767f659721e1a02d06422fcc_0003.jpg,0
0432_jpg.rf.9779958ce2ed142234556f069a41b580_0002.jpg,WEED6C_crops/0432_jpg.rf.9779958ce2ed142234556f069a41b580_0002.jpg,1
0316_jpg.rf.e4ea9ecdfd3c1f4e05c94a39c5daa359_0002.jpg,WEED6C_crops/0316_jpg.rf.e4ea9ecdfd3c1f4e05c94a39c5daa359_0002.jpg,3
0564_jpg.rf.b5c6d6544459b9adcc8d4eb117d85a31_0003.jpg,WEED6C_crops/0564_jpg.rf.b5c6d6544459b9adcc8d4eb117d85a31_0003.jpg,3
0887_jpg.rf.97e88d9b99a4c5e045e85290b522dc05_0003.jpg,WEED6C_crops/0887_jpg.rf.97e88d9b99a4c5e045e85290b522dc05_0003.jpg,3
0502_jpg.rf.752966db85292b81ba4afb7ab412d334_0004.jpg,WEED6C_crops/0502_jpg.rf.752966db85292b81ba4afb7ab412d334_0004.jpg,1
0344_jpg.rf.4a97765e72c07da85f2aa8141afbc4d4_0006.jpg,WEED6C_crops/0344_jpg.rf.4a97765e72c07da85f2aa8141afbc4d4_0006.jpg,1
0302_jpg.rf.7a291f2cf97e6626f243ee5cad7290d9_0006.jpg,WEED6C_crops/0302_jpg.rf.7a291f2cf97e6626f243ee5cad7290d9_0006.jpg,3
0870_jpg.rf.b75806693a6d2aaef1b5e2cd86134952_0004.jpg,WEED6C_crops/0870_jpg.rf.b75806693a6d2aaef1b5e2cd86134952_0004.jpg,0
0127_jpg.rf.57cb586cd87cc19d180a3d06e59d52eb_0002.jpg,WEED6C_crops/0127_jpg.rf.57cb586cd87cc19d180a3d06e59d52eb_0002.jpg,5
1261_jpg.rf.b19cad8a68de06804bcfdc0a4513c8c2_0001.jpg,WEED6C_crops/1261_jpg.rf.b19cad8a68de06804bcfdc0a4513c8c2_0001.jpg,4
1331_jpg.rf.bea84746baedc30f67acb247d5624cb6_0005.jpg,WEED6C_crops/1331_jpg.rf.bea84746baedc30f67acb247d5624cb6_0005.jpg,4
1276_jpg.rf.1663b3e5193280f178e5c191a9cda6c2_0004.jpg,WEED6C_crops/1276_jpg.rf.1663b3e5193280f178e5c191a9cda6c2_0004.jpg,4
0445_jpg.rf.d3331351eda11e8e7a078c2b43329375_0003.jpg,WEED6C_crops/0445_jpg.rf.d3331351eda11e8e7a078c2b43329375_0003.jpg,1
0300_jpg.rf.223c08176eaaa4c8062e697edca0bd42_0006.jpg,WEED6C_crops/0300_jpg.rf.223c08176eaaa4c8062e697edca0bd42_0006.jpg,0
0328_jpg.rf.f43504985d16f280c5606367437ee358_0006.jpg,WEED6C_crops/0328_jpg.rf.f43504985d16f280c5606367437ee358_0006.jpg,3
1233_jpg.rf.a9ad2187477d12adf58c20e898c06211_0028.jpg,WEED6C_crops/1233_jpg.rf.a9ad2187477d12adf58c20e898c06211_0028.jpg,4
1243_jpg.rf.748c4b335d58ce6d73b5c2dc513519e8_0004.jpg,WEED6C_crops/1243_jpg.rf.748c4b335d58ce6d73b5c2dc513519e8_0004.jpg,4
0054_jpg.rf.e2cb6446160f5160d0ddaaf62281764d_0007.jpg,WEED6C_crops/0054_jpg.rf.e2cb6446160f5160d0ddaaf62281764d_0007.jpg,5
1376_jpg.rf.f25c9ac507d73d6c536a1d12e1f19067_0003.jpg,WEED6C_crops/1376_jpg.rf.f25c9ac507d73d6c536a1d12e1f19067_0003.jpg,4
1355_jpg.rf.6913dec06d5038de035d46f593a0bd9e_0019.jpg,WEED6C_crops/1355_jpg.rf.6913dec06d5038de035d46f593a0bd9e_0019.jpg,4
0411_jpg.rf.0e296e990a9f6ae6b3ef852a79409a6d_0005.jpg,WEED6C_crops/0411_jpg.rf.0e296e990a9f6ae6b3ef852a79409a6d_0005.jpg,3
0737_jpg.rf.64651ec21b852100b00b79213cda11ca_0002.jpg,WEED6C_crops/0737_jpg.rf.64651ec21b852100b00b79213cda11ca_0002.jpg,2
0259_jpg.rf.7a26b75204e85af5307ed22a18b88d7c_0001.jpg,WEED6C_crops/0259_jpg.rf.7a26b75204e85af5307ed22a18b88d7c_0001.jpg,1
0929_jpg.rf.b3e72f625c2442ce0c0eeab5a3007cad_0003.jpg,WEED6C_crops/0929_jpg.rf.b3e72f625c2442ce0c0eeab5a3007cad_0003.jpg,1
1296_jpg.rf.0c437bc165571cd0590e77bf88763adf_0012.jpg,WEED6C_crops/1296_jpg.rf.0c437bc165571cd0590e77bf88763adf_0012.jpg,4
0452_jpg.rf.e586c47570ba7bf5510292e9bd0e5f35_0005.jpg,WEED6C_crops/0452_jpg.rf.e586c47570ba7bf5510292e9bd0e5f35_0005.jpg,0
1337_jpg.rf.e28a9d239b7f72ac8aa2c724b2e787bd_0006.jpg,WEED6C_crops/1337_jpg.rf.e28a9d239b7f72ac8aa2c724b2e787bd_0006.jpg,4
0294_jpg.rf.9c021a540f1d16d6cb83dbf7c816c85b_0009.jpg,WEED6C_crops/0294_jpg.rf.9c021a540f1d16d6cb83dbf7c816c85b_0009.jpg,0
0850_jpg.rf.ed4113a22c0e37f4aa6ab3fadb3c3be3_0009.jpg,WEED6C_crops/0850_jpg.rf.ed4113a22c0e37f4aa6ab3fadb3c3be3_0009.jpg,3
0836_jpg.rf.0dfc1c090a89da80e2493e6185706bf8_0002.jpg,WEED6C_crops/0836_jpg.rf.0dfc1c090a89da80e2493e6185706bf8_0002.jpg,1
1164_jpg.rf.197d858e27c5ae9ec199cfb95446f992_0001.jpg,WEED6C_crops/1164_jpg.rf.197d858e27c5ae9ec199cfb95446f992_0001.jpg,2
1259_jpg.rf.0167b645cb0006baa012cf610d53ebdd_0019.jpg,WEED6C_crops/1259_jpg.rf.0167b645cb0006baa012cf610d53ebdd_0019.jpg,4
1286_jpg.rf.a2f3cfb47234b710f8934ba54d6eb78d_0005.jpg,WEED6C_crops/1286_jpg.rf.a2f3cfb47234b710f8934ba54d6eb78d_0005.jpg,4
0908_jpg.rf.2a523ed34012fa10534089f009a94e63_0001.jpg,WEED6C_crops/0908_jpg.rf.2a523ed34012fa10534089f009a94e63_0001.jpg,3
1319_jpg.rf.f0e986998c05674b9aeebd92e9e900c9_0013.jpg,WEED6C_crops/1319_jpg.rf.f0e986998c05674b9aeebd92e9e900c9_0013.jpg,1
0332_jpg.rf.46c8f2b7f0d4e937c4bdf2a3dbc59506_0013.jpg,WEED6C_crops/0332_jpg.rf.46c8f2b7f0d4e937c4bdf2a3dbc59506_0013.jpg,3
0813_jpg.rf.4c8422bf168b1cbc538619ab0ecc2e0e_0004.jpg,WEED6C_crops/0813_jpg.rf.4c8422bf168b1cbc538619ab0ecc2e0e_0004.jpg,3
1249_jpg.rf.e1efe2270f002b51f4715161251b6365_0019.jpg,WEED6C_crops/1249_jpg.rf.e1efe2270f002b51f4715161251b6365_0019.jpg,4
1306_jpg.rf.e683ee4d8210d663a37fc950a9e485c1_0007.jpg,WEED6C_crops/1306_jpg.rf.e683ee4d8210d663a37fc950a9e485c1_0007.jpg,4
0265_jpg.rf.580f9d93192f17e1b8d7a590f39d8ade_0007.jpg,WEED6C_crops/0265_jpg.rf.580f9d93192f17e1b8d7a590f39d8ade_0007.jpg,0
0657_jpg.rf.ab11c6201b6e92400698893433accefa_0008.jpg,WEED6C_crops/0657_jpg.rf.ab11c6201b6e92400698893433accefa_0008.jpg,0
1285_jpg.rf.8c5370f95c282daae379485a007ec7bd_0007.jpg,WEED6C_crops/1285_jpg.rf.8c5370f95c282daae379485a007ec7bd_0007.jpg,4
0940_jpg.rf.96e3df91a9a59aa1c1006a128592f1bd_0001.jpg,WEED6C_crops/0940_jpg.rf.96e3df91a9a59aa1c1006a128592f1bd_0001.jpg,1
0970_jpg.rf.6184d646bac6ccf09040b682b9ce2107_0004.jpg,WEED6C_crops/0970_jpg.rf.6184d646bac6ccf09040b682b9ce2107_0004.jpg,1
0270_jpg.rf.7816289c31a817d7f79f8a94d855140e_0003.jpg,WEED6C_crops/0270_jpg.rf.7816289c31a817d7f79f8a94d855140e_0003.jpg,0
0465_jpg.rf.adec883a19b668346f86f782cebf16cc_0002.jpg,WEED6C_crops/0465_jpg.rf.adec883a19b668346f86f782cebf16cc_0002.jpg,2
0041_jpg.rf.f0ab6036e37e1b3a1abb0e361b8e6b6e_0003.jpg,WEED6C_crops/0041_jpg.rf.f0ab6036e37e1b3a1abb0e361b8e6b6e_0003.jpg,5
0836_jpg.rf.0dfc1c090a89da80e2493e6185706bf8_0010.jpg,WEED6C_crops/0836_jpg.rf.0dfc1c090a89da80e2493e6185706bf8_0010.jpg,3
0652_jpg.rf.87fa882e65528c1fd0715a3736d47d5a_0001.jpg,WEED6C_crops/0652_jpg.rf.87fa882e65528c1fd0715a3736d47d5a_0001.jpg,3
1348_jpg.rf.f5893179f9b6a36ba0042a01452efe78_0008.jpg,WEED6C_crops/1348_jpg.rf.f5893179f9b6a36ba0042a01452efe78_0008.jpg,1
0895_jpg.rf.83ba4fefe1afad3266557765abe3fe14_0005.jpg,WEED6C_crops/0895_jpg.rf.83ba4fefe1afad3266557765abe3fe14_0005.jpg,3
1355_jpg.rf.6913dec06d5038de035d46f593a0bd9e_0026.jpg,WEED6C_crops/1355_jpg.rf.6913dec06d5038de035d46f593a0bd9e_0026.jpg,4
1241_jpg.rf.a5be0ca237cc5fdf5c86f10349dafb96_0003.jpg,WEED6C_crops/1241_jpg.rf.a5be0ca237cc5fdf5c86f10349dafb96_0003.jpg,4
0829_jpg.rf.6a1d9b4d0bab507a79caf69fad25f8fd_0012.jpg,WEED6C_crops/0829_jpg.rf.6a1d9b4d0bab507a79caf69fad25f8fd_0012.jpg,0
0247_jpg.rf.d21bd69dccb16aa034f3772f997e8486_0005.jpg,WEED6C_crops/0247_jpg.rf.d21bd69dccb16aa034f3772f997e8486_0005.jpg,3
1375_jpg.rf.b0f1411c79e1b676b013097ecfe9a149_0021.jpg,WEED6C_crops/1375_jpg.rf.b0f1411c79e1b676b013097ecfe9a149_0021.jpg,4
1107_jpg.rf.86f6347f32b670b5a700c8769f638d2b_0001.jpg,WEED6C_crops/1107_jpg.rf.86f6347f32b670b5a700c8769f638d2b_0001.jpg,0
1238_jpg.rf.8f2e4dde815b3cdba79f2d24a33ad9eb_0006.jpg,WEED6C_crops/1238_jpg.rf.8f2e4dde815b3cdba79f2d24a33ad9eb_0006.jpg,4
0369_jpg.rf.c751bcaa54313500b1f312b5b158c3cf_0010.jpg,WEED6C_crops/0369_jpg.rf.c751bcaa54313500b1f312b5b158c3cf_0010.jpg,3
0269_jpg.rf.d2afcb6e7376916e7b38e303cb36bf50_0006.jpg,WEED6C_crops/0269_jpg.rf.d2afcb6e7376916e7b38e303cb36bf50_0006.jpg,1
0233_jpg.rf.a5c5281427a1fd0e6febdc5a0218279f_0001.jpg,WEED6C_crops/0233_jpg.rf.a5c5281427a1fd0e6febdc5a0218279f_0001.jpg,3
1324_jpg.rf.3a229c242e1658a78ef760d872b6d39f_0004.jpg,WEED6C_crops/1324_jpg.rf.3a229c242e1658a78ef760d872b6d39f_0004.jpg,4
1341_jpg.rf.9d8942b91b7a5f0bbf8dae68d9c390e2_0015.jpg,WEED6C_crops/1341_jpg.rf.9d8942b91b7a5f0bbf8dae68d9c390e2_0015.jpg,4
0827_jpg.rf.4c83320a694e5c2b34a4498c245781bd_0005.jpg,WEED6C_crops/0827_jpg.rf.4c83320a694e5c2b34a4498c245781bd_0005.jpg,1
0686_jpg.rf.c97958f99d4e68f40fcdc81674ba56a3_0007.jpg,WEED6C_crops/0686_jpg.rf.c97958f99d4e68f40fcdc81674ba56a3_0007.jpg,0
0697_jpg.rf.5bd98f37460766672c4ddf861d6f9c7b_0005.jpg,WEED6C_crops/0697_jpg.rf.5bd98f37460766672c4ddf861d6f9c7b_0005.jpg,2
0885_jpg.rf.664ea7b25e783b6731a9e46274bc979c_0006.jpg,WEED6C_crops/0885_jpg.rf.664ea7b25e783b6731a9e46274bc979c_0006.jpg,1
0289_jpg.rf.10fdba4055f2346073191abedf5d8ea9_0010.jpg,WEED6C_crops/0289_jpg.rf.10fdba4055f2346073191abedf5d8ea9_0010.jpg,3
1358_jpg.rf.596bf1c7fe66e55cef5de750deba63b9_0001.jpg,WEED6C_crops/1358_jpg.rf.596bf1c7fe66e55cef5de750deba63b9_0001.jpg,4
0854_jpg.rf.f7e41c0e4115daf144d7cd8f13163f4f_0004.jpg,WEED6C_crops/0854_jpg.rf.f7e41c0e4115daf144d7cd8f13163f4f_0004.jpg,0
0888_jpg.rf.23e23425cad3526ca02586750a736013_0002.jpg,WEED6C_crops/0888_jpg.rf.23e23425cad3526ca02586750a736013_0002.jpg,1
1358_jpg.rf.596bf1c7fe66e55cef5de750deba63b9_0036.jpg,WEED6C_crops/1358_jpg.rf.596bf1c7fe66e55cef5de750deba63b9_0036.jpg,4
0780_jpg.rf.acbc58d145dc3d8f772f9ede5e311c2c_0001.jpg,WEED6C_crops/0780_jpg.rf.acbc58d145dc3d8f772f9ede5e311c2c_0001.jpg,3
0932_jpg.rf.7a3a9e30d1785d6b9e815cc4fea857f2_0002.jpg,WEED6C_crops/0932_jpg.rf.7a3a9e30d1785d6b9e815cc4fea857f2_0002.jpg,3
1046_jpg.rf.63bd40f189a83ba818351de82663aa7f_0003.jpg,WEED6C_crops/1046_jpg.rf.63bd40f189a83ba818351de82663aa7f_0003.jpg,0
1374_jpg.rf.6c64883712d67a3ad448ca10c0398308_0049.jpg,WEED6C_crops/1374_jpg.rf.6c64883712d67a3ad448ca10c0398308_0049.jpg,4
1357_jpg.rf.65ed3ccb047c00c090abcb2750f4d22e_0035.jpg,WEED6C_crops/1357_jpg.rf.65ed3ccb047c00c090abcb2750f4d22e_0035.jpg,4
0519_jpg.rf.c0104260548e3a88b4da4ba950093239_0002.jpg,WEED6C_crops/0519_jpg.rf.c0104260548e3a88b4da4ba950093239_0002.jpg,2
0836_jpg.rf.0dfc1c090a89da80e2493e6185706bf8_0005.jpg,WEED6C_crops/0836_jpg.rf.0dfc1c090a89da80e2493e6185706bf8_0005.jpg,0
1238_jpg.rf.8f2e4dde815b3cdba79f2d24a33ad9eb_0001.jpg,WEED6C_crops/1238_jpg.rf.8f2e4dde815b3cdba79f2d24a33ad9eb_0001.jpg,1
0715_jpg.rf.07fbb5ee4d4e48dd85fdae19be57a84f_0005.jpg,WEED6C_crops/0715_jpg.rf.07fbb5ee4d4e48dd85fdae19be57a84f_0005.jpg,1
0842_jpg.rf.ccd14841622dcb7a81b50eac8f42bd70_0009.jpg,WEED6C_crops/0842_jpg.rf.ccd14841622dcb7a81b50eac8f42bd70_0009.jpg,3
0886_jpg.rf.4f41b64e213e51e716b0d7d6babe161a_0010.jpg,WEED6C_crops/0886_jpg.rf.4f41b64e213e51e716b0d7d6babe161a_0010.jpg,3
0278_jpg.rf.15b2a8c784e81820e90c2403b778d212_0013.jpg,WEED6C_crops/0278_jpg.rf.15b2a8c784e81820e90c2403b778d212_0013.jpg,3
1344_jpg.rf.c976bc321bf878588df39d6c0c01a2c0_0007.jpg,WEED6C_crops/1344_jpg.rf.c976bc321bf878588df39d6c0c01a2c0_0007.jpg,4
0386_jpg.rf.7200147910cafd7b35d4cc7e21a4f88d_0007.jpg,WEED6C_crops/0386_jpg.rf.7200147910cafd7b35d4cc7e21a4f88d_0007.jpg,0
1263_jpg.rf.30b98d36787435013e4dbbaf2d246f70_0005.jpg,WEED6C_crops/1263_jpg.rf.30b98d36787435013e4dbbaf2d246f70_0005.jpg,4
0725_jpg.rf.2277e61944d0fe548a2fb261c7e23204_0008.jpg,WEED6C_crops/0725_jpg.rf.2277e61944d0fe548a2fb261c7e23204_0008.jpg,1
0094_jpg.rf.61e97d8a654d322af0b8f5777fd16f41_0009.jpg,WEED6C_crops/0094_jpg.rf.61e97d8a654d322af0b8f5777fd16f41_0009.jpg,5
0777_jpg.rf.678d20bb12292c903545bc7db7ebd3f8_0002.jpg,WEED6C_crops/0777_jpg.rf.678d20bb12292c903545bc7db7ebd3f8_0002.jpg,0
1228_jpg.rf.3a6e1d55fd194952bef3ad055644cc66_0014.jpg,WEED6C_crops/1228_jpg.rf.3a6e1d55fd194952bef3ad055644cc66_0014.jpg,4
0033_jpg.rf.c6fe052a76fa10f2c2d4b0cc34dab753_0001.jpg,WEED6C_crops/0033_jpg.rf.c6fe052a76fa10f2c2d4b0cc34dab753_0001.jpg,5
0795_jpg.rf.565c3cabee8c611263b2c76effd7c646_0004.jpg,WEED6C_crops/0795_jpg.rf.565c3cabee8c611263b2c76effd7c646_0004.jpg,0
1295_jpg.rf.f42892f9b9b14e4cd48cb8f649d05aa8_0012.jpg,WEED6C_crops/1295_jpg.rf.f42892f9b9b14e4cd48cb8f649d05aa8_0012.jpg,4
0724_jpg.rf.aab4a68730fe7f1f0ebc4c76442eba63_0008.jpg,WEED6C_crops/0724_jpg.rf.aab4a68730fe7f1f0ebc4c76442eba63_0008.jpg,3
0590_jpg.rf.d8ed8fc15579f012be41d7c809ba756a_0005.jpg,WEED6C_crops/0590_jpg.rf.d8ed8fc15579f012be41d7c809ba756a_0005.jpg,0
0830_jpg.rf.8781b961273330d6d6176c9d9e45393a_0007.jpg,WEED6C_crops/0830_jpg.rf.8781b961273330d6d6176c9d9e45393a_0007.jpg,3
1310_jpg.rf.317ac2cca5f24479b0098bf7fbab9ceb_0015.jpg,WEED6C_crops/1310_jpg.rf.317ac2cca5f24479b0098bf7fbab9ceb_0015.jpg,4
1294_jpg.rf.99a6afbaff3de0db6ad09e909b9845eb_0010.jpg,WEED6C_crops/1294_jpg.rf.99a6afbaff3de0db6ad09e909b9845eb_0010.jpg,4
1306_jpg.rf.e683ee4d8210d663a37fc950a9e485c1_0023.jpg,WEED6C_crops/1306_jpg.rf.e683ee4d8210d663a37fc950a9e485c1_0023.jpg,4
0377_jpg.rf.7a0d16d06b5f0c9e133427890429da14_0009.jpg,WEED6C_crops/0377_jpg.rf.7a0d16d06b5f0c9e133427890429da14_0009.jpg,2
0842_jpg.rf.ccd14841622dcb7a81b50eac8f42bd70_0003.jpg,WEED6C_crops/0842_jpg.rf.ccd14841622dcb7a81b50eac8f42bd70_0003.jpg,3
0490_jpg.rf.77d1a25dc8f384641292291c736e57dd_0001.jpg,WEED6C_crops/0490_jpg.rf.77d1a25dc8f384641292291c736e57dd_0001.jpg,3
0187_jpg.rf.c4ad0df6ea77ac262a84d8bbfd02cb76_0009.jpg,WEED6C_crops/0187_jpg.rf.c4ad0df6ea77ac262a84d8bbfd02cb76_0009.jpg,1
0673_jpg.rf.7e62d113f1e994ed95038a0906852a0d_0001.jpg,WEED6C_crops/0673_jpg.rf.7e62d113f1e994ed95038a0906852a0d_0001.jpg,3
1374_jpg.rf.6c64883712d67a3ad448ca10c0398308_0051.jpg,WEED6C_crops/1374_jpg.rf.6c64883712d67a3ad448ca10c0398308_0051.jpg,4
1316_jpg.rf.b6c39be844d72f310445d2b83d940ac7_0005.jpg,WEED6C_crops/1316_jpg.rf.b6c39be844d72f310445d2b83d940ac7_0005.jpg,4
1311_jpg.rf.4a2f9977c5ce6af1d01a777bdced6f04_0024.jpg,WEED6C_crops/1311_jpg.rf.4a2f9977c5ce6af1d01a777bdced6f04_0024.jpg,4
1267_jpg.rf.7a81427b8cf51c46e081b7723f1e15ac_0015.jpg,WEED6C_crops/1267_jpg.rf.7a81427b8cf51c46e081b7723f1e15ac_0015.jpg,4
0314_jpg.rf.008254fb716574269cccede65777836e_0001.jpg,WEED6C_crops/0314_jpg.rf.008254fb716574269cccede65777836e_0001.jpg,3
1238_jpg.rf.8f2e4dde815b3cdba79f2d24a33ad9eb_0007.jpg,WEED6C_crops/1238_jpg.rf.8f2e4dde815b3cdba79f2d24a33ad9eb_0007.jpg,4
1388_jpg.rf.fc14b9c78803698f43244c97c3e3b31e_0003.jpg,WEED6C_crops/1388_jpg.rf.fc14b9c78803698f43244c97c3e3b31e_0003.jpg,1
0263_jpg.rf.0c6fd334d47391998f823378f4db418f_0001.jpg,WEED6C_crops/0263_jpg.rf.0c6fd334d47391998f823378f4db418f_0001.jpg,0
1240_jpg.rf.e1ad20f0f2011d323769409c17d77863_0015.jpg,WEED6C_crops/1240_jpg.rf.e1ad20f0f2011d323769409c17d77863_0015.jpg,4
0376_jpg.rf.6cd0c61dcecc80d6794b8fd0cb7a2c07_0010.jpg,WEED6C_crops/0376_jpg.rf.6cd0c61dcecc80d6794b8fd0cb7a2c07_0010.jpg,0
0876_jpg.rf.048887d24f3b405131ce7dd5aa738324_0003.jpg,WEED6C_crops/0876_jpg.rf.048887d24f3b405131ce7dd5aa738324_0003.jpg,3
0358_jpg.rf.c97895dacc2d80cb7ce916c302051a34_0006.jpg,WEED6C_crops/0358_jpg.rf.c97895dacc2d80cb7ce916c302051a34_0006.jpg,1
0395_jpg.rf.f2e8b3a4987b711f9cd6cb60f5292153_0002.jpg,WEED6C_crops/0395_jpg.rf.f2e8b3a4987b711f9cd6cb60f5292153_0002.jpg,0
1179_jpg.rf.fa86455898e2c5e7f593387bbbca9942_0003.jpg,WEED6C_crops/1179_jpg.rf.fa86455898e2c5e7f593387bbbca9942_0003.jpg,2
1371_jpg.rf.a6456e830a9f9304e2912a0bfb2abda4_0012.jpg,WEED6C_crops/1371_jpg.rf.a6456e830a9f9304e2912a0bfb2abda4_0012.jpg,4
1370_jpg.rf.81f386000a766bd098e73e127fb823ea_0003.jpg,WEED6C_crops/1370_jpg.rf.81f386000a766bd098e73e127fb823ea_0003.jpg,1
1242_jpg.rf.f09f84f41c4850f864177d3921fcc080_0014.jpg,WEED6C_crops/1242_jpg.rf.f09f84f41c4850f864177d3921fcc080_0014.jpg,4
0269_jpg.rf.d2afcb6e7376916e7b38e303cb36bf50_0010.jpg,WEED6C_crops/0269_jpg.rf.d2afcb6e7376916e7b38e303cb36bf50_0010.jpg,1
0486_jpg.rf.19fb2e3d38c83f10f68990165f354cde_0002.jpg,WEED6C_crops/0486_jpg.rf.19fb2e3d38c83f10f68990165f354cde_0002.jpg,3
0690_jpg.rf.1270e37bd3bf6f19152a043b3b786538_0005.jpg,WEED6C_crops/0690_jpg.rf.1270e37bd3bf6f19152a043b3b786538_0005.jpg,3
0787_jpg.rf.e6c980dad95d331321bbf8539fd74613_0001.jpg,WEED6C_crops/0787_jpg.rf.e6c980dad95d331321bbf8539fd74613_0001.jpg,3
0317_jpg.rf.05694a5508a3d9bf052e6632fe5332ce_0002.jpg,WEED6C_crops/0317_jpg.rf.05694a5508a3d9bf052e6632fe5332ce_0002.jpg,3
0639_jpg.rf.cf84d2de19bb5c7c2d6a16a79fbe49d0_0004.jpg,WEED6C_crops/0639_jpg.rf.cf84d2de19bb5c7c2d6a16a79fbe49d0_0004.jpg,0
1243_jpg.rf.748c4b335d58ce6d73b5c2dc513519e8_0012.jpg,WEED6C_crops/1243_jpg.rf.748c4b335d58ce6d73b5c2dc513519e8_0012.jpg,4
0489_jpg.rf.90ee16a9742c4fac4b78d65075723d7e_0005.jpg,WEED6C_crops/0489_jpg.rf.90ee16a9742c4fac4b78d65075723d7e_0005.jpg,3
0189_jpg.rf.a61056290145d63e34d85d78328bce35_0003.jpg,WEED6C_crops/0189_jpg.rf.a61056290145d63e34d85d78328bce35_0003.jpg,0
0747_jpg.rf.3292ef72d0a552cc88e89def86dd4b85_0003.jpg,WEED6C_crops/0747_jpg.rf.3292ef72d0a552cc88e89def86dd4b85_0003.jpg,3
0100_jpg.rf.52520901abd9b7a795060d5160dbd240_0002.jpg,WEED6C_crops/0100_jpg.rf.52520901abd9b7a795060d5160dbd240_0002.jpg,5
0918_jpg.rf.9f96dff4cbd7867f5de651b06e2825e8_0004.jpg,WEED6C_crops/0918_jpg.rf.9f96dff4cbd7867f5de651b06e2825e8_0004.jpg,2
1283_jpg.rf.27f7453f4bae2396f433ee3b8c46fb3a_0003.jpg,WEED6C_crops/1283_jpg.rf.27f7453f4bae2396f433ee3b8c46fb3a_0003.jpg,4
1232_jpg.rf.6a70f87f86c34e215d593fa33bdb4046_0020.jpg,WEED6C_crops/1232_jpg.rf.6a70f87f86c34e215d593fa33bdb4046_0020.jpg,4
0893_jpg.rf.50789b7d3c9a17215559de2d7b29e839_0004.jpg,WEED6C_crops/0893_jpg.rf.50789b7d3c9a17215559de2d7b29e839_0004.jpg,3
1358_jpg.rf.596bf1c7fe66e55cef5de750deba63b9_0035.jpg,WEED6C_crops/1358_jpg.rf.596bf1c7fe66e55cef5de750deba63b9_0035.jpg,4
0425_jpg.rf.4ec120467494a0128b10e899a88f69ac_0003.jpg,WEED6C_crops/0425_jpg.rf.4ec120467494a0128b10e899a88f69ac_0003.jpg,1
0724_jpg.rf.aab4a68730fe7f1f0ebc4c76442eba63_0007.jpg,WEED6C_crops/0724_jpg.rf.aab4a68730fe7f1f0ebc4c76442eba63_0007.jpg,0
0340_jpg.rf.4e0e72821dae12851a50a8833d4532ba_0004.jpg,WEED6C_crops/0340_jpg.rf.4e0e72821dae12851a50a8833d4532ba_0004.jpg,0
1091_jpg.rf.d6a763ce4625b7c11b93f7d97ba30c7b_0001.jpg,WEED6C_crops/1091_jpg.rf.d6a763ce4625b7c11b93f7d97ba30c7b_0001.jpg,3
0246_jpg.rf.ec9c85e91b0b56953a1526c7e0ac2bb1_0012.jpg,WEED6C_crops/0246_jpg.rf.ec9c85e91b0b56953a1526c7e0ac2bb1_0012.jpg,0
0864_jpg.rf.a89fcd6973f4f63d9a927a2f4b53e02a_0002.jpg,WEED6C_crops/0864_jpg.rf.a89fcd6973f4f63d9a927a2f4b53e02a_0002.jpg,0
0632_jpg.rf.9835eced0ca94b3dc06bf15ea115944a_0004.jpg,WEED6C_crops/0632_jpg.rf.9835eced0ca94b3dc06bf15ea115944a_0004.jpg,2
1384_jpg.rf.afcd8b0134972419b998849c6733c7a3_0018.jpg,WEED6C_crops/1384_jpg.rf.afcd8b0134972419b998849c6733c7a3_0018.jpg,1
0278_jpg.rf.15b2a8c784e81820e90c2403b778d212_0003.jpg,WEED6C_crops/0278_jpg.rf.15b2a8c784e81820e90c2403b778d212_0003.jpg,3
0328_jpg.rf.f43504985d16f280c5606367437ee358_0007.jpg,WEED6C_crops/0328_jpg.rf.f43504985d16f280c5606367437ee358_0007.jpg,3
1341_jpg.rf.9d8942b91b7a5f0bbf8dae68d9c390e2_0019.jpg,WEED6C_crops/1341_jpg.rf.9d8942b91b7a5f0bbf8dae68d9c390e2_0019.jpg,4
0348_jpg.rf.8adcfa747d63c6198e8066a5acfd0023_0002.jpg,WEED6C_crops/0348_jpg.rf.8adcfa747d63c6198e8066a5acfd0023_0002.jpg,3
1383_jpg.rf.774d8f8762ff9dbe26c5db3a3e211276_0018.jpg,WEED6C_crops/1383_jpg.rf.774d8f8762ff9dbe26c5db3a3e211276_0018.jpg,4
0578_jpg.rf.8d8afca121a5398f087307e86aa6c323_0002.jpg,WEED6C_crops/0578_jpg.rf.8d8afca121a5398f087307e86aa6c323_0002.jpg,3
0357_jpg.rf.f4ad7df0adfd56eef277a6ba6334d617_0009.jpg,WEED6C_crops/0357_jpg.rf.f4ad7df0adfd56eef277a6ba6334d617_0009.jpg,0
0439_jpg.rf.b4c2da5ea08ffdf35ec3e59a4c613e8b_0002.jpg,WEED6C_crops/0439_jpg.rf.b4c2da5ea08ffdf35ec3e59a4c613e8b_0002.jpg,1
0647_jpg.rf.86cfb18fe51662243fe80ca3263b157c_0004.jpg,WEED6C_crops/0647_jpg.rf.86cfb18fe51662243fe80ca3263b157c_0004.jpg,3
1273_jpg.rf.62a4771daa1cc264e358ecc037df2ea2_0002.jpg,WEED6C_crops/1273_jpg.rf.62a4771daa1cc264e358ecc037df2ea2_0002.jpg,4
0995_jpg.rf.91cc6340c03a408db29aa5cb396b54a0_0006.jpg,WEED6C_crops/0995_jpg.rf.91cc6340c03a408db29aa5cb396b54a0_0006.jpg,3
1237_jpg.rf.e87e95a727e50bae03c61f0b1e8522b6_0003.jpg,WEED6C_crops/1237_jpg.rf.e87e95a727e50bae03c61f0b1e8522b6_0003.jpg,4
1203_jpg.rf.5253d2dca6c2e03cb1d0934eec0d90cb_0002.jpg,WEED6C_crops/1203_jpg.rf.5253d2dca6c2e03cb1d0934eec0d90cb_0002.jpg,2
0202_jpg.rf.c77af3471a7918b2320b842898212017_0009.jpg,WEED6C_crops/0202_jpg.rf.c77af3471a7918b2320b842898212017_0009.jpg,3
1356_jpg.rf.2f9a9ccab7035b4c81a5ca992e4a9838_0014.jpg,WEED6C_crops/1356_jpg.rf.2f9a9ccab7035b4c81a5ca992e4a9838_0014.jpg,4
1230_jpg.rf.60caad5b3d36a901c24668ddacd2f112_0021.jpg,WEED6C_crops/1230_jpg.rf.60caad5b3d36a901c24668ddacd2f112_0021.jpg,4
1159_jpg.rf.83ea17d3245366bfb3c3e57d58ef21ca_0001.jpg,WEED6C_crops/1159_jpg.rf.83ea17d3245366bfb3c3e57d58ef21ca_0001.jpg,2
0288_jpg.rf.bb389a0b6eaf05d324c60d6c24a764fa_0010.jpg,WEED6C_crops/0288_jpg.rf.bb389a0b6eaf05d324c60d6c24a764fa_0010.jpg,0
1300_jpg.rf.c8a7b7da90c3a7f70a2e39b8ca47e4fd_0007.jpg,WEED6C_crops/1300_jpg.rf.c8a7b7da90c3a7f70a2e39b8ca47e4fd_0007.jpg,1
0970_jpg.rf.6184d646bac6ccf09040b682b9ce2107_0001.jpg,WEED6C_crops/0970_jpg.rf.6184d646bac6ccf09040b682b9ce2107_0001.jpg,3
1357_jpg.rf.65ed3ccb047c00c090abcb2750f4d22e_0006.jpg,WEED6C_crops/1357_jpg.rf.65ed3ccb047c00c090abcb2750f4d22e_0006.jpg,4
0186_jpg.rf.bcca643271d23378f204a3628c166868_0007.jpg,WEED6C_crops/0186_jpg.rf.bcca643271d23378f204a3628c166868_0007.jpg,1
0879_jpg.rf.b2153caeca9af76e27e76c6cc45c8415_0001.jpg,WEED6C_crops/0879_jpg.rf.b2153caeca9af76e27e76c6cc45c8415_0001.jpg,0
0830_jpg.rf.8781b961273330d6d6176c9d9e45393a_0006.jpg,WEED6C_crops/0830_jpg.rf.8781b961273330d6d6176c9d9e45393a_0006.jpg,1
0039_jpg.rf.ae5b0c29e817d057914627ce85a5c988_0004.jpg,WEED6C_crops/0039_jpg.rf.ae5b0c29e817d057914627ce85a5c988_0004.jpg,5
1233_jpg.rf.a9ad2187477d12adf58c20e898c06211_0030.jpg,WEED6C_crops/1233_jpg.rf.a9ad2187477d12adf58c20e898c06211_0030.jpg,4
0200_jpg.rf.6b4e37f11081d4c5099202dd17e1b969_0006.jpg,WEED6C_crops/0200_jpg.rf.6b4e37f11081d4c5099202dd17e1b969_0006.jpg,3
0713_jpg.rf.a990cc840090b03a0b7dea71002eb6d9_0002.jpg,WEED6C_crops/0713_jpg.rf.a990cc840090b03a0b7dea71002eb6d9_0002.jpg,0
0994_jpg.rf.f87cdcefa354afffe8dbf24c79cd8c8e_0001.jpg,WEED6C_crops/0994_jpg.rf.f87cdcefa354afffe8dbf24c79cd8c8e_0001.jpg,2
1024_jpg.rf.04ea6401ce69833a5758405371de2f05_0003.jpg,WEED6C_crops/1024_jpg.rf.04ea6401ce69833a5758405371de2f05_0003.jpg,0
0692_jpg.rf.3e63ffcc62ea44d1a4bd08458b8fa9b8_0007.jpg,WEED6C_crops/0692_jpg.rf.3e63ffcc62ea44d1a4bd08458b8fa9b8_0007.jpg,2
1270_jpg.rf.c34b854accd8ec862089128de29e245c_0009.jpg,WEED6C_crops/1270_jpg.rf.c34b854accd8ec862089128de29e245c_0009.jpg,4
1093_jpg.rf.46486f0aa96f6b6c1ffe62adb80a64ad_0001.jpg,WEED6C_crops/1093_jpg.rf.46486f0aa96f6b6c1ffe62adb80a64ad_0001.jpg,3
0635_jpg.rf.f7caf9e3f7ff4730aba9afa72bf6194d_0007.jpg,WEED6C_crops/0635_jpg.rf.f7caf9e3f7ff4730aba9afa72bf6194d_0007.jpg,2
0856_jpg.rf.55d3bc35cbf75a8f3de29e1c6297a5f2_0009.jpg,WEED6C_crops/0856_jpg.rf.55d3bc35cbf75a8f3de29e1c6297a5f2_0009.jpg,3
0800_jpg.rf.6e91f21dfd2496b363b816fb2e3a2895_0008.jpg,WEED6C_crops/0800_jpg.rf.6e91f21dfd2496b363b816fb2e3a2895_0008.jpg,3
1228_jpg.rf.3a6e1d55fd194952bef3ad055644cc66_0017.jpg,WEED6C_crops/1228_jpg.rf.3a6e1d55fd194952bef3ad055644cc66_0017.jpg,1
1307_jpg.rf.33599e09e24700c862edbff3b301109d_0005.jpg,WEED6C_crops/1307_jpg.rf.33599e09e24700c862edbff3b301109d_0005.jpg,4
0284_jpg.rf.c2b8611e73ffa1a24090fdc1a431bce4_0011.jpg,WEED6C_crops/0284_jpg.rf.c2b8611e73ffa1a24090fdc1a431bce4_0011.jpg,0
0882_jpg.rf.7d2c497fe43cc926602ca22ef35e0094_0001.jpg,WEED6C_crops/0882_jpg.rf.7d2c497fe43cc926602ca22ef35e0094_0001.jpg,0
1305_jpg.rf.443512b37c4cb64236dc2fdc570ded6d_0014.jpg,WEED6C_crops/1305_jpg.rf.443512b37c4cb64236dc2fdc570ded6d_0014.jpg,4
0631_jpg.rf.985bf6d9fd03ad590a8367e398f64076_0005.jpg,WEED6C_crops/0631_jpg.rf.985bf6d9fd03ad590a8367e398f64076_0005.jpg,3
1287_jpg.rf.0bdfb5a514691b4b64c3bd4322c0459b_0015.jpg,WEED6C_crops/1287_jpg.rf.0bdfb5a514691b4b64c3bd4322c0459b_0015.jpg,4
0335_jpg.rf.7827909047b000b9fd95e3c3cb87b375_0014.jpg,WEED6C_crops/0335_jpg.rf.7827909047b000b9fd95e3c3cb87b375_0014.jpg,2
0193_jpg.rf.88709cc595706f8481dc357d500cb43a_0002.jpg,WEED6C_crops/0193_jpg.rf.88709cc595706f8481dc357d500cb43a_0002.jpg,0
1239_jpg.rf.7b926cf59320e9b12909abef7c8e7aac_0004.jpg,WEED6C_crops/1239_jpg.rf.7b926cf59320e9b12909abef7c8e7aac_0004.jpg,4
0443_jpg.rf.026d7fc275e45d8c0224bd4647fb2414_0002.jpg,WEED6C_crops/0443_jpg.rf.026d7fc275e45d8c0224bd4647fb2414_0002.jpg,1
0966_jpg.rf.7596ec898ee8caabeceb7e50d7324b05_0003.jpg,WEED6C_crops/0966_jpg.rf.7596ec898ee8caabeceb7e50d7324b05_0003.jpg,1
0615_jpg.rf.d512246b505bbe2454cd906a72f4f432_0004.jpg,WEED6C_crops/0615_jpg.rf.d512246b505bbe2454cd906a72f4f432_0004.jpg,0
0306_jpg.rf.a84c0ea4523c1d862d89fd13bc5e3c59_0004.jpg,WEED6C_crops/0306_jpg.rf.a84c0ea4523c1d862d89fd13bc5e3c59_0004.jpg,3
0918_jpg.rf.9f96dff4cbd7867f5de651b06e2825e8_0001.jpg,WEED6C_crops/0918_jpg.rf.9f96dff4cbd7867f5de651b06e2825e8_0001.jpg,1
1384_jpg.rf.afcd8b0134972419b998849c6733c7a3_0007.jpg,WEED6C_crops/1384_jpg.rf.afcd8b0134972419b998849c6733c7a3_0007.jpg,4
1289_jpg.rf.957e6f56bd4082a5f0de4abb3406240f_0009.jpg,WEED6C_crops/1289_jpg.rf.957e6f56bd4082a5f0de4abb3406240f_0009.jpg,4
0547_jpg.rf.c4445717fbb3f1860ac80d1fb8e1ddd3_0001.jpg,WEED6C_crops/0547_jpg.rf.c4445717fbb3f1860ac80d1fb8e1ddd3_0001.jpg,1
0830_jpg.rf.8781b961273330d6d6176c9d9e45393a_0002.jpg,WEED6C_crops/0830_jpg.rf.8781b961273330d6d6176c9d9e45393a_0002.jpg,0
0668_jpg.rf.1a1b53ddc6d125011fe6853ed7ffb926_0004.jpg,WEED6C_crops/0668_jpg.rf.1a1b53ddc6d125011fe6853ed7ffb926_0004.jpg,0
0559_jpg.rf.f0c88e460bcaa95a5f8fd0c5421b88af_0003.jpg,WEED6C_crops/0559_jpg.rf.f0c88e460bcaa95a5f8fd0c5421b88af_0003.jpg,3
0410_jpg.rf.61ef6ff6c0e42d24db454259cbfe3332_0002.jpg,WEED6C_crops/0410_jpg.rf.61ef6ff6c0e42d24db454259cbfe3332_0002.jpg,3
1030_jpg.rf.7ad838e3c7f8a781807988fe04d50b7e_0001.jpg,WEED6C_crops/1030_jpg.rf.7ad838e3c7f8a781807988fe04d50b7e_0001.jpg,1
0790_jpg.rf.b48833a768bd921490747ab77aeb1b0f_0001.jpg,WEED6C_crops/0790_jpg.rf.b48833a768bd921490747ab77aeb1b0f_0001.jpg,3
1383_jpg.rf.774d8f8762ff9dbe26c5db3a3e211276_0026.jpg,WEED6C_crops/1383_jpg.rf.774d8f8762ff9dbe26c5db3a3e211276_0026.jpg,0
1221_jpg.rf.506107762923b6ecace24cc892e1897f_0001.jpg,WEED6C_crops/1221_jpg.rf.506107762923b6ecace24cc892e1897f_0001.jpg,2
1384_jpg.rf.afcd8b0134972419b998849c6733c7a3_0013.jpg,WEED6C_crops/1384_jpg.rf.afcd8b0134972419b998849c6733c7a3_0013.jpg,4
1315_jpg.rf.0b8085935589ebdedc6aafe2eeb83a84_0013.jpg,WEED6C_crops/1315_jpg.rf.0b8085935589ebdedc6aafe2eeb83a84_0013.jpg,4
1240_jpg.rf.e1ad20f0f2011d323769409c17d77863_0010.jpg,WEED6C_crops/1240_jpg.rf.e1ad20f0f2011d323769409c17d77863_0010.jpg,4
0479_jpg.rf.d4a2d69d4c1d408d702de64a4f118cc1_0005.jpg,WEED6C_crops/0479_jpg.rf.d4a2d69d4c1d408d702de64a4f118cc1_0005.jpg,0
0561_jpg.rf.4695a0911cd330037776119fe0be25a7_0002.jpg,WEED6C_crops/0561_jpg.rf.4695a0911cd330037776119fe0be25a7_0002.jpg,3
1361_jpg.rf.fce9ac7b2b25171d1b0e7ccf4383cf25_0021.jpg,WEED6C_crops/1361_jpg.rf.fce9ac7b2b25171d1b0e7ccf4383cf25_0021.jpg,4
0778_jpg.rf.0f302eaa382ebccb02ebacf8c6755587_0003.jpg,WEED6C_crops/0778_jpg.rf.0f302eaa382ebccb02ebacf8c6755587_0003.jpg,3
0441_jpg.rf.72e7339d45ba5753826477ffea6cd24f_0003.jpg,WEED6C_crops/0441_jpg.rf.72e7339d45ba5753826477ffea6cd24f_0003.jpg,1
0085_jpg.rf.899d587859a2f54a75195c7523a70472_0015.jpg,WEED6C_crops/0085_jpg.rf.899d587859a2f54a75195c7523a70472_0015.jpg,5
0522_jpg.rf.a6d4c7e58784167fafca6ce8201e1a44_0001.jpg,WEED6C_crops/0522_jpg.rf.a6d4c7e58784167fafca6ce8201e1a44_0001.jpg,2
0704_jpg.rf.eef5dd92ac237a136fb2d73156500d0e_0003.jpg,WEED6C_crops/0704_jpg.rf.eef5dd92ac237a136fb2d73156500d0e_0003.jpg,2
1233_jpg.rf.a9ad2187477d12adf58c20e898c06211_0022.jpg,WEED6C_crops/1233_jpg.rf.a9ad2187477d12adf58c20e898c06211_0022.jpg,4
1355_jpg.rf.6913dec06d5038de035d46f593a0bd9e_0023.jpg,WEED6C_crops/1355_jpg.rf.6913dec06d5038de035d46f593a0bd9e_0023.jpg,4
1286_jpg.rf.a2f3cfb47234b710f8934ba54d6eb78d_0012.jpg,WEED6C_crops/1286_jpg.rf.a2f3cfb47234b710f8934ba54d6eb78d_0012.jpg,4
0895_jpg.rf.83ba4fefe1afad3266557765abe3fe14_0001.jpg,WEED6C_crops/0895_jpg.rf.83ba4fefe1afad3266557765abe3fe14_0001.jpg,3
0843_jpg.rf.19990dca923bda404242d7a76489c5e8_0003.jpg,WEED6C_crops/0843_jpg.rf.19990dca923bda404242d7a76489c5e8_0003.jpg,3
0530_jpg.rf.f843e32642e890924b87e165a22960a8_0004.jpg,WEED6C_crops/0530_jpg.rf.f843e32642e890924b87e165a22960a8_0004.jpg,3
1227_jpg.rf.eb9e3a2fa93b1867c5cb9f3a1fcf7bdb_0011.jpg,WEED6C_crops/1227_jpg.rf.eb9e3a2fa93b1867c5cb9f3a1fcf7bdb_0011.jpg,0
0380_jpg.rf.b7d0b2854cc8079b8d7d331027e84793_0010.jpg,WEED6C_crops/0380_jpg.rf.b7d0b2854cc8079b8d7d331027e84793_0010.jpg,0
1098_jpg.rf.76df0509a36a1f7263b7c0034847fce4_0002.jpg,WEED6C_crops/1098_jpg.rf.76df0509a36a1f7263b7c0034847fce4_0002.jpg,2
0014_jpg.rf.0331fc38ac95a67b7b5693c3acee35ef_0001.jpg,WEED6C_crops/0014_jpg.rf.0331fc38ac95a67b7b5693c3acee35ef_0001.jpg,5
1266_jpg.rf.b6ff71f2ca53cd0403e63652331b6edb_0019.jpg,WEED6C_crops/1266_jpg.rf.b6ff71f2ca53cd0403e63652331b6edb_0019.jpg,4
1384_jpg.rf.afcd8b0134972419b998849c6733c7a3_0020.jpg,WEED6C_crops/1384_jpg.rf.afcd8b0134972419b998849c6733c7a3_0020.jpg,4
0990_jpg.rf.365b34be70ff5fc5e8c24b41d6d5c4a7_0003.jpg,WEED6C_crops/0990_jpg.rf.365b34be70ff5fc5e8c24b41d6d5c4a7_0003.jpg,2
0119_jpg.rf.e6a9bb8428828688efea4b554bdaeb9d_0001.jpg,WEED6C_crops/0119_jpg.rf.e6a9bb8428828688efea4b554bdaeb9d_0001.jpg,5
1115_jpg.rf.78dc7a85994899a263902ced382d1d12_0004.jpg,WEED6C_crops/1115_jpg.rf.78dc7a85994899a263902ced382d1d12_0004.jpg,2
0184_jpg.rf.6bf6bbd8ab10cd380a22c0720120cee6_0006.jpg,WEED6C_crops/0184_jpg.rf.6bf6bbd8ab10cd380a22c0720120cee6_0006.jpg,1
0336_jpg.rf.c36e08c51649b8492e62de070db20184_0008.jpg,WEED6C_crops/0336_jpg.rf.c36e08c51649b8492e62de070db20184_0008.jpg,3
0919_jpg.rf.4128e3e1a60bf491fba0d117b2e76335_0005.jpg,WEED6C_crops/0919_jpg.rf.4128e3e1a60bf491fba0d117b2e76335_0005.jpg,3
0805_jpg.rf.860f41f4ed8ff3c4d55930e55b0990a9_0003.jpg,WEED6C_crops/0805_jpg.rf.860f41f4ed8ff3c4d55930e55b0990a9_0003.jpg,3
0744_jpg.rf.7f045beebbd341c73119850dbe71b518_0002.jpg,WEED6C_crops/0744_jpg.rf.7f045beebbd341c73119850dbe71b518_0002.jpg,0
1247_jpg.rf.f72539c749932b410356da3c4cdfcae8_0008.jpg,WEED6C_crops/1247_jpg.rf.f72539c749932b410356da3c4cdfcae8_0008.jpg,1
0903_jpg.rf.27330c135acad882d05cd53ffefc64b2_0013.jpg,WEED6C_crops/0903_jpg.rf.27330c135acad882d05cd53ffefc64b2_0013.jpg,2
0473_jpg.rf.6b91ab3c1e14b02130e5ae789b04d843_0005.jpg,WEED6C_crops/0473_jpg.rf.6b91ab3c1e14b02130e5ae789b04d843_0005.jpg,2
0268_jpg.rf.29ca8c5228413263362774580ff9c442_0002.jpg,WEED6C_crops/0268_jpg.rf.29ca8c5228413263362774580ff9c442_0002.jpg,0
0053_jpg.rf.b5269321e3379fb30147b63ad9cb56ce_0002.jpg,WEED6C_crops/0053_jpg.rf.b5269321e3379fb30147b63ad9cb56ce_0002.jpg,5
1191_jpg.rf.12309e2fa501f68fc2afca87e91a486c_0002.jpg,WEED6C_crops/1191_jpg.rf.12309e2fa501f68fc2afca87e91a486c_0002.jpg,2
1235_jpg.rf.8f167c07ecb86590be8dd4ab7f58be2c_0001.jpg,WEED6C_crops/1235_jpg.rf.8f167c07ecb86590be8dd4ab7f58be2c_0001.jpg,1
0675_jpg.rf.6a7819444b72c748ac1958e0c1ddc046_0001.jpg,WEED6C_crops/0675_jpg.rf.6a7819444b72c748ac1958e0c1ddc046_0001.jpg,3
1310_jpg.rf.317ac2cca5f24479b0098bf7fbab9ceb_0002.jpg,WEED6C_crops/1310_jpg.rf.317ac2cca5f24479b0098bf7fbab9ceb_0002.jpg,4
0388_jpg.rf.ed37216b56f6c6c2c0a637221b23e485_0004.jpg,WEED6C_crops/0388_jpg.rf.ed37216b56f6c6c2c0a637221b23e485_0004.jpg,3
0695_jpg.rf.684635c2bfda40c84b4134853b981c95_0001.jpg,WEED6C_crops/0695_jpg.rf.684635c2bfda40c84b4134853b981c95_0001.jpg,3
0904_jpg.rf.c10898629ee769229ff22e4c2c0f3a8a_0001.jpg,WEED6C_crops/0904_jpg.rf.c10898629ee769229ff22e4c2c0f3a8a_0001.jpg,3
0305_jpg.rf.fcdc613d2dd7df19f2262f2390283e2b_0004.jpg,WEED6C_crops/0305_jpg.rf.fcdc613d2dd7df19f2262f2390283e2b_0004.jpg,3
0306_jpg.rf.a84c0ea4523c1d862d89fd13bc5e3c59_0003.jpg,WEED6C_crops/0306_jpg.rf.a84c0ea4523c1d862d89fd13bc5e3c59_0003.jpg,3
1350_jpg.rf.c4e3678c0fb3792d81765cc98b2c9760_0007.jpg,WEED6C_crops/1350_jpg.rf.c4e3678c0fb3792d81765cc98b2c9760_0007.jpg,4
1375_jpg.rf.b0f1411c79e1b676b013097ecfe9a149_0009.jpg,WEED6C_crops/1375_jpg.rf.b0f1411c79e1b676b013097ecfe9a149_0009.jpg,4
0714_jpg.rf.5465813133b6263166f177343a517bc1_0002.jpg,WEED6C_crops/0714_jpg.rf.5465813133b6263166f177343a517bc1_0002.jpg,3
1370_jpg.rf.81f386000a766bd098e73e127fb823ea_0040.jpg,WEED6C_crops/1370_jpg.rf.81f386000a766bd098e73e127fb823ea_0040.jpg,4
0685_jpg.rf.0e3a746291e45152895da0c9eb692e20_0005.jpg,WEED6C_crops/0685_jpg.rf.0e3a746291e45152895da0c9eb692e20_0005.jpg,0
0281_jpg.rf.525275ec8f77a3e6f1a0adab97e761ed_0010.jpg,WEED6C_crops/0281_jpg.rf.525275ec8f77a3e6f1a0adab97e761ed_0010.jpg,3
1343_jpg.rf.5f18c75b4fd49b4163ba2bb3af2f505f_0003.jpg,WEED6C_crops/1343_jpg.rf.5f18c75b4fd49b4163ba2bb3af2f505f_0003.jpg,4
0281_jpg.rf.525275ec8f77a3e6f1a0adab97e761ed_0011.jpg,WEED6C_crops/0281_jpg.rf.525275ec8f77a3e6f1a0adab97e761ed_0011.jpg,0
0600_jpg.rf.cce8e3eda50efb97b7117af66ca86657_0005.jpg,WEED6C_crops/0600_jpg.rf.cce8e3eda50efb97b7117af66ca86657_0005.jpg,0
0540_jpg.rf.23c8aaf79c0cf86a1936e74d9f646568_0006.jpg,WEED6C_crops/0540_jpg.rf.23c8aaf79c0cf86a1936e74d9f646568_0006.jpg,1
1343_jpg.rf.5f18c75b4fd49b4163ba2bb3af2f505f_0019.jpg,WEED6C_crops/1343_jpg.rf.5f18c75b4fd49b4163ba2bb3af2f505f_0019.jpg,4
0271_jpg.rf.a6f785cce1915aed1f4696a67689f20a_0009.jpg,WEED6C_crops/0271_jpg.rf.a6f785cce1915aed1f4696a67689f20a_0009.jpg,0
1154_jpg.rf.9edac25ed5bfd7c6c7726a6c231a432b_0001.jpg,WEED6C_crops/1154_jpg.rf.9edac25ed5bfd7c6c7726a6c231a432b_0001.jpg,2
0275_jpg.rf.c56d677ffb9142d5af17b4a6e37d00a9_0005.jpg,WEED6C_crops/0275_jpg.rf.c56d677ffb9142d5af17b4a6e37d00a9_0005.jpg,0
1380_jpg.rf.c17524f4eb123d41b596e05bb2c20b30_0021.jpg,WEED6C_crops/1380_jpg.rf.c17524f4eb123d41b596e05bb2c20b30_0021.jpg,4
1303_jpg.rf.8f30bd948ef635a90243d4eb022d379b_0014.jpg,WEED6C_crops/1303_jpg.rf.8f30bd948ef635a90243d4eb022d379b_0014.jpg,4
0839_jpg.rf.5576dd4d342fc9fcb99e33fe18e59c9f_0012.jpg,WEED6C_crops/0839_jpg.rf.5576dd4d342fc9fcb99e33fe18e59c9f_0012.jpg,0
1382_jpg.rf.c7bb27d718933e160b3c41d3f17e3d83_0021.jpg,WEED6C_crops/1382_jpg.rf.c7bb27d718933e160b3c41d3f17e3d83_0021.jpg,1
1242_jpg.rf.f09f84f41c4850f864177d3921fcc080_0020.jpg,WEED6C_crops/1242_jpg.rf.f09f84f41c4850f864177d3921fcc080_0020.jpg,0
0044_jpg.rf.0cd5ad8d81728e9cc3c0bb46685cd02b_0002.jpg,WEED6C_crops/0044_jpg.rf.0cd5ad8d81728e9cc3c0bb46685cd02b_0002.jpg,5
0829_jpg.rf.6a1d9b4d0bab507a79caf69fad25f8fd_0008.jpg,WEED6C_crops/0829_jpg.rf.6a1d9b4d0bab507a79caf69fad25f8fd_0008.jpg,2
1370_jpg.rf.81f386000a766bd098e73e127fb823ea_0012.jpg,WEED6C_crops/1370_jpg.rf.81f386000a766bd098e73e127fb823ea_0012.jpg,4
1362_jpg.rf.ab5fc04e9f26ec91359122ba4c109436_0038.jpg,WEED6C_crops/1362_jpg.rf.ab5fc04e9f26ec91359122ba4c109436_0038.jpg,4
1238_jpg.rf.8f2e4dde815b3cdba79f2d24a33ad9eb_0037.jpg,WEED6C_crops/1238_jpg.rf.8f2e4dde815b3cdba79f2d24a33ad9eb_0037.jpg,4
0865_jpg.rf.65c362bbb573135548e752b1dbd0f40a_0003.jpg,WEED6C_crops/0865_jpg.rf.65c362bbb573135548e752b1dbd0f40a_0003.jpg,0
0533_jpg.rf.604081795b4fc0163b58e3ea7ba400ae_0003.jpg,WEED6C_crops/0533_jpg.rf.604081795b4fc0163b58e3ea7ba400ae_0003.jpg,3
0723_jpg.rf.96058bffd63fb44ded69e4f9ce4bc653_0008.jpg,WEED6C_crops/0723_jpg.rf.96058bffd63fb44ded69e4f9ce4bc653_0008.jpg,3
1264_jpg.rf.9dcfa7b826804ef4063b1ac764b21e8c_0015.jpg,WEED6C_crops/1264_jpg.rf.9dcfa7b826804ef4063b1ac764b21e8c_0015.jpg,4
1229_jpg.rf.f39c48606a011efde3d20b5d68fa1f43_0007.jpg,WEED6C_crops/1229_jpg.rf.f39c48606a011efde3d20b5d68fa1f43_0007.jpg,4
0655_jpg.rf.9731d241c8517aaac5f38f8709892ca0_0004.jpg,WEED6C_crops/0655_jpg.rf.9731d241c8517aaac5f38f8709892ca0_0004.jpg,0
0548_jpg.rf.1482f6cb6705a1a4532c92848414f292_0003.jpg,WEED6C_crops/0548_jpg.rf.1482f6cb6705a1a4532c92848414f292_0003.jpg,3
1245_jpg.rf.4069f16d0c1ce36ab134055a59d74c0e_0002.jpg,WEED6C_crops/1245_jpg.rf.4069f16d0c1ce36ab134055a59d74c0e_0002.jpg,4
0371_jpg.rf.62d76e210274f453e41cae2c6e4d0fce_0004.jpg,WEED6C_crops/0371_jpg.rf.62d76e210274f453e41cae2c6e4d0fce_0004.jpg,3
0983_jpg.rf.f36493ab8ed2c4049df018f624546153_0001.jpg,WEED6C_crops/0983_jpg.rf.f36493ab8ed2c4049df018f624546153_0001.jpg,3
0402_jpg.rf.e47f921e7fde543ee67ed33616ac6bc6_0001.jpg,WEED6C_crops/0402_jpg.rf.e47f921e7fde543ee67ed33616ac6bc6_0001.jpg,0
1085_jpg.rf.dfa62646cea91c8d77160a57bd1f7082_0001.jpg,WEED6C_crops/1085_jpg.rf.dfa62646cea91c8d77160a57bd1f7082_0001.jpg,2
1304_jpg.rf.bdabd9792ab23d3924d6e3d26f3aec06_0021.jpg,WEED6C_crops/1304_jpg.rf.bdabd9792ab23d3924d6e3d26f3aec06_0021.jpg,4
0280_jpg.rf.3ce53678ac19500daa9a33c002511d2c_0011.jpg,WEED6C_crops/0280_jpg.rf.3ce53678ac19500daa9a33c002511d2c_0011.jpg,3
0863_jpg.rf.26770e014f1133ea96231f3a9a266c3b_0006.jpg,WEED6C_crops/0863_jpg.rf.26770e014f1133ea96231f3a9a266c3b_0006.jpg,1
1179_jpg.rf.fa86455898e2c5e7f593387bbbca9942_0002.jpg,WEED6C_crops/1179_jpg.rf.fa86455898e2c5e7f593387bbbca9942_0002.jpg,2
1337_jpg.rf.e28a9d239b7f72ac8aa2c724b2e787bd_0007.jpg,WEED6C_crops/1337_jpg.rf.e28a9d239b7f72ac8aa2c724b2e787bd_0007.jpg,4
1047_jpg.rf.26275169fd1877f95af0e4973f501e83_0002.jpg,WEED6C_crops/1047_jpg.rf.26275169fd1877f95af0e4973f501e83_0002.jpg,0
1321_jpg.rf.8e65d21edc01a3aaf9a2de8cd2acce95_0002.jpg,WEED6C_crops/1321_jpg.rf.8e65d21edc01a3aaf9a2de8cd2acce95_0002.jpg,4
1357_jpg.rf.65ed3ccb047c00c090abcb2750f4d22e_0019.jpg,WEED6C_crops/1357_jpg.rf.65ed3ccb047c00c090abcb2750f4d22e_0019.jpg,4
0646_jpg.rf.1f8e99646f33780308c83bd87b89c8e1_0001.jpg,WEED6C_crops/0646_jpg.rf.1f8e99646f33780308c83bd87b89c8e1_0001.jpg,3
1353_jpg.rf.bec9bcda29461e97059f99cbf8431546_0008.jpg,WEED6C_crops/1353_jpg.rf.bec9bcda29461e97059f99cbf8431546_0008.jpg,4
0520_jpg.rf.c8d1e39cc09d9eb3a181ea9d88f98894_0005.jpg,WEED6C_crops/0520_jpg.rf.c8d1e39cc09d9eb3a181ea9d88f98894_0005.jpg,0
0601_jpg.rf.d4e7b8fca4e5da2da56623920c7d843c_0007.jpg,WEED6C_crops/0601_jpg.rf.d4e7b8fca4e5da2da56623920c7d843c_0007.jpg,2
1295_jpg.rf.f42892f9b9b14e4cd48cb8f649d05aa8_0011.jpg,WEED6C_crops/1295_jpg.rf.f42892f9b9b14e4cd48cb8f649d05aa8_0011.jpg,4
0284_jpg.rf.c2b8611e73ffa1a24090fdc1a431bce4_0012.jpg,WEED6C_crops/0284_jpg.rf.c2b8611e73ffa1a24090fdc1a431bce4_0012.jpg,0
1339_jpg.rf.c1d6ea90c66a0ca02bdb39223830ec18_0001.jpg,WEED6C_crops/1339_jpg.rf.c1d6ea90c66a0ca02bdb39223830ec18_0001.jpg,4
0917_jpg.rf.659c1946333aaf090f0b0517a4e6569a_0004.jpg,WEED6C_crops/0917_jpg.rf.659c1946333aaf090f0b0517a4e6569a_0004.jpg,3
0479_jpg.rf.d4a2d69d4c1d408d702de64a4f118cc1_0006.jpg,WEED6C_crops/0479_jpg.rf.d4a2d69d4c1d408d702de64a4f118cc1_0006.jpg,3
0820_jpg.rf.b5a762c4ff1d5376807abd31a74f5fde_0004.jpg,WEED6C_crops/0820_jpg.rf.b5a762c4ff1d5376807abd31a74f5fde_0004.jpg,0
1049_jpg.rf.037fa3562bd66fd6dc1fb60804855b89_0003.jpg,WEED6C_crops/1049_jpg.rf.037fa3562bd66fd6dc1fb60804855b89_0003.jpg,0
1028_jpg.rf.4f9abef126adf52d1f465dbf01749981_0002.jpg,WEED6C_crops/1028_jpg.rf.4f9abef126adf52d1f465dbf01749981_0002.jpg,2
1237_jpg.rf.e87e95a727e50bae03c61f0b1e8522b6_0005.jpg,WEED6C_crops/1237_jpg.rf.e87e95a727e50bae03c61f0b1e8522b6_0005.jpg,4
1324_jpg.rf.3a229c242e1658a78ef760d872b6d39f_0008.jpg,WEED6C_crops/1324_jpg.rf.3a229c242e1658a78ef760d872b6d39f_0008.jpg,0
0047_jpg.rf.1d9a348d51172b1224305d839b838ec9_0007.jpg,WEED6C_crops/0047_jpg.rf.1d9a348d51172b1224305d839b838ec9_0007.jpg,5
0581_jpg.rf.44c41e3442e44aba819a76408a41aea2_0003.jpg,WEED6C_crops/0581_jpg.rf.44c41e3442e44aba819a76408a41aea2_0003.jpg,3
0179_jpg.rf.e984743783c8dc30e49ecafdae3bbc85_0002.jpg,WEED6C_crops/0179_jpg.rf.e984743783c8dc30e49ecafdae3bbc85_0002.jpg,3
0200_jpg.rf.6b4e37f11081d4c5099202dd17e1b969_0012.jpg,WEED6C_crops/0200_jpg.rf.6b4e37f11081d4c5099202dd17e1b969_0012.jpg,3
1369_jpg.rf.b115facc4e1a8ff9927fa196a84b853d_0050.jpg,WEED6C_crops/1369_jpg.rf.b115facc4e1a8ff9927fa196a84b853d_0050.jpg,4
0851_jpg.rf.8b31cec696e09f86c5849a7a5a9a21c5_0007.jpg,WEED6C_crops/0851_jpg.rf.8b31cec696e09f86c5849a7a5a9a21c5_0007.jpg,3
0374_jpg.rf.1b99fb624109c33dd37510c87887471a_0009.jpg,WEED6C_crops/0374_jpg.rf.1b99fb624109c33dd37510c87887471a_0009.jpg,3
1004_jpg.rf.908c04e7c9dcafe9ec0b5067e7765657_0003.jpg,WEED6C_crops/1004_jpg.rf.908c04e7c9dcafe9ec0b5067e7765657_0003.jpg,0
1229_jpg.rf.f39c48606a011efde3d20b5d68fa1f43_0030.jpg,WEED6C_crops/1229_jpg.rf.f39c48606a011efde3d20b5d68fa1f43_0030.jpg,1
1366_jpg.rf.03f231049801971512990ca20f3424d9_0024.jpg,WEED6C_crops/1366_jpg.rf.03f231049801971512990ca20f3424d9_0024.jpg,4
0229_jpg.rf.f665ede73f767c60cddbab597488abcc_0001.jpg,WEED6C_crops/0229_jpg.rf.f665ede73f767c60cddbab597488abcc_0001.jpg,3
1304_jpg.rf.bdabd9792ab23d3924d6e3d26f3aec06_0048.jpg,WEED6C_crops/1304_jpg.rf.bdabd9792ab23d3924d6e3d26f3aec06_0048.jpg,4
1238_jpg.rf.8f2e4dde815b3cdba79f2d24a33ad9eb_0021.jpg,WEED6C_crops/1238_jpg.rf.8f2e4dde815b3cdba79f2d24a33ad9eb_0021.jpg,4
0774_jpg.rf.3388664754d6183c6122f2d0d9a268a6_0003.jpg,WEED6C_crops/0774_jpg.rf.3388664754d6183c6122f2d0d9a268a6_0003.jpg,3
0229_jpg.rf.f665ede73f767c60cddbab597488abcc_0002.jpg,WEED6C_crops/0229_jpg.rf.f665ede73f767c60cddbab597488abcc_0002.jpg,3
0013_jpg.rf.c8f10db93bc0715c4147cc93d68ae2aa_0005.jpg,WEED6C_crops/0013_jpg.rf.c8f10db93bc0715c4147cc93d68ae2aa_0005.jpg,5
1251_jpg.rf.ca084f91ecb665ac4961e3dca9f42efd_0024.jpg,WEED6C_crops/1251_jpg.rf.ca084f91ecb665ac4961e3dca9f42efd_0024.jpg,4
0521_jpg.rf.253c4db8ad62896fe44100e3c242a53f_0001.jpg,WEED6C_crops/0521_jpg.rf.253c4db8ad62896fe44100e3c242a53f_0001.jpg,3
1243_jpg.rf.748c4b335d58ce6d73b5c2dc513519e8_0015.jpg,WEED6C_crops/1243_jpg.rf.748c4b335d58ce6d73b5c2dc513519e8_0015.jpg,4
0807_jpg.rf.e3d876da08613549cee11e35dcc5c26f_0006.jpg,WEED6C_crops/0807_jpg.rf.e3d876da08613549cee11e35dcc5c26f_0006.jpg,3
1294_jpg.rf.99a6afbaff3de0db6ad09e909b9845eb_0008.jpg,WEED6C_crops/1294_jpg.rf.99a6afbaff3de0db6ad09e909b9845eb_0008.jpg,4
0651_jpg.rf.a63954d09880b722461e80a92cdf4e8d_0003.jpg,WEED6C_crops/0651_jpg.rf.a63954d09880b722461e80a92cdf4e8d_0003.jpg,3
0698_jpg.rf.9ca38a011dd5e6125c563a5c241ce9c8_0007.jpg,WEED6C_crops/0698_jpg.rf.9ca38a011dd5e6125c563a5c241ce9c8_0007.jpg,1
0639_jpg.rf.cf84d2de19bb5c7c2d6a16a79fbe49d0_0003.jpg,WEED6C_crops/0639_jpg.rf.cf84d2de19bb5c7c2d6a16a79fbe49d0_0003.jpg,3
0088_jpg.rf.09a2ba836c6729be6318402f10807791_0002.jpg,WEED6C_crops/0088_jpg.rf.09a2ba836c6729be6318402f10807791_0002.jpg,5
0732_jpg.rf.fdc130bbf01ecfb0b8f7be2a3ee57d86_0004.jpg,WEED6C_crops/0732_jpg.rf.fdc130bbf01ecfb0b8f7be2a3ee57d86_0004.jpg,4
0371_jpg.rf.62d76e210274f453e41cae2c6e4d0fce_0001.jpg,WEED6C_crops/0371_jpg.rf.62d76e210274f453e41cae2c6e4d0fce_0001.jpg,1
1270_jpg.rf.c34b854accd8ec862089128de29e245c_0030.jpg,WEED6C_crops/1270_jpg.rf.c34b854accd8ec862089128de29e245c_0030.jpg,4
1251_jpg.rf.ca084f91ecb665ac4961e3dca9f42efd_0016.jpg,WEED6C_crops/1251_jpg.rf.ca084f91ecb665ac4961e3dca9f42efd_0016.jpg,4
0250_jpg.rf.e559f94b7828a97a430fbceb3e22a674_0005.jpg,WEED6C_crops/0250_jpg.rf.e559f94b7828a97a430fbceb3e22a674_0005.jpg,3
1304_jpg.rf.bdabd9792ab23d3924d6e3d26f3aec06_0052.jpg,WEED6C_crops/1304_jpg.rf.bdabd9792ab23d3924d6e3d26f3aec06_0052.jpg,4
0637_jpg.rf.5d2427b360178023944c6f8bf29bec85_0005.jpg,WEED6C_crops/0637_jpg.rf.5d2427b360178023944c6f8bf29bec85_0005.jpg,3
0849_jpg.rf.8015d475a4d08c636c91794f0763dd61_0004.jpg,WEED6C_crops/0849_jpg.rf.8015d475a4d08c636c91794f0763dd61_0004.jpg,3
0906_jpg.rf.fa36ff895be7998f04b211a98b631c69_0014.jpg,WEED6C_crops/0906_jpg.rf.fa36ff895be7998f04b211a98b631c69_0014.jpg,3
0165_jpg.rf.0928912c7166d8671e8b542782631ad0_0006.jpg,WEED6C_crops/0165_jpg.rf.0928912c7166d8671e8b542782631ad0_0006.jpg,4
1287_jpg.rf.0bdfb5a514691b4b64c3bd4322c0459b_0006.jpg,WEED6C_crops/1287_jpg.rf.0bdfb5a514691b4b64c3bd4322c0459b_0006.jpg,4
1307_jpg.rf.33599e09e24700c862edbff3b301109d_0007.jpg,WEED6C_crops/1307_jpg.rf.33599e09e24700c862edbff3b301109d_0007.jpg,1
0550_jpg.rf.958ac1691aa89d644d7deb2a148817af_0005.jpg,WEED6C_crops/0550_jpg.rf.958ac1691aa89d644d7deb2a148817af_0005.jpg,0
0205_jpg.rf.aca53235089757689a788053367dc216_0007.jpg,WEED6C_crops/0205_jpg.rf.aca53235089757689a788053367dc216_0007.jpg,1
1354_jpg.rf.cfa3e2f0904af788a0555ee8bd188254_0020.jpg,WEED6C_crops/1354_jpg.rf.cfa3e2f0904af788a0555ee8bd188254_0020.jpg,4
0412_jpg.rf.55b22919af3e6b2e270f48d2879c3fc9_0001.jpg,WEED6C_crops/0412_jpg.rf.55b22919af3e6b2e270f48d2879c3fc9_0001.jpg,3
0013_jpg.rf.c8f10db93bc0715c4147cc93d68ae2aa_0004.jpg,WEED6C_crops/0013_jpg.rf.c8f10db93bc0715c4147cc93d68ae2aa_0004.jpg,5
0405_jpg.rf.f12c008fa2600ec5e4e829f57b28ac12_0002.jpg,WEED6C_crops/0405_jpg.rf.f12c008fa2600ec5e4e829f57b28ac12_0002.jpg,3
0278_jpg.rf.15b2a8c784e81820e90c2403b778d212_0005.jpg,WEED6C_crops/0278_jpg.rf.15b2a8c784e81820e90c2403b778d212_0005.jpg,0
0796_jpg.rf.eb3ee50ec05cc599258c40dddd4f3a7c_0003.jpg,WEED6C_crops/0796_jpg.rf.eb3ee50ec05cc599258c40dddd4f3a7c_0003.jpg,3
1252_jpg.rf.0460eee5cd6e483e72571dbeb38f50ba_0015.jpg,WEED6C_crops/1252_jpg.rf.0460eee5cd6e483e72571dbeb38f50ba_0015.jpg,1
0218_jpg.rf.6260fbaafdce0bc1a2f594e86103bf20_0007.jpg,WEED6C_crops/0218_jpg.rf.6260fbaafdce0bc1a2f594e86103bf20_0007.jpg,1
0901_jpg.rf.a3de89769366e7b5ca0b3e800cc66ccf_0006.jpg,WEED6C_crops/0901_jpg.rf.a3de89769366e7b5ca0b3e800cc66ccf_0006.jpg,3
0627_jpg.rf.e3bc4dc5aa5c0424fbc72d77df74cf84_0001.jpg,WEED6C_crops/0627_jpg.rf.e3bc4dc5aa5c0424fbc72d77df74cf84_0001.jpg,0
0874_jpg.rf.00b705087a37a74eb41a18d4f9264049_0003.jpg,WEED6C_crops/0874_jpg.rf.00b705087a37a74eb41a18d4f9264049_0003.jpg,0
0285_jpg.rf.415fee08c2dc0c62797603c7b61e074c_0010.jpg,WEED6C_crops/0285_jpg.rf.415fee08c2dc0c62797603c7b61e074c_0010.jpg,2
0363_jpg.rf.806dbfe8ebe6327a8e153c0522c5f90c_0008.jpg,WEED6C_crops/0363_jpg.rf.806dbfe8ebe6327a8e153c0522c5f90c_0008.jpg,0
1311_jpg.rf.4a2f9977c5ce6af1d01a777bdced6f04_0001.jpg,WEED6C_crops/1311_jpg.rf.4a2f9977c5ce6af1d01a777bdced6f04_0001.jpg,1
1022_jpg.rf.1066ec1ddb4923b9a19f47732f72177c_0001.jpg,WEED6C_crops/1022_jpg.rf.1066ec1ddb4923b9a19f47732f72177c_0001.jpg,0
0273_jpg.rf.8c666e2d9f8f7a770c899261ea107e1e_0002.jpg,WEED6C_crops/0273_jpg.rf.8c666e2d9f8f7a770c899261ea107e1e_0002.jpg,0
0053_jpg.rf.b5269321e3379fb30147b63ad9cb56ce_0001.jpg,WEED6C_crops/0053_jpg.rf.b5269321e3379fb30147b63ad9cb56ce_0001.jpg,5
0235_jpg.rf.8301877cf880e3eb429bf9cdfcb3f141_0010.jpg,WEED6C_crops/0235_jpg.rf.8301877cf880e3eb429bf9cdfcb3f141_0010.jpg,0
1359_jpg.rf.6bb7d484d2aa6c486b81a4b2f321dfb3_0012.jpg,WEED6C_crops/1359_jpg.rf.6bb7d484d2aa6c486b81a4b2f321dfb3_0012.jpg,4
0329_jpg.rf.049735d0273f92018a89f069d92efbe5_0001.jpg,WEED6C_crops/0329_jpg.rf.049735d0273f92018a89f069d92efbe5_0001.jpg,1
0419_jpg.rf.68280aceb67fa61bebfa5a2e47974375_0003.jpg,WEED6C_crops/0419_jpg.rf.68280aceb67fa61bebfa5a2e47974375_0003.jpg,1
0447_jpg.rf.d25b5aae703893413348ec299bc0de2b_0003.jpg,WEED6C_crops/0447_jpg.rf.d25b5aae703893413348ec299bc0de2b_0003.jpg,1
1219_jpg.rf.b40cf7e97a14e3a97de3d780481bab36_0001.jpg,WEED6C_crops/1219_jpg.rf.b40cf7e97a14e3a97de3d780481bab36_0001.jpg,2
0361_jpg.rf.2b245324527e72eaf61640c29bd0e361_0003.jpg,WEED6C_crops/0361_jpg.rf.2b245324527e72eaf61640c29bd0e361_0003.jpg,3
0186_jpg.rf.bcca643271d23378f204a3628c166868_0002.jpg,WEED6C_crops/0186_jpg.rf.bcca643271d23378f204a3628c166868_0002.jpg,1
0745_jpg.rf.cd80c82736fdad5afe35266f2f427400_0001.jpg,WEED6C_crops/0745_jpg.rf.cd80c82736fdad5afe35266f2f427400_0001.jpg,3
0547_jpg.rf.c4445717fbb3f1860ac80d1fb8e1ddd3_0002.jpg,WEED6C_crops/0547_jpg.rf.c4445717fbb3f1860ac80d1fb8e1ddd3_0002.jpg,3
1088_jpg.rf.c4380da32591d93aa85609c4d7f2b703_0001.jpg,WEED6C_crops/1088_jpg.rf.c4380da32591d93aa85609c4d7f2b703_0001.jpg,2
1384_jpg.rf.afcd8b0134972419b998849c6733c7a3_0002.jpg,WEED6C_crops/1384_jpg.rf.afcd8b0134972419b998849c6733c7a3_0002.jpg,1
0366_jpg.rf.5abc3a3fadbd245bf7e5e68f70a02606_0003.jpg,WEED6C_crops/0366_jpg.rf.5abc3a3fadbd245bf7e5e68f70a02606_0003.jpg,3
0772_jpg.rf.c378681053dfb6b21aa3a8c2c8e486d4_0004.jpg,WEED6C_crops/0772_jpg.rf.c378681053dfb6b21aa3a8c2c8e486d4_0004.jpg,3
0907_jpg.rf.6a0a542a4ba197b9210001a84e10738b_0008.jpg,WEED6C_crops/0907_jpg.rf.6a0a542a4ba197b9210001a84e10738b_0008.jpg,3
0604_jpg.rf.b732286c8565a461ffedafaa010eea7a_0005.jpg,WEED6C_crops/0604_jpg.rf.b732286c8565a461ffedafaa010eea7a_0005.jpg,3
0595_jpg.rf.5c016f5da400413f75ae43463574322b_0001.jpg,WEED6C_crops/0595_jpg.rf.5c016f5da400413f75ae43463574322b_0001.jpg,3
1383_jpg.rf.774d8f8762ff9dbe26c5db3a3e211276_0008.jpg,WEED6C_crops/1383_jpg.rf.774d8f8762ff9dbe26c5db3a3e211276_0008.jpg,4
1244_jpg.rf.83560aef67ff7ed166c6d632988b171e_0013.jpg,WEED6C_crops/1244_jpg.rf.83560aef67ff7ed166c6d632988b171e_0013.jpg,4
1270_jpg.rf.c34b854accd8ec862089128de29e245c_0025.jpg,WEED6C_crops/1270_jpg.rf.c34b854accd8ec862089128de29e245c_0025.jpg,4
1313_jpg.rf.9e5965f174b9d39cedf845bc37e26a4d_0019.jpg,WEED6C_crops/1313_jpg.rf.9e5965f174b9d39cedf845bc37e26a4d_0019.jpg,4
0382_jpg.rf.aac39ca648c83b6f8c22e4446970b6ba_0009.jpg,WEED6C_crops/0382_jpg.rf.aac39ca648c83b6f8c22e4446970b6ba_0009.jpg,0
0344_jpg.rf.4a97765e72c07da85f2aa8141afbc4d4_0003.jpg,WEED6C_crops/0344_jpg.rf.4a97765e72c07da85f2aa8141afbc4d4_0003.jpg,3
0849_jpg.rf.8015d475a4d08c636c91794f0763dd61_0001.jpg,WEED6C_crops/0849_jpg.rf.8015d475a4d08c636c91794f0763dd61_0001.jpg,3
0839_jpg.rf.5576dd4d342fc9fcb99e33fe18e59c9f_0004.jpg,WEED6C_crops/0839_jpg.rf.5576dd4d342fc9fcb99e33fe18e59c9f_0004.jpg,3
1340_jpg.rf.49f7cdb25f0fa78442f011562a376881_0011.jpg,WEED6C_crops/1340_jpg.rf.49f7cdb25f0fa78442f011562a376881_0011.jpg,4
0838_jpg.rf.496efa3d5f7f8fe7981297b006be1626_0005.jpg,WEED6C_crops/0838_jpg.rf.496efa3d5f7f8fe7981297b006be1626_0005.jpg,3
1367_jpg.rf.525537f6569c4903b5b939c2e8220219_0037.jpg,WEED6C_crops/1367_jpg.rf.525537f6569c4903b5b939c2e8220219_0037.jpg,4
1305_jpg.rf.443512b37c4cb64236dc2fdc570ded6d_0040.jpg,WEED6C_crops/1305_jpg.rf.443512b37c4cb64236dc2fdc570ded6d_0040.jpg,4
1304_jpg.rf.bdabd9792ab23d3924d6e3d26f3aec06_0022.jpg,WEED6C_crops/1304_jpg.rf.bdabd9792ab23d3924d6e3d26f3aec06_0022.jpg,4
0694_jpg.rf.4900fb6b7afd2d51ccbae46e30a9e941_0009.jpg,WEED6C_crops/0694_jpg.rf.4900fb6b7afd2d51ccbae46e30a9e941_0009.jpg,3
0305_jpg.rf.fcdc613d2dd7df19f2262f2390283e2b_0002.jpg,WEED6C_crops/0305_jpg.rf.fcdc613d2dd7df19f2262f2390283e2b_0002.jpg,3
0253_jpg.rf.1095448149d4cce3dcb5814407839631_0005.jpg,WEED6C_crops/0253_jpg.rf.1095448149d4cce3dcb5814407839631_0005.jpg,0
1355_jpg.rf.6913dec06d5038de035d46f593a0bd9e_0028.jpg,WEED6C_crops/1355_jpg.rf.6913dec06d5038de035d46f593a0bd9e_0028.jpg,4
1338_jpg.rf.321121b7a3efd0ac1c8aa7d0cbb33902_0022.jpg,WEED6C_crops/1338_jpg.rf.321121b7a3efd0ac1c8aa7d0cbb33902_0022.jpg,4
1339_jpg.rf.c1d6ea90c66a0ca02bdb39223830ec18_0022.jpg,WEED6C_crops/1339_jpg.rf.c1d6ea90c66a0ca02bdb39223830ec18_0022.jpg,4
0386_jpg.rf.7200147910cafd7b35d4cc7e21a4f88d_0013.jpg,WEED6C_crops/0386_jpg.rf.7200147910cafd7b35d4cc7e21a4f88d_0013.jpg,1
0389_jpg.rf.2dad02e5aa7c0fb4eb5263cda9c159f2_0004.jpg,WEED6C_crops/0389_jpg.rf.2dad02e5aa7c0fb4eb5263cda9c159f2_0004.jpg,3
0779_jpg.rf.724c956394e7a6f779fb90ed54cbb9cb_0007.jpg,WEED6C_crops/0779_jpg.rf.724c956394e7a6f779fb90ed54cbb9cb_0007.jpg,0
1304_jpg.rf.bdabd9792ab23d3924d6e3d26f3aec06_0051.jpg,WEED6C_crops/1304_jpg.rf.bdabd9792ab23d3924d6e3d26f3aec06_0051.jpg,4
1307_jpg.rf.33599e09e24700c862edbff3b301109d_0002.jpg,WEED6C_crops/1307_jpg.rf.33599e09e24700c862edbff3b301109d_0002.jpg,4
0367_jpg.rf.0387e75a4414c3e22f3f8d46387c6300_0005.jpg,WEED6C_crops/0367_jpg.rf.0387e75a4414c3e22f3f8d46387c6300_0005.jpg,3
0010_jpg.rf.6b516673f951e1871b7097afdf9fb42c_0004.jpg,WEED6C_crops/0010_jpg.rf.6b516673f951e1871b7097afdf9fb42c_0004.jpg,5
0908_jpg.rf.2a523ed34012fa10534089f009a94e63_0010.jpg,WEED6C_crops/0908_jpg.rf.2a523ed34012fa10534089f009a94e63_0010.jpg,3
0299_jpg.rf.c87e649a4c4c2ca343b1bfc67f008e02_0001.jpg,WEED6C_crops/0299_jpg.rf.c87e649a4c4c2ca343b1bfc67f008e02_0001.jpg,3
0549_jpg.rf.836ae63a62c3693241782dcbb92afcd6_0005.jpg,WEED6C_crops/0549_jpg.rf.836ae63a62c3693241782dcbb92afcd6_0005.jpg,0
1231_jpg.rf.fe1b06fe786224eaf851b6416c2554ae_0026.jpg,WEED6C_crops/1231_jpg.rf.fe1b06fe786224eaf851b6416c2554ae_0026.jpg,4
1389_jpg.rf.7604a1b16f4c03a15057ad2a462f3aa3_0008.jpg,WEED6C_crops/1389_jpg.rf.7604a1b16f4c03a15057ad2a462f3aa3_0008.jpg,1
1163_jpg.rf.9a66df36d3a18962ddc133f649fcd65f_0002.jpg,WEED6C_crops/1163_jpg.rf.9a66df36d3a18962ddc133f649fcd65f_0002.jpg,2
1362_jpg.rf.ab5fc04e9f26ec91359122ba4c109436_0032.jpg,WEED6C_crops/1362_jpg.rf.ab5fc04e9f26ec91359122ba4c109436_0032.jpg,4
0184_jpg.rf.6bf6bbd8ab10cd380a22c0720120cee6_0007.jpg,WEED6C_crops/0184_jpg.rf.6bf6bbd8ab10cd380a22c0720120cee6_0007.jpg,3
1367_jpg.rf.525537f6569c4903b5b939c2e8220219_0022.jpg,WEED6C_crops/1367_jpg.rf.525537f6569c4903b5b939c2e8220219_0022.jpg,4
1296_jpg.rf.0c437bc165571cd0590e77bf88763adf_0008.jpg,WEED6C_crops/1296_jpg.rf.0c437bc165571cd0590e77bf88763adf_0008.jpg,4
0491_jpg.rf.b551c5ef80cec5fa22cdd2a015dba102_0002.jpg,WEED6C_crops/0491_jpg.rf.b551c5ef80cec5fa22cdd2a015dba102_0002.jpg,2
0134_jpg.rf.ff0e18ac49c9c2a581bebd50c307855b_0006.jpg,WEED6C_crops/0134_jpg.rf.ff0e18ac49c9c2a581bebd50c307855b_0006.jpg,5
0785_jpg.rf.1e7c9f56ec6f547a332200a8b0911d08_0005.jpg,WEED6C_crops/0785_jpg.rf.1e7c9f56ec6f547a332200a8b0911d08_0005.jpg,3
0819_jpg.rf.ac58495c980a8d0a431b1fff30500e44_0003.jpg,WEED6C_crops/0819_jpg.rf.ac58495c980a8d0a431b1fff30500e44_0003.jpg,3
0287_jpg.rf.6023533532f1cf82cf88a4b6e078d995_0009.jpg,WEED6C_crops/0287_jpg.rf.6023533532f1cf82cf88a4b6e078d995_0009.jpg,2
0971_jpg.rf.6cba680a0f96ebf0380f4c034894dd14_0001.jpg,WEED6C_crops/0971_jpg.rf.6cba680a0f96ebf0380f4c034894dd14_0001.jpg,3
1358_jpg.rf.596bf1c7fe66e55cef5de750deba63b9_0012.jpg,WEED6C_crops/1358_jpg.rf.596bf1c7fe66e55cef5de750deba63b9_0012.jpg,4
1252_jpg.rf.0460eee5cd6e483e72571dbeb38f50ba_0001.jpg,WEED6C_crops/1252_jpg.rf.0460eee5cd6e483e72571dbeb38f50ba_0001.jpg,1
0021_jpg.rf.273fd1906969f994b11a15282bc12c37_0002.jpg,WEED6C_crops/0021_jpg.rf.273fd1906969f994b11a15282bc12c37_0002.jpg,5
0711_jpg.rf.b9d1d8def228d43722cffe244bd2c68a_0002.jpg,WEED6C_crops/0711_jpg.rf.b9d1d8def228d43722cffe244bd2c68a_0002.jpg,3
0818_jpg.rf.b11a7903eb8f3a4c5a8c8f589c9a253b_0001.jpg,WEED6C_crops/0818_jpg.rf.b11a7903eb8f3a4c5a8c8f589c9a253b_0001.jpg,3
1383_jpg.rf.774d8f8762ff9dbe26c5db3a3e211276_0025.jpg,WEED6C_crops/1383_jpg.rf.774d8f8762ff9dbe26c5db3a3e211276_0025.jpg,0
1290_jpg.rf.8205e2e54fecf8b93cef7fec17cf955a_0004.jpg,WEED6C_crops/1290_jpg.rf.8205e2e54fecf8b93cef7fec17cf955a_0004.jpg,4
0907_jpg.rf.6a0a542a4ba197b9210001a84e10738b_0009.jpg,WEED6C_crops/0907_jpg.rf.6a0a542a4ba197b9210001a84e10738b_0009.jpg,3
0175_jpg.rf.07f1c4a10b9f8edabff4f4bb2583178b_0001.jpg,WEED6C_crops/0175_jpg.rf.07f1c4a10b9f8edabff4f4bb2583178b_0001.jpg,1
1320_jpg.rf.6cd9a341d74c0a49c59e29b05bd7bd44_0013.jpg,WEED6C_crops/1320_jpg.rf.6cd9a341d74c0a49c59e29b05bd7bd44_0013.jpg,4
0327_jpg.rf.9195005bab0e0fa8deaef9eae9d2f695_0005.jpg,WEED6C_crops/0327_jpg.rf.9195005bab0e0fa8deaef9eae9d2f695_0005.jpg,3
1157_jpg.rf.a9458db0302ceb0adcec820a26fa818e_0002.jpg,WEED6C_crops/1157_jpg.rf.a9458db0302ceb0adcec820a26fa818e_0002.jpg,2
0992_jpg.rf.eae2fd40c17f36bff900d2f45d437399_0001.jpg,WEED6C_crops/0992_jpg.rf.eae2fd40c17f36bff900d2f45d437399_0001.jpg,3
1241_jpg.rf.a5be0ca237cc5fdf5c86f10349dafb96_0001.jpg,WEED6C_crops/1241_jpg.rf.a5be0ca237cc5fdf5c86f10349dafb96_0001.jpg,1
0320_jpg.rf.1bb40ddd9e65d337a6a6922ab7b24d1a_0003.jpg,WEED6C_crops/0320_jpg.rf.1bb40ddd9e65d337a6a6922ab7b24d1a_0003.jpg,3
0298_jpg.rf.1adad714888d14f4b883d71fc9256b29_0001.jpg,WEED6C_crops/0298_jpg.rf.1adad714888d14f4b883d71fc9256b29_0001.jpg,3
0693_jpg.rf.11efe3b485bb2b0382c75f9f96da18eb_0005.jpg,WEED6C_crops/0693_jpg.rf.11efe3b485bb2b0382c75f9f96da18eb_0005.jpg,3
1060_jpg.rf.db600c095965a88c1d124381adf7bd37_0001.jpg,WEED6C_crops/1060_jpg.rf.db600c095965a88c1d124381adf7bd37_0001.jpg,0
0525_jpg.rf.3842f12a609fa3d03cf2ab068b872f3d_0001.jpg,WEED6C_crops/0525_jpg.rf.3842f12a609fa3d03cf2ab068b872f3d_0001.jpg,3
1364_jpg.rf.83d1b91ffdd68ab08b0f5031bb41761b_0007.jpg,WEED6C_crops/1364_jpg.rf.83d1b91ffdd68ab08b0f5031bb41761b_0007.jpg,4
1232_jpg.rf.6a70f87f86c34e215d593fa33bdb4046_0007.jpg,WEED6C_crops/1232_jpg.rf.6a70f87f86c34e215d593fa33bdb4046_0007.jpg,4
0182_jpg.rf.bb1deaa7ba54cc2abe554f1136c99439_0004.jpg,WEED6C_crops/0182_jpg.rf.bb1deaa7ba54cc2abe554f1136c99439_0004.jpg,1
1267_jpg.rf.7a81427b8cf51c46e081b7723f1e15ac_0035.jpg,WEED6C_crops/1267_jpg.rf.7a81427b8cf51c46e081b7723f1e15ac_0035.jpg,4
1368_jpg.rf.25dc57e029d777ff1571d3d84d22c763_0012.jpg,WEED6C_crops/1368_jpg.rf.25dc57e029d777ff1571d3d84d22c763_0012.jpg,4
0256_jpg.rf.86a23edd02aa014189af5079e37557ea_0001.jpg,WEED6C_crops/0256_jpg.rf.86a23edd02aa014189af5079e37557ea_0001.jpg,3
0698_jpg.rf.9ca38a011dd5e6125c563a5c241ce9c8_0003.jpg,WEED6C_crops/0698_jpg.rf.9ca38a011dd5e6125c563a5c241ce9c8_0003.jpg,0
0929_jpg.rf.b3e72f625c2442ce0c0eeab5a3007cad_0001.jpg,WEED6C_crops/0929_jpg.rf.b3e72f625c2442ce0c0eeab5a3007cad_0001.jpg,3
0147_jpg.rf.e7c09e68cb9171d6b897bbb0e8b893f0_0003.jpg,WEED6C_crops/0147_jpg.rf.e7c09e68cb9171d6b897bbb0e8b893f0_0003.jpg,5
0454_jpg.rf.91e89f3483f511db544e434379a612a1_0006.jpg,WEED6C_crops/0454_jpg.rf.91e89f3483f511db544e434379a612a1_0006.jpg,1
1375_jpg.rf.b0f1411c79e1b676b013097ecfe9a149_0015.jpg,WEED6C_crops/1375_jpg.rf.b0f1411c79e1b676b013097ecfe9a149_0015.jpg,4
0667_jpg.rf.84f7e664dfc91e5db894dcbd701196cb_0004.jpg,WEED6C_crops/0667_jpg.rf.84f7e664dfc91e5db894dcbd701196cb_0004.jpg,3
0574_jpg.rf.929b95c70efc3394f4ffc8686bec7f34_0002.jpg,WEED6C_crops/0574_jpg.rf.929b95c70efc3394f4ffc8686bec7f34_0002.jpg,3
0175_jpg.rf.07f1c4a10b9f8edabff4f4bb2583178b_0002.jpg,WEED6C_crops/0175_jpg.rf.07f1c4a10b9f8edabff4f4bb2583178b_0002.jpg,3
0996_jpg.rf.741ba7684d59436b93d05d0643d31146_0005.jpg,WEED6C_crops/0996_jpg.rf.741ba7684d59436b93d05d0643d31146_0005.jpg,1
0697_jpg.rf.5bd98f37460766672c4ddf861d6f9c7b_0003.jpg,WEED6C_crops/0697_jpg.rf.5bd98f37460766672c4ddf861d6f9c7b_0003.jpg,3
0233_jpg.rf.a5c5281427a1fd0e6febdc5a0218279f_0002.jpg,WEED6C_crops/0233_jpg.rf.a5c5281427a1fd0e6febdc5a0218279f_0002.jpg,3
0277_jpg.rf.da40428a611c836681331c1b74be0c1b_0013.jpg,WEED6C_crops/0277_jpg.rf.da40428a611c836681331c1b74be0c1b_0013.jpg,1
1315_jpg.rf.0b8085935589ebdedc6aafe2eeb83a84_0008.jpg,WEED6C_crops/1315_jpg.rf.0b8085935589ebdedc6aafe2eeb83a84_0008.jpg,4
1355_jpg.rf.6913dec06d5038de035d46f593a0bd9e_0025.jpg,WEED6C_crops/1355_jpg.rf.6913dec06d5038de035d46f593a0bd9e_0025.jpg,4
0314_jpg.rf.008254fb716574269cccede65777836e_0003.jpg,WEED6C_crops/0314_jpg.rf.008254fb716574269cccede65777836e_0003.jpg,3
0595_jpg.rf.5c016f5da400413f75ae43463574322b_0004.jpg,WEED6C_crops/0595_jpg.rf.5c016f5da400413f75ae43463574322b_0004.jpg,3
1271_jpg.rf.edbc880f2c5cbc76998035cf808e95a2_0022.jpg,WEED6C_crops/1271_jpg.rf.edbc880f2c5cbc76998035cf808e95a2_0022.jpg,4
0343_jpg.rf.f5f1a65ea3ae72fa84376e66fcdf332b_0001.jpg,WEED6C_crops/0343_jpg.rf.f5f1a65ea3ae72fa84376e66fcdf332b_0001.jpg,1
0195_jpg.rf.1c4262b24a02b86db309f09eb684e8dc_0001.jpg,WEED6C_crops/0195_jpg.rf.1c4262b24a02b86db309f09eb684e8dc_0001.jpg,3
0035_jpg.rf.648f2f4708c57a9758a62ba1551d0f9d_0003.jpg,WEED6C_crops/0035_jpg.rf.648f2f4708c57a9758a62ba1551d0f9d_0003.jpg,5
0736_jpg.rf.95c45c1040d854f1f43f74ce83333364_0001.jpg,WEED6C_crops/0736_jpg.rf.95c45c1040d854f1f43f74ce83333364_0001.jpg,4
0279_jpg.rf.97bac3364c45f9367beefaa2e41172d2_0012.jpg,WEED6C_crops/0279_jpg.rf.97bac3364c45f9367beefaa2e41172d2_0012.jpg,3
0472_jpg.rf.85e931efad0bb7cf112ec8bcf119a1d5_0005.jpg,WEED6C_crops/0472_jpg.rf.85e931efad0bb7cf112ec8bcf119a1d5_0005.jpg,3
0289_jpg.rf.10fdba4055f2346073191abedf5d8ea9_0006.jpg,WEED6C_crops/0289_jpg.rf.10fdba4055f2346073191abedf5d8ea9_0006.jpg,2
1388_jpg.rf.fc14b9c78803698f43244c97c3e3b31e_0007.jpg,WEED6C_crops/1388_jpg.rf.fc14b9c78803698f43244c97c3e3b31e_0007.jpg,1
0629_jpg.rf.60da9b2d84d53bdcd8ba2ef13001ed54_0007.jpg,WEED6C_crops/0629_jpg.rf.60da9b2d84d53bdcd8ba2ef13001ed54_0007.jpg,3
0350_jpg.rf.9b0f36a130ea6ac8748c07fed6f139f0_0009.jpg,WEED6C_crops/0350_jpg.rf.9b0f36a130ea6ac8748c07fed6f139f0_0009.jpg,3
0811_jpg.rf.c08bb3a3abfd8d9b04ea351afae37aaa_0003.jpg,WEED6C_crops/0811_jpg.rf.c08bb3a3abfd8d9b04ea351afae37aaa_0003.jpg,3
0775_jpg.rf.ba51b29650c4f2af3725cd55b1a402e9_0007.jpg,WEED6C_crops/0775_jpg.rf.ba51b29650c4f2af3725cd55b1a402e9_0007.jpg,2
1268_jpg.rf.f92eaf335716f66b9db465ec842cf1d7_0035.jpg,WEED6C_crops/1268_jpg.rf.f92eaf335716f66b9db465ec842cf1d7_0035.jpg,4
0245_jpg.rf.29080c9d2defe1467a5aa0917b58eee4_0003.jpg,WEED6C_crops/0245_jpg.rf.29080c9d2defe1467a5aa0917b58eee4_0003.jpg,0
0794_jpg.rf.e2279fae2bc71da817ebb9fdfdb9923c_0003.jpg,WEED6C_crops/0794_jpg.rf.e2279fae2bc71da817ebb9fdfdb9923c_0003.jpg,3
0337_jpg.rf.57e86fd8f18b84e3fb62d20ed8f7edec_0005.jpg,WEED6C_crops/0337_jpg.rf.57e86fd8f18b84e3fb62d20ed8f7edec_0005.jpg,3
1023_jpg.rf.2371f091fb5a48755ea09af15e4e554f_0001.jpg,WEED6C_crops/1023_jpg.rf.2371f091fb5a48755ea09af15e4e554f_0001.jpg,0
0913_jpg.rf.acb1de508ae77b7fc29381c59a7217fc_0003.jpg,WEED6C_crops/0913_jpg.rf.acb1de508ae77b7fc29381c59a7217fc_0003.jpg,3
0295_jpg.rf.0cb1bae9f44332d2bc55ceb2715f71ea_0012.jpg,WEED6C_crops/0295_jpg.rf.0cb1bae9f44332d2bc55ceb2715f71ea_0012.jpg,1
0115_jpg.rf.2d5e1e87458c89db917151f8b0123b47_0002.jpg,WEED6C_crops/0115_jpg.rf.2d5e1e87458c89db917151f8b0123b47_0002.jpg,5
1087_jpg.rf.60a7025d6a7d43cd98ff98907d7a5128_0001.jpg,WEED6C_crops/1087_jpg.rf.60a7025d6a7d43cd98ff98907d7a5128_0001.jpg,2
1239_jpg.rf.7b926cf59320e9b12909abef7c8e7aac_0005.jpg,WEED6C_crops/1239_jpg.rf.7b926cf59320e9b12909abef7c8e7aac_0005.jpg,4
0268_jpg.rf.29ca8c5228413263362774580ff9c442_0009.jpg,WEED6C_crops/0268_jpg.rf.29ca8c5228413263362774580ff9c442_0009.jpg,1
0363_jpg.rf.806dbfe8ebe6327a8e153c0522c5f90c_0006.jpg,WEED6C_crops/0363_jpg.rf.806dbfe8ebe6327a8e153c0522c5f90c_0006.jpg,0
1355_jpg.rf.6913dec06d5038de035d46f593a0bd9e_0021.jpg,WEED6C_crops/1355_jpg.rf.6913dec06d5038de035d46f593a0bd9e_0021.jpg,4
0640_jpg.rf.3d46796798b5683efcaf4156bc315786_0002.jpg,WEED6C_crops/0640_jpg.rf.3d46796798b5683efcaf4156bc315786_0002.jpg,3
1369_jpg.rf.b115facc4e1a8ff9927fa196a84b853d_0003.jpg,WEED6C_crops/1369_jpg.rf.b115facc4e1a8ff9927fa196a84b853d_0003.jpg,4
0122_jpg.rf.fefeef1ae339c36c42d0332caf14eae6_0011.jpg,WEED6C_crops/0122_jpg.rf.fefeef1ae339c36c42d0332caf14eae6_0011.jpg,5
1359_jpg.rf.6bb7d484d2aa6c486b81a4b2f321dfb3_0029.jpg,WEED6C_crops/1359_jpg.rf.6bb7d484d2aa6c486b81a4b2f321dfb3_0029.jpg,4
0746_jpg.rf.f0ce726a414563eacf0fa81a4e13930c_0001.jpg,WEED6C_crops/0746_jpg.rf.f0ce726a414563eacf0fa81a4e13930c_0001.jpg,0
0082_jpg.rf.cbbf657d48d363e71ef08037fb68dab0_0001.jpg,WEED6C_crops/0082_jpg.rf.cbbf657d48d363e71ef08037fb68dab0_0001.jpg,5
0879_jpg.rf.b2153caeca9af76e27e76c6cc45c8415_0006.jpg,WEED6C_crops/0879_jpg.rf.b2153caeca9af76e27e76c6cc45c8415_0006.jpg,3
0370_jpg.rf.4fcf8e6b3e2ed18719e053c056f93bdb_0001.jpg,WEED6C_crops/0370_jpg.rf.4fcf8e6b3e2ed18719e053c056f93bdb_0001.jpg,3
1268_jpg.rf.f92eaf335716f66b9db465ec842cf1d7_0031.jpg,WEED6C_crops/1268_jpg.rf.f92eaf335716f66b9db465ec842cf1d7_0031.jpg,4
0451_jpg.rf.d8507762db0b1765c00a806f56d4eaa8_0005.jpg,WEED6C_crops/0451_jpg.rf.d8507762db0b1765c00a806f56d4eaa8_0005.jpg,3
0006_jpg.rf.dce11451977e2aff17a6576768c53ae5_0003.jpg,WEED6C_crops/0006_jpg.rf.dce11451977e2aff17a6576768c53ae5_0003.jpg,5
1233_jpg.rf.a9ad2187477d12adf58c20e898c06211_0003.jpg,WEED6C_crops/1233_jpg.rf.a9ad2187477d12adf58c20e898c06211_0003.jpg,4
0988_jpg.rf.3384ed76b8bc5f9306e337b0d1082cae_0006.jpg,WEED6C_crops/0988_jpg.rf.3384ed76b8bc5f9306e337b0d1082cae_0006.jpg,2
0543_jpg.rf.1d2fc0c8dbd3297304e107c958dbe084_0004.jpg,WEED6C_crops/0543_jpg.rf.1d2fc0c8dbd3297304e107c958dbe084_0004.jpg,2
1363_jpg.rf.768baa0bd4528831bffe24eb9aa3b51f_0014.jpg,WEED6C_crops/1363_jpg.rf.768baa0bd4528831bffe24eb9aa3b51f_0014.jpg,4
1253_jpg.rf.9658543ae33aaf005575666b3e5b4453_0003.jpg,WEED6C_crops/1253_jpg.rf.9658543ae33aaf005575666b3e5b4453_0003.jpg,4
1032_jpg.rf.40f9331a80761ba828883b9e1b290486_0001.jpg,WEED6C_crops/1032_jpg.rf.40f9331a80761ba828883b9e1b290486_0001.jpg,1
0346_jpg.rf.3ddd174718d6c957fcdf4654000c5fb8_0007.jpg,WEED6C_crops/0346_jpg.rf.3ddd174718d6c957fcdf4654000c5fb8_0007.jpg,2
0874_jpg.rf.00b705087a37a74eb41a18d4f9264049_0002.jpg,WEED6C_crops/0874_jpg.rf.00b705087a37a74eb41a18d4f9264049_0002.jpg,0
0924_jpg.rf.38515b7536c8c5bcb37440437863e683_0001.jpg,WEED6C_crops/0924_jpg.rf.38515b7536c8c5bcb37440437863e683_0001.jpg,1
0878_jpg.rf.57f0f678bf84f6c83a346f2ea70d31e2_0006.jpg,WEED6C_crops/0878_jpg.rf.57f0f678bf84f6c83a346f2ea70d31e2_0006.jpg,0
0227_jpg.rf.dc436b0352012e238cc756d52ec09db2_0002.jpg,WEED6C_crops/0227_jpg.rf.dc436b0352012e238cc756d52ec09db2_0002.jpg,3
1243_jpg.rf.748c4b335d58ce6d73b5c2dc513519e8_0017.jpg,WEED6C_crops/1243_jpg.rf.748c4b335d58ce6d73b5c2dc513519e8_0017.jpg,4
1269_jpg.rf.a7aa44bf37b1acdf893fbf766e513c67_0008.jpg,WEED6C_crops/1269_jpg.rf.a7aa44bf37b1acdf893fbf766e513c67_0008.jpg,4
1304_jpg.rf.bdabd9792ab23d3924d6e3d26f3aec06_0001.jpg,WEED6C_crops/1304_jpg.rf.bdabd9792ab23d3924d6e3d26f3aec06_0001.jpg,4
0526_jpg.rf.d2af319c86f8d0557fd8ae4d28567779_0003.jpg,WEED6C_crops/0526_jpg.rf.d2af319c86f8d0557fd8ae4d28567779_0003.jpg,3
0248_jpg.rf.74f8b6f9e136d360fc24a9bd253b1a7e_0007.jpg,WEED6C_crops/0248_jpg.rf.74f8b6f9e136d360fc24a9bd253b1a7e_0007.jpg,3
0880_jpg.rf.a860eba8db5740a0f6407dedcb62dd42_0005.jpg,WEED6C_crops/0880_jpg.rf.a860eba8db5740a0f6407dedcb62dd42_0005.jpg,3
0084_jpg.rf.49a24825fcabc006eba2bbcc34575367_0031.jpg,WEED6C_crops/0084_jpg.rf.49a24825fcabc006eba2bbcc34575367_0031.jpg,4
0780_jpg.rf.acbc58d145dc3d8f772f9ede5e311c2c_0002.jpg,WEED6C_crops/0780_jpg.rf.acbc58d145dc3d8f772f9ede5e311c2c_0002.jpg,3
1300_jpg.rf.c8a7b7da90c3a7f70a2e39b8ca47e4fd_0003.jpg,WEED6C_crops/1300_jpg.rf.c8a7b7da90c3a7f70a2e39b8ca47e4fd_0003.jpg,1
1248_jpg.rf.290b7f88a115132b8a4ebfe43b032865_0030.jpg,WEED6C_crops/1248_jpg.rf.290b7f88a115132b8a4ebfe43b032865_0030.jpg,4
1364_jpg.rf.83d1b91ffdd68ab08b0f5031bb41761b_0042.jpg,WEED6C_crops/1364_jpg.rf.83d1b91ffdd68ab08b0f5031bb41761b_0042.jpg,4
1230_jpg.rf.60caad5b3d36a901c24668ddacd2f112_0023.jpg,WEED6C_crops/1230_jpg.rf.60caad5b3d36a901c24668ddacd2f112_0023.jpg,4
1162_jpg.rf.17094e01b76dd18ca130d5bb9553fb7d_0003.jpg,WEED6C_crops/1162_jpg.rf.17094e01b76dd18ca130d5bb9553fb7d_0003.jpg,0
0766_jpg.rf.a8812af23dec5f3b181a8b43d35fe96b_0002.jpg,WEED6C_crops/0766_jpg.rf.a8812af23dec5f3b181a8b43d35fe96b_0002.jpg,2
1363_jpg.rf.768baa0bd4528831bffe24eb9aa3b51f_0054.jpg,WEED6C_crops/1363_jpg.rf.768baa0bd4528831bffe24eb9aa3b51f_0054.jpg,4
0393_jpg.rf.e0e9f1da16f64fa7a69f82d78bc6de12_0002.jpg,WEED6C_crops/0393_jpg.rf.e0e9f1da16f64fa7a69f82d78bc6de12_0002.jpg,3
0157_jpg.rf.71ad926eaa0974f4502d719a9f65abdd_0001.jpg,WEED6C_crops/0157_jpg.rf.71ad926eaa0974f4502d719a9f65abdd_0001.jpg,5
1377_jpg.rf.13024f6056bd3ee967e54a75b53fd777_0017.jpg,WEED6C_crops/1377_jpg.rf.13024f6056bd3ee967e54a75b53fd777_0017.jpg,4
0989_jpg.rf.2cc687f5855409edb20ee047c271554e_0001.jpg,WEED6C_crops/0989_jpg.rf.2cc687f5855409edb20ee047c271554e_0001.jpg,0
0004_jpg.rf.0a2a04b7ef88cb4fbe1a2aaa2bc1698c_0006.jpg,WEED6C_crops/0004_jpg.rf.0a2a04b7ef88cb4fbe1a2aaa2bc1698c_0006.jpg,5
0918_jpg.rf.9f96dff4cbd7867f5de651b06e2825e8_0008.jpg,WEED6C_crops/0918_jpg.rf.9f96dff4cbd7867f5de651b06e2825e8_0008.jpg,3
1240_jpg.rf.e1ad20f0f2011d323769409c17d77863_0035.jpg,WEED6C_crops/1240_jpg.rf.e1ad20f0f2011d323769409c17d77863_0035.jpg,4
1242_jpg.rf.f09f84f41c4850f864177d3921fcc080_0005.jpg,WEED6C_crops/1242_jpg.rf.f09f84f41c4850f864177d3921fcc080_0005.jpg,4
1378_jpg.rf.a485ab7c96bef96dac8eb7e61bbb7fb8_0019.jpg,WEED6C_crops/1378_jpg.rf.a485ab7c96bef96dac8eb7e61bbb7fb8_0019.jpg,4
0084_jpg.rf.49a24825fcabc006eba2bbcc34575367_0016.jpg,WEED6C_crops/0084_jpg.rf.49a24825fcabc006eba2bbcc34575367_0016.jpg,4
1273_jpg.rf.62a4771daa1cc264e358ecc037df2ea2_0009.jpg,WEED6C_crops/1273_jpg.rf.62a4771daa1cc264e358ecc037df2ea2_0009.jpg,1
0451_jpg.rf.d8507762db0b1765c00a806f56d4eaa8_0002.jpg,WEED6C_crops/0451_jpg.rf.d8507762db0b1765c00a806f56d4eaa8_0002.jpg,1
1367_jpg.rf.525537f6569c4903b5b939c2e8220219_0023.jpg,WEED6C_crops/1367_jpg.rf.525537f6569c4903b5b939c2e8220219_0023.jpg,1
0112_jpg.rf.7bd8ad34f07ba8b06cfe58a2e727add5_0004.jpg,WEED6C_crops/0112_jpg.rf.7bd8ad34f07ba8b06cfe58a2e727add5_0004.jpg,5
0600_jpg.rf.cce8e3eda50efb97b7117af66ca86657_0002.jpg,WEED6C_crops/0600_jpg.rf.cce8e3eda50efb97b7117af66ca86657_0002.jpg,2
1310_jpg.rf.317ac2cca5f24479b0098bf7fbab9ceb_0008.jpg,WEED6C_crops/1310_jpg.rf.317ac2cca5f24479b0098bf7fbab9ceb_0008.jpg,4
1242_jpg.rf.f09f84f41c4850f864177d3921fcc080_0015.jpg,WEED6C_crops/1242_jpg.rf.f09f84f41c4850f864177d3921fcc080_0015.jpg,4
0532_jpg.rf.cff8a190f187042cc461aaafe7322363_0005.jpg,WEED6C_crops/0532_jpg.rf.cff8a190f187042cc461aaafe7322363_0005.jpg,3
1368_jpg.rf.25dc57e029d777ff1571d3d84d22c763_0004.jpg,WEED6C_crops/1368_jpg.rf.25dc57e029d777ff1571d3d84d22c763_0004.jpg,4
0366_jpg.rf.5abc3a3fadbd245bf7e5e68f70a02606_0009.jpg,WEED6C_crops/0366_jpg.rf.5abc3a3fadbd245bf7e5e68f70a02606_0009.jpg,3
0757_jpg.rf.1a0d24709e8758ce4fc07ca47744451e_0002.jpg,WEED6C_crops/0757_jpg.rf.1a0d24709e8758ce4fc07ca47744451e_0002.jpg,0
1379_jpg.rf.51eb6739e53299f2ac6115b3c694bde0_0005.jpg,WEED6C_crops/1379_jpg.rf.51eb6739e53299f2ac6115b3c694bde0_0005.jpg,4
0196_jpg.rf.085a28c95bd83d706b4da167e039e140_0006.jpg,WEED6C_crops/0196_jpg.rf.085a28c95bd83d706b4da167e039e140_0006.jpg,0
1240_jpg.rf.e1ad20f0f2011d323769409c17d77863_0030.jpg,WEED6C_crops/1240_jpg.rf.e1ad20f0f2011d323769409c17d77863_0030.jpg,4
0242_jpg.rf.52800b665a2b860fd527febaee511016_0001.jpg,WEED6C_crops/0242_jpg.rf.52800b665a2b860fd527febaee511016_0001.jpg,3
0613_jpg.rf.9172d44b455c37909825a0752aeecd66_0004.jpg,WEED6C_crops/0613_jpg.rf.9172d44b455c37909825a0752aeecd66_0004.jpg,3
0269_jpg.rf.d2afcb6e7376916e7b38e303cb36bf50_0007.jpg,WEED6C_crops/0269_jpg.rf.d2afcb6e7376916e7b38e303cb36bf50_0007.jpg,1
0355_jpg.rf.aae81bd47c71ade07516a4e90f322582_0003.jpg,WEED6C_crops/0355_jpg.rf.aae81bd47c71ade07516a4e90f322582_0003.jpg,1
0837_jpg.rf.8735d328e944f506f933e1e7704cceb0_0010.jpg,WEED6C_crops/0837_jpg.rf.8735d328e944f506f933e1e7704cceb0_0010.jpg,3
0047_jpg.rf.1d9a348d51172b1224305d839b838ec9_0008.jpg,WEED6C_crops/0047_jpg.rf.1d9a348d51172b1224305d839b838ec9_0008.jpg,5
0184_jpg.rf.6bf6bbd8ab10cd380a22c0720120cee6_0005.jpg,WEED6C_crops/0184_jpg.rf.6bf6bbd8ab10cd380a22c0720120cee6_0005.jpg,1
0084_jpg.rf.49a24825fcabc006eba2bbcc34575367_0011.jpg,WEED6C_crops/0084_jpg.rf.49a24825fcabc006eba2bbcc34575367_0011.jpg,5
0831_jpg.rf.d9b5396051735be26e9dffc2d88e5a86_0013.jpg,WEED6C_crops/0831_jpg.rf.d9b5396051735be26e9dffc2d88e5a86_0013.jpg,0
0289_jpg.rf.10fdba4055f2346073191abedf5d8ea9_0007.jpg,WEED6C_crops/0289_jpg.rf.10fdba4055f2346073191abedf5d8ea9_0007.jpg,0
1232_jpg.rf.6a70f87f86c34e215d593fa33bdb4046_0013.jpg,WEED6C_crops/1232_jpg.rf.6a70f87f86c34e215d593fa33bdb4046_0013.jpg,4
0529_jpg.rf.80d1820a62a24f879912a7ce8d6d8793_0003.jpg,WEED6C_crops/0529_jpg.rf.80d1820a62a24f879912a7ce8d6d8793_0003.jpg,0
0973_jpg.rf.f9ede6d5a57cae43115ce1c2019c31df_0005.jpg,WEED6C_crops/0973_jpg.rf.f9ede6d5a57cae43115ce1c2019c31df_0005.jpg,0
0719_jpg.rf.215a19e2837bee4159c14435d4a0a525_0005.jpg,WEED6C_crops/0719_jpg.rf.215a19e2837bee4159c14435d4a0a525_0005.jpg,3
0689_jpg.rf.a20a8ef1823a64c367e46dfb862e93a1_0001.jpg,WEED6C_crops/0689_jpg.rf.a20a8ef1823a64c367e46dfb862e93a1_0001.jpg,3
1238_jpg.rf.8f2e4dde815b3cdba79f2d24a33ad9eb_0015.jpg,WEED6C_crops/1238_jpg.rf.8f2e4dde815b3cdba79f2d24a33ad9eb_0015.jpg,4
1358_jpg.rf.596bf1c7fe66e55cef5de750deba63b9_0039.jpg,WEED6C_crops/1358_jpg.rf.596bf1c7fe66e55cef5de750deba63b9_0039.jpg,4
0618_jpg.rf.a9f566a2e1563f794c536610b61c630c_0002.jpg,WEED6C_crops/0618_jpg.rf.a9f566a2e1563f794c536610b61c630c_0002.jpg,3
0227_jpg.rf.dc436b0352012e238cc756d52ec09db2_0004.jpg,WEED6C_crops/0227_jpg.rf.dc436b0352012e238cc756d52ec09db2_0004.jpg,2
0340_jpg.rf.4e0e72821dae12851a50a8833d4532ba_0008.jpg,WEED6C_crops/0340_jpg.rf.4e0e72821dae12851a50a8833d4532ba_0008.jpg,3
1266_jpg.rf.b6ff71f2ca53cd0403e63652331b6edb_0004.jpg,WEED6C_crops/1266_jpg.rf.b6ff71f2ca53cd0403e63652331b6edb_0004.jpg,4
1366_jpg.rf.03f231049801971512990ca20f3424d9_0026.jpg,WEED6C_crops/1366_jpg.rf.03f231049801971512990ca20f3424d9_0026.jpg,4
0814_jpg.rf.ac9987d6143d41c71b1f9f661e24627c_0001.jpg,WEED6C_crops/0814_jpg.rf.ac9987d6143d41c71b1f9f661e24627c_0001.jpg,2
0204_jpg.rf.eaa05575ea0cb57f54805cff6cfeb50e_0005.jpg,WEED6C_crops/0204_jpg.rf.eaa05575ea0cb57f54805cff6cfeb50e_0005.jpg,3
1263_jpg.rf.30b98d36787435013e4dbbaf2d246f70_0006.jpg,WEED6C_crops/1263_jpg.rf.30b98d36787435013e4dbbaf2d246f70_0006.jpg,4
0268_jpg.rf.29ca8c5228413263362774580ff9c442_0001.jpg,WEED6C_crops/0268_jpg.rf.29ca8c5228413263362774580ff9c442_0001.jpg,0
0871_jpg.rf.f1eab4d6ccc0dcba98977e60db0d792b_0001.jpg,WEED6C_crops/0871_jpg.rf.f1eab4d6ccc0dcba98977e60db0d792b_0001.jpg,3
0328_jpg.rf.f43504985d16f280c5606367437ee358_0014.jpg,WEED6C_crops/0328_jpg.rf.f43504985d16f280c5606367437ee358_0014.jpg,1
1132_jpg.rf.e83e00ae451c6ffdb56b689c2d6d29e0_0003.jpg,WEED6C_crops/1132_jpg.rf.e83e00ae451c6ffdb56b689c2d6d29e0_0003.jpg,2
1268_jpg.rf.f92eaf335716f66b9db465ec842cf1d7_0023.jpg,WEED6C_crops/1268_jpg.rf.f92eaf335716f66b9db465ec842cf1d7_0023.jpg,4
0834_jpg.rf.541aec5b5bf56ec58ec1abe5ccbeaf7f_0007.jpg,WEED6C_crops/0834_jpg.rf.541aec5b5bf56ec58ec1abe5ccbeaf7f_0007.jpg,3
1356_jpg.rf.2f9a9ccab7035b4c81a5ca992e4a9838_0010.jpg,WEED6C_crops/1356_jpg.rf.2f9a9ccab7035b4c81a5ca992e4a9838_0010.jpg,4
0203_jpg.rf.55ea038701557918310b88cac277cdbb_0004.jpg,WEED6C_crops/0203_jpg.rf.55ea038701557918310b88cac277cdbb_0004.jpg,3
1364_jpg.rf.83d1b91ffdd68ab08b0f5031bb41761b_0004.jpg,WEED6C_crops/1364_jpg.rf.83d1b91ffdd68ab08b0f5031bb41761b_0004.jpg,4
1227_jpg.rf.eb9e3a2fa93b1867c5cb9f3a1fcf7bdb_0015.jpg,WEED6C_crops/1227_jpg.rf.eb9e3a2fa93b1867c5cb9f3a1fcf7bdb_0015.jpg,1
0466_jpg.rf.bca68b39625625a5ddc4c98da51075d0_0003.jpg,WEED6C_crops/0466_jpg.rf.bca68b39625625a5ddc4c98da51075d0_0003.jpg,2
0274_jpg.rf.69f678525ad44939c3cdc5608f8ededd_0005.jpg,WEED6C_crops/0274_jpg.rf.69f678525ad44939c3cdc5608f8ededd_0005.jpg,0
0243_jpg.rf.e88cca6b42f0ffe81f64a33e459ea766_0002.jpg,WEED6C_crops/0243_jpg.rf.e88cca6b42f0ffe81f64a33e459ea766_0002.jpg,3
0337_jpg.rf.57e86fd8f18b84e3fb62d20ed8f7edec_0009.jpg,WEED6C_crops/0337_jpg.rf.57e86fd8f18b84e3fb62d20ed8f7edec_0009.jpg,1
1388_jpg.rf.fc14b9c78803698f43244c97c3e3b31e_0013.jpg,WEED6C_crops/1388_jpg.rf.fc14b9c78803698f43244c97c3e3b31e_0013.jpg,0
0387_jpg.rf.7c3295680c7efc4e9f9f30819ac54b6e_0011.jpg,WEED6C_crops/0387_jpg.rf.7c3295680c7efc4e9f9f30819ac54b6e_0011.jpg,0
0372_jpg.rf.06daa2f5f693811a1ba1c5b8065a408b_0006.jpg,WEED6C_crops/0372_jpg.rf.06daa2f5f693811a1ba1c5b8065a408b_0006.jpg,1
0819_jpg.rf.ac58495c980a8d0a431b1fff30500e44_0007.jpg,WEED6C_crops/0819_jpg.rf.ac58495c980a8d0a431b1fff30500e44_0007.jpg,0
1005_jpg.rf.0fe785832d7bb517b6e250dfff76868d_0001.jpg,WEED6C_crops/1005_jpg.rf.0fe785832d7bb517b6e250dfff76868d_0001.jpg,2
0704_jpg.rf.eef5dd92ac237a136fb2d73156500d0e_0005.jpg,WEED6C_crops/0704_jpg.rf.eef5dd92ac237a136fb2d73156500d0e_0005.jpg,0
0462_jpg.rf.a3b9b4f54b7b0fb5de759c79187136d1_0001.jpg,WEED6C_crops/0462_jpg.rf.a3b9b4f54b7b0fb5de759c79187136d1_0001.jpg,3
0918_jpg.rf.9f96dff4cbd7867f5de651b06e2825e8_0009.jpg,WEED6C_crops/0918_jpg.rf.9f96dff4cbd7867f5de651b06e2825e8_0009.jpg,0
0325_jpg.rf.f0533e23fe9ecc072d53e03d09c89654_0004.jpg,WEED6C_crops/0325_jpg.rf.f0533e23fe9ecc072d53e03d09c89654_0004.jpg,3
0216_jpg.rf.2662ca0aa00c7255417e402560dfd2a4_0002.jpg,WEED6C_crops/0216_jpg.rf.2662ca0aa00c7255417e402560dfd2a4_0002.jpg,3
0345_jpg.rf.bd4a4955ee8935946ebf47c107c1dda3_0009.jpg,WEED6C_crops/0345_jpg.rf.bd4a4955ee8935946ebf47c107c1dda3_0009.jpg,3
0456_jpg.rf.9d14c05bd3dc0b520f3408423685fb1b_0003.jpg,WEED6C_crops/0456_jpg.rf.9d14c05bd3dc0b520f3408423685fb1b_0003.jpg,3
0593_jpg.rf.1939874123b615cf4cd108977f97543b_0002.jpg,WEED6C_crops/0593_jpg.rf.1939874123b615cf4cd108977f97543b_0002.jpg,3
0817_jpg.rf.0a15fa2e7e002006fff6451b72006170_0001.jpg,WEED6C_crops/0817_jpg.rf.0a15fa2e7e002006fff6451b72006170_0001.jpg,3
0085_jpg.rf.899d587859a2f54a75195c7523a70472_0010.jpg,WEED6C_crops/0085_jpg.rf.899d587859a2f54a75195c7523a70472_0010.jpg,4
1388_jpg.rf.fc14b9c78803698f43244c97c3e3b31e_0010.jpg,WEED6C_crops/1388_jpg.rf.fc14b9c78803698f43244c97c3e3b31e_0010.jpg,0
0258_jpg.rf.20c763eefbf6fb774b2bfa869a3b36be_0002.jpg,WEED6C_crops/0258_jpg.rf.20c763eefbf6fb774b2bfa869a3b36be_0002.jpg,3
1266_jpg.rf.b6ff71f2ca53cd0403e63652331b6edb_0015.jpg,WEED6C_crops/1266_jpg.rf.b6ff71f2ca53cd0403e63652331b6edb_0015.jpg,4
0356_jpg.rf.304e18f543bd7e04bb9b4f750bb7ecda_0001.jpg,WEED6C_crops/0356_jpg.rf.304e18f543bd7e04bb9b4f750bb7ecda_0001.jpg,3
1302_jpg.rf.26ab3fc340b22f9482155ab905a6cebf_0010.jpg,WEED6C_crops/1302_jpg.rf.26ab3fc340b22f9482155ab905a6cebf_0010.jpg,4
1360_jpg.rf.4adff7020975375bcf1db2c7f65ecb42_0017.jpg,WEED6C_crops/1360_jpg.rf.4adff7020975375bcf1db2c7f65ecb42_0017.jpg,4
1287_jpg.rf.0bdfb5a514691b4b64c3bd4322c0459b_0019.jpg,WEED6C_crops/1287_jpg.rf.0bdfb5a514691b4b64c3bd4322c0459b_0019.jpg,4
1357_jpg.rf.65ed3ccb047c00c090abcb2750f4d22e_0003.jpg,WEED6C_crops/1357_jpg.rf.65ed3ccb047c00c090abcb2750f4d22e_0003.jpg,4
0276_jpg.rf.b050d9cf6fdd15ffe4f175936e28b2af_0005.jpg,WEED6C_crops/0276_jpg.rf.b050d9cf6fdd15ffe4f175936e28b2af_0005.jpg,3
1249_jpg.rf.e1efe2270f002b51f4715161251b6365_0001.jpg,WEED6C_crops/1249_jpg.rf.e1efe2270f002b51f4715161251b6365_0001.jpg,1
0450_jpg.rf.34ce22179e60c827209c2656f769faff_0002.jpg,WEED6C_crops/0450_jpg.rf.34ce22179e60c827209c2656f769faff_0002.jpg,0
1369_jpg.rf.b115facc4e1a8ff9927fa196a84b853d_0017.jpg,WEED6C_crops/1369_jpg.rf.b115facc4e1a8ff9927fa196a84b853d_0017.jpg,4
0906_jpg.rf.fa36ff895be7998f04b211a98b631c69_0002.jpg,WEED6C_crops/0906_jpg.rf.fa36ff895be7998f04b211a98b631c69_0002.jpg,2
0184_jpg.rf.6bf6bbd8ab10cd380a22c0720120cee6_0004.jpg,WEED6C_crops/0184_jpg.rf.6bf6bbd8ab10cd380a22c0720120cee6_0004.jpg,1
1084_jpg.rf.0b90464015109f5e1d39ac633696534f_0001.jpg,WEED6C_crops/1084_jpg.rf.0b90464015109f5e1d39ac633696534f_0001.jpg,2
0354_jpg.rf.d82528f9b7c704532fcc08cef1b87f2b_0007.jpg,WEED6C_crops/0354_jpg.rf.d82528f9b7c704532fcc08cef1b87f2b_0007.jpg,0
0552_jpg.rf.56a1034dac81480712389c215200e4fe_0005.jpg,WEED6C_crops/0552_jpg.rf.56a1034dac81480712389c215200e4fe_0005.jpg,3
0236_jpg.rf.37f13823118c1f776f2b7d3360e121a9_0002.jpg,WEED6C_crops/0236_jpg.rf.37f13823118c1f776f2b7d3360e121a9_0002.jpg,3
0141_jpg.rf.a389eaf808df60c2b00339c2fc374b4a_0001.jpg,WEED6C_crops/0141_jpg.rf.a389eaf808df60c2b00339c2fc374b4a_0001.jpg,5
1341_jpg.rf.9d8942b91b7a5f0bbf8dae68d9c390e2_0014.jpg,WEED6C_crops/1341_jpg.rf.9d8942b91b7a5f0bbf8dae68d9c390e2_0014.jpg,4
0342_jpg.rf.8970aac3b049a5549e7dcb2e7ed9593e_0002.jpg,WEED6C_crops/0342_jpg.rf.8970aac3b049a5549e7dcb2e7ed9593e_0002.jpg,3
0324_jpg.rf.9710431a5a53db1bae42bc39d178be65_0006.jpg,WEED6C_crops/0324_jpg.rf.9710431a5a53db1bae42bc39d178be65_0006.jpg,1
0389_jpg.rf.2dad02e5aa7c0fb4eb5263cda9c159f2_0007.jpg,WEED6C_crops/0389_jpg.rf.2dad02e5aa7c0fb4eb5263cda9c159f2_0007.jpg,0
0349_jpg.rf.01f576bf16790ab273fe019187c99297_0002.jpg,WEED6C_crops/0349_jpg.rf.01f576bf16790ab273fe019187c99297_0002.jpg,3
1268_jpg.rf.f92eaf335716f66b9db465ec842cf1d7_0009.jpg,WEED6C_crops/1268_jpg.rf.f92eaf335716f66b9db465ec842cf1d7_0009.jpg,4
1317_jpg.rf.f35270c4968e18ced1df08d3cbb5874a_0002.jpg,WEED6C_crops/1317_jpg.rf.f35270c4968e18ced1df08d3cbb5874a_0002.jpg,4
0333_jpg.rf.3fd790fea188da90c09e7774cdf6590c_0009.jpg,WEED6C_crops/0333_jpg.rf.3fd790fea188da90c09e7774cdf6590c_0009.jpg,3
1112_jpg.rf.195f9f398028808786f78414063e2477_0002.jpg,WEED6C_crops/1112_jpg.rf.195f9f398028808786f78414063e2477_0002.jpg,2
1352_jpg.rf.d33033b314f56f27d9a35d5dde8f7509_0002.jpg,WEED6C_crops/1352_jpg.rf.d33033b314f56f27d9a35d5dde8f7509_0002.jpg,4
0255_jpg.rf.20616b63d9c85d7acc1eb3b64b84b50d_0005.jpg,WEED6C_crops/0255_jpg.rf.20616b63d9c85d7acc1eb3b64b84b50d_0005.jpg,3
0369_jpg.rf.c751bcaa54313500b1f312b5b158c3cf_0002.jpg,WEED6C_crops/0369_jpg.rf.c751bcaa54313500b1f312b5b158c3cf_0002.jpg,3
1291_jpg.rf.4b6c3745afe80d02cad886422d29091f_0007.jpg,WEED6C_crops/1291_jpg.rf.4b6c3745afe80d02cad886422d29091f_0007.jpg,4
0902_jpg.rf.d61960a7bb349756b99685d2fa38137c_0008.jpg,WEED6C_crops/0902_jpg.rf.d61960a7bb349756b99685d2fa38137c_0008.jpg,0
1383_jpg.rf.774d8f8762ff9dbe26c5db3a3e211276_0033.jpg,WEED6C_crops/1383_jpg.rf.774d8f8762ff9dbe26c5db3a3e211276_0033.jpg,1
0727_jpg.rf.fc87d896f5f7849aa82658be6a6b2a3a_0004.jpg,WEED6C_crops/0727_jpg.rf.fc87d896f5f7849aa82658be6a6b2a3a_0004.jpg,0
1375_jpg.rf.b0f1411c79e1b676b013097ecfe9a149_0013.jpg,WEED6C_crops/1375_jpg.rf.b0f1411c79e1b676b013097ecfe9a149_0013.jpg,4
0083_jpg.rf.e6f7701370676bb0ccdfdffbd3777026_0001.jpg,WEED6C_crops/0083_jpg.rf.e6f7701370676bb0ccdfdffbd3777026_0001.jpg,5
0882_jpg.rf.7d2c497fe43cc926602ca22ef35e0094_0006.jpg,WEED6C_crops/0882_jpg.rf.7d2c497fe43cc926602ca22ef35e0094_0006.jpg,3
0803_jpg.rf.fafd97255114a0cb9449669593827af6_0001.jpg,WEED6C_crops/0803_jpg.rf.fafd97255114a0cb9449669593827af6_0001.jpg,1
1099_jpg.rf.37ed85497294f1e02ab2ec608969c1ab_0004.jpg,WEED6C_crops/1099_jpg.rf.37ed85497294f1e02ab2ec608969c1ab_0004.jpg,2
0819_jpg.rf.ac58495c980a8d0a431b1fff30500e44_0005.jpg,WEED6C_crops/0819_jpg.rf.ac58495c980a8d0a431b1fff30500e44_0005.jpg,3
0803_jpg.rf.fafd97255114a0cb9449669593827af6_0003.jpg,WEED6C_crops/0803_jpg.rf.fafd97255114a0cb9449669593827af6_0003.jpg,3
1287_jpg.rf.0bdfb5a514691b4b64c3bd4322c0459b_0016.jpg,WEED6C_crops/1287_jpg.rf.0bdfb5a514691b4b64c3bd4322c0459b_0016.jpg,4
0279_jpg.rf.97bac3364c45f9367beefaa2e41172d2_0015.jpg,WEED6C_crops/0279_jpg.rf.97bac3364c45f9367beefaa2e41172d2_0015.jpg,3
0071_jpg.rf.43085a1ff553aa7855aa832bd4d06bcf_0002.jpg,WEED6C_crops/0071_jpg.rf.43085a1ff553aa7855aa832bd4d06bcf_0002.jpg,5
0366_jpg.rf.5abc3a3fadbd245bf7e5e68f70a02606_0008.jpg,WEED6C_crops/0366_jpg.rf.5abc3a3fadbd245bf7e5e68f70a02606_0008.jpg,0
0987_jpg.rf.aced1fc1d9eefb9113629e737daeffad_0013.jpg,WEED6C_crops/0987_jpg.rf.aced1fc1d9eefb9113629e737daeffad_0013.jpg,3
1265_jpg.rf.459c2e1e9909ee52948bcfdb891d5d39_0024.jpg,WEED6C_crops/1265_jpg.rf.459c2e1e9909ee52948bcfdb891d5d39_0024.jpg,4
0793_jpg.rf.db78c5c131b1e48408ef3fdcf573c77b_0003.jpg,WEED6C_crops/0793_jpg.rf.db78c5c131b1e48408ef3fdcf573c77b_0003.jpg,0
1251_jpg.rf.ca084f91ecb665ac4961e3dca9f42efd_0002.jpg,WEED6C_crops/1251_jpg.rf.ca084f91ecb665ac4961e3dca9f42efd_0002.jpg,1
0093_jpg.rf.350f55cf44339df87d292b9e94e5ba85_0021.jpg,WEED6C_crops/0093_jpg.rf.350f55cf44339df87d292b9e94e5ba85_0021.jpg,4
1098_jpg.rf.76df0509a36a1f7263b7c0034847fce4_0001.jpg,WEED6C_crops/1098_jpg.rf.76df0509a36a1f7263b7c0034847fce4_0001.jpg,3
0648_jpg.rf.0175c202c3d613c7912f2bc47f5767cc_0003.jpg,WEED6C_crops/0648_jpg.rf.0175c202c3d613c7912f2bc47f5767cc_0003.jpg,3
1233_jpg.rf.a9ad2187477d12adf58c20e898c06211_0009.jpg,WEED6C_crops/1233_jpg.rf.a9ad2187477d12adf58c20e898c06211_0009.jpg,4
1108_jpg.rf.5e5fd2bf84f0f5ad37ec5b212cab5778_0001.jpg,WEED6C_crops/1108_jpg.rf.5e5fd2bf84f0f5ad37ec5b212cab5778_0001.jpg,0
0916_jpg.rf.d8842edea4d9799a4d71747fcde192fd_0004.jpg,WEED6C_crops/0916_jpg.rf.d8842edea4d9799a4d71747fcde192fd_0004.jpg,3
0112_jpg.rf.7bd8ad34f07ba8b06cfe58a2e727add5_0006.jpg,WEED6C_crops/0112_jpg.rf.7bd8ad34f07ba8b06cfe58a2e727add5_0006.jpg,5
0756_jpg.rf.2ad4dc777ddb5964fdec5a90398eef93_0002.jpg,WEED6C_crops/0756_jpg.rf.2ad4dc777ddb5964fdec5a90398eef93_0002.jpg,3
1233_jpg.rf.a9ad2187477d12adf58c20e898c06211_0024.jpg,WEED6C_crops/1233_jpg.rf.a9ad2187477d12adf58c20e898c06211_0024.jpg,4
0818_jpg.rf.b11a7903eb8f3a4c5a8c8f589c9a253b_0008.jpg,WEED6C_crops/0818_jpg.rf.b11a7903eb8f3a4c5a8c8f589c9a253b_0008.jpg,0
0449_jpg.rf.301d9cf47886263de3a5d5c56454bdc0_0003.jpg,WEED6C_crops/0449_jpg.rf.301d9cf47886263de3a5d5c56454bdc0_0003.jpg,1
0782_jpg.rf.a8884eb74e114c3fa542710c51e4d0dd_0001.jpg,WEED6C_crops/0782_jpg.rf.a8884eb74e114c3fa542710c51e4d0dd_0001.jpg,3
0838_jpg.rf.496efa3d5f7f8fe7981297b006be1626_0010.jpg,WEED6C_crops/0838_jpg.rf.496efa3d5f7f8fe7981297b006be1626_0010.jpg,0
1358_jpg.rf.596bf1c7fe66e55cef5de750deba63b9_0003.jpg,WEED6C_crops/1358_jpg.rf.596bf1c7fe66e55cef5de750deba63b9_0003.jpg,4
1340_jpg.rf.49f7cdb25f0fa78442f011562a376881_0003.jpg,WEED6C_crops/1340_jpg.rf.49f7cdb25f0fa78442f011562a376881_0003.jpg,4
0228_jpg.rf.9982797a52f1c05905a58dbdca1cee6a_0004.jpg,WEED6C_crops/0228_jpg.rf.9982797a52f1c05905a58dbdca1cee6a_0004.jpg,3
0134_jpg.rf.ff0e18ac49c9c2a581bebd50c307855b_0003.jpg,WEED6C_crops/0134_jpg.rf.ff0e18ac49c9c2a581bebd50c307855b_0003.jpg,5
0645_jpg.rf.eff4606cb6ea7b32ec7cb74a07250812_0004.jpg,WEED6C_crops/0645_jpg.rf.eff4606cb6ea7b32ec7cb74a07250812_0004.jpg,1
0323_jpg.rf.ee66aec59212ce1d687736973598e699_0005.jpg,WEED6C_crops/0323_jpg.rf.ee66aec59212ce1d687736973598e699_0005.jpg,1
0355_jpg.rf.aae81bd47c71ade07516a4e90f322582_0001.jpg,WEED6C_crops/0355_jpg.rf.aae81bd47c71ade07516a4e90f322582_0001.jpg,0
1355_jpg.rf.6913dec06d5038de035d46f593a0bd9e_0004.jpg,WEED6C_crops/1355_jpg.rf.6913dec06d5038de035d46f593a0bd9e_0004.jpg,4
1303_jpg.rf.8f30bd948ef635a90243d4eb022d379b_0058.jpg,WEED6C_crops/1303_jpg.rf.8f30bd948ef635a90243d4eb022d379b_0058.jpg,4
0325_jpg.rf.f0533e23fe9ecc072d53e03d09c89654_0006.jpg,WEED6C_crops/0325_jpg.rf.f0533e23fe9ecc072d53e03d09c89654_0006.jpg,1
0428_jpg.rf.d829eb4d8d011a1ea1166349e797a873_0004.jpg,WEED6C_crops/0428_jpg.rf.d829eb4d8d011a1ea1166349e797a873_0004.jpg,3
0366_jpg.rf.5abc3a3fadbd245bf7e5e68f70a02606_0004.jpg,WEED6C_crops/0366_jpg.rf.5abc3a3fadbd245bf7e5e68f70a02606_0004.jpg,3
0079_jpg.rf.bd3d0899dd4a32431aa298454229cee4_0006.jpg,WEED6C_crops/0079_jpg.rf.bd3d0899dd4a32431aa298454229cee4_0006.jpg,5
0362_jpg.rf.d5442bc15d85d46636b2e635eec3d8bd_0008.jpg,WEED6C_crops/0362_jpg.rf.d5442bc15d85d46636b2e635eec3d8bd_0008.jpg,0
0385_jpg.rf.0cedb900ae3c9a125bf2aba2c65e6856_0010.jpg,WEED6C_crops/0385_jpg.rf.0cedb900ae3c9a125bf2aba2c65e6856_0010.jpg,3
0051_jpg.rf.0e7fbbe6c2a094ad18a9ac582131d0d5_0002.jpg,WEED6C_crops/0051_jpg.rf.0e7fbbe6c2a094ad18a9ac582131d0d5_0002.jpg,5
0004_jpg.rf.0a2a04b7ef88cb4fbe1a2aaa2bc1698c_0002.jpg,WEED6C_crops/0004_jpg.rf.0a2a04b7ef88cb4fbe1a2aaa2bc1698c_0002.jpg,5
1342_jpg.rf.5ba11aacf5cc1306e3de9786d203418e_0012.jpg,WEED6C_crops/1342_jpg.rf.5ba11aacf5cc1306e3de9786d203418e_0012.jpg,4
0764_jpg.rf.0d6f4d62d4d805eb4b14e01d32c1b150_0003.jpg,WEED6C_crops/0764_jpg.rf.0d6f4d62d4d805eb4b14e01d32c1b150_0003.jpg,2
0228_jpg.rf.9982797a52f1c05905a58dbdca1cee6a_0001.jpg,WEED6C_crops/0228_jpg.rf.9982797a52f1c05905a58dbdca1cee6a_0001.jpg,3
0210_jpg.rf.5896e50f1138fd4e2c9e2d1b455d9ac5_0001.jpg,WEED6C_crops/0210_jpg.rf.5896e50f1138fd4e2c9e2d1b455d9ac5_0001.jpg,3
0777_jpg.rf.678d20bb12292c903545bc7db7ebd3f8_0008.jpg,WEED6C_crops/0777_jpg.rf.678d20bb12292c903545bc7db7ebd3f8_0008.jpg,3
0699_jpg.rf.3ed5ad3a41c639d643b19fa83af0c49c_0009.jpg,WEED6C_crops/0699_jpg.rf.3ed5ad3a41c639d643b19fa83af0c49c_0009.jpg,3
0217_jpg.rf.80011db71fac27bd6347c1d19f6599ae_0005.jpg,WEED6C_crops/0217_jpg.rf.80011db71fac27bd6347c1d19f6599ae_0005.jpg,3
0559_jpg.rf.f0c88e460bcaa95a5f8fd0c5421b88af_0002.jpg,WEED6C_crops/0559_jpg.rf.f0c88e460bcaa95a5f8fd0c5421b88af_0002.jpg,0
1369_jpg.rf.b115facc4e1a8ff9927fa196a84b853d_0056.jpg,WEED6C_crops/1369_jpg.rf.b115facc4e1a8ff9927fa196a84b853d_0056.jpg,4
0241_jpg.rf.91f3e8769b4d0ba66baac18128b9bc52_0001.jpg,WEED6C_crops/0241_jpg.rf.91f3e8769b4d0ba66baac18128b9bc52_0001.jpg,3
0071_jpg.rf.43085a1ff553aa7855aa832bd4d06bcf_0001.jpg,WEED6C_crops/0071_jpg.rf.43085a1ff553aa7855aa832bd4d06bcf_0001.jpg,5
0085_jpg.rf.899d587859a2f54a75195c7523a70472_0013.jpg,WEED6C_crops/0085_jpg.rf.899d587859a2f54a75195c7523a70472_0013.jpg,5
0272_jpg.rf.5a9e2d55fbac5b624c22a75911b0f5de_0003.jpg,WEED6C_crops/0272_jpg.rf.5a9e2d55fbac5b624c22a75911b0f5de_0003.jpg,0
0598_jpg.rf.5e8cc243909b8455b4cffaeeb6ea19a9_0004.jpg,WEED6C_crops/0598_jpg.rf.5e8cc243909b8455b4cffaeeb6ea19a9_0004.jpg,0
0234_jpg.rf.eb6293371223899e0546971529db26c4_0003.jpg,WEED6C_crops/0234_jpg.rf.eb6293371223899e0546971529db26c4_0003.jpg,3
0713_jpg.rf.a990cc840090b03a0b7dea71002eb6d9_0008.jpg,WEED6C_crops/0713_jpg.rf.a990cc840090b03a0b7dea71002eb6d9_0008.jpg,3
0841_jpg.rf.9b192c44368ad3e5cc330b50324fbeca_0006.jpg,WEED6C_crops/0841_jpg.rf.9b192c44368ad3e5cc330b50324fbeca_0006.jpg,1
0334_jpg.rf.b89158792ac6873fac9d3fa05614ddf3_0006.jpg,WEED6C_crops/0334_jpg.rf.b89158792ac6873fac9d3fa05614ddf3_0006.jpg,0
0232_jpg.rf.fd86f175c37e2b5a92cb09a3b36caee4_0006.jpg,WEED6C_crops/0232_jpg.rf.fd86f175c37e2b5a92cb09a3b36caee4_0006.jpg,2
1062_jpg.rf.d60ac58b099592268dfd55301b1be75c_0001.jpg,WEED6C_crops/1062_jpg.rf.d60ac58b099592268dfd55301b1be75c_0001.jpg,0
0267_jpg.rf.188ea6711170d685e1fc95c1e914b515_0005.jpg,WEED6C_crops/0267_jpg.rf.188ea6711170d685e1fc95c1e914b515_0005.jpg,1
1269_jpg.rf.a7aa44bf37b1acdf893fbf766e513c67_0003.jpg,WEED6C_crops/1269_jpg.rf.a7aa44bf37b1acdf893fbf766e513c67_0003.jpg,4
0617_jpg.rf.3ba44e656215f94c8a40a11be82e3b37_0002.jpg,WEED6C_crops/0617_jpg.rf.3ba44e656215f94c8a40a11be82e3b37_0002.jpg,3
1235_jpg.rf.8f167c07ecb86590be8dd4ab7f58be2c_0009.jpg,WEED6C_crops/1235_jpg.rf.8f167c07ecb86590be8dd4ab7f58be2c_0009.jpg,4
0324_jpg.rf.9710431a5a53db1bae42bc39d178be65_0005.jpg,WEED6C_crops/0324_jpg.rf.9710431a5a53db1bae42bc39d178be65_0005.jpg,1
0811_jpg.rf.c08bb3a3abfd8d9b04ea351afae37aaa_0004.jpg,WEED6C_crops/0811_jpg.rf.c08bb3a3abfd8d9b04ea351afae37aaa_0004.jpg,0
1006_jpg.rf.04513d8dd031528de48d5ab610b87ec9_0003.jpg,WEED6C_crops/1006_jpg.rf.04513d8dd031528de48d5ab610b87ec9_0003.jpg,0
0627_jpg.rf.e3bc4dc5aa5c0424fbc72d77df74cf84_0002.jpg,WEED6C_crops/0627_jpg.rf.e3bc4dc5aa5c0424fbc72d77df74cf84_0002.jpg,3
0971_jpg.rf.6cba680a0f96ebf0380f4c034894dd14_0003.jpg,WEED6C_crops/0971_jpg.rf.6cba680a0f96ebf0380f4c034894dd14_0003.jpg,3
0844_jpg.rf.ef823065b069e3ebcb91a448e8ce6958_0003.jpg,WEED6C_crops/0844_jpg.rf.ef823065b069e3ebcb91a448e8ce6958_0003.jpg,2
1273_jpg.rf.62a4771daa1cc264e358ecc037df2ea2_0007.jpg,WEED6C_crops/1273_jpg.rf.62a4771daa1cc264e358ecc037df2ea2_0007.jpg,4
1233_jpg.rf.a9ad2187477d12adf58c20e898c06211_0023.jpg,WEED6C_crops/1233_jpg.rf.a9ad2187477d12adf58c20e898c06211_0023.jpg,4
0435_jpg.rf.f1dafcbffdb95d9cdf379ef16d59b3bb_0001.jpg,WEED6C_crops/0435_jpg.rf.f1dafcbffdb95d9cdf379ef16d59b3bb_0001.jpg,1
1391_jpg.rf.0d9f84fd9e883043d31699636e89a05f_0006.jpg,WEED6C_crops/1391_jpg.rf.0d9f84fd9e883043d31699636e89a05f_0006.jpg,4
1359_jpg.rf.6bb7d484d2aa6c486b81a4b2f321dfb3_0040.jpg,WEED6C_crops/1359_jpg.rf.6bb7d484d2aa6c486b81a4b2f321dfb3_0040.jpg,4
0328_jpg.rf.f43504985d16f280c5606367437ee358_0005.jpg,WEED6C_crops/0328_jpg.rf.f43504985d16f280c5606367437ee358_0005.jpg,3
0854_jpg.rf.f7e41c0e4115daf144d7cd8f13163f4f_0007.jpg,WEED6C_crops/0854_jpg.rf.f7e41c0e4115daf144d7cd8f13163f4f_0007.jpg,3
0882_jpg.rf.7d2c497fe43cc926602ca22ef35e0094_0004.jpg,WEED6C_crops/0882_jpg.rf.7d2c497fe43cc926602ca22ef35e0094_0004.jpg,3
0754_jpg.rf.c45232d0ffda59c511f2099025bdbadb_0001.jpg,WEED6C_crops/0754_jpg.rf.c45232d0ffda59c511f2099025bdbadb_0001.jpg,3
0691_jpg.rf.f3df859db09e631a76bb48b50230e259_0004.jpg,WEED6C_crops/0691_jpg.rf.f3df859db09e631a76bb48b50230e259_0004.jpg,3
0030_jpg.rf.fc82a2b998ff2b79958ffb3fd0ba613d_0001.jpg,WEED6C_crops/0030_jpg.rf.fc82a2b998ff2b79958ffb3fd0ba613d_0001.jpg,5
1266_jpg.rf.b6ff71f2ca53cd0403e63652331b6edb_0027.jpg,WEED6C_crops/1266_jpg.rf.b6ff71f2ca53cd0403e63652331b6edb_0027.jpg,4
0482_jpg.rf.f74493ea2e162793224473f9ea72fd13_0006.jpg,WEED6C_crops/0482_jpg.rf.f74493ea2e162793224473f9ea72fd13_0006.jpg,0
1300_jpg.rf.c8a7b7da90c3a7f70a2e39b8ca47e4fd_0004.jpg,WEED6C_crops/1300_jpg.rf.c8a7b7da90c3a7f70a2e39b8ca47e4fd_0004.jpg,1
1305_jpg.rf.443512b37c4cb64236dc2fdc570ded6d_0002.jpg,WEED6C_crops/1305_jpg.rf.443512b37c4cb64236dc2fdc570ded6d_0002.jpg,1
0116_jpg.rf.27cf08ca0e372c0bbd79f7a010b137c1_0002.jpg,WEED6C_crops/0116_jpg.rf.27cf08ca0e372c0bbd79f7a010b137c1_0002.jpg,5
1384_jpg.rf.afcd8b0134972419b998849c6733c7a3_0003.jpg,WEED6C_crops/1384_jpg.rf.afcd8b0134972419b998849c6733c7a3_0003.jpg,1
1354_jpg.rf.cfa3e2f0904af788a0555ee8bd188254_0006.jpg,WEED6C_crops/1354_jpg.rf.cfa3e2f0904af788a0555ee8bd188254_0006.jpg,4
0773_jpg.rf.af64cb2169cba0da8cd9c267ddeb0a83_0005.jpg,WEED6C_crops/0773_jpg.rf.af64cb2169cba0da8cd9c267ddeb0a83_0005.jpg,3
0880_jpg.rf.a860eba8db5740a0f6407dedcb62dd42_0002.jpg,WEED6C_crops/0880_jpg.rf.a860eba8db5740a0f6407dedcb62dd42_0002.jpg,1
0825_jpg.rf.a455d0a7c34b18c59ee38c90d66b006a_0004.jpg,WEED6C_crops/0825_jpg.rf.a455d0a7c34b18c59ee38c90d66b006a_0004.jpg,3
0243_jpg.rf.e88cca6b42f0ffe81f64a33e459ea766_0009.jpg,WEED6C_crops/0243_jpg.rf.e88cca6b42f0ffe81f64a33e459ea766_0009.jpg,0
0802_jpg.rf.68ab8088f75a1adf1f6b4611c84ca99f_0004.jpg,WEED6C_crops/0802_jpg.rf.68ab8088f75a1adf1f6b4611c84ca99f_0004.jpg,1
1352_jpg.rf.d33033b314f56f27d9a35d5dde8f7509_0007.jpg,WEED6C_crops/1352_jpg.rf.d33033b314f56f27d9a35d5dde8f7509_0007.jpg,4
1369_jpg.rf.b115facc4e1a8ff9927fa196a84b853d_0002.jpg,WEED6C_crops/1369_jpg.rf.b115facc4e1a8ff9927fa196a84b853d_0002.jpg,1
1098_jpg.rf.76df0509a36a1f7263b7c0034847fce4_0003.jpg,WEED6C_crops/1098_jpg.rf.76df0509a36a1f7263b7c0034847fce4_0003.jpg,1
0715_jpg.rf.07fbb5ee4d4e48dd85fdae19be57a84f_0004.jpg,WEED6C_crops/0715_jpg.rf.07fbb5ee4d4e48dd85fdae19be57a84f_0004.jpg,3
0381_jpg.rf.cddb21d4777e113ec1f33da97eb01a9c_0015.jpg,WEED6C_crops/0381_jpg.rf.cddb21d4777e113ec1f33da97eb01a9c_0015.jpg,0
0331_jpg.rf.81958b516c76d305e36df30cceb5e138_0008.jpg,WEED6C_crops/0331_jpg.rf.81958b516c76d305e36df30cceb5e138_0008.jpg,3
1287_jpg.rf.0bdfb5a514691b4b64c3bd4322c0459b_0014.jpg,WEED6C_crops/1287_jpg.rf.0bdfb5a514691b4b64c3bd4322c0459b_0014.jpg,4
1273_jpg.rf.62a4771daa1cc264e358ecc037df2ea2_0001.jpg,WEED6C_crops/1273_jpg.rf.62a4771daa1cc264e358ecc037df2ea2_0001.jpg,4
0862_jpg.rf.ef04a49658a8a90799519f130f8938ed_0004.jpg,WEED6C_crops/0862_jpg.rf.ef04a49658a8a90799519f130f8938ed_0004.jpg,3
0239_jpg.rf.bffa3bfce44d84b05adb8e3e3cab980f_0004.jpg,WEED6C_crops/0239_jpg.rf.bffa3bfce44d84b05adb8e3e3cab980f_0004.jpg,3
0988_jpg.rf.3384ed76b8bc5f9306e337b0d1082cae_0003.jpg,WEED6C_crops/0988_jpg.rf.3384ed76b8bc5f9306e337b0d1082cae_0003.jpg,2
0782_jpg.rf.a8884eb74e114c3fa542710c51e4d0dd_0005.jpg,WEED6C_crops/0782_jpg.rf.a8884eb74e114c3fa542710c51e4d0dd_0005.jpg,3
0800_jpg.rf.6e91f21dfd2496b363b816fb2e3a2895_0011.jpg,WEED6C_crops/0800_jpg.rf.6e91f21dfd2496b363b816fb2e3a2895_0011.jpg,1
0129_jpg.rf.d61db53176d5f462e492a47cb441c327_0003.jpg,WEED6C_crops/0129_jpg.rf.d61db53176d5f462e492a47cb441c327_0003.jpg,5
0694_jpg.rf.4900fb6b7afd2d51ccbae46e30a9e941_0002.jpg,WEED6C_crops/0694_jpg.rf.4900fb6b7afd2d51ccbae46e30a9e941_0002.jpg,1
1242_jpg.rf.f09f84f41c4850f864177d3921fcc080_0007.jpg,WEED6C_crops/1242_jpg.rf.f09f84f41c4850f864177d3921fcc080_0007.jpg,4
0946_jpg.rf.6c9bca7799af1a14c6f0fc5bff0aa23c_0003.jpg,WEED6C_crops/0946_jpg.rf.6c9bca7799af1a14c6f0fc5bff0aa23c_0003.jpg,3
0973_jpg.rf.f9ede6d5a57cae43115ce1c2019c31df_0001.jpg,WEED6C_crops/0973_jpg.rf.f9ede6d5a57cae43115ce1c2019c31df_0001.jpg,3
0725_jpg.rf.2277e61944d0fe548a2fb261c7e23204_0002.jpg,WEED6C_crops/0725_jpg.rf.2277e61944d0fe548a2fb261c7e23204_0002.jpg,3
0876_jpg.rf.048887d24f3b405131ce7dd5aa738324_0004.jpg,WEED6C_crops/0876_jpg.rf.048887d24f3b405131ce7dd5aa738324_0004.jpg,3
0701_jpg.rf.a0b98ca0ac36cb8be97e8e09e71394ba_0003.jpg,WEED6C_crops/0701_jpg.rf.a0b98ca0ac36cb8be97e8e09e71394ba_0003.jpg,3
0113_jpg.rf.33f571be4ae7ad1b2bbbb23545090cad_0005.jpg,WEED6C_crops/0113_jpg.rf.33f571be4ae7ad1b2bbbb23545090cad_0005.jpg,5
0085_jpg.rf.899d587859a2f54a75195c7523a70472_0014.jpg,WEED6C_crops/0085_jpg.rf.899d587859a2f54a75195c7523a70472_0014.jpg,5
1267_jpg.rf.7a81427b8cf51c46e081b7723f1e15ac_0023.jpg,WEED6C_crops/1267_jpg.rf.7a81427b8cf51c46e081b7723f1e15ac_0023.jpg,4
1371_jpg.rf.a6456e830a9f9304e2912a0bfb2abda4_0013.jpg,WEED6C_crops/1371_jpg.rf.a6456e830a9f9304e2912a0bfb2abda4_0013.jpg,4
1306_jpg.rf.e683ee4d8210d663a37fc950a9e485c1_0016.jpg,WEED6C_crops/1306_jpg.rf.e683ee4d8210d663a37fc950a9e485c1_0016.jpg,4
1358_jpg.rf.596bf1c7fe66e55cef5de750deba63b9_0041.jpg,WEED6C_crops/1358_jpg.rf.596bf1c7fe66e55cef5de750deba63b9_0041.jpg,4
0283_jpg.rf.f3d09170767f659721e1a02d06422fcc_0018.jpg,WEED6C_crops/0283_jpg.rf.f3d09170767f659721e1a02d06422fcc_0018.jpg,0
0911_jpg.rf.5442b5653341269a382fdbcf8b44fc85_0005.jpg,WEED6C_crops/0911_jpg.rf.5442b5653341269a382fdbcf8b44fc85_0005.jpg,3
0809_jpg.rf.116a9dfd7cefe4aa7aa030aac2a4aa11_0005.jpg,WEED6C_crops/0809_jpg.rf.116a9dfd7cefe4aa7aa030aac2a4aa11_0005.jpg,3
0498_jpg.rf.47b63b784bf6554926dec400a457595c_0002.jpg,WEED6C_crops/0498_jpg.rf.47b63b784bf6554926dec400a457595c_0002.jpg,1
0883_jpg.rf.b2b472b2a25e0df170897c31b3a60aee_0011.jpg,WEED6C_crops/0883_jpg.rf.b2b472b2a25e0df170897c31b3a60aee_0011.jpg,0
0834_jpg.rf.541aec5b5bf56ec58ec1abe5ccbeaf7f_0009.jpg,WEED6C_crops/0834_jpg.rf.541aec5b5bf56ec58ec1abe5ccbeaf7f_0009.jpg,3
0717_jpg.rf.9a263fe6e6c233012637a8e31ceb7376_0005.jpg,WEED6C_crops/0717_jpg.rf.9a263fe6e6c233012637a8e31ceb7376_0005.jpg,3
1340_jpg.rf.49f7cdb25f0fa78442f011562a376881_0015.jpg,WEED6C_crops/1340_jpg.rf.49f7cdb25f0fa78442f011562a376881_0015.jpg,4
0252_jpg.rf.e642b34a852db7b47e1a6bdd6734a3f2_0006.jpg,WEED6C_crops/0252_jpg.rf.e642b34a852db7b47e1a6bdd6734a3f2_0006.jpg,3
1382_jpg.rf.c7bb27d718933e160b3c41d3f17e3d83_0005.jpg,WEED6C_crops/1382_jpg.rf.c7bb27d718933e160b3c41d3f17e3d83_0005.jpg,4
1343_jpg.rf.5f18c75b4fd49b4163ba2bb3af2f505f_0002.jpg,WEED6C_crops/1343_jpg.rf.5f18c75b4fd49b4163ba2bb3af2f505f_0002.jpg,4
0477_jpg.rf.3f58430d343fa9a1659df6d0ae76efe6_0004.jpg,WEED6C_crops/0477_jpg.rf.3f58430d343fa9a1659df6d0ae76efe6_0004.jpg,0
0162_jpg.rf.aa67d0950700150aff4a14b954d2e5bd_0001.jpg,WEED6C_crops/0162_jpg.rf.aa67d0950700150aff4a14b954d2e5bd_0001.jpg,5
1028_jpg.rf.4f9abef126adf52d1f465dbf01749981_0001.jpg,WEED6C_crops/1028_jpg.rf.4f9abef126adf52d1f465dbf01749981_0001.jpg,2
1350_jpg.rf.c4e3678c0fb3792d81765cc98b2c9760_0002.jpg,WEED6C_crops/1350_jpg.rf.c4e3678c0fb3792d81765cc98b2c9760_0002.jpg,4
1362_jpg.rf.ab5fc04e9f26ec91359122ba4c109436_0040.jpg,WEED6C_crops/1362_jpg.rf.ab5fc04e9f26ec91359122ba4c109436_0040.jpg,4
1362_jpg.rf.ab5fc04e9f26ec91359122ba4c109436_0002.jpg,WEED6C_crops/1362_jpg.rf.ab5fc04e9f26ec91359122ba4c109436_0002.jpg,4
1235_jpg.rf.8f167c07ecb86590be8dd4ab7f58be2c_0017.jpg,WEED6C_crops/1235_jpg.rf.8f167c07ecb86590be8dd4ab7f58be2c_0017.jpg,4
0823_jpg.rf.35b65e0d3530e9d9f8e9efea9663de95_0002.jpg,WEED6C_crops/0823_jpg.rf.35b65e0d3530e9d9f8e9efea9663de95_0002.jpg,3
1267_jpg.rf.7a81427b8cf51c46e081b7723f1e15ac_0013.jpg,WEED6C_crops/1267_jpg.rf.7a81427b8cf51c46e081b7723f1e15ac_0013.jpg,4
0590_jpg.rf.d8ed8fc15579f012be41d7c809ba756a_0001.jpg,WEED6C_crops/0590_jpg.rf.d8ed8fc15579f012be41d7c809ba756a_0001.jpg,3
1051_jpg.rf.ebb63388da7e86937951adfc07af6668_0002.jpg,WEED6C_crops/1051_jpg.rf.ebb63388da7e86937951adfc07af6668_0002.jpg,2
1116_jpg.rf.9ecdb625c0187b81cf8c935440c63fa2_0001.jpg,WEED6C_crops/1116_jpg.rf.9ecdb625c0187b81cf8c935440c63fa2_0001.jpg,0
0493_jpg.rf.059fbe40f433b1c97da8fd1eab949b92_0002.jpg,WEED6C_crops/0493_jpg.rf.059fbe40f433b1c97da8fd1eab949b92_0002.jpg,2
0238_jpg.rf.5173469800f703439d0b7955133ce6d2_0007.jpg,WEED6C_crops/0238_jpg.rf.5173469800f703439d0b7955133ce6d2_0007.jpg,3
0668_jpg.rf.1a1b53ddc6d125011fe6853ed7ffb926_0001.jpg,WEED6C_crops/0668_jpg.rf.1a1b53ddc6d125011fe6853ed7ffb926_0001.jpg,0
0910_jpg.rf.a474eacaf534e91dda538400c446a081_0008.jpg,WEED6C_crops/0910_jpg.rf.a474eacaf534e91dda538400c446a081_0008.jpg,3
0985_jpg.rf.329b2612eea7118983789707296e506d_0003.jpg,WEED6C_crops/0985_jpg.rf.329b2612eea7118983789707296e506d_0003.jpg,3
1354_jpg.rf.cfa3e2f0904af788a0555ee8bd188254_0018.jpg,WEED6C_crops/1354_jpg.rf.cfa3e2f0904af788a0555ee8bd188254_0018.jpg,4
1340_jpg.rf.49f7cdb25f0fa78442f011562a376881_0001.jpg,WEED6C_crops/1340_jpg.rf.49f7cdb25f0fa78442f011562a376881_0001.jpg,4
1227_jpg.rf.eb9e3a2fa93b1867c5cb9f3a1fcf7bdb_0008.jpg,WEED6C_crops/1227_jpg.rf.eb9e3a2fa93b1867c5cb9f3a1fcf7bdb_0008.jpg,1
0217_jpg.rf.80011db71fac27bd6347c1d19f6599ae_0003.jpg,WEED6C_crops/0217_jpg.rf.80011db71fac27bd6347c1d19f6599ae_0003.jpg,1
1220_jpg.rf.6e2eeb9cbd225a9b0c92aba71292443d_0001.jpg,WEED6C_crops/1220_jpg.rf.6e2eeb9cbd225a9b0c92aba71292443d_0001.jpg,2
1319_jpg.rf.f0e986998c05674b9aeebd92e9e900c9_0005.jpg,WEED6C_crops/1319_jpg.rf.f0e986998c05674b9aeebd92e9e900c9_0005.jpg,4
1369_jpg.rf.b115facc4e1a8ff9927fa196a84b853d_0055.jpg,WEED6C_crops/1369_jpg.rf.b115facc4e1a8ff9927fa196a84b853d_0055.jpg,4
0513_jpg.rf.eb1d9f08746106993dc97e30362f9ea4_0005.jpg,WEED6C_crops/0513_jpg.rf.eb1d9f08746106993dc97e30362f9ea4_0005.jpg,0
0368_jpg.rf.b5083de6ecc2c6e2e906dcb826d390f1_0003.jpg,WEED6C_crops/0368_jpg.rf.b5083de6ecc2c6e2e906dcb826d390f1_0003.jpg,3
0690_jpg.rf.1270e37bd3bf6f19152a043b3b786538_0002.jpg,WEED6C_crops/0690_jpg.rf.1270e37bd3bf6f19152a043b3b786538_0002.jpg,1
0266_jpg.rf.44e611753f9d3e1997613c5cc8a58644_0006.jpg,WEED6C_crops/0266_jpg.rf.44e611753f9d3e1997613c5cc8a58644_0006.jpg,1
0777_jpg.rf.678d20bb12292c903545bc7db7ebd3f8_0003.jpg,WEED6C_crops/0777_jpg.rf.678d20bb12292c903545bc7db7ebd3f8_0003.jpg,3
1374_jpg.rf.6c64883712d67a3ad448ca10c0398308_0007.jpg,WEED6C_crops/1374_jpg.rf.6c64883712d67a3ad448ca10c0398308_0007.jpg,4
1377_jpg.rf.13024f6056bd3ee967e54a75b53fd777_0013.jpg,WEED6C_crops/1377_jpg.rf.13024f6056bd3ee967e54a75b53fd777_0013.jpg,4
1228_jpg.rf.3a6e1d55fd194952bef3ad055644cc66_0004.jpg,WEED6C_crops/1228_jpg.rf.3a6e1d55fd194952bef3ad055644cc66_0004.jpg,1
0503_jpg.rf.311006f8676ac0206dd76080bbb9a57c_0003.jpg,WEED6C_crops/0503_jpg.rf.311006f8676ac0206dd76080bbb9a57c_0003.jpg,3
0242_jpg.rf.52800b665a2b860fd527febaee511016_0019.jpg,WEED6C_crops/0242_jpg.rf.52800b665a2b860fd527febaee511016_0019.jpg,0
0927_jpg.rf.c4a6d40b743301c0b3c84af21d4a9ba8_0004.jpg,WEED6C_crops/0927_jpg.rf.c4a6d40b743301c0b3c84af21d4a9ba8_0004.jpg,1
1303_jpg.rf.8f30bd948ef635a90243d4eb022d379b_0006.jpg,WEED6C_crops/1303_jpg.rf.8f30bd948ef635a90243d4eb022d379b_0006.jpg,4
1269_jpg.rf.a7aa44bf37b1acdf893fbf766e513c67_0016.jpg,WEED6C_crops/1269_jpg.rf.a7aa44bf37b1acdf893fbf766e513c67_0016.jpg,4
0661_jpg.rf.5285c9743b765f4263c8525f8d3b1245_0006.jpg,WEED6C_crops/0661_jpg.rf.5285c9743b765f4263c8525f8d3b1245_0006.jpg,0
1338_jpg.rf.321121b7a3efd0ac1c8aa7d0cbb33902_0003.jpg,WEED6C_crops/1338_jpg.rf.321121b7a3efd0ac1c8aa7d0cbb33902_0003.jpg,4
0780_jpg.rf.acbc58d145dc3d8f772f9ede5e311c2c_0008.jpg,WEED6C_crops/0780_jpg.rf.acbc58d145dc3d8f772f9ede5e311c2c_0008.jpg,3
1313_jpg.rf.9e5965f174b9d39cedf845bc37e26a4d_0005.jpg,WEED6C_crops/1313_jpg.rf.9e5965f174b9d39cedf845bc37e26a4d_0005.jpg,4
0833_jpg.rf.039a09c9dc3d7844756e0e7031f744f5_0009.jpg,WEED6C_crops/0833_jpg.rf.039a09c9dc3d7844756e0e7031f744f5_0009.jpg,1
0245_jpg.rf.29080c9d2defe1467a5aa0917b58eee4_0002.jpg,WEED6C_crops/0245_jpg.rf.29080c9d2defe1467a5aa0917b58eee4_0002.jpg,3
1352_jpg.rf.d33033b314f56f27d9a35d5dde8f7509_0012.jpg,WEED6C_crops/1352_jpg.rf.d33033b314f56f27d9a35d5dde8f7509_0012.jpg,4
0541_jpg.rf.a07bcb8674229ad06678f737ffd8b0f3_0008.jpg,WEED6C_crops/0541_jpg.rf.a07bcb8674229ad06678f737ffd8b0f3_0008.jpg,2
0236_jpg.rf.37f13823118c1f776f2b7d3360e121a9_0008.jpg,WEED6C_crops/0236_jpg.rf.37f13823118c1f776f2b7d3360e121a9_0008.jpg,3
0644_jpg.rf.3ca14cf3fcd67ef1ea477b396ec96939_0006.jpg,WEED6C_crops/0644_jpg.rf.3ca14cf3fcd67ef1ea477b396ec96939_0006.jpg,3
0351_jpg.rf.0a701bdb43cd1fc757bc28789adc90f3_0005.jpg,WEED6C_crops/0351_jpg.rf.0a701bdb43cd1fc757bc28789adc90f3_0005.jpg,0
1351_jpg.rf.e445b427433acaf539128b94d3521f79_0010.jpg,WEED6C_crops/1351_jpg.rf.e445b427433acaf539128b94d3521f79_0010.jpg,4
0625_jpg.rf.0f8d1b9405c529fca881df194e56a9be_0003.jpg,WEED6C_crops/0625_jpg.rf.0f8d1b9405c529fca881df194e56a9be_0003.jpg,3
1337_jpg.rf.e28a9d239b7f72ac8aa2c724b2e787bd_0011.jpg,WEED6C_crops/1337_jpg.rf.e28a9d239b7f72ac8aa2c724b2e787bd_0011.jpg,4
1304_jpg.rf.bdabd9792ab23d3924d6e3d26f3aec06_0013.jpg,WEED6C_crops/1304_jpg.rf.bdabd9792ab23d3924d6e3d26f3aec06_0013.jpg,4
0381_jpg.rf.cddb21d4777e113ec1f33da97eb01a9c_0018.jpg,WEED6C_crops/0381_jpg.rf.cddb21d4777e113ec1f33da97eb01a9c_0018.jpg,3
1252_jpg.rf.0460eee5cd6e483e72571dbeb38f50ba_0017.jpg,WEED6C_crops/1252_jpg.rf.0460eee5cd6e483e72571dbeb38f50ba_0017.jpg,1
0386_jpg.rf.7200147910cafd7b35d4cc7e21a4f88d_0010.jpg,WEED6C_crops/0386_jpg.rf.7200147910cafd7b35d4cc7e21a4f88d_0010.jpg,1
0323_jpg.rf.ee66aec59212ce1d687736973598e699_0006.jpg,WEED6C_crops/0323_jpg.rf.ee66aec59212ce1d687736973598e699_0006.jpg,1
0707_jpg.rf.257eb54f82fa92333986046995db87ec_0001.jpg,WEED6C_crops/0707_jpg.rf.257eb54f82fa92333986046995db87ec_0001.jpg,1
0826_jpg.rf.09183412aed1b0f5b40188e53fa5a6a9_0002.jpg,WEED6C_crops/0826_jpg.rf.09183412aed1b0f5b40188e53fa5a6a9_0002.jpg,1
0905_jpg.rf.5a1b7582aaae62dad96fd4b02e23f919_0001.jpg,WEED6C_crops/0905_jpg.rf.5a1b7582aaae62dad96fd4b02e23f919_0001.jpg,3
0660_jpg.rf.46d6d5ff1d09a4a4db6733f3a417af63_0004.jpg,WEED6C_crops/0660_jpg.rf.46d6d5ff1d09a4a4db6733f3a417af63_0004.jpg,3
0928_jpg.rf.67fcaece28010c40e0bcb657a9706d59_0005.jpg,WEED6C_crops/0928_jpg.rf.67fcaece28010c40e0bcb657a9706d59_0005.jpg,3
1294_jpg.rf.99a6afbaff3de0db6ad09e909b9845eb_0015.jpg,WEED6C_crops/1294_jpg.rf.99a6afbaff3de0db6ad09e909b9845eb_0015.jpg,4
0480_jpg.rf.2723a058483790a8371a1dd0728c3af1_0002.jpg,WEED6C_crops/0480_jpg.rf.2723a058483790a8371a1dd0728c3af1_0002.jpg,0
0817_jpg.rf.0a15fa2e7e002006fff6451b72006170_0008.jpg,WEED6C_crops/0817_jpg.rf.0a15fa2e7e002006fff6451b72006170_0008.jpg,2
1277_jpg.rf.9f5dc4cbd747655267d2900f31a88d2d_0004.jpg,WEED6C_crops/1277_jpg.rf.9f5dc4cbd747655267d2900f31a88d2d_0004.jpg,4
0011_jpg.rf.29710157babea4ac78857746132ada3d_0002.jpg,WEED6C_crops/0011_jpg.rf.29710157babea4ac78857746132ada3d_0002.jpg,5
0500_jpg.rf.fa7f8a27b1251b274ce62fca909cc078_0001.jpg,WEED6C_crops/0500_jpg.rf.fa7f8a27b1251b274ce62fca909cc078_0001.jpg,3
0911_jpg.rf.5442b5653341269a382fdbcf8b44fc85_0007.jpg,WEED6C_crops/0911_jpg.rf.5442b5653341269a382fdbcf8b44fc85_0007.jpg,3
0923_jpg.rf.ba601b892dfced7507c2e0a4850e6263_0007.jpg,WEED6C_crops/0923_jpg.rf.ba601b892dfced7507c2e0a4850e6263_0007.jpg,1
0283_jpg.rf.f3d09170767f659721e1a02d06422fcc_0011.jpg,WEED6C_crops/0283_jpg.rf.f3d09170767f659721e1a02d06422fcc_0011.jpg,3
1363_jpg.rf.768baa0bd4528831bffe24eb9aa3b51f_0028.jpg,WEED6C_crops/1363_jpg.rf.768baa0bd4528831bffe24eb9aa3b51f_0028.jpg,4
0014_jpg.rf.0331fc38ac95a67b7b5693c3acee35ef_0004.jpg,WEED6C_crops/0014_jpg.rf.0331fc38ac95a67b7b5693c3acee35ef_0004.jpg,5
0832_jpg.rf.cda307f8eef4fb3e30b42f2776592da3_0001.jpg,WEED6C_crops/0832_jpg.rf.cda307f8eef4fb3e30b42f2776592da3_0001.jpg,1
1313_jpg.rf.9e5965f174b9d39cedf845bc37e26a4d_0014.jpg,WEED6C_crops/1313_jpg.rf.9e5965f174b9d39cedf845bc37e26a4d_0014.jpg,4
0372_jpg.rf.06daa2f5f693811a1ba1c5b8065a408b_0003.jpg,WEED6C_crops/0372_jpg.rf.06daa2f5f693811a1ba1c5b8065a408b_0003.jpg,0
0665_jpg.rf.d1a25ce60a5cef7898eadd4660cb4928_0001.jpg,WEED6C_crops/0665_jpg.rf.d1a25ce60a5cef7898eadd4660cb4928_0001.jpg,2
1339_jpg.rf.c1d6ea90c66a0ca02bdb39223830ec18_0005.jpg,WEED6C_crops/1339_jpg.rf.c1d6ea90c66a0ca02bdb39223830ec18_0005.jpg,4
0830_jpg.rf.8781b961273330d6d6176c9d9e45393a_0012.jpg,WEED6C_crops/0830_jpg.rf.8781b961273330d6d6176c9d9e45393a_0012.jpg,1
1284_jpg.rf.530cf6dda4cd89ed1fed8a114b2efaa9_0004.jpg,WEED6C_crops/1284_jpg.rf.530cf6dda4cd89ed1fed8a114b2efaa9_0004.jpg,4
1380_jpg.rf.c17524f4eb123d41b596e05bb2c20b30_0023.jpg,WEED6C_crops/1380_jpg.rf.c17524f4eb123d41b596e05bb2c20b30_0023.jpg,4
