epoch,accuracy,learning_rate,loss,val_accuracy,val_loss
0,0.6881559491157532,0.0010000000474974513,0.9206101298332214,0.7615647912025452,0.6733791828155518
1,0.7641893625259399,0.0010000000474974513,0.6727457046508789,0.7755568027496338,0.637803852558136
