Filename,Label,Species
20170217-113224-0.jpg,7,Snake weed
20180119-110148-2.jpg,8,Negative
20171109-071337-1.jpg,5,Rubber vine
20171219-100842-2.jpg,8,Negative
20171203-172716-3.jpg,8,Negative
20180125-135135-3.jpg,8,Negative
20180119-114307-2.jpg,8,Negative
20180112-092948-1.jpg,8,Negative
20171217-100931-2.jpg,8,Negative
20171113-150156-1.jpg,6,Siam weed
20170705-165013-0.jpg,7,Snake weed
20171109-073214-3.jpg,5,Rubber vine
20180112-094153-1.jpg,8,Negative
20180112-081303-2.jpg,8,Negative
20171219-105508-2.jpg,8,Negative
20180109-094621-2.jpg,8,Negative
20180105-092501-2.jpg,8,Negative
20170714-113030-2.jpg,1,Lantana
20180112-075443-2.jpg,8,Negative
20170727-124959-3.jpg,4,Prickly acacia
20171219-113040-2.jpg,8,Negative
20171220-094856-2.jpg,8,Negative
20171025-091838-1.jpg,3,Parthenium
20170501-145336-0.jpg,8,Negative
20171218-110857-3.jpg,8,Negative
20171108-130405-3.jpg,5,Rubber vine
20170126-100242-0.jpg,1,Lantana
20180119-115209-1.jpg,8,Negative
20170715-140651-1.jpg,1,Lantana
20170207-141953-0.jpg,7,Snake weed
20170906-113030-1.jpg,3,Parthenium
20180109-102720-2.jpg,8,Negative
20170707-112634-0.jpg,0,Chinee apple
20180109-104322-2.jpg,8,Negative
20171121-073547-1.jpg,6,Siam weed
20170315-090007-0.jpg,8,Negative
20171212-101854-3.jpg,8,Negative
20180105-092347-3.jpg,8,Negative
20170727-124737-3.jpg,4,Prickly acacia
20180109-095458-2.jpg,8,Negative
20170410-124328-0.jpg,0,Chinee apple
20180125-095248-1.jpg,8,Negative
20170718-133742-2.jpg,7,Snake weed
20171219-094001-3.jpg,8,Negative
20180125-093256-1.jpg,8,Negative
20171109-092120-1.jpg,5,Rubber vine
20170920-113405-3.jpg,2,Parkinsonia
20180112-100908-1.jpg,8,Negative
20170727-143410-1.jpg,4,Prickly acacia
20180109-095749-2.jpg,8,Negative
20180109-091327-1.jpg,8,Negative
20180322-104328-1.jpg,8,Negative
20171219-094840-2.jpg,8,Negative
20170718-101616-2.jpg,0,Chinee apple
20170920-111244-2.jpg,2,Parkinsonia
20170714-141510-3.jpg,1,Lantana
20170714-114758-3.jpg,1,Lantana
20170729-090121-1.jpg,4,Prickly acacia
20180119-110632-1.jpg,8,Negative
20170715-150113-1.jpg,1,Lantana
20170715-140313-1.jpg,1,Lantana
20171102-121309-3.jpg,2,Parkinsonia
20170727-171618-3.jpg,4,Prickly acacia
20170714-112539-2.jpg,1,Lantana
20171122-101627-1.jpg,5,Rubber vine
20171102-104615-2.jpg,2,Parkinsonia
20180112-070302-2.jpg,8,Negative
20180119-113041-1.jpg,8,Negative
20171025-092937-2.jpg,3,Parthenium
20171220-091821-2.jpg,8,Negative
20171113-140014-1.jpg,6,Siam weed
20180109-104433-1.jpg,8,Negative
20171102-095026-1.jpg,4,Prickly acacia
20171220-090310-2.jpg,8,Negative
20180322-130154-1.jpg,8,Negative
20171220-101402-2.jpg,8,Negative
20180322-130616-1.jpg,8,Negative
20170811-130450-2.jpg,0,Chinee apple
20180109-075703-2.jpg,8,Negative
20180119-111439-1.jpg,8,Negative
20170210-131218-0.jpg,7,Snake weed
20171113-122412-1.jpg,6,Siam weed
20180125-101952-2.jpg,8,Negative
20180112-070959-2.jpg,8,Negative
20171219-092840-2.jpg,8,Negative
20170727-171839-1.jpg,4,Prickly acacia
20171102-104308-1.jpg,2,Parkinsonia
20180105-093740-2.jpg,8,Negative
20171121-072239-1.jpg,6,Siam weed
20171102-103848-2.jpg,2,Parkinsonia
20171218-121629-2.jpg,8,Negative
20180109-071431-1.jpg,8,Negative
20170811-111230-2.jpg,0,Chinee apple
20180105-094138-3.jpg,8,Negative
20180112-072107-2.jpg,8,Negative
20171121-084723-1.jpg,6,Siam weed
20180105-091514-2.jpg,8,Negative
20180125-093140-2.jpg,8,Negative
20170728-151946-1.jpg,8,Negative
20180105-093442-3.jpg,8,Negative
20170501-145751-0.jpg,8,Negative
20171201-120135-1.jpg,8,Negative
20171219-112938-2.jpg,8,Negative
20180125-132708-2.jpg,8,Negative
20170130-102305-0.jpg,1,Lantana
20171212-094548-1.jpg,8,Negative
20180105-095558-2.jpg,8,Negative
20170210-132421-0.jpg,0,Chinee apple
20170304-132021-0.jpg,7,Snake weed
20170727-143525-1.jpg,4,Prickly acacia
20170913-125701-2.jpg,5,Rubber vine
20180112-094802-1.jpg,8,Negative
20170727-170437-1.jpg,8,Negative
20170811-111413-1.jpg,0,Chinee apple
20171102-123501-2.jpg,2,Parkinsonia
20170217-101309-0.jpg,0,Chinee apple
20180322-113131-1.jpg,8,Negative
20171113-093349-3.jpg,5,Rubber vine
20180112-072932-1.jpg,8,Negative
20170705-164213-0.jpg,7,Snake weed
20170729-091822-2.jpg,8,Negative
20170714-111525-2.jpg,1,Lantana
20180322-120622-2.jpg,8,Negative
20180125-100726-2.jpg,8,Negative
20180322-131858-1.jpg,8,Negative
20171109-070859-1.jpg,5,Rubber vine
20180105-100521-2.jpg,8,Negative
20170913-104436-3.jpg,5,Rubber vine
20170920-190943-1.jpg,2,Parkinsonia
20170610-124033-0.jpg,1,Lantana
20170920-171200-3.jpg,2,Parkinsonia
20180109-073024-2.jpg,8,Negative
20170126-095436-0.jpg,1,Lantana
20180322-120531-2.jpg,8,Negative
20170714-110953-1.jpg,1,Lantana
20171102-095308-3.jpg,4,Prickly acacia
20180112-103151-1.jpg,8,Negative
20170729-092320-2.jpg,4,Prickly acacia
20171219-100737-2.jpg,8,Negative
20171113-060913-1.jpg,6,Siam weed
20170920-184415-1.jpg,2,Parkinsonia
20170811-122959-2.jpg,0,Chinee apple
20170906-133145-1.jpg,3,Parthenium
20171108-123917-3.jpg,5,Rubber vine
20171113-164837-0.jpg,6,Siam weed
20180109-090045-1.jpg,8,Negative
20170906-095816-1.jpg,3,Parthenium
20170727-135756-1.jpg,4,Prickly acacia
20180112-092458-2.jpg,8,Negative
20180125-133116-3.jpg,8,Negative
20170704-151231-0.jpg,7,Snake weed
20180322-133038-1.jpg,8,Negative
20170217-143950-0.jpg,7,Snake weed
20180125-093213-1.jpg,8,Negative
20180112-091641-1.jpg,8,Negative
20171203-172822-3.jpg,8,Negative
20170315-085835-0.jpg,8,Negative
20180125-092106-1.jpg,8,Negative
20180109-095539-2.jpg,8,Negative
20170705-164828-0.jpg,7,Snake weed
20171109-093007-1.jpg,5,Rubber vine
20171203-174313-3.jpg,8,Negative
20170920-111833-2.jpg,2,Parkinsonia
20180119-115552-2.jpg,8,Negative
20180322-105105-1.jpg,8,Negative
20170718-132737-2.jpg,7,Snake weed
20180125-130246-3.jpg,8,Negative
20171218-112020-3.jpg,8,Negative
20180322-114535-2.jpg,8,Negative
20180109-091426-2.jpg,8,Negative
20170410-160245-0.jpg,7,Snake weed
20171212-103730-3.jpg,8,Negative
20170729-091235-1.jpg,4,Prickly acacia
20180125-100150-2.jpg,8,Negative
20171102-093243-2.jpg,4,Prickly acacia
20171109-072437-1.jpg,5,Rubber vine
20171220-085003-2.jpg,8,Negative
20170405-154606-0.jpg,0,Chinee apple
20171121-083203-1.jpg,6,Siam weed
20171220-095028-1.jpg,8,Negative
20170705-162307-0.jpg,7,Snake weed
20180112-094449-1.jpg,8,Negative
20171113-092047-1.jpg,5,Rubber vine
20171113-092852-3.jpg,5,Rubber vine
20170913-110133-3.jpg,5,Rubber vine
20171025-094241-1.jpg,3,Parthenium
20170913-120841-2.jpg,5,Rubber vine
20170920-162654-3.jpg,2,Parkinsonia
20170920-113851-3.jpg,2,Parkinsonia
20180109-105637-2.jpg,8,Negative
20170304-132308-0.jpg,7,Snake weed
20170714-133546-1.jpg,1,Lantana
20180125-102131-2.jpg,8,Negative
20170501-145328-0.jpg,8,Negative
20171220-094848-2.jpg,8,Negative
20180322-125525-1.jpg,8,Negative
20170410-155936-0.jpg,7,Snake weed
20170714-113721-2.jpg,1,Lantana
20171113-111328-0.jpg,6,Siam weed
20180112-081326-2.jpg,8,Negative
20171113-140117-1.jpg,6,Siam weed
20180105-095512-2.jpg,8,Negative
20180109-094854-1.jpg,8,Negative
20180125-092952-2.jpg,8,Negative
20180109-090254-1.jpg,8,Negative
20171219-095211-2.jpg,8,Negative
20170129-103903-0.jpg,8,Negative
20180125-135333-3.jpg,8,Negative
20180322-104201-1.jpg,8,Negative
20180105-101911-2.jpg,8,Negative
20180125-130223-3.jpg,8,Negative
20171109-070659-3.jpg,5,Rubber vine
20171102-122825-1.jpg,2,Parkinsonia
20180125-094934-2.jpg,8,Negative
20180112-102440-1.jpg,8,Negative
20171109-094234-3.jpg,5,Rubber vine
20170711-115315-0.jpg,0,Chinee apple
20171203-172748-3.jpg,8,Negative
20170920-095728-1.jpg,2,Parkinsonia
20180112-103147-2.jpg,8,Negative
20170913-100832-2.jpg,3,Parthenium
20180105-093726-3.jpg,8,Negative
20180119-113215-2.jpg,8,Negative
20171113-123137-0.jpg,6,Siam weed
20170410-124933-0.jpg,0,Chinee apple
20171219-095638-3.jpg,8,Negative
20170728-122306-3.jpg,4,Prickly acacia
20170727-124908-3.jpg,4,Prickly acacia
20170906-114730-1.jpg,3,Parthenium
20180125-101140-2.jpg,8,Negative
20180322-114023-1.jpg,8,Negative
20170913-101202-1.jpg,3,Parthenium
20180119-113842-2.jpg,8,Negative
20180109-101648-2.jpg,8,Negative
20171025-073606-3.jpg,3,Parthenium
20170727-113014-1.jpg,4,Prickly acacia
20180112-093106-1.jpg,8,Negative
20180109-085739-1.jpg,8,Negative
20170913-095630-1.jpg,3,Parthenium
20171220-090409-2.jpg,8,Negative
20180125-093941-2.jpg,8,Negative
20180112-072908-1.jpg,8,Negative
20170727-170849-1.jpg,4,Prickly acacia
20171219-100707-2.jpg,8,Negative
20180112-093835-1.jpg,8,Negative
20161207-111159-0.jpg,0,Chinee apple
20180112-074124-1.jpg,8,Negative
20170729-085955-3.jpg,4,Prickly acacia
20170920-192753-1.jpg,2,Parkinsonia
20170126-095604-0.jpg,1,Lantana
20170727-170859-3.jpg,4,Prickly acacia
20180322-125534-1.jpg,8,Negative
20171121-074902-1.jpg,6,Siam weed
20170913-102631-1.jpg,3,Parthenium
20171203-170822-3.jpg,8,Negative
20171113-133124-1.jpg,6,Siam weed
20171113-102114-0.jpg,6,Siam weed
20171205-123653-2.jpg,8,Negative
20171109-091843-2.jpg,5,Rubber vine
20171220-100702-1.jpg,8,Negative
20171113-124222-3.jpg,6,Siam weed
20180322-114711-1.jpg,8,Negative
20170920-175548-1.jpg,4,Prickly acacia
20180125-100014-2.jpg,8,Negative
20170714-122115-2.jpg,1,Lantana
20180105-100146-2.jpg,8,Negative
20171219-113143-2.jpg,8,Negative
20171220-100545-2.jpg,8,Negative
20180109-092417-1.jpg,8,Negative
20180119-113800-1.jpg,8,Negative
20170920-094647-2.jpg,4,Prickly acacia
20171219-113153-2.jpg,8,Negative
20170610-122519-0.jpg,1,Lantana
20180105-100957-2.jpg,8,Negative
20180322-113511-2.jpg,8,Negative
20170920-112414-3.jpg,2,Parkinsonia
20170207-142123-0.jpg,7,Snake weed
20180125-092059-2.jpg,8,Negative
20170714-121303-2.jpg,1,Lantana
20180125-135518-3.jpg,8,Negative
20171109-090219-3.jpg,5,Rubber vine
20170728-152216-1.jpg,4,Prickly acacia
20180322-131724-1.jpg,8,Negative
20171220-084228-3.jpg,8,Negative
20180125-095541-2.jpg,8,Negative
20171220-100252-2.jpg,8,Negative
20171121-073442-1.jpg,6,Siam weed
20171109-091717-3.jpg,5,Rubber vine
20170705-163531-0.jpg,7,Snake weed
20170727-155348-1.jpg,4,Prickly acacia
20180112-072024-1.jpg,8,Negative
20180322-124754-1.jpg,8,Negative
20170129-103718-0.jpg,8,Negative
20171218-122156-2.jpg,8,Negative
20170714-150115-1.jpg,1,Lantana
20180112-100755-2.jpg,8,Negative
20170729-153213-3.jpg,4,Prickly acacia
20180109-103033-1.jpg,8,Negative
20180105-092131-2.jpg,8,Negative
20170728-125106-2.jpg,4,Prickly acacia
20180105-093803-2.jpg,8,Negative
20171102-095842-2.jpg,4,Prickly acacia
20180119-114600-1.jpg,8,Negative
20171113-102321-1.jpg,5,Rubber vine
20171113-130751-2.jpg,6,Siam weed
20171218-102911-2.jpg,8,Negative
20171113-130740-2.jpg,6,Siam weed
20180109-103809-1.jpg,8,Negative
20180125-135051-3.jpg,8,Negative
20171113-140455-2.jpg,6,Siam weed
20180322-125743-1.jpg,8,Negative
20171113-144155-2.jpg,6,Siam weed
20171203-172623-3.jpg,8,Negative
20171219-123703-2.jpg,8,Negative
20180112-072047-1.jpg,8,Negative
20170207-154209-0.jpg,0,Chinee apple
20171025-082352-1.jpg,0,Chinee apple
20171113-091929-3.jpg,5,Rubber vine
20180322-113102-2.jpg,8,Negative
20171218-122016-3.jpg,8,Negative
20170210-133822-0.jpg,0,Chinee apple
20171218-115207-3.jpg,8,Negative
20180112-092031-1.jpg,8,Negative
20180125-095041-2.jpg,8,Negative
20170304-125032-0.jpg,0,Chinee apple
20170718-132748-2.jpg,7,Snake weed
20171109-073423-1.jpg,5,Rubber vine
20180322-112249-2.jpg,8,Negative
20170728-122721-2.jpg,4,Prickly acacia
20170811-104420-2.jpg,0,Chinee apple
20170711-121008-0.jpg,0,Chinee apple
20180125-091440-2.jpg,8,Negative
20180112-081119-1.jpg,8,Negative
20171113-132733-3.jpg,6,Siam weed
20170727-113604-1.jpg,4,Prickly acacia
20170729-154527-3.jpg,4,Prickly acacia
20180105-102046-2.jpg,8,Negative
20180125-130231-3.jpg,8,Negative
20170718-100439-2.jpg,0,Chinee apple
20170920-192249-1.jpg,2,Parkinsonia
20180109-072949-1.jpg,8,Negative
20180125-130531-3.jpg,8,Negative
20171219-093258-2.jpg,8,Negative
20170715-150502-1.jpg,1,Lantana
20170913-103544-3.jpg,5,Rubber vine
20170811-103749-1.jpg,0,Chinee apple
20170811-162908-1.jpg,0,Chinee apple
20180125-101858-1.jpg,8,Negative
20180322-121645-2.jpg,8,Negative
20170913-101535-1.jpg,3,Parthenium
20180125-093453-2.jpg,8,Negative
20171219-093218-2.jpg,8,Negative
20171219-113309-2.jpg,8,Negative
20170714-110934-1.jpg,1,Lantana
20170811-155004-2.jpg,0,Chinee apple
20171212-100510-3.jpg,8,Negative
20170610-122917-0.jpg,1,Lantana
20170718-132431-2.jpg,7,Snake weed
20171109-090623-3.jpg,5,Rubber vine
20180112-101141-2.jpg,8,Negative
20170304-130948-0.jpg,7,Snake weed
20180109-074833-2.jpg,8,Negative
20170906-133958-1.jpg,3,Parthenium
20180125-135404-3.jpg,8,Negative
20171220-100853-1.jpg,8,Negative
20180109-102657-1.jpg,8,Negative
20170718-102144-2.jpg,7,Snake weed
20170727-124229-3.jpg,4,Prickly acacia
20171220-100805-1.jpg,8,Negative
20171220-093302-2.jpg,8,Negative
20170811-113249-1.jpg,0,Chinee apple
20171113-130402-2.jpg,6,Siam weed
20170127-102653-0.jpg,1,Lantana
20170630-152202-0.jpg,7,Snake weed
20180125-091618-2.jpg,8,Negative
20170906-112821-2.jpg,3,Parthenium
20171113-133040-0.jpg,6,Siam weed
20170729-153623-3.jpg,4,Prickly acacia
20170920-095040-3.jpg,2,Parkinsonia
20171219-092824-3.jpg,8,Negative
20180112-081254-1.jpg,8,Negative
20171102-121531-2.jpg,2,Parkinsonia
20170906-134145-1.jpg,3,Parthenium
20170706-130046-3.jpg,1,Lantana
20171212-095519-3.jpg,8,Negative
20171212-092846-1.jpg,8,Negative
20180109-101525-2.jpg,8,Negative
20171109-071046-1.jpg,5,Rubber vine
20170210-142309-0.jpg,7,Snake weed
20180109-075319-2.jpg,8,Negative
20171220-091104-3.jpg,8,Negative
20170705-165759-0.jpg,7,Snake weed
20171113-144129-2.jpg,6,Siam weed
20170315-085616-0.jpg,8,Negative
20170727-125736-1.jpg,4,Prickly acacia
20170920-115637-2.jpg,2,Parkinsonia
20180119-105020-1.jpg,8,Negative
20171218-122149-3.jpg,8,Negative
20170804-132430-1.jpg,1,Lantana
20170727-125137-1.jpg,4,Prickly acacia
20170304-130844-0.jpg,7,Snake weed
20180322-133100-1.jpg,8,Negative
20171220-091653-2.jpg,8,Negative
20170210-132037-0.jpg,7,Snake weed
20180112-072813-2.jpg,8,Negative
20171025-093119-2.jpg,3,Parthenium
20170707-111523-0.jpg,7,Snake weed
20170128-102729-0.jpg,8,Negative
20171203-165418-3.jpg,8,Negative
20171220-093216-2.jpg,8,Negative
20180322-125451-1.jpg,8,Negative
20170920-181715-1.jpg,2,Parkinsonia
20180105-101918-2.jpg,8,Negative
20180322-112652-2.jpg,8,Negative
20171102-122851-3.jpg,2,Parkinsonia
20180125-135038-2.jpg,8,Negative
20171219-095011-2.jpg,8,Negative
20170714-141357-3.jpg,1,Lantana
20180105-095205-2.jpg,8,Negative
20170128-103711-0.jpg,8,Negative
20170920-164334-3.jpg,2,Parkinsonia
20180105-092356-2.jpg,8,Negative
20171220-092341-2.jpg,8,Negative
20170210-133923-0.jpg,0,Chinee apple
20180112-070845-2.jpg,8,Negative
20171220-084657-2.jpg,8,Negative
20171102-094023-3.jpg,4,Prickly acacia
20171113-091722-1.jpg,5,Rubber vine
20171212-094510-1.jpg,8,Negative
20171121-083457-2.jpg,6,Siam weed
20170727-154637-1.jpg,4,Prickly acacia
20180112-081156-1.jpg,8,Negative
20171219-110157-3.jpg,8,Negative
20170704-154226-0.jpg,8,Negative
20170811-134314-2.jpg,0,Chinee apple
20170217-102049-0.jpg,0,Chinee apple
20180119-114426-2.jpg,8,Negative
20170906-112322-1.jpg,3,Parthenium
20171220-090554-2.jpg,8,Negative
20171113-115920-3.jpg,6,Siam weed
20180105-093207-3.jpg,8,Negative
20180109-101308-2.jpg,8,Negative
20171113-132813-1.jpg,6,Siam weed
20170714-114257-2.jpg,1,Lantana
20170207-141615-0.jpg,7,Snake weed
20180109-070709-2.jpg,8,Negative
20180125-131531-3.jpg,8,Negative
20170920-131020-2.jpg,2,Parkinsonia
20180125-130514-3.jpg,8,Negative
20170714-175853-1.jpg,1,Lantana
20170729-085945-2.jpg,4,Prickly acacia
20170610-122247-0.jpg,1,Lantana
20170728-152036-1.jpg,4,Prickly acacia
20171212-093458-3.jpg,8,Negative
20171102-123005-1.jpg,2,Parkinsonia
20180105-091628-2.jpg,8,Negative
20171102-120320-1.jpg,2,Parkinsonia
20170718-094425-2.jpg,0,Chinee apple
20180105-093156-2.jpg,8,Negative
20171113-121115-1.jpg,6,Siam weed
20180109-091255-2.jpg,8,Negative
20180112-073028-1.jpg,8,Negative
20171025-074150-3.jpg,3,Parthenium
20170920-111011-3.jpg,2,Parkinsonia
20171113-115932-1.jpg,6,Siam weed
20170217-145123-0.jpg,7,Snake weed
20171025-082130-2.jpg,3,Parthenium
20170217-114451-0.jpg,7,Snake weed
20180109-080420-1.jpg,8,Negative
20180109-095830-2.jpg,8,Negative
20180322-102941-1.jpg,8,Negative
20170304-130256-0.jpg,7,Snake weed
20170304-132052-0.jpg,7,Snake weed
20180105-093755-2.jpg,8,Negative
20180109-101049-1.jpg,8,Negative
20170410-123806-0.jpg,0,Chinee apple
20170906-113143-2.jpg,3,Parthenium
20180109-075310-2.jpg,8,Negative
20171113-120134-1.jpg,6,Siam weed
20170210-131528-0.jpg,7,Snake weed
20170913-110433-3.jpg,5,Rubber vine
20170217-114614-0.jpg,7,Snake weed
20170714-143425-1.jpg,1,Lantana
20171109-093317-2.jpg,5,Rubber vine
20180109-075028-1.jpg,8,Negative
20170405-160251-0.jpg,0,Chinee apple
20171113-123534-3.jpg,6,Siam weed
20170705-162907-0.jpg,0,Chinee apple
20171219-112401-2.jpg,8,Negative
20171212-102047-3.jpg,8,Negative
20171102-115705-3.jpg,2,Parkinsonia
20180125-100742-1.jpg,8,Negative
20180112-083705-1.jpg,8,Negative
20161207-111058-0.jpg,0,Chinee apple
20180109-103908-2.jpg,8,Negative
20180322-113201-1.jpg,8,Negative
20180112-103034-1.jpg,8,Negative
20180125-132036-2.jpg,8,Negative
20170727-120502-3.jpg,4,Prickly acacia
20180112-101235-2.jpg,8,Negative
20180125-091402-2.jpg,8,Negative
20171121-073258-1.jpg,6,Siam weed
20180322-125040-1.jpg,8,Negative
20170727-144130-1.jpg,4,Prickly acacia
20170727-164307-1.jpg,4,Prickly acacia
20171113-144114-0.jpg,6,Siam weed
20171113-093641-3.jpg,5,Rubber vine
20171220-094611-2.jpg,8,Negative
20180125-133306-2.jpg,8,Negative
20170714-142040-2.jpg,1,Lantana
20180105-093111-2.jpg,8,Negative
20171113-151813-1.jpg,6,Siam weed
20170728-121913-2.jpg,4,Prickly acacia
20180112-102800-2.jpg,8,Negative
20180322-132524-1.jpg,8,Negative
20171217-183729-2.jpg,8,Negative
20171102-123300-3.jpg,2,Parkinsonia
20170128-102427-0.jpg,8,Negative
20180125-135509-3.jpg,8,Negative
20170630-155948-0.jpg,7,Snake weed
20180112-102617-1.jpg,8,Negative
20171121-084319-1.jpg,6,Siam weed
20180109-104711-1.jpg,8,Negative
20180112-092644-2.jpg,8,Negative
20171205-134939-2.jpg,8,Negative
20170501-142943-0.jpg,1,Lantana
20170920-182900-1.jpg,2,Parkinsonia
20171025-094654-1.jpg,3,Parthenium
20170728-155251-1.jpg,4,Prickly acacia
20171109-095501-3.jpg,5,Rubber vine
20171220-084748-2.jpg,8,Negative
20171220-085343-2.jpg,8,Negative
20170210-131037-0.jpg,7,Snake weed
20170728-120423-2.jpg,4,Prickly acacia
20170718-101011-2.jpg,0,Chinee apple
20171212-094746-3.jpg,8,Negative
20180112-081631-1.jpg,8,Negative
20170128-103723-0.jpg,8,Negative
20170704-150938-0.jpg,7,Snake weed
20170906-114011-2.jpg,3,Parthenium
20171220-095017-2.jpg,8,Negative
20170706-113336-0.jpg,7,Snake weed
20170707-111818-0.jpg,0,Chinee apple
20170728-150148-1.jpg,4,Prickly acacia
20171205-124141-2.jpg,8,Negative
20171217-185004-2.jpg,8,Negative
20170728-124313-3.jpg,4,Prickly acacia
20171220-101647-2.jpg,8,Negative
20170715-144023-1.jpg,1,Lantana
20180322-114302-2.jpg,8,Negative
20180112-101246-2.jpg,8,Negative
20171025-080010-1.jpg,3,Parthenium
20170714-122419-2.jpg,1,Lantana
20180125-123132-2.jpg,8,Negative
20171212-093729-3.jpg,8,Negative
20180109-091640-1.jpg,8,Negative
20180112-101852-2.jpg,8,Negative
20171203-173724-3.jpg,8,Negative
20180109-091546-1.jpg,8,Negative
20171025-090737-1.jpg,3,Parthenium
20180119-113928-2.jpg,8,Negative
20171220-094739-1.jpg,8,Negative
20180119-111644-2.jpg,8,Negative
20171113-135453-3.jpg,6,Siam weed
20170728-154302-3.jpg,8,Negative
20180109-085453-1.jpg,8,Negative
20171220-084337-3.jpg,8,Negative
20180125-094155-1.jpg,8,Negative
20171025-074750-2.jpg,3,Parthenium
20171212-094932-1.jpg,8,Negative
20180322-103725-1.jpg,8,Negative
20170304-131703-0.jpg,7,Snake weed
20171220-100754-1.jpg,8,Negative
20170707-110305-0.jpg,7,Snake weed
20170811-104056-2.jpg,0,Chinee apple
20171109-095253-3.jpg,5,Rubber vine
20170906-140251-1.jpg,3,Parthenium
20171121-081448-2.jpg,6,Siam weed
20171220-101319-2.jpg,8,Negative
20170811-132846-2.jpg,0,Chinee apple
20171220-101747-1.jpg,8,Negative
20171025-075121-3.jpg,3,Parthenium
20170913-122058-3.jpg,3,Parthenium
20180125-130141-3.jpg,8,Negative
20180125-132037-2.jpg,8,Negative
20180119-104701-2.jpg,8,Negative
20170610-122723-0.jpg,1,Lantana
20171025-075321-3.jpg,3,Parthenium
20170207-142613-0.jpg,7,Snake weed
20170728-152111-3.jpg,8,Negative
20171220-082900-2.jpg,8,Negative
20170811-134147-2.jpg,0,Chinee apple
20171113-134030-3.jpg,6,Siam weed
20171113-135346-3.jpg,6,Siam weed
20180109-071354-1.jpg,8,Negative
20170217-095820-0.jpg,7,Snake weed
20171109-095536-2.jpg,5,Rubber vine
20170210-133803-0.jpg,0,Chinee apple
20171102-115646-3.jpg,2,Parkinsonia
20170728-122106-2.jpg,4,Prickly acacia
20180125-094237-2.jpg,8,Negative
20180322-121141-2.jpg,8,Negative
20180112-103859-2.jpg,8,Negative
20170210-132412-0.jpg,0,Chinee apple
20180112-092458-1.jpg,8,Negative
20180125-091341-2.jpg,8,Negative
20171218-105544-3.jpg,8,Negative
20180105-095450-2.jpg,8,Negative
20170706-113419-0.jpg,7,Snake weed
20171113-061145-1.jpg,6,Siam weed
20171109-074736-1.jpg,5,Rubber vine
20171102-103255-2.jpg,2,Parkinsonia
20171220-090155-2.jpg,8,Negative
20171220-094523-2.jpg,8,Negative
20170405-160310-0.jpg,8,Negative
20170728-150934-1.jpg,4,Prickly acacia
20180125-101200-2.jpg,8,Negative
20170920-160218-3.jpg,2,Parkinsonia
20170906-103659-1.jpg,3,Parthenium
20171203-174235-3.jpg,8,Negative
20180109-074410-1.jpg,8,Negative
20180119-105107-2.jpg,8,Negative
20171203-172950-3.jpg,8,Negative
20171025-075255-3.jpg,3,Parthenium
20170501-144936-0.jpg,8,Negative
20170913-121403-1.jpg,5,Rubber vine
20170920-134609-2.jpg,2,Parkinsonia
20170522-123416-0.jpg,1,Lantana
20180322-112504-1.jpg,8,Negative
20171109-085239-3.jpg,5,Rubber vine
20170906-110802-4.jpg,3,Parthenium
20170728-124642-2.jpg,4,Prickly acacia
20171102-120446-2.jpg,2,Parkinsonia
20180109-091402-1.jpg,8,Negative
20171109-093041-2.jpg,5,Rubber vine
20170304-130721-0.jpg,7,Snake weed
20170217-150100-0.jpg,0,Chinee apple
20170728-125543-2.jpg,4,Prickly acacia
20180125-131813-3.jpg,8,Negative
20171212-103216-3.jpg,8,Negative
20180119-110400-2.jpg,8,Negative
20170727-151808-3.jpg,4,Prickly acacia
20171109-091131-3.jpg,5,Rubber vine
20170913-124142-1.jpg,5,Rubber vine
20171217-184749-2.jpg,8,Negative
20170913-124422-3.jpg,5,Rubber vine
20171220-100904-1.jpg,8,Negative
20171113-123630-1.jpg,6,Siam weed
20171113-093718-3.jpg,5,Rubber vine
20170405-160115-0.jpg,0,Chinee apple
20170714-121813-2.jpg,1,Lantana
20171109-090628-2.jpg,5,Rubber vine
20170727-124436-1.jpg,4,Prickly acacia
20171113-120245-1.jpg,6,Siam weed
20171109-180010-2.jpg,5,Rubber vine
20170217-120345-0.jpg,7,Snake weed
20171218-104443-2.jpg,8,Negative
20170727-170748-3.jpg,4,Prickly acacia
20180112-103044-1.jpg,8,Negative
20170410-153849-0.jpg,7,Snake weed
20171025-075249-2.jpg,3,Parthenium
20171102-123406-3.jpg,2,Parkinsonia
20171203-173011-3.jpg,8,Negative
20180105-100830-3.jpg,8,Negative
20170920-164843-3.jpg,2,Parkinsonia
20171121-084258-2.jpg,6,Siam weed
20170811-133943-2.jpg,0,Chinee apple
20180112-102234-2.jpg,8,Negative
20170630-155936-0.jpg,7,Snake weed
20171212-094611-3.jpg,8,Negative
20180322-111804-2.jpg,8,Negative
20171113-092631-1.jpg,5,Rubber vine
20180109-104555-2.jpg,8,Negative
20171217-103446-2.jpg,8,Negative
20170714-142704-3.jpg,1,Lantana
20170920-164043-3.jpg,2,Parkinsonia
20171220-084312-2.jpg,8,Negative
20180125-091831-2.jpg,8,Negative
20180109-075720-2.jpg,8,Negative
20171219-095359-3.jpg,8,Negative
20171219-112153-3.jpg,8,Negative
20171220-091611-2.jpg,8,Negative
20170920-183728-1.jpg,2,Parkinsonia
20171109-090804-1.jpg,5,Rubber vine
20170126-100231-0.jpg,1,Lantana
20171113-115609-1.jpg,6,Siam weed
20180125-094030-1.jpg,8,Negative
20180112-103310-2.jpg,8,Negative
20180112-093043-2.jpg,8,Negative
20180322-130742-1.jpg,8,Negative
20170920-100054-1.jpg,2,Parkinsonia
20170920-094037-2.jpg,2,Parkinsonia
20180105-103706-2.jpg,8,Negative
20170728-152444-1.jpg,8,Negative
20171113-142826-3.jpg,6,Siam weed
20170920-095153-2.jpg,2,Parkinsonia
20171220-085015-3.jpg,8,Negative
20171218-115247-2.jpg,8,Negative
20170130-102350-0.jpg,1,Lantana
20180125-092148-2.jpg,8,Negative
20180109-100626-1.jpg,8,Negative
20170920-101025-1.jpg,2,Parkinsonia
20170727-171307-1.jpg,4,Prickly acacia
20180119-104537-2.jpg,8,Negative
20171102-123516-3.jpg,2,Parkinsonia
20170913-104812-3.jpg,5,Rubber vine
20180112-075118-2.jpg,8,Negative
20170718-100708-2.jpg,0,Chinee apple
20180322-103330-1.jpg,8,Negative
20180109-071718-2.jpg,8,Negative
20171113-162140-0.jpg,6,Siam weed
20171122-104047-1.jpg,5,Rubber vine
20171113-131857-3.jpg,6,Siam weed
20171109-075129-3.jpg,5,Rubber vine
20170714-135041-3.jpg,1,Lantana
20180119-104336-1.jpg,8,Negative
20171212-103529-3.jpg,8,Negative
20180112-103239-2.jpg,8,Negative
20170501-145803-0.jpg,8,Negative
20171219-112728-2.jpg,8,Negative
20170706-110116-0.jpg,7,Snake weed
20180125-095950-2.jpg,8,Negative
20170410-124947-0.jpg,0,Chinee apple
20170501-144927-0.jpg,8,Negative
20170718-132225-2.jpg,7,Snake weed
20171212-095057-1.jpg,8,Negative
20171220-093137-2.jpg,8,Negative
20171102-120250-2.jpg,2,Parkinsonia
20170920-133219-2.jpg,2,Parkinsonia
20170718-133407-2.jpg,7,Snake weed
20171203-165704-3.jpg,8,Negative
20180119-110559-2.jpg,8,Negative
20170130-102233-0.jpg,1,Lantana
20171218-103016-2.jpg,8,Negative
20180125-135244-3.jpg,8,Negative
20171212-095203-1.jpg,8,Negative
20170210-134150-0.jpg,0,Chinee apple
20171212-094053-3.jpg,8,Negative
20170727-171133-1.jpg,4,Prickly acacia
20180112-073135-2.jpg,8,Negative
20180109-103008-1.jpg,8,Negative
20170128-103630-0.jpg,8,Negative
20171102-123304-1.jpg,2,Parkinsonia
20171220-084027-2.jpg,8,Negative
20171121-082411-2.jpg,6,Siam weed
20171220-092929-2.jpg,8,Negative
20171113-092826-3.jpg,5,Rubber vine
20170714-142817-3.jpg,1,Lantana
20170727-171857-1.jpg,4,Prickly acacia
20171113-135311-1.jpg,6,Siam weed
20180105-101121-2.jpg,8,Negative
20170728-121857-2.jpg,4,Prickly acacia
20171122-104124-1.jpg,5,Rubber vine
20171220-085301-3.jpg,8,Negative
20180109-091418-2.jpg,8,Negative
20170920-161941-3.jpg,2,Parkinsonia
20170404-153544-0.jpg,7,Snake weed
20180125-095951-1.jpg,8,Negative
20170304-131443-0.jpg,7,Snake weed
20170207-141713-0.jpg,7,Snake weed
20171102-120012-1.jpg,2,Parkinsonia
20171121-083528-1.jpg,6,Siam weed
20180105-091654-2.jpg,8,Negative
20170210-134029-0.jpg,0,Chinee apple
20170704-155037-0.jpg,7,Snake weed
20180109-103812-2.jpg,8,Negative
20170714-114929-3.jpg,1,Lantana
20170714-141718-3.jpg,1,Lantana
20171121-073353-1.jpg,6,Siam weed
20170501-145700-0.jpg,8,Negative
20171220-100913-1.jpg,8,Negative
20171201-120426-1.jpg,8,Negative
20180109-070018-2.jpg,8,Negative
20170304-125003-0.jpg,0,Chinee apple
20180109-095520-2.jpg,8,Negative
20180109-095231-2.jpg,8,Negative
20171113-092633-3.jpg,5,Rubber vine
20180322-112024-1.jpg,8,Negative
20171025-091627-3.jpg,3,Parthenium
20170130-102448-0.jpg,1,Lantana
20180109-094956-2.jpg,8,Negative
20180125-131126-3.jpg,8,Negative
20170718-131944-2.jpg,7,Snake weed
20180125-132416-3.jpg,8,Negative
20170920-175240-1.jpg,2,Parkinsonia
20170129-103415-0.jpg,8,Negative
20180112-081418-2.jpg,8,Negative
20180119-114214-2.jpg,8,Negative
20180322-112358-2.jpg,8,Negative
20170126-100527-0.jpg,1,Lantana
20180112-094430-1.jpg,8,Negative
20170630-154627-0.jpg,7,Snake weed
20170727-151613-1.jpg,4,Prickly acacia
20170217-110631-0.jpg,0,Chinee apple
20180125-093504-1.jpg,8,Negative
20170217-102132-0.jpg,0,Chinee apple
20171025-094342-2.jpg,3,Parthenium
20171121-091109-1.jpg,6,Siam weed
20170126-100140-0.jpg,1,Lantana
20171220-084214-2.jpg,8,Negative
20180125-132730-2.jpg,8,Negative
20171113-135026-1.jpg,6,Siam weed
20170811-134110-1.jpg,0,Chinee apple
20170920-162301-3.jpg,2,Parkinsonia
20171113-144318-3.jpg,6,Siam weed
20180105-100047-2.jpg,8,Negative
20171220-094905-1.jpg,8,Negative
20180112-103014-2.jpg,8,Negative
20170707-110140-0.jpg,0,Chinee apple
20171205-142836-2.jpg,8,Negative
20171109-094446-3.jpg,5,Rubber vine
20180109-072821-2.jpg,8,Negative
20180125-123306-2.jpg,8,Negative
20171217-103638-2.jpg,8,Negative
20171218-121154-2.jpg,8,Negative
20171205-144757-2.jpg,8,Negative
20171203-170534-3.jpg,8,Negative
20180322-132617-1.jpg,8,Negative
20171025-082737-3.jpg,3,Parthenium
20170210-144956-0.jpg,7,Snake weed
20170913-101505-1.jpg,3,Parthenium
20180125-133246-2.jpg,8,Negative
20170304-131712-0.jpg,7,Snake weed
20170727-140244-1.jpg,4,Prickly acacia
20170410-124625-0.jpg,0,Chinee apple
20171212-094748-3.jpg,8,Negative
20171025-092445-1.jpg,3,Parthenium
20180109-100817-2.jpg,8,Negative
20171113-132354-0.jpg,6,Siam weed
20180322-121222-2.jpg,8,Negative
20171218-105136-3.jpg,8,Negative
20171218-110942-3.jpg,8,Negative
20171109-194714-1.jpg,5,Rubber vine
20180322-113411-2.jpg,8,Negative
20171220-083801-3.jpg,8,Negative
20171218-103931-3.jpg,8,Negative
20180125-100508-1.jpg,8,Negative
20170811-131045-1.jpg,0,Chinee apple
20180119-114412-1.jpg,8,Negative
20171113-105444-0.jpg,6,Siam weed
20170217-103336-0.jpg,0,Chinee apple
20171203-170230-3.jpg,8,Negative
20180125-101728-1.jpg,8,Negative
20180119-113106-2.jpg,8,Negative
20170728-154329-1.jpg,4,Prickly acacia
20180125-131823-3.jpg,8,Negative
20171102-122711-3.jpg,2,Parkinsonia
20171102-120802-1.jpg,2,Parkinsonia
20171203-174056-3.jpg,8,Negative
20180109-091218-2.jpg,8,Negative
20170727-113243-1.jpg,4,Prickly acacia
20180322-111835-2.jpg,8,Negative
20170127-101830-0.jpg,1,Lantana
20180105-100314-3.jpg,8,Negative
20170715-150117-1.jpg,1,Lantana
20180109-091734-1.jpg,8,Negative
20171113-145845-3.jpg,6,Siam weed
20171113-144652-3.jpg,6,Siam weed
20171218-110443-2.jpg,8,Negative
20180322-113627-2.jpg,8,Negative
20180109-100308-2.jpg,8,Negative
20171121-073424-1.jpg,6,Siam weed
20170210-130933-0.jpg,7,Snake weed
20170714-121932-3.jpg,1,Lantana
20180119-111328-2.jpg,8,Negative
20180112-101715-2.jpg,8,Negative
20170727-155330-1.jpg,4,Prickly acacia
20180105-095419-2.jpg,8,Negative
20170129-103735-0.jpg,8,Negative
20170718-132810-2.jpg,7,Snake weed
20171212-093551-1.jpg,8,Negative
20180125-100640-1.jpg,8,Negative
20170705-163332-0.jpg,7,Snake weed
20180105-101530-2.jpg,8,Negative
20180112-072956-1.jpg,8,Negative
20170217-144356-0.jpg,7,Snake weed
20170728-145958-1.jpg,4,Prickly acacia
20170404-154138-0.jpg,7,Snake weed
20171219-113245-2.jpg,8,Negative
20170714-114833-3.jpg,1,Lantana
20180109-072047-2.jpg,8,Negative
20180119-114910-1.jpg,8,Negative
20170718-100551-2.jpg,0,Chinee apple
20180322-113121-2.jpg,8,Negative
20170315-085944-0.jpg,8,Negative
20171218-105000-2.jpg,8,Negative
20180109-070652-2.jpg,8,Negative
20171219-101538-3.jpg,8,Negative
20170714-114854-3.jpg,1,Lantana
20171219-102358-3.jpg,8,Negative
20170128-103245-0.jpg,8,Negative
20171109-093645-3.jpg,5,Rubber vine
20170920-113904-3.jpg,2,Parkinsonia
20180112-080645-2.jpg,8,Negative
20170920-094254-1.jpg,2,Parkinsonia
20171205-145023-2.jpg,8,Negative
20170217-115158-0.jpg,7,Snake weed
20180112-082438-1.jpg,8,Negative
20170714-121609-3.jpg,1,Lantana
20180105-100858-3.jpg,8,Negative
20170210-131933-0.jpg,0,Chinee apple
20170714-141938-2.jpg,1,Lantana
20170811-133311-2.jpg,0,Chinee apple
20180105-095038-2.jpg,8,Negative
20170714-120537-3.jpg,1,Lantana
20170127-103248-0.jpg,1,Lantana
20171113-123042-3.jpg,6,Siam weed
20180119-113621-2.jpg,8,Negative
20171219-095232-3.jpg,8,Negative
20171220-095249-2.jpg,8,Negative
20170727-171653-3.jpg,4,Prickly acacia
20171102-100028-2.jpg,4,Prickly acacia
20171108-130543-3.jpg,5,Rubber vine
20180125-100437-1.jpg,8,Negative
20171212-105025-3.jpg,8,Negative
20171025-075948-1.jpg,3,Parthenium
20171219-102603-2.jpg,8,Negative
20170715-154511-1.jpg,1,Lantana
20170727-170909-1.jpg,4,Prickly acacia
20171220-095423-2.jpg,8,Negative
20180322-114926-1.jpg,8,Negative
20180125-132259-3.jpg,8,Negative
20180125-132101-2.jpg,8,Negative
20171113-143513-2.jpg,6,Siam weed
20171113-135131-1.jpg,6,Siam weed
20171220-095326-1.jpg,8,Negative
20170704-150521-0.jpg,7,Snake weed
20171212-093813-3.jpg,8,Negative
20170920-130542-2.jpg,2,Parkinsonia
20170718-132216-2.jpg,7,Snake weed
20171109-085535-2.jpg,5,Rubber vine
20171218-114933-3.jpg,8,Negative
20180112-080739-2.jpg,8,Negative
20171121-072105-1.jpg,6,Siam weed
20170610-122404-0.jpg,1,Lantana
20170706-130210-3.jpg,1,Lantana
20171025-095038-1.jpg,3,Parthenium
20170610-122952-0.jpg,1,Lantana
20170920-101953-1.jpg,2,Parkinsonia
20180125-101026-2.jpg,8,Negative
20170920-192733-1.jpg,2,Parkinsonia
20180112-081803-2.jpg,8,Negative
20180109-094738-2.jpg,8,Negative
20171102-121110-3.jpg,2,Parkinsonia
20170913-123803-2.jpg,5,Rubber vine
20170714-150233-1.jpg,1,Lantana
20180322-124804-1.jpg,8,Negative
20170727-150354-3.jpg,4,Prickly acacia
20170728-153314-1.jpg,8,Negative
20180125-092355-2.jpg,8,Negative
20171219-094840-3.jpg,8,Negative
20170217-103728-0.jpg,0,Chinee apple
20170718-095128-2.jpg,0,Chinee apple
20180119-113953-2.jpg,8,Negative
20170727-155459-3.jpg,4,Prickly acacia
20180125-130118-2.jpg,8,Negative
20180112-081341-1.jpg,8,Negative
20171219-095838-3.jpg,8,Negative
20180125-091342-1.jpg,8,Negative
20171113-151503-1.jpg,6,Siam weed
20171102-122623-1.jpg,2,Parkinsonia
20171218-115100-2.jpg,8,Negative
20170920-165507-1.jpg,2,Parkinsonia
20180119-105702-1.jpg,8,Negative
20171113-120504-1.jpg,6,Siam weed
20170920-095903-3.jpg,4,Prickly acacia
20180112-081641-1.jpg,8,Negative
20180112-075456-2.jpg,8,Negative
20170920-114115-3.jpg,2,Parkinsonia
20180322-111657-1.jpg,8,Negative
20180105-092421-3.jpg,8,Negative
20180125-095134-1.jpg,8,Negative
20180109-071557-2.jpg,8,Negative
20180119-113742-1.jpg,8,Negative
20171220-083131-3.jpg,8,Negative
20180119-105340-2.jpg,8,Negative
20171203-170434-3.jpg,8,Negative
20171201-120339-1.jpg,8,Negative
20180105-095858-3.jpg,8,Negative
20171212-105035-3.jpg,8,Negative
20171113-142802-3.jpg,6,Siam weed
20170811-112623-1.jpg,0,Chinee apple
20171121-090705-3.jpg,6,Siam weed
20170129-103041-0.jpg,8,Negative
20170913-105137-1.jpg,3,Parthenium
20170707-110919-0.jpg,0,Chinee apple
20180125-131353-2.jpg,8,Negative
20171212-100342-3.jpg,8,Negative
20180119-105826-2.jpg,8,Negative
20171102-122552-2.jpg,2,Parkinsonia
20170410-153813-0.jpg,7,Snake weed
20171203-082801-3.jpg,8,Negative
20171219-095353-2.jpg,8,Negative
20170913-100817-1.jpg,3,Parthenium
20171113-144630-3.jpg,6,Siam weed
20171102-103226-2.jpg,2,Parkinsonia
20170315-090919-0.jpg,8,Negative
20171109-072600-1.jpg,5,Rubber vine
20180125-101328-1.jpg,8,Negative
20171109-093614-2.jpg,5,Rubber vine
20170217-112856-0.jpg,7,Snake weed
20171113-145327-0.jpg,6,Siam weed
20180109-102745-2.jpg,8,Negative
20170217-100644-0.jpg,7,Snake weed
20171220-094826-1.jpg,8,Negative
20180125-100248-1.jpg,8,Negative
20170727-143840-1.jpg,4,Prickly acacia
20180125-133504-2.jpg,8,Negative
20170728-123815-3.jpg,4,Prickly acacia
20170906-115034-1.jpg,3,Parthenium
20170920-162725-3.jpg,2,Parkinsonia
20180105-091508-3.jpg,8,Negative
20180112-102927-1.jpg,8,Negative
20180109-105713-2.jpg,8,Negative
20170704-150440-0.jpg,7,Snake weed
20180125-095621-2.jpg,8,Negative
20180105-095922-2.jpg,8,Negative
20180125-100421-2.jpg,8,Negative
20171218-103005-2.jpg,8,Negative
20171219-092922-2.jpg,8,Negative
20171113-130049-2.jpg,6,Siam weed
20170714-143145-2.jpg,1,Lantana
20170130-102525-0.jpg,1,Lantana
20180125-100755-1.jpg,8,Negative
20170728-151823-1.jpg,8,Negative
20171201-120223-1.jpg,8,Negative
20170127-101849-0.jpg,1,Lantana
20170217-121255-0.jpg,0,Chinee apple
20170210-132755-0.jpg,0,Chinee apple
20170217-114536-0.jpg,7,Snake weed
20180109-103645-2.jpg,8,Negative
20170920-191627-1.jpg,2,Parkinsonia
20170913-100221-2.jpg,3,Parthenium
20171220-085305-2.jpg,8,Negative
20170920-095521-3.jpg,2,Parkinsonia
20180125-094044-1.jpg,8,Negative
20180112-101632-1.jpg,8,Negative
20180112-093511-1.jpg,8,Negative
20171219-112849-3.jpg,8,Negative
20180112-092620-1.jpg,8,Negative
20170705-170234-0.jpg,0,Chinee apple
20170920-100439-2.jpg,2,Parkinsonia
20171113-143315-2.jpg,6,Siam weed
20170501-145448-0.jpg,8,Negative
20171217-184642-2.jpg,8,Negative
20180322-104244-1.jpg,8,Negative
20171218-104106-3.jpg,8,Negative
20171203-174808-3.jpg,8,Negative
20180322-104336-2.jpg,8,Negative
20180109-100136-1.jpg,8,Negative
20180112-072911-2.jpg,8,Negative
20170714-111256-2.jpg,1,Lantana
20171113-125026-0.jpg,6,Siam weed
20171219-100841-3.jpg,8,Negative
20180125-131225-2.jpg,8,Negative
20180125-134356-2.jpg,8,Negative
20180109-070742-1.jpg,8,Negative
20171212-093037-3.jpg,8,Negative
20170217-100120-0.jpg,7,Snake weed
20171218-113429-3.jpg,8,Negative
20171025-082853-1.jpg,0,Chinee apple
20171121-084217-2.jpg,6,Siam weed
20170729-153938-3.jpg,4,Prickly acacia
20180105-103548-2.jpg,8,Negative
20180125-095308-1.jpg,8,Negative
20171025-092759-3.jpg,7,Snake weed
20171212-100302-3.jpg,8,Negative
20180322-114315-2.jpg,8,Negative
20170718-133451-2.jpg,0,Chinee apple
20180112-081052-2.jpg,8,Negative
20171109-093824-3.jpg,5,Rubber vine
20170920-171913-1.jpg,2,Parkinsonia
20171220-091002-2.jpg,8,Negative
20171217-183949-2.jpg,8,Negative
20170127-102822-0.jpg,1,Lantana
20170811-110835-1.jpg,0,Chinee apple
20180109-092430-1.jpg,8,Negative
20171219-113838-3.jpg,8,Negative
20171212-094211-1.jpg,8,Negative
20180109-103331-2.jpg,8,Negative
20170913-100017-2.jpg,3,Parthenium
20180322-111927-1.jpg,8,Negative
20180109-075004-2.jpg,8,Negative
20171212-101707-3.jpg,8,Negative
20171218-111326-3.jpg,8,Negative
20170714-142307-2.jpg,1,Lantana
20180125-130445-3.jpg,8,Negative
20180119-114903-2.jpg,8,Negative
20170728-122731-3.jpg,4,Prickly acacia
20180125-095759-1.jpg,8,Negative
20170501-143119-0.jpg,1,Lantana
20180109-091121-2.jpg,8,Negative
20170727-164458-1.jpg,4,Prickly acacia
20180119-113201-2.jpg,8,Negative
20180109-074900-2.jpg,8,Negative
20180322-114139-1.jpg,8,Negative
20170920-113935-3.jpg,2,Parkinsonia
20170714-112649-2.jpg,1,Lantana
20171220-094931-1.jpg,8,Negative
20171113-135125-3.jpg,6,Siam weed
20170627-103800-0.jpg,0,Chinee apple
20180109-095735-1.jpg,8,Negative
20180125-134215-2.jpg,8,Negative
20180322-104138-1.jpg,8,Negative
20180112-101306-2.jpg,8,Negative
20180105-100921-2.jpg,8,Negative
20171219-095737-3.jpg,8,Negative
20170920-113351-3.jpg,2,Parkinsonia
20170913-104151-2.jpg,3,Parthenium
20180125-133104-3.jpg,8,Negative
20171109-090939-3.jpg,5,Rubber vine
20180119-115659-2.jpg,8,Negative
20171218-120245-2.jpg,8,Negative
20171219-093440-3.jpg,8,Negative
20171205-134151-2.jpg,8,Negative
20170727-162222-1.jpg,4,Prickly acacia
20180109-102924-2.jpg,8,Negative
20170711-120700-0.jpg,0,Chinee apple
20171113-060551-1.jpg,5,Rubber vine
20170727-140408-1.jpg,4,Prickly acacia
20170727-162837-1.jpg,4,Prickly acacia
20171205-133902-2.jpg,8,Negative
20180125-100955-2.jpg,8,Negative
20180125-131441-2.jpg,8,Negative
20180322-112237-1.jpg,8,Negative
20170714-115809-2.jpg,1,Lantana
20171025-080634-1.jpg,3,Parthenium
20171121-090820-3.jpg,6,Siam weed
20171212-094423-1.jpg,8,Negative
20171205-123841-2.jpg,8,Negative
20170217-102019-0.jpg,0,Chinee apple
20171212-094459-1.jpg,8,Negative
20171109-091938-1.jpg,5,Rubber vine
20180322-120149-2.jpg,8,Negative
20180109-090155-2.jpg,8,Negative
20180125-091117-1.jpg,8,Negative
20171218-110726-3.jpg,8,Negative
20161207-111001-0.jpg,0,Chinee apple
20180109-072028-2.jpg,8,Negative
20170610-122556-0.jpg,1,Lantana
20171212-102425-3.jpg,8,Negative
20171121-090029-1.jpg,6,Siam weed
20171025-081930-1.jpg,3,Parthenium
20180125-101304-2.jpg,8,Negative
20180112-101514-2.jpg,8,Negative
20171102-121233-2.jpg,2,Parkinsonia
20170906-112915-4.jpg,3,Parthenium
20180109-100635-1.jpg,8,Negative
20171109-073403-1.jpg,5,Rubber vine
20171218-103802-2.jpg,8,Negative
20170210-132216-0.jpg,7,Snake weed
20171217-184328-2.jpg,8,Negative
20180119-115004-1.jpg,8,Negative
20180125-132847-2.jpg,8,Negative
20170714-134014-1.jpg,1,Lantana
20171113-132138-1.jpg,6,Siam weed
20180322-112309-2.jpg,8,Negative
20171102-104243-1.jpg,2,Parkinsonia
20170913-100856-3.jpg,5,Rubber vine
20180119-105746-1.jpg,8,Negative
20170920-100624-3.jpg,4,Prickly acacia
20180112-092803-1.jpg,8,Negative
20170715-160802-1.jpg,1,Lantana
20180125-132309-3.jpg,8,Negative
20180322-130042-1.jpg,8,Negative
20171113-111444-0.jpg,6,Siam weed
20180125-130016-3.jpg,8,Negative
20180105-093005-3.jpg,8,Negative
20170711-114320-0.jpg,0,Chinee apple
20170906-095938-2.jpg,3,Parthenium
20171218-105224-3.jpg,8,Negative
20180119-113733-1.jpg,8,Negative
20170304-130929-0.jpg,7,Snake weed
20171218-110810-3.jpg,8,Negative
20180112-092540-2.jpg,8,Negative
20171102-120404-1.jpg,2,Parkinsonia
20180125-133924-3.jpg,8,Negative
20170920-172123-1.jpg,2,Parkinsonia
20171025-080817-1.jpg,3,Parthenium
20171212-100223-1.jpg,8,Negative
20170727-143758-1.jpg,4,Prickly acacia
20171219-113453-2.jpg,8,Negative
20170803-131234-1.jpg,0,Chinee apple
20170913-155404-3.jpg,3,Parthenium
20180109-095457-1.jpg,8,Negative
20170920-095605-3.jpg,2,Parkinsonia
20180125-100454-2.jpg,8,Negative
20171219-113849-3.jpg,8,Negative
20170804-133024-1.jpg,0,Chinee apple
20180322-115400-2.jpg,8,Negative
20171109-071611-3.jpg,5,Rubber vine
20170129-102827-0.jpg,8,Negative
20180112-075034-2.jpg,8,Negative
20171109-085329-2.jpg,5,Rubber vine
20180125-134458-3.jpg,8,Negative
20171218-104135-3.jpg,8,Negative
20171203-172452-3.jpg,8,Negative
20180112-072247-2.jpg,8,Negative
20170404-153828-0.jpg,7,Snake weed
20171122-101044-1.jpg,5,Rubber vine
20170913-101538-3.jpg,5,Rubber vine
20171113-134042-3.jpg,6,Siam weed
20180112-101202-2.jpg,8,Negative
20171212-101630-3.jpg,8,Negative
20170718-101101-2.jpg,0,Chinee apple
20180109-105034-2.jpg,8,Negative
20180112-094940-2.jpg,8,Negative
20170727-153048-1.jpg,8,Negative
20171109-074558-1.jpg,5,Rubber vine
20180112-091133-2.jpg,8,Negative
20180105-102107-2.jpg,8,Negative
20180112-082504-1.jpg,8,Negative
20171025-073705-3.jpg,3,Parthenium
20170920-094326-1.jpg,2,Parkinsonia
20180125-132344-3.jpg,8,Negative
20171220-083905-2.jpg,8,Negative
20170718-132436-2.jpg,7,Snake weed
20170718-101509-2.jpg,0,Chinee apple
20171220-101157-1.jpg,8,Negative
20170715-120636-1.jpg,1,Lantana
20161207-112245-0.jpg,0,Chinee apple
20180119-113029-1.jpg,8,Negative
20180112-101747-1.jpg,8,Negative
20180112-104101-2.jpg,8,Negative
20180112-094644-1.jpg,8,Negative
20180119-115329-1.jpg,8,Negative
20171025-091951-2.jpg,3,Parthenium
20171220-083113-3.jpg,8,Negative
20171220-095107-2.jpg,8,Negative
20170217-150253-0.jpg,0,Chinee apple
20180109-101214-1.jpg,8,Negative
20171219-105452-3.jpg,8,Negative
20180322-112139-1.jpg,8,Negative
20180112-092119-1.jpg,8,Negative
20180112-091539-1.jpg,8,Negative
20171113-115254-1.jpg,6,Siam weed
20171113-092503-1.jpg,5,Rubber vine
20180112-075608-2.jpg,8,Negative
20171219-114817-3.jpg,8,Negative
20171113-151829-1.jpg,6,Siam weed
20171212-101651-3.jpg,8,Negative
20180322-104743-1.jpg,8,Negative
20170315-090757-0.jpg,8,Negative
20171121-074249-1.jpg,6,Siam weed
20180119-110740-2.jpg,8,Negative
20170906-114836-1.jpg,3,Parthenium
20171109-090439-2.jpg,5,Rubber vine
20171102-093618-2.jpg,4,Prickly acacia
20180322-103953-2.jpg,8,Negative
20171217-184108-2.jpg,8,Negative
20180112-092254-1.jpg,8,Negative
20180112-071931-2.jpg,8,Negative
20171113-123510-3.jpg,6,Siam weed
20180322-132554-1.jpg,8,Negative
20180112-070751-2.jpg,8,Negative
20180322-112924-2.jpg,8,Negative
20171113-121512-2.jpg,6,Siam weed
20180119-115604-1.jpg,8,Negative
20171113-142238-2.jpg,6,Siam weed
20180105-100937-2.jpg,8,Negative
20180125-091151-1.jpg,8,Negative
20171205-133742-2.jpg,8,Negative
20171113-134811-3.jpg,6,Siam weed
20170410-153845-0.jpg,0,Chinee apple
20180322-104126-1.jpg,8,Negative
20171113-133848-1.jpg,6,Siam weed
20171218-112007-3.jpg,8,Negative
20170913-104834-1.jpg,3,Parthenium
20171218-111415-2.jpg,8,Negative
20170630-150701-0.jpg,7,Snake weed
20170127-101438-0.jpg,1,Lantana
20170913-101502-3.jpg,5,Rubber vine
20180322-111205-2.jpg,8,Negative
20171219-113556-2.jpg,8,Negative
20170727-111927-3.jpg,4,Prickly acacia
20171109-195013-1.jpg,5,Rubber vine
20180109-090906-2.jpg,8,Negative
20170727-165544-1.jpg,4,Prickly acacia
20170315-090713-0.jpg,8,Negative
20180109-074219-2.jpg,8,Negative
20171102-093425-2.jpg,4,Prickly acacia
20170718-102251-2.jpg,7,Snake weed
20170811-104712-2.jpg,0,Chinee apple
20170501-143907-0.jpg,1,Lantana
20170727-163104-2.jpg,4,Prickly acacia
20180125-130209-2.jpg,8,Negative
20170728-122154-3.jpg,4,Prickly acacia
20180125-092243-1.jpg,8,Negative
20180322-101937-2.jpg,8,Negative
20170128-102139-0.jpg,8,Negative
20170714-140006-2.jpg,1,Lantana
20170920-180951-1.jpg,2,Parkinsonia
20170130-102038-0.jpg,1,Lantana
20171205-134456-2.jpg,8,Negative
20180322-112531-2.jpg,8,Negative
20180119-110700-1.jpg,8,Negative
20171218-114650-3.jpg,8,Negative
20171218-111008-3.jpg,8,Negative
20170207-142437-0.jpg,7,Snake weed
20170630-153327-0.jpg,7,Snake weed
20171220-101549-2.jpg,8,Negative
20170913-122111-1.jpg,5,Rubber vine
20171113-094758-3.jpg,5,Rubber vine
20180125-100950-1.jpg,8,Negative
20171109-092312-1.jpg,5,Rubber vine
20180109-095534-1.jpg,8,Negative
20171218-121121-3.jpg,8,Negative
20171220-101337-2.jpg,8,Negative
20170210-150120-0.jpg,0,Chinee apple
20180125-095038-2.jpg,8,Negative
20180125-134204-2.jpg,8,Negative
20180119-111234-2.jpg,8,Negative
20180125-100922-2.jpg,8,Negative
20170217-102532-0.jpg,0,Chinee apple
20171113-101904-1.jpg,5,Rubber vine
20171212-095045-1.jpg,8,Negative
20171220-082359-2.jpg,8,Negative
20170315-090811-0.jpg,8,Negative
20171220-100351-2.jpg,8,Negative
20180105-104407-1.jpg,8,Negative
20171113-101156-1.jpg,5,Rubber vine
20170920-185902-1.jpg,2,Parkinsonia
20171220-095159-1.jpg,8,Negative
20170610-123952-0.jpg,1,Lantana
20180105-092558-3.jpg,8,Negative
20171113-134315-0.jpg,6,Siam weed
20170920-163000-3.jpg,2,Parkinsonia
20180112-080601-1.jpg,8,Negative
20170920-163407-3.jpg,2,Parkinsonia
20180119-114948-2.jpg,8,Negative
20170920-113437-3.jpg,2,Parkinsonia
20171220-094932-2.jpg,8,Negative
20170729-092309-2.jpg,4,Prickly acacia
20180105-095846-2.jpg,8,Negative
20170714-122801-3.jpg,1,Lantana
20171219-094637-3.jpg,8,Negative
20170715-140803-1.jpg,1,Lantana
20170210-130559-0.jpg,7,Snake weed
20170920-185559-1.jpg,2,Parkinsonia
20171212-101808-3.jpg,8,Negative
20171113-124517-3.jpg,6,Siam weed
20180119-111533-2.jpg,8,Negative
20170207-141634-0.jpg,7,Snake weed
20171219-114106-2.jpg,8,Negative
20170906-105128-1.jpg,3,Parthenium
20170410-124317-0.jpg,0,Chinee apple
20170718-132251-2.jpg,7,Snake weed
20171220-084137-3.jpg,8,Negative
20180109-101109-1.jpg,8,Negative
20161207-111134-0.jpg,0,Chinee apple
20170129-102437-0.jpg,8,Negative
20171109-092149-1.jpg,5,Rubber vine
20180119-113715-2.jpg,8,Negative
20171218-112959-3.jpg,8,Negative
20180109-073005-2.jpg,8,Negative
20180112-082052-1.jpg,8,Negative
20180109-071910-1.jpg,8,Negative
20180112-101335-2.jpg,8,Negative
20171025-094654-2.jpg,3,Parthenium
20180105-095443-2.jpg,8,Negative
20170217-110916-0.jpg,0,Chinee apple
20170913-105621-2.jpg,3,Parthenium
20170711-113028-0.jpg,0,Chinee apple
20180109-105847-2.jpg,8,Negative
20171220-085343-3.jpg,8,Negative
20180109-095328-2.jpg,8,Negative
20171122-102759-1.jpg,5,Rubber vine
20170127-103214-0.jpg,1,Lantana
20180109-110013-2.jpg,8,Negative
20170727-154759-1.jpg,4,Prickly acacia
20171220-084923-3.jpg,8,Negative
20180109-071916-2.jpg,8,Negative
20180322-104655-1.jpg,8,Negative
20170728-153034-1.jpg,8,Negative
20171113-131545-2.jpg,6,Siam weed
20171113-131746-2.jpg,6,Siam weed
20170728-124028-3.jpg,4,Prickly acacia
20180119-110455-2.jpg,8,Negative
20171219-114251-2.jpg,8,Negative
20170920-171109-3.jpg,2,Parkinsonia
20171109-073438-1.jpg,5,Rubber vine
20170217-101732-0.jpg,0,Chinee apple
20170729-085914-3.jpg,4,Prickly acacia
20170920-113018-2.jpg,2,Parkinsonia
20170217-152225-0.jpg,0,Chinee apple
20170728-122435-2.jpg,4,Prickly acacia
20171113-150659-1.jpg,6,Siam weed
20171025-093003-2.jpg,3,Parthenium
20180322-115953-2.jpg,8,Negative
20170129-101948-0.jpg,8,Negative
20170714-133951-1.jpg,1,Lantana
20170714-133830-1.jpg,1,Lantana
20171217-100810-2.jpg,8,Negative
20170727-170038-3.jpg,4,Prickly acacia
20171113-101344-3.jpg,5,Rubber vine
20180105-101504-2.jpg,8,Negative
20170630-154406-0.jpg,7,Snake weed
20171219-095953-3.jpg,8,Negative
20170906-133523-2.jpg,3,Parthenium
20170920-165451-1.jpg,2,Parkinsonia
20171025-090754-3.jpg,3,Parthenium
20170920-184837-1.jpg,2,Parkinsonia
20171025-094608-2.jpg,3,Parthenium
20180119-104741-1.jpg,8,Negative
20171102-120742-3.jpg,2,Parkinsonia
20171113-142645-0.jpg,6,Siam weed
20170811-103554-2.jpg,0,Chinee apple
20171109-090427-3.jpg,5,Rubber vine
20171109-093725-1.jpg,5,Rubber vine
20170913-110113-1.jpg,3,Parthenium
20180112-103700-1.jpg,8,Negative
20171218-103342-2.jpg,8,Negative
20171220-100344-2.jpg,8,Negative
20171212-093616-1.jpg,8,Negative
20171212-102244-3.jpg,8,Negative
20180322-121008-2.jpg,8,Negative
20171220-083928-2.jpg,8,Negative
20170714-114421-2.jpg,1,Lantana
20170705-161651-0.jpg,7,Snake weed
20170920-184817-1.jpg,2,Parkinsonia
20171220-093328-3.jpg,8,Negative
20170718-102451-2.jpg,7,Snake weed
20171113-120812-3.jpg,6,Siam weed
20180109-074913-1.jpg,8,Negative
20170128-103416-0.jpg,8,Negative
20170920-160514-3.jpg,2,Parkinsonia
20180109-085434-2.jpg,8,Negative
20180119-104834-2.jpg,8,Negative
20180125-130310-3.jpg,8,Negative
20170906-135411-1.jpg,3,Parthenium
20170727-125118-3.jpg,4,Prickly acacia
20171220-094732-2.jpg,8,Negative
20171217-184238-2.jpg,8,Negative
20171025-080109-1.jpg,3,Parthenium
20180112-083025-1.jpg,8,Negative
20180119-110445-1.jpg,8,Negative
20180119-111158-1.jpg,8,Negative
20180109-100422-1.jpg,8,Negative
20170405-154952-0.jpg,0,Chinee apple
20170727-155302-1.jpg,4,Prickly acacia
20180109-073112-1.jpg,8,Negative
20180322-104408-2.jpg,8,Negative
20170727-144106-1.jpg,4,Prickly acacia
20171219-094640-2.jpg,8,Negative
20171205-124347-2.jpg,8,Negative
20171203-173221-3.jpg,8,Negative
20180119-113009-2.jpg,8,Negative
20170304-124648-0.jpg,0,Chinee apple
20180109-104729-2.jpg,8,Negative
20171212-104643-3.jpg,8,Negative
20171025-075821-1.jpg,3,Parthenium
20171220-094608-1.jpg,8,Negative
20170129-102814-0.jpg,8,Negative
20170410-124408-0.jpg,0,Chinee apple
20170811-134120-2.jpg,0,Chinee apple
20171203-174736-3.jpg,8,Negative
20180112-101643-1.jpg,8,Negative
20180125-131940-2.jpg,8,Negative
20170913-124352-3.jpg,5,Rubber vine
20180109-080620-2.jpg,8,Negative
20170811-133458-1.jpg,0,Chinee apple
20171121-090759-1.jpg,6,Siam weed
20170811-125146-1.jpg,0,Chinee apple
20180125-133822-3.jpg,8,Negative
20171220-095542-2.jpg,8,Negative
20171218-103204-3.jpg,8,Negative
20171122-103329-1.jpg,5,Rubber vine
20170906-132157-1.jpg,3,Parthenium
20180105-100947-3.jpg,8,Negative
20180322-113006-1.jpg,8,Negative
20180112-092538-2.jpg,8,Negative
20180322-120236-2.jpg,8,Negative
20180109-103452-2.jpg,8,Negative
20171212-105905-3.jpg,8,Negative
20180109-070915-2.jpg,8,Negative
20180109-072912-2.jpg,8,Negative
20170727-150146-3.jpg,4,Prickly acacia
20171220-090954-2.jpg,8,Negative
20170501-145418-0.jpg,8,Negative
20170727-121057-3.jpg,4,Prickly acacia
20180105-101248-2.jpg,8,Negative
20171121-082732-2.jpg,6,Siam weed
20171109-091443-2.jpg,5,Rubber vine
20180112-072445-1.jpg,8,Negative
20180112-072649-2.jpg,8,Negative
20170913-104028-1.jpg,3,Parthenium
20171025-094858-1.jpg,3,Parthenium
20171203-173915-3.jpg,8,Negative
20180125-125919-2.jpg,8,Negative
20171220-095355-2.jpg,8,Negative
20171122-102100-1.jpg,5,Rubber vine
20180109-110155-1.jpg,8,Negative
20171219-105401-2.jpg,8,Negative
20170705-164801-0.jpg,7,Snake weed
20180109-100843-1.jpg,8,Negative
20170811-130639-1.jpg,0,Chinee apple
20170210-130536-0.jpg,7,Snake weed
20180322-132536-1.jpg,8,Negative
20171113-060650-1.jpg,5,Rubber vine
20170906-113214-2.jpg,3,Parthenium
20170913-104511-1.jpg,3,Parthenium
20180112-092559-1.jpg,8,Negative
20180125-100037-2.jpg,8,Negative
20180112-080840-1.jpg,8,Negative
20180112-070442-2.jpg,8,Negative
20171109-094338-3.jpg,5,Rubber vine
20180112-103228-2.jpg,8,Negative
20170913-105658-2.jpg,3,Parthenium
20180105-100906-2.jpg,8,Negative
20161207-112015-0.jpg,0,Chinee apple
20170913-125138-3.jpg,5,Rubber vine
20180109-103800-2.jpg,8,Negative
20171102-120152-1.jpg,2,Parkinsonia
20170715-133445-1.jpg,1,Lantana
20171220-100258-1.jpg,8,Negative
20180109-092523-2.jpg,8,Negative
20171212-105614-3.jpg,8,Negative
20171025-095719-1.jpg,3,Parthenium
20171220-082715-3.jpg,8,Negative
20171218-120047-2.jpg,8,Negative
20171102-103218-3.jpg,2,Parkinsonia
20171113-113911-0.jpg,6,Siam weed
20171219-093106-2.jpg,8,Negative
20171121-101053-1.jpg,6,Siam weed
20180322-130118-1.jpg,8,Negative
20171113-092056-3.jpg,5,Rubber vine
20180112-080357-2.jpg,8,Negative
20170920-100546-2.jpg,2,Parkinsonia
20180112-081605-1.jpg,8,Negative
20171212-093512-3.jpg,8,Negative
20171113-102257-1.jpg,5,Rubber vine
20171025-081802-1.jpg,0,Chinee apple
20180109-072037-2.jpg,8,Negative
20171025-092049-3.jpg,3,Parthenium
20170920-095425-1.jpg,2,Parkinsonia
20180109-090221-2.jpg,8,Negative
20170706-105355-0.jpg,8,Negative
20180112-094331-2.jpg,8,Negative
20170129-102930-0.jpg,8,Negative
20171219-095328-3.jpg,8,Negative
20180109-090530-1.jpg,8,Negative
20171113-095647-1.jpg,5,Rubber vine
20170630-152636-0.jpg,7,Snake weed
20170920-191121-1.jpg,2,Parkinsonia
20170920-175625-1.jpg,4,Prickly acacia
20180125-095549-2.jpg,8,Negative
20180125-093037-2.jpg,8,Negative
20180112-072737-2.jpg,8,Negative
20171220-095834-2.jpg,8,Negative
20180109-095820-2.jpg,8,Negative
20170920-163751-3.jpg,2,Parkinsonia
20171122-103738-1.jpg,5,Rubber vine
20170727-124737-1.jpg,4,Prickly acacia
20171102-123402-1.jpg,2,Parkinsonia
20180119-105041-2.jpg,8,Negative
20180125-123719-1.jpg,8,Negative
20170728-151937-1.jpg,4,Prickly acacia
20170727-113827-3.jpg,4,Prickly acacia
20171113-092203-3.jpg,5,Rubber vine
20171025-095238-2.jpg,3,Parthenium
20180322-131850-1.jpg,8,Negative
20170906-094918-2.jpg,3,Parthenium
20180125-101241-2.jpg,8,Negative
20180105-102024-2.jpg,8,Negative
20180112-091602-1.jpg,8,Negative
20180125-101928-2.jpg,8,Negative
20171219-111807-3.jpg,8,Negative
20160928-141135-0.jpg,0,Chinee apple
20171219-123625-2.jpg,8,Negative
20171025-095957-1.jpg,3,Parthenium
20170718-132034-2.jpg,7,Snake weed
20180112-074818-2.jpg,8,Negative
20180109-071325-1.jpg,8,Negative
20180109-090307-2.jpg,8,Negative
20170714-144010-2.jpg,1,Lantana
20170210-131107-0.jpg,7,Snake weed
20171212-095453-1.jpg,8,Negative
20171102-122824-3.jpg,2,Parkinsonia
20171212-095853-3.jpg,8,Negative
20180322-104430-2.jpg,8,Negative
20180322-131305-1.jpg,8,Negative
20170920-095400-3.jpg,2,Parkinsonia
20171219-110157-2.jpg,8,Negative
20180109-102849-2.jpg,8,Negative
20171205-144912-2.jpg,8,Negative
20171219-102748-3.jpg,8,Negative
20171218-103831-3.jpg,8,Negative
20170714-112256-2.jpg,1,Lantana
20180322-105208-1.jpg,8,Negative
20170729-092652-1.jpg,4,Prickly acacia
20170913-122047-1.jpg,5,Rubber vine
20171218-103705-2.jpg,8,Negative
20171102-104940-2.jpg,2,Parkinsonia
20171025-073958-2.jpg,3,Parthenium
20180322-104319-1.jpg,8,Negative
20171121-082501-2.jpg,6,Siam weed
20180322-105228-1.jpg,8,Negative
20180109-103028-2.jpg,8,Negative
20180112-074817-2.jpg,8,Negative
20180109-101617-2.jpg,8,Negative
20180125-100700-1.jpg,8,Negative
20171025-082610-3.jpg,3,Parthenium
20170404-153946-0.jpg,7,Snake weed
20171025-082301-2.jpg,3,Parthenium
20180109-104126-2.jpg,8,Negative
20170920-171855-1.jpg,2,Parkinsonia
20180112-103449-2.jpg,8,Negative
20170610-123219-0.jpg,1,Lantana
20171203-170407-3.jpg,8,Negative
20171218-104412-3.jpg,8,Negative
20170729-154512-3.jpg,4,Prickly acacia
20171220-083048-3.jpg,8,Negative
20170729-091808-1.jpg,4,Prickly acacia
20171212-095021-3.jpg,8,Negative
20170714-135605-3.jpg,1,Lantana
20180125-131717-2.jpg,8,Negative
20180109-085410-2.jpg,8,Negative
20180125-092900-2.jpg,8,Negative
20180109-094939-2.jpg,8,Negative
20180109-101333-2.jpg,8,Negative
20170804-132603-1.jpg,1,Lantana
20171212-102523-3.jpg,8,Negative
20180109-105035-2.jpg,8,Negative
20180105-092733-3.jpg,8,Negative
20170718-132909-2.jpg,7,Snake weed
20170913-123800-1.jpg,5,Rubber vine
20171025-073644-3.jpg,3,Parthenium
20171218-111201-3.jpg,8,Negative
20180119-105106-2.jpg,8,Negative
20180125-094122-2.jpg,8,Negative
20170705-164850-0.jpg,7,Snake weed
20171025-092738-1.jpg,3,Parthenium
20180112-072533-1.jpg,8,Negative
20170913-101407-3.jpg,5,Rubber vine
20180322-114111-2.jpg,8,Negative
20170714-115933-1.jpg,1,Lantana
20171113-145329-3.jpg,6,Siam weed
20180105-095157-2.jpg,8,Negative
20170920-114223-2.jpg,2,Parkinsonia
20180119-110255-1.jpg,8,Negative
20170217-101126-0.jpg,0,Chinee apple
20170715-120335-1.jpg,1,Lantana
20171121-090807-3.jpg,6,Siam weed
20180105-104521-1.jpg,8,Negative
20180125-101105-1.jpg,8,Negative
20171212-100211-1.jpg,8,Negative
20171219-093534-2.jpg,8,Negative
20180112-073607-1.jpg,8,Negative
20180322-114344-1.jpg,8,Negative
20170920-120150-2.jpg,2,Parkinsonia
20171113-102033-3.jpg,5,Rubber vine
20171205-133606-2.jpg,8,Negative
20170920-132728-2.jpg,2,Parkinsonia
20171220-101540-2.jpg,8,Negative
20171220-090938-2.jpg,8,Negative
20171122-100626-1.jpg,5,Rubber vine
20180119-111405-1.jpg,8,Negative
20180322-130226-1.jpg,8,Negative
20180119-114507-1.jpg,8,Negative
20180125-130034-2.jpg,8,Negative
20171113-104451-0.jpg,6,Siam weed
20180125-132018-2.jpg,8,Negative
20180125-135257-3.jpg,8,Negative
20171113-152542-0.jpg,6,Siam weed
20170920-134406-2.jpg,2,Parkinsonia
20171220-100727-1.jpg,8,Negative
20171220-095959-2.jpg,8,Negative
20180125-092006-2.jpg,8,Negative
20180112-103112-1.jpg,8,Negative
20170718-101648-2.jpg,7,Snake weed
20180125-100611-2.jpg,8,Negative
20180125-100559-2.jpg,8,Negative
20170714-143530-2.jpg,1,Lantana
20180109-091719-2.jpg,8,Negative
20180105-093318-2.jpg,8,Negative
20171109-071831-3.jpg,5,Rubber vine
20180112-094421-2.jpg,8,Negative
20180112-071430-2.jpg,8,Negative
20170811-134256-1.jpg,0,Chinee apple
20170501-142614-0.jpg,1,Lantana
20171218-122216-3.jpg,8,Negative
20170410-154132-0.jpg,0,Chinee apple
20180109-085504-1.jpg,8,Negative
20180109-090406-2.jpg,8,Negative
20180322-114647-2.jpg,8,Negative
20180125-092037-2.jpg,8,Negative
20180322-132836-1.jpg,8,Negative
20180119-113724-1.jpg,8,Negative
20170128-102222-0.jpg,8,Negative
20180112-072035-1.jpg,8,Negative
20171025-100327-2.jpg,3,Parthenium
20171203-165944-3.jpg,8,Negative
20180112-081620-1.jpg,8,Negative
20171025-091656-2.jpg,3,Parthenium
20171113-101830-0.jpg,6,Siam weed
20170714-190343-1.jpg,1,Lantana
20171113-093619-3.jpg,5,Rubber vine
20180119-112948-2.jpg,8,Negative
20170906-140330-1.jpg,3,Parthenium
20171205-143532-2.jpg,8,Negative
20170729-091954-1.jpg,8,Negative
20170727-165353-1.jpg,4,Prickly acacia
20180322-124435-1.jpg,8,Negative
20171025-073607-1.jpg,3,Parthenium
20180125-131414-3.jpg,8,Negative
20171203-174040-3.jpg,8,Negative
20170610-123326-0.jpg,1,Lantana
20180112-091314-2.jpg,8,Negative
20170714-143444-1.jpg,1,Lantana
20180109-105437-2.jpg,8,Negative
20170126-095404-0.jpg,1,Lantana
20180109-104345-1.jpg,8,Negative
20180112-091919-1.jpg,8,Negative
20180112-093208-1.jpg,8,Negative
20171220-100414-1.jpg,8,Negative
20171218-113319-3.jpg,8,Negative
20171113-133039-1.jpg,6,Siam weed
20171109-091205-2.jpg,5,Rubber vine
20171109-090601-2.jpg,5,Rubber vine
20170920-132804-2.jpg,2,Parkinsonia
20170410-160223-0.jpg,7,Snake weed
20180125-131900-3.jpg,8,Negative
20171219-110311-3.jpg,8,Negative
20170920-114740-3.jpg,2,Parkinsonia
20171122-103247-1.jpg,5,Rubber vine
20170315-090238-0.jpg,8,Negative
20170920-180532-1.jpg,2,Parkinsonia
20171219-105001-3.jpg,8,Negative
20180125-131420-2.jpg,8,Negative
20171025-093105-2.jpg,3,Parthenium
20170729-092837-2.jpg,4,Prickly acacia
20171025-080057-2.jpg,3,Parthenium
20171219-113507-3.jpg,8,Negative
20171219-094754-2.jpg,8,Negative
20171109-094123-2.jpg,5,Rubber vine
20171205-133845-2.jpg,8,Negative
20170217-095541-0.jpg,7,Snake weed
20180109-074324-2.jpg,8,Negative
20170913-123421-1.jpg,5,Rubber vine
20170217-143640-0.jpg,7,Snake weed
20180109-075835-2.jpg,8,Negative
20171219-113123-2.jpg,8,Negative
20171113-150604-3.jpg,6,Siam weed
20180109-095357-1.jpg,8,Negative
20171218-120037-2.jpg,8,Negative
20170729-091223-1.jpg,4,Prickly acacia
20180109-085911-2.jpg,8,Negative
20180322-113159-2.jpg,8,Negative
20180125-093418-2.jpg,8,Negative
20171220-091155-2.jpg,8,Negative
20170920-114126-3.jpg,2,Parkinsonia
20180125-092140-1.jpg,8,Negative
20171121-101146-1.jpg,6,Siam weed
20180119-104946-1.jpg,8,Negative
20171113-092918-1.jpg,5,Rubber vine
20170127-101912-0.jpg,1,Lantana
20180109-085426-1.jpg,8,Negative
20171205-123739-2.jpg,8,Negative
20180105-100429-3.jpg,8,Negative
20170714-110351-3.jpg,1,Lantana
20180125-101727-2.jpg,8,Negative
20180125-130408-3.jpg,8,Negative
20170217-095208-0.jpg,7,Snake weed
20171122-100023-1.jpg,5,Rubber vine
20171113-145108-3.jpg,6,Siam weed
20180125-094143-1.jpg,8,Negative
20180125-095326-2.jpg,8,Negative
20180112-091938-2.jpg,8,Negative
20180109-075347-1.jpg,8,Negative
20171113-093538-3.jpg,5,Rubber vine
20170727-154238-1.jpg,4,Prickly acacia
20170715-170432-1.jpg,1,Lantana
20170704-153756-0.jpg,7,Snake weed
20170718-102127-2.jpg,7,Snake weed
20180105-093058-2.jpg,8,Negative
20180109-090334-2.jpg,8,Negative
20170304-132701-0.jpg,7,Snake weed
20170217-103852-0.jpg,0,Chinee apple
20171219-103207-3.jpg,8,Negative
20180112-072806-1.jpg,8,Negative
20171113-132701-1.jpg,6,Siam weed
20170729-090602-1.jpg,4,Prickly acacia
20180109-085953-1.jpg,8,Negative
20170210-132606-0.jpg,0,Chinee apple
20180109-102710-2.jpg,8,Negative
20170217-115806-0.jpg,0,Chinee apple
20180109-103828-1.jpg,8,Negative
20170920-171241-3.jpg,2,Parkinsonia
20171220-084225-2.jpg,8,Negative
20180322-115128-1.jpg,8,Negative
20171102-103056-1.jpg,2,Parkinsonia
20171113-092207-1.jpg,5,Rubber vine
20171121-074235-1.jpg,6,Siam weed
20171113-143903-3.jpg,6,Siam weed
20180125-131259-3.jpg,8,Negative
20170627-104139-0.jpg,0,Chinee apple
20171219-114634-3.jpg,8,Negative
20180105-093353-2.jpg,8,Negative
20180119-111406-2.jpg,8,Negative
20171203-174908-3.jpg,8,Negative
20180105-093716-2.jpg,8,Negative
20180112-094736-2.jpg,8,Negative
20170217-152041-0.jpg,0,Chinee apple
20171212-094444-3.jpg,8,Negative
20171219-100049-2.jpg,8,Negative
20180322-113107-1.jpg,8,Negative
20170210-142234-0.jpg,7,Snake weed
20180112-091901-2.jpg,8,Negative
20170705-163715-0.jpg,0,Chinee apple
20170811-115032-2.jpg,0,Chinee apple
20170501-142831-0.jpg,1,Lantana
20171218-121443-2.jpg,8,Negative
20180112-100949-1.jpg,8,Negative
20180125-133946-3.jpg,8,Negative
20180109-100506-1.jpg,8,Negative
20180109-074530-2.jpg,8,Negative
20170210-133852-0.jpg,0,Chinee apple
20180322-130527-1.jpg,8,Negative
20170501-145625-0.jpg,8,Negative
20171121-083419-1.jpg,6,Siam weed
20170727-113637-3.jpg,4,Prickly acacia
20170630-160224-0.jpg,7,Snake weed
20171113-150751-3.jpg,6,Siam weed
20170210-142433-0.jpg,7,Snake weed
20171220-085211-2.jpg,8,Negative
20170727-162326-1.jpg,4,Prickly acacia
20170920-112446-3.jpg,2,Parkinsonia
20171102-094504-1.jpg,4,Prickly acacia
20171220-095402-2.jpg,8,Negative
20180119-113616-1.jpg,8,Negative
20180109-103449-2.jpg,8,Negative
20170210-142647-0.jpg,7,Snake weed
20171025-080551-1.jpg,3,Parthenium
20170630-153753-0.jpg,7,Snake weed
20180119-105407-1.jpg,8,Negative
20180119-110718-2.jpg,8,Negative
20170210-130921-0.jpg,7,Snake weed
20180112-071036-2.jpg,8,Negative
20180119-114346-2.jpg,8,Negative
20171113-143943-2.jpg,6,Siam weed
20180109-071455-1.jpg,8,Negative
20170714-112219-2.jpg,1,Lantana
20170217-114747-0.jpg,7,Snake weed
20180112-102854-1.jpg,8,Negative
20180105-093615-2.jpg,8,Negative
20170728-121735-2.jpg,4,Prickly acacia
20171109-072039-1.jpg,5,Rubber vine
20170729-091718-1.jpg,4,Prickly acacia
20180109-075826-2.jpg,8,Negative
20171113-120758-1.jpg,6,Siam weed
20170913-103551-1.jpg,3,Parthenium
20180322-132913-1.jpg,8,Negative
20180109-095212-2.jpg,8,Negative
20180125-131343-3.jpg,8,Negative
20170217-121623-0.jpg,0,Chinee apple
20180109-070817-2.jpg,8,Negative
20180322-130217-1.jpg,8,Negative
20161207-110913-0.jpg,0,Chinee apple
20170130-102324-0.jpg,1,Lantana
20171102-104605-1.jpg,2,Parkinsonia
20170126-095331-0.jpg,1,Lantana
20170729-085816-3.jpg,4,Prickly acacia
20170129-102937-0.jpg,8,Negative
20180112-072301-1.jpg,8,Negative
20171109-095312-3.jpg,5,Rubber vine
20170920-171408-3.jpg,2,Parkinsonia
20170727-164344-1.jpg,4,Prickly acacia
20171102-122830-2.jpg,2,Parkinsonia
20171102-095239-1.jpg,4,Prickly acacia
20180119-115456-1.jpg,8,Negative
20170811-103752-2.jpg,0,Chinee apple
20170920-190330-1.jpg,2,Parkinsonia
20170410-154255-0.jpg,0,Chinee apple
20180322-130013-1.jpg,8,Negative
20180109-080201-2.jpg,7,Snake weed
20180322-130842-1.jpg,8,Negative
20171109-091322-2.jpg,5,Rubber vine
20180322-104829-1.jpg,8,Negative
20171219-095528-3.jpg,8,Negative
20170711-115537-0.jpg,0,Chinee apple
20180322-132001-1.jpg,8,Negative
20171025-080026-1.jpg,3,Parthenium
20170715-114729-1.jpg,1,Lantana
20170913-125509-2.jpg,5,Rubber vine
20170714-110421-1.jpg,1,Lantana
20180109-103020-2.jpg,8,Negative
20171113-143535-2.jpg,6,Siam weed
20170727-162617-1.jpg,4,Prickly acacia
20180322-113031-2.jpg,8,Negative
20171109-085426-2.jpg,5,Rubber vine
20170210-130942-0.jpg,7,Snake weed
20171212-095706-1.jpg,8,Negative
20180109-074634-2.jpg,8,Negative
20180112-092153-2.jpg,8,Negative
20170207-141902-0.jpg,7,Snake weed
20171122-095852-1.jpg,5,Rubber vine
20180109-105624-1.jpg,8,Negative
20171212-095234-3.jpg,8,Negative
20180125-091100-1.jpg,8,Negative
20171212-101813-3.jpg,8,Negative
20180109-101155-2.jpg,8,Negative
20171220-090922-2.jpg,8,Negative
20170715-161812-1.jpg,1,Lantana
20170126-095233-0.jpg,1,Lantana
20171113-120551-1.jpg,6,Siam weed
20170913-100221-1.jpg,3,Parthenium
20171109-085612-2.jpg,5,Rubber vine
20170913-103732-1.jpg,3,Parthenium
20170906-112446-2.jpg,3,Parthenium
20170715-112159-1.jpg,1,Lantana
20170906-113929-2.jpg,3,Parthenium
20171113-115913-1.jpg,6,Siam weed
20171113-121433-1.jpg,6,Siam weed
20180125-134902-2.jpg,8,Negative
20171220-092108-3.jpg,8,Negative
20171219-101153-3.jpg,8,Negative
20180109-074215-1.jpg,8,Negative
20170920-185054-1.jpg,2,Parkinsonia
20180322-125646-1.jpg,8,Negative
20170410-153636-0.jpg,7,Snake weed
20170706-105701-0.jpg,7,Snake weed
20170913-125115-3.jpg,5,Rubber vine
20171113-153310-0.jpg,6,Siam weed
20180322-130032-1.jpg,8,Negative
20171203-165636-3.jpg,8,Negative
20171219-114408-2.jpg,8,Negative
20171122-100508-1.jpg,5,Rubber vine
20171217-183625-2.jpg,8,Negative
20180322-104958-1.jpg,8,Negative
20170906-133206-1.jpg,3,Parthenium
20170129-103831-0.jpg,8,Negative
20170920-095211-3.jpg,2,Parkinsonia
20170727-171030-3.jpg,4,Prickly acacia
20180112-103024-1.jpg,8,Negative
20180125-134154-2.jpg,8,Negative
20171219-104455-3.jpg,8,Negative
20180125-090952-1.jpg,8,Negative
20180109-105655-2.jpg,8,Negative
20171205-141533-2.jpg,8,Negative
20180125-101220-1.jpg,8,Negative
20170405-155705-0.jpg,0,Chinee apple
20180109-085352-2.jpg,8,Negative
20171205-144316-2.jpg,8,Negative
20170704-152523-0.jpg,0,Chinee apple
20171113-131530-1.jpg,6,Siam weed
20170811-110054-2.jpg,0,Chinee apple
20180105-092658-2.jpg,8,Negative
20171203-165450-3.jpg,8,Negative
20171113-173911-0.jpg,6,Siam weed
20171218-121056-2.jpg,8,Negative
20171113-133628-1.jpg,6,Siam weed
20171220-101751-2.jpg,8,Negative
20170315-085543-0.jpg,8,Negative
20170304-131528-0.jpg,7,Snake weed
20180322-132009-1.jpg,8,Negative
20170715-144604-1.jpg,1,Lantana
20180109-080148-2.jpg,7,Snake weed
20180119-113346-1.jpg,8,Negative
20180109-100812-1.jpg,8,Negative
20180125-094214-1.jpg,8,Negative
20180105-100104-3.jpg,8,Negative
20180109-072451-2.jpg,8,Negative
20170729-090327-1.jpg,4,Prickly acacia
20170727-171611-1.jpg,4,Prickly acacia
20180125-094141-2.jpg,8,Negative
20180112-075335-2.jpg,8,Negative
20171219-104916-2.jpg,8,Negative
20180125-131905-2.jpg,8,Negative
20171025-095903-3.jpg,3,Parthenium
20170714-113958-2.jpg,1,Lantana
20180109-100722-1.jpg,8,Negative
20171025-095706-3.jpg,3,Parthenium
20170920-113747-3.jpg,2,Parkinsonia
20171121-083516-1.jpg,6,Siam weed
20180105-093702-2.jpg,8,Negative
20171121-083538-2.jpg,6,Siam weed
20170920-110840-3.jpg,2,Parkinsonia
20180322-120755-2.jpg,8,Negative
20161207-111246-0.jpg,0,Chinee apple
20171109-091701-2.jpg,5,Rubber vine
20171121-073600-1.jpg,6,Siam weed
20170715-102205-1.jpg,1,Lantana
20171113-162247-0.jpg,6,Siam weed
20180109-095239-2.jpg,8,Negative
20180112-091819-2.jpg,8,Negative
20180125-093357-1.jpg,8,Negative
20171220-095429-2.jpg,8,Negative
20170811-114019-1.jpg,0,Chinee apple
20171220-094939-2.jpg,8,Negative
20170304-124441-0.jpg,0,Chinee apple
20170130-102027-0.jpg,1,Lantana
20170501-144912-0.jpg,8,Negative
20171102-120130-3.jpg,2,Parkinsonia
20170811-134409-1.jpg,0,Chinee apple
20180109-080430-1.jpg,8,Negative
20170127-101415-0.jpg,1,Lantana
20180125-131701-3.jpg,8,Negative
20170210-142024-0.jpg,7,Snake weed
20170501-143151-0.jpg,1,Lantana
20170727-144321-1.jpg,4,Prickly acacia
20170610-122710-0.jpg,1,Lantana
20180119-111153-2.jpg,8,Negative
20180322-111917-1.jpg,8,Negative
20180112-075851-2.jpg,8,Negative
20180322-130706-1.jpg,8,Negative
20171219-095012-3.jpg,8,Negative
20180119-111241-1.jpg,8,Negative
20170718-131856-2.jpg,7,Snake weed
20170718-101537-2.jpg,0,Chinee apple
20170728-153417-3.jpg,8,Negative
20180119-104821-2.jpg,8,Negative
20171203-170431-3.jpg,8,Negative
20180109-080646-2.jpg,8,Negative
20171121-075143-1.jpg,6,Siam weed
20170728-154123-3.jpg,8,Negative
20170714-140321-2.jpg,1,Lantana
20170404-153533-0.jpg,7,Snake weed
20180109-104151-2.jpg,8,Negative
20170920-171252-3.jpg,2,Parkinsonia
20180105-100633-2.jpg,8,Negative
20171220-083647-3.jpg,8,Negative
20180322-132146-1.jpg,8,Negative
20170410-124554-0.jpg,0,Chinee apple
20180105-101304-2.jpg,8,Negative
20171025-081141-2.jpg,3,Parthenium
20170714-142422-2.jpg,1,Lantana
20170811-133356-1.jpg,0,Chinee apple
20180322-114402-1.jpg,8,Negative
20170501-144030-0.jpg,1,Lantana
20170920-095322-1.jpg,2,Parkinsonia
20180112-074838-2.jpg,8,Negative
20170920-113017-3.jpg,2,Parkinsonia
20170129-104051-0.jpg,8,Negative
20170920-112624-2.jpg,2,Parkinsonia
20171212-101503-3.jpg,8,Negative
20171102-102815-3.jpg,2,Parkinsonia
20180119-113326-2.jpg,8,Negative
20170210-141917-0.jpg,7,Snake weed
20180112-092924-1.jpg,8,Negative
20180109-080158-1.jpg,8,Negative
20170217-145044-0.jpg,7,Snake weed
20171025-074814-3.jpg,3,Parthenium
20170304-132151-0.jpg,7,Snake weed
20180109-070134-2.jpg,8,Negative
20180119-115409-2.jpg,8,Negative
20171113-101521-1.jpg,5,Rubber vine
20180322-130914-1.jpg,8,Negative
20180112-101316-2.jpg,8,Negative
20170706-105539-0.jpg,7,Snake weed
20180109-091448-1.jpg,8,Negative
20171218-111452-2.jpg,8,Negative
20170728-125810-3.jpg,4,Prickly acacia
20180125-094229-2.jpg,8,Negative
20170610-120852-0.jpg,1,Lantana
20180109-075927-1.jpg,8,Negative
20180105-100006-3.jpg,8,Negative
20171205-141101-2.jpg,8,Negative
20171113-121432-2.jpg,6,Siam weed
20171219-114449-2.jpg,8,Negative
20180125-101546-1.jpg,8,Negative
20170727-144650-1.jpg,4,Prickly acacia
20180125-092017-1.jpg,8,Negative
20161207-111232-0.jpg,0,Chinee apple
20170804-132738-1.jpg,0,Chinee apple
20171205-123640-2.jpg,8,Negative
20180109-090217-1.jpg,8,Negative
20180105-100754-2.jpg,8,Negative
20170630-154144-0.jpg,8,Negative
20170715-101859-1.jpg,1,Lantana
20180125-092100-2.jpg,8,Negative
20180109-075712-2.jpg,8,Negative
20180322-114749-1.jpg,8,Negative
20170711-115432-0.jpg,0,Chinee apple
20171217-183601-2.jpg,8,Negative
20170410-124053-0.jpg,0,Chinee apple
20171113-144428-2.jpg,6,Siam weed
20170127-102348-0.jpg,1,Lantana
20171218-111648-3.jpg,8,Negative
20171108-125348-3.jpg,5,Rubber vine
20170913-122036-2.jpg,5,Rubber vine
20170920-114046-3.jpg,2,Parkinsonia
20171203-173658-3.jpg,8,Negative
20170913-123125-1.jpg,5,Rubber vine
20170129-103353-0.jpg,8,Negative
20170207-153849-0.jpg,0,Chinee apple
20170727-155232-3.jpg,4,Prickly acacia
20171220-090234-3.jpg,8,Negative
20171219-113027-2.jpg,8,Negative
20170127-102746-0.jpg,1,Lantana
20171219-094456-3.jpg,8,Negative
20170727-111857-3.jpg,4,Prickly acacia
20170210-133258-0.jpg,0,Chinee apple
20170920-110646-3.jpg,2,Parkinsonia
20171220-100308-2.jpg,8,Negative
20171218-122125-2.jpg,8,Negative
20171121-091207-1.jpg,6,Siam weed
20171109-091913-2.jpg,5,Rubber vine
20180112-093813-2.jpg,8,Negative
20170729-092900-2.jpg,4,Prickly acacia
20180112-092654-2.jpg,8,Negative
20180322-114053-1.jpg,8,Negative
20171113-140310-1.jpg,6,Siam weed
20180112-092826-1.jpg,8,Negative
20171219-094915-2.jpg,8,Negative
20170728-124004-3.jpg,4,Prickly acacia
20170811-155131-2.jpg,0,Chinee apple
20171205-144625-2.jpg,8,Negative
20171113-145453-1.jpg,6,Siam weed
20180125-092138-2.jpg,8,Negative
20171113-143857-2.jpg,6,Siam weed
20171121-072722-1.jpg,6,Siam weed
20171025-090121-2.jpg,3,Parthenium
20170410-154316-0.jpg,0,Chinee apple
20170728-120507-2.jpg,4,Prickly acacia
20171025-091538-3.jpg,3,Parthenium
20170207-142023-0.jpg,7,Snake weed
20171113-115857-1.jpg,6,Siam weed
20171219-093415-2.jpg,8,Negative
20180109-071935-1.jpg,8,Negative
20180112-091756-1.jpg,8,Negative
20170410-154734-0.jpg,0,Chinee apple
20180125-093221-2.jpg,8,Negative
20171109-072414-3.jpg,5,Rubber vine
20170727-164100-3.jpg,4,Prickly acacia
20180109-105859-1.jpg,8,Negative
20170714-140046-1.jpg,1,Lantana
20171218-103643-2.jpg,8,Negative
20171109-095805-3.jpg,5,Rubber vine
20170920-160526-3.jpg,2,Parkinsonia
20180105-093344-2.jpg,8,Negative
20170811-125030-1.jpg,0,Chinee apple
20171219-115041-2.jpg,8,Negative
20171219-123814-2.jpg,8,Negative
20170920-101904-2.jpg,2,Parkinsonia
20171212-104153-3.jpg,8,Negative
20171220-101652-1.jpg,8,Negative
20180105-093035-3.jpg,8,Negative
20180109-071728-1.jpg,8,Negative
20171121-073316-1.jpg,6,Siam weed
20171113-141411-2.jpg,6,Siam weed
20171109-074809-1.jpg,5,Rubber vine
20170913-101044-2.jpg,3,Parthenium
20180125-091620-1.jpg,8,Negative
20180109-104342-2.jpg,8,Negative
20180112-070631-2.jpg,8,Negative
20180109-075435-1.jpg,8,Negative
20170715-113722-1.jpg,1,Lantana
20180322-130345-1.jpg,8,Negative
20171109-074209-3.jpg,5,Rubber vine
20171121-082752-2.jpg,6,Siam weed
20180109-074956-1.jpg,8,Negative
20171220-083646-3.jpg,8,Negative
20170728-120435-2.jpg,4,Prickly acacia
20171205-133631-2.jpg,8,Negative
20170718-100239-2.jpg,7,Snake weed
20180112-094522-2.jpg,8,Negative
20180125-094503-2.jpg,8,Negative
20170906-130826-1.jpg,3,Parthenium
20171109-073724-1.jpg,5,Rubber vine
20171220-084141-2.jpg,8,Negative
20170627-103354-0.jpg,0,Chinee apple
20171219-095342-2.jpg,8,Negative
20180112-093636-2.jpg,8,Negative
20170906-131829-2.jpg,3,Parthenium
20180322-104645-1.jpg,8,Negative
20171113-151653-1.jpg,6,Siam weed
20171212-102441-3.jpg,8,Negative
20180109-100908-2.jpg,8,Negative
20170130-102108-0.jpg,1,Lantana
20170729-085848-2.jpg,4,Prickly acacia
20180125-130437-3.jpg,8,Negative
20171212-095709-3.jpg,8,Negative
20170727-114516-3.jpg,4,Prickly acacia
20170304-130115-0.jpg,7,Snake weed
20180322-125637-1.jpg,8,Negative
20180119-110115-1.jpg,8,Negative
20171203-172227-3.jpg,8,Negative
20180112-103908-2.jpg,8,Negative
20171212-110114-3.jpg,8,Negative
20171025-075906-1.jpg,3,Parthenium
20171212-100020-1.jpg,8,Negative
20171113-093142-1.jpg,5,Rubber vine
20171218-121218-3.jpg,8,Negative
20170811-112912-1.jpg,0,Chinee apple
20170727-145756-3.jpg,4,Prickly acacia
20180109-105125-2.jpg,8,Negative
20171113-093432-1.jpg,5,Rubber vine
20171102-123448-2.jpg,2,Parkinsonia
20180112-080538-1.jpg,8,Negative
20170728-154205-1.jpg,4,Prickly acacia
20170501-144633-0.jpg,8,Negative
20171113-095350-1.jpg,5,Rubber vine
20170210-131836-0.jpg,0,Chinee apple
20171113-154857-0.jpg,6,Siam weed
20180119-113603-1.jpg,8,Negative
20171109-074227-3.jpg,5,Rubber vine
20171220-101728-2.jpg,8,Negative
20170501-145910-0.jpg,8,Negative
20171102-115748-1.jpg,2,Parkinsonia
20171102-103358-3.jpg,2,Parkinsonia
20170714-115443-2.jpg,1,Lantana
20171113-131918-2.jpg,6,Siam weed
20171212-110050-3.jpg,8,Negative
20170704-155223-0.jpg,7,Snake weed
20171212-094711-1.jpg,8,Negative
20170906-115121-1.jpg,3,Parthenium
20170729-153728-3.jpg,4,Prickly acacia
20171113-145842-1.jpg,6,Siam weed
20170404-153733-0.jpg,7,Snake weed
20171219-112426-2.jpg,8,Negative
20171218-114815-2.jpg,8,Negative
20180109-073047-2.jpg,8,Negative
20171102-120414-2.jpg,2,Parkinsonia
20180112-101223-2.jpg,8,Negative
20180125-130833-2.jpg,8,Negative
20180105-104726-1.jpg,8,Negative
20171219-095131-2.jpg,8,Negative
20171113-121324-3.jpg,6,Siam weed
20180322-111519-2.jpg,8,Negative
20170404-153753-0.jpg,7,Snake weed
20170906-140427-1.jpg,3,Parthenium
20170920-175053-1.jpg,4,Prickly acacia
20171025-082923-1.jpg,3,Parthenium
20180109-100243-2.jpg,8,Negative
20170728-123405-3.jpg,4,Prickly acacia
20170627-105129-0.jpg,7,Snake weed
20170128-102043-0.jpg,8,Negative
20180109-080243-1.jpg,8,Negative
20171025-095017-3.jpg,3,Parthenium
20180322-103128-1.jpg,8,Negative
20180109-100332-1.jpg,8,Negative
20170727-165433-3.jpg,4,Prickly acacia
20170729-092430-1.jpg,4,Prickly acacia
20180112-080923-1.jpg,8,Negative
20171220-082451-2.jpg,8,Negative
20170728-150407-1.jpg,8,Negative
20170210-150041-0.jpg,7,Snake weed
20171113-132511-3.jpg,6,Siam weed
20171113-112942-0.jpg,6,Siam weed
20171113-132043-0.jpg,6,Siam weed
20170714-115130-2.jpg,1,Lantana
20171113-133312-1.jpg,6,Siam weed
20171113-134828-1.jpg,6,Siam weed
20170727-165516-1.jpg,4,Prickly acacia
20180112-074922-2.jpg,8,Negative
20170920-130439-2.jpg,2,Parkinsonia
20170714-170749-1.jpg,1,Lantana
20180109-074109-1.jpg,8,Negative
20170128-102943-0.jpg,8,Negative
20171121-084809-1.jpg,6,Siam weed
20180125-093142-1.jpg,8,Negative
20171219-102314-2.jpg,8,Negative
20170811-103932-1.jpg,0,Chinee apple
20180322-131351-1.jpg,8,Negative
20171212-104801-3.jpg,8,Negative
20171220-091052-2.jpg,8,Negative
20180119-105138-2.jpg,8,Negative
20180112-072631-1.jpg,8,Negative
20171113-132028-3.jpg,6,Siam weed
20180119-111250-2.jpg,8,Negative
20170729-093233-1.jpg,4,Prickly acacia
20171212-094810-3.jpg,8,Negative
20171102-100204-2.jpg,4,Prickly acacia
20180109-100914-1.jpg,8,Negative
20171220-091321-2.jpg,8,Negative
20170207-155334-0.jpg,0,Chinee apple
20170920-184904-1.jpg,2,Parkinsonia
20170906-135543-1.jpg,3,Parthenium
20171217-183502-2.jpg,8,Negative
20180112-073328-2.jpg,8,Negative
20170126-095120-0.jpg,1,Lantana
20170718-132839-2.jpg,7,Snake weed
20171121-090938-1.jpg,6,Siam weed
20171219-112707-3.jpg,8,Negative
20170727-170051-1.jpg,4,Prickly acacia
20171109-194239-1.jpg,5,Rubber vine
20180125-134634-2.jpg,8,Negative
20180125-132243-2.jpg,8,Negative
20180109-071031-2.jpg,8,Negative
20161207-111609-0.jpg,0,Chinee apple
20171219-093144-2.jpg,8,Negative
20170707-114013-0.jpg,0,Chinee apple
20171220-084012-3.jpg,8,Negative
20170906-112804-2.jpg,3,Parthenium
20180125-092229-2.jpg,8,Negative
20170705-162611-0.jpg,7,Snake weed
20171220-090244-2.jpg,8,Negative
20171109-073211-1.jpg,5,Rubber vine
20170404-153628-0.jpg,7,Snake weed
20170217-113200-0.jpg,7,Snake weed
20170913-100530-2.jpg,3,Parthenium
20171220-091648-3.jpg,8,Negative
20170920-100529-1.jpg,2,Parkinsonia
20171217-103432-2.jpg,8,Negative
20171212-095503-3.jpg,8,Negative
20180109-092059-2.jpg,7,Snake weed
20171218-122135-2.jpg,8,Negative
20170920-190919-1.jpg,2,Parkinsonia
20170718-131804-2.jpg,7,Snake weed
20180125-134309-2.jpg,8,Negative
20171109-092615-1.jpg,5,Rubber vine
20171109-193838-1.jpg,5,Rubber vine
20171102-114742-1.jpg,2,Parkinsonia
20180112-102843-1.jpg,8,Negative
20170627-103656-0.jpg,0,Chinee apple
20171218-110701-2.jpg,8,Negative
20171212-102645-3.jpg,8,Negative
20171212-102001-3.jpg,8,Negative
20180119-112817-2.jpg,8,Negative
20180112-092436-1.jpg,8,Negative
20170715-141539-1.jpg,1,Lantana
20170128-103209-0.jpg,8,Negative
20171218-121226-2.jpg,8,Negative
20180125-095338-1.jpg,8,Negative
20170727-130241-3.jpg,4,Prickly acacia
20170727-120008-3.jpg,4,Prickly acacia
20170728-122514-3.jpg,4,Prickly acacia
20170217-113104-0.jpg,0,Chinee apple
20170727-130226-3.jpg,4,Prickly acacia
20180125-091600-2.jpg,8,Negative
20170906-100047-1.jpg,3,Parthenium
20170705-164121-0.jpg,7,Snake weed
20170920-100316-2.jpg,5,Rubber vine
20170729-093133-1.jpg,4,Prickly acacia
20171025-092058-1.jpg,3,Parthenium
20170705-162401-0.jpg,7,Snake weed
20171025-075841-1.jpg,3,Parthenium
20180125-131432-2.jpg,8,Negative
20171113-101506-1.jpg,5,Rubber vine
20171113-142059-2.jpg,6,Siam weed
20180112-100624-1.jpg,8,Negative
20170906-113426-1.jpg,3,Parthenium
20180322-115252-1.jpg,8,Negative
20170727-154439-1.jpg,4,Prickly acacia
20170610-123122-0.jpg,1,Lantana
20171109-090420-1.jpg,5,Rubber vine
20180109-072615-2.jpg,8,Negative
20180322-102734-1.jpg,8,Negative
20170811-111301-2.jpg,0,Chinee apple
20170207-154845-0.jpg,0,Chinee apple
20171109-072340-3.jpg,5,Rubber vine
20180109-085511-2.jpg,8,Negative
20171102-122443-1.jpg,2,Parkinsonia
20171113-060629-1.jpg,5,Rubber vine
20171113-133710-1.jpg,6,Siam weed
20171212-093440-3.jpg,8,Negative
20171113-060715-1.jpg,5,Rubber vine
20180109-091411-1.jpg,8,Negative
20170718-100831-2.jpg,0,Chinee apple
20171218-110855-3.jpg,8,Negative
20171212-094638-3.jpg,8,Negative
20170811-132802-1.jpg,0,Chinee apple
20180109-071324-2.jpg,8,Negative
20171212-103113-3.jpg,8,Negative
20180125-101649-2.jpg,8,Negative
20180119-114110-2.jpg,8,Negative
20171113-134326-3.jpg,6,Siam weed
20170727-165057-1.jpg,4,Prickly acacia
20171109-195100-1.jpg,5,Rubber vine
20170729-092347-1.jpg,4,Prickly acacia
20170410-124308-0.jpg,0,Chinee apple
20180125-100227-1.jpg,8,Negative
20180109-090517-2.jpg,8,Negative
20171203-164629-3.jpg,8,Negative
20171220-083448-3.jpg,8,Negative
20170207-142533-0.jpg,7,Snake weed
20170811-115015-1.jpg,0,Chinee apple
20180105-095759-3.jpg,8,Negative
20170913-103936-3.jpg,5,Rubber vine
20170920-132152-2.jpg,2,Parkinsonia
20170217-111130-0.jpg,0,Chinee apple
20180322-133300-1.jpg,8,Negative
20180109-090304-1.jpg,8,Negative
20170501-145921-0.jpg,8,Negative
20180112-094623-2.jpg,8,Negative
20171220-094620-1.jpg,8,Negative
20180105-094247-3.jpg,8,Negative
20180125-093131-1.jpg,8,Negative
20180105-095658-2.jpg,8,Negative
20180119-115649-2.jpg,8,Negative
20170217-151259-0.jpg,0,Chinee apple
20170217-112058-0.jpg,0,Chinee apple
20180112-074533-1.jpg,8,Negative
20180125-133127-2.jpg,8,Negative
20171109-092335-1.jpg,5,Rubber vine
20171220-101926-1.jpg,8,Negative
20180112-100832-2.jpg,8,Negative
20171219-102326-3.jpg,8,Negative
20171025-081344-3.jpg,3,Parthenium
20180119-113341-2.jpg,8,Negative
20180112-094004-2.jpg,8,Negative
20180322-104456-1.jpg,8,Negative
20180125-093014-2.jpg,8,Negative
20170906-131104-1.jpg,3,Parthenium
20170715-120421-1.jpg,1,Lantana
20171220-100651-2.jpg,8,Negative
20180119-115301-2.jpg,8,Negative
20180119-110933-1.jpg,8,Negative
20170913-103401-2.jpg,3,Parthenium
20180125-130326-3.jpg,8,Negative
20170718-132538-2.jpg,7,Snake weed
20180322-113734-2.jpg,8,Negative
20170714-115730-2.jpg,1,Lantana
20171113-134726-3.jpg,6,Siam weed
20171109-193944-1.jpg,5,Rubber vine
20171219-112225-3.jpg,8,Negative
20180119-114957-2.jpg,8,Negative
20170718-101226-2.jpg,0,Chinee apple
20171203-170135-3.jpg,8,Negative
20180119-110456-2.jpg,8,Negative
20180109-075252-1.jpg,8,Negative
20170714-170049-1.jpg,1,Lantana
20171219-095453-2.jpg,8,Negative
20180125-132850-2.jpg,8,Negative
20170129-103231-0.jpg,8,Negative
20171219-095742-2.jpg,8,Negative
20170715-100910-1.jpg,1,Lantana
20180112-091313-2.jpg,8,Negative
20171203-164415-3.jpg,8,Negative
20170501-145550-0.jpg,8,Negative
20180109-090533-2.jpg,8,Negative
20170714-141640-3.jpg,1,Lantana
20171219-095321-2.jpg,8,Negative
20170714-170203-1.jpg,1,Lantana
20171113-101332-1.jpg,5,Rubber vine
20171109-095229-2.jpg,5,Rubber vine
20180322-113953-1.jpg,8,Negative
20180125-095001-2.jpg,8,Negative
20170707-112402-0.jpg,0,Chinee apple
20170128-103034-0.jpg,8,Negative
20171113-124246-3.jpg,6,Siam weed
20180119-105201-1.jpg,8,Negative
20170718-100410-2.jpg,0,Chinee apple
20180112-094406-1.jpg,8,Negative
20170729-090610-2.jpg,4,Prickly acacia
20180112-073533-1.jpg,8,Negative
20171205-124856-2.jpg,8,Negative
20180125-093535-2.jpg,8,Negative
20170906-101344-1.jpg,3,Parthenium
20180125-100017-1.jpg,8,Negative
20170714-111357-2.jpg,1,Lantana
20171212-095841-3.jpg,8,Negative
20171102-121735-2.jpg,2,Parkinsonia
20180112-093602-1.jpg,8,Negative
20171219-092846-3.jpg,8,Negative
20180322-132811-1.jpg,8,Negative
20171025-092347-2.jpg,3,Parthenium
20170727-113127-1.jpg,4,Prickly acacia
20170714-141841-2.jpg,1,Lantana
20171219-112450-2.jpg,8,Negative
20170210-145503-0.jpg,0,Chinee apple
20170217-101028-0.jpg,7,Snake weed
20171219-100803-3.jpg,8,Negative
20171102-093729-3.jpg,4,Prickly acacia
20170129-104010-0.jpg,8,Negative
20170718-131839-2.jpg,0,Chinee apple
20170217-100152-0.jpg,7,Snake weed
20180112-080407-2.jpg,8,Negative
20180119-114640-1.jpg,8,Negative
20170501-142343-0.jpg,1,Lantana
20180119-104747-2.jpg,8,Negative
20170920-113646-3.jpg,2,Parkinsonia
20180322-103933-2.jpg,8,Negative
20170920-183706-1.jpg,2,Parkinsonia
20170128-102336-0.jpg,8,Negative
20180125-132103-3.jpg,8,Negative
20180125-091310-1.jpg,8,Negative
20171203-164319-3.jpg,8,Negative
20171205-123751-2.jpg,8,Negative
20180112-100547-2.jpg,8,Negative
20171220-084751-3.jpg,8,Negative
20171220-092109-2.jpg,8,Negative
20171122-100749-1.jpg,5,Rubber vine
20170906-105922-1.jpg,3,Parthenium
20171122-104414-1.jpg,5,Rubber vine
20180125-131335-2.jpg,8,Negative
20180109-085638-2.jpg,8,Negative
20171212-100235-1.jpg,8,Negative
20171219-111933-3.jpg,8,Negative
20180125-134003-2.jpg,8,Negative
20171219-114432-2.jpg,8,Negative
20170711-115741-0.jpg,0,Chinee apple
20170920-100326-1.jpg,2,Parkinsonia
20170217-112126-0.jpg,0,Chinee apple
20170714-143159-2.jpg,1,Lantana
20170705-164721-0.jpg,7,Snake weed
20171102-103146-2.jpg,2,Parkinsonia
20180125-135211-3.jpg,8,Negative
20170129-103151-0.jpg,8,Negative
20171220-101618-2.jpg,8,Negative
20180109-071410-1.jpg,8,Negative
20171218-120252-2.jpg,8,Negative
20170714-150201-1.jpg,1,Lantana
20170704-154648-0.jpg,7,Snake weed
20170630-151217-0.jpg,7,Snake weed
20180125-094049-2.jpg,8,Negative
20180119-111316-2.jpg,8,Negative
20170718-132527-2.jpg,7,Snake weed
20171102-103650-2.jpg,2,Parkinsonia
20171113-150110-1.jpg,6,Siam weed
20171205-144028-2.jpg,8,Negative
20171113-123045-0.jpg,6,Siam weed
20180125-134520-3.jpg,8,Negative
20170405-160203-0.jpg,0,Chinee apple
20170217-102457-0.jpg,0,Chinee apple
20180119-115429-1.jpg,8,Negative
20180125-101110-2.jpg,8,Negative
20170811-104825-2.jpg,0,Chinee apple
20180125-133250-3.jpg,8,Negative
20171102-102737-3.jpg,2,Parkinsonia
20180109-100226-2.jpg,8,Negative
20170811-103710-2.jpg,0,Chinee apple
20180322-131239-1.jpg,8,Negative
20171025-091900-2.jpg,3,Parthenium
20180125-094911-2.jpg,8,Negative
20170913-105801-2.jpg,3,Parthenium
20170714-143055-2.jpg,1,Lantana
20171109-092856-2.jpg,5,Rubber vine
20170522-093530-0.jpg,1,Lantana
20171113-131910-3.jpg,6,Siam weed
20180322-114622-1.jpg,8,Negative
20170811-100812-2.jpg,0,Chinee apple
20170811-104527-1.jpg,0,Chinee apple
20170630-153907-0.jpg,8,Negative
20171220-093327-3.jpg,8,Negative
20170126-095541-0.jpg,1,Lantana
20171220-084951-2.jpg,8,Negative
20180109-110057-2.jpg,8,Negative
20170627-105206-0.jpg,7,Snake weed
20180105-091619-2.jpg,8,Negative
20171121-083417-1.jpg,6,Siam weed
20170913-121334-3.jpg,3,Parthenium
20170210-150110-0.jpg,0,Chinee apple
20171220-095453-1.jpg,8,Negative
20170920-095943-2.jpg,2,Parkinsonia
20180112-094316-1.jpg,8,Negative
20180125-130058-3.jpg,8,Negative
20170811-100837-2.jpg,0,Chinee apple
20180322-112812-2.jpg,8,Negative
20171218-112121-3.jpg,8,Negative
20171205-123822-2.jpg,8,Negative
20180322-114246-1.jpg,8,Negative
20180322-125159-1.jpg,8,Negative
20180125-101659-2.jpg,8,Negative
20180125-095400-2.jpg,8,Negative
20180112-103748-1.jpg,8,Negative
20170217-144838-0.jpg,7,Snake weed
20180109-092333-2.jpg,8,Negative
20171219-112216-2.jpg,8,Negative
20171218-110958-2.jpg,8,Negative
20180125-092028-1.jpg,8,Negative
20170126-100409-0.jpg,1,Lantana
20171220-083247-3.jpg,8,Negative
20170718-133537-2.jpg,0,Chinee apple
20171219-102046-2.jpg,8,Negative
20180112-073902-1.jpg,8,Negative
20180112-101658-1.jpg,8,Negative
20170718-094823-2.jpg,0,Chinee apple
20171102-103940-2.jpg,2,Parkinsonia
20171220-092320-3.jpg,8,Negative
20170217-121807-0.jpg,0,Chinee apple
20171212-103156-3.jpg,8,Negative
20171205-144102-2.jpg,8,Negative
20170706-111355-0.jpg,7,Snake weed
20180112-081407-1.jpg,8,Negative
20180119-114131-2.jpg,8,Negative
20171113-143830-2.jpg,6,Siam weed
20171220-084049-2.jpg,8,Negative
20171218-115339-2.jpg,8,Negative
20180109-104742-1.jpg,8,Negative
20171220-101546-1.jpg,8,Negative
20170130-102210-0.jpg,1,Lantana
20170729-090909-2.jpg,4,Prickly acacia
20180125-125759-2.jpg,8,Negative
20170707-115013-0.jpg,7,Snake weed
20170811-124710-1.jpg,0,Chinee apple
20171109-091025-3.jpg,5,Rubber vine
20180112-104022-2.jpg,8,Negative
20170728-124544-3.jpg,4,Prickly acacia
20180112-094012-1.jpg,8,Negative
20171220-100621-2.jpg,8,Negative
20171113-144858-1.jpg,6,Siam weed
20171113-120024-1.jpg,6,Siam weed
20170920-191319-1.jpg,2,Parkinsonia
20170718-101243-2.jpg,0,Chinee apple
20180105-095404-2.jpg,8,Negative
20170727-114117-3.jpg,4,Prickly acacia
20170128-102535-0.jpg,8,Negative
20171220-083613-2.jpg,8,Negative
20171220-094808-1.jpg,8,Negative
20180119-110046-2.jpg,8,Negative
20180322-112915-2.jpg,8,Negative
20180125-093935-1.jpg,8,Negative
20171121-083845-1.jpg,6,Siam weed
20171025-074453-2.jpg,3,Parthenium
20171113-101614-0.jpg,6,Siam weed
20170906-130553-1.jpg,3,Parthenium
20170714-140523-2.jpg,1,Lantana
20180125-134837-3.jpg,8,Negative
20170410-124109-0.jpg,8,Negative
20180112-094705-2.jpg,8,Negative
20170811-155103-2.jpg,0,Chinee apple
20170410-155859-0.jpg,7,Snake weed
20170128-102558-0.jpg,8,Negative
20170130-102953-0.jpg,1,Lantana
20170715-110117-1.jpg,1,Lantana
20171218-111825-2.jpg,8,Negative
20171219-103149-3.jpg,8,Negative
20170304-124558-0.jpg,0,Chinee apple
20180112-101608-2.jpg,8,Negative
20180109-101254-1.jpg,8,Negative
20180112-081645-2.jpg,8,Negative
20171113-141507-2.jpg,6,Siam weed
20171113-120304-1.jpg,6,Siam weed
20171025-082500-2.jpg,3,Parthenium
20180125-094848-1.jpg,8,Negative
20171113-143038-3.jpg,6,Siam weed
20170727-114558-3.jpg,4,Prickly acacia
20170706-110442-0.jpg,7,Snake weed
20170920-163540-3.jpg,2,Parkinsonia
20180125-093923-2.jpg,8,Negative
20180109-070336-2.jpg,8,Negative
20180109-065853-2.jpg,8,Negative
20171113-100514-3.jpg,5,Rubber vine
20170913-104853-1.jpg,3,Parthenium
20170217-151726-0.jpg,0,Chinee apple
20171113-115546-0.jpg,6,Siam weed
20180112-074624-2.jpg,8,Negative
20170210-150054-0.jpg,7,Snake weed
20180125-095431-2.jpg,8,Negative
20170906-133045-1.jpg,3,Parthenium
20170714-135502-3.jpg,1,Lantana
20170811-134343-1.jpg,0,Chinee apple
20180109-090131-1.jpg,8,Negative
20170920-133910-2.jpg,2,Parkinsonia
20170920-112103-2.jpg,2,Parkinsonia
20170714-110600-3.jpg,1,Lantana
20170304-130916-0.jpg,7,Snake weed
20180109-103711-1.jpg,8,Negative
20171025-094245-3.jpg,3,Parthenium
20171219-094648-3.jpg,8,Negative
20171102-122027-1.jpg,2,Parkinsonia
20180109-072135-2.jpg,8,Negative
20180119-115131-1.jpg,8,Negative
20180105-091547-3.jpg,8,Negative
20180125-135107-3.jpg,8,Negative
20171219-105909-3.jpg,8,Negative
20171025-092743-3.jpg,7,Snake weed
20180125-131557-2.jpg,8,Negative
20170210-133843-0.jpg,0,Chinee apple
20180105-095817-2.jpg,8,Negative
20171025-085907-2.jpg,3,Parthenium
20180109-101522-1.jpg,8,Negative
20180109-072959-1.jpg,8,Negative
20170728-150426-3.jpg,8,Negative
20171109-193756-1.jpg,5,Rubber vine
20171220-101556-1.jpg,8,Negative
20171113-143958-2.jpg,6,Siam weed
20171121-091305-1.jpg,6,Siam weed
20171025-100912-1.jpg,3,Parthenium
20171102-122202-3.jpg,2,Parkinsonia
20170705-162133-0.jpg,8,Negative
20180322-121420-2.jpg,8,Negative
20180322-113451-1.jpg,8,Negative
20180109-105741-1.jpg,8,Negative
20171102-102212-2.jpg,2,Parkinsonia
20180109-091229-2.jpg,8,Negative
20170811-112909-2.jpg,0,Chinee apple
20180109-095621-1.jpg,8,Negative
20180322-114536-1.jpg,8,Negative
20170728-125619-3.jpg,4,Prickly acacia
20170811-114032-2.jpg,0,Chinee apple
20171109-194423-1.jpg,5,Rubber vine
20170714-170146-1.jpg,1,Lantana
20170920-112245-3.jpg,2,Parkinsonia
20171025-082509-1.jpg,3,Parthenium
20180119-110456-1.jpg,8,Negative
20180105-101728-2.jpg,8,Negative
20171220-095000-2.jpg,8,Negative
20180109-104202-1.jpg,8,Negative
20170714-142445-3.jpg,1,Lantana
20171109-092455-2.jpg,5,Rubber vine
20171113-133317-3.jpg,6,Siam weed
20180125-132857-3.jpg,8,Negative
20170906-111904-4.jpg,3,Parthenium
20180119-110407-1.jpg,8,Negative
20170920-101006-2.jpg,2,Parkinsonia
20171108-125451-3.jpg,5,Rubber vine
20170727-112754-3.jpg,4,Prickly acacia
20171220-095254-1.jpg,8,Negative
20180112-101710-1.jpg,8,Negative
20170714-143218-2.jpg,1,Lantana
20171219-094914-2.jpg,8,Negative
20170811-114813-2.jpg,0,Chinee apple
20171121-074752-1.jpg,6,Siam weed
20171102-100859-2.jpg,4,Prickly acacia
20171113-103847-0.jpg,6,Siam weed
20171121-073004-1.jpg,6,Siam weed
20171102-094606-1.jpg,4,Prickly acacia
20171113-122631-0.jpg,6,Siam weed
20171219-092854-2.jpg,8,Negative
20170714-111116-2.jpg,1,Lantana
20170501-143200-0.jpg,1,Lantana
20170610-122734-0.jpg,1,Lantana
20171220-100744-2.jpg,8,Negative
20171113-143328-2.jpg,6,Siam weed
20170729-090140-1.jpg,4,Prickly acacia
20180105-092156-3.jpg,8,Negative
20171113-165713-0.jpg,6,Siam weed
20170920-180643-1.jpg,2,Parkinsonia
20171113-124140-0.jpg,6,Siam weed
20171220-095849-2.jpg,8,Negative
20171102-102346-3.jpg,2,Parkinsonia
20180119-114435-1.jpg,8,Negative
20171121-082329-2.jpg,6,Siam weed
20170405-160226-0.jpg,0,Chinee apple
20171220-083345-3.jpg,8,Negative
20180125-100223-2.jpg,8,Negative
20171203-172855-3.jpg,8,Negative
20170913-124732-2.jpg,5,Rubber vine
20170410-154109-0.jpg,7,Snake weed
20171113-121021-2.jpg,6,Siam weed
20180109-073112-2.jpg,8,Negative
20180112-094134-1.jpg,8,Negative
20170804-131944-1.jpg,0,Chinee apple
20171113-124439-1.jpg,6,Siam weed
20171212-093022-3.jpg,8,Negative
20170217-103346-0.jpg,0,Chinee apple
20171113-121756-1.jpg,6,Siam weed
20180109-101026-1.jpg,8,Negative
20180105-093855-2.jpg,8,Negative
20170811-130826-2.jpg,0,Chinee apple
20170913-095810-2.jpg,3,Parthenium
20170727-120400-3.jpg,4,Prickly acacia
20180119-111132-1.jpg,8,Negative
20180109-080715-2.jpg,8,Negative
20180322-112129-1.jpg,8,Negative
20171113-140302-2.jpg,6,Siam weed
20171218-111306-3.jpg,8,Negative
20170906-113809-1.jpg,3,Parthenium
20171219-100023-3.jpg,8,Negative
20180109-092421-2.jpg,8,Negative
20180109-095847-2.jpg,8,Negative
20180109-103821-2.jpg,8,Negative
20180125-100216-1.jpg,8,Negative
20170217-095850-0.jpg,7,Snake weed
20170906-130537-1.jpg,3,Parthenium
20180322-125125-1.jpg,8,Negative
20180119-114516-1.jpg,8,Negative
20171212-094300-1.jpg,8,Negative
20180109-073202-1.jpg,8,Negative
20170811-132707-1.jpg,0,Chinee apple
20171113-132408-1.jpg,6,Siam weed
20180105-093410-2.jpg,8,Negative
20171113-150145-3.jpg,6,Siam weed
20170920-183909-1.jpg,2,Parkinsonia
20170913-103128-2.jpg,3,Parthenium
20180125-132427-3.jpg,8,Negative
20171220-082827-2.jpg,8,Negative
20170811-130153-1.jpg,0,Chinee apple
20170705-165651-0.jpg,7,Snake weed
20170130-102828-0.jpg,1,Lantana
20171220-101348-2.jpg,8,Negative
20171220-095051-2.jpg,8,Negative
20171102-102254-1.jpg,2,Parkinsonia
20170129-103803-0.jpg,8,Negative
20180112-072647-2.jpg,8,Negative
20171205-124252-2.jpg,8,Negative
20171220-100300-2.jpg,8,Negative
20171102-123222-1.jpg,2,Parkinsonia
20171212-100041-3.jpg,8,Negative
20180109-072543-1.jpg,8,Negative
20180109-100224-2.jpg,8,Negative
20180125-102044-1.jpg,8,Negative
20170728-125317-2.jpg,4,Prickly acacia
20171218-121722-2.jpg,8,Negative
20180105-095907-2.jpg,8,Negative
20180119-115648-2.jpg,8,Negative
20170920-164226-3.jpg,2,Parkinsonia
20170811-110920-1.jpg,0,Chinee apple
20171109-093105-1.jpg,5,Rubber vine
20180125-093516-1.jpg,8,Negative
20171113-092225-1.jpg,5,Rubber vine
20171109-072720-3.jpg,5,Rubber vine
20170130-102156-0.jpg,1,Lantana
20170906-104054-1.jpg,3,Parthenium
20180109-105519-1.jpg,8,Negative
20171109-085202-3.jpg,5,Rubber vine
20180112-075209-2.jpg,8,Negative
20180322-114035-2.jpg,8,Negative
20180119-113318-1.jpg,8,Negative
20171220-091645-3.jpg,8,Negative
20170906-113558-1.jpg,3,Parthenium
20170217-101133-0.jpg,0,Chinee apple
20171113-121731-1.jpg,6,Siam weed
20180105-093747-2.jpg,8,Negative
20180109-073013-2.jpg,8,Negative
20180125-125959-3.jpg,8,Negative
20170727-171627-1.jpg,4,Prickly acacia
20171218-121940-2.jpg,8,Negative
20171109-092817-2.jpg,5,Rubber vine
20170210-141846-0.jpg,7,Snake weed
20171219-095936-3.jpg,8,Negative
20180109-090005-2.jpg,8,Negative
20180125-092431-1.jpg,8,Negative
20180322-115147-1.jpg,8,Negative
20171121-091226-3.jpg,6,Siam weed
20171025-074626-2.jpg,3,Parthenium
20170728-153107-1.jpg,8,Negative
20180109-095451-2.jpg,8,Negative
20170906-105453-1.jpg,3,Parthenium
20170920-100505-2.jpg,2,Parkinsonia
20180109-090509-2.jpg,8,Negative
20180322-115355-1.jpg,8,Negative
20180112-071421-2.jpg,8,Negative
20180109-105226-2.jpg,8,Negative
20171201-120751-1.jpg,8,Negative
20171203-170242-3.jpg,8,Negative
20170906-134511-1.jpg,3,Parthenium
20171025-073458-2.jpg,3,Parthenium
20170906-111904-1.jpg,3,Parthenium
20170715-141015-1.jpg,1,Lantana
20170920-115259-3.jpg,2,Parkinsonia
20171218-112553-3.jpg,8,Negative
20180112-083143-1.jpg,8,Negative
20180125-134156-3.jpg,8,Negative
20180109-094756-2.jpg,8,Negative
20170610-122608-0.jpg,1,Lantana
20180109-074300-1.jpg,8,Negative
20180322-102724-1.jpg,8,Negative
20170906-091909-4.jpg,3,Parthenium
20171025-080008-3.jpg,3,Parthenium
20171109-175951-2.jpg,5,Rubber vine
20171218-103550-2.jpg,8,Negative
20180112-082118-1.jpg,8,Negative
20171025-074148-2.jpg,3,Parthenium
20170217-095903-0.jpg,7,Snake weed
20180125-091410-2.jpg,8,Negative
20170210-142244-0.jpg,7,Snake weed
20170714-110205-1.jpg,1,Lantana
20170714-143727-1.jpg,1,Lantana
20170207-153745-0.jpg,0,Chinee apple
20171102-120225-2.jpg,2,Parkinsonia
20170217-115125-0.jpg,7,Snake weed
20171113-134526-3.jpg,6,Siam weed
20170714-115325-3.jpg,1,Lantana
20180105-102457-1.jpg,8,Negative
20170906-111722-1.jpg,3,Parthenium
20170217-145030-0.jpg,7,Snake weed
20180109-101513-2.jpg,8,Negative
20171220-101451-1.jpg,8,Negative
20170210-141458-0.jpg,7,Snake weed
20170920-095927-1.jpg,2,Parkinsonia
20170210-132343-0.jpg,0,Chinee apple
20171218-115026-3.jpg,8,Negative
20171220-093222-3.jpg,8,Negative
20180112-070404-2.jpg,8,Negative
20170210-133954-0.jpg,0,Chinee apple
20171205-134638-2.jpg,8,Negative
20170410-124126-0.jpg,0,Chinee apple
20171220-090436-2.jpg,8,Negative
20171122-095514-1.jpg,5,Rubber vine
20171102-115958-3.jpg,2,Parkinsonia
20180105-095332-2.jpg,8,Negative
20170718-100028-2.jpg,0,Chinee apple
20171203-164337-3.jpg,8,Negative
20170210-150223-0.jpg,0,Chinee apple
20171201-120840-1.jpg,8,Negative
20170727-130258-1.jpg,4,Prickly acacia
20170913-105524-2.jpg,3,Parthenium
20171113-150055-1.jpg,6,Siam weed
20180125-132435-2.jpg,8,Negative
20180119-115404-1.jpg,8,Negative
20170715-125306-1.jpg,1,Lantana
20180322-112839-1.jpg,8,Negative
20171121-085143-1.jpg,6,Siam weed
20170728-152407-1.jpg,8,Negative
20180109-072920-1.jpg,8,Negative
20171121-082047-1.jpg,6,Siam weed
20180119-105857-1.jpg,8,Negative
20170727-112226-3.jpg,4,Prickly acacia
20171102-121450-2.jpg,2,Parkinsonia
20180322-125846-1.jpg,8,Negative
20170727-154459-1.jpg,4,Prickly acacia
20180109-105049-2.jpg,8,Negative
20170906-133311-1.jpg,3,Parthenium
20171122-101811-1.jpg,5,Rubber vine
20170729-093431-2.jpg,4,Prickly acacia
20171113-102043-1.jpg,5,Rubber vine
20171113-093009-1.jpg,5,Rubber vine
20171109-072611-1.jpg,5,Rubber vine
20170906-104324-1.jpg,3,Parthenium
20180125-130106-3.jpg,8,Negative
20171220-083209-2.jpg,8,Negative
20171122-103612-1.jpg,5,Rubber vine
20170727-152403-3.jpg,4,Prickly acacia
20180112-081617-2.jpg,8,Negative
20170714-120022-3.jpg,1,Lantana
20171122-101340-1.jpg,5,Rubber vine
20180125-092228-1.jpg,8,Negative
20170920-113703-3.jpg,2,Parkinsonia
20170304-124944-0.jpg,0,Chinee apple
20180112-082857-1.jpg,8,Negative
20180105-095800-3.jpg,8,Negative
20171203-172701-3.jpg,8,Negative
20171109-194002-1.jpg,5,Rubber vine
20170906-112514-1.jpg,3,Parthenium
20180109-071834-2.jpg,8,Negative
20180125-095718-2.jpg,8,Negative
20171219-105034-2.jpg,8,Negative
20170920-100212-1.jpg,2,Parkinsonia
20170711-114024-0.jpg,0,Chinee apple
20180322-113256-1.jpg,8,Negative
20180112-093438-1.jpg,8,Negative
20170920-101832-2.jpg,2,Parkinsonia
20180105-100133-3.jpg,8,Negative
20180125-134255-3.jpg,8,Negative
20171113-120119-1.jpg,6,Siam weed
20170217-151701-0.jpg,0,Chinee apple
20171122-095907-1.jpg,5,Rubber vine
20170715-160454-1.jpg,1,Lantana
20170729-153336-3.jpg,4,Prickly acacia
20171218-115704-3.jpg,8,Negative
20171109-084821-3.jpg,5,Rubber vine
20170714-111017-1.jpg,1,Lantana
20170714-130820-1.jpg,1,Lantana
20170913-103112-2.jpg,3,Parthenium
20171219-112110-2.jpg,8,Negative
20171102-121333-2.jpg,2,Parkinsonia
20180322-115038-1.jpg,8,Negative
20170522-093614-0.jpg,1,Lantana
20170727-140437-1.jpg,4,Prickly acacia
20170128-103121-0.jpg,8,Negative
20180112-074757-2.jpg,8,Negative
20180119-114459-1.jpg,8,Negative
20171121-074957-1.jpg,6,Siam weed
20180322-114339-2.jpg,8,Negative
20170906-132254-1.jpg,3,Parthenium
20180109-072434-2.jpg,8,Negative
20171025-091641-1.jpg,3,Parthenium
20180112-080418-2.jpg,8,Negative
20180112-071809-1.jpg,8,Negative
20180105-091400-3.jpg,8,Negative
20180322-110721-2.jpg,8,Negative
20171203-173210-3.jpg,8,Negative
20171219-095223-2.jpg,8,Negative
20170728-152324-1.jpg,4,Prickly acacia
20170913-105427-1.jpg,3,Parthenium
20170715-174805-1.jpg,1,Lantana
20180322-132447-1.jpg,8,Negative
20171102-102836-1.jpg,2,Parkinsonia
20171220-083631-2.jpg,8,Negative
20171113-123728-3.jpg,6,Siam weed
20180109-075631-2.jpg,8,Negative
20170727-144930-1.jpg,4,Prickly acacia
20180109-090648-2.jpg,8,Negative
20171218-121803-3.jpg,8,Negative
20180112-082059-2.jpg,8,Negative
20170217-150720-0.jpg,0,Chinee apple
20180109-102800-2.jpg,8,Negative
20171218-115742-3.jpg,8,Negative
20180119-110801-2.jpg,8,Negative
20180109-091853-2.jpg,8,Negative
20170127-102124-0.jpg,1,Lantana
20180322-125414-1.jpg,8,Negative
20171109-074707-1.jpg,5,Rubber vine
20180125-100808-1.jpg,8,Negative
20170920-115200-3.jpg,2,Parkinsonia
20180109-074501-1.jpg,8,Negative
20180119-105030-1.jpg,8,Negative
20171219-094510-2.jpg,8,Negative
20171113-133840-3.jpg,6,Siam weed
20170811-114212-2.jpg,0,Chinee apple
20180105-095859-3.jpg,8,Negative
20180125-131237-3.jpg,8,Negative
20180109-100340-1.jpg,8,Negative
20170728-122555-3.jpg,4,Prickly acacia
20180109-074022-1.jpg,8,Negative
20180105-093220-2.jpg,8,Negative
20170714-142800-3.jpg,1,Lantana
20171220-090300-3.jpg,8,Negative
20170920-100234-1.jpg,2,Parkinsonia
20180112-102450-2.jpg,8,Negative
20170714-120304-3.jpg,1,Lantana
20171113-143258-3.jpg,6,Siam weed
20180112-072353-1.jpg,8,Negative
20180125-093655-1.jpg,8,Negative
20171219-114857-2.jpg,8,Negative
20170728-122447-3.jpg,4,Prickly acacia
20170718-133104-2.jpg,7,Snake weed
20170727-112828-1.jpg,4,Prickly acacia
20171220-092349-2.jpg,8,Negative
20180105-102419-1.jpg,8,Negative
20180119-110641-1.jpg,8,Negative
20170906-100744-1.jpg,3,Parthenium
20170913-095437-1.jpg,3,Parthenium
20180125-132009-2.jpg,8,Negative
20170728-150215-1.jpg,4,Prickly acacia
20171121-082826-2.jpg,6,Siam weed
20171025-082029-2.jpg,3,Parthenium
20180322-113229-1.jpg,8,Negative
20170718-102057-2.jpg,7,Snake weed
20170127-101227-0.jpg,1,Lantana
20180109-100740-2.jpg,8,Negative
20171220-100957-1.jpg,8,Negative
20171025-074147-1.jpg,3,Parthenium
20180119-115613-2.jpg,8,Negative
20171220-092922-2.jpg,8,Negative
20171109-095540-3.jpg,5,Rubber vine
20171220-095312-2.jpg,8,Negative
20171113-134630-3.jpg,6,Siam weed
20170707-112019-0.jpg,0,Chinee apple
20180125-133141-3.jpg,8,Negative
20171109-093358-1.jpg,5,Rubber vine
20170913-105841-3.jpg,5,Rubber vine
20180109-073956-1.jpg,8,Negative
20170304-123547-0.jpg,0,Chinee apple
20171220-100307-1.jpg,8,Negative
20170217-115109-0.jpg,7,Snake weed
20170803-131501-1.jpg,0,Chinee apple
20170718-132145-2.jpg,0,Chinee apple
20180109-080302-1.jpg,8,Negative
20170920-160536-3.jpg,2,Parkinsonia
20180112-102517-2.jpg,8,Negative
20170920-112247-2.jpg,2,Parkinsonia
20170714-150655-1.jpg,1,Lantana
20180125-092329-1.jpg,8,Negative
20171025-095534-1.jpg,3,Parthenium
20170217-095926-0.jpg,7,Snake weed
20180322-133802-1.jpg,8,Negative
20180119-110347-2.jpg,8,Negative
20170714-122557-2.jpg,1,Lantana
20180125-100316-1.jpg,8,Negative
20170728-124827-2.jpg,4,Prickly acacia
20170210-141629-0.jpg,7,Snake weed
20180105-094814-2.jpg,8,Negative
20171203-172836-3.jpg,8,Negative
20171219-095338-3.jpg,8,Negative
20180125-100736-2.jpg,8,Negative
20180109-075152-2.jpg,8,Negative
20171025-095436-1.jpg,3,Parthenium
20180119-110347-1.jpg,8,Negative
20180109-071148-2.jpg,8,Negative
20170728-152532-1.jpg,4,Prickly acacia
20180112-092759-2.jpg,8,Negative
20180109-080518-2.jpg,8,Negative
20180109-091524-2.jpg,8,Negative
20171218-104232-3.jpg,8,Negative
20180105-094932-2.jpg,8,Negative
20170727-171052-3.jpg,4,Prickly acacia
20170729-085926-1.jpg,4,Prickly acacia
20180322-102953-2.jpg,8,Negative
20171113-121347-2.jpg,6,Siam weed
20171113-101919-1.jpg,5,Rubber vine
20170728-154751-1.jpg,4,Prickly acacia
20170727-154701-1.jpg,4,Prickly acacia
20170718-101130-2.jpg,0,Chinee apple
20171025-090608-1.jpg,3,Parthenium
20180112-075106-2.jpg,8,Negative
20171220-082920-3.jpg,8,Negative
20171025-094213-2.jpg,3,Parthenium
20170610-122104-0.jpg,1,Lantana
20170729-153648-3.jpg,4,Prickly acacia
20171025-081718-1.jpg,0,Chinee apple
20171212-100701-3.jpg,8,Negative
20180105-095832-3.jpg,8,Negative
20170811-162931-1.jpg,0,Chinee apple
20171113-120601-3.jpg,6,Siam weed
20170129-103126-0.jpg,8,Negative
20171109-094052-3.jpg,5,Rubber vine
20170906-135901-1.jpg,3,Parthenium
20180119-115352-2.jpg,8,Negative
20171217-183442-2.jpg,8,Negative
20171203-172410-3.jpg,8,Negative
20180112-093306-1.jpg,8,Negative
20170630-152041-0.jpg,7,Snake weed
20170127-102237-0.jpg,1,Lantana
20180109-103537-2.jpg,8,Negative
20171109-085309-3.jpg,5,Rubber vine
20180109-091208-2.jpg,8,Negative
20171113-122213-0.jpg,6,Siam weed
20171109-091232-1.jpg,5,Rubber vine
20171212-100143-1.jpg,8,Negative
20180109-100802-1.jpg,8,Negative
20170727-144725-1.jpg,8,Negative
20180125-135006-2.jpg,8,Negative
20180322-113435-2.jpg,8,Negative
20170127-100927-0.jpg,1,Lantana
20171218-111334-2.jpg,8,Negative
20170811-162102-1.jpg,0,Chinee apple
20180322-114904-1.jpg,8,Negative
20171113-122331-3.jpg,6,Siam weed
20180322-115431-1.jpg,8,Negative
20170906-100844-1.jpg,3,Parthenium
20170728-125258-3.jpg,4,Prickly acacia
20170630-154749-0.jpg,8,Negative
20180109-101453-1.jpg,8,Negative
20180105-100739-3.jpg,8,Negative
20170729-092940-2.jpg,4,Prickly acacia
20171113-165831-0.jpg,6,Siam weed
20171113-134957-1.jpg,6,Siam weed
20171218-103225-2.jpg,8,Negative
20171218-115658-2.jpg,8,Negative
20170729-085836-3.jpg,4,Prickly acacia
20171220-082729-2.jpg,8,Negative
20170718-101327-2.jpg,0,Chinee apple
20170913-101207-3.jpg,5,Rubber vine
20170906-094844-2.jpg,3,Parthenium
20180109-074306-2.jpg,8,Negative
20170811-133725-1.jpg,0,Chinee apple
20170728-154037-3.jpg,8,Negative
20171220-100443-2.jpg,8,Negative
20171217-183825-2.jpg,8,Negative
20170920-095021-2.jpg,2,Parkinsonia
20180109-080258-2.jpg,7,Snake weed
20171122-103413-1.jpg,5,Rubber vine
20180119-105837-2.jpg,8,Negative
20171109-091521-2.jpg,5,Rubber vine
20180109-100454-1.jpg,8,Negative
20180125-094451-2.jpg,8,Negative
20171113-102057-1.jpg,5,Rubber vine
20180322-125406-1.jpg,8,Negative
20180322-124933-1.jpg,8,Negative
20180109-103036-2.jpg,8,Negative
20180125-092641-2.jpg,8,Negative
20170718-095020-2.jpg,0,Chinee apple
20180109-095246-2.jpg,8,Negative
20171218-110555-3.jpg,8,Negative
20170714-120129-3.jpg,1,Lantana
20180119-111347-1.jpg,8,Negative
20170920-115939-2.jpg,2,Parkinsonia
20170501-145632-0.jpg,8,Negative
20180112-070715-2.jpg,8,Negative
20170727-144237-1.jpg,4,Prickly acacia
20171025-093337-3.jpg,3,Parthenium
20180105-092012-3.jpg,8,Negative
20170920-115420-2.jpg,2,Parkinsonia
20170727-170649-1.jpg,4,Prickly acacia
20180105-091633-3.jpg,8,Negative
20170728-151058-1.jpg,4,Prickly acacia
20171218-105733-3.jpg,8,Negative
20180109-091318-1.jpg,8,Negative
20170217-120401-0.jpg,7,Snake weed
20180112-100603-2.jpg,8,Negative
20171108-124156-3.jpg,5,Rubber vine
20171220-091144-2.jpg,8,Negative
20180112-101033-2.jpg,8,Negative
20171113-111716-0.jpg,6,Siam weed
20171102-115337-2.jpg,2,Parkinsonia
20171219-114835-2.jpg,8,Negative
20170920-191506-1.jpg,2,Parkinsonia
20171102-120027-1.jpg,2,Parkinsonia
20180105-094827-3.jpg,8,Negative
20170217-121730-0.jpg,0,Chinee apple
20180105-100301-3.jpg,8,Negative
20171109-074353-1.jpg,5,Rubber vine
20171025-075049-3.jpg,3,Parthenium
20171203-170559-3.jpg,8,Negative
20171109-092340-2.jpg,5,Rubber vine
20170727-120723-3.jpg,4,Prickly acacia
20171212-101811-3.jpg,8,Negative
20170610-124052-0.jpg,1,Lantana
20170727-155712-1.jpg,4,Prickly acacia
20170729-090519-1.jpg,4,Prickly acacia
20180125-092832-1.jpg,8,Negative
20170718-101939-2.jpg,0,Chinee apple
20171102-093954-2.jpg,4,Prickly acacia
20170920-100505-3.jpg,4,Prickly acacia
20171025-082655-2.jpg,3,Parthenium
20171220-090520-2.jpg,8,Negative
20180125-095050-2.jpg,8,Negative
20180109-095800-1.jpg,8,Negative
20180322-103634-1.jpg,8,Negative
20170210-131049-0.jpg,7,Snake weed
20170906-110255-1.jpg,3,Parthenium
20170727-113525-3.jpg,4,Prickly acacia
20180112-093647-2.jpg,8,Negative
20180112-083623-1.jpg,8,Negative
20170920-132003-2.jpg,2,Parkinsonia
20171122-103703-1.jpg,5,Rubber vine
20180112-082107-1.jpg,8,Negative
20180119-114649-1.jpg,8,Negative
20170727-130526-1.jpg,4,Prickly acacia
20180112-102555-2.jpg,8,Negative
20180109-103631-1.jpg,8,Negative
20170217-095711-0.jpg,7,Snake weed
20180109-071717-1.jpg,8,Negative
20180119-113852-2.jpg,8,Negative
20170217-112348-0.jpg,0,Chinee apple
20170714-143003-2.jpg,1,Lantana
20170304-125409-0.jpg,0,Chinee apple
20171122-101024-1.jpg,5,Rubber vine
20180125-093757-2.jpg,8,Negative
20180125-133813-3.jpg,8,Negative
20170920-190248-1.jpg,2,Parkinsonia
20180322-121815-2.jpg,8,Negative
20170811-124858-1.jpg,0,Chinee apple
20170727-144308-1.jpg,4,Prickly acacia
20170128-103338-0.jpg,8,Negative
20171220-084130-2.jpg,8,Negative
20171220-085407-3.jpg,8,Negative
20170714-140310-3.jpg,1,Lantana
20171220-091733-2.jpg,8,Negative
20171113-095510-1.jpg,5,Rubber vine
20170714-120648-3.jpg,1,Lantana
20171102-120625-2.jpg,2,Parkinsonia
20170727-113915-3.jpg,4,Prickly acacia
20180109-105221-1.jpg,8,Negative
20171212-104741-3.jpg,8,Negative
20180109-091246-2.jpg,8,Negative
20180112-072413-2.jpg,8,Negative
20171219-095213-2.jpg,8,Negative
20180119-111304-1.jpg,8,Negative
20170906-100809-1.jpg,3,Parthenium
20180109-075446-2.jpg,8,Negative
20171113-151728-1.jpg,6,Siam weed
20171102-120108-2.jpg,2,Parkinsonia
20180109-104245-2.jpg,8,Negative
20171205-134922-2.jpg,8,Negative
20170714-141843-3.jpg,1,Lantana
20180322-115926-2.jpg,8,Negative
20170727-165942-3.jpg,4,Prickly acacia
20171218-121347-2.jpg,8,Negative
20171113-113542-0.jpg,6,Siam weed
20170727-153243-1.jpg,4,Prickly acacia
20180322-115551-2.jpg,8,Negative
20170920-160052-3.jpg,2,Parkinsonia
20170217-122151-0.jpg,0,Chinee apple
20171102-122318-1.jpg,2,Parkinsonia
20171113-131554-1.jpg,6,Siam weed
20180109-080400-1.jpg,8,Negative
20170727-140258-1.jpg,4,Prickly acacia
20170404-153852-0.jpg,7,Snake weed
20170920-121321-2.jpg,2,Parkinsonia
20170210-133155-0.jpg,0,Chinee apple
20171205-134513-2.jpg,8,Negative
20171109-072057-3.jpg,5,Rubber vine
20170913-110903-1.jpg,3,Parthenium
20171220-101509-1.jpg,8,Negative
20171212-101511-3.jpg,8,Negative
20180105-100450-2.jpg,8,Negative
20180112-100712-2.jpg,8,Negative
20180322-125817-1.jpg,8,Negative
20180322-112555-1.jpg,8,Negative
20170715-152856-1.jpg,1,Lantana
20170728-124147-3.jpg,4,Prickly acacia
20171218-110320-2.jpg,8,Negative
20171220-084826-3.jpg,8,Negative
20171220-082242-2.jpg,8,Negative
20171212-100049-1.jpg,8,Negative
20170707-110337-0.jpg,7,Snake weed
20180112-080916-2.jpg,8,Negative
20171218-120115-3.jpg,8,Negative
20170811-132947-2.jpg,0,Chinee apple
20180112-083133-1.jpg,8,Negative
20180105-093732-2.jpg,8,Negative
20171220-092937-2.jpg,8,Negative
20170501-145343-0.jpg,8,Negative
20180105-092418-2.jpg,8,Negative
20180322-115328-1.jpg,8,Negative
20171219-105244-2.jpg,8,Negative
20170304-123711-0.jpg,0,Chinee apple
20170803-132640-1.jpg,0,Chinee apple
20180112-103630-1.jpg,8,Negative
20171113-133809-3.jpg,6,Siam weed
20180119-112951-1.jpg,8,Negative
20171220-085302-3.jpg,8,Negative
20170714-130106-1.jpg,1,Lantana
20180105-093004-2.jpg,8,Negative
20170630-155234-0.jpg,7,Snake weed
20171220-095257-2.jpg,8,Negative
20171218-103315-2.jpg,8,Negative
20171113-094218-3.jpg,5,Rubber vine
20180109-095939-2.jpg,8,Negative
20180119-113108-2.jpg,8,Negative
20171220-094813-2.jpg,8,Negative
20171212-100306-1.jpg,8,Negative
20180125-100024-2.jpg,8,Negative
20180105-100203-2.jpg,8,Negative
20170913-105539-3.jpg,5,Rubber vine
20170714-150357-1.jpg,1,Lantana
20180322-111926-2.jpg,8,Negative
20171220-092717-3.jpg,8,Negative
20171113-142438-2.jpg,6,Siam weed
20171219-112639-3.jpg,8,Negative
20180105-091634-3.jpg,8,Negative
20170210-133739-0.jpg,0,Chinee apple
20171113-122240-3.jpg,6,Siam weed
20180125-134338-2.jpg,8,Negative
20170913-105113-1.jpg,3,Parthenium
20180105-092651-2.jpg,8,Negative
20170210-131600-0.jpg,7,Snake weed
20171220-093220-3.jpg,8,Negative
20180112-080151-2.jpg,8,Negative
20170501-144646-0.jpg,8,Negative
20180109-090058-2.jpg,8,Negative
20180125-100318-2.jpg,8,Negative
20170610-124114-0.jpg,1,Lantana
20171113-141009-2.jpg,6,Siam weed
20170714-115933-3.jpg,1,Lantana
20180109-095906-1.jpg,8,Negative
20171102-102120-1.jpg,2,Parkinsonia
20180112-092418-2.jpg,8,Negative
20180109-103045-2.jpg,8,Negative
20170920-163704-3.jpg,2,Parkinsonia
20171113-132556-1.jpg,6,Siam weed
20171203-170753-3.jpg,8,Negative
20180322-130336-1.jpg,8,Negative
20180112-072946-1.jpg,8,Negative
20180109-104647-1.jpg,8,Negative
20170304-124326-0.jpg,0,Chinee apple
20171113-123900-1.jpg,6,Siam weed
20171025-092835-1.jpg,3,Parthenium
20170811-134520-2.jpg,0,Chinee apple
20180125-101806-2.jpg,8,Negative
20171220-093517-2.jpg,8,Negative
20180322-132933-1.jpg,8,Negative
20180125-132158-2.jpg,8,Negative
20180112-103422-2.jpg,8,Negative
20170718-101417-2.jpg,0,Chinee apple
20180125-093824-1.jpg,8,Negative
20170727-143038-1.jpg,4,Prickly acacia
20171121-091631-1.jpg,6,Siam weed
20170727-144559-1.jpg,4,Prickly acacia
20171220-092812-2.jpg,8,Negative
20180125-091401-2.jpg,8,Negative
20171025-081450-1.jpg,3,Parthenium
20170727-124334-1.jpg,4,Prickly acacia
20180119-113517-1.jpg,8,Negative
20170210-134133-0.jpg,0,Chinee apple
20180112-092705-2.jpg,8,Negative
20180109-095253-1.jpg,8,Negative
20180112-074519-1.jpg,8,Negative
20170217-112903-0.jpg,0,Chinee apple
20180119-110252-2.jpg,8,Negative
20180105-092555-2.jpg,8,Negative
20180109-105954-1.jpg,8,Negative
20170906-110845-1.jpg,3,Parthenium
20170217-112936-0.jpg,7,Snake weed
20170920-134648-2.jpg,2,Parkinsonia
20170920-132532-2.jpg,2,Parkinsonia
20180109-105903-2.jpg,8,Negative
20170906-113219-4.jpg,3,Parthenium
20180322-131314-1.jpg,8,Negative
20170727-125859-3.jpg,4,Prickly acacia
20170127-101317-0.jpg,1,Lantana
20170217-143659-0.jpg,7,Snake weed
20171220-100545-1.jpg,8,Negative
20180112-093414-1.jpg,8,Negative
20170728-153449-2.jpg,4,Prickly acacia
20170920-162748-3.jpg,2,Parkinsonia
20171220-091338-2.jpg,8,Negative
20170727-115521-3.jpg,4,Prickly acacia
20170729-091120-1.jpg,4,Prickly acacia
20170718-132334-2.jpg,7,Snake weed
20170920-101256-2.jpg,2,Parkinsonia
20171113-102235-1.jpg,5,Rubber vine
20170906-100542-1.jpg,3,Parthenium
20170920-110732-3.jpg,2,Parkinsonia
20180112-094531-1.jpg,8,Negative
20170315-090051-0.jpg,8,Negative
20180322-132802-1.jpg,8,Negative
20170718-133118-2.jpg,7,Snake weed
20180105-095357-2.jpg,8,Negative
20180112-091744-1.jpg,8,Negative
20170210-130902-0.jpg,7,Snake weed
20171113-132154-3.jpg,6,Siam weed
20171113-115426-3.jpg,6,Siam weed
20180119-113639-2.jpg,8,Negative
20170714-115558-3.jpg,1,Lantana
20170906-094049-1.jpg,3,Parthenium
20171220-090752-2.jpg,8,Negative
20180322-133710-1.jpg,8,Negative
20171109-091623-3.jpg,5,Rubber vine
20171220-093507-3.jpg,8,Negative
20171109-085430-3.jpg,5,Rubber vine
20170304-132357-0.jpg,7,Snake weed
20170714-122506-3.jpg,1,Lantana
20180112-092107-2.jpg,8,Negative
20170913-122507-3.jpg,3,Parthenium
20171218-121630-3.jpg,8,Negative
20180322-104716-1.jpg,8,Negative
20180109-094631-2.jpg,8,Negative
20180119-104654-2.jpg,8,Negative
20170714-141938-3.jpg,1,Lantana
20171218-110840-2.jpg,8,Negative
20180109-085655-1.jpg,8,Negative
20180125-134635-3.jpg,8,Negative
20170811-111527-1.jpg,0,Chinee apple
20170715-131853-1.jpg,1,Lantana
20180125-134828-3.jpg,8,Negative
20170627-104440-0.jpg,7,Snake weed
20170410-154238-0.jpg,0,Chinee apple
20170610-122744-0.jpg,1,Lantana
20180112-071802-2.jpg,8,Negative
20180105-101033-3.jpg,8,Negative
20180105-093553-2.jpg,8,Negative
20170304-125343-0.jpg,0,Chinee apple
20180109-085727-1.jpg,8,Negative
20180112-093755-2.jpg,8,Negative
20171113-145308-3.jpg,6,Siam weed
20180322-112326-2.jpg,8,Negative
20180322-130825-1.jpg,8,Negative
20170410-154812-0.jpg,0,Chinee apple
20170210-131657-0.jpg,7,Snake weed
20171109-090247-1.jpg,5,Rubber vine
20170128-102804-0.jpg,8,Negative
20170920-162458-3.jpg,2,Parkinsonia
20171219-103136-3.jpg,8,Negative
20171122-102653-1.jpg,5,Rubber vine
20170704-150611-0.jpg,7,Snake weed
20171121-090750-3.jpg,6,Siam weed
20180112-101855-1.jpg,8,Negative
20170210-132545-0.jpg,0,Chinee apple
20171113-061052-1.jpg,6,Siam weed
20180322-130146-1.jpg,8,Negative
20170728-124824-3.jpg,4,Prickly acacia
20170217-143726-0.jpg,7,Snake weed
20171025-095611-1.jpg,3,Parthenium
20171102-093339-2.jpg,4,Prickly acacia
20180322-112651-2.jpg,8,Negative
20180109-101446-2.jpg,8,Negative
20180125-131638-3.jpg,8,Negative
20170906-140051-1.jpg,3,Parthenium
20171025-094444-3.jpg,3,Parthenium
20170714-111926-2.jpg,1,Lantana
20170217-103906-0.jpg,0,Chinee apple
20180119-114828-2.jpg,8,Negative
20170128-102117-0.jpg,8,Negative
20171219-113051-2.jpg,8,Negative
20171102-122142-3.jpg,2,Parkinsonia
20171113-145122-3.jpg,6,Siam weed
20171201-115646-1.jpg,8,Negative
20180125-131326-2.jpg,8,Negative
20171113-120629-2.jpg,6,Siam weed
20171219-093032-2.jpg,8,Negative
20170920-112716-3.jpg,2,Parkinsonia
20171113-133727-1.jpg,6,Siam weed
20170714-111132-2.jpg,1,Lantana
20171109-073739-1.jpg,5,Rubber vine
20171220-083743-2.jpg,8,Negative
20180109-105650-1.jpg,8,Negative
20170811-130423-1.jpg,0,Chinee apple
20170627-105207-0.jpg,0,Chinee apple
20171205-124928-2.jpg,8,Negative
20180125-135144-3.jpg,8,Negative
20171113-133211-1.jpg,6,Siam weed
20170714-121321-2.jpg,1,Lantana
20170913-122820-1.jpg,5,Rubber vine
20170714-113340-2.jpg,1,Lantana
20171219-094623-2.jpg,8,Negative
20171109-092711-1.jpg,5,Rubber vine
20170410-160259-0.jpg,7,Snake weed
20170217-103444-0.jpg,0,Chinee apple
20180125-130909-2.jpg,8,Negative
20171102-103302-3.jpg,2,Parkinsonia
20170130-102322-0.jpg,1,Lantana
20171219-093430-2.jpg,8,Negative
20170627-104943-0.jpg,7,Snake weed
20170714-122139-2.jpg,1,Lantana
20171025-091815-2.jpg,3,Parthenium
20180109-094611-2.jpg,8,Negative
20170718-100305-2.jpg,0,Chinee apple
20171121-091223-1.jpg,6,Siam weed
20180105-093335-2.jpg,8,Negative
20180105-091426-3.jpg,8,Negative
20171212-102102-3.jpg,8,Negative
20171219-105148-2.jpg,8,Negative
20171203-164736-3.jpg,8,Negative
20171220-082336-2.jpg,8,Negative
20180112-094751-1.jpg,8,Negative
20171220-083455-2.jpg,8,Negative
20170913-105711-1.jpg,3,Parthenium
20180322-120327-2.jpg,8,Negative
20170727-140230-1.jpg,4,Prickly acacia
20180112-074748-2.jpg,8,Negative
20171220-100518-2.jpg,8,Negative
20170715-154735-1.jpg,1,Lantana
20170920-111803-2.jpg,2,Parkinsonia
20180119-113509-2.jpg,8,Negative
20180125-100222-2.jpg,8,Negative
20180119-111122-1.jpg,8,Negative
20170714-111336-2.jpg,1,Lantana
20170129-103201-0.jpg,8,Negative
20171113-101845-1.jpg,5,Rubber vine
20170715-120055-1.jpg,1,Lantana
20171220-101758-2.jpg,8,Negative
20171113-151854-1.jpg,6,Siam weed
20170811-125015-1.jpg,0,Chinee apple
20180109-075541-1.jpg,8,Negative
20180105-094722-2.jpg,8,Negative
20170727-142959-1.jpg,4,Prickly acacia
20180322-112823-2.jpg,8,Negative
20170217-151026-0.jpg,0,Chinee apple
20180322-104949-1.jpg,8,Negative
20170501-142325-0.jpg,1,Lantana
20170729-093106-1.jpg,4,Prickly acacia
20170728-145912-1.jpg,4,Prickly acacia
20170811-125529-1.jpg,0,Chinee apple
20180119-115158-1.jpg,8,Negative
20171212-104026-3.jpg,8,Negative
20171220-090546-3.jpg,8,Negative
20180322-132827-1.jpg,8,Negative
20171220-090345-2.jpg,8,Negative
20171121-073944-1.jpg,6,Siam weed
20180105-092902-2.jpg,8,Negative
20170727-163819-3.jpg,4,Prickly acacia
20171121-090906-3.jpg,6,Siam weed
20171113-145257-3.jpg,6,Siam weed
20180109-072336-2.jpg,8,Negative
20161207-111539-0.jpg,0,Chinee apple
20180109-105354-1.jpg,8,Negative
20171212-095425-3.jpg,8,Negative
20171025-080046-1.jpg,3,Parthenium
20180125-100847-2.jpg,8,Negative
20171212-100816-1.jpg,8,Negative
20170811-113926-1.jpg,0,Chinee apple
20170727-113546-1.jpg,4,Prickly acacia
20170410-153911-0.jpg,7,Snake weed
20171220-093157-2.jpg,8,Negative
20170727-165631-1.jpg,4,Prickly acacia
20171113-144143-2.jpg,6,Siam weed
20170304-131603-0.jpg,7,Snake weed
20180322-103225-1.jpg,8,Negative
20180125-131019-2.jpg,8,Negative
20171220-083357-3.jpg,8,Negative
20180119-114622-1.jpg,8,Negative
20180105-101809-2.jpg,8,Negative
20171102-123523-1.jpg,2,Parkinsonia
20170711-113055-0.jpg,0,Chinee apple
20170727-125931-1.jpg,4,Prickly acacia
20171109-073516-3.jpg,5,Rubber vine
20170128-103700-0.jpg,8,Negative
20180109-105417-2.jpg,8,Negative
20180125-102055-1.jpg,8,Negative
20180125-131738-2.jpg,8,Negative
20180125-134145-3.jpg,8,Negative
20180109-073322-2.jpg,8,Negative
20180322-111659-2.jpg,8,Negative
20180109-072850-1.jpg,8,Negative
20170501-143642-0.jpg,1,Lantana
20170811-155153-2.jpg,0,Chinee apple
20180109-071234-2.jpg,8,Negative
20180322-111950-1.jpg,8,Negative
20171113-132852-1.jpg,6,Siam weed
20170920-185441-1.jpg,2,Parkinsonia
20170913-101356-2.jpg,3,Parthenium
20180112-082834-1.jpg,8,Negative
20171113-123243-1.jpg,6,Siam weed
20171220-093534-2.jpg,8,Negative
20180322-130550-1.jpg,8,Negative
20171109-091412-2.jpg,5,Rubber vine
20170217-104211-0.jpg,0,Chinee apple
20180112-072218-1.jpg,8,Negative
20180322-132215-1.jpg,8,Negative
20171218-103735-2.jpg,8,Negative
20170714-120132-2.jpg,1,Lantana
20170714-120906-2.jpg,1,Lantana
20161207-111508-0.jpg,0,Chinee apple
20170630-151347-0.jpg,7,Snake weed
20171025-092321-2.jpg,3,Parthenium
20170920-115617-2.jpg,2,Parkinsonia
20171113-142219-2.jpg,6,Siam weed
20180322-121933-2.jpg,8,Negative
20171212-094227-3.jpg,8,Negative
20180322-112105-1.jpg,8,Negative
20180109-104443-1.jpg,8,Negative
20170913-122435-1.jpg,5,Rubber vine
20170210-145705-0.jpg,0,Chinee apple
20180125-093037-1.jpg,8,Negative
20170711-114614-0.jpg,7,Snake weed
20170727-170035-1.jpg,4,Prickly acacia
20171109-071835-1.jpg,5,Rubber vine
20171220-100405-1.jpg,8,Negative
20180112-083738-1.jpg,8,Negative
20180109-094529-2.jpg,8,Negative
20170913-121858-1.jpg,5,Rubber vine
20170729-154255-3.jpg,4,Prickly acacia
20170404-154258-0.jpg,7,Snake weed
20171113-135243-1.jpg,6,Siam weed
20171219-100606-2.jpg,8,Negative
20180119-105220-1.jpg,8,Negative
20171219-095343-2.jpg,8,Negative
20180105-100706-2.jpg,8,Negative
20171113-144959-3.jpg,6,Siam weed
20170210-131852-0.jpg,7,Snake weed
20171113-143050-3.jpg,6,Siam weed
20171219-110328-3.jpg,8,Negative
20170501-143209-0.jpg,1,Lantana
20180109-090024-2.jpg,8,Negative
20171203-174215-3.jpg,8,Negative
20170906-134934-1.jpg,3,Parthenium
20180322-124638-1.jpg,8,Negative
20171218-121237-2.jpg,8,Negative
20180125-130342-2.jpg,8,Negative
20171113-143224-3.jpg,6,Siam weed
20180109-090856-2.jpg,8,Negative
20180109-075445-1.jpg,8,Negative
20180109-085855-2.jpg,8,Negative
20180119-113650-2.jpg,8,Negative
20171102-114650-1.jpg,2,Parkinsonia
20170714-110932-3.jpg,1,Lantana
20171113-133441-1.jpg,6,Siam weed
20170130-102016-0.jpg,1,Lantana
20171113-132446-1.jpg,6,Siam weed
20171217-115550-2.jpg,8,Negative
20180109-101127-1.jpg,8,Negative
20180119-114753-1.jpg,8,Negative
20170727-144743-3.jpg,4,Prickly acacia
20180125-093744-1.jpg,8,Negative
20180109-074039-2.jpg,8,Negative
20180322-131648-1.jpg,8,Negative
20171203-170835-3.jpg,8,Negative
20171113-133148-3.jpg,6,Siam weed
20180112-081826-1.jpg,8,Negative
20170714-120638-2.jpg,1,Lantana
20171109-194013-1.jpg,5,Rubber vine
20180322-111252-2.jpg,8,Negative
20180119-115339-2.jpg,8,Negative
20170728-153257-1.jpg,8,Negative
20171102-103242-2.jpg,2,Parkinsonia
20180119-113418-2.jpg,8,Negative
20171113-145843-1.jpg,6,Siam weed
20171205-124404-2.jpg,8,Negative
20180112-102718-1.jpg,8,Negative
20171025-080027-2.jpg,3,Parthenium
20180109-090714-2.jpg,8,Negative
20180125-101525-1.jpg,8,Negative
20170913-110545-1.jpg,3,Parthenium
20171219-102215-3.jpg,8,Negative
20170714-141732-2.jpg,1,Lantana
20180109-071800-2.jpg,8,Negative
20180119-110329-2.jpg,8,Negative
20180112-081407-2.jpg,8,Negative
20180119-110719-1.jpg,8,Negative
20180125-095851-2.jpg,8,Negative
20180105-101736-2.jpg,8,Negative
20180125-134245-3.jpg,8,Negative
20171219-105605-3.jpg,8,Negative
20180105-100546-3.jpg,8,Negative
20170705-163643-0.jpg,7,Snake weed
20180112-091719-2.jpg,8,Negative
20170727-152935-1.jpg,4,Prickly acacia
20170920-192527-1.jpg,2,Parkinsonia
20170920-095000-2.jpg,2,Parkinsonia
20170630-152655-0.jpg,7,Snake weed
20170315-085504-0.jpg,8,Negative
20180112-071143-2.jpg,8,Negative
20170210-144758-0.jpg,7,Snake weed
20180322-130050-1.jpg,8,Negative
20171025-090814-2.jpg,3,Parthenium
20171219-112019-3.jpg,8,Negative
20180109-071013-2.jpg,8,Negative
20170714-190139-1.jpg,1,Lantana
20180125-092339-1.jpg,8,Negative
20170913-123917-1.jpg,5,Rubber vine
20180105-102401-1.jpg,8,Negative
20171218-121944-3.jpg,8,Negative
20171122-104347-1.jpg,5,Rubber vine
20170920-163148-3.jpg,2,Parkinsonia
20171109-074813-3.jpg,5,Rubber vine
20180112-080629-1.jpg,8,Negative
20171121-083628-1.jpg,6,Siam weed
20180119-114933-1.jpg,8,Negative
20171025-075649-2.jpg,3,Parthenium
20180125-092625-1.jpg,8,Negative
20180322-105126-1.jpg,8,Negative
20171219-103130-2.jpg,8,Negative
20180119-111359-2.jpg,8,Negative
20180112-101334-1.jpg,8,Negative
20170727-165216-1.jpg,4,Prickly acacia
20170727-155224-1.jpg,8,Negative
20180105-094905-3.jpg,8,Negative
20171205-123452-2.jpg,8,Negative
20180125-125943-3.jpg,8,Negative
20171109-093630-1.jpg,5,Rubber vine
20171220-083834-2.jpg,8,Negative
20171219-095712-3.jpg,8,Negative
20170906-111214-1.jpg,3,Parthenium
20170210-142338-0.jpg,7,Snake weed
20170714-122523-3.jpg,1,Lantana
20180112-070402-2.jpg,8,Negative
20170913-104923-2.jpg,3,Parthenium
20180109-071922-1.jpg,8,Negative
20180109-071233-1.jpg,8,Negative
20171113-134450-0.jpg,6,Siam weed
20180112-081901-1.jpg,8,Negative
20171219-105602-2.jpg,8,Negative
20180112-092429-2.jpg,8,Negative
20180112-102819-1.jpg,8,Negative
20180109-072803-1.jpg,8,Negative
20170410-124045-0.jpg,8,Negative
20170304-131806-0.jpg,7,Snake weed
20180125-130356-2.jpg,8,Negative
20180109-085208-2.jpg,7,Snake weed
20170920-162618-3.jpg,2,Parkinsonia
20171217-185041-2.jpg,8,Negative
20180125-134510-3.jpg,8,Negative
20171025-090845-3.jpg,3,Parthenium
20170811-154938-2.jpg,0,Chinee apple
20180125-095112-2.jpg,8,Negative
20170707-110816-0.jpg,7,Snake weed
20171212-100403-3.jpg,8,Negative
20170217-101007-0.jpg,7,Snake weed
20171109-091235-3.jpg,5,Rubber vine
20180109-085343-2.jpg,8,Negative
20170630-154825-0.jpg,7,Snake weed
20171220-095011-1.jpg,8,Negative
20180105-093104-2.jpg,8,Negative
20170913-124440-3.jpg,5,Rubber vine
20170906-095922-1.jpg,3,Parthenium
20170727-151926-1.jpg,4,Prickly acacia
20170210-131121-0.jpg,7,Snake weed
20170630-153511-0.jpg,8,Negative
20180112-081357-2.jpg,8,Negative
20171219-112948-3.jpg,8,Negative
20180322-113845-2.jpg,8,Negative
20170210-130725-0.jpg,7,Snake weed
20170920-115515-2.jpg,2,Parkinsonia
20171220-093359-3.jpg,8,Negative
20180322-125547-1.jpg,8,Negative
20180109-091246-1.jpg,8,Negative
20180125-132041-3.jpg,8,Negative
20170210-131209-0.jpg,7,Snake weed
20180105-095833-3.jpg,8,Negative
20180125-135121-2.jpg,8,Negative
20171205-141242-2.jpg,8,Negative
20171109-085523-2.jpg,5,Rubber vine
20170610-123035-0.jpg,1,Lantana
20170920-180247-1.jpg,2,Parkinsonia
20170727-164241-1.jpg,4,Prickly acacia
20170920-095509-1.jpg,2,Parkinsonia
20171217-184608-2.jpg,8,Negative
20180109-091652-2.jpg,8,Negative
20171025-095814-2.jpg,3,Parthenium
20170304-132413-0.jpg,7,Snake weed
20170714-140607-2.jpg,1,Lantana
20180125-091131-1.jpg,8,Negative
20171218-111652-2.jpg,8,Negative
20170217-143546-0.jpg,7,Snake weed
20170127-102642-0.jpg,1,Lantana
20170304-132609-0.jpg,7,Snake weed
20180125-131057-3.jpg,8,Negative
20171220-083334-3.jpg,8,Negative
20180322-113119-1.jpg,8,Negative
20180119-110729-2.jpg,8,Negative
20170405-155206-0.jpg,0,Chinee apple
20171218-110434-3.jpg,8,Negative
20171102-115316-1.jpg,2,Parkinsonia
20171203-172354-3.jpg,8,Negative
20180322-124839-1.jpg,8,Negative
20171113-134454-3.jpg,6,Siam weed
20170610-123740-0.jpg,1,Lantana
20171121-084655-1.jpg,6,Siam weed
20180125-095841-1.jpg,8,Negative
20171113-060610-1.jpg,5,Rubber vine
20171121-075131-1.jpg,6,Siam weed
20180322-103258-2.jpg,8,Negative
20171113-102155-3.jpg,5,Rubber vine
20180105-100924-3.jpg,8,Negative
20170920-115210-3.jpg,2,Parkinsonia
20180105-102115-2.jpg,8,Negative
20170727-130041-1.jpg,4,Prickly acacia
20180109-090204-1.jpg,8,Negative
20180109-070059-2.jpg,8,Negative
20171121-090211-3.jpg,6,Siam weed
20180322-130234-1.jpg,8,Negative
20180322-133544-1.jpg,8,Negative
20171219-102416-2.jpg,8,Negative
20170913-100918-2.jpg,3,Parthenium
20180112-091948-2.jpg,8,Negative
20170404-153723-0.jpg,7,Snake weed
20171212-094107-3.jpg,8,Negative
20171220-082217-2.jpg,8,Negative
20180322-114453-1.jpg,8,Negative
20170718-132456-2.jpg,7,Snake weed
20171219-101449-2.jpg,8,Negative
20170217-113234-0.jpg,7,Snake weed
20180322-114438-2.jpg,8,Negative
20170920-095635-2.jpg,2,Parkinsonia
20170811-125256-2.jpg,0,Chinee apple
20180105-100436-2.jpg,8,Negative
20171121-075509-1.jpg,6,Siam weed
20170315-085209-0.jpg,8,Negative
20180109-072056-2.jpg,8,Negative
20171219-100607-2.jpg,8,Negative
20171102-121356-3.jpg,2,Parkinsonia
20171121-081349-2.jpg,6,Siam weed
20170217-114051-0.jpg,0,Chinee apple
20180322-130108-1.jpg,8,Negative
20170920-111732-2.jpg,2,Parkinsonia
20170217-145250-0.jpg,7,Snake weed
20171025-092140-3.jpg,3,Parthenium
20170913-121211-2.jpg,5,Rubber vine
20171121-083428-2.jpg,6,Siam weed
20170728-150847-1.jpg,4,Prickly acacia
20171113-100359-3.jpg,5,Rubber vine
20171025-091610-2.jpg,3,Parthenium
20170729-092241-2.jpg,4,Prickly acacia
20180105-091703-3.jpg,8,Negative
20171212-102510-3.jpg,8,Negative
20170913-101128-1.jpg,3,Parthenium
20170913-110323-1.jpg,3,Parthenium
20180109-092128-1.jpg,8,Negative
20180112-082127-2.jpg,8,Negative
20171220-082819-3.jpg,8,Negative
20171219-111719-3.jpg,8,Negative
20171217-183451-2.jpg,8,Negative
20170630-154442-0.jpg,7,Snake weed
20171113-135158-3.jpg,6,Siam weed
20180125-132834-3.jpg,8,Negative
20170714-115750-2.jpg,1,Lantana
20180125-095751-2.jpg,8,Negative
20171205-134413-2.jpg,8,Negative
20171109-072524-1.jpg,5,Rubber vine
20170315-085815-0.jpg,8,Negative
20170920-113950-3.jpg,2,Parkinsonia
20171219-094908-3.jpg,8,Negative
20171219-101702-2.jpg,8,Negative
20170714-122308-3.jpg,1,Lantana
20170913-104016-3.jpg,5,Rubber vine
20171218-115135-3.jpg,8,Negative
20180109-103846-2.jpg,8,Negative
20180112-083002-1.jpg,8,Negative
20180109-074248-1.jpg,8,Negative
20171121-084955-1.jpg,6,Siam weed
20171113-061331-1.jpg,6,Siam weed
20171109-071127-1.jpg,5,Rubber vine
20171218-110556-3.jpg,8,Negative
20170714-140705-1.jpg,1,Lantana
20180109-100927-2.jpg,8,Negative
20180322-103643-2.jpg,8,Negative
20171205-124213-2.jpg,8,Negative
20180322-120027-2.jpg,8,Negative
20170501-143847-0.jpg,1,Lantana
20171212-105922-3.jpg,8,Negative
20171203-164835-3.jpg,8,Negative
20171218-120931-3.jpg,8,Negative
20180112-071938-1.jpg,8,Negative
20180125-132159-2.jpg,8,Negative
20180109-100223-2.jpg,8,Negative
20171218-103035-2.jpg,8,Negative
20170404-153820-0.jpg,7,Snake weed
20171212-101928-3.jpg,8,Negative
20180109-070411-2.jpg,8,Negative
20180109-104311-2.jpg,8,Negative
20170705-164812-0.jpg,7,Snake weed
20171219-112812-2.jpg,8,Negative
20180112-093023-1.jpg,8,Negative
20180105-100038-2.jpg,8,Negative
20171220-100700-2.jpg,8,Negative
20171025-095214-2.jpg,3,Parthenium
20171212-101815-3.jpg,8,Negative
20171203-165835-3.jpg,8,Negative
20170630-155544-0.jpg,7,Snake weed
20170920-164059-3.jpg,2,Parkinsonia
20180112-080307-2.jpg,8,Negative
20170128-102902-0.jpg,8,Negative
20171203-165314-3.jpg,8,Negative
20180125-100620-2.jpg,8,Negative
20180109-070648-1.jpg,8,Negative
20180109-092341-2.jpg,8,Negative
20171212-095801-3.jpg,8,Negative
20170728-152827-3.jpg,8,Negative
20180105-100544-3.jpg,8,Negative
20171220-093121-2.jpg,8,Negative
20180109-095127-2.jpg,8,Negative
20171219-105947-2.jpg,8,Negative
20170207-141501-0.jpg,7,Snake weed
20171113-142600-2.jpg,6,Siam weed
20171113-060628-1.jpg,6,Siam weed
20170920-114328-3.jpg,2,Parkinsonia
20171109-072356-3.jpg,5,Rubber vine
20180125-101053-2.jpg,8,Negative
20180112-094300-2.jpg,8,Negative
20171219-114822-2.jpg,8,Negative
20180109-092118-1.jpg,8,Negative
20180105-092256-3.jpg,8,Negative
20180322-103240-2.jpg,8,Negative
20170729-091749-2.jpg,4,Prickly acacia
20170127-102520-0.jpg,1,Lantana
20170920-100739-1.jpg,2,Parkinsonia
20171113-120603-2.jpg,6,Siam weed
20180109-092518-1.jpg,8,Negative
20171219-093659-2.jpg,8,Negative
20171121-072014-1.jpg,6,Siam weed
20171212-095308-1.jpg,8,Negative
20171025-094836-1.jpg,3,Parthenium
20171219-095514-2.jpg,8,Negative
20180109-070905-2.jpg,8,Negative
20171220-083440-2.jpg,8,Negative
20180109-090228-1.jpg,8,Negative
20180109-090632-2.jpg,8,Negative
20170207-142157-0.jpg,7,Snake weed
20170718-133607-2.jpg,7,Snake weed
20170315-085332-0.jpg,8,Negative
20180112-083224-1.jpg,8,Negative
20171212-094244-3.jpg,8,Negative
20180119-115321-1.jpg,8,Negative
20170610-122050-0.jpg,1,Lantana
20170627-104818-0.jpg,7,Snake weed
20170906-140108-2.jpg,3,Parthenium
20171102-115722-3.jpg,2,Parkinsonia
20180112-094401-2.jpg,8,Negative
20171218-104117-2.jpg,8,Negative
20180322-114800-1.jpg,8,Negative
20180109-075101-2.jpg,8,Negative
20171219-105521-2.jpg,8,Negative
20170729-092200-2.jpg,4,Prickly acacia
20171219-092715-3.jpg,8,Negative
20171025-094949-1.jpg,3,Parthenium
20180125-091019-1.jpg,8,Negative
20171025-091729-2.jpg,3,Parthenium
20170920-101830-3.jpg,2,Parkinsonia
20170913-123637-3.jpg,3,Parthenium
20171219-104448-2.jpg,8,Negative
20170128-101948-0.jpg,8,Negative
20180119-114610-1.jpg,8,Negative
20170714-115651-2.jpg,1,Lantana
20171113-133637-3.jpg,6,Siam weed
20170920-191707-1.jpg,2,Parkinsonia
20180109-100311-1.jpg,8,Negative
20171025-074215-3.jpg,3,Parthenium
20170315-085531-0.jpg,8,Negative
20180112-103832-2.jpg,8,Negative
20171109-092225-1.jpg,5,Rubber vine
20180109-104330-2.jpg,7,Snake weed
20171113-131846-2.jpg,6,Siam weed
20180112-094716-2.jpg,8,Negative
20171220-093326-3.jpg,8,Negative
20170207-142514-0.jpg,7,Snake weed
20170920-112644-3.jpg,2,Parkinsonia
20170705-170314-0.jpg,0,Chinee apple
20170707-113221-0.jpg,7,Snake weed
20170906-104140-1.jpg,3,Parthenium
20170210-131333-0.jpg,7,Snake weed
20180112-074323-1.jpg,8,Negative
20171109-095710-3.jpg,5,Rubber vine
20171218-103217-3.jpg,8,Negative
20170128-103838-0.jpg,8,Negative
20170404-153804-0.jpg,7,Snake weed
20170210-130412-0.jpg,7,Snake weed
20170128-103533-0.jpg,8,Negative
20170217-114742-0.jpg,0,Chinee apple
20171212-093523-1.jpg,8,Negative
20170727-171744-1.jpg,4,Prickly acacia
20171218-104233-3.jpg,8,Negative
20180322-114710-2.jpg,8,Negative
20180112-073712-1.jpg,8,Negative
20170729-091105-2.jpg,4,Prickly acacia
20170304-124521-0.jpg,0,Chinee apple
20180322-133418-1.jpg,8,Negative
20180322-133358-1.jpg,8,Negative
20170920-112901-3.jpg,2,Parkinsonia
20170728-152608-1.jpg,8,Negative
20180322-112532-2.jpg,8,Negative
20171220-100508-2.jpg,8,Negative
20171219-100454-2.jpg,8,Negative
20180109-071224-2.jpg,8,Negative
20180109-074533-1.jpg,8,Negative
20171218-111201-2.jpg,8,Negative
20170210-133154-0.jpg,0,Chinee apple
20171102-093414-1.jpg,4,Prickly acacia
20171025-080506-1.jpg,3,Parthenium
20171218-102836-2.jpg,8,Negative
20180109-074447-2.jpg,8,Negative
20170728-152150-1.jpg,8,Negative
20170811-122931-2.jpg,0,Chinee apple
20171113-115829-1.jpg,6,Siam weed
20180109-074643-2.jpg,8,Negative
20180105-095915-2.jpg,8,Negative
20180109-104850-1.jpg,8,Negative
20180112-071828-1.jpg,8,Negative
20171218-121300-3.jpg,8,Negative
20180125-094055-1.jpg,8,Negative
20170920-131827-2.jpg,2,Parkinsonia
20171212-095544-1.jpg,8,Negative
20170706-110654-0.jpg,0,Chinee apple
20171102-122220-3.jpg,2,Parkinsonia
20180125-132718-3.jpg,8,Negative
20171025-082836-1.jpg,0,Chinee apple
20170920-101234-1.jpg,2,Parkinsonia
20180119-110535-2.jpg,8,Negative
20170217-152510-0.jpg,0,Chinee apple
20171220-090211-2.jpg,8,Negative
20170210-142542-0.jpg,7,Snake weed
20171212-094600-1.jpg,8,Negative
20171025-085846-2.jpg,3,Parthenium
20171218-115326-3.jpg,8,Negative
20170404-154130-0.jpg,7,Snake weed
20180322-130402-1.jpg,8,Negative
20180322-130458-1.jpg,8,Negative
20180109-103642-1.jpg,8,Negative
20171102-122911-2.jpg,2,Parkinsonia
20180112-092810-2.jpg,8,Negative
20180119-104724-1.jpg,8,Negative
20180322-111023-2.jpg,8,Negative
20170727-115633-3.jpg,4,Prickly acacia
20180109-075422-1.jpg,8,Negative
20171201-115911-1.jpg,8,Negative
20170920-162413-3.jpg,2,Parkinsonia
20171217-184047-2.jpg,8,Negative
20170727-144041-1.jpg,4,Prickly acacia
20170707-110656-0.jpg,7,Snake weed
20180105-095506-2.jpg,8,Negative
20180125-091915-1.jpg,8,Negative
20171025-074927-2.jpg,3,Parthenium
20171102-123122-2.jpg,2,Parkinsonia
20171113-131803-1.jpg,6,Siam weed
20180105-100358-2.jpg,8,Negative
20180105-093439-2.jpg,8,Negative
20180109-072019-2.jpg,8,Negative
20170714-141420-3.jpg,1,Lantana
20180112-081705-2.jpg,8,Negative
20180112-081046-1.jpg,8,Negative
20180109-095949-2.jpg,8,Negative
20180119-111225-2.jpg,8,Negative
20170304-125226-0.jpg,0,Chinee apple
20171212-100531-3.jpg,8,Negative
20170714-185839-1.jpg,1,Lantana
20171102-122940-3.jpg,2,Parkinsonia
20170704-151330-0.jpg,7,Snake weed
20180109-094641-1.jpg,8,Negative
20170210-141532-0.jpg,7,Snake weed
20171218-120436-2.jpg,8,Negative
20171113-115337-3.jpg,6,Siam weed
20170501-145845-0.jpg,6,Siam weed
20171205-143227-2.jpg,8,Negative
20170718-101328-2.jpg,0,Chinee apple
20171212-100123-3.jpg,8,Negative
20170718-132313-2.jpg,7,Snake weed
20171102-123338-2.jpg,2,Parkinsonia
20170501-145038-0.jpg,8,Negative
20170129-103320-0.jpg,8,Negative
20170728-120207-2.jpg,4,Prickly acacia
20170210-145131-0.jpg,7,Snake weed
20171220-100855-2.jpg,8,Negative
20171113-150448-3.jpg,6,Siam weed
20180105-092141-3.jpg,8,Negative
20171218-111151-3.jpg,8,Negative
20180112-102510-1.jpg,8,Negative
20170315-090527-0.jpg,8,Negative
20170727-163001-1.jpg,4,Prickly acacia
20171025-092626-2.jpg,3,Parthenium
20170127-102850-0.jpg,1,Lantana
20171025-095706-2.jpg,3,Parthenium
20171109-074906-3.jpg,5,Rubber vine
20171212-093606-3.jpg,8,Negative
20180119-112904-2.jpg,8,Negative
20171113-135334-3.jpg,6,Siam weed
20171220-094629-1.jpg,8,Negative
20170705-162351-0.jpg,7,Snake weed
20171121-090531-3.jpg,6,Siam weed
20170630-152316-0.jpg,0,Chinee apple
20170920-113758-3.jpg,2,Parkinsonia
20171113-123809-3.jpg,6,Siam weed
20171203-164630-3.jpg,8,Negative
20180112-074708-2.jpg,8,Negative
20170913-104608-3.jpg,5,Rubber vine
20170127-103044-0.jpg,1,Lantana
20170706-113522-0.jpg,7,Snake weed
20180119-105357-1.jpg,8,Negative
20171102-115633-1.jpg,2,Parkinsonia
20171109-092528-3.jpg,5,Rubber vine
20171220-101427-2.jpg,8,Negative
20171025-082414-1.jpg,0,Chinee apple
20171121-090451-3.jpg,6,Siam weed
20180112-093936-2.jpg,8,Negative
20171212-094655-3.jpg,8,Negative
20171113-151931-1.jpg,6,Siam weed
20170705-163848-0.jpg,7,Snake weed
20171218-121328-3.jpg,8,Negative
20180119-110013-1.jpg,8,Negative
20180109-072554-2.jpg,8,Negative
20180112-091839-1.jpg,8,Negative
20171219-112038-2.jpg,8,Negative
20170714-141813-3.jpg,1,Lantana
20180112-074059-1.jpg,8,Negative
20171025-095106-1.jpg,3,Parthenium
20171102-120638-1.jpg,2,Parkinsonia
20170913-120903-1.jpg,5,Rubber vine
20180112-092820-2.jpg,8,Negative
20180112-083423-1.jpg,8,Negative
20171220-092636-2.jpg,8,Negative
20170811-112755-2.jpg,0,Chinee apple
20171218-121417-2.jpg,8,Negative
20170729-092342-2.jpg,4,Prickly acacia
20171102-120607-1.jpg,2,Parkinsonia
20180125-131421-2.jpg,8,Negative
20170906-135640-2.jpg,3,Parthenium
20170207-142740-0.jpg,7,Snake weed
20171219-113817-2.jpg,8,Negative
20180322-132607-1.jpg,8,Negative
20180125-134424-3.jpg,8,Negative
20170906-110019-1.jpg,3,Parthenium
20180119-113946-1.jpg,8,Negative
20170210-144917-0.jpg,7,Snake weed
20171109-090704-3.jpg,5,Rubber vine
20180322-121456-2.jpg,8,Negative
20180109-090342-1.jpg,8,Negative
20170728-125054-3.jpg,4,Prickly acacia
20180119-114336-2.jpg,8,Negative
20171113-150035-1.jpg,6,Siam weed
20170811-123636-2.jpg,0,Chinee apple
20170913-125134-1.jpg,5,Rubber vine
20180112-101551-1.jpg,8,Negative
20171219-112810-3.jpg,8,Negative
20170714-120203-3.jpg,1,Lantana
20170217-115214-0.jpg,7,Snake weed
20180119-113642-1.jpg,8,Negative
20180112-071514-2.jpg,8,Negative
20171109-092800-2.jpg,5,Rubber vine
20180125-100709-2.jpg,8,Negative
20180112-083544-1.jpg,8,Negative
20171109-092953-2.jpg,5,Rubber vine
20171025-093423-1.jpg,3,Parthenium
20170920-133333-2.jpg,2,Parkinsonia
20171102-095956-2.jpg,8,Negative
20180112-071836-2.jpg,8,Negative
20180109-073916-2.jpg,8,Negative
20170920-181609-1.jpg,2,Parkinsonia
20180109-094914-2.jpg,8,Negative
20180109-104002-2.jpg,8,Negative
20180109-103416-2.jpg,8,Negative
20170718-131939-2.jpg,7,Snake weed
20170304-132330-0.jpg,7,Snake weed
20170217-143537-0.jpg,7,Snake weed
20170630-154538-0.jpg,7,Snake weed
20180322-115303-1.jpg,8,Negative
20171109-090726-3.jpg,5,Rubber vine
20180112-101010-2.jpg,8,Negative
20171113-094525-3.jpg,5,Rubber vine
20171205-144809-2.jpg,8,Negative
20180109-074505-2.jpg,8,Negative
20170210-132355-0.jpg,0,Chinee apple
20170906-111807-4.jpg,3,Parthenium
20171109-194339-1.jpg,5,Rubber vine
20180119-111344-2.jpg,8,Negative
20170913-103023-1.jpg,3,Parthenium
20171220-082605-2.jpg,8,Negative
20180322-112303-1.jpg,8,Negative
20170707-112659-0.jpg,0,Chinee apple
20180109-091334-2.jpg,8,Negative
20180112-103947-2.jpg,8,Negative
20171212-105756-3.jpg,8,Negative
20171212-093639-1.jpg,8,Negative
20171220-100420-2.jpg,8,Negative
20180322-104627-1.jpg,8,Negative
20180112-092018-2.jpg,8,Negative
20170728-152836-2.jpg,4,Prickly acacia
20171212-094122-3.jpg,8,Negative
20180112-073733-1.jpg,8,Negative
20170913-100251-2.jpg,3,Parthenium
20170127-102604-0.jpg,1,Lantana
20180112-074438-1.jpg,8,Negative
20180109-095818-1.jpg,8,Negative
20170729-090346-1.jpg,4,Prickly acacia
20171217-103334-2.jpg,8,Negative
20170210-131423-0.jpg,7,Snake weed
20180109-091237-2.jpg,8,Negative
20171025-080722-2.jpg,3,Parthenium
20171220-091740-3.jpg,8,Negative
20170304-125237-0.jpg,0,Chinee apple
20170718-095215-2.jpg,0,Chinee apple
20171218-111631-2.jpg,8,Negative
20180322-112555-2.jpg,8,Negative
20171113-141340-2.jpg,6,Siam weed
20180109-070028-2.jpg,8,Negative
20180125-132343-2.jpg,8,Negative
20180322-104043-1.jpg,8,Negative
20180322-112942-1.jpg,8,Negative
20170630-150427-0.jpg,7,Snake weed
20171025-094526-1.jpg,3,Parthenium
20171218-115134-3.jpg,8,Negative
20171109-074226-1.jpg,5,Rubber vine
20170811-130901-2.jpg,0,Chinee apple
20170913-124211-2.jpg,5,Rubber vine
20171102-123535-3.jpg,2,Parkinsonia
20170727-120325-3.jpg,4,Prickly acacia
20170913-122745-2.jpg,5,Rubber vine
20170728-124451-2.jpg,4,Prickly acacia
20171203-171940-3.jpg,8,Negative
20170714-120108-2.jpg,1,Lantana
20171113-144311-2.jpg,6,Siam weed
20170410-123553-0.jpg,0,Chinee apple
20170315-090206-0.jpg,8,Negative
20170920-160118-3.jpg,2,Parkinsonia
20170727-154601-1.jpg,4,Prickly acacia
20180119-113051-1.jpg,8,Negative
20180112-070658-2.jpg,8,Negative
20171219-112959-2.jpg,8,Negative
20171205-123619-2.jpg,8,Negative
20180109-100252-1.jpg,8,Negative
20171212-095344-3.jpg,8,Negative
20180322-125752-1.jpg,8,Negative
20180119-110416-1.jpg,8,Negative
20180109-080219-2.jpg,7,Snake weed
20180125-134602-2.jpg,8,Negative
20170714-112604-2.jpg,1,Lantana
20170706-113505-0.jpg,7,Snake weed
20170210-142635-0.jpg,7,Snake weed
20170714-135441-2.jpg,1,Lantana
20170714-115433-2.jpg,1,Lantana
20180105-092243-2.jpg,8,Negative
20170128-103951-0.jpg,8,Negative
20171212-100754-1.jpg,8,Negative
20180109-103117-2.jpg,8,Negative
20180112-073214-2.jpg,8,Negative
20180125-091955-2.jpg,8,Negative
20171219-093410-3.jpg,8,Negative
20180112-102950-1.jpg,8,Negative
20170714-142346-2.jpg,1,Lantana
20180105-092233-3.jpg,8,Negative
20180105-093745-3.jpg,8,Negative
20170811-114616-1.jpg,7,Snake weed
20180105-091404-2.jpg,8,Negative
20170210-131541-0.jpg,7,Snake weed
20180119-115023-2.jpg,8,Negative
20171220-094750-1.jpg,8,Negative
20170129-102947-0.jpg,8,Negative
20180112-070622-2.jpg,8,Negative
20171109-074730-3.jpg,5,Rubber vine
20170920-112234-2.jpg,2,Parkinsonia
20170714-111610-1.jpg,1,Lantana
20180322-113610-2.jpg,8,Negative
20170410-153942-0.jpg,0,Chinee apple
20170714-165934-1.jpg,1,Lantana
20171220-085223-2.jpg,8,Negative
20170811-124834-1.jpg,0,Chinee apple
20171220-100713-1.jpg,8,Negative
20170304-131959-0.jpg,7,Snake weed
20171113-115349-3.jpg,6,Siam weed
20180109-074725-1.jpg,8,Negative
20170410-153535-0.jpg,7,Snake weed
20170714-143441-2.jpg,1,Lantana
20180322-114449-2.jpg,8,Negative
20171212-095946-1.jpg,8,Negative
20171113-092956-3.jpg,5,Rubber vine
20171122-095851-1.jpg,5,Rubber vine
20160928-141355-0.jpg,0,Chinee apple
20170728-152940-1.jpg,8,Negative
20171121-090514-3.jpg,6,Siam weed
20180109-071607-1.jpg,8,Negative
20171025-080612-1.jpg,3,Parthenium
20170728-152004-1.jpg,4,Prickly acacia
20170630-151147-0.jpg,7,Snake weed
20180112-071818-2.jpg,8,Negative
20171113-105049-0.jpg,6,Siam weed
20180112-091121-2.jpg,8,Negative
20170210-132252-0.jpg,0,Chinee apple
20180322-113211-1.jpg,8,Negative
20170127-103129-0.jpg,1,Lantana
20180125-091858-1.jpg,8,Negative
20180105-091553-2.jpg,8,Negative
20170729-093227-2.jpg,4,Prickly acacia
20170920-172318-1.jpg,2,Parkinsonia
20180125-100103-1.jpg,8,Negative
20170714-131005-1.jpg,1,Lantana
20171102-104920-1.jpg,2,Parkinsonia
20171122-101245-1.jpg,5,Rubber vine
20170711-115356-0.jpg,0,Chinee apple
20170405-160128-0.jpg,0,Chinee apple
20171102-123211-2.jpg,2,Parkinsonia
20170718-094645-2.jpg,0,Chinee apple
20180322-105321-1.jpg,8,Negative
20171121-075511-1.jpg,6,Siam weed
20170811-131557-2.jpg,0,Chinee apple
20171025-092521-1.jpg,3,Parthenium
20171109-193741-1.jpg,5,Rubber vine
20170920-101258-1.jpg,2,Parkinsonia
20171025-091215-1.jpg,3,Parthenium
20170217-152541-0.jpg,0,Chinee apple
20170728-150227-1.jpg,4,Prickly acacia
20171218-115741-3.jpg,8,Negative
20180112-081746-1.jpg,8,Negative
20170718-133027-2.jpg,7,Snake weed
20180112-091810-2.jpg,8,Negative
20180109-103524-1.jpg,8,Negative
20171122-103345-1.jpg,5,Rubber vine
20171102-120302-3.jpg,2,Parkinsonia
20171025-171914-3.jpg,3,Parthenium
20171113-134744-1.jpg,6,Siam weed
20170913-124200-1.jpg,5,Rubber vine
20180125-094117-1.jpg,8,Negative
20171121-083556-1.jpg,6,Siam weed
20180125-131611-2.jpg,8,Negative
20180109-071834-1.jpg,8,Negative
20171218-114857-2.jpg,8,Negative
20170920-110536-3.jpg,2,Parkinsonia
20171109-071800-3.jpg,5,Rubber vine
20170705-170121-0.jpg,8,Negative
20180322-120634-2.jpg,8,Negative
20171220-094724-2.jpg,8,Negative
20180112-092934-1.jpg,8,Negative
20170727-125724-1.jpg,4,Prickly acacia
20180119-113324-2.jpg,8,Negative
20171121-085944-1.jpg,6,Siam weed
20180105-095950-2.jpg,8,Negative
20170404-154352-0.jpg,7,Snake weed
20170920-115453-3.jpg,2,Parkinsonia
20180322-125619-1.jpg,8,Negative
20180125-100053-1.jpg,8,Negative
20171212-095418-1.jpg,8,Negative
20180125-092039-1.jpg,8,Negative
20170920-094803-1.jpg,2,Parkinsonia
20171121-072001-1.jpg,6,Siam weed
20171102-100429-2.jpg,4,Prickly acacia
20171220-100153-2.jpg,8,Negative
20171109-095002-2.jpg,5,Rubber vine
20170304-125249-0.jpg,0,Chinee apple
20171113-092027-3.jpg,5,Rubber vine
20170718-131902-2.jpg,7,Snake weed
20170704-151051-0.jpg,8,Negative
20171113-095737-1.jpg,5,Rubber vine
20171220-094800-1.jpg,8,Negative
20180109-070011-1.jpg,8,Negative
20170920-180912-1.jpg,2,Parkinsonia
20170217-151758-0.jpg,0,Chinee apple
20170714-142040-1.jpg,1,Lantana
20170210-133223-0.jpg,0,Chinee apple
20170811-131109-2.jpg,0,Chinee apple
20171113-143827-3.jpg,6,Siam weed
20171218-115020-2.jpg,8,Negative
20171220-082412-2.jpg,8,Negative
20180125-094234-1.jpg,8,Negative
20171212-093131-3.jpg,8,Negative
20171218-121655-2.jpg,8,Negative
20170129-103452-0.jpg,8,Negative
20170718-132418-2.jpg,7,Snake weed
20171102-121548-2.jpg,2,Parkinsonia
20180112-092847-2.jpg,8,Negative
20170906-113747-1.jpg,3,Parthenium
20171220-095305-2.jpg,8,Negative
20171122-100436-1.jpg,5,Rubber vine
20180125-130328-2.jpg,8,Negative
20180109-104327-1.jpg,8,Negative
20180109-073139-2.jpg,8,Negative
20180125-091359-1.jpg,8,Negative
20171217-103630-2.jpg,8,Negative
20170913-121203-1.jpg,5,Rubber vine
20171219-105448-2.jpg,8,Negative
20180105-094230-3.jpg,8,Negative
20170126-100338-0.jpg,1,Lantana
20171219-094000-2.jpg,8,Negative
20170913-122254-3.jpg,3,Parthenium
20170920-113512-2.jpg,2,Parkinsonia
20171113-101642-3.jpg,5,Rubber vine
20171102-093944-3.jpg,4,Prickly acacia
20180125-130423-3.jpg,8,Negative
20170913-095627-2.jpg,3,Parthenium
20170714-130929-1.jpg,1,Lantana
20170207-142255-0.jpg,7,Snake weed
20171219-114035-2.jpg,8,Negative
20170913-101108-2.jpg,3,Parthenium
20170920-164910-3.jpg,2,Parkinsonia
20171203-165545-3.jpg,8,Negative
20180125-095204-1.jpg,8,Negative
20170913-124037-2.jpg,5,Rubber vine
20180105-101926-2.jpg,8,Negative
20180112-093522-2.jpg,8,Negative
20170811-133320-1.jpg,0,Chinee apple
20171219-094335-2.jpg,8,Negative
20180112-075719-2.jpg,8,Negative
20171113-092943-1.jpg,5,Rubber vine
20170210-142531-0.jpg,7,Snake weed
20180105-104712-1.jpg,8,Negative
20180109-085639-2.jpg,8,Negative
20170728-115855-2.jpg,4,Prickly acacia
20171205-124039-2.jpg,8,Negative
20170714-142904-3.jpg,1,Lantana
20170727-125612-3.jpg,4,Prickly acacia
20180105-092727-2.jpg,8,Negative
20171025-074849-2.jpg,3,Parthenium
20171113-092423-3.jpg,5,Rubber vine
20180109-090944-1.jpg,8,Negative
20180105-100749-3.jpg,8,Negative
20171219-105333-3.jpg,8,Negative
20171121-073022-1.jpg,6,Siam weed
20171122-095537-1.jpg,5,Rubber vine
20170913-124011-1.jpg,5,Rubber vine
20170906-133428-1.jpg,3,Parthenium
20170714-114700-3.jpg,1,Lantana
20171218-110014-3.jpg,8,Negative
20170210-141858-0.jpg,7,Snake weed
20180105-094300-3.jpg,8,Negative
20171109-092833-1.jpg,5,Rubber vine
20170128-102843-0.jpg,8,Negative
20180125-091239-1.jpg,8,Negative
20170714-111117-1.jpg,1,Lantana
20171217-100824-2.jpg,8,Negative
20180105-101256-2.jpg,8,Negative
20171109-091920-3.jpg,5,Rubber vine
20171218-120319-3.jpg,8,Negative
20180109-085534-2.jpg,8,Negative
20170501-143110-0.jpg,1,Lantana
20171220-084554-2.jpg,8,Negative
20171205-141003-2.jpg,8,Negative
20170920-131847-2.jpg,2,Parkinsonia
20170714-133905-1.jpg,1,Lantana
20171203-165011-3.jpg,8,Negative
20180112-073411-1.jpg,8,Negative
20180112-101815-1.jpg,8,Negative
20170727-170702-1.jpg,4,Prickly acacia
20180125-131935-3.jpg,8,Negative
20171212-100140-3.jpg,8,Negative
20180109-094730-2.jpg,8,Negative
20170718-133656-2.jpg,7,Snake weed
20170906-114227-1.jpg,3,Parthenium
20170704-155454-0.jpg,7,Snake weed
20171218-115246-3.jpg,8,Negative
20171217-184011-2.jpg,8,Negative
20170315-084940-0.jpg,8,Negative
20170718-100144-2.jpg,0,Chinee apple
20171203-170339-3.jpg,8,Negative
20180105-104316-1.jpg,8,Negative
20170920-095621-2.jpg,2,Parkinsonia
20171219-104501-2.jpg,8,Negative
20170127-101737-0.jpg,1,Lantana
20171113-130826-2.jpg,6,Siam weed
20170920-111136-3.jpg,2,Parkinsonia
20180109-075358-1.jpg,8,Negative
20171025-074121-3.jpg,3,Parthenium
20171109-072130-1.jpg,5,Rubber vine
20180105-092143-2.jpg,8,Negative
20180119-111218-1.jpg,8,Negative
20180105-092117-3.jpg,8,Negative
20170217-115708-0.jpg,0,Chinee apple
20180322-111706-1.jpg,8,Negative
20161207-111903-0.jpg,0,Chinee apple
20171201-123831-3.jpg,8,Negative
20170728-125025-3.jpg,4,Prickly acacia
20171220-092605-3.jpg,8,Negative
20171220-082759-3.jpg,8,Negative
20180112-080327-2.jpg,8,Negative
20171219-094230-2.jpg,8,Negative
20171113-115315-1.jpg,6,Siam weed
20170501-143416-0.jpg,1,Lantana
20170129-103005-0.jpg,8,Negative
20170706-130345-3.jpg,1,Lantana
20170920-130354-2.jpg,2,Parkinsonia
20170714-135328-3.jpg,1,Lantana
20180112-082015-1.jpg,8,Negative
20180125-134722-3.jpg,8,Negative
20171218-105717-2.jpg,8,Negative
20170729-153954-3.jpg,4,Prickly acacia
20180322-114410-1.jpg,8,Negative
20171102-123303-2.jpg,2,Parkinsonia
20170210-131312-0.jpg,7,Snake weed
20170727-125611-1.jpg,4,Prickly acacia
20180109-071528-2.jpg,8,Negative
20170705-161515-0.jpg,7,Snake weed
20180105-092644-2.jpg,8,Negative
20171113-145243-3.jpg,6,Siam weed
20180112-094236-1.jpg,8,Negative
20170501-143127-0.jpg,1,Lantana
20171212-094838-1.jpg,8,Negative
20170707-114844-0.jpg,0,Chinee apple
20180112-094631-1.jpg,8,Negative
20171217-103317-2.jpg,8,Negative
20180109-071945-1.jpg,8,Negative
20180119-110437-2.jpg,8,Negative
20180125-133300-3.jpg,8,Negative
20171113-133055-1.jpg,6,Siam weed
20171109-093200-3.jpg,5,Rubber vine
20170404-153812-0.jpg,7,Snake weed
20180112-073233-2.jpg,8,Negative
20180322-103707-1.jpg,8,Negative
20171102-123049-2.jpg,2,Parkinsonia
20171102-122425-1.jpg,2,Parkinsonia
20170501-142257-0.jpg,1,Lantana
20170920-133242-2.jpg,2,Parkinsonia
20180322-121026-2.jpg,8,Negative
20171109-070819-3.jpg,5,Rubber vine
20170906-112718-1.jpg,3,Parthenium
20171113-130918-1.jpg,6,Siam weed
20171113-121813-0.jpg,6,Siam weed
20171203-170310-3.jpg,8,Negative
20180112-103123-1.jpg,8,Negative
20171205-144743-2.jpg,8,Negative
20180119-104954-2.jpg,8,Negative
20170501-143818-0.jpg,1,Lantana
20180109-091709-2.jpg,8,Negative
20180109-091850-1.jpg,8,Negative
20180125-094449-2.jpg,8,Negative
20171121-084827-1.jpg,6,Siam weed
20180109-103651-1.jpg,8,Negative
20170913-102624-2.jpg,3,Parthenium
20171220-092845-2.jpg,8,Negative
20171219-105245-2.jpg,8,Negative
20180322-113816-2.jpg,8,Negative
20171113-140619-2.jpg,6,Siam weed
20161207-111317-0.jpg,0,Chinee apple
20171102-094103-3.jpg,4,Prickly acacia
20170727-143454-3.jpg,4,Prickly acacia
20180125-093013-1.jpg,8,Negative
20170210-130133-0.jpg,7,Snake weed
20171025-091502-1.jpg,3,Parthenium
20171218-120504-2.jpg,8,Negative
20171219-114601-3.jpg,8,Negative
20180322-113737-2.jpg,8,Negative
20171220-083802-3.jpg,8,Negative
20180112-103620-1.jpg,8,Negative
20171109-072202-1.jpg,5,Rubber vine
20170630-153710-0.jpg,7,Snake weed
20180105-094136-3.jpg,8,Negative
20170920-111229-2.jpg,2,Parkinsonia
20170217-112946-0.jpg,0,Chinee apple
20180322-112455-2.jpg,8,Negative
20171212-094918-1.jpg,8,Negative
20180119-114121-2.jpg,8,Negative
20180112-072705-1.jpg,8,Negative
20170714-140644-1.jpg,1,Lantana
20170405-155058-0.jpg,0,Chinee apple
20180109-090722-2.jpg,8,Negative
20171025-094918-1.jpg,3,Parthenium
20170210-141929-0.jpg,7,Snake weed
20180109-102932-2.jpg,8,Negative
20180125-092250-2.jpg,8,Negative
20180119-113018-1.jpg,8,Negative
20171218-120517-2.jpg,8,Negative
20171122-101355-1.jpg,5,Rubber vine
20171102-104943-3.jpg,2,Parkinsonia
20170920-095639-1.jpg,2,Parkinsonia
20170210-130854-0.jpg,7,Snake weed
20170715-125535-1.jpg,1,Lantana
20170210-132215-0.jpg,7,Snake weed
20171109-095504-2.jpg,5,Rubber vine
20170217-102417-0.jpg,0,Chinee apple
20180112-080611-1.jpg,8,Negative
20170130-102645-0.jpg,1,Lantana
20170210-142721-0.jpg,7,Snake weed
20171212-105943-3.jpg,8,Negative
20180125-130235-2.jpg,8,Negative
20170715-102613-1.jpg,1,Lantana
20180105-102054-2.jpg,8,Negative
20171109-073713-1.jpg,5,Rubber vine
20170727-171559-1.jpg,4,Prickly acacia
20170705-163125-0.jpg,8,Negative
20170913-122734-3.jpg,3,Parthenium
20171205-144857-2.jpg,8,Negative
20171025-081146-1.jpg,3,Parthenium
20171219-105546-3.jpg,8,Negative
20180322-113020-1.jpg,8,Negative
20170727-143832-1.jpg,4,Prickly acacia
20171025-095109-2.jpg,3,Parthenium
20170920-095857-1.jpg,2,Parkinsonia
20170913-101521-2.jpg,3,Parthenium
20170811-130240-2.jpg,0,Chinee apple
20171122-101114-1.jpg,5,Rubber vine
20170727-172031-1.jpg,4,Prickly acacia
20180112-082516-1.jpg,8,Negative
20180109-071708-1.jpg,8,Negative
20180112-075023-2.jpg,8,Negative
20171109-091047-3.jpg,5,Rubber vine
20171025-101108-1.jpg,3,Parthenium
20180109-095525-1.jpg,8,Negative
20170811-134715-2.jpg,0,Chinee apple
20170707-112559-0.jpg,0,Chinee apple
20180105-104428-1.jpg,8,Negative
20171218-115109-2.jpg,8,Negative
20180125-131912-3.jpg,8,Negative
20171109-095523-3.jpg,5,Rubber vine
20180125-095904-2.jpg,8,Negative
20171220-082553-2.jpg,8,Negative
20180109-103306-2.jpg,8,Negative
20171025-094140-1.jpg,3,Parthenium
20171220-090841-2.jpg,8,Negative
20180109-100731-2.jpg,8,Negative
20180322-114903-2.jpg,8,Negative
20180109-095819-2.jpg,8,Negative
20171220-100406-2.jpg,8,Negative
20170920-132106-2.jpg,2,Parkinsonia
20171102-093544-1.jpg,4,Prickly acacia
20180125-092118-2.jpg,8,Negative
20170207-153439-0.jpg,0,Chinee apple
20171113-124114-1.jpg,6,Siam weed
20171113-141647-2.jpg,6,Siam weed
20180105-092829-2.jpg,8,Negative
20171220-091934-2.jpg,8,Negative
20171218-121417-3.jpg,8,Negative
20170811-104421-1.jpg,0,Chinee apple
20180322-113559-2.jpg,8,Negative
20180105-092218-2.jpg,8,Negative
20170714-113609-3.jpg,1,Lantana
20171219-105713-3.jpg,8,Negative
20180109-075808-2.jpg,8,Negative
20170811-125440-1.jpg,0,Chinee apple
20180112-103541-2.jpg,8,Negative
20170803-131744-1.jpg,0,Chinee apple
20180125-094340-1.jpg,8,Negative
20170718-104915-2.jpg,7,Snake weed
20180109-095210-1.jpg,8,Negative
20171109-090125-3.jpg,5,Rubber vine
20180109-070019-2.jpg,8,Negative
20180125-133936-3.jpg,8,Negative
20170210-130321-0.jpg,7,Snake weed
20171113-140103-1.jpg,6,Siam weed
20171113-121757-0.jpg,6,Siam weed
20180112-093921-1.jpg,8,Negative
20180125-093958-2.jpg,8,Negative
20180119-105628-1.jpg,8,Negative
20171218-121432-2.jpg,8,Negative
20170920-113109-3.jpg,2,Parkinsonia
20170210-133128-0.jpg,0,Chinee apple
20171203-172239-3.jpg,8,Negative
20161207-111143-0.jpg,0,Chinee apple
20171109-091335-3.jpg,5,Rubber vine
20180112-074508-1.jpg,8,Negative
20170727-171944-3.jpg,4,Prickly acacia
20170714-140229-1.jpg,1,Lantana
20170811-131454-1.jpg,0,Chinee apple
20171113-120921-1.jpg,6,Siam weed
20170906-135313-1.jpg,3,Parthenium
20170715-175345-1.jpg,1,Lantana
20171220-095443-2.jpg,8,Negative
20170129-103431-0.jpg,8,Negative
20180105-100155-2.jpg,8,Negative
20170715-101619-1.jpg,1,Lantana
20171113-092650-1.jpg,5,Rubber vine
20171113-120631-1.jpg,6,Siam weed
20180125-093025-1.jpg,8,Negative
20180112-091651-1.jpg,8,Negative
20170714-142201-3.jpg,1,Lantana
20170906-115004-1.jpg,3,Parthenium
20180119-115412-1.jpg,8,Negative
20171025-080211-2.jpg,3,Parthenium
20171212-100721-1.jpg,8,Negative
20171203-172217-3.jpg,8,Negative
20170130-102729-0.jpg,1,Lantana
20170129-103840-0.jpg,8,Negative
20170711-113229-0.jpg,0,Chinee apple
20170913-095529-1.jpg,3,Parthenium
20180112-073322-1.jpg,8,Negative
20170913-100131-2.jpg,3,Parthenium
20170714-170127-1.jpg,1,Lantana
20180109-070147-1.jpg,8,Negative
20170727-124521-1.jpg,4,Prickly acacia
20171219-101831-3.jpg,8,Negative
20170714-121717-2.jpg,1,Lantana
20171102-122642-1.jpg,2,Parkinsonia
20171219-102803-3.jpg,8,Negative
20180112-102401-2.jpg,8,Negative
20171203-164524-3.jpg,8,Negative
20171219-113420-3.jpg,8,Negative
20180109-094922-2.jpg,8,Negative
20170404-153707-0.jpg,7,Snake weed
20171113-134353-1.jpg,6,Siam weed
20180322-131830-1.jpg,8,Negative
20180322-114101-2.jpg,8,Negative
20180119-104600-1.jpg,8,Negative
20180109-100717-2.jpg,8,Negative
20170718-132854-2.jpg,7,Snake weed
20171218-115229-2.jpg,8,Negative
20171102-095926-2.jpg,4,Prickly acacia
20180112-072953-2.jpg,8,Negative
20180322-133604-1.jpg,8,Negative
20171219-095309-3.jpg,8,Negative
20170811-112702-2.jpg,0,Chinee apple
20170714-135211-3.jpg,1,Lantana
20170706-130237-3.jpg,1,Lantana
20171220-094850-1.jpg,8,Negative
20170501-145737-0.jpg,8,Negative
20170714-142225-3.jpg,1,Lantana
20171102-120900-2.jpg,2,Parkinsonia
20180322-125733-1.jpg,8,Negative
20170715-122354-1.jpg,1,Lantana
20170728-153140-2.jpg,4,Prickly acacia
20180109-090306-2.jpg,8,Negative
20180125-134604-3.jpg,8,Negative
20170727-114747-3.jpg,4,Prickly acacia
20180112-083317-1.jpg,8,Negative
20170126-100427-0.jpg,1,Lantana
20171109-085130-2.jpg,5,Rubber vine
20170127-101512-0.jpg,1,Lantana
20180112-100918-1.jpg,8,Negative
20171219-113419-2.jpg,8,Negative
20170920-185008-1.jpg,2,Parkinsonia
20180105-092326-2.jpg,8,Negative
20180112-091207-2.jpg,8,Negative
20171109-091615-1.jpg,5,Rubber vine
20170920-181315-1.jpg,2,Parkinsonia
20171102-094113-1.jpg,4,Prickly acacia
20180112-103849-2.jpg,8,Negative
20171205-133700-2.jpg,8,Negative
20171218-111830-3.jpg,8,Negative
20180125-091709-2.jpg,8,Negative
20171113-103235-0.jpg,6,Siam weed
20180322-113755-2.jpg,8,Negative
20171218-115627-3.jpg,8,Negative
20171102-123136-2.jpg,2,Parkinsonia
20180105-092702-3.jpg,8,Negative
20170217-111841-0.jpg,0,Chinee apple
20170210-130719-0.jpg,7,Snake weed
20171113-095022-1.jpg,5,Rubber vine
20171218-121056-3.jpg,8,Negative
20170210-130823-0.jpg,7,Snake weed
20170210-141645-0.jpg,7,Snake weed
20170210-134316-0.jpg,0,Chinee apple
20170315-090343-0.jpg,8,Negative
20171113-143642-2.jpg,6,Siam weed
20171219-103111-3.jpg,8,Negative
20180109-091927-2.jpg,8,Negative
20180109-100338-2.jpg,8,Negative
20171025-095835-2.jpg,3,Parthenium
20171212-095218-3.jpg,8,Negative
20171113-134032-1.jpg,6,Siam weed
20170210-141752-0.jpg,7,Snake weed
20170127-102841-0.jpg,1,Lantana
20180125-134237-2.jpg,8,Negative
20171219-105403-2.jpg,8,Negative
20171113-123604-1.jpg,6,Siam weed
20170404-154037-0.jpg,7,Snake weed
20170920-191748-1.jpg,2,Parkinsonia
20180125-091610-1.jpg,8,Negative
20180112-100825-1.jpg,8,Negative
20170404-153649-0.jpg,7,Snake weed
20180109-085503-2.jpg,8,Negative
20170630-151939-0.jpg,7,Snake weed
20180322-133453-1.jpg,8,Negative
20171109-072806-3.jpg,5,Rubber vine
20170714-140012-1.jpg,1,Lantana
20180109-073051-1.jpg,8,Negative
20170727-170238-1.jpg,4,Prickly acacia
20180112-103709-1.jpg,8,Negative
20180109-100707-2.jpg,8,Negative
20171121-091025-3.jpg,6,Siam weed
20170210-133033-0.jpg,0,Chinee apple
20180125-092739-2.jpg,8,Negative
20171113-144803-1.jpg,6,Siam weed
20171220-091703-2.jpg,8,Negative
20170304-131415-0.jpg,7,Snake weed
20180112-091613-2.jpg,8,Negative
20171218-121712-2.jpg,8,Negative
20171212-103625-3.jpg,8,Negative
20180112-094038-2.jpg,8,Negative
20171102-094007-3.jpg,4,Prickly acacia
20171113-115844-1.jpg,6,Siam weed
20170727-142928-1.jpg,4,Prickly acacia
20171212-094611-1.jpg,8,Negative
20171109-091950-1.jpg,5,Rubber vine
20170728-122512-2.jpg,4,Prickly acacia
20170315-085646-0.jpg,8,Negative
20171219-111756-3.jpg,8,Negative
20171219-113700-3.jpg,8,Negative
20170811-114903-1.jpg,0,Chinee apple
20170707-111748-0.jpg,0,Chinee apple
20171113-120551-2.jpg,6,Siam weed
20171218-103214-2.jpg,8,Negative
20170906-133230-1.jpg,3,Parthenium
20180119-113936-1.jpg,8,Negative
20171219-095551-3.jpg,8,Negative
20180119-104958-1.jpg,8,Negative
20171102-103537-3.jpg,2,Parkinsonia
20171220-093439-2.jpg,8,Negative
20180322-104445-1.jpg,8,Negative
20180125-094316-1.jpg,8,Negative
20171121-084016-1.jpg,6,Siam weed
20171113-132223-3.jpg,6,Siam weed
20171025-091527-1.jpg,3,Parthenium
20180109-094655-2.jpg,8,Negative
20170718-133003-2.jpg,7,Snake weed
20180125-131139-2.jpg,8,Negative
20180112-073501-1.jpg,8,Negative
20180119-110243-2.jpg,8,Negative
20180119-114745-1.jpg,8,Negative
20171109-073657-1.jpg,5,Rubber vine
20171121-084446-1.jpg,6,Siam weed
20170811-105029-2.jpg,0,Chinee apple
20180125-134732-3.jpg,8,Negative
20180125-094943-2.jpg,8,Negative
20171220-095316-1.jpg,8,Negative
20171113-120510-3.jpg,6,Siam weed
20171218-104803-2.jpg,8,Negative
20180105-100314-2.jpg,8,Negative
20171109-095025-2.jpg,5,Rubber vine
20170811-112727-1.jpg,0,Chinee apple
20171025-101023-1.jpg,3,Parthenium
20171220-100736-1.jpg,8,Negative
20170217-095958-0.jpg,7,Snake weed
20171219-113042-3.jpg,8,Negative
20171219-094400-2.jpg,8,Negative
20171025-095032-2.jpg,3,Parthenium
20171113-134220-1.jpg,6,Siam weed
20180125-132211-3.jpg,8,Negative
20170714-115301-2.jpg,1,Lantana
20180112-080716-1.jpg,8,Negative
20170714-134102-1.jpg,1,Lantana
20171219-095730-2.jpg,8,Negative
20180109-072801-2.jpg,8,Negative
20180109-070051-2.jpg,8,Negative
20180112-072919-1.jpg,8,Negative
20171220-090621-2.jpg,8,Negative
20170920-112915-3.jpg,2,Parkinsonia
20171102-122803-3.jpg,2,Parkinsonia
20180109-103353-1.jpg,8,Negative
20180322-103204-1.jpg,8,Negative
20170128-103357-0.jpg,8,Negative
20171025-092430-1.jpg,3,Parthenium
20171219-114634-2.jpg,8,Negative
20180119-111526-2.jpg,8,Negative
20170913-102447-2.jpg,3,Parthenium
20171102-093326-1.jpg,4,Prickly acacia
20170714-125937-1.jpg,1,Lantana
20171220-091901-3.jpg,8,Negative
20171113-132507-1.jpg,6,Siam weed
20180322-113644-2.jpg,8,Negative
20171220-091521-3.jpg,8,Negative
20171218-120223-3.jpg,8,Negative
20171025-092149-1.jpg,3,Parthenium
20171113-150716-3.jpg,6,Siam weed
20170920-163929-3.jpg,2,Parkinsonia
20171203-172120-3.jpg,8,Negative
20180119-113610-2.jpg,8,Negative
20171212-095826-3.jpg,8,Negative
20170714-133725-1.jpg,1,Lantana
20180119-115102-2.jpg,8,Negative
20180109-071628-1.jpg,8,Negative
20170718-133752-2.jpg,7,Snake weed
20170811-133242-1.jpg,0,Chinee apple
20180119-113634-1.jpg,8,Negative
20171113-131821-3.jpg,6,Siam weed
20171218-110718-2.jpg,8,Negative
20170127-102243-0.jpg,1,Lantana
20180119-105049-1.jpg,8,Negative
20171220-091651-3.jpg,8,Negative
20180112-102654-2.jpg,8,Negative
20180109-072659-1.jpg,8,Negative
20170217-111529-0.jpg,0,Chinee apple
20180322-111339-2.jpg,8,Negative
20171121-082317-1.jpg,6,Siam weed
20170304-131932-0.jpg,7,Snake weed
20171219-094654-2.jpg,8,Negative
20171113-123427-3.jpg,6,Siam weed
20180322-113545-1.jpg,8,Negative
20180112-083015-1.jpg,8,Negative
20180109-101549-1.jpg,8,Negative
20171109-085346-2.jpg,5,Rubber vine
20180125-100125-1.jpg,8,Negative
20170811-114911-2.jpg,0,Chinee apple
20170811-134007-1.jpg,0,Chinee apple
20170714-113659-2.jpg,1,Lantana
20180125-131041-2.jpg,8,Negative
20180112-091123-2.jpg,8,Negative
20170126-095821-0.jpg,1,Lantana
20180105-100226-2.jpg,8,Negative
20170920-114137-3.jpg,2,Parkinsonia
20180322-111039-2.jpg,8,Negative
20171212-100604-1.jpg,8,Negative
20180322-113726-2.jpg,8,Negative
20180105-092934-2.jpg,8,Negative
20171219-092939-3.jpg,8,Negative
20180125-094153-2.jpg,8,Negative
20171113-142536-2.jpg,6,Siam weed
20171113-145759-3.jpg,6,Siam weed
20171217-184724-2.jpg,8,Negative
20170714-130040-1.jpg,1,Lantana
20180112-080947-2.jpg,8,Negative
20170913-123351-2.jpg,5,Rubber vine
20170127-102536-0.jpg,1,Lantana
20171219-094540-2.jpg,8,Negative
20180112-070742-2.jpg,8,Negative
20170729-090232-1.jpg,4,Prickly acacia
20180109-110201-2.jpg,8,Negative
20170920-185744-1.jpg,2,Parkinsonia
20170913-102456-3.jpg,5,Rubber vine
20171220-082756-3.jpg,8,Negative
20180125-100927-1.jpg,8,Negative
20171220-094829-2.jpg,8,Negative
20171113-124527-3.jpg,6,Siam weed
20171121-091127-3.jpg,6,Siam weed
20171109-095224-3.jpg,5,Rubber vine
20180109-072834-1.jpg,8,Negative
20170210-133438-0.jpg,0,Chinee apple
20170718-132800-2.jpg,7,Snake weed
20171109-090748-2.jpg,5,Rubber vine
20171212-100032-1.jpg,8,Negative
20170727-113808-3.jpg,4,Prickly acacia
20170727-145527-1.jpg,4,Prickly acacia
20170920-120316-2.jpg,2,Parkinsonia
20171218-110544-2.jpg,8,Negative
20171113-133217-3.jpg,6,Siam weed
20180112-092854-1.jpg,8,Negative
20170804-132334-1.jpg,1,Lantana
20180105-091822-2.jpg,8,Negative
20180119-113105-2.jpg,8,Negative
20170729-092726-1.jpg,4,Prickly acacia
20171109-090408-3.jpg,5,Rubber vine
20171102-095843-1.jpg,4,Prickly acacia
20171113-123546-3.jpg,6,Siam weed
20180322-132505-1.jpg,8,Negative
20170501-144327-0.jpg,1,Lantana
20170127-103224-0.jpg,1,Lantana
20171109-094134-3.jpg,5,Rubber vine
20180322-102900-2.jpg,8,Negative
20180322-112234-2.jpg,8,Negative
20180109-075025-2.jpg,8,Negative
20170728-122322-2.jpg,4,Prickly acacia
20180119-114550-1.jpg,8,Negative
20171219-112351-2.jpg,8,Negative
20170906-115342-1.jpg,3,Parthenium
20180109-073400-2.jpg,8,Negative
20180125-091051-1.jpg,8,Negative
20180109-104423-1.jpg,8,Negative
20180322-104140-2.jpg,8,Negative
20171113-143028-3.jpg,6,Siam weed
20170714-141802-2.jpg,1,Lantana
20171113-134906-1.jpg,6,Siam weed
20170404-153924-0.jpg,7,Snake weed
20180112-072844-1.jpg,8,Negative
20170404-153716-0.jpg,7,Snake weed
20170210-132725-0.jpg,0,Chinee apple
20180125-100956-2.jpg,8,Negative
20170811-131127-2.jpg,0,Chinee apple
20170727-154914-1.jpg,4,Prickly acacia
20171212-102409-3.jpg,8,Negative
20170920-114546-3.jpg,2,Parkinsonia
20180125-131734-3.jpg,8,Negative
20180112-071306-2.jpg,8,Negative
20171219-101736-2.jpg,8,Negative
20170920-163857-3.jpg,2,Parkinsonia
20180125-134324-2.jpg,8,Negative
20170920-163917-3.jpg,2,Parkinsonia
20180109-090023-1.jpg,8,Negative
20180125-092922-1.jpg,8,Negative
20171025-095126-3.jpg,3,Parthenium
20170811-104353-2.jpg,0,Chinee apple
20170610-122638-0.jpg,1,Lantana
20171025-082655-3.jpg,3,Parthenium
20171219-095159-3.jpg,8,Negative
20171220-092634-3.jpg,8,Negative
20170811-112959-2.jpg,0,Chinee apple
20170126-100212-0.jpg,1,Lantana
20180112-092221-2.jpg,8,Negative
20180119-114748-2.jpg,8,Negative
20171220-084423-2.jpg,8,Negative
20180109-085954-2.jpg,8,Negative
20170920-171139-3.jpg,2,Parkinsonia
20170714-143259-3.jpg,1,Lantana
20170920-114043-2.jpg,2,Parkinsonia
20180105-092958-2.jpg,8,Negative
20171218-111445-3.jpg,8,Negative
20170714-120930-3.jpg,1,Lantana
20180112-101317-2.jpg,8,Negative
20180109-110050-2.jpg,8,Negative
20170920-183617-1.jpg,2,Parkinsonia
20171218-112749-3.jpg,8,Negative
20171102-122003-2.jpg,2,Parkinsonia
20180109-075247-2.jpg,8,Negative
20170727-165337-1.jpg,4,Prickly acacia
20170714-112512-2.jpg,1,Lantana
20171220-092220-3.jpg,8,Negative
20170728-152148-3.jpg,8,Negative
20170727-164330-1.jpg,4,Prickly acacia
20180105-091833-2.jpg,8,Negative
20171109-085729-2.jpg,5,Rubber vine
20170729-085934-3.jpg,4,Prickly acacia
20171109-092048-1.jpg,5,Rubber vine
20170217-122257-0.jpg,0,Chinee apple
20170811-125055-1.jpg,0,Chinee apple
20180322-125809-1.jpg,8,Negative
20171113-112316-0.jpg,6,Siam weed
20180322-125915-1.jpg,8,Negative
20170729-090845-1.jpg,4,Prickly acacia
20170129-104031-0.jpg,8,Negative
20170210-150542-0.jpg,7,Snake weed
20171122-100051-1.jpg,5,Rubber vine
20171025-080643-2.jpg,3,Parthenium
20170727-171739-3.jpg,4,Prickly acacia
20170129-103241-0.jpg,8,Negative
20171220-091846-2.jpg,8,Negative
20171113-150545-1.jpg,6,Siam weed
20170501-143342-0.jpg,1,Lantana
20170210-133716-0.jpg,0,Chinee apple
20170714-115409-3.jpg,1,Lantana
20171113-123916-3.jpg,6,Siam weed
20170913-105638-2.jpg,3,Parthenium
20171212-102955-3.jpg,8,Negative
20170920-130911-2.jpg,2,Parkinsonia
20171212-104916-3.jpg,8,Negative
20171102-123549-2.jpg,2,Parkinsonia
20171212-093408-3.jpg,8,Negative
20180112-101539-1.jpg,8,Negative
20171121-075130-1.jpg,6,Siam weed
20171025-095649-2.jpg,3,Parthenium
20180322-112034-1.jpg,8,Negative
20180109-071653-1.jpg,8,Negative
20170811-132023-1.jpg,0,Chinee apple
20170715-170425-1.jpg,1,Lantana
20170727-162205-1.jpg,4,Prickly acacia
20170501-144751-0.jpg,8,Negative
20171113-141820-2.jpg,6,Siam weed
20170217-095209-0.jpg,7,Snake weed
20180109-091522-1.jpg,8,Negative
20171219-092736-2.jpg,8,Negative
20170706-110351-0.jpg,7,Snake weed
20170728-150543-1.jpg,8,Negative
20180112-080853-2.jpg,8,Negative
20171218-110926-2.jpg,8,Negative
20170207-153840-0.jpg,0,Chinee apple
20180119-114533-1.jpg,8,Negative
20171219-123823-2.jpg,8,Negative
20170811-115045-1.jpg,0,Chinee apple
20171219-101903-2.jpg,8,Negative
20171121-072031-1.jpg,6,Siam weed
20170627-104025-0.jpg,0,Chinee apple
20180105-092517-2.jpg,8,Negative
20170727-124937-3.jpg,4,Prickly acacia
20180119-113224-2.jpg,8,Negative
20180112-082739-1.jpg,8,Negative
20180119-104936-1.jpg,8,Negative
20170718-094738-2.jpg,0,Chinee apple
20180322-102956-1.jpg,8,Negative
20180125-130045-2.jpg,8,Negative
20170920-135038-2.jpg,2,Parkinsonia
20170714-122402-3.jpg,1,Lantana
20180112-073205-2.jpg,8,Negative
20171109-074344-3.jpg,5,Rubber vine
20170410-153511-0.jpg,0,Chinee apple
20170217-115332-0.jpg,0,Chinee apple
20180322-124831-1.jpg,8,Negative
20171113-141059-2.jpg,6,Siam weed
20180125-134522-2.jpg,8,Negative
20180125-101907-2.jpg,8,Negative
20170501-144416-0.jpg,1,Lantana
20170627-103832-0.jpg,0,Chinee apple
20180322-103348-2.jpg,8,Negative
20170913-103012-2.jpg,3,Parthenium
20170714-150631-1.jpg,1,Lantana
20180112-073359-1.jpg,8,Negative
20170714-113817-2.jpg,1,Lantana
20170304-132255-0.jpg,7,Snake weed
20170715-103801-1.jpg,1,Lantana
20180109-074715-2.jpg,8,Negative
20170315-084914-0.jpg,8,Negative
20171113-120539-2.jpg,6,Siam weed
20170906-113917-2.jpg,3,Parthenium
20171220-093548-3.jpg,8,Negative
20171113-154731-0.jpg,6,Siam weed
20170718-101709-2.jpg,0,Chinee apple
20170210-150552-0.jpg,7,Snake weed
20170727-163919-3.jpg,4,Prickly acacia
20180119-115613-1.jpg,8,Negative
20170727-164519-1.jpg,4,Prickly acacia
20170304-132206-0.jpg,7,Snake weed
20171121-071112-1.jpg,6,Siam weed
20180109-090426-1.jpg,8,Negative
20180125-095013-1.jpg,8,Negative
20180105-100228-3.jpg,8,Negative
20171212-095958-1.jpg,8,Negative
20171212-105548-3.jpg,8,Negative
20171220-093638-3.jpg,8,Negative
20171219-100443-2.jpg,8,Negative
20180125-101625-1.jpg,8,Negative
20180322-105136-1.jpg,8,Negative
20171220-084454-3.jpg,8,Negative
20170913-121531-1.jpg,5,Rubber vine
20171218-110743-3.jpg,8,Negative
20170217-145219-0.jpg,7,Snake weed
20170920-180928-1.jpg,2,Parkinsonia
20180125-095810-2.jpg,8,Negative
20171212-093547-3.jpg,8,Negative
20180125-125831-2.jpg,8,Negative
20180322-112621-1.jpg,8,Negative
20171121-071754-1.jpg,6,Siam weed
20180105-091502-2.jpg,8,Negative
20180125-094336-2.jpg,8,Negative
20180119-110956-1.jpg,8,Negative
20180322-120039-2.jpg,8,Negative
20180112-092022-1.jpg,8,Negative
20170728-124122-2.jpg,4,Prickly acacia
20171218-104001-3.jpg,8,Negative
20171113-150449-1.jpg,6,Siam weed
20171220-092748-2.jpg,8,Negative
20170304-132652-0.jpg,7,Snake weed
20171220-101632-2.jpg,8,Negative
20180109-075209-2.jpg,8,Negative
20170906-115242-1.jpg,3,Parthenium
20170705-170108-0.jpg,7,Snake weed
20180125-130140-2.jpg,8,Negative
20180112-072238-1.jpg,8,Negative
20170906-100510-1.jpg,3,Parthenium
20170704-151510-0.jpg,0,Chinee apple
20180109-100040-2.jpg,8,Negative
20171220-095414-1.jpg,8,Negative
20171121-082247-2.jpg,6,Siam weed
20180125-131215-3.jpg,8,Negative
20171109-073321-3.jpg,5,Rubber vine
20180105-092339-2.jpg,8,Negative
20180125-130207-3.jpg,8,Negative
20171025-092934-1.jpg,3,Parthenium
20171025-091214-2.jpg,3,Parthenium
20171219-100707-3.jpg,8,Negative
20170501-142730-0.jpg,1,Lantana
20180109-104236-2.jpg,8,Negative
20171219-093341-3.jpg,8,Negative
20180109-072518-2.jpg,8,Negative
20180119-113736-2.jpg,8,Negative
20180112-103054-2.jpg,8,Negative
20170906-114136-4.jpg,3,Parthenium
20170913-102212-3.jpg,5,Rubber vine
20180322-130024-1.jpg,8,Negative
20180125-101844-1.jpg,8,Negative
20171220-094747-2.jpg,8,Negative
20180322-125050-1.jpg,8,Negative
20170718-131836-2.jpg,7,Snake weed
20180125-091932-2.jpg,8,Negative
20180322-125134-1.jpg,8,Negative
20170727-143810-1.jpg,4,Prickly acacia
20180322-104044-2.jpg,8,Negative
20180105-091456-3.jpg,8,Negative
20171121-083050-2.jpg,6,Siam weed
20180112-094122-2.jpg,8,Negative
20180105-091747-3.jpg,8,Negative
20170522-123512-0.jpg,1,Lantana
20180322-103854-1.jpg,8,Negative
20171219-123641-2.jpg,8,Negative
20180322-114158-2.jpg,8,Negative
20171113-141212-2.jpg,6,Siam weed
20180109-095719-1.jpg,8,Negative
20171113-131751-3.jpg,6,Siam weed
20180125-134659-3.jpg,8,Negative
20170727-111716-3.jpg,4,Prickly acacia
20170704-155537-0.jpg,7,Snake weed
20170705-164435-0.jpg,7,Snake weed
20180322-104706-1.jpg,8,Negative
20170920-101316-2.jpg,2,Parkinsonia
20180112-102025-2.jpg,8,Negative
20180109-075555-1.jpg,8,Negative
20171113-131651-1.jpg,6,Siam weed
20171218-105335-3.jpg,8,Negative
20170728-120119-2.jpg,4,Prickly acacia
20170811-123613-2.jpg,0,Chinee apple
20171113-131609-1.jpg,6,Siam weed
20170727-113505-1.jpg,4,Prickly acacia
20180109-095957-1.jpg,8,Negative
20170715-130024-1.jpg,1,Lantana
20171109-095556-2.jpg,5,Rubber vine
20180109-104213-1.jpg,8,Negative
20171212-100725-3.jpg,8,Negative
20171121-181111-2.jpg,6,Siam weed
20180109-090914-2.jpg,8,Negative
20171025-074251-3.jpg,3,Parthenium
20170920-184922-1.jpg,2,Parkinsonia
20180109-092028-2.jpg,7,Snake weed
20170714-110330-3.jpg,1,Lantana
20180109-104254-2.jpg,8,Negative
20171220-095140-1.jpg,8,Negative
20171113-132050-3.jpg,6,Siam weed
20170913-100510-2.jpg,3,Parthenium
20170913-123012-3.jpg,3,Parthenium
20180109-094638-2.jpg,8,Negative
20170913-121711-1.jpg,5,Rubber vine
20171122-103825-1.jpg,5,Rubber vine
20180119-113829-1.jpg,8,Negative
20180105-100457-2.jpg,8,Negative
20171025-092530-2.jpg,3,Parthenium
20171113-153033-0.jpg,6,Siam weed
20180322-112403-2.jpg,8,Negative
20180109-074123-1.jpg,8,Negative
20180105-100538-2.jpg,8,Negative
20171219-114445-3.jpg,8,Negative
20180125-095908-1.jpg,8,Negative
20171109-072655-1.jpg,5,Rubber vine
20171212-105731-3.jpg,8,Negative
20171109-090301-2.jpg,5,Rubber vine
20171109-093143-1.jpg,5,Rubber vine
20180322-125838-1.jpg,8,Negative
20171121-091203-3.jpg,6,Siam weed
20170714-113852-2.jpg,1,Lantana
20180105-100100-2.jpg,8,Negative
20171109-095352-3.jpg,5,Rubber vine
20171201-115825-1.jpg,8,Negative
20161207-112812-0.jpg,8,Negative
20180112-092331-2.jpg,8,Negative
20180322-115511-1.jpg,8,Negative
20180112-100714-2.jpg,8,Negative
20171205-141445-2.jpg,8,Negative
20171102-122723-1.jpg,2,Parkinsonia
20180125-093327-1.jpg,8,Negative
20171219-112553-2.jpg,8,Negative
20170705-165958-0.jpg,7,Snake weed
20170728-124431-3.jpg,4,Prickly acacia
20171113-132956-0.jpg,6,Siam weed
20170714-114042-2.jpg,1,Lantana
20180125-130048-3.jpg,8,Negative
20170718-132112-2.jpg,7,Snake weed
20170727-144906-1.jpg,4,Prickly acacia
20170920-162141-3.jpg,2,Parkinsonia
20170728-120534-2.jpg,4,Prickly acacia
20180105-095642-2.jpg,8,Negative
20171220-090203-2.jpg,8,Negative
20170711-120822-0.jpg,0,Chinee apple
20171113-145022-1.jpg,6,Siam weed
20180125-133952-2.jpg,8,Negative
20171025-081108-3.jpg,3,Parthenium
20170217-121555-0.jpg,0,Chinee apple
20180112-074943-2.jpg,8,Negative
20171102-122946-2.jpg,2,Parkinsonia
20170728-153532-2.jpg,4,Prickly acacia
20171220-084013-3.jpg,8,Negative
20180112-072216-2.jpg,8,Negative
20171203-174203-3.jpg,8,Negative
20170714-111434-2.jpg,1,Lantana
20180109-110005-1.jpg,8,Negative
20171025-093218-2.jpg,3,Parthenium
20180125-100238-1.jpg,8,Negative
20171220-082123-2.jpg,8,Negative
20180125-132911-2.jpg,8,Negative
20180112-102353-1.jpg,8,Negative
20180112-103331-2.jpg,8,Negative
20180322-102812-2.jpg,8,Negative
20180322-112444-1.jpg,8,Negative
20180322-113536-1.jpg,8,Negative
20180112-101211-2.jpg,8,Negative
20180112-100920-2.jpg,8,Negative
20171109-093316-1.jpg,5,Rubber vine
20171102-103902-1.jpg,2,Parkinsonia
20170920-162545-3.jpg,2,Parkinsonia
20170728-122617-2.jpg,4,Prickly acacia
20171109-085408-2.jpg,5,Rubber vine
20180109-100041-2.jpg,8,Negative
20180119-110326-1.jpg,8,Negative
20170129-102912-0.jpg,8,Negative
20170811-132926-2.jpg,0,Chinee apple
20171109-090741-3.jpg,5,Rubber vine
20170129-102727-0.jpg,8,Negative
20180322-104556-1.jpg,8,Negative
20171122-102520-1.jpg,5,Rubber vine
20170727-171755-2.jpg,4,Prickly acacia
20171025-092653-3.jpg,7,Snake weed
20171025-074720-3.jpg,7,Snake weed
20180322-113257-2.jpg,8,Negative
20171113-102008-1.jpg,5,Rubber vine
20170127-102812-0.jpg,1,Lantana
20170727-165128-1.jpg,4,Prickly acacia
20170127-102151-0.jpg,1,Lantana
20171212-093855-1.jpg,8,Negative
20171121-091316-1.jpg,6,Siam weed
20180322-111115-2.jpg,8,Negative
20180322-124916-1.jpg,8,Negative
20170715-150318-1.jpg,1,Lantana
20170705-163829-0.jpg,7,Snake weed
20170920-171010-3.jpg,2,Parkinsonia
20171212-105342-3.jpg,8,Negative
20171220-090417-2.jpg,8,Negative
20171113-102609-1.jpg,5,Rubber vine
20171212-100447-1.jpg,8,Negative
20171109-091826-1.jpg,5,Rubber vine
20180125-092556-1.jpg,8,Negative
20180109-101512-1.jpg,8,Negative
20180109-100732-2.jpg,8,Negative
20180109-095554-1.jpg,8,Negative
20180125-135651-3.jpg,8,Negative
20161207-142721-0.jpg,7,Snake weed
20180322-121250-2.jpg,8,Negative
20170920-114220-3.jpg,2,Parkinsonia
20180125-091323-2.jpg,8,Negative
20171217-103510-2.jpg,8,Negative
20171205-134654-2.jpg,8,Negative
20171212-095921-3.jpg,8,Negative
20180112-101011-1.jpg,8,Negative
20180109-100752-1.jpg,8,Negative
20171219-113637-3.jpg,8,Negative
20180112-074153-1.jpg,8,Negative
20180109-095605-1.jpg,8,Negative
20170727-112115-3.jpg,4,Prickly acacia
20170727-152727-1.jpg,4,Prickly acacia
20171219-112006-2.jpg,8,Negative
20180125-101111-2.jpg,8,Negative
20171102-122458-1.jpg,2,Parkinsonia
20180125-131837-3.jpg,8,Negative
20171113-132548-3.jpg,6,Siam weed
20171219-095246-2.jpg,8,Negative
20170714-121657-3.jpg,1,Lantana
20180112-102745-1.jpg,8,Negative
20170127-101454-0.jpg,1,Lantana
20170718-132127-2.jpg,7,Snake weed
20180109-100055-2.jpg,7,Snake weed
20180112-091500-2.jpg,8,Negative
20170913-121721-3.jpg,3,Parthenium
20180125-095833-2.jpg,8,Negative
20170405-154527-0.jpg,0,Chinee apple
20170714-112640-2.jpg,1,Lantana
20171109-175921-2.jpg,5,Rubber vine
20171113-093255-1.jpg,5,Rubber vine
20171219-112508-3.jpg,8,Negative
20170207-141751-0.jpg,7,Snake weed
20170920-111937-2.jpg,2,Parkinsonia
20170501-144349-0.jpg,1,Lantana
20180125-100533-1.jpg,8,Negative
20171212-100614-3.jpg,8,Negative
20171025-091552-1.jpg,3,Parthenium
20180125-130938-2.jpg,8,Negative
20171102-121834-3.jpg,2,Parkinsonia
20170729-093456-2.jpg,4,Prickly acacia
20170718-094904-2.jpg,0,Chinee apple
20170920-100851-2.jpg,2,Parkinsonia
20180112-092041-1.jpg,8,Negative
20170920-171122-3.jpg,2,Parkinsonia
20180112-074759-1.jpg,8,Negative
20180125-123318-2.jpg,8,Negative
20171212-094134-1.jpg,8,Negative
20170728-122417-2.jpg,4,Prickly acacia
20170920-163845-3.jpg,2,Parkinsonia
20171102-123413-2.jpg,2,Parkinsonia
20180119-111709-2.jpg,8,Negative
20180112-094746-2.jpg,8,Negative
20171220-095206-2.jpg,8,Negative
20171220-092652-2.jpg,8,Negative
20180109-072936-1.jpg,8,Negative
20180109-074800-1.jpg,8,Negative
20171109-091409-3.jpg,5,Rubber vine
20171113-131024-1.jpg,6,Siam weed
20171113-120501-1.jpg,6,Siam weed
20170913-122147-1.jpg,5,Rubber vine
20180109-074644-1.jpg,8,Negative
20170728-123215-3.jpg,4,Prickly acacia
20171113-173213-0.jpg,6,Siam weed
20170627-103534-0.jpg,0,Chinee apple
20171212-100412-1.jpg,8,Negative
20171122-100238-1.jpg,5,Rubber vine
20171205-124539-2.jpg,8,Negative
20180322-130715-1.jpg,8,Negative
20171025-090551-2.jpg,3,Parthenium
20170501-145809-0.jpg,8,Negative
20180112-094500-2.jpg,8,Negative
20180109-103135-1.jpg,8,Negative
20180109-074315-2.jpg,8,Negative
20170906-130901-2.jpg,3,Parthenium
20171218-121917-2.jpg,8,Negative
20170920-093850-1.jpg,2,Parkinsonia
20170727-113753-1.jpg,4,Prickly acacia
20170920-113728-2.jpg,2,Parkinsonia
20171109-092844-2.jpg,5,Rubber vine
20180109-074457-2.jpg,8,Negative
20171212-094009-1.jpg,8,Negative
20171203-165142-3.jpg,8,Negative
20171113-135935-1.jpg,6,Siam weed
20180125-101241-1.jpg,8,Negative
20171025-082330-1.jpg,0,Chinee apple
20170217-120729-0.jpg,0,Chinee apple
20170920-111008-2.jpg,2,Parkinsonia
20171025-082800-1.jpg,0,Chinee apple
20170128-102710-0.jpg,8,Negative
20170127-102118-0.jpg,1,Lantana
20171205-140835-2.jpg,8,Negative
20180105-092911-2.jpg,8,Negative
20170920-095834-3.jpg,2,Parkinsonia
20171212-093654-3.jpg,8,Negative
20180112-101337-2.jpg,8,Negative
20180112-092314-2.jpg,8,Negative
20171219-101900-3.jpg,8,Negative
20170811-110609-1.jpg,0,Chinee apple
20170715-173713-1.jpg,1,Lantana
20180112-072618-2.jpg,8,Negative
20170217-113429-0.jpg,0,Chinee apple
20170727-115759-3.jpg,4,Prickly acacia
20180105-093514-2.jpg,8,Negative
20170705-161117-0.jpg,7,Snake weed
20170501-145033-0.jpg,8,Negative
20180125-134014-3.jpg,8,Negative
20170728-155026-1.jpg,4,Prickly acacia
20161207-111352-0.jpg,0,Chinee apple
20180112-082134-1.jpg,8,Negative
20180109-091748-2.jpg,8,Negative
20180109-072414-1.jpg,8,Negative
20180125-132405-3.jpg,8,Negative
20170210-142040-0.jpg,7,Snake weed
20180109-090333-2.jpg,8,Negative
20171218-105958-3.jpg,8,Negative
20171025-090234-2.jpg,3,Parthenium
20170714-143253-1.jpg,1,Lantana
20170304-130609-0.jpg,7,Snake weed
20171219-105010-2.jpg,8,Negative
20171113-131251-1.jpg,6,Siam weed
20171109-194700-1.jpg,5,Rubber vine
20171220-082953-3.jpg,8,Negative
20180125-133156-2.jpg,8,Negative
20180322-110909-2.jpg,8,Negative
20180125-133225-2.jpg,8,Negative
20171220-094659-1.jpg,8,Negative
20171102-104458-1.jpg,2,Parkinsonia
20171219-113840-2.jpg,8,Negative
20171025-092008-2.jpg,3,Parthenium
20180119-113422-1.jpg,8,Negative
20180119-113132-1.jpg,8,Negative
20170501-145224-0.jpg,8,Negative
20180109-071707-2.jpg,8,Negative
20180105-100913-2.jpg,8,Negative
20180125-092152-1.jpg,8,Negative
20180109-074051-1.jpg,8,Negative
20170727-165320-1.jpg,4,Prickly acacia
20171113-120526-2.jpg,6,Siam weed
20171220-091423-3.jpg,8,Negative
20171220-100441-1.jpg,8,Negative
20170210-132214-0.jpg,0,Chinee apple
20180109-072659-2.jpg,8,Negative
20171220-093221-3.jpg,8,Negative
20170727-135911-1.jpg,4,Prickly acacia
20170811-115108-2.jpg,0,Chinee apple
20171122-101153-1.jpg,5,Rubber vine
20170727-112901-1.jpg,4,Prickly acacia
20171109-090159-3.jpg,5,Rubber vine
20170920-162806-3.jpg,2,Parkinsonia
20171219-111704-3.jpg,8,Negative
20171219-114138-3.jpg,8,Negative
20180109-074410-2.jpg,8,Negative
20180105-104355-1.jpg,8,Negative
20171219-110043-2.jpg,8,Negative
20170920-114803-3.jpg,2,Parkinsonia
20171113-120053-2.jpg,6,Siam weed
20170727-170007-1.jpg,4,Prickly acacia
20170714-120502-3.jpg,1,Lantana
20170706-113305-0.jpg,7,Snake weed
20170627-104853-0.jpg,7,Snake weed
20171220-093350-2.jpg,8,Negative
20170714-170112-1.jpg,1,Lantana
20180112-073236-1.jpg,8,Negative
20180125-135054-2.jpg,8,Negative
20180112-081353-1.jpg,8,Negative
20170705-164837-0.jpg,7,Snake weed
20180125-131939-2.jpg,8,Negative
20171102-094158-2.jpg,4,Prickly acacia
20180322-120244-2.jpg,8,Negative
20170913-100339-2.jpg,3,Parthenium
20180105-094715-2.jpg,8,Negative
20180109-074633-1.jpg,8,Negative
20171220-101738-1.jpg,8,Negative
20170729-092646-2.jpg,4,Prickly acacia
20170728-122224-3.jpg,4,Prickly acacia
20180109-103145-2.jpg,8,Negative
20180125-091925-1.jpg,8,Negative
20171113-061016-1.jpg,6,Siam weed
20171025-090545-1.jpg,3,Parthenium
20170304-131652-0.jpg,7,Snake weed
20171109-090139-1.jpg,5,Rubber vine
20171212-104627-3.jpg,8,Negative
20171025-075646-1.jpg,3,Parthenium
20180109-101007-2.jpg,8,Negative
20180112-082117-2.jpg,8,Negative
20180109-101356-1.jpg,8,Negative
20180322-110558-2.jpg,8,Negative
20171219-123652-2.jpg,8,Negative
20170705-165551-0.jpg,7,Snake weed
20180119-114325-2.jpg,8,Negative
20180125-094438-2.jpg,8,Negative
20171113-100821-1.jpg,5,Rubber vine
20180112-074204-1.jpg,8,Negative
20171025-075321-2.jpg,3,Parthenium
20180112-082303-2.jpg,8,Negative
20180119-113128-2.jpg,8,Negative
20171220-091457-3.jpg,8,Negative
20170127-101959-0.jpg,1,Lantana
20170906-113428-2.jpg,3,Parthenium
20170727-162602-1.jpg,4,Prickly acacia
20180105-091800-3.jpg,8,Negative
20171113-133110-1.jpg,6,Siam weed
20171102-122719-2.jpg,2,Parkinsonia
20170217-113444-0.jpg,7,Snake weed
20180125-092934-1.jpg,8,Negative
20180119-114015-2.jpg,8,Negative
20180322-104617-1.jpg,8,Negative
20170729-092455-2.jpg,4,Prickly acacia
20171109-073257-1.jpg,5,Rubber vine
20180112-073844-1.jpg,8,Negative
20170906-114244-1.jpg,3,Parthenium
20171109-091257-3.jpg,5,Rubber vine
20171201-115702-1.jpg,8,Negative
20170920-164316-3.jpg,2,Parkinsonia
20170210-145151-0.jpg,0,Chinee apple
20170217-114455-0.jpg,0,Chinee apple
20171121-075510-1.jpg,6,Siam weed
20180109-071214-2.jpg,8,Negative
20170913-110943-1.jpg,3,Parthenium
20180112-080709-2.jpg,8,Negative
20170707-113921-0.jpg,0,Chinee apple
20170714-121735-3.jpg,1,Lantana
20170707-113317-0.jpg,0,Chinee apple
20180322-111001-2.jpg,8,Negative
20180112-094654-1.jpg,8,Negative
20171219-095936-2.jpg,8,Negative
20170404-153837-0.jpg,7,Snake weed
20170706-110411-0.jpg,7,Snake weed
20180109-074841-2.jpg,8,Negative
20171218-121647-2.jpg,8,Negative
20180109-085443-2.jpg,8,Negative
20171220-092203-2.jpg,8,Negative
20180105-095411-2.jpg,8,Negative
20171218-121532-2.jpg,8,Negative
20180109-103757-1.jpg,8,Negative
20171218-120003-3.jpg,8,Negative
20171025-082037-1.jpg,3,Parthenium
20171219-114436-3.jpg,8,Negative
20171219-113557-2.jpg,8,Negative
20170627-103708-0.jpg,0,Chinee apple
20171220-090501-2.jpg,8,Negative
20170714-135235-3.jpg,1,Lantana
20180109-070954-2.jpg,8,Negative
20170811-104159-2.jpg,0,Chinee apple
20171212-104712-1.jpg,8,Negative
20180109-090551-2.jpg,8,Negative
20180125-130215-3.jpg,8,Negative
20180112-100645-1.jpg,8,Negative
20170210-142422-0.jpg,7,Snake weed
20170715-134501-1.jpg,1,Lantana
20171220-082517-2.jpg,8,Negative
20171219-105131-2.jpg,8,Negative
20180109-085942-1.jpg,8,Negative
20180112-100705-1.jpg,8,Negative
20171219-101256-2.jpg,8,Negative
20180109-080322-1.jpg,8,Negative
20170404-154343-0.jpg,7,Snake weed
20171025-081156-2.jpg,3,Parthenium
20171113-095752-1.jpg,5,Rubber vine
20171113-142857-3.jpg,6,Siam weed
20170728-154551-1.jpg,4,Prickly acacia
20170920-113335-3.jpg,2,Parkinsonia
20171113-141918-2.jpg,6,Siam weed
20171220-085032-2.jpg,8,Negative
20171220-093637-2.jpg,8,Negative
20170129-102855-0.jpg,8,Negative
20180109-075410-1.jpg,8,Negative
20170727-152953-1.jpg,4,Prickly acacia
20180109-073852-2.jpg,8,Negative
20180109-071437-2.jpg,8,Negative
20171102-100146-2.jpg,4,Prickly acacia
20171113-135516-0.jpg,6,Siam weed
20171121-090842-1.jpg,6,Siam weed
20170727-121319-3.jpg,4,Prickly acacia
20171220-094820-2.jpg,8,Negative
20170718-133623-2.jpg,0,Chinee apple
20171113-101236-3.jpg,5,Rubber vine
20171102-115733-1.jpg,2,Parkinsonia
20180109-075132-1.jpg,8,Negative
20170127-102106-0.jpg,1,Lantana
20171102-115949-1.jpg,2,Parkinsonia
20180109-101415-1.jpg,8,Negative
20170913-101430-2.jpg,3,Parthenium
20170729-091924-2.jpg,4,Prickly acacia
20170811-132911-1.jpg,0,Chinee apple
20171219-112855-2.jpg,8,Negative
20170729-093609-2.jpg,4,Prickly acacia
20170714-135108-2.jpg,1,Lantana
20171219-114924-2.jpg,8,Negative
20171205-141548-2.jpg,8,Negative
20171102-104223-1.jpg,2,Parkinsonia
20170127-103304-0.jpg,1,Lantana
20170630-150347-0.jpg,7,Snake weed
20170728-150022-1.jpg,4,Prickly acacia
20180109-072512-1.jpg,8,Negative
20171219-112652-3.jpg,8,Negative
20170727-171504-1.jpg,4,Prickly acacia
20160928-140731-0.jpg,0,Chinee apple
20170405-155032-0.jpg,0,Chinee apple
20171102-123451-3.jpg,2,Parkinsonia
20180105-093523-2.jpg,8,Negative
20171218-114804-2.jpg,8,Negative
20170913-102920-1.jpg,3,Parthenium
20171025-075150-2.jpg,3,Parthenium
20171219-095814-2.jpg,8,Negative
20180105-093841-2.jpg,8,Negative
20171113-124836-0.jpg,6,Siam weed
20171121-081759-2.jpg,6,Siam weed
20180105-101209-2.jpg,8,Negative
20180125-093401-2.jpg,8,Negative
20171109-085643-2.jpg,5,Rubber vine
20171109-084909-3.jpg,5,Rubber vine
20171220-090235-2.jpg,8,Negative
20171218-105411-3.jpg,8,Negative
20171220-082623-2.jpg,8,Negative
20171218-121826-3.jpg,8,Negative
20180109-092237-1.jpg,8,Negative
20171113-143030-2.jpg,6,Siam weed
20180112-101800-1.jpg,8,Negative
20180109-080253-1.jpg,8,Negative
20180109-075403-2.jpg,8,Negative
20180109-103455-1.jpg,8,Negative
20170210-132204-0.jpg,0,Chinee apple
20171025-090836-1.jpg,3,Parthenium
20170705-162025-0.jpg,7,Snake weed
20180322-104005-2.jpg,8,Negative
20180125-131011-2.jpg,8,Negative
20170906-112228-1.jpg,3,Parthenium
20180112-070946-2.jpg,8,Negative
20180125-092304-1.jpg,8,Negative
20171212-095030-1.jpg,8,Negative
20180109-073252-2.jpg,8,Negative
20170727-171730-1.jpg,4,Prickly acacia
20170501-144239-0.jpg,1,Lantana
20171113-105433-0.jpg,6,Siam weed
20171113-145632-3.jpg,6,Siam weed
20171109-093218-3.jpg,5,Rubber vine
20170128-102632-0.jpg,8,Negative
20170727-170956-3.jpg,4,Prickly acacia
20171113-152348-0.jpg,6,Siam weed
20180112-101022-2.jpg,8,Negative
20180112-082951-1.jpg,8,Negative
20171212-092920-3.jpg,8,Negative
20180119-110709-1.jpg,8,Negative
20180322-102414-2.jpg,8,Negative
20180112-092219-1.jpg,8,Negative
20170707-113402-0.jpg,0,Chinee apple
20180105-101955-2.jpg,8,Negative
20180322-133625-1.jpg,8,Negative
20171220-101537-1.jpg,8,Negative
20171109-093351-2.jpg,5,Rubber vine
20170811-125211-2.jpg,0,Chinee apple
20180125-093636-2.jpg,8,Negative
20171121-090257-3.jpg,6,Siam weed
20171218-121041-2.jpg,8,Negative
20171220-095512-2.jpg,8,Negative
20171113-131631-1.jpg,6,Siam weed
20180322-113242-2.jpg,8,Negative
20170920-134736-2.jpg,2,Parkinsonia
20180112-094555-2.jpg,8,Negative
20180109-104645-2.jpg,8,Negative
20170913-104136-2.jpg,3,Parthenium
20180105-091711-2.jpg,8,Negative
20180322-133149-1.jpg,8,Negative
20180112-082534-1.jpg,8,Negative
20180105-103649-2.jpg,8,Negative
20171122-102107-1.jpg,5,Rubber vine
20170913-124317-1.jpg,5,Rubber vine
20180109-092008-1.jpg,8,Negative
20180109-104733-1.jpg,8,Negative
20171212-102719-3.jpg,8,Negative
20171121-181049-2.jpg,6,Siam weed
20171122-103505-1.jpg,5,Rubber vine
20180112-101736-1.jpg,8,Negative
20170126-100349-0.jpg,1,Lantana
20170920-164345-3.jpg,2,Parkinsonia
20171113-142813-3.jpg,6,Siam weed
20171113-131740-0.jpg,6,Siam weed
20180109-071810-2.jpg,8,Negative
20170727-144931-1.jpg,4,Prickly acacia
20180322-103957-1.jpg,8,Negative
20170410-123853-0.jpg,0,Chinee apple
20170714-122210-2.jpg,1,Lantana
20180125-094245-2.jpg,8,Negative
20180112-094355-1.jpg,8,Negative
20171109-071422-3.jpg,5,Rubber vine
20180109-072555-1.jpg,8,Negative
20171212-095749-1.jpg,8,Negative
20170501-143547-0.jpg,1,Lantana
20180109-090349-2.jpg,8,Negative
20170913-122944-3.jpg,3,Parthenium
20171219-094957-3.jpg,8,Negative
20171219-100901-3.jpg,8,Negative
20170126-095726-0.jpg,1,Lantana
20170707-111904-0.jpg,0,Chinee apple
20170727-143524-3.jpg,4,Prickly acacia
20170811-102238-1.jpg,0,Chinee apple
20171212-102030-3.jpg,8,Negative
20180112-075810-2.jpg,8,Negative
20180112-101515-1.jpg,8,Negative
20170920-163723-3.jpg,2,Parkinsonia
20170729-093519-2.jpg,4,Prickly acacia
20180112-095000-2.jpg,8,Negative
20170304-125325-0.jpg,0,Chinee apple
20170920-130523-2.jpg,2,Parkinsonia
20180119-105649-1.jpg,8,Negative
20171113-103939-0.jpg,6,Siam weed
20180322-112853-1.jpg,8,Negative
20170920-190044-1.jpg,2,Parkinsonia
20171025-082135-1.jpg,3,Parthenium
20180125-091225-1.jpg,8,Negative
20170728-153239-1.jpg,8,Negative
20180112-093825-1.jpg,8,Negative
20180109-074920-2.jpg,8,Negative
20171205-144029-2.jpg,8,Negative
20180112-102754-1.jpg,8,Negative
20180125-092149-2.jpg,8,Negative
20180112-081147-2.jpg,8,Negative
20180125-092848-1.jpg,8,Negative
20180125-130057-2.jpg,8,Negative
20180322-113805-2.jpg,8,Negative
20180109-071900-1.jpg,8,Negative
20180322-103121-1.jpg,8,Negative
20180322-111737-1.jpg,8,Negative
20170714-111950-2.jpg,1,Lantana
20180112-091907-1.jpg,8,Negative
20180125-093806-2.jpg,8,Negative
20170811-132546-1.jpg,0,Chinee apple
20180109-102908-2.jpg,8,Negative
20180109-103126-1.jpg,8,Negative
20171102-102243-2.jpg,2,Parkinsonia
20171212-094853-1.jpg,8,Negative
20171218-120753-2.jpg,8,Negative
20171212-094029-3.jpg,8,Negative
20170129-102736-0.jpg,8,Negative
20180109-071353-2.jpg,8,Negative
20180112-102236-1.jpg,8,Negative
20180109-104545-2.jpg,8,Negative
20170714-114444-2.jpg,1,Lantana
20180105-093425-2.jpg,8,Negative
20170727-165420-1.jpg,4,Prickly acacia
20171219-114635-2.jpg,8,Negative
20180109-091746-1.jpg,8,Negative
20170906-100132-1.jpg,3,Parthenium
20171025-095632-2.jpg,3,Parthenium
20171217-184024-2.jpg,8,Negative
20170714-141443-3.jpg,1,Lantana
20170522-123520-0.jpg,1,Lantana
20180112-101904-2.jpg,8,Negative
20180112-100952-2.jpg,8,Negative
20180125-091627-2.jpg,8,Negative
20180105-092734-2.jpg,8,Negative
20170714-111546-1.jpg,1,Lantana
20170727-143011-1.jpg,4,Prickly acacia
20171102-103416-3.jpg,2,Parkinsonia
20171205-124348-2.jpg,8,Negative
20180125-101955-1.jpg,8,Negative
20171220-083257-2.jpg,8,Negative
20180125-101013-1.jpg,8,Negative
20180112-081252-2.jpg,8,Negative
20171212-094447-1.jpg,8,Negative
20180125-091331-1.jpg,8,Negative
20170610-120945-0.jpg,1,Lantana
20170714-142743-3.jpg,1,Lantana
20170727-130335-3.jpg,4,Prickly acacia
20180109-094748-2.jpg,8,Negative
20170410-124729-0.jpg,0,Chinee apple
20170128-102020-0.jpg,8,Negative
20180109-070050-1.jpg,8,Negative
20180109-095221-1.jpg,8,Negative
20180112-103828-1.jpg,8,Negative
20180112-072329-2.jpg,8,Negative
20170920-113157-2.jpg,2,Parkinsonia
20170207-153656-0.jpg,0,Chinee apple
20171025-075211-2.jpg,3,Parthenium
20171102-120702-2.jpg,2,Parkinsonia
20180105-091416-2.jpg,8,Negative
20171220-084200-2.jpg,8,Negative
20180109-065949-1.jpg,8,Negative
20180119-114810-1.jpg,8,Negative
20170727-163110-1.jpg,4,Prickly acacia
20180322-115218-2.jpg,8,Negative
20170727-113337-3.jpg,4,Prickly acacia
20170920-134714-2.jpg,2,Parkinsonia
20180125-133341-3.jpg,8,Negative
20180119-115245-1.jpg,8,Negative
20171203-165247-3.jpg,8,Negative
20180109-100000-2.jpg,8,Negative
20170127-101619-0.jpg,1,Lantana
20180125-091649-2.jpg,8,Negative
20171102-115333-3.jpg,2,Parkinsonia
20171220-095558-2.jpg,8,Negative
20170920-112513-2.jpg,2,Parkinsonia
20170405-154420-0.jpg,0,Chinee apple
20170913-155322-3.jpg,3,Parthenium
20171109-095202-3.jpg,5,Rubber vine
20180119-115622-2.jpg,8,Negative
20180125-134952-2.jpg,8,Negative
20171220-091652-3.jpg,8,Negative
20171219-113752-2.jpg,8,Negative
20171220-091100-2.jpg,8,Negative
20170130-102811-0.jpg,1,Lantana
20170127-102214-0.jpg,1,Lantana
20180109-074857-1.jpg,8,Negative
20171212-095538-3.jpg,8,Negative
20180112-074526-2.jpg,8,Negative
20171201-120921-1.jpg,8,Negative
20180109-065914-1.jpg,8,Negative
20171219-102609-3.jpg,8,Negative
20170707-111046-0.jpg,0,Chinee apple
20171102-102854-1.jpg,2,Parkinsonia
20170727-143411-3.jpg,4,Prickly acacia
20180105-100658-3.jpg,8,Negative
20171113-093033-1.jpg,5,Rubber vine
20170920-165528-1.jpg,2,Parkinsonia
20170906-135456-4.jpg,3,Parthenium
20180125-091530-2.jpg,8,Negative
20171220-092719-2.jpg,8,Negative
20170727-145434-1.jpg,4,Prickly acacia
20170727-115818-3.jpg,4,Prickly acacia
20171203-174128-3.jpg,8,Negative
20180105-101357-2.jpg,8,Negative
20171025-095557-3.jpg,3,Parthenium
20170501-144311-0.jpg,1,Lantana
20180112-075539-2.jpg,8,Negative
20170630-150254-0.jpg,7,Snake weed
20170728-151128-1.jpg,4,Prickly acacia
20180119-110357-1.jpg,8,Negative
20171217-184424-2.jpg,8,Negative
20170304-124542-0.jpg,0,Chinee apple
20180125-101314-1.jpg,8,Negative
20180112-101842-1.jpg,8,Negative
20180109-095727-1.jpg,8,Negative
20170920-181827-1.jpg,2,Parkinsonia
20180105-093954-3.jpg,8,Negative
20171109-194112-1.jpg,5,Rubber vine
20171113-134801-1.jpg,6,Siam weed
20171113-143440-3.jpg,6,Siam weed
20171113-131008-1.jpg,6,Siam weed
20170727-164122-3.jpg,4,Prickly acacia
20170920-114423-2.jpg,2,Parkinsonia
20180119-104528-1.jpg,8,Negative
20180322-105147-1.jpg,8,Negative
20171212-095558-1.jpg,8,Negative
20171102-120234-3.jpg,2,Parkinsonia
20171025-092802-1.jpg,3,Parthenium
20171113-131631-2.jpg,6,Siam weed
20180105-100443-2.jpg,8,Negative
20180125-093315-1.jpg,8,Negative
20170920-100146-1.jpg,2,Parkinsonia
20171212-094106-1.jpg,8,Negative
20180112-100732-2.jpg,8,Negative
20170913-095554-2.jpg,3,Parthenium
20170811-131105-1.jpg,0,Chinee apple
20180112-072941-2.jpg,8,Negative
20171203-172918-3.jpg,8,Negative
20180109-065805-1.jpg,8,Negative
20171219-114028-3.jpg,8,Negative
20170207-142342-0.jpg,7,Snake weed
20180109-092109-1.jpg,8,Negative
20180322-111909-2.jpg,8,Negative
20171109-090052-3.jpg,5,Rubber vine
20180112-102628-1.jpg,8,Negative
20171109-072843-3.jpg,5,Rubber vine
20171219-093256-2.jpg,8,Negative
20180105-092822-2.jpg,8,Negative
20180105-101007-2.jpg,8,Negative
20170913-102640-2.jpg,3,Parthenium
20170913-105303-1.jpg,3,Parthenium
20170920-114342-2.jpg,2,Parkinsonia
20171218-105516-3.jpg,8,Negative
20171203-172336-3.jpg,8,Negative
20170630-155907-0.jpg,7,Snake weed
20170811-155215-2.jpg,0,Chinee apple
20171121-085507-1.jpg,6,Siam weed
20180112-094733-1.jpg,8,Negative
20171113-123016-3.jpg,6,Siam weed
20180109-105923-2.jpg,8,Negative
20170127-100941-0.jpg,1,Lantana
20170729-154012-3.jpg,4,Prickly acacia
20170920-110953-3.jpg,2,Parkinsonia
20170126-100257-0.jpg,1,Lantana
20171219-105614-2.jpg,8,Negative
20170128-103131-0.jpg,8,Negative
20180119-114117-1.jpg,8,Negative
20171025-080121-3.jpg,3,Parthenium
20180109-073235-2.jpg,8,Negative
20180112-082339-1.jpg,8,Negative
20171219-113630-2.jpg,8,Negative
20180125-133832-3.jpg,8,Negative
20180109-075528-2.jpg,8,Negative
20171220-084817-2.jpg,8,Negative
20170217-150305-0.jpg,0,Chinee apple
20170711-112740-0.jpg,7,Snake weed
20171025-074833-3.jpg,3,Parthenium
20180125-092724-1.jpg,8,Negative
20171217-103346-2.jpg,8,Negative
20180112-100833-1.jpg,8,Negative
20180125-093955-1.jpg,8,Negative
20180119-104653-2.jpg,8,Negative
20171220-093027-2.jpg,8,Negative
20170129-102127-0.jpg,8,Negative
20170906-093055-1.jpg,3,Parthenium
20170129-102311-0.jpg,8,Negative
20171121-073753-1.jpg,6,Siam weed
20180105-100729-2.jpg,8,Negative
20171109-074418-1.jpg,5,Rubber vine
20180109-091536-1.jpg,8,Negative
20180105-093019-2.jpg,8,Negative
20170127-101340-0.jpg,1,Lantana
20180105-092306-3.jpg,8,Negative
20180109-104702-2.jpg,8,Negative
20170128-102307-0.jpg,8,Negative
20171109-090033-3.jpg,5,Rubber vine
20180109-075356-2.jpg,8,Negative
20170217-113424-0.jpg,7,Snake weed
20170714-111155-1.jpg,1,Lantana
20170217-112250-0.jpg,0,Chinee apple
20170727-154948-1.jpg,4,Prickly acacia
20180109-071039-2.jpg,8,Negative
20170811-104623-2.jpg,0,Chinee apple
20171203-170148-3.jpg,8,Negative
20171102-103136-3.jpg,2,Parkinsonia
20170728-150813-1.jpg,8,Negative
20180109-104434-2.jpg,8,Negative
20171025-091108-2.jpg,3,Parthenium
20180109-095254-2.jpg,8,Negative
20180112-092341-2.jpg,8,Negative
20170630-155109-0.jpg,7,Snake weed
20171121-081532-2.jpg,6,Siam weed
20170727-162936-2.jpg,4,Prickly acacia
20170727-143620-1.jpg,4,Prickly acacia
20180109-072350-1.jpg,8,Negative
20170714-135431-3.jpg,1,Lantana
20171113-092117-3.jpg,5,Rubber vine
20180125-091914-2.jpg,8,Negative
20170727-113213-3.jpg,4,Prickly acacia
20171102-122854-1.jpg,2,Parkinsonia
20180125-132900-2.jpg,8,Negative
20171025-075716-2.jpg,3,Parthenium
20170920-183022-1.jpg,2,Parkinsonia
20171203-170354-3.jpg,8,Negative
20170913-102318-2.jpg,3,Parthenium
20180112-093114-2.jpg,8,Negative
20171219-102203-3.jpg,8,Negative
20171109-092239-2.jpg,5,Rubber vine
20180105-101857-2.jpg,8,Negative
20170715-133949-1.jpg,1,Lantana
20180109-072816-1.jpg,8,Negative
20170728-150105-1.jpg,4,Prickly acacia
20170913-102856-1.jpg,3,Parthenium
20180322-113145-2.jpg,8,Negative
20180125-092352-1.jpg,8,Negative
20170811-110257-1.jpg,0,Chinee apple
20171121-085925-1.jpg,6,Siam weed
20171212-102312-3.jpg,8,Negative
20180112-093459-1.jpg,8,Negative
20170128-102317-0.jpg,8,Negative
20171121-074610-1.jpg,6,Siam weed
20180105-093213-2.jpg,8,Negative
20180112-104212-2.jpg,8,Negative
20180119-115022-2.jpg,8,Negative
20171205-123733-2.jpg,8,Negative
20170714-120827-3.jpg,1,Lantana
20180112-074828-2.jpg,8,Negative
20170718-132125-2.jpg,7,Snake weed
20171220-084839-3.jpg,8,Negative
20180109-085435-2.jpg,8,Negative
20180322-111727-1.jpg,8,Negative
20171102-095650-1.jpg,8,Negative
20180112-071307-2.jpg,8,Negative
20170217-111616-0.jpg,0,Chinee apple
20170920-112451-2.jpg,2,Parkinsonia
20171113-142612-3.jpg,6,Siam weed
20170906-112511-2.jpg,3,Parthenium
20171102-093305-1.jpg,4,Prickly acacia
20170906-103151-1.jpg,3,Parthenium
20170126-100045-0.jpg,1,Lantana
20170217-095739-0.jpg,7,Snake weed
20180119-111418-1.jpg,8,Negative
20171220-094530-2.jpg,8,Negative
20171109-071525-3.jpg,5,Rubber vine
20171205-143306-2.jpg,8,Negative
20180125-132456-2.jpg,8,Negative
20170727-151903-1.jpg,4,Prickly acacia
20180112-081026-2.jpg,8,Negative
20170714-141902-3.jpg,1,Lantana
20171109-072328-1.jpg,5,Rubber vine
20180109-091758-1.jpg,8,Negative
20180109-105710-1.jpg,8,Negative
20180125-091801-2.jpg,8,Negative
20180109-085659-2.jpg,8,Negative
20180112-072259-2.jpg,8,Negative
20180125-091222-2.jpg,8,Negative
20171108-130728-3.jpg,5,Rubber vine
20171025-093148-2.jpg,3,Parthenium
20180112-091244-2.jpg,8,Negative
20171218-105200-2.jpg,8,Negative
20170728-152242-1.jpg,4,Prickly acacia
20170920-111615-2.jpg,2,Parkinsonia
20180112-082545-1.jpg,8,Negative
20170715-103853-1.jpg,1,Lantana
20180105-101110-3.jpg,8,Negative
20171025-094711-2.jpg,3,Parthenium
20171220-092319-3.jpg,8,Negative
20171025-095830-1.jpg,3,Parthenium
20180322-113248-1.jpg,8,Negative
20171109-094851-2.jpg,5,Rubber vine
20170729-153538-3.jpg,4,Prickly acacia
20180105-092623-3.jpg,8,Negative
20180322-105259-1.jpg,8,Negative
20171025-092832-2.jpg,3,Parthenium
20171218-110731-2.jpg,8,Negative
20171025-094200-1.jpg,3,Parthenium
20171218-110814-2.jpg,8,Negative
20180109-070808-2.jpg,8,Negative
20170913-125611-1.jpg,5,Rubber vine
20170811-110245-2.jpg,0,Chinee apple
20180109-070037-1.jpg,8,Negative
20180112-103220-1.jpg,8,Negative
20170811-132213-2.jpg,0,Chinee apple
20180109-074335-1.jpg,8,Negative
20170728-124439-2.jpg,4,Prickly acacia
20170728-153722-3.jpg,8,Negative
20171219-113609-2.jpg,8,Negative
20171025-093853-1.jpg,3,Parthenium
20171109-090554-1.jpg,5,Rubber vine
20170714-120046-3.jpg,1,Lantana
20180322-112851-2.jpg,8,Negative
20180112-094508-1.jpg,8,Negative
20171113-151731-1.jpg,6,Siam weed
20171113-144457-1.jpg,6,Siam weed
20180119-110948-2.jpg,8,Negative
20171219-113619-2.jpg,8,Negative
20170610-121827-0.jpg,1,Lantana
20180105-093244-2.jpg,8,Negative
20170727-112520-3.jpg,4,Prickly acacia
20180109-080657-2.jpg,8,Negative
20180109-070720-1.jpg,8,Negative
20171220-090130-2.jpg,8,Negative
20180112-080315-1.jpg,8,Negative
20180105-101059-3.jpg,8,Negative
20170210-150642-0.jpg,0,Chinee apple
20171113-100350-3.jpg,5,Rubber vine
20180322-115134-2.jpg,8,Negative
20171025-081322-2.jpg,3,Parthenium
20171113-093203-3.jpg,5,Rubber vine
20180109-100113-1.jpg,8,Negative
20180109-074105-2.jpg,8,Negative
20170727-145549-3.jpg,4,Prickly acacia
20171109-090843-3.jpg,5,Rubber vine
20180109-103017-1.jpg,8,Negative
20171122-104304-1.jpg,5,Rubber vine
20171113-121703-1.jpg,6,Siam weed
20170920-113424-3.jpg,2,Parkinsonia
20171113-092801-1.jpg,5,Rubber vine
20180109-103711-2.jpg,8,Negative
20171025-090747-2.jpg,3,Parthenium
20180109-105026-1.jpg,8,Negative
20180125-131323-3.jpg,8,Negative
20170217-113555-0.jpg,7,Snake weed
20180125-132440-3.jpg,8,Negative
20180125-131114-3.jpg,8,Negative
20170210-131833-0.jpg,7,Snake weed
20171113-163420-0.jpg,6,Siam weed
20170920-163339-3.jpg,2,Parkinsonia
20170913-130414-2.jpg,5,Rubber vine
20171205-123855-2.jpg,8,Negative
20180322-111857-1.jpg,8,Negative
20180105-092408-3.jpg,8,Negative
20180125-132320-3.jpg,8,Negative
20170811-131008-2.jpg,0,Chinee apple
20171109-092443-2.jpg,5,Rubber vine
20171220-085324-3.jpg,8,Negative
20170705-165342-0.jpg,0,Chinee apple
20171203-174330-3.jpg,8,Negative
20180125-130158-3.jpg,8,Negative
20170804-133111-1.jpg,0,Chinee apple
20180105-092732-3.jpg,8,Negative
20171121-072630-1.jpg,6,Siam weed
20171109-092855-1.jpg,5,Rubber vine
20171102-103338-2.jpg,2,Parkinsonia
20171220-085334-2.jpg,8,Negative
20170906-135014-1.jpg,3,Parthenium
20171218-111251-3.jpg,8,Negative
20170714-115632-2.jpg,1,Lantana
20170715-124738-1.jpg,1,Lantana
20180119-114203-2.jpg,8,Negative
20170210-144638-0.jpg,0,Chinee apple
20171219-113915-3.jpg,8,Negative
20180112-081941-1.jpg,8,Negative
20170727-163756-3.jpg,4,Prickly acacia
20170727-152421-3.jpg,4,Prickly acacia
20180109-075127-2.jpg,8,Negative
20180109-085351-1.jpg,8,Negative
20170705-161341-0.jpg,7,Snake weed
20170304-132346-0.jpg,7,Snake weed
20171218-104447-3.jpg,8,Negative
20180119-113350-2.jpg,8,Negative
20170705-161245-0.jpg,7,Snake weed
20171219-100026-2.jpg,8,Negative
20171218-122218-3.jpg,8,Negative
20180322-125459-1.jpg,8,Negative
20180112-075054-2.jpg,8,Negative
20170130-102100-0.jpg,1,Lantana
20171220-091433-2.jpg,8,Negative
20180109-101245-1.jpg,8,Negative
20171220-100509-1.jpg,8,Negative
20170913-104809-2.jpg,3,Parthenium
20170630-155532-0.jpg,7,Snake weed
20170127-100828-0.jpg,1,Lantana
20180109-094707-1.jpg,8,Negative
20171218-110416-2.jpg,8,Negative
20180109-101504-1.jpg,8,Negative
20171121-073155-1.jpg,6,Siam weed
20171025-080431-1.jpg,3,Parthenium
20170128-102701-0.jpg,8,Negative
20180125-092722-2.jpg,8,Negative
20171109-084701-3.jpg,5,Rubber vine
20171218-120226-2.jpg,8,Negative
20180109-074359-2.jpg,8,Negative
20171219-112103-3.jpg,8,Negative
20170217-103132-0.jpg,0,Chinee apple
20171218-104434-3.jpg,8,Negative
20180322-112116-2.jpg,8,Negative
20180119-111351-2.jpg,8,Negative
20171113-091651-1.jpg,5,Rubber vine
20170920-162842-3.jpg,2,Parkinsonia
20170404-154025-0.jpg,7,Snake weed
20170727-115706-3.jpg,4,Prickly acacia
20180125-091956-2.jpg,8,Negative
20170304-153004-0.jpg,7,Snake weed
20180109-072643-2.jpg,8,Negative
20171218-111223-3.jpg,8,Negative
20171121-082338-1.jpg,6,Siam weed
20170920-095108-1.jpg,2,Parkinsonia
20180112-092735-2.jpg,8,Negative
20180112-091958-2.jpg,8,Negative
20171025-081645-1.jpg,3,Parthenium
20170210-132833-0.jpg,0,Chinee apple
20171220-084907-2.jpg,8,Negative
20170728-124604-3.jpg,4,Prickly acacia
20170714-140405-3.jpg,1,Lantana
20170811-133144-1.jpg,0,Chinee apple
20161207-142413-0.jpg,1,Lantana
20180112-075227-2.jpg,8,Negative
20170410-124425-0.jpg,0,Chinee apple
20180125-132951-2.jpg,8,Negative
20180322-130724-1.jpg,8,Negative
20171121-075522-1.jpg,6,Siam weed
20161207-111122-0.jpg,0,Chinee apple
20171025-091328-1.jpg,3,Parthenium
20171025-094823-2.jpg,3,Parthenium
20171025-095553-1.jpg,3,Parthenium
20171025-092817-1.jpg,3,Parthenium
20170705-164308-0.jpg,7,Snake weed
20180109-080707-2.jpg,8,Negative
20180125-131050-2.jpg,8,Negative
20171109-092552-1.jpg,5,Rubber vine
20170210-142444-0.jpg,7,Snake weed
20171113-060751-1.jpg,6,Siam weed
20170501-144847-0.jpg,8,Negative
20180112-093612-1.jpg,8,Negative
20171025-075929-2.jpg,3,Parthenium
20171218-105318-3.jpg,8,Negative
20171113-120204-2.jpg,6,Siam weed
20170727-134601-1.jpg,4,Prickly acacia
20170906-113355-1.jpg,3,Parthenium
20171025-082718-3.jpg,3,Parthenium
20170727-134825-1.jpg,4,Prickly acacia
20170127-102437-0.jpg,1,Lantana
20170126-095855-0.jpg,1,Lantana
20171109-070837-3.jpg,5,Rubber vine
20170127-102904-0.jpg,1,Lantana
20180322-121116-2.jpg,8,Negative
20180125-101344-2.jpg,8,Negative
20170217-100839-0.jpg,7,Snake weed
20180322-121522-2.jpg,8,Negative
20170920-113711-2.jpg,2,Parkinsonia
20170727-124501-3.jpg,4,Prickly acacia
20171203-082203-3.jpg,8,Negative
20170920-171058-3.jpg,2,Parkinsonia
20180112-100841-2.jpg,8,Negative
20170304-131535-0.jpg,7,Snake weed
20180112-070945-2.jpg,8,Negative
20170729-090955-1.jpg,4,Prickly acacia
20180322-103939-1.jpg,8,Negative
20180322-125244-1.jpg,8,Negative
20171121-083233-1.jpg,6,Siam weed
20171109-073102-3.jpg,5,Rubber vine
20171113-091623-3.jpg,5,Rubber vine
20171218-121202-2.jpg,8,Negative
20180105-091251-3.jpg,8,Negative
20170315-085654-0.jpg,8,Negative
20170217-103810-0.jpg,0,Chinee apple
20180105-104158-1.jpg,8,Negative
20180112-102428-1.jpg,8,Negative
20180109-074420-2.jpg,8,Negative
20180112-094704-1.jpg,8,Negative
20171220-095033-2.jpg,8,Negative
20170727-114819-3.jpg,4,Prickly acacia
20170217-100826-0.jpg,7,Snake weed
20180112-075737-2.jpg,8,Negative
20180322-133614-1.jpg,8,Negative
20180109-095136-2.jpg,8,Negative
20180105-092442-2.jpg,8,Negative
20180112-104321-2.jpg,8,Negative
20180322-121633-2.jpg,8,Negative
20171025-093428-3.jpg,3,Parthenium
20170727-142920-1.jpg,4,Prickly acacia
20180109-073156-2.jpg,8,Negative
20170127-102955-0.jpg,1,Lantana
20170210-142821-0.jpg,7,Snake weed
20171113-131307-1.jpg,6,Siam weed
20180125-094353-2.jpg,8,Negative
20170920-114029-3.jpg,2,Parkinsonia
20171212-104013-3.jpg,8,Negative
20171121-085233-1.jpg,6,Siam weed
20171212-095308-3.jpg,8,Negative
20170811-134204-1.jpg,0,Chinee apple
20171219-095140-3.jpg,8,Negative
20180125-130344-3.jpg,8,Negative
20180105-100220-2.jpg,8,Negative
20171102-122334-3.jpg,2,Parkinsonia
20170913-124523-1.jpg,5,Rubber vine
20171025-093900-3.jpg,3,Parthenium
20170920-171708-1.jpg,2,Parkinsonia
20171220-095348-2.jpg,8,Negative
20171025-083118-3.jpg,7,Snake weed
20170501-144812-0.jpg,8,Negative
20171203-173246-3.jpg,8,Negative
20171203-165928-3.jpg,8,Negative
20171102-094952-1.jpg,4,Prickly acacia
20170210-131010-0.jpg,7,Snake weed
20180112-104011-2.jpg,8,Negative
20170920-162006-3.jpg,2,Parkinsonia
20171113-095617-1.jpg,5,Rubber vine
20171108-125635-3.jpg,5,Rubber vine
20170207-154653-0.jpg,0,Chinee apple
20171218-105258-2.jpg,8,Negative
20180112-083254-1.jpg,8,Negative
20180322-112955-1.jpg,8,Negative
20180125-091609-2.jpg,8,Negative
20170714-165953-1.jpg,1,Lantana
20171102-115559-3.jpg,2,Parkinsonia
20170920-163450-3.jpg,2,Parkinsonia
20171109-091937-2.jpg,5,Rubber vine
20180112-093259-2.jpg,8,Negative
20170706-130106-3.jpg,1,Lantana
20170210-131145-0.jpg,7,Snake weed
20171220-091650-3.jpg,8,Negative
20171218-104431-2.jpg,8,Negative
20171113-120849-1.jpg,6,Siam weed
20170714-115525-3.jpg,1,Lantana
20180125-093340-1.jpg,8,Negative
20170217-152211-0.jpg,0,Chinee apple
20170727-162713-3.jpg,4,Prickly acacia
20171219-113651-2.jpg,8,Negative
20180119-104803-2.jpg,8,Negative
20180125-130149-2.jpg,8,Negative
20180125-130908-2.jpg,8,Negative
20170210-133449-0.jpg,0,Chinee apple
20171122-103312-1.jpg,5,Rubber vine
20180112-080743-1.jpg,8,Negative
20180109-103237-2.jpg,8,Negative
20171025-092726-2.jpg,3,Parthenium
20171219-105955-3.jpg,8,Negative
20171113-145625-1.jpg,6,Siam weed
20171205-133730-2.jpg,8,Negative
20180109-072841-2.jpg,8,Negative
20170913-110339-1.jpg,3,Parthenium
20171025-090125-1.jpg,3,Parthenium
20171220-083031-2.jpg,8,Negative
20180112-072643-1.jpg,8,Negative
20161207-112158-0.jpg,0,Chinee apple
20171218-114742-2.jpg,8,Negative
20170727-124910-1.jpg,4,Prickly acacia
20180112-073915-1.jpg,8,Negative
20180109-104537-2.jpg,8,Negative
20171205-143923-2.jpg,8,Negative
20170729-091202-1.jpg,4,Prickly acacia
20170714-185914-1.jpg,1,Lantana
20160928-140337-0.jpg,0,Chinee apple
20170718-132932-2.jpg,0,Chinee apple
20180112-072832-1.jpg,8,Negative
20180109-072227-2.jpg,8,Negative
20171122-102318-1.jpg,5,Rubber vine
20170718-102305-2.jpg,7,Snake weed
20170404-153744-0.jpg,7,Snake weed
20171203-165745-3.jpg,8,Negative
20170627-103545-0.jpg,0,Chinee apple
20171220-100903-2.jpg,8,Negative
20171220-090946-2.jpg,8,Negative
20170920-174058-1.jpg,2,Parkinsonia
20180322-104355-2.jpg,8,Negative
20180125-134952-3.jpg,8,Negative
20171220-084034-3.jpg,8,Negative
20171121-082132-1.jpg,6,Siam weed
20171220-100717-2.jpg,8,Negative
20170920-112403-3.jpg,2,Parkinsonia
20180112-072901-2.jpg,8,Negative
20171113-134247-3.jpg,6,Siam weed
20170913-110647-1.jpg,3,Parthenium
20180322-133656-1.jpg,8,Negative
20180119-110612-1.jpg,8,Negative
20171121-073514-1.jpg,6,Siam weed
20180322-120923-2.jpg,8,Negative
20180109-102846-1.jpg,8,Negative
20170304-130523-0.jpg,7,Snake weed
20170130-102941-0.jpg,1,Lantana
20180105-095628-2.jpg,8,Negative
20170913-103816-1.jpg,3,Parthenium
20171218-111618-2.jpg,8,Negative
20171218-103326-3.jpg,8,Negative
20180109-073359-2.jpg,8,Negative
20171102-102557-2.jpg,2,Parkinsonia
20180109-070145-2.jpg,8,Negative
20171025-080130-1.jpg,3,Parthenium
20170920-113620-2.jpg,2,Parkinsonia
20170920-133818-2.jpg,2,Parkinsonia
20180125-131712-3.jpg,8,Negative
20171102-122749-2.jpg,2,Parkinsonia
20180109-092247-1.jpg,8,Negative
20171102-115311-2.jpg,2,Parkinsonia
20171219-113607-3.jpg,8,Negative
20171218-115821-3.jpg,8,Negative
20180112-074709-2.jpg,8,Negative
20180109-094616-1.jpg,8,Negative
20170718-094600-2.jpg,0,Chinee apple
20170920-114105-3.jpg,2,Parkinsonia
20171205-142928-2.jpg,8,Negative
20171108-130308-3.jpg,5,Rubber vine
20180125-102050-2.jpg,8,Negative
20180109-072118-2.jpg,8,Negative
20170207-153930-0.jpg,0,Chinee apple
20171102-095154-1.jpg,4,Prickly acacia
20170728-151411-1.jpg,4,Prickly acacia
20170913-102707-3.jpg,5,Rubber vine
20171109-093520-2.jpg,5,Rubber vine
20170727-111953-1.jpg,4,Prickly acacia
20180125-095031-1.jpg,8,Negative
20170729-091840-1.jpg,4,Prickly acacia
20170727-135150-1.jpg,4,Prickly acacia
20171219-112949-2.jpg,8,Negative
20180322-120135-2.jpg,8,Negative
20180109-085920-2.jpg,8,Negative
20180109-094813-1.jpg,8,Negative
20171220-084757-2.jpg,8,Negative
20180112-081337-2.jpg,8,Negative
20180109-074514-2.jpg,8,Negative
20170728-150952-1.jpg,4,Prickly acacia
20180112-091818-1.jpg,8,Negative
20171217-103623-2.jpg,8,Negative
20171025-095113-3.jpg,3,Parthenium
20170913-105918-1.jpg,3,Parthenium
20180112-093646-1.jpg,8,Negative
20171121-081723-2.jpg,6,Siam weed
20180109-091112-2.jpg,8,Negative
20171113-173515-0.jpg,6,Siam weed
20171212-093214-3.jpg,8,Negative
20171212-095147-3.jpg,8,Negative
20170217-122330-0.jpg,0,Chinee apple
20170715-143826-1.jpg,1,Lantana
20171113-144918-1.jpg,6,Siam weed
20171203-170055-3.jpg,8,Negative
20180125-132939-3.jpg,8,Negative
20180109-085337-1.jpg,8,Negative
20170210-132249-0.jpg,0,Chinee apple
20180109-074803-2.jpg,8,Negative
20180109-103633-2.jpg,8,Negative
20171025-082253-1.jpg,0,Chinee apple
20170729-092551-1.jpg,4,Prickly acacia
20171212-094332-1.jpg,8,Negative
20170210-144906-0.jpg,0,Chinee apple
20180112-072727-2.jpg,8,Negative
20170501-144519-0.jpg,1,Lantana
20171203-164511-3.jpg,8,Negative
20180109-091558-1.jpg,8,Negative
20171220-101721-2.jpg,8,Negative
20170913-101435-3.jpg,5,Rubber vine
20180322-121400-2.jpg,8,Negative
20180119-115043-2.jpg,8,Negative
20180112-082025-1.jpg,8,Negative
20170811-123116-2.jpg,0,Chinee apple
20180112-104258-2.jpg,8,Negative
20170728-151858-2.jpg,4,Prickly acacia
20170410-153746-0.jpg,7,Snake weed
20171205-141004-2.jpg,8,Negative
20170920-112335-3.jpg,2,Parkinsonia
20171220-091228-2.jpg,8,Negative
20171220-083645-3.jpg,8,Negative
20180109-091041-2.jpg,8,Negative
20180112-071420-2.jpg,8,Negative
20171025-073900-2.jpg,3,Parthenium
20171025-082850-3.jpg,3,Parthenium
20170501-143714-0.jpg,1,Lantana
20171218-110656-3.jpg,8,Negative
20170811-163650-1.jpg,0,Chinee apple
20180109-105016-1.jpg,8,Negative
20171113-145011-3.jpg,6,Siam weed
20171205-124137-2.jpg,8,Negative
20170728-150342-1.jpg,4,Prickly acacia
20170920-180555-1.jpg,2,Parkinsonia
20180112-094840-2.jpg,8,Negative
20180322-133029-1.jpg,8,Negative
20180125-100401-1.jpg,8,Negative
20180112-102035-2.jpg,8,Negative
20171218-111355-2.jpg,8,Negative
20170217-144905-0.jpg,7,Snake weed
20180105-093543-3.jpg,8,Negative
20171109-074249-3.jpg,5,Rubber vine
20180125-131138-3.jpg,8,Negative
20180109-091451-2.jpg,8,Negative
20180119-115555-1.jpg,8,Negative
20180119-110143-1.jpg,8,Negative
20180109-080651-1.jpg,8,Negative
20171102-095706-3.jpg,4,Prickly acacia
20170721-114822-1.jpg,0,Chinee apple
20180109-074243-2.jpg,8,Negative
20180322-111400-2.jpg,8,Negative
20180322-125907-1.jpg,8,Negative
20171219-112154-2.jpg,8,Negative
20170913-103508-2.jpg,3,Parthenium
20171219-113332-2.jpg,8,Negative
20180322-114327-1.jpg,8,Negative
20171113-134556-3.jpg,6,Siam weed
20170711-113751-0.jpg,7,Snake weed
20170207-155423-0.jpg,0,Chinee apple
20170210-132651-0.jpg,0,Chinee apple
20180125-131512-2.jpg,8,Negative
20171217-183823-2.jpg,8,Negative
20170728-120936-2.jpg,4,Prickly acacia
20180322-112313-2.jpg,8,Negative
20170920-163825-3.jpg,2,Parkinsonia
20171205-144436-2.jpg,8,Negative
20180112-073106-1.jpg,8,Negative
20180112-075208-2.jpg,8,Negative
20171113-121340-1.jpg,6,Siam weed
20171113-145555-1.jpg,6,Siam weed
20170728-125157-2.jpg,4,Prickly acacia
20171025-100346-2.jpg,3,Parthenium
20180112-075830-2.jpg,8,Negative
20170714-145911-1.jpg,1,Lantana
20171220-093340-2.jpg,8,Negative
20170727-144020-1.jpg,4,Prickly acacia
20180109-074122-2.jpg,8,Negative
20171121-083629-1.jpg,6,Siam weed
20180125-132851-2.jpg,8,Negative
20180112-073136-2.jpg,8,Negative
20180105-100328-2.jpg,8,Negative
20170304-123600-0.jpg,7,Snake weed
20170714-115505-2.jpg,1,Lantana
20171218-110710-3.jpg,8,Negative
20170728-124730-2.jpg,4,Prickly acacia
20180112-102111-2.jpg,8,Negative
20180109-105527-1.jpg,8,Negative
20180109-104241-1.jpg,8,Negative
20170315-085715-0.jpg,8,Negative
20171218-121726-3.jpg,8,Negative
20170920-114750-3.jpg,2,Parkinsonia
20170315-085729-0.jpg,8,Negative
20180322-120051-2.jpg,8,Negative
20170304-130321-0.jpg,0,Chinee apple
20171102-115445-3.jpg,2,Parkinsonia
20170217-100103-0.jpg,7,Snake weed
20180109-075144-1.jpg,8,Negative
20170714-112430-2.jpg,1,Lantana
20171219-101419-2.jpg,8,Negative
20171218-112910-3.jpg,8,Negative
20171025-100726-1.jpg,3,Parthenium
20170207-141840-0.jpg,7,Snake weed
20180109-071118-2.jpg,8,Negative
20170714-175912-1.jpg,1,Lantana
20180109-075037-2.jpg,8,Negative
20170811-110215-2.jpg,0,Chinee apple
20170920-184606-1.jpg,2,Parkinsonia
20171212-103814-3.jpg,8,Negative
20170920-180305-1.jpg,2,Parkinsonia
20170630-150855-0.jpg,7,Snake weed
20170128-103552-0.jpg,8,Negative
20171212-095442-1.jpg,8,Negative
20180112-071310-2.jpg,8,Negative
20171220-083033-3.jpg,8,Negative
20170207-153521-0.jpg,0,Chinee apple
20171025-091859-1.jpg,3,Parthenium
20171220-091724-2.jpg,8,Negative
20180125-093813-1.jpg,8,Negative
20171220-092422-2.jpg,8,Negative
20180125-132354-3.jpg,8,Negative
20171025-095344-1.jpg,3,Parthenium
20170920-101034-2.jpg,2,Parkinsonia
20170920-111647-2.jpg,2,Parkinsonia
20170727-165301-1.jpg,4,Prickly acacia
20171219-113317-3.jpg,8,Negative
20171113-140926-2.jpg,6,Siam weed
20180112-083633-1.jpg,8,Negative
20180125-100609-1.jpg,8,Negative
20171219-094115-2.jpg,8,Negative
20170711-115716-0.jpg,0,Chinee apple
20180125-101739-1.jpg,8,Negative
20170630-154706-0.jpg,7,Snake weed
20180125-131634-2.jpg,8,Negative
20170126-095755-0.jpg,1,Lantana
20180109-104107-2.jpg,8,Negative
20171219-113154-3.jpg,8,Negative
20171113-142912-3.jpg,6,Siam weed
20170727-165407-1.jpg,4,Prickly acacia
20170210-141939-0.jpg,7,Snake weed
20170906-115201-1.jpg,3,Parthenium
20171217-184150-2.jpg,8,Negative
20170729-154105-3.jpg,4,Prickly acacia
20170920-135901-2.jpg,2,Parkinsonia
20180119-113309-1.jpg,8,Negative
20180112-070026-2.jpg,8,Negative
20170128-103856-0.jpg,8,Negative
20171219-112644-2.jpg,8,Negative
20170217-103018-0.jpg,0,Chinee apple
20180112-102723-2.jpg,8,Negative
20171205-133949-2.jpg,8,Negative
20180125-131628-3.jpg,8,Negative
20171218-111642-2.jpg,8,Negative
20170304-125014-0.jpg,0,Chinee apple
20180112-094417-1.jpg,8,Negative
20171212-100128-1.jpg,8,Negative
20180109-101545-2.jpg,8,Negative
20180112-072726-2.jpg,8,Negative
20170127-101503-0.jpg,1,Lantana
20180112-074614-2.jpg,8,Negative
20171219-113320-2.jpg,8,Negative
20170718-131912-2.jpg,7,Snake weed
20170913-122136-3.jpg,3,Parthenium
20171205-134059-2.jpg,8,Negative
20171102-121948-2.jpg,2,Parkinsonia
20180109-070327-2.jpg,8,Negative
20180105-095721-2.jpg,8,Negative
20180125-135527-3.jpg,8,Negative
20180119-115313-2.jpg,8,Negative
20171220-090301-2.jpg,8,Negative
20180109-110104-1.jpg,8,Negative
20170704-151247-0.jpg,7,Snake weed
20171212-094152-3.jpg,8,Negative
20171109-093551-2.jpg,5,Rubber vine
20180105-104532-1.jpg,8,Negative
20171025-095809-1.jpg,3,Parthenium
20170627-104013-0.jpg,0,Chinee apple
20170728-152850-1.jpg,4,Prickly acacia
20170913-115201-2.jpg,5,Rubber vine
20180322-113253-2.jpg,8,Negative
20171219-114259-3.jpg,8,Negative
20180322-113708-1.jpg,8,Negative
20170714-141257-3.jpg,1,Lantana
20170127-101718-0.jpg,1,Lantana
20170210-130229-0.jpg,7,Snake weed
20170130-102134-0.jpg,1,Lantana
20171219-112352-3.jpg,8,Negative
20170811-113755-1.jpg,0,Chinee apple
20170128-102458-0.jpg,8,Negative
20170718-132035-2.jpg,7,Snake weed
20171203-172726-3.jpg,8,Negative
20170920-183415-1.jpg,2,Parkinsonia
20171025-081429-1.jpg,3,Parthenium
20180109-074132-2.jpg,8,Negative
20170217-100309-0.jpg,7,Snake weed
20180109-065935-2.jpg,8,Negative
20180112-094134-2.jpg,8,Negative
20170728-154121-1.jpg,4,Prickly acacia
20180109-104716-2.jpg,8,Negative
20170715-104201-1.jpg,1,Lantana
20170210-150605-0.jpg,0,Chinee apple
20180125-093233-2.jpg,8,Negative
20171219-102206-2.jpg,8,Negative
20170210-131103-0.jpg,7,Snake weed
20170920-094813-3.jpg,2,Parkinsonia
20170210-130923-0.jpg,7,Snake weed
20171113-102414-0.jpg,6,Siam weed
20170718-094725-2.jpg,0,Chinee apple
20171212-094139-3.jpg,8,Negative
20170501-143005-0.jpg,1,Lantana
20180119-110227-1.jpg,8,Negative
20170727-135629-1.jpg,4,Prickly acacia
20180125-100003-1.jpg,8,Negative
20170706-113027-0.jpg,7,Snake weed
20180322-132658-1.jpg,8,Negative
20180105-092648-3.jpg,8,Negative
20170501-145713-0.jpg,8,Negative
20180109-101235-1.jpg,8,Negative
20180322-121319-2.jpg,8,Negative
20180105-100413-3.jpg,8,Negative
20171102-100226-1.jpg,4,Prickly acacia
20170714-142615-3.jpg,1,Lantana
20170714-142944-3.jpg,1,Lantana
20170714-122250-2.jpg,1,Lantana
20180112-092003-1.jpg,8,Negative
20170714-121836-2.jpg,1,Lantana
20170501-142646-0.jpg,1,Lantana
20170727-094049-1.jpg,4,Prickly acacia
20170706-130425-3.jpg,1,Lantana
20180119-110729-1.jpg,8,Negative
20171219-100557-2.jpg,8,Negative
20180105-101143-3.jpg,8,Negative
20170727-171911-1.jpg,4,Prickly acacia
20180112-073241-2.jpg,8,Negative
20170217-100222-0.jpg,7,Snake weed
20171219-100650-3.jpg,8,Negative
20171219-092757-2.jpg,8,Negative
20171121-083301-2.jpg,6,Siam weed
20170127-102546-0.jpg,1,Lantana
20180322-112621-2.jpg,8,Negative
20171121-090235-3.jpg,6,Siam weed
20170811-115202-1.jpg,0,Chinee apple
20171218-110607-3.jpg,8,Negative
20170727-111856-1.jpg,4,Prickly acacia
20171109-090236-1.jpg,5,Rubber vine
20180109-104222-1.jpg,8,Negative
20171113-094355-3.jpg,5,Rubber vine
20171220-101457-1.jpg,8,Negative
20180109-095002-1.jpg,8,Negative
20171122-103412-1.jpg,5,Rubber vine
20171108-130147-3.jpg,5,Rubber vine
20171113-115816-0.jpg,6,Siam weed
20170727-135548-1.jpg,4,Prickly acacia
20180125-091252-2.jpg,8,Negative
20170729-085833-1.jpg,4,Prickly acacia
20171025-092638-1.jpg,3,Parthenium
20180109-103019-2.jpg,8,Negative
20171212-102031-3.jpg,8,Negative
20180125-095657-2.jpg,8,Negative
20170217-144329-0.jpg,7,Snake weed
20180105-093606-3.jpg,8,Negative
20170128-103224-0.jpg,8,Negative
20170217-120349-0.jpg,0,Chinee apple
20170718-095237-2.jpg,0,Chinee apple
20180112-102657-1.jpg,8,Negative
20170728-155317-1.jpg,4,Prickly acacia
20170705-165054-0.jpg,7,Snake weed
20180119-113924-1.jpg,8,Negative
20180109-104417-2.jpg,8,Negative
20180322-131707-1.jpg,8,Negative
20170714-110618-3.jpg,1,Lantana
20170127-103018-0.jpg,1,Lantana
20171219-094511-2.jpg,8,Negative
20171113-114138-0.jpg,6,Siam weed
20180105-101744-2.jpg,8,Negative
20171025-090528-2.jpg,3,Parthenium
20170920-185253-1.jpg,2,Parkinsonia
20170811-103830-2.jpg,0,Chinee apple
20171212-095958-3.jpg,8,Negative
20171102-123242-2.jpg,2,Parkinsonia
20171218-111742-3.jpg,8,Negative
20170729-090427-1.jpg,4,Prickly acacia
20180322-131811-1.jpg,8,Negative
20171109-090714-1.jpg,5,Rubber vine
20170706-113440-0.jpg,7,Snake weed
20180322-112439-2.jpg,8,Negative
20180112-103925-2.jpg,8,Negative
20171212-094519-3.jpg,8,Negative
20170727-171808-1.jpg,4,Prickly acacia
20180112-104126-2.jpg,8,Negative
20161207-111654-0.jpg,0,Chinee apple
20171219-104802-3.jpg,8,Negative
20180105-093615-3.jpg,8,Negative
20170727-113522-1.jpg,4,Prickly acacia
20180112-072742-1.jpg,8,Negative
20180109-105136-2.jpg,8,Negative
20180105-104617-1.jpg,8,Negative
20171121-082440-2.jpg,6,Siam weed
20171025-081726-2.jpg,3,Parthenium
20171218-120048-3.jpg,8,Negative
20170906-133126-1.jpg,3,Parthenium
20180112-083645-1.jpg,8,Negative
20170920-094446-2.jpg,2,Parkinsonia
20171219-105223-3.jpg,8,Negative
20170727-113501-3.jpg,4,Prickly acacia
20180322-133850-1.jpg,8,Negative
20171219-101616-2.jpg,8,Negative
20170707-114719-0.jpg,0,Chinee apple
20171218-121044-3.jpg,8,Negative
20170704-151344-0.jpg,7,Snake weed
20180125-132847-3.jpg,8,Negative
20170811-163616-1.jpg,0,Chinee apple
20180125-101231-2.jpg,8,Negative
20180322-121127-2.jpg,8,Negative
20171212-103045-3.jpg,8,Negative
20180105-093026-2.jpg,8,Negative
20171212-093911-3.jpg,8,Negative
20180119-114357-2.jpg,8,Negative
20171220-090816-3.jpg,8,Negative
20180112-075634-2.jpg,8,Negative
20170714-115830-2.jpg,1,Lantana
20180112-104052-2.jpg,8,Negative
20180109-080631-2.jpg,8,Negative
20171220-083556-2.jpg,8,Negative
20180112-082149-1.jpg,8,Negative
20170729-092444-2.jpg,4,Prickly acacia
20180109-101046-2.jpg,8,Negative
20171025-095934-1.jpg,3,Parthenium
20171217-103327-2.jpg,8,Negative
20170207-155012-0.jpg,0,Chinee apple
20171109-073645-1.jpg,5,Rubber vine
20171113-130902-2.jpg,6,Siam weed
20171025-082631-3.jpg,3,Parthenium
20170913-102458-2.jpg,3,Parthenium
20171102-100710-2.jpg,4,Prickly acacia
20170714-143549-1.jpg,1,Lantana
20180322-111104-2.jpg,8,Negative
20180322-112331-1.jpg,8,Negative
20180125-091445-1.jpg,8,Negative
20180125-101532-2.jpg,8,Negative
20180105-093325-2.jpg,8,Negative
20180112-093145-1.jpg,8,Negative
20180112-072608-2.jpg,8,Negative
20170727-113159-1.jpg,4,Prickly acacia
20170714-150446-1.jpg,1,Lantana
20180109-085140-2.jpg,7,Snake weed
20170718-102108-2.jpg,7,Snake weed
20180112-081232-1.jpg,8,Negative
20170727-114537-3.jpg,4,Prickly acacia
20180322-104212-1.jpg,8,Negative
20171218-110250-2.jpg,8,Negative
20171220-101433-2.jpg,8,Negative
20170501-143307-0.jpg,1,Lantana
20170714-143006-3.jpg,1,Lantana
20170707-113848-0.jpg,0,Chinee apple
20171109-194258-1.jpg,5,Rubber vine
20171212-104850-3.jpg,8,Negative
20171113-133153-0.jpg,6,Siam weed
20180112-071152-2.jpg,8,Negative
20171212-093603-1.jpg,8,Negative
20170126-095322-0.jpg,1,Lantana
20171220-100607-2.jpg,8,Negative
20171102-123125-1.jpg,2,Parkinsonia
20180109-090415-1.jpg,8,Negative
20171113-141240-2.jpg,6,Siam weed
20171220-084545-3.jpg,8,Negative
20171220-084727-2.jpg,8,Negative
20170501-145024-0.jpg,8,Negative
20171212-093349-3.jpg,8,Negative
20170126-100221-0.jpg,1,Lantana
20170217-115140-0.jpg,7,Snake weed
20171113-133912-3.jpg,6,Siam weed
20170906-112321-2.jpg,3,Parthenium
20170714-120600-3.jpg,1,Lantana
20171113-165417-0.jpg,6,Siam weed
20180109-090450-2.jpg,8,Negative
20180322-112737-2.jpg,8,Negative
20171220-083324-2.jpg,8,Negative
20171109-074242-1.jpg,5,Rubber vine
20171220-100628-1.jpg,8,Negative
20170126-100104-0.jpg,1,Lantana
20180112-091701-2.jpg,8,Negative
20180119-105416-1.jpg,8,Negative
20180125-123328-2.jpg,8,Negative
20170704-154059-0.jpg,0,Chinee apple
20180109-070324-1.jpg,8,Negative
20170920-111202-2.jpg,2,Parkinsonia
20171122-100437-1.jpg,5,Rubber vine
20180322-103303-1.jpg,8,Negative
20180125-132047-2.jpg,8,Negative
20171108-125923-3.jpg,5,Rubber vine
20171218-105855-3.jpg,8,Negative
20170728-152434-1.jpg,4,Prickly acacia
20170711-115858-0.jpg,0,Chinee apple
20170217-095842-0.jpg,7,Snake weed
20180112-101306-1.jpg,8,Negative
20171217-184402-2.jpg,8,Negative
20171025-094443-2.jpg,3,Parthenium
20180109-075456-1.jpg,8,Negative
20180112-073640-1.jpg,8,Negative
20170920-164141-3.jpg,2,Parkinsonia
20180125-131533-2.jpg,8,Negative
20171220-100216-2.jpg,8,Negative
20170913-110506-1.jpg,3,Parthenium
20180125-091808-1.jpg,8,Negative
20171102-094336-1.jpg,4,Prickly acacia
20180112-071354-2.jpg,8,Negative
20171219-093202-3.jpg,8,Negative
20180105-100053-2.jpg,8,Negative
20170727-143656-1.jpg,4,Prickly acacia
20171220-101437-1.jpg,8,Negative
20171102-121732-1.jpg,2,Parkinsonia
20170217-145008-0.jpg,7,Snake weed
20171220-095054-1.jpg,8,Negative
20171220-093640-3.jpg,8,Negative
20171102-122654-1.jpg,2,Parkinsonia
20170906-103822-1.jpg,3,Parthenium
20171025-074656-2.jpg,3,Parthenium
20170707-110449-0.jpg,7,Snake weed
20170913-102846-2.jpg,3,Parthenium
20171219-092749-3.jpg,8,Negative
20180125-134850-3.jpg,8,Negative
20180125-100234-2.jpg,8,Negative
20171102-121101-2.jpg,2,Parkinsonia
20180119-111142-1.jpg,8,Negative
20171219-094535-3.jpg,8,Negative
20180119-104412-1.jpg,8,Negative
20180112-075315-2.jpg,8,Negative
20170315-085401-0.jpg,8,Negative
20180112-074554-2.jpg,8,Negative
20180112-071336-2.jpg,8,Negative
20171218-120734-2.jpg,8,Negative
20170920-101233-2.jpg,4,Prickly acacia
20170304-132439-0.jpg,7,Snake weed
20170727-112159-3.jpg,4,Prickly acacia
20171113-101128-0.jpg,6,Siam weed
20171220-095436-2.jpg,8,Negative
20180105-092637-2.jpg,8,Negative
20170217-114707-0.jpg,7,Snake weed
20171109-071703-1.jpg,5,Rubber vine
20171113-144441-2.jpg,6,Siam weed
20170627-104522-0.jpg,7,Snake weed
20171203-174853-3.jpg,8,Negative
20171121-090858-1.jpg,6,Siam weed
20171109-073346-3.jpg,5,Rubber vine
20170210-132218-0.jpg,7,Snake weed
20170705-161139-0.jpg,7,Snake weed
20170913-101959-2.jpg,3,Parthenium
20180112-073300-2.jpg,8,Negative
20180125-095114-1.jpg,8,Negative
20171219-114046-3.jpg,8,Negative
20171220-084059-2.jpg,8,Negative
20180109-100020-2.jpg,8,Negative
20180105-095426-2.jpg,8,Negative
20171203-174510-3.jpg,8,Negative
20180109-072740-2.jpg,8,Negative
20171205-141517-2.jpg,8,Negative
20171205-124016-2.jpg,8,Negative
20171121-072742-1.jpg,6,Siam weed
20170913-103211-3.jpg,5,Rubber vine
20171102-115518-1.jpg,2,Parkinsonia
20171218-120722-2.jpg,8,Negative
20171218-111539-2.jpg,8,Negative
20171220-083515-2.jpg,8,Negative
20170210-130309-0.jpg,7,Snake weed
20170304-130457-0.jpg,7,Snake weed
20170129-102249-0.jpg,8,Negative
20180109-074750-1.jpg,8,Negative
20170714-150511-1.jpg,1,Lantana
20170727-165446-3.jpg,4,Prickly acacia
20180109-092347-2.jpg,8,Negative
20170714-125918-1.jpg,1,Lantana
20171218-114755-2.jpg,8,Negative
20180105-092349-2.jpg,8,Negative
20180125-132930-3.jpg,8,Negative
20180322-130734-1.jpg,8,Negative
20171220-093549-3.jpg,8,Negative
20180119-113317-2.jpg,8,Negative
20170711-114732-0.jpg,0,Chinee apple
20180112-093521-1.jpg,8,Negative
20170705-160924-0.jpg,7,Snake weed
20170714-142304-3.jpg,1,Lantana
20180112-104000-2.jpg,8,Negative
20170315-085236-0.jpg,8,Negative
20180109-080736-2.jpg,8,Negative
20180112-102545-2.jpg,8,Negative
20171203-170215-3.jpg,8,Negative
20171203-171926-3.jpg,8,Negative
20171025-075622-1.jpg,3,Parthenium
20170920-173017-1.jpg,4,Prickly acacia
20171122-101120-1.jpg,5,Rubber vine
20170705-160854-0.jpg,7,Snake weed
20170210-150245-0.jpg,0,Chinee apple
20180105-104501-1.jpg,8,Negative
20170728-124932-2.jpg,4,Prickly acacia
20180125-093026-2.jpg,8,Negative
20170217-104125-0.jpg,0,Chinee apple
20180105-095937-3.jpg,8,Negative
20171212-095107-1.jpg,8,Negative
20170630-155251-0.jpg,7,Snake weed
20180125-130158-2.jpg,8,Negative
20171113-121025-1.jpg,6,Siam weed
20180125-134250-2.jpg,8,Negative
20170727-114928-3.jpg,4,Prickly acacia
20180109-105612-1.jpg,8,Negative
20171113-141224-2.jpg,6,Siam weed
20170129-102426-0.jpg,8,Negative
20180125-094224-1.jpg,8,Negative
20171203-164701-3.jpg,8,Negative
20180109-090015-2.jpg,8,Negative
20180322-130428-1.jpg,8,Negative
20180112-075012-2.jpg,8,Negative
20171113-150301-1.jpg,6,Siam weed
20171203-173141-3.jpg,8,Negative
20180322-125152-1.jpg,8,Negative
20171205-140908-2.jpg,8,Negative
20170920-111113-2.jpg,2,Parkinsonia
20170811-133720-2.jpg,0,Chinee apple
20171025-075607-2.jpg,3,Parthenium
20170727-113032-3.jpg,4,Prickly acacia
20171113-124416-1.jpg,6,Siam weed
20170715-125342-1.jpg,1,Lantana
20171220-083307-2.jpg,8,Negative
20180125-130414-2.jpg,8,Negative
20170811-103725-2.jpg,0,Chinee apple
20170811-125212-1.jpg,0,Chinee apple
20180109-075558-2.jpg,8,Negative
20171109-092818-1.jpg,5,Rubber vine
20180112-072047-2.jpg,8,Negative
20180109-072309-2.jpg,8,Negative
20180109-075237-1.jpg,8,Negative
20180125-102154-1.jpg,8,Negative
20171122-100204-1.jpg,5,Rubber vine
20180112-080802-1.jpg,8,Negative
20180112-083600-1.jpg,8,Negative
20170920-163318-3.jpg,2,Parkinsonia
20171218-112929-3.jpg,8,Negative
20171121-073340-1.jpg,6,Siam weed
20180125-134612-2.jpg,8,Negative
20170217-111728-0.jpg,0,Chinee apple
20170217-113831-0.jpg,0,Chinee apple
20170128-103437-0.jpg,8,Negative
20180105-092637-3.jpg,8,Negative
20180105-101333-2.jpg,8,Negative
20170217-113636-0.jpg,0,Chinee apple
20170728-154312-1.jpg,4,Prickly acacia
20170727-120657-3.jpg,4,Prickly acacia
20171201-115746-1.jpg,8,Negative
20180119-105931-2.jpg,8,Negative
20180125-093838-1.jpg,8,Negative
20170127-102310-0.jpg,1,Lantana
20171113-134618-3.jpg,6,Siam weed
20180322-120507-2.jpg,8,Negative
20170714-122658-3.jpg,1,Lantana
20170207-141926-0.jpg,7,Snake weed
20170126-095932-0.jpg,1,Lantana
20180109-073016-1.jpg,8,Negative
20171109-073837-1.jpg,5,Rubber vine
20170128-102150-0.jpg,8,Negative
20170920-134843-2.jpg,2,Parkinsonia
20180109-104108-2.jpg,8,Negative
20171220-092821-2.jpg,8,Negative
20180125-101636-2.jpg,8,Negative
20170811-105104-2.jpg,0,Chinee apple
20180322-132925-1.jpg,8,Negative
20171121-084656-1.jpg,6,Siam weed
20180125-093556-1.jpg,8,Negative
20170715-124714-1.jpg,1,Lantana
20170729-092958-2.jpg,4,Prickly acacia
20170920-100719-1.jpg,2,Parkinsonia
20170729-090036-1.jpg,4,Prickly acacia
20170714-140428-2.jpg,1,Lantana
20170126-100311-0.jpg,1,Lantana
20171025-075409-1.jpg,0,Chinee apple
20171025-095944-2.jpg,3,Parthenium
20170913-103527-1.jpg,3,Parthenium
20171121-072543-1.jpg,6,Siam weed
20180119-111026-2.jpg,8,Negative
20171220-090850-2.jpg,8,Negative
20170410-153320-0.jpg,7,Snake weed
20170714-142927-3.jpg,1,Lantana
20180125-095929-1.jpg,8,Negative
20180109-073835-2.jpg,8,Negative
20180322-103543-2.jpg,8,Negative
20170729-092854-1.jpg,4,Prickly acacia
20180109-090051-2.jpg,8,Negative
20180322-132037-1.jpg,8,Negative
20180105-101445-2.jpg,8,Negative
20171219-105348-3.jpg,8,Negative
20171121-074959-1.jpg,6,Siam weed
20170126-100459-0.jpg,1,Lantana
20170804-132958-1.jpg,0,Chinee apple
20180322-111943-2.jpg,8,Negative
20180112-074029-1.jpg,8,Negative
20171109-085554-2.jpg,5,Rubber vine
20171220-090235-3.jpg,8,Negative
20171025-074325-2.jpg,3,Parthenium
20170707-114620-0.jpg,0,Chinee apple
20180119-111200-2.jpg,8,Negative
20171219-094215-2.jpg,8,Negative
20170727-171818-3.jpg,4,Prickly acacia
20170315-084923-0.jpg,8,Negative
20180112-070555-2.jpg,8,Negative
20171025-092501-1.jpg,3,Parthenium
20171102-121015-1.jpg,2,Parkinsonia
20180109-074601-2.jpg,8,Negative
20180125-134329-3.jpg,8,Negative
20180125-135122-3.jpg,8,Negative
20170130-102531-0.jpg,1,Lantana
20180112-102613-2.jpg,8,Negative
20180109-094931-2.jpg,8,Negative
20180112-082156-2.jpg,8,Negative
20180112-071008-2.jpg,8,Negative
20180105-094800-3.jpg,8,Negative
20171220-084602-2.jpg,8,Negative
20170127-101839-0.jpg,1,Lantana
20171113-144747-0.jpg,6,Siam weed
20170811-132342-1.jpg,0,Chinee apple
20180125-131302-2.jpg,8,Negative
20180119-105146-1.jpg,8,Negative
20170811-133159-1.jpg,0,Chinee apple
20180125-100425-1.jpg,8,Negative
20170210-142225-0.jpg,7,Snake weed
20170711-114223-0.jpg,0,Chinee apple
20170714-110407-3.jpg,1,Lantana
20180105-092629-2.jpg,8,Negative
20180109-101038-2.jpg,8,Negative
20180125-133912-3.jpg,8,Negative
20180112-081241-2.jpg,8,Negative
20180109-105946-2.jpg,8,Negative
20180119-105823-2.jpg,8,Negative
20170714-141340-3.jpg,1,Lantana
20180125-093429-2.jpg,8,Negative
20180322-112213-2.jpg,8,Negative
20170920-183046-1.jpg,2,Parkinsonia
20180109-070024-1.jpg,8,Negative
20171203-164847-3.jpg,8,Negative
20180125-095928-2.jpg,8,Negative
20170126-100115-0.jpg,1,Lantana
20170217-120325-0.jpg,7,Snake weed
20170727-151724-1.jpg,4,Prickly acacia
20180109-085829-1.jpg,8,Negative
20171109-090304-1.jpg,5,Rubber vine
20180322-133119-1.jpg,8,Negative
20180125-100204-1.jpg,8,Negative
20170727-143034-1.jpg,4,Prickly acacia
20170913-102241-3.jpg,5,Rubber vine
20180125-100405-2.jpg,8,Negative
20180322-121018-2.jpg,8,Negative
20171212-093640-3.jpg,8,Negative
20171025-091306-1.jpg,3,Parthenium
20180109-074614-1.jpg,8,Negative
20171219-095055-2.jpg,8,Negative
20180109-090240-2.jpg,8,Negative
20180125-093224-1.jpg,8,Negative
20180119-114107-1.jpg,8,Negative
20170727-150343-3.jpg,4,Prickly acacia
20171109-074615-1.jpg,5,Rubber vine
20170906-110557-1.jpg,3,Parthenium
20171219-093944-3.jpg,8,Negative
20180109-085623-2.jpg,8,Negative
20180112-100734-1.jpg,8,Negative
20170920-133159-2.jpg,2,Parkinsonia
20180112-072203-1.jpg,8,Negative
20170718-101048-2.jpg,0,Chinee apple
20170714-142847-3.jpg,1,Lantana
20171212-094718-3.jpg,8,Negative
20170714-143048-1.jpg,1,Lantana
20170704-153451-0.jpg,0,Chinee apple
20180105-095635-2.jpg,8,Negative
20180109-095310-2.jpg,8,Negative
20170913-102547-3.jpg,5,Rubber vine
20170913-104956-1.jpg,3,Parthenium
20180322-121610-2.jpg,8,Negative
20170727-165228-1.jpg,4,Prickly acacia
20180125-131604-3.jpg,8,Negative
20171220-082807-2.jpg,8,Negative
20180109-092334-1.jpg,8,Negative
20171218-103929-3.jpg,8,Negative
20171220-095346-1.jpg,8,Negative
20170715-111729-1.jpg,1,Lantana
20170714-121424-2.jpg,1,Lantana
20180112-103822-2.jpg,8,Negative
20180322-121555-2.jpg,8,Negative
20171121-083349-1.jpg,6,Siam weed
20171220-084725-3.jpg,8,Negative
20180112-072415-1.jpg,8,Negative
20180112-101122-2.jpg,8,Negative
20171219-112017-2.jpg,8,Negative
20171220-093255-2.jpg,8,Negative
20171212-101916-3.jpg,8,Negative
20170130-102444-0.jpg,1,Lantana
20170501-144825-0.jpg,6,Siam weed
20180112-094204-1.jpg,8,Negative
20180109-070632-2.jpg,8,Negative
20170913-103658-1.jpg,3,Parthenium
20171212-104318-3.jpg,8,Negative
20180109-090512-1.jpg,8,Negative
20180112-080759-2.jpg,8,Negative
20171102-115938-3.jpg,2,Parkinsonia
20171219-100242-3.jpg,8,Negative
20170129-104023-0.jpg,8,Negative
20170217-121630-0.jpg,0,Chinee apple
20180322-112736-2.jpg,8,Negative
20180105-094048-3.jpg,8,Negative
20170210-132221-0.jpg,0,Chinee apple
20180109-085308-2.jpg,8,Negative
20170714-110439-3.jpg,1,Lantana
20171109-092005-1.jpg,5,Rubber vine
20170405-155418-0.jpg,0,Chinee apple
20180109-103659-2.jpg,8,Negative
20180109-071506-1.jpg,8,Negative
20170920-163812-3.jpg,2,Parkinsonia
20180105-093523-3.jpg,8,Negative
20171121-073828-1.jpg,6,Siam weed
20180109-100225-2.jpg,8,Negative
20170405-155732-0.jpg,0,Chinee apple
20170501-144548-0.jpg,8,Negative
20170217-102058-0.jpg,0,Chinee apple
20171218-121824-3.jpg,8,Negative
20170630-155353-0.jpg,7,Snake weed
20180109-100428-2.jpg,8,Negative
20170727-162422-1.jpg,4,Prickly acacia
20180125-091742-2.jpg,8,Negative
20170711-112701-0.jpg,8,Negative
20171121-073259-1.jpg,6,Siam weed
20171102-115453-2.jpg,2,Parkinsonia
20170501-144625-0.jpg,8,Negative
20180125-091240-2.jpg,8,Negative
20170920-115054-2.jpg,2,Parkinsonia
20171121-090746-1.jpg,6,Siam weed
20170210-142318-0.jpg,7,Snake weed
20170729-093405-1.jpg,4,Prickly acacia
20170210-132808-0.jpg,0,Chinee apple
20180112-072557-1.jpg,8,Negative
20171219-102731-3.jpg,8,Negative
20170913-110054-2.jpg,3,Parthenium
20180109-100232-1.jpg,8,Negative
20180112-102325-1.jpg,8,Negative
20171113-102158-1.jpg,5,Rubber vine
20180112-073511-2.jpg,8,Negative
20171109-074721-1.jpg,5,Rubber vine
20171122-102714-1.jpg,5,Rubber vine
20180109-090003-1.jpg,8,Negative
20170129-102922-0.jpg,8,Negative
20161207-112141-0.jpg,1,Lantana
20170727-130445-1.jpg,4,Prickly acacia
20171113-133241-3.jpg,6,Siam weed
20171113-123522-1.jpg,6,Siam weed
20171109-092545-3.jpg,5,Rubber vine
20170920-160103-3.jpg,2,Parkinsonia
20170718-094626-2.jpg,0,Chinee apple
20180125-132657-3.jpg,8,Negative
20171218-103854-2.jpg,8,Negative
20180322-112210-1.jpg,8,Negative
20170729-093421-2.jpg,4,Prickly acacia
20171102-115659-1.jpg,2,Parkinsonia
20180322-113857-1.jpg,8,Negative
20170127-102931-0.jpg,1,Lantana
20170714-165832-1.jpg,1,Lantana
20171212-094227-1.jpg,8,Negative
20180112-102713-2.jpg,8,Negative
20171113-165829-0.jpg,6,Siam weed
20170729-092628-1.jpg,4,Prickly acacia
20180112-091623-2.jpg,8,Negative
20171025-093111-1.jpg,3,Parthenium
20171218-105222-3.jpg,8,Negative
20180125-130301-3.jpg,8,Negative
20171121-082150-2.jpg,6,Siam weed
20180125-095445-2.jpg,8,Negative
20180112-072755-1.jpg,8,Negative
20180125-101943-2.jpg,8,Negative
20180125-133105-2.jpg,8,Negative
20180109-101600-1.jpg,8,Negative
20180112-093228-2.jpg,8,Negative
20180322-120543-2.jpg,8,Negative
20171212-100546-1.jpg,8,Negative
20180109-095302-1.jpg,8,Negative
20171109-071111-1.jpg,5,Rubber vine
20180109-091548-2.jpg,8,Negative
20170920-163134-3.jpg,2,Parkinsonia
20170127-102015-0.jpg,1,Lantana
20171220-093038-3.jpg,8,Negative
20170714-111940-2.jpg,1,Lantana
20171218-121243-3.jpg,8,Negative
20180125-094304-2.jpg,8,Negative
20170714-113520-2.jpg,1,Lantana
20180119-115515-1.jpg,8,Negative
20180119-104714-1.jpg,8,Negative
20180119-112942-1.jpg,8,Negative
20170714-185931-1.jpg,1,Lantana
20180105-101625-2.jpg,8,Negative
20180322-130328-1.jpg,8,Negative
20180322-130311-1.jpg,8,Negative
20180109-085608-2.jpg,8,Negative
20171220-100938-1.jpg,8,Negative
20170501-145238-0.jpg,8,Negative
20171102-122133-2.jpg,2,Parkinsonia
20171220-094547-2.jpg,8,Negative
20170501-145122-0.jpg,8,Negative
20170913-101031-2.jpg,3,Parthenium
20170906-104940-1.jpg,3,Parthenium
20171102-121033-3.jpg,2,Parkinsonia
20170913-100304-3.jpg,5,Rubber vine
20170920-131038-2.jpg,2,Parkinsonia
20171212-094724-1.jpg,8,Negative
20180109-073915-2.jpg,8,Negative
20170729-085956-2.jpg,4,Prickly acacia
20171220-093113-2.jpg,8,Negative
20170501-143728-0.jpg,1,Lantana
20170727-143716-1.jpg,4,Prickly acacia
20180322-113730-1.jpg,8,Negative
20180109-085214-1.jpg,8,Negative
20171203-172649-3.jpg,8,Negative
20171219-113001-3.jpg,8,Negative
20180322-102450-2.jpg,8,Negative
20170920-132131-2.jpg,2,Parkinsonia
20170906-095611-1.jpg,3,Parthenium
20171217-183832-2.jpg,8,Negative
20170811-112702-1.jpg,0,Chinee apple
20170217-095312-0.jpg,7,Snake weed
20170913-102731-3.jpg,5,Rubber vine
20170811-131255-1.jpg,0,Chinee apple
20170130-102539-0.jpg,1,Lantana
20180112-104053-2.jpg,8,Negative
20180112-081840-1.jpg,8,Negative
20180125-101044-2.jpg,8,Negative
20171205-124724-2.jpg,8,Negative
20180125-134222-3.jpg,8,Negative
20170315-090641-0.jpg,8,Negative
20180125-092344-2.jpg,8,Negative
20170728-122222-2.jpg,4,Prickly acacia
20170210-131513-0.jpg,7,Snake weed
20180125-093558-2.jpg,8,Negative
20171113-124136-3.jpg,6,Siam weed
20170811-104736-2.jpg,0,Chinee apple
20180109-075419-2.jpg,8,Negative
20171102-121435-3.jpg,2,Parkinsonia
20171219-095133-2.jpg,8,Negative
20180125-092542-2.jpg,8,Negative
20170718-104929-2.jpg,7,Snake weed
20170913-102014-3.jpg,5,Rubber vine
20170128-103235-0.jpg,8,Negative
20171212-093317-3.jpg,8,Negative
20171218-121137-2.jpg,8,Negative
20180322-133443-1.jpg,8,Negative
20170714-115949-1.jpg,1,Lantana
20170714-112128-3.jpg,1,Lantana
20171220-100614-2.jpg,8,Negative
20171113-123619-3.jpg,6,Siam weed
20171102-093936-1.jpg,4,Prickly acacia
20171220-083200-3.jpg,8,Negative
20180105-091846-2.jpg,8,Negative
20180112-072541-2.jpg,8,Negative
20180112-092342-1.jpg,8,Negative
20180112-103053-1.jpg,8,Negative
20180119-113547-1.jpg,8,Negative
20170727-171533-1.jpg,4,Prickly acacia
20180105-093818-3.jpg,8,Negative
20170727-125722-3.jpg,4,Prickly acacia
20170811-132518-1.jpg,0,Chinee apple
20171109-090323-1.jpg,5,Rubber vine
20171025-092022-2.jpg,3,Parthenium
20171205-144227-2.jpg,8,Negative
20170217-102923-0.jpg,0,Chinee apple
20180119-111428-1.jpg,8,Negative
20180119-110348-2.jpg,8,Negative
20170920-164019-3.jpg,2,Parkinsonia
20171219-100808-2.jpg,8,Negative
20180125-100855-1.jpg,8,Negative
20170715-121327-1.jpg,1,Lantana
20171113-132644-1.jpg,6,Siam weed
20170811-103610-2.jpg,0,Chinee apple
20180112-093157-1.jpg,8,Negative
20170210-131730-0.jpg,7,Snake weed
20171121-090501-3.jpg,6,Siam weed
20171113-095501-3.jpg,5,Rubber vine
20170906-114631-1.jpg,3,Parthenium
20171218-113230-3.jpg,8,Negative
20180105-100859-3.jpg,8,Negative
20171113-122227-3.jpg,6,Siam weed
20180125-134318-3.jpg,8,Negative
20171220-084433-2.jpg,8,Negative
20180125-130254-3.jpg,8,Negative
20180125-095951-2.jpg,8,Negative
20171218-122058-3.jpg,8,Negative
20171203-165821-3.jpg,8,Negative
20170501-143557-0.jpg,1,Lantana
20171212-095905-1.jpg,8,Negative
20170128-102852-0.jpg,8,Negative
20180112-093911-1.jpg,8,Negative
20180112-073617-1.jpg,8,Negative
20180109-092016-2.jpg,7,Snake weed
20180105-101231-3.jpg,8,Negative
20170727-111920-1.jpg,4,Prickly acacia
20170210-142627-0.jpg,7,Snake weed
20170630-155639-0.jpg,7,Snake weed
20171113-061216-1.jpg,6,Siam weed
20180119-113336-1.jpg,8,Negative
20170811-130332-2.jpg,0,Chinee apple
20171025-082942-1.jpg,3,Parthenium
20170207-154611-0.jpg,0,Chinee apple
20171220-084840-2.jpg,8,Negative
20170704-152423-0.jpg,0,Chinee apple
20171109-073450-3.jpg,5,Rubber vine
20171121-090837-3.jpg,6,Siam weed
20180112-072021-2.jpg,8,Negative
20170920-131001-2.jpg,2,Parkinsonia
20171212-093006-3.jpg,8,Negative
20180322-131822-1.jpg,8,Negative
20170410-154619-0.jpg,0,Chinee apple
20170705-170053-0.jpg,7,Snake weed
20180119-114321-1.jpg,8,Negative
20171113-101750-1.jpg,5,Rubber vine
20171212-095618-3.jpg,8,Negative
20171218-110346-3.jpg,8,Negative
20180109-072327-1.jpg,8,Negative
20170217-095604-0.jpg,7,Snake weed
20171218-104955-3.jpg,8,Negative
20180109-075655-2.jpg,8,Negative
20180112-071559-2.jpg,8,Negative
20170705-163404-0.jpg,7,Snake weed
20170718-131956-2.jpg,7,Snake weed
20180112-072522-1.jpg,8,Negative
20170217-115033-0.jpg,7,Snake weed
20180119-105426-1.jpg,8,Negative
20180105-094110-3.jpg,8,Negative
20171219-101508-2.jpg,8,Negative
20171109-071551-1.jpg,5,Rubber vine
20170127-101254-0.jpg,1,Lantana
20171219-113236-3.jpg,8,Negative
20171220-090823-2.jpg,8,Negative
20171113-124224-1.jpg,6,Siam weed
20170715-174155-1.jpg,1,Lantana
20180109-071048-2.jpg,8,Negative
20180109-103622-1.jpg,8,Negative
20180112-091942-1.jpg,8,Negative
20170811-112522-2.jpg,0,Chinee apple
20170210-131147-0.jpg,7,Snake weed
20180125-100630-1.jpg,8,Negative
20171205-123819-2.jpg,8,Negative
20180105-104711-1.jpg,8,Negative
20180112-081509-1.jpg,8,Negative
20170727-171920-2.jpg,4,Prickly acacia
20171219-100344-2.jpg,8,Negative
20180125-131202-3.jpg,8,Negative
20171121-082033-2.jpg,6,Siam weed
20170811-115153-2.jpg,0,Chinee apple
20170210-133138-0.jpg,0,Chinee apple
20171205-143012-2.jpg,8,Negative
20170913-101914-2.jpg,3,Parthenium
20180125-092119-1.jpg,8,Negative
20180112-102712-2.jpg,8,Negative
20180109-085830-2.jpg,7,Snake weed
20170714-111038-2.jpg,1,Lantana
20180109-075506-1.jpg,8,Negative
20171025-073358-1.jpg,3,Parthenium
20170811-110125-1.jpg,0,Chinee apple
20171102-120930-3.jpg,2,Parkinsonia
20180109-074149-2.jpg,8,Negative
20180112-075840-2.jpg,8,Negative
20180125-092215-1.jpg,8,Negative
20170811-122548-2.jpg,0,Chinee apple
20171025-093514-1.jpg,3,Parthenium
20170920-111042-3.jpg,4,Prickly acacia
20171025-095005-3.jpg,3,Parthenium
20170920-190555-1.jpg,2,Parkinsonia
20180109-080637-1.jpg,8,Negative
20180105-095148-2.jpg,8,Negative
20171219-113919-2.jpg,8,Negative
20170728-153247-1.jpg,4,Prickly acacia
20171205-142911-2.jpg,8,Negative
20180125-130025-3.jpg,8,Negative
20171102-122856-2.jpg,2,Parkinsonia
20170304-131431-0.jpg,7,Snake weed
20180109-100713-1.jpg,8,Negative
20170913-124114-1.jpg,5,Rubber vine
20171025-100501-1.jpg,3,Parthenium
20170704-152300-0.jpg,0,Chinee apple
20171025-080258-1.jpg,3,Parthenium
20180322-113527-1.jpg,8,Negative
20171025-093013-1.jpg,3,Parthenium
20180109-095017-2.jpg,8,Negative
20170920-115330-2.jpg,2,Parkinsonia
20170217-102010-0.jpg,0,Chinee apple
20170920-113543-3.jpg,2,Parkinsonia
20180322-121432-2.jpg,8,Negative
20180119-111207-1.jpg,8,Negative
20171217-184248-2.jpg,8,Negative
20171113-100431-3.jpg,5,Rubber vine
20170727-113032-1.jpg,4,Prickly acacia
20171203-164604-3.jpg,8,Negative
20170920-114148-3.jpg,2,Parkinsonia
20171113-123806-1.jpg,6,Siam weed
20170920-184039-1.jpg,2,Parkinsonia
20171205-144536-2.jpg,8,Negative
20170630-150649-0.jpg,7,Snake weed
20180105-093811-2.jpg,8,Negative
20171121-072941-1.jpg,6,Siam weed
20170210-131954-0.jpg,7,Snake weed
20171109-090301-3.jpg,5,Rubber vine
20180109-075438-2.jpg,8,Negative
20180322-125255-1.jpg,8,Negative
20170811-134128-1.jpg,0,Chinee apple
20171218-111555-2.jpg,8,Negative
20170727-165148-1.jpg,4,Prickly acacia
20180109-101102-2.jpg,8,Negative
20171205-143013-2.jpg,8,Negative
20171212-102858-3.jpg,8,Negative
20180322-104057-1.jpg,8,Negative
20180322-115014-1.jpg,8,Negative
20170714-143942-2.jpg,1,Lantana
20170811-133741-2.jpg,0,Chinee apple
20170727-145457-3.jpg,4,Prickly acacia
20171212-095802-1.jpg,8,Negative
20170729-091143-1.jpg,4,Prickly acacia
20180125-130120-2.jpg,8,Negative
20171121-091441-1.jpg,6,Siam weed
20170217-120500-0.jpg,7,Snake weed
20171220-083322-3.jpg,8,Negative
20171219-104758-2.jpg,8,Negative
20170129-102716-0.jpg,8,Negative
20170128-103255-0.jpg,8,Negative
20171220-091345-2.jpg,8,Negative
20171219-105932-3.jpg,8,Negative
20170920-101745-1.jpg,2,Parkinsonia
20171219-092731-3.jpg,8,Negative
20171113-142323-0.jpg,6,Siam weed
20170920-113810-2.jpg,2,Parkinsonia
20170728-121519-2.jpg,4,Prickly acacia
20170920-100128-3.jpg,2,Parkinsonia
20180109-095439-2.jpg,8,Negative
20170727-163217-1.jpg,4,Prickly acacia
20171203-172137-3.jpg,8,Negative
20170913-103234-3.jpg,5,Rubber vine
20171121-090015-1.jpg,6,Siam weed
20170920-113838-3.jpg,2,Parkinsonia
20170714-122534-2.jpg,1,Lantana
20180322-124617-1.jpg,8,Negative
20170727-135945-1.jpg,4,Prickly acacia
20171220-084555-3.jpg,8,Negative
20180109-071823-1.jpg,8,Negative
20180112-074820-1.jpg,8,Negative
20171220-100553-2.jpg,8,Negative
20170811-113945-2.jpg,0,Chinee apple
20170729-090435-2.jpg,4,Prickly acacia
20170714-110629-3.jpg,1,Lantana
20171109-090628-1.jpg,5,Rubber vine
20171220-091952-2.jpg,8,Negative
20171219-114014-3.jpg,8,Negative
20171201-120803-1.jpg,8,Negative
20180112-093115-2.jpg,8,Negative
20171219-100101-3.jpg,8,Negative
20170920-164757-3.jpg,2,Parkinsonia
20171113-095216-3.jpg,5,Rubber vine
20180322-125323-1.jpg,8,Negative
20171218-122019-3.jpg,8,Negative
20171109-071105-3.jpg,5,Rubber vine
20171102-104114-1.jpg,2,Parkinsonia
20171025-093314-3.jpg,3,Parthenium
20170128-103904-0.jpg,8,Negative
20171102-121717-1.jpg,2,Parkinsonia
20170610-122024-0.jpg,1,Lantana
20170705-161005-0.jpg,7,Snake weed
20180109-104829-1.jpg,8,Negative
20171218-121357-3.jpg,8,Negative
20170714-121905-2.jpg,1,Lantana
20170920-191054-1.jpg,2,Parkinsonia
20180322-103313-1.jpg,8,Negative
20170803-132744-1.jpg,0,Chinee apple
20171109-085908-2.jpg,5,Rubber vine
20170920-182841-1.jpg,2,Parkinsonia
20180112-100900-2.jpg,8,Negative
20180125-135426-3.jpg,8,Negative
20180112-102614-2.jpg,8,Negative
20180322-125340-1.jpg,8,Negative
20170304-124656-0.jpg,0,Chinee apple
20180125-092901-1.jpg,8,Negative
20170920-115307-2.jpg,2,Parkinsonia
20180322-124631-1.jpg,8,Negative
20171212-102310-3.jpg,8,Negative
20171113-134709-1.jpg,6,Siam weed
20180119-111217-2.jpg,8,Negative
20170728-151644-1.jpg,8,Negative
20170714-140605-1.jpg,1,Lantana
20170920-114250-2.jpg,2,Parkinsonia
20171220-101409-1.jpg,8,Negative
20171121-084334-1.jpg,6,Siam weed
20171113-130810-2.jpg,6,Siam weed
20180112-072113-1.jpg,8,Negative
20180125-091849-1.jpg,8,Negative
20171219-094807-3.jpg,8,Negative
20180112-102828-2.jpg,8,Negative
20170718-133254-2.jpg,7,Snake weed
20170920-181420-1.jpg,2,Parkinsonia
20170727-125540-3.jpg,4,Prickly acacia
20170610-123408-0.jpg,1,Lantana
20180119-105309-1.jpg,8,Negative
20170714-142145-3.jpg,1,Lantana
20180109-085451-2.jpg,8,Negative
20170811-132901-2.jpg,0,Chinee apple
20170727-171121-1.jpg,4,Prickly acacia
20171025-080235-1.jpg,3,Parthenium
20171102-115337-1.jpg,2,Parkinsonia
20171109-093658-1.jpg,5,Rubber vine
20171102-093324-3.jpg,4,Prickly acacia
20171212-103226-3.jpg,8,Negative
20171109-090246-3.jpg,5,Rubber vine
20171218-111034-2.jpg,8,Negative
20170729-091903-2.jpg,4,Prickly acacia
20171219-093120-3.jpg,8,Negative
20180109-091805-2.jpg,8,Negative
20170913-105513-1.jpg,3,Parthenium
20180119-105157-2.jpg,8,Negative
20170610-122906-0.jpg,1,Lantana
20171218-103818-2.jpg,8,Negative
20170920-190019-1.jpg,2,Parkinsonia
20171220-095209-1.jpg,8,Negative
20170728-152127-1.jpg,4,Prickly acacia
20171102-120202-3.jpg,2,Parkinsonia
20170727-165953-1.jpg,4,Prickly acacia
20170610-124209-0.jpg,1,Lantana
20180125-132200-3.jpg,8,Negative
20171113-132938-3.jpg,6,Siam weed
20170728-120342-2.jpg,4,Prickly acacia
20180112-082623-1.jpg,8,Negative
20171025-082312-1.jpg,0,Chinee apple
20170727-171430-1.jpg,4,Prickly acacia
20180109-103333-1.jpg,8,Negative
20171203-165027-3.jpg,8,Negative
20180109-065817-1.jpg,8,Negative
20170610-122323-0.jpg,1,Lantana
20180322-131400-1.jpg,8,Negative
20170714-111218-2.jpg,1,Lantana
20171219-102311-2.jpg,8,Negative
20170130-102858-0.jpg,1,Lantana
20180109-103947-2.jpg,8,Negative
20180119-114416-2.jpg,8,Negative
20171025-075942-2.jpg,3,Parthenium
20180105-094840-2.jpg,8,Negative
20170727-121027-3.jpg,4,Prickly acacia
20180109-072910-1.jpg,8,Negative
20180112-094340-2.jpg,8,Negative
20180112-080842-2.jpg,8,Negative
20170729-153422-3.jpg,4,Prickly acacia
20170811-130432-2.jpg,0,Chinee apple
20170501-145819-0.jpg,8,Negative
20180112-094058-1.jpg,8,Negative
20170729-093015-3.jpg,8,Negative
20170304-124353-0.jpg,0,Chinee apple
20171113-151026-3.jpg,6,Siam weed
20170913-122638-1.jpg,5,Rubber vine
20170714-190315-1.jpg,1,Lantana
20171205-124625-2.jpg,8,Negative
20170711-121556-0.jpg,0,Chinee apple
20171113-113541-0.jpg,6,Siam weed
20180322-114102-1.jpg,8,Negative
20180109-105401-2.jpg,8,Negative
20171212-093333-3.jpg,8,Negative
20180112-091721-2.jpg,8,Negative
20171212-093856-3.jpg,8,Negative
20170501-144820-0.jpg,8,Negative
20170210-133211-0.jpg,0,Chinee apple
20171109-072431-3.jpg,5,Rubber vine
20170126-095350-0.jpg,1,Lantana
20171113-175713-0.jpg,6,Siam weed
20170410-153340-0.jpg,7,Snake weed
20171219-105711-2.jpg,8,Negative
20171220-092538-3.jpg,8,Negative
20171205-143250-2.jpg,8,Negative
20171201-124003-3.jpg,8,Negative
20171109-072905-3.jpg,5,Rubber vine
20180112-070423-2.jpg,8,Negative
20171109-090053-1.jpg,5,Rubber vine
20180109-102822-2.jpg,8,Negative
20180109-091326-2.jpg,8,Negative
20171219-111640-3.jpg,8,Negative
20171122-100108-1.jpg,5,Rubber vine
20170920-131716-2.jpg,2,Parkinsonia
20180112-092509-2.jpg,8,Negative
20171220-083717-2.jpg,8,Negative
20170610-124334-0.jpg,1,Lantana
20180109-092312-2.jpg,8,Negative
20170920-155827-3.jpg,2,Parkinsonia
20170920-184941-1.jpg,2,Parkinsonia
20180125-132309-2.jpg,8,Negative
20171102-122531-3.jpg,2,Parkinsonia
20170728-121648-2.jpg,4,Prickly acacia
20180109-100935-1.jpg,8,Negative
20171025-101138-1.jpg,3,Parthenium
20170920-163055-3.jpg,2,Parkinsonia
20180109-075016-1.jpg,8,Negative
20171205-134624-2.jpg,8,Negative
20171113-142658-2.jpg,6,Siam weed
20180125-092812-2.jpg,8,Negative
20171219-104529-2.jpg,8,Negative
20170217-113716-0.jpg,7,Snake weed
20180112-080623-2.jpg,8,Negative
20170727-165531-1.jpg,4,Prickly acacia
20180125-133523-2.jpg,8,Negative
20170127-101304-0.jpg,1,Lantana
20170729-153313-3.jpg,4,Prickly acacia
20171218-110426-2.jpg,8,Negative
20180112-080514-1.jpg,8,Negative
20170128-101909-0.jpg,8,Negative
20180105-095021-2.jpg,8,Negative
20171212-094532-1.jpg,8,Negative
20180119-114127-1.jpg,8,Negative
20180125-101402-2.jpg,8,Negative
20170920-162949-3.jpg,2,Parkinsonia
20170127-102616-0.jpg,1,Lantana
20170728-151600-2.jpg,8,Negative
20170920-133359-2.jpg,2,Parkinsonia
20171219-094130-2.jpg,8,Negative
20171212-094910-3.jpg,8,Negative
20170127-101008-0.jpg,1,Lantana
20180109-094723-1.jpg,8,Negative
20180322-113305-1.jpg,8,Negative
20171113-140631-2.jpg,6,Siam weed
20171205-123836-2.jpg,8,Negative
20180119-105929-2.jpg,8,Negative
20171218-112359-3.jpg,8,Negative
20170727-113408-3.jpg,4,Prickly acacia
20180125-131801-2.jpg,8,Negative
20170913-121246-2.jpg,5,Rubber vine
20171220-085015-2.jpg,8,Negative
20171217-183924-2.jpg,8,Negative
20180109-100546-1.jpg,8,Negative
20171203-170858-3.jpg,8,Negative
20171102-121759-3.jpg,2,Parkinsonia
20180105-095825-2.jpg,8,Negative
20170728-121147-2.jpg,4,Prickly acacia
20170920-111114-3.jpg,2,Parkinsonia
20170706-113058-0.jpg,7,Snake weed
20171109-074637-1.jpg,5,Rubber vine
20171121-090623-3.jpg,6,Siam weed
20170811-133752-1.jpg,0,Chinee apple
20180112-092849-2.jpg,8,Negative
20170704-153838-0.jpg,7,Snake weed
20170210-132741-0.jpg,0,Chinee apple
20171220-091647-3.jpg,8,Negative
20171205-124423-2.jpg,8,Negative
20180112-080432-2.jpg,8,Negative
20171025-090816-3.jpg,3,Parthenium
20171102-104545-1.jpg,2,Parkinsonia
20180112-102605-1.jpg,8,Negative
20170811-125631-1.jpg,0,Chinee apple
20171203-174918-3.jpg,8,Negative
20180112-104032-2.jpg,8,Negative
20171121-074426-1.jpg,6,Siam weed
20170714-110717-1.jpg,1,Lantana
20170728-121946-2.jpg,4,Prickly acacia
20171113-133758-3.jpg,6,Siam weed
20171122-100706-1.jpg,5,Rubber vine
20180125-093246-1.jpg,8,Negative
20180105-095811-2.jpg,8,Negative
20170718-132445-2.jpg,7,Snake weed
20170217-122112-0.jpg,0,Chinee apple
20170906-113501-2.jpg,3,Parthenium
20170714-140328-1.jpg,1,Lantana
20180112-072227-2.jpg,8,Negative
20180125-094815-2.jpg,8,Negative
20171113-134831-3.jpg,6,Siam weed
20171220-085014-3.jpg,8,Negative
20180322-103038-1.jpg,8,Negative
20180109-074555-1.jpg,8,Negative
20171113-092415-1.jpg,5,Rubber vine
20171113-123027-3.jpg,6,Siam weed
20170217-121911-0.jpg,0,Chinee apple
20180119-111006-2.jpg,8,Negative
20171025-083320-3.jpg,3,Parthenium
20180125-135236-2.jpg,8,Negative
20171220-095307-1.jpg,8,Negative
20180112-093856-2.jpg,8,Negative
20180109-104551-1.jpg,8,Negative
20170920-130645-2.jpg,2,Parkinsonia
20180105-101840-2.jpg,8,Negative
20170913-120749-2.jpg,5,Rubber vine
20171220-093257-3.jpg,8,Negative
20170704-150644-0.jpg,7,Snake weed
20171121-090407-3.jpg,6,Siam weed
20170727-145906-3.jpg,4,Prickly acacia
20171205-124035-2.jpg,8,Negative
20171219-100734-3.jpg,8,Negative
20170913-100110-1.jpg,3,Parthenium
20171220-093403-2.jpg,8,Negative
20170705-165107-0.jpg,7,Snake weed
20170718-132344-2.jpg,7,Snake weed
20170811-104441-2.jpg,0,Chinee apple
20170714-170300-1.jpg,1,Lantana
20180322-104107-1.jpg,8,Negative
20170803-130731-1.jpg,0,Chinee apple
20171220-095116-2.jpg,8,Negative
20171122-102108-1.jpg,5,Rubber vine
20171219-112524-2.jpg,8,Negative
20170501-144229-0.jpg,1,Lantana
20171121-084046-1.jpg,6,Siam weed
20171109-072025-1.jpg,5,Rubber vine
20170705-165611-0.jpg,7,Snake weed
20180112-071319-2.jpg,8,Negative
20180322-113804-2.jpg,8,Negative
20170906-112409-1.jpg,3,Parthenium
20170913-110131-2.jpg,3,Parthenium
20180109-091050-2.jpg,8,Negative
20170714-143745-2.jpg,1,Lantana
20180112-074634-2.jpg,8,Negative
20170210-133424-0.jpg,0,Chinee apple
20170920-100748-2.jpg,2,Parkinsonia
20180125-095123-1.jpg,8,Negative
20161207-145017-0.jpg,0,Chinee apple
20171220-093017-3.jpg,8,Negative
20171220-083247-2.jpg,8,Negative
20170217-111120-0.jpg,0,Chinee apple
20180112-074005-1.jpg,8,Negative
20171025-094416-1.jpg,3,Parthenium
20171220-093436-3.jpg,8,Negative
20170920-185539-1.jpg,2,Parkinsonia
20171102-120252-1.jpg,2,Parkinsonia
20170627-103624-0.jpg,0,Chinee apple
20171220-082931-3.jpg,8,Negative
20180322-133330-1.jpg,8,Negative
20180112-071018-2.jpg,8,Negative
20180109-072035-1.jpg,8,Negative
20180112-074424-1.jpg,8,Negative
20170913-100247-1.jpg,3,Parthenium
20180109-075809-2.jpg,8,Negative
20180109-090702-2.jpg,8,Negative
20170811-111153-1.jpg,0,Chinee apple
20171220-092711-2.jpg,8,Negative
20171113-145836-3.jpg,6,Siam weed
20180112-070546-2.jpg,8,Negative
20170913-095539-2.jpg,3,Parthenium
20180112-073449-1.jpg,8,Negative
20180109-071400-2.jpg,8,Negative
20171113-144859-3.jpg,6,Siam weed
20170920-171446-1.jpg,2,Parkinsonia
20180112-091722-1.jpg,8,Negative
20180125-101142-2.jpg,8,Negative
20171212-105533-3.jpg,8,Negative
20171122-100206-1.jpg,5,Rubber vine
20180105-103614-2.jpg,8,Negative
20170704-153924-0.jpg,0,Chinee apple
20171212-094855-3.jpg,8,Negative
20180109-105051-1.jpg,8,Negative
20170711-114803-0.jpg,7,Snake weed
20170920-183647-1.jpg,2,Parkinsonia
20170920-112459-3.jpg,2,Parkinsonia
20170728-125832-3.jpg,4,Prickly acacia
20170811-134838-2.jpg,0,Chinee apple
20171109-071352-1.jpg,5,Rubber vine
20171203-172907-3.jpg,8,Negative
20171025-090250-2.jpg,3,Parthenium
20180109-072347-2.jpg,8,Negative
20180125-091540-2.jpg,8,Negative
20180109-070824-1.jpg,8,Negative
20180112-092356-1.jpg,8,Negative
20180109-073915-1.jpg,8,Negative
20180322-111053-2.jpg,8,Negative
20171113-102054-3.jpg,5,Rubber vine
20180109-074156-2.jpg,8,Negative
20170127-101927-0.jpg,1,Lantana
20170920-183833-1.jpg,2,Parkinsonia
20170728-120815-2.jpg,4,Prickly acacia
20180109-070209-2.jpg,8,Negative
20180322-103910-1.jpg,8,Negative
20180109-085903-2.jpg,8,Negative
20170811-133905-1.jpg,0,Chinee apple
20170906-115056-1.jpg,3,Parthenium
20171220-091302-2.jpg,8,Negative
20180125-134614-3.jpg,8,Negative
20180125-131150-3.jpg,8,Negative
20180119-105952-2.jpg,8,Negative
20180109-071643-2.jpg,8,Negative
20180109-074524-1.jpg,8,Negative
20171220-095328-2.jpg,8,Negative
20170630-153631-0.jpg,7,Snake weed
20180119-112838-2.jpg,8,Negative
20171218-111605-2.jpg,8,Negative
20171102-115107-2.jpg,2,Parkinsonia
20170718-101208-2.jpg,0,Chinee apple
20171121-072911-1.jpg,6,Siam weed
20171220-093122-3.jpg,8,Negative
20180109-075853-1.jpg,8,Negative
20170630-151649-0.jpg,7,Snake weed
20171025-081111-2.jpg,7,Snake weed
20170729-090035-2.jpg,4,Prickly acacia
20171218-120648-3.jpg,8,Negative
20170920-130234-2.jpg,4,Prickly acacia
20170210-132001-0.jpg,7,Snake weed
20180105-100308-2.jpg,8,Negative
20180105-091636-2.jpg,8,Negative
20170728-150307-1.jpg,8,Negative
20180112-103118-2.jpg,8,Negative
20170913-124610-1.jpg,5,Rubber vine
20170714-131200-1.jpg,1,Lantana
20170714-110747-2.jpg,1,Lantana
20171025-091347-2.jpg,3,Parthenium
20180322-130640-1.jpg,8,Negative
20170129-102230-0.jpg,8,Negative
20171122-101138-1.jpg,5,Rubber vine
20170705-165514-0.jpg,7,Snake weed
20170913-155252-3.jpg,3,Parthenium
20170210-130903-0.jpg,7,Snake weed
20171220-082659-2.jpg,8,Negative
20170210-131737-0.jpg,7,Snake weed
20170210-131822-0.jpg,0,Chinee apple
20170217-112328-0.jpg,0,Chinee apple
20180109-100653-1.jpg,8,Negative
20170913-122457-1.jpg,5,Rubber vine
20180109-071557-1.jpg,8,Negative
20171102-122336-1.jpg,2,Parkinsonia
20171217-183516-2.jpg,8,Negative
20170920-101157-2.jpg,4,Prickly acacia
20160928-141421-0.jpg,0,Chinee apple
20180105-091702-2.jpg,8,Negative
20170501-143248-0.jpg,1,Lantana
20180105-095520-2.jpg,8,Negative
20170522-123505-0.jpg,1,Lantana
20171113-142649-2.jpg,6,Siam weed
20180322-113835-2.jpg,8,Negative
20171113-134300-3.jpg,6,Siam weed
20170207-154504-0.jpg,0,Chinee apple
20171121-083319-1.jpg,6,Siam weed
20180112-081023-1.jpg,8,Negative
20171113-171535-0.jpg,6,Siam weed
20171025-074248-1.jpg,3,Parthenium
20180119-105125-1.jpg,8,Negative
20171102-122536-1.jpg,2,Parkinsonia
20170315-090155-0.jpg,8,Negative
20171218-110512-3.jpg,8,Negative
20171220-083407-3.jpg,8,Negative
20170410-154004-0.jpg,0,Chinee apple
20171220-091831-3.jpg,8,Negative
20171201-120654-1.jpg,8,Negative
20170729-153152-3.jpg,4,Prickly acacia
20170217-095245-0.jpg,7,Snake weed
20170718-100100-2.jpg,0,Chinee apple
20170718-132625-2.jpg,7,Snake weed
20171205-143514-2.jpg,8,Negative
20171212-105237-3.jpg,8,Negative
20171102-120956-1.jpg,2,Parkinsonia
20171220-100127-2.jpg,8,Negative
20180105-095654-3.jpg,8,Negative
20170711-121521-0.jpg,0,Chinee apple
20180125-095351-2.jpg,8,Negative
20171219-094202-2.jpg,8,Negative
20170207-142420-0.jpg,7,Snake weed
20171113-103414-0.jpg,6,Siam weed
20161207-112431-0.jpg,8,Negative
20171212-093747-3.jpg,8,Negative
20170727-144804-1.jpg,4,Prickly acacia
20171220-084534-3.jpg,8,Negative
20170714-112150-2.jpg,1,Lantana
20170920-114321-2.jpg,2,Parkinsonia
20180119-113529-2.jpg,8,Negative
20171113-144439-1.jpg,6,Siam weed
20180119-114709-1.jpg,8,Negative
20171113-120654-2.jpg,6,Siam weed
20170630-152238-0.jpg,7,Snake weed
20170811-115102-1.jpg,0,Chinee apple
20170714-115644-3.jpg,1,Lantana
20180112-092232-2.jpg,8,Negative
20171212-095827-3.jpg,8,Negative
20180109-070856-2.jpg,8,Negative
20170913-103343-1.jpg,3,Parthenium
20171122-102820-1.jpg,5,Rubber vine
20180105-093725-3.jpg,8,Negative
20170129-103137-0.jpg,8,Negative
20170410-160503-0.jpg,7,Snake weed
20170714-111045-1.jpg,1,Lantana
20171025-074553-2.jpg,3,Parthenium
20171212-103805-3.jpg,8,Negative
20171220-093144-2.jpg,8,Negative
20180112-072832-2.jpg,8,Negative
20170920-134143-2.jpg,2,Parkinsonia
20170811-162503-1.jpg,0,Chinee apple
20170714-170023-1.jpg,1,Lantana
20171113-093500-1.jpg,5,Rubber vine
20170128-103847-0.jpg,8,Negative
20171102-115231-1.jpg,2,Parkinsonia
20171205-124103-2.jpg,8,Negative
20171205-145051-2.jpg,8,Negative
20180322-113523-2.jpg,8,Negative
20180112-074507-2.jpg,8,Negative
20170913-100403-3.jpg,5,Rubber vine
20170405-155136-0.jpg,0,Chinee apple
20180322-120015-2.jpg,8,Negative
20170714-134246-1.jpg,1,Lantana
20171203-173258-3.jpg,8,Negative
20170729-093155-1.jpg,4,Prickly acacia
20171113-142940-3.jpg,6,Siam weed
20170630-153729-0.jpg,7,Snake weed
20180109-090115-2.jpg,8,Negative
20180109-104042-2.jpg,8,Negative
20170410-154156-0.jpg,0,Chinee apple
20171113-134550-1.jpg,6,Siam weed
20180105-091820-3.jpg,8,Negative
20180105-093850-3.jpg,8,Negative
20170405-155511-0.jpg,0,Chinee apple
20171219-105135-3.jpg,8,Negative
20171025-080931-1.jpg,3,Parthenium
20180125-132147-3.jpg,8,Negative
20171113-135139-3.jpg,6,Siam weed
20180109-080141-1.jpg,8,Negative
20170705-161438-0.jpg,7,Snake weed
20170913-115909-2.jpg,5,Rubber vine
20170920-192229-1.jpg,2,Parkinsonia
20180125-092820-1.jpg,8,Negative
20171219-110213-3.jpg,8,Negative
20180322-132135-1.jpg,8,Negative
20180109-090213-2.jpg,8,Negative
20180112-072547-1.jpg,8,Negative
20171217-183434-2.jpg,8,Negative
20171109-090615-2.jpg,5,Rubber vine
20170913-103505-1.jpg,3,Parthenium
20171220-092008-2.jpg,8,Negative
20170610-120826-0.jpg,1,Lantana
20180119-115120-1.jpg,8,Negative
20171220-093105-2.jpg,8,Negative
20180109-091256-1.jpg,8,Negative
20170906-105827-4.jpg,3,Parthenium
20170707-113101-0.jpg,7,Snake weed
20180105-094908-2.jpg,8,Negative
20170727-163144-1.jpg,4,Prickly acacia
20170127-102630-0.jpg,1,Lantana
20171122-100723-1.jpg,5,Rubber vine
20180322-111349-2.jpg,8,Negative
20180109-103723-1.jpg,8,Negative
20170906-114902-1.jpg,3,Parthenium
20170630-155919-0.jpg,7,Snake weed
20170210-132425-0.jpg,0,Chinee apple
20171220-090427-2.jpg,8,Negative
20170714-140131-1.jpg,1,Lantana
20171219-113014-2.jpg,8,Negative
20171025-100703-1.jpg,3,Parthenium
20171113-112032-0.jpg,6,Siam weed
20180109-071454-2.jpg,8,Negative
20170920-185943-1.jpg,2,Parkinsonia
20180112-074038-1.jpg,8,Negative
20170920-111217-2.jpg,2,Parkinsonia
20180125-093647-2.jpg,8,Negative
20171218-104637-2.jpg,8,Negative
20170728-155152-1.jpg,4,Prickly acacia
20170920-184115-1.jpg,2,Parkinsonia
20180125-094408-2.jpg,8,Negative
20171102-094159-3.jpg,4,Prickly acacia
20170128-103051-0.jpg,8,Negative
20170704-155206-0.jpg,7,Snake weed
20171220-095009-2.jpg,8,Negative
20171205-144456-2.jpg,8,Negative
20170920-100021-1.jpg,2,Parkinsonia
20180112-073046-2.jpg,8,Negative
20171113-141752-2.jpg,6,Siam weed
20170207-142601-0.jpg,7,Snake weed
20171205-143059-2.jpg,8,Negative
20171122-101456-1.jpg,5,Rubber vine
20180119-114736-1.jpg,8,Negative
20171220-085411-3.jpg,8,Negative
20180109-074251-2.jpg,8,Negative
20171220-094554-2.jpg,8,Negative
20170129-103016-0.jpg,8,Negative
20170210-130955-0.jpg,7,Snake weed
20180109-104351-2.jpg,8,Negative
20170913-115358-2.jpg,5,Rubber vine
20171203-170042-3.jpg,8,Negative
20170728-122357-2.jpg,4,Prickly acacia
20170811-131052-2.jpg,0,Chinee apple
20180125-093306-1.jpg,8,Negative
20171219-114725-2.jpg,8,Negative
20171109-072633-3.jpg,5,Rubber vine
20170727-151846-3.jpg,4,Prickly acacia
20180112-080820-2.jpg,8,Negative
20180125-131224-2.jpg,8,Negative
20170501-145533-0.jpg,8,Negative
20180109-075303-2.jpg,8,Negative
20170727-150126-3.jpg,4,Prickly acacia
20180112-091952-1.jpg,8,Negative
20171025-081548-1.jpg,3,Parthenium
20180105-100137-2.jpg,8,Negative
20170906-115139-1.jpg,3,Parthenium
20171109-074823-1.jpg,5,Rubber vine
20170727-153037-3.jpg,4,Prickly acacia
20170714-135852-2.jpg,1,Lantana
20171220-084339-3.jpg,8,Negative
20170906-132622-1.jpg,3,Parthenium
20180105-094728-2.jpg,8,Negative
20180109-090405-2.jpg,8,Negative
20171109-093542-2.jpg,5,Rubber vine
20170217-143922-0.jpg,7,Snake weed
20171025-090900-3.jpg,3,Parthenium
20171205-124606-2.jpg,8,Negative
20180119-115721-2.jpg,8,Negative
20171219-094811-2.jpg,8,Negative
20170920-171317-3.jpg,2,Parkinsonia
20171219-113852-2.jpg,8,Negative
20180322-112703-2.jpg,8,Negative
20170913-105608-2.jpg,3,Parthenium
20171220-100315-1.jpg,8,Negative
20170714-120921-2.jpg,1,Lantana
20171102-121348-2.jpg,2,Parkinsonia
20170906-114313-2.jpg,3,Parthenium
20171219-113516-2.jpg,8,Negative
20170718-132658-2.jpg,7,Snake weed
20180109-104228-2.jpg,8,Negative
20180125-134115-3.jpg,8,Negative
20180109-095348-1.jpg,8,Negative
20171220-091538-2.jpg,8,Negative
20171109-072154-3.jpg,5,Rubber vine
20180112-102244-2.jpg,8,Negative
20171212-102352-3.jpg,8,Negative
20171102-120336-1.jpg,2,Parkinsonia
20170304-132429-0.jpg,7,Snake weed
20180119-105754-1.jpg,8,Negative
20170920-113857-2.jpg,2,Parkinsonia
20170729-092655-2.jpg,4,Prickly acacia
20171102-121129-3.jpg,2,Parkinsonia
20180105-100729-3.jpg,8,Negative
20170210-131340-0.jpg,7,Snake weed
20180105-093401-2.jpg,8,Negative
20171025-074629-3.jpg,7,Snake weed
20170913-105901-3.jpg,5,Rubber vine
20180112-071309-2.jpg,8,Negative
20171218-104247-3.jpg,8,Negative
20171219-113648-3.jpg,8,Negative
20171113-133500-1.jpg,6,Siam weed
20170714-142043-3.jpg,1,Lantana
20170714-114647-2.jpg,1,Lantana
20171113-140544-2.jpg,6,Siam weed
20170718-132051-2.jpg,0,Chinee apple
20170729-154322-3.jpg,4,Prickly acacia
20171218-112537-3.jpg,8,Negative
20180109-105336-1.jpg,8,Negative
20171025-081315-1.jpg,3,Parthenium
20171121-083810-1.jpg,6,Siam weed
20180109-091312-2.jpg,8,Negative
20171122-102106-1.jpg,5,Rubber vine
20170217-100602-0.jpg,7,Snake weed
20170210-132012-0.jpg,0,Chinee apple
20170207-142726-0.jpg,7,Snake weed
20171109-070904-3.jpg,5,Rubber vine
20171025-093313-1.jpg,3,Parthenium
20180112-091218-2.jpg,8,Negative
20180105-101548-2.jpg,8,Negative
20180322-125923-1.jpg,8,Negative
20171219-114325-3.jpg,8,Negative
20170913-103447-3.jpg,5,Rubber vine
20171109-071508-3.jpg,5,Rubber vine
20180322-103010-2.jpg,8,Negative
20171220-090357-2.jpg,8,Negative
20171102-122732-2.jpg,2,Parkinsonia
20170127-101535-0.jpg,1,Lantana
20170630-150531-0.jpg,7,Snake weed
20170729-091634-1.jpg,4,Prickly acacia
20180125-100814-2.jpg,8,Negative
20171109-093500-1.jpg,5,Rubber vine
20170210-131711-0.jpg,0,Chinee apple
20171218-120209-3.jpg,8,Negative
20171218-103402-2.jpg,8,Negative
20171219-105822-3.jpg,8,Negative
20180119-111317-2.jpg,8,Negative
20180112-100613-1.jpg,8,Negative
20180109-104529-2.jpg,8,Negative
20171218-105030-3.jpg,8,Negative
20180109-090107-2.jpg,8,Negative
20180109-103700-1.jpg,8,Negative
20170728-122548-2.jpg,4,Prickly acacia
20180125-093527-1.jpg,8,Negative
20180109-095047-2.jpg,8,Negative
20171203-173359-3.jpg,8,Negative
20171219-113829-2.jpg,8,Negative
20170811-155046-2.jpg,0,Chinee apple
20170727-140332-1.jpg,4,Prickly acacia
20180112-082709-1.jpg,8,Negative
20171212-094952-1.jpg,8,Negative
20180322-113904-2.jpg,8,Negative
20180125-100100-2.jpg,8,Negative
20170920-182718-1.jpg,2,Parkinsonia
20170913-103341-2.jpg,3,Parthenium
20171113-093822-3.jpg,5,Rubber vine
20170714-135127-2.jpg,1,Lantana
20180322-112554-2.jpg,8,Negative
20180119-113120-1.jpg,8,Negative
20180322-112801-2.jpg,8,Negative
20171025-095444-3.jpg,3,Parthenium
20171212-093303-3.jpg,8,Negative
20171218-122026-2.jpg,8,Negative
20170920-095711-3.jpg,2,Parkinsonia
20171218-111935-3.jpg,8,Negative
20170727-140424-1.jpg,4,Prickly acacia
20170718-132000-2.jpg,0,Chinee apple
20180105-102443-1.jpg,8,Negative
20180322-133646-1.jpg,8,Negative
20170920-160401-3.jpg,2,Parkinsonia
20170920-113312-3.jpg,2,Parkinsonia
20180322-113052-1.jpg,8,Negative
20180125-130130-2.jpg,8,Negative
20171205-134600-2.jpg,8,Negative
20170630-152127-0.jpg,7,Snake weed
20171102-093603-2.jpg,4,Prickly acacia
20180119-115445-2.jpg,8,Negative
20171109-194604-1.jpg,5,Rubber vine
20170315-090401-0.jpg,8,Negative
20170410-160355-0.jpg,7,Snake weed
20170920-132623-2.jpg,2,Parkinsonia
20171113-144201-3.jpg,6,Siam weed
20171121-084234-2.jpg,6,Siam weed
20170913-104437-2.jpg,3,Parthenium
20171113-142521-2.jpg,6,Siam weed
20170610-120839-0.jpg,1,Lantana
20170729-092641-1.jpg,4,Prickly acacia
20180125-133012-3.jpg,8,Negative
20171218-114841-2.jpg,8,Negative
20170718-094503-2.jpg,0,Chinee apple
20180105-092839-3.jpg,8,Negative
20171219-112008-3.jpg,8,Negative
20171218-105311-2.jpg,8,Negative
20180109-080350-1.jpg,8,Negative
20170207-141727-0.jpg,7,Snake weed
20170913-103812-2.jpg,3,Parthenium
20171102-100914-2.jpg,4,Prickly acacia
20170714-120357-2.jpg,1,Lantana
20180112-072412-2.jpg,8,Negative
20180109-074911-2.jpg,8,Negative
20180112-070741-2.jpg,8,Negative
20171025-074900-3.jpg,3,Parthenium
20171219-095803-2.jpg,8,Negative
20170706-110224-0.jpg,8,Negative
20180109-095926-1.jpg,8,Negative
20180109-072622-1.jpg,8,Negative
20170913-103944-2.jpg,3,Parthenium
20170920-160041-3.jpg,2,Parkinsonia
20170127-102301-0.jpg,1,Lantana
20171220-094913-1.jpg,8,Negative
20170727-143545-1.jpg,4,Prickly acacia
20171219-111957-3.jpg,8,Negative
20171113-150036-3.jpg,6,Siam weed
20171122-104222-1.jpg,5,Rubber vine
20170705-162525-0.jpg,7,Snake weed
20170728-122620-3.jpg,4,Prickly acacia
20170727-155422-1.jpg,4,Prickly acacia
20180109-091309-1.jpg,8,Negative
20170727-112625-3.jpg,4,Prickly acacia
20171205-144824-2.jpg,8,Negative
20171218-120733-3.jpg,8,Negative
20180125-133407-2.jpg,8,Negative
20171113-140134-2.jpg,6,Siam weed
20180322-132255-1.jpg,8,Negative
20180112-102259-2.jpg,8,Negative
20171219-103220-3.jpg,8,Negative
20170714-143314-1.jpg,1,Lantana
20180109-101517-2.jpg,8,Negative
20171113-141437-2.jpg,6,Siam weed
20180112-080001-2.jpg,8,Negative
20180112-092208-1.jpg,8,Negative
20171113-131948-3.jpg,6,Siam weed
20170217-115626-0.jpg,0,Chinee apple
20171219-104517-2.jpg,8,Negative
20180109-070530-1.jpg,8,Negative
20180322-124907-1.jpg,8,Negative
20180109-102907-2.jpg,8,Negative
20171109-074145-1.jpg,5,Rubber vine
20180105-092029-3.jpg,8,Negative
20180125-131319-2.jpg,8,Negative
20180322-113744-1.jpg,8,Negative
20170913-121430-1.jpg,5,Rubber vine
20180109-092533-2.jpg,8,Negative
20170811-114743-2.jpg,0,Chinee apple
20171121-083939-1.jpg,6,Siam weed
20170210-142148-0.jpg,7,Snake weed
20170704-155122-0.jpg,7,Snake weed
20171219-112250-2.jpg,8,Negative
20180125-101713-1.jpg,8,Negative
20171121-101101-1.jpg,6,Siam weed
20170727-170947-1.jpg,4,Prickly acacia
20170715-160326-1.jpg,1,Lantana
20180109-085732-2.jpg,7,Snake weed
20171025-075132-2.jpg,3,Parthenium
20170906-091751-1.jpg,3,Parthenium
20171121-072049-1.jpg,6,Siam weed
20171113-131937-3.jpg,6,Siam weed
20171102-120712-1.jpg,2,Parkinsonia
20171218-104227-2.jpg,8,Negative
20170501-144947-0.jpg,8,Negative
20170217-102437-0.jpg,0,Chinee apple
20180105-092621-2.jpg,8,Negative
20180105-095152-3.jpg,8,Negative
20170920-130935-2.jpg,2,Parkinsonia
20180112-080610-2.jpg,8,Negative
20180322-120945-2.jpg,8,Negative
20170127-102005-0.jpg,1,Lantana
20170127-102920-0.jpg,1,Lantana
20171113-132349-1.jpg,6,Siam weed
20171113-101422-3.jpg,5,Rubber vine
20180322-133223-1.jpg,8,Negative
20170728-120147-2.jpg,4,Prickly acacia
20171205-141347-2.jpg,8,Negative
20171218-110803-2.jpg,8,Negative
20170714-112445-2.jpg,1,Lantana
20170913-100412-1.jpg,3,Parthenium
20170728-150742-3.jpg,8,Negative
20180109-075157-1.jpg,8,Negative
20170811-125711-1.jpg,0,Chinee apple
20180109-091058-2.jpg,8,Negative
20170129-104100-0.jpg,8,Negative
20171025-075000-2.jpg,3,Parthenium
20180119-115411-2.jpg,8,Negative
20170129-101934-0.jpg,8,Negative
20180322-104522-1.jpg,8,Negative
20180112-103209-1.jpg,8,Negative
20180119-105259-1.jpg,8,Negative
20171220-091117-2.jpg,8,Negative
20170913-111002-1.jpg,3,Parthenium
20171113-132058-1.jpg,6,Siam weed
20170714-142722-3.jpg,1,Lantana
20170913-102554-2.jpg,3,Parthenium
20170410-123909-0.jpg,0,Chinee apple
20171220-082657-3.jpg,8,Negative
20180109-072850-2.jpg,8,Negative
20180125-135234-2.jpg,8,Negative
20171218-103654-2.jpg,8,Negative
20171205-143939-2.jpg,8,Negative
20180322-104325-2.jpg,8,Negative
20171109-072401-1.jpg,5,Rubber vine
20170210-130638-0.jpg,7,Snake weed
20171102-120828-2.jpg,2,Parkinsonia
20171205-141421-2.jpg,8,Negative
20180105-095706-3.jpg,8,Negative
20170920-130730-2.jpg,2,Parkinsonia
20180112-072856-1.jpg,8,Negative
20180125-094949-1.jpg,8,Negative
20171025-074536-3.jpg,3,Parthenium
20170727-114409-3.jpg,4,Prickly acacia
20170129-103106-0.jpg,8,Negative
20171220-093311-2.jpg,8,Negative
20180322-114415-2.jpg,8,Negative
20170727-164318-1.jpg,4,Prickly acacia
20170906-131956-1.jpg,3,Parthenium
20171218-115256-2.jpg,8,Negative
20170129-102505-0.jpg,8,Negative
20180125-101251-2.jpg,8,Negative
20180125-132135-2.jpg,8,Negative
20171219-112449-3.jpg,8,Negative
20170610-122533-0.jpg,1,Lantana
20171212-105639-3.jpg,8,Negative
20180112-083153-1.jpg,8,Negative
20170727-144609-1.jpg,4,Prickly acacia
20170715-153540-1.jpg,1,Lantana
20170913-102429-2.jpg,3,Parthenium
20170906-094730-1.jpg,3,Parthenium
20180119-104920-2.jpg,8,Negative
20170811-125006-2.jpg,0,Chinee apple
20180125-134003-3.jpg,8,Negative
20171220-091902-3.jpg,8,Negative
20171102-100219-2.jpg,4,Prickly acacia
20171212-103745-3.jpg,8,Negative
20170304-123621-0.jpg,0,Chinee apple
20180109-101209-2.jpg,8,Negative
20170920-162129-3.jpg,2,Parkinsonia
20180322-112543-2.jpg,8,Negative
20171025-082526-1.jpg,3,Parthenium
20171220-083043-2.jpg,8,Negative
20171102-103046-2.jpg,2,Parkinsonia
20170217-112214-0.jpg,0,Chinee apple
20180125-091955-1.jpg,8,Negative
20170704-151748-0.jpg,7,Snake weed
20180109-103818-1.jpg,8,Negative
20171218-105811-3.jpg,8,Negative
20171201-115805-1.jpg,8,Negative
20171025-082727-2.jpg,3,Parthenium
20170714-132614-1.jpg,1,Lantana
20180109-080723-2.jpg,8,Negative
20170501-142822-0.jpg,1,Lantana
20171220-092053-2.jpg,8,Negative
20170718-102441-2.jpg,7,Snake weed
20180322-102743-1.jpg,8,Negative
20180322-111748-1.jpg,8,Negative
20180125-101046-1.jpg,8,Negative
20180105-093127-3.jpg,8,Negative
20171220-093358-3.jpg,8,Negative
20170404-153640-0.jpg,7,Snake weed
20180112-102528-1.jpg,8,Negative
20171122-100455-1.jpg,5,Rubber vine
20170715-114304-1.jpg,1,Lantana
20180109-073926-2.jpg,8,Negative
20171109-072302-3.jpg,5,Rubber vine
20170920-121137-2.jpg,2,Parkinsonia
20180125-131854-2.jpg,8,Negative
20170304-132134-0.jpg,7,Snake weed
20170714-143122-2.jpg,1,Lantana
20170811-131125-1.jpg,0,Chinee apple
20170920-095541-2.jpg,2,Parkinsonia
20171102-100031-1.jpg,4,Prickly acacia
20180112-072435-1.jpg,8,Negative
20171109-194044-1.jpg,5,Rubber vine
20180322-114628-2.jpg,8,Negative
20170920-114830-3.jpg,2,Parkinsonia
20171220-100528-1.jpg,8,Negative
20171109-073756-1.jpg,5,Rubber vine
20161207-111744-0.jpg,0,Chinee apple
20170718-132207-2.jpg,7,Snake weed
20171025-100834-1.jpg,3,Parthenium
20170727-130315-1.jpg,4,Prickly acacia
20171219-093306-3.jpg,8,Negative
20171218-110553-3.jpg,8,Negative
20170210-132522-0.jpg,0,Chinee apple
20170913-104934-3.jpg,5,Rubber vine
20171219-100722-3.jpg,8,Negative
20170913-101319-3.jpg,5,Rubber vine
20180322-111715-1.jpg,8,Negative
20180322-120303-2.jpg,8,Negative
20180119-115435-2.jpg,8,Negative
20171109-074159-1.jpg,5,Rubber vine
20170715-103111-1.jpg,1,Lantana
20180112-075258-2.jpg,8,Negative
20170718-101638-2.jpg,7,Snake weed
20180112-094633-2.jpg,8,Negative
20180322-132417-1.jpg,8,Negative
20170127-101628-0.jpg,1,Lantana
20171218-120341-2.jpg,8,Negative
20170906-101043-1.jpg,3,Parthenium
20170727-130021-1.jpg,4,Prickly acacia
20171203-170616-3.jpg,8,Negative
20171205-144132-2.jpg,8,Negative
20180112-073045-1.jpg,8,Negative
20170705-161056-0.jpg,7,Snake weed
20170129-103055-0.jpg,8,Negative
20171121-073208-1.jpg,6,Siam weed
20170920-160657-3.jpg,2,Parkinsonia
20180109-070002-2.jpg,8,Negative
20180105-100502-3.jpg,8,Negative
20170714-133426-1.jpg,1,Lantana
20171109-073510-1.jpg,5,Rubber vine
20170715-164851-1.jpg,1,Lantana
20180119-110134-1.jpg,8,Negative
20180109-074817-2.jpg,8,Negative
20171025-090145-2.jpg,3,Parthenium
20180109-105354-2.jpg,8,Negative
20171122-103118-1.jpg,5,Rubber vine
20171205-123527-2.jpg,8,Negative
20180105-093545-2.jpg,8,Negative
20171109-074110-1.jpg,5,Rubber vine
20171203-165847-3.jpg,8,Negative
20180322-130905-1.jpg,8,Negative
20180105-100622-3.jpg,8,Negative
20171220-095321-2.jpg,8,Negative
20180125-093202-1.jpg,8,Negative
20170304-130900-0.jpg,7,Snake weed
20171218-112712-3.jpg,8,Negative
20171218-111238-2.jpg,8,Negative
20171220-094713-2.jpg,8,Negative
20170714-141955-3.jpg,1,Lantana
20171203-173941-3.jpg,8,Negative
20170315-085555-0.jpg,8,Negative
20180109-075105-1.jpg,8,Negative
20171212-102805-3.jpg,8,Negative
20180109-090002-2.jpg,8,Negative
20171212-100528-1.jpg,8,Negative
20171218-121136-3.jpg,8,Negative
20171109-091506-3.jpg,5,Rubber vine
20161207-144746-0.jpg,7,Snake weed
20180105-093421-3.jpg,8,Negative
20180112-102528-2.jpg,8,Negative
20171109-071031-1.jpg,5,Rubber vine
20171219-112111-2.jpg,8,Negative
20180119-105024-2.jpg,8,Negative
20170920-132702-2.jpg,2,Parkinsonia
20171025-080400-1.jpg,3,Parthenium
20171102-121207-1.jpg,2,Parkinsonia
20171102-120507-1.jpg,2,Parkinsonia
20180109-074349-2.jpg,8,Negative
20170705-164230-0.jpg,7,Snake weed
20180125-095548-1.jpg,8,Negative
20180322-114941-1.jpg,8,Negative
20180322-112015-1.jpg,8,Negative
20180109-073245-1.jpg,8,Negative
20180119-112920-2.jpg,8,Negative
20170913-123043-1.jpg,5,Rubber vine
20180125-100645-2.jpg,8,Negative
20180125-093913-2.jpg,8,Negative
20180109-104318-1.jpg,8,Negative
20180109-090148-2.jpg,8,Negative
20170718-102220-2.jpg,0,Chinee apple
20170217-121224-0.jpg,0,Chinee apple
20171217-184452-2.jpg,8,Negative
20180125-134828-2.jpg,8,Negative
20171109-093942-3.jpg,5,Rubber vine
20171108-125657-3.jpg,5,Rubber vine
20170727-170606-1.jpg,4,Prickly acacia
20170920-160436-3.jpg,2,Parkinsonia
20171219-114652-3.jpg,8,Negative
20170913-104133-1.jpg,3,Parthenium
20170920-115716-2.jpg,2,Parkinsonia
20171025-074425-1.jpg,3,Parthenium
20171025-080548-2.jpg,3,Parthenium
20171212-105549-3.jpg,8,Negative
20180119-110004-1.jpg,8,Negative
20171219-112144-2.jpg,8,Negative
20180322-104310-2.jpg,8,Negative
20170705-162443-0.jpg,7,Snake weed
20180112-101854-2.jpg,8,Negative
20170728-121232-2.jpg,4,Prickly acacia
20171205-134734-2.jpg,8,Negative
20180112-083344-1.jpg,8,Negative
20180109-072144-2.jpg,8,Negative
20170906-113231-4.jpg,3,Parthenium
20171220-095408-2.jpg,8,Negative
20170210-134327-0.jpg,0,Chinee apple
20171113-135507-3.jpg,6,Siam weed
20170913-115550-2.jpg,5,Rubber vine
20171109-092642-1.jpg,5,Rubber vine
20180109-103003-2.jpg,8,Negative
20170920-100206-2.jpg,2,Parkinsonia
20170217-114813-0.jpg,7,Snake weed
20170610-123133-0.jpg,1,Lantana
20171219-094823-3.jpg,8,Negative
20171219-093357-2.jpg,8,Negative
20170920-192030-1.jpg,2,Parkinsonia
20180112-081330-1.jpg,8,Negative
20180105-101641-2.jpg,8,Negative
20171220-091422-3.jpg,8,Negative
20180109-104528-2.jpg,8,Negative
20170920-131101-2.jpg,2,Parkinsonia
20171113-131947-2.jpg,6,Siam weed
20180109-104944-1.jpg,8,Negative
20170217-121536-0.jpg,0,Chinee apple
20171212-103650-3.jpg,8,Negative
20180105-094739-3.jpg,8,Negative
20180109-090753-2.jpg,8,Negative
20170729-090441-1.jpg,4,Prickly acacia
20170711-115029-0.jpg,7,Snake weed
20171217-103545-2.jpg,8,Negative
20180322-114546-2.jpg,8,Negative
20171219-113407-3.jpg,8,Negative
20171025-074506-3.jpg,3,Parthenium
20171109-092033-2.jpg,5,Rubber vine
20170920-101121-1.jpg,2,Parkinsonia
20171113-095456-1.jpg,5,Rubber vine
20180109-105509-1.jpg,8,Negative
20180109-104824-2.jpg,8,Negative
20180109-071951-2.jpg,8,Negative
20171212-105308-3.jpg,8,Negative
20170210-130830-0.jpg,7,Snake weed
20170627-103928-0.jpg,0,Chinee apple
20171113-115402-3.jpg,6,Siam weed
20180119-113809-1.jpg,8,Negative
20180125-095907-2.jpg,8,Negative
20171113-115949-1.jpg,6,Siam weed
20180109-095203-1.jpg,8,Negative
20180109-104723-1.jpg,8,Negative
20170128-102105-0.jpg,8,Negative
20171113-143259-0.jpg,6,Siam weed
20171109-195050-1.jpg,5,Rubber vine
20171122-104241-1.jpg,5,Rubber vine
20180109-110023-2.jpg,8,Negative
20170217-151857-0.jpg,0,Chinee apple
20170501-143807-0.jpg,1,Lantana
20180125-100815-2.jpg,8,Negative
20170727-154716-1.jpg,4,Prickly acacia
20170610-122223-0.jpg,1,Lantana
20180109-073133-1.jpg,8,Negative
20170705-165904-0.jpg,7,Snake weed
20180119-113537-1.jpg,8,Negative
20171218-104023-2.jpg,8,Negative
20171220-082706-3.jpg,8,Negative
20170728-151920-2.jpg,4,Prickly acacia
20180322-121702-2.jpg,8,Negative
20170728-145850-1.jpg,8,Negative
20170913-103812-3.jpg,5,Rubber vine
20171220-094459-2.jpg,8,Negative
20170711-121448-0.jpg,0,Chinee apple
20170130-102438-0.jpg,1,Lantana
20180112-092714-1.jpg,8,Negative
20171220-091414-2.jpg,8,Negative
20180322-102626-2.jpg,8,Negative
20171205-141130-2.jpg,8,Negative
20180112-093637-1.jpg,8,Negative
20171205-123621-2.jpg,8,Negative
20170714-114911-3.jpg,1,Lantana
20171203-164458-3.jpg,8,Negative
20170610-123339-0.jpg,1,Lantana
20171218-112623-3.jpg,8,Negative
20171025-073528-1.jpg,3,Parthenium
20170811-115127-1.jpg,0,Chinee apple
20180112-080029-2.jpg,8,Negative
20170217-110907-0.jpg,0,Chinee apple
20171122-102833-1.jpg,5,Rubber vine
20180109-103143-1.jpg,8,Negative
20171220-095135-2.jpg,8,Negative
20170728-122813-2.jpg,4,Prickly acacia
20170920-190826-1.jpg,2,Parkinsonia
20171219-115112-2.jpg,8,Negative
20171025-075859-2.jpg,3,Parthenium
20170920-192350-1.jpg,2,Parkinsonia
20170706-112728-0.jpg,7,Snake weed
20171212-100247-3.jpg,8,Negative
20171219-101358-2.jpg,8,Negative
20170210-131239-0.jpg,7,Snake weed
20180322-112931-1.jpg,8,Negative
20171219-112840-2.jpg,8,Negative
20171113-142959-2.jpg,6,Siam weed
20180119-114102-2.jpg,8,Negative
20170704-150951-0.jpg,7,Snake weed
20170217-100204-0.jpg,7,Snake weed
20170714-141657-3.jpg,1,Lantana
20180109-103235-1.jpg,8,Negative
20170610-123454-0.jpg,1,Lantana
20180109-104408-2.jpg,8,Negative
20171220-084647-2.jpg,8,Negative
20171219-092706-2.jpg,8,Negative
20171218-111318-2.jpg,8,Negative
20180112-095016-2.jpg,8,Negative
20171109-074018-1.jpg,5,Rubber vine
20170715-141207-1.jpg,1,Lantana
20171109-092404-2.jpg,5,Rubber vine
20171220-100346-1.jpg,8,Negative
20171220-084328-2.jpg,8,Negative
20170728-152800-1.jpg,8,Negative
20170906-104758-1.jpg,3,Parthenium
20170728-152828-1.jpg,8,Negative
20171219-114737-2.jpg,8,Negative
20170811-114058-2.jpg,0,Chinee apple
20170727-170106-1.jpg,4,Prickly acacia
20171109-091300-1.jpg,5,Rubber vine
20170727-125420-1.jpg,4,Prickly acacia
20170718-132409-2.jpg,7,Snake weed
20180112-074454-2.jpg,8,Negative
20171212-100422-1.jpg,8,Negative
20171220-095037-1.jpg,8,Negative
20180119-105135-1.jpg,8,Negative
20180119-105326-1.jpg,8,Negative
20180109-080311-1.jpg,8,Negative
20171113-134928-3.jpg,6,Siam weed
20170728-150354-1.jpg,8,Negative
20180112-093104-2.jpg,8,Negative
20170727-140127-1.jpg,4,Prickly acacia
20180112-103552-1.jpg,8,Negative
20180125-100406-2.jpg,8,Negative
20171219-094612-2.jpg,8,Negative
20180109-074723-2.jpg,8,Negative
20170920-094836-1.jpg,2,Parkinsonia
20171212-095610-1.jpg,8,Negative
20180109-103928-2.jpg,8,Negative
20180322-103605-2.jpg,8,Negative
20170804-132649-1.jpg,1,Lantana
20180105-095757-2.jpg,8,Negative
20171102-104513-3.jpg,2,Parkinsonia
20170920-162920-3.jpg,2,Parkinsonia
20171220-092323-2.jpg,8,Negative
20180109-095743-1.jpg,8,Negative
20171218-122001-2.jpg,8,Negative
20171203-174656-3.jpg,8,Negative
20180112-070613-2.jpg,8,Negative
20180125-101006-2.jpg,8,Negative
20171025-090643-1.jpg,3,Parthenium
20180105-092328-3.jpg,8,Negative
20171025-083028-3.jpg,3,Parthenium
20180119-114049-1.jpg,8,Negative
20171203-172608-3.jpg,8,Negative
20180119-113406-2.jpg,8,Negative
20180322-130809-1.jpg,8,Negative
20170913-100934-1.jpg,3,Parthenium
20170920-101058-1.jpg,2,Parkinsonia
20180322-131210-1.jpg,8,Negative
20180112-081952-1.jpg,8,Negative
20171113-145552-3.jpg,6,Siam weed
20170728-120521-2.jpg,4,Prickly acacia
20180322-104221-1.jpg,8,Negative
20180109-092404-2.jpg,8,Negative
20180322-112939-2.jpg,8,Negative
20180125-100846-2.jpg,8,Negative
20171218-113540-3.jpg,8,Negative
20180109-085543-2.jpg,8,Negative
20180109-092440-2.jpg,8,Negative
20180109-075014-2.jpg,8,Negative
20180112-070944-2.jpg,8,Negative
20171109-092525-2.jpg,5,Rubber vine
20171109-091445-1.jpg,5,Rubber vine
20180109-090745-2.jpg,8,Negative
20180112-071909-1.jpg,8,Negative
20170920-184353-1.jpg,2,Parkinsonia
20170718-132641-2.jpg,7,Snake weed
20180112-093449-1.jpg,8,Negative
20170210-131628-0.jpg,7,Snake weed
20170714-120941-2.jpg,1,Lantana
20170217-095642-0.jpg,7,Snake weed
20180112-072620-2.jpg,8,Negative
20180109-095921-2.jpg,8,Negative
20180125-131446-3.jpg,8,Negative
20170727-163018-1.jpg,4,Prickly acacia
20171218-110742-2.jpg,8,Negative
20170728-154236-1.jpg,4,Prickly acacia
20171203-170805-3.jpg,8,Negative
20171113-142546-2.jpg,6,Siam weed
20170728-124324-2.jpg,4,Prickly acacia
20170728-121546-2.jpg,4,Prickly acacia
20171102-094412-3.jpg,4,Prickly acacia
20180322-112346-2.jpg,8,Negative
20170707-112953-0.jpg,7,Snake weed
20180109-090042-2.jpg,8,Negative
20171212-095324-3.jpg,8,Negative
20170913-105456-2.jpg,3,Parthenium
20180109-074608-2.jpg,8,Negative
20170627-103509-0.jpg,0,Chinee apple
20170714-121008-3.jpg,1,Lantana
20180125-135000-3.jpg,8,Negative
20170906-132050-2.jpg,3,Parthenium
20170714-133313-1.jpg,1,Lantana
20171113-140845-2.jpg,6,Siam weed
20171113-123443-3.jpg,6,Siam weed
20170920-133648-2.jpg,2,Parkinsonia
20170129-102414-0.jpg,8,Negative
20170705-165636-0.jpg,8,Negative
20170627-103821-0.jpg,0,Chinee apple
20171218-104826-3.jpg,8,Negative
20180109-085542-1.jpg,8,Negative
20171219-105511-3.jpg,8,Negative
20170727-144828-1.jpg,4,Prickly acacia
20180125-095521-2.jpg,8,Negative
20170920-190702-1.jpg,2,Parkinsonia
20171218-121847-2.jpg,8,Negative
20180112-093602-2.jpg,8,Negative
20170728-153122-1.jpg,8,Negative
20180112-083506-1.jpg,8,Negative
20171212-100342-1.jpg,8,Negative
20170811-124841-2.jpg,0,Chinee apple
20180125-102005-1.jpg,8,Negative
20180322-120454-2.jpg,8,Negative
20171205-124640-2.jpg,8,Negative
20180125-102025-1.jpg,8,Negative
20171218-112441-3.jpg,8,Negative
20180322-105311-1.jpg,8,Negative
20180109-094705-2.jpg,8,Negative
20170217-144043-0.jpg,7,Snake weed
20180109-071845-1.jpg,8,Negative
20180112-091711-1.jpg,8,Negative
20170728-120101-2.jpg,4,Prickly acacia
20180322-113232-2.jpg,8,Negative
20170920-114548-2.jpg,2,Parkinsonia
20170706-112624-0.jpg,7,Snake weed
20171220-092129-3.jpg,8,Negative
20171102-094653-2.jpg,4,Prickly acacia
20180109-105819-2.jpg,8,Negative
20180112-070159-2.jpg,8,Negative
20170714-113807-2.jpg,1,Lantana
20171205-144246-2.jpg,8,Negative
20170920-114013-3.jpg,2,Parkinsonia
20180125-131424-3.jpg,8,Negative
20170714-120055-2.jpg,1,Lantana
20170304-131518-0.jpg,7,Snake weed
20180109-071843-2.jpg,8,Negative
20170728-124346-3.jpg,4,Prickly acacia
20180105-100109-2.jpg,8,Negative
20171102-123002-2.jpg,2,Parkinsonia
20170714-143606-2.jpg,1,Lantana
20170913-104352-2.jpg,3,Parthenium
20170913-115504-3.jpg,3,Parthenium
20171025-092724-3.jpg,7,Snake weed
20170811-104243-2.jpg,0,Chinee apple
20180125-101855-2.jpg,8,Negative
20171121-073624-1.jpg,6,Siam weed
20180125-133322-3.jpg,8,Negative
20180125-095631-2.jpg,8,Negative
20170705-162153-0.jpg,7,Snake weed
20171113-151253-3.jpg,6,Siam weed
20170906-105529-1.jpg,3,Parthenium
20170727-164359-3.jpg,4,Prickly acacia
20171102-093342-3.jpg,4,Prickly acacia
20180109-091534-2.jpg,8,Negative
20160928-141437-0.jpg,0,Chinee apple
20171219-114459-2.jpg,8,Negative
20171220-100948-1.jpg,8,Negative
20180109-091932-1.jpg,8,Negative
20170210-142158-0.jpg,7,Snake weed
20180109-101036-2.jpg,8,Negative
20171025-092539-1.jpg,3,Parthenium
20170727-165202-1.jpg,4,Prickly acacia
20171025-091818-1.jpg,3,Parthenium
20171212-094756-1.jpg,8,Negative
20180322-112847-2.jpg,8,Negative
20171102-120049-1.jpg,2,Parkinsonia
20170913-100801-2.jpg,3,Parthenium
20180112-091749-2.jpg,8,Negative
20170714-190022-1.jpg,1,Lantana
20171113-120014-3.jpg,6,Siam weed
20171220-084920-2.jpg,8,Negative
20180112-070815-2.jpg,8,Negative
20180322-114702-1.jpg,8,Negative
20180112-070612-2.jpg,8,Negative
20171113-124517-1.jpg,6,Siam weed
20180109-095047-1.jpg,8,Negative
20171220-095021-1.jpg,8,Negative
20180125-093220-2.jpg,8,Negative
20180112-103711-2.jpg,8,Negative
20170315-085227-0.jpg,1,Lantana
20171219-094930-3.jpg,8,Negative
20170728-122659-2.jpg,4,Prickly acacia
20180112-074933-2.jpg,8,Negative
20170217-100450-0.jpg,7,Snake weed
20180112-080358-2.jpg,8,Negative
20170906-112939-2.jpg,3,Parthenium
20171218-121138-3.jpg,8,Negative
20180112-081721-1.jpg,8,Negative
20171220-092130-2.jpg,8,Negative
20170920-171930-1.jpg,2,Parkinsonia
20170217-095344-0.jpg,7,Snake weed
20171102-121613-1.jpg,2,Parkinsonia
20170405-155358-0.jpg,0,Chinee apple
20180112-083728-1.jpg,8,Negative
20180112-080454-1.jpg,8,Negative
20170729-093352-2.jpg,4,Prickly acacia
20180125-100745-2.jpg,8,Negative
20170811-114956-1.jpg,0,Chinee apple
20170906-134745-1.jpg,3,Parthenium
20180125-125855-2.jpg,8,Negative
20170718-100224-2.jpg,0,Chinee apple
20171212-094641-1.jpg,8,Negative
20170811-130737-2.jpg,0,Chinee apple
20170210-150032-0.jpg,7,Snake weed
20180109-091901-1.jpg,8,Negative
20171102-122445-3.jpg,2,Parkinsonia
20170304-124728-0.jpg,0,Chinee apple
20180119-105347-1.jpg,8,Negative
20170405-155903-0.jpg,0,Chinee apple
20171220-091703-3.jpg,8,Negative
20171219-112323-3.jpg,8,Negative
20170920-114200-3.jpg,2,Parkinsonia
20170920-164305-3.jpg,2,Parkinsonia
20171113-123718-3.jpg,6,Siam weed
20170727-144821-1.jpg,4,Prickly acacia
20171109-091003-3.jpg,5,Rubber vine
20180109-100319-2.jpg,8,Negative
20180105-100547-2.jpg,8,Negative
20171102-093641-2.jpg,4,Prickly acacia
20171109-071926-1.jpg,5,Rubber vine
20161207-144902-0.jpg,0,Chinee apple
20180105-092734-3.jpg,8,Negative
20180119-105211-1.jpg,8,Negative
20170913-121432-3.jpg,3,Parthenium
20170906-112857-4.jpg,3,Parthenium
20171219-105547-2.jpg,8,Negative
20180109-095505-2.jpg,8,Negative
20170811-112723-2.jpg,0,Chinee apple
20180322-102653-2.jpg,8,Negative
20170217-144521-0.jpg,7,Snake weed
20170906-100920-1.jpg,3,Parthenium
20171220-084427-3.jpg,8,Negative
20170906-105900-4.jpg,3,Parthenium
20171121-181157-2.jpg,6,Siam weed
20180112-071355-2.jpg,8,Negative
20170304-125919-0.jpg,7,Snake weed
20170920-094406-1.jpg,2,Parkinsonia
20180105-095936-3.jpg,8,Negative
20170714-140539-2.jpg,1,Lantana
20180109-074623-1.jpg,8,Negative
20170217-114335-0.jpg,0,Chinee apple
20180119-111243-2.jpg,8,Negative
20171109-095123-3.jpg,5,Rubber vine
20171025-093048-2.jpg,3,Parthenium
20180322-105044-1.jpg,8,Negative
20180112-094229-2.jpg,8,Negative
20171025-093051-1.jpg,3,Parthenium
20171122-102148-1.jpg,5,Rubber vine
20170811-163012-1.jpg,0,Chinee apple
20171025-095356-2.jpg,3,Parthenium
20180105-095434-2.jpg,8,Negative
20170913-100332-1.jpg,3,Parthenium
20171201-120901-1.jpg,8,Negative
20171121-083821-1.jpg,6,Siam weed
20171220-101720-1.jpg,8,Negative
20170920-160233-3.jpg,2,Parkinsonia
20170714-130716-1.jpg,1,Lantana
20180119-115504-1.jpg,8,Negative
20180125-132919-3.jpg,8,Negative
20180105-091748-3.jpg,8,Negative
20171121-090429-3.jpg,6,Siam weed
20180125-134028-3.jpg,8,Negative
20171113-141305-2.jpg,6,Siam weed
20180112-094522-1.jpg,8,Negative
20170920-115000-3.jpg,2,Parkinsonia
20180125-135545-3.jpg,8,Negative
20170705-161828-0.jpg,7,Snake weed
20171217-184706-2.jpg,8,Negative
20171025-080612-2.jpg,3,Parthenium
20171109-091517-1.jpg,5,Rubber vine
20171109-091149-1.jpg,5,Rubber vine
20180112-100613-2.jpg,8,Negative
20180112-073251-2.jpg,8,Negative
20171113-120320-1.jpg,6,Siam weed
20171212-100638-1.jpg,8,Negative
20171219-112049-2.jpg,8,Negative
20170811-124947-2.jpg,0,Chinee apple
20171218-113215-3.jpg,8,Negative
20180322-131630-1.jpg,8,Negative
20171220-091601-2.jpg,8,Negative
20171219-092659-3.jpg,8,Negative
20171220-101143-1.jpg,8,Negative
20180322-110841-2.jpg,8,Negative
20171102-094708-2.jpg,4,Prickly acacia
20170315-090946-0.jpg,8,Negative
20170501-142305-0.jpg,1,Lantana
20180125-101016-2.jpg,8,Negative
20180105-104452-1.jpg,8,Negative
20171025-100012-2.jpg,3,Parthenium
20170128-103101-0.jpg,8,Negative
20180112-081003-1.jpg,8,Negative
20180322-132206-1.jpg,8,Negative
20180322-111636-2.jpg,8,Negative
20170304-124535-0.jpg,0,Chinee apple
20170906-105550-1.jpg,3,Parthenium
20170501-145316-0.jpg,8,Negative
20170913-104325-2.jpg,3,Parthenium
20170704-151522-0.jpg,0,Chinee apple
20170207-155146-0.jpg,0,Chinee apple
20170404-154333-0.jpg,7,Snake weed
20180322-133832-1.jpg,8,Negative
20170920-095451-2.jpg,2,Parkinsonia
20171121-084920-1.jpg,6,Siam weed
20171212-103923-3.jpg,8,Negative
20171113-134940-1.jpg,6,Siam weed
20171220-083532-2.jpg,8,Negative
20171109-072742-3.jpg,5,Rubber vine
20180125-134035-2.jpg,8,Negative
20170210-132705-0.jpg,0,Chinee apple
20180109-103747-1.jpg,8,Negative
20171102-100310-2.jpg,4,Prickly acacia
20160928-140314-0.jpg,0,Chinee apple
20171220-093456-3.jpg,8,Negative
20180322-113040-1.jpg,8,Negative
20180322-114821-1.jpg,8,Negative
20171025-082220-2.jpg,3,Parthenium
20170207-142144-0.jpg,7,Snake weed
20180109-080000-1.jpg,8,Negative
20171121-090145-3.jpg,6,Siam weed
20171109-092611-2.jpg,5,Rubber vine
20171219-105312-3.jpg,8,Negative
20170920-112959-3.jpg,2,Parkinsonia
20170728-150804-1.jpg,4,Prickly acacia
20180112-100602-1.jpg,8,Negative
20180125-125818-2.jpg,8,Negative
20171113-142508-2.jpg,6,Siam weed
20171102-093502-2.jpg,4,Prickly acacia
20171203-165415-3.jpg,8,Negative
20170210-130746-0.jpg,7,Snake weed
20180322-104424-1.jpg,8,Negative
20171109-090638-3.jpg,5,Rubber vine
20170410-124336-0.jpg,0,Chinee apple
20171025-074712-2.jpg,3,Parthenium
20180119-104527-2.jpg,8,Negative
20170913-102008-1.jpg,3,Parthenium
20171113-133153-1.jpg,6,Siam weed
20171122-100346-1.jpg,5,Rubber vine
20170920-094102-1.jpg,4,Prickly acacia
20180125-135322-3.jpg,8,Negative
20180125-092519-2.jpg,8,Negative
20180109-070658-1.jpg,8,Negative
20170906-135229-2.jpg,3,Parthenium
20180119-113107-2.jpg,8,Negative
20180109-101140-2.jpg,8,Negative
20180322-113646-1.jpg,8,Negative
20171113-115204-1.jpg,6,Siam weed
20171025-100432-2.jpg,3,Parthenium
20170714-190158-1.jpg,1,Lantana
20171025-075205-3.jpg,3,Parthenium
20170714-165912-1.jpg,1,Lantana
20170728-121445-2.jpg,4,Prickly acacia
20171113-115229-3.jpg,6,Siam weed
20170715-173650-1.jpg,1,Lantana
20170210-131138-0.jpg,7,Snake weed
20170920-095853-2.jpg,2,Parkinsonia
20170410-160232-0.jpg,7,Snake weed
20180125-095434-1.jpg,8,Negative
20180322-103233-1.jpg,8,Negative
20180109-074228-1.jpg,8,Negative
20180112-073942-1.jpg,8,Negative
20180119-112928-2.jpg,8,Negative
20180119-105900-2.jpg,8,Negative
20170913-101345-2.jpg,3,Parthenium
20170304-124720-0.jpg,0,Chinee apple
20171109-194758-1.jpg,5,Rubber vine
20171218-105320-3.jpg,8,Negative
20171201-115935-1.jpg,8,Negative
20180125-093047-2.jpg,8,Negative
20180119-113841-2.jpg,8,Negative
20180112-082206-2.jpg,8,Negative
20171121-084444-1.jpg,6,Siam weed
20170728-124340-2.jpg,4,Prickly acacia
20170811-131549-1.jpg,0,Chinee apple
20171212-103457-3.jpg,8,Negative
20171102-122109-2.jpg,2,Parkinsonia
20180112-091143-2.jpg,8,Negative
20180125-095749-1.jpg,8,Negative
20180125-130352-3.jpg,8,Negative
20170920-113450-2.jpg,2,Parkinsonia
20180125-091547-1.jpg,8,Negative
20171220-091421-3.jpg,8,Negative
20180119-110410-2.jpg,8,Negative
20170913-122535-1.jpg,5,Rubber vine
20180105-092854-2.jpg,8,Negative
20170217-114125-0.jpg,0,Chinee apple
20170906-091548-1.jpg,3,Parthenium
20180105-094336-3.jpg,8,Negative
20180125-092808-1.jpg,8,Negative
20180109-103607-2.jpg,8,Negative
20170920-182951-1.jpg,2,Parkinsonia
20170728-124521-2.jpg,4,Prickly acacia
20170126-100451-0.jpg,1,Lantana
20180119-104826-1.jpg,8,Negative
20171220-101825-2.jpg,8,Negative
20180109-073232-1.jpg,8,Negative
20170811-133439-1.jpg,0,Chinee apple
20170410-153913-0.jpg,0,Chinee apple
20171219-114239-2.jpg,8,Negative
20180112-100803-1.jpg,8,Negative
20171219-113537-3.jpg,8,Negative
20180119-114718-1.jpg,8,Negative
20180109-094656-2.jpg,8,Negative
20171113-175334-0.jpg,6,Siam weed
20180109-103105-1.jpg,8,Negative
20171113-144653-1.jpg,6,Siam weed
20170410-154119-0.jpg,0,Chinee apple
20170501-145253-0.jpg,8,Negative
20180322-130127-1.jpg,8,Negative
20171212-094824-1.jpg,8,Negative
20171121-075342-1.jpg,6,Siam weed
20180119-110911-2.jpg,8,Negative
20171219-093048-2.jpg,8,Negative
20170501-142811-0.jpg,1,Lantana
20171212-101809-3.jpg,8,Negative
20171219-114333-2.jpg,8,Negative
20171219-110028-2.jpg,8,Negative
20170704-154722-0.jpg,0,Chinee apple
20180119-113746-2.jpg,8,Negative
20180109-070728-2.jpg,8,Negative
20180322-125932-1.jpg,8,Negative
20180119-115218-1.jpg,8,Negative
20180112-070327-2.jpg,8,Negative
20170906-110611-4.jpg,3,Parthenium
20180109-074929-2.jpg,8,Negative
20171102-120350-1.jpg,2,Parkinsonia
20171109-073626-1.jpg,5,Rubber vine
20170630-151508-0.jpg,7,Snake weed
20161207-142702-0.jpg,7,Snake weed
20171203-165343-3.jpg,8,Negative
20180109-085840-1.jpg,8,Negative
20171025-080507-2.jpg,3,Parthenium
20180105-092119-3.jpg,8,Negative
20171025-091430-1.jpg,3,Parthenium
20171219-102558-2.jpg,8,Negative
20171109-090659-1.jpg,5,Rubber vine
20170217-150219-0.jpg,0,Chinee apple
20180119-113202-2.jpg,8,Negative
20171218-111618-3.jpg,8,Negative
20171025-094427-2.jpg,3,Parthenium
20171025-092349-1.jpg,3,Parthenium
20180109-095445-2.jpg,8,Negative
20180125-095411-1.jpg,8,Negative
20171220-100117-2.jpg,8,Negative
20171219-100025-2.jpg,8,Negative
20170906-100108-1.jpg,3,Parthenium
20170714-115729-3.jpg,1,Lantana
20170920-114935-2.jpg,2,Parkinsonia
20170207-141703-0.jpg,7,Snake weed
20171121-082641-2.jpg,6,Siam weed
20170913-103228-1.jpg,3,Parthenium
20170707-110228-0.jpg,7,Snake weed
20171220-090319-2.jpg,8,Negative
20170630-160438-0.jpg,0,Chinee apple
20171220-082718-2.jpg,8,Negative
20171109-091031-1.jpg,5,Rubber vine
20180119-114151-2.jpg,8,Negative
20171218-121708-3.jpg,8,Negative
20171219-114034-2.jpg,8,Negative
20180125-091721-2.jpg,8,Negative
20180125-100346-2.jpg,8,Negative
20171113-115954-3.jpg,6,Siam weed
20180109-101101-2.jpg,8,Negative
20170811-134909-2.jpg,0,Chinee apple
20171220-094834-1.jpg,8,Negative
20180125-132354-2.jpg,8,Negative
20171122-095807-1.jpg,5,Rubber vine
20180109-104402-1.jpg,8,Negative
20180322-103642-1.jpg,8,Negative
20170920-133521-2.jpg,2,Parkinsonia
20171220-090156-3.jpg,8,Negative
20180109-085934-2.jpg,8,Negative
20161207-145147-0.jpg,0,Chinee apple
20170920-110747-3.jpg,2,Parkinsonia
20180125-091454-1.jpg,8,Negative
20170126-100037-0.jpg,1,Lantana
20171220-090914-2.jpg,8,Negative
20180322-112118-1.jpg,8,Negative
20171102-105632-2.jpg,2,Parkinsonia
20170729-090707-1.jpg,4,Prickly acacia
20170728-123052-2.jpg,4,Prickly acacia
20180109-080211-1.jpg,8,Negative
20170906-092622-1.jpg,3,Parthenium
20171212-094313-1.jpg,8,Negative
20171025-093853-2.jpg,3,Parthenium
20170706-110150-0.jpg,7,Snake weed
20180112-072356-2.jpg,8,Negative
20171025-093929-3.jpg,3,Parthenium
20170913-103826-3.jpg,5,Rubber vine
20171113-123746-3.jpg,6,Siam weed
20180109-104302-2.jpg,8,Negative
20171122-101513-1.jpg,5,Rubber vine
20171025-090501-2.jpg,3,Parthenium
20171217-183805-2.jpg,8,Negative
20170127-101055-0.jpg,1,Lantana
20171212-100517-1.jpg,8,Negative
20180125-102040-2.jpg,8,Negative
20180112-081158-2.jpg,8,Negative
20171218-110528-3.jpg,8,Negative
20171220-093517-3.jpg,8,Negative
20171212-102701-3.jpg,8,Negative
20171219-100828-2.jpg,8,Negative
20170217-115315-0.jpg,0,Chinee apple
20180125-094314-2.jpg,8,Negative
20180322-115414-2.jpg,8,Negative
20180105-092523-2.jpg,8,Negative
20180119-115236-1.jpg,8,Negative
20170404-154247-0.jpg,7,Snake weed
20170811-130044-1.jpg,0,Chinee apple
20170217-102232-0.jpg,0,Chinee apple
20171113-112832-0.jpg,6,Siam weed
20180105-091524-3.jpg,8,Negative
20171113-140720-2.jpg,6,Siam weed
20180322-115455-1.jpg,8,Negative
20170718-101026-2.jpg,0,Chinee apple
20170715-161617-1.jpg,1,Lantana
20180109-095145-2.jpg,8,Negative
20170727-125558-3.jpg,4,Prickly acacia
20180322-104346-1.jpg,8,Negative
20180109-105803-1.jpg,8,Negative
20180125-095303-2.jpg,8,Negative
20180109-092343-1.jpg,8,Negative
20170920-094642-1.jpg,2,Parkinsonia
20170913-104029-3.jpg,5,Rubber vine
20171025-094854-2.jpg,3,Parthenium
20170811-125742-1.jpg,0,Chinee apple
20171113-061441-1.jpg,6,Siam weed
20171113-123448-1.jpg,6,Siam weed
20170906-110707-1.jpg,3,Parthenium
20170714-143128-3.jpg,1,Lantana
20171025-101207-2.jpg,3,Parthenium
20180125-132018-3.jpg,8,Negative
20180112-094259-2.jpg,8,Negative
20180105-102319-1.jpg,8,Negative
20180109-075350-2.jpg,8,Negative
20170920-174438-1.jpg,4,Prickly acacia
20180105-092333-2.jpg,8,Negative
20171218-104157-3.jpg,8,Negative
20170913-100429-3.jpg,5,Rubber vine
20180322-104016-2.jpg,8,Negative
20171220-093549-2.jpg,8,Negative
20170920-112746-3.jpg,2,Parkinsonia
20171113-173648-0.jpg,6,Siam weed
20171219-101216-2.jpg,8,Negative
20170126-095637-0.jpg,1,Lantana
20171102-122410-1.jpg,2,Parkinsonia
20170811-104804-2.jpg,0,Chinee apple
20170718-131757-2.jpg,7,Snake weed
20171201-120036-1.jpg,8,Negative
20171109-093436-1.jpg,5,Rubber vine
20170811-124944-1.jpg,0,Chinee apple
20170217-101020-0.jpg,7,Snake weed
20180112-070111-2.jpg,8,Negative
20171212-095334-1.jpg,8,Negative
20170913-121507-1.jpg,5,Rubber vine
20170913-100047-2.jpg,3,Parthenium
20170920-100125-1.jpg,2,Parkinsonia
20180109-070113-1.jpg,8,Negative
20180112-071548-2.jpg,8,Negative
20170304-132619-0.jpg,7,Snake weed
20180125-102016-1.jpg,8,Negative
20171102-121316-2.jpg,2,Parkinsonia
20170210-133726-0.jpg,0,Chinee apple
20171113-132747-1.jpg,6,Siam weed
20170704-154327-0.jpg,7,Snake weed
20170727-165826-1.jpg,4,Prickly acacia
20180109-110142-1.jpg,8,Negative
20180125-131552-3.jpg,8,Negative
20171218-120143-2.jpg,8,Negative
20180109-075110-2.jpg,8,Negative
20170913-104848-2.jpg,3,Parthenium
20180125-133857-3.jpg,8,Negative
20180125-134350-3.jpg,8,Negative
20180109-101346-1.jpg,8,Negative
20171113-145737-3.jpg,6,Siam weed
20170906-092043-1.jpg,3,Parthenium
20171109-072221-3.jpg,5,Rubber vine
20171203-172356-3.jpg,8,Negative
20170706-111304-0.jpg,7,Snake weed
20180112-070213-2.jpg,8,Negative
20171219-102923-3.jpg,8,Negative
20171219-112823-2.jpg,8,Negative
20170410-124301-0.jpg,0,Chinee apple
20170704-154014-0.jpg,0,Chinee apple
20171218-122133-3.jpg,8,Negative
20171218-115041-2.jpg,8,Negative
20170714-130008-1.jpg,1,Lantana
20180125-132524-3.jpg,8,Negative
20170913-123002-1.jpg,5,Rubber vine
20170630-155812-0.jpg,7,Snake weed
20171220-090814-3.jpg,8,Negative
20170718-131934-2.jpg,7,Snake weed
20180112-080810-2.jpg,8,Negative
20180112-081535-2.jpg,8,Negative
20161207-144946-0.jpg,0,Chinee apple
20170920-190207-1.jpg,2,Parkinsonia
20171121-084218-1.jpg,6,Siam weed
20180322-102756-2.jpg,8,Negative
20180125-100004-2.jpg,8,Negative
20171121-090324-3.jpg,6,Siam weed
20180322-112607-2.jpg,8,Negative
20180109-104530-1.jpg,8,Negative
20170727-164003-3.jpg,4,Prickly acacia
20170728-124020-2.jpg,4,Prickly acacia
20171220-093448-2.jpg,8,Negative
20180109-103527-2.jpg,8,Negative
20171102-095505-1.jpg,8,Negative
20171217-100745-2.jpg,8,Negative
20171219-102443-2.jpg,8,Negative
20170714-133404-1.jpg,1,Lantana
20170704-154408-0.jpg,7,Snake weed
20171025-091847-2.jpg,3,Parthenium
20180109-072945-2.jpg,8,Negative
20180125-132113-3.jpg,8,Negative
20171102-121052-3.jpg,2,Parkinsonia
20171201-120438-1.jpg,8,Negative
20171219-101807-3.jpg,8,Negative
20180109-095112-2.jpg,8,Negative
20170501-143858-0.jpg,1,Lantana
20180125-131751-2.jpg,8,Negative
20170217-100915-0.jpg,7,Snake weed
20180109-080042-1.jpg,8,Negative
20171218-104710-2.jpg,8,Negative
20170315-090445-0.jpg,8,Negative
20170920-113919-3.jpg,2,Parkinsonia
20180109-095448-1.jpg,8,Negative
20171025-081014-1.jpg,3,Parthenium
20171025-080805-2.jpg,3,Parthenium
20180112-092508-1.jpg,8,Negative
20170217-114849-0.jpg,7,Snake weed
20180322-104904-1.jpg,8,Negative
20180119-113657-1.jpg,8,Negative
20170610-123555-0.jpg,1,Lantana
20170811-110434-1.jpg,0,Chinee apple
20180119-111215-2.jpg,8,Negative
20180109-071537-1.jpg,8,Negative
20171113-145700-1.jpg,6,Siam weed
20170718-101932-2.jpg,7,Snake weed
20170714-112727-2.jpg,1,Lantana
20171113-132837-1.jpg,6,Siam weed
20180125-095537-1.jpg,8,Negative
20170714-170608-1.jpg,1,Lantana
20171113-152255-0.jpg,6,Siam weed
20170705-162050-0.jpg,7,Snake weed
20171218-122235-2.jpg,8,Negative
20170729-090520-2.jpg,4,Prickly acacia
20171102-094018-1.jpg,4,Prickly acacia
20171219-094547-3.jpg,8,Negative
20171113-141326-2.jpg,6,Siam weed
20180112-070240-2.jpg,8,Negative
20180125-101406-1.jpg,8,Negative
20180109-104015-2.jpg,8,Negative
20170304-124630-0.jpg,0,Chinee apple
20171025-092305-3.jpg,3,Parthenium
20180322-130534-1.jpg,8,Negative
20180125-134425-2.jpg,8,Negative
20171219-095843-2.jpg,8,Negative
20171218-120505-3.jpg,8,Negative
20171102-095632-3.jpg,4,Prickly acacia
20171217-184215-2.jpg,8,Negative
20170913-105603-3.jpg,5,Rubber vine
20180109-074704-1.jpg,8,Negative
20171113-142527-2.jpg,6,Siam weed
20180109-085705-1.jpg,8,Negative
20171212-093438-3.jpg,8,Negative
20171219-100442-2.jpg,8,Negative
20170811-114115-2.jpg,0,Chinee apple
20180112-081728-2.jpg,8,Negative
20180112-094034-1.jpg,8,Negative
20180109-070109-2.jpg,8,Negative
20180112-103345-2.jpg,8,Negative
20171109-071030-3.jpg,5,Rubber vine
20170128-103425-0.jpg,8,Negative
20171025-075034-2.jpg,3,Parthenium
20170705-165826-0.jpg,7,Snake weed
20180322-130936-1.jpg,8,Negative
20171025-093249-2.jpg,3,Parthenium
20171212-105009-3.jpg,8,Negative
20171109-074315-1.jpg,5,Rubber vine
20171220-091406-2.jpg,8,Negative
20180112-075716-2.jpg,8,Negative
20170811-110649-1.jpg,0,Chinee apple
20170130-102736-0.jpg,1,Lantana
20170727-164539-1.jpg,4,Prickly acacia
20171203-174638-3.jpg,8,Negative
20180109-074652-2.jpg,8,Negative
20180125-094018-1.jpg,8,Negative
20180105-093944-3.jpg,8,Negative
20180109-091105-2.jpg,8,Negative
20170811-103813-2.jpg,0,Chinee apple
20180125-093109-1.jpg,8,Negative
20170906-105012-1.jpg,3,Parthenium
20180109-074833-1.jpg,8,Negative
20170728-124626-2.jpg,4,Prickly acacia
20171220-091218-2.jpg,8,Negative
20170501-145436-0.jpg,8,Negative
20170727-152712-1.jpg,8,Negative
20180322-131639-1.jpg,8,Negative
20180112-075002-2.jpg,8,Negative
20171109-071049-3.jpg,5,Rubber vine
20170405-155749-0.jpg,0,Chinee apple
20180112-093237-1.jpg,8,Negative
20170630-151604-0.jpg,7,Snake weed
20180322-124746-1.jpg,8,Negative
20171025-082241-2.jpg,3,Parthenium
20171025-094904-3.jpg,3,Parthenium
20180125-092333-2.jpg,8,Negative
20180109-091900-2.jpg,8,Negative
20180109-091025-2.jpg,8,Negative
20180119-115103-1.jpg,8,Negative
20171203-165302-3.jpg,8,Negative
20170728-125328-3.jpg,4,Prickly acacia
20170913-105814-3.jpg,5,Rubber vine
20170217-114500-0.jpg,7,Snake weed
20180109-095059-1.jpg,8,Negative
20180125-131545-2.jpg,8,Negative
20170705-162425-0.jpg,7,Snake weed
20171218-114611-3.jpg,8,Negative
20171217-183841-2.jpg,8,Negative
20180112-073258-1.jpg,8,Negative
20170718-094931-2.jpg,0,Chinee apple
20171025-081840-1.jpg,0,Chinee apple
20170920-100048-2.jpg,2,Parkinsonia
20170711-120239-0.jpg,7,Snake weed
20171025-091935-1.jpg,3,Parthenium
20171220-090611-3.jpg,8,Negative
20170727-163729-3.jpg,4,Prickly acacia
20180119-114044-2.jpg,8,Negative
20180125-100158-2.jpg,8,Negative
20171113-100858-1.jpg,5,Rubber vine
20180109-092604-2.jpg,8,Negative
20170501-142722-0.jpg,1,Lantana
20170705-165310-0.jpg,7,Snake weed
20180112-071845-2.jpg,8,Negative
20171220-100435-2.jpg,8,Negative
20171220-084724-3.jpg,8,Negative
20180112-102801-2.jpg,8,Negative
20170913-101439-1.jpg,3,Parthenium
20180105-092749-2.jpg,8,Negative
20170210-130441-0.jpg,7,Snake weed
20180112-102500-1.jpg,8,Negative
20171219-103033-3.jpg,8,Negative
20170913-122938-1.jpg,5,Rubber vine
20170906-093452-1.jpg,3,Parthenium
20180109-071309-1.jpg,8,Negative
20171025-100822-2.jpg,3,Parthenium
20180112-093318-1.jpg,8,Negative
20171025-091343-1.jpg,3,Parthenium
20171218-120300-2.jpg,8,Negative
20180109-095335-2.jpg,8,Negative
20171025-082150-2.jpg,3,Parthenium
20180322-114914-2.jpg,8,Negative
20180105-092206-2.jpg,8,Negative
20170920-111712-2.jpg,2,Parkinsonia
20171212-095216-3.jpg,8,Negative
20170920-115150-3.jpg,2,Parkinsonia
20170811-162841-1.jpg,0,Chinee apple
20180125-134055-3.jpg,8,Negative
20180112-081221-1.jpg,8,Negative
20180109-104413-1.jpg,8,Negative
20170714-142329-2.jpg,1,Lantana
20170913-102617-3.jpg,5,Rubber vine
20170714-150220-1.jpg,1,Lantana
20170714-143702-2.jpg,1,Lantana
20180112-073133-2.jpg,8,Negative
20170906-103622-1.jpg,3,Parthenium
20170210-142133-0.jpg,7,Snake weed
20171220-091520-2.jpg,8,Negative
20180322-112145-2.jpg,8,Negative
20170217-114632-0.jpg,7,Snake weed
20171219-112656-2.jpg,8,Negative
20180105-104343-1.jpg,8,Negative
20180322-104009-1.jpg,8,Negative
20170718-102347-2.jpg,7,Snake weed
20170128-103606-0.jpg,8,Negative
20171113-134143-3.jpg,6,Siam weed
20171113-144335-1.jpg,6,Siam weed
20170718-132057-2.jpg,7,Snake weed
20171219-095622-2.jpg,8,Negative
20170729-154451-3.jpg,4,Prickly acacia
20180112-073452-2.jpg,8,Negative
20180119-113917-2.jpg,8,Negative
20171113-132144-3.jpg,6,Siam weed
20180125-100028-1.jpg,8,Negative
20171109-095422-2.jpg,5,Rubber vine
20171113-163057-0.jpg,6,Siam weed
20170727-152302-3.jpg,4,Prickly acacia
20170920-172208-1.jpg,2,Parkinsonia
20180125-134710-3.jpg,8,Negative
20170728-120651-2.jpg,4,Prickly acacia
20180109-100046-1.jpg,8,Negative
20170127-102132-0.jpg,1,Lantana
20170126-095737-0.jpg,1,Lantana
20171220-082153-2.jpg,8,Negative
20170522-093642-0.jpg,1,Lantana
20180109-070200-1.jpg,8,Negative
20171219-102103-2.jpg,8,Negative
20171102-120054-3.jpg,2,Parkinsonia
20180112-070149-2.jpg,8,Negative
20170210-131005-0.jpg,7,Snake weed
20171219-101744-3.jpg,8,Negative
20171219-094242-2.jpg,8,Negative
20180125-101748-2.jpg,8,Negative
20170126-100012-0.jpg,1,Lantana
20180105-092608-3.jpg,8,Negative
20180125-092209-2.jpg,8,Negative
20171102-094432-1.jpg,4,Prickly acacia
20170718-101446-2.jpg,0,Chinee apple
20170718-095109-2.jpg,0,Chinee apple
20170727-093918-1.jpg,8,Negative
20170210-141449-0.jpg,7,Snake weed
20171025-074208-1.jpg,3,Parthenium
20180119-115111-1.jpg,8,Negative
20171102-093205-2.jpg,4,Prickly acacia
20180125-095243-2.jpg,8,Negative
20180119-115155-2.jpg,8,Negative
20170727-130103-1.jpg,4,Prickly acacia
20161207-112417-0.jpg,8,Negative
20171122-100838-1.jpg,5,Rubber vine
20171219-100605-2.jpg,8,Negative
20180109-105756-2.jpg,8,Negative
20171220-092429-3.jpg,8,Negative
20171025-081752-2.jpg,3,Parthenium
20171113-105124-0.jpg,6,Siam weed
20170727-140518-1.jpg,4,Prickly acacia
20170906-094133-4.jpg,3,Parthenium
20171113-120059-3.jpg,6,Siam weed
20171219-112533-3.jpg,8,Negative
20171025-100924-2.jpg,3,Parthenium
20171219-113124-2.jpg,8,Negative
20170127-101941-0.jpg,1,Lantana
20170714-144338-2.jpg,1,Lantana
20180322-131248-1.jpg,8,Negative
20180125-133324-2.jpg,8,Negative
20171109-072135-3.jpg,5,Rubber vine
20171220-083245-3.jpg,8,Negative
20170728-120605-2.jpg,4,Prickly acacia
20171203-165758-3.jpg,8,Negative
20180322-132904-1.jpg,8,Negative
20180112-103003-1.jpg,8,Negative
20180109-100221-1.jpg,8,Negative
20180119-104633-1.jpg,8,Negative
20170207-154622-0.jpg,0,Chinee apple
20170811-125610-1.jpg,0,Chinee apple
20171025-172247-3.jpg,3,Parthenium
20171219-104718-2.jpg,8,Negative
20180119-110832-2.jpg,8,Negative
20171113-130904-1.jpg,6,Siam weed
20170906-092719-4.jpg,3,Parthenium
20171212-095249-1.jpg,8,Negative
20171218-110039-3.jpg,8,Negative
20180119-104711-2.jpg,8,Negative
20171113-131645-2.jpg,6,Siam weed
20170729-091046-2.jpg,4,Prickly acacia
20170714-113636-2.jpg,1,Lantana
20170727-112531-3.jpg,4,Prickly acacia
20171220-083648-3.jpg,8,Negative
20180125-125829-2.jpg,8,Negative
20180322-104109-2.jpg,8,Negative
20171109-092406-1.jpg,5,Rubber vine
20171220-082954-3.jpg,8,Negative
20180109-103230-2.jpg,8,Negative
20170728-120050-2.jpg,4,Prickly acacia
20180322-105054-1.jpg,8,Negative
20180112-104110-2.jpg,8,Negative
20170811-124559-1.jpg,0,Chinee apple
20171025-091126-3.jpg,3,Parthenium
20171102-121818-3.jpg,2,Parkinsonia
20171109-071156-3.jpg,5,Rubber vine
20170727-162722-1.jpg,4,Prickly acacia
20170707-113124-0.jpg,7,Snake weed
20180125-130430-3.jpg,8,Negative
20180119-105910-1.jpg,8,Negative
20180112-103523-2.jpg,8,Negative
20180322-130353-1.jpg,8,Negative
20171025-082751-2.jpg,3,Parthenium
20180322-111646-1.jpg,8,Negative
20171109-094232-2.jpg,5,Rubber vine
20171109-091219-3.jpg,5,Rubber vine
20171219-112337-3.jpg,8,Negative
20180109-102906-2.jpg,8,Negative
20171219-110453-3.jpg,8,Negative
20170906-092748-1.jpg,3,Parthenium
20170727-125814-1.jpg,4,Prickly acacia
20180112-101426-2.jpg,8,Negative
20170920-185845-1.jpg,2,Parkinsonia
20180119-115536-1.jpg,8,Negative
20170610-123859-0.jpg,1,Lantana
20170714-112114-3.jpg,1,Lantana
20170920-140003-2.jpg,2,Parkinsonia
20171113-145105-1.jpg,6,Siam weed
20171109-090325-2.jpg,5,Rubber vine
20171220-100728-2.jpg,8,Negative
20180105-093302-2.jpg,8,Negative
20171220-094739-2.jpg,8,Negative
20170704-154038-0.jpg,8,Negative
20170727-164441-1.jpg,4,Prickly acacia
20180119-114924-1.jpg,8,Negative
20171121-075249-1.jpg,6,Siam weed
20170728-123000-2.jpg,4,Prickly acacia
20171113-143237-3.jpg,6,Siam weed
