filename,y_true_idx,y_pred_idx,y_true,y_pred,correct,pred_confidence,prob_0,prob_1,prob_2,prob_3,prob_4,prob_5,prob_6,prob_7,prob_8
/home/leo/Documentos/mestrado/DeepWeeds-Mobile/images/20171218-121231-3.jpg,8,8,8,8,1,0.93857765,0.00022428745,0.00071693177,1.6453227e-09,0.00018942184,2.3179735e-08,0.058341306,0.0018095723,0.0001407853,0.93857765
/home/leo/Documentos/mestrado/DeepWeeds-Mobile/images/20180322-113737-2.jpg,8,8,8,8,1,0.9741599,0.0012380889,0.0005410696,5.139383e-07,0.011715197,0.00027169194,7.355574e-05,7.4226235e-05,0.0119256545,0.9741599
/home/leo/Documentos/mestrado/DeepWeeds-Mobile/images/20171220-092812-2.jpg,8,8,8,8,1,0.986666,1.3394375e-06,2.5054086e-07,1.1555744e-09,1.4165688e-05,1.0197602e-08,0.013317571,3.5065494e-07,2.7123738e-07,0.986666
/home/leo/Documentos/mestrado/DeepWeeds-Mobile/images/20171113-143846-2.jpg,6,6,6,6,1,0.9653068,1.7514463e-05,0.0005421869,2.1261429e-05,4.82532e-07,4.6802202e-07,1.6746214e-06,0.9653068,6.0943807e-05,0.034048673
/home/leo/Documentos/mestrado/DeepWeeds-Mobile/images/20180109-105937-2.jpg,8,8,8,8,1,0.98392236,0.00029848117,4.7002097e-05,0.004776122,0.0073790303,0.0035195698,3.985328e-05,5.660221e-07,1.686186e-05,0.98392236
/home/leo/Documentos/mestrado/DeepWeeds-Mobile/images/20170913-095430-2.jpg,3,3,3,3,1,0.9895308,4.2650564e-07,1.4531938e-07,0.00031174836,0.9895308,0.00015553272,0.0012032571,1.0021091e-06,7.8761377e-07,0.00879621
/home/leo/Documentos/mestrado/DeepWeeds-Mobile/images/20180125-093624-2.jpg,8,8,8,8,1,0.9973617,0.00075252895,0.0002472209,2.2329668e-06,0.00041304374,0.0006772896,2.0032408e-05,2.7374762e-07,0.00052567886,0.9973617
/home/leo/Documentos/mestrado/DeepWeeds-Mobile/images/20180112-083715-1.jpg,8,7,8,7,0,0.868798,0.059848297,0.00025787458,8.6905976e-07,2.0547773e-06,4.8680096e-07,0.0020517802,1.6146976e-05,0.868798,0.06902443
/home/leo/Documentos/mestrado/DeepWeeds-Mobile/images/20180322-113730-1.jpg,8,8,8,8,1,0.85817236,0.004278315,0.0226499,2.8211241e-05,0.0028731606,0.00012342486,0.09736724,0.0014235375,0.013083917,0.85817236
/home/leo/Documentos/mestrado/DeepWeeds-Mobile/images/20170610-123756-0.jpg,1,8,1,8,0,0.8278504,0.0012328513,0.0012286674,2.578399e-07,0.16241388,0.0006237793,8.556083e-08,5.6082953e-08,0.0066500683,0.8278504
/home/leo/Documentos/mestrado/DeepWeeds-Mobile/images/20180125-130219-2.jpg,8,8,8,8,1,0.99942786,2.1084896e-05,4.851606e-05,4.077709e-10,2.3080966e-05,1.0855939e-06,1.6774426e-05,0.00013098723,0.0003306273,0.99942786
/home/leo/Documentos/mestrado/DeepWeeds-Mobile/images/20170714-140127-3.jpg,1,1,1,1,1,0.9832817,0.0011526414,0.9832817,2.4078672e-08,1.5382365e-06,1.8585283e-07,0.0002787422,0.00033527374,0.012920877,0.0020291049
/home/leo/Documentos/mestrado/DeepWeeds-Mobile/images/20180109-070628-1.jpg,8,8,8,8,1,0.6747244,1.7520304e-06,0.0001346024,9.384174e-06,2.640408e-06,8.0146165e-06,1.770841e-06,0.32511064,6.691458e-06,0.6747244
/home/leo/Documentos/mestrado/DeepWeeds-Mobile/images/20171220-101742-2.jpg,8,8,8,8,1,0.996808,4.0114446e-05,1.2104553e-06,7.133044e-12,0.00028516527,1.6123187e-09,0.002713772,1.0769782e-06,0.00015053991,0.996808
/home/leo/Documentos/mestrado/DeepWeeds-Mobile/images/20180105-093344-2.jpg,8,8,8,8,1,0.9474378,3.377726e-05,4.485189e-05,0.01724363,9.089549e-05,0.00032511356,1.4843418e-05,0.03475811,5.0855364e-05,0.9474378
/home/leo/Documentos/mestrado/DeepWeeds-Mobile/images/20170729-085833-1.jpg,4,4,4,4,1,0.96980864,0.0002097941,1.128358e-05,0.016275559,0.0030064695,0.96980864,9.1683745e-05,7.0969014e-07,0.0007774389,0.009818366
/home/leo/Documentos/mestrado/DeepWeeds-Mobile/images/20170501-143714-0.jpg,1,1,1,1,1,0.977335,0.00032700406,0.977335,3.0080068e-06,5.6654875e-07,6.5893016e-07,8.151591e-05,0.011901387,0.008489933,0.001860925
/home/leo/Documentos/mestrado/DeepWeeds-Mobile/images/20171220-084716-2.jpg,8,8,8,8,1,0.9987515,4.702082e-05,0.00013728354,1.2773375e-11,0.0008858525,3.254826e-09,7.6273514e-05,4.722667e-06,9.724988e-05,0.9987515
/home/leo/Documentos/mestrado/DeepWeeds-Mobile/images/20180105-094800-2.jpg,8,8,8,8,1,0.94765884,7.028178e-05,1.9054976e-05,0.023144202,0.00083336764,0.004317299,1.6358638e-06,0.023796715,0.00015864939,0.94765884
/home/leo/Documentos/mestrado/DeepWeeds-Mobile/images/20171220-092008-2.jpg,8,5,8,5,0,0.90169185,0.002271759,0.011179201,1.3405659e-07,1.91185e-05,7.138933e-08,0.90169185,0.029025896,0.013928931,0.041883107
/home/leo/Documentos/mestrado/DeepWeeds-Mobile/images/20171113-153600-0.jpg,6,6,6,6,1,0.9999224,1.1241294e-11,7.589731e-05,1.6825622e-11,4.200323e-09,1.6611014e-12,6.2881304e-11,0.9999224,8.17385e-10,1.702168e-06
/home/leo/Documentos/mestrado/DeepWeeds-Mobile/images/20171025-095527-3.jpg,3,8,3,8,0,0.70487434,0.0004443346,0.001617509,0.0022966922,0.15912548,0.13117933,7.2928674e-06,1.4995807e-05,0.000440043,0.70487434
/home/leo/Documentos/mestrado/DeepWeeds-Mobile/images/20171219-094042-2.jpg,8,8,8,8,1,0.9056113,0.021255052,0.00050999084,0.00066433,0.048233557,0.00018922155,0.022139719,0.0011947446,0.00020218956,0.9056113
/home/leo/Documentos/mestrado/DeepWeeds-Mobile/images/20171218-114830-2.jpg,8,8,8,8,1,0.9287192,0.002392015,0.0009374195,2.2663648e-06,0.059206948,0.00010808505,0.00024280365,2.6688274e-05,0.008364493,0.9287192
/home/leo/Documentos/mestrado/DeepWeeds-Mobile/images/20180119-104946-1.jpg,8,8,8,8,1,0.99369884,2.3022883e-05,0.00016561685,2.5475427e-07,0.006015643,3.658574e-05,2.6170435e-06,1.5752525e-05,4.164113e-05,0.99369884
/home/leo/Documentos/mestrado/DeepWeeds-Mobile/images/20170920-130417-2.jpg,2,2,2,2,1,0.98578703,1.8672486e-05,6.800064e-05,0.98578703,0.00051363837,0.008118353,1.8326639e-06,2.3799235e-05,0.0001887047,0.0052799173
/home/leo/Documentos/mestrado/DeepWeeds-Mobile/images/20171219-104654-2.jpg,8,8,8,8,1,0.8188898,0.0004911633,0.0027618427,0.17190635,0.0024157616,0.0026933518,0.00068724656,5.939957e-05,9.522878e-05,0.8188898
/home/leo/Documentos/mestrado/DeepWeeds-Mobile/images/20171113-150349-3.jpg,6,6,6,6,1,0.9998028,6.1251754e-08,1.0752654e-05,8.965523e-09,2.1193896e-08,1.2063458e-09,5.362672e-10,0.9998028,2.2724953e-07,0.00018608756
/home/leo/Documentos/mestrado/DeepWeeds-Mobile/images/20171219-102731-3.jpg,8,8,8,8,1,0.99985766,4.5026467e-05,2.758783e-05,1.0171974e-10,3.407997e-05,3.2471178e-07,1.6263995e-06,9.1688e-10,3.3590703e-05,0.99985766
/home/leo/Documentos/mestrado/DeepWeeds-Mobile/images/20171220-083049-3.jpg,8,8,8,8,1,0.9999827,3.4890888e-07,1.5699281e-09,3.1669274e-14,8.649908e-06,3.9890347e-10,3.5689752e-06,1.05715775e-11,4.648087e-06,0.9999827
/home/leo/Documentos/mestrado/DeepWeeds-Mobile/images/20170210-142531-0.jpg,7,7,7,7,1,0.72343004,0.04226775,0.0017960527,1.469105e-05,2.9672394e-06,6.535722e-08,0.000114630435,3.877897e-06,0.72343004,0.23236986
/home/leo/Documentos/mestrado/DeepWeeds-Mobile/images/20171220-084505-2.jpg,8,8,8,8,1,0.99945396,0.00017125737,2.8880095e-05,2.6890464e-11,4.1066113e-07,9.950162e-09,6.5825414e-05,3.7136174e-09,0.0002797611,0.99945396
/home/leo/Documentos/mestrado/DeepWeeds-Mobile/images/20170913-124610-1.jpg,5,5,5,5,1,0.74845576,0.011129316,0.005306579,0.19828328,0.0059383446,0.013996956,0.74845576,0.0001519653,0.0036450007,0.013092765
/home/leo/Documentos/mestrado/DeepWeeds-Mobile/images/20180125-130833-2.jpg,8,8,8,8,1,0.9982747,0.00012232747,0.00069680106,0.00033030563,4.9893668e-05,7.4809104e-05,0.00027207122,1.6829104e-05,0.00016218344,0.9982747
/home/leo/Documentos/mestrado/DeepWeeds-Mobile/images/20171218-120427-2.jpg,8,8,8,8,1,0.99801207,4.7851125e-05,2.9370515e-06,3.0748248e-07,0.00018207582,9.1737306e-08,0.0002606788,2.126017e-05,0.0014727748,0.99801207
/home/leo/Documentos/mestrado/DeepWeeds-Mobile/images/20180125-091202-1.jpg,8,8,8,8,1,0.99462646,0.000100810656,8.29908e-05,7.800604e-08,0.004597516,0.00044621783,1.7701108e-06,1.0942335e-07,0.00014401649,0.99462646
/home/leo/Documentos/mestrado/DeepWeeds-Mobile/images/20171113-060840-1.jpg,6,6,6,6,1,0.99917954,0.000104690036,0.0002606688,3.5960493e-06,6.4925086e-07,2.8634093e-07,1.7885066e-06,0.99917954,0.00010509337,0.00034367977
/home/leo/Documentos/mestrado/DeepWeeds-Mobile/images/20180105-101555-2.jpg,8,8,8,8,1,0.98739237,1.5444868e-05,9.363619e-05,0.001629285,0.00046062967,0.008055926,6.8388763e-06,0.0023354639,1.0513338e-05,0.98739237
/home/leo/Documentos/mestrado/DeepWeeds-Mobile/images/20171218-112523-3.jpg,8,8,8,8,1,0.968684,0.00026436787,7.927111e-05,7.822881e-06,0.030877892,2.9938823e-05,7.819832e-06,3.5530842e-08,4.8906866e-05,0.968684
/home/leo/Documentos/mestrado/DeepWeeds-Mobile/images/20171218-115107-3.jpg,8,8,8,8,1,0.9784857,7.019071e-05,2.0775225e-05,6.4561285e-09,0.00203396,1.0199009e-07,0.019377822,1.8526154e-06,9.460217e-06,0.9784857
/home/leo/Documentos/mestrado/DeepWeeds-Mobile/images/20171113-145737-3.jpg,6,6,6,6,1,0.96055263,7.362182e-06,0.03623677,6.0191115e-07,5.231127e-05,1.5391347e-06,2.1846234e-05,0.96055263,0.0003869056,0.0027400716
/home/leo/Documentos/mestrado/DeepWeeds-Mobile/images/20171113-143513-2.jpg,6,6,6,6,1,0.9800981,7.485547e-05,0.00018141794,2.0561658e-06,1.6080993e-07,2.0217963e-07,8.257393e-07,0.9800981,4.440406e-05,0.019597907
/home/leo/Documentos/mestrado/DeepWeeds-Mobile/images/20180112-102540-1.jpg,8,8,8,8,1,0.8987744,0.012743612,0.029897116,5.9993243e-05,0.00013367084,1.5208094e-05,0.0006265577,0.028422212,0.029327312,0.8987744
/home/leo/Documentos/mestrado/DeepWeeds-Mobile/images/20180105-100422-2.jpg,8,8,8,8,1,0.97003037,1.4465488e-06,8.5984016e-07,0.00074337964,3.3725512e-06,0.00020968645,1.8261369e-07,0.029010564,1.2298995e-07,0.97003037
/home/leo/Documentos/mestrado/DeepWeeds-Mobile/images/20171218-103414-2.jpg,8,8,8,8,1,0.7668403,0.00018251027,0.006573397,1.4277473e-05,0.22576238,8.765544e-05,4.2483512e-07,2.0146932e-05,0.00051881536,0.7668403
/home/leo/Documentos/mestrado/DeepWeeds-Mobile/images/20171108-130459-3.jpg,5,5,5,5,1,0.99986386,8.337822e-06,1.291408e-07,1.0725241e-10,1.5118372e-11,1.6990676e-12,0.99986386,3.7631085e-07,5.5923488e-06,0.0001216881
/home/leo/Documentos/mestrado/DeepWeeds-Mobile/images/20171113-123604-1.jpg,6,6,6,6,1,0.9999659,1.5842055e-08,1.3002798e-05,1.9240884e-10,2.2874405e-10,5.1402736e-11,9.181584e-11,0.9999659,2.429173e-07,2.0865367e-05
/home/leo/Documentos/mestrado/DeepWeeds-Mobile/images/20171218-111211-3.jpg,8,8,8,8,1,0.9870215,0.00033201426,5.758008e-05,7.029774e-09,0.011013363,9.060376e-06,5.4139196e-06,1.3863934e-08,0.0015610217,0.9870215
/home/leo/Documentos/mestrado/DeepWeeds-Mobile/images/20170210-132902-0.jpg,0,8,0,8,0,0.5380146,0.44882333,2.2549772e-05,0.0005073005,8.587185e-06,2.2827878e-07,2.9703484e-05,6.175433e-08,0.012593605,0.5380146
/home/leo/Documentos/mestrado/DeepWeeds-Mobile/images/20180322-132255-1.jpg,8,8,8,8,1,0.9868414,0.00084220653,0.00029892763,0.00057467876,0.0003449056,0.006959342,0.0006890087,0.0002835144,0.0031660204,0.9868414
/home/leo/Documentos/mestrado/DeepWeeds-Mobile/images/20170920-160548-3.jpg,2,2,2,2,1,0.81255513,9.340448e-06,5.506893e-08,0.81255513,0.00015786484,0.1836203,1.1813739e-09,9.904116e-07,0.00011297122,0.0035432794
/home/leo/Documentos/mestrado/DeepWeeds-Mobile/images/20171205-141115-2.jpg,8,8,8,8,1,0.99645513,1.0438432e-05,2.8686849e-05,6.0185285e-10,0.00015137313,4.6619246e-09,0.0030894214,0.00026356248,1.3360275e-06,0.99645513
/home/leo/Documentos/mestrado/DeepWeeds-Mobile/images/20180125-133513-2.jpg,8,8,8,8,1,0.99337995,0.00046132904,0.0043363506,2.2381643e-07,1.8962892e-05,9.964706e-06,0.0014850443,6.380167e-08,0.00030811367,0.99337995
/home/leo/Documentos/mestrado/DeepWeeds-Mobile/images/20171212-093440-3.jpg,8,8,8,8,1,0.9997019,2.0139466e-06,1.9985235e-08,1.6364096e-13,0.00028715824,8.383905e-11,8.4614785e-06,9.011587e-10,3.6259803e-07,0.9997019
/home/leo/Documentos/mestrado/DeepWeeds-Mobile/images/20170727-130226-3.jpg,4,4,4,4,1,0.9706773,1.6447103e-06,7.374528e-09,0.00015210954,0.026647575,0.9706773,0.0007798101,2.3063881e-08,9.5773984e-08,0.0017413644
/home/leo/Documentos/mestrado/DeepWeeds-Mobile/images/20180125-100318-2.jpg,8,8,8,8,1,0.92475396,9.263108e-09,7.752907e-07,7.558644e-08,0.07513025,7.6090083e-07,0.000110655106,3.3665015e-06,1.9276034e-07,0.92475396
/home/leo/Documentos/mestrado/DeepWeeds-Mobile/images/20180112-082250-2.jpg,8,8,8,8,1,0.7201573,0.16904664,8.976987e-06,0.036589667,0.017176487,0.0033850607,1.4964329e-06,1.7033583e-08,0.053634282,0.7201573
/home/leo/Documentos/mestrado/DeepWeeds-Mobile/images/20171113-133713-3.jpg,6,6,6,6,1,0.95870155,0.00012556546,0.00032196238,2.024652e-05,2.6237585e-06,3.1087234e-06,6.7861555e-07,0.95870155,0.00033425723,0.04048999
/home/leo/Documentos/mestrado/DeepWeeds-Mobile/images/20171113-143248-2.jpg,6,6,6,6,1,0.94682187,0.00011283198,9.783437e-05,0.011792168,0.00010084644,5.4683875e-05,2.1534154e-07,0.94682187,0.00017685906,0.040842712
/home/leo/Documentos/mestrado/DeepWeeds-Mobile/images/20170913-124142-1.jpg,5,5,5,5,1,0.99995923,2.5448218e-05,2.5680217e-07,3.5256473e-08,1.5509846e-07,9.102938e-06,0.99995923,9.375694e-07,2.9735202e-06,1.8475707e-06
/home/leo/Documentos/mestrado/DeepWeeds-Mobile/images/20180322-115414-2.jpg,8,8,8,8,1,0.99601054,0.0005047651,6.5725146e-08,0.00017951523,1.1572553e-05,0.0032883522,2.998649e-06,9.480922e-07,1.3141934e-06,0.99601054
/home/leo/Documentos/mestrado/DeepWeeds-Mobile/images/20171109-090301-2.jpg,5,5,5,5,1,0.9999764,3.0368743e-09,6.573561e-08,3.3659475e-16,8.085412e-13,7.5339957e-19,0.9999764,1.7075645e-05,2.5185624e-11,6.4441615e-06
/home/leo/Documentos/mestrado/DeepWeeds-Mobile/images/20171205-123527-2.jpg,8,5,8,5,0,0.9712157,0.0001201677,9.135689e-05,1.5890018e-09,8.505934e-07,1.2216987e-10,0.9712157,8.96471e-06,2.1234398e-05,0.028541699
/home/leo/Documentos/mestrado/DeepWeeds-Mobile/images/20180125-132332-3.jpg,8,8,8,8,1,0.61793625,0.05393683,0.0412086,0.00027834548,0.05916367,0.032194164,0.000186725,0.00058722805,0.1945083,0.61793625
/home/leo/Documentos/mestrado/DeepWeeds-Mobile/images/20171217-103317-2.jpg,8,8,8,8,1,0.4927585,0.03803864,0.013711589,1.6445288e-09,2.1632636e-09,1.0903559e-09,0.45534635,3.9597464e-05,0.00010522441,0.4927585
/home/leo/Documentos/mestrado/DeepWeeds-Mobile/images/20170714-135605-3.jpg,1,6,1,6,0,0.55915105,6.9091904e-05,0.3941658,1.2148242e-06,0.00070800184,9.954505e-06,0.00028753228,0.55915105,0.030810999,0.014796306
/home/leo/Documentos/mestrado/DeepWeeds-Mobile/images/20180125-131238-2.jpg,8,8,8,8,1,0.98243207,0.00034810844,0.0071524316,0.00021433641,0.0015208479,1.0058769e-05,0.0013552681,0.003347327,0.003619598,0.98243207
/home/leo/Documentos/mestrado/DeepWeeds-Mobile/images/20170129-104137-0.jpg,8,8,8,8,1,0.45413318,0.0202601,0.059062608,6.556177e-05,0.034019474,0.0032151034,0.011029313,0.0024157756,0.41579896,0.45413318
/home/leo/Documentos/mestrado/DeepWeeds-Mobile/images/20170715-162427-1.jpg,1,1,1,1,1,0.9995268,7.816039e-09,0.9995268,1.1469739e-14,8.403475e-10,1.39054655e-14,1.0838438e-09,0.0004556368,1.9618064e-08,1.7541128e-05
/home/leo/Documentos/mestrado/DeepWeeds-Mobile/images/20180112-102854-1.jpg,8,8,8,8,1,0.9945269,0.0027333193,2.1517742e-06,0.0019207419,9.969749e-05,7.5600246e-07,9.01212e-06,2.0273364e-07,0.0007071341,0.9945269
/home/leo/Documentos/mestrado/DeepWeeds-Mobile/images/20171219-093358-2.jpg,8,8,8,8,1,0.996702,0.000114187686,1.5871232e-05,3.5369965e-06,0.0030498903,4.104011e-05,3.9939256e-05,8.991587e-07,3.2703592e-05,0.996702
/home/leo/Documentos/mestrado/DeepWeeds-Mobile/images/20180125-130514-3.jpg,8,8,8,8,1,0.9472194,0.0033164814,0.0002062017,9.371995e-05,0.035506207,0.009642919,1.1108417e-06,6.78781e-05,0.003946109,0.9472194
/home/leo/Documentos/mestrado/DeepWeeds-Mobile/images/20180322-114503-1.jpg,8,8,8,8,1,0.9961945,0.0019412746,7.552313e-05,0.0002900799,0.0010820618,7.051503e-05,0.00012646658,4.4627342e-08,0.00021955093,0.9961945
/home/leo/Documentos/mestrado/DeepWeeds-Mobile/images/20180322-110558-2.jpg,8,8,8,8,1,0.9964408,0.0017718641,1.162801e-05,0.00042367453,0.0012442296,3.2334305e-05,1.6453936e-07,3.5612633e-09,7.5216725e-05,0.9964408
/home/leo/Documentos/mestrado/DeepWeeds-Mobile/images/20171122-102100-1.jpg,5,5,5,5,1,0.98005635,3.2002885e-05,0.00013169371,5.9496125e-10,6.385578e-08,2.6507848e-11,0.98005635,0.017880017,1.9462327e-06,0.001898018
/home/leo/Documentos/mestrado/DeepWeeds-Mobile/images/20180112-103630-1.jpg,8,8,8,8,1,0.8142595,0.12860723,9.147084e-05,0.038956534,0.010844717,0.0037213764,0.00017182069,2.772018e-06,0.003344598,0.8142595
/home/leo/Documentos/mestrado/DeepWeeds-Mobile/images/20171205-141101-2.jpg,8,8,8,8,1,0.8034762,2.9260353e-05,0.00043228164,3.117006e-11,0.0010487637,1.4594248e-10,0.1949342,7.7478806e-05,1.8237438e-06,0.8034762
/home/leo/Documentos/mestrado/DeepWeeds-Mobile/images/20170630-152500-0.jpg,7,7,7,7,1,0.7844912,0.028893717,0.008321762,0.00090989855,0.007206925,0.0011278733,0.000110825495,0.00015110562,0.7844912,0.16878678
/home/leo/Documentos/mestrado/DeepWeeds-Mobile/images/20180105-093507-2.jpg,8,8,8,8,1,0.9791622,0.00018871647,0.0016353544,0.0014046619,0.0007949414,0.0019641852,2.1187823e-05,0.014516935,0.00031188448,0.9791622
/home/leo/Documentos/mestrado/DeepWeeds-Mobile/images/20170920-100505-3.jpg,4,6,4,6,0,0.33835277,0.040854316,0.035677936,0.024828725,0.07779405,0.09984298,0.0024954241,0.33835277,0.050320655,0.32983312
/home/leo/Documentos/mestrado/DeepWeeds-Mobile/images/20180109-102908-1.jpg,8,8,8,8,1,0.88156533,0.027178476,0.0031214405,0.001303997,0.054039218,0.0135218715,1.8438175e-05,2.7333836e-06,0.019248573,0.88156533
/home/leo/Documentos/mestrado/DeepWeeds-Mobile/images/20170727-134721-1.jpg,4,3,4,3,0,0.6564702,0.015394783,6.059521e-05,0.0011336519,0.6564702,0.18145092,1.9963949e-07,1.0271185e-08,0.029083269,0.11640637
/home/leo/Documentos/mestrado/DeepWeeds-Mobile/images/20171205-144400-2.jpg,8,8,8,8,1,0.99781895,1.8557446e-05,7.369937e-06,7.557513e-10,0.0020613258,4.6455398e-07,5.5564426e-05,3.311971e-06,3.4373996e-05,0.99781895
/home/leo/Documentos/mestrado/DeepWeeds-Mobile/images/20180125-132729-3.jpg,8,8,8,8,1,0.6695241,0.057229917,0.05717973,0.00085873733,0.0037484043,0.01299296,0.0006143936,0.0040559727,0.19379584,0.6695241
/home/leo/Documentos/mestrado/DeepWeeds-Mobile/images/20170207-141541-0.jpg,7,7,7,7,1,0.46179846,0.39613378,0.13691108,9.128714e-06,5.953537e-07,4.0222282e-08,0.001915332,0.0003367644,0.46179846,0.0028948619
/home/leo/Documentos/mestrado/DeepWeeds-Mobile/images/20170728-154000-3.jpg,8,4,8,4,0,0.860871,0.007219583,6.786994e-05,0.06335962,0.008449531,0.860871,0.0024451315,1.8031726e-05,0.01173413,0.04583509
/home/leo/Documentos/mestrado/DeepWeeds-Mobile/images/20171113-131413-0.jpg,6,6,6,6,1,0.99986124,3.6490775e-07,5.154689e-05,3.457743e-08,1.7935047e-06,6.0327e-10,5.2138265e-08,0.99986124,4.6786315e-07,8.445103e-05
/home/leo/Documentos/mestrado/DeepWeeds-Mobile/images/20170210-131153-0.jpg,7,7,7,7,1,0.97620165,0.016910722,0.0030938087,4.590515e-08,1.4948856e-08,9.338336e-09,5.3351605e-06,0.00011987713,0.97620165,0.0036686268
/home/leo/Documentos/mestrado/DeepWeeds-Mobile/images/20170714-135446-3.jpg,1,1,1,1,1,0.8472921,0.00036442495,0.8472921,5.6409743e-07,0.00026734313,5.4914683e-05,0.0025248218,0.018153485,0.023921376,0.107420936
/home/leo/Documentos/mestrado/DeepWeeds-Mobile/images/20170126-095755-0.jpg,1,1,1,1,1,0.997004,0.0002103656,0.997004,1.5232728e-09,0.000119277945,1.232662e-09,8.5159645e-06,0.0012474483,0.00014877404,0.0012616671
/home/leo/Documentos/mestrado/DeepWeeds-Mobile/images/20170920-191022-1.jpg,2,2,2,2,1,0.99975616,3.6481634e-08,3.2782857e-08,0.99975616,6.6017094e-07,2.5544754e-05,5.8108616e-09,1.7200554e-08,5.1430177e-08,0.00021755903
/home/leo/Documentos/mestrado/DeepWeeds-Mobile/images/20180112-100842-1.jpg,8,6,8,6,0,0.56787807,0.02017189,0.042228036,0.0028552292,0.006617968,0.002480854,0.013736105,0.56787807,0.027827041,0.3162049
/home/leo/Documentos/mestrado/DeepWeeds-Mobile/images/20171218-112749-3.jpg,8,8,8,8,1,0.9469945,0.0004909168,0.004865885,6.5739073e-06,0.042569168,0.00016715357,0.0011813622,0.0017257385,0.0019986127,0.9469945
/home/leo/Documentos/mestrado/DeepWeeds-Mobile/images/20171220-094829-2.jpg,8,8,8,8,1,0.9992118,6.8254294e-06,9.117038e-08,2.9238276e-09,0.00077331485,5.186443e-07,2.9917674e-06,3.0065414e-07,4.2103097e-06,0.9992118
/home/leo/Documentos/mestrado/DeepWeeds-Mobile/images/20171220-095405-1.jpg,8,8,8,8,1,0.99954206,7.130227e-05,6.0929956e-06,1.3673456e-12,2.8914349e-06,8.3796264e-10,3.3944325e-05,8.8378e-09,0.00034367482,0.99954206
/home/leo/Documentos/mestrado/DeepWeeds-Mobile/images/20170217-120123-0.jpg,0,0,0,0,1,0.93803227,0.93803227,0.0027950944,1.629987e-07,6.263882e-08,8.911788e-09,0.0008447577,0.0001649046,0.0006363926,0.057526387
/home/leo/Documentos/mestrado/DeepWeeds-Mobile/images/20170705-162351-0.jpg,7,0,7,0,0,0.87074864,0.87074864,0.00049037003,3.9639406e-07,1.3320794e-06,0.0001719714,0.0008696763,1.2209487e-07,0.1173931,0.010324241
/home/leo/Documentos/mestrado/DeepWeeds-Mobile/images/20171217-184116-2.jpg,8,8,8,8,1,0.87510085,0.0076607536,0.009466414,1.8822368e-07,0.105707705,1.3083094e-06,0.0011596397,0.00039586576,0.0005072571,0.87510085
/home/leo/Documentos/mestrado/DeepWeeds-Mobile/images/20170128-103508-0.jpg,8,8,8,8,1,0.9458355,2.5226449e-05,0.0160517,2.2044308e-06,0.03787815,9.8841956e-05,1.2442658e-07,3.4394947e-05,7.383215e-05,0.9458355
/home/leo/Documentos/mestrado/DeepWeeds-Mobile/images/20170714-150558-1.jpg,1,1,1,1,1,0.98048306,8.545923e-07,0.98048306,9.686407e-12,4.1011745e-06,9.58639e-11,2.5131077e-09,0.0010156849,2.7333801e-05,0.018468961
/home/leo/Documentos/mestrado/DeepWeeds-Mobile/images/20171113-151747-1.jpg,6,6,6,6,1,0.9994336,5.769784e-06,0.0003047892,3.182786e-07,4.1952e-07,1.690132e-08,1.073558e-07,0.9994336,6.8572795e-06,0.00024806493
/home/leo/Documentos/mestrado/DeepWeeds-Mobile/images/20171113-134030-3.jpg,6,6,6,6,1,0.7570009,5.0580747e-06,2.3038185e-06,0.002361977,7.3640463e-06,0.010136276,6.590094e-06,0.7570009,4.6082874e-07,0.23047914
/home/leo/Documentos/mestrado/DeepWeeds-Mobile/images/20170127-102051-0.jpg,1,1,1,1,1,0.9909991,0.00095243705,0.9909991,9.2238155e-09,4.2579654e-06,1.6714026e-08,1.9308409e-05,0.00341375,0.0018677429,0.0027434921
/home/leo/Documentos/mestrado/DeepWeeds-Mobile/images/20170715-122816-1.jpg,1,1,1,1,1,0.9999144,2.176636e-08,0.9999144,1.5697318e-12,1.0798821e-10,1.345038e-13,2.1970028e-08,8.00858e-05,5.3053537e-08,5.501947e-06
/home/leo/Documentos/mestrado/DeepWeeds-Mobile/images/20180112-095054-2.jpg,8,8,8,8,1,0.99700457,0.0005189237,0.00020115435,3.2316515e-05,0.000114527764,1.3660695e-06,9.08861e-06,1.0518872e-06,0.0021170035,0.99700457
/home/leo/Documentos/mestrado/DeepWeeds-Mobile/images/20170704-155526-0.jpg,7,8,7,8,0,0.6483698,0.015969347,0.12376575,1.4640807e-06,0.008459329,0.00023228381,0.0024483842,0.0021273128,0.19862638,0.6483698
/home/leo/Documentos/mestrado/DeepWeeds-Mobile/images/20170210-132412-0.jpg,0,8,0,8,0,0.9770503,0.0030549658,4.7402904e-05,0.0020703198,0.002677728,3.6639034e-05,5.8835984e-05,0.0005056271,0.01449818,0.9770503
/home/leo/Documentos/mestrado/DeepWeeds-Mobile/images/20170217-115105-0.jpg,0,8,0,8,0,0.60694027,0.27135754,0.048841592,0.000114973765,0.00024390276,1.1431569e-06,0.0030884626,0.0014635659,0.06794855,0.60694027
/home/leo/Documentos/mestrado/DeepWeeds-Mobile/images/20170304-131639-0.jpg,7,0,7,0,0,0.52875537,0.52875537,0.18662159,0.00024905265,8.8933564e-05,9.836307e-05,0.06785563,8.563463e-05,0.13211621,0.084129095
/home/leo/Documentos/mestrado/DeepWeeds-Mobile/images/20180125-095537-1.jpg,8,8,8,8,1,0.9994244,8.3343434e-07,7.30371e-06,1.2890972e-05,0.0003333518,5.593197e-06,4.4816104e-05,0.00016330526,7.510271e-06,0.9994244
/home/leo/Documentos/mestrado/DeepWeeds-Mobile/images/20180109-075127-2.jpg,8,8,8,8,1,0.7604787,0.030650951,0.006291499,0.0044207727,8.0094294e-05,0.013627404,0.010496397,0.12703533,0.046918888,0.7604787
/home/leo/Documentos/mestrado/DeepWeeds-Mobile/images/20171212-095107-1.jpg,8,8,8,8,1,0.99826306,1.6301611e-06,1.5643674e-07,7.4947893e-13,0.0017343702,1.1033329e-09,7.146527e-07,6.4000596e-11,3.0622587e-08,0.99826306
/home/leo/Documentos/mestrado/DeepWeeds-Mobile/images/20171201-115724-1.jpg,8,8,8,8,1,0.99990094,2.9827986e-06,1.3718186e-06,9.2123204e-10,2.3259132e-07,1.457837e-10,6.495611e-05,1.7252029e-09,2.9475214e-05,0.99990094
/home/leo/Documentos/mestrado/DeepWeeds-Mobile/images/20180112-073556-1.jpg,8,8,8,8,1,0.9986088,0.00014217016,7.148873e-05,0.00019522298,0.0004766636,9.433301e-05,1.3504057e-07,3.1780087e-06,0.00040798113,0.9986088
/home/leo/Documentos/mestrado/DeepWeeds-Mobile/images/20171121-090211-3.jpg,6,6,6,6,1,0.9956501,2.487039e-07,0.00027108175,2.7441217e-06,7.7612654e-08,7.1251264e-08,1.23344e-08,0.9956501,2.5260201e-06,0.004073168
/home/leo/Documentos/mestrado/DeepWeeds-Mobile/images/20171025-093313-1.jpg,3,8,3,8,0,0.9136673,0.01899785,0.00027914895,6.073545e-05,0.0485991,6.69128e-05,0.00010282752,0.00012326834,0.018102905,0.9136673
/home/leo/Documentos/mestrado/DeepWeeds-Mobile/images/20171109-090659-2.jpg,5,5,5,5,1,0.9987779,4.5316497e-06,7.665772e-05,2.7810628e-14,1.3878634e-09,6.8484376e-15,0.9987779,0.00040822267,1.6703648e-06,0.00073093927
/home/leo/Documentos/mestrado/DeepWeeds-Mobile/images/20170128-102740-0.jpg,8,8,8,8,1,0.67287046,0.11603147,0.029912375,5.9196927e-06,0.026554385,0.00025138282,2.9045721e-05,0.00029569984,0.15404923,0.67287046
/home/leo/Documentos/mestrado/DeepWeeds-Mobile/images/20180119-114810-2.jpg,8,8,8,8,1,0.9952077,3.6400645e-06,0.00040483772,6.52305e-06,2.9401846e-05,6.759919e-07,9.4921717e-07,0.0043429476,3.14622e-06,0.9952077
/home/leo/Documentos/mestrado/DeepWeeds-Mobile/images/20170714-122030-2.jpg,1,1,1,1,1,0.50026107,0.017409174,0.50026107,1.1661043e-07,7.2212324e-06,2.8606555e-06,0.20657104,0.1372239,0.06507862,0.07344591
/home/leo/Documentos/mestrado/DeepWeeds-Mobile/images/20180105-092141-3.jpg,8,8,8,8,1,0.99318224,4.5980323e-06,8.6826956e-05,3.5577427e-06,0.005845542,7.0128175e-05,4.9203187e-05,0.0007488972,9.065299e-06,0.99318224
/home/leo/Documentos/mestrado/DeepWeeds-Mobile/images/20171102-122750-1.jpg,2,2,2,2,1,0.99994874,5.128256e-08,2.7422598e-10,0.99994874,1.547056e-06,4.6102487e-05,3.167305e-09,8.662556e-12,2.6814564e-09,3.6012552e-06
/home/leo/Documentos/mestrado/DeepWeeds-Mobile/images/20180105-100104-3.jpg,8,8,8,8,1,0.9874915,4.8460987e-07,4.311569e-06,2.5914896e-05,0.0011753358,3.065545e-05,1.1153183e-07,0.01127004,1.6263646e-06,0.9874915
/home/leo/Documentos/mestrado/DeepWeeds-Mobile/images/20171113-134913-3.jpg,6,6,6,6,1,0.8978482,1.0707794e-05,7.956757e-06,0.00026642322,1.2022804e-05,9.573009e-06,9.919607e-07,0.8978482,1.5369212e-06,0.101842664
/home/leo/Documentos/mestrado/DeepWeeds-Mobile/images/20171122-103738-1.jpg,5,5,5,5,1,0.9248521,0.0007961466,1.6580812e-05,2.4735525e-10,9.284306e-06,1.0050317e-09,0.9248521,0.00011850332,3.9943163e-05,0.0741675
/home/leo/Documentos/mestrado/DeepWeeds-Mobile/images/20170410-124605-0.jpg,0,0,0,0,1,0.7777544,0.7777544,4.70595e-05,2.3543478e-05,1.4303099e-06,2.9453353e-05,0.0058347574,2.7173788e-05,0.09532838,0.12095371
/home/leo/Documentos/mestrado/DeepWeeds-Mobile/images/20170715-165120-1.jpg,1,1,1,1,1,0.9999083,2.7218644e-07,0.9999083,8.1062945e-13,5.9823024e-10,2.276355e-13,1.2669349e-08,8.2463215e-05,3.2292346e-07,8.516356e-06
/home/leo/Documentos/mestrado/DeepWeeds-Mobile/images/20170727-170748-3.jpg,4,4,4,4,1,0.6891635,4.047413e-05,5.943062e-07,0.30250075,0.0026291672,0.6891635,2.9347794e-07,9.12115e-07,0.0018903754,0.0037738723
/home/leo/Documentos/mestrado/DeepWeeds-Mobile/images/20171102-103932-1.jpg,2,2,2,2,1,0.9999951,1.58541e-11,3.2646424e-11,0.9999951,5.1295674e-09,7.057031e-07,1.8613698e-10,3.680077e-11,2.5047167e-11,4.1802855e-06
/home/leo/Documentos/mestrado/DeepWeeds-Mobile/images/20180322-114410-1.jpg,8,8,8,8,1,0.9999852,3.9242727e-06,1.0111557e-07,3.8856318e-10,5.0985562e-09,6.679017e-10,1.0690541e-05,1.6001414e-10,3.8024222e-08,0.9999852
/home/leo/Documentos/mestrado/DeepWeeds-Mobile/images/20180109-085351-1.jpg,8,8,8,8,1,0.9993356,0.00044528046,8.8254893e-07,1.5401201e-05,3.9149094e-05,0.00012896214,2.5828464e-05,2.1111507e-08,8.893441e-06,0.9993356
/home/leo/Documentos/mestrado/DeepWeeds-Mobile/images/20171218-113507-3.jpg,8,8,8,8,1,0.834592,0.007030616,0.053023815,0.00067600916,0.028654825,0.0011171413,0.06907326,0.0014441058,0.004388177,0.834592
/home/leo/Documentos/mestrado/DeepWeeds-Mobile/images/20171220-095949-2.jpg,8,8,8,8,1,0.98641807,0.0032809055,0.0009956356,4.5454478e-08,0.0078913625,2.0085135e-06,0.0009716739,0.00012966467,0.00031064413,0.98641807
/home/leo/Documentos/mestrado/DeepWeeds-Mobile/images/20180119-110207-2.jpg,8,8,8,8,1,0.9963347,0.00030718223,0.0018460084,0.00033806326,0.00045851874,0.00036249717,5.2637524e-06,0.00018988224,0.00015795084,0.9963347
/home/leo/Documentos/mestrado/DeepWeeds-Mobile/images/20171220-091646-3.jpg,8,8,8,8,1,0.7463624,0.006156169,1.6981474e-05,0.112537324,0.0023113424,0.13052286,0.000438774,8.711354e-06,0.0016454255,0.7463624
/home/leo/Documentos/mestrado/DeepWeeds-Mobile/images/20171122-100204-1.jpg,5,5,5,5,1,0.9999424,1.0775992e-07,2.2838735e-06,1.6335198e-12,3.0692185e-12,3.569797e-14,0.9999424,1.6717982e-05,1.0421498e-08,3.8441987e-05
/home/leo/Documentos/mestrado/DeepWeeds-Mobile/images/20171113-131609-1.jpg,6,6,6,6,1,0.99605787,1.2414127e-05,0.0031109003,7.862388e-07,9.155383e-08,1.580017e-08,2.2665724e-06,0.99605787,4.680349e-05,0.0007688344
/home/leo/Documentos/mestrado/DeepWeeds-Mobile/images/20171212-100128-1.jpg,8,8,8,8,1,0.9999379,4.745545e-07,1.08799696e-07,3.3020665e-15,6.0963535e-05,5.971586e-12,3.087976e-07,3.631539e-11,2.1015275e-07,0.9999379
/home/leo/Documentos/mestrado/DeepWeeds-Mobile/images/20180105-094231-3.jpg,8,8,8,8,1,0.883105,2.3394493e-06,0.0062297564,3.277203e-05,1.1990798e-05,3.6894069e-06,6.4956424e-05,0.110521585,2.7951613e-05,0.883105
/home/leo/Documentos/mestrado/DeepWeeds-Mobile/images/20180119-105309-1.jpg,8,8,8,8,1,0.5980133,1.4760563e-05,0.002497335,3.0379246e-07,7.555839e-07,7.4841346e-08,0.03706096,0.36239687,1.5650698e-05,0.5980133
/home/leo/Documentos/mestrado/DeepWeeds-Mobile/images/20180109-091932-1.jpg,8,8,8,8,1,0.9810431,0.00054194673,3.669965e-05,0.00045548636,0.0001140433,2.494014e-05,9.42476e-05,0.017323319,0.00036635605,0.9810431
/home/leo/Documentos/mestrado/DeepWeeds-Mobile/images/20180125-132807-3.jpg,8,8,8,8,1,0.8551759,0.0018166639,0.10731207,3.9808452e-05,0.00041427952,0.00030306907,0.0009022389,0.010004329,0.024031589,0.8551759
/home/leo/Documentos/mestrado/DeepWeeds-Mobile/images/20180109-104711-1.jpg,8,3,8,3,0,0.51634914,0.0590472,0.00014197738,0.08119938,0.51634914,0.12723115,1.136435e-05,8.1765855e-08,0.007937876,0.20808181
/home/leo/Documentos/mestrado/DeepWeeds-Mobile/images/20171113-061251-1.jpg,6,6,6,6,1,0.9834259,4.80957e-07,0.0003002589,6.6412715e-05,1.16030066e-07,1.7150634e-07,1.2877448e-06,0.9834259,3.283029e-06,0.016202189
/home/leo/Documentos/mestrado/DeepWeeds-Mobile/images/20170714-112150-2.jpg,1,1,1,1,1,0.86891747,8.515646e-06,0.86891747,8.1669e-08,1.2419022e-05,5.76098e-08,5.269989e-05,0.12928985,0.00062675186,0.0010921248
/home/leo/Documentos/mestrado/DeepWeeds-Mobile/images/20171212-094910-3.jpg,8,8,8,8,1,0.97668433,0.0015823175,0.000106471285,0.003922654,0.0030119792,0.0144186625,2.204214e-06,4.1546504e-05,0.00022989333,0.97668433
/home/leo/Documentos/mestrado/DeepWeeds-Mobile/images/20180109-101308-2.jpg,8,6,8,6,0,0.8654335,7.2211433e-06,0.0096963905,1.550865e-06,9.1560656e-07,3.099811e-07,7.336828e-05,0.8654335,1.1079343e-05,0.1247757
/home/leo/Documentos/mestrado/DeepWeeds-Mobile/images/20170728-153239-1.jpg,8,4,8,4,0,0.6101407,0.0030319737,0.00035409656,0.0015488421,0.0028940195,0.6101407,2.5643476e-06,1.2594722e-05,0.08167576,0.30033946
/home/leo/Documentos/mestrado/DeepWeeds-Mobile/images/20180112-075118-2.jpg,8,8,8,8,1,0.88252896,0.00795035,0.0055896393,0.0009685213,0.04968367,0.004537552,3.2782075e-06,6.416427e-05,0.04867385,0.88252896
/home/leo/Documentos/mestrado/DeepWeeds-Mobile/images/20171220-084059-2.jpg,8,8,8,8,1,0.9809374,0.007267526,5.8534402e-05,9.1996725e-08,0.00028391453,8.666447e-07,0.010670194,2.2532387e-08,0.00078145857,0.9809374
/home/leo/Documentos/mestrado/DeepWeeds-Mobile/images/20170920-192350-1.jpg,2,2,2,2,1,0.8793251,6.092881e-05,6.2312074e-06,0.8793251,0.009520396,0.10138442,8.304268e-05,1.5845437e-05,0.0003782707,0.00922583
/home/leo/Documentos/mestrado/DeepWeeds-Mobile/images/20171113-120603-2.jpg,6,6,6,6,1,0.57941973,0.00013652557,0.001477561,0.0003564588,0.000355691,0.00013455962,4.4366203e-05,0.57941973,0.00066322985,0.41741186
/home/leo/Documentos/mestrado/DeepWeeds-Mobile/images/20180112-080140-2.jpg,8,8,8,8,1,0.9901737,0.00053711113,0.00024123242,5.8469126e-05,0.002001972,0.0028099045,6.711606e-08,1.9869956e-06,0.004175628,0.9901737
/home/leo/Documentos/mestrado/DeepWeeds-Mobile/images/20180125-130057-2.jpg,8,8,8,8,1,0.9991818,0.0004001513,8.401566e-05,1.0197324e-08,4.4319182e-05,4.8608786e-06,0.00018500294,1.7538224e-06,9.810704e-05,0.9991818
/home/leo/Documentos/mestrado/DeepWeeds-Mobile/images/20180119-105340-2.jpg,8,8,8,8,1,0.886296,0.022483738,0.062021345,2.2973807e-05,0.0005246927,0.0010391453,0.009127742,0.00014210131,0.018342318,0.886296
/home/leo/Documentos/mestrado/DeepWeeds-Mobile/images/20170727-150146-3.jpg,4,4,4,4,1,0.99738914,0.00178509,5.0986847e-07,1.3737975e-06,9.753332e-05,0.99738914,3.1673008e-07,2.870611e-10,0.00061263656,0.00011340832
/home/leo/Documentos/mestrado/DeepWeeds-Mobile/images/20170811-134715-2.jpg,0,0,0,0,1,0.9985815,0.9985815,0.00012307467,4.9489426e-08,2.686481e-06,6.0199225e-05,1.2939164e-06,9.287939e-09,0.0003359959,0.0008951931
/home/leo/Documentos/mestrado/DeepWeeds-Mobile/images/20171219-114055-2.jpg,8,8,8,8,1,0.73263645,0.003124848,0.00019502568,0.007205209,0.07961202,0.16008358,3.8327863e-07,4.7135763e-05,0.017095352,0.73263645
/home/leo/Documentos/mestrado/DeepWeeds-Mobile/images/20170913-101025-1.jpg,3,3,3,3,1,0.7617143,1.366959e-05,4.8378496e-07,0.0014100895,0.7617143,0.22656612,0.000678746,6.5984607e-10,0.00026267275,0.009353921
/home/leo/Documentos/mestrado/DeepWeeds-Mobile/images/20180322-125231-1.jpg,8,8,8,8,1,0.99981344,2.5349527e-06,5.3512903e-08,4.794838e-07,5.688257e-07,7.607256e-06,0.0001747706,5.076263e-07,8.4564846e-08,0.99981344
/home/leo/Documentos/mestrado/DeepWeeds-Mobile/images/20180322-130013-1.jpg,8,8,8,8,1,0.96792835,0.00066159107,0.0264859,2.2517404e-05,0.0016851823,4.112271e-05,0.00057994167,0.00018730345,0.002408128,0.96792835
/home/leo/Documentos/mestrado/DeepWeeds-Mobile/images/20171102-093459-1.jpg,4,3,4,3,0,0.6883567,0.0008107726,8.392809e-05,0.20543097,0.6883567,0.016053867,2.0335744e-06,4.38901e-05,0.00020636436,0.08901139
/home/leo/Documentos/mestrado/DeepWeeds-Mobile/images/20170405-155159-0.jpg,0,8,0,8,0,0.8652012,0.094339035,7.243002e-06,4.6272336e-05,7.722532e-07,1.9731875e-08,0.0016761312,1.6847931e-06,0.03872765,0.8652012
/home/leo/Documentos/mestrado/DeepWeeds-Mobile/images/20180125-135314-3.jpg,8,8,8,8,1,0.46402964,0.08412884,0.025476485,0.007941772,0.033033744,0.059010293,0.00014139686,0.0071219564,0.31911582,0.46402964
/home/leo/Documentos/mestrado/DeepWeeds-Mobile/images/20170126-095203-0.jpg,1,1,1,1,1,0.9579567,0.00017577526,0.9579567,5.064326e-09,7.792601e-06,8.388247e-08,0.009594478,0.010464138,0.00087951525,0.02092146
/home/leo/Documentos/mestrado/DeepWeeds-Mobile/images/20170705-162307-0.jpg,7,7,7,7,1,0.54179305,0.40720782,0.0064608823,4.5313158e-05,0.001941083,0.00032010782,0.00012875813,7.349897e-07,0.54179305,0.04210222
/home/leo/Documentos/mestrado/DeepWeeds-Mobile/images/20180322-103048-1.jpg,8,8,8,8,1,0.98601854,0.0011505389,0.010115145,4.2524513e-07,0.000250315,4.987538e-05,4.368059e-05,2.9253736e-06,0.0023685745,0.98601854
/home/leo/Documentos/mestrado/DeepWeeds-Mobile/images/20170714-125918-1.jpg,1,1,1,1,1,0.99453753,7.128873e-05,0.99453753,7.3456297e-10,1.0823908e-08,1.805822e-10,1.4188094e-05,0.0047083874,0.0005261053,0.00014238132
/home/leo/Documentos/mestrado/DeepWeeds-Mobile/images/20171113-124236-3.jpg,6,6,6,6,1,0.99690586,0.0004451352,0.00038502394,4.8094134e-06,0.00010380741,2.0608366e-05,6.7586634e-06,0.99690586,0.00016640223,0.0019616652
/home/leo/Documentos/mestrado/DeepWeeds-Mobile/images/20171102-115938-3.jpg,2,2,2,2,1,0.9999999,3.057099e-14,5.642886e-16,0.9999999,6.637934e-12,1.5930375e-08,3.6164772e-13,3.7818595e-14,2.5498417e-15,5.663666e-08
/home/leo/Documentos/mestrado/DeepWeeds-Mobile/images/20171220-082954-3.jpg,8,8,8,8,1,0.9995472,0.00026037233,1.930665e-06,8.778091e-12,7.799964e-06,3.69498e-08,3.761949e-05,3.7574757e-10,0.00014508497,0.9995472
/home/leo/Documentos/mestrado/DeepWeeds-Mobile/images/20171109-091341-2.jpg,5,5,5,5,1,0.99878895,2.7418982e-05,0.00013874481,1.9299427e-09,1.1060524e-07,2.1806865e-11,0.99878895,0.0005128135,4.3186537e-05,0.0004887387
/home/leo/Documentos/mestrado/DeepWeeds-Mobile/images/20180105-101139-2.jpg,8,8,8,8,1,0.90081024,4.6606096e-06,7.7388795e-06,0.049538586,8.909626e-05,0.002613487,1.4250968e-07,0.046932347,3.7612476e-06,0.90081024
/home/leo/Documentos/mestrado/DeepWeeds-Mobile/images/20171220-084613-2.jpg,8,8,8,8,1,0.95415217,0.0002765574,0.0003809715,5.5381928e-11,0.02207506,6.5326755e-10,0.022647025,2.7790431e-05,0.00044048665,0.95415217
/home/leo/Documentos/mestrado/DeepWeeds-Mobile/images/20180322-102349-2.jpg,8,8,8,8,1,0.9852404,0.0006238733,0.0009484981,0.001984695,0.007015326,0.0018259926,0.0016912975,4.291725e-06,0.0006655991,0.9852404
/home/leo/Documentos/mestrado/DeepWeeds-Mobile/images/20161207-111508-0.jpg,0,8,0,8,0,0.75510013,0.2237925,0.0024715348,7.893082e-07,0.00024161863,7.616213e-07,0.015952826,0.001207591,0.0012323661,0.75510013
/home/leo/Documentos/mestrado/DeepWeeds-Mobile/images/20171025-091745-1.jpg,3,3,3,3,1,0.97130156,3.6502985e-05,7.455164e-05,5.4199774e-07,0.97130156,0.00018793863,1.3940983e-08,1.8042631e-07,3.2559725e-05,0.028366186
/home/leo/Documentos/mestrado/DeepWeeds-Mobile/images/20180109-090306-2.jpg,8,8,8,8,1,0.98702043,0.008521934,2.645472e-06,0.00058301573,0.0021633978,1.381004e-06,1.1865017e-05,1.1684192e-06,0.001694056,0.98702043
/home/leo/Documentos/mestrado/DeepWeeds-Mobile/images/20170715-174945-1.jpg,1,6,1,6,0,0.91440564,5.4524736e-07,0.085460894,5.0407063e-08,1.7146746e-07,2.5665672e-09,1.5840435e-07,0.91440564,4.1480926e-06,0.00012854164
/home/leo/Documentos/mestrado/DeepWeeds-Mobile/images/20170304-124558-0.jpg,0,0,0,0,1,0.42786688,0.42786688,0.0016241526,0.0056551886,0.0063655167,0.000213528,4.992805e-05,4.6013946e-07,0.13194412,0.4262803
/home/leo/Documentos/mestrado/DeepWeeds-Mobile/images/20171109-092642-1.jpg,5,5,5,5,1,0.9917711,0.00039854224,6.680525e-05,2.1267828e-10,6.500137e-07,2.8829605e-09,0.9917711,1.92281e-05,1.2453518e-06,0.0077424836
/home/leo/Documentos/mestrado/DeepWeeds-Mobile/images/20170811-133752-1.jpg,0,8,0,8,0,0.6140307,0.37020886,0.00030376087,0.00012224053,2.6194715e-05,9.5132043e-07,6.0433114e-05,9.139672e-07,0.015245905,0.6140307
/home/leo/Documentos/mestrado/DeepWeeds-Mobile/images/20170404-153733-0.jpg,7,7,7,7,1,0.98210424,0.0116728805,0.002471157,7.347718e-07,1.842363e-07,2.9108799e-08,0.00010341587,4.8646643e-06,0.98210424,0.0036424128
/home/leo/Documentos/mestrado/DeepWeeds-Mobile/images/20171212-104215-3.jpg,8,8,8,8,1,0.7882437,0.03560001,0.019106431,0.008096551,0.07680924,0.051505696,0.00055173994,0.0014732392,0.018613376,0.7882437
/home/leo/Documentos/mestrado/DeepWeeds-Mobile/images/20180109-074452-1.jpg,8,8,8,8,1,0.9528159,1.17650025e-05,1.8470682e-05,0.00029511243,1.742651e-05,0.0011873668,2.960621e-06,0.04563212,1.8817515e-05,0.9528159
/home/leo/Documentos/mestrado/DeepWeeds-Mobile/images/20180112-073733-1.jpg,8,8,8,8,1,0.98311263,0.0016541288,0.00036926803,0.00042570822,0.0055942605,0.0033168804,3.925424e-08,7.2032685e-06,0.0055198707,0.98311263
/home/leo/Documentos/mestrado/DeepWeeds-Mobile/images/20180109-091440-1.jpg,8,8,8,8,1,0.99947715,1.7906206e-05,2.6028767e-05,1.8563845e-06,2.0845316e-06,1.04760915e-07,9.334698e-06,0.0003362737,0.00012925327,0.99947715
/home/leo/Documentos/mestrado/DeepWeeds-Mobile/images/20171219-112948-3.jpg,8,8,8,8,1,0.908733,0.00029594178,0.0005028469,0.07639185,0.0072984286,0.005481529,1.6163248e-06,0.0010573792,0.00023733685,0.908733
/home/leo/Documentos/mestrado/DeepWeeds-Mobile/images/20180119-110921-1.jpg,8,8,8,8,1,0.72069967,5.199318e-05,0.010892411,0.00012184439,0.00010136293,6.376659e-05,0.0001496265,0.2675677,0.0003516951,0.72069967
/home/leo/Documentos/mestrado/DeepWeeds-Mobile/images/20180125-100037-2.jpg,8,8,8,8,1,0.997033,6.3649946e-07,7.6727745e-05,0.00019214848,0.0022939139,3.7139487e-06,0.00034362174,5.3633452e-05,2.6131368e-06,0.997033
/home/leo/Documentos/mestrado/DeepWeeds-Mobile/images/20171203-164429-3.jpg,8,8,8,8,1,0.9892014,0.001979201,0.00051745883,1.2766061e-07,0.0044693444,0.00017570663,2.372303e-06,7.087327e-08,0.0036542644,0.9892014
/home/leo/Documentos/mestrado/DeepWeeds-Mobile/images/20171113-095624-3.jpg,5,5,5,5,1,0.8697385,0.004002215,0.026320335,2.1752874e-07,1.4392289e-05,2.7459337e-06,0.8697385,0.015166192,0.004276618,0.08047875
/home/leo/Documentos/mestrado/DeepWeeds-Mobile/images/20170627-103624-0.jpg,0,0,0,0,1,0.5655874,0.5655874,0.0018009597,0.0009834135,0.005988978,0.0010198506,0.0003307366,6.856349e-06,0.33644044,0.08784142
/home/leo/Documentos/mestrado/DeepWeeds-Mobile/images/20170210-130309-0.jpg,7,7,7,7,1,0.99967474,0.00022490877,1.5228142e-05,2.5206475e-07,2.0295445e-09,1.5263783e-08,1.5549504e-05,1.6555684e-06,0.99967474,6.767608e-05
/home/leo/Documentos/mestrado/DeepWeeds-Mobile/images/20180109-103836-2.jpg,8,8,8,8,1,0.9551104,0.015329912,0.00023189766,0.0056341784,0.0039445297,0.016329177,1.0500558e-05,1.5653919e-07,0.0034092162,0.9551104
/home/leo/Documentos/mestrado/DeepWeeds-Mobile/images/20180112-071827-2.jpg,8,4,8,4,0,0.9708004,8.6110645e-05,1.6963939e-05,0.0023085899,0.00039036974,0.9708004,2.6609887e-06,4.8456224e-07,0.0009638538,0.025430536
/home/leo/Documentos/mestrado/DeepWeeds-Mobile/images/20180109-090533-2.jpg,8,8,8,8,1,0.96504694,0.0057510342,4.3911237e-05,0.0041799424,0.0009859999,7.843396e-05,5.652617e-06,9.4643434e-07,0.023907177,0.96504694
/home/leo/Documentos/mestrado/DeepWeeds-Mobile/images/20170729-093539-2.jpg,4,4,4,4,1,0.94701344,0.0004548335,1.2580753e-06,0.034387883,0.01212006,0.94701344,5.8847625e-05,6.370428e-08,0.00033088625,0.0056328047
/home/leo/Documentos/mestrado/DeepWeeds-Mobile/images/20180109-072422-2.jpg,8,8,8,8,1,0.7718368,4.9585964e-07,1.1603682e-06,4.143205e-05,4.6147693e-06,0.00041930814,6.9570774e-08,0.2276959,1.9342457e-07,0.7718368
/home/leo/Documentos/mestrado/DeepWeeds-Mobile/images/20171113-091604-3.jpg,5,5,5,5,1,0.9997048,5.5513805e-08,8.0754205e-07,1.3519661e-11,1.1699444e-11,3.2219775e-14,0.9997048,0.00029034403,9.540581e-08,3.861712e-06
/home/leo/Documentos/mestrado/DeepWeeds-Mobile/images/20170210-132630-0.jpg,0,0,0,0,1,0.9562656,0.9562656,0.000383627,7.135955e-06,2.5240074e-06,1.863524e-07,0.000660044,0.00081001665,0.021026667,0.020844087
/home/leo/Documentos/mestrado/DeepWeeds-Mobile/images/20171219-093001-2.jpg,8,8,8,8,1,0.995654,1.6606793e-06,3.9489834e-05,1.5724425e-05,0.003321582,4.3509363e-06,0.0007811635,0.0001727573,9.251163e-06,0.995654
/home/leo/Documentos/mestrado/DeepWeeds-Mobile/images/20170217-100644-0.jpg,7,7,7,7,1,0.4390881,0.38794935,8.411016e-06,0.0013340755,2.3987354e-06,7.268986e-06,0.0004779299,2.1842318e-06,0.4390881,0.17113027
/home/leo/Documentos/mestrado/DeepWeeds-Mobile/images/20180109-105722-2.jpg,8,8,8,8,1,0.9972373,0.0003743017,6.9063326e-06,0.0004000616,0.0016985707,0.00026570965,1.04458195e-05,6.4690546e-08,6.516852e-06,0.9972373
/home/leo/Documentos/mestrado/DeepWeeds-Mobile/images/20171102-120302-3.jpg,2,2,2,2,1,0.9999963,3.27887e-10,4.1519476e-13,0.9999963,2.0527747e-08,7.7214855e-07,7.481421e-11,7.6712826e-14,1.8825042e-11,2.928626e-06
/home/leo/Documentos/mestrado/DeepWeeds-Mobile/images/20170315-090946-0.jpg,8,8,8,8,1,0.8752257,0.07246647,0.0043262606,0.0010197631,0.0005986822,0.00016525631,0.0018549948,0.00063005404,0.043712717,0.8752257
/home/leo/Documentos/mestrado/DeepWeeds-Mobile/images/20171113-093538-3.jpg,5,5,5,5,1,0.9610327,7.1691134e-06,0.00020217753,1.1725639e-09,2.0470295e-10,3.8717807e-11,0.9610327,0.036171913,6.848832e-08,0.0025859764
/home/leo/Documentos/mestrado/DeepWeeds-Mobile/images/20180109-090240-2.jpg,8,8,8,8,1,0.96938103,0.012609275,5.0305545e-05,0.0032989138,0.0043463395,6.904254e-05,4.0805294e-06,3.8420556e-05,0.010202605,0.96938103
/home/leo/Documentos/mestrado/DeepWeeds-Mobile/images/20180125-132036-2.jpg,8,8,8,8,1,0.9886297,2.7054397e-05,0.0107395,1.2866759e-09,4.5405995e-05,1.3476376e-06,0.00013166042,6.2554554e-06,0.00041908043,0.9886297
/home/leo/Documentos/mestrado/DeepWeeds-Mobile/images/20171212-095057-1.jpg,8,8,8,8,1,0.81870806,1.2527205e-06,1.2961007e-07,5.0975993e-13,0.18129005,6.255355e-09,1.5859884e-08,7.739481e-12,4.6950368e-07,0.81870806
/home/leo/Documentos/mestrado/DeepWeeds-Mobile/images/20171109-074906-3.jpg,5,5,5,5,1,0.9992551,6.713282e-07,5.140156e-08,4.6017975e-13,7.728973e-11,1.4587498e-14,0.9992551,4.8897447e-05,6.4067407e-10,0.0006952875
/home/leo/Documentos/mestrado/DeepWeeds-Mobile/images/20171113-132852-1.jpg,6,6,6,6,1,0.9953743,1.3305759e-05,0.0033718145,2.4953305e-08,9.839467e-05,1.3048053e-07,1.7183383e-07,0.9953743,7.767715e-05,0.0010640847
/home/leo/Documentos/mestrado/DeepWeeds-Mobile/images/20180109-070905-2.jpg,8,8,8,8,1,0.6160122,3.2421307e-05,0.029597962,1.3502111e-05,0.00026161334,0.00015401118,0.0002122793,0.35344476,0.000271246,0.6160122
/home/leo/Documentos/mestrado/DeepWeeds-Mobile/images/20170727-151613-1.jpg,4,4,4,4,1,0.59255177,0.0021546986,9.478105e-06,0.2928607,0.01068316,0.59255177,2.452517e-06,7.9078615e-07,0.017715538,0.0840215
/home/leo/Documentos/mestrado/DeepWeeds-Mobile/images/20171219-113555-2.jpg,8,8,8,8,1,0.830784,9.921433e-05,5.093657e-07,0.08505637,0.00018325812,0.08379018,2.7973505e-07,7.8792254e-05,7.428539e-06,0.830784
/home/leo/Documentos/mestrado/DeepWeeds-Mobile/images/20171220-084438-3.jpg,8,8,8,8,1,0.99974483,3.6401238e-05,2.5051006e-07,1.1558371e-16,4.4814037e-06,7.5088574e-11,1.1270896e-06,6.855336e-13,0.0002130128,0.99974483
/home/leo/Documentos/mestrado/DeepWeeds-Mobile/images/20170906-111956-1.jpg,3,3,3,3,1,0.85629016,0.0003780378,0.013995848,1.4465386e-06,0.85629016,0.0015721845,3.6295914e-06,0.0021372596,0.009537851,0.11608366
/home/leo/Documentos/mestrado/DeepWeeds-Mobile/images/20170728-120037-2.jpg,4,4,4,4,1,0.99727064,3.5789353e-06,1.1826492e-08,1.0917864e-06,4.462963e-05,0.99727064,1.7914133e-10,1.534971e-10,5.164171e-06,0.0026748658
/home/leo/Documentos/mestrado/DeepWeeds-Mobile/images/20171025-073744-2.jpg,3,3,3,3,1,0.9947438,1.3246095e-05,0.0001308796,9.0058495e-07,0.9947438,0.0014245629,1.7406423e-08,5.6785834e-06,0.00013589287,0.0035449846
/home/leo/Documentos/mestrado/DeepWeeds-Mobile/images/20170715-155323-1.jpg,1,6,1,6,0,0.96671593,8.592791e-08,0.03327756,6.261743e-11,3.0796066e-09,3.714073e-11,3.0389383e-08,0.96671593,4.1033554e-06,2.3468165e-06
/home/leo/Documentos/mestrado/DeepWeeds-Mobile/images/20180112-092243-1.jpg,8,8,8,8,1,0.9708268,0.005709834,1.3270336e-06,0.016099198,0.004356902,0.0021799514,1.1508876e-05,7.974938e-08,0.00081437087,0.9708268
/home/leo/Documentos/mestrado/DeepWeeds-Mobile/images/20180125-092403-2.jpg,8,8,8,8,1,0.9946156,6.503015e-05,6.5828617e-06,0.0002322144,0.0002520572,0.00454396,0.00011293182,0.00015658455,1.5074099e-05,0.9946156
/home/leo/Documentos/mestrado/DeepWeeds-Mobile/images/20171025-091641-1.jpg,3,3,3,3,1,0.8911748,9.088338e-05,1.7617424e-05,2.9161455e-09,0.8911748,8.171026e-05,8.296111e-10,3.4695673e-09,0.0001596438,0.1084753
/home/leo/Documentos/mestrado/DeepWeeds-Mobile/images/20170217-113132-0.jpg,7,7,7,7,1,0.9970118,0.002157462,2.5990056e-07,1.6829306e-07,1.751505e-09,1.2533191e-08,3.7219557e-05,2.6719292e-05,0.9970118,0.0007664344
/home/leo/Documentos/mestrado/DeepWeeds-Mobile/images/20180109-105438-2.jpg,8,8,8,8,1,0.9910527,0.00016792743,3.7148047e-06,0.0028877303,0.005655212,0.00021937341,4.9113064e-06,1.4991684e-08,8.450789e-06,0.9910527
/home/leo/Documentos/mestrado/DeepWeeds-Mobile/images/20170920-133416-2.jpg,2,2,2,2,1,0.46406418,0.0123652555,1.9314653e-05,0.46406418,0.10063107,0.34478134,1.6220863e-06,2.734788e-06,0.029288838,0.04884561
/home/leo/Documentos/mestrado/DeepWeeds-Mobile/images/20170217-120328-0.jpg,0,0,0,0,1,0.9244158,0.9244158,0.0008564157,0.00013347714,4.497131e-06,1.513904e-06,0.012252663,3.3256503e-05,0.020126184,0.042176135
/home/leo/Documentos/mestrado/DeepWeeds-Mobile/images/20171203-170028-3.jpg,8,8,8,8,1,0.9969999,3.9515962e-05,0.0020554303,5.006252e-06,7.256822e-05,8.274469e-06,1.5416063e-05,0.00067649304,0.00012732185,0.9969999
/home/leo/Documentos/mestrado/DeepWeeds-Mobile/images/20170706-130106-3.jpg,1,1,1,1,1,0.9999951,3.933437e-07,0.9999951,3.2321778e-14,7.298244e-11,8.784211e-14,1.0884171e-09,1.1237676e-07,3.7251357e-06,6.4443833e-07
/home/leo/Documentos/mestrado/DeepWeeds-Mobile/images/20171218-105607-2.jpg,8,8,8,8,1,0.99412394,0.0046374258,6.945234e-05,1.5312627e-07,7.241656e-06,3.570144e-08,0.00031006036,2.797707e-06,0.0008488928,0.99412394
/home/leo/Documentos/mestrado/DeepWeeds-Mobile/images/20180109-075135-2.jpg,8,8,8,8,1,0.8760821,0.00030418995,0.006740956,0.0013302884,5.0155766e-05,0.00014929399,0.00024189308,0.11453628,0.0005647245,0.8760821
/home/leo/Documentos/mestrado/DeepWeeds-Mobile/images/20171102-121933-3.jpg,2,2,2,2,1,0.9995884,2.077894e-06,4.4838952e-08,0.9995884,5.4570202e-05,0.00028941373,3.310383e-07,1.2897544e-08,6.968649e-08,6.5061824e-05
/home/leo/Documentos/mestrado/DeepWeeds-Mobile/images/20171121-072857-1.jpg,6,6,6,6,1,0.9924247,6.841485e-11,0.007310747,1.4177927e-10,6.9055845e-06,1.837767e-08,2.4477658e-09,0.9924247,1.3444193e-07,0.00025744629
/home/leo/Documentos/mestrado/DeepWeeds-Mobile/images/20170906-095420-4.jpg,3,3,3,3,1,0.61416847,0.0025819005,0.00019693351,0.06792802,0.61416847,0.08096921,4.808715e-07,9.227839e-06,0.0045566815,0.22958906
/home/leo/Documentos/mestrado/DeepWeeds-Mobile/images/20171109-084701-3.jpg,5,5,5,5,1,0.9894924,2.7143017e-06,3.830918e-05,3.443033e-11,3.6822062e-08,3.3803997e-12,0.9894924,0.0033288735,2.9534286e-07,0.0071372623
/home/leo/Documentos/mestrado/DeepWeeds-Mobile/images/20170913-103936-3.jpg,5,5,5,5,1,0.9970976,9.5339354e-05,5.05523e-06,5.546768e-05,0.00045276023,0.00078635843,0.9970976,0.0004134796,0.00010871495,0.0009851605
/home/leo/Documentos/mestrado/DeepWeeds-Mobile/images/20170913-095605-1.jpg,3,3,3,3,1,0.96585274,7.555682e-06,1.0646054e-06,9.3386974e-05,0.96585274,0.0012403863,0.02604971,3.4350546e-06,4.6604287e-06,0.0067470423
/home/leo/Documentos/mestrado/DeepWeeds-Mobile/images/20171113-095351-3.jpg,5,8,5,8,0,0.7930341,0.00017792304,0.0026107193,1.0631826e-07,4.212629e-06,7.768036e-07,0.19476736,0.008901453,0.0005034199,0.7930341
/home/leo/Documentos/mestrado/DeepWeeds-Mobile/images/20171205-133648-2.jpg,8,8,8,8,1,0.99689484,0.00016109523,0.0005886289,1.9457576e-09,0.0021619305,2.665832e-06,4.367651e-05,3.0508685e-05,0.00011665021,0.99689484
/home/leo/Documentos/mestrado/DeepWeeds-Mobile/images/20171218-110416-2.jpg,8,8,8,8,1,0.9141951,0.00014636797,3.132904e-05,4.912323e-10,0.00064818346,3.9521137e-09,0.084670745,5.5269174e-05,0.00025295833,0.9141951
/home/leo/Documentos/mestrado/DeepWeeds-Mobile/images/20180112-072427-2.jpg,8,0,8,0,0,0.69519526,0.69519526,0.0045162146,0.0029058298,0.007761094,6.813667e-05,6.7635865e-06,3.9631846e-05,0.18339027,0.10611686
/home/leo/Documentos/mestrado/DeepWeeds-Mobile/images/20170913-110043-3.jpg,5,5,5,5,1,0.9999865,5.628573e-07,1.6575525e-08,2.1059815e-07,3.447534e-06,6.6865978e-06,0.9999865,2.097423e-07,4.7013592e-07,1.8176222e-06
/home/leo/Documentos/mestrado/DeepWeeds-Mobile/images/20171025-093721-2.jpg,3,8,3,8,0,0.6291428,0.19338383,5.6227153e-05,0.06700983,0.0752144,0.008105563,1.5590495e-06,7.1461415e-08,0.027085692,0.6291428
/home/leo/Documentos/mestrado/DeepWeeds-Mobile/images/20171219-094017-3.jpg,8,8,8,8,1,0.8634012,0.00031980147,0.00029764138,9.0545055e-10,0.13504565,1.2069947e-06,5.1726386e-07,2.016723e-09,0.0009339808,0.8634012
/home/leo/Documentos/mestrado/DeepWeeds-Mobile/images/20170210-130719-0.jpg,7,7,7,7,1,0.9898344,0.008773952,6.823043e-05,9.779246e-07,6.7836055e-08,1.2455358e-07,0.00064895017,0.00029786825,0.9898344,0.00037536156
/home/leo/Documentos/mestrado/DeepWeeds-Mobile/images/20171102-093500-3.jpg,4,8,4,8,0,0.8632169,0.01851824,0.013260476,0.00037671844,0.008859543,0.012891734,9.700715e-07,0.00080764905,0.082067855,0.8632169
/home/leo/Documentos/mestrado/DeepWeeds-Mobile/images/20180125-092822-2.jpg,8,8,8,8,1,0.9980198,0.00013785259,0.0011136385,1.7806084e-08,1.88192e-05,3.3052786e-06,0.0006637579,1.4827442e-06,4.122025e-05,0.9980198
/home/leo/Documentos/mestrado/DeepWeeds-Mobile/images/20171025-080805-2.jpg,3,8,3,8,0,0.68586653,0.046399385,0.004056032,0.0005357694,0.22176923,0.001716592,1.5510068e-05,3.1279562e-06,0.03963779,0.68586653
/home/leo/Documentos/mestrado/DeepWeeds-Mobile/images/20171025-081209-1.jpg,3,3,3,3,1,0.78931844,0.01282335,5.5945516e-06,0.0059836493,0.78931844,0.011086467,1.224691e-07,8.39709e-09,0.0023371691,0.1784451
/home/leo/Documentos/mestrado/DeepWeeds-Mobile/images/20180112-083102-1.jpg,8,8,8,8,1,0.9679299,0.0030581602,3.2484753e-05,0.00014674563,0.017961621,0.0015549352,6.9960593e-09,3.5541664e-08,0.009316092,0.9679299
/home/leo/Documentos/mestrado/DeepWeeds-Mobile/images/20180112-070515-2.jpg,8,0,8,0,0,0.74457866,0.74457866,0.0009112799,0.003836006,0.027075035,0.0021040477,4.4867083e-05,9.323449e-08,0.13197479,0.08947524
/home/leo/Documentos/mestrado/DeepWeeds-Mobile/images/20180322-113140-2.jpg,8,8,8,8,1,0.9869881,0.006448104,0.00030605058,2.887739e-06,0.0024156617,0.00018250626,8.649096e-06,7.889219e-07,0.0036471991,0.9869881
/home/leo/Documentos/mestrado/DeepWeeds-Mobile/images/20171212-095632-1.jpg,8,8,8,8,1,0.9989563,4.35585e-07,3.899193e-09,6.1661915e-15,0.0010419672,3.307118e-10,2.2960614e-07,3.2917044e-11,9.856923e-07,0.9989563
/home/leo/Documentos/mestrado/DeepWeeds-Mobile/images/20170729-090441-1.jpg,4,4,4,4,1,0.9415459,0.0030189364,0.00016008536,0.000734878,0.001586067,0.9415459,0.00202769,3.7710528e-08,0.010825584,0.040100776
/home/leo/Documentos/mestrado/DeepWeeds-Mobile/images/20171220-091043-2.jpg,8,5,8,5,0,0.6178352,1.0340779e-05,5.192671e-05,3.7590992e-13,6.517346e-08,7.575491e-13,0.6178352,8.656667e-05,7.457832e-07,0.38201517
/home/leo/Documentos/mestrado/DeepWeeds-Mobile/images/20170728-152744-2.jpg,4,4,4,4,1,0.99920136,2.1232425e-05,4.3421203e-08,5.067263e-08,2.2476359e-05,0.99920136,1.7957246e-09,1.24869585e-11,0.00025590629,0.00049900805
/home/leo/Documentos/mestrado/DeepWeeds-Mobile/images/20180125-134552-3.jpg,8,8,8,8,1,0.9051548,0.0005899002,0.042959128,5.0419267e-06,0.002149445,0.00042630752,0.00012701596,0.013315506,0.03527294,0.9051548
/home/leo/Documentos/mestrado/DeepWeeds-Mobile/images/20170304-131431-0.jpg,7,6,7,6,0,0.48200884,0.04888328,0.0051423763,0.00026642048,0.00014236437,2.0025871e-05,0.0023573642,0.48200884,0.3405444,0.12063499
/home/leo/Documentos/mestrado/DeepWeeds-Mobile/images/20170920-173342-1.jpg,4,4,4,4,1,0.7658149,0.003939394,0.00020461749,0.00021129141,0.008315268,0.7658149,6.904405e-08,4.311925e-07,0.0063133496,0.21520075
/home/leo/Documentos/mestrado/DeepWeeds-Mobile/images/20180105-093514-3.jpg,8,6,8,6,0,0.8596155,1.2623428e-05,0.00067546545,1.804795e-06,3.0948486e-05,1.7302569e-06,1.6640573e-06,0.8596155,3.8619553e-05,0.13962154
/home/leo/Documentos/mestrado/DeepWeeds-Mobile/images/20180119-114610-1.jpg,8,8,8,8,1,0.95219475,0.0045540314,0.006332491,0.0020882082,0.01923793,0.0011172039,2.3857798e-05,0.013413999,0.0010375592,0.95219475
/home/leo/Documentos/mestrado/DeepWeeds-Mobile/images/20170714-115754-3.jpg,1,1,1,1,1,0.9999354,7.1797075e-07,0.9999354,5.993214e-13,8.880746e-08,1.990017e-11,1.2764734e-07,7.341702e-07,1.4596119e-05,4.834034e-05
/home/leo/Documentos/mestrado/DeepWeeds-Mobile/images/20170920-095354-1.jpg,2,2,2,2,1,0.9997701,8.0716156e-10,2.6246644e-08,0.9997701,1.6617452e-08,4.774159e-06,4.327982e-09,1.0069537e-05,1.7418262e-08,0.00021503764
/home/leo/Documentos/mestrado/DeepWeeds-Mobile/images/20180105-094138-3.jpg,8,8,8,8,1,0.9896165,6.353966e-06,0.00034050152,0.00023635587,1.2964909e-05,4.843716e-05,2.430525e-06,0.009699329,3.7055022e-05,0.9896165
/home/leo/Documentos/mestrado/DeepWeeds-Mobile/images/20180105-100843-2.jpg,8,8,8,8,1,0.98970467,2.4658468e-07,3.923613e-07,0.002924543,5.88556e-05,0.0036778983,1.8499355e-08,0.0036331988,1.8648564e-07,0.98970467
/home/leo/Documentos/mestrado/DeepWeeds-Mobile/images/20180322-124804-1.jpg,8,8,8,8,1,0.99999774,3.9171562e-07,4.8048562e-08,1.7024925e-10,7.998446e-09,5.929814e-07,1.1907209e-06,1.2262284e-07,4.8824464e-09,0.99999774
/home/leo/Documentos/mestrado/DeepWeeds-Mobile/images/20180125-093120-2.jpg,8,8,8,8,1,0.9999294,1.1505422e-05,1.566621e-06,4.2383133e-09,3.8070484e-05,5.150082e-07,1.789889e-05,1.0556478e-09,1.0485136e-06,0.9999294
/home/leo/Documentos/mestrado/DeepWeeds-Mobile/images/20180322-121645-2.jpg,8,8,8,8,1,0.9994394,0.00012207608,0.00036032713,3.5065238e-08,5.5302635e-06,8.37798e-07,5.9258095e-05,3.5747068e-09,1.2478969e-05,0.9994394
/home/leo/Documentos/mestrado/DeepWeeds-Mobile/images/20180109-090530-1.jpg,8,8,8,8,1,0.9870656,0.0065829973,2.1593173e-06,0.005104256,0.0009598335,1.595512e-05,9.3555944e-05,5.1018393e-08,0.0001755446,0.9870656
/home/leo/Documentos/mestrado/DeepWeeds-Mobile/images/20180119-110105-1.jpg,8,8,8,8,1,0.9939474,0.00076449785,0.001848673,2.2457458e-05,0.00042038783,0.00013713281,6.0226186e-05,0.00099832,0.0018009419,0.9939474
/home/leo/Documentos/mestrado/DeepWeeds-Mobile/images/20180105-092231-2.jpg,8,8,8,8,1,0.78767824,0.00015994528,0.00045986465,0.0004786651,0.0015201983,0.000382516,1.9363248e-05,0.20899004,0.00031112228,0.78767824
/home/leo/Documentos/mestrado/DeepWeeds-Mobile/images/20180119-110948-2.jpg,8,8,8,8,1,0.8661288,0.07488469,0.007415163,1.58491e-05,0.000121224875,4.7302467e-05,3.466909e-05,0.03186684,0.019485543,0.8661288
/home/leo/Documentos/mestrado/DeepWeeds-Mobile/images/20180112-075353-2.jpg,8,8,8,8,1,0.7642064,0.031984594,5.830043e-05,0.0026083877,0.08812914,0.100398906,1.3556735e-07,4.8071733e-09,0.0126142055,0.7642064
/home/leo/Documentos/mestrado/DeepWeeds-Mobile/images/20170727-115147-1.jpg,4,4,4,4,1,0.97719234,2.4662838e-09,4.0297064e-11,0.0179934,2.1987087e-07,0.97719234,1.3854807e-08,2.0573842e-07,1.7632175e-11,0.004813807
/home/leo/Documentos/mestrado/DeepWeeds-Mobile/images/20171212-103512-3.jpg,8,8,8,8,1,0.41432688,0.00025081122,0.30787504,6.286659e-08,0.00088960544,1.0037439e-06,1.0998857e-05,0.2740923,0.0025533666,0.41432688
/home/leo/Documentos/mestrado/DeepWeeds-Mobile/images/20171203-082105-3.jpg,8,8,8,8,1,0.8222596,0.004374914,0.0022001208,1.4750345e-05,0.099368386,0.0368106,1.7609889e-06,4.1318035e-06,0.034965724,0.8222596
/home/leo/Documentos/mestrado/DeepWeeds-Mobile/images/20180322-105156-1.jpg,8,8,8,8,1,0.9713466,0.020650255,0.00036954434,0.00011877771,0.0002742309,0.0039385366,0.00044314397,9.080716e-09,0.0028588069,0.9713466
/home/leo/Documentos/mestrado/DeepWeeds-Mobile/images/20180105-091545-2.jpg,8,8,8,8,1,0.96198773,8.649512e-06,1.703366e-05,1.0560426e-05,0.00024282726,0.000109029104,3.9135482e-08,0.03760432,1.9778869e-05,0.96198773
/home/leo/Documentos/mestrado/DeepWeeds-Mobile/images/20171109-093143-1.jpg,5,5,5,5,1,0.9723006,1.2977464e-05,1.9125775e-06,5.5795785e-12,1.2217556e-06,1.31098405e-11,0.9723006,1.8253597e-06,1.2251304e-07,0.02768126
/home/leo/Documentos/mestrado/DeepWeeds-Mobile/images/20170811-123016-2.jpg,0,0,0,0,1,0.99945694,0.99945694,4.1581987e-07,6.287113e-10,4.5863953e-08,9.436159e-06,1.9731344e-07,1.2103638e-10,0.00044915013,8.382171e-05
/home/leo/Documentos/mestrado/DeepWeeds-Mobile/images/20171108-130043-3.jpg,5,5,5,5,1,0.9859944,0.0017313976,3.1371817e-06,7.572091e-08,1.0113072e-08,6.18067e-11,0.9859944,1.5490806e-09,0.000112939306,0.012157983
/home/leo/Documentos/mestrado/DeepWeeds-Mobile/images/20180112-094713-1.jpg,8,8,8,8,1,0.69613534,0.03568163,0.044624224,0.00015718905,0.0015154217,6.2822387e-06,0.053776752,0.016357662,0.15174545,0.69613534
/home/leo/Documentos/mestrado/DeepWeeds-Mobile/images/20170217-103728-0.jpg,0,0,0,0,1,0.9999896,0.9999896,4.019791e-09,4.4575042e-13,5.76008e-14,1.962155e-14,5.771018e-08,1.5078759e-09,9.042837e-06,1.3413791e-06
/home/leo/Documentos/mestrado/DeepWeeds-Mobile/images/20180119-104346-1.jpg,8,8,8,8,1,0.73265874,2.4707038e-05,0.00013745725,7.610783e-07,0.2663374,3.70735e-05,3.7017008e-07,0.0006233232,0.00018019286,0.73265874
/home/leo/Documentos/mestrado/DeepWeeds-Mobile/images/20170130-102516-0.jpg,1,1,1,1,1,0.7601152,0.14500758,0.7601152,4.499528e-05,0.011893445,0.00036190305,0.010562493,0.00024284003,0.027688764,0.044082828
/home/leo/Documentos/mestrado/DeepWeeds-Mobile/images/20171102-120236-1.jpg,2,2,2,2,1,0.98039067,0.0007605058,8.2829143e-07,0.98039067,6.602961e-05,5.1425133e-05,3.2589119e-06,2.321084e-09,1.5047285e-05,0.018712163
/home/leo/Documentos/mestrado/DeepWeeds-Mobile/images/20171220-101540-2.jpg,8,8,8,8,1,0.9575703,0.0020036898,0.026715752,5.639807e-09,0.00011698933,6.5686265e-08,0.011879777,7.587121e-05,0.0016374466,0.9575703
/home/leo/Documentos/mestrado/DeepWeeds-Mobile/images/20171113-124540-3.jpg,6,6,6,6,1,0.99047536,1.6847877e-06,6.378418e-06,1.1843276e-05,5.64423e-07,0.00015760765,4.5713537e-06,0.99047536,3.536734e-07,0.009341602
/home/leo/Documentos/mestrado/DeepWeeds-Mobile/images/20171113-133002-3.jpg,6,8,6,8,0,0.7049696,1.9141632e-06,2.4916503e-07,0.049289655,2.5375415e-05,0.24248391,1.1539362e-06,0.0032281275,4.8941672e-08,0.7049696
/home/leo/Documentos/mestrado/DeepWeeds-Mobile/images/20171113-140103-1.jpg,6,6,6,6,1,0.99892694,0.00052758754,0.0003250306,2.2829545e-07,9.967423e-08,1.1365012e-08,5.9992936e-07,0.99892694,0.00017994063,3.9572933e-05
/home/leo/Documentos/mestrado/DeepWeeds-Mobile/images/20180105-100431-3.jpg,8,8,8,8,1,0.9607213,7.364766e-06,3.5115907e-05,0.00015531517,4.6185337e-06,6.3518055e-06,1.2793224e-06,0.03906202,6.793877e-06,0.9607213
/home/leo/Documentos/mestrado/DeepWeeds-Mobile/images/20180112-081057-1.jpg,8,8,8,8,1,0.944602,0.008842015,0.0040767267,6.0795574e-05,0.03712078,0.00044115985,1.9642914e-06,3.1023785e-05,0.004823584,0.944602
/home/leo/Documentos/mestrado/DeepWeeds-Mobile/images/20170127-102025-0.jpg,1,6,1,6,0,0.9928262,1.074933e-06,0.004953358,2.1141883e-08,3.0448116e-06,7.722384e-08,1.1660819e-05,0.9928262,5.925739e-05,0.0021453155
/home/leo/Documentos/mestrado/DeepWeeds-Mobile/images/20171025-172226-3.jpg,3,8,3,8,0,0.7102523,0.00471481,0.008891592,0.013541011,0.06410648,0.003932888,1.9731007e-05,0.19062404,0.003917204,0.7102523
/home/leo/Documentos/mestrado/DeepWeeds-Mobile/images/20180112-082221-1.jpg,8,8,8,8,1,0.5268885,0.03415096,0.00046253056,0.0017936361,0.18604732,0.23324442,4.1199544e-07,1.183276e-08,0.01741225,0.5268885
/home/leo/Documentos/mestrado/DeepWeeds-Mobile/images/20180109-092218-1.jpg,8,8,8,8,1,0.98585385,0.00041614176,0.00054736703,0.010506416,0.0002857574,0.0011804573,3.5341076e-05,0.0006908202,0.00048390316,0.98585385
/home/leo/Documentos/mestrado/DeepWeeds-Mobile/images/20171203-173801-3.jpg,8,8,8,8,1,0.9692319,0.0046483544,0.001695346,4.4218928e-06,0.0039153597,8.093571e-05,0.00043746489,0.008434572,0.01155165,0.9692319
/home/leo/Documentos/mestrado/DeepWeeds-Mobile/images/20180109-070011-1.jpg,8,8,8,8,1,0.9959364,1.969968e-07,5.879477e-07,2.374152e-06,6.12207e-06,5.6376164e-05,1.35388545e-08,0.0039976514,1.1140227e-07,0.9959364
/home/leo/Documentos/mestrado/DeepWeeds-Mobile/images/20171220-090603-2.jpg,8,8,8,8,1,0.86869067,0.062229913,0.0022620577,2.247934e-06,2.7071066e-05,3.4894214e-07,0.0065807723,1.6357928e-05,0.060190577,0.86869067
/home/leo/Documentos/mestrado/DeepWeeds-Mobile/images/20170727-170051-1.jpg,4,4,4,4,1,0.9864938,0.00012280741,8.229197e-07,0.00016975602,0.007726761,0.9864938,1.2369054e-09,9.3006064e-10,0.001908116,0.0035778012
/home/leo/Documentos/mestrado/DeepWeeds-Mobile/images/20171102-115909-1.jpg,2,2,2,2,1,0.99997044,4.1830656e-08,1.5792928e-11,0.99997044,1.1476048e-06,1.1704397e-05,2.9992828e-10,1.2504438e-11,2.8032223e-09,1.6634445e-05
/home/leo/Documentos/mestrado/DeepWeeds-Mobile/images/20180125-091401-2.jpg,8,8,8,8,1,0.9989789,0.00015892272,0.00040797418,9.053278e-07,2.583516e-05,0.0001812953,5.4085172e-05,8.1249276e-08,0.00019195754,0.9989789
/home/leo/Documentos/mestrado/DeepWeeds-Mobile/images/20170217-145102-0.jpg,7,7,7,7,1,0.969448,0.027383994,1.1046204e-06,3.334437e-08,1.6084344e-09,1.5916743e-08,6.494307e-06,6.8347836e-06,0.969448,0.0031534852
/home/leo/Documentos/mestrado/DeepWeeds-Mobile/images/20180322-104617-1.jpg,8,8,8,8,1,0.9845994,0.0041054543,0.004287471,0.0010326196,0.00023516615,0.0009166353,0.0015083166,5.021214e-08,0.0033148078,0.9845994
/home/leo/Documentos/mestrado/DeepWeeds-Mobile/images/20171113-133912-3.jpg,6,6,6,6,1,0.9999881,5.04989e-07,4.247564e-06,1.1120103e-09,2.8095865e-10,2.1850792e-11,2.0769946e-08,0.9999881,3.7499797e-07,6.739668e-06
/home/leo/Documentos/mestrado/DeepWeeds-Mobile/images/20170920-094836-1.jpg,2,2,2,2,1,0.99944323,4.0215607e-08,6.223163e-06,0.99944323,1.3246391e-06,8.867005e-05,3.2892854e-07,5.2362506e-05,1.4408748e-06,0.0004064331
/home/leo/Documentos/mestrado/DeepWeeds-Mobile/images/20180109-074750-1.jpg,8,8,8,8,1,0.95152974,1.7226484e-05,0.0001808395,0.0029354927,0.0014979338,0.00010158892,6.7684874e-07,0.043653425,8.304995e-05,0.95152974
/home/leo/Documentos/mestrado/DeepWeeds-Mobile/images/20171217-183653-2.jpg,8,8,8,8,1,0.80910057,0.028273562,0.0277382,4.896596e-09,2.2396232e-06,1.491759e-07,0.1271583,0.0037681751,0.003958818,0.80910057
/home/leo/Documentos/mestrado/DeepWeeds-Mobile/images/20171219-113951-3.jpg,8,2,8,2,0,0.9181019,2.6800817e-05,2.0504626e-08,0.9181019,3.7790487e-05,0.05999081,4.6072822e-07,4.650777e-06,2.4508094e-07,0.021837372
/home/leo/Documentos/mestrado/DeepWeeds-Mobile/images/20170920-114423-2.jpg,2,2,2,2,1,0.9996072,1.8374183e-09,7.8249025e-09,0.9996072,1.7803775e-07,1.7398337e-05,1.2347266e-08,2.9989913e-08,1.2715802e-09,0.00037506723
/home/leo/Documentos/mestrado/DeepWeeds-Mobile/images/20180109-090139-1.jpg,8,8,8,8,1,0.9164271,0.0014139325,0.00034187696,2.0452911e-05,0.079425916,2.7279805e-06,7.5193925e-06,3.4676235e-05,0.002325701,0.9164271
/home/leo/Documentos/mestrado/DeepWeeds-Mobile/images/20171212-105548-3.jpg,8,8,8,8,1,0.8102085,0.011873859,0.022899497,0.00030602864,0.021579092,0.12342177,2.4495626e-05,1.3099354e-05,0.00967364,0.8102085
/home/leo/Documentos/mestrado/DeepWeeds-Mobile/images/20180112-080256-2.jpg,8,8,8,8,1,0.991689,0.00058965845,0.00040308197,0.00081850245,0.004746365,0.0011475112,6.415128e-07,2.9801283e-06,0.0006021942,0.991689
/home/leo/Documentos/mestrado/DeepWeeds-Mobile/images/20170715-102734-1.jpg,1,1,1,1,1,0.96808976,0.0023188675,0.96808976,1.4900794e-06,9.972248e-07,5.16671e-09,0.00063692854,0.0043580905,0.0010158264,0.023578072
/home/leo/Documentos/mestrado/DeepWeeds-Mobile/images/20180112-100803-1.jpg,8,8,8,8,1,0.6518111,0.08443857,0.031883586,0.00027004528,0.006063328,0.00035047904,0.0029168841,0.017964749,0.20430122,0.6518111
/home/leo/Documentos/mestrado/DeepWeeds-Mobile/images/20170920-181609-1.jpg,2,2,2,2,1,0.9690749,0.00015055168,2.5986532e-07,0.9690749,2.4614419e-05,0.019819735,1.4928112e-06,0.00012814681,3.6933216e-05,0.0107633555
/home/leo/Documentos/mestrado/DeepWeeds-Mobile/images/20170126-095855-0.jpg,1,1,1,1,1,0.9906172,3.276393e-05,0.9906172,1.6836038e-10,3.5613937e-06,3.9765142e-09,8.3746636e-07,0.0070165903,0.00024335492,0.0020857267
/home/leo/Documentos/mestrado/DeepWeeds-Mobile/images/20180119-111356-1.jpg,8,8,8,8,1,0.9600239,0.002374837,0.004321141,0.004473862,0.016700756,0.0043093516,5.899708e-05,0.005637836,0.0020994009,0.9600239
/home/leo/Documentos/mestrado/DeepWeeds-Mobile/images/20180125-092138-2.jpg,8,8,8,8,1,0.9943463,0.00088584726,0.0017452834,3.1333357e-06,0.00074567157,0.0011271627,0.00020596986,2.4282604e-08,0.0009405218,0.9943463
/home/leo/Documentos/mestrado/DeepWeeds-Mobile/images/20170729-091322-1.jpg,4,4,4,4,1,0.80148685,2.0301048e-05,7.828717e-07,0.19558167,0.00072803634,0.80148685,3.1121233e-06,2.573665e-09,0.00025190177,0.0019273517
/home/leo/Documentos/mestrado/DeepWeeds-Mobile/images/20171113-133349-3.jpg,6,6,6,6,1,0.84194916,4.730294e-07,5.722084e-07,8.984332e-05,1.848144e-06,0.00035037694,1.0535739e-08,0.84194916,1.054268e-07,0.1576077
/home/leo/Documentos/mestrado/DeepWeeds-Mobile/images/20180322-114209-2.jpg,8,8,8,8,1,0.98935777,0.0058647864,0.00027920076,9.941442e-07,0.00025380898,0.00028457638,0.00060983666,6.492915e-07,0.0033483189,0.98935777
/home/leo/Documentos/mestrado/DeepWeeds-Mobile/images/20171212-104904-3.jpg,8,8,8,8,1,0.8443834,0.0001523489,0.004284415,1.7098396e-06,0.15070163,7.562135e-05,7.799786e-07,1.5814304e-06,0.00039851514,0.8443834
/home/leo/Documentos/mestrado/DeepWeeds-Mobile/images/20180112-101337-2.jpg,8,8,8,8,1,0.99978375,0.00014153785,2.1759001e-07,5.8741694e-05,6.5555656e-07,7.551993e-08,3.505854e-07,6.9597866e-07,1.3755661e-05,0.99978375
/home/leo/Documentos/mestrado/DeepWeeds-Mobile/images/20171220-092107-3.jpg,8,8,8,8,1,0.7024126,0.0008910458,0.0003652199,1.4957578e-07,0.00060866383,4.698117e-06,0.2956592,1.2062869e-05,4.6388966e-05,0.7024126
/home/leo/Documentos/mestrado/DeepWeeds-Mobile/images/20180109-103735-2.jpg,8,8,8,8,1,0.9982595,0.00039096444,3.1549168e-06,0.00065160554,0.00065874314,3.0436584e-06,7.694975e-06,5.466132e-08,2.52517e-05,0.9982595
/home/leo/Documentos/mestrado/DeepWeeds-Mobile/images/20180109-092127-2.jpg,7,7,7,7,1,0.9941069,0.00039621786,2.6773566e-06,1.1880585e-06,1.396361e-07,1.04227446e-07,0.0014553159,0.003364568,0.9941069,0.00067293027
/home/leo/Documentos/mestrado/DeepWeeds-Mobile/images/20180109-095848-2.jpg,8,8,8,8,1,0.7810661,0.007963159,0.005639253,0.003278006,0.1640405,0.014232765,2.5120966e-05,0.012309728,0.011445333,0.7810661
/home/leo/Documentos/mestrado/DeepWeeds-Mobile/images/20171113-151653-1.jpg,6,6,6,6,1,0.9168816,0.054270945,0.0008427563,7.6012834e-06,9.007897e-06,6.545361e-07,0.0004999836,0.9168816,0.021013467,0.0064738337
/home/leo/Documentos/mestrado/DeepWeeds-Mobile/images/20171201-115953-1.jpg,8,8,8,8,1,0.9993173,7.790699e-06,0.0003572517,2.0707741e-11,2.4715357e-05,3.582993e-09,0.00018690046,1.1331537e-06,0.00010493268,0.9993173
/home/leo/Documentos/mestrado/DeepWeeds-Mobile/images/20171109-074327-1.jpg,5,5,5,5,1,0.97379094,7.8725396e-05,1.97615e-06,4.038986e-07,2.0091724e-07,3.897875e-10,0.97379094,0.00011093965,0.0009321955,0.02508462
/home/leo/Documentos/mestrado/DeepWeeds-Mobile/images/20170704-155143-0.jpg,7,0,7,0,0,0.93523896,0.93523896,0.0018824587,5.047328e-07,4.7061776e-06,4.8602237e-06,0.00021064156,1.502794e-06,0.007117942,0.055538397
/home/leo/Documentos/mestrado/DeepWeeds-Mobile/images/20180119-113149-1.jpg,8,8,8,8,1,0.99159664,9.762642e-05,0.0037842558,1.1807656e-05,0.00059545686,5.0158877e-05,0.00095034845,0.001901306,0.0010125383,0.99159664
/home/leo/Documentos/mestrado/DeepWeeds-Mobile/images/20180322-111848-1.jpg,8,8,8,8,1,0.99780196,0.0016891111,3.6189307e-05,4.885854e-06,0.00028215256,5.186455e-05,4.448303e-06,3.3751217e-11,0.0001293206,0.99780196
/home/leo/Documentos/mestrado/DeepWeeds-Mobile/images/20171113-131606-2.jpg,6,6,6,6,1,0.71238256,0.00013140787,0.00018593934,0.00016278923,6.0353664e-06,2.1009162e-05,3.3018543e-06,0.71238256,0.0008101824,0.28629673
/home/leo/Documentos/mestrado/DeepWeeds-Mobile/images/20171113-121432-2.jpg,6,6,6,6,1,0.9986864,1.988159e-05,0.00030572916,1.3849214e-07,1.1196542e-07,1.4642202e-07,2.530159e-06,0.9986864,0.00052092824,0.00046420775
/home/leo/Documentos/mestrado/DeepWeeds-Mobile/images/20171113-094013-3.jpg,5,5,5,5,1,0.99898237,0.00044004293,1.0112598e-05,5.019193e-06,8.079999e-08,4.4045727e-08,0.99898237,1.845128e-05,7.891485e-05,0.00046492182
/home/leo/Documentos/mestrado/DeepWeeds-Mobile/images/20171219-100607-2.jpg,8,8,8,8,1,0.98929685,0.0012385873,0.00036751537,7.518478e-06,0.007188058,0.0014324085,1.104679e-05,2.0547272e-07,0.00045790098,0.98929685
/home/leo/Documentos/mestrado/DeepWeeds-Mobile/images/20171212-103529-3.jpg,8,8,8,8,1,0.49216628,0.07084875,0.0008116551,0.00013692892,2.3463765e-05,1.7028966e-05,1.8740084e-05,0.26083237,0.17514479,0.49216628
/home/leo/Documentos/mestrado/DeepWeeds-Mobile/images/20170217-152041-0.jpg,0,0,0,0,1,0.9996438,0.9996438,1.4885949e-05,2.7636363e-10,6.8173245e-10,3.628976e-11,1.7280506e-07,1.957195e-05,0.00029714545,2.4419835e-05
/home/leo/Documentos/mestrado/DeepWeeds-Mobile/images/20180112-082237-1.jpg,8,8,8,8,1,0.38074622,0.025059428,1.6804204e-05,0.0054329364,0.3589173,0.22784461,2.0008707e-07,3.722013e-10,0.0019824575,0.38074622
/home/leo/Documentos/mestrado/DeepWeeds-Mobile/images/20180112-092031-2.jpg,8,8,8,8,1,0.9997785,6.9976064e-05,4.929132e-08,0.00014163338,2.057782e-06,1.627495e-06,9.429419e-07,1.6812312e-09,5.164405e-06,0.9997785
/home/leo/Documentos/mestrado/DeepWeeds-Mobile/images/20180322-133720-1.jpg,8,8,8,8,1,0.63602746,0.011042707,0.00013743919,0.22952832,0.0047275233,0.11629291,0.00041285797,4.9105395e-08,0.0018307337,0.63602746
/home/leo/Documentos/mestrado/DeepWeeds-Mobile/images/20180112-080810-2.jpg,8,8,8,8,1,0.6680358,0.055419147,8.595186e-06,0.1868503,0.08336651,0.005355822,7.2526864e-06,1.5232562e-09,0.0009566396,0.6680358
/home/leo/Documentos/mestrado/DeepWeeds-Mobile/images/20170210-131431-0.jpg,7,7,7,7,1,0.999786,0.00010280558,7.731521e-06,1.9687974e-08,5.94734e-10,1.08216485e-08,2.6228186e-05,1.7832706e-07,0.999786,7.69264e-05
/home/leo/Documentos/mestrado/DeepWeeds-Mobile/images/20170714-133626-1.jpg,1,1,1,1,1,0.9679492,5.918633e-06,0.9679492,7.235688e-10,3.6544487e-09,5.8450383e-10,2.345212e-06,0.031695273,7.1528e-05,0.00027579354
/home/leo/Documentos/mestrado/DeepWeeds-Mobile/images/20180109-071932-2.jpg,8,8,8,8,1,0.59524333,0.00011597619,0.00191055,4.233941e-05,2.0778525e-06,1.5970445e-05,0.0002825035,0.4022925,9.478681e-05,0.59524333
/home/leo/Documentos/mestrado/DeepWeeds-Mobile/images/20170207-155207-0.jpg,0,0,0,0,1,0.89321595,0.89321595,0.03159654,1.486655e-06,1.4998096e-07,6.580491e-07,0.061714727,1.737765e-05,0.012151015,0.0013021169
/home/leo/Documentos/mestrado/DeepWeeds-Mobile/images/20170727-113140-1.jpg,4,4,4,4,1,0.6100615,2.13688e-05,2.7895348e-07,0.010231447,7.863478e-05,0.6100615,0.35858554,0.017395861,6.334105e-06,0.0036189905
/home/leo/Documentos/mestrado/DeepWeeds-Mobile/images/20171219-112206-3.jpg,8,8,8,8,1,0.85566014,1.2372625e-05,8.069738e-08,0.0657885,5.2277224e-05,0.07846727,5.515638e-09,1.6501324e-05,2.9373048e-06,0.85566014
/home/leo/Documentos/mestrado/DeepWeeds-Mobile/images/20171219-113258-2.jpg,8,8,8,8,1,0.8057286,0.004302562,0.002805235,0.026351605,0.040838473,0.11273082,3.9979488e-05,0.00057741057,0.006625303,0.8057286
/home/leo/Documentos/mestrado/DeepWeeds-Mobile/images/20170913-100221-3.jpg,5,5,5,5,1,0.9022038,4.73017e-05,6.167239e-05,0.00057860627,0.0025100037,0.00051975256,0.9022038,0.00064062246,8.005768e-05,0.09335819
/home/leo/Documentos/mestrado/DeepWeeds-Mobile/images/20170304-130308-0.jpg,7,7,7,7,1,0.9814571,0.009814599,5.9642593e-05,2.5349971e-08,1.2025457e-07,3.382021e-07,3.4989237e-06,0.000107213535,0.9814571,0.0085573755
/home/leo/Documentos/mestrado/DeepWeeds-Mobile/images/20180109-100309-2.jpg,8,8,8,8,1,0.98812914,0.00017145835,0.00027148047,2.6991978e-05,1.3412772e-05,9.611573e-08,0.010090833,0.0012866675,9.779809e-06,0.98812914
/home/leo/Documentos/mestrado/DeepWeeds-Mobile/images/20170811-112912-1.jpg,0,0,0,0,1,0.99470335,0.99470335,0.001762072,6.9338694e-07,1.0894246e-06,8.2829746e-07,8.017109e-05,6.0781185e-06,0.0011875569,0.0022581639
/home/leo/Documentos/mestrado/DeepWeeds-Mobile/images/20180109-071252-1.jpg,8,6,8,6,0,0.92656,6.168477e-05,2.628354e-05,2.2184893e-06,2.7078151e-05,5.6279973e-06,3.4723023e-06,0.92656,0.00018785943,0.07312583
/home/leo/Documentos/mestrado/DeepWeeds-Mobile/images/20170714-170622-1.jpg,1,1,1,1,1,0.972616,0.00075213896,0.972616,1.11022466e-07,1.8028548e-05,2.0136612e-07,4.3680735e-05,4.6610934e-05,0.017643673,0.008879567
/home/leo/Documentos/mestrado/DeepWeeds-Mobile/images/20170811-132150-2.jpg,0,0,0,0,1,0.9507385,0.9507385,0.003436213,4.4786666e-06,2.2125514e-06,1.1667222e-06,7.610427e-05,1.2918554e-06,0.03664493,0.009095152
/home/leo/Documentos/mestrado/DeepWeeds-Mobile/images/20171109-074128-1.jpg,5,5,5,5,1,0.96554184,0.00011961251,2.2900582e-05,3.5653927e-06,7.0957844e-06,6.428954e-08,0.96554184,0.0007532696,0.0005913851,0.032960285
/home/leo/Documentos/mestrado/DeepWeeds-Mobile/images/20170501-144212-0.jpg,1,1,1,1,1,0.7119587,0.040900454,0.7119587,1.2716004e-07,0.0003381479,1.2016496e-06,3.0306148e-05,0.017666101,0.081436336,0.14766857
/home/leo/Documentos/mestrado/DeepWeeds-Mobile/images/20170501-144912-0.jpg,8,8,8,8,1,0.9874745,0.0053478186,0.0053647566,2.2748303e-07,1.8528208e-05,1.2890066e-06,0.000704275,1.9342494e-06,0.0010866192,0.9874745
/home/leo/Documentos/mestrado/DeepWeeds-Mobile/images/20170906-104054-1.jpg,3,3,3,3,1,0.3952242,0.009600242,0.003406295,0.00013115021,0.3952242,0.12478982,1.4799148e-06,0.00014033378,0.09196878,0.37473768
/home/leo/Documentos/mestrado/DeepWeeds-Mobile/images/20171218-115348-3.jpg,8,8,8,8,1,0.64135957,0.011068079,3.1271797e-05,5.3956395e-09,4.673545e-06,1.4671716e-07,0.34752047,3.4776376e-06,1.2265228e-05,0.64135957
/home/leo/Documentos/mestrado/DeepWeeds-Mobile/images/20171203-164524-3.jpg,8,8,8,8,1,0.848074,0.00015042888,0.00024211964,1.2964992e-05,0.14914869,0.0011752761,2.0424657e-06,9.776833e-06,0.0011846826,0.848074
/home/leo/Documentos/mestrado/DeepWeeds-Mobile/images/20170217-095615-0.jpg,7,7,7,7,1,0.9993744,0.0006167098,1.4226339e-06,1.4770785e-11,2.5638256e-13,7.2697373e-12,5.4209597e-08,4.9806004e-06,0.9993744,2.426397e-06
/home/leo/Documentos/mestrado/DeepWeeds-Mobile/images/20180112-071922-2.jpg,8,8,8,8,1,0.94151133,0.0012024789,0.0009906559,0.0058693886,0.015689632,0.027154451,7.2327884e-06,8.310768e-06,0.007566454,0.94151133
/home/leo/Documentos/mestrado/DeepWeeds-Mobile/images/20180109-103331-2.jpg,8,2,8,2,0,0.6548234,0.00037430157,1.2040915e-05,0.6548234,0.0036264765,0.01536691,0.041700404,3.4819068e-06,2.2269407e-05,0.28407067
/home/leo/Documentos/mestrado/DeepWeeds-Mobile/images/20171219-105935-2.jpg,8,8,8,8,1,0.944945,0.0032046773,0.004331636,6.372479e-07,0.0055332896,0.00013618993,0.0002924469,4.1879517e-07,0.041555766,0.944945
/home/leo/Documentos/mestrado/DeepWeeds-Mobile/images/20171212-095226-1.jpg,8,8,8,8,1,0.664272,0.002743368,0.00028683344,1.5335045e-06,0.30789548,0.00010155149,9.54073e-06,3.5486406e-05,0.024654234,0.664272
/home/leo/Documentos/mestrado/DeepWeeds-Mobile/images/20170714-110825-1.jpg,1,8,1,8,0,0.57971156,0.0018268878,0.0038686504,0.001097749,6.48603e-05,2.9841445e-05,7.543185e-06,0.4122065,0.00118636,0.57971156
/home/leo/Documentos/mestrado/DeepWeeds-Mobile/images/20170920-100748-2.jpg,2,2,2,2,1,0.99997807,3.9912743e-11,4.361436e-09,0.99997807,1.2561469e-08,2.3918253e-06,7.886683e-10,9.659041e-10,1.2739014e-10,1.9575657e-05
/home/leo/Documentos/mestrado/DeepWeeds-Mobile/images/20180112-074718-2.jpg,8,8,8,8,1,0.522962,0.18368506,8.4111816e-05,0.018983891,0.19831324,0.027900469,1.415828e-06,2.5526885e-08,0.048069824,0.522962
/home/leo/Documentos/mestrado/DeepWeeds-Mobile/images/20171205-142911-2.jpg,8,8,8,8,1,0.97688305,0.0004449177,0.008907667,1.057709e-09,0.00011599422,1.1235246e-06,0.013262796,7.899609e-07,0.00038356407,0.97688305
/home/leo/Documentos/mestrado/DeepWeeds-Mobile/images/20171113-121756-1.jpg,6,6,6,6,1,0.99635786,3.482444e-07,0.0035823155,9.021261e-09,4.4649394e-08,1.6160201e-09,2.021165e-08,0.99635786,3.8774383e-06,5.5474702e-05
/home/leo/Documentos/mestrado/DeepWeeds-Mobile/images/20170920-110931-2.jpg,2,2,2,2,1,0.9998574,1.0737977e-08,1.0972484e-09,0.9998574,5.5489545e-07,7.820811e-05,7.527382e-08,3.134273e-08,1.2278765e-08,6.3724736e-05
/home/leo/Documentos/mestrado/DeepWeeds-Mobile/images/20171218-115031-2.jpg,8,8,8,8,1,0.88952607,0.0012440898,0.013280925,7.2912124e-05,0.077882126,0.00061640766,3.7670467e-05,0.013779502,0.0035603528,0.88952607
/home/leo/Documentos/mestrado/DeepWeeds-Mobile/images/20171109-071422-3.jpg,5,5,5,5,1,0.9291805,0.00010561476,0.0053947945,2.44156e-07,5.282805e-07,5.603265e-09,0.9291805,0.022754362,0.005636452,0.036927566
/home/leo/Documentos/mestrado/DeepWeeds-Mobile/images/20170728-153605-2.jpg,4,4,4,4,1,0.99425226,1.657893e-05,2.1883854e-07,0.000563304,0.002126778,0.99425226,5.5397875e-05,4.148202e-09,0.00046289546,0.0025224364
/home/leo/Documentos/mestrado/DeepWeeds-Mobile/images/20180109-072047-2.jpg,8,8,8,8,1,0.9399121,5.529427e-05,1.1162527e-06,0.04049017,0.00029256468,0.018985454,3.993671e-08,0.00022393111,3.9340935e-05,0.9399121
/home/leo/Documentos/mestrado/DeepWeeds-Mobile/images/20171102-123005-1.jpg,2,2,2,2,1,0.67024225,0.025707612,6.314692e-06,0.67024225,0.022865105,0.024244603,2.7460799e-06,4.3498507e-09,0.0017807331,0.25515065
/home/leo/Documentos/mestrado/DeepWeeds-Mobile/images/20170906-105550-1.jpg,3,3,3,3,1,0.4584325,0.001019549,6.5379034e-05,0.00058874924,0.4584325,0.40981987,5.535831e-08,3.9995766e-06,0.02523207,0.10483784
/home/leo/Documentos/mestrado/DeepWeeds-Mobile/images/20171203-174235-3.jpg,8,8,8,8,1,0.9647647,0.0016916789,0.00044389817,1.672694e-05,0.03118475,0.0005168937,0.00039277214,0.00014762452,0.00084094604,0.9647647
/home/leo/Documentos/mestrado/DeepWeeds-Mobile/images/20180105-095832-2.jpg,8,8,8,8,1,0.9819993,3.3461953e-07,4.187969e-07,0.001959316,1.4045308e-06,0.0017480728,9.131972e-07,0.014290089,3.3745355e-08,0.9819993
/home/leo/Documentos/mestrado/DeepWeeds-Mobile/images/20170727-125611-1.jpg,4,2,4,2,0,0.93417704,0.00015380778,7.556614e-07,0.93417704,0.001192166,0.059464794,4.3781965e-06,4.4237513e-06,0.00020788274,0.004794778
/home/leo/Documentos/mestrado/DeepWeeds-Mobile/images/20171109-090145-3.jpg,5,5,5,5,1,0.9998518,6.85716e-08,6.985966e-08,2.0900333e-14,1.4126788e-12,3.0088754e-16,0.9998518,0.00012907959,2.0816034e-10,1.8935953e-05
/home/leo/Documentos/mestrado/DeepWeeds-Mobile/images/20180105-092942-2.jpg,8,8,8,8,1,0.98440266,4.4302357e-08,2.2482892e-07,0.00062041986,6.688484e-07,0.00023812514,5.44922e-08,0.014737846,1.7861435e-08,0.98440266
/home/leo/Documentos/mestrado/DeepWeeds-Mobile/images/20180105-093740-2.jpg,8,8,8,8,1,0.8757123,2.7587873e-07,4.1363446e-06,6.2677527e-06,2.0046196e-05,2.1737147e-05,1.1136743e-09,0.12423161,3.665657e-06,0.8757123
/home/leo/Documentos/mestrado/DeepWeeds-Mobile/images/20171205-123933-2.jpg,8,8,8,8,1,0.81199217,0.0012708879,0.1227261,0.00015572438,0.020089956,0.0024342996,0.0008037725,0.0023106588,0.038216434,0.81199217
/home/leo/Documentos/mestrado/DeepWeeds-Mobile/images/20170304-125101-0.jpg,0,8,0,8,0,0.58669084,0.20044285,1.4213104e-05,1.7318978e-05,0.0013219207,0.0004820141,9.655356e-07,1.2424785e-09,0.21102983,0.58669084
/home/leo/Documentos/mestrado/DeepWeeds-Mobile/images/20180125-094449-2.jpg,8,8,8,8,1,0.959736,0.0029803908,0.005984499,0.00026966972,0.016397083,0.007708011,0.0003848913,0.00033063337,0.0062088333,0.959736
/home/leo/Documentos/mestrado/DeepWeeds-Mobile/images/20170913-123002-1.jpg,5,5,5,5,1,0.77944696,0.09998966,0.088324465,0.006526914,0.000250021,0.00086487597,0.77944696,1.659258e-05,0.019082196,0.0054982854
/home/leo/Documentos/mestrado/DeepWeeds-Mobile/images/20171203-173455-3.jpg,8,6,8,6,0,0.8464828,0.0007007664,0.017111568,5.1465554e-07,2.7454314e-05,2.138492e-06,0.0009393437,0.8464828,0.0015895047,0.13314593
/home/leo/Documentos/mestrado/DeepWeeds-Mobile/images/20171218-121856-3.jpg,8,8,8,8,1,0.97197783,2.8285896e-05,1.4066591e-05,3.790151e-08,0.0031650043,1.732374e-06,0.02479464,1.6769686e-06,1.6697322e-05,0.97197783
/home/leo/Documentos/mestrado/DeepWeeds-Mobile/images/20180112-071036-2.jpg,8,4,8,4,0,0.66153103,0.0015721371,0.00024605708,0.038477752,0.032618888,0.66153103,1.2593966e-06,7.707088e-05,0.00958019,0.25589558
/home/leo/Documentos/mestrado/DeepWeeds-Mobile/images/20180109-071717-1.jpg,8,6,8,6,0,0.86619705,1.3692552e-09,9.3161935e-07,1.6034045e-08,1.3959041e-06,6.166651e-08,9.2070754e-11,0.86619705,1.4244283e-08,0.1338005
/home/leo/Documentos/mestrado/DeepWeeds-Mobile/images/20180322-114942-2.jpg,8,8,8,8,1,0.9821988,0.006102875,0.0010756887,0.00041612214,0.0012368085,0.0053146887,6.6422894e-05,1.98527e-07,0.0035883898,0.9821988
/home/leo/Documentos/mestrado/DeepWeeds-Mobile/images/20171203-171926-3.jpg,8,8,8,8,1,0.9123817,0.0003128105,0.015806964,0.00010087535,0.046234123,0.0037889567,0.00027716407,0.0031340248,0.017963419,0.9123817
/home/leo/Documentos/mestrado/DeepWeeds-Mobile/images/20170920-192753-1.jpg,2,2,2,2,1,0.8584773,0.00020595564,4.310458e-05,0.8584773,0.008360469,0.12762332,8.202978e-06,7.603018e-05,0.002128667,0.0030770162
/home/leo/Documentos/mestrado/DeepWeeds-Mobile/images/20180109-072327-1.jpg,8,6,8,6,0,0.98295623,4.07427e-08,0.001441801,9.3181676e-08,2.789344e-06,1.308752e-07,1.9275018e-07,0.98295623,9.774035e-07,0.015597742
/home/leo/Documentos/mestrado/DeepWeeds-Mobile/images/20171109-090623-3.jpg,5,5,5,5,1,0.99948275,3.8493707e-07,6.6337566e-06,4.8769847e-12,9.535014e-10,4.8307755e-13,0.99948275,0.00017738949,2.7020266e-07,0.00033252826
/home/leo/Documentos/mestrado/DeepWeeds-Mobile/images/20170705-162004-0.jpg,7,8,7,8,0,0.91027635,0.029555177,0.0011473877,0.0010874484,0.0020918034,0.00027246986,5.3567626e-05,0.00039382704,0.055121914,0.91027635
/home/leo/Documentos/mestrado/DeepWeeds-Mobile/images/20171218-103500-2.jpg,8,8,8,8,1,0.99635327,0.0015490158,8.047281e-05,3.0070893e-05,0.00042142207,3.195692e-07,6.0080646e-07,2.6966844e-05,0.0015378218,0.99635327
/home/leo/Documentos/mestrado/DeepWeeds-Mobile/images/20180112-094705-2.jpg,8,8,8,8,1,0.9998661,2.822983e-05,7.728757e-06,1.7828848e-05,5.1035463e-06,6.0756804e-08,1.0939203e-06,7.0170017e-06,6.670969e-05,0.9998661
/home/leo/Documentos/mestrado/DeepWeeds-Mobile/images/20170913-124458-1.jpg,5,5,5,5,1,0.9302515,0.0010898786,3.5899873e-05,0.002117542,5.489119e-06,0.002302029,0.9302515,0.051154863,0.00043799615,0.012604787
/home/leo/Documentos/mestrado/DeepWeeds-Mobile/images/20170714-111510-1.jpg,1,5,1,5,0,0.5595893,0.010808629,0.111991554,4.5838224e-06,9.788501e-05,8.004741e-06,0.5595893,0.00014548026,0.20442118,0.112933345
/home/leo/Documentos/mestrado/DeepWeeds-Mobile/images/20180109-095348-1.jpg,8,8,8,8,1,0.9727974,0.015252052,0.00019155687,0.0012620686,0.0018926616,0.0008292769,1.6478516e-06,1.1924975e-06,0.0077721654,0.9727974
/home/leo/Documentos/mestrado/DeepWeeds-Mobile/images/20180125-094415-1.jpg,8,8,8,8,1,0.9996027,0.00013224498,5.9894042e-05,6.089157e-07,4.817705e-05,1.5527845e-05,1.1917483e-05,4.739864e-06,0.00012416928,0.9996027
/home/leo/Documentos/mestrado/DeepWeeds-Mobile/images/20171113-140528-2.jpg,6,6,6,6,1,0.9282532,0.00015246516,0.00072074955,1.2798029e-05,4.3905777e-05,3.2482965e-06,0.0012402833,0.9282532,0.0041505457,0.065422855
/home/leo/Documentos/mestrado/DeepWeeds-Mobile/images/20171025-073923-1.jpg,3,3,3,3,1,0.59487504,0.00063681474,0.021090591,1.1070653e-06,0.59487504,0.012152601,2.860724e-07,0.0003393909,0.005191596,0.3657126
/home/leo/Documentos/mestrado/DeepWeeds-Mobile/images/20180109-105624-1.jpg,8,8,8,8,1,0.9882487,0.0026306137,0.0005370948,0.0002701259,0.0073370677,1.11415075e-05,0.00016333713,8.3307526e-08,0.0008016518,0.9882487
/home/leo/Documentos/mestrado/DeepWeeds-Mobile/images/20171218-104955-3.jpg,8,8,8,8,1,0.9976597,0.0009599309,0.0011609228,1.0118329e-08,1.1422096e-05,1.7524738e-06,2.7766164e-05,1.5746399e-07,0.00017841776,0.9976597
/home/leo/Documentos/mestrado/DeepWeeds-Mobile/images/20180125-134944-3.jpg,8,8,8,8,1,0.9564961,0.0012072232,0.030974014,5.413994e-05,0.001542654,0.0006408766,4.662523e-05,0.0015220367,0.007516239,0.9564961
/home/leo/Documentos/mestrado/DeepWeeds-Mobile/images/20170811-134357-1.jpg,0,8,0,8,0,0.45284316,0.43417826,0.003669387,7.8135326e-07,2.6512796e-06,3.880684e-06,0.0011828338,2.681051e-06,0.10811629,0.45284316
/home/leo/Documentos/mestrado/DeepWeeds-Mobile/images/20180322-115128-1.jpg,8,8,8,8,1,0.999822,4.1442236e-05,7.0756846e-06,5.4765446e-09,1.2297907e-05,3.6043568e-07,0.00010964832,1.549199e-07,6.941198e-06,0.999822
/home/leo/Documentos/mestrado/DeepWeeds-Mobile/images/20171219-095916-2.jpg,8,8,8,8,1,0.9996945,1.2452324e-05,1.1050016e-05,9.437298e-09,0.0002668983,5.092512e-07,1.31337365e-05,1.8056184e-07,1.2900588e-06,0.9996945
/home/leo/Documentos/mestrado/DeepWeeds-Mobile/images/20170704-154906-0.jpg,7,8,7,8,0,0.44040662,0.11361519,0.012763401,0.00010490289,0.00026553165,0.00012081275,0.000721431,0.018745495,0.41325665,0.44040662
/home/leo/Documentos/mestrado/DeepWeeds-Mobile/images/20171025-093019-2.jpg,3,3,3,3,1,0.7476225,0.0068352497,1.0217603e-05,0.0009986687,0.7476225,2.3760535e-05,6.2356963e-07,1.6909442e-07,0.0037288654,0.24078007
/home/leo/Documentos/mestrado/DeepWeeds-Mobile/images/20171212-093146-3.jpg,8,8,8,8,1,0.99622047,2.680598e-05,6.023502e-06,6.5837598e-09,0.0037363896,2.3998275e-06,1.3583281e-06,3.8603202e-06,2.6403216e-06,0.99622047
/home/leo/Documentos/mestrado/DeepWeeds-Mobile/images/20171113-145322-0.jpg,6,6,6,6,1,0.71763307,0.033509087,0.0049774996,4.028913e-05,0.013968749,2.159584e-05,0.00078129146,0.71763307,0.0012669138,0.22780153
/home/leo/Documentos/mestrado/DeepWeeds-Mobile/images/20170217-143839-0.jpg,7,7,7,7,1,0.7292791,0.14473325,0.00022189623,0.00030560562,0.00022829203,0.00043656956,0.0037186365,6.725032e-06,0.7292791,0.12106997
/home/leo/Documentos/mestrado/DeepWeeds-Mobile/images/20180109-091229-2.jpg,8,8,8,8,1,0.9059977,0.00052460853,0.030973027,7.408077e-08,0.0015130722,5.8957953e-06,0.0052115014,0.020494424,0.0352797,0.9059977
/home/leo/Documentos/mestrado/DeepWeeds-Mobile/images/20180125-130356-2.jpg,8,8,8,8,1,0.9998989,1.948262e-06,4.254413e-06,2.4311735e-08,7.5132284e-06,7.1296236e-05,4.1068432e-08,9.39995e-06,6.6184866e-06,0.9998989
/home/leo/Documentos/mestrado/DeepWeeds-Mobile/images/20171025-075230-2.jpg,3,0,3,0,0,0.5520473,0.5520473,0.077786125,0.0011051227,0.19882962,0.00079761015,0.001212794,0.0015222023,0.08923482,0.07746453
/home/leo/Documentos/mestrado/DeepWeeds-Mobile/images/20170727-152727-1.jpg,4,4,4,4,1,0.96829647,0.00134233,2.2639108e-06,0.00012582993,0.0025429123,0.96829647,1.2065182e-07,2.3067487e-10,0.00219212,0.02549801
/home/leo/Documentos/mestrado/DeepWeeds-Mobile/images/20171109-074932-3.jpg,5,5,5,5,1,0.9913073,4.8760052e-05,2.2037697e-05,2.2450357e-10,2.5314894e-05,1.2616518e-10,0.9913073,0.00025069897,1.2470204e-05,0.008333414
/home/leo/Documentos/mestrado/DeepWeeds-Mobile/images/20180112-075344-2.jpg,8,8,8,8,1,0.7698154,0.025162656,0.0003879589,0.011431633,0.017014436,0.16243948,1.03321545e-05,6.728964e-08,0.013738134,0.7698154
/home/leo/Documentos/mestrado/DeepWeeds-Mobile/images/20171102-115830-3.jpg,2,2,2,2,1,0.99744356,2.141675e-09,1.3407987e-09,0.99744356,1.2343445e-07,3.183773e-05,3.82626e-05,2.186009e-08,7.840375e-10,0.0024862168
/home/leo/Documentos/mestrado/DeepWeeds-Mobile/images/20180109-100223-2.jpg,8,8,8,8,1,0.9441286,0.0009416745,0.03053429,7.9713545e-06,0.006126623,0.0001051465,0.0002755762,0.017392442,0.00048774268,0.9441286
/home/leo/Documentos/mestrado/DeepWeeds-Mobile/images/20171102-121318-1.jpg,2,2,2,2,1,0.9808623,7.291367e-05,6.0277563e-07,0.9808623,0.0026321919,0.010654381,7.158307e-07,2.1854414e-09,1.594092e-05,0.00576097
/home/leo/Documentos/mestrado/DeepWeeds-Mobile/images/20171205-141207-2.jpg,8,8,8,8,1,0.9970535,1.688034e-05,4.257566e-06,8.1651755e-11,0.0002695885,2.382235e-09,0.0026420646,6.2216077e-06,7.469333e-06,0.9970535
/home/leo/Documentos/mestrado/DeepWeeds-Mobile/images/20171025-082942-1.jpg,3,3,3,3,1,0.7169489,0.085965425,9.68938e-05,0.0030402245,0.7169489,0.010872806,3.0123679e-06,5.6693255e-09,0.0114237415,0.17164895
/home/leo/Documentos/mestrado/DeepWeeds-Mobile/images/20180109-073205-2.jpg,8,8,8,8,1,0.9631812,0.00020414672,0.0008057163,3.7118781e-09,5.300402e-06,1.3285327e-07,2.68225e-06,0.03519696,0.0006038189,0.9631812
/home/leo/Documentos/mestrado/DeepWeeds-Mobile/images/20171109-093658-1.jpg,5,5,5,5,1,0.54631203,0.000514738,0.029699778,9.600864e-09,8.443574e-07,3.924144e-09,0.54631203,0.36568227,0.00021305612,0.057577293
/home/leo/Documentos/mestrado/DeepWeeds-Mobile/images/20170714-190315-1.jpg,1,1,1,1,1,0.96875304,9.148264e-06,0.96875304,1.4257075e-11,0.0006355894,9.748515e-08,2.188805e-08,3.30388e-05,9.7661075e-05,0.030471455
/home/leo/Documentos/mestrado/DeepWeeds-Mobile/images/20180109-075337-1.jpg,8,8,8,8,1,0.9971257,3.4786276e-06,4.4050852e-05,0.001628078,0.00014956712,0.000569072,5.828309e-05,0.00042061022,1.2479532e-06,0.9971257
/home/leo/Documentos/mestrado/DeepWeeds-Mobile/images/20180112-073322-1.jpg,8,8,8,8,1,0.4980508,0.094977774,0.0011898018,0.00024123378,0.0014670503,0.001036084,1.4096568e-06,4.052081e-06,0.4030318,0.4980508
/home/leo/Documentos/mestrado/DeepWeeds-Mobile/images/20171218-120855-2.jpg,8,8,8,8,1,0.9999616,1.1479576e-05,8.477782e-08,5.055325e-13,7.2154835e-06,4.967341e-10,2.4817933e-07,5.993491e-11,1.9368172e-05,0.9999616
/home/leo/Documentos/mestrado/DeepWeeds-Mobile/images/20180119-113158-1.jpg,8,8,8,8,1,0.9351833,0.013661681,0.0063670767,0.00016602362,0.007395488,0.00073814037,0.020881955,0.0005679336,0.015038458,0.9351833
/home/leo/Documentos/mestrado/DeepWeeds-Mobile/images/20171113-134906-1.jpg,6,6,6,6,1,0.99650556,4.755941e-05,0.0026904147,1.6529053e-07,5.268789e-06,5.2657623e-07,2.5912516e-06,0.99650556,9.1516544e-05,0.0006563026
/home/leo/Documentos/mestrado/DeepWeeds-Mobile/images/20170728-120900-2.jpg,4,4,4,4,1,0.9862529,5.4506554e-06,1.18164735e-07,0.001064358,0.00016285996,0.9862529,4.0292556e-09,2.075116e-07,4.1799813e-05,0.012472233
/home/leo/Documentos/mestrado/DeepWeeds-Mobile/images/20171218-105318-3.jpg,8,8,8,8,1,0.99825937,0.00047317208,9.0000656e-05,8.8117645e-11,4.0943207e-05,2.6750694e-08,9.890323e-07,3.336824e-07,0.0011352254,0.99825937
/home/leo/Documentos/mestrado/DeepWeeds-Mobile/images/20180112-094534-2.jpg,8,8,8,8,1,0.9685024,0.00013663647,0.00021522869,0.0004423093,0.017176177,3.8279064e-05,2.5231386e-06,0.012351672,0.0011347288,0.9685024
/home/leo/Documentos/mestrado/DeepWeeds-Mobile/images/20180105-095839-2.jpg,8,8,8,8,1,0.5165636,4.3185964e-06,1.1511393e-05,3.3930978e-06,0.0017106634,7.324036e-05,1.7439479e-09,0.48162848,4.7880385e-06,0.5165636
/home/leo/Documentos/mestrado/DeepWeeds-Mobile/images/20171220-091433-2.jpg,8,8,8,8,1,0.9924374,1.979255e-05,3.9710512e-06,9.554302e-09,0.000106739346,8.5250015e-08,0.0074310317,2.6095137e-07,6.751627e-07,0.9924374
/home/leo/Documentos/mestrado/DeepWeeds-Mobile/images/20171212-100104-1.jpg,8,8,8,8,1,0.95485497,0.005625875,0.00010892655,4.4306563e-07,0.03887601,8.938789e-06,0.00013541733,7.664375e-06,0.00038170198,0.95485497
/home/leo/Documentos/mestrado/DeepWeeds-Mobile/images/20170706-105539-0.jpg,7,7,7,7,1,0.84880143,0.042891063,0.04933376,6.518097e-07,0.052311894,2.1750926e-05,1.712213e-05,2.4148194e-05,0.84880143,0.006598193
/home/leo/Documentos/mestrado/DeepWeeds-Mobile/images/20170913-115742-2.jpg,5,0,5,0,0,0.46691656,0.46691656,0.058060706,3.507032e-05,5.4260043e-05,9.9722056e-05,0.43717524,0.0036046414,0.0034759413,0.030577805
/home/leo/Documentos/mestrado/DeepWeeds-Mobile/images/20180109-085638-2.jpg,8,8,8,8,1,0.9641453,0.012806757,0.00015160367,0.0014963788,0.020087361,3.2743612e-06,6.6836634e-05,5.1378547e-06,0.0012374009,0.9641453
/home/leo/Documentos/mestrado/DeepWeeds-Mobile/images/20170127-101902-0.jpg,1,1,1,1,1,0.9444237,0.009646998,0.9444237,1.9277374e-08,2.4667228e-05,1.3898671e-08,1.4446428e-05,0.0033738478,0.0017237229,0.040792663
/home/leo/Documentos/mestrado/DeepWeeds-Mobile/images/20170210-142821-0.jpg,7,7,7,7,1,0.7664026,0.19851255,2.556264e-06,2.0613344e-07,1.4864141e-08,7.066418e-11,1.032925e-05,1.354469e-09,0.7664026,0.035071805
/home/leo/Documentos/mestrado/DeepWeeds-Mobile/images/20170729-090158-1.jpg,4,4,4,4,1,0.5267147,0.0016675899,0.00027594925,0.00054110895,0.0052973414,0.5267147,3.8144435e-07,6.0373674e-07,0.058945157,0.40655735
/home/leo/Documentos/mestrado/DeepWeeds-Mobile/images/20171025-081344-3.jpg,3,3,3,3,1,0.85943395,0.002720814,0.00075872586,1.3357224e-05,0.85943395,0.06934505,4.9919485e-08,1.8211015e-08,0.024262886,0.0434652
/home/leo/Documentos/mestrado/DeepWeeds-Mobile/images/20170811-103752-2.jpg,0,0,0,0,1,0.85967183,0.85967183,0.0037327928,1.2126425e-06,1.763973e-05,0.000110026594,0.00051776826,1.4191261e-05,0.03786474,0.09806978
/home/leo/Documentos/mestrado/DeepWeeds-Mobile/images/20171220-091902-3.jpg,8,8,8,8,1,0.955338,0.0046287687,0.00030645714,1.3192951e-05,0.009262173,0.00023133525,0.029137392,0.0003822835,0.0007003998,0.955338
/home/leo/Documentos/mestrado/DeepWeeds-Mobile/images/20171102-100049-1.jpg,4,8,4,8,0,0.7871507,0.010117379,0.04526017,0.005728202,0.0269149,0.0725411,0.0002809296,0.006117268,0.04588949,0.7871507
/home/leo/Documentos/mestrado/DeepWeeds-Mobile/images/20171218-112623-3.jpg,8,8,8,8,1,0.901411,0.000964721,0.0026926587,4.738092e-06,0.09361238,6.2719104e-05,0.00034251015,2.5761735e-06,0.0009067258,0.901411
/home/leo/Documentos/mestrado/DeepWeeds-Mobile/images/20170704-155242-0.jpg,7,1,7,1,0,0.53167164,0.0498068,0.53167164,1.9087459e-07,5.5918004e-05,9.197581e-06,4.9410874e-06,0.00036353295,0.1968049,0.22128287
/home/leo/Documentos/mestrado/DeepWeeds-Mobile/images/20170727-152403-3.jpg,4,4,4,4,1,0.62011135,4.2969423e-05,2.6785981e-08,0.37682128,0.0002861671,0.62011135,1.1016034e-06,1.0179152e-08,3.6504003e-05,0.002700646
/home/leo/Documentos/mestrado/DeepWeeds-Mobile/images/20171025-100012-2.jpg,3,3,3,3,1,0.7430736,0.0046050833,2.267699e-05,0.014138378,0.7430736,0.16137053,1.0601871e-06,3.675184e-09,0.0005878509,0.076200835
/home/leo/Documentos/mestrado/DeepWeeds-Mobile/images/20180322-113435-2.jpg,8,8,8,8,1,0.99897325,3.179787e-06,2.5580455e-05,0.0007418384,0.0001489586,8.567811e-05,1.9485282e-05,4.02816e-07,1.5827975e-06,0.99897325
/home/leo/Documentos/mestrado/DeepWeeds-Mobile/images/20171220-101330-1.jpg,8,8,8,8,1,0.9999763,2.5987665e-08,4.8330996e-08,2.2132516e-16,2.3564096e-05,5.829975e-12,9.611069e-08,8.191407e-11,6.193737e-08,0.9999763
/home/leo/Documentos/mestrado/DeepWeeds-Mobile/images/20180119-113707-1.jpg,8,8,8,8,1,0.8574627,0.015306653,0.00746848,8.6645385e-05,0.0052504316,0.00028996868,2.8009097e-05,0.08120429,0.032902855,0.8574627
/home/leo/Documentos/mestrado/DeepWeeds-Mobile/images/20180109-100752-1.jpg,8,8,8,8,1,0.9913084,0.00020453379,0.004219584,0.00010974435,0.0006222617,3.881049e-05,5.490484e-06,0.0029963609,0.00049495953,0.9913084
/home/leo/Documentos/mestrado/DeepWeeds-Mobile/images/20170217-102349-0.jpg,0,0,0,0,1,0.9992767,0.9992767,1.443803e-07,2.0118067e-11,1.8240125e-12,8.698787e-13,7.862696e-07,2.642301e-08,0.00071219134,1.0229498e-05
/home/leo/Documentos/mestrado/DeepWeeds-Mobile/images/20171219-101528-2.jpg,8,8,8,8,1,0.607593,0.02324159,0.00011451974,0.040303495,0.04136574,0.26305762,3.7036375e-06,2.0692407e-07,0.024320088,0.607593
/home/leo/Documentos/mestrado/DeepWeeds-Mobile/images/20180112-080550-1.jpg,8,8,8,8,1,0.69549704,0.034174986,0.014181367,0.0035510587,0.20518725,0.0066311075,0.00023755469,4.473874e-06,0.040535223,0.69549704
/home/leo/Documentos/mestrado/DeepWeeds-Mobile/images/20180109-074429-2.jpg,8,8,8,8,1,0.99968106,0.00017970214,4.635047e-07,1.977172e-10,1.4357153e-08,2.014893e-09,2.3239686e-06,6.3652275e-05,7.2718416e-05,0.99968106
/home/leo/Documentos/mestrado/DeepWeeds-Mobile/images/20180105-092326-2.jpg,8,8,8,8,1,0.9017434,2.9590504e-07,9.0371645e-07,0.09126135,2.1186119e-05,0.0047842334,3.1693057e-06,0.002185395,5.300329e-08,0.9017434
/home/leo/Documentos/mestrado/DeepWeeds-Mobile/images/20180119-113431-1.jpg,8,8,8,8,1,0.9961807,0.0007399535,0.0005730319,1.7012404e-05,2.789373e-05,2.6047786e-05,0.0006388578,1.6485246e-05,0.0017799558,0.9961807
/home/leo/Documentos/mestrado/DeepWeeds-Mobile/images/20170210-141532-0.jpg,7,1,7,1,0,0.51425785,0.21414128,0.51425785,1.5643971e-05,7.819879e-06,9.855897e-07,0.00021123743,0.0006454345,0.26296094,0.007758799
/home/leo/Documentos/mestrado/DeepWeeds-Mobile/images/20180119-105252-2.jpg,8,8,8,8,1,0.8965531,0.0031652406,0.015833879,0.013925292,0.007852985,0.00780558,4.0636507e-05,0.019946167,0.034877084,0.8965531
/home/leo/Documentos/mestrado/DeepWeeds-Mobile/images/20171212-100247-3.jpg,8,8,8,8,1,0.9785886,0.00010370225,1.2677891e-06,1.1847749e-07,0.021181442,5.7690513e-06,1.1944368e-06,3.9280345e-05,7.8653924e-05,0.9785886
/home/leo/Documentos/mestrado/DeepWeeds-Mobile/images/20180125-133504-2.jpg,8,8,8,8,1,0.9991091,1.6946982e-05,0.0006721654,9.246122e-08,2.4767352e-05,7.966138e-05,8.302866e-05,5.6640492e-09,1.4230846e-05,0.9991091
/home/leo/Documentos/mestrado/DeepWeeds-Mobile/images/20171113-131530-1.jpg,6,6,6,6,1,0.95061964,0.0004175759,0.008932795,1.17070285e-05,5.958045e-05,1.0675537e-05,0.0006293574,0.95061964,0.0022083174,0.037110325
/home/leo/Documentos/mestrado/DeepWeeds-Mobile/images/20171102-120536-1.jpg,2,2,2,2,1,0.998184,5.7693505e-06,5.1647364e-10,0.998184,2.2258138e-05,9.4950265e-05,3.566677e-09,4.1607793e-09,5.066516e-07,0.0016925537
/home/leo/Documentos/mestrado/DeepWeeds-Mobile/images/20170906-135429-4.jpg,3,3,3,3,1,0.36904928,0.2471651,0.00018052959,0.011530204,0.36904928,0.02748182,8.109132e-06,7.1385e-08,0.04209443,0.30249044
/home/leo/Documentos/mestrado/DeepWeeds-Mobile/images/20171219-093743-3.jpg,8,8,8,8,1,0.9524857,0.037569117,0.002289573,0.00015147649,0.00022630322,1.3654367e-05,0.0015239958,1.3874736e-05,0.0057263514,0.9524857
/home/leo/Documentos/mestrado/DeepWeeds-Mobile/images/20180112-100939-2.jpg,8,8,8,8,1,0.9566902,0.015223117,2.2963124e-05,0.0029736818,0.0128850285,0.010955899,0.00036404614,3.3671633e-08,0.000884979,0.9566902
/home/leo/Documentos/mestrado/DeepWeeds-Mobile/images/20180112-082545-1.jpg,8,8,8,8,1,0.98206806,0.0032591575,0.00045585568,1.9108395e-05,0.0020896636,8.633714e-05,4.316146e-07,1.312338e-05,0.0120084295,0.98206806
/home/leo/Documentos/mestrado/DeepWeeds-Mobile/images/20171102-121633-1.jpg,2,2,2,2,1,0.9999962,6.496407e-13,9.110742e-14,0.9999962,5.8326686e-09,1.3855482e-07,4.76187e-11,3.715892e-14,3.7485542e-13,3.6477416e-06
/home/leo/Documentos/mestrado/DeepWeeds-Mobile/images/20171220-084923-3.jpg,8,8,8,8,1,0.99999,2.4895335e-06,3.0653548e-06,6.672382e-16,1.7060943e-06,1.4361895e-11,1.0012251e-07,7.81062e-11,2.6550551e-06,0.99999
/home/leo/Documentos/mestrado/DeepWeeds-Mobile/images/20180112-080749-2.jpg,8,8,8,8,1,0.7442093,0.10352478,4.151174e-06,0.02387786,0.07995896,0.0070238984,2.138813e-06,2.9498166e-08,0.04139888,0.7442093
/home/leo/Documentos/mestrado/DeepWeeds-Mobile/images/20170811-162908-1.jpg,0,0,0,0,1,0.99944943,0.99944943,1.2296513e-07,5.7980656e-09,2.0032227e-09,5.8585664e-07,2.5306574e-07,8.654916e-11,0.00030136117,0.00024815052
/home/leo/Documentos/mestrado/DeepWeeds-Mobile/images/20171203-173210-3.jpg,8,8,8,8,1,0.99194735,2.3535938e-06,0.00037875964,7.614725e-07,3.649015e-06,7.041751e-07,7.469758e-07,0.0076601654,5.5401188e-06,0.99194735
/home/leo/Documentos/mestrado/DeepWeeds-Mobile/images/20180109-070043-2.jpg,8,8,8,8,1,0.92244786,7.9475154e-07,0.0013102683,3.013581e-05,2.7623612e-06,1.0937484e-05,3.31024e-06,0.076186836,7.2215394e-06,0.92244786
/home/leo/Documentos/mestrado/DeepWeeds-Mobile/images/20180322-131724-1.jpg,8,8,8,8,1,0.97057813,0.0055646384,0.0003476344,0.0027043822,0.00093316485,0.018855922,0.00013689576,7.705778e-09,0.00087911537,0.97057813
/home/leo/Documentos/mestrado/DeepWeeds-Mobile/images/20180125-131950-2.jpg,8,8,8,8,1,0.99995005,1.9174986e-06,4.2802723e-05,3.5564327e-12,2.8070497e-07,6.82331e-08,1.8363238e-06,1.3204625e-08,3.0284266e-06,0.99995005
/home/leo/Documentos/mestrado/DeepWeeds-Mobile/images/20180105-095458-2.jpg,8,8,8,8,1,0.7826041,0.00015256269,0.0005166246,0.11736814,0.00083915686,0.00448728,1.326491e-05,0.093326,0.0006929604,0.7826041
/home/leo/Documentos/mestrado/DeepWeeds-Mobile/images/20171220-083556-2.jpg,8,8,8,8,1,0.9809157,0.00033116463,3.885817e-06,2.5418444e-06,0.01794158,8.617211e-05,2.1263999e-07,2.8443628e-07,0.000718477,0.9809157
/home/leo/Documentos/mestrado/DeepWeeds-Mobile/images/20170906-112604-2.jpg,3,8,3,8,0,0.47900566,0.009108457,0.004726255,1.0584949e-05,0.44813326,0.051661156,1.3355801e-06,2.1035376e-05,0.0073322426,0.47900566
/home/leo/Documentos/mestrado/DeepWeeds-Mobile/images/20171220-082123-2.jpg,8,3,8,3,0,0.46998277,0.031224664,0.00010663994,1.6155447e-08,0.46998277,0.00022104447,7.2310024e-07,7.832451e-09,0.34872553,0.14973855
/home/leo/Documentos/mestrado/DeepWeeds-Mobile/images/20171102-093604-3.jpg,4,8,4,8,0,0.4848897,0.0006466314,0.000105936815,0.015256015,0.09128695,0.40751532,1.6159904e-06,1.5080395e-06,0.00029626084,0.4848897
/home/leo/Documentos/mestrado/DeepWeeds-Mobile/images/20180322-130856-1.jpg,8,8,8,8,1,0.9985024,0.00015296203,0.00014842012,0.00015773904,7.691994e-05,0.00078972854,1.990273e-06,1.6216574e-05,0.00015366955,0.9985024
/home/leo/Documentos/mestrado/DeepWeeds-Mobile/images/20171121-083349-1.jpg,6,6,6,6,1,0.9076596,0.00042553482,0.0045122853,9.7740216e-05,1.31841125e-05,2.3037266e-05,3.3696553e-05,0.9076596,0.00046484306,0.08677007
/home/leo/Documentos/mestrado/DeepWeeds-Mobile/images/20171102-121948-2.jpg,2,2,2,2,1,0.99972624,1.6474414e-06,1.6746762e-08,0.99972624,7.4988003e-07,0.00024882294,3.6004488e-07,1.6372786e-07,1.2758304e-07,2.1847847e-05
/home/leo/Documentos/mestrado/DeepWeeds-Mobile/images/20180125-130008-3.jpg,8,8,8,8,1,0.41894284,0.0005262067,0.19751604,2.4253382e-06,0.016647017,0.00010908965,0.0141561655,0.30265528,0.049445074,0.41894284
/home/leo/Documentos/mestrado/DeepWeeds-Mobile/images/20170714-130040-1.jpg,1,1,1,1,1,0.9772041,0.002812417,0.9772041,1.7022709e-08,7.7373e-06,5.01927e-07,5.2605333e-06,0.00023473156,0.01422743,0.0055078715
/home/leo/Documentos/mestrado/DeepWeeds-Mobile/images/20180109-073152-1.jpg,8,8,8,8,1,0.7237999,0.0064896313,0.007776677,2.2750211e-05,0.05768926,4.6478286e-05,0.00014673512,0.19433556,0.0096929325,0.7237999
/home/leo/Documentos/mestrado/DeepWeeds-Mobile/images/20180105-095152-3.jpg,8,8,8,8,1,0.7023162,0.00078877504,0.00054725475,0.0037466118,0.00066170766,0.00037858874,5.8727765e-06,0.29126027,0.0002947413,0.7023162
/home/leo/Documentos/mestrado/DeepWeeds-Mobile/images/20180112-074759-1.jpg,8,8,8,8,1,0.9796704,0.00092160795,0.0027148558,4.0624e-05,0.006887545,0.0030100637,1.6186218e-06,6.474416e-07,0.006752731,0.9796704
/home/leo/Documentos/mestrado/DeepWeeds-Mobile/images/20170714-120108-2.jpg,1,1,1,1,1,0.99787533,5.577321e-06,0.99787533,3.6132037e-12,4.3935182e-05,9.444454e-08,1.3020288e-07,3.2839482e-06,0.00168262,0.0003890823
/home/leo/Documentos/mestrado/DeepWeeds-Mobile/images/20180322-121335-2.jpg,8,8,8,8,1,0.9846977,0.0044201277,0.005547457,1.4297939e-05,0.0013283693,2.086923e-05,0.0006430144,1.7195619e-06,0.0033265369,0.9846977
/home/leo/Documentos/mestrado/DeepWeeds-Mobile/images/20180112-075306-2.jpg,8,8,8,8,1,0.7011045,0.017024029,8.0765996e-05,0.013021261,0.16410413,0.09691068,6.8540754e-07,1.6730641e-07,0.007753839,0.7011045
/home/leo/Documentos/mestrado/DeepWeeds-Mobile/images/20180105-101633-2.jpg,8,8,8,8,1,0.98039424,1.1168442e-05,1.8824265e-05,0.0044966177,0.00021013418,0.0032484466,4.185418e-06,0.011602246,1.4026546e-05,0.98039424
/home/leo/Documentos/mestrado/DeepWeeds-Mobile/images/20171205-144731-2.jpg,8,8,8,8,1,0.93362373,0.0012025064,0.0044965073,5.637394e-07,0.0006604782,2.2186525e-05,0.049629807,0.009206581,0.0011577148,0.93362373
/home/leo/Documentos/mestrado/DeepWeeds-Mobile/images/20180109-073852-2.jpg,8,8,8,8,1,0.7245314,4.9963037e-05,0.00020631221,2.9208456e-07,9.378268e-07,3.3832677e-07,1.9892866e-05,0.27504936,0.00014145162,0.7245314
/home/leo/Documentos/mestrado/DeepWeeds-Mobile/images/20170811-133854-2.jpg,0,0,0,0,1,0.9890995,0.9890995,8.393256e-05,1.1374963e-07,3.4814516e-07,1.0484484e-07,2.3517546e-06,1.6547514e-06,0.0015299112,0.009282155
/home/leo/Documentos/mestrado/DeepWeeds-Mobile/images/20170920-155912-3.jpg,2,2,2,2,1,0.87539077,0.004477715,1.3609057e-06,0.87539077,0.002044523,0.05663321,1.1315952e-05,1.5974913e-06,0.005241956,0.05619756
/home/leo/Documentos/mestrado/DeepWeeds-Mobile/images/20170304-131916-0.jpg,7,7,7,7,1,0.8583106,0.024255507,0.00010021774,8.365028e-09,7.613613e-09,1.9314784e-08,6.181512e-05,3.6838085e-06,0.8583106,0.117268145
/home/leo/Documentos/mestrado/DeepWeeds-Mobile/images/20171102-120404-1.jpg,2,2,2,2,1,0.9999894,5.593007e-10,1.4350078e-12,0.9999894,7.9431814e-08,2.1096714e-06,2.4561647e-10,8.880508e-13,1.1417522e-10,8.326194e-06
/home/leo/Documentos/mestrado/DeepWeeds-Mobile/images/20180109-070856-2.jpg,8,8,8,8,1,0.990685,5.9564143e-05,0.0009383839,0.0011876484,3.3014217e-05,0.00065618457,0.00015375036,0.006128402,0.00015813626,0.990685
/home/leo/Documentos/mestrado/DeepWeeds-Mobile/images/20170920-101929-1.jpg,2,2,2,2,1,0.9993144,4.9081154e-07,2.3764434e-08,0.9993144,1.6435465e-06,0.0005103499,7.187783e-05,7.2593025e-07,4.9233563e-07,0.00010000207
/home/leo/Documentos/mestrado/DeepWeeds-Mobile/images/20171113-115851-3.jpg,6,6,6,6,1,0.99610394,2.5756665e-06,4.801843e-06,2.36325e-07,1.189188e-06,0.00016411813,0.0002263338,0.99610394,4.9689453e-07,0.0034961733
/home/leo/Documentos/mestrado/DeepWeeds-Mobile/images/20170913-124732-2.jpg,5,0,5,0,0,0.5186791,0.5186791,0.230993,0.033352405,0.0020902734,0.0027429382,0.108415164,0.003250299,0.064058505,0.0364183
/home/leo/Documentos/mestrado/DeepWeeds-Mobile/images/20180112-082504-1.jpg,8,8,8,8,1,0.9844319,0.0064781597,0.0014973655,0.00014826817,0.0020140207,0.00019274422,1.371408e-06,0.00028661898,0.0049495506,0.9844319
/home/leo/Documentos/mestrado/DeepWeeds-Mobile/images/20171025-090844-2.jpg,3,8,3,8,0,0.60421395,0.0018114115,0.00042653384,0.00052042276,0.3608654,0.030095836,6.34415e-08,5.9093077e-07,0.0020657524,0.60421395
/home/leo/Documentos/mestrado/DeepWeeds-Mobile/images/20171113-144333-3.jpg,6,6,6,6,1,0.89415574,0.024401693,0.048265316,1.2917849e-05,0.00037034304,2.3607307e-05,0.00031432867,0.89415574,0.01918341,0.013272699
/home/leo/Documentos/mestrado/DeepWeeds-Mobile/images/20170729-090939-1.jpg,4,4,4,4,1,0.91434914,0.00027496618,1.4947219e-05,0.048123047,0.0066850022,0.91434914,3.338339e-06,1.1506916e-06,0.002765136,0.027783282
/home/leo/Documentos/mestrado/DeepWeeds-Mobile/images/20180112-092356-1.jpg,8,8,8,8,1,0.90782136,0.041126765,1.5256994e-05,0.009791529,0.012715302,0.00073727645,5.6979286e-07,4.7479954e-08,0.027791804,0.90782136
/home/leo/Documentos/mestrado/DeepWeeds-Mobile/images/20171218-120733-3.jpg,8,8,8,8,1,0.96977913,0.00037300505,0.020314818,5.271555e-07,0.00022875439,4.6933815e-06,0.00083137536,0.0056139245,0.0028536264,0.96977913
/home/leo/Documentos/mestrado/DeepWeeds-Mobile/images/20171025-080548-2.jpg,3,8,3,8,0,0.39097142,0.18452993,0.000791474,0.00035571115,0.22327495,0.00014685902,1.3430744e-06,8.229583e-07,0.19992746,0.39097142
/home/leo/Documentos/mestrado/DeepWeeds-Mobile/images/20170207-142634-0.jpg,7,7,7,7,1,0.6751149,0.31517226,1.5489277e-05,3.1282586e-06,6.509234e-08,4.053972e-07,0.000108727734,1.4295683e-06,0.6751149,0.009583612
/home/leo/Documentos/mestrado/DeepWeeds-Mobile/images/20170217-112126-0.jpg,0,0,0,0,1,0.97308093,0.97308093,0.0010167637,4.1091603e-06,6.2525976e-07,1.3037395e-07,0.0009209382,4.848534e-08,0.02051663,0.004459739
/home/leo/Documentos/mestrado/DeepWeeds-Mobile/images/20171212-093626-3.jpg,8,8,8,8,1,0.97163737,0.0027553085,0.00036214045,2.874604e-05,0.018137744,0.0008026526,4.279865e-05,0.0003506827,0.0058825025,0.97163737
/home/leo/Documentos/mestrado/DeepWeeds-Mobile/images/20180109-101123-2.jpg,8,8,8,8,1,0.8854749,8.694337e-05,0.00048421999,8.1012004e-05,3.9483166e-06,3.38536e-07,0.000415199,0.11344908,4.296145e-06,0.8854749
/home/leo/Documentos/mestrado/DeepWeeds-Mobile/images/20180109-074929-2.jpg,8,8,8,8,1,0.8133771,0.00032618962,0.004630255,0.003212382,0.00031779025,0.0007204386,0.00054351694,0.17543325,0.0014391736,0.8133771
/home/leo/Documentos/mestrado/DeepWeeds-Mobile/images/20171025-073705-3.jpg,3,3,3,3,1,0.9583279,4.1298495e-05,0.0031335321,1.3503778e-06,0.9583279,0.0025211233,4.0659884e-07,0.000111894326,0.0025003885,0.033362027
/home/leo/Documentos/mestrado/DeepWeeds-Mobile/images/20180112-080419-1.jpg,8,7,8,7,0,0.5212015,0.19827724,0.044207066,1.1151272e-05,0.0020559495,3.900753e-05,2.1385729e-06,5.0809876e-06,0.5212015,0.23420084
/home/leo/Documentos/mestrado/DeepWeeds-Mobile/images/20171113-133317-3.jpg,6,6,6,6,1,0.96432877,7.535122e-05,8.959693e-06,0.00047510304,1.6787487e-06,1.2293061e-06,5.597088e-08,0.96432877,4.742391e-05,0.03506138
/home/leo/Documentos/mestrado/DeepWeeds-Mobile/images/20180322-131943-1.jpg,8,8,8,8,1,0.9974704,0.00047921969,2.2397571e-05,4.7210156e-06,2.7359735e-07,0.00020753626,0.0017629466,4.2957666e-08,5.2568706e-05,0.9974704
/home/leo/Documentos/mestrado/DeepWeeds-Mobile/images/20170920-112654-3.jpg,2,2,2,2,1,0.44321242,0.0012525527,0.00023459556,0.44321242,0.0071871104,0.42837775,2.2725193e-05,0.0009232443,0.010048423,0.10874118
/home/leo/Documentos/mestrado/DeepWeeds-Mobile/images/20171025-100530-2.jpg,3,3,3,3,1,0.96508026,0.001141894,1.8993156e-05,0.00018651008,0.96508026,0.0021929329,4.672195e-08,3.9564167e-08,0.00023209673,0.031147288
/home/leo/Documentos/mestrado/DeepWeeds-Mobile/images/20180322-113352-2.jpg,8,8,8,8,1,0.9998374,9.197309e-05,3.3258439e-06,5.3373415e-06,4.6810197e-05,9.628565e-07,7.196501e-06,2.0940874e-08,6.865286e-06,0.9998374
/home/leo/Documentos/mestrado/DeepWeeds-Mobile/images/20180322-114132-2.jpg,8,8,8,8,1,0.9974468,5.8906517e-05,0.00044589117,1.5799191e-08,0.0018066086,2.1550139e-05,7.714953e-06,4.8440415e-06,0.00020772779,0.9974468
/home/leo/Documentos/mestrado/DeepWeeds-Mobile/images/20170718-100439-2.jpg,0,8,0,8,0,0.3573402,0.008357295,0.29620942,0.0037319013,0.011142199,0.006890977,0.0023870342,0.0650109,0.24893013,0.3573402
/home/leo/Documentos/mestrado/DeepWeeds-Mobile/images/20180109-095830-2.jpg,8,8,8,8,1,0.99980664,1.3214706e-05,3.155022e-06,4.2768308e-05,7.373187e-05,4.4985026e-07,5.8703554e-05,7.490597e-07,5.71906e-07,0.99980664
/home/leo/Documentos/mestrado/DeepWeeds-Mobile/images/20171201-120921-1.jpg,8,8,8,8,1,0.82923037,0.0008862533,5.128184e-06,6.789206e-10,0.000812726,2.3252775e-09,0.16889015,6.0369825e-06,0.00016936458,0.82923037
/home/leo/Documentos/mestrado/DeepWeeds-Mobile/images/20170706-105824-0.jpg,7,7,7,7,1,0.74714077,0.13796866,0.009036189,0.00055329554,0.012526078,0.00025053887,4.6980855e-05,8.6049005e-07,0.74714077,0.09247666
/home/leo/Documentos/mestrado/DeepWeeds-Mobile/images/20180109-092118-1.jpg,8,8,8,8,1,0.9887664,0.00055410306,0.0018782553,0.0019833837,0.0009592581,0.0017653034,2.6201948e-05,0.002651326,0.0014157764,0.9887664
/home/leo/Documentos/mestrado/DeepWeeds-Mobile/images/20171102-093302-3.jpg,4,8,4,8,0,0.47619376,0.0010031874,0.0065038144,0.00040016996,0.46843565,0.043714374,3.044409e-07,0.0003029303,0.003445837,0.47619376
/home/leo/Documentos/mestrado/DeepWeeds-Mobile/images/20171201-115856-1.jpg,8,8,8,8,1,0.99965227,1.2470086e-05,6.7241344e-05,4.64061e-09,4.4835433e-05,7.769959e-09,0.00019324006,6.149255e-06,2.3758883e-05,0.99965227
/home/leo/Documentos/mestrado/DeepWeeds-Mobile/images/20170920-112545-3.jpg,2,2,2,2,1,0.9993507,2.2076455e-07,3.8310628e-08,0.9993507,9.59743e-06,0.00015591805,2.154905e-08,2.3303313e-09,2.176107e-07,0.00048330138
/home/leo/Documentos/mestrado/DeepWeeds-Mobile/images/20180119-111517-2.jpg,8,8,8,8,1,0.9563944,0.0038948813,0.0036592516,0.0007611813,0.0002968316,4.8840015e-05,1.3822491e-05,0.03308287,0.0018479949,0.9563944
/home/leo/Documentos/mestrado/DeepWeeds-Mobile/images/20180322-130100-1.jpg,8,8,8,8,1,0.9675557,0.006011332,0.009226786,1.4421445e-06,0.00053757575,0.002925737,5.3466425e-05,6.213675e-09,0.013687927,0.9675557
/home/leo/Documentos/mestrado/DeepWeeds-Mobile/images/20171205-123855-2.jpg,8,8,8,8,1,0.950958,0.011421033,0.012091244,8.9805314e-07,0.000111805355,0.00015968527,0.0079823155,7.732006e-07,0.017274223,0.950958
/home/leo/Documentos/mestrado/DeepWeeds-Mobile/images/20180109-101245-2.jpg,8,6,8,6,0,0.82013637,5.8168707e-06,0.0015304391,1.3070647e-05,1.3246745e-07,1.382445e-08,0.00083823357,0.82013637,1.3723778e-06,0.17747454
/home/leo/Documentos/mestrado/DeepWeeds-Mobile/images/20171102-102712-1.jpg,2,2,2,2,1,0.9894293,4.7554482e-07,2.7135657e-05,0.9894293,4.3780594e-05,0.0017461516,5.721474e-07,2.0321818e-06,5.11897e-06,0.0087455455
/home/leo/Documentos/mestrado/DeepWeeds-Mobile/images/20170210-133754-0.jpg,0,0,0,0,1,0.6958866,0.6958866,0.022904908,0.00054995506,0.00047679688,1.5049644e-05,2.4612369e-05,0.089141555,0.1179782,0.073022276
/home/leo/Documentos/mestrado/DeepWeeds-Mobile/images/20170811-112909-2.jpg,0,1,0,1,0,0.5919072,0.20304975,0.5919072,9.206901e-06,0.000136854,6.1928213e-06,0.0013832208,3.5886007e-06,0.019329917,0.1841741
/home/leo/Documentos/mestrado/DeepWeeds-Mobile/images/20180125-091231-2.jpg,8,8,8,8,1,0.99921584,3.651072e-05,0.0005490663,1.9362634e-08,1.454425e-05,1.5737359e-06,0.000113731476,7.209081e-07,6.79134e-05,0.99921584
/home/leo/Documentos/mestrado/DeepWeeds-Mobile/images/20180125-134624-2.jpg,8,8,8,8,1,0.9886376,0.0025235454,0.00032043955,4.623769e-06,9.06554e-06,0.00010757504,0.0044760867,9.257959e-09,0.003921125,0.9886376
/home/leo/Documentos/mestrado/DeepWeeds-Mobile/images/20170501-142224-0.jpg,1,1,1,1,1,0.8815282,0.003371996,0.8815282,6.835977e-08,1.9987284e-07,1.8882226e-07,6.732046e-05,0.070067696,0.04349304,0.001471241
/home/leo/Documentos/mestrado/DeepWeeds-Mobile/images/20180109-080400-1.jpg,8,6,8,6,0,0.8623382,2.741902e-05,0.00068946724,6.272566e-05,2.190762e-05,1.8426403e-05,1.3083845e-05,0.8623382,9.966311e-05,0.13672906
/home/leo/Documentos/mestrado/DeepWeeds-Mobile/images/20180322-133752-1.jpg,8,8,8,8,1,0.9964914,8.5694264e-05,0.00023932844,0.00010672831,0.0018404183,0.0011944355,1.9053334e-05,5.5472103e-08,2.2876782e-05,0.9964914
/home/leo/Documentos/mestrado/DeepWeeds-Mobile/images/20170714-135413-2.jpg,1,1,1,1,1,0.60734266,0.00032039278,0.60734266,1.9423954e-08,8.8446315e-05,2.105366e-06,0.0024233114,0.35405836,0.0025322107,0.033232488
/home/leo/Documentos/mestrado/DeepWeeds-Mobile/images/20171102-094714-3.jpg,4,8,4,8,0,0.8340282,0.00490781,0.011186338,0.013149879,0.024860492,0.024496408,0.00021695397,0.07504489,0.012109136,0.8340282
/home/leo/Documentos/mestrado/DeepWeeds-Mobile/images/20171113-142828-2.jpg,6,6,6,6,1,0.9991278,5.9076456e-07,6.552371e-05,1.4540333e-07,1.9810905e-07,1.9368317e-08,9.631158e-09,0.9991278,1.5043119e-06,0.00080419827
/home/leo/Documentos/mestrado/DeepWeeds-Mobile/images/20180119-110901-2.jpg,8,8,8,8,1,0.9902282,0.00032991898,0.008097356,3.101793e-05,0.0003400316,0.00016228876,0.00026260223,0.00019228063,0.0003562289,0.9902282
/home/leo/Documentos/mestrado/DeepWeeds-Mobile/images/20170217-115125-0.jpg,7,7,7,7,1,0.92232025,0.01493371,8.728892e-06,1.0500709e-08,2.4351456e-07,1.0342959e-08,1.1714069e-05,6.589859e-05,0.92232025,0.06265942
/home/leo/Documentos/mestrado/DeepWeeds-Mobile/images/20180119-110124-1.jpg,8,8,8,8,1,0.45071828,0.11540614,0.034322005,0.011299671,0.002175072,0.00647077,0.0148562025,0.0037310948,0.3610208,0.45071828
/home/leo/Documentos/mestrado/DeepWeeds-Mobile/images/20180109-073943-1.jpg,8,8,8,8,1,0.99310344,1.2703856e-05,8.782542e-06,0.00048947777,0.00044423077,0.005004794,1.4247603e-07,0.00091116125,2.5240432e-05,0.99310344
/home/leo/Documentos/mestrado/DeepWeeds-Mobile/images/20180125-092722-2.jpg,8,8,8,8,1,0.9912608,0.0005532669,0.0006274695,3.3392655e-05,0.0023468267,0.0046970653,3.2557084e-05,1.0939702e-07,0.00044843825,0.9912608
/home/leo/Documentos/mestrado/DeepWeeds-Mobile/images/20170210-134107-0.jpg,0,0,0,0,1,0.70093066,0.70093066,0.0052713905,1.8822017e-05,2.9166682e-05,1.7950237e-08,0.0018124623,0.0013973931,0.0078653,0.28267488
/home/leo/Documentos/mestrado/DeepWeeds-Mobile/images/20180112-104000-2.jpg,8,8,8,8,1,0.9905838,0.00046188827,0.00010440889,1.9473036e-05,5.0084993e-05,9.368198e-07,0.0019448643,0.0035879815,0.0032466997,0.9905838
/home/leo/Documentos/mestrado/DeepWeeds-Mobile/images/20180109-100020-2.jpg,8,6,8,6,0,0.5404326,0.009688433,0.025634589,0.00015210903,0.022159712,0.00037539023,0.001363212,0.5404326,0.008297569,0.39189643
/home/leo/Documentos/mestrado/DeepWeeds-Mobile/images/20180322-115245-2.jpg,8,8,8,8,1,0.98622787,0.003507285,0.0063337972,1.2395225e-07,0.000103809194,4.881013e-05,0.0026794826,2.4818105e-06,0.001096381,0.98622787
/home/leo/Documentos/mestrado/DeepWeeds-Mobile/images/20171212-093915-1.jpg,8,8,8,8,1,0.9998574,1.3374075e-09,7.4084117e-10,2.02907e-18,0.00014242448,3.4181805e-13,1.0111885e-07,6.8371897e-12,3.3196565e-09,0.9998574
/home/leo/Documentos/mestrado/DeepWeeds-Mobile/images/20170129-104113-0.jpg,8,7,8,7,0,0.32292274,0.17888936,0.23363203,4.487279e-06,0.026881453,5.618412e-05,6.901024e-05,3.2765874e-05,0.32292274,0.23751196
/home/leo/Documentos/mestrado/DeepWeeds-Mobile/images/20170714-170127-1.jpg,1,1,1,1,1,0.9999268,1.2494377e-06,0.9999268,5.706708e-13,2.9914892e-07,4.536533e-10,1.08290585e-08,3.656516e-06,1.4625325e-05,5.33632e-05
/home/leo/Documentos/mestrado/DeepWeeds-Mobile/images/20170913-104853-1.jpg,3,4,3,4,0,0.92185086,0.0040215547,5.3224463e-05,0.011495828,0.050928257,0.92185086,3.877446e-05,6.824138e-07,0.006243994,0.0053667873
/home/leo/Documentos/mestrado/DeepWeeds-Mobile/images/20171109-072154-3.jpg,5,5,5,5,1,0.91705996,0.00027365898,0.0002578545,1.8266033e-05,3.989738e-06,1.1430258e-06,0.91705996,0.0025714173,0.008771996,0.07104174
/home/leo/Documentos/mestrado/DeepWeeds-Mobile/images/20161207-111620-0.jpg,0,5,0,5,0,0.6012834,0.19064268,0.0036309208,4.032215e-09,6.748789e-05,8.3266784e-08,0.6012834,0.0005701491,0.0006618268,0.20314343
/home/leo/Documentos/mestrado/DeepWeeds-Mobile/images/20180125-093913-1.jpg,8,8,8,8,1,0.99988234,2.2631792e-05,2.83109e-05,2.7851238e-08,3.2917884e-05,1.0610928e-05,6.771942e-06,5.589328e-06,1.0814331e-05,0.99988234
/home/leo/Documentos/mestrado/DeepWeeds-Mobile/images/20170210-133632-0.jpg,0,0,0,0,1,0.7219781,0.7219781,0.14930013,0.00025547884,0.0018830601,5.035832e-05,0.00042191942,0.0036917855,0.042841434,0.07957775
/home/leo/Documentos/mestrado/DeepWeeds-Mobile/images/20171109-091543-1.jpg,5,5,5,5,1,0.9878429,1.4200206e-05,0.00086097245,8.364026e-11,4.104471e-08,1.6202286e-11,0.9878429,0.005249234,5.3336542e-05,0.0059793796
/home/leo/Documentos/mestrado/DeepWeeds-Mobile/images/20180112-091952-1.jpg,8,8,8,8,1,0.99272317,0.0041074953,2.4235074e-05,5.1201273e-06,2.2211937e-06,4.4659096e-08,2.8447604e-07,4.765811e-08,0.003137341,0.99272317
/home/leo/Documentos/mestrado/DeepWeeds-Mobile/images/20180105-094951-2.jpg,8,8,8,8,1,0.9982596,1.33778e-07,1.6203923e-06,2.026612e-05,0.00062618393,8.2348044e-05,4.348928e-09,0.0010092367,6.718879e-07,0.9982596
/home/leo/Documentos/mestrado/DeepWeeds-Mobile/images/20170913-095507-2.jpg,3,3,3,3,1,0.6808184,6.7116475e-06,5.3712915e-07,0.00013976653,0.6808184,0.0028919925,0.31458992,4.770026e-06,5.871962e-06,0.0015420296
/home/leo/Documentos/mestrado/DeepWeeds-Mobile/images/20171220-083928-2.jpg,8,8,8,8,1,0.49963066,0.054890532,0.05037854,0.010576941,0.10123775,0.043651097,0.022950867,0.16228843,0.05439511,0.49963066
/home/leo/Documentos/mestrado/DeepWeeds-Mobile/images/20170920-171252-3.jpg,2,2,2,2,1,0.81402546,0.006182116,0.00013012406,0.81402546,0.012867462,0.05218242,1.6531652e-05,8.958516e-05,0.020342145,0.09416417
/home/leo/Documentos/mestrado/DeepWeeds-Mobile/images/20171113-135432-0.jpg,6,6,6,6,1,0.8473995,0.016679265,0.0063156663,0.0009540647,0.0001829011,0.0024586197,0.020231213,0.8473995,0.021103077,0.084675685
/home/leo/Documentos/mestrado/DeepWeeds-Mobile/images/20170913-103341-2.jpg,3,3,3,3,1,0.99921465,3.448332e-07,3.1115108e-09,1.5850321e-06,0.99921465,0.00063671474,4.3952172e-05,6.3197053e-10,5.4892475e-08,0.000102679725
/home/leo/Documentos/mestrado/DeepWeeds-Mobile/images/20170705-160831-0.jpg,7,8,7,8,0,0.8228292,0.005339469,0.0019186821,0.00014240849,0.032632947,0.05281966,2.4632254e-06,3.870802e-06,0.08431133,0.8228292
/home/leo/Documentos/mestrado/DeepWeeds-Mobile/images/20170811-131549-1.jpg,0,0,0,0,1,0.9979603,0.9979603,0.00021895,1.1621219e-06,4.9855764e-08,4.104815e-06,0.0009738761,1.9869523e-07,0.00047850813,0.00036282747
/home/leo/Documentos/mestrado/DeepWeeds-Mobile/images/20170210-131822-0.jpg,0,0,0,0,1,0.6437775,0.6437775,0.25487164,0.00030262244,0.0019448656,1.6359723e-05,0.00096559484,0.00010996935,0.05214874,0.045862757
/home/leo/Documentos/mestrado/DeepWeeds-Mobile/images/20180112-081522-2.jpg,8,8,8,8,1,0.7855254,0.006765926,0.0015337472,0.08498493,0.075760655,0.03911547,9.7461474e-05,0.0011990854,0.0050174086,0.7855254
/home/leo/Documentos/mestrado/DeepWeeds-Mobile/images/20170727-120058-3.jpg,4,2,4,2,0,0.5600908,0.01500222,0.0001227244,0.5600908,0.00060479523,0.29864472,0.009507483,0.025481138,0.0007192719,0.08982679
/home/leo/Documentos/mestrado/DeepWeeds-Mobile/images/20170920-163148-3.jpg,2,2,2,2,1,0.9766971,2.9138353e-06,8.051792e-09,0.9766971,0.0005802773,0.021754669,8.177405e-07,8.75941e-06,5.540715e-06,0.00094991236
/home/leo/Documentos/mestrado/DeepWeeds-Mobile/images/20171220-090446-2.jpg,8,8,8,8,1,0.34192368,0.2207629,0.15863888,7.1190425e-06,0.0025858053,0.00031139542,0.0012018472,0.00032569628,0.27424264,0.34192368
/home/leo/Documentos/mestrado/DeepWeeds-Mobile/images/20180105-091404-2.jpg,8,8,8,8,1,0.5330295,0.00011832769,1.5314909e-07,0.004802635,0.0002721497,0.46153733,2.5476453e-08,0.00022112479,1.8785904e-05,0.5330295
/home/leo/Documentos/mestrado/DeepWeeds-Mobile/images/20180125-093331-2.jpg,8,8,8,8,1,1.0,3.225766e-09,2.2604627e-10,2.4418575e-12,2.7552574e-09,4.339143e-10,2.3972051e-08,5.538995e-11,7.4614696e-11,1.0
/home/leo/Documentos/mestrado/DeepWeeds-Mobile/images/20171220-091351-2.jpg,8,8,8,8,1,0.95480967,2.5930738e-06,8.5564615e-08,3.0795134e-11,1.4278835e-07,1.6163591e-10,0.045187324,8.8622535e-08,1.11312865e-07,0.95480967
/home/leo/Documentos/mestrado/DeepWeeds-Mobile/images/20171203-172855-3.jpg,8,8,8,8,1,0.90852463,0.00043586892,0.071293816,5.771621e-08,0.0005345674,2.3340652e-05,0.0011214053,0.0069132824,0.011152994,0.90852463
/home/leo/Documentos/mestrado/DeepWeeds-Mobile/images/20180119-104826-1.jpg,8,8,8,8,1,0.98908037,7.636135e-05,0.0038172612,1.044792e-05,0.00082715147,5.4813296e-05,3.0599674e-06,0.0058201896,0.00031024718,0.98908037
/home/leo/Documentos/mestrado/DeepWeeds-Mobile/images/20171122-101456-1.jpg,5,5,5,5,1,0.99994504,3.6909787e-05,3.0883047e-07,2.1401261e-11,2.1287526e-10,3.3820852e-12,0.99994504,1.079389e-06,3.691883e-09,1.6609816e-05
/home/leo/Documentos/mestrado/DeepWeeds-Mobile/images/20180119-113734-2.jpg,8,8,8,8,1,0.9687858,5.916034e-05,0.0004908099,0.00015545537,0.0014854091,3.3787077e-05,1.9349113e-06,0.028980803,6.7093824e-06,0.9687858
/home/leo/Documentos/mestrado/DeepWeeds-Mobile/images/20170920-164822-3.jpg,2,2,2,2,1,0.999594,4.6853904e-07,4.5372577e-09,0.999594,1.0263865e-05,0.0003672252,5.001106e-08,4.910776e-09,4.497072e-06,2.3519395e-05
/home/leo/Documentos/mestrado/DeepWeeds-Mobile/images/20180112-070725-2.jpg,8,8,8,8,1,0.64078933,0.050650742,0.0005974439,0.0018992604,0.0012318381,0.11230713,7.68213e-06,1.5835354e-06,0.19251488,0.64078933
/home/leo/Documentos/mestrado/DeepWeeds-Mobile/images/20171212-095203-1.jpg,8,8,8,8,1,0.9998704,7.1518656e-07,1.3384802e-07,3.6535987e-13,0.00012215842,4.356976e-09,1.0046149e-06,4.3198716e-09,5.568862e-06,0.9998704
/home/leo/Documentos/mestrado/DeepWeeds-Mobile/images/20170127-101147-0.jpg,1,1,1,1,1,0.96190566,1.0462346e-06,0.96190566,1.6747178e-11,0.00014815285,1.346178e-09,1.0332196e-06,0.018738462,2.1719534e-05,0.019184029
/home/leo/Documentos/mestrado/DeepWeeds-Mobile/images/20180125-092215-1.jpg,8,8,8,8,1,0.9999255,3.5171488e-05,5.9975323e-06,3.987761e-08,7.2876e-06,1.8685208e-05,3.6005054e-06,8.364279e-11,3.7216166e-06,0.9999255
/home/leo/Documentos/mestrado/DeepWeeds-Mobile/images/20170217-111334-0.jpg,0,0,0,0,1,0.9999654,0.9999654,4.4867825e-09,4.0399853e-13,1.8650325e-13,4.229189e-12,9.0411993e-07,1.6278857e-10,1.9368155e-05,1.4357259e-05
/home/leo/Documentos/mestrado/DeepWeeds-Mobile/images/20180112-101335-2.jpg,8,8,8,8,1,0.9951296,0.0031939857,0.00043640498,1.976319e-05,0.000116494644,1.6053446e-06,0.0004824159,7.670421e-05,0.00054304954,0.9951296
/home/leo/Documentos/mestrado/DeepWeeds-Mobile/images/20171025-091030-1.jpg,3,3,3,3,1,0.61351836,0.002241031,0.00055838336,0.00033927627,0.61351836,0.00015142698,7.2128873e-06,3.6575275e-06,0.00052902836,0.38265172
/home/leo/Documentos/mestrado/DeepWeeds-Mobile/images/20171109-090611-1.jpg,5,5,5,5,1,0.9943508,0.0008063387,0.00020423776,5.5260765e-11,1.7041756e-06,2.0241057e-10,0.9943508,0.00017868212,1.326485e-05,0.0044449824
/home/leo/Documentos/mestrado/DeepWeeds-Mobile/images/20160928-141437-0.jpg,0,5,0,5,0,0.4727837,0.061345033,0.33019176,2.6915316e-07,9.596462e-07,1.2763142e-07,0.4727837,0.096784174,0.011785145,0.027108788
/home/leo/Documentos/mestrado/DeepWeeds-Mobile/images/20180109-092505-2.jpg,8,8,8,8,1,0.7483198,0.24673378,9.893711e-06,0.0031691217,0.00010491207,2.1511649e-05,0.000119935095,4.6642053e-06,0.0015163769,0.7483198
/home/leo/Documentos/mestrado/DeepWeeds-Mobile/images/20171220-100405-1.jpg,8,8,8,8,1,0.99993455,1.9936019e-07,4.211824e-08,4.1289434e-15,6.9896437e-06,2.2498607e-12,5.814078e-05,2.1332145e-09,7.362489e-08,0.99993455
/home/leo/Documentos/mestrado/DeepWeeds-Mobile/images/20170410-154316-0.jpg,0,0,0,0,1,0.45912814,0.45912814,0.0007894961,0.0006865845,0.0018462295,6.448044e-05,2.2880704e-05,9.516022e-07,0.20309195,0.33436927
/home/leo/Documentos/mestrado/DeepWeeds-Mobile/images/20170811-104623-2.jpg,0,0,0,0,1,0.94469255,0.94469255,1.3478611e-05,7.497059e-09,2.8673008e-09,2.4286535e-08,5.6768287e-05,3.2686435e-06,0.0025429206,0.05269102
/home/leo/Documentos/mestrado/DeepWeeds-Mobile/images/20170718-133451-2.jpg,0,8,0,8,0,0.5634308,0.079570085,0.0064480347,5.0377934e-05,0.012633575,0.0028315359,9.038176e-06,2.8962462e-05,0.33499762,0.5634308
/home/leo/Documentos/mestrado/DeepWeeds-Mobile/images/20171212-100627-1.jpg,8,8,8,8,1,0.9999224,8.093734e-07,1.100236e-07,4.3199576e-12,7.078667e-05,2.2327797e-09,5.753502e-06,7.551347e-10,9.399677e-08,0.9999224
/home/leo/Documentos/mestrado/DeepWeeds-Mobile/images/20170920-180443-1.jpg,2,2,2,2,1,0.99994075,2.7710843e-09,2.3852575e-10,0.99994075,7.5644955e-08,2.9836674e-05,9.303216e-07,1.9007114e-09,2.2018619e-10,2.8454555e-05
/home/leo/Documentos/mestrado/DeepWeeds-Mobile/images/20171205-123605-2.jpg,8,1,8,1,0,0.44461754,0.029080596,0.44461754,1.3514809e-08,0.00032923493,2.526839e-07,0.11578099,0.0009077851,0.0016287304,0.4076549
/home/leo/Documentos/mestrado/DeepWeeds-Mobile/images/20171025-073808-2.jpg,3,3,3,3,1,0.9984865,5.7972957e-06,6.821025e-05,1.3609056e-07,0.9984865,0.0005926122,2.9255474e-09,1.4545336e-07,7.509749e-05,0.0007714102
/home/leo/Documentos/mestrado/DeepWeeds-Mobile/images/20170920-130935-2.jpg,2,2,2,2,1,0.5941258,3.7641777e-05,9.645621e-08,0.5941258,4.579883e-05,0.36127084,2.232865e-06,6.0608138e-05,5.270702e-06,0.044451695
/home/leo/Documentos/mestrado/DeepWeeds-Mobile/images/20171219-092807-3.jpg,8,8,8,8,1,0.96873796,0.0003370323,0.00060479547,0.0007425365,0.022121483,0.003916484,0.00010101081,0.0024031238,0.0010356669,0.96873796
/home/leo/Documentos/mestrado/DeepWeeds-Mobile/images/20170727-152727-3.jpg,4,4,4,4,1,0.96715444,7.231442e-05,6.2670074e-06,0.010606296,0.0031654693,0.96715444,1.9857183e-07,8.1148636e-07,0.0010516554,0.017942596
/home/leo/Documentos/mestrado/DeepWeeds-Mobile/images/20180105-095705-2.jpg,8,8,8,8,1,0.67488456,2.0839303e-05,6.733534e-06,0.21728261,2.9429806e-05,0.0031219039,1.3248485e-06,0.104641765,1.0833562e-05,0.67488456
/home/leo/Documentos/mestrado/DeepWeeds-Mobile/images/20171220-093328-3.jpg,8,8,8,8,1,0.995869,0.00056878536,4.193212e-06,1.9406697e-07,0.0010511447,3.102079e-06,0.002476324,7.693904e-06,1.9630439e-05,0.995869
/home/leo/Documentos/mestrado/DeepWeeds-Mobile/images/20170920-175019-1.jpg,4,4,4,4,1,0.8351763,0.0022000438,0.00024621983,0.00012489363,0.020323284,0.8351763,2.1543131e-07,9.7073986e-08,0.03529522,0.10663386
/home/leo/Documentos/mestrado/DeepWeeds-Mobile/images/20171113-134300-3.jpg,6,6,6,6,1,0.92714024,0.000103457474,0.004275129,0.008887882,7.1711846e-05,2.542972e-05,1.03880875e-05,0.92714024,0.0005470023,0.058938794
/home/leo/Documentos/mestrado/DeepWeeds-Mobile/images/20171025-083014-3.jpg,3,8,3,8,0,0.49596477,0.0054130196,0.0002444629,0.00010468358,0.3199941,0.17069007,1.7220962e-08,7.716384e-08,0.0075887996,0.49596477
/home/leo/Documentos/mestrado/DeepWeeds-Mobile/images/20180112-092508-1.jpg,8,8,8,8,1,0.8987872,0.039817635,1.5246766e-05,0.0005024459,0.051190894,0.005769786,1.7025428e-08,1.5452898e-06,0.0039152927,0.8987872
/home/leo/Documentos/mestrado/DeepWeeds-Mobile/images/20170718-094503-2.jpg,0,3,0,3,0,0.51038694,0.17324127,0.002174546,0.003629537,0.51038694,0.010574643,0.0002234282,2.9435648e-06,0.07549379,0.22427292
/home/leo/Documentos/mestrado/DeepWeeds-Mobile/images/20171220-092016-2.jpg,8,8,8,8,1,0.9789621,0.0003970599,0.00010655159,1.9071281e-07,0.0011502565,2.2176897e-07,0.01704121,0.0021587978,0.00018358883,0.9789621
/home/leo/Documentos/mestrado/DeepWeeds-Mobile/images/20170210-132301-0.jpg,0,0,0,0,1,0.5440118,0.5440118,0.0021630523,0.005856793,0.0038585297,0.000507438,0.0005845214,0.00019559139,0.2612962,0.18152604
/home/leo/Documentos/mestrado/DeepWeeds-Mobile/images/20171220-092341-2.jpg,8,8,8,8,1,0.99734026,0.0011690089,4.2855365e-05,5.242264e-10,0.0002130776,6.6553474e-09,0.001083201,1.6574337e-07,0.0001513587,0.99734026
/home/leo/Documentos/mestrado/DeepWeeds-Mobile/images/20180112-073028-1.jpg,8,8,8,8,1,0.95370233,0.005097788,0.000595819,0.00012636225,0.0077916826,0.0057407953,6.4006616e-07,3.5298747e-06,0.026941095,0.95370233
/home/leo/Documentos/mestrado/DeepWeeds-Mobile/images/20170714-135122-3.jpg,1,1,1,1,1,0.9938592,1.4216992e-05,0.9938592,1.631927e-09,1.6630827e-07,6.0767285e-09,7.8074045e-06,0.0057966923,0.00020148298,0.00012036504
/home/leo/Documentos/mestrado/DeepWeeds-Mobile/images/20170729-153938-3.jpg,4,4,4,4,1,0.99940217,6.489247e-06,6.5178356e-09,3.2827356e-07,0.0003671603,0.99940217,4.7744086e-10,1.3904435e-12,6.955177e-06,0.00021694672
/home/leo/Documentos/mestrado/DeepWeeds-Mobile/images/20171218-122019-3.jpg,8,8,8,8,1,0.95510906,2.333256e-05,3.9608212e-06,3.609593e-08,0.016090183,6.8691907e-07,0.028747728,1.6391321e-05,8.674982e-06,0.95510906
/home/leo/Documentos/mestrado/DeepWeeds-Mobile/images/20171025-172236-3.jpg,3,8,3,8,0,0.6554893,0.045550905,0.029097935,0.017082969,0.17987172,0.011452063,0.0006829589,0.005379127,0.05539306,0.6554893
/home/leo/Documentos/mestrado/DeepWeeds-Mobile/images/20171121-074703-1.jpg,6,6,6,6,1,0.71723706,4.1824386e-10,0.0019292991,1.7323167e-07,1.0689618e-05,8.506302e-07,1.7588391e-08,0.71723706,1.07335325e-07,0.28082183
/home/leo/Documentos/mestrado/DeepWeeds-Mobile/images/20180109-104748-2.jpg,8,8,8,8,1,0.9920472,0.0029279096,0.00010376842,0.0004777544,0.00063724985,6.2405625e-06,0.0035224948,6.502635e-07,0.00027675857,0.9920472
/home/leo/Documentos/mestrado/DeepWeeds-Mobile/images/20180125-132320-3.jpg,8,1,8,1,0,0.51205647,0.0005322242,0.51205647,2.0615357e-06,0.0015854216,7.6296186e-05,0.005289562,0.23665647,0.19154026,0.052261267
/home/leo/Documentos/mestrado/DeepWeeds-Mobile/images/20171218-104211-2.jpg,8,8,8,8,1,0.3772749,0.020273909,0.37227616,6.9298873e-09,5.3000702e-05,1.1623693e-05,0.008907859,0.00014868,0.22105393,0.3772749
/home/leo/Documentos/mestrado/DeepWeeds-Mobile/images/20171113-144457-3.jpg,6,6,6,6,1,0.95444965,0.00025498317,0.004048874,3.3767994e-06,0.00011994243,6.599401e-06,0.0014184556,0.95444965,0.00049701077,0.039201196
/home/leo/Documentos/mestrado/DeepWeeds-Mobile/images/20170727-171234-1.jpg,4,4,4,4,1,0.66202223,0.05267516,4.547493e-06,0.0049482435,0.045480426,0.66202223,2.9502382e-07,2.2371656e-09,0.02551588,0.20935324
/home/leo/Documentos/mestrado/DeepWeeds-Mobile/images/20171121-091041-1.jpg,6,6,6,6,1,0.9976094,6.583225e-09,0.0023697354,1.6315524e-09,2.1162037e-07,2.412474e-09,1.6773966e-07,0.9976094,2.636444e-06,1.777626e-05
/home/leo/Documentos/mestrado/DeepWeeds-Mobile/images/20171121-071156-1.jpg,6,6,6,6,1,0.9996727,2.8964521e-08,0.00017975498,3.0521263e-10,8.2373866e-08,8.717132e-10,2.4227365e-06,0.9996727,2.3085838e-06,0.00014258109
/home/leo/Documentos/mestrado/DeepWeeds-Mobile/images/20170304-125110-0.jpg,0,0,0,0,1,0.8870951,0.8870951,0.0010596628,0.00022991134,5.8541882e-05,0.000115696566,0.007437224,2.521636e-06,0.058034133,0.04596719
/home/leo/Documentos/mestrado/DeepWeeds-Mobile/images/20170705-165723-0.jpg,7,7,7,7,1,0.56526375,0.31865102,0.022826133,0.0017409339,0.0016063354,0.0009528411,0.0011393541,4.2147436e-05,0.56526375,0.087777555
/home/leo/Documentos/mestrado/DeepWeeds-Mobile/images/20170811-132433-2.jpg,0,0,0,0,1,0.5584449,0.5584449,0.00032027403,0.0013306267,6.150209e-05,3.5268135e-05,3.3258926e-05,3.630617e-07,0.041093107,0.3986807
/home/leo/Documentos/mestrado/DeepWeeds-Mobile/images/20171220-091952-2.jpg,8,8,8,8,1,0.900354,0.00047097448,0.0016164688,1.3059898e-09,8.831428e-06,3.1145915e-09,0.09651378,0.0005227553,0.0005131522,0.900354
/home/leo/Documentos/mestrado/DeepWeeds-Mobile/images/20171218-121722-2.jpg,8,8,8,8,1,0.7915983,0.0009080683,0.0001894138,3.332975e-08,0.20580596,1.04254805e-05,5.7804584e-07,5.289285e-06,0.0014819377,0.7915983
/home/leo/Documentos/mestrado/DeepWeeds-Mobile/images/20170714-170638-1.jpg,1,1,1,1,1,0.8135757,0.00043406134,0.8135757,2.5385821e-08,0.0009413956,4.579111e-06,0.00062493095,0.00030443212,0.021192642,0.16292228
/home/leo/Documentos/mestrado/DeepWeeds-Mobile/images/20180109-101618-1.jpg,8,8,8,8,1,0.95758647,0.003051752,0.00028495377,0.00014887561,0.025593432,0.0024222191,2.303279e-06,6.7768315e-06,0.010903119,0.95758647
/home/leo/Documentos/mestrado/DeepWeeds-Mobile/images/20180322-102818-1.jpg,8,8,8,8,1,0.9100127,0.055334795,0.00086765224,0.0005988399,0.00029398577,0.0004086441,0.00063344755,7.6964454e-08,0.031849854,0.9100127
/home/leo/Documentos/mestrado/DeepWeeds-Mobile/images/20180322-115252-1.jpg,8,8,8,8,1,0.9977329,0.0019691112,7.136733e-05,7.0174196e-06,3.456072e-05,7.685051e-06,3.853312e-06,1.034026e-09,0.00017345414,0.9977329
/home/leo/Documentos/mestrado/DeepWeeds-Mobile/images/20170913-101122-2.jpg,3,8,3,8,0,0.91051143,0.010484976,0.00024867945,5.4901484e-06,0.06555727,0.0021780992,0.0102122165,7.5949566e-07,0.0008010135,0.91051143
/home/leo/Documentos/mestrado/DeepWeeds-Mobile/images/20180109-071718-2.jpg,8,8,8,8,1,0.9317311,1.1070791e-05,0.00017291144,9.655553e-06,4.73116e-08,3.914734e-07,1.5116933e-05,0.068042226,1.7452381e-05,0.9317311
/home/leo/Documentos/mestrado/DeepWeeds-Mobile/images/20180109-090802-2.jpg,8,8,8,8,1,0.9628438,0.0007444499,3.8320537e-05,3.4598413e-06,0.03621695,6.664896e-05,1.7574244e-07,6.2985324e-09,8.6122265e-05,0.9628438
/home/leo/Documentos/mestrado/DeepWeeds-Mobile/images/20171109-092732-2.jpg,5,5,5,5,1,0.9975721,2.9333209e-05,0.000106117484,2.732712e-10,2.9643035e-08,1.11582514e-10,0.9975721,3.6876372e-06,1.6401233e-05,0.0022723642
/home/leo/Documentos/mestrado/DeepWeeds-Mobile/images/20180322-104436-1.jpg,8,8,8,8,1,0.8836175,0.019897541,0.0022377875,3.4423538e-05,0.0005519092,0.017306859,2.4076076e-05,2.2801898e-09,0.07632992,0.8836175
/home/leo/Documentos/mestrado/DeepWeeds-Mobile/images/20171218-111727-3.jpg,8,8,8,8,1,0.99931896,0.00010925254,2.776663e-05,1.5701636e-10,3.8284743e-05,6.2292706e-08,0.0003441148,3.1257688e-08,0.00016156923,0.99931896
/home/leo/Documentos/mestrado/DeepWeeds-Mobile/images/20180109-073112-1.jpg,8,6,8,6,0,0.5092434,2.6869081e-06,0.0005180445,4.277582e-05,1.7470153e-05,2.0783647e-05,5.065423e-06,0.5092434,1.13973765e-05,0.49013832
/home/leo/Documentos/mestrado/DeepWeeds-Mobile/images/20171113-121527-3.jpg,6,6,6,6,1,0.8616103,3.001875e-05,0.00015366192,0.0029138546,4.8257775e-06,1.828931e-05,2.576207e-07,0.8616103,5.0039336e-05,0.13521871
/home/leo/Documentos/mestrado/DeepWeeds-Mobile/images/20180322-113424-1.jpg,8,8,8,8,1,0.96715117,8.303671e-05,0.00027078908,0.024077361,0.0044096676,0.0039668037,3.731917e-06,4.1665906e-08,3.7451857e-05,0.96715117
/home/leo/Documentos/mestrado/DeepWeeds-Mobile/images/20171218-120904-2.jpg,8,8,8,8,1,0.9999944,2.0091713e-06,8.3449745e-09,1.9698515e-14,1.236749e-06,1.0393604e-10,5.985198e-08,1.2438269e-12,2.2768197e-06,0.9999944
/home/leo/Documentos/mestrado/DeepWeeds-Mobile/images/20171025-081930-1.jpg,3,8,3,8,0,0.6866968,0.00010144472,0.00024721448,0.00029317886,0.30945846,0.0021763737,6.181181e-09,0.0005687709,0.0004578367,0.6866968
/home/leo/Documentos/mestrado/DeepWeeds-Mobile/images/20180112-073902-1.jpg,8,8,8,8,1,0.9658838,0.006347376,0.009341511,0.00021275751,0.0009714959,6.626827e-05,8.06956e-05,3.5071291e-06,0.017092614,0.9658838
/home/leo/Documentos/mestrado/DeepWeeds-Mobile/images/20170728-124656-2.jpg,4,4,4,4,1,0.9971553,1.381902e-05,5.3236255e-07,1.4226829e-06,0.00031979795,0.9971553,1.8855746e-07,9.457379e-10,8.285171e-06,0.0025006551
/home/leo/Documentos/mestrado/DeepWeeds-Mobile/images/20180125-131225-2.jpg,8,8,8,8,1,0.996856,3.2785e-05,0.0023013623,5.0305604e-05,0.00043647803,2.2609389e-05,3.6670495e-05,0.00015722384,0.00010661077,0.996856
/home/leo/Documentos/mestrado/DeepWeeds-Mobile/images/20170913-115201-2.jpg,5,5,5,5,1,0.9990396,2.3203804e-10,5.5213373e-12,2.9423838e-06,0.0008351679,0.00011396622,0.9990396,1.9834903e-09,1.9955564e-10,8.2389015e-06
/home/leo/Documentos/mestrado/DeepWeeds-Mobile/images/20171025-095649-2.jpg,3,3,3,3,1,0.78603107,0.0005814799,1.10061e-05,0.0005672154,0.78603107,0.17528467,2.1260107e-08,1.2216659e-09,0.00035968525,0.037164718
/home/leo/Documentos/mestrado/DeepWeeds-Mobile/images/20171113-120954-1.jpg,6,6,6,6,1,0.99680114,3.4343338e-06,0.00011656541,9.54743e-07,5.815803e-07,1.5077846e-07,1.7069272e-08,0.99680114,5.695083e-06,0.0030714455
/home/leo/Documentos/mestrado/DeepWeeds-Mobile/images/20170729-154609-3.jpg,4,4,4,4,1,0.99749017,2.3853068e-05,2.643002e-07,0.00085227465,0.0001799418,0.99749017,2.0126938e-06,4.141234e-09,0.0011944189,0.0002571279
/home/leo/Documentos/mestrado/DeepWeeds-Mobile/images/20180322-114438-2.jpg,8,8,8,8,1,0.97494125,0.014499342,0.0003606359,2.6297854e-05,0.0005551409,0.0022476777,0.00021159243,2.726322e-08,0.0071578817,0.97494125
/home/leo/Documentos/mestrado/DeepWeeds-Mobile/images/20170217-114813-0.jpg,7,7,7,7,1,0.5929719,0.38167265,0.010872358,8.257827e-08,2.320058e-08,3.765285e-09,9.304252e-05,0.013247912,0.5929719,0.0011420468
/home/leo/Documentos/mestrado/DeepWeeds-Mobile/images/20171025-074750-2.jpg,3,8,3,8,0,0.7276609,0.0006984102,0.0005232969,3.2317985e-08,0.26606628,7.382998e-05,1.2022093e-07,2.1287584e-05,0.0049558715,0.7276609
/home/leo/Documentos/mestrado/DeepWeeds-Mobile/images/20170210-131218-0.jpg,7,7,7,7,1,0.99422777,0.002992955,8.0585596e-07,1.5939158e-08,5.659894e-09,3.3399905e-09,1.6835638e-06,2.2875097e-06,0.99422777,0.0027745154
/home/leo/Documentos/mestrado/DeepWeeds-Mobile/images/20170714-113807-2.jpg,1,1,1,1,1,0.42282143,0.04865961,0.42282143,0.00017337245,0.00058985467,0.0004996525,0.018232096,0.0073101595,0.19458224,0.30713156
/home/leo/Documentos/mestrado/DeepWeeds-Mobile/images/20180322-113817-1.jpg,8,8,8,8,1,0.99311525,5.6375706e-05,0.0027260382,6.650621e-08,7.760744e-05,5.1943607e-07,0.0038661838,1.8483852e-05,0.00013950607,0.99311525
/home/leo/Documentos/mestrado/DeepWeeds-Mobile/images/20180109-101504-1.jpg,8,8,8,8,1,0.98481154,0.00812797,1.5734113e-05,0.005330691,0.00074965996,0.00017102028,4.550027e-06,7.187746e-07,0.00078802573,0.98481154
/home/leo/Documentos/mestrado/DeepWeeds-Mobile/images/20180125-132826-2.jpg,8,8,8,8,1,0.9998814,3.8600633e-06,6.979518e-05,6.026823e-12,1.8750177e-05,1.1167839e-06,8.6679066e-08,1.4422695e-08,2.5034726e-05,0.9998814
/home/leo/Documentos/mestrado/DeepWeeds-Mobile/images/20170729-091718-1.jpg,4,4,4,4,1,0.89033914,0.006635259,0.00039553287,0.001472923,0.01420951,0.89033914,6.514966e-05,1.5151201e-06,0.053096525,0.033784453
/home/leo/Documentos/mestrado/DeepWeeds-Mobile/images/20180105-095305-2.jpg,8,8,8,8,1,0.85667247,4.2484215e-05,5.105516e-05,0.00013920528,1.632554e-05,1.919267e-05,1.4903972e-06,0.14298007,7.7690805e-05,0.85667247
/home/leo/Documentos/mestrado/DeepWeeds-Mobile/images/20170706-112058-0.jpg,7,7,7,7,1,0.7323289,0.08515567,0.005608284,0.00029753573,0.0058591613,0.0024155194,0.0005163502,3.262334e-05,0.7323289,0.1677859
/home/leo/Documentos/mestrado/DeepWeeds-Mobile/images/20170728-152111-3.jpg,8,4,8,4,0,0.9980652,0.0005834382,1.1920499e-06,1.5200441e-06,0.00011542787,0.9980652,3.4252782e-05,9.8451425e-09,0.00014406965,0.0010548552
/home/leo/Documentos/mestrado/DeepWeeds-Mobile/images/20171102-120802-3.jpg,2,2,2,2,1,0.9992801,1.0143858e-07,7.002356e-10,0.9992801,5.6202393e-06,4.419453e-06,4.9058574e-08,2.4590323e-11,1.8634605e-08,0.0007095877
/home/leo/Documentos/mestrado/DeepWeeds-Mobile/images/20170913-110339-1.jpg,3,3,3,3,1,0.9940203,1.5289997e-06,5.2268724e-08,5.15159e-05,0.9940203,0.005466228,2.1728404e-06,2.9218201e-09,2.6292219e-06,0.00045552093
/home/leo/Documentos/mestrado/DeepWeeds-Mobile/images/20180125-093935-1.jpg,8,8,8,8,1,0.99642897,1.40744105e-05,4.4693907e-06,1.5098859e-05,0.000340843,0.0030692418,9.505809e-06,0.00011657891,1.1986704e-06,0.99642897
/home/leo/Documentos/mestrado/DeepWeeds-Mobile/images/20171113-123919-1.jpg,6,6,6,6,1,0.99983823,1.0533377e-08,9.976465e-05,5.791455e-09,7.414946e-09,2.3931288e-10,9.288694e-08,0.99983823,4.6887126e-07,6.141704e-05
/home/leo/Documentos/mestrado/DeepWeeds-Mobile/images/20180109-095320-2.jpg,8,8,8,8,1,0.7752947,0.011824752,7.4766804e-06,0.18388548,0.0029883916,0.00014060276,2.2948458e-05,2.209701e-07,0.025835445,0.7752947
/home/leo/Documentos/mestrado/DeepWeeds-Mobile/images/20170811-163711-1.jpg,0,8,0,8,0,0.9367993,0.05011913,7.757081e-06,6.797553e-09,3.6926245e-08,4.1203794e-08,0.009968268,1.522002e-05,0.0030902526,0.9367993
/home/leo/Documentos/mestrado/DeepWeeds-Mobile/images/20170705-162133-0.jpg,8,8,8,8,1,0.7564992,0.03693665,0.05147467,2.9299006e-05,0.057177134,0.018388584,0.00027177006,2.0111465e-05,0.07920261,0.7564992
/home/leo/Documentos/mestrado/DeepWeeds-Mobile/images/20171212-100235-1.jpg,8,8,8,8,1,0.99999726,9.500782e-08,1.7994943e-09,2.4202196e-16,2.114496e-06,2.174687e-12,4.8451517e-07,3.7834983e-12,9.855287e-09,0.99999726
/home/leo/Documentos/mestrado/DeepWeeds-Mobile/images/20171109-071206-1.jpg,5,5,5,5,1,0.9284284,2.5738666e-06,0.0045304466,8.9949324e-08,5.5105872e-08,5.294092e-09,0.9284284,0.029810859,5.255189e-05,0.03717505
/home/leo/Documentos/mestrado/DeepWeeds-Mobile/images/20170920-190809-1.jpg,2,2,2,2,1,0.9867014,1.0562782e-05,4.9345533e-07,0.9867014,0.00014424777,0.009446279,0.00036411546,5.005531e-05,7.2164033e-07,0.0032821065
/home/leo/Documentos/mestrado/DeepWeeds-Mobile/images/20170501-142705-0.jpg,1,1,1,1,1,0.8120406,0.017598804,0.8120406,4.5689958e-07,3.2061462e-06,5.1395764e-06,0.006176533,0.030375937,0.081304,0.05249537
/home/leo/Documentos/mestrado/DeepWeeds-Mobile/images/20180125-091420-2.jpg,8,8,8,8,1,0.999408,0.0001845466,0.00013240105,1.7900871e-07,4.4832614e-06,1.3429387e-05,0.00022643406,2.543317e-07,3.0252768e-05,0.999408
/home/leo/Documentos/mestrado/DeepWeeds-Mobile/images/20170729-085956-2.jpg,4,4,4,4,1,0.9946853,2.8995311e-05,2.8847336e-07,0.00040083748,0.00042724956,0.9946853,1.6966052e-08,3.8230867e-09,0.0012715152,0.0031858108
/home/leo/Documentos/mestrado/DeepWeeds-Mobile/images/20170718-132309-2.jpg,7,7,7,7,1,0.79781884,0.062192198,0.024750937,1.4736603e-05,0.087754965,0.0006282205,7.87518e-06,0.00016361078,0.79781884,0.02666856
/home/leo/Documentos/mestrado/DeepWeeds-Mobile/images/20180125-095252-2.jpg,8,8,8,8,1,0.9836358,8.3344116e-07,3.7777856e-05,3.4670993e-06,0.0016801308,9.029684e-06,0.01224249,0.0023869784,3.6058937e-06,0.9836358
/home/leo/Documentos/mestrado/DeepWeeds-Mobile/images/20171113-091705-3.jpg,5,5,5,5,1,0.99864286,7.968156e-05,1.052652e-05,6.5187066e-07,3.3866633e-07,1.0990445e-06,0.99864286,1.2301158e-06,1.6145343e-06,0.00126215
/home/leo/Documentos/mestrado/DeepWeeds-Mobile/images/20180105-094850-3.jpg,8,8,8,8,1,0.9848653,2.9056837e-05,1.6620266e-05,0.0040831086,4.1543197e-05,0.00023680659,4.0872496e-07,0.010639913,8.7275184e-05,0.9848653
/home/leo/Documentos/mestrado/DeepWeeds-Mobile/images/20170913-104809-2.jpg,3,3,3,3,1,0.8850887,9.462835e-05,4.3753596e-05,5.9892143e-05,0.8850887,0.031444818,0.00037625252,2.4858501e-08,6.170205e-05,0.08283012
/home/leo/Documentos/mestrado/DeepWeeds-Mobile/images/20170913-104726-2.jpg,3,3,3,3,1,0.96824014,7.810481e-06,1.7354554e-07,1.8081945e-06,0.96824014,0.02744022,9.531898e-05,1.6260549e-07,3.5995101e-06,0.0042108456
/home/leo/Documentos/mestrado/DeepWeeds-Mobile/images/20170920-192102-1.jpg,2,2,2,2,1,0.74431235,0.028069604,5.0475464e-06,0.74431235,0.0033883478,0.17935635,2.8737859e-05,2.3683288e-06,0.009797886,0.035039306
/home/leo/Documentos/mestrado/DeepWeeds-Mobile/images/20171219-114344-2.jpg,8,8,8,8,1,0.89968884,0.000636618,1.5487096e-05,8.68814e-05,0.09605209,0.003201982,1.116295e-05,6.598384e-07,0.00030628545,0.89968884
/home/leo/Documentos/mestrado/DeepWeeds-Mobile/images/20180109-075540-2.jpg,8,8,8,8,1,0.9481011,9.082021e-06,0.0001384578,0.00051671435,1.2729089e-05,1.7253002e-05,2.5704176e-05,0.051177613,1.30492e-06,0.9481011
/home/leo/Documentos/mestrado/DeepWeeds-Mobile/images/20180119-114957-2.jpg,8,8,8,8,1,0.99242806,0.0012417826,0.0003834728,1.1152214e-07,4.318148e-06,5.6224433e-08,0.005564949,7.843383e-06,0.0003696156,0.99242806
/home/leo/Documentos/mestrado/DeepWeeds-Mobile/images/20171025-092937-2.jpg,3,8,3,8,0,0.5390015,0.031114122,0.0005226661,0.006740572,0.41145352,0.00123164,1.2448558e-05,1.4497782e-06,0.009922102,0.5390015
/home/leo/Documentos/mestrado/DeepWeeds-Mobile/images/20180112-091313-2.jpg,8,8,8,8,1,0.971275,0.0129114315,4.61572e-06,0.0013287165,0.00016647048,3.3840755e-05,1.3799872e-06,9.73389e-09,0.014278574,0.971275
/home/leo/Documentos/mestrado/DeepWeeds-Mobile/images/20180322-124734-1.jpg,8,8,8,8,1,0.99998796,1.2033814e-07,8.2912335e-09,3.0152178e-10,2.1355115e-08,2.5291597e-06,9.268379e-06,6.095295e-08,1.1271415e-09,0.99998796
/home/leo/Documentos/mestrado/DeepWeeds-Mobile/images/20180119-115052-1.jpg,8,8,8,8,1,0.9204506,0.010323109,0.012512315,0.000118684264,0.007374926,0.002591707,0.0011094412,0.0051477873,0.040371317,0.9204506
/home/leo/Documentos/mestrado/DeepWeeds-Mobile/images/20170210-142338-0.jpg,7,7,7,7,1,0.99304694,0.005903319,0.00019479661,3.9133347e-06,8.783625e-08,1.17332604e-07,0.00032181438,3.6893624e-08,0.99304694,0.0005289637
/home/leo/Documentos/mestrado/DeepWeeds-Mobile/images/20170210-131600-0.jpg,7,7,7,7,1,0.99121106,0.0010712236,0.00015152697,8.273012e-07,6.5546786e-09,7.133615e-08,6.0458176e-05,9.678687e-06,0.99121106,0.0074952114
/home/leo/Documentos/mestrado/DeepWeeds-Mobile/images/20170522-123458-0.jpg,1,1,1,1,1,0.5677723,0.06734708,0.5677723,9.663497e-08,0.00068579847,1.5794254e-06,0.119072795,0.15080312,0.013058558,0.08125866
/home/leo/Documentos/mestrado/DeepWeeds-Mobile/images/20171113-134408-1.jpg,6,8,6,8,0,0.51684433,0.0035372435,0.00095601927,0.10525451,0.0055351765,0.01867291,2.0975525e-05,0.3423418,0.0068369997,0.51684433
/home/leo/Documentos/mestrado/DeepWeeds-Mobile/images/20180322-120644-2.jpg,8,8,8,8,1,0.99932724,0.00016557412,0.00017676868,7.83706e-06,0.00014086792,0.0001121484,4.801024e-05,8.087458e-09,2.1507207e-05,0.99932724
/home/leo/Documentos/mestrado/DeepWeeds-Mobile/images/20180125-134446-3.jpg,8,8,8,8,1,0.9779659,0.0005452933,0.0019338736,0.0005792885,0.00973219,0.0014621671,2.2086076e-06,0.0054698535,0.00230923,0.9779659
/home/leo/Documentos/mestrado/DeepWeeds-Mobile/images/20170913-103518-2.jpg,3,3,3,3,1,0.9987036,4.090737e-08,1.7020617e-09,0.0005962888,0.9987036,0.00037643043,5.009897e-06,1.315774e-08,2.4870792e-07,0.0003183956
/home/leo/Documentos/mestrado/DeepWeeds-Mobile/images/20180119-110023-1.jpg,8,8,8,8,1,0.90997565,0.004338546,0.0077190115,4.0133218e-05,0.018423747,0.0009867715,0.0012251834,0.0010556917,0.056235142,0.90997565
/home/leo/Documentos/mestrado/DeepWeeds-Mobile/images/20171025-075121-3.jpg,3,3,3,3,1,0.9867599,1.4188067e-06,2.6845728e-05,3.5740313e-13,0.9867599,6.157589e-09,2.9279428e-09,3.18584e-08,2.901684e-06,0.0132088335
/home/leo/Documentos/mestrado/DeepWeeds-Mobile/images/20170714-111548-2.jpg,1,1,1,1,1,0.9999461,1.6501932e-07,0.9999461,1.0745631e-15,9.609316e-15,3.4372379e-15,4.4508414e-11,1.01579786e-07,5.3624826e-05,7.682426e-09
/home/leo/Documentos/mestrado/DeepWeeds-Mobile/images/20170217-145123-0.jpg,7,7,7,7,1,0.9882543,0.01088638,3.4726895e-07,1.5266237e-07,4.1425355e-10,2.5961637e-09,9.865705e-05,6.111934e-06,0.9882543,0.00075408496
/home/leo/Documentos/mestrado/DeepWeeds-Mobile/images/20180109-100653-1.jpg,8,8,8,8,1,0.9285357,0.00019841958,2.3401035e-05,0.013258582,0.05772223,7.4050986e-05,1.2894458e-05,2.8803612e-07,0.00017430792,0.9285357
/home/leo/Documentos/mestrado/DeepWeeds-Mobile/images/20170714-120336-3.jpg,1,1,1,1,1,0.99966323,2.1594308e-06,0.99966323,3.5291305e-12,2.1035325e-07,5.2641117e-11,9.8642925e-09,0.00025495177,1.8374007e-05,6.1086044e-05
/home/leo/Documentos/mestrado/DeepWeeds-Mobile/images/20171113-145022-1.jpg,6,6,6,6,1,0.9788995,5.8606252e-05,6.901698e-05,0.00038066396,1.367863e-05,0.00027154875,7.9286156e-07,0.9788995,1.0937373e-05,0.020295205
/home/leo/Documentos/mestrado/DeepWeeds-Mobile/images/20170715-174216-1.jpg,1,6,1,6,0,0.8023964,5.17556e-10,0.19755974,3.5306406e-12,2.6102611e-09,3.1814594e-12,6.6612658e-09,0.8023964,3.515817e-08,4.3811233e-05
/home/leo/Documentos/mestrado/DeepWeeds-Mobile/images/20171121-091151-3.jpg,6,6,6,6,1,0.98137605,1.172916e-05,0.016139546,8.8447145e-08,2.3663162e-05,7.9611084e-07,5.264027e-06,0.98137605,0.00043567052,0.0020071934
/home/leo/Documentos/mestrado/DeepWeeds-Mobile/images/20180105-101221-3.jpg,8,8,8,8,1,0.97803545,0.00011960374,6.2085826e-05,0.00034733422,0.0004809378,0.020509575,4.84163e-07,8.266414e-05,0.00036181373,0.97803545
/home/leo/Documentos/mestrado/DeepWeeds-Mobile/images/20170714-143453-2.jpg,1,1,1,1,1,0.9969618,4.1137144e-05,0.9969618,1.508763e-08,1.171221e-06,5.0338866e-09,3.572823e-07,0.0009241895,0.0009430955,0.0011282542
/home/leo/Documentos/mestrado/DeepWeeds-Mobile/images/20180322-105013-1.jpg,8,8,8,8,1,0.5710911,0.018706944,0.001753118,9.382606e-05,0.028494246,0.37361228,2.6210564e-05,2.4651738e-08,0.00622219,0.5710911
/home/leo/Documentos/mestrado/DeepWeeds-Mobile/images/20170217-144419-0.jpg,7,7,7,7,1,0.9165359,0.040265393,3.627132e-05,6.2666084e-05,3.9683273e-06,4.875869e-06,0.00030654712,1.7868112e-07,0.9165359,0.04278418
/home/leo/Documentos/mestrado/DeepWeeds-Mobile/images/20180125-092521-2.jpg,8,8,8,8,1,0.9810384,0.00015137112,1.59346e-05,0.0044983877,0.0006035034,0.01359599,7.444693e-05,1.5953487e-05,6.1002206e-06,0.9810384
/home/leo/Documentos/mestrado/DeepWeeds-Mobile/images/20170811-111153-1.jpg,0,0,0,0,1,0.99982643,0.99982643,7.1321665e-07,1.5179011e-10,3.8306314e-10,2.1940084e-08,1.3392864e-06,8.070947e-10,7.0870716e-05,0.00010062035
/home/leo/Documentos/mestrado/DeepWeeds-Mobile/images/20170217-100534-0.jpg,7,8,7,8,0,0.96757764,0.0064232093,3.2544067e-06,3.1520117e-06,3.862493e-06,4.3732416e-07,2.1872582e-05,1.0275767e-05,0.025956359,0.96757764
/home/leo/Documentos/mestrado/DeepWeeds-Mobile/images/20180322-111858-2.jpg,8,8,8,8,1,0.99242884,0.00024147237,0.0006338866,0.0050883293,0.0012711594,0.00010832062,0.00013381257,3.250083e-07,9.386472e-05,0.99242884
/home/leo/Documentos/mestrado/DeepWeeds-Mobile/images/20171102-120349-2.jpg,2,2,2,2,1,0.9999747,6.65771e-09,4.254636e-11,0.9999747,2.3979462e-07,1.9796014e-05,1.2628276e-09,1.8391967e-11,4.681432e-10,5.2835426e-06
/home/leo/Documentos/mestrado/DeepWeeds-Mobile/images/20171113-095350-1.jpg,5,8,5,8,0,0.5072529,0.0028543507,0.0020686246,4.57156e-05,0.0027319912,8.936802e-07,0.47828832,0.0038175404,0.0029396468,0.5072529
/home/leo/Documentos/mestrado/DeepWeeds-Mobile/images/20171102-093641-2.jpg,4,8,4,8,0,0.5586059,0.00018692199,0.00080212805,0.01655801,0.0004950567,0.0009742919,1.1349502e-05,0.4222349,0.00013134333,0.5586059
/home/leo/Documentos/mestrado/DeepWeeds-Mobile/images/20180105-101239-2.jpg,8,8,8,8,1,0.48207387,0.00027271963,0.00026188124,0.42525834,0.00162614,0.006163396,6.1264353e-07,0.08404867,0.00029434246,0.48207387
/home/leo/Documentos/mestrado/DeepWeeds-Mobile/images/20170728-153656-1.jpg,4,4,4,4,1,0.9919171,7.402128e-05,2.1253977e-07,0.00024655764,9.552764e-05,0.9919171,2.622108e-06,1.1887421e-07,5.3998424e-06,0.0076584634
/home/leo/Documentos/mestrado/DeepWeeds-Mobile/images/20170627-105314-0.jpg,0,8,0,8,0,0.8853449,0.0021391292,0.0015015393,0.055700622,0.01974267,0.021154046,1.7261535e-05,8.224234e-05,0.01431762,0.8853449
/home/leo/Documentos/mestrado/DeepWeeds-Mobile/images/20161207-110837-0.jpg,0,0,0,0,1,0.97297984,0.97297984,0.0002651293,4.0372814e-07,6.46209e-06,3.540337e-09,0.00015014446,6.7126916e-07,0.020850398,0.005746968
/home/leo/Documentos/mestrado/DeepWeeds-Mobile/images/20171121-181134-2.jpg,6,6,6,6,1,0.5850398,0.0010159988,0.00013262146,8.688734e-08,1.9322446e-05,1.0866275e-07,6.450977e-07,0.5850398,0.036428373,0.377363
/home/leo/Documentos/mestrado/DeepWeeds-Mobile/images/20180112-082201-1.jpg,8,8,8,8,1,0.551395,0.22215329,5.867663e-06,0.003884035,0.034218483,0.00038532855,4.3980172e-08,1.5510807e-08,0.1879579,0.551395
/home/leo/Documentos/mestrado/DeepWeeds-Mobile/images/20180112-071514-2.jpg,8,4,8,4,0,0.9077842,0.00019033988,5.2583473e-05,0.049555905,0.0013663709,0.9077842,5.0968983e-06,2.8832801e-05,0.00088198215,0.040134713
/home/leo/Documentos/mestrado/DeepWeeds-Mobile/images/20180109-071515-1.jpg,8,8,8,8,1,0.9993513,3.0582665e-09,3.5484058e-07,8.6472704e-05,2.3340881e-08,3.873859e-08,5.2553714e-06,0.00055656105,1.1069189e-09,0.9993513
/home/leo/Documentos/mestrado/DeepWeeds-Mobile/images/20180112-071608-2.jpg,8,8,8,8,1,0.9694151,0.0015383641,0.0065515693,7.205991e-05,0.009222159,0.0033285592,1.1791183e-06,7.685319e-06,0.009863258,0.9694151
/home/leo/Documentos/mestrado/DeepWeeds-Mobile/images/20170711-121556-0.jpg,0,8,0,8,0,0.47031763,0.39663985,0.0020894473,0.028992107,0.025570696,0.0014123995,0.042627398,0.00068642345,0.031663984,0.47031763
/home/leo/Documentos/mestrado/DeepWeeds-Mobile/images/20170913-100856-3.jpg,5,5,5,5,1,0.9511672,0.00035698392,2.4675574e-05,0.029604917,0.00051786704,0.0075989314,0.9511672,4.7976246e-05,0.000104405706,0.010576959
/home/leo/Documentos/mestrado/DeepWeeds-Mobile/images/20180109-073223-1.jpg,8,8,8,8,1,0.9169579,0.029032717,0.008412127,6.8976005e-05,0.006199458,7.315786e-05,8.742795e-06,0.037173554,0.002073409,0.9169579
/home/leo/Documentos/mestrado/DeepWeeds-Mobile/images/20170210-132217-0.jpg,7,1,7,1,0,0.4036169,0.0077821487,0.4036169,5.089445e-06,4.3511372e-06,5.5466177e-08,5.0665807e-05,0.035479456,0.36706945,0.18599193
/home/leo/Documentos/mestrado/DeepWeeds-Mobile/images/20180119-105823-1.jpg,8,8,8,8,1,0.6759013,0.0090895835,0.018489914,5.692549e-05,0.00040599506,3.685544e-05,0.00039411604,0.29008755,0.005537777,0.6759013
/home/leo/Documentos/mestrado/DeepWeeds-Mobile/images/20170727-153048-1.jpg,8,4,8,4,0,0.91352046,0.00039383487,1.6426876e-06,0.07998112,0.0023341614,0.91352046,4.091809e-05,3.9059678e-08,0.0006730403,0.0030547755
/home/leo/Documentos/mestrado/DeepWeeds-Mobile/images/20171217-183514-2.jpg,8,5,8,5,0,0.890906,0.003664659,0.00023993035,2.8690401e-09,4.002391e-07,3.2132033e-07,0.890906,3.432739e-06,0.001972234,0.10321304
/home/leo/Documentos/mestrado/DeepWeeds-Mobile/images/20171113-132354-0.jpg,6,6,6,6,1,0.9968393,1.4796153e-06,0.00013248915,1.3659828e-05,3.3888264e-05,1.5328015e-07,6.184883e-07,0.9968393,1.3984383e-06,0.002977057
/home/leo/Documentos/mestrado/DeepWeeds-Mobile/images/20170129-103320-0.jpg,8,8,8,8,1,0.76117265,0.00035562037,0.2341185,1.4008004e-09,0.0017335544,3.9559106e-07,0.00051199127,0.0015529919,0.0005544116,0.76117265
/home/leo/Documentos/mestrado/DeepWeeds-Mobile/images/20171203-174410-3.jpg,8,8,8,8,1,0.97588056,0.001815019,0.006274775,1.9573013e-08,0.0003819282,3.5124594e-05,0.0002401647,8.1189e-05,0.015291138,0.97588056
/home/leo/Documentos/mestrado/DeepWeeds-Mobile/images/20171025-082541-1.jpg,3,8,3,8,0,0.99015313,0.0015331528,8.270053e-06,1.2715046e-05,0.004363343,0.0016130651,8.062086e-09,2.7528926e-09,0.002316257,0.99015313
/home/leo/Documentos/mestrado/DeepWeeds-Mobile/images/20171102-102657-3.jpg,2,2,2,2,1,0.999912,3.996766e-09,1.0863543e-09,0.999912,4.25029e-07,1.7379078e-05,2.86686e-10,2.593471e-11,9.521877e-10,7.007932e-05
/home/leo/Documentos/mestrado/DeepWeeds-Mobile/images/20171113-102459-1.jpg,5,5,5,5,1,0.99680614,6.100141e-06,4.3442287e-05,1.8044975e-11,1.08580444e-07,1.1485235e-11,0.99680614,0.00023562816,4.589888e-06,0.0029038936
/home/leo/Documentos/mestrado/DeepWeeds-Mobile/images/20171102-115858-3.jpg,2,2,2,2,1,0.99980676,1.4585085e-07,2.9321587e-10,0.99980676,1.7971547e-06,3.8986815e-05,8.6199226e-09,2.455078e-11,1.05299724e-08,0.00015229246
/home/leo/Documentos/mestrado/DeepWeeds-Mobile/images/20171220-082818-2.jpg,8,8,8,8,1,0.9912209,0.0044010296,0.00049932394,1.335372e-10,0.0014363258,1.856291e-06,9.0949645e-05,3.1902097e-09,0.0023496344,0.9912209
/home/leo/Documentos/mestrado/DeepWeeds-Mobile/images/20171121-081816-2.jpg,6,6,6,6,1,0.88187194,3.5541806e-08,0.11440849,1.292593e-11,1.7537351e-07,1.4377336e-09,1.6231355e-06,0.88187194,4.0073614e-06,0.0037137452
/home/leo/Documentos/mestrado/DeepWeeds-Mobile/images/20171212-095344-3.jpg,8,3,8,3,0,0.62823135,0.0002036953,9.595736e-06,9.4079155e-07,0.62823135,1.8323173e-05,1.2734107e-06,1.4152604e-06,0.000105649124,0.37142774
/home/leo/Documentos/mestrado/DeepWeeds-Mobile/images/20171113-141411-2.jpg,6,6,6,6,1,0.9284914,0.00036773516,0.00015281701,6.441028e-05,0.0010120561,0.00086929265,0.00072509,0.9284914,0.00085129,0.06746591
/home/leo/Documentos/mestrado/DeepWeeds-Mobile/images/20170913-125052-3.jpg,5,5,5,5,1,0.9994666,6.0887805e-07,5.703462e-09,2.2453473e-06,7.6464356e-05,0.0004125171,0.9994666,6.8090635e-09,2.3351167e-06,3.923186e-05
/home/leo/Documentos/mestrado/DeepWeeds-Mobile/images/20170217-113124-0.jpg,7,7,7,7,1,0.999185,0.0007666231,3.8274825e-07,1.2003987e-09,8.036971e-11,9.775492e-10,3.5093071e-06,1.2334045e-05,0.999185,3.2114353e-05
/home/leo/Documentos/mestrado/DeepWeeds-Mobile/images/20180322-111736-2.jpg,8,8,8,8,1,0.99321836,0.0024679778,0.002442485,8.439625e-06,7.6500626e-05,1.3582424e-05,0.0014273354,1.1212218e-07,0.00034529148,0.99321836
/home/leo/Documentos/mestrado/DeepWeeds-Mobile/images/20170811-123613-2.jpg,0,8,0,8,0,0.9045544,0.06408303,0.0035756784,1.3993093e-06,3.4693287e-05,5.0197e-06,0.022801213,1.3706936e-05,0.0049308212,0.9045544
/home/leo/Documentos/mestrado/DeepWeeds-Mobile/images/20171109-093520-2.jpg,5,5,5,5,1,0.99998116,1.05366915e-08,8.8937685e-07,6.4944536e-16,2.6852702e-12,5.750385e-17,0.99998116,5.7269767e-06,5.45645e-08,1.2214859e-05
/home/leo/Documentos/mestrado/DeepWeeds-Mobile/images/20180119-110445-1.jpg,8,8,8,8,1,0.9264449,0.0017377932,0.024216583,3.6485784e-05,0.014233245,0.00042026295,0.00039409194,0.027587261,0.0049294657,0.9264449
/home/leo/Documentos/mestrado/DeepWeeds-Mobile/images/20170906-094508-1.jpg,3,8,3,8,0,0.7599016,0.008684073,0.0033960792,6.555344e-06,0.19174556,0.004619553,5.305691e-07,7.11882e-08,0.03164602,0.7599016
/home/leo/Documentos/mestrado/DeepWeeds-Mobile/images/20170913-100129-1.jpg,3,3,3,3,1,0.6386058,2.284525e-05,1.170113e-05,0.004540901,0.6386058,0.0023572764,5.564767e-05,6.0195245e-05,9.786021e-05,0.3542478
/home/leo/Documentos/mestrado/DeepWeeds-Mobile/images/20180109-102956-2.jpg,8,8,8,8,1,0.99289787,0.0016471272,0.00023821172,0.00055584795,0.001605993,0.002005945,4.4852623e-05,1.7822859e-07,0.0010039677,0.99289787
/home/leo/Documentos/mestrado/DeepWeeds-Mobile/images/20171102-102154-1.jpg,2,8,2,8,0,0.6863959,0.018654326,0.0077531524,0.008390015,0.18402925,0.079820506,3.5587676e-05,0.0003080211,0.014613313,0.6863959
/home/leo/Documentos/mestrado/DeepWeeds-Mobile/images/20180109-065909-2.jpg,8,8,8,8,1,0.94183004,1.7417186e-05,0.0025154082,0.012847627,0.000103329454,0.00049059256,0.0010169431,0.041101735,7.687344e-05,0.94183004
/home/leo/Documentos/mestrado/DeepWeeds-Mobile/images/20180119-111709-2.jpg,8,8,8,8,1,0.95931774,0.019308917,0.01327785,1.1846359e-05,0.00037943196,6.5544176e-05,0.0033217077,0.0004602459,0.0038567244,0.95931774
/home/leo/Documentos/mestrado/DeepWeeds-Mobile/images/20170920-095231-1.jpg,2,2,2,2,1,0.9983895,4.5809787e-09,6.5110265e-07,0.9983895,2.246227e-07,2.4745948e-05,2.7348806e-08,8.105357e-06,4.947755e-08,0.0015767721
/home/leo/Documentos/mestrado/DeepWeeds-Mobile/images/20171212-105731-3.jpg,8,8,8,8,1,0.67715764,0.00819428,0.19762523,8.084914e-05,0.0024968318,0.00020253568,0.00062429666,0.075456314,0.038162075,0.67715764
/home/leo/Documentos/mestrado/DeepWeeds-Mobile/images/20171212-093729-3.jpg,8,8,8,8,1,0.9612929,0.014004361,0.0001541376,0.0013718085,0.017942542,0.0029310298,0.0017725563,2.4742065e-05,0.0005059482,0.9612929
/home/leo/Documentos/mestrado/DeepWeeds-Mobile/images/20180125-101627-2.jpg,8,8,8,8,1,0.98565936,9.568176e-06,1.7708675e-05,0.0013517963,0.011525003,0.0006355582,0.00039659045,0.00036124612,4.3180593e-05,0.98565936
/home/leo/Documentos/mestrado/DeepWeeds-Mobile/images/20171102-104723-1.jpg,2,2,2,2,1,0.94192743,7.3115953e-06,1.0100038e-06,0.94192743,0.0012381597,0.00047114154,2.6830376e-06,5.89583e-07,1.4106627e-06,0.05635031
/home/leo/Documentos/mestrado/DeepWeeds-Mobile/images/20180112-081438-2.jpg,8,8,8,8,1,0.59556097,0.22449142,3.328639e-05,0.029265333,0.06021225,0.034310225,4.617681e-06,6.2376393e-09,0.056121983,0.59556097
/home/leo/Documentos/mestrado/DeepWeeds-Mobile/images/20161207-111850-0.jpg,0,8,0,8,0,0.8459274,0.0915899,0.037661124,2.2949555e-08,0.0036598048,4.5263076e-07,0.009025773,0.0022087367,0.009926792,0.8459274
/home/leo/Documentos/mestrado/DeepWeeds-Mobile/images/20170207-142523-0.jpg,7,7,7,7,1,0.5990092,0.39596474,0.00019594823,1.09917146e-07,4.220709e-09,6.317219e-10,1.4375397e-05,6.3918314e-06,0.5990092,0.0048092413
/home/leo/Documentos/mestrado/DeepWeeds-Mobile/images/20180109-071242-1.jpg,8,8,8,8,1,0.675812,2.4669316e-07,8.996829e-06,2.8349128e-05,1.5613196e-06,1.930294e-06,5.7061504e-07,0.32414532,1.0113617e-06,0.675812
/home/leo/Documentos/mestrado/DeepWeeds-Mobile/images/20180322-115146-2.jpg,8,8,8,8,1,0.9996079,0.00012274766,9.538825e-05,3.0582552e-07,2.122675e-05,1.3718318e-05,0.00012429077,1.7346482e-08,1.43227835e-05,0.9996079
/home/leo/Documentos/mestrado/DeepWeeds-Mobile/images/20170727-093918-1.jpg,8,2,8,2,0,0.9898752,3.4490397e-05,8.35509e-07,0.9898752,0.0004139983,0.006095688,6.913902e-05,3.1175678e-05,1.8549319e-05,0.003460981
/home/leo/Documentos/mestrado/DeepWeeds-Mobile/images/20171113-165039-0.jpg,6,6,6,6,1,0.9993301,2.5745712e-09,0.00065183896,1.5788586e-12,4.6919936e-08,1.3371541e-12,2.9430277e-07,0.9993301,3.1807495e-08,1.7594297e-05
/home/leo/Documentos/mestrado/DeepWeeds-Mobile/images/20171212-094427-3.jpg,8,8,8,8,1,0.96627444,0.0002672527,4.725094e-05,5.3695772e-09,0.033307344,1.474884e-06,1.5515025e-05,3.5366963e-06,8.320501e-05,0.96627444
/home/leo/Documentos/mestrado/DeepWeeds-Mobile/images/20161207-144902-0.jpg,0,0,0,0,1,0.5998779,0.5998779,0.039875455,0.00793483,0.0010759269,0.0015170036,0.011320661,9.256403e-05,0.06371946,0.27458617
/home/leo/Documentos/mestrado/DeepWeeds-Mobile/images/20180125-095929-1.jpg,8,8,8,8,1,0.9557881,3.3752776e-06,2.2850658e-05,0.00012358629,1.8673833e-05,3.1062236e-06,8.30466e-06,0.04402961,2.384665e-06,0.9557881
/home/leo/Documentos/mestrado/DeepWeeds-Mobile/images/20170906-092748-1.jpg,3,8,3,8,0,0.70245045,0.0016991148,0.00196931,0.011986822,0.14332607,0.12767798,6.103003e-06,0.00012007926,0.010764037,0.70245045
/home/leo/Documentos/mestrado/DeepWeeds-Mobile/images/20180119-114015-2.jpg,8,8,8,8,1,0.9605324,0.002440405,0.002636716,0.00023801213,0.00032347895,0.00016049709,5.5820317e-05,0.03297911,0.0006334981,0.9605324
/home/leo/Documentos/mestrado/DeepWeeds-Mobile/images/20180109-075655-2.jpg,8,8,8,8,1,0.63679814,5.9902937e-05,0.0018505001,0.0010717977,2.498591e-05,0.0002475441,7.711197e-05,0.3594667,0.0004033708,0.63679814
/home/leo/Documentos/mestrado/DeepWeeds-Mobile/images/20180125-131424-3.jpg,8,8,8,8,1,0.97835594,0.0036412,0.0046608695,4.093349e-05,0.0017863837,0.0021329613,2.8192599e-06,4.6402038e-05,0.009332475,0.97835594
/home/leo/Documentos/mestrado/DeepWeeds-Mobile/images/20180105-095915-2.jpg,8,8,8,8,1,0.9927538,1.9280476e-07,1.8742062e-06,0.00034854765,1.9333671e-05,2.1459795e-05,3.7678824e-08,0.006854196,4.7536682e-07,0.9927538
/home/leo/Documentos/mestrado/DeepWeeds-Mobile/images/20180125-095841-1.jpg,8,8,8,8,1,0.9992902,3.329369e-08,1.1230755e-06,3.9690813e-06,8.992418e-06,4.03685e-07,1.234553e-06,0.00069370767,3.7932494e-07,0.9992902
/home/leo/Documentos/mestrado/DeepWeeds-Mobile/images/20170728-153457-3.jpg,8,8,8,8,1,0.5811362,0.03243145,0.007534916,0.08018804,0.02947376,0.10647841,0.00020938437,0.0028117364,0.15973605,0.5811362
/home/leo/Documentos/mestrado/DeepWeeds-Mobile/images/20180109-094804-2.jpg,8,8,8,8,1,0.98644686,0.0047397087,0.0002359528,0.0023358972,0.004476222,0.00021224868,2.3627896e-05,0.0005804817,0.0009489968,0.98644686
/home/leo/Documentos/mestrado/DeepWeeds-Mobile/images/20171102-120524-2.jpg,2,2,2,2,1,0.9898011,9.043329e-05,1.7318787e-07,0.9898011,0.0013525435,0.007589444,2.6359987e-07,4.57695e-08,1.13061515e-05,0.0011547857
/home/leo/Documentos/mestrado/DeepWeeds-Mobile/images/20180322-105034-1.jpg,8,8,8,8,1,0.9579862,0.016568808,0.005195589,5.393937e-05,0.000112112444,0.0013303098,0.0005167196,1.4256664e-09,0.018236341,0.9579862
/home/leo/Documentos/mestrado/DeepWeeds-Mobile/images/20180125-134652-2.jpg,8,8,8,8,1,0.98953795,9.007611e-05,0.0048160683,0.00021484989,3.5413923e-05,7.155194e-05,0.005136167,1.6042688e-05,8.183014e-05,0.98953795
/home/leo/Documentos/mestrado/DeepWeeds-Mobile/images/20170714-135247-2.jpg,1,1,1,1,1,0.88896793,5.3751097e-07,0.88896793,7.655842e-09,6.841866e-05,4.6733265e-07,3.4705707e-05,0.1055823,0.00010160438,0.0052441675
/home/leo/Documentos/mestrado/DeepWeeds-Mobile/images/20170705-164157-0.jpg,7,7,7,7,1,0.90768427,0.011209537,0.00035116886,7.568393e-05,0.0003092851,0.0029797785,2.81598e-05,1.1910739e-06,0.90768427,0.07736098
/home/leo/Documentos/mestrado/DeepWeeds-Mobile/images/20180322-104233-1.jpg,8,8,8,8,1,0.95577157,0.008050119,0.00018301568,2.9871262e-06,0.0012338812,0.033540282,5.9852728e-06,4.4165076e-09,0.0012122971,0.95577157
/home/leo/Documentos/mestrado/DeepWeeds-Mobile/images/20170727-143646-1.jpg,4,4,4,4,1,0.9428214,0.0030294026,2.7222766e-05,0.01859406,0.0124820955,0.9428214,0.0029421302,6.638566e-06,0.004374315,0.015722742
/home/leo/Documentos/mestrado/DeepWeeds-Mobile/images/20171212-095706-1.jpg,8,8,8,8,1,0.99044037,0.0003598473,0.0034512675,1.6774683e-12,9.524821e-06,9.418347e-09,0.005491314,2.8589152e-06,0.00024479054,0.99044037
/home/leo/Documentos/mestrado/DeepWeeds-Mobile/images/20171205-134734-2.jpg,8,8,8,8,1,0.99731463,0.0012553853,1.3508361e-05,1.0028844e-08,2.947983e-05,2.131863e-06,0.0011029262,5.389387e-07,0.00028132656,0.99731463
/home/leo/Documentos/mestrado/DeepWeeds-Mobile/images/20171203-174056-3.jpg,8,8,8,8,1,0.92303896,8.934633e-05,0.028191062,1.4637572e-05,0.022178438,6.129152e-05,0.0001423913,0.0091328975,0.017150909,0.92303896
/home/leo/Documentos/mestrado/DeepWeeds-Mobile/images/20180322-131610-1.jpg,8,8,8,8,1,0.97893673,0.0049685473,3.73222e-05,0.0039271023,0.00094708765,0.009233031,2.9097706e-05,6.1929046e-07,0.001920456,0.97893673
/home/leo/Documentos/mestrado/DeepWeeds-Mobile/images/20180109-092212-2.jpg,8,8,8,8,1,0.9995028,3.1736436e-05,5.730989e-06,0.00016252426,1.9859246e-05,1.9193927e-05,1.5138536e-05,0.00017728836,6.582562e-05,0.9995028
/home/leo/Documentos/mestrado/DeepWeeds-Mobile/images/20170718-101135-2.jpg,0,8,0,8,0,0.8683772,0.0063027106,0.00091693626,8.651347e-06,0.09610061,0.00032493816,0.00011090529,0.0021652703,0.025692752,0.8683772
/home/leo/Documentos/mestrado/DeepWeeds-Mobile/images/20171113-143259-0.jpg,6,6,6,6,1,0.98501796,0.00032190667,0.0009571758,0.0002581703,0.00062951806,5.202633e-05,4.042881e-06,0.98501796,0.00042071595,0.012338444
/home/leo/Documentos/mestrado/DeepWeeds-Mobile/images/20171113-145207-1.jpg,6,6,6,6,1,0.99952453,1.5468833e-08,0.00017110672,2.6429726e-07,1.2322724e-07,1.22193615e-08,6.347117e-08,0.99952453,3.9637166e-06,0.0002998709
/home/leo/Documentos/mestrado/DeepWeeds-Mobile/images/20170913-095814-1.jpg,3,4,3,4,0,0.61202675,0.0014262648,6.423282e-05,0.000593909,0.27661043,0.61202675,0.01828912,1.1254033e-05,0.006438269,0.08453978
/home/leo/Documentos/mestrado/DeepWeeds-Mobile/images/20170718-101808-2.jpg,0,7,0,7,0,0.46630776,0.10454842,0.07221289,1.4591614e-05,0.00014647725,0.0009993991,0.068852514,0.15193519,0.46630776,0.13498284
/home/leo/Documentos/mestrado/DeepWeeds-Mobile/images/20170727-170453-1.jpg,4,4,4,4,1,0.97119606,0.0008867297,8.7883853e-07,1.4950368e-05,6.435745e-05,0.97119606,4.947768e-09,3.262629e-10,0.027657066,0.0001799199
/home/leo/Documentos/mestrado/DeepWeeds-Mobile/images/20170920-094709-2.jpg,4,1,4,1,0,0.52764064,0.0035269153,0.52764064,8.722384e-05,0.013438629,0.006044401,0.0023263549,0.0035636874,0.1272724,0.31609973
/home/leo/Documentos/mestrado/DeepWeeds-Mobile/images/20171121-084910-1.jpg,6,6,6,6,1,0.9994124,2.027723e-06,0.00012496753,1.0682185e-07,1.7368745e-08,1.1598051e-08,1.1247929e-08,0.9994124,1.07624155e-05,0.00044977758
/home/leo/Documentos/mestrado/DeepWeeds-Mobile/images/20180105-100859-2.jpg,8,8,8,8,1,0.9830227,1.90948e-07,3.085213e-07,0.001200889,1.4734037e-06,9.2336304e-05,7.087014e-08,0.015681894,8.375013e-08,0.9830227
/home/leo/Documentos/mestrado/DeepWeeds-Mobile/images/20161207-144713-0.jpg,7,8,7,8,0,0.5406375,0.1456844,0.047808904,0.075015746,0.00887347,0.00890656,0.03873928,5.0358933e-05,0.13428386,0.5406375
/home/leo/Documentos/mestrado/DeepWeeds-Mobile/images/20170315-085707-0.jpg,8,8,8,8,1,0.53233,0.1483967,0.014672962,0.00028998483,0.0020440698,5.7837235e-05,0.0016167318,7.156999e-05,0.3005202,0.53233
/home/leo/Documentos/mestrado/DeepWeeds-Mobile/images/20171212-094756-1.jpg,8,8,8,8,1,0.9977919,1.7618363e-06,6.879873e-08,3.9981375e-14,0.0022006568,4.6829105e-09,6.786067e-07,8.3048894e-11,4.9662535e-06,0.9977919
/home/leo/Documentos/mestrado/DeepWeeds-Mobile/images/20170714-110629-3.jpg,1,1,1,1,1,0.4797825,0.026340693,0.4797825,0.00043473294,0.00034468682,0.00046632075,0.0002875498,0.11752593,0.3675018,0.007315823
/home/leo/Documentos/mestrado/DeepWeeds-Mobile/images/20171102-094018-1.jpg,4,2,4,2,0,0.50998324,8.615316e-05,4.8009475e-05,0.50998324,0.02383723,0.3779468,1.3708658e-06,8.6384865e-08,5.0153732e-05,0.08804701
/home/leo/Documentos/mestrado/DeepWeeds-Mobile/images/20170920-111712-2.jpg,2,2,2,2,1,0.9945018,1.6274532e-06,1.2116075e-09,0.9945018,1.965289e-05,0.0053276815,2.8701212e-08,5.721016e-09,5.213207e-06,0.00014391443
/home/leo/Documentos/mestrado/DeepWeeds-Mobile/images/20171113-144212-3.jpg,6,6,6,6,1,0.99966854,1.3062332e-07,0.00023533526,9.685144e-09,1.1137672e-08,1.5597929e-09,6.9304356e-08,0.99966854,2.5093007e-06,9.3286755e-05
/home/leo/Documentos/mestrado/DeepWeeds-Mobile/images/20170217-114508-0.jpg,0,8,0,8,0,0.87608933,0.031783845,0.00010956746,2.0496325e-06,4.1501125e-06,2.1782027e-08,0.08149505,0.0022965483,0.008219484,0.87608933
/home/leo/Documentos/mestrado/DeepWeeds-Mobile/images/20180109-074420-2.jpg,8,8,8,8,1,0.65867877,0.0019202401,3.4531337e-07,1.0493656e-09,1.1635958e-08,7.2141904e-07,5.4297045e-05,0.33862963,0.00071601867,0.65867877
/home/leo/Documentos/mestrado/DeepWeeds-Mobile/images/20170630-154813-0.jpg,7,7,7,7,1,0.6904839,0.20775734,0.0023168072,0.00013080332,1.7965092e-06,5.8955425e-07,0.005246246,0.00016760742,0.6904839,0.09389483
/home/leo/Documentos/mestrado/DeepWeeds-Mobile/images/20170217-145927-0.jpg,0,0,0,0,1,0.95257634,0.95257634,0.013597818,6.96075e-08,7.2853936e-07,4.5037547e-09,0.00011726502,3.0122666e-05,0.018904166,0.014773487
/home/leo/Documentos/mestrado/DeepWeeds-Mobile/images/20171121-090047-1.jpg,6,6,6,6,1,0.9997766,2.1866457e-05,0.00018948122,2.0483104e-09,6.232188e-10,1.6437348e-11,2.1146624e-08,0.9997766,3.4166324e-06,8.491109e-06
/home/leo/Documentos/mestrado/DeepWeeds-Mobile/images/20180125-132226-3.jpg,8,8,8,8,1,0.70226586,0.004693037,0.14612979,3.675855e-05,0.009172429,0.001149079,0.00011946376,0.07577,0.06066356,0.70226586
/home/leo/Documentos/mestrado/DeepWeeds-Mobile/images/20171025-090747-2.jpg,3,3,3,3,1,0.9825933,0.0001628548,6.065404e-05,2.3615996e-05,0.9825933,0.0069871726,6.3462036e-09,2.6361137e-08,5.929942e-05,0.010113164
/home/leo/Documentos/mestrado/DeepWeeds-Mobile/images/20180125-091537-1.jpg,8,8,8,8,1,0.9924818,5.0687915e-05,0.0006034504,3.3421864e-05,0.000162309,0.0062830024,5.998945e-06,2.1011708e-07,0.00037918333,0.9924818
/home/leo/Documentos/mestrado/DeepWeeds-Mobile/images/20180105-102419-1.jpg,8,8,8,8,1,0.9712824,2.258037e-07,7.981389e-08,0.0011041816,7.53306e-05,0.027470686,4.7542975e-10,6.286981e-05,4.204004e-06,0.9712824
/home/leo/Documentos/mestrado/DeepWeeds-Mobile/images/20180105-091820-3.jpg,8,8,8,8,1,0.9996046,2.3108932e-08,5.6613512e-08,8.371851e-08,8.865435e-05,1.32242385e-05,1.8370596e-09,0.00029312784,1.5569229e-07,0.9996046
/home/leo/Documentos/mestrado/DeepWeeds-Mobile/images/20171113-094218-3.jpg,5,8,5,8,0,0.98729134,0.0014082646,0.0006976753,0.00039992962,0.00846905,0.0012223207,0.0003570394,2.0792386e-06,0.0001522003,0.98729134
/home/leo/Documentos/mestrado/DeepWeeds-Mobile/images/20171220-101556-1.jpg,8,8,8,8,1,0.99667203,0.0002862205,0.0002627093,1.7356314e-11,4.6652745e-05,2.0425118e-08,0.00012154294,7.6391467e-07,0.002610103,0.99667203
/home/leo/Documentos/mestrado/DeepWeeds-Mobile/images/20171109-071551-1.jpg,5,5,5,5,1,0.8261371,0.0037512563,0.012927475,1.9071143e-06,2.2430524e-05,4.8039404e-08,0.8261371,0.0064451364,0.0007980859,0.14991644
/home/leo/Documentos/mestrado/DeepWeeds-Mobile/images/20171219-093018-3.jpg,8,8,8,8,1,0.97048193,0.0003824976,0.00037509316,0.0005082547,0.024539048,0.0027627689,2.2250244e-05,0.00017262193,0.0007555349,0.97048193
/home/leo/Documentos/mestrado/DeepWeeds-Mobile/images/20171212-103805-3.jpg,8,8,8,8,1,0.89883024,0.060772836,0.0032394861,7.2380067e-06,0.00025938213,6.595731e-08,3.5303616e-05,5.6063363e-06,0.036849804,0.89883024
/home/leo/Documentos/mestrado/DeepWeeds-Mobile/images/20171217-183700-2.jpg,8,8,8,8,1,0.98397917,0.001434701,0.0023982755,6.939176e-10,2.419149e-08,8.339042e-10,0.012137891,3.388349e-05,1.6060703e-05,0.98397917
/home/leo/Documentos/mestrado/DeepWeeds-Mobile/images/20170906-091615-1.jpg,3,3,3,3,1,0.8950115,0.005743211,0.0024617766,1.6862165e-05,0.8950115,0.0024645487,1.5753086e-07,1.0932864e-05,0.017575227,0.07671579
/home/leo/Documentos/mestrado/DeepWeeds-Mobile/images/20171109-092910-2.jpg,5,5,5,5,1,0.9782808,0.00021969184,0.002880338,9.15318e-10,1.546972e-05,8.410207e-09,0.9782808,0.0025026007,1.8382418e-05,0.016082775
/home/leo/Documentos/mestrado/DeepWeeds-Mobile/images/20171219-114809-2.jpg,8,8,8,8,1,0.47951996,0.00015502848,2.3942213e-05,0.45608404,0.0013827239,0.06263803,5.880826e-06,0.00014553845,4.494083e-05,0.47951996
/home/leo/Documentos/mestrado/DeepWeeds-Mobile/images/20170714-134129-1.jpg,1,1,1,1,1,0.9998591,3.1801824e-06,0.9998591,1.669784e-10,2.0605166e-06,2.7569402e-09,8.312822e-09,4.539172e-05,5.285379e-05,3.734191e-05
/home/leo/Documentos/mestrado/DeepWeeds-Mobile/images/20171109-073102-3.jpg,5,5,5,5,1,0.99983716,7.130801e-07,3.8260308e-07,8.5768836e-10,8.598341e-10,2.9315404e-12,0.99983716,0.00010739347,3.1287217e-07,5.397771e-05
/home/leo/Documentos/mestrado/DeepWeeds-Mobile/images/20171113-115932-1.jpg,6,6,6,6,1,0.98841107,4.283813e-06,9.9450204e-05,1.0307064e-05,1.4106834e-06,3.5957245e-07,6.335722e-08,0.98841107,6.559155e-05,0.01140758
/home/leo/Documentos/mestrado/DeepWeeds-Mobile/images/20170920-100839-3.jpg,4,8,4,8,0,0.998353,0.00033074038,0.00024039812,1.0974893e-07,0.0008388278,9.520564e-05,2.0877228e-06,3.0270095e-09,0.00013963235,0.998353
/home/leo/Documentos/mestrado/DeepWeeds-Mobile/images/20171109-071817-3.jpg,5,5,5,5,1,0.9998281,1.6248345e-05,1.757139e-06,1.0169035e-10,3.6135966e-12,5.8452066e-13,0.9998281,0.00013290768,2.2583562e-07,2.0712283e-05
/home/leo/Documentos/mestrado/DeepWeeds-Mobile/images/20170501-142605-0.jpg,1,6,1,6,0,0.9990408,5.499124e-07,0.00073550537,2.5527017e-08,4.714545e-07,4.0487507e-08,1.925051e-08,0.9990408,8.106392e-06,0.00021447007
/home/leo/Documentos/mestrado/DeepWeeds-Mobile/images/20171220-093637-2.jpg,8,8,8,8,1,0.62727165,0.0014386729,7.353942e-05,6.764584e-08,0.0005489932,3.0273424e-07,0.36997506,0.00013855223,0.00055305945,0.62727165
/home/leo/Documentos/mestrado/DeepWeeds-Mobile/images/20170707-113143-0.jpg,7,8,7,8,0,0.792039,0.05973981,0.001054317,2.4994299e-05,0.04919317,0.0004572698,2.8150598e-06,2.2461835e-08,0.09748856,0.792039
/home/leo/Documentos/mestrado/DeepWeeds-Mobile/images/20171025-092832-3.jpg,7,7,7,7,1,0.80935377,0.039652314,0.13420941,0.00014455187,0.00038869138,0.00060478516,0.00057011796,0.0004938945,0.80935377,0.014582406
/home/leo/Documentos/mestrado/DeepWeeds-Mobile/images/20180109-090944-1.jpg,8,8,8,8,1,0.99904996,3.5230332e-06,3.1181443e-07,0.0009143838,1.6118849e-05,3.6182273e-06,7.076245e-06,1.3159605e-06,3.6893018e-06,0.99904996
/home/leo/Documentos/mestrado/DeepWeeds-Mobile/images/20170705-163715-0.jpg,0,7,0,7,0,0.5612811,0.088365056,0.027912803,0.028137442,0.0073041976,0.036284797,0.002038667,0.0038510044,0.5612811,0.24482492
/home/leo/Documentos/mestrado/DeepWeeds-Mobile/images/20170718-100305-2.jpg,0,0,0,0,1,0.4244604,0.4244604,0.000265666,0.0011867712,0.055423386,0.0021778005,4.8576494e-06,3.7903963e-08,0.14050609,0.3759749
/home/leo/Documentos/mestrado/DeepWeeds-Mobile/images/20180322-132648-1.jpg,8,8,8,8,1,0.9985638,0.00054145773,2.067073e-05,5.4701333e-05,1.4318524e-05,0.00019945967,0.00044426112,1.1117696e-06,0.00016006827,0.9985638
/home/leo/Documentos/mestrado/DeepWeeds-Mobile/images/20170727-165517-3.jpg,4,4,4,4,1,0.79239774,0.01850939,2.746511e-05,0.00020744046,0.059081312,0.79239774,5.7367874e-08,2.469864e-10,0.027784228,0.10199235
/home/leo/Documentos/mestrado/DeepWeeds-Mobile/images/20180322-125244-1.jpg,8,8,8,8,1,0.9993258,8.0037906e-05,3.734134e-06,5.1787874e-06,0.0001949336,4.5394034e-05,0.00033128913,4.0339398e-08,1.3484143e-05,0.9993258
/home/leo/Documentos/mestrado/DeepWeeds-Mobile/images/20170920-115259-3.jpg,2,2,2,2,1,0.8861795,2.4196213e-06,1.3374152e-09,0.8861795,3.9539373e-05,0.113378726,1.5732401e-07,6.2775854e-07,5.055123e-07,0.00039840725
/home/leo/Documentos/mestrado/DeepWeeds-Mobile/images/20180322-114622-1.jpg,8,8,8,8,1,0.99972624,2.8043212e-05,2.6635564e-05,3.3765957e-08,8.846724e-07,3.6247687e-07,0.00021563256,7.474902e-09,2.2911058e-06,0.99972624
/home/leo/Documentos/mestrado/DeepWeeds-Mobile/images/20180125-134435-3.jpg,8,8,8,8,1,0.9649423,0.0030753629,0.0049125045,0.00041807146,0.001442478,0.0022551317,2.8956134e-05,0.00042889366,0.022496372,0.9649423
/home/leo/Documentos/mestrado/DeepWeeds-Mobile/images/20170920-115420-2.jpg,2,2,2,2,1,0.9075995,0.0003446124,8.255275e-06,0.9075995,0.002570415,0.069454625,8.7941835e-06,3.6443023e-05,0.0013613765,0.018615952
/home/leo/Documentos/mestrado/DeepWeeds-Mobile/images/20170718-133407-2.jpg,7,7,7,7,1,0.8229547,0.09249406,0.00015696218,0.00016435525,0.005118218,0.00041865266,8.355814e-06,4.0226293e-08,0.8229547,0.0786847
/home/leo/Documentos/mestrado/DeepWeeds-Mobile/images/20171212-104627-3.jpg,8,3,8,3,0,0.52187335,0.0008165255,0.0010133497,8.850786e-09,0.52187335,1.9522359e-07,3.4851638e-08,6.081635e-07,0.0006973637,0.47559863
/home/leo/Documentos/mestrado/DeepWeeds-Mobile/images/20171109-092818-1.jpg,5,5,5,5,1,0.9204479,1.0593779e-05,9.913334e-06,6.8274474e-14,1.1181153e-05,6.3590545e-13,0.9204479,1.4176603e-06,9.729823e-07,0.07951797
/home/leo/Documentos/mestrado/DeepWeeds-Mobile/images/20170127-103034-0.jpg,1,1,1,1,1,0.9884129,1.0066668e-05,0.9884129,3.5408876e-10,1.3206195e-06,7.864667e-09,0.00049350655,0.0030158705,0.0028005696,0.005265897
/home/leo/Documentos/mestrado/DeepWeeds-Mobile/images/20171217-184033-2.jpg,8,8,8,8,1,0.45763525,0.22944713,0.02816235,4.3222994e-07,4.4049986e-07,1.1672263e-05,0.18587682,4.3635052e-07,0.09886553,0.45763525
/home/leo/Documentos/mestrado/DeepWeeds-Mobile/images/20170630-151939-0.jpg,7,7,7,7,1,0.81861496,0.06725715,0.031274702,4.6239347e-05,4.9872076e-05,9.147671e-06,0.0016760916,0.02907791,0.81861496,0.051993962
/home/leo/Documentos/mestrado/DeepWeeds-Mobile/images/20180112-093338-1.jpg,8,8,8,8,1,0.9543129,0.0074290494,0.028673481,0.00038037144,0.0016898194,0.004841917,3.4436887e-06,3.7399448e-05,0.0026316536,0.9543129
/home/leo/Documentos/mestrado/DeepWeeds-Mobile/images/20171220-100147-2.jpg,8,8,8,8,1,0.9979424,0.00032009708,2.6490477e-06,3.5755803e-09,0.0016589299,1.4781776e-08,5.9850816e-05,4.785817e-06,1.12831485e-05,0.9979424
/home/leo/Documentos/mestrado/DeepWeeds-Mobile/images/20171220-095423-2.jpg,8,6,8,6,0,0.39896247,0.12257997,0.16552696,3.327802e-05,0.00033306293,5.8667424e-06,0.0016095684,0.39896247,0.030858492,0.28009033
/home/leo/Documentos/mestrado/DeepWeeds-Mobile/images/20170727-162546-1.jpg,4,4,4,4,1,0.97887367,0.00018991383,5.8590085e-06,0.00042375302,0.0016250584,0.97887367,2.285336e-08,4.3612913e-09,0.009876591,0.009005079
/home/leo/Documentos/mestrado/DeepWeeds-Mobile/images/20170501-145038-0.jpg,8,8,8,8,1,0.9727088,0.014319297,0.0026044706,0.0003335105,0.00031292942,0.00062725495,0.0037840726,3.0772855e-05,0.0052788765,0.9727088
/home/leo/Documentos/mestrado/DeepWeeds-Mobile/images/20180109-072048-1.jpg,8,8,8,8,1,0.5320004,6.523148e-07,0.00065296807,2.8710009e-08,0.0054030144,8.2934145e-07,1.3069902e-06,0.46193323,7.638529e-06,0.5320004
/home/leo/Documentos/mestrado/DeepWeeds-Mobile/images/20180112-071319-2.jpg,8,8,8,8,1,0.9552336,0.0015361314,0.00014645648,0.00014901857,0.009696333,0.02467183,7.005509e-08,3.4969068e-07,0.008566293,0.9552336
/home/leo/Documentos/mestrado/DeepWeeds-Mobile/images/20171212-105009-3.jpg,8,8,8,8,1,0.9998727,1.4964435e-05,3.4686127e-06,1.8748965e-12,6.3437445e-05,2.2597482e-10,3.2769553e-06,2.2353317e-09,4.2130647e-05,0.9998727
/home/leo/Documentos/mestrado/DeepWeeds-Mobile/images/20171113-130331-2.jpg,6,6,6,6,1,0.8749817,0.0017355346,0.00046903538,0.0011333377,0.00014733252,4.324935e-05,2.0751977e-05,0.8749817,0.001233476,0.12023549
/home/leo/Documentos/mestrado/DeepWeeds-Mobile/images/20180109-071804-1.jpg,8,8,8,8,1,0.7819117,8.2344565e-07,1.571629e-05,1.3058128e-06,0.00037151,3.120905e-05,7.057844e-08,0.21766457,3.1160023e-06,0.7819117
/home/leo/Documentos/mestrado/DeepWeeds-Mobile/images/20180125-093026-2.jpg,8,8,8,8,1,0.9954132,0.0010362486,0.001664467,1.1577553e-05,0.00023069717,0.00027958106,0.0006293023,1.5317703e-06,0.00073342654,0.9954132
/home/leo/Documentos/mestrado/DeepWeeds-Mobile/images/20180109-071302-2.jpg,8,8,8,8,1,0.96055156,7.723567e-08,1.783442e-05,0.00017034294,8.0787235e-09,4.3649518e-08,4.6678768e-05,0.039213434,2.0566686e-08,0.96055156
/home/leo/Documentos/mestrado/DeepWeeds-Mobile/images/20180322-113707-2.jpg,8,8,8,8,1,0.9980763,0.0009848273,7.62013e-05,3.629163e-08,8.611536e-06,3.5907328e-06,0.00077637867,2.9463484e-07,7.379375e-05,0.9980763
/home/leo/Documentos/mestrado/DeepWeeds-Mobile/images/20180125-094400-1.jpg,8,8,8,8,1,0.98050416,4.2074862e-05,6.170283e-05,5.992755e-06,0.01453997,9.537182e-05,0.004638666,1.5834452e-05,9.621044e-05,0.98050416
/home/leo/Documentos/mestrado/DeepWeeds-Mobile/images/20180105-091853-3.jpg,8,8,8,8,1,0.99823016,3.229044e-08,2.4663581e-08,2.4004405e-05,7.762351e-06,0.0017263792,1.6429595e-10,1.141033e-05,2.4447772e-07,0.99823016
/home/leo/Documentos/mestrado/DeepWeeds-Mobile/images/20170127-102301-0.jpg,1,1,1,1,1,0.7539299,0.00023287587,0.7539299,5.321454e-08,0.00039997805,1.776846e-06,0.00020737985,0.17441201,0.0036111358,0.067204855
/home/leo/Documentos/mestrado/DeepWeeds-Mobile/images/20170501-142257-0.jpg,1,8,1,8,0,0.601763,0.0070766015,0.24141407,1.9844743e-10,0.0001241058,1.4687326e-05,0.00012995389,0.00411743,0.14536011,0.601763
/home/leo/Documentos/mestrado/DeepWeeds-Mobile/images/20180109-101208-2.jpg,8,6,8,6,0,0.5697455,4.0003953e-05,0.0016789387,3.749489e-05,1.2684571e-05,1.3052602e-06,0.00010264938,0.5697455,4.4190247e-06,0.4283771
/home/leo/Documentos/mestrado/DeepWeeds-Mobile/images/20171113-124245-1.jpg,6,6,6,6,1,0.99751735,2.0934916e-05,0.00078846514,5.6602836e-08,8.727162e-08,2.3212262e-08,9.976927e-06,0.99751735,4.4364846e-05,0.0016188254
/home/leo/Documentos/mestrado/DeepWeeds-Mobile/images/20180125-094030-1.jpg,8,8,8,8,1,0.9999999,3.269156e-08,9.464641e-10,9.564976e-11,1.0499378e-07,2.1648022e-08,6.020667e-08,2.6617302e-09,9.894225e-09,0.9999999
/home/leo/Documentos/mestrado/DeepWeeds-Mobile/images/20180105-091547-3.jpg,8,8,8,8,1,0.75639254,2.2160675e-06,0.0006646346,0.000115986426,0.22780968,0.005130256,1.7561719e-07,0.009835318,4.917904e-05,0.75639254
/home/leo/Documentos/mestrado/DeepWeeds-Mobile/images/20180119-110956-1.jpg,8,8,8,8,1,0.7235984,0.006956515,0.071458384,6.105824e-06,7.135291e-05,1.1708226e-05,0.0008301592,0.11190377,0.08516354,0.7235984
/home/leo/Documentos/mestrado/DeepWeeds-Mobile/images/20180112-080753-1.jpg,8,8,8,8,1,0.98301333,0.0007307821,0.0012359169,0.00027718872,0.0028864662,0.0065117744,1.5938587e-06,7.113875e-05,0.005271824,0.98301333
/home/leo/Documentos/mestrado/DeepWeeds-Mobile/images/20171205-134332-2.jpg,8,8,8,8,1,0.99746215,0.0013332919,0.00034342508,2.0729776e-06,0.00048523626,1.14584855e-05,1.0111418e-06,1.9933646e-05,0.00034141255,0.99746215
/home/leo/Documentos/mestrado/DeepWeeds-Mobile/images/20180125-092302-2.jpg,8,8,8,8,1,0.9878917,0.0037131319,0.0010705207,0.0002169217,0.00042811292,0.0059109144,0.00041344753,1.7399827e-07,0.0003551761,0.9878917
/home/leo/Documentos/mestrado/DeepWeeds-Mobile/images/20180322-121127-2.jpg,8,8,8,8,1,0.9947318,0.004605099,0.00011960082,8.487639e-06,5.3028478e-05,1.7167418e-06,4.0176133e-06,2.2998288e-09,0.00047630625,0.9947318
/home/leo/Documentos/mestrado/DeepWeeds-Mobile/images/20170704-152211-0.jpg,7,7,7,7,1,0.7339159,0.006233803,0.095729195,9.825572e-05,0.00062479154,0.0030716045,0.01538211,0.02216948,0.7339159,0.122774825
/home/leo/Documentos/mestrado/DeepWeeds-Mobile/images/20171109-193944-1.jpg,5,5,5,5,1,0.9798589,8.804246e-05,9.615496e-06,3.1549712e-09,0.00015312017,1.2530235e-09,0.9798589,0.0001794484,1.097623e-06,0.01970988
/home/leo/Documentos/mestrado/DeepWeeds-Mobile/images/20180112-093656-2.jpg,8,8,8,8,1,0.99982464,3.5276098e-05,8.4092435e-06,8.781226e-06,1.1433118e-06,1.627757e-07,7.5172175e-05,2.7300703e-05,1.9099152e-05,0.99982464
/home/leo/Documentos/mestrado/DeepWeeds-Mobile/images/20170127-102118-0.jpg,1,1,1,1,1,0.9559054,0.00018222479,0.9559054,3.628091e-08,0.00047855565,9.6475815e-06,4.2333817e-05,0.014311312,0.0027862664,0.026284162
/home/leo/Documentos/mestrado/DeepWeeds-Mobile/images/20180109-074215-1.jpg,8,8,8,8,1,0.7148716,1.4570775e-05,1.9080873e-05,0.014397067,0.00075270806,0.26642948,1.1226692e-06,0.0034870622,2.7377899e-05,0.7148716
/home/leo/Documentos/mestrado/DeepWeeds-Mobile/images/20180125-091331-1.jpg,8,8,8,8,1,0.99714786,0.00027308628,0.0013710927,1.4472283e-05,0.00022253225,0.00054921873,0.0001391212,2.59219e-06,0.00028006456,0.99714786
/home/leo/Documentos/mestrado/DeepWeeds-Mobile/images/20170920-184837-1.jpg,2,2,2,2,1,0.99668485,4.6344218e-07,3.677045e-10,0.99668485,1.4493588e-06,0.0032519486,9.652063e-08,2.1560163e-07,3.3612867e-08,6.1013103e-05
/home/leo/Documentos/mestrado/DeepWeeds-Mobile/images/20180105-100929-2.jpg,8,8,8,8,1,0.9992361,3.884042e-07,7.480756e-07,5.3674976e-05,6.35034e-06,3.9304483e-05,1.7789775e-08,0.0006630753,4.268622e-07,0.9992361
/home/leo/Documentos/mestrado/DeepWeeds-Mobile/images/20180105-095804-2.jpg,8,8,8,8,1,0.9882664,8.809812e-07,3.931715e-07,0.0003883107,4.5395564e-06,0.00015549552,3.2956236e-09,0.011183365,5.6320727e-07,0.9882664
/home/leo/Documentos/mestrado/DeepWeeds-Mobile/images/20180109-105907-1.jpg,8,8,8,8,1,0.42633048,0.3321738,0.000548271,0.12030338,0.07505994,0.008019302,0.00016410166,3.6192785e-05,0.03736458,0.42633048
/home/leo/Documentos/mestrado/DeepWeeds-Mobile/images/20180322-130436-1.jpg,8,8,8,8,1,0.9922746,0.0036127693,0.0014734378,6.211464e-08,3.8679154e-05,8.394222e-05,0.0011330406,4.9522107e-08,0.0013833618,0.9922746
/home/leo/Documentos/mestrado/DeepWeeds-Mobile/images/20171219-094128-3.jpg,8,0,8,0,0,0.47445068,0.47445068,0.0020908953,0.00010308328,0.0007259032,9.3094415e-05,0.003922063,7.3914243e-06,0.1043083,0.4142986
/home/leo/Documentos/mestrado/DeepWeeds-Mobile/images/20171205-124606-2.jpg,8,8,8,8,1,0.96649677,2.1966322e-08,1.39760195e-08,1.644051e-11,4.86224e-06,1.9110952e-10,0.033498164,2.7405648e-07,3.0410308e-09,0.96649677
/home/leo/Documentos/mestrado/DeepWeeds-Mobile/images/20180112-075034-2.jpg,8,8,8,8,1,0.6865877,0.10178271,0.0009942122,0.024795044,0.09647951,0.039658487,7.880851e-06,1.6956927e-06,0.049692843,0.6865877
/home/leo/Documentos/mestrado/DeepWeeds-Mobile/images/20170315-085441-0.jpg,8,8,8,8,1,0.3636548,0.35130417,0.0011843451,8.8648685e-06,0.0012185521,1.5012381e-05,0.0010186164,6.1541774e-05,0.2815341,0.3636548
/home/leo/Documentos/mestrado/DeepWeeds-Mobile/images/20171025-074656-2.jpg,3,3,3,3,1,0.98686355,5.1425053e-05,0.00043812022,2.8096247e-07,0.98686355,8.257206e-05,1.9567736e-08,0.0010142915,0.00046518963,0.011084626
/home/leo/Documentos/mestrado/DeepWeeds-Mobile/images/20180105-095607-3.jpg,8,8,8,8,1,0.95072144,0.0018009427,0.0003643846,0.00021516178,0.00021343955,0.00010337497,2.7286305e-05,0.04553935,0.0010146421,0.95072144
/home/leo/Documentos/mestrado/DeepWeeds-Mobile/images/20170913-121507-1.jpg,5,5,5,5,1,0.99968606,2.2142588e-06,4.0739948e-07,2.8565347e-07,0.00019540224,7.524101e-05,0.99968606,1.093106e-06,2.260758e-06,3.705557e-05
/home/leo/Documentos/mestrado/DeepWeeds-Mobile/images/20171218-104001-3.jpg,8,8,8,8,1,0.98609453,0.0005602569,5.8220256e-05,0.0012674921,0.00469322,0.00529576,2.480863e-07,1.9685773e-05,0.0020104514,0.98609453
/home/leo/Documentos/mestrado/DeepWeeds-Mobile/images/20171220-092221-2.jpg,8,8,8,8,1,0.85779387,5.215353e-06,1.9608045e-07,2.8894803e-11,7.9483885e-05,1.3935678e-10,0.14211996,3.477235e-07,9.569864e-07,0.85779387
/home/leo/Documentos/mestrado/DeepWeeds-Mobile/images/20171025-073717-2.jpg,3,8,3,8,0,0.5998852,0.011120225,0.054740068,2.11992e-05,0.02567038,0.0018002521,0.008431728,0.0002889644,0.29804194,0.5998852
/home/leo/Documentos/mestrado/DeepWeeds-Mobile/images/20171109-075049-3.jpg,5,5,5,5,1,0.9999654,2.716463e-07,2.3153799e-09,4.5291206e-16,1.7811393e-11,2.7196789e-17,0.9999654,3.3472767e-07,3.5168923e-11,3.3915203e-05
/home/leo/Documentos/mestrado/DeepWeeds-Mobile/images/20171220-093002-2.jpg,8,8,8,8,1,0.99662375,1.6386079e-05,8.9016896e-07,1.18557e-10,7.615959e-05,2.2769427e-08,0.0032772252,2.8009424e-07,5.334687e-06,0.99662375
/home/leo/Documentos/mestrado/DeepWeeds-Mobile/images/20171109-093316-1.jpg,5,5,5,5,1,0.9998876,7.820454e-06,1.210718e-06,2.5057064e-13,1.3871227e-09,7.332439e-14,0.9998876,1.2368658e-06,1.2999269e-08,0.00010212132
/home/leo/Documentos/mestrado/DeepWeeds-Mobile/images/20180125-093140-2.jpg,8,8,8,8,1,0.99598867,0.00034072666,0.000534647,5.4280474e-07,1.1051741e-05,1.5158614e-05,0.0029773558,1.4813043e-07,0.00013161638,0.99598867
/home/leo/Documentos/mestrado/DeepWeeds-Mobile/images/20171113-123943-3.jpg,6,6,6,6,1,0.99624926,5.283447e-12,1.920759e-07,4.868503e-07,2.3052392e-10,9.0566096e-11,5.394836e-10,0.99624926,2.6560382e-10,0.0037500416
/home/leo/Documentos/mestrado/DeepWeeds-Mobile/images/20171218-104614-3.jpg,8,8,8,8,1,0.9980128,4.3739024e-06,0.00026677246,4.5479123e-10,3.2605025e-05,5.803288e-08,0.0016538,3.2791334e-06,2.631376e-05,0.9980128
/home/leo/Documentos/mestrado/DeepWeeds-Mobile/images/20180105-101055-2.jpg,8,8,8,8,1,0.904532,1.035485e-05,2.6199907e-05,0.07885459,0.0016842979,0.01200266,2.4628145e-07,0.002847181,4.2555574e-05,0.904532
/home/leo/Documentos/mestrado/DeepWeeds-Mobile/images/20171212-100008-1.jpg,8,8,8,8,1,0.99961674,3.429397e-06,5.080528e-07,4.002523e-11,0.00036327547,1.1580349e-08,1.1270897e-05,5.2024802e-08,4.7395506e-06,0.99961674
/home/leo/Documentos/mestrado/DeepWeeds-Mobile/images/20171113-144523-3.jpg,6,5,6,5,0,0.59493643,0.018715374,0.022477193,3.7269435e-06,4.924166e-06,1.7885235e-07,0.59493643,0.24046995,0.001914052,0.121478185
/home/leo/Documentos/mestrado/DeepWeeds-Mobile/images/20180109-071557-1.jpg,8,8,8,8,1,0.82679796,1.1873753e-06,0.00045557573,8.380543e-06,6.520847e-07,1.858662e-06,2.0918533e-06,0.17269582,3.6425154e-05,0.82679796
/home/leo/Documentos/mestrado/DeepWeeds-Mobile/images/20171219-094700-3.jpg,8,8,8,8,1,0.9997123,0.000102624035,1.8589591e-05,1.3647589e-12,0.00010773795,3.2124157e-07,2.210888e-06,3.7044596e-09,5.621145e-05,0.9997123
/home/leo/Documentos/mestrado/DeepWeeds-Mobile/images/20170913-101331-2.jpg,3,3,3,3,1,0.9842823,1.436624e-06,2.912024e-06,1.7646055e-06,0.9842823,3.9314727e-05,0.002234796,8.405257e-06,3.2564608e-06,0.013425756
/home/leo/Documentos/mestrado/DeepWeeds-Mobile/images/20180109-110130-2.jpg,8,8,8,8,1,0.9163555,0.0009043892,3.6960322e-05,0.076222494,0.00094439246,0.0049478286,6.2963513e-06,2.5349144e-07,0.00058190455,0.9163555
/home/leo/Documentos/mestrado/DeepWeeds-Mobile/images/20180109-103200-1.jpg,8,8,8,8,1,0.9630915,0.0027631728,0.0043312944,0.0016326867,0.007812353,0.018113798,7.414791e-05,8.246894e-06,0.002172751,0.9630915
/home/leo/Documentos/mestrado/DeepWeeds-Mobile/images/20170630-155639-0.jpg,7,7,7,7,1,0.83714783,0.14552087,1.9586412e-05,1.7099144e-06,3.481809e-07,2.3474625e-08,0.0015336649,4.0730745e-05,0.83714783,0.015735295
/home/leo/Documentos/mestrado/DeepWeeds-Mobile/images/20180125-095318-1.jpg,8,8,8,8,1,0.99355763,1.7567227e-05,0.00027993126,0.0030870638,0.0003034973,0.000131494,0.00038826652,0.0022150613,1.9565576e-05,0.99355763
/home/leo/Documentos/mestrado/DeepWeeds-Mobile/images/20170728-125317-2.jpg,4,4,4,4,1,0.99752086,0.00010393042,1.718597e-07,0.00015061366,0.00012998826,0.99752086,3.3586809e-09,3.604784e-08,0.00024600295,0.0018483505
/home/leo/Documentos/mestrado/DeepWeeds-Mobile/images/20170811-130413-2.jpg,0,0,0,0,1,0.96868974,0.96868974,0.001349842,2.9608691e-05,1.8282764e-05,0.00022309723,0.00016291582,5.854511e-06,0.01843159,0.011089132
/home/leo/Documentos/mestrado/DeepWeeds-Mobile/images/20170714-142121-3.jpg,1,1,1,1,1,0.9997086,1.9762801e-06,0.9997086,6.8979836e-11,4.1101496e-09,6.4907434e-11,1.1428385e-07,0.0002564993,3.0108235e-05,2.5987354e-06
/home/leo/Documentos/mestrado/DeepWeeds-Mobile/images/20180119-111036-2.jpg,8,8,8,8,1,0.9435462,0.0019264811,0.04926143,2.563292e-05,0.0007750089,0.00027431865,0.0005965047,0.0012552695,0.0023391317,0.9435462
/home/leo/Documentos/mestrado/DeepWeeds-Mobile/images/20180112-083244-1.jpg,8,8,8,8,1,0.8193056,0.03436123,0.00053178816,0.00032764988,0.031597454,0.00056402513,2.3621776e-07,2.4230533e-06,0.113309465,0.8193056
/home/leo/Documentos/mestrado/DeepWeeds-Mobile/images/20170315-090434-0.jpg,8,8,8,8,1,0.86887044,0.024871752,0.022148494,0.00011051659,0.016667962,0.00044808545,0.0057804775,0.0027888285,0.058313478,0.86887044
/home/leo/Documentos/mestrado/DeepWeeds-Mobile/images/20171220-091804-3.jpg,8,8,8,8,1,0.9675542,0.005830982,0.00041734465,7.4102463e-06,0.00068745314,0.0009675823,0.006383824,0.000200307,0.017950911,0.9675542
/home/leo/Documentos/mestrado/DeepWeeds-Mobile/images/20171109-072825-3.jpg,5,5,5,5,1,0.9999505,2.1272484e-08,1.4503593e-07,8.0043173e-11,1.7811899e-12,1.7391283e-13,0.9999505,9.3316976e-07,2.351327e-09,4.8362697e-05
/home/leo/Documentos/mestrado/DeepWeeds-Mobile/images/20171218-110228-3.jpg,8,8,8,8,1,0.878207,0.0016412904,0.012774996,1.31585995e-08,7.243048e-07,8.215366e-09,0.09667014,7.793176e-06,0.01069795,0.878207
/home/leo/Documentos/mestrado/DeepWeeds-Mobile/images/20180109-070928-1.jpg,8,6,8,6,0,0.997364,7.284076e-09,1.4804344e-05,6.681292e-11,1.06123425e-05,2.8754936e-09,1.0167436e-09,0.997364,5.207234e-07,0.0026100876
/home/leo/Documentos/mestrado/DeepWeeds-Mobile/images/20180322-112503-2.jpg,8,8,8,8,1,0.8067529,0.0063693426,0.000114124865,0.0050520753,0.0057109524,0.15900731,0.0002537003,1.8941713e-06,0.016737714,0.8067529
/home/leo/Documentos/mestrado/DeepWeeds-Mobile/images/20180125-091946-1.jpg,8,8,8,8,1,0.9997613,2.3294086e-05,5.4987336e-06,9.380102e-10,2.5633017e-06,5.071522e-07,0.00020509542,3.104326e-08,1.7928602e-06,0.9997613
/home/leo/Documentos/mestrado/DeepWeeds-Mobile/images/20170705-161324-0.jpg,7,7,7,7,1,0.55051476,0.08255549,8.735667e-05,0.00084078906,0.0020964914,0.026133519,6.6592556e-06,1.7506535e-08,0.55051476,0.3377649
/home/leo/Documentos/mestrado/DeepWeeds-Mobile/images/20171109-091300-1.jpg,5,5,5,5,1,0.99961567,3.0816557e-06,4.22738e-06,1.8592532e-12,7.9752205e-10,1.2549918e-13,0.99961567,6.6335315e-06,5.2514746e-08,0.0003704554
/home/leo/Documentos/mestrado/DeepWeeds-Mobile/images/20171109-071111-1.jpg,5,5,5,5,1,0.997267,1.8318988e-07,2.5413588e-05,2.0029929e-09,8.9548646e-10,3.0458177e-12,0.997267,0.0021445989,5.555252e-06,0.0005572064
/home/leo/Documentos/mestrado/DeepWeeds-Mobile/images/20171113-123332-0.jpg,6,6,6,6,1,0.9998698,2.4178382e-06,1.4866896e-05,3.9482733e-09,3.9962115e-06,5.4349186e-10,1.0046434e-07,0.9998698,1.3409567e-07,0.000108652894
/home/leo/Documentos/mestrado/DeepWeeds-Mobile/images/20180112-104212-2.jpg,8,8,8,8,1,0.99601454,0.0018261799,1.4913568e-06,0.0013165615,0.00021356589,0.0005889735,4.164972e-06,4.01577e-07,3.4109657e-05,0.99601454
/home/leo/Documentos/mestrado/DeepWeeds-Mobile/images/20171102-120552-1.jpg,2,2,2,2,1,0.9981534,3.938574e-06,1.0769003e-08,0.9981534,1.0301489e-05,1.1183643e-05,3.305957e-08,9.591061e-08,8.7356966e-07,0.0018201688
/home/leo/Documentos/mestrado/DeepWeeds-Mobile/images/20171122-101138-1.jpg,5,5,5,5,1,0.99973875,1.1122613e-05,3.6229062e-07,2.477193e-14,8.856752e-13,3.2306574e-15,0.99973875,1.5665454e-07,5.0135767e-09,0.0002495499
/home/leo/Documentos/mestrado/DeepWeeds-Mobile/images/20180109-091559-2.jpg,8,8,8,8,1,0.9986994,0.000150439,2.4148121e-06,0.00047475056,5.5003977e-05,1.6358374e-05,1.8412202e-05,0.0002466452,0.0003365248,0.9986994
/home/leo/Documentos/mestrado/DeepWeeds-Mobile/images/20180112-092714-1.jpg,8,8,8,8,1,0.7156323,0.15940347,7.328916e-05,5.3960775e-05,0.00046324544,0.00010363123,3.1319726e-07,2.2443927e-09,0.12426974,0.7156323
/home/leo/Documentos/mestrado/DeepWeeds-Mobile/images/20180125-132329-2.jpg,8,8,8,8,1,0.9983589,0.00065184606,0.0001470566,8.569469e-07,0.00048376637,0.0002105139,6.677564e-05,6.1840937e-09,8.027212e-05,0.9983589
/home/leo/Documentos/mestrado/DeepWeeds-Mobile/images/20170705-165826-0.jpg,7,7,7,7,1,0.7240628,0.25706878,0.0005697169,2.3984398e-06,0.00010148401,9.576497e-05,3.8002556e-06,4.5004703e-07,0.7240628,0.018094812
/home/leo/Documentos/mestrado/DeepWeeds-Mobile/images/20170714-130106-1.jpg,1,1,1,1,1,0.99805045,1.9432578e-05,0.99805045,1.24988375e-08,2.6851836e-07,4.3117616e-09,6.964305e-07,0.0018765425,2.2265607e-05,3.0327088e-05
/home/leo/Documentos/mestrado/DeepWeeds-Mobile/images/20180109-070613-1.jpg,8,8,8,8,1,0.5240086,4.6599922e-07,1.1963001e-05,8.894698e-07,1.4077214e-05,1.4038354e-06,6.7679485e-07,0.4759609,1.1456875e-06,0.5240086
/home/leo/Documentos/mestrado/DeepWeeds-Mobile/images/20171220-100652-1.jpg,8,8,8,8,1,0.99989724,3.8812152e-07,1.5920874e-08,2.6589626e-15,0.00010212396,1.5004921e-10,2.8160615e-08,2.0418769e-11,1.6704793e-07,0.99989724
/home/leo/Documentos/mestrado/DeepWeeds-Mobile/images/20180105-102209-1.jpg,8,6,8,6,0,0.54503685,1.4400476e-05,0.0017064471,0.0003287119,0.0014979774,0.00023260657,1.3443178e-05,0.54503685,5.5295714e-05,0.4511143
/home/leo/Documentos/mestrado/DeepWeeds-Mobile/images/20170920-115330-2.jpg,2,2,2,2,1,0.9498031,7.5853626e-05,4.053418e-06,0.9498031,0.0011286405,0.031859886,6.913338e-07,1.4425897e-05,0.0001966006,0.01691685
/home/leo/Documentos/mestrado/DeepWeeds-Mobile/images/20170210-142848-0.jpg,7,8,7,8,0,0.8180324,0.020867957,0.00021342182,0.0036437607,0.0003322588,3.214488e-06,1.2169659e-05,2.9543762e-07,0.15689453,0.8180324
/home/leo/Documentos/mestrado/DeepWeeds-Mobile/images/20170714-142145-3.jpg,1,1,1,1,1,0.8417032,0.00029483144,0.8417032,3.15914e-08,2.395125e-05,2.512825e-06,2.3804716e-05,0.15373315,0.0007439421,0.0034746607
/home/leo/Documentos/mestrado/DeepWeeds-Mobile/images/20171025-080817-1.jpg,3,3,3,3,1,0.8848216,0.0056856014,3.730106e-05,6.188264e-05,0.8848216,0.008292098,3.2409386e-09,4.9300514e-10,0.001661524,0.09944
/home/leo/Documentos/mestrado/DeepWeeds-Mobile/images/20180112-094615-2.jpg,8,8,8,8,1,0.99980795,6.820897e-06,0.00014703498,1.4138875e-05,1.4192346e-05,3.0402023e-07,9.756354e-07,4.485663e-06,4.0072523e-06,0.99980795
/home/leo/Documentos/mestrado/DeepWeeds-Mobile/images/20171219-105531-3.jpg,8,8,8,8,1,0.9995665,0.00019536732,8.893579e-06,5.391145e-09,0.00010339165,9.701702e-07,3.7563434e-05,4.3824434e-07,8.684458e-05,0.9995665
/home/leo/Documentos/mestrado/DeepWeeds-Mobile/images/20170714-120600-3.jpg,1,1,1,1,1,0.87791187,1.3783588e-05,0.87791187,1.033249e-09,5.1633594e-07,7.494953e-09,3.4629752e-06,0.120396435,0.00035891528,0.0013150002
/home/leo/Documentos/mestrado/DeepWeeds-Mobile/images/20171212-100528-1.jpg,8,8,8,8,1,0.98758763,3.233817e-06,3.5152418e-05,4.3153136e-13,0.0123385945,3.6483335e-08,7.3066285e-06,6.7419904e-07,2.7394073e-05,0.98758763
/home/leo/Documentos/mestrado/DeepWeeds-Mobile/images/20171218-121647-2.jpg,8,8,8,8,1,0.9994541,1.9593117e-06,4.693059e-06,1.7959302e-11,0.0005360076,2.352632e-08,1.8053537e-08,6.4955623e-09,3.3457738e-06,0.9994541
/home/leo/Documentos/mestrado/DeepWeeds-Mobile/images/20170913-121430-1.jpg,5,5,5,5,1,0.9998628,6.23292e-05,4.7179406e-06,2.7510612e-06,4.8528324e-07,2.1443448e-05,0.9998628,1.5638342e-06,2.9149101e-05,1.4613234e-05
/home/leo/Documentos/mestrado/DeepWeeds-Mobile/images/20170727-143117-1.jpg,4,4,4,4,1,0.7993864,0.019983878,4.869789e-05,0.03851521,0.004527355,0.7993864,0.00014101835,2.203005e-07,0.05820451,0.07919268
/home/leo/Documentos/mestrado/DeepWeeds-Mobile/images/20180109-104241-1.jpg,8,8,8,8,1,0.97026527,0.0007043756,0.0006688256,0.0025484073,0.0020039172,0.023241177,2.2791364e-05,1.9042477e-07,0.0005450437,0.97026527
/home/leo/Documentos/mestrado/DeepWeeds-Mobile/images/20170913-104306-3.jpg,5,5,5,5,1,0.98545027,4.672957e-06,1.6276995e-06,0.0077642207,0.00055926887,0.00058633264,0.98545027,4.8262085e-05,1.509422e-05,0.0055702846
/home/leo/Documentos/mestrado/DeepWeeds-Mobile/images/20170727-144751-1.jpg,4,4,4,4,1,0.52515805,0.07682439,0.058648445,0.037227545,0.13641065,0.52515805,0.0043200464,0.005881407,0.039904945,0.11562457
/home/leo/Documentos/mestrado/DeepWeeds-Mobile/images/20180322-125656-1.jpg,8,8,8,8,1,0.39556164,0.007227156,0.3524053,1.8838146e-07,1.639794e-05,4.08362e-06,0.009871659,7.968309e-06,0.2349056,0.39556164
/home/leo/Documentos/mestrado/DeepWeeds-Mobile/images/20170811-125030-1.jpg,0,8,0,8,0,0.9568182,0.03995393,0.00090266374,0.000646348,4.8092475e-05,0.00022014361,4.358297e-05,0.00020706352,0.0011599853,0.9568182
/home/leo/Documentos/mestrado/DeepWeeds-Mobile/images/20180125-133001-3.jpg,8,8,8,8,1,0.9219,0.011364914,0.0024063764,0.0032644267,0.023088478,0.014244092,2.3596482e-05,0.008065811,0.015642293,0.9219
/home/leo/Documentos/mestrado/DeepWeeds-Mobile/images/20180322-113150-1.jpg,8,8,8,8,1,0.9999577,4.0985706e-06,4.9147587e-08,4.953643e-09,4.0655097e-09,4.293256e-09,3.8147704e-05,9.5633785e-09,1.2607707e-08,0.9999577
/home/leo/Documentos/mestrado/DeepWeeds-Mobile/images/20180112-101803-2.jpg,8,8,8,8,1,0.9995147,7.976899e-05,6.0045554e-06,0.00022703754,7.3325704e-05,5.2567866e-06,1.5610782e-05,9.835122e-08,7.8335426e-05,0.9995147
/home/leo/Documentos/mestrado/DeepWeeds-Mobile/images/20170714-140436-1.jpg,1,1,1,1,1,0.99999607,1.4542986e-10,0.99999607,9.239948e-17,1.1178266e-09,1.7555366e-15,2.55485e-12,3.519799e-07,2.9732071e-08,3.5886787e-06
/home/leo/Documentos/mestrado/DeepWeeds-Mobile/images/20180109-091640-1.jpg,8,8,8,8,1,0.99886096,0.00085251324,4.820994e-07,3.0275944e-05,2.3889905e-05,1.6014164e-07,1.3834831e-05,8.19269e-05,0.00013604198,0.99886096
/home/leo/Documentos/mestrado/DeepWeeds-Mobile/images/20180105-095005-2.jpg,8,8,8,8,1,0.99638546,3.1285226e-06,9.657252e-05,3.448756e-05,8.772992e-05,3.1994365e-05,9.670015e-07,0.0033540009,5.668919e-06,0.99638546
/home/leo/Documentos/mestrado/DeepWeeds-Mobile/images/20180125-100718-2.jpg,8,8,8,8,1,0.9197312,1.1117391e-05,3.0597665e-05,0.00019811855,0.07696086,0.00050007825,0.0019816984,0.00050410203,8.224964e-05,0.9197312
/home/leo/Documentos/mestrado/DeepWeeds-Mobile/images/20180125-093734-2.jpg,8,8,8,8,1,0.9686392,0.00074955705,3.8636434e-05,1.7381785e-07,0.024443079,0.0010914325,2.009065e-05,4.8103357e-07,0.005017337,0.9686392
/home/leo/Documentos/mestrado/DeepWeeds-Mobile/images/20180112-103422-2.jpg,8,8,8,8,1,0.9858822,5.0324263e-05,0.0020314709,0.0030956313,1.8335202e-05,4.2658477e-05,0.0019134929,0.006917139,4.8755206e-05,0.9858822
/home/leo/Documentos/mestrado/DeepWeeds-Mobile/images/20180112-081341-1.jpg,8,8,8,8,1,0.6714681,0.006699815,0.000117056756,0.0013662813,0.025500735,0.29085913,3.6949075e-07,1.0435029e-08,0.0039886516,0.6714681
/home/leo/Documentos/mestrado/DeepWeeds-Mobile/images/20180125-132950-3.jpg,8,8,8,8,1,0.8708168,0.0073880134,0.014196293,0.0002986108,0.013508804,0.022769758,5.4057506e-05,0.0006523379,0.07031528,0.8708168
/home/leo/Documentos/mestrado/DeepWeeds-Mobile/images/20180322-121432-2.jpg,8,8,8,8,1,0.99709785,0.0017028613,0.0002413132,1.7588864e-05,3.1780262e-05,2.0490475e-06,0.00037890865,7.25286e-08,0.0005276141,0.99709785
/home/leo/Documentos/mestrado/DeepWeeds-Mobile/images/20170920-171010-3.jpg,2,2,2,2,1,0.99813205,1.0083351e-07,1.2646427e-09,0.99813205,3.8126548e-06,0.0016781379,1.3019881e-08,1.7227332e-08,4.182892e-08,0.00018578437
/home/leo/Documentos/mestrado/DeepWeeds-Mobile/images/20171113-142659-3.jpg,6,6,6,6,1,0.99259746,8.7884166e-07,8.4527124e-07,1.0464906e-06,8.117444e-07,2.4255462e-06,1.2895897e-07,0.99259746,1.1799255e-07,0.007396317
/home/leo/Documentos/mestrado/DeepWeeds-Mobile/images/20171113-142116-2.jpg,6,6,6,6,1,0.9838933,0.00054862606,0.0043942924,1.0282149e-05,7.97334e-06,5.2933265e-06,1.289026e-05,0.9838933,0.0047951792,0.0063321264
/home/leo/Documentos/mestrado/DeepWeeds-Mobile/images/20170304-124621-0.jpg,0,7,0,7,0,0.7419139,0.21564102,0.00032880012,0.00011252804,2.3458928e-05,2.8287252e-06,0.00019192351,5.1379646e-07,0.7419139,0.04178493
/home/leo/Documentos/mestrado/DeepWeeds-Mobile/images/20170920-172144-1.jpg,2,2,2,2,1,0.9999933,3.033245e-12,5.083983e-09,0.9999933,4.5957385e-09,9.766169e-07,4.8427645e-10,2.188392e-09,1.836966e-11,5.758307e-06
/home/leo/Documentos/mestrado/DeepWeeds-Mobile/images/20180125-101241-1.jpg,8,8,8,8,1,0.8129529,6.817278e-05,0.0012028668,0.00014922375,4.2373023e-05,8.176385e-06,0.0063485145,0.17800725,0.0012206254,0.8129529
/home/leo/Documentos/mestrado/DeepWeeds-Mobile/images/20171219-100626-3.jpg,8,8,8,8,1,0.9962871,0.00044993966,2.0288746e-05,1.6760888e-09,0.00017129286,7.590031e-08,0.00057850144,0.00026636734,0.002226454,0.9962871
/home/leo/Documentos/mestrado/DeepWeeds-Mobile/images/20170727-114732-3.jpg,4,4,4,4,1,0.757424,6.4410815e-06,1.819719e-08,0.22931774,0.00042007037,0.757424,5.527895e-06,3.1487175e-06,3.8573393e-07,0.012822723
/home/leo/Documentos/mestrado/DeepWeeds-Mobile/images/20180125-091515-1.jpg,8,8,8,8,1,0.9984933,0.00041990372,0.00023527455,5.735808e-06,0.0005371898,0.000115608505,0.00012545966,8.91404e-06,5.855838e-05,0.9984933
/home/leo/Documentos/mestrado/DeepWeeds-Mobile/images/20180119-110058-2.jpg,8,8,8,8,1,0.9920998,0.0020118924,0.0009011406,0.0018286904,0.00037083108,0.00057857076,9.4497416e-05,5.410991e-05,0.0020604695,0.9920998
/home/leo/Documentos/mestrado/DeepWeeds-Mobile/images/20170714-111703-2.jpg,1,8,1,8,0,0.8504319,0.021668201,0.058336474,1.2114411e-06,0.0007591442,7.529024e-06,0.0016224601,7.9778605e-05,0.0670932,0.8504319
/home/leo/Documentos/mestrado/DeepWeeds-Mobile/images/20171113-150402-1.jpg,6,6,6,6,1,0.9886663,5.2110274e-05,1.2316822e-05,0.00027492482,4.2480257e-05,0.0025487973,0.00033335853,0.9886663,3.9838058e-05,0.008029862
/home/leo/Documentos/mestrado/DeepWeeds-Mobile/images/20180109-080115-2.jpg,7,6,7,6,0,0.9975545,2.9318505e-07,1.1175317e-06,1.6417085e-06,3.2036894e-08,2.076989e-06,2.4581899e-09,0.9975545,5.3946824e-08,0.0024402658
/home/leo/Documentos/mestrado/DeepWeeds-Mobile/images/20171218-105136-3.jpg,8,8,8,8,1,0.9712809,0.002775369,0.003765558,2.7639211e-07,0.000102048274,1.8364896e-07,0.005533376,0.00014752157,0.016394813,0.9712809
/home/leo/Documentos/mestrado/DeepWeeds-Mobile/images/20170811-112559-1.jpg,0,0,0,0,1,0.78369635,0.78369635,0.0013669282,0.0027671703,0.000111100846,0.00014528846,0.0010616842,3.1629002e-05,0.07070788,0.14011203
/home/leo/Documentos/mestrado/DeepWeeds-Mobile/images/20180125-102055-1.jpg,8,8,8,8,1,0.9999238,3.9224588e-07,5.056606e-07,2.797525e-06,2.5935788e-05,2.427612e-05,6.297821e-07,5.1712427e-06,1.6384349e-05,0.9999238
/home/leo/Documentos/mestrado/DeepWeeds-Mobile/images/20171220-091052-2.jpg,8,8,8,8,1,0.98592764,1.8305922e-05,2.1757685e-06,1.17112865e-11,1.2940327e-05,4.5217438e-10,0.014033144,3.9232166e-08,5.73686e-06,0.98592764
/home/leo/Documentos/mestrado/DeepWeeds-Mobile/images/20170705-162506-0.jpg,7,7,7,7,1,0.47987685,0.46742243,0.021964675,4.0252266e-06,1.648155e-05,1.1339201e-05,0.0004986816,0.016899552,0.47987685,0.013306021
/home/leo/Documentos/mestrado/DeepWeeds-Mobile/images/20171121-085219-1.jpg,6,6,6,6,1,0.9248943,0.004200872,0.00013764255,0.0010369463,1.3572813e-05,2.6571746e-05,5.01187e-06,0.9248943,0.004810246,0.06487484
/home/leo/Documentos/mestrado/DeepWeeds-Mobile/images/20180125-091412-1.jpg,8,8,8,8,1,0.9995832,2.7853626e-05,3.4773926e-05,1.4326115e-09,4.2304993e-05,3.66666e-07,0.00029562233,1.5114853e-07,1.5714053e-05,0.9995832
/home/leo/Documentos/mestrado/DeepWeeds-Mobile/images/20170718-101328-2.jpg,0,0,0,0,1,0.34906527,0.34906527,0.16652858,0.0001626716,0.0017964229,0.0007675174,0.1607666,0.085840605,0.13371056,0.101361796
/home/leo/Documentos/mestrado/DeepWeeds-Mobile/images/20171218-110742-2.jpg,8,8,8,8,1,0.9787541,0.0023762558,0.008694296,4.1719526e-05,0.004546178,8.790856e-07,5.1204286e-05,6.8443995e-05,0.0054669003,0.9787541
/home/leo/Documentos/mestrado/DeepWeeds-Mobile/images/20170714-143028-1.jpg,1,1,1,1,1,0.97911304,0.00039112038,0.97911304,2.0854139e-10,7.638847e-07,3.3638667e-08,7.568895e-06,0.000105896936,0.01821408,0.0021674612
/home/leo/Documentos/mestrado/DeepWeeds-Mobile/images/20170811-122809-2.jpg,0,0,0,0,1,0.87755126,0.87755126,0.0024425979,3.326691e-07,7.7360124e-07,9.192338e-06,0.012533377,5.3300126e-05,0.023761543,0.08364757
/home/leo/Documentos/mestrado/DeepWeeds-Mobile/images/20170727-162148-1.jpg,4,4,4,4,1,0.8847373,0.004174809,2.7671806e-05,1.8387798e-05,0.006938861,0.8847373,1.7551123e-08,1.9112763e-10,0.046248533,0.057854436
/home/leo/Documentos/mestrado/DeepWeeds-Mobile/images/20180112-080108-2.jpg,8,8,8,8,1,0.9437037,0.011388951,0.0001942515,3.2032138e-05,0.007867768,0.0003692762,2.9114942e-08,4.3087002e-08,0.036443856,0.9437037
/home/leo/Documentos/mestrado/DeepWeeds-Mobile/images/20180109-075317-1.jpg,8,8,8,8,1,0.8698635,7.1853583e-06,0.00013892718,0.120536156,0.0007720183,0.00826172,2.3544206e-05,0.00038714244,9.776216e-06,0.8698635
/home/leo/Documentos/mestrado/DeepWeeds-Mobile/images/20171218-104645-3.jpg,8,8,8,8,1,0.9987546,8.885327e-05,1.4471997e-05,2.3123523e-12,1.7572447e-07,5.914069e-10,0.0011191566,1.8063204e-07,2.2458682e-05,0.9987546
/home/leo/Documentos/mestrado/DeepWeeds-Mobile/images/20170304-132255-0.jpg,7,7,7,7,1,0.8938219,0.07890964,6.5047666e-06,1.0819054e-07,8.482718e-09,8.679579e-08,9.3325525e-06,1.6898132e-09,0.8938219,0.027252344
/home/leo/Documentos/mestrado/DeepWeeds-Mobile/images/20180105-091815-2.jpg,8,8,8,8,1,0.95767844,0.00010840001,0.0030584405,1.3893988e-07,0.0027534002,9.764765e-07,0.022862796,0.012905125,0.000632219,0.95767844
/home/leo/Documentos/mestrado/DeepWeeds-Mobile/images/20170727-121108-3.jpg,4,2,4,2,0,0.6148686,0.00018811047,7.245581e-06,0.6148686,0.0010561465,0.35558793,2.7649008e-07,4.3857177e-05,0.0006146906,0.027633231
/home/leo/Documentos/mestrado/DeepWeeds-Mobile/images/20180109-072606-1.jpg,8,8,8,8,1,0.6053825,1.7562464e-10,5.9889785e-06,7.7570485e-12,9.673075e-06,4.3814918e-08,1.0794345e-09,0.39460182,1.1184067e-08,0.6053825
/home/leo/Documentos/mestrado/DeepWeeds-Mobile/images/20170714-143030-3.jpg,1,1,1,1,1,0.9940106,0.00021995368,0.9940106,3.767559e-09,1.1146401e-06,1.3361179e-09,1.6146705e-05,0.0051532327,6.358143e-05,0.00053530035
/home/leo/Documentos/mestrado/DeepWeeds-Mobile/images/20170913-104338-2.jpg,3,3,3,3,1,0.9809647,0.00014133462,2.4918925e-06,0.00010123644,0.9809647,0.0046090637,1.9674592e-06,1.2364549e-06,0.00062051514,0.013557487
/home/leo/Documentos/mestrado/DeepWeeds-Mobile/images/20171220-100420-2.jpg,8,8,8,8,1,0.92402685,0.0011750449,0.00031249272,8.078033e-09,4.3632823e-05,4.567995e-09,0.04906503,0.025058484,0.000318465,0.92402685
/home/leo/Documentos/mestrado/DeepWeeds-Mobile/images/20170811-134228-1.jpg,0,8,0,8,0,0.7672583,0.10293202,0.01580489,3.5979672e-05,0.00077334634,0.00030232142,0.00041485994,8.1519516e-05,0.11239677,0.7672583
/home/leo/Documentos/mestrado/DeepWeeds-Mobile/images/20180125-131203-2.jpg,8,8,8,8,1,0.99390996,7.419193e-05,0.0017155422,1.3931611e-05,0.0032982526,0.00036213972,7.895215e-06,1.77792e-05,0.00060039526,0.99390996
/home/leo/Documentos/mestrado/DeepWeeds-Mobile/images/20180125-132900-2.jpg,8,8,8,8,1,0.9976109,0.00049622764,0.0014142541,1.9960368e-08,5.2299565e-05,6.133999e-05,4.626561e-05,4.0299373e-08,0.00031844183,0.9976109
/home/leo/Documentos/mestrado/DeepWeeds-Mobile/images/20180125-100109-2.jpg,8,8,8,8,1,0.75387824,0.00047126642,0.00036387556,0.0011594387,0.22259066,0.0058390265,0.0004281867,0.011102215,0.0041671796,0.75387824
/home/leo/Documentos/mestrado/DeepWeeds-Mobile/images/20171212-104916-3.jpg,8,8,8,8,1,0.94434017,0.0013776504,0.049302388,1.022411e-06,0.0011702297,2.773725e-06,0.00076802314,6.5218146e-06,0.0030310636,0.94434017
/home/leo/Documentos/mestrado/DeepWeeds-Mobile/images/20180112-083331-1.jpg,8,8,8,8,1,0.8943401,0.055214234,0.00012901457,0.0011493891,0.00657366,0.00027249867,1.9121356e-07,1.8093657e-07,0.042320654,0.8943401
/home/leo/Documentos/mestrado/DeepWeeds-Mobile/images/20170920-112847-3.jpg,2,2,2,2,1,0.9738811,2.3014616e-05,8.282161e-07,0.9738811,0.00045417142,0.017471096,1.1463052e-07,2.1137464e-06,0.00016434015,0.00800316
/home/leo/Documentos/mestrado/DeepWeeds-Mobile/images/20180125-091450-2.jpg,8,8,8,8,1,0.9987721,0.00012644674,0.0005141571,5.3584213e-06,5.012896e-05,0.00038585637,4.9334936e-05,5.7617024e-07,9.604446e-05,0.9987721
/home/leo/Documentos/mestrado/DeepWeeds-Mobile/images/20170811-100650-2.jpg,0,0,0,0,1,0.73344123,0.73344123,0.053912614,0.00016223201,0.0004781593,0.0021284046,0.0007998193,7.7583936e-05,0.19078396,0.018216003
/home/leo/Documentos/mestrado/DeepWeeds-Mobile/images/20170913-100631-2.jpg,3,3,3,3,1,0.9503077,0.00016846845,2.7829778e-05,9.101314e-05,0.9503077,0.0009491307,0.00981691,1.0058434e-06,8.953584e-05,0.038548388
/home/leo/Documentos/mestrado/DeepWeeds-Mobile/images/20180105-102017-2.jpg,8,8,8,8,1,0.9978112,2.6376497e-09,1.9031428e-07,6.509428e-07,1.0983727e-05,1.342119e-06,4.149186e-09,0.0021756215,6.026216e-09,0.9978112
/home/leo/Documentos/mestrado/DeepWeeds-Mobile/images/20171205-133618-2.jpg,8,8,8,8,1,0.982379,0.0032615315,0.002246301,3.6235014e-07,4.8552505e-05,1.8222509e-05,0.010355048,8.4238087e-07,0.0016901209,0.982379
/home/leo/Documentos/mestrado/DeepWeeds-Mobile/images/20170920-160348-3.jpg,2,4,2,4,0,0.72909546,0.00016686326,5.242109e-07,0.18158655,0.0009385607,0.72909546,1.3749482e-08,3.7628397e-06,0.0002959343,0.0879123
/home/leo/Documentos/mestrado/DeepWeeds-Mobile/images/20170714-115443-2.jpg,1,1,1,1,1,0.919476,7.130801e-06,0.919476,3.9115484e-09,0.000774888,9.608485e-07,1.537944e-05,0.07043912,0.0043935305,0.00489301
/home/leo/Documentos/mestrado/DeepWeeds-Mobile/images/20171113-135245-1.jpg,6,6,6,6,1,0.99943894,6.704967e-06,0.00042657912,2.7016196e-09,2.050057e-09,3.6986728e-10,8.016456e-08,0.99943894,1.7995173e-05,0.000109698754
/home/leo/Documentos/mestrado/DeepWeeds-Mobile/images/20180119-105326-1.jpg,8,5,8,5,0,0.5365793,2.6383136e-06,0.008571709,2.086746e-07,3.8079531e-06,3.6167304e-08,0.5365793,0.09294063,2.6126978e-05,0.3618755
/home/leo/Documentos/mestrado/DeepWeeds-Mobile/images/20180119-115412-1.jpg,8,8,8,8,1,0.9786621,0.00041652794,0.0011826631,0.0007344114,0.0020139257,0.00086565927,1.3082737e-06,0.006982416,0.009141026,0.9786621
/home/leo/Documentos/mestrado/DeepWeeds-Mobile/images/20170728-150354-1.jpg,8,2,8,2,0,0.76631075,0.004383394,6.359418e-05,0.76631075,0.025776122,0.16982242,0.00021994158,1.234154e-05,0.0076949596,0.025716513
/home/leo/Documentos/mestrado/DeepWeeds-Mobile/images/20171220-092519-3.jpg,8,8,8,8,1,0.99853146,0.00026848403,4.6213536e-05,4.4168665e-08,0.00015190482,7.5646703e-06,0.0008362666,6.8172185e-06,0.00015111014,0.99853146
/home/leo/Documentos/mestrado/DeepWeeds-Mobile/images/20171122-101532-1.jpg,5,5,5,5,1,0.9858967,0.0002606964,0.00011548723,4.5732807e-07,1.0141938e-07,4.5760054e-08,0.9858967,0.0015711604,3.7885552e-06,0.012151499
/home/leo/Documentos/mestrado/DeepWeeds-Mobile/images/20180112-102613-2.jpg,8,8,8,8,1,0.99965,0.00011895751,2.2507282e-07,0.00019559357,1.359584e-05,6.959439e-07,7.421353e-07,1.6314733e-08,2.0252952e-05,0.99965
/home/leo/Documentos/mestrado/DeepWeeds-Mobile/images/20170627-103928-0.jpg,0,0,0,0,1,0.99621135,0.99621135,1.7017437e-05,3.5365063e-06,4.8992316e-08,4.986084e-08,0.0006317541,7.910353e-07,0.0003799248,0.0027555174
/home/leo/Documentos/mestrado/DeepWeeds-Mobile/images/20170913-123637-3.jpg,3,3,3,3,1,0.6104534,0.00018583264,2.972622e-05,0.0014097976,0.6104534,0.29106423,2.0593536e-07,3.348321e-05,0.006650263,0.090173036
/home/leo/Documentos/mestrado/DeepWeeds-Mobile/images/20170920-191319-1.jpg,2,2,2,2,1,0.9999851,3.713864e-08,4.3439968e-10,0.9999851,1.857435e-07,8.302584e-06,3.9576087e-10,1.5927298e-10,1.47404196e-08,6.3617586e-06
/home/leo/Documentos/mestrado/DeepWeeds-Mobile/images/20170920-094900-2.jpg,2,2,2,2,1,0.8305894,3.3502e-08,7.358497e-06,0.8305894,1.2648063e-06,3.192611e-05,1.569291e-08,0.0034469778,5.576996e-08,0.16592297
/home/leo/Documentos/mestrado/DeepWeeds-Mobile/images/20180109-095246-2.jpg,8,8,8,8,1,0.9983039,0.00078819407,4.3929867e-07,0.0004789713,0.00021630258,4.689268e-06,1.4170353e-06,4.048773e-09,0.00020610272,0.9983039
/home/leo/Documentos/mestrado/DeepWeeds-Mobile/images/20170129-102127-0.jpg,8,8,8,8,1,0.9091635,0.00046732486,0.06902473,1.7953386e-07,0.0073320232,3.2401808e-06,0.00025995963,0.012861564,0.000887425,0.9091635
/home/leo/Documentos/mestrado/DeepWeeds-Mobile/images/20170913-104038-2.jpg,3,8,3,8,0,0.59469855,4.8956244e-06,5.7078337e-06,0.045949563,0.3534105,0.0054864963,0.00041603745,1.6720354e-05,1.158006e-05,0.59469855
/home/leo/Documentos/mestrado/DeepWeeds-Mobile/images/20171220-094859-1.jpg,8,8,8,8,1,0.9999957,2.5486145e-08,8.7607845e-08,2.202545e-18,2.5783966e-06,8.0189964e-15,1.531404e-06,7.544007e-11,4.6171813e-08,0.9999957
/home/leo/Documentos/mestrado/DeepWeeds-Mobile/images/20171219-094732-2.jpg,8,8,8,8,1,0.9983411,0.00017876127,0.000690306,1.2329551e-07,0.0005521716,9.911771e-06,0.00016851543,8.4809494e-07,5.83178e-05,0.9983411
/home/leo/Documentos/mestrado/DeepWeeds-Mobile/images/20171122-101719-1.jpg,5,5,5,5,1,0.9575505,3.1294436e-05,0.00017309126,1.6497251e-11,2.2601971e-09,3.698657e-12,0.9575505,0.00010264585,2.7919853e-07,0.042142272
/home/leo/Documentos/mestrado/DeepWeeds-Mobile/images/20170920-133602-2.jpg,2,8,2,8,0,0.6256768,0.0007500975,0.00017080233,0.2940145,0.0073176203,0.06853902,0.00028073718,0.0021621904,0.0010882134,0.6256768
/home/leo/Documentos/mestrado/DeepWeeds-Mobile/images/20170714-135852-2.jpg,1,6,1,6,0,0.9478942,0.00079224375,0.04333543,1.0890982e-06,0.00054335705,1.0549592e-06,0.00012945912,0.9478942,0.0015683771,0.005734735
/home/leo/Documentos/mestrado/DeepWeeds-Mobile/images/20180109-080127-2.jpg,7,6,7,6,0,0.9589782,0.0072267205,0.0075455443,0.00015341943,0.0003222548,6.8146626e-05,1.8103081e-05,0.9589782,0.0043453523,0.021342278
/home/leo/Documentos/mestrado/DeepWeeds-Mobile/images/20170129-103645-0.jpg,8,8,8,8,1,0.9153895,0.039439086,0.01245698,1.505042e-08,6.408421e-05,9.69877e-08,0.032144673,0.00025163428,0.00025399515,0.9153895
/home/leo/Documentos/mestrado/DeepWeeds-Mobile/images/20180125-101251-2.jpg,8,8,8,8,1,0.9867735,4.0228875e-05,2.0967424e-05,0.00019350491,0.009138159,0.0004201575,0.0030687256,0.00018536476,0.00015930689,0.9867735
/home/leo/Documentos/mestrado/DeepWeeds-Mobile/images/20171220-083902-3.jpg,8,8,8,8,1,0.9993075,0.00012993092,1.0945793e-07,1.6507852e-11,0.0004401488,2.857898e-08,2.3397793e-05,4.0829298e-10,9.8863864e-05,0.9993075
/home/leo/Documentos/mestrado/DeepWeeds-Mobile/images/20171205-124050-2.jpg,8,6,8,6,0,0.65924615,1.6931905e-05,0.03529202,1.6036005e-07,1.6097878e-05,1.2643552e-07,0.0009987025,0.65924615,3.5483197e-05,0.3043944
/home/leo/Documentos/mestrado/DeepWeeds-Mobile/images/20170920-183850-1.jpg,2,2,2,2,1,0.9982895,1.4899987e-07,5.1786957e-11,0.9982895,1.1319319e-06,0.0016982284,3.9178687e-08,5.790493e-10,1.8824833e-08,1.0920481e-05
/home/leo/Documentos/mestrado/DeepWeeds-Mobile/images/20180125-131823-3.jpg,8,7,8,7,0,0.5374487,0.03167265,0.07842603,3.0900188e-05,0.0005333513,0.0007517265,0.0031207267,0.00029552012,0.5374487,0.34772035
/home/leo/Documentos/mestrado/DeepWeeds-Mobile/images/20180109-091345-2.jpg,8,8,8,8,1,0.9935946,5.444812e-05,0.004015101,3.0496044e-06,0.0007503318,2.991895e-06,2.9424089e-05,0.0013615524,0.00018852376,0.9935946
/home/leo/Documentos/mestrado/DeepWeeds-Mobile/images/20180109-105500-1.jpg,8,8,8,8,1,0.7433385,0.015399179,6.7520973e-06,0.05202138,0.1851744,0.0015577268,3.1239447e-06,1.2362824e-08,0.0024988735,0.7433385
/home/leo/Documentos/mestrado/DeepWeeds-Mobile/images/20170304-131410-0.jpg,7,1,7,1,0,0.84654117,0.0430238,0.84654117,2.22627e-05,3.241602e-05,1.4594194e-05,0.0014313979,1.0603295e-05,0.10417421,0.004749594
/home/leo/Documentos/mestrado/DeepWeeds-Mobile/images/20171220-090211-2.jpg,8,8,8,8,1,0.968591,0.0026153214,0.00027742615,8.591651e-06,0.028028658,0.0001219333,1.5038434e-05,6.335107e-05,0.0002788176,0.968591
/home/leo/Documentos/mestrado/DeepWeeds-Mobile/images/20180109-104236-2.jpg,8,8,8,8,1,0.99297017,0.0008524959,3.7493402e-05,0.0010884868,0.0048163566,0.00010762605,1.5578986e-06,7.171591e-08,0.00012579004,0.99297017
/home/leo/Documentos/mestrado/DeepWeeds-Mobile/images/20170727-120942-3.jpg,4,4,4,4,1,0.7142616,9.7712224e-08,2.1024706e-10,0.2852583,6.6816e-06,0.7142616,7.8338135e-06,3.894168e-07,1.0084114e-09,0.00046526577
/home/leo/Documentos/mestrado/DeepWeeds-Mobile/images/20170714-145911-1.jpg,1,1,1,1,1,0.84401315,2.2338862e-05,0.84401315,1.9362729e-07,0.00012838269,5.2056957e-06,0.0001284106,0.11852273,0.0010746911,0.036104895
/home/leo/Documentos/mestrado/DeepWeeds-Mobile/images/20171219-112426-2.jpg,8,8,8,8,1,0.68863493,0.009244736,5.656642e-05,0.13024156,0.008920135,0.15968065,1.25559545e-05,0.0008701372,0.0023387542,0.68863493
/home/leo/Documentos/mestrado/DeepWeeds-Mobile/images/20170729-093015-3.jpg,8,4,8,4,0,0.9071378,0.010789966,3.823702e-05,0.00021208833,0.023000302,0.9071378,6.490243e-06,3.1802568e-08,0.002298297,0.056516767
/home/leo/Documentos/mestrado/DeepWeeds-Mobile/images/20170304-131847-0.jpg,7,7,7,7,1,0.52584445,0.46164027,0.0036913,1.254955e-05,4.1634104e-07,1.1454623e-05,0.005996524,1.0741909e-07,0.52584445,0.0028030276
/home/leo/Documentos/mestrado/DeepWeeds-Mobile/images/20171113-123806-1.jpg,6,6,6,6,1,0.95465946,1.8237533e-05,0.0011278557,2.4961462e-05,3.3238618e-06,1.2814372e-06,2.207589e-06,0.95465946,1.9225161e-05,0.04414345
/home/leo/Documentos/mestrado/DeepWeeds-Mobile/images/20180109-080233-1.jpg,8,8,8,8,1,0.9194697,0.00015045478,0.0004649766,0.0009774849,0.007513698,0.018618409,2.225526e-07,0.052323807,0.00048118128,0.9194697
/home/leo/Documentos/mestrado/DeepWeeds-Mobile/images/20171113-130955-2.jpg,6,6,6,6,1,0.9979036,8.6030596e-08,0.0015312274,4.2429826e-07,1.252013e-06,9.413643e-08,6.351659e-06,0.9979036,4.034289e-06,0.00055283995
/home/leo/Documentos/mestrado/DeepWeeds-Mobile/images/20171102-094016-2.jpg,4,8,4,8,0,0.6685337,0.0030963977,0.0012310002,0.0007207367,0.16391815,0.15411699,3.6192887e-07,9.995736e-06,0.008372741,0.6685337
/home/leo/Documentos/mestrado/DeepWeeds-Mobile/images/20170129-102040-0.jpg,8,8,8,8,1,0.93969357,5.512348e-05,0.04168821,1.5994488e-05,0.0024377757,2.1610702e-05,0.0007058561,0.013583693,0.0017981787,0.93969357
/home/leo/Documentos/mestrado/DeepWeeds-Mobile/images/20180112-093449-1.jpg,8,8,8,8,1,0.6678686,0.18821292,0.0015200573,0.006535301,0.0008387024,0.00018062485,0.00020239444,0.0014253997,0.133216,0.6678686
/home/leo/Documentos/mestrado/DeepWeeds-Mobile/images/20171212-103306-3.jpg,8,8,8,8,1,0.7394235,0.04802076,0.057568565,3.529656e-05,0.0008214947,6.977045e-05,0.0028482967,0.056322344,0.0948899,0.7394235
/home/leo/Documentos/mestrado/DeepWeeds-Mobile/images/20180112-073133-2.jpg,8,8,8,8,1,0.93669003,0.0073911394,0.0004995101,0.0029269804,0.0059488616,0.04228117,8.912151e-05,1.6405848e-07,0.004173063,0.93669003
/home/leo/Documentos/mestrado/DeepWeeds-Mobile/images/20171109-071146-1.jpg,5,5,5,5,1,0.9987186,1.06116964e-07,0.00024885606,2.2245994e-12,3.838172e-09,6.7380254e-13,0.9987186,0.00069671177,9.849663e-07,0.00033477086
/home/leo/Documentos/mestrado/DeepWeeds-Mobile/images/20180125-100447-1.jpg,8,8,8,8,1,0.8373924,2.8066037e-05,0.00020032421,0.00014848179,8.799366e-06,5.5867827e-06,0.001456704,0.16070238,5.7207613e-05,0.8373924
/home/leo/Documentos/mestrado/DeepWeeds-Mobile/images/20180109-091934-2.jpg,8,8,8,8,1,0.9609542,2.6725353e-05,0.005329231,2.4632267e-05,0.00034351036,1.7506575e-06,0.00046854315,0.03275168,9.986407e-05,0.9609542
/home/leo/Documentos/mestrado/DeepWeeds-Mobile/images/20180109-100203-1.jpg,8,8,8,8,1,0.9943317,0.001605337,0.00017031844,8.421947e-05,0.0018135741,0.00013280069,9.7286975e-06,4.0485356e-05,0.0018119076,0.9943317
/home/leo/Documentos/mestrado/DeepWeeds-Mobile/images/20170210-131438-0.jpg,7,7,7,7,1,0.9047729,0.0022756846,2.714476e-05,1.8153385e-06,2.7036253e-07,1.642844e-06,0.0001745293,1.2470905e-06,0.9047729,0.09274469
/home/leo/Documentos/mestrado/DeepWeeds-Mobile/images/20170130-102406-0.jpg,1,2,1,2,0,0.54221,0.03178759,0.01808582,0.54221,0.043157462,0.0653365,0.009582543,0.034936756,0.010499793,0.24440354
/home/leo/Documentos/mestrado/DeepWeeds-Mobile/images/20180105-092717-2.jpg,8,8,8,8,1,0.99313265,9.7230695e-05,0.0009174745,5.54479e-05,0.0009940787,0.00030766588,0.00016503448,0.002608155,0.0017223766,0.99313265
/home/leo/Documentos/mestrado/DeepWeeds-Mobile/images/20180322-114011-2.jpg,8,8,8,8,1,0.9971493,0.00016212331,0.00030020662,4.5941198e-07,0.0013255796,5.8334704e-06,0.00085644436,2.0551057e-05,0.00017946596,0.9971493
/home/leo/Documentos/mestrado/DeepWeeds-Mobile/images/20180105-094832-2.jpg,8,8,8,8,1,0.9931855,5.849208e-07,2.2292072e-06,0.0010163131,4.6054884e-05,0.0019426045,4.378663e-08,0.0038039354,2.5496374e-06,0.9931855
/home/leo/Documentos/mestrado/DeepWeeds-Mobile/images/20170920-095857-1.jpg,2,2,2,2,1,0.74327296,0.0003337352,0.0011786397,0.74327296,0.0038628932,0.055318754,1.6885011e-05,0.010205204,0.0031587814,0.18265224
/home/leo/Documentos/mestrado/DeepWeeds-Mobile/images/20180125-135215-2.jpg,8,8,8,8,1,0.7579031,0.0010576418,0.07568493,0.0023738733,0.075095095,0.0786415,0.00063656195,0.0004041623,0.008203124,0.7579031
/home/leo/Documentos/mestrado/DeepWeeds-Mobile/images/20180125-101355-1.jpg,8,8,8,8,1,0.9908537,3.0723444e-05,0.00018263108,1.8724317e-05,0.00035964354,2.3745564e-05,0.005841049,0.002534161,0.00015562143,0.9908537
/home/leo/Documentos/mestrado/DeepWeeds-Mobile/images/20170521-164057-0.jpg,1,1,1,1,1,0.78484964,0.0026831017,0.78484964,3.139904e-08,4.2974716e-07,5.8292917e-09,1.1672324e-05,0.19034997,0.005700935,0.016404146
/home/leo/Documentos/mestrado/DeepWeeds-Mobile/images/20170217-103414-0.jpg,0,8,0,8,0,0.5004619,0.0134249665,0.001789712,0.0030431617,0.0017587276,0.000177114,0.20522478,0.10867737,0.16544227,0.5004619
/home/leo/Documentos/mestrado/DeepWeeds-Mobile/images/20171113-120204-2.jpg,6,6,6,6,1,0.88379776,0.0005267816,8.115571e-06,0.0005312905,6.495545e-05,0.00020709287,2.6391438e-06,0.88379776,0.00016614645,0.114695124
/home/leo/Documentos/mestrado/DeepWeeds-Mobile/images/20171203-165809-3.jpg,8,8,8,8,1,0.9944769,0.0002499604,0.003587328,1.0210271e-05,0.00017840712,0.000117473726,4.5236673e-05,0.00038026893,0.0009541975,0.9944769
/home/leo/Documentos/mestrado/DeepWeeds-Mobile/images/20171212-103637-3.jpg,8,8,8,8,1,0.40756038,1.0430047e-05,0.31274423,1.0355577e-08,0.0005163622,6.371814e-08,0.0032884502,0.27567488,0.00020525105,0.40756038
/home/leo/Documentos/mestrado/DeepWeeds-Mobile/images/20171102-122320-3.jpg,2,2,2,2,1,0.9990691,5.8186316e-07,1.3617436e-09,0.9990691,0.00011766365,0.00016767708,1.7133098e-07,2.740996e-11,4.2555186e-08,0.00064471905
/home/leo/Documentos/mestrado/DeepWeeds-Mobile/images/20170729-091749-2.jpg,4,7,4,7,0,0.3341156,0.11106399,0.00013725813,6.6257104e-05,0.20666441,0.2088704,3.1210202e-08,1.3482176e-08,0.3341156,0.13908209
/home/leo/Documentos/mestrado/DeepWeeds-Mobile/images/20171025-093249-2.jpg,3,3,3,3,1,0.85967374,0.0018915554,6.639446e-05,0.0029772862,0.85967374,0.07209281,5.150897e-07,5.589355e-08,0.0012952898,0.06200232
/home/leo/Documentos/mestrado/DeepWeeds-Mobile/images/20180109-074946-2.jpg,8,6,8,6,0,0.55425453,0.001514346,0.0063442113,0.0006358818,7.9932994e-05,0.0010355064,0.0005019533,0.55425453,0.004990429,0.43064323
/home/leo/Documentos/mestrado/DeepWeeds-Mobile/images/20171025-094245-2.jpg,3,8,3,8,0,0.974329,0.0018695806,0.00044579786,0.003016427,0.019930843,6.203213e-05,1.998462e-05,3.7193993e-05,0.00028920217,0.974329
/home/leo/Documentos/mestrado/DeepWeeds-Mobile/images/20180119-105244-1.jpg,8,8,8,8,1,0.8295899,0.0036736194,0.07087372,8.34099e-05,0.003173181,0.0007596329,0.013852195,0.059665713,0.018328719,0.8295899
/home/leo/Documentos/mestrado/DeepWeeds-Mobile/images/20170727-125724-1.jpg,4,4,4,4,1,0.7830374,0.00040021125,0.00015690383,0.052579816,0.11435828,0.7830374,0.0018663034,7.550978e-05,0.00048616953,0.047039337
/home/leo/Documentos/mestrado/DeepWeeds-Mobile/images/20171212-104712-1.jpg,8,1,8,1,0,0.51613826,0.017059715,0.51613826,6.047782e-07,0.15591283,0.000105188,1.8771623e-05,0.0010010157,0.014325419,0.29543826
/home/leo/Documentos/mestrado/DeepWeeds-Mobile/images/20171113-132208-1.jpg,6,6,6,6,1,0.96979856,1.0288484e-05,8.2084436e-05,6.444043e-05,9.5824994e-08,1.1898961e-07,4.648462e-08,0.96979856,4.4543085e-06,0.03003996
/home/leo/Documentos/mestrado/DeepWeeds-Mobile/images/20180112-092918-2.jpg,8,8,8,8,1,0.990213,0.0016254985,1.9973942e-05,1.1702645e-05,1.798392e-06,1.2541247e-07,1.5250206e-05,4.6432294e-09,0.008112702,0.990213
/home/leo/Documentos/mestrado/DeepWeeds-Mobile/images/20180112-081547-2.jpg,8,8,8,8,1,0.5292085,0.009804429,0.003256178,0.21577395,0.15241906,0.06864483,0.00012965256,0.0021019604,0.018661514,0.5292085
/home/leo/Documentos/mestrado/DeepWeeds-Mobile/images/20180109-105451-2.jpg,8,8,8,8,1,0.9780035,0.00040386277,6.5741965e-06,0.019299582,0.0021107686,0.00012528445,1.8147766e-05,2.1229842e-07,3.202066e-05,0.9780035
/home/leo/Documentos/mestrado/DeepWeeds-Mobile/images/20170913-124440-3.jpg,5,5,5,5,1,0.99796957,0.00071293,1.727099e-05,1.2896462e-05,2.6887818e-05,0.0003226586,0.99796957,0.0003403035,0.00022001662,0.00037749152
/home/leo/Documentos/mestrado/DeepWeeds-Mobile/images/20170920-160143-3.jpg,2,4,2,4,0,0.5846575,5.496603e-05,1.5667011e-06,0.39940584,0.00061175553,0.5846575,5.30151e-05,1.559123e-05,6.010682e-05,0.015139689
/home/leo/Documentos/mestrado/DeepWeeds-Mobile/images/20180112-074356-1.jpg,8,8,8,8,1,0.88414156,0.025617175,0.00325044,3.585497e-05,0.009283414,0.01857768,1.9549311e-06,1.649651e-06,0.059090286,0.88414156
/home/leo/Documentos/mestrado/DeepWeeds-Mobile/images/20171113-152630-0.jpg,6,6,6,6,1,0.9998381,3.1883849e-06,0.00011272968,7.4605865e-08,2.0131706e-06,1.1794994e-09,4.8647325e-07,0.9998381,1.4441128e-05,2.8817889e-05
/home/leo/Documentos/mestrado/DeepWeeds-Mobile/images/20171220-084624-2.jpg,8,8,8,8,1,0.9610938,0.0016701854,0.001077081,4.2728449e-10,0.00063351507,1.5556342e-09,0.035087388,1.1539933e-06,0.0004368435,0.9610938
/home/leo/Documentos/mestrado/DeepWeeds-Mobile/images/20171220-082326-2.jpg,8,8,8,8,1,0.88666105,0.0974793,0.00041087426,1.1469912e-08,0.0015937638,8.8417415e-05,4.4786364e-05,8.81646e-08,0.01372159,0.88666105
/home/leo/Documentos/mestrado/DeepWeeds-Mobile/images/20170906-105310-2.jpg,3,8,3,8,0,0.49124038,0.14276305,0.00016465956,0.056563474,0.15295468,0.047181416,4.1996896e-05,9.806389e-07,0.10908939,0.49124038
/home/leo/Documentos/mestrado/DeepWeeds-Mobile/images/20180112-070650-2.jpg,8,8,8,8,1,0.8035005,0.0071696187,0.00018810699,0.00040262163,0.01723,0.07995878,8.363169e-08,2.0020305e-07,0.09155027,0.8035005
/home/leo/Documentos/mestrado/DeepWeeds-Mobile/images/20170705-164812-0.jpg,7,7,7,7,1,0.6707893,0.07806472,0.02733353,0.0038281083,0.0059361164,0.08831365,0.0047032638,3.5952253e-05,0.6707893,0.12099525
/home/leo/Documentos/mestrado/DeepWeeds-Mobile/images/20171220-094747-2.jpg,8,5,8,5,0,0.40493414,0.028378226,0.0014824521,8.65032e-06,0.00092999975,2.2941538e-06,0.40493414,0.29512423,0.00067293027,0.26846713
/home/leo/Documentos/mestrado/DeepWeeds-Mobile/images/20170315-085748-0.jpg,8,1,8,1,0,0.555087,0.009490013,0.555087,5.8493006e-06,0.016972292,4.536817e-05,0.0015815661,0.032793686,0.025664242,0.35836002
/home/leo/Documentos/mestrado/DeepWeeds-Mobile/images/20170920-171358-1.jpg,4,4,4,4,1,0.59184444,0.011873329,0.008392719,0.19195552,0.013271056,0.59184444,0.000727644,1.613981e-05,0.13961853,0.04230054
/home/leo/Documentos/mestrado/DeepWeeds-Mobile/images/20170718-102156-2.jpg,8,7,8,7,0,0.62294906,0.24335845,0.018735508,0.00011785215,0.017280307,0.00018430018,0.0009058821,0.00054732745,0.62294906,0.09592126
/home/leo/Documentos/mestrado/DeepWeeds-Mobile/images/20180322-112952-2.jpg,8,8,8,8,1,0.9996975,9.978961e-05,7.575329e-05,3.5974466e-08,3.384173e-05,3.0468916e-06,7.995092e-05,1.4678252e-08,1.0048047e-05,0.9996975
/home/leo/Documentos/mestrado/DeepWeeds-Mobile/images/20171102-120749-1.jpg,2,2,2,2,1,0.9999747,4.478052e-09,1.3882118e-10,0.9999747,4.9092046e-07,5.4320903e-06,4.982132e-10,5.3064043e-11,1.2098901e-09,1.9331299e-05
/home/leo/Documentos/mestrado/DeepWeeds-Mobile/images/20171219-093202-2.jpg,8,8,8,8,1,0.99902785,3.6797486e-05,3.9470206e-06,1.0465427e-08,0.00016150707,1.2621385e-07,0.0007684392,9.2375615e-08,1.2546027e-06,0.99902785
/home/leo/Documentos/mestrado/DeepWeeds-Mobile/images/20170920-114517-2.jpg,2,2,2,2,1,0.99784064,1.7271293e-07,2.0567186e-09,0.99784064,3.7045465e-06,0.0010359206,1.9537876e-09,1.653949e-07,2.7950597e-07,0.0011190727
/home/leo/Documentos/mestrado/DeepWeeds-Mobile/images/20170920-115716-2.jpg,2,2,2,2,1,0.4800118,0.00012308297,1.1084985e-06,0.4800118,0.0005716757,0.31186742,1.5870364e-06,3.7723057e-06,8.1100115e-05,0.20733851
/home/leo/Documentos/mestrado/DeepWeeds-Mobile/images/20170705-170314-0.jpg,0,0,0,0,1,0.43545035,0.43545035,0.07650603,0.00023135095,0.01281734,0.00044675983,2.8222077e-05,7.0086855e-05,0.25241587,0.22203396
/home/leo/Documentos/mestrado/DeepWeeds-Mobile/images/20171121-081349-2.jpg,6,6,6,6,1,0.99707675,1.8599059e-07,8.412225e-05,1.5215053e-07,3.095248e-07,4.7594092e-08,1.1571453e-08,0.99707675,7.613841e-07,0.002837662
/home/leo/Documentos/mestrado/DeepWeeds-Mobile/images/20180112-102500-1.jpg,8,8,8,8,1,0.9409575,0.0089567285,0.0021576176,0.0007308617,0.032608587,0.00090811076,0.0003390357,0.00043788538,0.012903663,0.9409575
/home/leo/Documentos/mestrado/DeepWeeds-Mobile/images/20171218-103142-3.jpg,8,8,8,8,1,0.9672232,0.008237477,0.0016347955,0.0015779112,0.0016069831,0.00774004,2.3192908e-05,6.922512e-05,0.011887204,0.9672232
/home/leo/Documentos/mestrado/DeepWeeds-Mobile/images/20171220-082912-2.jpg,8,8,8,8,1,0.9976017,0.00034252892,2.3075984e-06,3.6494987e-12,0.0009641145,8.305504e-08,1.06677e-06,1.0570337e-10,0.0010881716,0.9976017
/home/leo/Documentos/mestrado/DeepWeeds-Mobile/images/20180109-071834-1.jpg,8,8,8,8,1,0.31383023,0.11319706,0.23384477,2.0140564e-05,0.20618248,0.003576733,2.231261e-05,0.015116996,0.11420927,0.31383023
/home/leo/Documentos/mestrado/DeepWeeds-Mobile/images/20170920-095834-3.jpg,2,2,2,2,1,0.9761698,4.0258537e-06,6.808124e-05,0.9761698,7.296797e-05,0.0016750669,7.7219016e-07,0.0010980046,4.680233e-06,0.02090647
/home/leo/Documentos/mestrado/DeepWeeds-Mobile/images/20170727-162650-1.jpg,4,4,4,4,1,0.99097955,0.0014104074,1.3120283e-06,3.8384374e-06,0.00010160551,0.99097955,2.8458965e-07,1.4866532e-10,0.003134294,0.0043688007
/home/leo/Documentos/mestrado/DeepWeeds-Mobile/images/20171220-092428-3.jpg,8,8,8,8,1,0.9969779,0.00017870456,9.713982e-06,3.7635628e-10,0.0026440974,1.1413697e-06,0.00014140793,2.0950469e-07,4.6700014e-05,0.9969779
/home/leo/Documentos/mestrado/DeepWeeds-Mobile/images/20170705-164946-0.jpg,7,4,7,4,0,0.8247683,0.005397824,9.104095e-05,0.00012013922,0.0009925996,0.8247683,2.831898e-05,3.0378469e-09,0.15428008,0.014321652
/home/leo/Documentos/mestrado/DeepWeeds-Mobile/images/20171220-092945-2.jpg,8,8,8,8,1,0.99962795,4.4140066e-08,3.6509786e-09,2.2690727e-09,2.1579392e-07,2.1252403e-08,0.000371554,2.6080704e-07,1.7563724e-09,0.99962795
/home/leo/Documentos/mestrado/DeepWeeds-Mobile/images/20180112-074555-2.jpg,8,8,8,8,1,0.695889,0.104686715,3.7221118e-05,0.07475777,0.04086156,0.003730193,1.2263435e-05,5.2998877e-07,0.080024734,0.695889
/home/leo/Documentos/mestrado/DeepWeeds-Mobile/images/20171102-104623-1.jpg,2,2,2,2,1,0.85900325,1.4371203e-05,2.7819757e-08,0.85900325,7.307158e-05,0.082724914,1.448206e-06,1.3467417e-06,3.3860968e-07,0.058181353
/home/leo/Documentos/mestrado/DeepWeeds-Mobile/images/20170217-151026-0.jpg,0,0,0,0,1,0.8907936,0.8907936,0.00026260872,2.243145e-05,0.0019650091,7.5224348e-06,3.7488428e-06,3.817529e-08,0.029747764,0.07719717
/home/leo/Documentos/mestrado/DeepWeeds-Mobile/images/20180109-103404-1.jpg,8,6,8,6,0,0.9422152,0.0023628343,0.0004576016,1.2540088e-05,0.015289366,4.6529894e-06,2.2858345e-05,0.9422152,0.00027236505,0.039362554
/home/leo/Documentos/mestrado/DeepWeeds-Mobile/images/20180109-104607-2.jpg,8,8,8,8,1,0.99887055,0.00065616815,1.3013748e-07,0.00017676948,0.00027836833,2.784465e-07,1.019012e-05,9.450654e-10,7.397586e-06,0.99887055
/home/leo/Documentos/mestrado/DeepWeeds-Mobile/images/20171025-082655-2.jpg,3,8,3,8,0,0.89856476,0.0036136776,0.0022167834,0.001929808,0.02383153,0.052531116,1.4882797e-06,1.6971753e-05,0.01729383,0.89856476
/home/leo/Documentos/mestrado/DeepWeeds-Mobile/images/20180125-092556-1.jpg,8,8,8,8,1,0.97769994,6.578884e-08,1.188249e-09,0.0003235297,5.2459045e-06,0.021965504,1.0886624e-07,5.4633583e-06,8.276559e-09,0.97769994
/home/leo/Documentos/mestrado/DeepWeeds-Mobile/images/20171113-132523-1.jpg,6,6,6,6,1,0.9838483,1.9441246e-05,0.008395243,3.438857e-06,1.6741733e-05,9.602713e-07,5.80806e-07,0.9838483,4.728133e-05,0.0076681646
/home/leo/Documentos/mestrado/DeepWeeds-Mobile/images/20180109-070134-2.jpg,8,8,8,8,1,0.991939,1.0042121e-05,0.00022457214,0.0003116481,5.063635e-06,6.679777e-05,3.53566e-05,0.0073911953,1.6348e-05,0.991939
/home/leo/Documentos/mestrado/DeepWeeds-Mobile/images/20180125-132608-3.jpg,8,8,8,8,1,0.8961398,0.00050999183,0.09897138,1.3317056e-05,5.7835572e-05,2.5023168e-05,0.0012820392,0.0024620926,0.00053853396,0.8961398
/home/leo/Documentos/mestrado/DeepWeeds-Mobile/images/20180322-113612-1.jpg,8,8,8,8,1,0.9903023,0.0019887555,0.000904041,3.633758e-08,9.301249e-06,2.7374613e-06,0.006317055,8.103233e-09,0.00047588866,0.9903023
/home/leo/Documentos/mestrado/DeepWeeds-Mobile/images/20170130-102747-0.jpg,1,0,1,0,0,0.2620083,0.2620083,0.17463025,0.018383486,0.086096115,0.017965853,0.22834112,0.00046205817,0.04101829,0.17109448
/home/leo/Documentos/mestrado/DeepWeeds-Mobile/images/20180125-134828-3.jpg,8,8,8,8,1,0.89934665,0.008220207,0.012073903,0.0012001572,0.0056318436,0.017780209,0.00083467865,0.00031156038,0.054600798,0.89934665
/home/leo/Documentos/mestrado/DeepWeeds-Mobile/images/20180109-102932-2.jpg,8,8,8,8,1,0.9960809,0.00033330388,0.00045433582,0.0006387508,0.00082615414,0.0015367711,1.0958544e-05,6.521731e-07,0.00011813443,0.9960809
/home/leo/Documentos/mestrado/DeepWeeds-Mobile/images/20171025-082303-3.jpg,3,3,3,3,1,0.64182514,0.015729692,0.0010561249,0.0001566421,0.64182514,0.013546765,1.474791e-06,1.7057266e-07,0.0141750835,0.313509
/home/leo/Documentos/mestrado/DeepWeeds-Mobile/images/20171220-093056-2.jpg,8,8,8,8,1,0.9988967,1.4626646e-06,2.0160424e-07,1.6041292e-10,7.452105e-06,1.0504828e-08,0.0010925643,6.921902e-08,1.476441e-06,0.9988967
/home/leo/Documentos/mestrado/DeepWeeds-Mobile/images/20171218-120238-3.jpg,8,8,8,8,1,0.99029917,0.00018146544,3.9311886e-05,7.405462e-09,0.002269072,2.9802843e-07,0.00711957,2.5034504e-05,6.6118664e-05,0.99029917
/home/leo/Documentos/mestrado/DeepWeeds-Mobile/images/20171219-100627-2.jpg,8,8,8,8,1,0.9834664,0.00015116538,0.00020097123,3.3403012e-07,0.015749041,0.000111951995,6.910613e-07,6.615352e-06,0.00031289953,0.9834664
/home/leo/Documentos/mestrado/DeepWeeds-Mobile/images/20171220-083743-2.jpg,8,8,8,8,1,0.99981105,7.145858e-05,6.7379387e-09,3.863837e-13,4.1445495e-05,6.837123e-11,6.4104555e-05,1.2186793e-10,1.18927155e-05,0.99981105
/home/leo/Documentos/mestrado/DeepWeeds-Mobile/images/20171025-093900-3.jpg,3,8,3,8,0,0.5243354,0.06084706,9.243148e-05,0.1659675,0.028416324,0.2167851,3.2799053e-05,2.2231109e-06,0.0035212417,0.5243354
/home/leo/Documentos/mestrado/DeepWeeds-Mobile/images/20171113-171535-0.jpg,6,6,6,6,1,0.9996046,2.5342113e-09,0.00038981586,7.43352e-12,1.0097003e-09,7.741895e-13,1.4213937e-08,0.9996046,5.3302776e-09,5.6406084e-06
/home/leo/Documentos/mestrado/DeepWeeds-Mobile/images/20180322-112621-2.jpg,8,8,8,8,1,0.931567,0.001127244,8.357013e-05,1.9338775e-06,5.79337e-06,3.981787e-07,0.06698426,4.71116e-05,0.00018258687,0.931567
/home/leo/Documentos/mestrado/DeepWeeds-Mobile/images/20170217-120447-0.jpg,7,8,7,8,0,0.88988644,0.023801824,0.011160144,0.0001017015,0.000111736466,1.6497624e-07,0.0038510128,0.0025155551,0.06857141,0.88988644
/home/leo/Documentos/mestrado/DeepWeeds-Mobile/images/20180322-113021-2.jpg,8,8,8,8,1,0.9984251,0.0011606883,3.5998117e-05,6.3833966e-07,0.00019859365,2.5315971e-06,8.861763e-06,2.8691662e-07,0.00016733154,0.9984251
/home/leo/Documentos/mestrado/DeepWeeds-Mobile/images/20170714-170312-1.jpg,1,1,1,1,1,0.9826162,7.6313e-06,0.9826162,4.147546e-12,0.0038314506,2.1833703e-08,6.074556e-06,2.3667388e-05,0.00018183583,0.013333237
/home/leo/Documentos/mestrado/DeepWeeds-Mobile/images/20171220-095157-2.jpg,8,8,8,8,1,0.99990165,6.597559e-07,1.0888412e-08,6.060077e-11,4.2542624e-06,2.4181235e-09,9.249756e-05,2.8915839e-08,8.9667526e-07,0.99990165
/home/leo/Documentos/mestrado/DeepWeeds-Mobile/images/20180112-101305-2.jpg,8,8,8,8,1,0.9202353,0.027190385,2.958053e-05,0.016061397,0.0063051237,8.719619e-05,6.062817e-06,0.018712731,0.01137229,0.9202353
/home/leo/Documentos/mestrado/DeepWeeds-Mobile/images/20170705-163643-0.jpg,7,7,7,7,1,0.7417195,0.2423201,3.164352e-05,5.4573626e-05,8.724684e-05,0.00028030103,4.7004283e-05,1.0883816e-08,0.7417195,0.015459627
/home/leo/Documentos/mestrado/DeepWeeds-Mobile/images/20170728-124313-3.jpg,4,4,4,4,1,0.9954902,0.0005644094,3.4762224e-06,3.6770678e-06,0.00036732617,0.9954902,2.9155713e-06,1.08490925e-10,0.00031589335,0.003252085
/home/leo/Documentos/mestrado/DeepWeeds-Mobile/images/20170714-120129-3.jpg,1,1,1,1,1,0.99329334,4.640044e-06,0.99329334,2.1021619e-10,2.0862036e-07,1.2658515e-10,8.9663885e-08,0.006596906,1.5357358e-05,8.948634e-05
/home/leo/Documentos/mestrado/DeepWeeds-Mobile/images/20180322-125723-1.jpg,8,8,8,8,1,0.9992987,0.0002131847,0.0004071533,2.2948008e-09,1.4665548e-07,4.3793682e-07,1.1512353e-05,2.8781028e-07,6.850266e-05,0.9992987
/home/leo/Documentos/mestrado/DeepWeeds-Mobile/images/20170217-102010-0.jpg,0,0,0,0,1,0.98883516,0.98883516,5.2682793e-08,2.245944e-09,1.1171922e-10,8.916126e-11,1.0248047e-05,3.4209856e-06,0.006269647,0.0048814765
/home/leo/Documentos/mestrado/DeepWeeds-Mobile/images/20170913-102022-2.jpg,3,3,3,3,1,0.9965689,2.6071618e-06,3.666257e-08,1.2649323e-06,0.9965689,0.00044476858,3.9883494e-07,2.6893398e-08,2.7964902e-06,0.0029790392
/home/leo/Documentos/mestrado/DeepWeeds-Mobile/images/20171113-120459-3.jpg,6,6,6,6,1,0.77227616,1.1445354e-05,0.0047856052,0.00011676065,0.0009874025,0.00013833141,3.313412e-05,0.77227616,9.113071e-05,0.22156015
/home/leo/Documentos/mestrado/DeepWeeds-Mobile/images/20171113-131803-1.jpg,6,6,6,6,1,0.99978137,2.4124445e-06,0.0001708682,1.008977e-07,6.800022e-08,3.2320748e-09,2.5836224e-08,0.99978137,6.7519572e-06,3.8336664e-05
/home/leo/Documentos/mestrado/DeepWeeds-Mobile/images/20171219-104644-3.jpg,8,8,8,8,1,0.9843409,0.004894563,0.00101062,5.490062e-09,6.635473e-07,2.756199e-09,0.004122162,5.1250197e-08,0.0056310454,0.9843409
/home/leo/Documentos/mestrado/DeepWeeds-Mobile/images/20171219-112250-2.jpg,8,8,8,8,1,0.91077596,0.0009023674,0.00075307995,0.004393871,0.06745428,0.009204838,1.6537379e-06,0.004780893,0.0017331108,0.91077596
/home/leo/Documentos/mestrado/DeepWeeds-Mobile/images/20180125-131801-2.jpg,8,8,8,8,1,0.9973098,0.00016972252,0.0012218904,2.9305065e-08,2.1092435e-06,2.9419907e-06,0.0012162772,1.4930952e-08,7.724065e-05,0.9973098
/home/leo/Documentos/mestrado/DeepWeeds-Mobile/images/20170913-103401-2.jpg,3,3,3,3,1,0.99043065,1.3681666e-05,1.27687e-06,2.76028e-05,0.99043065,0.00033962142,0.00010458927,5.1322104e-06,1.1731088e-05,0.009065753
/home/leo/Documentos/mestrado/DeepWeeds-Mobile/images/20171109-075003-3.jpg,5,5,5,5,1,0.9923806,0.00010687196,5.1095376e-06,1.4668683e-10,1.1463206e-06,3.3992642e-10,0.9923806,1.9821866e-05,1.7801678e-06,0.007484673
/home/leo/Documentos/mestrado/DeepWeeds-Mobile/images/20170913-103852-2.jpg,3,8,3,8,0,0.7957509,1.6453845e-06,8.8744395e-07,3.176524e-05,0.20386955,0.00012023663,0.00020976481,2.4440383e-06,1.2709508e-05,0.7957509
/home/leo/Documentos/mestrado/DeepWeeds-Mobile/images/20180322-124813-1.jpg,8,8,8,8,1,0.9975961,2.9646902e-05,3.157775e-05,0.00019482998,4.799756e-05,0.0012646414,0.0007922582,7.771749e-06,3.5220673e-05,0.9975961
/home/leo/Documentos/mestrado/DeepWeeds-Mobile/images/20171113-141240-2.jpg,6,6,6,6,1,0.45583677,0.0032999422,0.0004703256,4.0705287e-05,0.0017076721,0.00014355055,0.03209997,0.45583677,0.18359914,0.322802
/home/leo/Documentos/mestrado/DeepWeeds-Mobile/images/20180125-100508-1.jpg,8,8,8,8,1,0.9860322,3.3864322e-05,0.00047818397,4.188848e-06,0.000689117,6.2567583e-06,5.9273145e-05,0.01236653,0.00033044902,0.9860322
/home/leo/Documentos/mestrado/DeepWeeds-Mobile/images/20180109-070612-2.jpg,8,8,8,8,1,0.932239,1.0071478e-06,0.0018588763,6.4950705e-06,2.9271473e-06,5.16113e-06,0.0006963023,0.06517698,1.3396135e-05,0.932239
/home/leo/Documentos/mestrado/DeepWeeds-Mobile/images/20180125-091808-1.jpg,8,8,8,8,1,1.0,1.970092e-10,2.1625653e-12,1.7266996e-10,2.2965416e-10,5.168861e-08,1.08570986e-10,1.0882751e-09,3.2763064e-10,1.0
/home/leo/Documentos/mestrado/DeepWeeds-Mobile/images/20170128-102317-0.jpg,8,8,8,8,1,0.71745175,0.008331381,0.0032480008,3.4101828e-05,0.25779203,0.0005006278,8.772019e-07,0.00036633172,0.012274948,0.71745175
/home/leo/Documentos/mestrado/DeepWeeds-Mobile/images/20171217-183750-2.jpg,8,8,8,8,1,0.9492008,5.5465323e-05,2.7212516e-05,9.9600665e-09,4.0518984e-08,1.486584e-08,0.05048723,0.00022868245,5.7708695e-07,0.9492008
/home/leo/Documentos/mestrado/DeepWeeds-Mobile/images/20170913-122638-1.jpg,5,5,5,5,1,0.9971668,0.0023095137,3.6692509e-06,4.6370634e-08,2.401987e-07,4.5202382e-06,0.9971668,4.876269e-07,1.7463674e-06,0.00051296
/home/leo/Documentos/mestrado/DeepWeeds-Mobile/images/20170711-114921-0.jpg,7,7,7,7,1,0.7464367,0.05095244,0.016438743,0.00991799,0.0010799265,0.0006168265,0.0006778407,0.020275306,0.7464367,0.15360422
/home/leo/Documentos/mestrado/DeepWeeds-Mobile/images/20170906-114137-1.jpg,3,3,3,3,1,0.9202986,0.003748971,5.6690053e-05,1.5250959e-06,0.9202986,4.351255e-05,9.118592e-05,0.00055203534,0.01226036,0.062947184
/home/leo/Documentos/mestrado/DeepWeeds-Mobile/images/20171121-071942-1.jpg,6,6,6,6,1,0.93634415,1.19400365e-05,0.0012981236,7.719212e-06,2.2599595e-05,2.334806e-06,1.0456047e-06,0.93634415,0.00023749008,0.062074583
/home/leo/Documentos/mestrado/DeepWeeds-Mobile/images/20171109-071315-1.jpg,5,5,5,5,1,0.9991123,2.927568e-07,0.00033662576,7.7296297e-13,2.0340835e-08,6.491467e-14,0.9991123,0.000111230605,2.7252773e-07,0.00043936065
/home/leo/Documentos/mestrado/DeepWeeds-Mobile/images/20171113-142527-2.jpg,6,8,6,8,0,0.87462157,4.2730528e-07,5.7428973e-05,8.7937445e-07,0.0002398307,0.00013157964,1.093819e-06,0.12494595,1.323963e-06,0.87462157
/home/leo/Documentos/mestrado/DeepWeeds-Mobile/images/20171219-094511-2.jpg,8,8,8,8,1,0.9995035,4.9402952e-05,2.997741e-05,5.761857e-08,0.00038961737,3.5044418e-06,1.0002371e-05,2.0590765e-06,1.1872673e-05,0.9995035
/home/leo/Documentos/mestrado/DeepWeeds-Mobile/images/20170727-145407-3.jpg,4,4,4,4,1,0.73642486,0.030487718,0.00031104713,0.04706514,0.009416758,0.73642486,0.0003810804,0.00046090706,0.009313136,0.16613936
/home/leo/Documentos/mestrado/DeepWeeds-Mobile/images/20171218-112328-3.jpg,8,1,8,1,0,0.6207971,0.011892428,0.6207971,0.00085948344,0.006926311,0.0014685747,0.0070885653,1.2473227e-05,0.00901614,0.34193894
/home/leo/Documentos/mestrado/DeepWeeds-Mobile/images/20180322-132447-1.jpg,8,8,8,8,1,0.8889356,0.024151172,0.0025937657,1.9771433e-05,6.124925e-05,0.0032013522,0.00044733947,2.3712294e-06,0.080587424,0.8889356
/home/leo/Documentos/mestrado/DeepWeeds-Mobile/images/20171113-134252-1.jpg,6,6,6,6,1,0.9982662,1.948996e-05,0.00034842678,5.8992197e-07,7.697886e-07,1.5270147e-07,1.3493438e-07,0.9982662,0.00010304182,0.0012612367
/home/leo/Documentos/mestrado/DeepWeeds-Mobile/images/20171220-100736-1.jpg,8,8,8,8,1,0.9999474,9.339802e-06,2.925237e-06,6.5005123e-14,3.7745805e-05,2.6829455e-10,8.347999e-07,4.701565e-09,1.7108363e-06,0.9999474
/home/leo/Documentos/mestrado/DeepWeeds-Mobile/images/20170706-105716-0.jpg,7,8,7,8,0,0.6275049,0.027842823,0.0015000594,1.2635531e-05,0.0041169594,0.00067029597,3.2601494e-07,8.184583e-08,0.33835194,0.6275049
/home/leo/Documentos/mestrado/DeepWeeds-Mobile/images/20170410-153636-0.jpg,7,0,7,0,0,0.78898925,0.78898925,0.00034654213,3.7208905e-05,3.877024e-06,2.0904496e-05,0.014504338,8.32356e-07,0.19293128,0.00316577
/home/leo/Documentos/mestrado/DeepWeeds-Mobile/images/20180109-074944-1.jpg,8,8,8,8,1,0.6086474,0.004059919,0.00627729,0.36396208,0.002017089,0.0103050545,0.0007261358,0.0003073799,0.0036976987,0.6086474
/home/leo/Documentos/mestrado/DeepWeeds-Mobile/images/20180109-091220-1.jpg,8,8,8,8,1,0.99957436,1.4588658e-06,1.3518938e-06,3.0201556e-07,4.3339205e-07,9.676824e-10,7.807525e-05,0.0003408779,3.1668608e-06,0.99957436
/home/leo/Documentos/mestrado/DeepWeeds-Mobile/images/20171220-101422-1.jpg,8,8,8,8,1,0.9999287,1.1437334e-05,1.2256767e-06,3.815574e-12,3.178641e-05,4.1538772e-09,2.1761307e-05,1.5301444e-07,4.955685e-06,0.9999287
/home/leo/Documentos/mestrado/DeepWeeds-Mobile/images/20170920-114356-3.jpg,2,4,2,4,0,0.5751238,3.8634116e-07,1.1344788e-09,0.42040858,4.713246e-06,0.5751238,1.3450934e-09,2.1601123e-07,3.4963645e-07,0.0044620424
/home/leo/Documentos/mestrado/DeepWeeds-Mobile/images/20180322-103543-2.jpg,8,8,8,8,1,0.9465313,0.0033171691,0.00032525486,9.109041e-05,0.0005469231,0.04763882,2.5497088e-06,6.3435555e-09,0.0015469044,0.9465313
/home/leo/Documentos/mestrado/DeepWeeds-Mobile/images/20171212-095453-1.jpg,8,8,8,8,1,0.9999393,2.632157e-07,5.139613e-09,5.109473e-15,3.2231936e-05,1.7148796e-12,2.768518e-05,1.0001345e-10,4.6021046e-07,0.9999393
/home/leo/Documentos/mestrado/DeepWeeds-Mobile/images/20180322-104346-1.jpg,8,8,8,8,1,0.94594425,0.0039025596,0.00041844064,0.0038581344,0.007673197,0.0296549,0.000113019,2.0224663e-08,0.008435439,0.94594425
/home/leo/Documentos/mestrado/DeepWeeds-Mobile/images/20170714-121321-2.jpg,1,1,1,1,1,0.8232791,0.008394547,0.8232791,2.8362196e-05,0.0014443685,0.008153029,0.00023279402,0.009210651,0.06246165,0.08679553
/home/leo/Documentos/mestrado/DeepWeeds-Mobile/images/20180125-093525-2.jpg,8,8,8,8,1,0.9992286,1.941089e-05,0.00014938496,6.335631e-09,0.00054725667,3.141856e-05,1.3326489e-05,8.470921e-08,1.0431272e-05,0.9992286
/home/leo/Documentos/mestrado/DeepWeeds-Mobile/images/20171220-101356-1.jpg,8,8,8,8,1,0.999995,7.975882e-08,6.408459e-08,1.2782418e-16,2.5534812e-06,5.443673e-13,2.276276e-06,2.2951158e-10,1.8231807e-08,0.999995
/home/leo/Documentos/mestrado/DeepWeeds-Mobile/images/20180109-074228-1.jpg,8,8,8,8,1,0.8068281,0.00022189686,0.0004379926,0.11604039,0.0019031619,0.026798937,0.00036678548,0.047134854,0.00026791586,0.8068281
/home/leo/Documentos/mestrado/DeepWeeds-Mobile/images/20170727-152818-3.jpg,4,2,4,2,0,0.5020129,6.073209e-05,3.3012188e-07,0.5020129,0.0018926337,0.4940341,8.910006e-08,1.3234248e-08,0.00031576748,0.001683458
/home/leo/Documentos/mestrado/DeepWeeds-Mobile/images/20171025-090350-2.jpg,3,8,3,8,0,0.8886144,0.0015349179,0.0015365604,2.4944999e-05,0.10150418,0.0033478548,5.2109945e-06,3.3835806e-06,0.003428574,0.8886144
/home/leo/Documentos/mestrado/DeepWeeds-Mobile/images/20170920-115752-2.jpg,2,2,2,2,1,0.831571,0.00073303306,2.7128624e-05,0.831571,0.0011627367,0.08697409,1.233084e-06,0.00049542956,0.0033311995,0.075704135
/home/leo/Documentos/mestrado/DeepWeeds-Mobile/images/20180322-113816-2.jpg,8,8,8,8,1,0.9837583,0.00076982577,0.00023941108,4.0215145e-05,0.011347149,5.3583673e-05,6.7815614e-05,0.0005166259,0.0032071273,0.9837583
/home/leo/Documentos/mestrado/DeepWeeds-Mobile/images/20170718-101405-2.jpg,0,8,0,8,0,0.6553669,0.02266368,0.0021954216,0.018525144,0.20194855,0.057358097,2.937334e-05,4.77903e-05,0.04186512,0.6553669
/home/leo/Documentos/mestrado/DeepWeeds-Mobile/images/20171102-103210-2.jpg,2,2,2,2,1,0.87301105,0.0044246265,2.4999292e-06,0.87301105,0.019416446,0.015957003,1.8736715e-06,2.79874e-07,0.00028245442,0.08690375
/home/leo/Documentos/mestrado/DeepWeeds-Mobile/images/20170906-110222-1.jpg,3,3,3,3,1,0.9288323,0.019498648,0.00048144622,3.017063e-06,0.9288323,0.0016483552,1.7607555e-06,1.9653138e-08,0.02554686,0.023987476
/home/leo/Documentos/mestrado/DeepWeeds-Mobile/images/20180105-101147-2.jpg,8,8,8,8,1,0.99900275,4.9339786e-07,3.0102586e-07,1.1591048e-05,0.00015396798,0.00063581765,8.944003e-10,0.0001932739,1.868876e-06,0.99900275
/home/leo/Documentos/mestrado/DeepWeeds-Mobile/images/20180112-093438-1.jpg,8,8,8,8,1,0.99857044,0.0006081399,2.181028e-06,0.00065827824,6.326667e-05,1.1421952e-05,1.5173744e-06,6.6688517e-07,8.402088e-05,0.99857044
/home/leo/Documentos/mestrado/DeepWeeds-Mobile/images/20171220-091650-3.jpg,8,8,8,8,1,0.9986212,0.00065245305,4.1120975e-07,0.00015789764,1.1199603e-05,0.0005005305,1.3107017e-05,6.9037087e-09,4.3096967e-05,0.9986212
/home/leo/Documentos/mestrado/DeepWeeds-Mobile/images/20170728-124810-2.jpg,4,4,4,4,1,0.976704,0.0002402193,1.8675133e-05,0.00014397627,0.0010865655,0.976704,3.0293195e-05,2.4048634e-06,0.00030122034,0.021472683
/home/leo/Documentos/mestrado/DeepWeeds-Mobile/images/20170210-133239-0.jpg,0,0,0,0,1,0.4964144,0.4964144,0.27656537,5.268309e-06,3.0827018e-06,3.5619618e-07,0.001602857,0.20063484,0.022866942,0.0019068574
/home/leo/Documentos/mestrado/DeepWeeds-Mobile/images/20180322-104232-2.jpg,8,8,8,8,1,0.9606191,0.004878177,0.0033232935,6.225858e-08,1.8095549e-05,6.7675893e-07,0.025274044,5.464984e-06,0.005881074,0.9606191
/home/leo/Documentos/mestrado/DeepWeeds-Mobile/images/20180125-091650-2.jpg,8,8,8,8,1,0.94583654,0.0005795791,4.8857414e-06,0.0011232017,0.0046896213,0.04694086,1.6182541e-07,4.9515785e-07,0.000824705,0.94583654
/home/leo/Documentos/mestrado/DeepWeeds-Mobile/images/20171219-110453-3.jpg,8,8,8,8,1,0.9911169,0.0015036748,5.1292987e-05,1.15302655e-07,0.006627056,1.7635764e-05,6.8433505e-06,1.8381077e-06,0.0006745911,0.9911169
/home/leo/Documentos/mestrado/DeepWeeds-Mobile/images/20180125-132650-2.jpg,8,8,8,8,1,0.9998003,3.0117486e-05,7.240239e-05,8.6581275e-09,3.0106718e-05,4.843412e-05,2.7005908e-06,6.0254673e-10,1.5877658e-05,0.9998003
/home/leo/Documentos/mestrado/DeepWeeds-Mobile/images/20180109-091137-2.jpg,8,8,8,8,1,0.98009354,0.0014171043,0.010610722,6.663221e-05,0.0017093003,0.00013311357,0.0005914557,0.0025278125,0.0028502715,0.98009354
/home/leo/Documentos/mestrado/DeepWeeds-Mobile/images/20171201-123949-3.jpg,8,8,8,8,1,0.8112216,0.018002737,0.0337737,1.425636e-06,6.0203192e-06,2.7968647e-07,0.035216976,7.195072e-06,0.10177012,0.8112216
/home/leo/Documentos/mestrado/DeepWeeds-Mobile/images/20171212-094500-3.jpg,8,8,8,8,1,0.9997952,2.2245578e-07,6.771393e-07,8.4013143e-16,0.00020327968,1.8323604e-12,5.314679e-07,7.25837e-09,2.4300126e-08,0.9997952
/home/leo/Documentos/mestrado/DeepWeeds-Mobile/images/20171220-091611-2.jpg,8,8,8,8,1,0.9779312,0.0027100155,0.0022346235,3.986134e-06,0.00064240064,0.00079552224,0.0143385185,5.2411483e-06,0.0013384572,0.9779312
/home/leo/Documentos/mestrado/DeepWeeds-Mobile/images/20170704-150722-0.jpg,7,7,7,7,1,0.70497113,0.16804786,0.015206516,9.824863e-06,0.00041779428,6.7987145e-05,0.0026229098,0.002479828,0.70497113,0.106176205
/home/leo/Documentos/mestrado/DeepWeeds-Mobile/images/20170207-141520-0.jpg,7,7,7,7,1,0.32904458,0.15481539,0.17297755,5.2138254e-05,3.0233075e-06,1.498028e-06,0.32631087,0.001424799,0.32904458,0.01537017
/home/leo/Documentos/mestrado/DeepWeeds-Mobile/images/20180125-125943-3.jpg,8,8,8,8,1,0.42696306,0.001298651,0.16013464,0.00023681244,0.004027964,0.00026348644,0.092930034,0.2860344,0.028111009,0.42696306
/home/leo/Documentos/mestrado/DeepWeeds-Mobile/images/20170728-151426-1.jpg,4,4,4,4,1,0.96359056,1.5388949e-05,2.5848964e-08,0.02682216,6.422619e-05,0.96359056,4.525831e-08,2.6469235e-07,6.8423437e-06,0.00950052
/home/leo/Documentos/mestrado/DeepWeeds-Mobile/images/20180109-075356-2.jpg,8,6,8,6,0,0.99887925,1.5501943e-06,2.4406556e-05,1.0751464e-07,6.393588e-07,1.3584248e-08,4.7134616e-08,0.99887925,9.836241e-06,0.0010841516
/home/leo/Documentos/mestrado/DeepWeeds-Mobile/images/20170707-112559-0.jpg,0,0,0,0,1,0.8682986,0.8682986,0.00029143525,0.0015787019,0.0012237559,6.894296e-05,3.8586386e-06,1.5475793e-05,0.089707874,0.038811438
/home/leo/Documentos/mestrado/DeepWeeds-Mobile/images/20171218-110051-3.jpg,8,8,8,8,1,0.9934214,9.152035e-05,0.00013319815,3.3734917e-09,0.0060645887,1.8045149e-06,8.389321e-06,1.2286252e-05,0.000266789,0.9934214
/home/leo/Documentos/mestrado/DeepWeeds-Mobile/images/20170714-142557-3.jpg,1,1,1,1,1,0.99973017,9.8033034e-08,0.99973017,4.000662e-12,5.5162467e-08,3.8585923e-12,1.1846453e-07,0.00024985327,1.8832486e-06,1.7846036e-05
/home/leo/Documentos/mestrado/DeepWeeds-Mobile/images/20170705-162824-0.jpg,8,0,8,0,0,0.412487,0.412487,0.00048260295,6.763595e-05,0.03817507,0.0036716298,3.4408695e-06,2.6804313e-08,0.38958463,0.15552798
/home/leo/Documentos/mestrado/DeepWeeds-Mobile/images/20170729-092143-1.jpg,4,4,4,4,1,0.9546571,0.000501953,7.862832e-06,0.033440843,0.004170013,0.9546571,1.2477664e-06,1.6529707e-07,0.0010456308,0.006175258
/home/leo/Documentos/mestrado/DeepWeeds-Mobile/images/20180105-093709-2.jpg,8,6,8,6,0,0.67278546,0.0004747722,0.002349967,0.011491575,0.004212561,0.0030096876,0.0005607275,0.67278546,0.00080735283,0.3043079
/home/leo/Documentos/mestrado/DeepWeeds-Mobile/images/20180112-070433-2.jpg,8,8,8,8,1,0.6620987,0.15615612,0.0027960273,0.0062496183,0.121479966,0.00845373,0.0005064827,1.2227747e-06,0.042258147,0.6620987
/home/leo/Documentos/mestrado/DeepWeeds-Mobile/images/20180109-090500-2.jpg,8,8,8,8,1,0.9638699,0.008533788,0.00025243097,0.008577188,0.006471456,0.00066465617,0.0003511803,5.656556e-06,0.0112736765,0.9638699
/home/leo/Documentos/mestrado/DeepWeeds-Mobile/images/20171219-112509-2.jpg,8,8,8,8,1,0.99836594,0.00012906465,8.417544e-07,2.622241e-06,2.0286494e-05,4.5536895e-06,0.00062239246,0.0008526435,1.810198e-06,0.99836594
/home/leo/Documentos/mestrado/DeepWeeds-Mobile/images/20180112-072413-2.jpg,8,7,8,7,0,0.4332692,0.072887175,0.18412834,0.00029214544,0.031240746,0.00022508459,5.2405223e-05,4.462201e-05,0.4332692,0.27786034
/home/leo/Documentos/mestrado/DeepWeeds-Mobile/images/20180105-101840-2.jpg,8,8,8,8,1,0.9881241,6.323015e-05,7.695665e-05,1.5368198e-05,0.0020619081,0.0011774163,4.824771e-08,0.007879026,0.00060193083,0.9881241
/home/leo/Documentos/mestrado/DeepWeeds-Mobile/images/20180125-095221-2.jpg,8,8,8,8,1,0.99203086,2.120339e-07,4.637047e-06,1.2361774e-06,0.005649715,3.1094157e-06,0.0022747638,3.373493e-05,1.7257785e-06,0.99203086
/home/leo/Documentos/mestrado/DeepWeeds-Mobile/images/20180112-100613-2.jpg,8,8,8,8,1,0.915013,0.07063252,7.974007e-05,0.003916189,0.0008424869,0.00038445345,0.0004165235,2.4164518e-07,0.00871471,0.915013
/home/leo/Documentos/mestrado/DeepWeeds-Mobile/images/20180112-072021-2.jpg,8,7,8,7,0,0.37499875,0.24611783,0.006293684,0.0030465934,0.01050711,0.0007735677,0.0001467112,1.5465246e-05,0.37499875,0.35810035
/home/leo/Documentos/mestrado/DeepWeeds-Mobile/images/20171220-091144-2.jpg,8,8,8,8,1,0.9810909,0.009897423,0.0015920249,4.9822257e-09,0.0001147147,1.0395944e-07,0.0070957937,2.7446574e-06,0.00020613917,0.9810909
/home/leo/Documentos/mestrado/DeepWeeds-Mobile/images/20171219-114034-2.jpg,8,8,8,8,1,0.8990093,0.00068220816,0.00019452831,0.020931367,0.035367765,0.033329412,3.7007146e-07,0.008646698,0.001838381,0.8990093
/home/leo/Documentos/mestrado/DeepWeeds-Mobile/images/20170707-114211-0.jpg,0,8,0,8,0,0.6941413,0.11053427,0.0031701822,0.008181963,0.08056458,0.030378202,4.0490886e-06,6.1563995e-05,0.072963916,0.6941413
/home/leo/Documentos/mestrado/DeepWeeds-Mobile/images/20170920-113921-2.jpg,2,2,2,2,1,0.98869294,1.0160224e-05,1.0772195e-07,0.98869294,0.00035181374,0.007934663,2.880828e-06,6.9642016e-07,7.755541e-06,0.0029989276
/home/leo/Documentos/mestrado/DeepWeeds-Mobile/images/20171220-095227-1.jpg,8,8,8,8,1,0.90951973,0.06493761,8.2251114e-05,2.150319e-07,1.8301748e-06,3.2110798e-08,0.017159272,2.0320891e-05,0.008278804,0.90951973
/home/leo/Documentos/mestrado/DeepWeeds-Mobile/images/20171109-091843-2.jpg,5,5,5,5,1,0.9111772,1.827009e-05,0.0042141406,6.455072e-11,2.6862425e-08,3.3055732e-11,0.9111772,0.0072118724,7.04941e-05,0.077308
/home/leo/Documentos/mestrado/DeepWeeds-Mobile/images/20171025-095032-2.jpg,3,8,3,8,0,0.9949392,3.451095e-05,0.0018766124,2.1445998e-05,5.332386e-05,9.3074095e-06,1.4547545e-05,0.0023309248,0.0007202928,0.9949392
/home/leo/Documentos/mestrado/DeepWeeds-Mobile/images/20180105-104639-1.jpg,8,8,8,8,1,0.88469225,3.8779526e-05,0.0017814167,0.0019425827,5.7818852e-05,0.00040452275,1.9142757e-05,0.11086822,0.00019522462,0.88469225
/home/leo/Documentos/mestrado/DeepWeeds-Mobile/images/20170920-135127-2.jpg,2,4,2,4,0,0.7339755,0.0052545886,1.7808716e-05,0.09451427,0.10624034,0.7339755,1.8578797e-06,1.8238193e-06,0.01198469,0.048009112
/home/leo/Documentos/mestrado/DeepWeeds-Mobile/images/20171113-142629-3.jpg,6,6,6,6,1,0.9695666,3.4586257e-05,0.0030755321,3.7615687e-06,4.722528e-05,3.853373e-06,1.6905115e-05,0.9695666,0.00045888178,0.026792621
/home/leo/Documentos/mestrado/DeepWeeds-Mobile/images/20171203-172809-3.jpg,8,8,8,8,1,0.59864646,0.0154324565,0.18288767,4.390201e-06,0.0007330231,0.0003283227,0.009340159,0.06638136,0.1262462,0.59864646
/home/leo/Documentos/mestrado/DeepWeeds-Mobile/images/20170706-113440-0.jpg,7,7,7,7,1,0.51035386,0.1829988,0.0065786587,0.0005348521,0.0015796324,0.0005517222,0.0003226246,2.5298825e-05,0.51035386,0.29705453
/home/leo/Documentos/mestrado/DeepWeeds-Mobile/images/20170727-140258-1.jpg,4,4,4,4,1,0.9729833,1.7690332e-05,1.4073684e-06,1.3620814e-05,0.0006863399,0.9729833,3.956716e-09,3.8873745e-11,0.00076573103,0.025531916
/home/leo/Documentos/mestrado/DeepWeeds-Mobile/images/20171109-074620-3.jpg,5,6,5,6,0,0.5812572,5.8004713e-07,4.4245335e-06,2.225974e-11,3.7168377e-10,2.4280257e-14,0.41610008,0.5812572,3.8616372e-09,0.0026376357
/home/leo/Documentos/mestrado/DeepWeeds-Mobile/images/20170727-125944-3.jpg,4,4,4,4,1,0.99101585,6.054466e-06,1.2259417e-08,0.00036194455,0.00011662396,0.99101585,6.3154207e-06,3.901446e-09,1.292692e-06,0.00849185
/home/leo/Documentos/mestrado/DeepWeeds-Mobile/images/20180322-104201-1.jpg,8,8,8,8,1,0.9086877,0.022202231,6.898291e-05,8.505881e-05,0.00047817203,0.063233025,1.6982533e-05,3.8252628e-09,0.0052278647,0.9086877
/home/leo/Documentos/mestrado/DeepWeeds-Mobile/images/20180112-091711-1.jpg,8,8,8,8,1,0.9895622,0.007858276,1.9989914e-06,0.0014460036,0.0006043574,0.00030707597,7.507052e-06,5.3325188e-08,0.00021260895,0.9895622
/home/leo/Documentos/mestrado/DeepWeeds-Mobile/images/20170126-100629-0.jpg,1,1,1,1,1,0.66927594,7.328187e-05,0.66927594,1.1166208e-07,0.00022805292,1.6822239e-06,5.527693e-05,0.28625533,0.0028934386,0.041216895
/home/leo/Documentos/mestrado/DeepWeeds-Mobile/images/20171220-083218-2.jpg,8,4,8,4,0,0.76801026,0.0017045407,6.3325865e-06,0.030064594,0.02681691,0.76801026,8.530301e-07,7.483124e-06,0.005600434,0.16778855
/home/leo/Documentos/mestrado/DeepWeeds-Mobile/images/20171102-120913-1.jpg,2,2,2,2,1,0.97537225,0.002413516,6.357153e-05,0.97537225,0.00033853948,0.0041931258,0.00026472838,0.00019002499,0.0011493564,0.01601492
/home/leo/Documentos/mestrado/DeepWeeds-Mobile/images/20170304-124953-0.jpg,0,0,0,0,1,0.8714154,0.8714154,0.00032749158,1.5739486e-05,1.3966453e-05,3.3858885e-06,0.0011870147,7.458523e-07,0.07517054,0.051865593
/home/leo/Documentos/mestrado/DeepWeeds-Mobile/images/20170920-134736-2.jpg,2,2,2,2,1,0.5873384,0.00047886005,5.1163425e-07,0.5873384,0.0021163465,0.4056927,3.2406527e-07,2.773809e-08,0.0019945845,0.002378285
/home/leo/Documentos/mestrado/DeepWeeds-Mobile/images/20170727-114117-3.jpg,4,4,4,4,1,0.61402106,2.12567e-05,8.0158955e-08,0.018536286,0.04816933,0.61402106,0.3182657,7.0357106e-07,6.5670883e-06,0.0009790333
/home/leo/Documentos/mestrado/DeepWeeds-Mobile/images/20180322-121856-2.jpg,8,8,8,8,1,0.99989676,6.055046e-05,1.4391475e-05,4.6335717e-09,5.949428e-06,1.7192118e-06,1.4806707e-05,6.165964e-10,5.8483556e-06,0.99989676
/home/leo/Documentos/mestrado/DeepWeeds-Mobile/images/20170727-125008-1.jpg,4,4,4,4,1,0.7879894,0.004553062,1.0898998e-05,0.08590604,0.023013571,0.7879894,7.221269e-06,1.3417954e-07,0.002846227,0.09567335
/home/leo/Documentos/mestrado/DeepWeeds-Mobile/images/20171109-092800-2.jpg,5,5,5,5,1,0.9960292,3.7383395e-06,0.0025744264,9.203558e-13,7.465421e-09,9.598816e-13,0.9960292,0.0005948886,5.661442e-06,0.0007920279
/home/leo/Documentos/mestrado/DeepWeeds-Mobile/images/20180125-093014-2.jpg,8,8,8,8,1,0.98842233,0.00031571076,0.000964888,0.00896576,0.0001976985,0.0008940434,9.345467e-05,7.709492e-05,6.9008725e-05,0.98842233
/home/leo/Documentos/mestrado/DeepWeeds-Mobile/images/20170920-115637-2.jpg,2,2,2,2,1,0.9983134,3.9073766e-06,1.0656787e-08,0.9983134,0.000111060406,0.001200764,9.017757e-08,1.0246483e-07,5.680181e-06,0.00036493735
/home/leo/Documentos/mestrado/DeepWeeds-Mobile/images/20180109-072300-1.jpg,8,8,8,8,1,0.8469656,1.7388325e-07,0.0006914245,0.00029963715,8.07362e-05,5.121623e-05,1.2273094e-05,0.15189667,2.3287964e-06,0.8469656
/home/leo/Documentos/mestrado/DeepWeeds-Mobile/images/20180112-072832-2.jpg,8,8,8,8,1,0.63389975,0.090771966,0.0011624903,0.00275709,0.16628906,0.0072786035,2.6884256e-06,5.0124936e-07,0.097837865,0.63389975
/home/leo/Documentos/mestrado/DeepWeeds-Mobile/images/20170718-131745-2.jpg,7,7,7,7,1,0.4337785,0.29208484,0.1514481,1.483859e-05,0.09168305,0.00010388263,0.00036775123,3.5644298e-05,0.4337785,0.030483339
/home/leo/Documentos/mestrado/DeepWeeds-Mobile/images/20170727-144542-1.jpg,4,4,4,4,1,0.98839694,2.835643e-06,3.5757658e-08,0.003712789,1.8541412e-05,0.98839694,0.00035982995,2.4926605e-05,9.8861584e-08,0.007484014
/home/leo/Documentos/mestrado/DeepWeeds-Mobile/images/20170906-094804-1.jpg,3,4,3,4,0,0.9922261,0.00028301871,6.4878935e-07,0.00012867966,0.0042286273,0.9922261,1.3606347e-08,8.8976995e-09,0.0026924687,0.00044044672
/home/leo/Documentos/mestrado/DeepWeeds-Mobile/images/20171113-141507-2.jpg,6,6,6,6,1,0.9996501,2.1719868e-06,0.0002815358,3.0647565e-10,1.15202825e-08,6.151676e-10,7.267044e-08,0.9996501,4.0834384e-06,6.210485e-05
/home/leo/Documentos/mestrado/DeepWeeds-Mobile/images/20170913-101356-2.jpg,3,3,3,3,1,0.99659663,4.563106e-06,8.250933e-07,2.3466388e-05,0.99659663,0.0010659056,1.640075e-05,3.8603253e-07,2.5628215e-06,0.0022892642
/home/leo/Documentos/mestrado/DeepWeeds-Mobile/images/20180125-095738-1.jpg,8,8,8,8,1,0.98956305,4.601822e-06,1.4506732e-06,4.1008147e-06,0.008152174,3.5605684e-05,0.0022163426,2.3151777e-06,2.0357473e-05,0.98956305
/home/leo/Documentos/mestrado/DeepWeeds-Mobile/images/20171205-140925-2.jpg,8,8,8,8,1,0.9406428,0.0004143822,3.5263605e-05,2.27328e-08,0.0016952612,5.4222312e-08,0.05682805,0.00035119426,3.3067372e-05,0.9406428
/home/leo/Documentos/mestrado/DeepWeeds-Mobile/images/20180112-095034-2.jpg,8,8,8,8,1,0.9994468,0.00043586374,1.5990445e-07,8.549242e-05,3.3269944e-07,4.7901005e-07,2.7512885e-06,2.5423803e-09,2.804591e-05,0.9994468
/home/leo/Documentos/mestrado/DeepWeeds-Mobile/images/20170210-132406-0.jpg,0,0,0,0,1,0.9294181,0.9294181,0.021302821,0.00010499724,1.7402863e-05,2.7366352e-07,0.00044325847,0.025446268,0.008170623,0.015096278
/home/leo/Documentos/mestrado/DeepWeeds-Mobile/images/20180112-094523-2.jpg,8,6,8,6,0,0.9389448,4.901746e-07,0.055611834,3.9671914e-08,0.00010164959,3.7614186e-07,1.4277254e-07,0.9389448,3.6822678e-06,0.0053370507
/home/leo/Documentos/mestrado/DeepWeeds-Mobile/images/20170920-171035-3.jpg,2,2,2,2,1,0.99412477,3.0281335e-06,6.5108486e-07,0.99412477,5.8531376e-05,0.003967523,5.4067044e-07,2.5852445e-05,5.3942895e-06,0.0018137952
/home/leo/Documentos/mestrado/DeepWeeds-Mobile/images/20170727-124436-1.jpg,4,8,4,8,0,0.41125003,0.33279935,0.00050200126,6.8538095e-05,0.0005679714,0.013702345,0.0009837283,9.2465925e-06,0.24011685,0.41125003
/home/leo/Documentos/mestrado/DeepWeeds-Mobile/images/20170913-104740-2.jpg,3,3,3,3,1,0.9993199,2.629903e-06,7.854053e-08,1.3683476e-06,0.9993199,0.00018396998,0.0002302717,6.8337364e-08,5.99392e-07,0.00026111872
/home/leo/Documentos/mestrado/DeepWeeds-Mobile/images/20171025-093624-1.jpg,3,8,3,8,0,0.945886,0.027267454,0.0005835618,0.0030374734,0.015241816,0.00032716137,0.001995331,1.1094596e-05,0.0056501953,0.945886
/home/leo/Documentos/mestrado/DeepWeeds-Mobile/images/20180109-103228-2.jpg,8,8,8,8,1,0.9960245,0.00048610175,5.1358365e-06,0.00220424,0.00085939677,1.7496583e-06,0.00038633798,1.2530804e-06,3.1284497e-05,0.9960245
/home/leo/Documentos/mestrado/DeepWeeds-Mobile/images/20180109-092115-2.jpg,7,7,7,7,1,0.85329896,0.02240907,2.3682827e-05,0.00012699113,6.683285e-06,3.0536044e-06,0.035631657,0.00408292,0.85329896,0.08441702
/home/leo/Documentos/mestrado/DeepWeeds-Mobile/images/20170630-160113-0.jpg,7,8,7,8,0,0.69662094,0.08573038,0.0051267603,3.8532413e-05,0.00023740581,7.671067e-06,0.0028669727,0.000110162,0.2092611,0.69662094
/home/leo/Documentos/mestrado/DeepWeeds-Mobile/images/20180119-104440-1.jpg,8,8,8,8,1,0.44874743,0.12366411,0.037369415,0.00026982292,0.0003472761,6.7699024e-05,7.533962e-05,0.3561123,0.033346504,0.44874743
/home/leo/Documentos/mestrado/DeepWeeds-Mobile/images/20170811-134348-2.jpg,0,0,0,0,1,0.9997075,0.9997075,1.5946044e-07,2.3465527e-10,1.7692297e-08,2.5433915e-06,1.9605723e-07,7.8885315e-11,0.00011555894,0.00017394019
/home/leo/Documentos/mestrado/DeepWeeds-Mobile/images/20180105-092702-3.jpg,8,8,8,8,1,0.93714654,3.4552167e-10,3.1667472e-08,0.05986517,1.5592599e-07,1.36166545e-05,2.2031845e-09,0.0029744476,1.713153e-10,0.93714654
/home/leo/Documentos/mestrado/DeepWeeds-Mobile/images/20170913-122238-2.jpg,5,5,5,5,1,0.96138173,0.037415385,9.2645634e-05,3.8913536e-06,1.84015e-06,1.47429e-05,0.96138173,6.9668886e-06,0.00086347986,0.0002194036
/home/leo/Documentos/mestrado/DeepWeeds-Mobile/images/20171220-090425-3.jpg,8,8,8,8,1,0.99878424,0.00062246795,1.2406461e-05,1.1088255e-06,0.0004904785,3.7146172e-05,4.059988e-05,1.4137873e-07,1.1404726e-05,0.99878424
/home/leo/Documentos/mestrado/DeepWeeds-Mobile/images/20180112-082709-1.jpg,8,4,8,4,0,0.4977105,0.02172708,0.00010551331,0.00670491,0.16014689,0.4977105,6.074739e-06,3.8480397e-09,0.0024616637,0.31113738
/home/leo/Documentos/mestrado/DeepWeeds-Mobile/images/20170811-133725-1.jpg,0,7,0,7,0,0.74063987,0.09535564,0.009951221,0.0003006608,0.0001768426,7.66651e-05,0.06373852,0.011287443,0.74063987,0.07847308
/home/leo/Documentos/mestrado/DeepWeeds-Mobile/images/20170727-144213-1.jpg,4,4,4,4,1,0.997569,1.9772651e-06,2.196231e-08,0.00035858084,2.61894e-05,0.997569,5.284333e-09,1.1361459e-07,1.0519489e-06,0.0020430863
/home/leo/Documentos/mestrado/DeepWeeds-Mobile/images/20170811-104528-2.jpg,0,0,0,0,1,0.88415945,0.88415945,0.00047000672,1.3408317e-05,1.7540255e-05,1.1555495e-05,0.0006505378,6.8353393e-06,0.079309106,0.035361454
/home/leo/Documentos/mestrado/DeepWeeds-Mobile/images/20170610-120919-0.jpg,1,8,1,8,0,0.6910823,0.00018763146,0.011262469,2.948416e-06,0.001506219,3.361433e-05,0.0004440811,0.29484263,0.00063804124,0.6910823
/home/leo/Documentos/mestrado/DeepWeeds-Mobile/images/20170304-124907-0.jpg,0,8,0,8,0,0.9204763,0.027701834,0.012681172,8.5925065e-05,0.010994738,0.0002247456,3.6050493e-05,0.0001885984,0.027610661,0.9204763
/home/leo/Documentos/mestrado/DeepWeeds-Mobile/images/20171113-133124-1.jpg,6,6,6,6,1,0.7109236,2.4131967e-05,9.0473295e-06,0.0013788198,4.6874287e-05,0.123111196,1.43218995e-05,0.7109236,1.6819079e-06,0.16449018
/home/leo/Documentos/mestrado/DeepWeeds-Mobile/images/20180109-100402-1.jpg,8,8,8,8,1,0.9969806,0.00043001937,0.00022846545,0.000102959864,0.0019238564,0.00012658774,8.272288e-06,1.0068651e-06,0.00019821594,0.9969806
/home/leo/Documentos/mestrado/DeepWeeds-Mobile/images/20180109-071333-2.jpg,8,8,8,8,1,0.7781176,7.060995e-07,3.6411217e-05,0.00023979344,1.53465e-08,1.9595451e-07,2.0444542e-05,0.22158423,5.32021e-07,0.7781176
/home/leo/Documentos/mestrado/DeepWeeds-Mobile/images/20180125-093535-2.jpg,8,8,8,8,1,0.99688286,0.00024643735,6.9239526e-05,6.166259e-07,0.0013797759,0.0012811995,6.0252137e-06,1.2020233e-07,0.0001336601,0.99688286
/home/leo/Documentos/mestrado/DeepWeeds-Mobile/images/20180125-132211-3.jpg,8,6,8,6,0,0.4356385,0.01979632,0.18964428,5.813536e-05,0.006254001,7.8324185e-05,0.00014111145,0.4356385,0.19182171,0.15656763
/home/leo/Documentos/mestrado/DeepWeeds-Mobile/images/20170913-102830-2.jpg,3,2,3,2,0,0.79025614,2.3353332e-05,5.074142e-05,0.79025614,0.031071315,0.17122675,0.0009047919,3.7448448e-08,3.3448527e-05,0.0064333477
/home/leo/Documentos/mestrado/DeepWeeds-Mobile/images/20180112-092610-1.jpg,8,7,8,7,0,0.44840094,0.116044655,7.546489e-05,0.019853486,0.012952419,9.679189e-05,7.3531846e-06,2.711497e-07,0.44840094,0.40256855
/home/leo/Documentos/mestrado/DeepWeeds-Mobile/images/20170714-115700-3.jpg,1,1,1,1,1,0.938608,0.00011160051,0.938608,3.2304747e-08,0.0026583127,5.675324e-06,0.0035229248,0.00040163044,0.012660668,0.042031225
/home/leo/Documentos/mestrado/DeepWeeds-Mobile/images/20170714-140634-2.jpg,1,1,1,1,1,0.53902394,6.7947956e-05,0.53902394,6.1134066e-05,0.006853057,0.0019532172,0.0002151598,0.00081509375,0.0010521744,0.44995835
/home/leo/Documentos/mestrado/DeepWeeds-Mobile/images/20171217-184414-2.jpg,8,8,8,8,1,0.5245944,0.058007892,0.2228906,1.9378983e-06,0.0145373205,0.00087122514,0.006803709,0.0055143847,0.16677848,0.5245944
/home/leo/Documentos/mestrado/DeepWeeds-Mobile/images/20170630-153753-0.jpg,7,0,7,0,0,0.5094535,0.5094535,0.0066535748,0.0003253299,0.00014392484,7.916882e-05,0.0052632526,0.022570787,0.13239296,0.3231175
/home/leo/Documentos/mestrado/DeepWeeds-Mobile/images/20180112-080107-2.jpg,8,8,8,8,1,0.82477117,0.037222903,5.9961956e-05,0.008514831,0.116550766,0.0043201563,3.2413254e-07,2.2782084e-08,0.008559862,0.82477117
/home/leo/Documentos/mestrado/DeepWeeds-Mobile/images/20171121-091058-1.jpg,6,1,6,1,0,0.5087116,5.2754553e-05,0.5087116,2.4491564e-10,3.3438737e-06,3.7062158e-08,3.1881112e-07,0.49051443,0.0005603253,0.00015730162
/home/leo/Documentos/mestrado/DeepWeeds-Mobile/images/20180322-133604-1.jpg,8,8,8,8,1,0.7979473,0.00035204666,8.25843e-06,0.04592575,0.13457815,0.012597169,0.008535363,2.0906964e-06,5.387937e-05,0.7979473
/home/leo/Documentos/mestrado/DeepWeeds-Mobile/images/20170728-145628-1.jpg,4,4,4,4,1,0.99457055,1.1038779e-06,2.554113e-08,0.00043453567,2.0638176e-05,0.99457055,9.353001e-09,1.8017768e-07,6.5789396e-07,0.004972272
/home/leo/Documentos/mestrado/DeepWeeds-Mobile/images/20170130-102038-0.jpg,1,1,1,1,1,0.5554862,0.0021486212,0.5554862,3.0256235e-05,0.39497077,0.0010676385,0.000114711045,9.280179e-05,0.005389579,0.040699407
/home/leo/Documentos/mestrado/DeepWeeds-Mobile/images/20171212-102204-3.jpg,8,8,8,8,1,0.9097782,0.014604679,0.020816525,0.00019907001,0.021858022,0.009908751,9.594521e-05,2.4535198e-05,0.022714207,0.9097782
/home/leo/Documentos/mestrado/DeepWeeds-Mobile/images/20171113-095050-1.jpg,5,5,5,5,1,0.9995203,0.0002775656,1.5727605e-07,2.9379854e-10,8.741466e-12,9.18444e-12,0.9995203,3.1851758e-07,1.5235383e-06,0.00020012865
/home/leo/Documentos/mestrado/DeepWeeds-Mobile/images/20170714-143502-1.jpg,1,1,1,1,1,0.98358166,3.8402915e-05,0.98358166,4.360736e-10,3.035107e-06,5.9030874e-08,0.00013740275,0.0026931856,0.011203605,0.0023426465
/home/leo/Documentos/mestrado/DeepWeeds-Mobile/images/20180322-101937-2.jpg,8,8,8,8,1,0.9960681,0.0028881093,5.025856e-05,5.9227295e-05,2.188785e-05,0.0007327384,9.6926735e-05,1.7156872e-10,8.264359e-05,0.9960681
/home/leo/Documentos/mestrado/DeepWeeds-Mobile/images/20180105-092637-3.jpg,8,6,8,6,0,0.7674311,1.6785134e-05,0.0022118567,7.514795e-05,0.00013117814,3.674695e-05,5.4873885e-06,0.7674311,3.3157383e-05,0.23005858
/home/leo/Documentos/mestrado/DeepWeeds-Mobile/images/20171109-093007-1.jpg,5,5,5,5,1,0.949458,4.3816384e-05,2.8234124e-06,1.5378573e-11,2.576336e-07,4.6917685e-11,0.949458,5.8706405e-06,2.3802786e-06,0.050486807
/home/leo/Documentos/mestrado/DeepWeeds-Mobile/images/20171219-113915-3.jpg,8,8,8,8,1,0.94015706,0.0013608094,0.00044862003,0.012947073,0.03374832,0.007468534,7.6701355e-08,0.002760546,0.0011090398,0.94015706
/home/leo/Documentos/mestrado/DeepWeeds-Mobile/images/20171102-115107-2.jpg,2,2,2,2,1,0.99609417,1.6402286e-07,2.5448815e-08,0.99609417,1.0779114e-05,0.0032842152,3.6512984e-07,1.530001e-08,5.575075e-08,0.00061016093
/home/leo/Documentos/mestrado/DeepWeeds-Mobile/images/20170207-142437-0.jpg,7,7,7,7,1,0.6978471,0.2998462,0.0011130623,5.58162e-07,1.8396773e-07,6.2796744e-07,0.0003214675,9.2383925e-06,0.6978471,0.00086162705
/home/leo/Documentos/mestrado/DeepWeeds-Mobile/images/20171121-090015-1.jpg,6,6,6,6,1,0.99987257,2.3634745e-07,0.00010763691,6.9631865e-09,2.4532353e-08,1.2328273e-09,9.638741e-09,0.99987257,8.250045e-07,1.8694056e-05
/home/leo/Documentos/mestrado/DeepWeeds-Mobile/images/20171113-144900-1.jpg,6,6,6,6,1,0.95706785,0.0002847975,0.0017875436,0.00026451127,0.00048124162,5.2370066e-05,7.7240577e-07,0.95706785,0.004916486,0.035144456
/home/leo/Documentos/mestrado/DeepWeeds-Mobile/images/20171212-103436-3.jpg,8,8,8,8,1,0.66110235,0.012065585,0.019763777,7.4542936e-06,0.17883599,7.5488875e-05,0.00024311816,0.08139433,0.04651198,0.66110235
/home/leo/Documentos/mestrado/DeepWeeds-Mobile/images/20171212-093958-1.jpg,8,8,8,8,1,0.99994826,1.0815543e-06,3.770656e-08,3.1873348e-15,4.9502203e-05,1.7116605e-11,4.6023695e-07,3.9528592e-11,6.053406e-07,0.99994826
/home/leo/Documentos/mestrado/DeepWeeds-Mobile/images/20180109-065829-1.jpg,8,8,8,8,1,0.99641055,5.005638e-07,2.399918e-05,4.8192775e-05,0.0001189047,0.000576536,4.3159016e-08,0.0028203267,9.47643e-07,0.99641055
/home/leo/Documentos/mestrado/DeepWeeds-Mobile/images/20170729-091822-2.jpg,8,8,8,8,1,0.66172105,0.00939493,8.524386e-06,0.001970138,0.0017572137,0.324001,3.301072e-06,1.2298967e-06,0.0011426558,0.66172105
/home/leo/Documentos/mestrado/DeepWeeds-Mobile/images/20170714-110952-3.jpg,1,1,1,1,1,0.99388236,0.00044818895,0.99388236,2.437501e-08,1.3912205e-06,3.8745407e-07,2.1741605e-05,0.004015429,0.0010046752,0.0006257297
/home/leo/Documentos/mestrado/DeepWeeds-Mobile/images/20170920-182951-1.jpg,2,4,2,4,0,0.88465446,2.0357202e-05,6.23154e-06,0.10963932,0.0011424138,0.88465446,4.1026447e-06,1.7756102e-07,0.00031411106,0.004218748
/home/leo/Documentos/mestrado/DeepWeeds-Mobile/images/20170728-151807-1.jpg,8,4,8,4,0,0.8004572,0.021876989,0.00021134377,0.0006060897,0.01667262,0.8004572,0.00086523354,3.1345196e-06,0.017463984,0.14184342
/home/leo/Documentos/mestrado/DeepWeeds-Mobile/images/20170714-140138-2.jpg,1,1,1,1,1,0.99978364,7.630759e-06,0.99978364,4.9922875e-11,2.9135285e-07,7.660854e-09,1.8406553e-06,1.4886015e-05,8.2203725e-05,0.00010949813
/home/leo/Documentos/mestrado/DeepWeeds-Mobile/images/20180109-100808-2.jpg,8,8,8,8,1,0.94388264,0.0007724299,0.043454275,0.00021039757,0.00072439003,0.00017718098,0.0022133254,0.007176079,0.0013892764,0.94388264
/home/leo/Documentos/mestrado/DeepWeeds-Mobile/images/20171219-114822-2.jpg,8,8,8,8,1,0.78042203,0.0014977686,0.0006504915,0.09000035,0.04203092,0.0810354,4.4918106e-06,0.0002487137,0.004109887,0.78042203
/home/leo/Documentos/mestrado/DeepWeeds-Mobile/images/20171113-143135-2.jpg,6,6,6,6,1,0.99457693,2.7369233e-05,0.0025503086,1.1199173e-05,3.6009214e-06,8.704578e-07,3.419644e-05,0.99457693,0.00015088622,0.002644639
/home/leo/Documentos/mestrado/DeepWeeds-Mobile/images/20180112-071027-2.jpg,8,4,8,4,0,0.70091933,0.00017076454,6.506121e-05,0.00022489217,0.00010695063,0.70091933,5.0273507e-06,3.5591338e-06,0.0016498528,0.2968546
/home/leo/Documentos/mestrado/DeepWeeds-Mobile/images/20170128-103346-0.jpg,8,8,8,8,1,0.97422576,1.2582516e-06,0.010145558,9.589342e-07,0.003131845,1.7583478e-05,7.294556e-08,0.012468584,8.474036e-06,0.97422576
/home/leo/Documentos/mestrado/DeepWeeds-Mobile/images/20170920-120250-2.jpg,2,2,2,2,1,0.60050976,0.015670557,3.5713165e-05,0.60050976,0.005907931,0.093375996,4.2178828e-05,4.6345856e-05,0.008917961,0.27549362
/home/leo/Documentos/mestrado/DeepWeeds-Mobile/images/20180105-094110-3.jpg,8,8,8,8,1,0.75867295,2.8044007e-05,0.000113710565,0.0013258622,6.7988603e-06,3.33041e-05,4.4291454e-07,0.23980223,1.6665308e-05,0.75867295
/home/leo/Documentos/mestrado/DeepWeeds-Mobile/images/20180109-072910-1.jpg,8,6,8,6,0,0.8914493,7.306174e-07,5.5259086e-05,5.677541e-06,2.9181724e-06,3.2932278e-06,1.2229746e-07,0.8914493,1.6957872e-06,0.10848108
/home/leo/Documentos/mestrado/DeepWeeds-Mobile/images/20170127-101839-0.jpg,1,1,1,1,1,0.9714039,0.0006570669,0.9714039,2.382636e-08,1.3320313e-05,1.3059586e-07,0.0008225138,0.017024152,0.004699562,0.0053793252
/home/leo/Documentos/mestrado/DeepWeeds-Mobile/images/20180109-095701-1.jpg,8,8,8,8,1,0.97597927,0.0067867376,0.0011725245,0.0002736781,0.012344742,0.0006583918,6.79284e-05,8.42901e-06,0.002708287,0.97597927
/home/leo/Documentos/mestrado/DeepWeeds-Mobile/images/20180322-112055-2.jpg,8,8,8,8,1,0.9988985,0.000174908,4.007605e-05,1.208152e-06,2.0280655e-05,1.9238007e-06,0.00084665895,3.082903e-08,1.646606e-05,0.9988985
/home/leo/Documentos/mestrado/DeepWeeds-Mobile/images/20171121-084620-1.jpg,6,6,6,6,1,0.9913978,0.00028802207,0.004762484,3.3199143e-07,3.220981e-08,2.666401e-10,0.0010547106,0.9913978,4.6309424e-06,0.002492009
/home/leo/Documentos/mestrado/DeepWeeds-Mobile/images/20180112-073103-2.jpg,8,8,8,8,1,0.96283805,0.005301223,0.007573947,0.00434407,0.0003178728,0.006158106,2.7153741e-05,0.00029816452,0.013141449,0.96283805
/home/leo/Documentos/mestrado/DeepWeeds-Mobile/images/20170128-102438-0.jpg,8,3,8,3,0,0.4478913,0.052624572,0.06052815,3.7051544e-05,0.4478913,0.0005499417,2.3401792e-05,0.00049034256,0.027348481,0.41050673
/home/leo/Documentos/mestrado/DeepWeeds-Mobile/images/20180105-100715-3.jpg,8,8,8,8,1,0.9667983,0.0002801448,0.0024358246,0.0031924187,0.0007380691,0.0019782633,5.5053886e-05,0.022912852,0.0016091114,0.9667983
/home/leo/Documentos/mestrado/DeepWeeds-Mobile/images/20170920-121355-2.jpg,2,2,2,2,1,0.7895206,0.0003350533,3.357126e-05,0.7895206,0.0031819288,0.0900636,2.672897e-07,0.00029917463,0.0022468055,0.1143189
/home/leo/Documentos/mestrado/DeepWeeds-Mobile/images/20170920-110749-2.jpg,4,8,4,8,0,0.36161298,0.023104418,0.009470292,0.0053044134,0.2580324,0.030661944,5.428743e-05,0.005317009,0.3064422,0.36161298
/home/leo/Documentos/mestrado/DeepWeeds-Mobile/images/20180109-095936-1.jpg,8,8,8,8,1,0.9593095,0.031804163,2.65307e-05,0.0009433381,0.0052310796,7.9626e-07,6.620718e-06,2.1829085e-06,0.0026758069,0.9593095
/home/leo/Documentos/mestrado/DeepWeeds-Mobile/images/20171218-103746-2.jpg,8,5,8,5,0,0.7910111,0.0015955663,0.017080816,1.641466e-09,6.021115e-07,4.2550719e-10,0.7910111,9.996131e-05,0.03662713,0.15358481
/home/leo/Documentos/mestrado/DeepWeeds-Mobile/images/20170627-103656-0.jpg,0,0,0,0,1,0.9474604,0.9474604,4.6030393e-05,7.720768e-06,1.5303305e-06,1.0517969e-06,0.0004378608,1.4716625e-06,0.045203265,0.006840708
/home/leo/Documentos/mestrado/DeepWeeds-Mobile/images/20171219-093410-3.jpg,8,8,8,8,1,0.99698794,0.0011333622,0.0001776894,7.174246e-08,0.0010388991,1.9318055e-05,1.9067145e-06,7.0778507e-09,0.0006406584,0.99698794
/home/leo/Documentos/mestrado/DeepWeeds-Mobile/images/20170906-104826-1.jpg,3,4,3,4,0,0.86969054,0.0032630472,0.00023332504,0.0006107869,0.038437627,0.86969054,6.035561e-07,7.565761e-06,0.026848992,0.06090758
/home/leo/Documentos/mestrado/DeepWeeds-Mobile/images/20170304-132230-0.jpg,7,7,7,7,1,0.9378281,0.022489116,0.0012782528,1.978166e-06,5.6676727e-06,2.8324559e-05,0.00064534124,0.0037518397,0.9378281,0.03397129
/home/leo/Documentos/mestrado/DeepWeeds-Mobile/images/20180322-114606-1.jpg,8,8,8,8,1,0.99643326,0.0009767844,0.00027034688,0.00041806584,0.0014471647,0.00016392222,1.3613101e-05,2.335985e-08,0.00027684876,0.99643326
/home/leo/Documentos/mestrado/DeepWeeds-Mobile/images/20170811-124734-2.jpg,0,0,0,0,1,0.47924381,0.47924381,0.00067184656,0.011876855,0.0029917152,0.008376593,0.00014936722,2.3709165e-06,0.067873515,0.42881387
/home/leo/Documentos/mestrado/DeepWeeds-Mobile/images/20170405-160115-0.jpg,0,7,0,7,0,0.64758825,0.34127292,2.8206927e-05,1.3275206e-06,4.9345917e-06,2.786993e-07,4.1690233e-05,3.7019444e-08,0.64758825,0.0110623585
/home/leo/Documentos/mestrado/DeepWeeds-Mobile/images/20171219-112554-2.jpg,8,8,8,8,1,0.96745837,0.0014955357,9.302833e-06,1.4497466e-05,0.029328635,5.8413203e-05,5.496977e-05,0.0011997934,0.00038054248,0.96745837
/home/leo/Documentos/mestrado/DeepWeeds-Mobile/images/20170718-101744-2.jpg,0,7,0,7,0,0.66440725,0.15458667,0.12260774,2.7157218e-06,0.00023913743,0.00027793256,0.0100685945,0.006129863,0.66440725,0.04168008
/home/leo/Documentos/mestrado/DeepWeeds-Mobile/images/20180119-115613-2.jpg,8,8,8,8,1,0.999658,1.7801116e-05,3.5632324e-06,2.4540785e-09,0.00019340545,2.9899763e-08,0.00011993468,7.633035e-07,6.6776024e-06,0.999658
/home/leo/Documentos/mestrado/DeepWeeds-Mobile/images/20170920-115912-2.jpg,2,2,2,2,1,0.9087477,1.8263252e-05,3.5375866e-08,0.9087477,4.3053005e-05,0.08412212,3.838608e-06,1.988691e-05,9.1707676e-07,0.007044069
/home/leo/Documentos/mestrado/DeepWeeds-Mobile/images/20170705-165611-0.jpg,7,7,7,7,1,0.8913051,0.090116195,0.0004046768,3.1845855e-06,5.640556e-05,1.2125105e-05,1.5937535e-06,3.3735862e-08,0.8913051,0.018100657
/home/leo/Documentos/mestrado/DeepWeeds-Mobile/images/20170913-100110-1.jpg,3,3,3,3,1,0.8163623,0.00013892922,3.5442208e-05,0.0015276845,0.8163623,0.007337161,9.14872e-05,3.8649774e-05,0.00026259548,0.1742058
/home/leo/Documentos/mestrado/DeepWeeds-Mobile/images/20170630-154721-0.jpg,7,7,7,7,1,0.9681139,0.030691573,7.226269e-05,1.01623854e-07,7.203063e-08,1.6944347e-07,6.1277015e-06,0.0002793396,0.9681139,0.0008364563
/home/leo/Documentos/mestrado/DeepWeeds-Mobile/images/20171220-101409-1.jpg,8,8,8,8,1,0.9999558,3.88919e-07,4.664073e-09,2.6188126e-14,9.512428e-06,6.415973e-12,3.4175497e-05,2.2884767e-11,2.0049069e-07,0.9999558
/home/leo/Documentos/mestrado/DeepWeeds-Mobile/images/20170630-155129-0.jpg,7,8,7,8,0,0.5573595,0.031241532,0.0023699682,0.060499027,0.002480677,0.007659777,0.022325918,0.0016864194,0.31437722,0.5573595
/home/leo/Documentos/mestrado/DeepWeeds-Mobile/images/20171219-105010-2.jpg,8,8,8,8,1,0.9936075,0.0009855324,8.881638e-06,4.743905e-09,0.00520588,6.8338034e-07,0.00016307853,2.118374e-06,2.6317734e-05,0.9936075
/home/leo/Documentos/mestrado/DeepWeeds-Mobile/images/20170913-105009-3.jpg,5,5,5,5,1,0.80988497,0.0809408,0.008809563,9.377512e-06,4.363927e-06,0.00022607845,0.80988497,6.23396e-05,0.099042356,0.0010201726
/home/leo/Documentos/mestrado/DeepWeeds-Mobile/images/20180125-100141-1.jpg,8,8,8,8,1,0.99998367,9.6584245e-08,3.3414756e-07,1.1685697e-06,5.0976864e-06,1.8488602e-06,7.676848e-07,5.93542e-06,9.850623e-07,0.99998367
/home/leo/Documentos/mestrado/DeepWeeds-Mobile/images/20171025-074334-1.jpg,3,8,3,8,0,0.77397466,0.029220501,0.0060338946,0.0012891472,0.17702544,0.00052847137,1.7032477e-05,2.0238401e-06,0.011908873,0.77397466
/home/leo/Documentos/mestrado/DeepWeeds-Mobile/images/20180109-095223-2.jpg,8,8,8,8,1,0.9828918,0.003133502,0.00015193751,0.0020833195,0.0071150986,0.0015605269,1.77185e-05,1.9430665e-05,0.0030266938,0.9828918
/home/leo/Documentos/mestrado/DeepWeeds-Mobile/images/20180125-094143-1.jpg,8,8,8,8,1,0.9998212,7.549993e-06,3.8394535e-07,1.0189341e-08,0.00016077148,1.2565826e-06,7.89541e-06,3.248509e-08,9.4949485e-07,0.9998212
/home/leo/Documentos/mestrado/DeepWeeds-Mobile/images/20171219-094857-3.jpg,8,8,8,8,1,0.9983981,1.6478603e-05,1.4401172e-05,4.521594e-11,0.001469398,1.3201024e-07,1.2761724e-05,1.9092004e-06,8.681449e-05,0.9983981
/home/leo/Documentos/mestrado/DeepWeeds-Mobile/images/20170315-085504-0.jpg,8,8,8,8,1,0.97385335,0.009210305,0.0007442333,9.615267e-07,2.4710832e-06,3.4594914e-06,0.01601362,1.4272961e-06,0.0001700649,0.97385335
/home/leo/Documentos/mestrado/DeepWeeds-Mobile/images/20170207-142726-0.jpg,7,7,7,7,1,0.95846367,0.038573295,1.3482347e-06,3.246933e-08,2.3236584e-08,8.7551896e-08,1.5977119e-05,6.995597e-07,0.95846367,0.0029448771
/home/leo/Documentos/mestrado/DeepWeeds-Mobile/images/20170127-100741-0.jpg,1,1,1,1,1,0.82928365,5.987477e-07,0.82928365,9.721604e-12,8.248507e-09,9.428812e-12,6.349278e-07,0.17057364,1.0967939e-05,0.00013058985
/home/leo/Documentos/mestrado/DeepWeeds-Mobile/images/20180112-102258-2.jpg,8,8,8,8,1,0.99558365,0.00040671535,0.00055522786,0.00013495602,7.120487e-06,3.579607e-06,8.080786e-05,0.0015336166,0.0016943095,0.99558365
/home/leo/Documentos/mestrado/DeepWeeds-Mobile/images/20171205-134922-2.jpg,8,8,8,8,1,0.9842473,0.000115217525,1.8916458e-05,6.9803044e-12,3.5267604e-07,2.1458837e-09,0.015616532,3.1060424e-07,1.3552632e-06,0.9842473
/home/leo/Documentos/mestrado/DeepWeeds-Mobile/images/20171220-095345-1.jpg,8,8,8,8,1,0.9999982,9.653274e-07,3.0606856e-08,5.4951326e-16,1.6567373e-08,7.8691645e-12,8.805132e-08,2.779957e-13,6.8634927e-07,0.9999982
/home/leo/Documentos/mestrado/DeepWeeds-Mobile/images/20180109-092341-2.jpg,8,8,8,8,1,0.6931468,0.0016280246,0.0033923099,0.0014819261,0.00068277685,8.468344e-06,0.19986464,0.08352698,0.01626811,0.6931468
/home/leo/Documentos/mestrado/DeepWeeds-Mobile/images/20170729-092240-1.jpg,4,4,4,4,1,0.99404836,1.5007497e-05,2.0116714e-07,7.062668e-06,0.00030298508,0.99404836,8.5275026e-10,3.89103e-11,0.0005982818,0.0050281268
/home/leo/Documentos/mestrado/DeepWeeds-Mobile/images/20171102-103116-3.jpg,2,2,2,2,1,0.99388427,9.93722e-07,3.7035846e-07,0.99388427,0.00015125294,0.00046097726,4.930967e-07,9.994315e-08,8.2147324e-07,0.005500663
/home/leo/Documentos/mestrado/DeepWeeds-Mobile/images/20171218-121510-3.jpg,8,8,8,8,1,0.7188261,0.0069075613,0.0017347813,4.1839293e-08,1.231797e-05,7.867289e-07,0.26758504,0.00073613576,0.004197272,0.7188261
/home/leo/Documentos/mestrado/DeepWeeds-Mobile/images/20170127-101304-0.jpg,1,1,1,1,1,0.7129602,0.0010543376,0.7129602,1.8206835e-08,0.00037353122,3.9182953e-07,0.0060008927,0.1325471,0.0016364619,0.14542708
/home/leo/Documentos/mestrado/DeepWeeds-Mobile/images/20171219-095223-2.jpg,8,8,8,8,1,0.976709,0.0006587057,0.01904331,7.261406e-07,0.0007843464,0.0009364792,3.6551774e-05,3.0018333e-07,0.0018306465,0.976709
/home/leo/Documentos/mestrado/DeepWeeds-Mobile/images/20170714-115933-3.jpg,1,1,1,1,1,0.99989617,2.0152015e-07,0.99989617,1.0226981e-12,7.292541e-11,2.7339437e-13,3.4516021e-09,0.00010201171,7.9921296e-07,7.2038694e-07
/home/leo/Documentos/mestrado/DeepWeeds-Mobile/images/20171113-121204-1.jpg,6,6,6,6,1,0.97007006,9.875588e-07,2.9789549e-06,5.4136553e-06,4.7367195e-07,0.00021953206,3.6515365e-07,0.97007006,7.2061184e-08,0.029700054
/home/leo/Documentos/mestrado/DeepWeeds-Mobile/images/20171220-091549-2.jpg,8,8,8,8,1,0.9595147,0.000193586,0.00046321106,3.1548777e-07,0.005140726,4.0457408e-06,0.034555756,7.86366e-05,4.912129e-05,0.9595147
/home/leo/Documentos/mestrado/DeepWeeds-Mobile/images/20180119-104954-2.jpg,8,8,8,8,1,0.63688374,0.01492676,0.0062838984,4.6452114e-06,0.33526048,4.9668142e-05,0.002909612,0.0004648602,0.0032164585,0.63688374
/home/leo/Documentos/mestrado/DeepWeeds-Mobile/images/20171218-121300-3.jpg,8,8,8,8,1,0.77307606,0.00015050879,3.421662e-05,1.4117614e-09,2.0716967e-05,9.62002e-09,0.22641703,8.979237e-05,0.0002117482,0.77307606
/home/leo/Documentos/mestrado/DeepWeeds-Mobile/images/20170705-164019-0.jpg,7,7,7,7,1,0.9222236,0.035372637,0.00038976534,9.076085e-06,1.833582e-05,3.7513848e-05,1.0277394e-05,6.548384e-08,0.9222236,0.041938625
/home/leo/Documentos/mestrado/DeepWeeds-Mobile/images/20170728-122456-2.jpg,4,4,4,4,1,0.9975867,2.9181654e-05,3.971873e-07,2.6505595e-06,0.00032359434,0.9975867,1.5076301e-06,8.6660856e-10,0.000120609606,0.0019353563
/home/leo/Documentos/mestrado/DeepWeeds-Mobile/images/20180322-124446-1.jpg,8,8,8,8,1,0.9951952,0.0012304741,0.00042965068,6.6209395e-08,0.0025562274,0.00021308701,6.658118e-05,5.522324e-08,0.00030865346,0.9951952
/home/leo/Documentos/mestrado/DeepWeeds-Mobile/images/20180125-093255-2.jpg,8,8,8,8,1,0.99966216,4.449754e-06,0.0001462036,3.3504303e-08,8.9865185e-05,1.0127347e-05,7.763844e-05,5.0507598e-08,9.441671e-06,0.99966216
/home/leo/Documentos/mestrado/DeepWeeds-Mobile/images/20170913-102547-3.jpg,5,5,5,5,1,0.9817515,0.01730164,3.8401926e-05,9.45456e-06,2.570889e-05,4.9337224e-05,0.9817515,4.909466e-05,0.0003719266,0.0004029474
/home/leo/Documentos/mestrado/DeepWeeds-Mobile/images/20180112-074953-2.jpg,8,8,8,8,1,0.6907895,0.20966516,0.001433597,0.0023069375,0.0018263471,0.0038625053,4.5874618e-05,2.678577e-07,0.0900698,0.6907895
/home/leo/Documentos/mestrado/DeepWeeds-Mobile/images/20180112-101211-2.jpg,8,8,8,8,1,0.9999176,4.4139153e-05,8.2172323e-07,2.1451167e-05,1.1050638e-07,1.7276011e-07,3.6421088e-06,2.4569155e-07,1.1832041e-05,0.9999176
/home/leo/Documentos/mestrado/DeepWeeds-Mobile/images/20170920-185359-1.jpg,2,2,2,2,1,0.98079616,1.1157995e-07,7.085777e-11,0.98079616,1.4225792e-06,0.019151382,2.629272e-07,2.572272e-07,7.1711543e-09,5.054308e-05
/home/leo/Documentos/mestrado/DeepWeeds-Mobile/images/20170711-121521-0.jpg,0,8,0,8,0,0.7409235,0.009738489,0.00014213938,5.6791072e-05,0.0015042506,9.8857745e-06,0.01806596,0.22792393,0.0016350885,0.7409235
/home/leo/Documentos/mestrado/DeepWeeds-Mobile/images/20170129-103309-0.jpg,8,0,8,0,0,0.59410375,0.59410375,0.0071790465,1.8683126e-07,1.7509396e-05,9.697537e-07,0.011429596,0.005496503,0.0021167255,0.37965572
/home/leo/Documentos/mestrado/DeepWeeds-Mobile/images/20171212-103457-3.jpg,8,8,8,8,1,0.7053627,5.686215e-05,0.17113087,3.2587508e-09,0.00038284724,1.8857561e-07,7.68104e-06,0.11711173,0.0059471857,0.7053627
/home/leo/Documentos/mestrado/DeepWeeds-Mobile/images/20180112-072339-2.jpg,8,8,8,8,1,0.91932166,0.015727686,0.007631801,0.0011641897,0.00071564724,7.938481e-05,7.029913e-05,5.620056e-06,0.055283777,0.91932166
/home/leo/Documentos/mestrado/DeepWeeds-Mobile/images/20171109-095615-3.jpg,5,5,5,5,1,0.9874537,1.4652496e-06,1.7234286e-05,1.7180172e-08,1.8314283e-07,1.3595722e-11,0.9874537,5.5488676e-05,0.00023359599,0.01223833
/home/leo/Documentos/mestrado/DeepWeeds-Mobile/images/20180125-091041-1.jpg,8,8,8,8,1,0.9999999,1.6083553e-11,4.5060076e-14,4.877968e-10,1.3546371e-11,8.997963e-08,5.636852e-12,7.238555e-11,4.2563858e-13,0.9999999
/home/leo/Documentos/mestrado/DeepWeeds-Mobile/images/20180322-113516-1.jpg,8,8,8,8,1,0.95238405,0.002070261,0.0005114503,0.02810337,0.013380658,0.0033923534,4.5881727e-05,1.3272525e-07,0.00011179941,0.95238405
/home/leo/Documentos/mestrado/DeepWeeds-Mobile/images/20180125-135051-3.jpg,8,8,8,8,1,0.99158865,0.00021091221,0.0039318767,0.0008062008,0.0001983369,0.0015539497,2.2125185e-05,1.722986e-05,0.001670745,0.99158865
/home/leo/Documentos/mestrado/DeepWeeds-Mobile/images/20170913-105559-1.jpg,3,3,3,3,1,0.9361689,1.464491e-05,5.92397e-07,5.2449446e-05,0.9361689,0.02322153,3.3011816e-07,2.962927e-07,0.00010253837,0.040438723
/home/leo/Documentos/mestrado/DeepWeeds-Mobile/images/20180109-074039-1.jpg,8,8,8,8,1,0.7377416,1.0516545e-06,7.4125182e-06,0.00019114547,1.0026937e-05,0.00021614596,2.389531e-07,0.26183024,2.0721138e-06,0.7377416
/home/leo/Documentos/mestrado/DeepWeeds-Mobile/images/20170920-160052-3.jpg,2,2,2,2,1,0.496868,7.6606e-06,1.3230536e-07,0.496868,0.0002234127,0.49093464,1.3276734e-07,2.3793467e-05,1.2438781e-05,0.0119297085
/home/leo/Documentos/mestrado/DeepWeeds-Mobile/images/20180112-094144-2.jpg,8,8,8,8,1,0.59428835,0.047402352,0.0001573399,0.2141827,0.13876118,0.001765687,3.1526793e-05,3.9399793e-06,0.0034069563,0.59428835
/home/leo/Documentos/mestrado/DeepWeeds-Mobile/images/20171212-103044-3.jpg,8,8,8,8,1,0.6786866,0.056055173,0.041614756,3.857889e-05,0.008463336,0.00018199178,0.008445561,0.0029621965,0.20355183,0.6786866
/home/leo/Documentos/mestrado/DeepWeeds-Mobile/images/20180109-075045-2.jpg,8,8,8,8,1,0.7227251,0.025155244,0.027986078,0.0041571376,0.0028805318,0.0071362047,0.00080174155,0.18622178,0.022936186,0.7227251
/home/leo/Documentos/mestrado/DeepWeeds-Mobile/images/20170728-145733-1.jpg,4,4,4,4,1,0.9850599,1.9110028e-05,4.5536734e-07,0.0044959933,0.00959313,0.9850599,1.8101537e-05,1.7286902e-06,4.910361e-06,0.00080661324
/home/leo/Documentos/mestrado/DeepWeeds-Mobile/images/20170727-162406-1.jpg,4,4,4,4,1,0.9879177,0.00030104152,2.7749645e-06,0.002250235,0.0009881556,0.9879177,3.6156118e-07,1.2025242e-08,0.002001183,0.0065384675
/home/leo/Documentos/mestrado/DeepWeeds-Mobile/images/20171217-183524-2.jpg,8,5,8,5,0,0.49404237,0.11067902,0.027300632,1.7911841e-05,0.0004340991,0.00033774,0.49404237,0.000845818,0.11204663,0.25429583
/home/leo/Documentos/mestrado/DeepWeeds-Mobile/images/20170714-120456-2.jpg,1,1,1,1,1,0.9438461,0.0023157666,0.9438461,8.636003e-11,1.1172973e-08,6.785161e-08,6.8755367e-07,1.6403086e-05,0.053736947,8.403647e-05
/home/leo/Documentos/mestrado/DeepWeeds-Mobile/images/20170217-120542-0.jpg,7,7,7,7,1,0.7290102,0.10458481,4.3703807e-05,1.8251849e-05,1.1610857e-05,5.4726303e-08,3.6033696e-05,2.3397339e-05,0.7290102,0.16627187
/home/leo/Documentos/mestrado/DeepWeeds-Mobile/images/20180109-070557-1.jpg,8,6,8,6,0,0.9904405,1.948261e-05,6.429153e-05,9.676252e-07,7.4923264e-08,3.628544e-08,9.242331e-07,0.9904405,0.0001229133,0.009350895
/home/leo/Documentos/mestrado/DeepWeeds-Mobile/images/20170210-133707-0.jpg,0,0,0,0,1,0.81941575,0.81941575,0.002301904,4.3535742e-10,2.7396473e-08,9.358331e-11,1.2650289e-05,6.0019834e-06,0.17459817,0.00366551
/home/leo/Documentos/mestrado/DeepWeeds-Mobile/images/20180109-105741-1.jpg,8,8,8,8,1,0.9927792,0.00044746866,0.00014351972,0.00020192038,0.0018393198,0.0044717137,1.4785474e-05,4.5102826e-08,0.0001019691,0.9927792
/home/leo/Documentos/mestrado/DeepWeeds-Mobile/images/20180109-072624-2.jpg,8,8,8,8,1,0.86128175,0.0025207596,0.0041139326,0.010622739,0.00037765037,0.008593814,0.00030477715,0.108558275,0.0036262833,0.86128175
/home/leo/Documentos/mestrado/DeepWeeds-Mobile/images/20171025-093549-1.jpg,3,3,3,3,1,0.9436376,0.0017227384,1.5193393e-06,0.003120251,0.9436376,0.0021539303,2.012024e-08,9.701845e-09,0.0004662545,0.048897624
/home/leo/Documentos/mestrado/DeepWeeds-Mobile/images/20180119-105138-2.jpg,8,8,8,8,1,0.9912425,0.0009391762,0.00106191,0.001013849,0.0016075904,0.0020079906,4.838046e-06,0.00015371224,0.0019683817,0.9912425
/home/leo/Documentos/mestrado/DeepWeeds-Mobile/images/20180322-114326-2.jpg,8,8,8,8,1,0.99744654,0.00026555534,5.328229e-05,5.7148776e-05,0.0016678544,0.00019162397,0.00028283102,7.895877e-07,3.4413082e-05,0.99744654
/home/leo/Documentos/mestrado/DeepWeeds-Mobile/images/20170217-114152-0.jpg,0,0,0,0,1,0.99972385,0.99972385,5.5773115e-05,2.1110134e-11,1.8430552e-10,3.646994e-12,1.5972355e-06,4.7469166e-06,4.9131715e-05,0.0001648791
/home/leo/Documentos/mestrado/DeepWeeds-Mobile/images/20170714-110741-1.jpg,1,7,1,7,0,0.8676861,0.011660453,0.014250305,5.3224894e-06,0.021398058,2.6373034e-05,0.0050321487,0.0037111656,0.8676861,0.07623001
/home/leo/Documentos/mestrado/DeepWeeds-Mobile/images/20171113-133040-0.jpg,6,6,6,6,1,0.9349301,3.1390848e-06,5.417884e-05,4.6503937e-06,4.5800454e-05,2.7157528e-06,1.1122814e-07,0.9349301,8.862107e-06,0.06495035
/home/leo/Documentos/mestrado/DeepWeeds-Mobile/images/20171109-093038-1.jpg,5,5,5,5,1,0.9916162,0.0001262523,4.742385e-06,2.4523506e-11,2.5518943e-06,5.246245e-11,0.9916162,2.1562384e-05,1.9727147e-06,0.008226731
/home/leo/Documentos/mestrado/DeepWeeds-Mobile/images/20170920-181043-1.jpg,2,4,2,4,0,0.5735994,3.755322e-05,2.7800533e-07,0.34658462,0.0072221244,0.5735994,9.503353e-05,9.64017e-06,7.221077e-06,0.07244423
/home/leo/Documentos/mestrado/DeepWeeds-Mobile/images/20170727-113259-1.jpg,4,4,4,4,1,0.7537832,0.0020061538,1.0090537e-05,0.07993615,0.034188468,0.7537832,0.0800322,0.029573796,0.00022886197,0.02024104
/home/leo/Documentos/mestrado/DeepWeeds-Mobile/images/20170714-170242-1.jpg,1,1,1,1,1,0.99982595,2.111514e-06,0.99982595,2.0858487e-11,1.6091313e-07,4.6385313e-09,1.09197465e-07,7.0299816e-06,0.00013296747,3.161593e-05
/home/leo/Documentos/mestrado/DeepWeeds-Mobile/images/20170920-181715-1.jpg,2,2,2,2,1,0.9827896,5.4635634e-06,4.839817e-06,0.9827896,0.00015025247,0.0014315214,5.965841e-06,6.026396e-05,8.952953e-06,0.015543258
/home/leo/Documentos/mestrado/DeepWeeds-Mobile/images/20170811-130221-1.jpg,0,0,0,0,1,0.9925735,0.9925735,8.897099e-05,2.8832235e-06,6.063537e-08,3.3446762e-05,0.0054790312,2.7239494e-07,0.00073230296,0.0010894432
/home/leo/Documentos/mestrado/DeepWeeds-Mobile/images/20170210-131413-0.jpg,7,7,7,7,1,0.90619797,0.09358942,9.3591456e-07,2.3445967e-08,3.9151065e-09,1.00332834e-07,4.093281e-05,5.3957697e-06,0.90619797,0.00016518134
/home/leo/Documentos/mestrado/DeepWeeds-Mobile/images/20171219-095528-3.jpg,8,8,8,8,1,0.9976259,0.00093464117,0.00031877233,3.0354233e-08,0.00021473735,2.012585e-05,0.0005161768,8.8473536e-07,0.0003687254,0.9976259
/home/leo/Documentos/mestrado/DeepWeeds-Mobile/images/20170410-154004-0.jpg,0,0,0,0,1,0.5923092,0.5923092,0.0015615153,0.0012165586,0.011891654,5.8790603e-05,0.00017856991,9.7208085e-06,0.1554106,0.23736344
/home/leo/Documentos/mestrado/DeepWeeds-Mobile/images/20171219-110250-3.jpg,8,8,8,8,1,0.84557307,0.019374946,0.006313797,2.0033081e-05,0.100417316,0.0012854615,3.406439e-05,7.198344e-08,0.026981287,0.84557307
/home/leo/Documentos/mestrado/DeepWeeds-Mobile/images/20180109-072512-1.jpg,8,8,8,8,1,0.98746663,4.5635886e-07,3.2040036e-05,5.013738e-07,0.00012526967,2.793067e-06,5.619684e-07,0.012371435,1.9290768e-07,0.98746663
/home/leo/Documentos/mestrado/DeepWeeds-Mobile/images/20180125-135009-3.jpg,8,8,8,8,1,0.8325665,0.013249326,0.007804146,8.146167e-05,0.008285581,0.004095623,9.140422e-05,0.00023581565,0.13359004,0.8325665
/home/leo/Documentos/mestrado/DeepWeeds-Mobile/images/20180109-075818-2.jpg,8,2,8,2,0,0.5476852,0.00010466624,2.9688017e-06,0.5476852,0.0005309453,0.005997279,7.086913e-08,1.1940966e-06,0.0001823903,0.44549537
/home/leo/Documentos/mestrado/DeepWeeds-Mobile/images/20170728-122757-2.jpg,4,4,4,4,1,0.9960425,1.2881997e-05,1.3413117e-07,1.1353339e-05,9.389347e-05,0.9960425,1.9133971e-07,5.9668652e-09,6.1223427e-06,0.003832962
/home/leo/Documentos/mestrado/DeepWeeds-Mobile/images/20180109-100707-2.jpg,8,8,8,8,1,0.98440325,0.00026977496,0.0001092087,0.0021500643,0.012652132,0.00028442004,3.5172117e-05,1.6904576e-06,9.4248346e-05,0.98440325
/home/leo/Documentos/mestrado/DeepWeeds-Mobile/images/20171102-123413-2.jpg,2,2,2,2,1,0.9431153,0.00018943002,1.5966688e-06,0.9431153,0.0008285302,0.023796929,1.0448945e-06,2.8273195e-07,1.2249553e-05,0.032054543
/home/leo/Documentos/mestrado/DeepWeeds-Mobile/images/20180109-070410-2.jpg,8,8,8,8,1,0.9930775,3.7573254e-06,0.00033850392,0.00016676006,4.3489842e-07,8.109448e-06,1.3682534e-05,0.0063889096,2.3309437e-06,0.9930775
/home/leo/Documentos/mestrado/DeepWeeds-Mobile/images/20180125-091932-2.jpg,8,8,8,8,1,0.97947854,0.00022716852,0.0005949126,0.00061078905,0.016118882,0.0019012556,0.00036159283,0.00040970393,0.00029701495,0.97947854
/home/leo/Documentos/mestrado/DeepWeeds-Mobile/images/20170906-133247-1.jpg,3,4,3,4,0,0.47392997,0.04894276,0.00023713856,0.012095444,0.04314389,0.47392997,2.3633338e-05,1.085761e-07,0.024077458,0.39754957
/home/leo/Documentos/mestrado/DeepWeeds-Mobile/images/20180109-072543-1.jpg,8,8,8,8,1,0.8902103,1.1564216e-06,0.000100330995,0.000108012515,0.00016485782,3.6074784e-05,3.9212208e-07,0.10936722,1.17182035e-05,0.8902103
/home/leo/Documentos/mestrado/DeepWeeds-Mobile/images/20171203-173117-3.jpg,8,8,8,8,1,0.93915296,7.550956e-05,0.003166656,5.4311915e-09,0.055101097,2.7477756e-05,7.5294943e-06,0.00011701006,0.0023519194,0.93915296
/home/leo/Documentos/mestrado/DeepWeeds-Mobile/images/20180322-131906-1.jpg,8,8,8,8,1,0.95585996,0.0010901047,0.028456982,4.7466057e-07,0.0017416719,0.00015848826,0.0054351958,0.0008870869,0.0063699745,0.95585996
/home/leo/Documentos/mestrado/DeepWeeds-Mobile/images/20170920-133333-2.jpg,2,2,2,2,1,0.97870034,0.00011759937,1.13946264e-07,0.97870034,0.00038356878,0.01892312,8.183072e-07,2.6438022e-07,0.00018367334,0.0016905192
/home/leo/Documentos/mestrado/DeepWeeds-Mobile/images/20171212-100604-1.jpg,8,8,8,8,1,0.9999943,7.567195e-08,4.08949e-08,1.3859409e-16,5.250068e-06,2.8711408e-13,2.1247938e-07,2.4263488e-10,4.008557e-08,0.9999943
/home/leo/Documentos/mestrado/DeepWeeds-Mobile/images/20170727-115535-3.jpg,4,4,4,4,1,0.9401967,5.0152755e-07,1.915005e-10,0.05030941,3.0553685e-05,0.9401967,0.009206321,1.4145014e-06,1.4303345e-08,0.00025517956
/home/leo/Documentos/mestrado/DeepWeeds-Mobile/images/20180125-095558-1.jpg,8,8,8,8,1,0.68031955,8.761422e-05,0.0020620883,5.1732044e-05,6.806777e-05,2.174888e-05,0.0026940857,0.3138125,0.00088266155,0.68031955
/home/leo/Documentos/mestrado/DeepWeeds-Mobile/images/20170210-133358-0.jpg,0,8,0,8,0,0.6156816,0.035969082,1.1042677e-05,0.34307176,8.4705796e-05,6.1155246e-05,1.8663786e-05,4.0016516e-06,0.005098106,0.6156816
/home/leo/Documentos/mestrado/DeepWeeds-Mobile/images/20171218-110447-3.jpg,8,8,8,8,1,0.9991217,1.4898677e-05,1.1212973e-06,1.2987905e-11,0.0008564154,2.6224718e-08,1.2985106e-07,6.7729806e-12,5.677677e-06,0.9991217
/home/leo/Documentos/mestrado/DeepWeeds-Mobile/images/20171108-125923-3.jpg,5,5,5,5,1,0.9961347,0.0019350329,2.9844605e-06,6.175792e-07,7.241153e-09,2.3994298e-09,0.9961347,2.9488856e-08,4.166247e-05,0.0018849568
/home/leo/Documentos/mestrado/DeepWeeds-Mobile/images/20170304-131822-0.jpg,7,7,7,7,1,0.5530681,0.40071747,0.009011178,7.168709e-05,3.7057277e-06,0.00020543934,0.029081738,8.902071e-07,0.5530681,0.007839881
/home/leo/Documentos/mestrado/DeepWeeds-Mobile/images/20171109-091205-2.jpg,5,5,5,5,1,0.975502,7.400039e-05,0.0011727863,1.5219652e-07,2.075422e-06,1.1380515e-09,0.975502,0.0033734988,5.9372698e-05,0.01981617
/home/leo/Documentos/mestrado/DeepWeeds-Mobile/images/20171113-144405-1.jpg,6,6,6,6,1,0.99741155,5.841439e-05,0.00049795554,6.7699893e-06,2.7693459e-06,1.1401924e-06,7.6363335e-07,0.99741155,0.0001285844,0.001892056
/home/leo/Documentos/mestrado/DeepWeeds-Mobile/images/20171121-072413-1.jpg,6,6,6,6,1,0.9100167,3.8355824e-06,0.081937015,6.3255676e-08,1.7810446e-06,3.5068712e-07,2.0118034e-05,0.9100167,0.00012691486,0.007893132
/home/leo/Documentos/mestrado/DeepWeeds-Mobile/images/20170728-120119-2.jpg,4,4,4,4,1,0.9962016,2.4564022e-05,1.0687829e-07,4.4215743e-05,0.0014632723,0.9962016,8.150295e-08,1.3905e-08,2.4094103e-05,0.0022421922
/home/leo/Documentos/mestrado/DeepWeeds-Mobile/images/20170920-172208-1.jpg,2,2,2,2,1,0.99999034,1.5266731e-13,8.89765e-11,0.99999034,3.146679e-10,3.719727e-07,6.9320582e-12,2.8050111e-09,4.1391294e-13,9.3235785e-06
/home/leo/Documentos/mestrado/DeepWeeds-Mobile/images/20171102-093205-2.jpg,4,3,4,3,0,0.44857934,0.0009631171,0.0009422005,0.00029483472,0.44857934,0.16873059,1.1707549e-07,6.0230423e-06,0.0021280132,0.37835565
/home/leo/Documentos/mestrado/DeepWeeds-Mobile/images/20180109-100903-1.jpg,8,8,8,8,1,0.9874014,0.00017937322,0.0074313334,2.6612458e-06,0.0011169208,4.2032643e-05,4.9995702e-05,0.003185052,0.00059117994,0.9874014
/home/leo/Documentos/mestrado/DeepWeeds-Mobile/images/20180105-094926-3.jpg,8,8,8,8,1,0.5676834,0.00034898095,0.0062447255,0.038320664,0.00036392765,0.0012766251,5.83862e-05,0.38442126,0.0012820452,0.5676834
/home/leo/Documentos/mestrado/DeepWeeds-Mobile/images/20171121-090224-3.jpg,6,6,6,6,1,0.920446,8.548344e-06,0.0008262024,9.211265e-05,1.0859568e-06,2.9490661e-06,3.2881617e-06,0.920446,2.5711779e-05,0.07859417
/home/leo/Documentos/mestrado/DeepWeeds-Mobile/images/20170126-095120-0.jpg,1,1,1,1,1,0.8719616,0.00015809931,0.8719616,5.3769983e-10,2.4091289e-08,5.784686e-10,0.0017931709,0.0031050271,5.3065633e-05,0.12292894
/home/leo/Documentos/mestrado/DeepWeeds-Mobile/images/20180112-080947-2.jpg,8,8,8,8,1,0.9088041,0.001712858,0.000629253,0.017183393,0.011161337,0.058907215,5.6486074e-06,5.627184e-07,0.0015957577,0.9088041
/home/leo/Documentos/mestrado/DeepWeeds-Mobile/images/20171025-082439-1.jpg,0,0,0,0,1,0.9757177,0.9757177,1.2841715e-05,2.5652878e-06,7.361202e-08,5.6492763e-07,2.3062395e-05,2.9779022e-07,0.018848613,0.0053941985
/home/leo/Documentos/mestrado/DeepWeeds-Mobile/images/20180322-132351-1.jpg,8,8,8,8,1,0.9762927,0.0019416055,0.0001326372,0.0044235704,0.0073645045,0.0042607975,0.0054566585,5.665097e-06,0.00012186387,0.9762927
/home/leo/Documentos/mestrado/DeepWeeds-Mobile/images/20180112-081147-2.jpg,8,8,8,8,1,0.50921893,0.0010817162,0.00044520776,0.10265817,0.008981599,0.35993695,4.6285318e-06,0.0002639822,0.01740877,0.50921893
/home/leo/Documentos/mestrado/DeepWeeds-Mobile/images/20171113-132028-3.jpg,6,6,6,6,1,0.923079,8.3992e-05,5.9828293e-05,1.2176853e-05,6.379122e-06,4.693341e-06,6.9111316e-08,0.923079,9.104386e-05,0.07666275
/home/leo/Documentos/mestrado/DeepWeeds-Mobile/images/20171218-110556-3.jpg,8,3,8,3,0,0.92636454,5.243899e-06,1.6725882e-05,3.4048128e-08,0.92636454,7.6139644e-05,6.857287e-10,2.7346116e-09,3.641133e-05,0.07350092
/home/leo/Documentos/mestrado/DeepWeeds-Mobile/images/20180112-081449-2.jpg,8,8,8,8,1,0.71266574,0.04806345,4.425261e-05,0.012709104,0.104064934,0.09417565,4.698144e-07,7.461922e-09,0.028276352,0.71266574
/home/leo/Documentos/mestrado/DeepWeeds-Mobile/images/20170913-102447-2.jpg,3,3,3,3,1,0.99335593,5.848351e-06,4.1123945e-07,9.123982e-05,0.99335593,0.0032756806,1.7249256e-06,9.051959e-07,2.7359965e-05,0.0032408696
/home/leo/Documentos/mestrado/DeepWeeds-Mobile/images/20170714-112219-2.jpg,1,8,1,8,0,0.77125674,0.03201492,0.1449455,9.724553e-05,0.0029171004,0.0002983872,0.003462732,0.01435381,0.030653564,0.77125674
/home/leo/Documentos/mestrado/DeepWeeds-Mobile/images/20180322-130759-1.jpg,8,8,8,8,1,0.9921407,0.005094659,0.00014554053,4.9654955e-05,0.00029878048,0.0015861281,0.0002686616,7.033287e-10,0.00041577884,0.9921407
/home/leo/Documentos/mestrado/DeepWeeds-Mobile/images/20170920-101157-2.jpg,4,8,4,8,0,0.6229988,0.018152297,0.0033448543,0.0008120117,0.025235085,0.22199264,3.6560743e-06,1.2339969e-05,0.10744827,0.6229988
/home/leo/Documentos/mestrado/DeepWeeds-Mobile/images/20180322-103733-1.jpg,8,8,8,8,1,0.8835435,0.051865976,0.01770338,0.00080497615,0.00021802481,0.0005742551,0.019931292,6.3056286e-06,0.025352236,0.8835435
/home/leo/Documentos/mestrado/DeepWeeds-Mobile/images/20180109-085829-1.jpg,8,8,8,8,1,0.63089263,0.23880872,0.032362998,6.1564383e-06,0.005705108,4.0027176e-06,2.7536224e-05,8.355549e-08,0.09219274,0.63089263
/home/leo/Documentos/mestrado/DeepWeeds-Mobile/images/20170714-133426-1.jpg,1,1,1,1,1,0.9927816,4.017844e-06,0.9927816,3.099836e-11,7.7034965e-09,1.799566e-10,3.8299543e-08,0.007126585,7.113301e-05,1.6670567e-05
/home/leo/Documentos/mestrado/DeepWeeds-Mobile/images/20180322-112922-1.jpg,8,8,8,8,1,0.9992322,0.000102228936,8.39981e-05,1.6423098e-06,3.0726e-05,3.5555735e-07,0.0005154795,1.1350762e-08,3.3447934e-05,0.9992322
/home/leo/Documentos/mestrado/DeepWeeds-Mobile/images/20171219-113945-2.jpg,8,8,8,8,1,0.7793315,9.433022e-05,5.3105457e-05,0.12011708,0.004467661,0.09576545,1.5415817e-06,6.920407e-05,0.000100197525,0.7793315
/home/leo/Documentos/mestrado/DeepWeeds-Mobile/images/20180119-104711-2.jpg,8,8,8,8,1,0.98670524,0.0007365184,0.0004633123,0.0015266015,0.0024747485,0.005396221,9.2966e-07,0.00029495018,0.0024013848,0.98670524
/home/leo/Documentos/mestrado/DeepWeeds-Mobile/images/20171220-100744-2.jpg,8,8,8,8,1,0.9991066,6.2162217e-06,3.8108146e-07,1.712334e-12,3.987717e-07,5.078041e-13,0.0008862984,1.35839455e-08,1.0856523e-07,0.9991066
/home/leo/Documentos/mestrado/DeepWeeds-Mobile/images/20180112-101055-2.jpg,8,8,8,8,1,0.99791914,0.0011958954,4.5704488e-07,0.00045573703,0.00011239889,0.00023650688,6.398447e-05,4.651193e-09,1.5855949e-05,0.99791914
/home/leo/Documentos/mestrado/DeepWeeds-Mobile/images/20180112-075737-2.jpg,8,7,8,7,0,0.54136616,0.11552849,0.0030571907,0.0006968752,0.0013949226,0.0007831481,2.485509e-05,1.01135e-06,0.54136616,0.3371474
/home/leo/Documentos/mestrado/DeepWeeds-Mobile/images/20171220-091724-2.jpg,8,8,8,8,1,0.99883527,3.5366875e-07,1.8434771e-07,8.533562e-11,0.000255153,3.6215813e-08,0.00090866996,1.895079e-07,1.6997184e-07,0.99883527
/home/leo/Documentos/mestrado/DeepWeeds-Mobile/images/20170129-102300-0.jpg,8,8,8,8,1,0.74347204,0.19485322,0.018773846,1.1829358e-05,0.028786717,4.1599054e-05,0.00016974154,0.00074292655,0.013148133,0.74347204
/home/leo/Documentos/mestrado/DeepWeeds-Mobile/images/20170728-150508-1.jpg,4,4,4,4,1,0.9587729,0.00057316636,5.6360677e-06,0.0005442092,0.0032693497,0.9587729,1.8572138e-08,3.0816804e-07,0.0048626577,0.031971723
/home/leo/Documentos/mestrado/DeepWeeds-Mobile/images/20170920-134930-2.jpg,2,4,2,4,0,0.64110196,0.0011734322,2.174964e-05,0.30029258,0.005144187,0.64110196,4.43736e-06,6.5708424e-05,0.0041295127,0.048066493
/home/leo/Documentos/mestrado/DeepWeeds-Mobile/images/20170920-110646-3.jpg,2,2,2,2,1,0.999848,4.575306e-09,1.3285069e-07,0.999848,1.3130624e-06,5.769395e-05,2.4222695e-08,1.4597105e-06,7.7631576e-08,9.126267e-05
/home/leo/Documentos/mestrado/DeepWeeds-Mobile/images/20180109-103314-2.jpg,8,8,8,8,1,0.94593114,0.005906625,0.008302015,0.0058633294,0.00023771089,0.00014078157,0.016380807,0.016536245,0.00070130406,0.94593114
/home/leo/Documentos/mestrado/DeepWeeds-Mobile/images/20171212-102739-3.jpg,8,8,8,8,1,0.9932446,2.5487085e-05,0.00544319,5.5452692e-06,0.0010319955,0.00016578462,1.7799597e-06,1.28232905e-05,6.8902074e-05,0.9932446
/home/leo/Documentos/mestrado/DeepWeeds-Mobile/images/20171113-095701-1.jpg,5,5,5,5,1,0.9876258,0.0056616114,2.9053812e-05,2.5862853e-06,8.706532e-08,9.293882e-08,0.9876258,0.001284347,0.0034320927,0.0019643481
/home/leo/Documentos/mestrado/DeepWeeds-Mobile/images/20170705-162611-0.jpg,7,7,7,7,1,0.9274281,0.056974262,7.813999e-06,2.9135876e-05,4.260377e-05,0.000335389,2.8555884e-05,2.6219961e-08,0.9274281,0.015154053
/home/leo/Documentos/mestrado/DeepWeeds-Mobile/images/20171113-123034-1.jpg,6,6,6,6,1,0.99963164,1.1364871e-07,0.00036029934,2.1933078e-09,6.070445e-08,1.4774403e-09,3.00408e-08,0.99963164,2.9139621e-06,4.853254e-06
/home/leo/Documentos/mestrado/DeepWeeds-Mobile/images/20170727-171022-1.jpg,4,4,4,4,1,0.9503238,0.004006079,0.00012303909,1.8726123e-05,0.023745876,0.9503238,4.0718983e-06,2.543565e-07,0.011716336,0.010061715
/home/leo/Documentos/mestrado/DeepWeeds-Mobile/images/20170501-143232-0.jpg,1,1,1,1,1,0.44685182,0.31681755,0.44685182,0.0001799738,9.584533e-05,9.795864e-05,0.010409712,0.07312955,0.14359146,0.008826106
/home/leo/Documentos/mestrado/DeepWeeds-Mobile/images/20180119-114321-1.jpg,8,8,8,8,1,0.6509122,0.016310522,0.18920004,1.5154532e-05,0.008871227,0.00023298635,0.021443713,0.06353446,0.049479634,0.6509122
/home/leo/Documentos/mestrado/DeepWeeds-Mobile/images/20171219-094311-2.jpg,8,8,8,8,1,0.99875784,0.00023331516,0.00015856544,1.4858252e-07,0.00025444213,3.668323e-06,0.0004661431,2.9399065e-05,9.649424e-05,0.99875784
/home/leo/Documentos/mestrado/DeepWeeds-Mobile/images/20180109-070118-2.jpg,8,8,8,8,1,0.68670326,9.796206e-06,0.00040163408,0.07049732,3.628472e-05,0.00046140942,2.9936251e-05,0.24176106,9.93525e-05,0.68670326
/home/leo/Documentos/mestrado/DeepWeeds-Mobile/images/20170906-134934-1.jpg,3,8,3,8,0,0.8947258,0.03458487,0.0031952776,0.00041362227,0.010203813,0.011388057,6.128783e-06,6.071038e-07,0.045481753,0.8947258
/home/leo/Documentos/mestrado/DeepWeeds-Mobile/images/20180109-071030-2.jpg,8,8,8,8,1,0.8915115,7.135122e-06,0.0006232963,0.0010172698,4.2345005e-06,4.8107424e-05,3.3039036e-05,0.106703915,5.153387e-05,0.8915115
/home/leo/Documentos/mestrado/DeepWeeds-Mobile/images/20171203-172738-3.jpg,8,8,8,8,1,0.838268,0.00186153,0.019782888,2.3239384e-06,0.031563587,0.00015600311,0.000850707,9.1247384e-05,0.10742379,0.838268
/home/leo/Documentos/mestrado/DeepWeeds-Mobile/images/20180322-114710-2.jpg,8,8,8,8,1,0.9967104,0.0001855442,0.0012599401,0.0009977955,0.00021728795,0.000414908,0.00012339886,1.3586528e-06,8.9263194e-05,0.9967104
/home/leo/Documentos/mestrado/DeepWeeds-Mobile/images/20171025-093648-3.jpg,3,3,3,3,1,0.5879069,0.034820996,0.00013021546,0.02435078,0.5879069,0.28794298,9.581549e-06,1.2450943e-07,0.0075217565,0.05731668
/home/leo/Documentos/mestrado/DeepWeeds-Mobile/images/20170128-103754-0.jpg,8,8,8,8,1,0.90946186,0.002891332,0.040199645,3.9607335e-06,0.039450213,0.0010854894,1.8768215e-07,2.3466044e-05,0.006883849,0.90946186
/home/leo/Documentos/mestrado/DeepWeeds-Mobile/images/20171203-164445-3.jpg,8,8,8,8,1,0.99594384,0.0021136748,1.3227125e-05,0.00011565992,0.00022628532,0.0015073983,7.4852733e-06,2.0676146e-06,7.03598e-05,0.99594384
/home/leo/Documentos/mestrado/DeepWeeds-Mobile/images/20180105-093625-3.jpg,8,8,8,8,1,0.96026766,3.208451e-05,0.001065397,0.0012627759,0.0014337504,0.0006603181,3.958972e-06,0.035160385,0.00011372062,0.96026766
/home/leo/Documentos/mestrado/DeepWeeds-Mobile/images/20170727-135911-1.jpg,4,4,4,4,1,0.9943825,2.1292546e-05,3.0387656e-07,0.00017098106,0.001432319,0.9943825,2.5037359e-09,1.2211104e-09,0.0005389478,0.0034536966
/home/leo/Documentos/mestrado/DeepWeeds-Mobile/images/20180109-074539-2.jpg,8,8,8,8,1,0.9714698,0.028107194,7.395804e-07,4.5807888e-10,1.2101716e-08,2.7698872e-09,9.140651e-05,3.8403263e-07,0.00033037228,0.9714698
/home/leo/Documentos/mestrado/DeepWeeds-Mobile/images/20180125-130301-3.jpg,8,8,8,8,1,0.9624756,0.001830016,0.025453046,1.2475739e-07,0.0009193386,0.0004266764,0.0007965756,7.7387244e-07,0.00809778,0.9624756
/home/leo/Documentos/mestrado/DeepWeeds-Mobile/images/20171219-112310-3.jpg,8,8,8,8,1,0.56933963,0.0053057787,0.00017241924,0.19369876,0.01898435,0.20342538,9.272916e-07,7.306032e-05,0.008999622,0.56933963
/home/leo/Documentos/mestrado/DeepWeeds-Mobile/images/20171113-131510-2.jpg,6,6,6,6,1,0.6325148,0.00014057008,0.0011479064,0.0005856051,0.00013595186,0.00018884338,3.8476937e-06,0.6325148,0.0004978804,0.36478463
/home/leo/Documentos/mestrado/DeepWeeds-Mobile/images/20180322-121610-2.jpg,8,8,8,8,1,0.99884665,0.00029724222,0.0005971511,4.5504496e-08,0.00014334517,6.1777973e-06,4.160434e-05,5.2931495e-09,6.7852125e-05,0.99884665
/home/leo/Documentos/mestrado/DeepWeeds-Mobile/images/20171219-095621-2.jpg,8,8,8,8,1,0.9616341,0.028573385,0.0012309584,0.0001081388,0.0009707959,0.00083677477,0.0014798954,0.0017763657,0.0033897003,0.9616341
/home/leo/Documentos/mestrado/DeepWeeds-Mobile/images/20170920-120127-2.jpg,2,8,2,8,0,0.44254595,1.2005526e-05,2.9615519e-08,0.40829375,2.62102e-05,0.14879683,4.9695286e-06,0.0003200782,8.432718e-08,0.44254595
/home/leo/Documentos/mestrado/DeepWeeds-Mobile/images/20170217-103906-0.jpg,0,0,0,0,1,0.99870634,0.99870634,1.220922e-08,1.4541255e-09,4.052995e-12,5.7526754e-11,1.4022357e-05,8.277137e-08,0.0012253684,5.4128308e-05
/home/leo/Documentos/mestrado/DeepWeeds-Mobile/images/20170728-124431-3.jpg,4,4,4,4,1,0.9368644,0.00096805044,8.326399e-05,0.012256659,0.003050669,0.9368644,2.0963822e-05,0.0001656354,0.00021301396,0.046377346
/home/leo/Documentos/mestrado/DeepWeeds-Mobile/images/20170129-102414-0.jpg,8,8,8,8,1,0.95023865,0.017804116,0.008131787,0.0006117222,0.004092112,0.00041088412,0.0004890888,0.00025860503,0.017963065,0.95023865
/home/leo/Documentos/mestrado/DeepWeeds-Mobile/images/20180112-092549-1.jpg,8,0,8,0,0,0.5629986,0.5629986,4.5715133e-05,0.0018160259,0.008462703,0.0019598952,3.0964977e-06,1.23938175e-08,0.027317422,0.39739648
/home/leo/Documentos/mestrado/DeepWeeds-Mobile/images/20170610-123740-0.jpg,1,8,1,8,0,0.8561246,0.0006148706,0.026769247,1.110983e-06,0.051703766,7.759878e-05,0.000856592,0.028178377,0.03567399,0.8561246
/home/leo/Documentos/mestrado/DeepWeeds-Mobile/images/20171025-100313-2.jpg,3,8,3,8,0,0.39871922,0.0037463866,0.0005721924,0.0012681382,0.39001384,0.20074457,8.8837186e-07,6.3805105e-06,0.0049284534,0.39871922
/home/leo/Documentos/mestrado/DeepWeeds-Mobile/images/20171025-075009-3.jpg,3,3,3,3,1,0.9597202,5.9875376e-05,5.6208487e-06,1.7373932e-09,0.9597202,1.5823923e-06,4.2615046e-08,1.1877737e-05,2.6625723e-05,0.040174108
/home/leo/Documentos/mestrado/DeepWeeds-Mobile/images/20171102-093502-2.jpg,4,2,4,2,0,0.6403945,0.010085639,3.0949028e-05,0.6403945,0.036384966,0.27454135,9.6321426e-05,1.9810957e-06,0.0005650728,0.03789922
/home/leo/Documentos/mestrado/DeepWeeds-Mobile/images/20180112-081708-1.jpg,8,8,8,8,1,0.51696396,0.0026743012,0.00013144528,0.006007568,0.07259921,0.4005563,1.6302174e-06,3.147866e-08,0.0010655301,0.51696396
/home/leo/Documentos/mestrado/DeepWeeds-Mobile/images/20171219-113207-3.jpg,8,8,8,8,1,0.8466011,0.022162288,0.0002390077,0.02017504,0.0873063,0.017521167,5.428893e-06,0.0012776513,0.0047118515,0.8466011
/home/leo/Documentos/mestrado/DeepWeeds-Mobile/images/20170718-133752-2.jpg,7,8,7,8,0,0.48471937,0.12923472,0.0017170253,3.5208264e-05,0.005461972,0.00010479257,8.964093e-05,9.2108115e-07,0.37863627,0.48471937
/home/leo/Documentos/mestrado/DeepWeeds-Mobile/images/20171220-095214-2.jpg,8,8,8,8,1,0.95859915,0.0006891416,4.8255984e-05,1.1818996e-07,0.03642103,2.5219592e-06,5.523861e-05,0.002483323,0.0017012337,0.95859915
/home/leo/Documentos/mestrado/DeepWeeds-Mobile/images/20180112-071110-2.jpg,8,4,8,4,0,0.567119,0.0014081969,0.00042164823,0.00032905617,0.0019289796,0.567119,3.46778e-05,2.3028103e-06,0.013329505,0.41542667
/home/leo/Documentos/mestrado/DeepWeeds-Mobile/images/20180105-093825-2.jpg,8,8,8,8,1,0.9819735,1.3153006e-06,9.368112e-06,0.0007291338,9.9807665e-05,0.003503649,2.8566712e-08,0.013673749,9.462798e-06,0.9819735
/home/leo/Documentos/mestrado/DeepWeeds-Mobile/images/20170718-132641-2.jpg,7,7,7,7,1,0.539347,0.0075350236,0.32168669,8.950493e-06,0.035817284,0.00012919235,1.3788602e-05,0.0005324364,0.539347,0.094929576
/home/leo/Documentos/mestrado/DeepWeeds-Mobile/images/20171109-074757-3.jpg,5,5,5,5,1,0.99994075,3.7247196e-06,6.085619e-07,8.6979165e-12,9.730495e-11,6.33358e-14,0.99994075,1.8391818e-05,4.9525884e-08,3.649963e-05
/home/leo/Documentos/mestrado/DeepWeeds-Mobile/images/20171025-080322-1.jpg,3,8,3,8,0,0.8989304,0.006701295,0.00015392581,1.8690547e-05,0.059784636,0.0006501795,6.544217e-09,2.290648e-08,0.033760883,0.8989304
/home/leo/Documentos/mestrado/DeepWeeds-Mobile/images/20180125-132427-3.jpg,8,8,8,8,1,0.9720699,0.00053606945,0.0011626306,0.015259612,0.00055680185,0.0087016495,6.4040037e-06,0.00058738876,0.0011195142,0.9720699
/home/leo/Documentos/mestrado/DeepWeeds-Mobile/images/20180109-070124-1.jpg,8,6,8,6,0,0.59283054,7.498365e-06,3.9912007e-05,5.0131915e-05,7.378133e-05,3.9819206e-05,2.4483531e-06,0.59283054,1.1806094e-05,0.40694416
/home/leo/Documentos/mestrado/DeepWeeds-Mobile/images/20171219-095213-2.jpg,8,8,8,8,1,0.97605747,0.006015633,0.011831298,7.2041505e-05,0.00062188983,0.0026847585,0.00026793024,1.0799031e-05,0.0024380628,0.97605747
/home/leo/Documentos/mestrado/DeepWeeds-Mobile/images/20171025-080722-2.jpg,3,8,3,8,0,0.3459588,0.3146979,7.95726e-05,0.0005829693,0.25229648,0.0025723292,2.7225272e-07,2.5944147e-09,0.08381167,0.3459588
/home/leo/Documentos/mestrado/DeepWeeds-Mobile/images/20180105-100934-3.jpg,8,8,8,8,1,0.82013524,1.7395283e-05,5.3339325e-05,1.2650873e-05,6.788922e-05,4.118194e-06,2.6811156e-07,0.17970285,6.25937e-06,0.82013524
/home/leo/Documentos/mestrado/DeepWeeds-Mobile/images/20171025-100615-1.jpg,3,3,3,3,1,0.84649444,0.0042084674,2.5125913e-05,0.007485465,0.84649444,0.005949002,3.9755022e-07,6.382085e-09,0.002055005,0.13378213
/home/leo/Documentos/mestrado/DeepWeeds-Mobile/images/20171219-095415-3.jpg,8,8,8,8,1,0.970831,0.015107769,0.004085786,1.2198984e-06,0.0004035738,0.00055716373,0.0061422396,5.250339e-06,0.0028659895,0.970831
/home/leo/Documentos/mestrado/DeepWeeds-Mobile/images/20180109-091312-2.jpg,8,8,8,8,1,0.9672592,0.000106639156,0.008900311,5.4817875e-08,3.9787694e-05,1.5760485e-06,0.023405116,7.133359e-05,0.00021589623,0.9672592
/home/leo/Documentos/mestrado/DeepWeeds-Mobile/images/20170210-132021-0.jpg,7,7,7,7,1,0.6864408,0.009694187,0.00012557372,0.0017495127,1.6223123e-05,3.999087e-06,6.503269e-05,2.3258859e-05,0.6864408,0.3018815
/home/leo/Documentos/mestrado/DeepWeeds-Mobile/images/20180322-103233-1.jpg,8,8,8,8,1,0.9821859,0.014252054,2.2207383e-05,2.5865193e-05,3.2602384e-05,0.0006309803,1.7960912e-05,3.2827079e-09,0.0028324581,0.9821859
/home/leo/Documentos/mestrado/DeepWeeds-Mobile/images/20180109-085419-2.jpg,8,8,8,8,1,0.56903297,0.234449,0.01218369,0.00094071525,0.1214482,0.00095480983,0.02514525,0.00022007346,0.03562522,0.56903297
/home/leo/Documentos/mestrado/DeepWeeds-Mobile/images/20171113-145555-1.jpg,6,6,6,6,1,0.9998543,8.684518e-08,0.00013067522,1.0292697e-08,2.0814557e-08,3.1073016e-10,1.041127e-07,0.9998543,8.6240755e-07,1.38257865e-05
/home/leo/Documentos/mestrado/DeepWeeds-Mobile/images/20170920-183454-1.jpg,2,2,2,2,1,0.47358584,7.686667e-05,9.70816e-05,0.47358584,0.003414743,0.36130205,1.1179861e-05,8.0974125e-05,0.00017481006,0.1612564
/home/leo/Documentos/mestrado/DeepWeeds-Mobile/images/20180109-110104-1.jpg,8,8,8,8,1,0.9380477,0.042449336,3.3936787e-05,0.002957666,0.010116013,0.0011097068,7.792173e-07,2.574041e-08,0.005284795,0.9380477
/home/leo/Documentos/mestrado/DeepWeeds-Mobile/images/20171109-072638-1.jpg,5,5,5,5,1,0.998171,3.5835044e-05,9.033138e-05,1.4666024e-11,6.5314842e-09,4.4945814e-12,0.998171,0.00048540308,1.5581218e-05,0.0012019096
/home/leo/Documentos/mestrado/DeepWeeds-Mobile/images/20171219-112239-3.jpg,8,2,8,2,0,0.42928436,0.0035413106,0.00034042,0.42928436,0.031217951,0.17931697,1.9477504e-06,0.0025956514,0.01274346,0.340958
/home/leo/Documentos/mestrado/DeepWeeds-Mobile/images/20180322-104930-1.jpg,8,1,8,1,0,0.54197896,0.024061326,0.54197896,8.7519055e-07,0.00022298147,0.00033798788,0.0035948528,4.1400256e-07,0.015102702,0.41469988
/home/leo/Documentos/mestrado/DeepWeeds-Mobile/images/20170906-113355-1.jpg,3,3,3,3,1,0.97364634,0.00011101906,1.4479014e-07,3.4774474e-09,0.97364634,3.2657306e-06,6.0261684e-08,1.0314358e-06,0.014276273,0.011961735
/home/leo/Documentos/mestrado/DeepWeeds-Mobile/images/20170405-155705-0.jpg,0,8,0,8,0,0.502958,0.2513877,0.0046716486,0.017171962,0.0026537788,0.00012705622,0.00069477636,7.6780765e-05,0.22025825,0.502958
/home/leo/Documentos/mestrado/DeepWeeds-Mobile/images/20171102-115100-1.jpg,2,2,2,2,1,0.99998105,3.8336434e-10,4.1161635e-10,0.99998105,1.2453268e-07,8.409676e-06,5.8447047e-10,1.2531055e-10,1.8845316e-10,1.0431614e-05
/home/leo/Documentos/mestrado/DeepWeeds-Mobile/images/20171121-090858-1.jpg,6,6,6,6,1,0.92344266,2.1824276e-06,0.07220432,2.8171044e-08,7.255313e-07,4.9681432e-09,3.341602e-07,0.92344266,1.856827e-06,0.004347824
/home/leo/Documentos/mestrado/DeepWeeds-Mobile/images/20180125-135219-3.jpg,8,8,8,8,1,0.98490244,4.6559933e-05,0.0062160864,0.004566522,0.0004025691,0.0034994646,2.488916e-06,0.00015605257,0.0002076949,0.98490244
/home/leo/Documentos/mestrado/DeepWeeds-Mobile/images/20170920-115538-2.jpg,2,2,2,2,1,0.45366016,0.0002651525,3.3606773e-07,0.45366016,0.0013820475,0.38431367,8.829563e-06,5.017031e-05,6.43561e-05,0.16025533
/home/leo/Documentos/mestrado/DeepWeeds-Mobile/images/20171220-090426-3.jpg,8,8,8,8,1,0.99897665,0.0007695479,7.227513e-06,2.030866e-07,0.0001608322,4.9022383e-05,4.6502887e-06,6.9251205e-09,3.173235e-05,0.99897665
/home/leo/Documentos/mestrado/DeepWeeds-Mobile/images/20170906-112532-1.jpg,3,8,3,8,0,0.9974577,6.262202e-05,2.699918e-05,0.00026690142,0.0005084264,0.0010663139,6.533985e-05,8.504152e-05,0.00046054967,0.9974577
/home/leo/Documentos/mestrado/DeepWeeds-Mobile/images/20170729-092537-2.jpg,4,4,4,4,1,0.99410355,0.00021121293,4.155502e-06,9.068121e-06,0.00046446643,0.99410355,2.3180524e-08,1.1720187e-09,0.0019523007,0.0032550788
/home/leo/Documentos/mestrado/DeepWeeds-Mobile/images/20170630-160252-0.jpg,7,8,7,8,0,0.7810129,0.03569829,0.038824253,0.00013035868,0.00044678347,0.00031452012,0.019505208,0.000105111496,0.12396263,0.7810129
/home/leo/Documentos/mestrado/DeepWeeds-Mobile/images/20171025-083320-3.jpg,3,3,3,3,1,0.68851364,0.006104004,0.00017647576,0.00138184,0.68851364,0.16495565,1.9254257e-07,1.0373825e-07,0.007515302,0.13135281
/home/leo/Documentos/mestrado/DeepWeeds-Mobile/images/20180112-102546-2.jpg,8,8,8,8,1,0.990105,0.0029980969,0.00034431406,0.000175876,0.0019377244,1.3626965e-05,8.704012e-05,1.9972847e-05,0.0043185027,0.990105
/home/leo/Documentos/mestrado/DeepWeeds-Mobile/images/20180112-080326-1.jpg,8,3,8,3,0,0.47370666,0.21675998,0.0055440497,6.575291e-05,0.47370666,0.0012157998,2.605164e-05,4.3537426e-07,0.23204502,0.070636235
/home/leo/Documentos/mestrado/DeepWeeds-Mobile/images/20180109-072106-2.jpg,8,8,8,8,1,0.9336804,0.0010970369,0.0006484414,0.008299681,0.007833879,0.005095505,1.7883417e-06,0.034439333,0.008903919,0.9336804
/home/leo/Documentos/mestrado/DeepWeeds-Mobile/images/20170714-135235-3.jpg,1,1,1,1,1,0.99972934,8.308781e-05,0.99972934,1.3018174e-12,1.8068329e-08,1.2635458e-10,1.0679517e-08,2.0897316e-08,0.00013677702,5.075434e-05
/home/leo/Documentos/mestrado/DeepWeeds-Mobile/images/20170906-114244-1.jpg,3,3,3,3,1,0.9530873,6.295276e-05,2.5473908e-05,1.0887154e-11,0.9530873,2.844291e-08,9.1080265e-06,1.1052757e-06,0.00040792552,0.04640626
/home/leo/Documentos/mestrado/DeepWeeds-Mobile/images/20180109-094611-2.jpg,8,8,8,8,1,0.99514705,0.003086181,5.0327e-05,0.0004106667,0.0002559953,4.310326e-06,6.370492e-06,6.643696e-05,0.0009726828,0.99514705
/home/leo/Documentos/mestrado/DeepWeeds-Mobile/images/20170715-132920-1.jpg,1,6,1,6,0,0.6279609,0.002629677,0.10553148,4.809105e-06,6.9948816e-05,9.994991e-06,0.0070146094,0.6279609,0.040455054,0.2163235
/home/leo/Documentos/mestrado/DeepWeeds-Mobile/images/20171121-074959-1.jpg,6,6,6,6,1,0.9991923,4.1738673e-08,0.00021152516,3.5553313e-08,1.2929982e-07,8.945414e-09,5.0463647e-08,0.9991923,4.5844e-07,0.0005955707
/home/leo/Documentos/mestrado/DeepWeeds-Mobile/images/20171212-104248-3.jpg,8,8,8,8,1,0.99747556,0.0009597949,0.00012429764,2.3261327e-08,5.4355187e-05,1.5084586e-08,0.0008484806,1.4337047e-05,0.0005230332,0.99747556
/home/leo/Documentos/mestrado/DeepWeeds-Mobile/images/20171220-091521-3.jpg,8,8,8,8,1,0.9976876,0.00031293777,4.202987e-05,9.383822e-08,0.0017532343,1.5432382e-06,9.541387e-05,7.4212076e-05,3.2999822e-05,0.9976876
/home/leo/Documentos/mestrado/DeepWeeds-Mobile/images/20180112-094225-1.jpg,8,8,8,8,1,0.51912266,0.11952868,0.0020464626,0.0015679778,4.8637103e-05,1.0583556e-06,0.00040361797,3.131377e-05,0.35724962,0.51912266
/home/leo/Documentos/mestrado/DeepWeeds-Mobile/images/20171205-124039-2.jpg,8,8,8,8,1,0.9509691,0.006316128,0.0019420285,3.623254e-08,0.023127994,1.6750546e-05,0.0036691662,0.0069878665,0.006970914,0.9509691
/home/leo/Documentos/mestrado/DeepWeeds-Mobile/images/20170217-114724-0.jpg,7,7,7,7,1,0.6989168,0.031620473,0.00077295955,2.047594e-06,2.2385038e-05,8.0915476e-07,0.0044413377,0.24805817,0.6989168,0.016164878
/home/leo/Documentos/mestrado/DeepWeeds-Mobile/images/20180112-072757-2.jpg,8,0,8,0,0,0.3888492,0.3888492,0.0050075212,0.19862883,0.02429677,0.09574451,0.003572426,0.011174391,0.17194477,0.10078159
/home/leo/Documentos/mestrado/DeepWeeds-Mobile/images/20180105-094942-3.jpg,8,8,8,8,1,0.98973095,9.3560644e-05,5.612551e-06,0.004955436,0.00013227956,0.00073233765,5.610611e-07,0.004077897,0.00027143865,0.98973095
/home/leo/Documentos/mestrado/DeepWeeds-Mobile/images/20171218-115740-3.jpg,8,8,8,8,1,0.91756254,0.00049993955,0.0020466626,2.0168709e-05,0.04502491,4.451155e-05,0.034637183,3.718221e-05,0.00012695602,0.91756254
/home/leo/Documentos/mestrado/DeepWeeds-Mobile/images/20170920-181106-1.jpg,2,4,2,4,0,0.33901086,0.0003104818,0.00033471614,0.33855346,0.00065167656,0.33901086,0.0018094257,3.1258016e-05,9.776626e-05,0.3192004
/home/leo/Documentos/mestrado/DeepWeeds-Mobile/images/20171102-121250-1.jpg,2,2,2,2,1,0.99971884,8.039284e-08,1.3366764e-09,0.99971884,5.377837e-06,2.9673034e-05,9.908231e-09,8.823116e-11,4.405206e-08,0.00024590653
/home/leo/Documentos/mestrado/DeepWeeds-Mobile/images/20170714-133404-1.jpg,1,1,1,1,1,0.99999714,4.320419e-09,0.99999714,1.853808e-15,1.1230804e-10,1.09526036e-13,3.6188035e-11,2.1052801e-06,4.9717437e-07,2.744694e-07
/home/leo/Documentos/mestrado/DeepWeeds-Mobile/images/20170920-112716-3.jpg,2,2,2,2,1,0.9987311,1.3306325e-08,2.604333e-08,0.9987311,6.429183e-07,2.9275318e-05,8.3977866e-08,2.9902895e-07,1.4715289e-07,0.0012383324
/home/leo/Documentos/mestrado/DeepWeeds-Mobile/images/20170210-132050-0.jpg,0,8,0,8,0,0.862573,0.057292875,0.0058035715,0.0043349946,0.01451066,0.00015398054,0.0029650892,0.010816392,0.041549444,0.862573
/home/leo/Documentos/mestrado/DeepWeeds-Mobile/images/20180125-093440-1.jpg,8,8,8,8,1,0.99875784,4.916318e-05,2.0991858e-05,3.7930183e-09,3.231656e-05,1.2493308e-06,1.9301995e-05,2.987146e-07,0.0011188897,0.99875784
/home/leo/Documentos/mestrado/DeepWeeds-Mobile/images/20170920-191259-1.jpg,2,7,2,7,0,0.38986948,0.31656206,0.0003950149,0.15436064,0.0067227925,0.02595126,8.823545e-05,3.3096799e-06,0.38986948,0.1060472
/home/leo/Documentos/mestrado/DeepWeeds-Mobile/images/20170711-115907-0.jpg,0,8,0,8,0,0.95721716,0.0018846747,0.00025740344,0.010204674,0.013443252,0.009777493,1.3800103e-06,0.00091322744,0.0063008606,0.95721716
/home/leo/Documentos/mestrado/DeepWeeds-Mobile/images/20170304-125427-0.jpg,0,0,0,0,1,0.49958786,0.49958786,2.566099e-07,5.131515e-07,1.7206953e-07,3.139638e-08,0.00076189666,8.266899e-06,0.47249803,0.027142966
/home/leo/Documentos/mestrado/DeepWeeds-Mobile/images/20171220-083334-3.jpg,8,8,8,8,1,0.994751,0.0003370704,3.6405702e-06,1.0829515e-08,0.0005678608,5.527297e-06,0.003848916,1.9263115e-07,0.00048570437,0.994751
/home/leo/Documentos/mestrado/DeepWeeds-Mobile/images/20170714-112144-3.jpg,1,1,1,1,1,0.9999541,5.119317e-06,0.9999541,1.9466826e-14,1.4294188e-10,4.4731896e-12,3.2168e-10,3.7494498e-08,3.9048897e-05,1.6164447e-06
/home/leo/Documentos/mestrado/DeepWeeds-Mobile/images/20180105-094941-2.jpg,8,8,8,8,1,0.8255685,0.00016888414,0.0018154107,0.00018539434,9.523118e-05,4.9211874e-05,3.8600367e-05,0.17176576,0.0003130037,0.8255685
/home/leo/Documentos/mestrado/DeepWeeds-Mobile/images/20171102-103158-3.jpg,2,2,2,2,1,0.5713652,1.3784678e-07,1.0671032e-10,0.5713652,1.2947316e-06,0.41992763,1.1412762e-05,3.032433e-08,2.679845e-09,0.008694288
/home/leo/Documentos/mestrado/DeepWeeds-Mobile/images/20180125-133116-2.jpg,8,8,8,8,1,0.99225056,0.00051129144,0.0029635306,2.8055786e-06,1.3851618e-05,4.1314423e-05,0.003933288,1.229098e-07,0.0002832209,0.99225056
/home/leo/Documentos/mestrado/DeepWeeds-Mobile/images/20170501-145558-0.jpg,8,8,8,8,1,0.985859,0.0031221618,0.0005952349,0.00030531906,0.0010556019,0.0050504017,6.7520614e-07,3.49888e-05,0.0039766184,0.985859
/home/leo/Documentos/mestrado/DeepWeeds-Mobile/images/20180322-102956-1.jpg,8,8,8,8,1,0.99953085,6.4269498e-06,1.9669553e-06,0.00020228814,8.264287e-07,0.00025406468,2.3697626e-06,8.5397085e-09,1.1063215e-06,0.99953085
/home/leo/Documentos/mestrado/DeepWeeds-Mobile/images/20170501-143557-0.jpg,1,1,1,1,1,0.91251796,3.1066997e-05,0.91251796,4.8583075e-07,0.0002388339,1.24809385e-05,1.3591296e-05,0.07440623,0.0025058023,0.010273481
/home/leo/Documentos/mestrado/DeepWeeds-Mobile/images/20170920-095029-1.jpg,2,2,2,2,1,0.999938,2.958134e-09,1.05621375e-07,0.999938,2.138784e-08,3.5327857e-06,5.6507563e-08,6.7523138e-06,2.1489905e-08,5.145747e-05
/home/leo/Documentos/mestrado/DeepWeeds-Mobile/images/20180109-104402-1.jpg,8,8,8,8,1,0.9943233,0.00021261908,0.0024949044,0.00028020336,0.0011153243,0.0011636135,1.6296855e-05,2.3021603e-05,0.00037057456,0.9943233
/home/leo/Documentos/mestrado/DeepWeeds-Mobile/images/20171219-101027-3.jpg,8,8,8,8,1,0.99795866,7.217628e-06,2.7258897e-05,2.6030494e-11,0.001976596,3.671326e-07,3.2912521e-06,2.5816364e-06,2.4007628e-05,0.99795866
/home/leo/Documentos/mestrado/DeepWeeds-Mobile/images/20170714-170112-1.jpg,1,1,1,1,1,0.9992444,5.9749542e-05,0.9992444,1.024438e-12,1.347848e-07,3.5996364e-09,1.038998e-06,7.0392355e-07,0.0004911394,0.00020281693
/home/leo/Documentos/mestrado/DeepWeeds-Mobile/images/20170714-113609-3.jpg,1,7,1,7,0,0.6926205,0.079142794,0.123624496,9.858819e-06,0.0014271482,0.00060618296,0.0030971991,0.0025108627,0.6926205,0.09696098
/home/leo/Documentos/mestrado/DeepWeeds-Mobile/images/20171220-085305-2.jpg,8,8,8,8,1,0.9993936,0.00024350997,6.166398e-05,1.4553712e-08,0.00011427187,6.478707e-07,6.31e-05,3.4936772e-07,0.00012292856,0.9993936
/home/leo/Documentos/mestrado/DeepWeeds-Mobile/images/20180322-114101-2.jpg,8,8,8,8,1,0.994007,0.0005650476,0.0011799465,8.445057e-09,0.0037942904,0.00018015453,1.1655964e-05,1.8294224e-07,0.00026168145,0.994007
/home/leo/Documentos/mestrado/DeepWeeds-Mobile/images/20170906-105012-1.jpg,3,3,3,3,1,0.98429054,0.00033340964,8.585003e-05,2.5801778e-06,0.98429054,0.0022505901,1.0240741e-08,2.4686271e-06,0.0019228816,0.011111638
/home/leo/Documentos/mestrado/DeepWeeds-Mobile/images/20180109-071506-1.jpg,8,8,8,8,1,0.9992918,2.6154726e-06,6.7469264e-06,2.2176187e-05,5.730342e-06,3.370958e-05,2.2924348e-06,0.00061827584,1.6641921e-05,0.9992918
/home/leo/Documentos/mestrado/DeepWeeds-Mobile/images/20180105-104521-1.jpg,8,8,8,8,1,0.935814,5.588144e-05,0.0018583598,0.0015405335,1.7609904e-05,7.725168e-05,0.00016379605,0.060138233,0.0003342614,0.935814
/home/leo/Documentos/mestrado/DeepWeeds-Mobile/images/20180109-065918-2.jpg,8,8,8,8,1,0.8277058,0.00012957198,0.040640928,4.455524e-05,0.000104449355,7.320496e-05,0.0031388463,0.117444955,0.010717741,0.8277058
/home/leo/Documentos/mestrado/DeepWeeds-Mobile/images/20171113-131037-1.jpg,6,6,6,6,1,0.9900829,8.702549e-05,0.0023195422,9.632304e-08,2.5059487e-07,5.0667943e-08,2.1873425e-06,0.9900829,0.00034609972,0.007161771
/home/leo/Documentos/mestrado/DeepWeeds-Mobile/images/20171109-090609-3.jpg,5,5,5,5,1,0.9409594,1.1227206e-05,0.0005254048,1.0349371e-11,1.1547487e-05,9.344422e-12,0.9409594,0.049991496,1.4348051e-06,0.008499425
/home/leo/Documentos/mestrado/DeepWeeds-Mobile/images/20170217-122030-0.jpg,0,0,0,0,1,0.99928296,0.99928296,1.3124675e-05,3.3308406e-10,2.2907503e-09,3.097414e-11,8.091541e-06,4.9599366e-05,0.00016218507,0.00048395374
/home/leo/Documentos/mestrado/DeepWeeds-Mobile/images/20171205-124404-2.jpg,8,8,8,8,1,0.996727,2.402894e-06,8.051604e-07,4.1643213e-09,0.0012328064,5.0460767e-07,0.0020344914,1.2324824e-06,8.602965e-07,0.996727
/home/leo/Documentos/mestrado/DeepWeeds-Mobile/images/20180105-091434-2.jpg,8,8,8,8,1,0.98097515,0.0144575015,1.6643257e-06,5.646777e-05,0.00092327694,0.0010775168,1.9976604e-05,0.0022518423,0.00023663614,0.98097515
/home/leo/Documentos/mestrado/DeepWeeds-Mobile/images/20171025-081108-3.jpg,3,3,3,3,1,0.58520156,0.0016945201,0.005175266,3.0756946e-05,0.58520156,0.018437678,2.4424787e-07,3.5673543e-07,0.0050028735,0.38445675
/home/leo/Documentos/mestrado/DeepWeeds-Mobile/images/20180112-072609-1.jpg,8,8,8,8,1,0.9962901,0.00015783371,0.00012119629,0.0029776408,0.00011765278,0.00018890906,1.6281849e-05,1.4521524e-05,0.00011583007,0.9962901
/home/leo/Documentos/mestrado/DeepWeeds-Mobile/images/20180125-135154-3.jpg,8,8,8,8,1,0.7680067,0.04045455,0.021046763,0.00024089166,0.0031194563,0.025472235,0.00017687827,1.9420691e-05,0.14146315,0.7680067
/home/leo/Documentos/mestrado/DeepWeeds-Mobile/images/20171121-083050-2.jpg,6,6,6,6,1,0.9997878,1.34505e-07,3.6414644e-05,2.1151338e-08,1.4594623e-08,2.9211302e-09,8.424015e-10,0.9997878,4.016386e-07,0.00017513252
/home/leo/Documentos/mestrado/DeepWeeds-Mobile/images/20171109-074650-1.jpg,5,5,5,5,1,0.6028784,0.00018277264,0.00012356724,3.0503122e-09,1.3171564e-06,2.3856284e-10,0.6028784,3.6279398e-05,0.011078244,0.38569942
/home/leo/Documentos/mestrado/DeepWeeds-Mobile/images/20171219-095039-3.jpg,8,8,8,8,1,0.9999839,3.3196235e-07,2.079852e-08,1.2825313e-15,1.4985694e-05,1.624731e-09,1.7482272e-08,1.1853916e-12,6.7778143e-07,0.9999839
/home/leo/Documentos/mestrado/DeepWeeds-Mobile/images/20170727-150449-3.jpg,4,4,4,4,1,0.96207833,5.529753e-05,4.933211e-07,0.0053319125,0.027508622,0.96207833,2.7102767e-06,2.138302e-08,0.00052002835,0.0045025484
/home/leo/Documentos/mestrado/DeepWeeds-Mobile/images/20180112-083213-1.jpg,8,8,8,8,1,0.66597587,0.18414716,2.0198308e-05,0.0015334442,0.0055362713,3.5276127e-05,2.2489052e-08,1.3870915e-08,0.14275181,0.66597587
/home/leo/Documentos/mestrado/DeepWeeds-Mobile/images/20180112-101704-2.jpg,8,8,8,8,1,0.9961861,0.0027764738,1.1996801e-05,0.00024547562,6.308034e-05,1.0401713e-05,7.770188e-05,7.911812e-07,0.00062790775,0.9961861
/home/leo/Documentos/mestrado/DeepWeeds-Mobile/images/20180109-105101-1.jpg,8,8,8,8,1,0.9807037,0.0009715496,0.0010032348,0.00027536403,0.011729111,0.0049056862,0.00011243832,1.2367084e-06,0.00029768102,0.9807037
/home/leo/Documentos/mestrado/DeepWeeds-Mobile/images/20180112-100938-1.jpg,8,6,8,6,0,0.71893007,0.014683049,0.02174146,0.00037077523,0.002195249,0.00019861844,0.004550666,0.71893007,0.03224934,0.20508076
/home/leo/Documentos/mestrado/DeepWeeds-Mobile/images/20171220-091911-3.jpg,8,8,8,8,1,0.9947242,6.918411e-06,3.7203773e-07,1.1892475e-10,1.5784885e-06,1.9738238e-08,0.005265707,1.8812232e-09,1.2300129e-06,0.9947242
/home/leo/Documentos/mestrado/DeepWeeds-Mobile/images/20180105-092911-2.jpg,8,8,8,8,1,0.9755893,7.6780566e-07,2.259743e-06,0.0029348242,1.824229e-05,0.0002262255,1.1924862e-08,0.02122817,1.7327363e-07,0.9755893
/home/leo/Documentos/mestrado/DeepWeeds-Mobile/images/20171113-122545-3.jpg,6,6,6,6,1,0.91240513,0.000110035224,0.00032773113,0.00046555875,1.105687e-05,1.6643678e-05,5.1328846e-07,0.91240513,0.00010477249,0.08655857
/home/leo/Documentos/mestrado/DeepWeeds-Mobile/images/20170913-115951-2.jpg,5,5,5,5,1,0.9999217,3.0816113e-06,9.646011e-07,4.8043628e-08,2.7187958e-05,6.19102e-06,0.9999217,1.3976827e-06,1.604625e-05,2.3391374e-05
/home/leo/Documentos/mestrado/DeepWeeds-Mobile/images/20170410-123853-0.jpg,0,0,0,0,1,0.47180748,0.47180748,0.0009336082,1.75196e-05,1.3332724e-05,9.613747e-06,0.0024126472,0.0037309818,0.17789012,0.3431847
/home/leo/Documentos/mestrado/DeepWeeds-Mobile/images/20180112-074709-2.jpg,8,2,8,2,0,0.56240577,0.09824726,3.5948065e-05,0.56240577,0.02781239,0.0041821236,1.1738203e-05,1.7981574e-08,0.01506422,0.29224053
/home/leo/Documentos/mestrado/DeepWeeds-Mobile/images/20171217-185004-2.jpg,8,8,8,8,1,0.67646325,0.000391035,0.00204849,8.460019e-10,2.0413522e-07,3.575484e-08,0.32101297,2.6064797e-06,8.149616e-05,0.67646325
/home/leo/Documentos/mestrado/DeepWeeds-Mobile/images/20180119-111554-2.jpg,8,8,8,8,1,0.99146163,0.0011109791,0.0022793016,2.3095907e-05,0.0023836948,0.00023891134,5.1287734e-05,0.0012436775,0.0012074892,0.99146163
/home/leo/Documentos/mestrado/DeepWeeds-Mobile/images/20171102-123136-2.jpg,2,2,2,2,1,0.7808951,1.686035e-06,3.1869116e-05,0.7808951,0.0030913712,0.00072602974,5.143257e-06,1.1448196e-06,7.3106384e-07,0.21524696
/home/leo/Documentos/mestrado/DeepWeeds-Mobile/images/20180105-091514-2.jpg,8,8,8,8,1,0.983702,2.6028764e-07,4.252221e-06,0.0057683825,1.1204606e-05,0.00044046747,5.3388235e-06,0.010068113,8.5989264e-08,0.983702
/home/leo/Documentos/mestrado/DeepWeeds-Mobile/images/20170210-131638-0.jpg,7,7,7,7,1,0.999805,0.0001171942,5.104147e-05,4.3833942e-10,8.104903e-12,1.2330373e-10,1.9915117e-07,7.1805715e-07,0.999805,2.5799818e-05
/home/leo/Documentos/mestrado/DeepWeeds-Mobile/images/20180112-072301-1.jpg,8,8,8,8,1,0.89313823,0.000514531,0.004217243,0.08905615,0.0018265627,0.00870782,0.0016273587,0.00026949507,0.0006425789,0.89313823
/home/leo/Documentos/mestrado/DeepWeeds-Mobile/images/20170217-144905-0.jpg,7,8,7,8,0,0.76685655,0.05902336,0.0014543582,1.25740335e-05,0.014436977,0.00069324183,2.2387674e-05,3.348672e-05,0.15746704,0.76685655
/home/leo/Documentos/mestrado/DeepWeeds-Mobile/images/20171220-100207-2.jpg,8,8,8,8,1,0.99303424,0.0007725056,9.88766e-06,1.0945141e-09,0.0012663316,1.797775e-08,0.0042846147,0.00011015287,0.00052218774,0.99303424
/home/leo/Documentos/mestrado/DeepWeeds-Mobile/images/20170714-170337-1.jpg,1,1,1,1,1,0.96520096,0.0046251346,0.96520096,5.529342e-10,1.749525e-05,1.3658642e-07,0.00043961956,8.058596e-05,0.01948741,0.0101486035
/home/leo/Documentos/mestrado/DeepWeeds-Mobile/images/20180105-092501-2.jpg,8,8,8,8,1,0.63829637,1.9325154e-05,0.00010226887,0.007555069,0.0002485391,0.00018372531,1.3955612e-06,0.35357964,1.3623941e-05,0.63829637
/home/leo/Documentos/mestrado/DeepWeeds-Mobile/images/20170803-131744-1.jpg,0,0,0,0,1,0.7417453,0.7417453,0.03668727,0.0008197654,0.00092324626,0.02867079,0.041009214,0.03404187,0.097331814,0.018770773
/home/leo/Documentos/mestrado/DeepWeeds-Mobile/images/20170729-091143-1.jpg,4,4,4,4,1,0.7795247,0.0023039035,7.9372214e-05,0.11054619,0.0008126691,0.7795247,0.00013502003,9.6202464e-05,0.012809105,0.093692824
/home/leo/Documentos/mestrado/DeepWeeds-Mobile/images/20170811-130340-1.jpg,0,0,0,0,1,0.875416,0.875416,0.00061072165,0.00021012634,0.0002612794,3.7808084e-05,0.00045391583,1.482248e-06,0.11455008,0.008458598
/home/leo/Documentos/mestrado/DeepWeeds-Mobile/images/20170913-121313-2.jpg,5,5,5,5,1,0.93309903,0.0005421336,2.9514588e-06,0.005982978,0.0019009403,0.057266224,0.93309903,7.80439e-07,0.00024379801,0.00096114166
/home/leo/Documentos/mestrado/DeepWeeds-Mobile/images/20170714-121635-3.jpg,1,1,1,1,1,0.9357874,0.005120574,0.9357874,6.8098184e-06,6.020081e-05,2.1998449e-05,6.1953426e-05,0.025935968,0.0309019,0.0021032437
/home/leo/Documentos/mestrado/DeepWeeds-Mobile/images/20170217-103649-0.jpg,0,8,0,8,0,0.9268864,0.029677091,0.0050442666,0.0022373255,0.0122566335,0.00014144236,0.0032955469,0.00040273243,0.020058623,0.9268864
/home/leo/Documentos/mestrado/DeepWeeds-Mobile/images/20170129-102514-0.jpg,8,8,8,8,1,0.47499186,0.08252718,0.006080391,3.1151674e-05,0.015044089,0.0005292823,0.00010962441,1.992118e-05,0.4206665,0.47499186
/home/leo/Documentos/mestrado/DeepWeeds-Mobile/images/20180105-100801-3.jpg,8,8,8,8,1,0.94764924,0.0023787504,0.0015796035,0.008128928,0.003591434,0.0026098704,1.2538475e-05,0.028504929,0.005544565,0.94764924
/home/leo/Documentos/mestrado/DeepWeeds-Mobile/images/20171219-113852-2.jpg,8,8,8,8,1,0.9585785,1.3763162e-06,2.0743139e-08,0.0060472786,0.00022019619,0.034869,4.067327e-07,0.00028309552,2.8945137e-09,0.9585785
/home/leo/Documentos/mestrado/DeepWeeds-Mobile/images/20170707-112442-0.jpg,0,0,0,0,1,0.65939105,0.65939105,0.00093148573,0.0071114334,0.000532957,0.00044834608,4.1213294e-05,0.012379847,0.13333654,0.1858271
/home/leo/Documentos/mestrado/DeepWeeds-Mobile/images/20170207-153903-0.jpg,0,0,0,0,1,0.8298606,0.8298606,0.002288966,1.3120055e-06,2.2718705e-06,4.8851695e-07,0.018203242,0.0022954785,0.104355685,0.04299191
/home/leo/Documentos/mestrado/DeepWeeds-Mobile/images/20180109-102754-2.jpg,8,8,8,8,1,0.99895895,7.634051e-05,0.00010415839,4.2434007e-05,0.00068642345,3.5385408e-06,7.6740296e-05,4.795837e-05,3.4643851e-06,0.99895895
/home/leo/Documentos/mestrado/DeepWeeds-Mobile/images/20180109-072753-1.jpg,8,8,8,8,1,0.64486516,2.4900675e-09,7.0626066e-07,1.1613826e-08,1.8028075e-07,2.4850017e-08,3.8522514e-09,0.35513398,3.5931187e-09,0.64486516
/home/leo/Documentos/mestrado/DeepWeeds-Mobile/images/20171218-105516-3.jpg,8,8,8,8,1,0.99969596,1.2511312e-05,6.471508e-05,2.4246496e-13,3.776628e-08,1.4459328e-11,7.8314515e-05,4.1629802e-10,0.0001484457,0.99969596
/home/leo/Documentos/mestrado/DeepWeeds-Mobile/images/20171102-104540-2.jpg,2,8,2,8,0,0.8313095,0.00059800537,0.0016706932,0.0048176274,0.108849764,0.05092622,6.4147057e-06,0.0001478223,0.0016739722,0.8313095
/home/leo/Documentos/mestrado/DeepWeeds-Mobile/images/20171205-141130-2.jpg,8,8,8,8,1,0.99105483,4.6213386e-06,6.5483226e-07,1.8707211e-11,1.8771443e-05,1.3848328e-10,0.008920475,9.0126164e-08,5.349521e-07,0.99105483
/home/leo/Documentos/mestrado/DeepWeeds-Mobile/images/20171109-095442-3.jpg,5,5,5,5,1,0.99959457,5.67519e-07,1.8208672e-07,3.71337e-08,3.2461778e-10,2.7830438e-11,0.99959457,9.693627e-06,0.00034560368,4.923046e-05
/home/leo/Documentos/mestrado/DeepWeeds-Mobile/images/20171025-094328-3.jpg,3,3,3,3,1,0.7681784,0.005863434,0.00037671768,0.0006150349,0.7681784,0.023560287,2.8496152e-07,3.759335e-06,0.014235409,0.18716657
/home/leo/Documentos/mestrado/DeepWeeds-Mobile/images/20180322-130542-1.jpg,8,8,8,8,1,0.92930686,0.009800704,0.043461848,2.6765642e-07,0.0032095928,0.0025969006,0.0005771912,1.1772693e-06,0.011045394,0.92930686
/home/leo/Documentos/mestrado/DeepWeeds-Mobile/images/20180105-095234-2.jpg,8,6,8,6,0,0.9428594,1.444442e-06,0.00025049216,5.239397e-10,8.365133e-05,2.1116959e-08,4.4389145e-07,0.9428594,4.2388892e-06,0.05680018
/home/leo/Documentos/mestrado/DeepWeeds-Mobile/images/20180322-112907-1.jpg,8,8,8,8,1,0.998412,0.00016888781,2.6893003e-06,0.0010064321,0.00015296263,0.00021439316,3.0547282e-05,9.802018e-06,2.38272e-06,0.998412
/home/leo/Documentos/mestrado/DeepWeeds-Mobile/images/20171212-100721-1.jpg,8,8,8,8,1,0.99107903,1.0692816e-05,9.449345e-06,9.768629e-12,0.008842228,2.1930569e-07,5.1666734e-07,5.079441e-09,5.778741e-05,0.99107903
/home/leo/Documentos/mestrado/DeepWeeds-Mobile/images/20171025-081628-1.jpg,3,3,3,3,1,0.61175585,0.005755956,0.00015028947,0.0002775682,0.61175585,0.053924613,8.052355e-08,1.5768018e-07,0.0056568673,0.32247862
/home/leo/Documentos/mestrado/DeepWeeds-Mobile/images/20171113-144318-3.jpg,6,6,6,6,1,0.94981384,0.004294596,0.03688457,1.3578097e-07,3.8654007e-06,3.547592e-08,0.0030398634,0.94981384,0.0031524743,0.0028105134
/home/leo/Documentos/mestrado/DeepWeeds-Mobile/images/20170811-114001-1.jpg,0,7,0,7,0,0.47011143,0.3219453,0.009854362,0.0019130233,0.001866051,0.0007537228,0.0026683314,0.007896405,0.47011143,0.18299133
/home/leo/Documentos/mestrado/DeepWeeds-Mobile/images/20180322-113928-2.jpg,8,8,8,8,1,0.99815696,3.3172142e-05,0.0004394819,1.2049034e-07,0.001130234,5.4054976e-06,8.060396e-05,2.5662992e-05,0.0001283146,0.99815696
/home/leo/Documentos/mestrado/DeepWeeds-Mobile/images/20180105-095605-2.jpg,8,8,8,8,1,0.95944834,1.01841565e-07,1.266988e-07,0.00010939596,1.907703e-06,5.5459273e-05,4.562088e-08,0.04038465,1.5264998e-08,0.95944834
/home/leo/Documentos/mestrado/DeepWeeds-Mobile/images/20180112-094522-1.jpg,8,8,8,8,1,0.8683938,0.027671663,0.0005088701,0.0055775405,0.0001809722,0.003904505,0.00017955668,0.09171095,0.0018722642,0.8683938
/home/leo/Documentos/mestrado/DeepWeeds-Mobile/images/20171220-084337-3.jpg,8,8,8,8,1,0.99995923,9.122666e-06,5.0759834e-08,5.28821e-13,1.0033698e-05,2.9758436e-08,1.2666752e-07,2.2271952e-10,2.1416146e-05,0.99995923
/home/leo/Documentos/mestrado/DeepWeeds-Mobile/images/20170913-101930-2.jpg,3,3,3,3,1,0.98181057,2.1459216e-06,1.3148396e-07,9.591199e-05,0.98181057,0.0008702889,0.01309675,6.643081e-06,1.2268722e-06,0.0041163876
/home/leo/Documentos/mestrado/DeepWeeds-Mobile/images/20180109-090033-2.jpg,8,8,8,8,1,0.7885917,0.005614138,0.00798076,0.000431146,0.19311388,0.0012436198,2.7137738e-05,1.3355313e-05,0.0029842292,0.7885917
/home/leo/Documentos/mestrado/DeepWeeds-Mobile/images/20171121-073753-1.jpg,6,6,6,6,1,0.9677715,1.0949633e-05,0.00023628157,5.003519e-07,1.9106936e-07,1.0911522e-07,2.300337e-06,0.9677715,5.062791e-06,0.03197315
/home/leo/Documentos/mestrado/DeepWeeds-Mobile/images/20180119-113840-1.jpg,8,7,8,7,0,0.5200099,0.0022610817,0.0054378896,4.258667e-05,0.035996936,0.00024989576,0.00039063685,0.0025837836,0.5200099,0.4330274
/home/leo/Documentos/mestrado/DeepWeeds-Mobile/images/20171113-145257-3.jpg,6,6,6,6,1,0.9938659,1.0303097e-06,0.00012768318,9.545694e-06,7.241955e-07,5.085972e-07,2.853897e-07,0.9938659,4.4673084e-06,0.005989775
/home/leo/Documentos/mestrado/DeepWeeds-Mobile/images/20170727-144335-1.jpg,4,4,4,4,1,0.95653486,0.009809986,5.960413e-05,0.0026502728,0.009426675,0.95653486,3.7553404e-05,1.6768681e-06,0.0022837878,0.019195568
/home/leo/Documentos/mestrado/DeepWeeds-Mobile/images/20170811-110649-1.jpg,0,0,0,0,1,0.9998231,0.9998231,4.7970593e-06,7.780749e-09,7.0701267e-10,2.0280794e-07,1.4718206e-05,4.933739e-10,5.7632078e-05,9.951361e-05
/home/leo/Documentos/mestrado/DeepWeeds-Mobile/images/20170728-152242-1.jpg,4,4,4,4,1,0.9914978,6.337514e-06,4.9219705e-07,0.0027328227,0.00104756,0.9914978,4.666194e-06,9.667887e-06,1.1421224e-06,0.004699548
/home/leo/Documentos/mestrado/DeepWeeds-Mobile/images/20171203-082801-3.jpg,8,8,8,8,1,0.9673456,0.00034116933,4.3708464e-05,0.022744782,0.0018357841,0.0073176827,2.0741313e-06,0.00024423184,0.00012493384,0.9673456
/home/leo/Documentos/mestrado/DeepWeeds-Mobile/images/20171121-073705-1.jpg,6,6,6,6,1,0.97121507,7.475651e-07,0.015243226,4.4432753e-08,6.2508507e-06,8.697972e-07,1.398516e-06,0.97121507,4.0922034e-05,0.013491498
/home/leo/Documentos/mestrado/DeepWeeds-Mobile/images/20170811-115130-2.jpg,0,0,0,0,1,0.9663634,0.9663634,0.00025481658,2.2631799e-08,6.800465e-07,5.0446243e-07,1.7684924e-05,4.150557e-05,0.0065650158,0.026756445
/home/leo/Documentos/mestrado/DeepWeeds-Mobile/images/20180125-101053-2.jpg,8,8,8,8,1,0.9494969,3.963319e-05,0.00021288551,0.00029756123,0.01640132,0.00023521706,0.011361293,0.021539003,0.00041606298,0.9494969
/home/leo/Documentos/mestrado/DeepWeeds-Mobile/images/20171219-110403-2.jpg,8,8,8,8,1,0.99995816,2.533716e-05,7.047536e-09,1.2615569e-13,4.44076e-06,1.6664654e-10,1.7940121e-06,5.16886e-12,1.0182126e-05,0.99995816
/home/leo/Documentos/mestrado/DeepWeeds-Mobile/images/20180109-072821-2.jpg,8,6,8,6,0,0.84791553,0.00022483504,0.00018566985,0.0004687459,6.0378577e-05,1.2869349e-05,1.0748884e-06,0.84791553,8.411573e-05,0.15104683
/home/leo/Documentos/mestrado/DeepWeeds-Mobile/images/20170714-142346-2.jpg,1,8,1,8,0,0.47928616,0.0008908529,0.46823126,1.5490994e-09,0.0050720265,3.670166e-07,0.002229265,0.00055710424,0.04373295,0.47928616
/home/leo/Documentos/mestrado/DeepWeeds-Mobile/images/20170913-122821-3.jpg,3,7,3,7,0,0.584357,0.08501645,0.0032958835,2.28254e-07,0.00032259087,0.000985324,5.913399e-05,9.096073e-09,0.584357,0.32596338
/home/leo/Documentos/mestrado/DeepWeeds-Mobile/images/20180109-095820-2.jpg,8,8,8,8,1,0.9902239,1.0074638e-06,3.8032224e-05,0.009475931,0.00019623604,6.1975545e-05,2.22242e-06,5.170463e-07,1.3663073e-07,0.9902239
/home/leo/Documentos/mestrado/DeepWeeds-Mobile/images/20170811-123049-2.jpg,0,0,0,0,1,0.88969654,0.88969654,0.0070306184,1.1061975e-05,0.00014599894,0.010598251,0.0014485924,0.00014990942,0.08733625,0.0035826792
/home/leo/Documentos/mestrado/DeepWeeds-Mobile/images/20170501-144349-0.jpg,1,8,1,8,0,0.67679644,0.0005956354,0.31157064,1.6975815e-07,3.1562657e-05,3.3228824e-07,2.174347e-06,0.00018576853,0.010817281,0.67679644
/home/leo/Documentos/mestrado/DeepWeeds-Mobile/images/20170728-124340-2.jpg,4,4,4,4,1,0.97246087,0.0009555754,1.5362326e-05,0.0001708761,0.0008614338,0.97246087,1.0438255e-08,1.1449113e-06,0.015390416,0.010144311
/home/leo/Documentos/mestrado/DeepWeeds-Mobile/images/20171025-075304-2.jpg,3,3,3,3,1,0.74564666,0.099234484,0.0010375114,2.3261535e-05,0.74564666,0.00022362306,4.757567e-06,2.883738e-07,0.06454986,0.089279495
/home/leo/Documentos/mestrado/DeepWeeds-Mobile/images/20170727-162821-1.jpg,4,4,4,4,1,0.98413765,0.00034336414,2.0234002e-06,0.000113415146,0.0018455071,0.98413765,1.1450338e-07,1.6126018e-09,0.0019829466,0.0115749985
/home/leo/Documentos/mestrado/DeepWeeds-Mobile/images/20170728-122548-2.jpg,4,4,4,4,1,0.9994762,1.6353158e-06,2.4667806e-09,2.0508826e-07,9.12769e-06,0.9994762,1.195171e-09,1.7363168e-11,2.7520648e-06,0.000510017
/home/leo/Documentos/mestrado/DeepWeeds-Mobile/images/20180105-100038-2.jpg,8,8,8,8,1,0.9815421,5.0603187e-05,7.2377507e-06,0.009528805,0.00038769937,0.008000874,3.3793786e-08,0.0003641967,0.00011861254,0.9815421
/home/leo/Documentos/mestrado/DeepWeeds-Mobile/images/20170704-151510-0.jpg,0,0,0,0,1,0.7224871,0.7224871,0.045616865,4.4554537e-05,5.4636028e-05,4.9782334e-06,0.00022545285,0.009336259,0.14939389,0.07283632
/home/leo/Documentos/mestrado/DeepWeeds-Mobile/images/20180322-111748-1.jpg,8,8,8,8,1,0.99276286,0.0041427966,3.8197584e-05,4.2226908e-05,0.0016248857,8.461203e-05,1.8583236e-05,4.7272386e-10,0.0012857809,0.99276286
/home/leo/Documentos/mestrado/DeepWeeds-Mobile/images/20170920-162842-3.jpg,2,2,2,2,1,0.9988003,2.27845e-07,8.1262336e-08,0.9988003,9.222176e-06,0.00011483419,5.1208883e-07,3.6377512e-06,1.5842154e-07,0.0010709892
/home/leo/Documentos/mestrado/DeepWeeds-Mobile/images/20171217-184732-2.jpg,8,1,8,1,0,0.4151146,0.00975651,0.4151146,1.333902e-07,8.663367e-06,7.0933356e-07,0.18437389,0.036069058,0.019230964,0.3354455
/home/leo/Documentos/mestrado/DeepWeeds-Mobile/images/20180105-095551-2.jpg,8,8,8,8,1,0.9984326,4.579362e-08,1.7409756e-07,1.6605482e-06,2.3842247e-05,1.1475607e-05,9.207902e-10,0.001530024,2.307593e-07,0.9984326
/home/leo/Documentos/mestrado/DeepWeeds-Mobile/images/20171102-094113-1.jpg,4,8,4,8,0,0.91630757,0.011312422,0.014532524,0.00057227234,0.016517116,0.016844017,9.593277e-06,1.3249673e-05,0.023891203,0.91630757
/home/leo/Documentos/mestrado/DeepWeeds-Mobile/images/20180125-091225-1.jpg,8,8,8,8,1,0.99723,4.9384587e-05,0.00014475278,4.9724017e-06,0.000658855,0.0016318362,8.143369e-07,1.8114909e-07,0.00027926877,0.99723
/home/leo/Documentos/mestrado/DeepWeeds-Mobile/images/20180322-113127-2.jpg,8,8,8,8,1,0.998173,0.0011205178,2.4967274e-05,1.418576e-06,0.00037886857,0.00019542698,1.8605956e-06,3.634021e-06,0.000100325575,0.998173
/home/leo/Documentos/mestrado/DeepWeeds-Mobile/images/20180109-103602-1.jpg,8,8,8,8,1,0.8327492,0.12314437,0.0004810336,0.0072767995,0.03179462,0.00027101865,1.0505367e-05,2.1377671e-05,0.004251239,0.8327492
/home/leo/Documentos/mestrado/DeepWeeds-Mobile/images/20171220-095223-2.jpg,8,8,8,8,1,0.9769255,0.002218817,0.00040364984,3.2340955e-07,0.00055061746,7.614411e-06,0.0006596955,0.015757194,0.003476684,0.9769255
/home/leo/Documentos/mestrado/DeepWeeds-Mobile/images/20180112-072608-2.jpg,8,7,8,7,0,0.3723096,0.32122624,0.049885638,0.00040953426,0.008071976,0.00062089774,1.7361059e-05,0.0015179224,0.3723096,0.24594085
/home/leo/Documentos/mestrado/DeepWeeds-Mobile/images/20170913-101521-2.jpg,3,8,3,8,0,0.74667543,3.1101546e-05,1.4117013e-05,0.21373051,0.029731784,0.0024614912,0.007121365,0.00018520867,4.90508e-05,0.74667543
/home/leo/Documentos/mestrado/DeepWeeds-Mobile/images/20180109-095010-1.jpg,8,8,8,8,1,0.9858261,0.0018762434,0.0007185332,5.7227433e-05,0.0021079688,0.006419179,5.7505267e-06,1.6991936e-07,0.0029890002,0.9858261
/home/leo/Documentos/mestrado/DeepWeeds-Mobile/images/20170728-121334-2.jpg,4,4,4,4,1,0.9563981,1.9758894e-05,7.190981e-07,0.00015150991,0.00023561239,0.9563981,3.4524064e-09,7.0173985e-07,3.418468e-05,0.04315941
/home/leo/Documentos/mestrado/DeepWeeds-Mobile/images/20170727-154853-1.jpg,4,4,4,4,1,0.8349855,0.009232531,7.663719e-05,0.030223282,0.00978529,0.8349855,3.399182e-05,4.827826e-05,0.013506075,0.10210839
/home/leo/Documentos/mestrado/DeepWeeds-Mobile/images/20171220-082729-2.jpg,8,8,8,8,1,0.9749756,0.018815193,1.5611007e-05,8.484089e-09,1.2163349e-05,1.4904234e-06,0.0051811235,8.4687053e-07,0.0009979964,0.9749756
/home/leo/Documentos/mestrado/DeepWeeds-Mobile/images/20171113-132446-1.jpg,6,6,6,6,1,0.99978113,8.646724e-09,0.0002159459,7.4887015e-12,1.1183866e-08,3.1505947e-11,1.0858513e-10,0.99978113,4.797397e-08,2.8198408e-06
/home/leo/Documentos/mestrado/DeepWeeds-Mobile/images/20180112-081728-2.jpg,8,8,8,8,1,0.9641248,0.0004811305,0.00019698947,0.026364468,0.0049649696,0.0033083796,2.0449409e-06,0.00019719076,0.00036015201,0.9641248
/home/leo/Documentos/mestrado/DeepWeeds-Mobile/images/20180112-103331-2.jpg,8,8,8,8,1,0.96732,0.0008386435,0.008764665,0.0055320156,5.465165e-05,0.0001324085,0.00010117404,0.0060112975,0.01124503,0.96732
/home/leo/Documentos/mestrado/DeepWeeds-Mobile/images/20171102-092924-3.jpg,4,8,4,8,0,0.83369476,6.623273e-05,0.017139845,0.0038028401,0.12319837,0.017171284,1.5672869e-06,0.0042488896,0.00067630975,0.83369476
/home/leo/Documentos/mestrado/DeepWeeds-Mobile/images/20170210-134316-0.jpg,0,0,0,0,1,0.9901918,0.9901918,8.492111e-08,5.3250864e-07,7.55981e-09,2.1307567e-09,2.5362653e-05,1.8384623e-07,0.00844769,0.0013342855
/home/leo/Documentos/mestrado/DeepWeeds-Mobile/images/20180119-111328-2.jpg,8,8,8,8,1,0.99819344,0.00010618389,0.0012160252,1.2898309e-07,0.00015801011,3.1520167e-06,0.00024938217,1.600311e-05,5.7734367e-05,0.99819344
/home/leo/Documentos/mestrado/DeepWeeds-Mobile/images/20171220-100753-2.jpg,8,8,8,8,1,0.9928677,0.004315135,8.045679e-05,4.567941e-11,3.023435e-07,5.3928345e-10,0.0011484928,1.978466e-08,0.0015879475,0.9928677
/home/leo/Documentos/mestrado/DeepWeeds-Mobile/images/20171205-143340-2.jpg,8,8,8,8,1,0.94188416,4.233796e-05,5.9285567e-06,1.1581614e-08,0.0016794656,2.2645004e-07,0.056336466,1.5739095e-05,3.5636058e-05,0.94188416
/home/leo/Documentos/mestrado/DeepWeeds-Mobile/images/20170811-110836-2.jpg,0,0,0,0,1,0.949174,0.949174,1.977572e-05,6.2892645e-06,7.617699e-08,2.730253e-06,0.04803277,3.8935277e-06,0.0009774673,0.0017830038
/home/leo/Documentos/mestrado/DeepWeeds-Mobile/images/20170811-113555-1.jpg,0,0,0,0,1,0.9981147,0.9981147,7.0792953e-06,2.0445955e-07,3.89016e-09,4.766172e-08,7.3222014e-05,2.204216e-08,0.0007931018,0.0010116547
/home/leo/Documentos/mestrado/DeepWeeds-Mobile/images/20170627-105220-0.jpg,7,7,7,7,1,0.55240875,0.0067208875,0.009394217,3.745522e-08,5.9358154e-08,1.3995417e-10,0.3746387,0.0115051,0.55240875,0.045332182
/home/leo/Documentos/mestrado/DeepWeeds-Mobile/images/20171212-093539-1.jpg,8,8,8,8,1,0.9713011,1.4615988e-05,1.2506554e-06,3.1057383e-12,0.028655294,4.066429e-09,1.3876862e-05,4.303008e-09,1.39068425e-05,0.9713011
/home/leo/Documentos/mestrado/DeepWeeds-Mobile/images/20170906-091826-1.jpg,3,3,3,3,1,0.7591609,0.07266406,0.00015066503,0.00042572984,0.7591609,0.0082730865,8.643461e-07,6.364272e-08,0.040745236,0.11857942
/home/leo/Documentos/mestrado/DeepWeeds-Mobile/images/20180109-072752-2.jpg,8,6,8,6,0,0.55652314,0.0033455377,0.01744173,0.001372583,0.00050097203,0.00095462136,0.00043968312,0.55652314,0.004635674,0.41478607
/home/leo/Documentos/mestrado/DeepWeeds-Mobile/images/20170718-132405-2.jpg,7,7,7,7,1,0.5843742,0.018329697,0.113857605,0.00010132452,0.006842547,0.0036021855,0.00012995432,3.499225e-05,0.5843742,0.27272746
/home/leo/Documentos/mestrado/DeepWeeds-Mobile/images/20171212-094611-1.jpg,8,8,8,8,1,0.99903566,1.08818114e-07,1.1886915e-07,1.4987114e-16,1.943861e-07,3.146462e-15,0.0009638637,1.4837324e-10,1.07300115e-08,0.99903566
/home/leo/Documentos/mestrado/DeepWeeds-Mobile/images/20180112-081306-1.jpg,8,8,8,8,1,0.7043967,0.003031403,0.00023647731,0.015897078,0.009925612,0.2625123,2.1581523e-06,8.057641e-08,0.003998189,0.7043967
/home/leo/Documentos/mestrado/DeepWeeds-Mobile/images/20180112-072726-2.jpg,8,8,8,8,1,0.6178033,0.10652021,3.866707e-05,0.027021317,0.0950149,0.0057620583,3.6442012e-05,7.7953615e-08,0.14780308,0.6178033
/home/leo/Documentos/mestrado/DeepWeeds-Mobile/images/20171109-091409-3.jpg,5,5,5,5,1,0.9985794,9.5168673e-07,2.9170351e-07,1.9105102e-12,1.0059184e-07,1.5909253e-13,0.9985794,6.674327e-05,1.909636e-08,0.0013526189
/home/leo/Documentos/mestrado/DeepWeeds-Mobile/images/20170217-112402-0.jpg,0,0,0,0,1,0.99969417,0.99969417,1.7546581e-08,5.58655e-13,3.3917944e-14,2.029246e-14,2.1554605e-08,4.683095e-09,0.0003036465,2.1480998e-06
/home/leo/Documentos/mestrado/DeepWeeds-Mobile/images/20170715-162547-1.jpg,1,1,1,1,1,0.9853301,4.800805e-07,0.9853301,1.7919401e-12,3.1439214e-08,1.1044693e-11,1.264398e-07,0.014216967,2.6208718e-06,0.00044957618
/home/leo/Documentos/mestrado/DeepWeeds-Mobile/images/20180125-095236-1.jpg,8,8,8,8,1,0.99631196,1.6620534e-05,0.00024300952,0.00076509855,4.949408e-05,2.8410488e-05,0.00022408896,0.002263585,9.781247e-05,0.99631196
/home/leo/Documentos/mestrado/DeepWeeds-Mobile/images/20180125-135436-3.jpg,8,8,8,8,1,0.9823628,0.00035190632,0.0065367236,0.0025110727,0.00091589947,0.0060825683,4.302526e-05,4.9234044e-05,0.0011468807,0.9823628
/home/leo/Documentos/mestrado/DeepWeeds-Mobile/images/20171212-101811-3.jpg,8,8,8,8,1,0.84074837,0.048889656,0.0647405,3.635156e-08,0.00027751402,1.104864e-05,8.728824e-06,1.11542235e-07,0.04532408,0.84074837
/home/leo/Documentos/mestrado/DeepWeeds-Mobile/images/20171219-114445-3.jpg,8,8,8,8,1,0.9394284,0.00401151,0.00569691,0.00057699345,0.0042997696,0.0020799397,5.362122e-05,0.000107007516,0.04374572,0.9394284
/home/leo/Documentos/mestrado/DeepWeeds-Mobile/images/20180109-104941-2.jpg,8,8,8,8,1,0.9598645,0.0004045576,2.5017576e-05,0.017486475,0.022023942,0.00014405575,1.0127205e-05,4.9400626e-09,4.1293413e-05,0.9598645
/home/leo/Documentos/mestrado/DeepWeeds-Mobile/images/20170304-125003-0.jpg,0,0,0,0,1,0.8206419,0.8206419,0.005243114,6.4903004e-05,1.3432097e-05,2.11352e-05,0.008171965,8.099912e-05,0.087745324,0.078017294
/home/leo/Documentos/mestrado/DeepWeeds-Mobile/images/20180112-070741-2.jpg,8,8,8,8,1,0.66026133,0.0076263873,0.003998738,0.0010066817,0.0022749163,0.3102054,4.657957e-05,1.9596487e-06,0.014577981,0.66026133
/home/leo/Documentos/mestrado/DeepWeeds-Mobile/images/20180119-104336-1.jpg,8,8,8,8,1,0.794563,0.017496374,0.0059753587,0.0064655016,0.004089315,0.0011298349,7.71693e-05,0.11504651,0.055157054,0.794563
/home/leo/Documentos/mestrado/DeepWeeds-Mobile/images/20170210-141801-0.jpg,7,7,7,7,1,0.7223467,0.0046978854,6.476012e-05,1.5595978e-06,1.1350671e-05,1.466408e-06,0.015646165,0.21347906,0.7223467,0.04375108
/home/leo/Documentos/mestrado/DeepWeeds-Mobile/images/20180109-092343-1.jpg,8,8,8,8,1,0.9989084,0.00012071078,0.00037736172,4.5685927e-05,5.3173084e-05,2.9320177e-06,4.701395e-05,0.00031946873,0.00012523956,0.9989084
/home/leo/Documentos/mestrado/DeepWeeds-Mobile/images/20171212-093108-3.jpg,8,8,8,8,1,0.9994798,3.8542157e-07,1.623757e-09,5.0580867e-13,1.7182498e-05,6.1563016e-12,0.00050259946,2.6692163e-08,1.656365e-08,0.9994798
/home/leo/Documentos/mestrado/DeepWeeds-Mobile/images/20170711-120751-0.jpg,0,8,0,8,0,0.8063757,0.004108176,0.00073192164,0.14114207,0.028126169,0.004374885,0.0022360468,0.012520457,0.0003845224,0.8063757
/home/leo/Documentos/mestrado/DeepWeeds-Mobile/images/20171219-104736-2.jpg,8,8,8,8,1,0.9962811,0.00018133911,1.5847933e-06,2.8074137e-08,0.0035102668,2.731363e-06,1.32349605e-05,3.4797588e-07,9.415499e-06,0.9962811
/home/leo/Documentos/mestrado/DeepWeeds-Mobile/images/20171102-100226-1.jpg,4,8,4,8,0,0.40386522,0.0047395844,0.05726516,0.0056680706,0.23987018,0.059445333,1.8747045e-05,0.009945203,0.21918249,0.40386522
/home/leo/Documentos/mestrado/DeepWeeds-Mobile/images/20171121-083301-2.jpg,6,6,6,6,1,0.91500866,8.993208e-08,0.00015917707,1.998062e-07,0.0004007161,8.7808985e-07,4.5965368e-10,0.91500866,6.43881e-07,0.084429584
/home/leo/Documentos/mestrado/DeepWeeds-Mobile/images/20180109-090906-2.jpg,8,8,8,8,1,0.9998709,7.0620124e-05,6.026404e-08,1.0146207e-05,1.7921053e-05,8.5014085e-09,1.4102467e-06,2.1304478e-09,2.8982717e-05,0.9998709
/home/leo/Documentos/mestrado/DeepWeeds-Mobile/images/20180112-081915-1.jpg,8,3,8,3,0,0.49431413,0.04584436,0.00018264697,0.0013286595,0.49431413,0.0033201352,4.2759817e-07,3.056543e-08,0.009534955,0.44547454
/home/leo/Documentos/mestrado/DeepWeeds-Mobile/images/20171025-090834-3.jpg,3,3,3,3,1,0.9355986,0.00046802463,0.0049941004,1.6433323e-05,0.9355986,0.015729817,9.980997e-07,2.9466385e-06,0.0011559497,0.042033143
/home/leo/Documentos/mestrado/DeepWeeds-Mobile/images/20180112-080356-2.jpg,8,8,8,8,1,0.9888953,0.0026227955,0.000267401,0.0013237492,0.0014923287,0.00049145933,6.96224e-07,2.28297e-06,0.0049040355,0.9888953
/home/leo/Documentos/mestrado/DeepWeeds-Mobile/images/20171025-100327-2.jpg,3,8,3,8,0,0.81071717,0.023590272,0.0067595043,0.00038521216,0.03695232,0.0755436,1.3454409e-05,2.1265869e-06,0.046036314,0.81071717
/home/leo/Documentos/mestrado/DeepWeeds-Mobile/images/20170913-100659-3.jpg,5,5,5,5,1,0.99966025,6.8891444e-05,2.0417915e-06,3.6661844e-05,2.4632584e-06,8.4654246e-05,0.99966025,1.2545383e-05,4.541053e-05,8.70676e-05
/home/leo/Documentos/mestrado/DeepWeeds-Mobile/images/20180109-091652-2.jpg,8,8,8,8,1,0.9980392,0.0008984035,1.2067039e-06,0.00031547746,6.133074e-05,0.0001593416,6.288823e-05,2.32844e-06,0.0004599727,0.9980392
/home/leo/Documentos/mestrado/DeepWeeds-Mobile/images/20180112-071635-2.jpg,8,8,8,8,1,0.7882584,0.021628626,0.002015564,7.08564e-05,0.09069947,0.0044417935,1.3751277e-07,7.3388105e-07,0.09288438,0.7882584
/home/leo/Documentos/mestrado/DeepWeeds-Mobile/images/20180112-093114-2.jpg,8,8,8,8,1,0.9999975,1.0578815e-07,2.8383315e-07,5.11361e-08,1.6881948e-08,4.5044533e-09,6.7342546e-07,4.6830525e-08,1.3162731e-06,0.9999975
/home/leo/Documentos/mestrado/DeepWeeds-Mobile/images/20171113-091915-1.jpg,5,8,5,8,0,0.59753156,0.029797943,0.08786803,2.8573124e-06,0.0068551837,2.9466037e-05,0.10930006,6.47361e-05,0.16855015,0.59753156
/home/leo/Documentos/mestrado/DeepWeeds-Mobile/images/20180119-115523-2.jpg,8,5,8,5,0,0.5256301,0.061846007,0.0002257206,1.2661802e-07,1.0250509e-08,4.996547e-09,0.5256301,3.9358638e-05,5.3852524e-05,0.41220483
/home/leo/Documentos/mestrado/DeepWeeds-Mobile/images/20170913-102318-2.jpg,3,3,3,3,1,0.9963528,6.571178e-07,2.4198857e-07,5.6401565e-05,0.9963528,0.00014354239,0.00018215555,3.0094707e-06,1.1734686e-06,0.0032599387
/home/leo/Documentos/mestrado/DeepWeeds-Mobile/images/20180109-104917-1.jpg,8,8,8,8,1,0.99308515,0.0005253252,0.00017831229,0.0036588807,0.0011109129,0.0011985155,3.2118238e-05,3.4326695e-06,0.00020733387,0.99308515
/home/leo/Documentos/mestrado/DeepWeeds-Mobile/images/20170315-085604-0.jpg,8,8,8,8,1,0.9276387,0.0068020606,0.0053978083,0.0037716608,0.006306252,0.008819503,0.007710811,0.007069733,0.026483502,0.9276387
/home/leo/Documentos/mestrado/DeepWeeds-Mobile/images/20170610-120945-0.jpg,1,3,1,3,0,0.3037255,1.8082375e-05,0.17214501,4.1736645e-09,0.3037255,1.4158431e-06,9.087864e-06,0.248294,0.0019376288,0.27386937
/home/leo/Documentos/mestrado/DeepWeeds-Mobile/images/20180109-092441-1.jpg,8,8,8,8,1,0.93377304,0.0013779005,0.014674643,0.00018175854,0.0014277825,0.0009478312,2.4565266e-05,0.044439744,0.003152724,0.93377304
/home/leo/Documentos/mestrado/DeepWeeds-Mobile/images/20170727-144841-3.jpg,4,4,4,4,1,0.9980033,1.8526e-05,4.042944e-07,8.43971e-06,0.00081175903,0.9980033,4.4920245e-09,4.047382e-10,0.00024345455,0.0009140998
/home/leo/Documentos/mestrado/DeepWeeds-Mobile/images/20180109-074701-2.jpg,8,8,8,8,1,0.9995891,0.00013405913,9.305308e-06,6.508689e-10,1.7195869e-07,1.6813432e-08,2.8954548e-05,2.6936998e-05,0.00021139676,0.9995891
/home/leo/Documentos/mestrado/DeepWeeds-Mobile/images/20171218-121154-2.jpg,8,8,8,8,1,0.99996006,6.739955e-06,6.316413e-07,9.0518815e-11,2.8389673e-05,4.1116462e-07,6.4885235e-08,2.4729493e-10,3.6974907e-06,0.99996006
/home/leo/Documentos/mestrado/DeepWeeds-Mobile/images/20180109-070530-1.jpg,8,8,8,8,1,0.43188813,0.09388775,0.16020389,0.00093370513,0.011226201,0.0014918282,0.044912994,0.16122723,0.09422824,0.43188813
/home/leo/Documentos/mestrado/DeepWeeds-Mobile/images/20170714-115307-3.jpg,1,1,1,1,1,0.9302077,0.00077203795,0.9302077,4.2143192e-08,2.2060963e-06,2.4015318e-07,0.0012262961,0.006498137,0.05481291,0.006480428
/home/leo/Documentos/mestrado/DeepWeeds-Mobile/images/20180109-070336-2.jpg,8,6,8,6,0,0.95478237,3.119745e-05,3.3866032e-05,0.00033387428,5.7249904e-06,0.0003100731,5.1331845e-06,0.95478237,9.096934e-06,0.044488687
/home/leo/Documentos/mestrado/DeepWeeds-Mobile/images/20171113-143848-3.jpg,6,6,6,6,1,0.99978125,4.5232574e-07,3.1032265e-05,8.0199436e-10,7.4083983e-10,1.7647579e-10,4.1236664e-08,0.99978125,8.119044e-07,0.0001863478
/home/leo/Documentos/mestrado/DeepWeeds-Mobile/images/20170920-093850-1.jpg,2,2,2,2,1,0.974516,1.4727011e-07,4.326603e-05,0.974516,1.7281105e-05,0.000500632,2.810143e-07,0.00022416333,1.0747937e-06,0.024697166
/home/leo/Documentos/mestrado/DeepWeeds-Mobile/images/20170920-171948-1.jpg,2,2,2,2,1,0.7218249,6.16728e-05,0.00016654596,0.7218249,0.0003970415,0.018792126,7.694736e-06,0.004683435,8.96152e-05,0.25397685
/home/leo/Documentos/mestrado/DeepWeeds-Mobile/images/20171121-073004-1.jpg,6,6,6,6,1,0.9992163,7.6152e-10,6.2063664e-06,1.299123e-07,8.517439e-09,4.5487442e-10,0.000645481,0.9992163,3.366588e-07,0.00013151471
/home/leo/Documentos/mestrado/DeepWeeds-Mobile/images/20170913-103455-2.jpg,3,3,3,3,1,0.92993635,1.4313512e-06,5.3708595e-07,0.0010073673,0.92993635,0.004236255,0.053898234,3.7194397e-06,2.561182e-06,0.010913526
/home/leo/Documentos/mestrado/DeepWeeds-Mobile/images/20171025-074846-3.jpg,3,3,3,3,1,0.89509374,6.5597865e-06,1.3044797e-05,4.386747e-11,0.89509374,1.4776795e-06,2.1395392e-09,9.167501e-07,2.5365942e-05,0.1048589
/home/leo/Documentos/mestrado/DeepWeeds-Mobile/images/20170217-151314-0.jpg,0,8,0,8,0,0.73884064,0.00012522147,0.0024413455,0.00015612047,0.00085799006,1.2164977e-05,5.7462163e-05,0.25609222,0.0014168737,0.73884064
/home/leo/Documentos/mestrado/DeepWeeds-Mobile/images/20171109-091242-2.jpg,5,6,5,6,0,0.9410734,0.004402695,0.017593604,0.00012827347,2.5095755e-05,2.9049015e-05,0.0064610164,0.9410734,0.0047009042,0.025586009
/home/leo/Documentos/mestrado/DeepWeeds-Mobile/images/20170727-171944-3.jpg,4,4,4,4,1,0.8110562,0.0021734284,0.00026172076,0.12662603,0.007671356,0.8110562,5.58374e-05,0.0003453798,0.006168513,0.045641616
/home/leo/Documentos/mestrado/DeepWeeds-Mobile/images/20171220-082153-2.jpg,8,3,8,3,0,0.6105021,0.098017015,0.006330002,0.00017906318,0.6105021,0.0021289703,7.5829375e-05,0.016777797,0.061069407,0.20491976
/home/leo/Documentos/mestrado/DeepWeeds-Mobile/images/20180105-093049-2.jpg,8,6,8,6,0,0.6670517,5.478813e-05,0.00010532997,0.048565015,2.962051e-05,0.0010777727,6.6028665e-06,0.6670517,3.3559827e-05,0.28307563
/home/leo/Documentos/mestrado/DeepWeeds-Mobile/images/20180125-094804-2.jpg,8,8,8,8,1,0.9992224,2.0998948e-06,4.469094e-06,5.9330687e-06,0.0002726887,1.3373359e-05,0.00038660012,8.014418e-05,1.2267065e-05,0.9992224
/home/leo/Documentos/mestrado/DeepWeeds-Mobile/images/20170727-172031-3.jpg,4,4,4,4,1,0.95345277,0.003820028,9.489781e-06,0.015365957,0.0023398334,0.95345277,2.1907051e-06,1.3153957e-06,0.020266464,0.00474198
/home/leo/Documentos/mestrado/DeepWeeds-Mobile/images/20170920-162607-3.jpg,2,2,2,2,1,0.6935792,6.8172753e-06,2.5098755e-08,0.6935792,8.5241176e-05,0.29392368,8.3096914e-08,5.7919733e-06,2.0103205e-06,0.012397074
/home/leo/Documentos/mestrado/DeepWeeds-Mobile/images/20171220-100600-2.jpg,8,8,8,8,1,0.98617166,3.6598074e-06,1.8511332e-07,5.113024e-11,0.013820252,2.0825418e-07,3.3269971e-09,5.091619e-09,4.005117e-06,0.98617166
/home/leo/Documentos/mestrado/DeepWeeds-Mobile/images/20180105-093523-2.jpg,8,8,8,8,1,0.7620471,3.4044177e-05,0.00082123646,0.001373315,0.00046689162,0.00022196225,3.5978962e-06,0.23497461,5.7189103e-05,0.7620471
/home/leo/Documentos/mestrado/DeepWeeds-Mobile/images/20171109-092627-2.jpg,5,5,5,5,1,0.7478527,0.0015512805,0.0021319154,9.24287e-09,1.1629371e-07,1.2187975e-09,0.7478527,4.3267035e-05,0.0023751527,0.2460456
/home/leo/Documentos/mestrado/DeepWeeds-Mobile/images/20180105-100754-2.jpg,8,8,8,8,1,0.8409515,0.00056683534,0.00021478256,0.057043597,0.00032993197,0.0067669274,1.1483107e-05,0.09136232,0.002752593,0.8409515
/home/leo/Documentos/mestrado/DeepWeeds-Mobile/images/20171113-124152-3.jpg,6,6,6,6,1,0.5833638,1.1625611e-05,0.00092705456,0.0017018196,1.10045985e-05,7.994209e-05,5.568542e-06,0.5833638,7.0715294e-05,0.41382846
/home/leo/Documentos/mestrado/DeepWeeds-Mobile/images/20180125-094754-2.jpg,8,8,8,8,1,0.9986675,1.1482265e-06,1.6409082e-05,9.906641e-07,0.00057213113,6.0449634e-06,8.611399e-05,0.00064173364,7.899283e-06,0.9986675
/home/leo/Documentos/mestrado/DeepWeeds-Mobile/images/20180109-071651-2.jpg,8,6,8,6,0,0.8420777,7.481476e-05,0.0020836047,0.000546682,3.3155013e-06,2.15854e-05,3.2505332e-06,0.8420777,0.00044516005,0.15474397
/home/leo/Documentos/mestrado/DeepWeeds-Mobile/images/20170129-102404-0.jpg,8,0,8,0,0,0.64027435,0.64027435,0.015220994,2.4559802e-05,0.0016398971,9.982933e-06,9.450799e-05,5.882546e-05,0.27255005,0.07012688
/home/leo/Documentos/mestrado/DeepWeeds-Mobile/images/20170714-170829-1.jpg,1,8,1,8,0,0.9358563,0.013003924,0.03235382,5.9572132e-05,0.003054065,0.0009310194,0.00017753858,8.034132e-05,0.014483425,0.9358563
/home/leo/Documentos/mestrado/DeepWeeds-Mobile/images/20180125-091936-1.jpg,8,8,8,8,1,0.9991856,0.00015312029,0.00011402713,3.4817091e-07,3.2061278e-05,1.8273593e-05,0.0004751289,3.2855614e-06,1.8083554e-05,0.9991856
/home/leo/Documentos/mestrado/DeepWeeds-Mobile/images/20171113-123402-3.jpg,6,6,6,6,1,0.98403007,2.2585673e-06,0.00095610827,4.8223815e-06,1.3341823e-06,9.669593e-07,3.0001358e-06,0.98403007,0.000113972164,0.014887572
/home/leo/Documentos/mestrado/DeepWeeds-Mobile/images/20171102-121818-3.jpg,2,2,2,2,1,0.99999905,3.8010407e-11,2.6442547e-13,0.99999905,1.3196655e-09,6.0290307e-07,1.7508997e-12,3.3040422e-13,3.6120076e-13,3.3014e-07
/home/leo/Documentos/mestrado/DeepWeeds-Mobile/images/20180322-104445-1.jpg,8,8,8,8,1,0.8972582,0.06963896,0.005277061,0.0037592552,0.0005082918,0.0042201914,0.0022026983,7.4761454e-07,0.017134562,0.8972582
/home/leo/Documentos/mestrado/DeepWeeds-Mobile/images/20180105-093417-2.jpg,8,8,8,8,1,0.70351213,0.0011607369,0.001241643,0.109411836,0.0007185074,0.007074183,1.9609237e-05,0.1741237,0.0027376,0.70351213
/home/leo/Documentos/mestrado/DeepWeeds-Mobile/images/20170913-103812-2.jpg,3,5,3,5,0,0.42408875,8.1519073e-07,7.203192e-07,0.0037447761,0.22182791,0.0007821724,0.42408875,0.00011461647,1.1650328e-06,0.34943908
/home/leo/Documentos/mestrado/DeepWeeds-Mobile/images/20180125-133357-2.jpg,8,8,8,8,1,0.999124,2.75149e-05,0.00063091953,1.0885368e-07,4.88537e-05,6.241449e-05,6.7261535e-05,5.2018695e-08,3.892832e-05,0.999124
/home/leo/Documentos/mestrado/DeepWeeds-Mobile/images/20171220-094856-2.jpg,8,8,8,8,1,0.74668133,0.048343427,0.027602704,3.9840316e-07,0.0011724149,8.112925e-06,0.0013578833,0.1540338,0.02079988,0.74668133
/home/leo/Documentos/mestrado/DeepWeeds-Mobile/images/20170714-135158-2.jpg,1,6,1,6,0,0.52004963,2.6948687e-06,0.4481631,7.4741865e-07,5.9274338e-05,6.9769303e-06,4.7097405e-05,0.52004963,0.0005795183,0.031091066
/home/leo/Documentos/mestrado/DeepWeeds-Mobile/images/20180322-133850-1.jpg,8,8,8,8,1,0.5700376,0.019372402,0.00083540153,0.040495127,0.07749224,0.27861822,0.0008989609,6.4551034e-07,0.012249396,0.5700376
/home/leo/Documentos/mestrado/DeepWeeds-Mobile/images/20170811-162407-1.jpg,0,0,0,0,1,0.91018796,0.91018796,6.660455e-05,0.00020853014,3.578753e-06,1.9982472e-05,0.0001540082,4.145023e-07,0.078820035,0.010538909
/home/leo/Documentos/mestrado/DeepWeeds-Mobile/images/20180322-115551-2.jpg,8,8,8,8,1,0.89817625,0.04398221,0.038775187,9.85437e-07,0.00015381897,0.000119716446,0.0025674812,1.1092867e-06,0.016223222,0.89817625
/home/leo/Documentos/mestrado/DeepWeeds-Mobile/images/20171219-100025-2.jpg,8,8,8,8,1,0.9996277,4.7632e-05,4.3455835e-05,1.094213e-05,0.00016959845,6.9685193e-06,7.3131696e-06,1.8663366e-07,8.627129e-05,0.9996277
/home/leo/Documentos/mestrado/DeepWeeds-Mobile/images/20180109-090254-1.jpg,8,8,8,8,1,0.97659314,0.0038103955,0.0004278331,0.0001652955,0.0014316142,2.3811995e-06,1.0663301e-05,7.402437e-06,0.01755142,0.97659314
/home/leo/Documentos/mestrado/DeepWeeds-Mobile/images/20170718-132225-2.jpg,7,7,7,7,1,0.9847835,0.0063693854,0.0035771392,7.137836e-08,0.00089899346,1.5391886e-05,1.9857496e-06,1.4874408e-06,0.9847835,0.0043519973
/home/leo/Documentos/mestrado/DeepWeeds-Mobile/images/20180119-104538-1.jpg,8,6,8,6,0,0.7510028,0.0011139205,0.00087790855,0.00041359372,0.00012734032,4.2592892e-05,4.2332567e-06,0.7510028,0.0003202372,0.24609736
/home/leo/Documentos/mestrado/DeepWeeds-Mobile/images/20180322-103624-2.jpg,8,8,8,8,1,0.99894834,0.0003037715,9.7821714e-05,9.621061e-08,2.1376559e-06,5.3690046e-06,0.00053743256,4.3448264e-10,0.00010492966,0.99894834
/home/leo/Documentos/mestrado/DeepWeeds-Mobile/images/20171212-093131-3.jpg,8,8,8,8,1,0.9950991,3.0735315e-05,1.1047964e-06,1.7232976e-07,0.0048570107,9.2540095e-06,2.4651365e-07,6.205558e-08,2.2808213e-06,0.9950991
/home/leo/Documentos/mestrado/DeepWeeds-Mobile/images/20180112-103044-1.jpg,8,8,8,8,1,0.9988997,0.00051968795,2.936146e-07,0.00043081734,1.0714533e-06,3.8795083e-08,6.612752e-07,2.228727e-09,0.00014774948,0.9988997
/home/leo/Documentos/mestrado/DeepWeeds-Mobile/images/20180105-100234-2.jpg,8,6,8,6,0,0.9185303,1.0234598e-08,4.0317122e-08,1.09671184e-07,1.2868736e-08,6.263343e-08,1.08845676e-10,0.9185303,4.668025e-09,0.081469476
/home/leo/Documentos/mestrado/DeepWeeds-Mobile/images/20171220-101603-2.jpg,8,8,8,8,1,0.9983797,0.0002699283,1.2855766e-05,4.4385942e-10,1.4566895e-05,1.1797754e-09,0.0011104813,5.041244e-07,0.00021193222,0.9983797
/home/leo/Documentos/mestrado/DeepWeeds-Mobile/images/20180125-101304-2.jpg,8,8,8,8,1,0.99826366,8.694496e-07,6.06082e-06,0.00013957433,0.0013571146,8.449785e-05,3.4844332e-05,0.00010683282,6.60787e-06,0.99826366
/home/leo/Documentos/mestrado/DeepWeeds-Mobile/images/20180322-121222-2.jpg,8,8,8,8,1,0.9996493,0.00016207472,4.3615805e-06,9.107847e-09,0.00016794383,7.726344e-06,1.558904e-06,2.3671622e-09,6.985631e-06,0.9996493
/home/leo/Documentos/mestrado/DeepWeeds-Mobile/images/20171113-093244-3.jpg,5,5,5,5,1,0.99991775,2.8333143e-06,1.4721488e-06,7.3456866e-12,8.934061e-14,5.9363097e-15,0.99991775,7.5645796e-05,4.3753563e-08,2.3714397e-06
/home/leo/Documentos/mestrado/DeepWeeds-Mobile/images/20170920-134609-2.jpg,2,4,2,4,0,0.5499816,6.522621e-05,2.8920294e-06,0.42488623,0.001137722,0.5499816,1.3879583e-07,5.538583e-06,0.0009952052,0.022925489
/home/leo/Documentos/mestrado/DeepWeeds-Mobile/images/20180105-101728-2.jpg,8,8,8,8,1,0.9835285,1.9137021e-06,5.7271586e-06,0.0004207979,4.4390625e-05,0.003997281,5.2670817e-08,0.011994633,6.8316313e-06,0.9835285
/home/leo/Documentos/mestrado/DeepWeeds-Mobile/images/20180109-092052-1.jpg,8,8,8,8,1,0.993716,0.0002331444,0.00065178,0.0030672175,0.00033129612,0.00027351343,2.1320544e-05,0.001085968,0.00061966496,0.993716
/home/leo/Documentos/mestrado/DeepWeeds-Mobile/images/20180119-114412-1.jpg,8,8,8,8,1,0.8720059,0.019846335,0.004504551,0.00027641706,0.0044008326,0.0001539752,0.00021009997,0.055693265,0.042908527,0.8720059
/home/leo/Documentos/mestrado/DeepWeeds-Mobile/images/20171218-102836-2.jpg,8,8,8,8,1,0.71406335,0.12802175,0.0018788669,0.0004937926,0.09973608,0.006864559,5.6911686e-05,1.5084194e-05,0.048869684,0.71406335
/home/leo/Documentos/mestrado/DeepWeeds-Mobile/images/20170207-155146-0.jpg,0,0,0,0,1,0.77010435,0.77010435,0.0005197176,5.486055e-06,3.4405113e-07,1.6849442e-06,0.0033597515,0.0007675051,0.21889986,0.006341366
/home/leo/Documentos/mestrado/DeepWeeds-Mobile/images/20170127-102604-0.jpg,1,1,1,1,1,0.709629,0.2625685,0.709629,5.5176656e-08,2.2701834e-05,1.1254545e-09,2.7774827e-06,0.0002487025,0.0017651584,0.025763078
/home/leo/Documentos/mestrado/DeepWeeds-Mobile/images/20170410-153429-0.jpg,7,7,7,7,1,0.80878943,0.02004017,0.0024895258,9.297699e-05,0.0003710186,0.00049956655,0.00088857155,0.014009067,0.80878943,0.15281971
/home/leo/Documentos/mestrado/DeepWeeds-Mobile/images/20180322-103845-1.jpg,8,4,8,4,0,0.525498,0.037219517,0.0017299617,0.00065731077,0.02069215,0.525498,0.00016189701,5.351413e-07,0.050771765,0.36326888
/home/leo/Documentos/mestrado/DeepWeeds-Mobile/images/20180322-125255-1.jpg,8,8,8,8,1,0.988289,1.7499338e-05,0.00036891113,8.557753e-06,9.561374e-05,0.00072837254,0.008431199,0.0020256927,3.5057285e-05,0.988289
/home/leo/Documentos/mestrado/DeepWeeds-Mobile/images/20180112-093206-2.jpg,8,8,8,8,1,0.99999285,1.4571733e-06,2.6859576e-08,4.619551e-06,9.315273e-08,1.1301598e-07,4.1740196e-07,7.096073e-08,3.5779757e-07,0.99999285
/home/leo/Documentos/mestrado/DeepWeeds-Mobile/images/20180112-103947-2.jpg,8,8,8,8,1,0.7784618,0.0038214885,0.0068152556,0.00077506126,0.17097019,0.03428335,0.00040710246,0.00010438389,0.0043613375,0.7784618
/home/leo/Documentos/mestrado/DeepWeeds-Mobile/images/20171218-120917-3.jpg,8,8,8,8,1,0.98050743,0.00090488297,0.0003138099,6.4201295e-08,0.0016291831,1.3181465e-06,0.015762012,0.00022305592,0.0006581647,0.98050743
/home/leo/Documentos/mestrado/DeepWeeds-Mobile/images/20170920-101034-2.jpg,2,2,2,2,1,0.7735886,7.175672e-05,4.054704e-05,0.7735886,0.001706556,0.019944083,5.990469e-07,5.545221e-05,0.0004508424,0.20414172
/home/leo/Documentos/mestrado/DeepWeeds-Mobile/images/20180112-070516-2.jpg,8,0,8,0,0,0.5226695,0.5226695,0.0034604177,0.057273228,0.042967208,0.0296248,0.00267769,3.0732772e-07,0.07395158,0.26737526
/home/leo/Documentos/mestrado/DeepWeeds-Mobile/images/20180105-094137-3.jpg,8,8,8,8,1,0.9455082,1.245219e-05,0.0018789393,0.0015724902,3.5448913e-05,4.627967e-05,4.6585254e-05,0.050839573,6.0103423e-05,0.9455082
/home/leo/Documentos/mestrado/DeepWeeds-Mobile/images/20171212-093932-1.jpg,8,8,8,8,1,0.9912635,1.495431e-07,3.3600446e-07,1.5794285e-14,0.008735098,2.604266e-10,7.2757285e-07,1.8068986e-09,1.8009172e-07,0.9912635
/home/leo/Documentos/mestrado/DeepWeeds-Mobile/images/20180125-132255-2.jpg,8,8,8,8,1,0.9995061,0.00022302558,5.5383098e-05,5.3229354e-09,1.4957371e-06,3.901166e-06,0.00019344228,1.1010305e-08,1.6590118e-05,0.9995061
/home/leo/Documentos/mestrado/DeepWeeds-Mobile/images/20170501-144030-0.jpg,1,6,1,6,0,0.61566687,0.00024120633,0.08088009,9.8207696e-05,2.5816762e-05,7.4903137e-06,0.0030067563,0.61566687,0.0014098972,0.29866374
/home/leo/Documentos/mestrado/DeepWeeds-Mobile/images/20170728-152825-1.jpg,8,4,8,4,0,0.9543359,0.0004915605,3.182113e-05,2.4700917e-05,0.004508819,0.9543359,1.8843174e-08,3.1020087e-07,0.016409338,0.024197502
/home/leo/Documentos/mestrado/DeepWeeds-Mobile/images/20170718-133305-2.jpg,7,7,7,7,1,0.49126276,0.1389091,0.000521775,0.0010323789,0.006018242,0.0069147465,1.3176915e-05,6.891648e-08,0.49126276,0.35532776
/home/leo/Documentos/mestrado/DeepWeeds-Mobile/images/20171203-173246-3.jpg,8,8,8,8,1,0.9563097,7.0328684e-07,0.03478659,1.1481679e-06,4.745313e-05,1.8420504e-06,0.0002219171,0.008616868,1.38280175e-05,0.9563097
/home/leo/Documentos/mestrado/DeepWeeds-Mobile/images/20171212-095946-1.jpg,8,8,8,8,1,0.9999479,1.1692285e-07,6.76804e-08,2.9844164e-15,4.362075e-05,6.355871e-13,8.139358e-06,7.761819e-11,9.788602e-08,0.9999479
/home/leo/Documentos/mestrado/DeepWeeds-Mobile/images/20170217-110907-0.jpg,0,0,0,0,1,0.3639179,0.3639179,0.29424602,1.7877089e-07,1.9666506e-05,2.172551e-07,0.00032990513,0.13512659,0.018718403,0.18764114
/home/leo/Documentos/mestrado/DeepWeeds-Mobile/images/20180109-100731-2.jpg,8,8,8,8,1,0.90521026,6.965897e-05,0.002669801,7.6154116e-05,1.4586324e-05,3.849692e-06,0.00020621781,0.091712385,3.6984206e-05,0.90521026
/home/leo/Documentos/mestrado/DeepWeeds-Mobile/images/20170210-142627-0.jpg,7,7,7,7,1,0.98979783,0.0049069435,2.2994147e-05,1.568793e-05,1.5934219e-07,4.670159e-06,0.004460738,5.7682187e-06,0.98979783,0.0007851941
/home/leo/Documentos/mestrado/DeepWeeds-Mobile/images/20170913-155240-3.jpg,3,3,3,3,1,0.73659384,8.6062515e-05,1.42915915e-05,0.11874175,0.73659384,0.049396418,0.0007980509,1.1364732e-05,0.00015102253,0.0942072
/home/leo/Documentos/mestrado/DeepWeeds-Mobile/images/20161207-144437-0.jpg,7,8,7,8,0,0.9085731,0.024863617,0.00047141474,6.9803156e-07,0.05605167,3.9857696e-05,0.006828815,0.00045928085,0.0027115836,0.9085731
/home/leo/Documentos/mestrado/DeepWeeds-Mobile/images/20180322-113953-1.jpg,8,8,8,8,1,0.9989875,0.00048699274,0.000113043454,5.5837447e-08,8.803245e-05,5.6612976e-07,0.00020344426,9.575518e-09,0.000120277226,0.9989875
/home/leo/Documentos/mestrado/DeepWeeds-Mobile/images/20180109-070113-1.jpg,8,6,8,6,0,0.7579295,5.0036125e-08,2.0693572e-06,3.389613e-06,1.4443913e-07,1.8636181e-06,2.9814235e-08,0.7579295,7.50461e-08,0.2420627
/home/leo/Documentos/mestrado/DeepWeeds-Mobile/images/20171212-093940-3.jpg,8,8,8,8,1,0.526794,0.006986198,0.0018767626,0.022964843,0.40074953,0.037038133,0.0001228909,0.00021405017,0.0032535999,0.526794
/home/leo/Documentos/mestrado/DeepWeeds-Mobile/images/20171205-123952-2.jpg,8,8,8,8,1,0.9825772,3.406126e-05,0.000114518414,0.005168257,0.010536046,0.0003644928,0.00046912872,0.00032064572,0.00041564723,0.9825772
/home/leo/Documentos/mestrado/DeepWeeds-Mobile/images/20180125-101637-1.jpg,8,8,8,8,1,0.9960413,8.722293e-07,1.5756557e-06,4.2250576e-08,4.2358886e-05,4.3676746e-07,0.003898153,1.1698848e-05,3.5642433e-06,0.9960413
/home/leo/Documentos/mestrado/DeepWeeds-Mobile/images/20170630-155311-0.jpg,7,7,7,7,1,0.56233686,0.017090933,0.03370084,0.0009183246,5.7822635e-05,0.00015208498,0.09597702,0.2686469,0.56233686,0.021119291
/home/leo/Documentos/mestrado/DeepWeeds-Mobile/images/20171121-083319-1.jpg,6,6,6,6,1,0.9973852,0.00016953022,0.0018616982,1.9819701e-07,9.015467e-06,3.6355794e-07,9.290468e-08,0.9973852,0.00022034645,0.00035354472
/home/leo/Documentos/mestrado/DeepWeeds-Mobile/images/20170404-154333-0.jpg,7,7,7,7,1,0.99883455,0.0010410108,4.6981164e-05,4.0116094e-10,4.0907273e-12,3.5182593e-11,1.8598844e-07,6.536126e-05,0.99883455,1.198579e-05
/home/leo/Documentos/mestrado/DeepWeeds-Mobile/images/20170714-111117-1.jpg,1,1,1,1,1,0.9948476,1.7475935e-05,0.9948476,2.9117944e-10,2.0206697e-05,3.671958e-08,5.946383e-07,2.0143894e-05,0.0018729354,0.003220992
/home/leo/Documentos/mestrado/DeepWeeds-Mobile/images/20171203-165503-3.jpg,8,8,8,8,1,0.99214077,0.00025437828,0.0030151282,8.462851e-06,0.0006748277,0.00014618362,2.225665e-06,0.0001071163,0.0036508983,0.99214077
/home/leo/Documentos/mestrado/DeepWeeds-Mobile/images/20171220-090226-2.jpg,8,8,8,8,1,0.9971226,9.25029e-05,6.330231e-07,1.3930412e-09,0.0027494477,6.454852e-08,3.235859e-05,9.048995e-07,1.3495105e-06,0.9971226
/home/leo/Documentos/mestrado/DeepWeeds-Mobile/images/20170217-103710-0.jpg,0,0,0,0,1,0.83995914,0.83995914,0.00202945,3.3945782e-06,0.000116400755,7.248447e-08,0.00014904022,4.9094193e-05,0.13902952,0.018663883
/home/leo/Documentos/mestrado/DeepWeeds-Mobile/images/20171113-091817-3.jpg,5,0,5,0,0,0.49085984,0.49085984,6.9023044e-05,1.8057928e-05,2.0197062e-06,1.1660499e-05,0.4617754,4.794417e-06,0.016052077,0.031207196
/home/leo/Documentos/mestrado/DeepWeeds-Mobile/images/20171113-100514-3.jpg,5,5,5,5,1,0.99828076,0.0007124344,1.8350538e-05,1.9429554e-09,1.4516468e-09,1.7397165e-11,0.99828076,0.00084886514,3.7500538e-06,0.00013580784
/home/leo/Documentos/mestrado/DeepWeeds-Mobile/images/20171122-101024-1.jpg,5,5,5,5,1,0.99945503,1.2597555e-05,9.124757e-06,5.6309256e-11,9.075348e-10,1.057836e-11,0.99945503,7.694782e-05,4.2953195e-07,0.00044582592
/home/leo/Documentos/mestrado/DeepWeeds-Mobile/images/20170315-090134-0.jpg,8,8,8,8,1,0.9970669,0.0021472187,9.906931e-06,1.9437546e-07,4.213305e-06,1.4137497e-06,7.6201155e-05,2.5974407e-06,0.00069144677,0.9970669
/home/leo/Documentos/mestrado/DeepWeeds-Mobile/images/20170705-161208-0.jpg,7,8,7,8,0,0.3962699,0.051482327,4.5164074e-05,0.001580505,0.07210385,0.13420993,8.315671e-07,1.1579833e-08,0.34430742,0.3962699
/home/leo/Documentos/mestrado/DeepWeeds-Mobile/images/20171109-074838-3.jpg,5,5,5,5,1,0.9988263,6.941723e-06,3.7530372e-06,1.7356911e-11,1.581942e-07,6.122458e-13,0.9988263,0.0005385923,1.0389508e-06,0.0006230805
/home/leo/Documentos/mestrado/DeepWeeds-Mobile/images/20170913-110545-1.jpg,3,3,3,3,1,0.9305749,1.759852e-05,1.5304486e-06,0.00013999802,0.9305749,0.03940904,2.953003e-08,9.355837e-07,0.0007863037,0.029069714
/home/leo/Documentos/mestrado/DeepWeeds-Mobile/images/20171102-122639-2.jpg,2,2,2,2,1,0.9999896,1.7782293e-11,3.113729e-12,0.9999896,6.058363e-09,1.9372715e-06,5.0660226e-11,3.688131e-11,5.7755983e-12,8.415148e-06
/home/leo/Documentos/mestrado/DeepWeeds-Mobile/images/20170913-115703-2.jpg,5,5,5,5,1,0.85404277,0.13904746,0.000560833,7.898682e-06,9.788678e-07,3.7794147e-05,0.85404277,0.00024673875,0.005396586,0.0006588906
/home/leo/Documentos/mestrado/DeepWeeds-Mobile/images/20171220-095423-1.jpg,8,8,8,8,1,0.99997175,9.777649e-06,1.4799348e-07,1.921807e-14,2.2649974e-08,2.7720312e-13,8.520153e-06,2.7761399e-11,9.815675e-06,0.99997175
/home/leo/Documentos/mestrado/DeepWeeds-Mobile/images/20180109-094859-2.jpg,8,8,8,8,1,0.99648666,0.0011330295,2.0840218e-05,0.00049968367,0.0010349383,1.5069739e-05,1.4838976e-07,0.0005192475,0.00029028064,0.99648666
/home/leo/Documentos/mestrado/DeepWeeds-Mobile/images/20170715-162718-1.jpg,1,1,1,1,1,0.98328733,2.1994369e-08,0.98328733,7.9802574e-11,3.729618e-09,6.66503e-12,1.5350444e-08,0.016707024,3.063097e-07,5.328446e-06
/home/leo/Documentos/mestrado/DeepWeeds-Mobile/images/20180109-101610-2.jpg,8,8,8,8,1,0.99532676,0.0003096726,0.00039411362,2.8948205e-05,0.00057074905,1.0725335e-06,0.003245318,9.137455e-05,3.194492e-05,0.99532676
/home/leo/Documentos/mestrado/DeepWeeds-Mobile/images/20171203-173955-3.jpg,8,8,8,8,1,0.88499904,0.006193261,0.00903176,3.1311534e-05,0.0005391757,0.00027205035,0.000108563334,0.09469966,0.0041250917,0.88499904
/home/leo/Documentos/mestrado/DeepWeeds-Mobile/images/20180105-091647-2.jpg,8,8,8,8,1,0.9990534,1.2016734e-07,1.3121122e-07,1.7091672e-07,0.00021014328,4.7765825e-06,1.3080441e-07,0.0007307589,3.4023086e-07,0.9990534
/home/leo/Documentos/mestrado/DeepWeeds-Mobile/images/20180125-092911-1.jpg,8,8,8,8,1,0.9999989,8.8271037e-07,2.0305317e-09,1.3646711e-12,4.0051823e-08,1.0496055e-09,1.8501522e-07,1.6647343e-11,1.18991075e-08,0.9999989
/home/leo/Documentos/mestrado/DeepWeeds-Mobile/images/20180109-103423-1.jpg,8,8,8,8,1,0.9980706,5.55431e-05,0.00018583568,2.3687857e-05,0.0011364766,0.00050257164,2.015502e-06,3.4862717e-07,2.2823444e-05,0.9980706
/home/leo/Documentos/mestrado/DeepWeeds-Mobile/images/20170906-110809-2.jpg,3,8,3,8,0,0.3810754,0.085436575,0.0029150653,0.0047262646,0.17473261,0.080471076,2.5935362e-05,1.9000156e-05,0.27059802,0.3810754
/home/leo/Documentos/mestrado/DeepWeeds-Mobile/images/20171113-142649-2.jpg,6,6,6,6,1,0.95233417,0.00013899367,0.02625004,1.2800844e-07,4.7604462e-05,3.2509863e-07,0.0035531868,0.95233417,0.00033405516,0.017341474
/home/leo/Documentos/mestrado/DeepWeeds-Mobile/images/20170711-120822-0.jpg,0,0,0,0,1,0.7038111,0.7038111,0.0009818543,0.0039499956,0.014303515,0.00025904615,3.9356277e-05,7.4861973e-06,0.22864567,0.0480018
/home/leo/Documentos/mestrado/DeepWeeds-Mobile/images/20171109-073516-3.jpg,5,5,5,5,1,0.5041553,0.00016141753,0.0004466785,1.0841845e-08,0.0003407494,3.095354e-08,0.5041553,0.02203465,0.001216732,0.4716444
/home/leo/Documentos/mestrado/DeepWeeds-Mobile/images/20180112-093106-1.jpg,8,8,8,8,1,0.9875037,0.0058374447,0.0019147902,0.00017357695,0.0006092627,0.00034667732,2.1056065e-05,0.00045382258,0.0031396153,0.9875037
/home/leo/Documentos/mestrado/DeepWeeds-Mobile/images/20170217-113508-0.jpg,0,0,0,0,1,0.99157614,0.99157614,4.5937736e-07,2.9135074e-09,2.0436193e-09,1.5349395e-08,3.4731145e-06,3.0431943e-06,0.00837346,4.336889e-05
/home/leo/Documentos/mestrado/DeepWeeds-Mobile/images/20171109-194934-1.jpg,5,5,5,5,1,0.99824584,7.866069e-07,2.0796201e-06,5.5633706e-16,5.6435043e-09,7.7476717e-16,0.99824584,2.8020454e-06,3.3340893e-08,0.0017485447
/home/leo/Documentos/mestrado/DeepWeeds-Mobile/images/20170630-155456-0.jpg,7,7,7,7,1,0.4470259,0.01388112,0.02873883,4.1529115e-06,0.00012548023,1.0433387e-06,0.024635848,0.43957546,0.4470259,0.046012152
/home/leo/Documentos/mestrado/DeepWeeds-Mobile/images/20170727-164248-3.jpg,4,8,4,8,0,0.6373141,0.117726736,0.0011888909,0.00015974151,0.029042574,0.0077765607,4.956044e-06,1.1517276e-06,0.20678534,0.6373141
/home/leo/Documentos/mestrado/DeepWeeds-Mobile/images/20171218-115905-3.jpg,8,8,8,8,1,0.9937084,0.00014450279,2.1964106e-05,8.1289976e-08,1.8744893e-05,2.051205e-06,0.0060893,5.040906e-06,1.002133e-05,0.9937084
/home/leo/Documentos/mestrado/DeepWeeds-Mobile/images/20171102-123636-2.jpg,2,2,2,2,1,0.7099914,0.010017167,3.959549e-06,0.7099914,0.012233274,0.04173592,2.0097186e-05,4.147154e-08,0.0005397151,0.22545852
/home/leo/Documentos/mestrado/DeepWeeds-Mobile/images/20171220-083246-3.jpg,8,8,8,8,1,0.9998709,7.811159e-07,2.5848335e-09,9.206624e-12,5.7735837e-05,5.0097935e-09,6.766296e-05,2.5906563e-10,2.8081301e-06,0.9998709
/home/leo/Documentos/mestrado/DeepWeeds-Mobile/images/20171217-184313-2.jpg,8,8,8,8,1,0.67296606,4.4917892e-06,0.0015025148,4.59874e-11,2.5058403e-10,2.1451358e-12,0.32201746,0.00350949,2.5395142e-08,0.67296606
/home/leo/Documentos/mestrado/DeepWeeds-Mobile/images/20180119-110540-1.jpg,8,6,8,6,0,0.48377857,0.0005782249,0.0319133,1.233908e-06,0.00036501902,4.4589765e-06,0.00021408957,0.48377857,0.0048720567,0.47827303
/home/leo/Documentos/mestrado/DeepWeeds-Mobile/images/20180112-102605-1.jpg,8,7,8,7,0,0.4566061,0.18160239,0.05059319,0.0006037374,0.0001488989,0.00015372342,0.17052148,0.0016545592,0.4566061,0.13811588
/home/leo/Documentos/mestrado/DeepWeeds-Mobile/images/20180105-101155-2.jpg,8,8,8,8,1,0.9972324,9.3773046e-08,1.2433814e-07,2.420115e-05,1.748748e-05,0.00076507137,1.5396894e-09,0.0019605046,1.17121886e-07,0.9972324
/home/leo/Documentos/mestrado/DeepWeeds-Mobile/images/20171220-100930-1.jpg,8,8,8,8,1,0.999897,5.4801926e-06,2.308102e-08,4.466046e-12,4.9833212e-05,4.1708517e-10,4.6256835e-05,1.4178043e-08,1.4077266e-06,0.999897
/home/leo/Documentos/mestrado/DeepWeeds-Mobile/images/20171102-121316-2.jpg,2,2,2,2,1,0.9941508,0.00019865946,1.3769052e-07,0.9941508,0.00024394132,0.0016811874,1.619766e-05,4.417006e-09,1.5933914e-06,0.0037073882
/home/leo/Documentos/mestrado/DeepWeeds-Mobile/images/20180125-093201-2.jpg,8,8,8,8,1,0.9961644,0.0005261117,0.0006478858,7.099308e-06,0.0005422529,0.0019176463,4.1486877e-05,7.92665e-08,0.00015319604,0.9961644
/home/leo/Documentos/mestrado/DeepWeeds-Mobile/images/20180125-091510-2.jpg,8,8,8,8,1,0.9992918,1.0811169e-05,6.3497123e-06,5.3711733e-06,3.1326894e-05,0.0006324011,2.276355e-08,1.6151923e-06,2.0243764e-05,0.9992918
/home/leo/Documentos/mestrado/DeepWeeds-Mobile/images/20171113-132147-0.jpg,6,6,6,6,1,0.99994314,5.074953e-08,2.1375381e-05,2.0811988e-09,3.791081e-08,1.8772743e-10,3.531655e-08,0.99994314,8.640014e-07,3.4518565e-05
/home/leo/Documentos/mestrado/DeepWeeds-Mobile/images/20171102-121016-3.jpg,2,2,2,2,1,0.9407519,0.032513957,1.2316452e-05,0.9407519,0.0006686123,0.0006116468,0.00014349938,2.1927862e-07,0.000984322,0.024313534
/home/leo/Documentos/mestrado/DeepWeeds-Mobile/images/20171113-113859-0.jpg,6,6,6,6,1,0.9468639,5.057941e-05,0.00062551745,0.00043935815,0.0016092103,6.3964007e-06,5.3812723e-06,0.9468639,3.461207e-05,0.050365046
/home/leo/Documentos/mestrado/DeepWeeds-Mobile/images/20170913-102815-3.jpg,5,5,5,5,1,0.83243877,0.12171539,0.0014409604,0.00021556839,0.0011264925,0.015136542,0.83243877,0.007511193,0.0010435501,0.019371461
/home/leo/Documentos/mestrado/DeepWeeds-Mobile/images/20180322-113523-2.jpg,8,8,8,8,1,0.9719055,0.0006064592,0.0008794005,0.0003018817,0.009063182,0.015854804,1.50446895e-05,3.2286837e-07,0.0013734477,0.9719055
/home/leo/Documentos/mestrado/DeepWeeds-Mobile/images/20180112-093856-2.jpg,8,6,8,6,0,0.9188389,7.9017525e-05,0.0068179364,2.92273e-06,7.756719e-05,2.1619023e-07,4.801031e-05,0.9188389,0.0011033741,0.07303199
/home/leo/Documentos/mestrado/DeepWeeds-Mobile/images/20170130-102342-0.jpg,1,1,1,1,1,0.6178332,4.9212264e-05,0.6178332,1.5914694e-06,5.3377906e-05,7.841331e-07,4.8001643e-06,0.3730064,0.00036215596,0.008688445
/home/leo/Documentos/mestrado/DeepWeeds-Mobile/images/20170728-152036-1.jpg,4,4,4,4,1,0.9836427,6.260918e-06,1.4301442e-07,0.0045257895,7.112859e-05,0.9836427,7.711322e-09,1.2427187e-06,2.0363525e-05,0.011732397
/home/leo/Documentos/mestrado/DeepWeeds-Mobile/images/20171218-112710-3.jpg,8,8,8,8,1,0.9964593,9.700013e-05,0.0002163023,4.1267274e-08,0.002799323,1.0225074e-05,0.00023535172,2.6443945e-06,0.00017972804,0.9964593
/home/leo/Documentos/mestrado/DeepWeeds-Mobile/images/20171109-091436-3.jpg,5,5,5,5,1,0.99627525,6.9781686e-07,5.995269e-08,6.2917106e-14,2.3271033e-08,2.7528525e-14,0.99627525,2.473288e-07,3.730164e-09,0.003723593
/home/leo/Documentos/mestrado/DeepWeeds-Mobile/images/20170811-113831-1.jpg,0,8,0,8,0,0.34216702,0.091797344,0.3025413,0.00015770986,9.033695e-05,0.00011160402,0.033501275,0.009397048,0.22023629,0.34216702
/home/leo/Documentos/mestrado/DeepWeeds-Mobile/images/20171212-105206-3.jpg,8,0,8,0,0,0.7275632,0.7275632,0.00013115484,1.31191475e-08,9.858053e-06,1.7121025e-06,2.0441785e-06,6.1165583e-06,0.097334296,0.17495154
/home/leo/Documentos/mestrado/DeepWeeds-Mobile/images/20180105-092644-2.jpg,8,8,8,8,1,0.99922454,1.34340095e-08,5.3734584e-05,9.876961e-05,1.1108656e-07,6.647213e-08,1.5291027e-06,0.0006211344,4.9829194e-09,0.99922454
/home/leo/Documentos/mestrado/DeepWeeds-Mobile/images/20170906-094133-4.jpg,3,8,3,8,0,0.45889792,0.00425084,0.00014533484,0.1294194,0.3499791,0.052970715,2.0198158e-07,0.00012937965,0.0042070695,0.45889792
/home/leo/Documentos/mestrado/DeepWeeds-Mobile/images/20180109-074821-1.jpg,8,8,8,8,1,0.5358481,1.844216e-06,0.00072921277,0.0013328076,0.00020746097,5.4338605e-05,1.6706012e-05,0.46171144,9.813005e-05,0.5358481
/home/leo/Documentos/mestrado/DeepWeeds-Mobile/images/20171109-070308-1.jpg,5,5,5,5,1,0.85909045,0.00295114,0.00024408013,2.3293674e-09,2.2623539e-05,8.733545e-10,0.85909045,0.0006735703,0.00047443656,0.13654375
/home/leo/Documentos/mestrado/DeepWeeds-Mobile/images/20171113-101351-1.jpg,5,5,5,5,1,0.95033175,2.5307412e-05,0.00021080952,3.581347e-11,6.533951e-05,7.3564266e-11,0.95033175,0.0003550353,5.9898234e-06,0.04900571
/home/leo/Documentos/mestrado/DeepWeeds-Mobile/images/20180322-133149-1.jpg,8,8,8,8,1,0.9992906,0.0004271537,1.7173365e-05,5.076454e-07,1.1318321e-05,0.00010482726,0.00010664554,1.3607455e-08,4.1724852e-05,0.9992906
/home/leo/Documentos/mestrado/DeepWeeds-Mobile/images/20170727-155500-1.jpg,4,4,4,4,1,0.9044168,0.0026795142,1.1759143e-06,0.0661752,0.0012038258,0.9044168,0.00012527959,2.1060668e-08,0.005030092,0.020368058
/home/leo/Documentos/mestrado/DeepWeeds-Mobile/images/20170727-162343-1.jpg,4,4,4,4,1,0.93456763,0.0020628453,1.8456683e-05,0.0018398752,0.013012728,0.93456763,3.570637e-07,5.8631308e-08,0.015108371,0.03338971
/home/leo/Documentos/mestrado/DeepWeeds-Mobile/images/20170913-121432-3.jpg,3,5,3,5,0,0.8644741,2.085585e-05,1.096391e-07,0.001160876,0.07202335,0.061807737,0.8644741,1.2988515e-05,2.6998882e-06,0.0004972923
/home/leo/Documentos/mestrado/DeepWeeds-Mobile/images/20170210-134302-0.jpg,0,0,0,0,1,0.9863412,0.9863412,9.6527344e-08,1.6809896e-09,6.0602974e-11,1.5548998e-11,1.4782245e-05,3.9622392e-07,0.013617005,2.6522692e-05
/home/leo/Documentos/mestrado/DeepWeeds-Mobile/images/20170920-184606-1.jpg,2,4,2,4,0,0.54491204,3.3538283e-05,3.4501923e-06,0.4274607,0.0005050305,0.54491204,2.3200723e-06,5.005828e-05,0.00010358122,0.026929356
/home/leo/Documentos/mestrado/DeepWeeds-Mobile/images/20170906-113221-1.jpg,3,3,3,3,1,0.8245547,0.016214238,0.00027480014,4.7449996e-07,0.8245547,9.038799e-05,2.527655e-06,1.8378184e-07,0.015765348,0.1430974
/home/leo/Documentos/mestrado/DeepWeeds-Mobile/images/20171122-102520-1.jpg,5,5,5,5,1,0.98791844,0.0035259058,0.00025272745,6.2837593e-09,9.799732e-07,5.6239227e-09,0.98791844,5.6898425e-05,0.00028701697,0.007958053
/home/leo/Documentos/mestrado/DeepWeeds-Mobile/images/20170404-153640-0.jpg,7,8,7,8,0,0.63915396,0.0539199,8.607476e-05,5.071558e-05,0.00012563374,0.00012148794,0.00047629455,0.00014061177,0.30592543,0.63915396
/home/leo/Documentos/mestrado/DeepWeeds-Mobile/images/20171102-094317-2.jpg,4,3,4,3,0,0.54547334,0.0031190023,0.00043455153,0.0035769532,0.54547334,0.24408068,4.0299037e-07,1.0022781e-05,0.0047707926,0.1985343
/home/leo/Documentos/mestrado/DeepWeeds-Mobile/images/20171220-082349-2.jpg,8,8,8,8,1,0.985494,0.012558722,3.5553123e-06,3.8945526e-08,0.00013390183,4.0191277e-05,9.456492e-05,6.892333e-09,0.0016750848,0.985494
/home/leo/Documentos/mestrado/DeepWeeds-Mobile/images/20171205-124035-2.jpg,8,8,8,8,1,0.5381439,0.00028830938,0.31484857,0.0002576767,0.0004980412,0.00039320203,0.007668517,0.12436235,0.013539516,0.5381439
/home/leo/Documentos/mestrado/DeepWeeds-Mobile/images/20171025-095758-2.jpg,3,4,3,4,0,0.4622772,0.012072552,0.00048208344,0.01079505,0.17527497,0.4622772,4.805581e-06,5.2599415e-07,0.009714898,0.3293779
/home/leo/Documentos/mestrado/DeepWeeds-Mobile/images/20171113-132355-3.jpg,6,6,6,6,1,0.98129386,5.424136e-07,4.0722516e-06,7.812301e-06,1.798697e-07,4.0056028e-05,4.3651685e-08,0.98129386,1.6278739e-07,0.018653315
/home/leo/Documentos/mestrado/DeepWeeds-Mobile/images/20170705-162324-0.jpg,7,7,7,7,1,0.5748096,0.41998097,0.0017962303,1.07125325e-05,2.7386118e-06,1.4304613e-06,4.24333e-05,2.7365166e-07,0.5748096,0.0033555871
/home/leo/Documentos/mestrado/DeepWeeds-Mobile/images/20180112-074038-1.jpg,8,8,8,8,1,0.9962184,0.00032462602,3.2607237e-05,9.100472e-06,0.0008518169,0.00038450168,8.931064e-09,6.23382e-08,0.0021789945,0.9962184
/home/leo/Documentos/mestrado/DeepWeeds-Mobile/images/20180112-073136-2.jpg,8,8,8,8,1,0.97561204,0.0055316794,0.008498388,0.00014975606,0.0017304609,0.0016949602,0.00017009684,0.0013436271,0.00526889,0.97561204
/home/leo/Documentos/mestrado/DeepWeeds-Mobile/images/20171121-090759-1.jpg,6,6,6,6,1,0.99715364,2.39109e-05,0.002077641,4.180902e-09,5.398926e-08,9.806011e-09,8.916294e-06,0.99715364,0.00070290786,3.287357e-05
/home/leo/Documentos/mestrado/DeepWeeds-Mobile/images/20171219-100722-3.jpg,8,8,8,8,1,0.9704909,0.013755387,0.00026604775,2.6421017e-07,0.0007552523,6.517145e-05,0.005226488,3.0150925e-06,0.009437602,0.9704909
/home/leo/Documentos/mestrado/DeepWeeds-Mobile/images/20170304-125436-0.jpg,0,0,0,0,1,0.81614584,0.81614584,1.4975007e-05,1.9368592e-06,7.5129236e-07,4.5137273e-07,0.0008464124,0.00022498965,0.17335384,0.009410795
/home/leo/Documentos/mestrado/DeepWeeds-Mobile/images/20180125-095548-1.jpg,8,8,8,8,1,0.7362228,0.0008615171,0.0011208005,0.0021090982,0.00053376117,0.000270151,0.00013626696,0.25806957,0.00067605136,0.7362228
/home/leo/Documentos/mestrado/DeepWeeds-Mobile/images/20171219-113143-2.jpg,8,8,8,8,1,0.7709163,0.0005280723,0.000246384,0.015043643,0.04186521,0.17088692,3.2104326e-06,1.3474816e-05,0.0004968723,0.7709163
/home/leo/Documentos/mestrado/DeepWeeds-Mobile/images/20180109-071707-2.jpg,8,8,8,8,1,0.9547591,2.1786384e-07,0.0001502303,5.9885997e-06,2.6452867e-07,1.3064658e-07,1.422078e-06,0.04508206,5.750879e-07,0.9547591
/home/leo/Documentos/mestrado/DeepWeeds-Mobile/images/20170913-102526-2.jpg,3,3,3,3,1,0.9511204,7.371287e-07,2.7484788e-09,0.003731421,0.9511204,0.028847717,3.1477452e-06,3.8042772e-10,4.7276912e-06,0.01629179
/home/leo/Documentos/mestrado/DeepWeeds-Mobile/images/20180109-074731-2.jpg,8,8,8,8,1,0.9705896,0.01153875,0.0009078232,5.0582785e-06,2.703184e-05,2.4460156e-05,0.002827331,0.010811823,0.00326819,0.9705896
/home/leo/Documentos/mestrado/DeepWeeds-Mobile/images/20171121-101203-1.jpg,6,6,6,6,1,0.99416745,4.3022264e-05,0.0039668954,7.459904e-06,4.997102e-06,6.558323e-07,1.8259343e-06,0.99416745,5.881501e-05,0.0017488254
/home/leo/Documentos/mestrado/DeepWeeds-Mobile/images/20180109-100916-2.jpg,8,6,8,6,0,0.7327987,4.5955824e-07,0.00090653147,2.2972598e-07,7.303612e-08,7.803517e-09,4.314656e-05,0.7327987,2.7552346e-07,0.26625058
/home/leo/Documentos/mestrado/DeepWeeds-Mobile/images/20180119-104800-1.jpg,8,8,8,8,1,0.9917454,0.0012782244,0.001304797,0.0020085045,0.00040244174,0.0016559808,7.914586e-05,0.00014132154,0.0013842111,0.9917454
/home/leo/Documentos/mestrado/DeepWeeds-Mobile/images/20171109-093214-2.jpg,5,5,5,5,1,0.99448484,8.0175e-06,0.0011455163,3.151337e-10,6.781347e-08,8.302631e-11,0.99448484,0.0032499644,6.470603e-06,0.0011050462
/home/leo/Documentos/mestrado/DeepWeeds-Mobile/images/20170715-141629-1.jpg,1,1,1,1,1,0.99987423,7.8171425e-10,0.99987423,2.3280074e-15,2.1019807e-11,4.7621696e-15,1.2874136e-09,0.00012474146,9.664105e-09,9.712799e-07
/home/leo/Documentos/mestrado/DeepWeeds-Mobile/images/20171102-120800-2.jpg,2,2,2,2,1,0.9978811,5.0146565e-07,2.9779672e-09,0.9978811,4.138392e-05,0.001322185,0.00045238496,2.5128386e-08,2.3923803e-07,0.00030213018
/home/leo/Documentos/mestrado/DeepWeeds-Mobile/images/20171219-095814-2.jpg,8,8,8,8,1,0.99882156,7.9506266e-05,0.0004921205,4.2718464e-09,3.151605e-05,5.207493e-07,0.00035062584,0.00017489318,4.9244773e-05,0.99882156
/home/leo/Documentos/mestrado/DeepWeeds-Mobile/images/20171109-091913-2.jpg,5,5,5,5,1,0.9960583,0.0016026344,0.00032278043,1.0565105e-09,2.9113827e-09,1.14825285e-11,0.9960583,8.0035374e-05,6.6982125e-06,0.0019295644
/home/leo/Documentos/mestrado/DeepWeeds-Mobile/images/20170304-130321-0.jpg,0,1,0,1,0,0.4909362,0.08035455,0.4909362,5.801776e-08,6.491261e-07,5.747468e-09,1.8976642e-06,0.00064538984,0.34713247,0.080928825
/home/leo/Documentos/mestrado/DeepWeeds-Mobile/images/20171219-114105-3.jpg,8,8,8,8,1,0.62482697,0.007853011,0.0007827972,0.08303795,0.030560704,0.20052241,4.610153e-06,0.0016272954,0.050784253,0.62482697
/home/leo/Documentos/mestrado/DeepWeeds-Mobile/images/20180322-104009-1.jpg,8,8,8,8,1,0.9974941,0.0010394295,6.212149e-05,3.7988957e-07,4.5946636e-06,2.7580302e-06,0.0013011593,7.610783e-09,9.558361e-05,0.9974941
/home/leo/Documentos/mestrado/DeepWeeds-Mobile/images/20170811-133439-1.jpg,0,0,0,0,1,0.97276795,0.97276795,5.741156e-06,2.8450899e-07,2.4223121e-08,4.344535e-08,0.0071384395,2.2968422e-06,0.008498031,0.011587213
/home/leo/Documentos/mestrado/DeepWeeds-Mobile/images/20170728-152324-1.jpg,4,4,4,4,1,0.9948934,3.6856102e-06,9.083074e-08,0.0020179094,3.0212565e-05,0.9948934,1.0021207e-06,1.6609687e-06,2.4865736e-07,0.0030518642
/home/leo/Documentos/mestrado/DeepWeeds-Mobile/images/20180109-092308-1.jpg,8,8,8,8,1,0.97888786,0.0036379893,0.0047355588,0.00014466084,0.00044273058,0.00031896867,0.0008079542,0.0023827397,0.008641534,0.97888786
/home/leo/Documentos/mestrado/DeepWeeds-Mobile/images/20180105-093011-2.jpg,8,8,8,8,1,0.9898282,7.899549e-09,1.5538358e-08,0.0041660406,5.759411e-07,0.0030936615,9.3343795e-09,0.002911504,8.547409e-10,0.9898282
/home/leo/Documentos/mestrado/DeepWeeds-Mobile/images/20170913-104656-1.jpg,3,3,3,3,1,0.9930373,7.5114485e-06,4.050851e-08,4.3800583e-07,0.9930373,0.0006970587,5.3081766e-07,4.301583e-09,1.3057322e-06,0.0062558292
/home/leo/Documentos/mestrado/DeepWeeds-Mobile/images/20171121-073424-1.jpg,6,6,6,6,1,0.9784443,1.8048746e-06,0.007340316,2.6758165e-08,7.0805154e-06,3.831293e-08,0.0025731327,0.9784443,0.00026640407,0.011366932
/home/leo/Documentos/mestrado/DeepWeeds-Mobile/images/20171122-103412-1.jpg,5,5,5,5,1,0.98626125,0.00021948121,7.518257e-05,1.10787255e-08,1.1679435e-08,6.68364e-10,0.98626125,0.012402535,1.3680747e-05,0.0010278537
/home/leo/Documentos/mestrado/DeepWeeds-Mobile/images/20180125-131421-2.jpg,8,8,8,8,1,0.99963427,2.3146576e-05,0.00014292875,6.88573e-08,5.787944e-05,5.5757982e-06,0.00013051459,1.4957134e-08,5.5586756e-06,0.99963427
/home/leo/Documentos/mestrado/DeepWeeds-Mobile/images/20171220-092129-3.jpg,8,8,8,8,1,0.9453345,0.00028440703,3.789447e-05,9.164562e-08,1.9926201e-05,1.749395e-05,0.05429482,3.109675e-06,7.857471e-06,0.9453345
/home/leo/Documentos/mestrado/DeepWeeds-Mobile/images/20180125-135257-3.jpg,8,8,8,8,1,0.93616116,0.0005000955,0.051221617,0.00024246813,0.0047895736,0.0037218193,6.5651926e-05,0.0010394511,0.002258107,0.93616116
/home/leo/Documentos/mestrado/DeepWeeds-Mobile/images/20180105-093207-3.jpg,8,6,8,6,0,0.8198712,0.00021120197,0.02409127,5.1299125e-05,0.0069772797,0.00010057972,0.0017207252,0.8198712,0.0021276579,0.1448488
/home/leo/Documentos/mestrado/DeepWeeds-Mobile/images/20170718-131812-2.jpg,7,7,7,7,1,0.44364038,0.36779764,0.106722236,3.8386108e-05,0.0015876238,0.0012805546,0.00060046266,0.0004919883,0.44364038,0.077840686
/home/leo/Documentos/mestrado/DeepWeeds-Mobile/images/20170714-170300-1.jpg,1,1,1,1,1,0.99999917,9.275382e-09,0.99999917,2.2188418e-14,1.0129856e-08,8.195181e-13,3.826557e-12,2.2020464e-07,2.8577972e-07,3.5699136e-07
/home/leo/Documentos/mestrado/DeepWeeds-Mobile/images/20171113-151058-0.jpg,6,6,6,6,1,0.99937236,6.9971557e-06,1.7748783e-06,1.8750109e-07,6.25565e-06,2.4032381e-08,6.896986e-09,0.99937236,1.1144045e-07,0.0006122046
/home/leo/Documentos/mestrado/DeepWeeds-Mobile/images/20180105-100209-3.jpg,8,8,8,8,1,0.6302783,0.0001304941,0.00062403793,0.00012373457,0.00021257169,3.4895413e-05,3.6204378e-06,0.36833677,0.00025557057,0.6302783
/home/leo/Documentos/mestrado/DeepWeeds-Mobile/images/20170217-114617-0.jpg,7,1,7,1,0,0.86215013,0.041839246,0.86215013,6.4129426e-06,1.1347732e-05,1.6472816e-06,0.015702343,0.0001321393,0.013673424,0.06648322
/home/leo/Documentos/mestrado/DeepWeeds-Mobile/images/20170727-171920-2.jpg,4,4,4,4,1,0.99291843,0.00045068047,3.890401e-07,4.230645e-07,0.00038513175,0.99291843,6.096357e-08,1.7008695e-11,0.00240654,0.0038382951
/home/leo/Documentos/mestrado/DeepWeeds-Mobile/images/20170217-143901-0.jpg,7,7,7,7,1,0.880118,0.112905644,4.1417272e-05,1.2570915e-05,3.6430054e-06,7.3653637e-06,0.0022772618,5.0284207e-06,0.880118,0.00462901
/home/leo/Documentos/mestrado/DeepWeeds-Mobile/images/20170630-151452-0.jpg,7,7,7,7,1,0.97862625,0.0075802775,0.0036861938,6.8956642e-06,0.00015177074,8.039441e-05,5.600869e-05,4.1160674e-05,0.97862625,0.0097710695
/home/leo/Documentos/mestrado/DeepWeeds-Mobile/images/20180109-072801-2.jpg,8,8,8,8,1,0.8330327,0.0008169394,0.0018681135,0.0007829966,2.7064012e-05,0.0016111855,0.00038583542,0.16047825,0.0009967396,0.8330327
/home/leo/Documentos/mestrado/DeepWeeds-Mobile/images/20171218-103202-2.jpg,8,8,8,8,1,0.9028425,0.00018059836,0.004908564,1.4901817e-06,0.00048710156,8.885286e-06,0.0007610719,0.08493062,0.005879089,0.9028425
/home/leo/Documentos/mestrado/DeepWeeds-Mobile/images/20171121-084444-1.jpg,6,6,6,6,1,0.9324885,5.6789988e-05,8.134685e-06,5.0631133e-06,3.4269604e-05,5.9751096e-06,5.0477e-08,0.9324885,0.00019523822,0.06720596
/home/leo/Documentos/mestrado/DeepWeeds-Mobile/images/20170920-183241-1.jpg,2,2,2,2,1,0.6192213,0.00019531777,1.248689e-07,0.6192213,9.542078e-05,0.31054202,1.8394194e-07,8.484549e-06,4.9235467e-05,0.06988786
/home/leo/Documentos/mestrado/DeepWeeds-Mobile/images/20180109-091522-1.jpg,8,8,8,8,1,0.9857613,0.0008368804,6.97126e-05,0.00010956062,3.8835446e-05,3.2933685e-06,5.574243e-05,0.005293662,0.007830946,0.9857613
/home/leo/Documentos/mestrado/DeepWeeds-Mobile/images/20170129-102202-0.jpg,8,8,8,8,1,0.96863705,0.0026780092,0.012893703,1.5673111e-06,0.013521728,3.511394e-05,0.000110942776,9.1476875e-05,0.0020304208,0.96863705
/home/leo/Documentos/mestrado/DeepWeeds-Mobile/images/20170610-124231-0.jpg,1,1,1,1,1,0.57867575,0.0042938855,0.57867575,8.4332703e-07,9.796839e-06,2.7628337e-07,0.00017711445,0.39539897,0.0047104345,0.016733
/home/leo/Documentos/mestrado/DeepWeeds-Mobile/images/20171219-100149-2.jpg,8,8,8,8,1,0.97606885,0.00015159226,0.0021572178,3.43634e-05,0.00081288815,1.5129264e-05,0.019352386,0.0011578414,0.00024967943,0.97606885
/home/leo/Documentos/mestrado/DeepWeeds-Mobile/images/20170727-155410-3.jpg,4,4,4,4,1,0.97554725,0.00010812131,1.4020632e-07,0.019632444,0.0002532999,0.97554725,2.8674137e-07,5.9164304e-08,0.00014309736,0.004315366
/home/leo/Documentos/mestrado/DeepWeeds-Mobile/images/20170714-190005-1.jpg,1,1,1,1,1,0.999226,7.4387385e-06,0.999226,6.210777e-12,2.5525677e-07,1.0137482e-08,1.5934732e-07,0.00017092317,0.0003873237,0.00020793584
/home/leo/Documentos/mestrado/DeepWeeds-Mobile/images/20171218-110528-3.jpg,8,8,8,8,1,0.99251443,0.00017120496,5.729821e-05,9.110393e-09,0.0069133886,3.7342177e-06,2.6906182e-06,6.5002457e-09,0.00033718479,0.99251443
/home/leo/Documentos/mestrado/DeepWeeds-Mobile/images/20170913-101003-1.jpg,3,3,3,3,1,0.9643578,1.3781968e-06,1.8465645e-08,0.028711354,0.9643578,0.0012996042,0.00010162138,2.3837563e-07,2.7029062e-06,0.0055252644
/home/leo/Documentos/mestrado/DeepWeeds-Mobile/images/20180112-102519-1.jpg,8,8,8,8,1,0.99179476,0.0003728659,0.0011888428,0.0008008092,0.00013917332,7.4068215e-05,0.00019841823,0.0048971116,0.0005339512,0.99179476
/home/leo/Documentos/mestrado/DeepWeeds-Mobile/images/20180322-114129-1.jpg,8,8,8,8,1,0.9999541,3.0128413e-05,1.5290391e-06,1.8376783e-08,4.623427e-06,4.0887392e-07,8.305479e-06,3.23616e-10,9.703436e-07,0.9999541
/home/leo/Documentos/mestrado/DeepWeeds-Mobile/images/20171220-084149-3.jpg,8,8,8,8,1,0.999979,6.4111136e-06,1.1883624e-07,1.067323e-14,2.8067122e-06,1.7510032e-10,2.442015e-07,9.822238e-11,1.1336146e-05,0.999979
/home/leo/Documentos/mestrado/DeepWeeds-Mobile/images/20170727-165433-3.jpg,4,4,4,4,1,0.973592,0.00039674615,1.9909555e-06,7.183103e-05,0.00024998962,0.973592,2.8339633e-08,5.2215465e-10,0.0025965706,0.023090787
/home/leo/Documentos/mestrado/DeepWeeds-Mobile/images/20170630-152127-0.jpg,7,7,7,7,1,0.5247588,0.41714373,0.0025651082,0.0006969034,0.0012045827,0.00026551224,7.4484735e-05,0.00018171265,0.5247588,0.05310916
/home/leo/Documentos/mestrado/DeepWeeds-Mobile/images/20170706-112654-0.jpg,7,8,7,8,0,0.4237341,0.07623795,0.118578464,9.132244e-05,0.0009325004,0.0007692762,0.00081354915,0.03491376,0.34392917,0.4237341
/home/leo/Documentos/mestrado/DeepWeeds-Mobile/images/20180109-090313-1.jpg,8,8,8,8,1,0.942298,0.0064600985,0.0023342904,2.7255658e-06,2.516743e-05,1.1925525e-06,0.009707343,0.0026884305,0.03648275,0.942298
/home/leo/Documentos/mestrado/DeepWeeds-Mobile/images/20170920-185519-1.jpg,2,2,2,2,1,0.994021,2.8000713e-07,2.6115907e-10,0.994021,1.4822356e-06,0.005915599,8.939999e-09,1.8997373e-08,3.536103e-07,6.1237624e-05
/home/leo/Documentos/mestrado/DeepWeeds-Mobile/images/20170711-114944-0.jpg,7,7,7,7,1,0.95788205,0.0021451847,0.00011403784,0.00012696811,9.121708e-06,3.0853907e-06,0.02692323,0.010977151,0.95788205,0.0018191591
/home/leo/Documentos/mestrado/DeepWeeds-Mobile/images/20170217-122002-0.jpg,0,0,0,0,1,0.9881719,0.9881719,1.1840178e-05,8.972839e-07,1.8665919e-08,9.561667e-08,0.00016221794,6.3825596e-06,0.011252114,0.00039456104
/home/leo/Documentos/mestrado/DeepWeeds-Mobile/images/20180109-101319-1.jpg,8,8,8,8,1,0.9956985,6.50855e-05,0.000268906,0.000139507,5.1023208e-06,3.1139546e-06,2.3933262e-06,0.0029896118,0.00082783,0.9956985
/home/leo/Documentos/mestrado/DeepWeeds-Mobile/images/20180109-070817-2.jpg,8,8,8,8,1,0.4956042,0.0024303084,0.04804968,0.00019784634,4.2181968e-05,0.0006564307,0.0005771921,0.42043656,0.03200564,0.4956042
/home/leo/Documentos/mestrado/DeepWeeds-Mobile/images/20170217-095442-0.jpg,7,7,7,7,1,0.98764765,0.010720619,1.0250624e-06,2.4542569e-08,2.049876e-09,5.4605733e-09,8.104067e-06,1.5978657e-08,0.98764765,0.0016225318
/home/leo/Documentos/mestrado/DeepWeeds-Mobile/images/20180125-094439-2.jpg,8,8,8,8,1,0.9835096,0.0014532078,0.0016936158,5.2011374e-06,0.0025376864,0.009807839,8.9524065e-06,2.8356774e-07,0.0009835587,0.9835096
/home/leo/Documentos/mestrado/DeepWeeds-Mobile/images/20170728-150742-3.jpg,8,4,8,4,0,0.76437336,0.018404992,0.0005001333,0.0024821237,0.08768896,0.76437336,4.6160867e-06,0.0005249887,0.0197014,0.106319346
/home/leo/Documentos/mestrado/DeepWeeds-Mobile/images/20170128-103914-0.jpg,8,8,8,8,1,0.9929301,1.3568334e-05,0.0031537847,1.0269149e-06,0.002714889,0.0010671298,1.8882281e-07,2.1228927e-05,9.8083525e-05,0.9929301
/home/leo/Documentos/mestrado/DeepWeeds-Mobile/images/20170727-113243-1.jpg,4,4,4,4,1,0.7619525,3.3263565e-05,4.651793e-08,0.22852309,0.00054302183,0.7619525,0.00027467433,0.000111045425,7.988643e-07,0.008561472
/home/leo/Documentos/mestrado/DeepWeeds-Mobile/images/20171219-100437-3.jpg,8,8,8,8,1,0.99984777,5.866567e-05,2.9920264e-05,4.9952556e-11,1.2809539e-05,8.971999e-09,1.614539e-05,1.120628e-09,3.4672117e-05,0.99984777
/home/leo/Documentos/mestrado/DeepWeeds-Mobile/images/20180109-080158-1.jpg,8,8,8,8,1,0.9927171,3.005734e-05,5.8393784e-05,0.002601122,0.00036158733,0.0022018983,9.681549e-06,0.0020059047,1.4339779e-05,0.9927171
/home/leo/Documentos/mestrado/DeepWeeds-Mobile/images/20170610-123533-0.jpg,1,6,1,6,0,0.86483586,0.0027980707,0.07523796,0.0011965373,0.00047699249,4.6902296e-05,0.0035171187,0.86483586,0.005025034,0.04686545
/home/leo/Documentos/mestrado/DeepWeeds-Mobile/images/20171102-122458-1.jpg,2,2,2,2,1,0.69583774,0.0033936766,1.0821739e-05,0.69583774,0.02014434,0.047267396,4.4956607e-07,5.0091063e-07,0.0026600566,0.23068497
/home/leo/Documentos/mestrado/DeepWeeds-Mobile/images/20171109-073321-3.jpg,5,5,5,5,1,0.97272855,4.4570058e-07,0.0045680893,7.691545e-11,1.056419e-07,1.6449281e-11,0.97272855,0.008945326,1.0039292e-05,0.013747471
/home/leo/Documentos/mestrado/DeepWeeds-Mobile/images/20170630-150531-0.jpg,7,7,7,7,1,0.5030042,0.35849005,0.01436822,0.0018183895,0.00027694713,0.00032541913,0.015366341,0.0860447,0.5030042,0.02030565
/home/leo/Documentos/mestrado/DeepWeeds-Mobile/images/20180112-071018-2.jpg,8,8,8,8,1,0.93887526,0.0007723643,0.00269271,0.00018717919,0.01520102,0.037107665,8.89529e-07,5.7864327e-05,0.0051051066,0.93887526
/home/leo/Documentos/mestrado/DeepWeeds-Mobile/images/20180109-091516-2.jpg,8,8,8,8,1,0.99567705,8.0762744e-05,2.202092e-06,3.0258027e-05,0.00010476294,5.8479287e-08,0.004009931,6.941267e-05,2.5596108e-05,0.99567705
/home/leo/Documentos/mestrado/DeepWeeds-Mobile/images/20171219-093752-2.jpg,8,8,8,8,1,0.99517876,0.00020789783,0.0008563286,1.0199339e-07,2.033663e-05,5.916846e-08,0.0036532558,6.668811e-05,1.6656753e-05,0.99517876
/home/leo/Documentos/mestrado/DeepWeeds-Mobile/images/20180125-131837-3.jpg,8,8,8,8,1,0.67873895,0.008678133,0.031178914,0.01210885,0.00087791414,0.0011946944,0.18659808,0.0008734059,0.07975111,0.67873895
/home/leo/Documentos/mestrado/DeepWeeds-Mobile/images/20180125-135121-2.jpg,8,8,8,8,1,0.99838877,0.0004882131,0.00018645597,2.93117e-09,3.7478872e-05,0.00064816774,3.5856877e-07,4.535698e-08,0.00025063442,0.99838877
/home/leo/Documentos/mestrado/DeepWeeds-Mobile/images/20171113-145415-3.jpg,6,6,6,6,1,0.99918693,1.7173671e-06,2.2743034e-05,8.509444e-07,7.4040975e-07,3.4305746e-08,1.4439423e-08,0.99918693,5.2746445e-06,0.00078169536
/home/leo/Documentos/mestrado/DeepWeeds-Mobile/images/20170920-164345-3.jpg,2,2,2,2,1,0.9963504,2.7917082e-07,3.0454717e-10,0.9963504,1.2280219e-05,0.0036113614,1.0078679e-08,2.0693196e-09,4.3467998e-07,2.5260751e-05
/home/leo/Documentos/mestrado/DeepWeeds-Mobile/images/20170715-162301-1.jpg,1,1,1,1,1,0.99684435,1.508312e-08,0.99684435,1.7843919e-13,4.4349534e-11,3.293812e-14,5.0398676e-06,0.0031378826,8.011503e-07,1.183736e-05
/home/leo/Documentos/mestrado/DeepWeeds-Mobile/images/20180112-081023-1.jpg,8,7,8,7,0,0.765454,0.017553288,0.011373156,0.0008340047,0.0105893975,0.023557266,0.00020167488,2.493357e-05,0.765454,0.17041227
/home/leo/Documentos/mestrado/DeepWeeds-Mobile/images/20171220-090834-3.jpg,8,8,8,8,1,0.50527096,0.4441949,9.7770884e-05,0.0020236226,0.02238016,0.0015560049,8.484037e-05,4.430971e-07,0.02439132,0.50527096
/home/leo/Documentos/mestrado/DeepWeeds-Mobile/images/20170913-104325-2.jpg,3,3,3,3,1,0.99841845,7.631233e-08,5.1438324e-08,5.3757987e-07,0.99841845,1.1409175e-05,1.8736561e-06,2.8367902e-08,3.5872856e-07,0.0015672881
/home/leo/Documentos/mestrado/DeepWeeds-Mobile/images/20171219-092644-3.jpg,8,2,8,2,0,0.77456266,0.0007573089,0.0003252447,0.77456266,0.012468607,0.015456879,0.0037104192,7.201974e-05,0.0019565797,0.19069032
/home/leo/Documentos/mestrado/DeepWeeds-Mobile/images/20170207-142123-0.jpg,7,0,7,0,0,0.7195751,0.7195751,0.032558776,4.1467842e-06,7.4000177e-06,1.7701728e-07,0.0001886014,5.3597876e-07,0.2184059,0.02925928
/home/leo/Documentos/mestrado/DeepWeeds-Mobile/images/20171218-105016-3.jpg,8,8,8,8,1,0.9998257,2.9829e-05,4.2549777e-06,2.4562608e-09,0.00012815348,2.3710043e-06,5.9250615e-06,1.421334e-08,3.754253e-06,0.9998257
/home/leo/Documentos/mestrado/DeepWeeds-Mobile/images/20170920-111129-2.jpg,2,4,2,4,0,0.7906921,0.00015510584,6.732512e-06,0.17133069,0.0013100886,0.7906921,3.3283484e-07,4.3932403e-05,0.00064394384,0.03581706
/home/leo/Documentos/mestrado/DeepWeeds-Mobile/images/20170811-112931-2.jpg,0,0,0,0,1,0.9261462,0.9261462,0.0014141881,4.230657e-05,0.00011793445,8.519293e-05,7.0342e-05,3.0826816e-06,0.007753931,0.06436677
/home/leo/Documentos/mestrado/DeepWeeds-Mobile/images/20170727-152827-1.jpg,4,4,4,4,1,0.9958477,3.2062508e-05,1.4299583e-07,0.0026997665,0.00014589026,0.9958477,5.0055284e-08,6.7819768e-09,0.00041132772,0.00086298527
/home/leo/Documentos/mestrado/DeepWeeds-Mobile/images/20180109-104749-2.jpg,8,8,8,8,1,0.99162996,0.00047710442,2.7890253e-06,0.005818294,0.002017137,1.7182287e-05,7.1573913e-06,5.1993148e-09,3.0549985e-05,0.99162996
/home/leo/Documentos/mestrado/DeepWeeds-Mobile/images/20170811-132127-1.jpg,0,0,0,0,1,0.8469305,0.8469305,2.172165e-06,0.00019167006,6.4207603e-07,1.02397735e-07,0.00064008177,1.1556839e-08,0.08333628,0.06889851
/home/leo/Documentos/mestrado/DeepWeeds-Mobile/images/20170714-190252-1.jpg,1,1,1,1,1,0.9997508,1.2728305e-09,0.9997508,2.3205653e-15,8.5147594e-14,2.435839e-16,1.2394043e-11,0.00024892896,7.095695e-08,1.8776787e-07
/home/leo/Documentos/mestrado/DeepWeeds-Mobile/images/20170906-105845-1.jpg,3,8,3,8,0,0.3902418,0.0040021185,0.006424591,0.005851199,0.21191525,0.07910356,2.1517702e-05,0.008041261,0.2943988,0.3902418
/home/leo/Documentos/mestrado/DeepWeeds-Mobile/images/20180125-095610-2.jpg,8,8,8,8,1,0.99798775,3.5253033e-06,1.8425375e-06,5.4851563e-07,0.0014312299,2.5212225e-05,0.00038145913,5.7256017e-05,0.00011107247,0.99798775
/home/leo/Documentos/mestrado/DeepWeeds-Mobile/images/20170210-131239-0.jpg,7,7,7,7,1,0.98079693,0.01132271,2.2560329e-05,1.5325088e-05,2.0487785e-07,7.595341e-07,0.00038101754,3.0387885e-06,0.98079693,0.0074574254
/home/leo/Documentos/mestrado/DeepWeeds-Mobile/images/20170727-144321-1.jpg,4,4,4,4,1,0.7260375,0.03122512,0.00015752543,0.0067480635,0.055206027,0.7260375,4.9123028e-06,3.0422805e-06,0.014743434,0.1658744
/home/leo/Documentos/mestrado/DeepWeeds-Mobile/images/20171113-123457-3.jpg,6,6,6,6,1,0.9997761,1.0493701e-08,0.00014654399,1.1924239e-08,1.289027e-07,2.0641224e-09,5.1598438e-08,0.9997761,2.2200259e-06,7.4820084e-05
/home/leo/Documentos/mestrado/DeepWeeds-Mobile/images/20180109-104602-1.jpg,8,8,8,8,1,0.5168854,0.0073702782,0.00078802113,0.010074539,0.40002847,0.062427707,0.000105971034,1.7788094e-05,0.0023018408,0.5168854
/home/leo/Documentos/mestrado/DeepWeeds-Mobile/images/20180112-081303-2.jpg,8,8,8,8,1,0.65045726,0.018892063,0.01558305,0.16051929,0.023441631,0.027333656,0.0010152075,0.07457412,0.02818371,0.65045726
/home/leo/Documentos/mestrado/DeepWeeds-Mobile/images/20170728-145912-1.jpg,4,4,4,4,1,0.98019534,2.032333e-06,2.897736e-07,0.005919175,0.00020655134,0.98019534,1.0088824e-08,1.5423268e-06,1.2074044e-05,0.0136629045
/home/leo/Documentos/mestrado/DeepWeeds-Mobile/images/20180322-112410-2.jpg,8,8,8,8,1,0.9999888,2.1861378e-07,2.9918503e-08,1.4814748e-11,1.0827887e-05,2.2822992e-09,9.251986e-08,8.008564e-11,5.142341e-08,0.9999888
/home/leo/Documentos/mestrado/DeepWeeds-Mobile/images/20171203-172227-3.jpg,8,8,8,8,1,0.9760524,0.0074741915,0.0025435574,0.00052303314,0.00013019882,0.0012504901,8.8321714e-05,1.4883403e-06,0.011936448,0.9760524
/home/leo/Documentos/mestrado/DeepWeeds-Mobile/images/20170913-105621-2.jpg,3,3,3,3,1,0.9666885,1.3598879e-05,8.509669e-06,5.1595343e-06,0.9666885,4.4101398e-05,7.397176e-05,0.00043524717,1.1600764e-05,0.032719184
/home/leo/Documentos/mestrado/DeepWeeds-Mobile/images/20171220-084647-2.jpg,8,8,8,8,1,0.99999654,8.8565875e-09,3.194023e-07,9.462109e-16,3.0826595e-06,1.0809176e-12,6.141935e-08,3.6567617e-11,1.566753e-08,0.99999654
/home/leo/Documentos/mestrado/DeepWeeds-Mobile/images/20180112-075634-2.jpg,8,8,8,8,1,0.8898352,0.0056772525,7.591951e-05,0.0062298933,0.039869547,0.056701187,6.0542226e-07,7.4751505e-08,0.0016104521,0.8898352
/home/leo/Documentos/mestrado/DeepWeeds-Mobile/images/20170217-143546-0.jpg,7,7,7,7,1,0.36579174,0.31325266,6.4605585e-05,0.00012099992,0.0001518923,6.624636e-07,6.041097e-05,2.3030252e-07,0.36579174,0.3205569
/home/leo/Documentos/mestrado/DeepWeeds-Mobile/images/20180105-102457-1.jpg,8,8,8,8,1,0.8486625,3.8535995e-06,3.4516345e-06,0.1475834,0.00015637839,0.0016047162,1.8788647e-08,0.0019596359,2.6005535e-05,0.8486625
/home/leo/Documentos/mestrado/DeepWeeds-Mobile/images/20171220-100904-1.jpg,8,8,8,8,1,0.9999659,2.0727574e-08,4.694e-09,3.620502e-17,3.1812127e-05,1.4368057e-13,2.266847e-06,4.2184598e-12,6.4128542e-09,0.9999659
/home/leo/Documentos/mestrado/DeepWeeds-Mobile/images/20171121-072214-1.jpg,6,6,6,6,1,0.9355615,2.0058751e-07,0.00072722515,8.115614e-06,8.3240866e-07,5.204472e-07,2.4154093e-05,0.9355615,1.7357483e-05,0.063660115
/home/leo/Documentos/mestrado/DeepWeeds-Mobile/images/20171113-093255-1.jpg,5,5,5,5,1,0.9878507,0.00012326826,0.00038111722,7.406707e-09,1.4423144e-07,1.9489215e-09,0.9878507,4.1968196e-05,0.00031155194,0.011291215
/home/leo/Documentos/mestrado/DeepWeeds-Mobile/images/20170727-121319-3.jpg,4,4,4,4,1,0.87505007,0.0004228055,4.5953277e-07,0.080411375,0.0049401936,0.87505007,0.0011235564,0.0009440415,8.077248e-06,0.037099354
/home/leo/Documentos/mestrado/DeepWeeds-Mobile/images/20180112-092735-2.jpg,8,8,8,8,1,0.85716206,0.06475675,1.2893437e-05,0.02574449,0.000646053,0.000111650086,6.72812e-07,3.706202e-08,0.05156532,0.85716206
/home/leo/Documentos/mestrado/DeepWeeds-Mobile/images/20171218-110038-3.jpg,8,8,8,8,1,0.979263,0.015031755,0.00085673196,2.5692618e-06,3.7176087e-06,5.8835614e-08,0.0011284449,2.5610949e-05,0.0036880155,0.979263
/home/leo/Documentos/mestrado/DeepWeeds-Mobile/images/20170728-155251-1.jpg,4,4,4,4,1,0.9571593,0.000549759,6.746959e-05,0.010386036,0.003856037,0.9571593,0.002270928,0.00021211257,0.00010209702,0.025396263
/home/leo/Documentos/mestrado/DeepWeeds-Mobile/images/20180119-105024-2.jpg,8,8,8,8,1,0.9101558,0.005300054,0.027929321,0.0026707412,0.034679137,0.0057654735,0.0022130203,0.0038316718,0.0074548465,0.9101558
/home/leo/Documentos/mestrado/DeepWeeds-Mobile/images/20180109-075608-2.jpg,8,8,8,8,1,0.6154578,0.014041853,0.01526076,0.08939896,0.055081483,0.1970809,0.001402192,0.00079918193,0.011476814,0.6154578
/home/leo/Documentos/mestrado/DeepWeeds-Mobile/images/20170715-102940-1.jpg,1,1,1,1,1,0.9987741,4.2124366e-06,0.9987741,1.8177647e-09,6.391753e-08,2.2528308e-10,4.142066e-06,0.0009809666,5.309304e-06,0.00023118115
/home/leo/Documentos/mestrado/DeepWeeds-Mobile/images/20170920-095819-2.jpg,2,2,2,2,1,0.8848273,1.4555391e-05,0.00031686958,0.8848273,0.00026880228,0.0030059991,3.1609643e-06,0.026082419,5.0139035e-05,0.08543078
/home/leo/Documentos/mestrado/DeepWeeds-Mobile/images/20180109-065926-1.jpg,8,6,8,6,0,0.5604205,0.0026870081,0.0011538909,0.00016688198,0.0012398611,0.00013981701,0.00015192604,0.5604205,0.0047996417,0.42924044
/home/leo/Documentos/mestrado/DeepWeeds-Mobile/images/20180322-114811-1.jpg,8,8,8,8,1,0.9999988,6.089682e-07,1.068567e-09,7.2603633e-12,2.2305612e-10,5.848466e-10,6.246461e-07,3.0495002e-11,1.0088489e-09,0.9999988
/home/leo/Documentos/mestrado/DeepWeeds-Mobile/images/20171218-103115-3.jpg,8,3,8,3,0,0.9112207,0.00027548725,7.841243e-06,1.0579707e-07,0.9112207,1.8064231e-05,2.0141673e-07,4.0919412e-07,0.0006726809,0.0878044
/home/leo/Documentos/mestrado/DeepWeeds-Mobile/images/20180112-072425-1.jpg,8,8,8,8,1,0.85671824,0.015739458,0.089779474,0.00027316643,0.0045214836,0.004327161,0.00044761793,0.0019529521,0.026240425,0.85671824
/home/leo/Documentos/mestrado/DeepWeeds-Mobile/images/20170728-125051-2.jpg,4,4,4,4,1,0.9981573,8.907518e-07,1.0006383e-09,2.207629e-09,0.00010996727,0.9981573,5.0695163e-11,5.1679384e-14,2.0742996e-06,0.0017296724
/home/leo/Documentos/mestrado/DeepWeeds-Mobile/images/20171109-085703-2.jpg,5,5,5,5,1,0.71778363,4.421434e-06,2.0057457e-06,8.9495265e-11,1.0775571e-05,9.800415e-11,0.71778363,4.1577932e-06,2.2613035e-06,0.28219286
/home/leo/Documentos/mestrado/DeepWeeds-Mobile/images/20171109-073130-3.jpg,5,5,5,5,1,0.99741817,2.6593692e-05,1.2590959e-05,1.8756673e-08,2.0107308e-07,2.5629582e-10,0.99741817,0.0005087735,0.0008638609,0.001169784
/home/leo/Documentos/mestrado/DeepWeeds-Mobile/images/20170913-100633-3.jpg,5,5,5,5,1,0.99911815,3.457029e-06,2.9748225e-07,3.526311e-05,0.00019533296,0.00019339634,0.99911815,7.0438125e-07,4.9027944e-06,0.00044860112
/home/leo/Documentos/mestrado/DeepWeeds-Mobile/images/20170304-124648-0.jpg,0,0,0,0,1,0.7038241,0.7038241,0.0057034977,0.0071710846,0.0019315241,0.007971406,0.007843897,0.0008976581,0.11767988,0.14697695
/home/leo/Documentos/mestrado/DeepWeeds-Mobile/images/20170714-111045-1.jpg,1,1,1,1,1,0.8753492,0.0030622173,0.8753492,6.85832e-09,0.00015603268,3.3031074e-06,1.1212202e-06,8.181603e-06,0.11060481,0.0108151715
/home/leo/Documentos/mestrado/DeepWeeds-Mobile/images/20180125-093941-2.jpg,8,8,8,8,1,0.98833114,0.0001768493,0.0016724397,0.00047761743,0.0043513533,0.0024398582,2.6642409e-05,0.0010905134,0.0014335098,0.98833114
/home/leo/Documentos/mestrado/DeepWeeds-Mobile/images/20170714-110455-3.jpg,1,7,1,7,0,0.5631932,0.17376937,0.109024614,0.00016559467,3.180245e-05,2.0959063e-05,0.0024747802,0.0011734869,0.5631932,0.15014623
/home/leo/Documentos/mestrado/DeepWeeds-Mobile/images/20180322-130226-1.jpg,8,8,8,8,1,0.6246468,0.010137451,0.0042169425,0.15033042,0.0025892556,0.18196504,0.00023409995,0.012114907,0.013765114,0.6246468
/home/leo/Documentos/mestrado/DeepWeeds-Mobile/images/20180109-071727-2.jpg,8,8,8,8,1,0.9652927,6.3279964e-05,0.0012928287,0.00083216,2.9686864e-06,7.235384e-05,4.712053e-05,0.0323123,8.417312e-05,0.9652927
/home/leo/Documentos/mestrado/DeepWeeds-Mobile/images/20170210-132125-0.jpg,0,0,0,0,1,0.6135151,0.6135151,0.019025054,0.00019184427,0.0020767727,2.29222e-06,0.0060726698,7.8622725e-05,0.028650519,0.3303871
/home/leo/Documentos/mestrado/DeepWeeds-Mobile/images/20170217-145531-0.jpg,0,0,0,0,1,0.8302109,0.8302109,1.0824288e-05,8.796808e-05,2.1790463e-06,5.2866864e-07,0.028439889,0.000107110616,0.12694794,0.014192699
/home/leo/Documentos/mestrado/DeepWeeds-Mobile/images/20171219-110447-2.jpg,8,8,8,8,1,0.9910545,0.0020097543,0.0007125293,4.8754423e-08,0.0002317889,7.2758314e-07,0.005706307,1.1239625e-05,0.0002731638,0.9910545
/home/leo/Documentos/mestrado/DeepWeeds-Mobile/images/20171212-093303-3.jpg,8,8,8,8,1,0.97356975,0.0011934531,1.6433798e-05,1.10037284e-07,0.024586782,6.5578497e-06,0.00027553356,5.846754e-05,0.00029283663,0.97356975
/home/leo/Documentos/mestrado/DeepWeeds-Mobile/images/20180109-092334-1.jpg,8,8,8,8,1,0.99440676,1.3972779e-05,0.000598386,0.002731048,1.3545517e-05,3.6118414e-05,9.710068e-06,0.0021332316,5.7088288e-05,0.99440676
/home/leo/Documentos/mestrado/DeepWeeds-Mobile/images/20171219-094602-2.jpg,8,8,8,8,1,0.99974877,4.980067e-06,2.7988057e-05,1.6688969e-09,3.14882e-05,9.3893014e-08,0.00016408914,2.0116695e-05,2.3538175e-06,0.99974877
/home/leo/Documentos/mestrado/DeepWeeds-Mobile/images/20171025-091428-2.jpg,3,8,3,8,0,0.5918211,0.0060863835,0.0010223679,5.8591817e-05,0.36970428,0.02615096,7.720365e-06,1.8339886e-08,0.005148523,0.5918211
/home/leo/Documentos/mestrado/DeepWeeds-Mobile/images/20180125-093516-1.jpg,8,8,8,8,1,0.8233523,0.0011021573,0.013910172,0.00082324503,0.00040251546,0.00034500557,0.0015183237,0.06756231,0.090983935,0.8233523
/home/leo/Documentos/mestrado/DeepWeeds-Mobile/images/20170920-140215-2.jpg,2,2,2,2,1,0.61029816,0.015747529,3.6816389e-06,0.61029816,0.011875895,0.16744201,1.7939513e-07,2.0372934e-06,0.038090214,0.15654033
/home/leo/Documentos/mestrado/DeepWeeds-Mobile/images/20171205-134151-2.jpg,8,7,8,7,0,0.4608075,0.41353127,0.029816333,4.7012465e-05,0.0027793983,0.00258676,2.5219624e-05,4.238927e-05,0.4608075,0.09036412
/home/leo/Documentos/mestrado/DeepWeeds-Mobile/images/20170217-115315-0.jpg,0,0,0,0,1,0.9900659,0.9900659,0.00083503156,1.8479124e-08,1.3927234e-07,4.9919197e-10,8.712533e-06,0.0012028675,0.0073431423,0.0005442076
/home/leo/Documentos/mestrado/DeepWeeds-Mobile/images/20170727-125118-3.jpg,4,4,4,4,1,0.993741,2.3094735e-05,2.0555225e-07,0.0016735173,0.0021431635,0.993741,3.1060503e-09,3.0552951e-09,0.00041311383,0.0020059603
/home/leo/Documentos/mestrado/DeepWeeds-Mobile/images/20180112-101728-2.jpg,8,8,8,8,1,0.9987672,0.0010216213,2.510791e-07,0.000108043045,1.733683e-05,2.6672546e-06,2.4331337e-05,1.9958848e-09,5.862077e-05,0.9987672
/home/leo/Documentos/mestrado/DeepWeeds-Mobile/images/20170706-112023-0.jpg,7,8,7,8,0,0.8053023,0.016444594,0.0025385045,6.779605e-05,0.03869188,0.0037872784,0.00148405,7.3961506e-05,0.13160954,0.8053023
/home/leo/Documentos/mestrado/DeepWeeds-Mobile/images/20180109-110200-2.jpg,8,8,8,8,1,0.9811359,0.005381151,0.0001460904,0.0016069403,0.0029158585,0.008228436,4.3019987e-05,9.4750085e-08,0.00054251123,0.9811359
/home/leo/Documentos/mestrado/DeepWeeds-Mobile/images/20171109-091719-3.jpg,5,5,5,5,1,0.9971003,8.007387e-07,1.9608085e-06,2.8527384e-12,2.1598058e-08,6.458879e-13,0.9971003,0.00064440345,7.995521e-07,0.002251686
/home/leo/Documentos/mestrado/DeepWeeds-Mobile/images/20171219-095902-2.jpg,8,8,8,8,1,0.9918365,0.0020517888,0.00052356377,4.4342356e-05,0.0014284739,0.0016829257,7.632133e-06,6.2115587e-06,0.0024184743,0.9918365
/home/leo/Documentos/mestrado/DeepWeeds-Mobile/images/20171121-073754-1.jpg,6,6,6,6,1,0.88717794,4.627282e-05,0.00019675301,2.605475e-06,1.3258793e-06,1.1755061e-07,7.0146274e-07,0.88717794,3.096819e-05,0.11254333
/home/leo/Documentos/mestrado/DeepWeeds-Mobile/images/20171203-174301-3.jpg,8,8,8,8,1,0.96937454,0.0016513497,0.003575716,3.718496e-07,0.02217787,0.00039094413,0.00016466939,2.0984375e-05,0.0026435289,0.96937454
/home/leo/Documentos/mestrado/DeepWeeds-Mobile/images/20170727-150516-3.jpg,4,4,4,4,1,0.9851392,2.424119e-05,3.1803346e-08,0.013317649,0.00027313246,0.9851392,3.6539017e-08,3.985305e-09,8.262628e-05,0.0011630696
/home/leo/Documentos/mestrado/DeepWeeds-Mobile/images/20170718-102441-2.jpg,7,7,7,7,1,0.8590609,0.007139066,0.017112749,1.3518809e-05,0.02544465,0.004253195,7.741419e-06,8.434737e-06,0.8590609,0.08695987
/home/leo/Documentos/mestrado/DeepWeeds-Mobile/images/20180119-115023-1.jpg,8,6,8,6,0,0.62185663,0.0020260303,0.040169872,0.0001965235,0.011476132,0.00090135064,8.50363e-05,0.62185663,0.035560977,0.2877275
/home/leo/Documentos/mestrado/DeepWeeds-Mobile/images/20171219-112154-2.jpg,8,8,8,8,1,0.8715099,0.0016230639,0.00046598914,0.008991767,0.097541176,0.008828318,5.2521036e-06,0.007893291,0.0031411718,0.8715099
/home/leo/Documentos/mestrado/DeepWeeds-Mobile/images/20171205-133922-2.jpg,8,8,8,8,1,0.9989342,7.061407e-05,0.00032183807,5.6423727e-11,3.5351393e-05,4.3611945e-07,0.00040745354,3.790689e-08,0.0002300143,0.9989342
/home/leo/Documentos/mestrado/DeepWeeds-Mobile/images/20180112-082127-2.jpg,8,8,8,8,1,0.58190143,0.018053915,0.008802385,0.18271415,0.08997616,0.08890665,2.1790856e-05,0.0002068082,0.029416664,0.58190143
/home/leo/Documentos/mestrado/DeepWeeds-Mobile/images/20180112-094508-1.jpg,8,8,8,8,1,0.9984327,0.0006873136,5.7613986e-05,4.015947e-06,2.647434e-06,1.1031175e-07,0.0003820485,3.8498674e-06,0.0004296403,0.9984327
/home/leo/Documentos/mestrado/DeepWeeds-Mobile/images/20171025-074147-1.jpg,3,3,3,3,1,0.51338774,0.0016619674,0.11711862,1.278288e-06,0.51338774,0.0027984476,3.6644124e-06,0.0018368585,0.005745789,0.35744563
/home/leo/Documentos/mestrado/DeepWeeds-Mobile/images/20180105-094853-2.jpg,8,8,8,8,1,0.9064387,0.00145601,0.0043985266,0.0033689425,0.04669367,0.028880935,9.659503e-05,0.0058030966,0.0028634304,0.9064387
/home/leo/Documentos/mestrado/DeepWeeds-Mobile/images/20171220-101714-2.jpg,8,8,8,8,1,0.98516417,7.5270735e-05,0.0007653702,1.8461362e-08,0.00011430293,3.0380355e-07,0.013328704,0.00049495016,5.6811103e-05,0.98516417
/home/leo/Documentos/mestrado/DeepWeeds-Mobile/images/20170920-160641-3.jpg,2,4,2,4,0,0.7747971,5.372756e-05,5.8598662e-08,0.16942187,0.0001043398,0.7747971,3.7267615e-08,9.888822e-06,5.5338537e-06,0.05560732
/home/leo/Documentos/mestrado/DeepWeeds-Mobile/images/20171220-091107-3.jpg,8,8,8,8,1,0.8840109,0.033725016,0.00012290469,0.00021663855,0.0018084188,0.061799422,0.016881814,3.8119563e-06,0.0014310443,0.8840109
/home/leo/Documentos/mestrado/DeepWeeds-Mobile/images/20170727-094049-1.jpg,4,2,4,2,0,0.536031,0.0020765155,2.1401369e-05,0.536031,0.010400859,0.35256746,6.3905e-07,3.1277622e-07,0.0015053051,0.0973965
/home/leo/Documentos/mestrado/DeepWeeds-Mobile/images/20170718-100100-2.jpg,0,7,0,7,0,0.46612906,0.34388995,0.06950713,0.00011225489,0.030842453,0.00017011739,0.0035741124,0.0006872519,0.46612906,0.085087694
/home/leo/Documentos/mestrado/DeepWeeds-Mobile/images/20180105-092555-2.jpg,8,6,8,6,0,0.71130526,0.003361952,0.08030133,3.4758144e-05,0.0012040187,4.1189804e-05,0.0023063736,0.71130526,0.010050727,0.1913944
/home/leo/Documentos/mestrado/DeepWeeds-Mobile/images/20170906-113728-1.jpg,3,3,3,3,1,0.99663687,7.233917e-05,5.981519e-08,3.9869266e-10,0.99663687,3.4795477e-07,1.18052036e-07,2.3229427e-06,0.0010752463,0.002212715
/home/leo/Documentos/mestrado/DeepWeeds-Mobile/images/20170706-105125-0.jpg,7,7,7,7,1,0.54515207,0.0043988293,0.0058219247,3.1780107e-06,5.221811e-06,4.135889e-06,0.40631297,0.022697536,0.54515207,0.015604184
/home/leo/Documentos/mestrado/DeepWeeds-Mobile/images/20170811-130259-1.jpg,0,0,0,0,1,0.7174576,0.7174576,0.00070099306,1.991922e-05,3.212825e-06,0.00019396827,3.8156173e-05,8.0013587e-07,0.27629146,0.0052938997
/home/leo/Documentos/mestrado/DeepWeeds-Mobile/images/20170714-140444-2.jpg,1,1,1,1,1,0.998171,7.6123605e-09,0.998171,8.174904e-11,1.3532085e-07,6.374912e-10,3.470996e-09,0.0018195041,4.039848e-06,5.3806802e-06
/home/leo/Documentos/mestrado/DeepWeeds-Mobile/images/20180322-130353-1.jpg,8,8,8,8,1,0.99567384,0.0005614441,6.76435e-05,2.0791964e-07,0.0029500502,6.3869986e-05,0.00021718002,2.7254791e-06,0.00046300748,0.99567384
/home/leo/Documentos/mestrado/DeepWeeds-Mobile/images/20171025-080448-2.jpg,3,8,3,8,0,0.45343778,0.14471847,0.0037435095,0.0018286834,0.058658984,0.008376297,0.00013472291,2.521765e-06,0.3290991,0.45343778
/home/leo/Documentos/mestrado/DeepWeeds-Mobile/images/20170727-135214-1.jpg,4,4,4,4,1,0.9900057,2.3050687e-05,7.06457e-07,4.368832e-05,0.00050146616,0.9900057,7.1946786e-09,5.910642e-10,0.00073901686,0.008686422
/home/leo/Documentos/mestrado/DeepWeeds-Mobile/images/20170920-110952-2.jpg,2,2,2,2,1,0.94865716,8.7531254e-07,1.0954478e-08,0.94865716,1.1548359e-05,0.04417812,3.3361547e-07,1.6710198e-06,7.1209587e-07,0.0071495664
/home/leo/Documentos/mestrado/DeepWeeds-Mobile/images/20171109-194112-1.jpg,5,5,5,5,1,0.9120499,0.07269672,0.0027982718,1.5911004e-07,2.6802327e-05,3.0846272e-06,0.9120499,0.00095170276,0.00034897812,0.011124491
/home/leo/Documentos/mestrado/DeepWeeds-Mobile/images/20180119-115448-1.jpg,8,8,8,8,1,0.7151732,0.003210349,0.16753519,3.0293193e-05,0.026918067,0.0009766107,0.00071370654,0.06002858,0.025414074,0.7151732
/home/leo/Documentos/mestrado/DeepWeeds-Mobile/images/20180112-075931-2.jpg,8,8,8,8,1,0.66426384,0.14635469,7.3439485e-05,0.02007099,0.12585221,0.015707547,1.6645719e-06,3.9327375e-08,0.027675541,0.66426384
/home/leo/Documentos/mestrado/DeepWeeds-Mobile/images/20170920-160524-3.jpg,2,2,2,2,1,0.99621505,4.2824075e-07,1.7612989e-05,0.99621505,1.395733e-05,0.0004004897,1.6241457e-06,4.6768753e-05,1.1658267e-06,0.0033029567
/home/leo/Documentos/mestrado/DeepWeeds-Mobile/images/20180322-125646-1.jpg,8,8,8,8,1,0.9948717,0.00026743286,0.0019306368,6.382087e-08,1.646907e-06,4.5641806e-07,0.0014684505,3.6765919e-06,0.0014558592,0.9948717
/home/leo/Documentos/mestrado/DeepWeeds-Mobile/images/20180109-090131-1.jpg,8,8,8,8,1,0.98788595,0.0007772781,0.0001988777,8.635908e-05,0.0047554267,6.536788e-06,1.0985128e-05,0.00028556923,0.0059929937,0.98788595
/home/leo/Documentos/mestrado/DeepWeeds-Mobile/images/20171113-150526-1.jpg,6,6,6,6,1,0.7923534,0.0026516453,0.1902431,4.7994352e-05,3.7039797e-05,6.812502e-06,4.3144795e-05,0.7923534,0.0020212717,0.012595579
/home/leo/Documentos/mestrado/DeepWeeds-Mobile/images/20171219-112717-2.jpg,8,8,8,8,1,0.98003983,0.0029299585,0.00010196439,0.0028933405,0.007415429,0.0013336034,5.792591e-06,0.0013339069,0.0039461437,0.98003983
/home/leo/Documentos/mestrado/DeepWeeds-Mobile/images/20171220-100847-2.jpg,8,8,8,8,1,0.996309,2.9641651e-05,0.001622169,7.3330134e-11,8.227991e-05,1.2218437e-09,0.000119871256,0.0017463926,9.0588386e-05,0.996309
/home/leo/Documentos/mestrado/DeepWeeds-Mobile/images/20180112-080454-1.jpg,8,8,8,8,1,0.84307903,0.00025338805,0.0010833006,0.00023092952,0.14564694,0.009014708,1.1464685e-07,0.0001296497,0.0005619079,0.84307903
/home/leo/Documentos/mestrado/DeepWeeds-Mobile/images/20170127-101912-0.jpg,1,1,1,1,1,0.8879424,0.006953174,0.8879424,3.6356792e-07,0.00037157704,1.5012948e-05,0.0018706175,0.025526036,0.01615162,0.06116928
/home/leo/Documentos/mestrado/DeepWeeds-Mobile/images/20171025-091144-3.jpg,3,3,3,3,1,0.5178469,0.02858978,0.0016721889,0.023760434,0.5178469,0.18536483,0.00035929654,2.200319e-06,0.01918396,0.22322045
/home/leo/Documentos/mestrado/DeepWeeds-Mobile/images/20180109-104051-2.jpg,8,8,8,8,1,0.9985092,0.0007669234,1.0501013e-06,0.0005516139,0.00013584165,1.7692523e-06,1.9138463e-06,4.9063054e-10,3.167246e-05,0.9985092
/home/leo/Documentos/mestrado/DeepWeeds-Mobile/images/20180119-104755-2.jpg,8,8,8,8,1,0.958128,0.009526947,0.0054765926,0.00011258712,0.0015232058,0.00013512245,0.00027053512,0.000449795,0.02437724,0.958128
/home/leo/Documentos/mestrado/DeepWeeds-Mobile/images/20180119-110108-2.jpg,8,8,8,8,1,0.995139,0.0008064889,0.0006959855,1.9862484e-05,0.0017683313,0.00018907682,3.4432956e-05,2.2831348e-06,0.001344511,0.995139
/home/leo/Documentos/mestrado/DeepWeeds-Mobile/images/20170217-112305-0.jpg,0,0,0,0,1,0.9832665,0.9832665,6.707289e-05,4.997824e-07,1.2537631e-06,8.827629e-07,0.0017878935,0.00012356458,0.0047412603,0.010011013
/home/leo/Documentos/mestrado/DeepWeeds-Mobile/images/20171109-074113-3.jpg,5,5,5,5,1,0.8722929,2.477738e-05,8.802538e-06,1.0346025e-10,1.7025785e-07,7.8961324e-11,0.8722929,4.9359285e-05,5.262179e-06,0.12761873
/home/leo/Documentos/mestrado/DeepWeeds-Mobile/images/20171109-091920-3.jpg,5,5,5,5,1,0.9075798,5.160902e-05,6.8945796e-05,6.14544e-10,1.1145728e-06,3.9703854e-09,0.9075798,8.225615e-05,7.260436e-05,0.092143744
/home/leo/Documentos/mestrado/DeepWeeds-Mobile/images/20180119-114121-2.jpg,8,8,8,8,1,0.98607683,0.00036074125,0.00030612308,1.5050498e-09,9.065281e-07,1.895527e-09,0.013107034,5.861895e-05,8.969558e-05,0.98607683
/home/leo/Documentos/mestrado/DeepWeeds-Mobile/images/20171220-082943-2.jpg,8,8,8,8,1,0.9130584,0.0680121,0.0030217804,8.433157e-09,3.083431e-05,4.8150596e-05,0.0056498614,1.0316893e-06,0.010177756,0.9130584
/home/leo/Documentos/mestrado/DeepWeeds-Mobile/images/20180109-101147-2.jpg,8,8,8,8,1,0.92952126,5.2575826e-05,0.00045504794,0.0026313497,0.00036031034,0.00010207683,2.2318489e-05,0.06682244,3.2747877e-05,0.92952126
/home/leo/Documentos/mestrado/DeepWeeds-Mobile/images/20170714-114833-3.jpg,1,1,1,1,1,0.9921097,7.241071e-06,0.9921097,4.0364423e-09,1.221364e-05,8.051517e-08,0.0001688606,0.004581086,0.0006535434,0.0024672975
/home/leo/Documentos/mestrado/DeepWeeds-Mobile/images/20171109-090628-2.jpg,5,5,5,5,1,0.99959993,1.4086046e-07,5.398508e-05,1.9372587e-12,1.33823785e-11,5.8555855e-14,0.99959993,4.9919756e-05,6.216175e-07,0.00029544297
/home/leo/Documentos/mestrado/DeepWeeds-Mobile/images/20171113-120510-3.jpg,6,6,6,6,1,0.8653462,3.8641112e-05,0.000975487,0.00017095514,1.893838e-05,3.0749026e-05,6.8779605e-05,0.8653462,0.00017165746,0.1331786
/home/leo/Documentos/mestrado/DeepWeeds-Mobile/images/20170304-130916-0.jpg,7,7,7,7,1,0.99756145,0.0007729636,1.7011282e-06,3.1659102e-08,9.842455e-07,3.1725884e-09,2.196067e-05,1.7781944e-06,0.99756145,0.0016391544
/home/leo/Documentos/mestrado/DeepWeeds-Mobile/images/20171113-130049-2.jpg,6,8,6,8,0,0.94336116,1.8724857e-05,1.4253437e-05,0.0019313375,7.996273e-05,0.0022899203,1.4303241e-06,0.052273802,2.9345338e-05,0.94336116
/home/leo/Documentos/mestrado/DeepWeeds-Mobile/images/20170920-130911-2.jpg,2,2,2,2,1,0.99815255,3.0842597e-07,7.768819e-08,0.99815255,9.04287e-06,0.0013500978,5.9852286e-05,3.2328742e-07,2.7208114e-07,0.00042743163
/home/leo/Documentos/mestrado/DeepWeeds-Mobile/images/20171109-092844-2.jpg,5,5,5,5,1,0.9997735,3.4570704e-08,1.9196343e-05,5.21119e-16,2.869678e-11,4.5867353e-16,0.9997735,6.0960574e-06,2.0056046e-09,0.00020113827
/home/leo/Documentos/mestrado/DeepWeeds-Mobile/images/20171219-093737-2.jpg,8,8,8,8,1,0.9983008,0.0006857151,0.00064344675,1.4096545e-07,5.0540707e-06,5.4095615e-08,0.00031233917,1.2448406e-07,5.2437797e-05,0.9983008
/home/leo/Documentos/mestrado/DeepWeeds-Mobile/images/20170906-135455-1.jpg,3,8,3,8,0,0.4855756,0.08013349,0.00079708267,0.00027735645,0.35618326,0.03316709,8.4998675e-07,2.123417e-07,0.043864973,0.4855756
/home/leo/Documentos/mestrado/DeepWeeds-Mobile/images/20170405-160241-0.jpg,0,7,0,7,0,0.8234036,0.14947248,0.00028389273,0.0008109893,1.4806478e-05,2.5082614e-05,0.0012747524,0.023391662,0.8234036,0.0013227244
/home/leo/Documentos/mestrado/DeepWeeds-Mobile/images/20170705-161611-0.jpg,0,7,0,7,0,0.7819421,0.03729845,3.7528796e-05,0.009975135,0.002172602,0.061066046,0.0002733467,2.9841487e-05,0.7819421,0.10720499
/home/leo/Documentos/mestrado/DeepWeeds-Mobile/images/20170610-120839-0.jpg,1,1,1,1,1,0.9446076,0.00035994922,0.9446076,3.7715353e-08,2.604018e-05,1.09207754e-07,1.4623887e-05,0.040602528,0.0004698392,0.013919231
/home/leo/Documentos/mestrado/DeepWeeds-Mobile/images/20171025-090410-2.jpg,3,3,3,3,1,0.68024063,0.00040989558,0.05677841,0.008798784,0.68024063,0.109081894,7.4282834e-05,0.0064915107,0.0034089475,0.13471559
/home/leo/Documentos/mestrado/DeepWeeds-Mobile/images/20180105-100300-2.jpg,8,6,8,6,0,0.9431165,0.0001854755,4.6713434e-05,0.0005408953,0.000117546355,2.4159337e-05,1.0994714e-07,0.9431165,0.00011465138,0.05585396
/home/leo/Documentos/mestrado/DeepWeeds-Mobile/images/20171121-082544-2.jpg,6,6,6,6,1,0.6011246,0.023238845,0.0044720504,1.2099313e-05,0.0005838541,0.0016454359,0.29338846,0.6011246,0.031659056,0.04387556
/home/leo/Documentos/mestrado/DeepWeeds-Mobile/images/20170728-152800-1.jpg,8,4,8,4,0,0.9071126,0.0032509293,5.8307098e-05,0.0002407611,0.0027859043,0.9071126,2.3117032e-06,4.443158e-07,0.0144075835,0.072141096
/home/leo/Documentos/mestrado/DeepWeeds-Mobile/images/20170705-161257-0.jpg,7,7,7,7,1,0.41958314,0.414282,0.00063925266,0.0006985087,0.01808136,0.0134675745,0.0003082104,2.6762825e-06,0.41958314,0.13293728
/home/leo/Documentos/mestrado/DeepWeeds-Mobile/images/20170920-114750-3.jpg,2,2,2,2,1,0.4974746,1.230905e-05,2.1757585e-07,0.4974746,0.0001615924,0.48413828,2.4696178e-07,9.859963e-06,1.534793e-05,0.0181876
/home/leo/Documentos/mestrado/DeepWeeds-Mobile/images/20180125-134329-3.jpg,8,7,8,7,0,0.41887224,0.017803036,0.33320928,5.5699016e-05,0.0059136623,0.0043748356,0.0002842212,0.045523066,0.41887224,0.173964
/home/leo/Documentos/mestrado/DeepWeeds-Mobile/images/20171025-075018-2.jpg,3,3,3,3,1,0.35473952,0.14221698,0.11279849,2.2621423e-06,0.35473952,0.0008509177,0.00012385285,4.9970447e-05,0.14016066,0.24905728
/home/leo/Documentos/mestrado/DeepWeeds-Mobile/images/20170714-143159-2.jpg,1,1,1,1,1,0.411184,0.005759389,0.411184,0.00033649642,0.0016833929,0.0005129847,7.8463665e-05,0.34724206,0.029912421,0.20329075
/home/leo/Documentos/mestrado/DeepWeeds-Mobile/images/20170728-150817-1.jpg,4,4,4,4,1,0.99880505,6.6572807e-06,3.768911e-08,0.00042775675,0.00011076954,0.99880505,8.997395e-09,2.5585656e-09,2.6990929e-05,0.00062267605
/home/leo/Documentos/mestrado/DeepWeeds-Mobile/images/20171102-122914-3.jpg,2,2,2,2,1,0.7602258,0.040546503,0.0025134818,0.7602258,0.021172836,0.04139428,0.009040332,8.259057e-06,0.0031980244,0.121900454
/home/leo/Documentos/mestrado/DeepWeeds-Mobile/images/20170126-095533-0.jpg,1,1,1,1,1,0.94569397,0.008001758,0.94569397,4.119741e-07,0.0018553314,3.16807e-05,0.0025926682,0.010279169,0.009032721,0.022512242
/home/leo/Documentos/mestrado/DeepWeeds-Mobile/images/20180109-072828-2.jpg,8,6,8,6,0,0.8779513,0.0077675316,0.003853485,0.013338013,0.0006533589,0.0006563325,0.0003159077,0.8779513,0.004373685,0.091090396
/home/leo/Documentos/mestrado/DeepWeeds-Mobile/images/20180109-095451-2.jpg,8,8,8,8,1,0.9780707,0.00048499706,0.00022082968,0.0009802626,0.01924082,0.0007533068,3.2546075e-05,9.38811e-08,0.0002164977,0.9780707
/home/leo/Documentos/mestrado/DeepWeeds-Mobile/images/20180125-132243-2.jpg,8,8,8,8,1,0.9878873,0.0013217229,0.00020751692,2.8855428e-07,1.7336025e-06,6.906825e-07,0.009842386,6.485689e-07,0.0007377081,0.9878873
/home/leo/Documentos/mestrado/DeepWeeds-Mobile/images/20170920-164158-3.jpg,2,2,2,2,1,0.56336147,6.816257e-05,7.501455e-08,0.56336147,0.000112347436,0.42940125,1.3916791e-07,4.3932448e-07,7.897005e-05,0.0069770357
/home/leo/Documentos/mestrado/DeepWeeds-Mobile/images/20180125-134808-3.jpg,8,8,8,8,1,0.94150287,0.0070906933,0.004380071,0.00024848813,0.0175607,0.00464271,5.240909e-06,0.00043597718,0.024133269,0.94150287
/home/leo/Documentos/mestrado/DeepWeeds-Mobile/images/20171220-092429-3.jpg,8,8,8,8,1,0.982742,0.00012209304,6.93271e-05,1.7643162e-09,0.016995681,1.2977958e-06,4.9638635e-05,2.6614773e-06,1.7261802e-05,0.982742
/home/leo/Documentos/mestrado/DeepWeeds-Mobile/images/20170715-110117-1.jpg,1,1,1,1,1,0.6381311,8.8773743e-07,0.6381311,9.84184e-09,3.249636e-07,5.322456e-09,2.7627215e-05,0.35990646,9.4052404e-05,0.001839577
/home/leo/Documentos/mestrado/DeepWeeds-Mobile/images/20171203-172438-3.jpg,8,8,8,8,1,0.8715593,0.0009426,0.039499212,0.0011841442,0.002049884,0.0010424815,0.0015385615,0.07851732,0.003666479,0.8715593
/home/leo/Documentos/mestrado/DeepWeeds-Mobile/images/20170304-124920-0.jpg,0,0,0,0,1,0.45853233,0.45853233,0.0057051224,0.00071079144,0.0010663762,0.0010962646,0.0012015937,7.788576e-07,0.26448745,0.26719925
/home/leo/Documentos/mestrado/DeepWeeds-Mobile/images/20170501-144335-0.jpg,1,1,1,1,1,0.58600956,0.0038553486,0.58600956,1.0651064e-06,0.00069370825,3.550157e-05,0.00018260836,0.0077293715,0.081118114,0.3203748
/home/leo/Documentos/mestrado/DeepWeeds-Mobile/images/20180109-075559-2.jpg,8,8,8,8,1,0.9575573,2.7360242e-05,7.668808e-06,0.0025407732,0.00043862814,0.00093839504,9.669269e-08,0.038448572,4.113272e-05,0.9575573
/home/leo/Documentos/mestrado/DeepWeeds-Mobile/images/20180105-095321-2.jpg,8,8,8,8,1,0.99899393,7.259508e-07,4.1632586e-05,1.4502194e-06,0.00012993981,0.00019542736,2.6577166e-07,0.0006317901,4.911839e-06,0.99899393
/home/leo/Documentos/mestrado/DeepWeeds-Mobile/images/20170610-122454-0.jpg,1,1,1,1,1,0.5824828,0.40986654,0.5824828,1.6801367e-06,2.5275669e-05,9.1507225e-08,0.00040796326,0.0004596565,0.0021773058,0.0045787445
/home/leo/Documentos/mestrado/DeepWeeds-Mobile/images/20180322-103408-1.jpg,8,8,8,8,1,0.94621444,0.026245497,0.00421549,0.0017022652,0.0010249024,0.00279032,0.0052706264,3.7642883e-06,0.01253268,0.94621444
/home/leo/Documentos/mestrado/DeepWeeds-Mobile/images/20180125-093025-1.jpg,8,8,8,8,1,0.9999342,1.1521529e-09,5.7448235e-12,9.394232e-08,3.6542993e-09,6.5728425e-05,1.89128e-11,2.8716494e-08,8.2097544e-11,0.9999342
/home/leo/Documentos/mestrado/DeepWeeds-Mobile/images/20170714-165953-1.jpg,1,1,1,1,1,0.93823874,9.983574e-05,0.93823874,2.241116e-09,0.035063088,1.9338397e-05,1.3046934e-05,0.00020875494,0.0029024465,0.023454726
/home/leo/Documentos/mestrado/DeepWeeds-Mobile/images/20170913-105456-2.jpg,3,3,3,3,1,0.996585,1.7231878e-06,9.552846e-07,0.0017832613,0.996585,0.0006160501,5.925857e-06,8.039716e-07,2.5787322e-06,0.0010035754
/home/leo/Documentos/mestrado/DeepWeeds-Mobile/images/20170906-114227-1.jpg,3,3,3,3,1,0.9933541,3.6250754e-06,1.3927749e-07,2.6774077e-13,0.9933541,4.8115316e-09,1.1801337e-09,1.8663783e-07,4.762457e-05,0.006594347
/home/leo/Documentos/mestrado/DeepWeeds-Mobile/images/20171113-061216-1.jpg,6,6,6,6,1,0.78951645,7.467345e-07,0.00020438501,0.004261868,2.862246e-07,8.1388555e-07,1.3211228e-05,0.78951645,6.608361e-07,0.2060016
/home/leo/Documentos/mestrado/DeepWeeds-Mobile/images/20180105-102009-2.jpg,8,6,8,6,0,0.8094139,7.827131e-06,2.9062741e-05,0.00027762493,1.0331191e-05,0.00011061033,9.703193e-08,0.8094139,5.7510188e-06,0.19014482
/home/leo/Documentos/mestrado/DeepWeeds-Mobile/images/20180112-093911-1.jpg,8,8,8,8,1,0.9965701,0.00020713826,1.9468722e-05,3.6789545e-06,0.0009493141,2.35008e-06,1.8437258e-05,1.2742793e-05,0.0022166993,0.9965701
/home/leo/Documentos/mestrado/DeepWeeds-Mobile/images/20171102-102521-2.jpg,2,2,2,2,1,0.9998964,4.1910212e-08,2.9830027e-09,0.9998964,2.0960774e-06,4.349488e-05,1.820322e-08,2.0849465e-10,9.218928e-09,5.7950077e-05
/home/leo/Documentos/mestrado/DeepWeeds-Mobile/images/20170714-122419-3.jpg,1,1,1,1,1,0.9942993,0.0001466206,0.9942993,1.2406132e-08,2.6584065e-08,5.57547e-09,2.1011585e-06,0.004344356,0.0011669777,4.048334e-05
/home/leo/Documentos/mestrado/DeepWeeds-Mobile/images/20171113-092534-3.jpg,5,5,5,5,1,0.9986521,6.853797e-07,5.4449305e-05,7.352478e-10,1.820681e-11,4.692048e-12,0.9986521,5.079678e-05,6.842772e-07,0.0012413091
/home/leo/Documentos/mestrado/DeepWeeds-Mobile/images/20170210-145151-0.jpg,0,0,0,0,1,0.9909712,0.9909712,9.336589e-07,1.895512e-09,2.3969837e-09,4.457479e-10,4.1542453e-06,7.269539e-09,0.008730985,0.00029278456
/home/leo/Documentos/mestrado/DeepWeeds-Mobile/images/20170501-145307-0.jpg,8,8,8,8,1,0.7057841,0.0926428,0.0831691,0.00055997394,0.0020886348,0.0011086342,0.012922473,0.032013893,0.069710344,0.7057841
/home/leo/Documentos/mestrado/DeepWeeds-Mobile/images/20170811-130240-2.jpg,0,0,0,0,1,0.9538164,0.9538164,0.0002521799,8.6990105e-05,7.730759e-06,1.0259911e-05,0.00059893716,1.8952778e-07,0.009048548,0.036178887
/home/leo/Documentos/mestrado/DeepWeeds-Mobile/images/20170906-111745-1.jpg,3,3,3,3,1,0.65039396,0.00018527325,0.030416777,1.8123823e-06,0.65039396,0.0050711404,3.5958171e-06,0.00093348324,0.005164216,0.30782968
/home/leo/Documentos/mestrado/DeepWeeds-Mobile/images/20170706-105430-0.jpg,7,1,7,1,0,0.5012284,0.10065926,0.5012284,1.5734996e-07,0.00021870823,2.7640334e-07,0.02540372,0.016186474,0.30618885,0.050114166
/home/leo/Documentos/mestrado/DeepWeeds-Mobile/images/20180109-091303-2.jpg,8,8,8,8,1,0.9590275,0.00042158653,0.029641422,3.443541e-07,6.105142e-05,9.990326e-07,0.0022017362,7.491226e-05,0.00857039,0.9590275
/home/leo/Documentos/mestrado/DeepWeeds-Mobile/images/20180125-091835-1.jpg,8,8,8,8,1,0.9990295,0.00053916883,0.00014161327,1.5159697e-08,5.4103442e-05,2.1517702e-05,5.006538e-05,3.0653e-08,0.00016407261,0.9990295
/home/leo/Documentos/mestrado/DeepWeeds-Mobile/images/20171109-073544-3.jpg,5,5,5,5,1,0.9956559,2.0789152e-05,5.1452143e-06,1.7301595e-10,7.2789694e-09,8.376161e-12,0.9956559,4.6614227e-06,2.9037174e-05,0.004284497
/home/leo/Documentos/mestrado/DeepWeeds-Mobile/images/20161207-111813-0.jpg,0,0,0,0,1,0.9159629,0.9159629,0.0038988625,7.9000345e-10,2.1757681e-07,3.0845668e-09,0.0026402858,0.00016388913,0.007548947,0.069784865
/home/leo/Documentos/mestrado/DeepWeeds-Mobile/images/20171102-103940-2.jpg,2,3,2,3,0,0.47801572,0.0038721305,0.0005201224,0.15091139,0.47801572,0.06507882,0.00018779495,0.00015895246,0.0008754248,0.30037963
/home/leo/Documentos/mestrado/DeepWeeds-Mobile/images/20171220-085351-2.jpg,8,8,8,8,1,0.9985953,8.235453e-05,1.1122389e-05,1.5900415e-08,0.0012156762,7.3455712e-06,1.5805729e-06,1.5975176e-07,8.648247e-05,0.9985953
/home/leo/Documentos/mestrado/DeepWeeds-Mobile/images/20171218-113518-3.jpg,8,8,8,8,1,0.60736173,0.0017555931,0.0041167266,6.4688614e-08,9.995238e-05,5.9345285e-07,0.33930832,0.0014346215,0.04592249,0.60736173
/home/leo/Documentos/mestrado/DeepWeeds-Mobile/images/20180112-080507-2.jpg,8,8,8,8,1,0.88360417,0.00034808114,0.0013789228,0.07252477,0.0016882136,0.03884886,2.7885466e-05,0.00012634059,0.0014527082,0.88360417
/home/leo/Documentos/mestrado/DeepWeeds-Mobile/images/20180322-114618-2.jpg,8,8,8,8,1,0.9512305,0.0059005623,0.0014325074,0.000814269,0.0022960317,0.02689022,0.00013316303,1.03427396e-07,0.011302532,0.9512305
/home/leo/Documentos/mestrado/DeepWeeds-Mobile/images/20180105-092451-2.jpg,8,8,8,8,1,0.9957073,2.5832847e-07,8.61278e-07,3.367719e-05,2.0719865e-06,0.00020938771,2.2340299e-08,0.0040461896,2.894825e-07,0.9957073
/home/leo/Documentos/mestrado/DeepWeeds-Mobile/images/20170630-151716-0.jpg,7,7,7,7,1,0.68976176,0.24237399,0.029862257,2.9616189e-05,0.00024120552,2.9276787e-05,0.0002996917,0.002310679,0.68976176,0.03509149
/home/leo/Documentos/mestrado/DeepWeeds-Mobile/images/20170727-144020-1.jpg,4,4,4,4,1,0.7201478,0.14404055,0.003314971,0.009938607,0.005448954,0.7201478,0.004531479,0.00012975138,0.07833249,0.03411536
/home/leo/Documentos/mestrado/DeepWeeds-Mobile/images/20171218-103624-2.jpg,8,8,8,8,1,0.92446005,0.028307756,0.021773476,0.00010375304,0.0030782039,8.6992026e-05,0.001243536,7.470337e-05,0.020871677,0.92446005
/home/leo/Documentos/mestrado/DeepWeeds-Mobile/images/20171219-112927-2.jpg,8,8,8,8,1,0.61091834,0.0013842067,0.000128509,0.12534525,0.010802467,0.24908338,2.0841212e-06,0.00027123108,0.0020645263,0.61091834
/home/leo/Documentos/mestrado/DeepWeeds-Mobile/images/20171113-093349-3.jpg,5,5,5,5,1,0.782592,0.18289408,0.0035143816,2.0854124e-07,1.06489235e-08,3.3980347e-09,0.782592,0.026378911,0.0011647048,0.003455731
/home/leo/Documentos/mestrado/DeepWeeds-Mobile/images/20170217-114455-0.jpg,0,7,0,7,0,0.66484463,0.23702481,0.000110273206,1.6548185e-05,1.3474079e-06,8.2371855e-08,0.053646293,3.2808024e-05,0.66484463,0.044323236
/home/leo/Documentos/mestrado/DeepWeeds-Mobile/images/20171109-091143-2.jpg,5,6,5,6,0,0.73489493,0.0060093137,0.001541012,1.9141446e-07,0.00010784313,9.734868e-08,0.09250906,0.73489493,0.00031170377,0.16462585
/home/leo/Documentos/mestrado/DeepWeeds-Mobile/images/20180125-133130-3.jpg,8,7,8,7,0,0.4446561,0.20754625,0.085711956,0.001145295,0.015461248,0.0011312559,0.00062401535,0.075030155,0.4446561,0.16869377
/home/leo/Documentos/mestrado/DeepWeeds-Mobile/images/20180125-132435-2.jpg,8,8,8,8,1,0.99949265,0.00015463535,8.7184606e-05,3.4747205e-07,8.338459e-05,0.00014757151,8.479246e-06,1.4408738e-07,2.5489453e-05,0.99949265
/home/leo/Documentos/mestrado/DeepWeeds-Mobile/images/20170727-151553-1.jpg,4,4,4,4,1,0.9568362,3.483529e-05,4.2937847e-07,0.034010388,0.0010469925,0.9568362,4.3217753e-08,9.201982e-08,0.000121522186,0.007949415
/home/leo/Documentos/mestrado/DeepWeeds-Mobile/images/20171220-084724-3.jpg,8,8,8,8,1,0.9999274,4.9439013e-06,1.4068117e-05,1.3672669e-13,2.8822167e-05,3.9023185e-10,5.621231e-08,4.1156465e-09,2.4809371e-05,0.9999274
/home/leo/Documentos/mestrado/DeepWeeds-Mobile/images/20170729-090346-1.jpg,4,4,4,4,1,0.9936759,0.0001269775,8.67657e-07,9.957812e-06,0.0007537987,0.9936759,1.3485105e-09,1.6926517e-11,0.00028765056,0.0051448965
/home/leo/Documentos/mestrado/DeepWeeds-Mobile/images/20180125-130921-2.jpg,8,8,8,8,1,0.9488198,0.00465663,0.028656946,0.0016928945,0.0011985733,0.00028374,0.00073003216,0.0005133668,0.013447857,0.9488198
/home/leo/Documentos/mestrado/DeepWeeds-Mobile/images/20170217-112903-0.jpg,0,0,0,0,1,0.9832867,0.9832867,1.4927264e-05,3.8467604e-08,4.614299e-08,2.3576796e-08,0.00018289608,0.0006224085,0.015027098,0.0008659601
/home/leo/Documentos/mestrado/DeepWeeds-Mobile/images/20171102-123220-3.jpg,2,2,2,2,1,0.9999976,5.823047e-14,3.3303116e-14,0.9999976,4.4912396e-10,4.552288e-08,2.9040406e-14,8.9338595e-13,2.5634326e-14,2.3937662e-06
/home/leo/Documentos/mestrado/DeepWeeds-Mobile/images/20180109-100732-1.jpg,8,8,8,8,1,0.9981814,0.00016990228,0.0007225052,4.360698e-05,0.00023750534,4.7089987e-05,8.439224e-05,0.00019103885,0.0003225163,0.9981814
/home/leo/Documentos/mestrado/DeepWeeds-Mobile/images/20171220-095606-2.jpg,8,8,8,8,1,0.9986545,2.098294e-05,1.2784207e-06,8.536856e-10,2.7561571e-05,2.6128e-08,0.0012402495,3.5821795e-06,5.1835254e-05,0.9986545
/home/leo/Documentos/mestrado/DeepWeeds-Mobile/images/20171203-165059-3.jpg,8,8,8,8,1,0.9775369,0.0019840575,0.0056492733,3.2515997e-11,0.0042480896,2.6759572e-08,0.0042892443,4.9587766e-06,0.0062874095,0.9775369
/home/leo/Documentos/mestrado/DeepWeeds-Mobile/images/20180125-125855-2.jpg,8,8,8,8,1,0.9971932,1.0668966e-06,6.694193e-07,7.881104e-06,3.2024975e-05,0.002677206,3.088301e-08,8.7549706e-05,2.7228975e-07,0.9971932
/home/leo/Documentos/mestrado/DeepWeeds-Mobile/images/20171219-093944-3.jpg,8,8,8,8,1,0.55661565,0.29205585,0.0011110824,5.228363e-08,0.1351065,1.4153235e-05,1.7349206e-05,3.6924888e-08,0.015079384,0.55661565
/home/leo/Documentos/mestrado/DeepWeeds-Mobile/images/20171109-090914-3.jpg,5,5,5,5,1,0.988182,0.00076373824,5.413138e-05,7.1821066e-10,1.4367578e-05,2.1822382e-09,0.988182,0.0007388655,5.750625e-06,0.010241069
/home/leo/Documentos/mestrado/DeepWeeds-Mobile/images/20170920-112823-3.jpg,2,2,2,2,1,0.9996122,4.1081954e-08,3.9297756e-09,0.9996122,3.6661602e-06,0.00022635616,9.459263e-09,1.8543254e-07,6.664229e-08,0.00015741051
/home/leo/Documentos/mestrado/DeepWeeds-Mobile/images/20171025-094302-2.jpg,3,8,3,8,0,0.9164727,0.0009825069,0.0014351768,0.002175812,0.075139426,0.0027662239,2.1138396e-05,0.0007581206,0.00024884002,0.9164727
/home/leo/Documentos/mestrado/DeepWeeds-Mobile/images/20170727-130526-1.jpg,4,4,4,4,1,0.9858827,3.1110476e-06,5.4364897e-08,0.0053994562,8.259556e-05,0.9858827,3.183896e-07,3.3344693e-06,3.9529752e-07,0.008628039
/home/leo/Documentos/mestrado/DeepWeeds-Mobile/images/20180119-110031-1.jpg,8,8,8,8,1,0.97154236,0.00045749146,0.0146396635,0.00040193202,0.0037390336,0.0021198953,4.4771416e-05,0.003781557,0.0032731474,0.97154236
/home/leo/Documentos/mestrado/DeepWeeds-Mobile/images/20170714-140157-3.jpg,1,1,1,1,1,0.99952465,5.92256e-06,0.99952465,6.827452e-11,1.15136745e-08,1.2882098e-11,2.701314e-06,0.00016880229,4.2164447e-05,0.00025569214
/home/leo/Documentos/mestrado/DeepWeeds-Mobile/images/20170728-150952-1.jpg,4,4,4,4,1,0.9477181,6.5788896e-05,9.086928e-06,0.0108547965,0.0014020957,0.9477181,2.8896187e-05,0.00012964496,9.694063e-05,0.03969472
/home/leo/Documentos/mestrado/DeepWeeds-Mobile/images/20170704-152032-0.jpg,0,0,0,0,1,0.92386925,0.92386925,2.2849292e-07,4.945782e-10,1.150045e-09,1.3651399e-08,0.00028293455,3.237693e-07,7.3345065e-05,0.07577396
/home/leo/Documentos/mestrado/DeepWeeds-Mobile/images/20170704-150644-0.jpg,7,7,7,7,1,0.5556146,0.06946025,0.012616803,0.00016022655,0.00028156393,0.00024022482,0.0013830254,0.013028145,0.5556146,0.34721518
/home/leo/Documentos/mestrado/DeepWeeds-Mobile/images/20180125-093634-2.jpg,8,8,8,8,1,0.99980795,3.0131449e-05,3.1917552e-05,1.7286203e-08,3.51648e-05,3.2996913e-06,8.274514e-05,3.9049535e-08,8.737091e-06,0.99980795
/home/leo/Documentos/mestrado/DeepWeeds-Mobile/images/20180125-095727-1.jpg,8,8,8,8,1,0.9462767,0.0003001725,0.000499035,6.139919e-05,0.044894785,0.001373782,5.922314e-05,0.0048314193,0.001703467,0.9462767
/home/leo/Documentos/mestrado/DeepWeeds-Mobile/images/20171220-091108-2.jpg,8,5,8,5,0,0.6277603,5.682071e-05,6.309075e-05,7.2337926e-12,8.47498e-06,2.8311856e-11,0.6277603,1.0989238e-05,5.391374e-06,0.37209496
/home/leo/Documentos/mestrado/DeepWeeds-Mobile/images/20171212-104801-3.jpg,8,8,8,8,1,0.981854,0.000104582614,0.017478952,8.326439e-08,0.0002560932,7.510064e-09,2.9679846e-05,1.8111955e-06,0.00027474813,0.981854
/home/leo/Documentos/mestrado/DeepWeeds-Mobile/images/20170714-111842-2.jpg,1,1,1,1,1,0.86622214,0.00014459694,0.86622214,1.4610131e-06,0.003738778,0.00015715051,0.0001533986,0.013122011,0.023368565,0.09309182
/home/leo/Documentos/mestrado/DeepWeeds-Mobile/images/20170729-092837-2.jpg,4,4,4,4,1,0.56700283,0.00020106386,0.0013276866,0.23540813,0.03944362,0.56700283,1.4973149e-06,0.00013674877,0.0012775246,0.15520091
/home/leo/Documentos/mestrado/DeepWeeds-Mobile/images/20171219-112304-2.jpg,8,8,8,8,1,0.44546032,0.014280433,0.0005044495,0.012879011,0.43631297,0.03447992,2.9776286e-06,0.012293921,0.043785933,0.44546032
/home/leo/Documentos/mestrado/DeepWeeds-Mobile/images/20180109-104829-1.jpg,8,8,8,8,1,0.9106736,0.055328947,4.2474912e-05,0.001898803,0.0020135657,0.00028915599,7.721282e-06,6.265677e-08,0.029745623,0.9106736
/home/leo/Documentos/mestrado/DeepWeeds-Mobile/images/20180119-104945-2.jpg,8,8,8,8,1,0.93600947,0.0004586149,0.010778449,0.0031814668,0.03672047,0.0068896823,0.00012375183,0.0052871676,0.00055086974,0.93600947
/home/leo/Documentos/mestrado/DeepWeeds-Mobile/images/20180109-070019-2.jpg,8,8,8,8,1,0.9921823,1.7965738e-06,0.0004758997,4.4649496e-06,1.7811501e-06,3.2960709e-06,4.4000913e-05,0.0072626374,2.3851193e-05,0.9921823
/home/leo/Documentos/mestrado/DeepWeeds-Mobile/images/20171220-100330-2.jpg,8,8,8,8,1,0.9930363,7.877221e-05,3.6992412e-06,9.6903846e-11,0.0007974345,5.2610016e-10,0.006062527,1.1622515e-05,9.630947e-06,0.9930363
/home/leo/Documentos/mestrado/DeepWeeds-Mobile/images/20180109-072708-2.jpg,8,8,8,8,1,0.8032834,0.010253365,0.008534067,0.014947137,0.0013421522,0.0463331,0.0019311701,0.091053344,0.022322323,0.8032834
/home/leo/Documentos/mestrado/DeepWeeds-Mobile/images/20180109-101415-1.jpg,8,8,8,8,1,0.97381365,0.018728219,3.639257e-05,4.6242665e-05,0.00015485298,2.026625e-06,1.8692137e-05,0.00063084165,0.006569093,0.97381365
/home/leo/Documentos/mestrado/DeepWeeds-Mobile/images/20161207-143329-0.jpg,7,8,7,8,0,0.9776792,0.0015478036,0.00017510267,2.962197e-08,0.010917424,1.4344067e-05,0.00041506527,1.9351262e-05,0.009231707,0.9776792
/home/leo/Documentos/mestrado/DeepWeeds-Mobile/images/20171218-105811-3.jpg,8,8,8,8,1,0.999703,4.0544204e-05,6.192538e-05,9.9406976e-11,0.0001739545,2.4584864e-08,3.1352536e-06,4.7747193e-09,1.7466373e-05,0.999703
/home/leo/Documentos/mestrado/DeepWeeds-Mobile/images/20170217-095330-0.jpg,7,7,7,7,1,0.90759623,0.031892467,4.917014e-06,2.1922351e-05,1.0071315e-06,2.2945576e-06,0.0001393393,2.168489e-05,0.90759623,0.060320217
/home/leo/Documentos/mestrado/DeepWeeds-Mobile/images/20170714-150335-1.jpg,1,1,1,1,1,1.0,1.8425131e-10,1.0,3.3359363e-16,1.8024763e-14,8.985017e-19,1.6486058e-14,2.688837e-08,8.5740764e-10,1.9982445e-10
/home/leo/Documentos/mestrado/DeepWeeds-Mobile/images/20180109-101512-1.jpg,8,8,8,8,1,0.97552186,0.0010685562,2.5844442e-05,0.013088099,0.007783489,0.0022353628,7.1802815e-06,5.8264973e-08,0.00026956215,0.97552186
/home/leo/Documentos/mestrado/DeepWeeds-Mobile/images/20171109-092443-2.jpg,5,5,5,5,1,0.9926664,3.395783e-05,0.0001362487,9.027504e-10,1.9168588e-06,1.2191002e-10,0.9926664,3.860357e-05,1.0726021e-05,0.00711214
/home/leo/Documentos/mestrado/DeepWeeds-Mobile/images/20170920-113554-3.jpg,2,2,2,2,1,0.730787,1.9073053e-06,1.2667679e-08,0.730787,3.4773922e-05,0.26670116,1.2371973e-07,7.8871597e-07,3.1926884e-06,0.002471123
/home/leo/Documentos/mestrado/DeepWeeds-Mobile/images/20171122-101924-1.jpg,5,5,5,5,1,0.42040482,0.19495231,0.20510752,2.733451e-05,0.00037546497,1.8911649e-05,0.42040482,0.11999375,0.033819642,0.025300233
/home/leo/Documentos/mestrado/DeepWeeds-Mobile/images/20161207-111903-0.jpg,0,0,0,0,1,0.5357891,0.5357891,0.039626323,3.5793088e-09,1.122717e-05,4.880648e-09,0.0036931543,0.0016463229,0.0007614339,0.41847247
/home/leo/Documentos/mestrado/DeepWeeds-Mobile/images/20180109-095445-2.jpg,8,8,8,8,1,0.99492985,0.00028819463,5.8435908e-06,0.00033794864,0.0042454866,2.8477323e-06,2.7324506e-05,1.2551835e-07,0.00016242593,0.99492985
/home/leo/Documentos/mestrado/DeepWeeds-Mobile/images/20170630-153907-0.jpg,8,8,8,8,1,0.90675616,0.08833293,9.829124e-05,1.270553e-07,4.6051326e-08,9.804519e-09,0.00057096704,0.0025466392,0.0016947917,0.90675616
/home/leo/Documentos/mestrado/DeepWeeds-Mobile/images/20171212-094641-1.jpg,8,8,8,8,1,0.9503041,7.447598e-05,0.0007331984,8.751462e-11,0.047297742,6.418333e-07,5.7797624e-06,1.5912448e-05,0.0015681714,0.9503041
/home/leo/Documentos/mestrado/DeepWeeds-Mobile/images/20170729-092752-1.jpg,4,4,4,4,1,0.9904909,9.099975e-05,1.5474515e-06,0.00026391083,0.0016165919,0.9904909,1.0092627e-06,6.9697035e-09,0.00079709484,0.006737891
/home/leo/Documentos/mestrado/DeepWeeds-Mobile/images/20170714-140131-1.jpg,1,1,1,1,1,0.8254085,0.0013167623,0.8254085,1.7828521e-09,0.0005486196,9.859916e-07,4.9425794e-06,1.255158e-05,0.16481797,0.007889668
/home/leo/Documentos/mestrado/DeepWeeds-Mobile/images/20180112-101815-1.jpg,8,8,8,8,1,0.9994718,0.0003527204,7.6426403e-07,7.051334e-05,6.367519e-07,3.4491535e-07,1.1065014e-05,1.6126809e-07,9.197849e-05,0.9994718
/home/leo/Documentos/mestrado/DeepWeeds-Mobile/images/20180105-101548-2.jpg,8,8,8,8,1,0.9271683,4.0505033e-06,2.2200571e-05,0.00040420608,6.703519e-05,0.0009632574,6.4168086e-07,0.07136734,2.992827e-06,0.9271683
/home/leo/Documentos/mestrado/DeepWeeds-Mobile/images/20170727-172057-3.jpg,4,8,4,8,0,0.6011193,0.013278998,0.0033193792,0.011675015,0.021364203,0.3292743,0.0031410817,0.0010622859,0.015765503,0.6011193
/home/leo/Documentos/mestrado/DeepWeeds-Mobile/images/20171025-074659-3.jpg,7,7,7,7,1,0.5960949,0.08685374,0.0039290497,5.4673095e-05,0.010530423,1.788368e-05,0.002139582,0.2672539,0.5960949,0.033125922
/home/leo/Documentos/mestrado/DeepWeeds-Mobile/images/20171121-074235-1.jpg,6,6,6,6,1,0.9310348,1.4966714e-05,0.042861667,3.4096695e-07,0.001780935,1.4643236e-06,0.00011912057,0.9310348,0.0060394113,0.018147334
/home/leo/Documentos/mestrado/DeepWeeds-Mobile/images/20180112-094631-1.jpg,8,8,8,8,1,0.99509263,0.002639733,0.00019690642,8.9850255e-05,0.000412289,1.4412652e-05,0.0002185108,0.00018643809,0.0011493427,0.99509263
/home/leo/Documentos/mestrado/DeepWeeds-Mobile/images/20171220-092220-3.jpg,8,8,8,8,1,0.436236,0.111288086,0.004808422,0.0019437713,0.0034704648,0.021656241,0.39211595,0.0001942253,0.028286831,0.436236
/home/leo/Documentos/mestrado/DeepWeeds-Mobile/images/20170405-155215-0.jpg,0,0,0,0,1,0.9229167,0.9229167,0.0006555087,1.1716996e-05,3.0220446e-07,2.5161688e-09,0.0009053006,6.229229e-07,0.058884855,0.016624926
/home/leo/Documentos/mestrado/DeepWeeds-Mobile/images/20170217-115221-0.jpg,0,0,0,0,1,0.96541613,0.96541613,0.0012798726,1.5372441e-07,3.724961e-07,9.429477e-09,9.468149e-06,0.0006335587,0.032321416,0.00033904664
/home/leo/Documentos/mestrado/DeepWeeds-Mobile/images/20170714-143444-1.jpg,1,1,1,1,1,0.8523081,0.0012773012,0.8523081,9.051143e-10,9.343176e-05,1.4119336e-06,9.573471e-06,0.003211752,0.103329174,0.03976923
/home/leo/Documentos/mestrado/DeepWeeds-Mobile/images/20171102-100725-2.jpg,4,8,4,8,0,0.8618595,0.00077589985,0.0031843672,0.00056608464,0.030906428,0.09992325,2.6775333e-06,1.1019959e-05,0.0027707955,0.8618595
/home/leo/Documentos/mestrado/DeepWeeds-Mobile/images/20180125-133224-3.jpg,8,8,8,8,1,0.7397277,0.0012883773,0.0009991811,0.11382761,0.005978859,0.13383296,3.071948e-06,7.4296004e-05,0.004268068,0.7397277
/home/leo/Documentos/mestrado/DeepWeeds-Mobile/images/20180125-091509-2.jpg,8,8,8,8,1,0.99954444,2.090873e-07,2.284286e-08,4.8472735e-05,3.758681e-06,0.00039066625,1.1290881e-08,1.1925292e-05,3.3695537e-07,0.99954444
/home/leo/Documentos/mestrado/DeepWeeds-Mobile/images/20171220-094834-1.jpg,8,8,8,8,1,0.9999143,1.117347e-06,2.4200242e-08,4.763626e-14,7.0826885e-05,1.4507685e-11,1.32927935e-05,1.4696081e-09,5.263025e-07,0.9999143
/home/leo/Documentos/mestrado/DeepWeeds-Mobile/images/20170729-093209-1.jpg,4,4,4,4,1,0.64242023,0.0074058804,0.001413247,0.005708161,0.0049850605,0.64242023,8.205645e-05,3.1540595e-09,0.15917207,0.1788132
/home/leo/Documentos/mestrado/DeepWeeds-Mobile/images/20170728-150640-3.jpg,8,4,8,4,0,0.8711627,0.0022337001,2.0757387e-05,2.2796169e-06,0.0017355939,0.8711627,1.1639269e-08,1.29905855e-08,0.022986108,0.10185885
/home/leo/Documentos/mestrado/DeepWeeds-Mobile/images/20180105-100913-2.jpg,8,8,8,8,1,0.96226406,0.00021110967,0.00015167093,0.0032589238,0.0011555771,0.0013846635,7.0209876e-06,0.030454542,0.0011123818,0.96226406
/home/leo/Documentos/mestrado/DeepWeeds-Mobile/images/20171220-090736-2.jpg,8,8,8,8,1,0.99416757,0.0018883938,8.7570625e-05,7.023987e-05,0.0007703438,0.00027019662,0.0027033228,1.5916405e-05,2.6445514e-05,0.99416757
/home/leo/Documentos/mestrado/DeepWeeds-Mobile/images/20170913-125011-3.jpg,5,3,5,3,0,0.99358976,1.8112118e-05,1.2935811e-06,2.496535e-05,0.99358976,0.0037370306,0.0014868269,2.2956404e-07,5.932488e-06,0.0011358756
/home/leo/Documentos/mestrado/DeepWeeds-Mobile/images/20171113-101830-0.jpg,6,6,6,6,1,0.99991834,1.5681513e-07,6.077966e-05,7.8751944e-10,1.8999339e-08,6.45866e-11,9.852222e-08,0.99991834,4.5319482e-07,2.0087207e-05
/home/leo/Documentos/mestrado/DeepWeeds-Mobile/images/20171102-120126-2.jpg,2,2,2,2,1,0.9907518,3.4201017e-05,5.683727e-08,0.9907518,0.0026299192,0.0031592695,8.277601e-08,2.4314144e-07,6.372032e-06,0.0034181208
/home/leo/Documentos/mestrado/DeepWeeds-Mobile/images/20171113-120003-1.jpg,6,6,6,6,1,0.98304236,9.966401e-07,0.004503123,5.140195e-07,9.314084e-07,3.891095e-07,6.075356e-07,0.98304236,2.032571e-05,0.012430874
/home/leo/Documentos/mestrado/DeepWeeds-Mobile/images/20170727-170007-1.jpg,4,4,4,4,1,0.97271806,0.00010744809,3.4952666e-06,0.0018738547,0.0010074504,0.97271806,4.3785707e-07,1.3169301e-09,0.004156482,0.020132694
/home/leo/Documentos/mestrado/DeepWeeds-Mobile/images/20171113-105049-0.jpg,6,6,6,6,1,0.99744946,0.0001736276,0.0009844453,2.0148452e-06,1.1572385e-05,2.3933714e-07,5.71996e-05,0.99744946,0.00011566136,0.0012057537
/home/leo/Documentos/mestrado/DeepWeeds-Mobile/images/20180119-110050-1.jpg,8,8,8,8,1,0.9945444,0.0010036521,0.00027364958,0.00028024561,0.0013672318,0.00020101156,2.2017234e-06,0.0010534568,0.0012742963,0.9945444
/home/leo/Documentos/mestrado/DeepWeeds-Mobile/images/20180322-113107-1.jpg,8,8,8,8,1,0.99650407,0.0023260715,5.4493936e-05,0.00013609687,5.2253647e-05,1.2342032e-07,0.00023986962,1.0130236e-07,0.0006868661,0.99650407
/home/leo/Documentos/mestrado/DeepWeeds-Mobile/images/20170714-121517-3.jpg,1,6,1,6,0,0.51739293,0.07967703,0.081530675,0.0135424305,0.0019231004,0.003881261,0.0006271004,0.51739293,0.12035427,0.1810712
/home/leo/Documentos/mestrado/DeepWeeds-Mobile/images/20171122-101626-1.jpg,5,5,5,5,1,0.79801464,0.095189944,0.0009967209,5.9498495e-07,1.7396278e-06,1.1070636e-07,0.79801464,0.0010422807,0.0007743276,0.10397963
/home/leo/Documentos/mestrado/DeepWeeds-Mobile/images/20180112-103709-1.jpg,8,8,8,8,1,0.9964043,0.0015256138,0.00010903014,0.00013163139,1.2401851e-05,3.5912305e-07,8.8397144e-07,3.517373e-07,0.0018155294,0.9964043
/home/leo/Documentos/mestrado/DeepWeeds-Mobile/images/20171109-093530-3.jpg,5,5,5,5,1,0.99989915,3.5284597e-06,3.355505e-07,7.2575765e-12,4.9756405e-10,1.5908417e-13,0.99989915,9.728844e-06,2.8693792e-09,8.727381e-05
/home/leo/Documentos/mestrado/DeepWeeds-Mobile/images/20171219-101341-2.jpg,8,8,8,8,1,0.6221933,0.0002607933,7.0922506e-05,0.008485012,0.032760445,0.33610424,2.152106e-06,2.935356e-06,0.00012033806,0.6221933
/home/leo/Documentos/mestrado/DeepWeeds-Mobile/images/20180112-092003-1.jpg,8,8,8,8,1,0.9997218,0.00020941292,2.2663575e-07,4.1357463e-05,3.149653e-06,1.9776696e-06,2.62396e-06,4.5064078e-07,1.8925657e-05,0.9997218
/home/leo/Documentos/mestrado/DeepWeeds-Mobile/images/20180109-105931-1.jpg,8,8,8,8,1,0.9423357,0.0008438954,1.4149236e-06,0.03097221,0.025744673,8.101573e-06,1.4008892e-05,2.1799065e-09,7.988374e-05,0.9423357
/home/leo/Documentos/mestrado/DeepWeeds-Mobile/images/20171121-073340-1.jpg,6,6,6,6,1,0.981074,5.5361626e-05,0.008639562,3.586246e-07,6.1881336e-05,9.643386e-07,0.000744383,0.981074,0.003362297,0.0060612843
/home/leo/Documentos/mestrado/DeepWeeds-Mobile/images/20170128-103812-0.jpg,8,1,8,1,0,0.89187986,5.230056e-07,0.89187986,1.41368615e-08,0.007978536,8.347935e-05,6.647057e-08,0.0008774577,0.00038302044,0.09879697
/home/leo/Documentos/mestrado/DeepWeeds-Mobile/images/20180112-094605-2.jpg,8,8,8,8,1,0.99764925,0.00017890916,6.237701e-05,0.00014560991,0.00054108363,5.5851135e-05,2.9967075e-06,0.0010034267,0.00036041002,0.99764925
/home/leo/Documentos/mestrado/DeepWeeds-Mobile/images/20180322-104151-1.jpg,8,8,8,8,1,0.7573389,0.08874951,0.00048615946,0.00030809364,0.0014550657,0.113770455,0.00013845108,2.547978e-07,0.037753224,0.7573389
/home/leo/Documentos/mestrado/DeepWeeds-Mobile/images/20171109-194604-1.jpg,5,5,5,5,1,0.96235126,0.0016660548,0.00020758218,5.9899484e-08,9.4802694e-05,1.2590272e-07,0.96235126,0.0002299808,1.4588532e-05,0.035435554
/home/leo/Documentos/mestrado/DeepWeeds-Mobile/images/20170920-120001-2.jpg,2,8,2,8,0,0.43322897,5.2351254e-07,9.490148e-10,0.16971299,2.52582e-06,0.3969537,1.2216917e-05,8.907083e-05,2.4334637e-09,0.43322897
/home/leo/Documentos/mestrado/DeepWeeds-Mobile/images/20170729-085914-3.jpg,4,4,4,4,1,0.6996167,0.0004994237,2.7892738e-06,0.28945768,0.0064432193,0.6996167,7.062461e-06,1.3660816e-06,0.00070771563,0.0032640877
/home/leo/Documentos/mestrado/DeepWeeds-Mobile/images/20180105-101033-3.jpg,8,8,8,8,1,0.90409935,6.2504e-05,5.8566417e-05,0.0045947935,0.00055089506,0.00067349995,4.3898908e-07,0.089720264,0.00023968965,0.90409935
/home/leo/Documentos/mestrado/DeepWeeds-Mobile/images/20170129-102138-0.jpg,8,8,8,8,1,0.98067737,0.004559449,0.008384515,4.2605237e-07,0.0004280121,2.684562e-06,0.0013723354,2.9355253e-06,0.004572318,0.98067737
/home/leo/Documentos/mestrado/DeepWeeds-Mobile/images/20180125-092639-1.jpg,8,8,8,8,1,0.9991467,1.6718127e-09,1.9996062e-11,2.9744608e-06,7.447127e-08,0.0008501461,6.884206e-09,1.1899471e-08,1.366608e-10,0.9991467
/home/leo/Documentos/mestrado/DeepWeeds-Mobile/images/20170913-100601-3.jpg,5,5,5,5,1,0.99680823,0.00024355385,1.770344e-05,8.4977355e-06,0.00032821234,0.00023397943,0.99680823,3.019117e-05,2.1282169e-05,0.0023083936
/home/leo/Documentos/mestrado/DeepWeeds-Mobile/images/20170127-101355-0.jpg,1,1,1,1,1,0.6215141,0.004843159,0.6215141,1.4556664e-08,0.0044927797,5.1243154e-07,0.0012191287,0.33633548,0.0011003674,0.03049444
/home/leo/Documentos/mestrado/DeepWeeds-Mobile/images/20171220-084522-3.jpg,8,0,8,0,0,0.51232046,0.51232046,0.16026045,0.00018955124,0.005967812,0.017493075,0.019309448,0.0152127985,0.15519753,0.11404889
/home/leo/Documentos/mestrado/DeepWeeds-Mobile/images/20180105-092757-2.jpg,8,8,8,8,1,0.8922385,1.12540064e-07,1.7756849e-05,8.1115904e-05,5.566371e-07,1.6731568e-05,1.0049046e-06,0.10764406,1.9815882e-07,0.8922385
/home/leo/Documentos/mestrado/DeepWeeds-Mobile/images/20180112-071355-2.jpg,8,8,8,8,1,0.96530646,0.0054128054,0.0006510588,0.0014770933,0.001181917,0.019806929,2.1306587e-05,1.5999482e-05,0.0061263684,0.96530646
/home/leo/Documentos/mestrado/DeepWeeds-Mobile/images/20170130-102546-0.jpg,1,1,1,1,1,0.9373868,0.005457955,0.9373868,1.0921011e-05,0.0005806166,1.644865e-06,0.0004618408,0.0003360072,0.0036630575,0.05210116
/home/leo/Documentos/mestrado/DeepWeeds-Mobile/images/20180125-100640-1.jpg,8,8,8,8,1,0.8851613,0.00336591,0.009893847,9.947361e-05,0.0013541817,0.00049226696,0.072452605,0.015887171,0.011293331,0.8851613
/home/leo/Documentos/mestrado/DeepWeeds-Mobile/images/20171205-144246-2.jpg,8,8,8,8,1,0.88716555,4.1889947e-05,1.7729396e-06,1.8042938e-10,3.2384647e-05,5.8531524e-10,0.112753764,3.7352518e-06,9.952623e-07,0.88716555
/home/leo/Documentos/mestrado/DeepWeeds-Mobile/images/20171218-112823-3.jpg,8,8,8,8,1,0.97928977,3.710214e-05,0.0023416593,4.0857333e-07,0.018075995,0.00017017219,2.2627228e-06,5.237937e-05,3.0224612e-05,0.97928977
/home/leo/Documentos/mestrado/DeepWeeds-Mobile/images/20171220-101747-1.jpg,8,8,8,8,1,0.9995153,1.1515687e-06,4.172215e-08,1.8497316e-13,0.00047179573,2.2142603e-10,1.0111269e-05,2.9882326e-08,1.6233018e-06,0.9995153
/home/leo/Documentos/mestrado/DeepWeeds-Mobile/images/20180109-105408-2.jpg,8,8,8,8,1,0.9273044,0.046439566,0.00013886529,0.007803482,0.008651542,0.004104942,9.83012e-06,1.5362916e-07,0.005547235,0.9273044
/home/leo/Documentos/mestrado/DeepWeeds-Mobile/images/20180125-101748-2.jpg,8,8,8,8,1,0.9890674,0.00013437736,4.2678956e-05,0.00028378938,0.005466192,0.0015549976,3.3642624e-05,0.0021211088,0.001295764,0.9890674
/home/leo/Documentos/mestrado/DeepWeeds-Mobile/images/20170727-113808-3.jpg,4,8,4,8,0,0.6129794,0.0038126202,2.7072173e-07,0.010035566,0.0008765594,0.372281,2.8318234e-06,2.2351953e-06,9.503453e-06,0.6129794
/home/leo/Documentos/mestrado/DeepWeeds-Mobile/images/20171218-115207-3.jpg,8,8,8,8,1,0.9951389,1.8650713e-05,1.1014668e-06,2.8970918e-08,8.929039e-05,5.1133395e-07,0.0047481987,2.2893744e-06,1.0425662e-06,0.9951389
/home/leo/Documentos/mestrado/DeepWeeds-Mobile/images/20170727-171924-3.jpg,4,4,4,4,1,0.5253695,0.029878957,0.0015591165,0.06985487,0.004771319,0.5253695,0.0001623379,0.0005020318,0.26768023,0.100221545
/home/leo/Documentos/mestrado/DeepWeeds-Mobile/images/20180109-090115-2.jpg,8,8,8,8,1,0.98376703,0.00019465772,0.00010133102,0.00042054028,9.516291e-05,8.571153e-07,0.015382585,1.0389941e-05,2.746304e-05,0.98376703
/home/leo/Documentos/mestrado/DeepWeeds-Mobile/images/20180322-114240-2.jpg,8,8,8,8,1,0.9934231,0.0001852945,0.0026699018,7.099125e-07,0.0021112121,0.0012766039,2.2646824e-05,6.481868e-06,0.00030394742,0.9934231
/home/leo/Documentos/mestrado/DeepWeeds-Mobile/images/20171113-131518-1.jpg,6,6,6,6,1,0.9919304,4.2463653e-05,0.0003694322,5.6531553e-06,1.6829027e-06,3.867918e-06,0.00074299483,0.9919304,0.0001522169,0.0067512332
/home/leo/Documentos/mestrado/DeepWeeds-Mobile/images/20180109-102958-1.jpg,8,8,8,8,1,0.9970772,0.00091852207,5.741425e-05,0.00015798115,0.0012046669,0.00038002685,0.00014370006,6.709516e-08,6.0390197e-05,0.9970772
/home/leo/Documentos/mestrado/DeepWeeds-Mobile/images/20180125-101314-1.jpg,8,8,8,8,1,0.90933025,0.00045922495,0.0027732449,0.00035794132,0.017924566,0.00068924663,0.008015842,0.05646487,0.0039848005,0.90933025
/home/leo/Documentos/mestrado/DeepWeeds-Mobile/images/20170920-093939-1.jpg,4,2,4,2,0,0.8671615,3.0826125e-06,0.00036560633,0.8671615,0.0001520771,0.0015696539,3.0835415e-06,0.012698668,1.826843e-05,0.118028186
/home/leo/Documentos/mestrado/DeepWeeds-Mobile/images/20180105-094739-3.jpg,8,6,8,6,0,0.8354876,1.3839551e-06,8.366473e-06,3.5499714e-05,1.3755601e-06,0.00018040198,9.693631e-06,0.8354876,1.7028719e-06,0.16427408
/home/leo/Documentos/mestrado/DeepWeeds-Mobile/images/20180119-114524-1.jpg,8,8,8,8,1,0.962122,0.0050106123,0.00024699216,0.004463928,0.0066684703,0.00041345536,2.046806e-05,0.017432807,0.0036212376,0.962122
/home/leo/Documentos/mestrado/DeepWeeds-Mobile/images/20170727-151236-3.jpg,4,4,4,4,1,0.882069,0.0031742582,2.828016e-05,0.004399903,0.009519919,0.882069,8.619066e-06,4.5280668e-08,0.009780067,0.091019966
/home/leo/Documentos/mestrado/DeepWeeds-Mobile/images/20170130-102702-0.jpg,1,1,1,1,1,0.5361812,0.14469646,0.5361812,4.3068165e-05,0.00018297006,2.3323844e-05,0.1149151,0.06870096,0.11224899,0.023007847
/home/leo/Documentos/mestrado/DeepWeeds-Mobile/images/20180109-075908-1.jpg,8,8,8,8,1,0.73705983,0.0006337208,0.00053652236,0.000314252,0.0071702083,0.0037707277,6.553563e-07,0.2491583,0.0013557845,0.73705983
/home/leo/Documentos/mestrado/DeepWeeds-Mobile/images/20180109-100822-1.jpg,8,8,8,8,1,0.99117756,0.00057389657,8.276592e-05,0.0010537067,9.0089765e-05,8.1808525e-07,0.004065147,0.001609832,0.0013462598,0.99117756
/home/leo/Documentos/mestrado/DeepWeeds-Mobile/images/20170811-134636-2.jpg,0,1,0,1,0,0.53046477,0.4047083,0.53046477,2.7617202e-06,6.389607e-05,0.0011276606,0.00024473565,0.00015498999,0.032144524,0.031088391
/home/leo/Documentos/mestrado/DeepWeeds-Mobile/images/20170207-141825-0.jpg,7,7,7,7,1,0.81056184,0.059872407,0.00015218572,0.003176842,4.614653e-06,2.0204407e-06,0.00032777793,1.872706e-07,0.81056184,0.12590215
/home/leo/Documentos/mestrado/DeepWeeds-Mobile/images/20170811-162102-1.jpg,0,0,0,0,1,0.9842047,0.9842047,0.00018428845,8.8408115e-06,2.5676604e-06,1.4337925e-06,5.1381132e-05,1.4208753e-07,0.0063786497,0.009168023
/home/leo/Documentos/mestrado/DeepWeeds-Mobile/images/20180112-072203-1.jpg,8,8,8,8,1,0.81348294,0.032695845,0.005550125,0.00085682067,0.0105528375,0.04341785,2.6191856e-05,6.5249055e-06,0.09341097,0.81348294
/home/leo/Documentos/mestrado/DeepWeeds-Mobile/images/20171113-132349-1.jpg,6,6,6,6,1,0.9872054,3.9543716e-06,1.9864225e-05,2.554699e-07,1.5366051e-07,1.4952898e-08,1.9312802e-08,0.9872054,4.2702227e-06,0.012766081
/home/leo/Documentos/mestrado/DeepWeeds-Mobile/images/20170913-103732-1.jpg,3,3,3,3,1,0.87586343,8.017209e-05,3.4760015e-07,0.00016007123,0.87586343,0.10780118,2.5735899e-05,4.1697206e-08,8.712319e-06,0.01606031
/home/leo/Documentos/mestrado/DeepWeeds-Mobile/images/20170128-102336-0.jpg,8,8,8,8,1,0.9125983,0.021266762,0.018494109,0.00016706437,0.026716243,0.00019131643,5.1876846e-06,2.7079379e-05,0.020533845,0.9125983
/home/leo/Documentos/mestrado/DeepWeeds-Mobile/images/20180125-130034-2.jpg,8,8,8,8,1,0.9999049,1.7115084e-05,2.709259e-05,1.738409e-09,6.0909947e-06,2.8171326e-05,1.0468973e-06,2.0972738e-07,1.5345402e-05,0.9999049
/home/leo/Documentos/mestrado/DeepWeeds-Mobile/images/20170304-130609-0.jpg,7,7,7,7,1,0.95892876,0.038250398,0.00096041267,1.3878272e-05,2.983099e-07,2.6111964e-06,3.2819826e-05,1.6187261e-05,0.95892876,0.0017945353
/home/leo/Documentos/mestrado/DeepWeeds-Mobile/images/20171219-094029-2.jpg,8,8,8,8,1,0.980434,0.00325411,0.00041776287,8.5543587e-07,0.007712891,2.7955448e-07,0.008113802,4.856213e-05,1.7804543e-05,0.980434
/home/leo/Documentos/mestrado/DeepWeeds-Mobile/images/20180322-113710-2.jpg,8,8,8,8,1,0.99705255,0.00040477244,0.00028911623,0.0006474667,0.00048702452,0.0010576401,1.0273042e-06,1.2436173e-07,6.0256334e-05,0.99705255
/home/leo/Documentos/mestrado/DeepWeeds-Mobile/images/20180105-104604-1.jpg,8,8,8,8,1,0.8856422,0.0002905338,0.0009940752,0.03000873,0.00021826358,0.0025341993,5.202103e-05,0.07736867,0.002891364,0.8856422
/home/leo/Documentos/mestrado/DeepWeeds-Mobile/images/20171109-194404-1.jpg,5,5,5,5,1,0.90981305,0.0013951529,0.00011908074,4.3691134e-08,7.178917e-05,8.447395e-08,0.90981305,0.0019102215,0.00016959864,0.08652093
/home/leo/Documentos/mestrado/DeepWeeds-Mobile/images/20180119-115411-2.jpg,8,8,8,8,1,0.91387594,0.030144168,0.009400267,0.0004570748,0.00019266823,9.887703e-06,0.0039998083,8.002638e-05,0.041840088,0.91387594
/home/leo/Documentos/mestrado/DeepWeeds-Mobile/images/20180109-072615-2.jpg,8,8,8,8,1,0.91404015,0.00227055,0.0010074241,0.014980382,0.00039090306,0.003576701,5.629186e-05,0.05939648,0.0042811036,0.91404015
