filename,y_true_idx,y_pred_idx,y_true,y_pred,correct,pred_confidence,prob_0,prob_1,prob_2,prob_3,prob_4,prob_5,prob_6,prob_7,prob_8
/home/leo/Documentos/mestrado/DeepWeeds-Mobile/images/20171218-121618-3.jpg,8,8,8,8,1,0.99728096,6.4672435e-07,7.728719e-09,2.7683e-11,2.300331e-05,3.7049905e-10,0.0026951467,1.2508666e-10,3.2723798e-07,0.99728096
/home/leo/Documentos/mestrado/DeepWeeds-Mobile/images/20180322-114426-2.jpg,8,8,8,8,1,0.99195486,0.00084550394,0.0002118046,5.377251e-06,0.0043835957,0.0023421366,8.1140234e-07,1.04142956e-07,0.00025583082,0.99195486
/home/leo/Documentos/mestrado/DeepWeeds-Mobile/images/20171220-093510-2.jpg,8,8,8,8,1,0.9996096,2.7179988e-07,1.908446e-06,1.53387e-08,9.069614e-06,1.8336556e-09,0.00037541363,3.700095e-06,7.0833494e-08,0.9996096
/home/leo/Documentos/mestrado/DeepWeeds-Mobile/images/20171113-144443-3.jpg,6,8,6,8,0,0.94068867,0.0008185199,0.0019609756,1.2765275e-11,2.0233392e-05,6.5313344e-10,0.0002561506,0.055113144,0.0011424124,0.94068867
/home/leo/Documentos/mestrado/DeepWeeds-Mobile/images/20180112-070836-2.jpg,8,0,8,0,0,0.4166833,0.4166833,0.039644543,0.0060708085,0.0044266814,0.037588358,0.40419397,6.76541e-05,0.008367405,0.08295735
/home/leo/Documentos/mestrado/DeepWeeds-Mobile/images/20171025-091930-2.jpg,3,3,3,3,1,0.998104,2.9154696e-06,1.6796732e-06,2.777041e-06,0.998104,3.6634506e-06,4.801882e-11,6.546789e-08,1.2249327e-05,0.0018726035
/home/leo/Documentos/mestrado/DeepWeeds-Mobile/images/20180125-094804-2.jpg,8,8,8,8,1,0.99942726,2.6996679e-08,1.8256904e-12,2.419586e-10,0.0005675935,8.7443055e-08,4.9459873e-06,4.251463e-11,3.0863448e-10,0.99942726
/home/leo/Documentos/mestrado/DeepWeeds-Mobile/images/20180112-092406-2.jpg,8,0,8,0,0,0.4163614,0.4163614,1.0478474e-05,1.4666447e-06,5.560627e-05,2.6480746e-08,7.295963e-05,2.1613184e-06,0.20573653,0.37775937
/home/leo/Documentos/mestrado/DeepWeeds-Mobile/images/20180322-114426-1.jpg,8,8,8,8,1,0.9996893,0.00017914665,5.028059e-08,1.809277e-09,2.1174713e-09,3.2030226e-08,0.00012916054,3.5769218e-10,2.3025839e-06,0.9996893
/home/leo/Documentos/mestrado/DeepWeeds-Mobile/images/20170610-123316-0.jpg,1,1,1,1,1,0.56453186,0.034199957,0.56453186,2.3355751e-05,0.00019423789,1.34608745e-05,0.049518924,0.00077581796,0.03656832,0.31417403
/home/leo/Documentos/mestrado/DeepWeeds-Mobile/images/20180125-130949-2.jpg,8,8,8,8,1,0.94255406,0.03663317,0.008033027,0.00010676279,3.30865e-05,9.297942e-05,0.0062918635,3.6146037e-05,0.0062188366,0.94255406
/home/leo/Documentos/mestrado/DeepWeeds-Mobile/images/20170714-134129-1.jpg,1,1,1,1,1,0.9999707,5.586597e-06,0.9999707,5.867239e-14,1.3425468e-11,1.3924875e-12,1.1829716e-10,6.4295077e-06,1.6947157e-05,4.3477618e-07
/home/leo/Documentos/mestrado/DeepWeeds-Mobile/images/20180109-071302-2.jpg,8,8,8,8,1,0.97014344,1.3268996e-07,1.368486e-07,1.4790471e-07,1.2882244e-09,3.0121954e-11,3.1075524e-05,0.029825093,4.7643677e-08,0.97014344
/home/leo/Documentos/mestrado/DeepWeeds-Mobile/images/20180105-091609-2.jpg,8,8,8,8,1,0.99998784,8.86109e-09,1.8173902e-12,1.4191777e-08,3.2385032e-07,2.76588e-06,4.811288e-06,4.221286e-06,4.055556e-09,0.99998784
/home/leo/Documentos/mestrado/DeepWeeds-Mobile/images/20180105-093450-2.jpg,8,8,8,8,1,0.98961055,4.1899464e-05,4.2264405e-06,0.004397434,3.041984e-05,2.6289072e-05,0.00021874146,0.005642143,2.828972e-05,0.98961055
/home/leo/Documentos/mestrado/DeepWeeds-Mobile/images/20170729-090828-1.jpg,4,4,4,4,1,0.999525,3.1410034e-06,2.184407e-09,0.00020899385,5.2559462e-05,0.999525,5.0337906e-10,7.969118e-13,1.4879503e-06,0.00020867639
/home/leo/Documentos/mestrado/DeepWeeds-Mobile/images/20170501-143023-0.jpg,1,1,1,1,1,0.9591278,0.00030452482,0.9591278,1.1328979e-07,5.3966858e-08,2.448536e-08,8.587481e-06,0.0053104428,0.028485531,0.0067630475
/home/leo/Documentos/mestrado/DeepWeeds-Mobile/images/20171220-085247-2.jpg,8,8,8,8,1,0.999982,8.555546e-06,1.5003096e-07,6.0288692e-15,1.0749573e-06,1.5329009e-10,2.1776562e-07,9.6455254e-11,7.964293e-06,0.999982
/home/leo/Documentos/mestrado/DeepWeeds-Mobile/images/20180105-095012-2.jpg,8,8,8,8,1,0.9823384,3.030275e-07,9.5854745e-08,7.766637e-09,2.0374953e-06,9.296866e-09,1.20557515e-05,0.017647067,8.307155e-09,0.9823384
/home/leo/Documentos/mestrado/DeepWeeds-Mobile/images/20171220-092859-2.jpg,8,8,8,8,1,0.99942976,4.9553884e-05,6.490521e-06,1.8807929e-10,2.7960011e-08,3.1868025e-10,0.0005060974,6.821412e-08,7.865555e-06,0.99942976
/home/leo/Documentos/mestrado/DeepWeeds-Mobile/images/20171113-165113-0.jpg,6,6,6,6,1,0.9998889,2.5015595e-06,2.68909e-06,3.5870485e-08,2.4825297e-08,3.813093e-09,1.0362438e-05,0.9998889,3.947148e-07,9.511725e-05
/home/leo/Documentos/mestrado/DeepWeeds-Mobile/images/20170906-134722-1.jpg,3,3,3,3,1,0.692054,0.011707572,0.08089078,0.00047608188,0.692054,0.011884575,0.0003839486,0.00064499135,0.008928916,0.19302921
/home/leo/Documentos/mestrado/DeepWeeds-Mobile/images/20171219-094353-3.jpg,8,8,8,8,1,0.9685572,7.868649e-06,2.1967078e-06,3.4494376e-11,1.2538536e-07,1.0499428e-10,0.031403627,6.200952e-07,2.8452318e-05,0.9685572
/home/leo/Documentos/mestrado/DeepWeeds-Mobile/images/20171218-114955-3.jpg,8,8,8,8,1,0.9998158,1.9353246e-08,1.7193167e-06,3.8966135e-12,0.00013450885,1.9692971e-10,4.7334863e-05,4.4370526e-07,5.0454506e-08,0.9998158
/home/leo/Documentos/mestrado/DeepWeeds-Mobile/images/20180119-110514-2.jpg,8,5,8,5,0,0.8201292,5.8952883e-05,0.00017544962,9.4890304e-08,4.2841073e-08,1.0957764e-08,0.8201292,0.004674912,1.010792e-05,0.1749512
/home/leo/Documentos/mestrado/DeepWeeds-Mobile/images/20170920-163653-3.jpg,2,2,2,2,1,0.9960341,2.5680706e-07,4.9365e-10,0.9960341,9.3047194e-05,0.0034256147,4.700502e-08,1.1149132e-09,2.2748793e-08,0.0004469288
/home/leo/Documentos/mestrado/DeepWeeds-Mobile/images/20171219-104654-2.jpg,8,8,8,8,1,0.99966824,2.132142e-05,0.00026587892,2.0978405e-06,1.41341225e-05,2.7049315e-05,1.179709e-08,1.1148434e-06,1.7449416e-07,0.99966824
/home/leo/Documentos/mestrado/DeepWeeds-Mobile/images/20171121-090747-1.jpg,6,6,6,6,1,0.9997945,5.1962147e-08,0.0001652563,5.594568e-12,9.053595e-11,9.734741e-13,4.5020317e-07,0.9997945,2.1135803e-07,3.957415e-05
/home/leo/Documentos/mestrado/DeepWeeds-Mobile/images/20171219-103101-2.jpg,8,8,8,8,1,0.99945945,8.268644e-06,1.00620404e-07,1.5065577e-11,5.471051e-07,1.0880712e-08,0.0005218538,5.544624e-11,9.793791e-06,0.99945945
/home/leo/Documentos/mestrado/DeepWeeds-Mobile/images/20171220-083447-3.jpg,8,8,8,8,1,0.99901736,1.2800682e-05,2.3052042e-05,4.9763414e-12,1.668891e-06,2.6440687e-09,0.0008952025,9.778859e-06,4.0197534e-05,0.99901736
/home/leo/Documentos/mestrado/DeepWeeds-Mobile/images/20170207-141541-0.jpg,7,7,7,7,1,0.9948214,0.005010629,8.468735e-05,2.5145077e-11,1.3341098e-09,4.5304455e-11,7.438854e-05,3.7213642e-08,0.9948214,8.8488705e-06
/home/leo/Documentos/mestrado/DeepWeeds-Mobile/images/20171220-084929-2.jpg,8,8,8,8,1,0.99771726,0.0002472597,3.2834484e-07,2.6659527e-12,1.5264117e-08,3.6833187e-10,0.0018945816,8.729011e-08,0.0001404875,0.99771726
/home/leo/Documentos/mestrado/DeepWeeds-Mobile/images/20171113-093244-3.jpg,5,5,5,5,1,0.99989486,2.8024504e-08,6.875122e-08,1.9418585e-13,2.2217464e-12,3.515125e-13,0.99989486,8.948343e-05,9.443165e-10,1.5518095e-05
/home/leo/Documentos/mestrado/DeepWeeds-Mobile/images/20180125-131248-3.jpg,8,8,8,8,1,0.98888856,0.00032572178,0.00044605375,0.00022344085,0.0015056446,0.008317954,2.558635e-07,4.4872744e-05,0.00024757165,0.98888856
/home/leo/Documentos/mestrado/DeepWeeds-Mobile/images/20171218-120806-3.jpg,8,8,8,8,1,0.98112947,1.5954624e-06,3.452378e-07,2.98748e-12,2.2424286e-08,1.0944065e-10,0.018856574,6.2024365e-06,5.7421726e-06,0.98112947
/home/leo/Documentos/mestrado/DeepWeeds-Mobile/images/20180125-092311-2.jpg,8,8,8,8,1,0.9999969,3.2130117e-07,1.778345e-06,1.7019595e-09,3.690943e-08,4.4111573e-08,4.968135e-07,4.8618216e-09,4.450032e-07,0.9999969
/home/leo/Documentos/mestrado/DeepWeeds-Mobile/images/20171113-142629-3.jpg,6,6,6,6,1,0.9396378,2.139406e-06,1.3872495e-05,3.0864935e-08,8.070169e-06,3.4219654e-09,3.353506e-06,0.9396378,1.0097981e-05,0.06032467
/home/leo/Documentos/mestrado/DeepWeeds-Mobile/images/20180105-102301-1.jpg,8,8,8,8,1,0.9838491,0.0005332698,7.929452e-05,5.6679262e-08,4.3442604e-05,3.232909e-07,0.0037411992,0.011046701,0.0007066474,0.9838491
/home/leo/Documentos/mestrado/DeepWeeds-Mobile/images/20171218-112736-3.jpg,8,8,8,8,1,0.9982957,3.0859924e-06,0.00023098844,3.129528e-11,0.0012804887,1.1833612e-08,0.000103781174,6.697282e-05,1.890003e-05,0.9982957
/home/leo/Documentos/mestrado/DeepWeeds-Mobile/images/20171218-115215-2.jpg,8,8,8,8,1,0.91701335,0.053724486,0.00223764,0.001634339,0.0028066584,0.0045080273,0.0033570824,6.7648334e-06,0.014711689,0.91701335
/home/leo/Documentos/mestrado/DeepWeeds-Mobile/images/20171113-132039-3.jpg,6,6,6,6,1,0.98033285,0.00014942617,2.940426e-05,1.6172784e-05,5.425652e-06,1.4764502e-06,7.992374e-05,0.98033285,0.00024889864,0.019136515
/home/leo/Documentos/mestrado/DeepWeeds-Mobile/images/20171113-133644-1.jpg,6,6,6,6,1,0.6035332,0.0031923843,0.2990254,8.9496e-05,3.8510258e-05,3.1455938e-06,0.00070375734,0.6035332,0.048927348,0.044486728
/home/leo/Documentos/mestrado/DeepWeeds-Mobile/images/20180119-104315-1.jpg,8,8,8,8,1,0.9555539,0.00083983154,0.020318318,0.0016981014,0.00014427332,0.00031725407,0.00010505269,0.020445338,0.0005778254,0.9555539
/home/leo/Documentos/mestrado/DeepWeeds-Mobile/images/20180105-100545-3.jpg,8,8,8,8,1,0.79059416,4.3911423e-05,5.4192683e-06,0.12482781,0.0001010019,0.0005999834,0.00022409021,0.0835705,3.3209297e-05,0.79059416
/home/leo/Documentos/mestrado/DeepWeeds-Mobile/images/20171218-103241-3.jpg,8,8,8,8,1,0.99908745,1.426161e-05,6.6200428e-06,0.00082515634,2.8254233e-05,2.4509105e-05,6.311852e-07,3.6282802e-06,9.398629e-06,0.99908745
/home/leo/Documentos/mestrado/DeepWeeds-Mobile/images/20171109-073733-3.jpg,5,5,5,5,1,0.85651773,4.852894e-07,2.7326748e-09,8.519858e-14,2.4900242e-08,2.4842e-11,0.85651773,2.3632884e-08,2.53699e-07,0.14348139
/home/leo/Documentos/mestrado/DeepWeeds-Mobile/images/20171113-144604-3.jpg,6,5,6,5,0,0.4221629,0.00015360762,0.00019391,6.9439276e-12,2.5054814e-07,5.1789763e-11,0.4221629,0.33362854,0.0009319901,0.2429288
/home/leo/Documentos/mestrado/DeepWeeds-Mobile/images/20171218-111152-2.jpg,8,8,8,8,1,0.9976701,0.00012417862,3.4683486e-05,1.38923e-06,0.0004854511,0.00010401508,1.008406e-05,2.0485083e-07,0.001569839,0.9976701
/home/leo/Documentos/mestrado/DeepWeeds-Mobile/images/20170210-133245-0.jpg,0,0,0,0,1,0.5578258,0.5578258,9.3877105e-05,7.745204e-09,8.1163506e-08,2.1258744e-09,0.00067258946,5.455272e-05,0.40161908,0.039734
/home/leo/Documentos/mestrado/DeepWeeds-Mobile/images/20180322-132753-1.jpg,8,8,8,8,1,0.9987086,6.9325624e-06,2.1334245e-06,4.8819886e-05,3.6868052e-05,1.2338179e-06,0.0011929381,1.4169515e-06,1.0662541e-06,0.9987086
/home/leo/Documentos/mestrado/DeepWeeds-Mobile/images/20170920-184209-1.jpg,2,2,2,2,1,0.9999926,1.4502735e-11,1.2032527e-11,0.9999926,3.7912125e-07,2.5484512e-08,1.4581293e-10,8.294928e-12,6.2060264e-13,7.0539754e-06
/home/leo/Documentos/mestrado/DeepWeeds-Mobile/images/20171205-143356-2.jpg,8,8,8,8,1,0.99959373,3.4187744e-06,2.5089992e-07,5.8719994e-11,6.3658363e-09,1.6709026e-09,0.00040193996,1.58976e-11,5.1055315e-07,0.99959373
/home/leo/Documentos/mestrado/DeepWeeds-Mobile/images/20180125-134135-2.jpg,8,8,8,8,1,0.9986626,0.00016789763,2.1622074e-05,4.7563073e-08,0.00027345808,0.00075529085,9.254985e-09,5.9557044e-07,0.00011863845,0.9986626
/home/leo/Documentos/mestrado/DeepWeeds-Mobile/images/20171212-093905-1.jpg,8,8,8,8,1,0.9999906,3.898403e-08,4.4407262e-08,1.735327e-14,2.38181e-06,3.2138472e-12,6.5341283e-06,3.047734e-07,5.8746636e-08,0.9999906
/home/leo/Documentos/mestrado/DeepWeeds-Mobile/images/20170728-150555-1.jpg,4,4,4,4,1,0.9999362,4.5708706e-08,1.0793037e-11,2.0398033e-06,2.7761318e-05,0.9999362,2.6791736e-07,1.235111e-13,4.296703e-09,3.3660366e-05
/home/leo/Documentos/mestrado/DeepWeeds-Mobile/images/20180125-101026-1.jpg,8,8,8,8,1,0.9992433,6.4389e-05,0.00066950615,1.4038403e-06,9.947458e-07,1.4652779e-06,1.2699639e-05,5.110251e-06,1.0109824e-06,0.9992433
/home/leo/Documentos/mestrado/DeepWeeds-Mobile/images/20180112-091618-1.jpg,8,8,8,8,1,0.90812427,8.605855e-05,0.024720732,9.467357e-06,0.0054136044,0.0006022291,1.6841966e-07,0.06070969,0.0003337963,0.90812427
/home/leo/Documentos/mestrado/DeepWeeds-Mobile/images/20171113-134655-3.jpg,6,8,6,8,0,0.59458774,3.0326528e-06,5.5096505e-09,8.3404804e-05,2.9534465e-07,4.430024e-06,7.6103e-06,0.40530777,5.6696435e-06,0.59458774
/home/leo/Documentos/mestrado/DeepWeeds-Mobile/images/20171113-140645-2.jpg,6,6,6,6,1,0.9989574,5.6755034e-06,0.0010328545,1.9490378e-11,1.2694205e-10,1.11304375e-10,1.0875319e-10,0.9989574,3.6498716e-06,4.5441516e-07
/home/leo/Documentos/mestrado/DeepWeeds-Mobile/images/20171109-093346-1.jpg,5,5,5,5,1,0.9995208,3.835448e-06,1.4056993e-05,7.990385e-11,2.1173483e-09,1.6475753e-12,0.9995208,1.3739261e-05,1.0795492e-05,0.00043679716
/home/leo/Documentos/mestrado/DeepWeeds-Mobile/images/20180322-121034-2.jpg,8,8,8,8,1,0.91143954,0.01706636,0.015735576,6.24155e-06,0.02385833,8.154242e-05,0.011199901,9.226542e-06,0.020603336,0.91143954
/home/leo/Documentos/mestrado/DeepWeeds-Mobile/images/20171109-094205-3.jpg,5,5,5,5,1,0.9999951,8.7712004e-07,1.1233309e-10,4.0574963e-13,1.8183769e-13,2.6842517e-13,0.9999951,5.7217204e-07,2.835849e-07,3.2520193e-06
/home/leo/Documentos/mestrado/DeepWeeds-Mobile/images/20171205-124105-2.jpg,8,8,8,8,1,0.99150896,5.980413e-06,2.0546793e-06,5.0231117e-09,9.955594e-05,1.5296816e-06,0.008381457,3.0706268e-08,4.3252243e-07,0.99150896
/home/leo/Documentos/mestrado/DeepWeeds-Mobile/images/20180125-132659-2.jpg,8,8,8,8,1,0.99883515,0.00040377871,1.617889e-05,7.450256e-09,2.2669363e-05,0.0006578367,3.1366134e-09,2.957433e-06,6.1451465e-05,0.99883515
/home/leo/Documentos/mestrado/DeepWeeds-Mobile/images/20171217-103537-2.jpg,8,8,8,8,1,0.5493836,0.005122347,0.0017670402,7.329123e-08,1.6057818e-07,6.5205565e-09,0.44271705,5.7980327e-05,0.0009517741,0.5493836
/home/leo/Documentos/mestrado/DeepWeeds-Mobile/images/20170714-133626-1.jpg,1,1,1,1,1,0.9997971,1.359679e-05,0.9997971,1.7947785e-12,8.7846085e-12,3.9227068e-12,6.4866836e-09,0.00016355228,1.832042e-05,7.332785e-06
/home/leo/Documentos/mestrado/DeepWeeds-Mobile/images/20180125-131541-3.jpg,8,8,8,8,1,0.76455617,0.039326373,0.03632227,0.0015407172,0.06916632,0.06691751,0.00028790644,0.0004827468,0.02139994,0.76455617
/home/leo/Documentos/mestrado/DeepWeeds-Mobile/images/20170315-085159-0.jpg,8,8,8,8,1,0.92710376,0.0113653205,0.050703157,4.0729483e-07,0.0011665946,4.5784745e-07,0.0009508564,8.1752885e-05,0.008627686,0.92710376
/home/leo/Documentos/mestrado/DeepWeeds-Mobile/images/20170715-162427-1.jpg,1,1,1,1,1,0.99989104,3.2891794e-06,0.99989104,7.1280807e-12,3.8353096e-10,5.2351244e-13,7.886151e-09,5.5139444e-05,1.0846795e-05,3.9639923e-05
/home/leo/Documentos/mestrado/DeepWeeds-Mobile/images/20180119-104945-2.jpg,8,8,8,8,1,0.9955466,0.00016886336,0.00013268339,2.9925067e-07,2.4241874e-05,2.396756e-05,1.7892137e-06,0.004099493,2.152666e-06,0.9955466
/home/leo/Documentos/mestrado/DeepWeeds-Mobile/images/20171219-093801-3.jpg,8,8,8,8,1,0.8544336,0.061893456,0.00020337131,8.165725e-06,0.025719177,1.0858345e-05,0.05149723,2.3242528e-06,0.006231735,0.8544336
/home/leo/Documentos/mestrado/DeepWeeds-Mobile/images/20180125-131203-2.jpg,8,8,8,8,1,0.9727378,0.008122909,0.007933948,0.00013131952,0.00020168496,0.00012426848,0.00081234943,1.6626002e-05,0.0099189915,0.9727378
/home/leo/Documentos/mestrado/DeepWeeds-Mobile/images/20180322-115539-2.jpg,8,8,8,8,1,0.9783249,0.0072344793,0.0038661903,9.578865e-05,0.00062402146,0.0030400085,0.005728211,0.00011876018,0.00096755836,0.9783249
/home/leo/Documentos/mestrado/DeepWeeds-Mobile/images/20180322-111858-2.jpg,8,8,8,8,1,0.99952126,3.4895915e-05,6.821806e-05,0.00014658713,9.5507225e-05,9.6627235e-05,3.1587464e-05,1.6695114e-06,3.618498e-06,0.99952126
/home/leo/Documentos/mestrado/DeepWeeds-Mobile/images/20171113-091334-3.jpg,5,8,5,8,0,0.8861183,0.0049891258,0.020961594,2.123282e-06,1.7312534e-07,1.1258093e-07,0.084486455,1.5766271e-06,0.003440534,0.8861183
/home/leo/Documentos/mestrado/DeepWeeds-Mobile/images/20180119-105825-2.jpg,8,8,8,8,1,0.9584128,0.022603901,0.013992314,5.9931564e-05,2.6810314e-05,9.4408584e-05,0.004094277,6.706207e-05,0.00064838503,0.9584128
/home/leo/Documentos/mestrado/DeepWeeds-Mobile/images/20171205-143340-2.jpg,8,8,8,8,1,0.88927597,8.888113e-05,1.2521828e-05,6.4260064e-08,5.266077e-07,6.049114e-07,0.11058329,1.0453532e-05,2.774713e-05,0.88927597
/home/leo/Documentos/mestrado/DeepWeeds-Mobile/images/20170630-155405-0.jpg,7,7,7,7,1,0.9626997,0.003985107,0.030441966,1.8889939e-09,4.3615998e-08,2.176036e-09,2.5529542e-05,0.00011760534,0.9626997,0.002730091
/home/leo/Documentos/mestrado/DeepWeeds-Mobile/images/20180105-093622-2.jpg,8,8,8,8,1,0.988755,2.0015977e-06,3.2046626e-06,9.208275e-05,8.3226337e-07,9.1294305e-07,1.6621353e-06,0.011140491,3.81565e-06,0.988755
/home/leo/Documentos/mestrado/DeepWeeds-Mobile/images/20170729-090939-1.jpg,4,4,4,4,1,0.9844542,4.5851237e-05,3.755685e-06,0.0057205376,0.0064337184,0.9844542,0.0004188587,1.6712558e-08,2.3454502e-05,0.0028996235
/home/leo/Documentos/mestrado/DeepWeeds-Mobile/images/20180109-103437-1.jpg,8,8,8,8,1,0.96459985,0.012835206,0.01433086,6.350395e-05,0.0023781848,0.0005160637,2.5628817e-05,0.004978186,0.0002724919,0.96459985
/home/leo/Documentos/mestrado/DeepWeeds-Mobile/images/20170727-113909-1.jpg,4,4,4,4,1,0.737633,0.0019258212,5.851121e-07,0.000635169,1.3902231e-05,0.737633,0.25951633,8.9141835e-08,5.9060905e-05,0.00021600204
/home/leo/Documentos/mestrado/DeepWeeds-Mobile/images/20171205-145132-2.jpg,8,5,8,5,0,0.904576,7.4218514e-07,0.00066950306,2.791456e-07,5.7087703e-08,3.3311695e-10,0.904576,0.00076901965,9.690565e-06,0.09397476
/home/leo/Documentos/mestrado/DeepWeeds-Mobile/images/20180125-133116-2.jpg,8,8,8,8,1,0.99856806,0.00014113069,0.0007983825,1.7813012e-08,1.4022823e-05,0.00042210738,4.03864e-07,1.839724e-06,5.3930846e-05,0.99856806
/home/leo/Documentos/mestrado/DeepWeeds-Mobile/images/20170217-115640-0.jpg,7,7,7,7,1,0.809526,0.18971938,2.0561401e-05,1.1658126e-12,6.333571e-12,5.7065664e-13,2.5935196e-05,6.8597634e-09,0.809526,0.0007080788
/home/leo/Documentos/mestrado/DeepWeeds-Mobile/images/20171201-115840-1.jpg,8,8,8,8,1,0.9884256,0.008251916,0.0015258114,5.7052415e-07,1.0387694e-06,1.4754987e-07,0.00041015385,1.5779322e-06,0.001383172,0.9884256
/home/leo/Documentos/mestrado/DeepWeeds-Mobile/images/20171113-123737-1.jpg,6,6,6,6,1,0.9939515,1.1256255e-06,9.812858e-06,1.0839754e-08,6.798448e-09,2.5091546e-10,5.655398e-07,0.9939515,2.4342893e-07,0.0060366835
/home/leo/Documentos/mestrado/DeepWeeds-Mobile/images/20170706-113725-0.jpg,7,8,7,8,0,0.32681796,0.28222993,0.06508893,4.3233213e-05,0.0029640368,0.0020161916,0.00010391007,1.905178e-05,0.32071665,0.32681796
/home/leo/Documentos/mestrado/DeepWeeds-Mobile/images/20170714-133517-1.jpg,1,1,1,1,1,0.99917966,2.4730518e-06,0.99917966,2.482147e-11,4.3634138e-11,2.5635192e-11,3.5705616e-09,0.0008133657,3.9174597e-06,5.8052854e-07
/home/leo/Documentos/mestrado/DeepWeeds-Mobile/images/20170126-095805-0.jpg,1,1,1,1,1,0.99392563,1.9001574e-05,0.99392563,5.5056406e-12,1.4155292e-10,1.7095414e-12,1.2739927e-08,0.004390841,0.0013354395,0.00032908533
/home/leo/Documentos/mestrado/DeepWeeds-Mobile/images/20170920-113921-2.jpg,2,2,2,2,1,0.9999281,5.988284e-08,2.186492e-10,0.9999281,3.655074e-06,3.658371e-05,2.382838e-08,1.6533439e-09,5.041051e-09,3.1521075e-05
/home/leo/Documentos/mestrado/DeepWeeds-Mobile/images/20180112-102550-1.jpg,8,0,8,0,0,0.67678934,0.67678934,0.0057201637,0.0006549406,1.0718518e-05,1.3913055e-05,0.019595752,4.9685015e-05,0.015194491,0.28197104
/home/leo/Documentos/mestrado/DeepWeeds-Mobile/images/20171218-112942-3.jpg,8,8,8,8,1,0.9986247,0.000117331576,0.0012208096,1.3122003e-06,1.5523049e-06,3.4036016e-06,1.915713e-06,2.4815097e-05,4.1009175e-06,0.9986247
/home/leo/Documentos/mestrado/DeepWeeds-Mobile/images/20171220-095147-2.jpg,8,8,8,8,1,0.99980116,1.4469501e-05,6.4788645e-07,4.195686e-11,4.2414047e-07,1.1282637e-10,7.2191615e-05,8.328993e-08,0.00011098369,0.99980116
/home/leo/Documentos/mestrado/DeepWeeds-Mobile/images/20171220-100200-2.jpg,8,8,8,8,1,0.85963947,0.059541717,0.04015379,4.1733273e-08,2.0229893e-06,2.3976286e-06,0.004157706,0.0005212622,0.035981584,0.85963947
/home/leo/Documentos/mestrado/DeepWeeds-Mobile/images/20170217-121703-0.jpg,0,0,0,0,1,0.9563369,0.9563369,0.02141734,6.053108e-11,7.468933e-11,1.3728774e-10,5.2907995e-07,0.0020125068,0.020170165,6.2503794e-05
/home/leo/Documentos/mestrado/DeepWeeds-Mobile/images/20170210-131355-0.jpg,7,0,7,0,0,0.5536065,0.5536065,0.00013261584,4.1345456e-09,1.5954618e-07,6.970248e-10,3.0577703e-06,5.5739658e-08,0.44589928,0.0003583465
/home/leo/Documentos/mestrado/DeepWeeds-Mobile/images/20171217-184035-2.jpg,8,8,8,8,1,0.8578811,0.09846347,0.00075840234,5.1921927e-07,0.0223029,8.591403e-05,0.013249731,1.3350981e-05,0.0072445604,0.8578811
/home/leo/Documentos/mestrado/DeepWeeds-Mobile/images/20170128-103322-0.jpg,8,8,8,8,1,0.9269557,8.312188e-05,0.04527704,1.022945e-08,0.026604583,1.6360513e-06,0.0006242491,0.00028542307,0.00016818581,0.9269557
/home/leo/Documentos/mestrado/DeepWeeds-Mobile/images/20170714-143523-1.jpg,1,1,1,1,1,0.66530514,0.00085149624,0.66530514,2.5309994e-09,2.5118541e-05,4.358741e-10,0.07814857,0.0053537646,0.0073900474,0.24292582
/home/leo/Documentos/mestrado/DeepWeeds-Mobile/images/20171113-143650-0.jpg,6,6,6,6,1,0.99993944,2.3985374e-06,5.1101983e-06,3.346186e-08,1.9233741e-09,4.0863632e-09,9.128128e-07,0.99993944,3.2328683e-06,4.8887134e-05
/home/leo/Documentos/mestrado/DeepWeeds-Mobile/images/20170304-132112-0.jpg,7,7,7,7,1,0.9934303,0.0061539295,6.109973e-06,1.154375e-11,3.266759e-11,2.6862712e-11,5.673321e-09,5.9265403e-07,0.9934303,0.000409052
/home/leo/Documentos/mestrado/DeepWeeds-Mobile/images/20170127-101918-0.jpg,1,1,1,1,1,0.9724715,0.00060569507,0.9724715,5.5863922e-09,4.012979e-05,7.885653e-09,5.1914176e-05,0.0012776582,0.0039817574,0.021571334
/home/leo/Documentos/mestrado/DeepWeeds-Mobile/images/20170715-111253-1.jpg,1,1,1,1,1,0.4419642,0.0003919914,0.4419642,4.0447676e-07,8.001952e-05,3.516681e-06,0.0001279815,0.43316606,0.0029730336,0.12129272
/home/leo/Documentos/mestrado/DeepWeeds-Mobile/images/20180112-101955-2.jpg,8,8,8,8,1,0.98753715,0.0004229952,0.00054901117,1.3894406e-07,0.0012008981,8.6992804e-07,5.4897864e-05,0.0099780625,0.00025594642,0.98753715
/home/leo/Documentos/mestrado/DeepWeeds-Mobile/images/20170706-105615-0.jpg,7,8,7,8,0,0.3977722,0.006155448,0.1032592,0.001372374,0.0008816268,8.286805e-05,0.0028753786,0.1213953,0.3662057,0.3977722
/home/leo/Documentos/mestrado/DeepWeeds-Mobile/images/20170210-132642-0.jpg,0,0,0,0,1,0.9950168,0.9950168,2.1397677e-09,4.5062804e-11,2.7963232e-10,2.3036073e-11,0.00012011891,2.6496465e-07,0.004494209,0.0003685282
/home/leo/Documentos/mestrado/DeepWeeds-Mobile/images/20170217-115828-0.jpg,0,0,0,0,1,0.8036409,0.8036409,5.6606505e-06,2.6775828e-09,8.6217945e-08,5.265129e-09,0.00042067934,5.246524e-07,0.18745369,0.008478471
/home/leo/Documentos/mestrado/DeepWeeds-Mobile/images/20170210-141514-0.jpg,7,7,7,7,1,0.9892792,0.0033194518,0.0073381583,1.20152e-12,1.2395782e-11,2.0577286e-12,3.810493e-08,8.865066e-09,0.9892792,6.318628e-05
/home/leo/Documentos/mestrado/DeepWeeds-Mobile/images/20180125-100328-1.jpg,8,8,8,8,1,0.9981353,6.76275e-05,4.6821468e-05,1.7565353e-05,0.00017221642,4.3789697e-07,3.3036267e-05,0.0015268468,1.0277478e-07,0.9981353
/home/leo/Documentos/mestrado/DeepWeeds-Mobile/images/20180109-080221-1.jpg,8,8,8,8,1,0.99927974,4.1621043e-10,6.1968347e-10,6.0056743e-10,1.0943744e-09,1.4153448e-10,3.392842e-09,0.000720219,3.939057e-08,0.99927974
/home/leo/Documentos/mestrado/DeepWeeds-Mobile/images/20171212-095412-3.jpg,8,8,8,8,1,0.99863607,0.00016077782,6.818254e-05,4.943995e-08,0.0010915701,1.9045265e-06,1.9515727e-07,3.58749e-05,5.3324793e-06,0.99863607
/home/leo/Documentos/mestrado/DeepWeeds-Mobile/images/20171201-120820-1.jpg,8,5,8,5,0,0.8948728,2.137759e-05,3.1910513e-06,7.2368873e-12,7.948345e-07,6.2530797e-10,0.8948728,5.937947e-07,3.0415775e-05,0.10507078
/home/leo/Documentos/mestrado/DeepWeeds-Mobile/images/20180112-074902-2.jpg,8,8,8,8,1,0.4430625,0.0051004253,1.9815432e-05,0.0001774907,0.1996328,0.35169902,5.1249185e-06,1.9589693e-07,0.00030259753,0.4430625
/home/leo/Documentos/mestrado/DeepWeeds-Mobile/images/20171113-131730-1.jpg,6,6,6,6,1,0.9458857,0.00046461166,0.0022265825,2.5029077e-09,3.2905467e-07,2.5262345e-10,0.00035752016,0.9458857,0.0012332328,0.049832053
/home/leo/Documentos/mestrado/DeepWeeds-Mobile/images/20170727-171042-1.jpg,4,4,4,4,1,0.9977157,2.0057683e-05,2.897461e-08,0.00023711285,0.00060008804,0.9977157,2.128827e-08,2.3050629e-11,7.741875e-06,0.0014191432
/home/leo/Documentos/mestrado/DeepWeeds-Mobile/images/20171109-093715-3.jpg,5,5,5,5,1,0.9999968,4.1203387e-07,1.6153461e-09,1.3313932e-13,2.0198336e-11,1.4868703e-12,0.9999968,4.38704e-09,1.4732263e-09,2.7642197e-06
/home/leo/Documentos/mestrado/DeepWeeds-Mobile/images/20170128-102642-0.jpg,8,8,8,8,1,0.85339135,0.006867185,0.01203089,9.506843e-08,0.123771295,6.0991824e-06,0.0023571528,0.00014557487,0.0014303157,0.85339135
/home/leo/Documentos/mestrado/DeepWeeds-Mobile/images/20180125-091254-1.jpg,8,8,8,8,1,0.9998387,1.8158731e-05,0.00014217201,5.630733e-08,1.0565712e-09,1.1155648e-07,4.4728083e-07,2.9843358e-07,5.2056675e-09,0.9998387
/home/leo/Documentos/mestrado/DeepWeeds-Mobile/images/20170714-120717-2.jpg,1,1,1,1,1,0.51251876,0.00670695,0.51251876,8.058123e-07,0.0035902383,1.567593e-05,0.014950638,0.00045508498,0.209581,0.25218084
/home/leo/Documentos/mestrado/DeepWeeds-Mobile/images/20180105-092404-2.jpg,8,8,8,8,1,0.99995804,8.973344e-10,3.3138708e-10,3.7902303e-06,2.4776222e-07,4.662619e-06,5.2872696e-08,3.3221255e-05,3.8321533e-09,0.99995804
/home/leo/Documentos/mestrado/DeepWeeds-Mobile/images/20170920-101109-2.jpg,2,2,2,2,1,0.999136,3.1003438e-08,7.515726e-08,0.999136,2.0891805e-06,0.0001294061,3.0514957e-09,1.1029691e-06,8.984661e-10,0.00073129544
/home/leo/Documentos/mestrado/DeepWeeds-Mobile/images/20180105-100147-3.jpg,8,8,8,8,1,0.99983966,3.3702518e-06,2.0528955e-06,7.6831796e-08,6.609765e-05,2.100118e-06,1.7432222e-06,8.4402025e-05,3.8899327e-07,0.99983966
/home/leo/Documentos/mestrado/DeepWeeds-Mobile/images/20171113-151334-3.jpg,6,6,6,6,1,0.99824035,6.5874905e-05,1.2730002e-05,9.423535e-09,1.9055217e-07,8.63651e-09,2.4865953e-06,0.99824035,3.73087e-05,0.0016410179
/home/leo/Documentos/mestrado/DeepWeeds-Mobile/images/20171113-101452-1.jpg,5,5,5,5,1,0.8411769,0.0002328223,0.0015375934,3.854299e-11,3.3344054e-06,1.3983019e-10,0.8411769,3.1374228e-07,0.0016040199,0.15544501
/home/leo/Documentos/mestrado/DeepWeeds-Mobile/images/20170410-154425-0.jpg,0,8,0,8,0,0.5733889,0.29014078,0.027612796,5.2077235e-06,0.01965351,0.00016950932,0.00026141343,7.39937e-05,0.08869381,0.5733889
/home/leo/Documentos/mestrado/DeepWeeds-Mobile/images/20170715-165431-1.jpg,1,1,1,1,1,0.9999404,1.3599847e-08,0.9999404,1.3263619e-11,3.511841e-13,3.0680637e-13,3.5234378e-11,5.7886733e-05,4.2265437e-08,1.7437604e-06
/home/leo/Documentos/mestrado/DeepWeeds-Mobile/images/20170727-171448-1.jpg,4,4,4,4,1,0.990334,0.0001311724,3.1568047e-07,0.00016770598,0.00072690693,0.990334,1.0163488e-09,1.449808e-10,0.00073498854,0.007904852
/home/leo/Documentos/mestrado/DeepWeeds-Mobile/images/20171102-120141-2.jpg,2,8,2,8,0,0.6832103,0.007602259,0.121022314,0.051259335,0.002133583,0.00068348006,0.09291327,0.018923664,0.022251876,0.6832103
/home/leo/Documentos/mestrado/DeepWeeds-Mobile/images/20180322-115336-2.jpg,8,8,8,8,1,0.94974077,1.8354953e-05,7.212877e-06,0.00031413994,0.00057766616,0.04934178,2.0679038e-10,1.7916452e-08,1.7423922e-07,0.94974077
/home/leo/Documentos/mestrado/DeepWeeds-Mobile/images/20180109-090140-2.jpg,8,8,8,8,1,0.9975363,3.7476522e-05,1.6101052e-06,1.680904e-07,3.2887157e-05,3.1563632e-09,0.0007512788,0.0014582208,0.00018208883,0.9975363
/home/leo/Documentos/mestrado/DeepWeeds-Mobile/images/20171218-114652-3.jpg,8,8,8,8,1,0.99907804,9.925304e-06,2.8683837e-06,3.4724277e-09,5.040627e-06,9.4146735e-09,0.0002826053,0.00059484335,2.6591528e-05,0.99907804
/home/leo/Documentos/mestrado/DeepWeeds-Mobile/images/20171220-100335-1.jpg,8,8,8,8,1,0.9983854,1.4309694e-06,2.6300071e-07,5.382135e-13,4.5758053e-10,2.422915e-11,0.001612256,4.8713497e-07,1.8510765e-07,0.9983854
/home/leo/Documentos/mestrado/DeepWeeds-Mobile/images/20180119-112911-2.jpg,8,8,8,8,1,0.9919069,0.00015819652,0.0077760383,1.4126524e-05,7.732507e-06,9.903429e-06,5.2958e-06,0.000108371896,1.3453091e-05,0.9919069
/home/leo/Documentos/mestrado/DeepWeeds-Mobile/images/20171220-092332-2.jpg,8,8,8,8,1,0.9998809,1.0824473e-06,1.8617121e-09,1.1817819e-12,6.006159e-10,6.3048455e-09,0.00011788195,4.5332457e-10,1.6394915e-07,0.9998809
/home/leo/Documentos/mestrado/DeepWeeds-Mobile/images/20171109-072549-1.jpg,5,5,5,5,1,0.9451602,0.0013906481,0.008491349,6.098206e-07,1.6541198e-07,2.7716538e-09,0.9451602,9.693804e-05,0.03588221,0.008977732
/home/leo/Documentos/mestrado/DeepWeeds-Mobile/images/20171113-142008-2.jpg,6,6,6,6,1,0.9996906,1.0201686e-05,1.7543683e-05,5.8047565e-08,1.2579218e-08,3.6554113e-08,3.1368967e-07,0.9996906,1.1146765e-05,0.00027019484
/home/leo/Documentos/mestrado/DeepWeeds-Mobile/images/20171212-100328-1.jpg,8,8,8,8,1,0.99989474,6.1637036e-07,8.371731e-07,2.7937175e-09,1.375459e-05,1.3287336e-09,8.2817525e-05,3.1918573e-06,3.979611e-06,0.99989474
/home/leo/Documentos/mestrado/DeepWeeds-Mobile/images/20180105-094901-2.jpg,8,8,8,8,1,0.8251334,3.4644532e-07,5.6733917e-08,1.979792e-06,3.6173063e-07,3.8214766e-06,8.454131e-09,0.17485966,3.1239745e-07,0.8251334
/home/leo/Documentos/mestrado/DeepWeeds-Mobile/images/20180119-111122-2.jpg,8,8,8,8,1,0.98075026,0.0010242014,0.01738379,2.2924102e-07,3.6029098e-05,9.94468e-07,0.00036491,0.00011728888,0.00032229064,0.98075026
/home/leo/Documentos/mestrado/DeepWeeds-Mobile/images/20180109-094713-2.jpg,8,8,8,8,1,0.9610938,0.000516589,0.00035872078,0.037663188,8.56147e-06,0.0003415477,4.7102662e-06,9.210775e-06,3.676888e-06,0.9610938
/home/leo/Documentos/mestrado/DeepWeeds-Mobile/images/20180125-133152-3.jpg,8,8,8,8,1,0.76028395,0.0072811362,0.16359259,0.00022803634,0.0001115642,0.00037326623,0.003143311,0.0032107192,0.06177539,0.76028395
/home/leo/Documentos/mestrado/DeepWeeds-Mobile/images/20180109-105414-1.jpg,8,8,8,8,1,0.9658959,0.0066544106,0.00039286006,0.0005376402,0.023108011,1.6410748e-05,0.0009913276,6.3943476e-06,0.0023969945,0.9658959
/home/leo/Documentos/mestrado/DeepWeeds-Mobile/images/20171121-084307-1.jpg,6,6,6,6,1,0.9896743,1.4489835e-06,4.235479e-09,1.1928064e-06,1.3340911e-08,1.8799396e-07,5.1832e-07,0.9896743,2.618732e-05,0.010296084
/home/leo/Documentos/mestrado/DeepWeeds-Mobile/images/20170714-111854-2.jpg,1,1,1,1,1,0.9945722,2.0253137e-06,0.9945722,4.5273723e-07,6.983708e-07,1.1487201e-07,2.3328698e-06,5.0778497e-05,3.4961324e-06,0.00536784
/home/leo/Documentos/mestrado/DeepWeeds-Mobile/images/20171212-095237-1.jpg,8,8,8,8,1,0.9865393,0.0009352153,3.6155584e-06,2.6863587e-09,0.010572368,4.569454e-07,0.00082500826,1.5393843e-08,0.0011240762,0.9865393
/home/leo/Documentos/mestrado/DeepWeeds-Mobile/images/20180109-102800-1.jpg,8,6,8,6,0,0.6408975,0.00046856405,0.043542445,1.3313675e-06,0.00015062276,1.2951621e-06,0.0001335405,0.6408975,0.001284993,0.31351972
/home/leo/Documentos/mestrado/DeepWeeds-Mobile/images/20171102-095451-1.jpg,8,3,8,3,0,0.7644887,0.0046772156,0.0001016609,0.0001820813,0.7644887,0.18175185,5.830338e-09,2.0788484e-08,0.0015634472,0.047235027
/home/leo/Documentos/mestrado/DeepWeeds-Mobile/images/20180112-080211-2.jpg,8,8,8,8,1,0.9770184,0.0045589595,0.0068067326,5.72766e-07,0.000971542,1.741181e-05,5.830218e-08,5.119986e-06,0.010621233,0.9770184
/home/leo/Documentos/mestrado/DeepWeeds-Mobile/images/20171220-084545-2.jpg,8,8,8,8,1,0.55795294,0.008587874,0.3981713,1.794985e-07,5.060751e-05,2.2574323e-08,0.010696189,0.0012256885,0.023315337,0.55795294
/home/leo/Documentos/mestrado/DeepWeeds-Mobile/images/20170920-155952-3.jpg,2,2,2,2,1,0.98997796,6.4150286e-06,7.890574e-10,0.98997796,0.0009781563,0.0065622553,1.5407245e-08,2.1472615e-10,2.9991572e-08,0.0024751432
/home/leo/Documentos/mestrado/DeepWeeds-Mobile/images/20171113-122649-3.jpg,6,8,6,8,0,0.82187647,0.00038473157,2.2670141e-05,0.0020437296,1.5837127e-06,3.3796694e-06,0.00019865685,0.17527442,0.00019431776,0.82187647
/home/leo/Documentos/mestrado/DeepWeeds-Mobile/images/20180112-080904-2.jpg,8,8,8,8,1,0.6838542,0.017385129,0.0010120627,0.0012015809,0.29252085,0.0018443111,9.228949e-08,1.2211969e-07,0.002181634,0.6838542
/home/leo/Documentos/mestrado/DeepWeeds-Mobile/images/20180125-130507-3.jpg,8,8,8,8,1,0.94341195,0.00062238856,0.012076242,0.000101699705,0.014237665,0.0001638445,0.00069499866,0.016449183,0.0122420015,0.94341195
/home/leo/Documentos/mestrado/DeepWeeds-Mobile/images/20180119-111134-2.jpg,8,8,8,8,1,0.9982418,0.0010523744,5.0004208e-05,5.5618403e-09,1.0595479e-05,1.6179025e-07,0.0005256006,4.54614e-05,7.399627e-05,0.9982418
/home/leo/Documentos/mestrado/DeepWeeds-Mobile/images/20171102-093644-3.jpg,4,2,4,2,0,0.71856827,0.0007187433,0.0015913127,0.71856827,0.0025080948,0.17923065,1.0978728e-06,1.654192e-05,4.100147e-05,0.09732423
/home/leo/Documentos/mestrado/DeepWeeds-Mobile/images/20170811-154918-2.jpg,0,0,0,0,1,0.96212137,0.96212137,0.00025302483,5.2285806e-08,8.314499e-09,7.3063795e-08,2.467928e-06,2.6018279e-08,0.026959682,0.010663142
/home/leo/Documentos/mestrado/DeepWeeds-Mobile/images/20171219-114339-3.jpg,8,0,8,0,0,0.7872578,0.7872578,0.005486497,0.0003268538,1.6291066e-05,1.998101e-05,0.0028370076,4.4544202e-05,0.03836894,0.1656421
/home/leo/Documentos/mestrado/DeepWeeds-Mobile/images/20170913-104940-2.jpg,3,3,3,3,1,0.7805886,6.313226e-06,4.9666667e-08,3.9666193e-05,0.7805886,0.0022888673,3.2894513e-06,2.2042006e-09,8.103973e-07,0.21707235
/home/leo/Documentos/mestrado/DeepWeeds-Mobile/images/20180322-125940-1.jpg,8,8,8,8,1,0.99713707,0.0011486277,0.00089758635,0.0001321675,4.0148416e-06,3.719127e-07,0.0006053521,3.3072874e-06,7.147179e-05,0.99713707
/home/leo/Documentos/mestrado/DeepWeeds-Mobile/images/20180322-130517-1.jpg,8,8,8,8,1,0.9897627,5.9336276e-06,2.672053e-08,2.9324434e-08,8.840198e-05,0.010142822,9.028269e-09,5.632288e-11,1.1753357e-07,0.9897627
/home/leo/Documentos/mestrado/DeepWeeds-Mobile/images/20170729-090408-1.jpg,4,4,4,4,1,0.9998239,1.3014946e-05,1.5803584e-09,5.250818e-07,0.00010856888,0.9998239,2.0843125e-08,1.7549106e-14,2.5141248e-06,5.1434283e-05
/home/leo/Documentos/mestrado/DeepWeeds-Mobile/images/20170405-155929-0.jpg,0,0,0,0,1,0.9066675,0.9066675,0.012134009,2.5589447e-08,7.287243e-07,1.997072e-07,1.607189e-05,2.0375819e-05,0.027570397,0.053590667
/home/leo/Documentos/mestrado/DeepWeeds-Mobile/images/20180322-103048-1.jpg,8,8,8,8,1,0.9996159,5.4620337e-05,3.5806576e-07,1.7434729e-07,5.376537e-07,0.00029534628,1.46251e-07,1.3958606e-10,3.3066e-05,0.9996159
/home/leo/Documentos/mestrado/DeepWeeds-Mobile/images/20170126-095308-0.jpg,1,1,1,1,1,0.9995067,0.00036592732,0.9995067,1.1857461e-12,1.7538578e-11,8.300677e-12,3.5522096e-10,9.028256e-05,3.6435245e-05,6.1254093e-07
/home/leo/Documentos/mestrado/DeepWeeds-Mobile/images/20170630-155323-0.jpg,7,7,7,7,1,0.6800739,0.025209483,0.24065652,4.9437176e-07,1.2812827e-05,7.293292e-08,0.011933892,0.014853343,0.6800739,0.027259428
/home/leo/Documentos/mestrado/DeepWeeds-Mobile/images/20180322-104116-1.jpg,8,8,8,8,1,0.5846935,0.0714393,0.0005748559,9.901952e-05,0.002257914,4.913274e-05,0.02081073,4.9993996e-06,0.3200706,0.5846935
/home/leo/Documentos/mestrado/DeepWeeds-Mobile/images/20170714-121755-2.jpg,1,1,1,1,1,0.7843631,0.0005830915,0.7843631,3.0809446e-07,1.5423291e-06,4.6625228e-08,0.006099457,0.0055895806,0.0107728215,0.19259001
/home/leo/Documentos/mestrado/DeepWeeds-Mobile/images/20171121-082948-2.jpg,6,6,6,6,1,0.88502795,5.4115113e-05,0.0033976852,2.064783e-06,8.143816e-07,2.8795531e-08,0.0001588952,0.88502795,0.00024897154,0.11110947
/home/leo/Documentos/mestrado/DeepWeeds-Mobile/images/20171102-122909-1.jpg,2,2,2,2,1,0.9749351,3.578045e-05,0.00043750848,0.9749351,5.5511355e-05,0.00075295806,0.00017696201,0.00012598513,1.5331585e-05,0.023464816
/home/leo/Documentos/mestrado/DeepWeeds-Mobile/images/20171220-083405-2.jpg,8,8,8,8,1,0.99999654,3.1012036e-08,2.0598682e-10,1.47111e-15,3.2007054e-06,1.8801409e-10,2.4599603e-07,3.0865035e-12,4.968543e-08,0.99999654
/home/leo/Documentos/mestrado/DeepWeeds-Mobile/images/20171109-193914-1.jpg,5,5,5,5,1,0.9999058,9.0009235e-07,1.3369775e-07,1.1124645e-12,1.9253309e-10,1.6563148e-13,0.9999058,2.1662505e-08,1.1068136e-08,9.3158356e-05
/home/leo/Documentos/mestrado/DeepWeeds-Mobile/images/20180105-101555-2.jpg,8,8,8,8,1,0.9999931,6.4206816e-08,7.2779964e-09,7.703102e-07,2.961731e-08,5.026415e-07,5.427099e-08,5.436102e-06,1.4671563e-08,0.9999931
/home/leo/Documentos/mestrado/DeepWeeds-Mobile/images/20171220-085131-2.jpg,8,8,8,8,1,0.9924283,2.2085667e-05,0.0008993275,1.0688295e-09,6.019327e-06,2.3649434e-08,2.037326e-05,0.006598239,2.570624e-05,0.9924283
/home/leo/Documentos/mestrado/DeepWeeds-Mobile/images/20180322-103426-1.jpg,8,8,8,8,1,0.6335437,0.0045859166,4.311732e-05,0.0006283038,0.3560611,0.00020303599,0.0020627691,3.245541e-05,0.0028396342,0.6335437
/home/leo/Documentos/mestrado/DeepWeeds-Mobile/images/20161207-111620-0.jpg,0,0,0,0,1,0.7620711,0.7620711,5.1228493e-05,1.6046849e-10,4.3140176e-08,1.2932122e-06,0.055754278,1.3343438e-07,0.003188978,0.178933
/home/leo/Documentos/mestrado/DeepWeeds-Mobile/images/20170906-112622-1.jpg,3,3,3,3,1,0.9460473,0.00643267,0.009525883,5.7185194e-09,0.9460473,9.878893e-06,2.2051684e-06,8.252019e-05,0.0030440264,0.034855533
/home/leo/Documentos/mestrado/DeepWeeds-Mobile/images/20180109-091152-2.jpg,8,8,8,8,1,0.999892,6.1283953e-07,5.4115794e-06,6.998029e-10,6.850085e-07,1.3911755e-08,9.196716e-05,8.405167e-06,8.1287135e-07,0.999892
/home/leo/Documentos/mestrado/DeepWeeds-Mobile/images/20170721-115458-1.jpg,1,1,1,1,1,0.9669608,0.021907348,0.9669608,1.4116765e-07,0.0001786695,6.3881055e-07,1.2176331e-05,1.3267748e-05,0.007975471,0.002951534
/home/leo/Documentos/mestrado/DeepWeeds-Mobile/images/20170405-154714-0.jpg,0,7,0,7,0,0.6183656,0.37970123,9.4357485e-05,1.0736601e-10,2.836299e-07,4.2650022e-11,0.00021862944,5.6284193e-07,0.6183656,0.0016193818
/home/leo/Documentos/mestrado/DeepWeeds-Mobile/images/20171122-102506-1.jpg,5,5,5,5,1,0.99949694,3.3485492e-07,9.536368e-10,7.261136e-12,4.1859477e-10,1.1288626e-11,0.99949694,5.7638716e-09,1.3522616e-07,0.00050262176
/home/leo/Documentos/mestrado/DeepWeeds-Mobile/images/20170811-133931-1.jpg,0,8,0,8,0,0.5660683,0.38097072,0.0030084793,4.2291535e-06,6.442357e-08,2.2493006e-07,0.0031108395,6.8892136e-06,0.046830297,0.5660683
/home/leo/Documentos/mestrado/DeepWeeds-Mobile/images/20170210-141655-0.jpg,7,7,7,7,1,0.8633379,0.12381413,0.0007835505,2.364687e-08,8.5048846e-08,1.8520248e-09,2.3167706e-06,5.210937e-07,0.8633379,0.012061424
/home/leo/Documentos/mestrado/DeepWeeds-Mobile/images/20171212-104215-3.jpg,8,8,8,8,1,0.84395915,0.094128065,0.039759118,0.0006252276,0.0031590601,0.014592899,3.5600875e-05,0.00041809274,0.003322838,0.84395915
/home/leo/Documentos/mestrado/DeepWeeds-Mobile/images/20180109-075302-1.jpg,8,8,8,8,1,0.9804032,4.204454e-05,0.00039232543,0.00020138774,0.0009160997,0.006618043,4.6735046e-08,0.011409094,1.765605e-05,0.9804032
/home/leo/Documentos/mestrado/DeepWeeds-Mobile/images/20180112-074923-2.jpg,8,8,8,8,1,0.98640186,2.3272012e-05,0.00020596842,0.000101614234,0.004871573,0.008105255,1.0079039e-08,0.00021476764,7.558894e-05,0.98640186
/home/leo/Documentos/mestrado/DeepWeeds-Mobile/images/20180109-092413-2.jpg,8,8,8,8,1,0.9827982,0.0029834677,0.0037030242,3.5646547e-06,4.2456188e-05,2.0859586e-07,0.005454741,0.0012642796,0.0037499913,0.9827982
/home/leo/Documentos/mestrado/DeepWeeds-Mobile/images/20171219-113025-3.jpg,8,8,8,8,1,0.6941762,4.41619e-05,1.076544e-08,0.26452583,0.002226357,0.039022643,3.5261912e-06,8.7958523e-07,4.0802553e-07,0.6941762
/home/leo/Documentos/mestrado/DeepWeeds-Mobile/images/20180119-113430-2.jpg,8,8,8,8,1,0.9973327,2.4560108e-05,0.002612162,2.175248e-06,1.2399291e-05,1.8438867e-06,1.1411101e-07,1.1895284e-05,2.0988057e-06,0.9973327
/home/leo/Documentos/mestrado/DeepWeeds-Mobile/images/20180125-100826-2.jpg,8,8,8,8,1,0.99998164,7.637902e-09,2.0777258e-12,4.676848e-11,1.7800732e-05,4.222512e-08,5.5648854e-07,5.980143e-09,4.551097e-11,0.99998164
/home/leo/Documentos/mestrado/DeepWeeds-Mobile/images/20171203-165059-3.jpg,8,8,8,8,1,0.8961534,0.00040853734,0.07950097,6.3958105e-10,0.0004335242,6.3712076e-09,0.019680278,6.7179194e-06,0.003816532,0.8961534
/home/leo/Documentos/mestrado/DeepWeeds-Mobile/images/20171109-092200-1.jpg,5,5,5,5,1,0.99997497,7.3484586e-07,2.5030263e-07,3.1212114e-12,1.664177e-11,1.0226481e-12,0.99997497,6.7743804e-07,2.982836e-07,2.298096e-05
/home/leo/Documentos/mestrado/DeepWeeds-Mobile/images/20170704-151911-0.jpg,0,0,0,0,1,0.988531,0.988531,0.0006888292,5.0544995e-09,5.586035e-09,3.009025e-08,3.2683427e-05,7.146862e-07,0.0017544727,0.0089922855
/home/leo/Documentos/mestrado/DeepWeeds-Mobile/images/20170630-154427-0.jpg,7,7,7,7,1,0.97088873,0.0028108319,0.025751984,4.4374762e-10,1.6504032e-08,4.8907454e-11,1.763746e-05,4.9313026e-06,0.97088873,0.0005258464
/home/leo/Documentos/mestrado/DeepWeeds-Mobile/images/20180109-104335-1.jpg,8,8,8,8,1,0.9796306,0.00012771258,0.016599514,0.00039487486,0.0006159335,0.0006621287,8.678958e-06,0.0019234446,3.701315e-05,0.9796306
/home/leo/Documentos/mestrado/DeepWeeds-Mobile/images/20180112-072620-1.jpg,8,8,8,8,1,0.8545647,0.031734847,0.079525925,0.0007503406,0.019084366,0.0005998819,7.5206495e-05,0.0005000961,0.01316448,0.8545647
/home/leo/Documentos/mestrado/DeepWeeds-Mobile/images/20180109-091440-1.jpg,8,8,8,8,1,0.9865273,0.0007885379,0.0006553285,1.1018843e-08,8.632568e-06,3.761512e-10,0.005139901,0.0064580142,0.00042221986,0.9865273
/home/leo/Documentos/mestrado/DeepWeeds-Mobile/images/20170727-124715-1.jpg,4,2,4,2,0,0.90869474,3.24688e-05,4.1046897e-06,0.90869474,0.0009593373,0.059739113,1.1460447e-05,6.1839096e-06,7.058762e-05,0.030482043
/home/leo/Documentos/mestrado/DeepWeeds-Mobile/images/20180109-073211-1.jpg,8,8,8,8,1,0.9998765,6.3535155e-09,4.5320284e-08,4.1431054e-09,2.904573e-06,6.0365477e-09,5.2902e-11,0.00012051291,8.504229e-09,0.9998765
/home/leo/Documentos/mestrado/DeepWeeds-Mobile/images/20171109-095205-2.jpg,5,5,5,5,1,0.9954798,3.3109476e-08,1.1301005e-07,3.296655e-12,5.6338968e-11,3.7796936e-11,0.9954798,0.00010483842,1.8683703e-07,0.0044149677
/home/leo/Documentos/mestrado/DeepWeeds-Mobile/images/20170210-133043-0.jpg,0,0,0,0,1,0.9904943,0.9904943,9.252871e-05,6.7442935e-10,5.0550906e-09,1.9514282e-10,1.12407626e-07,5.3159295e-09,0.008013376,0.0013997203
/home/leo/Documentos/mestrado/DeepWeeds-Mobile/images/20171219-093257-2.jpg,8,8,8,8,1,0.99267644,0.0016453698,3.949855e-07,9.775281e-10,0.005274664,3.6630726e-07,0.00018268195,6.103328e-08,0.00022005367,0.99267644
/home/leo/Documentos/mestrado/DeepWeeds-Mobile/images/20170705-160802-0.jpg,7,8,7,8,0,0.49591485,0.36453605,0.0029136776,2.7953448e-07,3.6886624e-05,8.587664e-06,0.00025019783,1.4589994e-05,0.13632488,0.49591485
/home/leo/Documentos/mestrado/DeepWeeds-Mobile/images/20180112-070337-2.jpg,8,8,8,8,1,0.9537532,0.038280882,0.00031846878,5.1534084e-06,0.002341842,0.0007442248,2.3203535e-05,4.3766576e-08,0.0045329845,0.9537532
/home/leo/Documentos/mestrado/DeepWeeds-Mobile/images/20170920-112729-3.jpg,2,2,2,2,1,0.99849653,1.4924904e-06,5.480105e-08,0.99849653,0.00013065056,0.0003769269,9.659958e-06,3.8413313e-07,1.515922e-07,0.0009841028
/home/leo/Documentos/mestrado/DeepWeeds-Mobile/images/20170501-144852-0.jpg,8,8,8,8,1,0.9960137,0.0001135894,0.00053197675,7.4114165e-10,1.6110164e-06,1.00678585e-08,0.0005271259,6.1412816e-06,0.0028057855,0.9960137
/home/leo/Documentos/mestrado/DeepWeeds-Mobile/images/20171113-100926-1.jpg,5,8,5,8,0,0.6902242,9.3730824e-07,3.037144e-05,1.0308306e-08,6.3925484e-08,8.9910596e-10,0.30972296,2.0604977e-05,9.327133e-07,0.6902242
/home/leo/Documentos/mestrado/DeepWeeds-Mobile/images/20180109-091130-2.jpg,8,8,8,8,1,0.72569644,0.0003164349,0.0009344824,3.6531456e-09,1.8113155e-07,1.9722556e-08,0.27194458,0.00023569183,0.0008722798,0.72569644
/home/leo/Documentos/mestrado/DeepWeeds-Mobile/images/20180125-132330-2.jpg,8,8,8,8,1,0.9967655,0.0020434333,0.00060664705,2.445284e-09,3.622184e-05,0.00019495461,2.295945e-05,7.309912e-07,0.0003295403,0.9967655
/home/leo/Documentos/mestrado/DeepWeeds-Mobile/images/20171212-095400-3.jpg,8,8,8,8,1,0.98886126,0.00024695124,0.00046582354,3.827305e-09,0.010338833,1.8114422e-06,9.854091e-07,5.5765595e-06,7.879672e-05,0.98886126
/home/leo/Documentos/mestrado/DeepWeeds-Mobile/images/20171122-101744-1.jpg,5,5,5,5,1,0.999493,6.7049683e-07,1.1895187e-06,3.4749814e-10,7.3295086e-09,5.3653953e-11,0.999493,6.0180805e-06,2.5274102e-07,0.00049883843
/home/leo/Documentos/mestrado/DeepWeeds-Mobile/images/20171121-084619-1.jpg,6,1,6,1,0,0.72504014,0.00038386602,0.72504014,4.820268e-11,1.1909453e-10,3.9937956e-11,1.5934414e-07,0.27151746,0.0028787644,0.00017960322
/home/leo/Documentos/mestrado/DeepWeeds-Mobile/images/20180109-071520-2.jpg,8,8,8,8,1,0.7464598,1.8363949e-06,2.4745412e-05,0.0013906676,1.3453097e-06,5.8274556e-05,1.5296781e-06,0.25203377,2.8058681e-05,0.7464598
/home/leo/Documentos/mestrado/DeepWeeds-Mobile/images/20170729-090727-2.jpg,4,4,4,4,1,0.9841526,1.5864282e-05,3.0499078e-07,0.00083642715,0.01363857,0.9841526,2.5950103e-05,2.583934e-09,1.1866736e-05,0.0013184702
/home/leo/Documentos/mestrado/DeepWeeds-Mobile/images/20171219-113753-2.jpg,8,8,8,8,1,0.44070527,0.0005883034,5.604645e-07,0.20119347,0.0042322995,0.1055347,0.24510095,0.001215245,0.0014292685,0.44070527
/home/leo/Documentos/mestrado/DeepWeeds-Mobile/images/20171220-084909-3.jpg,8,8,8,8,1,0.9998349,5.8111955e-06,5.4773103e-05,2.0900027e-13,3.6763173e-05,4.2882256e-10,4.5645905e-07,6.802277e-09,6.7255234e-05,0.9998349
/home/leo/Documentos/mestrado/DeepWeeds-Mobile/images/20170913-102124-2.jpg,3,3,3,3,1,0.9985139,3.0933571e-09,3.4201683e-10,1.7884616e-07,0.9985139,4.183365e-05,1.3199721e-05,1.3295275e-10,7.414897e-11,0.0014308883
/home/leo/Documentos/mestrado/DeepWeeds-Mobile/images/20170729-091350-1.jpg,4,4,4,4,1,0.99870193,1.50507885e-05,1.7884036e-08,0.0006507632,0.0002889101,0.99870193,4.931075e-06,1.9900344e-12,4.2346088e-05,0.0002960484
/home/leo/Documentos/mestrado/DeepWeeds-Mobile/images/20170913-100453-2.jpg,3,3,3,3,1,0.98726094,2.0241895e-07,4.9354254e-09,8.471409e-06,0.98726094,0.00016896783,7.987461e-05,9.183603e-10,1.3919289e-08,0.012481534
/home/leo/Documentos/mestrado/DeepWeeds-Mobile/images/20170715-160253-1.jpg,1,1,1,1,1,0.63601434,0.0008294925,0.63601434,9.2703594e-08,4.0874554e-07,2.9840347e-08,6.149008e-05,0.35976866,0.00035934278,0.0029661222
/home/leo/Documentos/mestrado/DeepWeeds-Mobile/images/20180112-093539-2.jpg,8,8,8,8,1,0.99716514,5.645713e-05,7.127314e-05,2.839188e-06,1.7114667e-06,8.1905654e-07,0.0017492032,0.00030836003,0.00064420816,0.99716514
/home/leo/Documentos/mestrado/DeepWeeds-Mobile/images/20180125-093547-2.jpg,8,8,8,8,1,0.9868752,0.000105682855,0.00037061624,0.00021707578,0.01184239,0.00045026763,7.864059e-06,9.55512e-05,3.5470184e-05,0.9868752
/home/leo/Documentos/mestrado/DeepWeeds-Mobile/images/20170913-105051-1.jpg,3,2,3,2,0,0.3813574,2.5606394e-05,3.961577e-05,0.3813574,0.25511178,0.16392334,1.9486524e-05,1.7755722e-08,3.15919e-08,0.1995228
/home/leo/Documentos/mestrado/DeepWeeds-Mobile/images/20170630-150716-0.jpg,7,0,7,0,0,0.8434918,0.8434918,0.004530824,8.279126e-05,1.3828723e-07,2.2203958e-06,0.016159266,2.6503323e-05,0.10461773,0.03108871
/home/leo/Documentos/mestrado/DeepWeeds-Mobile/images/20180109-110120-2.jpg,8,8,8,8,1,0.99860966,0.00027832112,2.405933e-05,1.4350406e-05,0.00054089166,3.234673e-05,2.115005e-05,1.4461694e-06,0.00047764461,0.99860966
/home/leo/Documentos/mestrado/DeepWeeds-Mobile/images/20170920-163212-3.jpg,2,2,2,2,1,0.9999722,2.496597e-09,3.312641e-10,0.9999722,3.363151e-07,8.0736066e-07,3.7974185e-10,2.77207e-09,3.9740495e-09,2.6663318e-05
/home/leo/Documentos/mestrado/DeepWeeds-Mobile/images/20170217-122030-0.jpg,0,0,0,0,1,0.9999732,0.9999732,6.5154527e-06,5.115278e-13,7.369755e-12,7.967492e-13,1.1759346e-08,3.0324714e-09,1.1877505e-05,8.411006e-06
/home/leo/Documentos/mestrado/DeepWeeds-Mobile/images/20171203-170504-3.jpg,8,8,8,8,1,0.8019056,0.012306964,0.13131182,1.1835812e-07,0.0056040864,6.594275e-07,0.014914434,0.004852489,0.029103935,0.8019056
/home/leo/Documentos/mestrado/DeepWeeds-Mobile/images/20170610-123940-0.jpg,1,1,1,1,1,0.8645306,0.009968268,0.8645306,1.0533996e-05,0.0010203124,6.833667e-05,0.0025206464,0.00023936514,0.026899355,0.09474259
/home/leo/Documentos/mestrado/DeepWeeds-Mobile/images/20171218-105401-3.jpg,8,8,8,8,1,0.9952679,0.00075763185,0.0033610815,2.1134852e-09,1.5328269e-06,4.659786e-07,0.000253373,4.0480597e-07,0.00035754955,0.9952679
/home/leo/Documentos/mestrado/DeepWeeds-Mobile/images/20180109-080233-1.jpg,8,8,8,8,1,0.8542244,3.00853e-06,4.407294e-06,1.17775016e-07,8.1660155e-06,7.99448e-06,1.1665108e-08,0.14574674,5.1163447e-06,0.8542244
/home/leo/Documentos/mestrado/DeepWeeds-Mobile/images/20171102-121702-2.jpg,2,2,2,2,1,0.99974495,1.1385525e-07,7.6611434e-07,0.99974495,1.0703982e-06,8.626224e-07,3.200544e-08,8.850074e-08,2.2494268e-07,0.00025179406
/home/leo/Documentos/mestrado/DeepWeeds-Mobile/images/20171121-083217-1.jpg,6,6,6,6,1,0.99995434,7.025104e-07,2.8658706e-05,4.1244664e-12,3.012383e-12,1.2012157e-12,8.648732e-09,0.99995434,1.9266092e-06,1.4289266e-05
/home/leo/Documentos/mestrado/DeepWeeds-Mobile/images/20171025-093745-2.jpg,3,3,3,3,1,0.9253226,0.00039166538,0.00039838502,0.00011165683,0.9253226,1.0189352e-05,4.79861e-07,4.5599576e-05,8.983093e-05,0.07362971
/home/leo/Documentos/mestrado/DeepWeeds-Mobile/images/20171108-124659-3.jpg,5,5,5,5,1,0.99988127,7.9887795e-05,9.445711e-12,1.5032982e-14,2.1343234e-11,3.1905325e-12,0.99988127,8.4135765e-10,1.6167299e-07,3.8657014e-05
/home/leo/Documentos/mestrado/DeepWeeds-Mobile/images/20171109-092301-2.jpg,5,5,5,5,1,0.9973336,1.6290923e-06,3.7095862e-05,1.3252024e-11,7.701702e-11,9.931854e-13,0.9973336,0.00012448741,2.009645e-06,0.0025011094
/home/leo/Documentos/mestrado/DeepWeeds-Mobile/images/20171025-082709-2.jpg,3,3,3,3,1,0.6859737,0.0350995,0.016101005,2.3903442e-05,0.6859737,2.0796972e-06,1.4799504e-06,6.6303604e-05,0.04035228,0.22237982
/home/leo/Documentos/mestrado/DeepWeeds-Mobile/images/20171109-070713-3.jpg,5,5,5,5,1,0.9193521,0.004653714,1.8857088e-05,1.8485295e-08,4.4295987e-08,3.275883e-08,0.9193521,8.8757224e-05,0.011445832,0.06444064
/home/leo/Documentos/mestrado/DeepWeeds-Mobile/images/20171205-134905-2.jpg,8,8,8,8,1,0.9669668,4.1634294e-06,3.1431665e-07,4.046069e-12,4.6244972e-07,1.3057691e-10,0.033027112,7.0010395e-07,4.786604e-07,0.9669668
/home/leo/Documentos/mestrado/DeepWeeds-Mobile/images/20171218-110305-2.jpg,8,8,8,8,1,0.99997413,4.702357e-06,4.7762533e-08,2.9720045e-14,1.078375e-08,7.917557e-12,1.8820983e-05,7.200999e-10,2.3538696e-06,0.99997413
/home/leo/Documentos/mestrado/DeepWeeds-Mobile/images/20180112-073200-1.jpg,8,8,8,8,1,0.82144386,0.003458013,0.10690919,0.0014370364,0.00085127255,1.43395255e-05,0.00042309496,0.04880151,0.016661787,0.82144386
/home/leo/Documentos/mestrado/DeepWeeds-Mobile/images/20171109-071508-1.jpg,5,5,5,5,1,0.97679317,0.011982253,7.325204e-05,1.1917387e-09,1.7195582e-08,8.6968904e-10,0.97679317,4.49385e-05,0.0005126574,0.01059371
/home/leo/Documentos/mestrado/DeepWeeds-Mobile/images/20170906-113518-1.jpg,3,3,3,3,1,0.9778516,9.835229e-05,1.0616805e-08,7.542037e-13,0.9778516,1.2837358e-10,2.8738842e-08,2.2083028e-10,0.0017445459,0.020305425
/home/leo/Documentos/mestrado/DeepWeeds-Mobile/images/20171219-094325-2.jpg,8,8,8,8,1,0.9999474,3.4897594e-06,2.0533429e-07,5.2513007e-13,2.6288244e-05,2.1969015e-10,7.153716e-06,2.419989e-08,1.5517226e-05,0.9999474
/home/leo/Documentos/mestrado/DeepWeeds-Mobile/images/20170304-130308-0.jpg,7,7,7,7,1,0.8558668,0.14112061,0.0020135248,1.2895584e-12,5.410293e-09,3.638279e-11,2.2379663e-08,3.5996065e-06,0.8558668,0.0009955225
/home/leo/Documentos/mestrado/DeepWeeds-Mobile/images/20170727-120834-3.jpg,4,4,4,4,1,0.9802281,0.0017227565,3.4604385e-05,0.00075725425,0.004784244,0.9802281,0.0024218608,6.154296e-07,0.00080073567,0.009249823
/home/leo/Documentos/mestrado/DeepWeeds-Mobile/images/20180125-093851-2.jpg,8,8,8,8,1,0.99969715,3.8642926e-07,8.576579e-07,1.6939839e-07,0.00029418955,6.536703e-06,1.8836102e-08,1.4343499e-09,7.4530243e-07,0.99969715
/home/leo/Documentos/mestrado/DeepWeeds-Mobile/images/20170913-101606-1.jpg,3,3,3,3,1,0.99331105,6.695362e-08,3.3083627e-08,9.866921e-06,0.99331105,0.000110492525,2.6120104e-05,8.541904e-11,4.481415e-09,0.006542415
/home/leo/Documentos/mestrado/DeepWeeds-Mobile/images/20170906-104114-2.jpg,3,3,3,3,1,0.4423428,0.01602741,0.0019549257,0.0013048433,0.4423428,0.24533227,7.495479e-06,9.1718846e-07,0.09154268,0.20148666
/home/leo/Documentos/mestrado/DeepWeeds-Mobile/images/20180112-092057-1.jpg,8,8,8,8,1,0.9726259,0.00016692522,0.024718845,7.0579816e-05,9.5624535e-05,4.141962e-05,3.262945e-08,0.0022238353,5.671112e-05,0.9726259
/home/leo/Documentos/mestrado/DeepWeeds-Mobile/images/20180112-071700-2.jpg,8,1,8,1,0,0.47693363,0.04991882,0.47693363,0.0005351185,0.011706289,0.01766963,0.0010695385,0.00517626,0.020987531,0.41600326
/home/leo/Documentos/mestrado/DeepWeeds-Mobile/images/20180322-113657-1.jpg,8,8,8,8,1,0.68473047,0.019555695,0.047506012,0.0021309445,9.6085336e-05,2.1071468e-05,0.022560393,0.21985614,0.0035431942,0.68473047
/home/leo/Documentos/mestrado/DeepWeeds-Mobile/images/20171212-095844-1.jpg,8,8,8,8,1,0.99998534,4.4240252e-07,9.635776e-07,5.8568595e-14,6.580758e-06,5.6687297e-11,2.0780105e-07,1.095023e-07,6.298626e-06,0.99998534
/home/leo/Documentos/mestrado/DeepWeeds-Mobile/images/20170727-125357-1.jpg,4,4,4,4,1,0.9012633,0.004749539,2.5172856e-05,0.001124924,0.002421872,0.9012633,5.0560044e-05,1.5386149e-06,0.020865865,0.069497235
/home/leo/Documentos/mestrado/DeepWeeds-Mobile/images/20171220-091755-2.jpg,8,8,8,8,1,0.996799,7.568637e-05,0.00019911079,1.3852028e-06,3.0944345e-06,7.651662e-09,0.0029098412,8.149392e-06,3.731483e-06,0.996799
/home/leo/Documentos/mestrado/DeepWeeds-Mobile/images/20170729-092115-1.jpg,4,4,4,4,1,0.99808675,1.4348883e-05,1.8663293e-08,0.0006107498,0.00058371515,0.99808675,8.687676e-07,1.4135027e-12,2.116187e-05,0.00068243576
/home/leo/Documentos/mestrado/DeepWeeds-Mobile/images/20180125-134928-3.jpg,8,1,8,1,0,0.5884929,0.0021151905,0.5884929,4.5332694e-05,0.00047365736,0.00051235454,0.00039588066,0.04801903,0.0008393635,0.35910633
/home/leo/Documentos/mestrado/DeepWeeds-Mobile/images/20170217-120512-0.jpg,7,0,7,0,0,0.9554611,0.9554611,0.00011780716,2.5457473e-07,1.0033298e-07,2.2760846e-10,1.1795099e-05,9.5301516e-08,0.03866399,0.0057448773
/home/leo/Documentos/mestrado/DeepWeeds-Mobile/images/20170727-144243-1.jpg,4,8,4,8,0,0.43393967,0.0012492993,3.1807372e-07,0.2679377,0.006103304,0.28427693,0.0023979442,1.8985814e-06,0.0040929927,0.43393967
/home/leo/Documentos/mestrado/DeepWeeds-Mobile/images/20180105-093646-2.jpg,8,8,8,8,1,0.8816597,6.422335e-06,2.2126123e-06,0.0013280511,1.3048287e-08,1.5046291e-07,1.9964053e-05,0.11698281,8.022803e-07,0.8816597
/home/leo/Documentos/mestrado/DeepWeeds-Mobile/images/20180125-090927-1.jpg,8,8,8,8,1,0.9999958,6.15557e-08,2.4647059e-06,1.5580953e-11,5.887348e-08,8.956246e-09,2.2271132e-08,1.4205324e-06,1.7608544e-08,0.9999958
/home/leo/Documentos/mestrado/DeepWeeds-Mobile/images/20170714-115344-2.jpg,1,1,1,1,1,0.9993456,0.0001240926,0.9993456,1.1056255e-09,6.575372e-07,3.615313e-08,2.1556062e-07,2.7463608e-05,0.00015615295,0.00034577487
/home/leo/Documentos/mestrado/DeepWeeds-Mobile/images/20170920-101817-2.jpg,2,2,2,2,1,0.9994475,1.9046774e-07,4.4211884e-08,0.9994475,8.055042e-08,4.3021805e-06,2.1951531e-07,0.00031773886,7.452407e-09,0.00022984648
/home/leo/Documentos/mestrado/DeepWeeds-Mobile/images/20180105-094853-2.jpg,8,8,8,8,1,0.9851305,7.68828e-05,3.262683e-05,2.1065594e-06,4.947777e-05,1.401016e-05,2.6682108e-06,0.014667199,2.455422e-05,0.9851305
/home/leo/Documentos/mestrado/DeepWeeds-Mobile/images/20180105-101044-2.jpg,8,8,8,8,1,0.98797846,2.0930047e-06,2.0184386e-07,0.010611608,2.2072083e-05,0.0012787628,4.3556923e-07,0.00010567788,6.424343e-07,0.98797846
/home/leo/Documentos/mestrado/DeepWeeds-Mobile/images/20180322-125704-1.jpg,8,8,8,8,1,0.9970534,0.00012227413,7.881386e-05,0.00086618104,0.0014794668,0.00020744692,0.00013209088,3.0905992e-06,5.7245525e-05,0.9970534
/home/leo/Documentos/mestrado/DeepWeeds-Mobile/images/20180125-094154-2.jpg,8,8,8,8,1,0.98275214,4.7235415e-05,8.130589e-07,0.0051316875,0.00020770999,0.011817495,1.2330169e-05,2.7579381e-05,3.0286428e-06,0.98275214
/home/leo/Documentos/mestrado/DeepWeeds-Mobile/images/20180322-125303-1.jpg,8,8,8,8,1,0.94838536,1.405769e-05,0.0005860246,1.1452121e-06,1.2451524e-09,1.1164907e-08,0.050986882,1.0447426e-05,1.6093769e-05,0.94838536
/home/leo/Documentos/mestrado/DeepWeeds-Mobile/images/20180109-091432-1.jpg,8,8,8,8,1,0.9823251,0.00060567004,0.015483019,1.0673317e-05,0.0007205558,1.095987e-06,6.912745e-07,0.00077410706,7.919194e-05,0.9823251
/home/leo/Documentos/mestrado/DeepWeeds-Mobile/images/20180119-111626-2.jpg,8,8,8,8,1,0.99133605,0.0002430329,0.00043788375,6.284378e-09,3.616484e-07,1.2797647e-09,0.007852343,0.000101640515,2.8701443e-05,0.99133605
/home/leo/Documentos/mestrado/DeepWeeds-Mobile/images/20180105-092426-2.jpg,8,8,8,8,1,0.660252,3.155076e-07,2.482978e-08,0.33960986,2.3562861e-06,8.891916e-05,6.28595e-07,4.4153305e-05,1.8291736e-06,0.660252
/home/leo/Documentos/mestrado/DeepWeeds-Mobile/images/20180119-113517-2.jpg,8,8,8,8,1,0.9878179,0.00030248275,0.00028576615,4.5573514e-09,1.1408395e-05,1.5953876e-08,0.0047202148,0.0067931227,6.902527e-05,0.9878179
/home/leo/Documentos/mestrado/DeepWeeds-Mobile/images/20180112-080444-1.jpg,8,8,8,8,1,0.93712753,0.001651625,0.027463432,0.0021591713,0.008386997,0.01036421,0.00030658,0.005158964,0.0073814755,0.93712753
/home/leo/Documentos/mestrado/DeepWeeds-Mobile/images/20171102-093348-1.jpg,4,8,4,8,0,0.5977689,0.0048143747,0.047995817,0.0068421303,0.21197847,0.12853004,4.6890509e-07,0.0012982558,0.0007715992,0.5977689
/home/leo/Documentos/mestrado/DeepWeeds-Mobile/images/20171212-103320-3.jpg,8,1,8,1,0,0.54858035,0.17546582,0.54858035,6.262767e-07,1.09895005e-07,5.115101e-07,0.0013329962,0.0005283074,0.014226021,0.25986525
/home/leo/Documentos/mestrado/DeepWeeds-Mobile/images/20171203-164902-3.jpg,8,8,8,8,1,0.98903966,0.0001590903,0.00071774534,2.3040614e-10,0.00084988994,1.5443193e-08,0.009196752,1.7579057e-07,3.684014e-05,0.98903966
/home/leo/Documentos/mestrado/DeepWeeds-Mobile/images/20180322-111645-2.jpg,8,8,8,8,1,0.9980362,0.0005752433,3.7235702e-07,1.8978658e-07,9.302342e-06,4.7392964e-06,1.3619002e-05,1.6247607e-10,0.0013603003,0.9980362
/home/leo/Documentos/mestrado/DeepWeeds-Mobile/images/20180105-091853-3.jpg,8,8,8,8,1,0.9999962,4.709385e-10,5.3318412e-11,1.4836097e-07,1.2971583e-07,3.253e-06,1.8314307e-10,3.6524736e-07,5.0740724e-11,0.9999962
/home/leo/Documentos/mestrado/DeepWeeds-Mobile/images/20171109-073455-1.jpg,5,5,5,5,1,0.9996573,8.499602e-07,1.4505416e-08,1.2956561e-10,5.029847e-11,1.7207588e-11,0.9996573,8.142441e-08,2.9731725e-06,0.0003387671
/home/leo/Documentos/mestrado/DeepWeeds-Mobile/images/20170811-122609-2.jpg,0,0,0,0,1,0.9999789,0.9999789,2.0490033e-06,6.205959e-15,7.09778e-14,5.2238964e-12,9.986701e-11,2.1823884e-12,2.2195073e-07,1.8797577e-05
/home/leo/Documentos/mestrado/DeepWeeds-Mobile/images/20170913-100512-3.jpg,5,5,5,5,1,0.99997747,1.1348655e-05,3.4340863e-09,1.3285692e-06,6.808472e-07,1.5938864e-06,0.99997747,6.429404e-08,5.1026304e-06,2.3783853e-06
/home/leo/Documentos/mestrado/DeepWeeds-Mobile/images/20180112-101705-2.jpg,8,8,8,8,1,0.99730134,0.0006892067,7.898995e-06,4.8336083e-06,0.00012383427,3.7672677e-07,4.0353407e-07,3.729903e-05,0.001834861,0.99730134
/home/leo/Documentos/mestrado/DeepWeeds-Mobile/images/20170217-104651-0.jpg,0,0,0,0,1,0.8060372,0.8060372,0.00083116244,1.1700188e-06,2.1050491e-05,4.9931195e-08,0.00020007968,1.4449918e-07,0.17102924,0.021879781
/home/leo/Documentos/mestrado/DeepWeeds-Mobile/images/20180119-110226-2.jpg,8,8,8,8,1,0.91666484,0.03112032,0.010422429,0.0009155006,0.0007880414,0.00040580562,0.012926201,0.0040763933,0.022680486,0.91666484
/home/leo/Documentos/mestrado/DeepWeeds-Mobile/images/20170130-102215-0.jpg,1,1,1,1,1,0.9797386,0.015382357,0.9797386,0.00011618827,8.049565e-06,8.635428e-06,4.92121e-06,2.5733267e-05,0.00019339436,0.0045221825
/home/leo/Documentos/mestrado/DeepWeeds-Mobile/images/20170920-115556-2.jpg,2,2,2,2,1,0.9779558,1.8355995e-05,8.731294e-09,0.9779558,0.001417167,0.00624783,7.880801e-06,4.1996253e-07,1.0482926e-05,0.0143419495
/home/leo/Documentos/mestrado/DeepWeeds-Mobile/images/20171220-101811-2.jpg,8,8,8,8,1,0.94297236,0.0030007218,3.204577e-05,9.502479e-10,4.6999608e-06,5.6599056e-08,0.048240855,0.0002896051,0.0054596653,0.94297236
/home/leo/Documentos/mestrado/DeepWeeds-Mobile/images/20171121-071821-1.jpg,6,6,6,6,1,0.9728607,4.904418e-06,0.015020972,1.3144519e-07,1.1083673e-06,2.7790547e-08,5.5732125e-06,0.9728607,0.00048809318,0.011618599
/home/leo/Documentos/mestrado/DeepWeeds-Mobile/images/20171121-075157-1.jpg,6,6,6,6,1,0.9999553,5.0236616e-07,3.3963996e-05,2.8922793e-12,1.1905312e-11,1.468002e-12,7.378309e-10,0.9999553,7.898669e-06,2.3106043e-06
/home/leo/Documentos/mestrado/DeepWeeds-Mobile/images/20171121-073120-1.jpg,6,1,6,1,0,0.716871,0.00057300966,0.716871,8.930953e-06,1.8606821e-05,6.703896e-07,3.803941e-05,0.26283744,0.004316113,0.015336124
/home/leo/Documentos/mestrado/DeepWeeds-Mobile/images/20180105-100612-2.jpg,8,8,8,8,1,0.9978696,4.764202e-08,1.2674682e-09,0.0014569932,3.5230546e-06,9.0432695e-05,5.434288e-06,0.0005739145,7.9743685e-08,0.9978696
/home/leo/Documentos/mestrado/DeepWeeds-Mobile/images/20180112-081931-1.jpg,8,6,8,6,0,0.92634696,6.148795e-05,0.0003098327,0.002915842,0.00015619399,3.151675e-06,0.00070890813,0.92634696,1.941323e-05,0.069478095
/home/leo/Documentos/mestrado/DeepWeeds-Mobile/images/20170127-101855-0.jpg,1,1,1,1,1,0.99546516,2.2219625e-05,0.99546516,9.657462e-11,2.9976258e-07,6.7831935e-11,9.850525e-05,0.0015398742,0.00076882547,0.0021051078
/home/leo/Documentos/mestrado/DeepWeeds-Mobile/images/20171025-093715-3.jpg,3,3,3,3,1,0.48328316,0.012869652,0.00012481098,0.14087708,0.48328316,0.035411496,7.5763114e-06,2.1498624e-06,0.010920973,0.31650308
/home/leo/Documentos/mestrado/DeepWeeds-Mobile/images/20180112-091552-1.jpg,8,8,8,8,1,0.87233704,0.020149095,0.0066897245,0.031069884,0.028492803,0.0139812315,0.00029028664,0.00025016014,0.026739698,0.87233704
/home/leo/Documentos/mestrado/DeepWeeds-Mobile/images/20180109-094911-1.jpg,8,8,8,8,1,0.9635838,0.001955843,0.0001827558,0.0039221696,0.029353766,0.0002828729,2.3658808e-05,8.4658575e-05,0.0006104061,0.9635838
/home/leo/Documentos/mestrado/DeepWeeds-Mobile/images/20171203-174841-3.jpg,8,8,8,8,1,0.6962218,0.1710608,0.016858438,4.7465477e-05,4.6230434e-05,5.7004786e-06,0.004587185,0.031179465,0.079992846,0.6962218
/home/leo/Documentos/mestrado/DeepWeeds-Mobile/images/20180109-070708-1.jpg,8,8,8,8,1,0.9999062,1.7513243e-09,1.7606705e-07,2.5328411e-08,9.1832e-07,1.5012485e-08,6.483127e-08,9.260672e-05,5.8439578e-09,0.9999062
/home/leo/Documentos/mestrado/DeepWeeds-Mobile/images/20171220-091421-2.jpg,8,8,8,8,1,0.9987025,1.377212e-06,9.119336e-10,2.3968897e-13,3.4083369e-06,1.9616903e-10,0.0012925273,1.8827015e-12,4.1758096e-08,0.9987025
/home/leo/Documentos/mestrado/DeepWeeds-Mobile/images/20170727-162942-1.jpg,4,4,4,4,1,0.9987041,1.8380339e-05,2.6506664e-09,0.00018411245,0.00036681155,0.9987041,1.9237095e-07,2.2255082e-13,0.000111736306,0.0006147661
/home/leo/Documentos/mestrado/DeepWeeds-Mobile/images/20170920-112429-2.jpg,2,2,2,2,1,0.9999968,4.311788e-10,2.6110921e-12,0.9999968,4.832037e-08,5.810055e-07,1.4031051e-09,3.0756006e-10,1.6776251e-10,2.588281e-06
/home/leo/Documentos/mestrado/DeepWeeds-Mobile/images/20180125-092500-2.jpg,8,8,8,8,1,0.99974495,7.674957e-05,4.497391e-06,1.0188317e-05,2.4481453e-06,0.00015564817,1.3689322e-06,2.975864e-08,4.123871e-06,0.99974495
/home/leo/Documentos/mestrado/DeepWeeds-Mobile/images/20170705-161748-0.jpg,7,7,7,7,1,0.5736947,0.37286144,0.026664013,6.8561058e-06,0.0006163151,0.0005585573,0.00018844032,3.6209665e-05,0.5736947,0.02537343
/home/leo/Documentos/mestrado/DeepWeeds-Mobile/images/20180322-111216-2.jpg,8,8,8,8,1,0.697827,0.0025896342,0.001506163,0.24668679,0.045260217,0.0051270407,0.00028140948,9.8746306e-05,0.00062301767,0.697827
/home/leo/Documentos/mestrado/DeepWeeds-Mobile/images/20171113-120003-1.jpg,6,6,6,6,1,0.9960441,6.1401363e-07,5.7116636e-06,9.2961766e-10,3.0493494e-09,1.0469505e-10,2.6650205e-06,0.9960441,9.287413e-08,0.003946831
/home/leo/Documentos/mestrado/DeepWeeds-Mobile/images/20170920-160641-3.jpg,2,2,2,2,1,0.9970214,1.9299634e-06,2.4745038e-08,0.9970214,0.00042752278,0.0010327668,4.4037986e-08,8.921864e-08,1.05933e-07,0.0015160794
/home/leo/Documentos/mestrado/DeepWeeds-Mobile/images/20180109-075640-2.jpg,8,8,8,8,1,0.9733636,0.00021456568,6.285789e-05,4.0854716e-06,4.6461555e-06,1.5210813e-07,1.9201938e-05,0.026216362,0.00011457218,0.9733636
/home/leo/Documentos/mestrado/DeepWeeds-Mobile/images/20171217-183635-2.jpg,8,8,8,8,1,0.8617387,0.111749224,0.003684561,6.2248287e-06,0.00018525714,1.1104515e-05,0.0028497363,2.3702378e-05,0.019751653,0.8617387
/home/leo/Documentos/mestrado/DeepWeeds-Mobile/images/20171219-114203-2.jpg,8,8,8,8,1,0.9954381,2.520611e-05,5.2390274e-06,0.0027944213,0.0007141639,0.0009854122,7.904571e-08,1.7959505e-06,3.563575e-05,0.9954381
/home/leo/Documentos/mestrado/DeepWeeds-Mobile/images/20170920-160348-3.jpg,2,2,2,2,1,0.9391479,2.4938252e-05,3.4868137e-09,0.9391479,0.0004489305,0.025924545,2.6362355e-09,3.1103203e-11,4.6740383e-06,0.034448918
/home/leo/Documentos/mestrado/DeepWeeds-Mobile/images/20180109-091017-2.jpg,8,8,8,8,1,0.9824078,0.013337238,0.00034607193,8.825204e-07,0.0014850142,6.806724e-07,0.00076145557,1.1574575e-06,0.0016597843,0.9824078
/home/leo/Documentos/mestrado/DeepWeeds-Mobile/images/20171212-105828-3.jpg,8,7,8,7,0,0.6400712,0.09823958,0.059329346,3.530346e-10,5.7045352e-05,1.7076825e-07,5.3913016e-05,4.1679805e-06,0.6400712,0.20224452
/home/leo/Documentos/mestrado/DeepWeeds-Mobile/images/20180112-081013-1.jpg,8,8,8,8,1,0.9714616,0.004932044,0.0037376746,0.00092242117,0.011538009,0.005617993,8.790244e-07,1.0223468e-05,0.001779137,0.9714616
/home/leo/Documentos/mestrado/DeepWeeds-Mobile/images/20170714-185950-1.jpg,1,1,1,1,1,0.9997914,1.1193239e-05,0.9997914,7.988349e-13,9.533337e-10,3.754731e-11,9.588562e-09,0.0001398586,5.2624036e-05,4.8321417e-06
/home/leo/Documentos/mestrado/DeepWeeds-Mobile/images/20180112-102519-1.jpg,8,8,8,8,1,0.78047067,0.00015257108,0.008270382,0.00018382922,3.247001e-05,9.970599e-07,0.0023980103,0.2077033,0.0007877513,0.78047067
/home/leo/Documentos/mestrado/DeepWeeds-Mobile/images/20171102-121420-2.jpg,2,2,2,2,1,0.61428833,0.027023517,0.00031164224,0.61428833,0.00021341458,0.0002453707,0.009683259,1.9974885e-05,0.0027944825,0.34542006
/home/leo/Documentos/mestrado/DeepWeeds-Mobile/images/20170126-095912-0.jpg,1,1,1,1,1,0.9997086,5.1830393e-06,0.9997086,8.155674e-10,5.964649e-07,8.0475654e-11,3.4883903e-06,2.2775498e-06,3.28659e-05,0.00024701832
/home/leo/Documentos/mestrado/DeepWeeds-Mobile/images/20180119-113734-2.jpg,8,8,8,8,1,0.9988815,2.7231881e-05,0.0010753017,1.7259714e-08,1.1007827e-05,1.1739884e-07,1.758462e-07,1.8189688e-06,2.832779e-06,0.9988815
/home/leo/Documentos/mestrado/DeepWeeds-Mobile/images/20180125-093235-1.jpg,8,8,8,8,1,0.9997006,3.170189e-06,0.00010168583,1.7804481e-06,9.228619e-07,0.00018949989,2.863829e-09,2.0986788e-06,7.55426e-08,0.9997006
/home/leo/Documentos/mestrado/DeepWeeds-Mobile/images/20170727-152818-3.jpg,4,4,4,4,1,0.84872234,0.00024232901,5.1829446e-08,0.007873379,0.0050628274,0.84872234,3.5843152e-06,2.700587e-10,7.530022e-06,0.13808797
/home/leo/Documentos/mestrado/DeepWeeds-Mobile/images/20171113-133946-1.jpg,6,6,6,6,1,0.996482,5.582056e-06,0.0023821387,4.0088458e-10,2.0185376e-09,5.858969e-11,9.607244e-06,0.996482,0.00015987354,0.0009607996
/home/leo/Documentos/mestrado/DeepWeeds-Mobile/images/20180322-115048-1.jpg,8,8,8,8,1,0.9990058,0.0009870242,7.1460424e-09,9.141267e-13,6.485012e-09,7.262443e-08,7.4272083e-07,5.7355856e-11,6.311646e-06,0.9990058
/home/leo/Documentos/mestrado/DeepWeeds-Mobile/images/20171212-105206-3.jpg,8,0,8,0,0,0.77402675,0.77402675,0.006732834,2.1617601e-10,2.7061335e-06,3.8536697e-08,2.2350952e-07,2.5042029e-05,0.05722821,0.16198431
/home/leo/Documentos/mestrado/DeepWeeds-Mobile/images/20180112-103023-2.jpg,8,8,8,8,1,0.9967038,0.000107561646,7.690757e-07,2.8990974e-06,9.092334e-06,6.422691e-10,0.0005056333,0.0026489906,2.1335722e-05,0.9967038
/home/leo/Documentos/mestrado/DeepWeeds-Mobile/images/20171220-093010-2.jpg,8,8,8,8,1,0.9998307,8.305507e-08,2.624801e-10,2.719494e-13,7.5805656e-05,1.2375139e-08,9.3281415e-05,1.16339396e-10,1.9895992e-08,0.9998307
/home/leo/Documentos/mestrado/DeepWeeds-Mobile/images/20180109-104251-1.jpg,8,8,8,8,1,0.6589602,0.0007924583,0.0016503748,0.00048254366,0.0052239867,0.0005116698,0.00011397239,0.33202928,0.0002355026,0.6589602
/home/leo/Documentos/mestrado/DeepWeeds-Mobile/images/20161207-144807-0.jpg,7,0,7,0,0,0.57541996,0.57541996,0.2873601,4.429321e-07,1.0106675e-05,8.848962e-05,0.0042879046,3.4269356e-06,0.09389026,0.038939364
/home/leo/Documentos/mestrado/DeepWeeds-Mobile/images/20180109-100433-1.jpg,8,8,8,8,1,0.95540893,0.02262155,0.0006697885,4.5443326e-06,0.014946427,2.4763958e-06,0.0018132955,0.0014137073,0.0031192515,0.95540893
/home/leo/Documentos/mestrado/DeepWeeds-Mobile/images/20171113-135112-3.jpg,6,6,6,6,1,0.9995237,3.3131585e-06,3.5662756e-06,5.1713975e-08,8.6018247e-07,2.2579808e-07,2.1854097e-08,0.9995237,3.7311303e-05,0.00043095637
/home/leo/Documentos/mestrado/DeepWeeds-Mobile/images/20171203-082219-3.jpg,8,8,8,8,1,0.9058038,7.9243e-05,0.00019011473,0.00045964503,0.073302075,0.0008757271,3.6529782e-05,0.018668026,0.00058487937,0.9058038
/home/leo/Documentos/mestrado/DeepWeeds-Mobile/images/20170913-102316-3.jpg,5,5,5,5,1,0.9984118,0.00021550147,1.831807e-06,8.1871156e-05,1.152428e-05,0.0005799281,0.9984118,8.9378394e-05,0.00049532426,0.000112887945
/home/leo/Documentos/mestrado/DeepWeeds-Mobile/images/20170217-113113-0.jpg,7,7,7,7,1,0.989787,0.009757668,1.4510804e-06,1.908407e-11,1.5137751e-10,1.0815904e-10,1.8815905e-05,1.2042517e-06,0.989787,0.0004338096
/home/leo/Documentos/mestrado/DeepWeeds-Mobile/images/20180119-114225-1.jpg,8,1,8,1,0,0.5317737,0.013860509,0.5317737,4.17299e-06,5.2403175e-05,1.5936702e-06,0.00062701583,0.0009889243,0.024999807,0.42769188
/home/leo/Documentos/mestrado/DeepWeeds-Mobile/images/20180322-112452-2.jpg,8,8,8,8,1,0.9008298,0.0464373,0.00026678055,0.00047372436,0.00015747154,0.00018001866,6.053291e-05,6.47228e-08,0.051594354,0.9008298
/home/leo/Documentos/mestrado/DeepWeeds-Mobile/images/20171121-082716-2.jpg,6,6,6,6,1,0.69158363,0.0047575063,0.069363736,1.1464009e-06,2.4021801e-07,6.4333726e-08,0.0009966737,0.69158363,0.0042175567,0.22907946
/home/leo/Documentos/mestrado/DeepWeeds-Mobile/images/20171113-123650-1.jpg,6,6,6,6,1,0.9948096,3.3272598e-05,0.00046411002,3.4097464e-08,7.55415e-09,9.321906e-09,1.2291165e-05,0.9948096,6.012763e-06,0.0046746936
/home/leo/Documentos/mestrado/DeepWeeds-Mobile/images/20171109-074955-1.jpg,5,5,5,5,1,0.6380048,1.179812e-05,3.3440546e-07,1.1135244e-12,2.5061353e-10,3.4976455e-12,0.6380048,0.000112834634,8.403049e-05,0.36178622
/home/leo/Documentos/mestrado/DeepWeeds-Mobile/images/20171219-100954-3.jpg,8,8,8,8,1,0.9926139,0.00020688616,0.00012574108,8.8794e-10,0.00013725413,1.6493914e-08,0.0062798364,1.311077e-05,0.0006232363,0.9926139
/home/leo/Documentos/mestrado/DeepWeeds-Mobile/images/20171212-103416-3.jpg,8,1,8,1,0,0.4932316,0.00010268854,0.4932316,3.6178829e-09,9.233736e-05,2.9205571e-08,1.0784552e-05,0.009270614,0.014726189,0.4825658
/home/leo/Documentos/mestrado/DeepWeeds-Mobile/images/20170304-124621-0.jpg,0,0,0,0,1,0.8135866,0.8135866,0.00080957694,5.6121167e-05,0.0007536902,8.604335e-06,0.00012910225,7.2503485e-07,0.010598371,0.17405714
/home/leo/Documentos/mestrado/DeepWeeds-Mobile/images/20180112-091612-2.jpg,8,8,8,8,1,0.9896303,0.007116302,1.788911e-05,1.6122201e-06,6.655941e-07,1.1973851e-06,0.00021635846,2.3868643e-06,0.0030133068,0.9896303
/home/leo/Documentos/mestrado/DeepWeeds-Mobile/images/20180112-093216-2.jpg,8,8,8,8,1,0.93129426,0.013224828,7.4244854e-05,0.0004026812,0.0010453507,4.723822e-06,0.00069896376,6.8495574e-06,0.053248055,0.93129426
/home/leo/Documentos/mestrado/DeepWeeds-Mobile/images/20180322-133743-1.jpg,8,2,8,2,0,0.7755242,3.2639437e-05,4.9796683e-05,0.7755242,0.00093886995,0.005921522,2.0701104e-06,1.1819715e-06,7.524311e-05,0.21745448
/home/leo/Documentos/mestrado/DeepWeeds-Mobile/images/20180112-081522-2.jpg,8,8,8,8,1,0.40257055,0.03834635,0.0026563383,0.014072828,0.1906394,0.3479147,7.6193265e-07,1.7727205e-05,0.003781389,0.40257055
/home/leo/Documentos/mestrado/DeepWeeds-Mobile/images/20170705-161257-0.jpg,7,7,7,7,1,0.6042087,0.3521387,0.00010539797,1.7070903e-07,0.00018791495,0.00077553815,0.0017370485,5.3381153e-09,0.6042087,0.040846433
/home/leo/Documentos/mestrado/DeepWeeds-Mobile/images/20170714-122717-3.jpg,1,1,1,1,1,0.595059,0.36183292,0.595059,1.8289546e-07,3.4322736e-07,3.8835975e-07,2.8819697e-06,0.0018501407,0.03298492,0.008269264
/home/leo/Documentos/mestrado/DeepWeeds-Mobile/images/20180109-072534-1.jpg,8,8,8,8,1,0.9893349,0.0030844104,0.0003349998,0.00045293474,0.0015432248,0.0022729964,0.00047321004,0.0010656398,0.00143766,0.9893349
/home/leo/Documentos/mestrado/DeepWeeds-Mobile/images/20170207-155248-0.jpg,0,0,0,0,1,0.99991715,0.99991715,1.0044485e-09,2.8981976e-13,2.1810043e-09,4.7424486e-12,7.576762e-05,1.3460613e-12,2.8145497e-08,7.074226e-06
/home/leo/Documentos/mestrado/DeepWeeds-Mobile/images/20170727-114732-3.jpg,4,4,4,4,1,0.80131286,2.2336528e-05,3.8886956e-09,0.022215491,0.013510709,0.80131286,1.1176291e-05,2.705475e-08,2.9139558e-08,0.16292736
/home/leo/Documentos/mestrado/DeepWeeds-Mobile/images/20171219-112206-2.jpg,8,8,8,8,1,0.87132525,0.00023448974,0.00037421746,0.0474495,0.06978572,0.01030735,6.029909e-06,0.00036305125,0.00015434617,0.87132525
/home/leo/Documentos/mestrado/DeepWeeds-Mobile/images/20171219-113328-3.jpg,8,8,8,8,1,0.98210704,0.002581081,0.0014554833,0.0018087286,0.0021226786,0.008273464,1.1558778e-06,0.0011698606,0.0004806293,0.98210704
/home/leo/Documentos/mestrado/DeepWeeds-Mobile/images/20170913-100725-3.jpg,5,5,5,5,1,0.99850816,3.8354683e-05,3.4281104e-06,2.652703e-05,2.3495328e-05,7.851862e-07,0.99850816,2.2809729e-05,3.0704326e-05,0.0013457728
/home/leo/Documentos/mestrado/DeepWeeds-Mobile/images/20170304-131847-0.jpg,7,7,7,7,1,0.99796945,0.0019734183,4.5858167e-05,2.78134e-11,3.01152e-10,1.7027497e-11,1.216172e-07,9.889336e-11,0.99796945,1.1211138e-05
/home/leo/Documentos/mestrado/DeepWeeds-Mobile/images/20180109-100916-2.jpg,8,8,8,8,1,0.8050207,1.8238485e-05,0.00027993202,1.0990752e-06,1.2932004e-06,1.2674264e-09,0.09212279,0.10255085,5.017789e-06,0.8050207
/home/leo/Documentos/mestrado/DeepWeeds-Mobile/images/20170811-112814-2.jpg,0,0,0,0,1,0.87750524,0.87750524,0.0015185624,1.21236735e-05,3.7151985e-06,3.1596828e-06,0.0022457694,1.4870556e-06,0.025568133,0.09314193
/home/leo/Documentos/mestrado/DeepWeeds-Mobile/images/20180109-071747-2.jpg,8,8,8,8,1,0.99266654,5.529145e-06,5.3180365e-06,7.2049204e-07,1.4298123e-09,3.4773345e-10,5.857874e-06,0.007307899,8.060171e-06,0.99266654
/home/leo/Documentos/mestrado/DeepWeeds-Mobile/images/20170714-150319-1.jpg,1,1,1,1,1,0.9999205,5.152097e-06,0.9999205,1.0252993e-12,2.3966999e-11,3.2727217e-11,3.7920524e-11,5.7365098e-05,1.0029292e-05,6.9442726e-06
/home/leo/Documentos/mestrado/DeepWeeds-Mobile/images/20170811-131532-2.jpg,0,0,0,0,1,0.9998276,0.9998276,1.5933609e-09,7.215386e-13,5.0786677e-11,6.310152e-09,1.234719e-07,5.0829355e-13,2.0385463e-05,0.00015180434
/home/leo/Documentos/mestrado/DeepWeeds-Mobile/images/20171109-092733-1.jpg,5,5,5,5,1,0.6565229,7.830746e-05,6.2468507e-06,4.2976042e-10,6.230965e-06,1.4227648e-07,0.6565229,4.8239475e-08,0.00020215964,0.3431839
/home/leo/Documentos/mestrado/DeepWeeds-Mobile/images/20170501-143240-0.jpg,1,1,1,1,1,0.9404399,0.0017586818,0.9404399,1.9642735e-08,1.313421e-07,6.9315766e-09,0.00029030917,0.00934167,0.019809708,0.02835954
/home/leo/Documentos/mestrado/DeepWeeds-Mobile/images/20170501-145057-0.jpg,8,8,8,8,1,0.9714338,0.0041949567,4.898332e-06,1.514662e-10,2.6138741e-06,5.508671e-08,0.023850003,1.7598093e-06,0.00051195157,0.9714338
/home/leo/Documentos/mestrado/DeepWeeds-Mobile/images/20170913-095654-2.jpg,3,3,3,3,1,0.999074,3.145298e-08,9.01648e-10,3.25309e-05,0.999074,6.2691026e-05,3.303134e-05,3.1401024e-11,4.094499e-10,0.0007977387
/home/leo/Documentos/mestrado/DeepWeeds-Mobile/images/20171218-120017-3.jpg,8,8,8,8,1,0.9985178,5.48898e-07,7.225533e-07,1.5600505e-11,7.336764e-07,7.735212e-11,0.0014799507,2.2737934e-08,1.4080555e-07,0.9985178
/home/leo/Documentos/mestrado/DeepWeeds-Mobile/images/20171203-165213-3.jpg,8,8,8,8,1,0.80467033,0.009027381,0.17012651,3.4953795e-09,1.1048068e-05,7.4036146e-09,0.0029544025,0.00010717007,0.01310312,0.80467033
/home/leo/Documentos/mestrado/DeepWeeds-Mobile/images/20170630-150606-0.jpg,7,1,7,1,0,0.5753617,0.0030759894,0.5753617,2.2278078e-05,9.863627e-07,3.9295944e-07,3.4431232e-05,0.0003769915,0.415883,0.0052442816
/home/leo/Documentos/mestrado/DeepWeeds-Mobile/images/20180112-072715-1.jpg,8,8,8,8,1,0.97186714,0.0060845125,0.015459093,6.38052e-05,0.00405681,0.00020231547,2.7807716e-06,8.0448364e-05,0.0021831212,0.97186714
/home/leo/Documentos/mestrado/DeepWeeds-Mobile/images/20180109-103842-1.jpg,8,8,8,8,1,0.98478436,0.0003057787,0.00038181245,8.21294e-05,0.012507425,1.8148867e-06,5.1162195e-05,0.0009480071,0.00093749963,0.98478436
/home/leo/Documentos/mestrado/DeepWeeds-Mobile/images/20171219-105935-2.jpg,8,8,8,8,1,0.9995615,3.3005902e-06,5.973363e-05,3.9053574e-10,0.00026946186,1.7414063e-08,2.8425784e-05,2.2684004e-07,7.734965e-05,0.9995615
/home/leo/Documentos/mestrado/DeepWeeds-Mobile/images/20171212-095519-1.jpg,8,8,8,8,1,0.9464389,0.00011269624,0.041538063,1.034093e-11,0.0006087528,3.112267e-09,2.2643093e-05,0.009803557,0.0014753595,0.9464389
/home/leo/Documentos/mestrado/DeepWeeds-Mobile/images/20170714-110545-3.jpg,1,1,1,1,1,0.85533315,0.0011023303,0.85533315,1.4050844e-06,1.5794043e-07,3.2189135e-07,3.1761858e-05,0.01635833,0.0009362103,0.12623632
/home/leo/Documentos/mestrado/DeepWeeds-Mobile/images/20171102-122505-2.jpg,2,2,2,2,1,0.9999808,9.1046953e-10,1.5244783e-10,0.9999808,1.6174046e-07,2.0107032e-07,2.2926235e-07,4.580402e-09,3.152766e-09,1.8623812e-05
/home/leo/Documentos/mestrado/DeepWeeds-Mobile/images/20180112-075718-2.jpg,8,8,8,8,1,0.7451135,0.061011244,0.0002143373,0.00145332,0.015210441,0.0030549923,3.2089745e-05,8.588442e-08,0.17390995,0.7451135
/home/leo/Documentos/mestrado/DeepWeeds-Mobile/images/20171205-144059-2.jpg,8,8,8,8,1,0.99489707,0.00025632183,1.4422708e-06,1.32965e-07,8.049103e-05,8.6161286e-05,0.0046444167,2.0988578e-08,3.3998e-05,0.99489707
/home/leo/Documentos/mestrado/DeepWeeds-Mobile/images/20171113-144817-0.jpg,6,6,6,6,1,0.99956185,1.2901089e-08,0.00042543383,1.0849661e-12,3.3561693e-12,4.0727537e-13,8.7289e-12,0.99956185,1.6622486e-08,1.2560259e-05
/home/leo/Documentos/mestrado/DeepWeeds-Mobile/images/20171102-122525-2.jpg,2,2,2,2,1,0.9999963,7.679185e-11,4.2931036e-12,0.9999963,1.9660316e-09,3.0024624e-10,6.0517285e-09,1.5073678e-10,1.8510613e-11,3.6794243e-06
/home/leo/Documentos/mestrado/DeepWeeds-Mobile/images/20171218-115150-2.jpg,8,8,8,8,1,0.9981109,0.0001372621,0.0012409382,1.238515e-06,2.4551837e-05,9.4572067e-07,0.00011206222,6.0495193e-05,0.00031158334,0.9981109
/home/leo/Documentos/mestrado/DeepWeeds-Mobile/images/20170913-100633-3.jpg,5,5,5,5,1,0.9997154,1.2411502e-05,1.5521175e-08,6.743915e-09,0.00015447801,1.5952908e-07,0.9997154,1.0354851e-07,1.1402927e-06,0.00011630858
/home/leo/Documentos/mestrado/DeepWeeds-Mobile/images/20170728-124656-2.jpg,4,4,4,4,1,0.9952037,4.2620095e-06,5.286383e-09,2.501233e-06,0.00025459845,0.9952037,2.0771247e-05,2.668635e-13,3.8406768e-07,0.0045138123
/home/leo/Documentos/mestrado/DeepWeeds-Mobile/images/20180109-072720-2.jpg,8,8,8,8,1,0.8894236,0.00011680274,5.254462e-06,0.0801939,4.4082597e-05,7.2946527e-06,9.3331226e-05,0.030110927,4.730019e-06,0.8894236
/home/leo/Documentos/mestrado/DeepWeeds-Mobile/images/20170920-171035-3.jpg,2,2,2,2,1,0.9987741,3.5572953e-08,1.2130613e-08,0.9987741,0.00032332976,0.00034350296,3.324189e-10,7.810873e-08,9.964068e-09,0.0005588822
/home/leo/Documentos/mestrado/DeepWeeds-Mobile/images/20170906-104727-1.jpg,3,7,3,7,0,0.7881072,0.0075348695,0.0008175253,8.433713e-06,0.047272056,0.14262205,1.8928304e-05,2.9322862e-08,0.7881072,0.013618887
/home/leo/Documentos/mestrado/DeepWeeds-Mobile/images/20171205-123651-2.jpg,8,8,8,8,1,0.9997939,1.3224245e-05,2.8179709e-06,2.5654584e-10,3.128051e-06,4.3704272e-08,0.00018291599,1.9870116e-08,4.0377586e-06,0.9997939
/home/leo/Documentos/mestrado/DeepWeeds-Mobile/images/20180105-095929-2.jpg,8,8,8,8,1,0.9999571,4.385368e-09,1.7309668e-08,1.3279125e-08,3.237678e-09,2.3259172e-09,9.1162616e-10,4.2831976e-05,9.969902e-08,0.9999571
/home/leo/Documentos/mestrado/DeepWeeds-Mobile/images/20170729-092907-1.jpg,4,4,4,4,1,0.99927866,1.8148283e-05,9.3416185e-07,1.2517676e-05,0.0002761597,0.99927866,1.7333363e-06,4.1271726e-11,2.7530039e-06,0.000409005
/home/leo/Documentos/mestrado/DeepWeeds-Mobile/images/20171122-103028-1.jpg,5,5,5,5,1,0.99999833,2.3356695e-07,9.7547116e-11,1.7891876e-13,1.5068116e-12,4.017986e-13,0.99999833,1.6251978e-07,1.5180991e-09,1.3231081e-06
/home/leo/Documentos/mestrado/DeepWeeds-Mobile/images/20180105-093058-3.jpg,8,6,8,6,0,0.52181965,5.541719e-07,6.882598e-06,1.8493608e-09,4.3635537e-06,2.5293667e-10,5.8462203e-05,0.52181965,2.4607976e-07,0.47810984
/home/leo/Documentos/mestrado/DeepWeeds-Mobile/images/20180105-094101-3.jpg,8,8,8,8,1,0.9915255,1.7858021e-05,7.822071e-06,0.007294189,1.4727438e-05,7.4482787e-06,4.4328364e-05,0.0010853296,2.8044537e-06,0.9915255
/home/leo/Documentos/mestrado/DeepWeeds-Mobile/images/20171205-133648-2.jpg,8,8,8,8,1,0.96198046,0.030497788,0.000680284,9.282422e-08,8.839691e-05,3.3221684e-06,0.00014826842,5.5702844e-06,0.0065959,0.96198046
/home/leo/Documentos/mestrado/DeepWeeds-Mobile/images/20170405-155225-0.jpg,0,0,0,0,1,0.99391675,0.99391675,1.4098825e-06,6.236347e-11,5.263083e-07,2.4369844e-09,0.00060533575,6.2319545e-09,0.0046079345,0.0008679904
/home/leo/Documentos/mestrado/DeepWeeds-Mobile/images/20180125-095715-1.jpg,8,8,8,8,1,0.9998945,2.3677924e-09,9.2593353e-07,3.642935e-06,4.2191514e-05,6.5913106e-09,5.951171e-07,5.8041893e-05,2.8207403e-09,0.9998945
/home/leo/Documentos/mestrado/DeepWeeds-Mobile/images/20171122-102101-1.jpg,5,5,5,5,1,0.9875672,2.1831581e-06,3.564079e-08,1.4249397e-11,7.1548425e-09,2.8346945e-12,0.9875672,2.2660015e-07,3.849538e-08,0.012430415
/home/leo/Documentos/mestrado/DeepWeeds-Mobile/images/20171203-174248-3.jpg,8,8,8,8,1,0.9830989,0.000417717,0.0011544486,1.0698485e-07,0.00028261222,4.2087933e-08,0.012478566,0.0017704397,0.0007971676,0.9830989
/home/leo/Documentos/mestrado/DeepWeeds-Mobile/images/20171218-122147-2.jpg,8,8,8,8,1,0.99999857,1.8566153e-07,5.9048144e-09,2.879331e-16,1.2688945e-08,1.4805282e-12,3.3719655e-07,3.6931267e-11,8.82881e-07,0.99999857
/home/leo/Documentos/mestrado/DeepWeeds-Mobile/images/20180112-072137-2.jpg,8,0,8,0,0,0.44026303,0.44026303,0.0109433215,6.874329e-05,0.0038843772,0.0009818533,0.00021940695,1.7210841e-06,0.19883993,0.34479767
/home/leo/Documentos/mestrado/DeepWeeds-Mobile/images/20180109-072154-2.jpg,8,8,8,8,1,0.99988997,5.051169e-08,3.1897287e-07,1.1881512e-05,8.984028e-08,1.9154404e-06,6.794271e-10,9.5630974e-05,1.9475264e-07,0.99988997
/home/leo/Documentos/mestrado/DeepWeeds-Mobile/images/20180322-120318-2.jpg,8,8,8,8,1,0.9991406,0.00022572005,4.633944e-06,3.4233678e-09,4.652554e-05,0.00051950855,6.402569e-08,4.9817594e-09,6.284144e-05,0.9991406
/home/leo/Documentos/mestrado/DeepWeeds-Mobile/images/20171203-172738-3.jpg,8,8,8,8,1,0.99616146,8.755801e-05,0.0029416974,1.786373e-09,5.8412043e-05,1.355413e-09,0.00013070402,1.3363122e-07,0.00062005,0.99616146
/home/leo/Documentos/mestrado/DeepWeeds-Mobile/images/20170920-095837-2.jpg,2,2,2,2,1,0.87301177,1.7369552e-05,9.175923e-06,0.87301177,2.8592617e-06,5.3291675e-05,2.0121535e-05,0.032442432,2.2992888e-05,0.09441999
/home/leo/Documentos/mestrado/DeepWeeds-Mobile/images/20180109-073104-2.jpg,8,8,8,8,1,0.52740306,0.0003132133,0.0015516921,0.00014562452,1.7139064e-05,1.2850179e-06,8.0849764e-05,0.47024298,0.000244273,0.52740306
/home/leo/Documentos/mestrado/DeepWeeds-Mobile/images/20171109-093232-1.jpg,5,5,5,5,1,0.9893657,0.00010530346,7.182907e-07,9.309495e-11,1.9083537e-09,7.627504e-11,0.9893657,5.9445523e-07,1.3502779e-06,0.010526471
/home/leo/Documentos/mestrado/DeepWeeds-Mobile/images/20170705-165029-0.jpg,7,7,7,7,1,0.9391684,0.0507016,6.675171e-05,2.4981914e-06,7.2662915e-05,0.001535001,0.0009434202,1.4646961e-08,0.9391684,0.00750965
/home/leo/Documentos/mestrado/DeepWeeds-Mobile/images/20171218-103259-3.jpg,8,8,8,8,1,0.99990475,4.7932385e-06,2.5368989e-08,4.0647832e-05,3.1235577e-05,2.4775517e-07,1.743749e-05,7.841944e-07,8.8831e-08,0.99990475
/home/leo/Documentos/mestrado/DeepWeeds-Mobile/images/20180112-101704-2.jpg,8,8,8,8,1,0.9934539,0.0016555353,1.5612231e-05,4.978765e-06,1.381782e-06,2.1572284e-07,0.00047776548,2.0136747e-05,0.004370434,0.9934539
/home/leo/Documentos/mestrado/DeepWeeds-Mobile/images/20170913-123421-2.jpg,5,5,5,5,1,0.9989421,0.0008608762,9.2349146e-05,8.9328347e-07,1.9956386e-07,4.372484e-06,0.9989421,4.7167956e-07,7.513642e-05,2.3503228e-05
/home/leo/Documentos/mestrado/DeepWeeds-Mobile/images/20170714-111219-1.jpg,1,8,1,8,0,0.978921,0.018027376,0.0018550461,1.036983e-06,7.701106e-05,9.133543e-06,0.0005225711,3.2069186e-06,0.00058371254,0.978921
/home/leo/Documentos/mestrado/DeepWeeds-Mobile/images/20180109-100022-1.jpg,8,8,8,8,1,0.79485744,0.0035577083,0.19831939,0.0023227895,0.00015260845,0.0003159049,0.00015138922,6.778886e-05,0.0002549734,0.79485744
/home/leo/Documentos/mestrado/DeepWeeds-Mobile/images/20180125-095634-1.jpg,8,8,8,8,1,0.99979985,1.16277526e-07,2.3590289e-07,5.8737726e-10,0.00018115381,5.81757e-09,1.45172935e-05,3.9969605e-06,1.2029423e-08,0.99979985
/home/leo/Documentos/mestrado/DeepWeeds-Mobile/images/20171121-082352-2.jpg,6,6,6,6,1,0.9994831,8.741225e-08,2.2446982e-05,2.3254766e-12,9.221046e-12,3.205701e-14,0.00034151913,0.9994831,3.2310427e-07,0.00015253587
/home/leo/Documentos/mestrado/DeepWeeds-Mobile/images/20170906-111240-1.jpg,3,3,3,3,1,0.9820484,9.499218e-06,4.9056143e-05,5.915215e-12,0.9820484,3.4083357e-08,2.4568946e-08,6.7029966e-08,7.842276e-05,0.017814595
/home/leo/Documentos/mestrado/DeepWeeds-Mobile/images/20180112-070129-2.jpg,8,8,8,8,1,0.77577573,0.07874297,0.016691284,0.0025651504,0.020227024,0.0017582595,0.08902722,0.0014314923,0.013781036,0.77577573
/home/leo/Documentos/mestrado/DeepWeeds-Mobile/images/20171218-104510-3.jpg,8,8,8,8,1,0.99610996,0.00033403086,0.0013995906,3.295408e-09,4.890544e-05,8.280887e-07,0.0016233273,9.7539494e-05,0.0003858256,0.99610996
/home/leo/Documentos/mestrado/DeepWeeds-Mobile/images/20180125-135417-3.jpg,8,8,8,8,1,0.9982839,6.589128e-07,0.00084706646,0.00019718555,1.7698057e-05,1.4155435e-05,2.982757e-07,0.00063440436,4.4657445e-06,0.9982839
/home/leo/Documentos/mestrado/DeepWeeds-Mobile/images/20170811-134426-1.jpg,0,0,0,0,1,0.8358215,0.8358215,0.034088645,2.4206555e-09,7.2493553e-09,4.059816e-09,0.013819545,8.5004496e-05,0.010740095,0.10544516
/home/leo/Documentos/mestrado/DeepWeeds-Mobile/images/20180322-120838-2.jpg,8,8,8,8,1,0.9952561,0.0019645959,0.00049174955,1.4848983e-06,0.0007184504,0.0014222944,1.1964521e-05,1.6649201e-07,0.00013305593,0.9952561
/home/leo/Documentos/mestrado/DeepWeeds-Mobile/images/20171219-100437-3.jpg,8,8,8,8,1,0.9986665,0.00028439946,1.0052989e-06,2.46082e-11,6.5017497e-07,7.721806e-09,0.0010355689,3.1665778e-08,1.1903165e-05,0.9986665
/home/leo/Documentos/mestrado/DeepWeeds-Mobile/images/20170207-142523-0.jpg,7,7,7,7,1,0.85193926,0.14681937,6.5843684e-05,1.3345111e-11,3.230019e-10,1.0603877e-10,6.099943e-07,4.782235e-06,0.85193926,0.0011701124
/home/leo/Documentos/mestrado/DeepWeeds-Mobile/images/20170906-135522-1.jpg,3,3,3,3,1,0.8908987,0.0035401187,0.0013264538,0.00013124316,0.8908987,0.011538518,1.2328925e-05,6.14727e-06,0.055502623,0.03704385
/home/leo/Documentos/mestrado/DeepWeeds-Mobile/images/20171212-093714-3.jpg,8,8,8,8,1,0.9722005,0.016207073,0.0001648176,0.00019611811,0.0067065805,0.0044148066,5.78618e-06,2.7465958e-05,7.684162e-05,0.9722005
/home/leo/Documentos/mestrado/DeepWeeds-Mobile/images/20171121-090957-3.jpg,6,6,6,6,1,0.99886036,4.778069e-06,0.0005014394,6.821612e-11,4.941857e-10,1.4386142e-11,1.3616022e-05,0.99886036,2.5524905e-05,0.0005943183
/home/leo/Documentos/mestrado/DeepWeeds-Mobile/images/20161207-143344-0.jpg,7,8,7,8,0,0.98608667,5.0073186e-07,0.0003049545,1.4299765e-09,1.4777035e-07,6.756805e-10,0.0013086487,0.012297205,1.9241825e-06,0.98608667
/home/leo/Documentos/mestrado/DeepWeeds-Mobile/images/20180109-092228-1.jpg,8,8,8,8,1,0.99849296,7.583578e-06,0.0001790217,1.6822039e-06,7.793516e-07,1.9059313e-07,3.10199e-05,0.0012798517,6.7385313e-06,0.99849296
/home/leo/Documentos/mestrado/DeepWeeds-Mobile/images/20180125-131120-2.jpg,8,8,8,8,1,0.99342924,0.00069955026,0.00045205487,2.4941708e-05,9.5825315e-05,7.9949525e-05,0.002368108,0.00025365222,0.0025967855,0.99342924
/home/leo/Documentos/mestrado/DeepWeeds-Mobile/images/20170913-103543-2.jpg,3,3,3,3,1,0.9960906,6.550072e-06,4.5282322e-06,1.9182748e-05,0.9960906,5.4298205e-05,7.228235e-07,3.9023496e-07,2.8417315e-07,0.0038234992
/home/leo/Documentos/mestrado/DeepWeeds-Mobile/images/20170727-134755-1.jpg,4,4,4,4,1,0.7782021,0.017690932,4.097703e-06,0.00030694332,0.0034850747,0.7782021,4.5981273e-05,3.5559278e-10,0.14155032,0.05871443
/home/leo/Documentos/mestrado/DeepWeeds-Mobile/images/20170913-110502-3.jpg,5,5,5,5,1,0.99875796,1.7510092e-05,2.263813e-06,1.8426384e-05,3.2710785e-05,3.1931867e-07,0.99875796,2.0597868e-06,9.30914e-06,0.0011594393
/home/leo/Documentos/mestrado/DeepWeeds-Mobile/images/20180112-080443-2.jpg,8,8,8,8,1,0.9755524,7.7708566e-05,0.0007221397,4.640792e-05,0.0009007301,0.022662902,4.4672102e-10,6.532739e-06,3.130662e-05,0.9755524
/home/leo/Documentos/mestrado/DeepWeeds-Mobile/images/20170920-111146-2.jpg,2,2,2,2,1,0.9996207,7.877635e-08,5.4749663e-11,0.9996207,7.14039e-05,0.0001983926,2.238335e-05,1.9568931e-08,9.833103e-09,8.6996675e-05
/home/leo/Documentos/mestrado/DeepWeeds-Mobile/images/20180109-100809-2.jpg,8,8,8,8,1,0.97297406,0.00019238338,0.0026404196,4.0976192e-06,1.1419668e-05,3.7377964e-07,0.004179951,0.019978,1.9289124e-05,0.97297406
/home/leo/Documentos/mestrado/DeepWeeds-Mobile/images/20170920-110919-2.jpg,2,2,2,2,1,0.9751965,1.3794368e-05,8.7740517e-07,0.9751965,0.0013834551,0.021787956,1.4768304e-05,3.4931484e-06,2.8371373e-06,0.0015963558
/home/leo/Documentos/mestrado/DeepWeeds-Mobile/images/20171205-143444-2.jpg,8,8,8,8,1,0.98037314,3.9793963e-06,1.7023221e-07,5.7791157e-11,1.8681094e-07,2.631432e-08,0.01962077,2.2174174e-07,1.5500418e-06,0.98037314
/home/leo/Documentos/mestrado/DeepWeeds-Mobile/images/20171025-172226-3.jpg,3,8,3,8,0,0.48627007,0.006809302,0.34738675,0.0020811232,0.03587307,0.007121073,0.0027323165,0.10786868,0.0038575297,0.48627007
/home/leo/Documentos/mestrado/DeepWeeds-Mobile/images/20180109-074546-2.jpg,8,8,8,8,1,0.8540695,0.14507754,3.3789132e-05,4.1462463e-12,1.7346168e-10,5.4070158e-11,1.5075191e-05,7.1488594e-06,0.0007970412,0.8540695
/home/leo/Documentos/mestrado/DeepWeeds-Mobile/images/20171109-074050-1.jpg,5,8,5,8,0,0.9205366,0.0073817163,0.034612373,4.3535324e-06,3.7245638e-05,2.2922347e-06,0.036122195,0.00037144154,0.00093162066,0.9205366
/home/leo/Documentos/mestrado/DeepWeeds-Mobile/images/20170714-170622-1.jpg,1,1,1,1,1,0.9989781,0.00063899136,0.9989781,1.7567275e-09,5.535378e-09,7.0855974e-09,7.819713e-08,1.3194974e-06,0.00021314334,0.00016830246
/home/leo/Documentos/mestrado/DeepWeeds-Mobile/images/20180109-080510-2.jpg,8,6,8,6,0,0.82029986,1.5654083e-05,3.4669524e-06,1.7957826e-06,4.7046362e-07,4.7405854e-07,0.00022621744,0.82029986,0.00014577962,0.1793063
/home/leo/Documentos/mestrado/DeepWeeds-Mobile/images/20180112-074642-2.jpg,8,8,8,8,1,0.6315568,0.29734313,0.00093796913,1.7565015e-05,0.019063998,9.65815e-07,1.2169308e-05,1.6138689e-08,0.051067315,0.6315568
/home/leo/Documentos/mestrado/DeepWeeds-Mobile/images/20171218-121303-2.jpg,8,8,8,8,1,0.9993895,1.3347479e-06,2.7662716e-06,6.5021486e-12,6.00993e-07,1.5942302e-10,0.000585054,2.1350643e-06,1.8573986e-05,0.9993895
/home/leo/Documentos/mestrado/DeepWeeds-Mobile/images/20180119-114305-1.jpg,8,8,8,8,1,0.90791523,0.0047916714,0.01144225,4.3093155e-06,0.06947228,0.0002149487,7.001293e-05,0.00017351584,0.0059158383,0.90791523
/home/leo/Documentos/mestrado/DeepWeeds-Mobile/images/20171113-123859-3.jpg,6,6,6,6,1,0.9422369,1.6167552e-06,5.7582896e-05,3.3509064e-09,6.4931733e-06,6.459608e-09,1.850541e-05,0.9422369,8.342192e-07,0.057678066
/home/leo/Documentos/mestrado/DeepWeeds-Mobile/images/20171102-094349-2.jpg,4,2,4,2,0,0.7447318,0.0013425987,0.00027298628,0.7447318,0.052546266,0.16411927,1.4264886e-06,5.2767143e-07,0.00016707093,0.036818054
/home/leo/Documentos/mestrado/DeepWeeds-Mobile/images/20171218-105147-2.jpg,8,8,8,8,1,0.92729926,0.002298371,0.0695308,6.368612e-08,3.6759549e-09,9.858794e-10,0.00020223137,1.2201997e-05,0.0006570314,0.92729926
/home/leo/Documentos/mestrado/DeepWeeds-Mobile/images/20180112-101454-2.jpg,8,8,8,8,1,0.98955804,0.0076152296,2.7436454e-05,3.7765694e-05,2.8692605e-06,5.550117e-07,0.00042428606,2.7385058e-05,0.0023064823,0.98955804
/home/leo/Documentos/mestrado/DeepWeeds-Mobile/images/20180105-095936-2.jpg,8,8,8,8,1,0.98862314,7.591975e-08,5.5071276e-08,0.006048561,1.9982488e-06,1.2047644e-06,7.1349714e-05,0.005247108,6.5233135e-06,0.98862314
/home/leo/Documentos/mestrado/DeepWeeds-Mobile/images/20171220-092121-2.jpg,8,8,8,8,1,0.99350816,2.1991349e-05,7.841742e-06,5.868822e-11,1.1086369e-05,1.1173414e-09,0.0064489013,8.817931e-07,1.0680936e-06,0.99350816
/home/leo/Documentos/mestrado/DeepWeeds-Mobile/images/20171212-100247-1.jpg,8,8,8,8,1,0.99953455,8.111272e-06,0.00033777812,2.3515367e-13,2.7575707e-05,3.9999062e-10,2.9129874e-06,1.6458122e-05,7.260431e-05,0.99953455
/home/leo/Documentos/mestrado/DeepWeeds-Mobile/images/20170217-144601-0.jpg,7,7,7,7,1,0.9706104,0.026070215,0.00092083315,8.80865e-08,1.2578711e-07,1.306726e-09,4.3373737e-07,3.0064146e-07,0.9706104,0.0023976476
/home/leo/Documentos/mestrado/DeepWeeds-Mobile/images/20171109-090842-1.jpg,5,5,5,5,1,0.9908845,6.848453e-07,1.6856089e-06,1.4968083e-12,1.9240043e-09,8.224171e-13,0.9908845,1.5349018e-08,2.2904598e-07,0.00911289
/home/leo/Documentos/mestrado/DeepWeeds-Mobile/images/20180109-090317-2.jpg,8,8,8,8,1,0.892922,0.01620988,0.030393668,0.0005278496,0.0014078399,3.086871e-05,0.000991759,0.0001607313,0.05735545,0.892922
/home/leo/Documentos/mestrado/DeepWeeds-Mobile/images/20170127-101745-0.jpg,1,1,1,1,1,0.9947071,3.2961005e-05,0.9947071,7.91792e-09,2.344715e-05,1.2796381e-08,0.0004901191,0.0016512416,5.048257e-05,0.0030446292
/home/leo/Documentos/mestrado/DeepWeeds-Mobile/images/20170705-160229-0.jpg,7,7,7,7,1,0.91244555,0.060657542,0.00012700385,2.8735803e-05,0.00025610966,0.0074180975,0.003427216,5.810973e-07,0.91244555,0.01563912
/home/leo/Documentos/mestrado/DeepWeeds-Mobile/images/20170728-151210-1.jpg,4,4,4,4,1,0.86737514,1.8646317e-06,3.5780943e-08,0.109948285,0.007524166,0.86737514,0.0002794559,5.233158e-07,5.465183e-07,0.014870055
/home/leo/Documentos/mestrado/DeepWeeds-Mobile/images/20171025-091659-1.jpg,3,3,3,3,1,0.9994818,2.6496717e-05,1.1801006e-05,4.3168584e-09,0.9994818,2.103483e-06,3.717801e-10,4.062275e-08,3.4808372e-06,0.0004742456
/home/leo/Documentos/mestrado/DeepWeeds-Mobile/images/20170811-103652-1.jpg,0,1,0,1,0,0.51264334,0.43027812,0.51264334,1.48795305e-08,8.518344e-08,5.3422728e-08,0.00011909973,0.00088870554,0.050825298,0.005245258
/home/leo/Documentos/mestrado/DeepWeeds-Mobile/images/20171220-092732-2.jpg,8,8,8,8,1,0.9996326,0.0002683283,3.2304863e-06,1.7029796e-12,7.4097485e-08,5.215702e-10,9.1633505e-05,1.0380776e-09,4.11127e-06,0.9996326
/home/leo/Documentos/mestrado/DeepWeeds-Mobile/images/20171102-093753-3.jpg,4,8,4,8,0,0.81653756,0.00019334197,0.001108876,0.003427147,0.017875997,0.16080019,7.3674915e-09,2.8045704e-07,5.6621637e-05,0.81653756
/home/leo/Documentos/mestrado/DeepWeeds-Mobile/images/20171218-112810-3.jpg,8,8,8,8,1,0.998936,9.458988e-07,0.00018714425,2.7234555e-11,0.0007848601,7.6011695e-09,8.015815e-06,7.79039e-05,5.12402e-06,0.998936
/home/leo/Documentos/mestrado/DeepWeeds-Mobile/images/20170711-114901-0.jpg,7,1,7,1,0,0.6306324,0.008608755,0.6306324,3.998314e-07,3.8069862e-05,6.458247e-06,2.7465814e-05,0.0018710821,0.34429687,0.0145184565
/home/leo/Documentos/mestrado/DeepWeeds-Mobile/images/20170728-121259-3.jpg,4,4,4,4,1,0.9995702,2.1584576e-06,2.3356672e-09,0.00039257656,4.765395e-06,0.9995702,6.5231707e-06,8.637022e-09,2.3227692e-06,2.1446926e-05
/home/leo/Documentos/mestrado/DeepWeeds-Mobile/images/20171025-082114-2.jpg,3,3,3,3,1,0.8620521,0.004407123,3.5740377e-05,0.00014334309,0.8620521,0.0002474013,1.434419e-07,3.1143195e-08,0.005732658,0.12738153
/home/leo/Documentos/mestrado/DeepWeeds-Mobile/images/20180322-114050-2.jpg,8,8,8,8,1,0.998771,4.9118485e-06,7.175199e-05,7.510717e-08,0.0002532684,0.0008907048,8.558526e-10,2.1853849e-08,8.22085e-06,0.998771
/home/leo/Documentos/mestrado/DeepWeeds-Mobile/images/20171220-101611-2.jpg,8,8,8,8,1,0.99671835,0.00016819133,0.0009504418,3.1586933e-09,7.5589173e-06,1.3361445e-08,4.1620387e-05,2.4817057e-06,0.0021113309,0.99671835
/home/leo/Documentos/mestrado/DeepWeeds-Mobile/images/20180119-114837-2.jpg,8,8,8,8,1,0.95067394,0.0012040858,0.0066075996,1.2060766e-08,1.883038e-06,4.516546e-09,0.040994547,1.5781075e-05,0.00050218083,0.95067394
/home/leo/Documentos/mestrado/DeepWeeds-Mobile/images/20180109-101335-2.jpg,8,8,8,8,1,0.98231083,0.00077318674,0.00045525125,2.1821643e-07,4.206709e-05,2.4541691e-08,0.00752874,0.008777286,0.00011241366,0.98231083
/home/leo/Documentos/mestrado/DeepWeeds-Mobile/images/20170217-102857-0.jpg,0,0,0,0,1,0.9940625,0.9940625,1.0088676e-06,8.7216075e-11,3.3028112e-08,1.4038631e-10,1.8472902e-05,3.978284e-09,0.0056746886,0.00024325178
/home/leo/Documentos/mestrado/DeepWeeds-Mobile/images/20171219-102156-2.jpg,8,8,8,8,1,0.99967283,1.0216323e-05,3.2778862e-05,7.669025e-09,0.00027502418,2.3371717e-06,7.996587e-07,2.3832123e-07,5.702053e-06,0.99967283
/home/leo/Documentos/mestrado/DeepWeeds-Mobile/images/20180112-081306-1.jpg,8,8,8,8,1,0.98126423,0.00013353504,0.0022187983,3.7579826e-05,0.005215117,0.011101491,4.834572e-10,2.581901e-06,2.6715925e-05,0.98126423
/home/leo/Documentos/mestrado/DeepWeeds-Mobile/images/20180109-075232-2.jpg,8,8,8,8,1,0.7935496,0.0002470046,0.0050104754,3.7032792e-09,3.8986053e-07,3.4644867e-09,0.00047246364,0.20051546,0.00020460864,0.7935496
/home/leo/Documentos/mestrado/DeepWeeds-Mobile/images/20180105-092612-2.jpg,8,8,8,8,1,0.99896884,1.5132126e-10,5.6478933e-09,0.00083269906,3.680805e-11,4.764026e-10,4.2827812e-09,0.00019848798,6.2073263e-10,0.99896884
/home/leo/Documentos/mestrado/DeepWeeds-Mobile/images/20180119-114542-1.jpg,8,8,8,8,1,0.9918934,0.000109924484,0.006035633,1.8557426e-08,1.3098243e-05,1.9574433e-08,0.0009208614,0.0007990693,0.00022794202,0.9918934
/home/leo/Documentos/mestrado/DeepWeeds-Mobile/images/20170217-095216-0.jpg,7,7,7,7,1,0.99719834,0.0024471001,2.5358831e-06,2.1008646e-09,6.982287e-08,7.4489326e-10,5.0250965e-06,2.4815986e-08,0.99719834,0.00034676888
/home/leo/Documentos/mestrado/DeepWeeds-Mobile/images/20180119-111113-1.jpg,8,8,8,8,1,0.7199074,0.00021450812,0.048203174,7.4755275e-07,1.4427085e-06,8.133489e-09,0.06762261,0.1633181,0.0007320002,0.7199074
/home/leo/Documentos/mestrado/DeepWeeds-Mobile/images/20171212-100437-3.jpg,8,8,8,8,1,0.99989486,7.783457e-06,1.0063645e-06,4.763938e-12,6.5047544e-08,1.8183802e-11,4.4102046e-05,4.018345e-09,5.219228e-05,0.99989486
/home/leo/Documentos/mestrado/DeepWeeds-Mobile/images/20180125-134135-3.jpg,8,8,8,8,1,0.69585323,0.00014439823,0.001484949,0.0009033544,0.0012213215,1.9600411e-05,0.18092242,0.11915543,0.000295324,0.69585323
/home/leo/Documentos/mestrado/DeepWeeds-Mobile/images/20171113-145500-3.jpg,6,6,6,6,1,0.99071026,2.959957e-06,0.0029470474,1.2643694e-06,4.836506e-07,7.542206e-08,1.4394091e-07,0.99071026,9.94756e-06,0.0063278107
/home/leo/Documentos/mestrado/DeepWeeds-Mobile/images/20171102-120236-2.jpg,2,2,2,2,1,0.9999913,2.433472e-08,8.386068e-09,0.9999913,4.2220793e-07,6.717427e-07,2.9754904e-08,5.2328943e-07,4.158309e-08,7.0691663e-06
/home/leo/Documentos/mestrado/DeepWeeds-Mobile/images/20171025-093205-2.jpg,3,3,3,3,1,0.98703563,0.00020904513,8.479648e-05,5.967119e-06,0.98703563,3.8357e-07,1.5268811e-06,1.6475768e-06,0.00038410907,0.012276836
/home/leo/Documentos/mestrado/DeepWeeds-Mobile/images/20171219-094002-2.jpg,8,8,8,8,1,0.99995697,1.0859336e-06,2.6633785e-05,6.5070005e-10,1.0043221e-05,1.6782553e-07,4.0254818e-06,3.2320628e-07,7.596229e-07,0.99995697
/home/leo/Documentos/mestrado/DeepWeeds-Mobile/images/20180112-102644-2.jpg,8,8,8,8,1,0.94819766,0.03505873,0.00042539425,0.00014225472,0.0002624119,5.595171e-05,0.00046586405,4.8615773e-05,0.015343093,0.94819766
/home/leo/Documentos/mestrado/DeepWeeds-Mobile/images/20180112-091809-2.jpg,8,8,8,8,1,0.9821286,0.0065438463,5.4726142e-06,2.3640016e-05,0.00037693346,1.2528798e-06,1.7746395e-05,1.326638e-06,0.010901146,0.9821286
/home/leo/Documentos/mestrado/DeepWeeds-Mobile/images/20170920-171751-1.jpg,2,2,2,2,1,0.9997765,8.706663e-08,1.7469254e-07,0.9997765,9.152253e-08,7.517081e-06,1.7241783e-06,4.630572e-05,1.3283236e-08,0.00016747207
/home/leo/Documentos/mestrado/DeepWeeds-Mobile/images/20171220-085416-3.jpg,8,8,8,8,1,0.9992537,2.4970655e-06,0.00040931432,5.9343906e-12,4.220635e-09,2.930239e-11,7.985769e-05,6.4839435e-07,0.00025401553,0.9992537
/home/leo/Documentos/mestrado/DeepWeeds-Mobile/images/20180112-081429-1.jpg,8,8,8,8,1,0.89793473,0.031189745,0.066250496,7.6283504e-05,0.0003622796,2.3216971e-05,7.5114554e-06,9.185576e-06,0.0041465983,0.89793473
/home/leo/Documentos/mestrado/DeepWeeds-Mobile/images/20170811-163543-1.jpg,0,0,0,0,1,0.9924488,0.9924488,0.0001476277,4.2673098e-10,6.4548833e-09,1.7068093e-08,1.14314e-05,3.5752983e-06,0.006636933,0.0007516543
/home/leo/Documentos/mestrado/DeepWeeds-Mobile/images/20171203-174204-3.jpg,8,8,8,8,1,0.98924786,1.41207765e-05,0.0018369701,1.4152437e-08,0.00022372889,6.5279355e-09,0.008369293,0.0002953993,1.255207e-05,0.98924786
/home/leo/Documentos/mestrado/DeepWeeds-Mobile/images/20180109-070732-1.jpg,8,8,8,8,1,0.99993896,1.10570085e-07,7.291042e-08,6.464392e-06,3.3218625e-05,5.845569e-06,9.788322e-09,1.5183132e-05,2.6479787e-08,0.99993896
/home/leo/Documentos/mestrado/DeepWeeds-Mobile/images/20180322-132124-1.jpg,8,8,8,8,1,0.9989064,3.3709595e-05,5.9175e-05,6.4978184e-07,0.00090652995,8.385259e-05,3.019305e-08,3.829308e-08,9.681173e-06,0.9989064
/home/leo/Documentos/mestrado/DeepWeeds-Mobile/images/20180125-132255-2.jpg,8,8,8,8,1,0.99993503,2.0480353e-05,2.4375822e-05,3.2826863e-10,2.1769197e-06,2.3405687e-06,4.2126135e-08,1.6142247e-06,1.3811549e-05,0.99993503
/home/leo/Documentos/mestrado/DeepWeeds-Mobile/images/20180105-095642-3.jpg,8,8,8,8,1,0.9877144,1.6712157e-06,4.86577e-07,1.370404e-07,6.0843473e-07,8.456654e-09,1.2481865e-06,0.0122812195,2.8291495e-07,0.9877144
/home/leo/Documentos/mestrado/DeepWeeds-Mobile/images/20171220-084136-3.jpg,8,8,8,8,1,0.99988675,7.88675e-05,9.0923784e-08,7.355802e-13,9.1218607e-07,2.6539151e-10,2.6669428e-05,9.507431e-09,6.657344e-06,0.99988675
/home/leo/Documentos/mestrado/DeepWeeds-Mobile/images/20170913-100846-2.jpg,3,3,3,3,1,0.97965497,5.0174326e-06,5.0352256e-10,5.760028e-05,0.97965497,0.00025013022,0.00036144746,1.2408478e-10,2.2711758e-08,0.01967086
/home/leo/Documentos/mestrado/DeepWeeds-Mobile/images/20171220-082743-2.jpg,8,8,8,8,1,0.99998116,1.2495344e-07,1.198752e-10,9.628655e-16,5.2030664e-08,2.5975897e-12,1.851973e-05,1.1292722e-10,1.2088681e-07,0.99998116
/home/leo/Documentos/mestrado/DeepWeeds-Mobile/images/20170728-124723-3.jpg,4,4,4,4,1,0.9753132,0.00219308,8.007524e-09,1.1797468e-05,6.986006e-05,0.9753132,5.244684e-10,3.692644e-14,4.7052636e-05,0.022365065
/home/leo/Documentos/mestrado/DeepWeeds-Mobile/images/20180322-131657-1.jpg,8,8,8,8,1,0.99454355,1.985005e-05,3.2977467e-05,0.0034888426,0.0013075714,0.00059035944,7.0334845e-06,7.1933704e-07,9.1916e-06,0.99454355
/home/leo/Documentos/mestrado/DeepWeeds-Mobile/images/20171121-074216-1.jpg,6,6,6,6,1,0.9783326,6.89421e-05,0.0053716977,2.0388465e-10,9.755089e-10,8.788305e-12,6.078678e-07,0.9783326,0.00011366716,0.016112525
/home/leo/Documentos/mestrado/DeepWeeds-Mobile/images/20170920-115351-2.jpg,2,2,2,2,1,0.82488006,0.00021500404,3.0713065e-07,0.82488006,0.014393386,0.13084899,3.3145063e-06,1.6789662e-07,6.3164065e-05,0.029595522
/home/leo/Documentos/mestrado/DeepWeeds-Mobile/images/20180125-130452-2.jpg,8,8,8,8,1,0.9985184,0.00018203951,0.00013820785,1.5071676e-07,2.8390148e-06,1.5736262e-06,2.568186e-05,1.1632553e-06,0.0011299766,0.9985184
/home/leo/Documentos/mestrado/DeepWeeds-Mobile/images/20170714-122007-2.jpg,1,1,1,1,1,0.9985715,0.00064090785,0.9985715,6.9429966e-08,1.7026005e-08,2.6824995e-07,1.7669336e-07,5.8880385e-05,0.0005396576,0.00018852776
/home/leo/Documentos/mestrado/DeepWeeds-Mobile/images/20180109-074521-2.jpg,8,8,8,8,1,0.9961546,0.003757308,5.141737e-06,1.0766853e-11,1.5322621e-10,2.0072012e-11,3.843848e-05,6.973941e-06,3.7569404e-05,0.9961546
/home/leo/Documentos/mestrado/DeepWeeds-Mobile/images/20180105-095458-2.jpg,8,8,8,8,1,0.9885229,5.160312e-07,5.617747e-08,2.4055262e-05,8.688731e-08,1.8816351e-07,1.980018e-06,0.011449374,7.8687157e-07,0.9885229
/home/leo/Documentos/mestrado/DeepWeeds-Mobile/images/20180112-075756-2.jpg,8,0,8,0,0,0.5482691,0.5482691,0.0066739684,2.396654e-05,4.448291e-05,2.3710465e-05,3.7484955e-05,1.5751688e-07,0.2828225,0.16210458
/home/leo/Documentos/mestrado/DeepWeeds-Mobile/images/20170714-115607-2.jpg,1,1,1,1,1,0.9998088,3.1758565e-05,0.9998088,5.027472e-15,3.780232e-12,4.4556272e-13,5.2420503e-12,1.386646e-05,0.00014457646,9.897176e-07
/home/leo/Documentos/mestrado/DeepWeeds-Mobile/images/20180322-125058-1.jpg,8,8,8,8,1,0.9997285,3.5558613e-05,1.6619124e-06,3.0853428e-07,1.00083955e-10,6.657325e-06,0.00022228691,8.5058794e-08,5.039005e-06,0.9997285
/home/leo/Documentos/mestrado/DeepWeeds-Mobile/images/20180112-080408-1.jpg,8,8,8,8,1,0.4768266,0.25467488,0.20057578,0.00015837417,0.00079924776,0.00025480601,4.6849666e-05,0.00010973596,0.06655376,0.4768266
/home/leo/Documentos/mestrado/DeepWeeds-Mobile/images/20180105-102406-1.jpg,8,8,8,8,1,0.99895465,2.3691399e-08,7.058858e-09,0.0009934044,4.582141e-06,3.0874871e-06,2.089443e-08,4.4162512e-05,4.744685e-08,0.99895465
/home/leo/Documentos/mestrado/DeepWeeds-Mobile/images/20171212-093216-3.jpg,8,8,8,8,1,0.9956073,0.00019165865,0.00019350756,8.0524216e-05,0.0027020301,1.5299469e-05,0.0010291075,9.147661e-05,8.909912e-05,0.9956073
/home/leo/Documentos/mestrado/DeepWeeds-Mobile/images/20180109-074714-1.jpg,8,8,8,8,1,0.9997043,8.560033e-08,7.344218e-08,6.0745697e-06,2.0927507e-06,4.317165e-07,9.19651e-08,0.00028641443,4.1012714e-07,0.9997043
/home/leo/Documentos/mestrado/DeepWeeds-Mobile/images/20170811-134054-2.jpg,0,0,0,0,1,0.96297985,0.96297985,0.007080268,7.434353e-08,2.200401e-06,1.3264498e-05,1.2044027e-05,8.611509e-08,0.01463681,0.015275304
/home/leo/Documentos/mestrado/DeepWeeds-Mobile/images/20171102-114726-1.jpg,2,2,2,2,1,0.99999964,8.927486e-10,7.14112e-11,0.99999964,1.1802238e-08,6.3834435e-08,2.7410763e-10,4.5151094e-10,1.0964039e-10,2.9233158e-07
/home/leo/Documentos/mestrado/DeepWeeds-Mobile/images/20170217-114633-0.jpg,7,0,7,0,0,0.7311269,0.7311269,0.0039407443,2.0771429e-06,5.3023774e-07,3.9491557e-08,3.9118336e-06,7.5632734e-06,0.23814815,0.026770078
/home/leo/Documentos/mestrado/DeepWeeds-Mobile/images/20170920-160548-3.jpg,2,2,2,2,1,0.94018364,5.1876377e-05,1.8493555e-08,0.94018364,0.00026366994,0.04870822,1.0204076e-08,9.539582e-10,5.247166e-07,0.010792064
/home/leo/Documentos/mestrado/DeepWeeds-Mobile/images/20180109-071502-2.jpg,8,8,8,8,1,0.99223584,3.1313208e-05,3.5573164e-06,0.00025459123,6.924669e-05,1.5096538e-06,4.342101e-05,0.007347529,1.2963742e-05,0.99223584
/home/leo/Documentos/mestrado/DeepWeeds-Mobile/images/20170920-185359-1.jpg,2,2,2,2,1,0.99921083,1.9076435e-07,4.8667363e-09,0.99921083,6.4447966e-05,0.00014231393,7.163217e-07,4.4033686e-07,9.320846e-09,0.0005809471
/home/leo/Documentos/mestrado/DeepWeeds-Mobile/images/20171113-151910-1.jpg,6,6,6,6,1,0.99649435,6.7227575e-07,4.8490787e-05,4.5603685e-09,8.709025e-11,1.1107438e-11,5.804135e-05,0.99649435,1.7387887e-06,0.003396712
/home/leo/Documentos/mestrado/DeepWeeds-Mobile/images/20171122-100943-1.jpg,5,5,5,5,1,0.9999715,4.235019e-08,9.862249e-10,8.880035e-15,2.2040441e-13,1.7642679e-15,0.9999715,4.3990386e-08,1.7778036e-11,2.8377493e-05
/home/leo/Documentos/mestrado/DeepWeeds-Mobile/images/20180112-091750-2.jpg,8,8,8,8,1,0.92038876,0.041601133,0.034060527,2.1567907e-06,1.2846921e-07,1.0456687e-06,0.00011297333,0.00086335343,0.0029699462,0.92038876
/home/leo/Documentos/mestrado/DeepWeeds-Mobile/images/20171025-073923-2.jpg,3,3,3,3,1,0.9995466,7.895534e-07,0.00020569674,2.348889e-09,0.9995466,6.748277e-07,9.536464e-09,1.5970306e-07,2.106288e-05,0.00022499987
/home/leo/Documentos/mestrado/DeepWeeds-Mobile/images/20171113-061405-1.jpg,6,6,6,6,1,0.9948402,0.00010945725,0.0033900614,7.572708e-08,5.6548157e-07,5.9819385e-09,1.9347088e-05,0.9948402,0.0006190551,0.0010211737
/home/leo/Documentos/mestrado/DeepWeeds-Mobile/images/20170729-090107-2.jpg,4,4,4,4,1,0.9338989,1.8185023e-05,3.6958485e-07,0.06350769,0.0009889676,0.9338989,4.9294033e-07,1.3565479e-09,1.80662e-05,0.0015673323
/home/leo/Documentos/mestrado/DeepWeeds-Mobile/images/20180112-093758-2.jpg,8,8,8,8,1,0.9961812,0.0015396618,0.00011904207,2.0068885e-06,1.3563361e-05,5.6123078e-08,3.8187904e-05,0.00013496337,0.0019714409,0.9961812
/home/leo/Documentos/mestrado/DeepWeeds-Mobile/images/20171218-121152-3.jpg,8,5,8,5,0,0.7802753,0.00015694882,0.00021916234,5.2151535e-08,4.7423174e-07,8.586104e-09,0.7802753,0.002606087,0.0010888638,0.21565314
/home/leo/Documentos/mestrado/DeepWeeds-Mobile/images/20170913-101306-2.jpg,3,3,3,3,1,0.84829354,0.00015840471,9.249967e-08,3.4709166e-07,0.84829354,0.1388596,0.0030019495,9.5193256e-11,0.00028018618,0.009405782
/home/leo/Documentos/mestrado/DeepWeeds-Mobile/images/20170217-114340-0.jpg,7,7,7,7,1,0.98001546,0.017118918,0.0002552743,2.1809228e-10,3.3269394e-09,2.9568112e-10,1.3616621e-05,0.000115297626,0.98001546,0.0024813917
/home/leo/Documentos/mestrado/DeepWeeds-Mobile/images/20170217-113008-0.jpg,0,0,0,0,1,0.99250597,0.99250597,1.2475124e-06,1.4964472e-11,1.3941712e-12,5.3999817e-12,4.8029133e-06,1.6431239e-08,0.005859008,0.0016290325
/home/leo/Documentos/mestrado/DeepWeeds-Mobile/images/20171212-094042-1.jpg,8,8,8,8,1,0.99995875,3.5519497e-06,7.380527e-07,6.016104e-08,2.3823988e-05,1.00501076e-07,8.134201e-06,1.9574804e-06,2.7701892e-06,0.99995875
/home/leo/Documentos/mestrado/DeepWeeds-Mobile/images/20180109-101542-2.jpg,8,8,8,8,1,0.9714768,0.000490124,0.00083053694,0.01430659,0.010423721,0.00045426868,0.00010874691,0.0002677799,0.0016414445,0.9714768
/home/leo/Documentos/mestrado/DeepWeeds-Mobile/images/20180109-075919-1.jpg,8,8,8,8,1,0.96633273,0.00019300156,1.4436764e-05,1.7251426e-05,4.662603e-06,1.0188121e-05,6.958942e-06,0.03225056,0.0011702392,0.96633273
/home/leo/Documentos/mestrado/DeepWeeds-Mobile/images/20170913-104338-2.jpg,3,3,3,3,1,0.9959353,2.6508317e-08,3.150091e-08,1.3570525e-06,0.9959353,0.0015419722,2.3673417e-08,6.231731e-11,2.1777786e-09,0.0025212797
/home/leo/Documentos/mestrado/DeepWeeds-Mobile/images/20180112-081209-2.jpg,8,8,8,8,1,0.7751543,0.006813796,0.014341719,0.017355641,0.0108386595,0.17427991,1.428587e-07,0.00084276753,0.00037301073,0.7751543
/home/leo/Documentos/mestrado/DeepWeeds-Mobile/images/20171113-060840-1.jpg,6,6,6,6,1,0.99953145,0.000101495025,1.2278632e-05,5.546087e-09,3.5786654e-09,1.9084465e-09,0.00012388107,0.99953145,0.00018633783,4.451441e-05
/home/leo/Documentos/mestrado/DeepWeeds-Mobile/images/20180322-132456-1.jpg,8,8,8,8,1,0.9992493,0.00017900325,4.9639097e-05,1.6429323e-05,0.00011885053,0.00021497214,7.0176815e-05,5.6442904e-08,0.00010148205,0.9992493
/home/leo/Documentos/mestrado/DeepWeeds-Mobile/images/20171102-120950-3.jpg,2,2,2,2,1,0.9951533,5.8884227e-05,1.7111381e-07,0.9951533,1.7332231e-05,1.5722185e-07,5.4622906e-05,3.3974192e-08,2.7581154e-06,0.0047127428
/home/leo/Documentos/mestrado/DeepWeeds-Mobile/images/20171025-082205-2.jpg,3,3,3,3,1,0.8540948,0.029692603,2.5181826e-05,4.43886e-05,0.8540948,4.6032656e-07,0.0001291997,1.4209398e-07,0.03184934,0.08416387
/home/leo/Documentos/mestrado/DeepWeeds-Mobile/images/20180322-114014-1.jpg,8,8,8,8,1,0.9999261,3.89475e-05,1.549169e-06,2.377439e-09,2.276067e-06,5.6469935e-06,8.599225e-07,2.3196009e-07,2.4432533e-05,0.9999261
/home/leo/Documentos/mestrado/DeepWeeds-Mobile/images/20180322-115004-1.jpg,8,8,8,8,1,0.9999311,3.388921e-05,2.8794662e-05,8.0580634e-08,1.7542934e-07,4.948287e-06,5.071498e-07,6.834092e-09,4.25635e-07,0.9999311
/home/leo/Documentos/mestrado/DeepWeeds-Mobile/images/20170718-100427-2.jpg,0,0,0,0,1,0.74854684,0.74854684,0.0009949452,0.003949859,0.026946196,0.03129864,0.0019422519,3.4565903e-06,0.11180015,0.07451771
/home/leo/Documentos/mestrado/DeepWeeds-Mobile/images/20180109-100402-1.jpg,8,8,8,8,1,0.99683475,0.0002485736,0.0025370542,6.920466e-06,0.0001292554,9.408701e-06,4.221525e-06,0.00020663682,2.3204779e-05,0.99683475
/home/leo/Documentos/mestrado/DeepWeeds-Mobile/images/20171203-164647-3.jpg,8,8,8,8,1,0.99983585,1.8946315e-06,3.2667736e-05,2.0114733e-08,5.18628e-08,2.0936976e-11,0.00010887013,9.138964e-06,1.15044995e-05,0.99983585
/home/leo/Documentos/mestrado/DeepWeeds-Mobile/images/20170705-163946-0.jpg,7,7,7,7,1,0.6576061,0.30064178,0.0020011624,1.6997034e-06,0.00042614396,0.0010537845,4.4969376e-05,1.1910687e-07,0.6576061,0.03822417
/home/leo/Documentos/mestrado/DeepWeeds-Mobile/images/20180109-094759-1.jpg,8,8,8,8,1,0.9963869,0.0010203467,0.0007337821,4.7212983e-05,0.00060420367,6.5690097e-07,1.1996062e-05,0.00053287495,0.00066203455,0.9963869
/home/leo/Documentos/mestrado/DeepWeeds-Mobile/images/20170729-093222-1.jpg,4,4,4,4,1,0.997244,5.01341e-05,5.485474e-10,9.219308e-08,0.00027706768,0.997244,1.2933022e-07,7.181181e-16,0.00040093914,0.002027665
/home/leo/Documentos/mestrado/DeepWeeds-Mobile/images/20171201-123949-3.jpg,8,8,8,8,1,0.67495,0.05564984,0.016911995,5.4456164e-06,2.2738266e-07,8.8901096e-08,0.026336838,0.00012140077,0.22602414,0.67495
/home/leo/Documentos/mestrado/DeepWeeds-Mobile/images/20170920-112633-3.jpg,2,2,2,2,1,0.9990854,1.9911815e-07,3.4622423e-09,0.9990854,6.583699e-05,0.0001373994,1.5590926e-07,2.8894712e-08,4.9564854e-08,0.00071090116
/home/leo/Documentos/mestrado/DeepWeeds-Mobile/images/20180119-113758-2.jpg,8,8,8,8,1,0.99879956,2.848684e-06,0.0007397273,1.5515736e-09,8.050174e-06,1.0774202e-09,0.0004109239,3.7042664e-05,1.8905951e-06,0.99879956
/home/leo/Documentos/mestrado/DeepWeeds-Mobile/images/20180322-130558-1.jpg,8,8,8,8,1,0.99154836,4.6666566e-05,0.00014258387,1.2267641e-08,5.9916006e-06,4.0010793e-08,0.008036912,2.2333058e-06,0.00021722126,0.99154836
/home/leo/Documentos/mestrado/DeepWeeds-Mobile/images/20171205-133603-2.jpg,8,8,8,8,1,0.9999869,5.164844e-07,2.8370495e-08,3.1016967e-10,1.0266278e-08,7.254529e-09,1.2603093e-05,3.3876437e-12,2.1733628e-08,0.9999869
/home/leo/Documentos/mestrado/DeepWeeds-Mobile/images/20180109-102721-2.jpg,8,8,8,8,1,0.6624616,0.00040355613,0.00013669056,9.989451e-06,2.5482528e-05,6.436461e-07,0.323752,0.012674296,0.0005358782,0.6624616
/home/leo/Documentos/mestrado/DeepWeeds-Mobile/images/20170920-114402-2.jpg,2,2,2,2,1,0.99977875,1.0414588e-08,5.888324e-09,0.99977875,1.4810234e-06,1.6516907e-06,1.7256932e-07,1.9647062e-07,6.37598e-10,0.00021757888
/home/leo/Documentos/mestrado/DeepWeeds-Mobile/images/20170210-134117-0.jpg,0,0,0,0,1,0.7386055,0.7386055,3.9828e-06,0.00045531619,0.0005371873,1.9206527e-05,0.12626107,6.950381e-06,0.04063388,0.09347694
/home/leo/Documentos/mestrado/DeepWeeds-Mobile/images/20170811-112803-1.jpg,0,0,0,0,1,0.96299237,0.96299237,0.0065973056,4.142201e-05,1.9812999e-06,0.00012567549,9.89652e-06,0.00015351693,0.00082635076,0.029251527
/home/leo/Documentos/mestrado/DeepWeeds-Mobile/images/20180125-092322-2.jpg,8,8,8,8,1,0.9998822,8.2083265e-05,2.3033504e-05,6.8058725e-08,9.938415e-07,2.7062342e-06,2.5586264e-06,5.9020135e-08,6.2403296e-06,0.9998822
/home/leo/Documentos/mestrado/DeepWeeds-Mobile/images/20180125-135018-3.jpg,8,8,8,8,1,0.9981975,0.00012349189,0.0010628212,6.5804765e-05,7.111582e-05,0.00039311268,3.9449455e-07,1.19351225e-05,7.382207e-05,0.9981975
/home/leo/Documentos/mestrado/DeepWeeds-Mobile/images/20170130-102503-0.jpg,1,8,1,8,0,0.9359667,0.003209315,0.055372946,0.00095792353,0.00038043305,0.0008821637,5.4284988e-06,0.00017433788,0.0030507483,0.9359667
/home/leo/Documentos/mestrado/DeepWeeds-Mobile/images/20180109-085911-1.jpg,8,3,8,3,0,0.646801,0.009508678,0.00017562968,3.4000527e-06,0.646801,3.9568283e-07,1.0207568e-05,2.59795e-07,0.04148528,0.3020152
/home/leo/Documentos/mestrado/DeepWeeds-Mobile/images/20180322-133752-1.jpg,8,8,8,8,1,0.99805707,1.166593e-06,6.179015e-06,0.001830443,7.945503e-05,1.5545336e-05,1.8826125e-06,6.174921e-06,1.96407e-06,0.99805707
/home/leo/Documentos/mestrado/DeepWeeds-Mobile/images/20170714-133342-1.jpg,1,1,1,1,1,0.9729374,0.00031363132,0.9729374,6.7137375e-07,7.642001e-06,7.57622e-08,0.00043952093,0.010752265,0.011141949,0.004406835
/home/leo/Documentos/mestrado/DeepWeeds-Mobile/images/20170728-150657-1.jpg,4,4,4,4,1,0.8874412,0.00015415967,1.0831529e-08,0.050095763,0.012418027,0.8874412,6.298513e-07,3.3376085e-10,1.4025725e-05,0.04987624
/home/leo/Documentos/mestrado/DeepWeeds-Mobile/images/20171121-072546-1.jpg,6,6,6,6,1,0.813612,6.518262e-05,0.06561523,2.0918227e-11,1.4389149e-09,8.107014e-12,1.7508715e-05,0.813612,0.0025939792,0.118096136
/home/leo/Documentos/mestrado/DeepWeeds-Mobile/images/20180119-113355-1.jpg,8,8,8,8,1,0.96343166,0.00030775432,0.0022416185,1.8046089e-08,6.569061e-05,7.969383e-09,0.033330142,0.000557772,6.528964e-05,0.96343166
/home/leo/Documentos/mestrado/DeepWeeds-Mobile/images/20170404-154324-0.jpg,7,7,7,7,1,0.89900875,0.08557647,0.0032095644,5.7351817e-09,3.6235367e-08,4.757735e-09,2.4372605e-06,1.707888e-05,0.89900875,0.012185764
/home/leo/Documentos/mestrado/DeepWeeds-Mobile/images/20180119-111654-2.jpg,8,8,8,8,1,0.9971288,0.0007776214,0.000835925,8.6296204e-10,2.6941829e-05,4.527337e-09,0.0009722827,1.8557197e-06,0.00025655032,0.9971288
/home/leo/Documentos/mestrado/DeepWeeds-Mobile/images/20180109-074809-1.jpg,8,8,8,8,1,0.9251709,2.461134e-08,2.0579573e-06,0.00010658211,1.8227546e-07,5.9541982e-08,6.2805384e-06,0.07471363,1.5443352e-07,0.9251709
/home/leo/Documentos/mestrado/DeepWeeds-Mobile/images/20180125-093802-1.jpg,8,8,8,8,1,0.9957793,1.3170729e-05,5.2421875e-08,0.00012838034,1.33675785e-05,0.0040574702,1.3897417e-07,1.3408217e-07,7.942425e-06,0.9957793
/home/leo/Documentos/mestrado/DeepWeeds-Mobile/images/20170210-145509-0.jpg,0,0,0,0,1,0.9999695,0.9999695,5.9736925e-07,1.5168163e-13,2.7576045e-15,6.2185696e-14,4.328399e-09,6.3111155e-10,1.6350958e-07,2.9750954e-05
/home/leo/Documentos/mestrado/DeepWeeds-Mobile/images/20180119-105930-2.jpg,8,1,8,1,0,0.8279221,0.0042748484,0.8279221,9.3642084e-05,1.2520272e-05,2.1975211e-05,4.999043e-05,0.09391438,0.0019469161,0.07176355
/home/leo/Documentos/mestrado/DeepWeeds-Mobile/images/20180109-100632-2.jpg,8,8,8,8,1,0.9053655,0.06258322,0.0041782944,0.00036332096,0.01062142,0.00014740574,0.0067061963,0.0012082319,0.008826413,0.9053655
/home/leo/Documentos/mestrado/DeepWeeds-Mobile/images/20180322-120954-2.jpg,8,8,8,8,1,0.98996234,0.007429714,0.0017529671,1.3661133e-07,6.679801e-06,0.000114612456,1.7376624e-05,1.6719365e-07,0.0007159857,0.98996234
/home/leo/Documentos/mestrado/DeepWeeds-Mobile/images/20171212-094323-1.jpg,8,8,8,8,1,0.99999726,1.5618794e-07,1.008883e-07,2.3935362e-14,1.9191075e-06,2.3707167e-12,2.993749e-07,1.2925301e-09,2.4431122e-07,0.99999726
/home/leo/Documentos/mestrado/DeepWeeds-Mobile/images/20170315-085020-0.jpg,8,8,8,8,1,0.9785002,0.020929467,0.00050416996,9.859445e-10,6.1771512e-09,3.1625938e-10,6.382207e-05,2.715634e-07,2.0258449e-06,0.9785002
/home/leo/Documentos/mestrado/DeepWeeds-Mobile/images/20170714-143808-1.jpg,1,1,1,1,1,0.99872094,2.489429e-07,0.99872094,3.2118384e-11,3.263312e-08,4.127295e-10,4.3816013e-09,1.7948871e-07,1.4548016e-05,0.0012641177
/home/leo/Documentos/mestrado/DeepWeeds-Mobile/images/20171025-090348-1.jpg,3,8,3,8,0,0.45575508,0.026797798,0.24819751,0.02208825,0.013812551,0.024806015,0.00010966107,0.2064483,0.001984826,0.45575508
/home/leo/Documentos/mestrado/DeepWeeds-Mobile/images/20171109-090929-2.jpg,5,5,5,5,1,0.99468046,1.1595552e-05,0.00014883454,6.282895e-11,9.695831e-10,1.5886001e-12,0.99468046,0.00020659907,5.4155516e-06,0.004947051
/home/leo/Documentos/mestrado/DeepWeeds-Mobile/images/20161207-111718-0.jpg,0,0,0,0,1,0.68763405,0.68763405,0.21201132,6.352715e-08,8.9247607e-07,6.141373e-07,0.00035130407,6.452735e-07,0.09325198,0.0067491527
/home/leo/Documentos/mestrado/DeepWeeds-Mobile/images/20180125-095132-2.jpg,8,8,8,8,1,0.99854136,1.6625823e-05,2.5567223e-07,1.0724558e-08,0.00012237603,7.58346e-08,0.0013187616,2.499078e-07,2.0197409e-07,0.99854136
/home/leo/Documentos/mestrado/DeepWeeds-Mobile/images/20170210-133931-0.jpg,0,0,0,0,1,0.7254155,0.7254155,0.0024041473,7.2843825e-08,8.555079e-08,4.340273e-08,0.0003874105,0.00029344828,0.26995474,0.0015444625
/home/leo/Documentos/mestrado/DeepWeeds-Mobile/images/20171109-085143-3.jpg,5,5,5,5,1,0.502922,0.00012675801,8.410923e-06,3.425822e-10,3.3529184e-05,1.6428507e-09,0.502922,0.0023341528,0.00012757357,0.49444756
/home/leo/Documentos/mestrado/DeepWeeds-Mobile/images/20180112-093134-2.jpg,8,8,8,8,1,0.97484404,0.0065305433,7.910021e-05,2.1429027e-05,4.4037297e-06,7.016634e-06,0.011508004,0.00014690297,0.0068584746,0.97484404
/home/leo/Documentos/mestrado/DeepWeeds-Mobile/images/20180105-095313-2.jpg,8,8,8,8,1,0.9756285,1.2989051e-05,4.498616e-06,0.0040641455,2.2769162e-05,8.831191e-05,9.694521e-07,0.020176416,1.3849532e-06,0.9756285
/home/leo/Documentos/mestrado/DeepWeeds-Mobile/images/20170913-104750-1.jpg,3,8,3,8,0,0.5021495,0.000733409,8.047834e-06,0.00020171833,0.4311584,0.06571772,1.1161797e-07,4.154144e-09,3.1073432e-05,0.5021495
/home/leo/Documentos/mestrado/DeepWeeds-Mobile/images/20171220-084407-3.jpg,8,8,8,8,1,0.9793158,0.01835165,6.668189e-07,9.965077e-12,2.6050159e-06,2.9427193e-07,0.0016597502,3.2438858e-09,0.0006691521,0.9793158
/home/leo/Documentos/mestrado/DeepWeeds-Mobile/images/20170920-131212-2.jpg,2,2,2,2,1,0.8473749,2.0701223e-06,7.0293197e-07,0.8473749,0.007493398,0.12116117,3.2477543e-05,5.468762e-07,2.0533396e-07,0.023934603
/home/leo/Documentos/mestrado/DeepWeeds-Mobile/images/20171113-130542-2.jpg,6,6,6,6,1,0.9947817,1.5257615e-06,0.0016377887,2.312871e-07,4.732565e-09,3.7411403e-09,0.000547594,0.9947817,2.7905965e-06,0.0030284186
/home/leo/Documentos/mestrado/DeepWeeds-Mobile/images/20171025-073152-1.jpg,3,3,3,3,1,0.5610291,0.030538786,0.101937816,8.90499e-07,0.5610291,0.00011240346,0.0015326202,0.0002179002,0.14023052,0.16439992
/home/leo/Documentos/mestrado/DeepWeeds-Mobile/images/20170718-133234-2.jpg,7,7,7,7,1,0.7704491,0.13995492,0.020268729,7.241717e-07,0.0032077702,1.0712883e-05,0.0020060774,1.8862956e-05,0.7704491,0.06408317
/home/leo/Documentos/mestrado/DeepWeeds-Mobile/images/20170811-131340-1.jpg,0,0,0,0,1,0.87250084,0.87250084,0.02857639,1.545177e-06,1.4834958e-06,0.00014524665,0.01856998,1.1822093e-06,0.052124027,0.028079342
/home/leo/Documentos/mestrado/DeepWeeds-Mobile/images/20170210-131858-0.jpg,0,0,0,0,1,0.4962534,0.4962534,0.04632296,1.7885763e-09,1.3068143e-09,5.3466223e-09,2.9563991e-05,6.908454e-07,0.45665172,0.00074161944
/home/leo/Documentos/mestrado/DeepWeeds-Mobile/images/20180112-083043-1.jpg,8,8,8,8,1,0.8833766,0.0047018793,0.009074691,0.0003169454,0.051099785,4.2394808e-07,1.5685101e-06,5.7779194e-05,0.05137038,0.8833766
/home/leo/Documentos/mestrado/DeepWeeds-Mobile/images/20171102-095824-1.jpg,4,2,4,2,0,0.67938906,0.0033397307,5.293025e-05,0.67938906,0.05193667,0.22188753,1.317492e-06,3.8259097e-07,0.0011841655,0.04220817
/home/leo/Documentos/mestrado/DeepWeeds-Mobile/images/20171102-123144-3.jpg,2,2,2,2,1,0.9999912,1.7124281e-09,5.1747484e-10,0.9999912,1.46197445e-08,9.93371e-10,1.8091391e-10,6.4910954e-10,4.1407162e-11,8.8504985e-06
/home/leo/Documentos/mestrado/DeepWeeds-Mobile/images/20171220-091311-2.jpg,8,8,8,8,1,0.9917003,0.0005328768,0.0040202932,1.880939e-09,8.517415e-05,2.2083907e-07,0.0035765034,3.5922394e-06,8.108585e-05,0.9917003
/home/leo/Documentos/mestrado/DeepWeeds-Mobile/images/20180105-091702-3.jpg,8,8,8,8,1,0.9999654,1.3363363e-08,4.1643405e-10,2.198381e-06,2.325904e-05,4.4884755e-06,2.7641011e-08,4.489336e-06,1.9719355e-08,0.9999654
/home/leo/Documentos/mestrado/DeepWeeds-Mobile/images/20180125-094330-1.jpg,8,8,8,8,1,0.99497527,2.7485626e-07,1.0670051e-07,5.29131e-06,1.1729206e-06,0.0050171064,1.4831342e-07,4.83346e-07,7.604742e-08,0.99497527
/home/leo/Documentos/mestrado/DeepWeeds-Mobile/images/20171220-092024-2.jpg,8,8,8,8,1,0.62873983,0.15129162,0.05993007,1.3556845e-05,0.000828932,1.5828984e-05,0.0561463,0.09708538,0.005948402,0.62873983
/home/leo/Documentos/mestrado/DeepWeeds-Mobile/images/20171203-173903-3.jpg,8,8,8,8,1,0.94968665,0.0023573805,0.027980724,6.177271e-07,0.0006850683,4.485672e-07,0.0005899142,0.015414789,0.0032842988,0.94968665
/home/leo/Documentos/mestrado/DeepWeeds-Mobile/images/20180119-110438-2.jpg,8,8,8,8,1,0.607531,0.0020196815,0.07597245,0.00055442785,2.9556924e-05,3.992164e-06,0.23317875,0.07111429,0.009595953,0.607531
/home/leo/Documentos/mestrado/DeepWeeds-Mobile/images/20171113-092559-3.jpg,5,5,5,5,1,0.99978054,1.5499646e-08,1.0337714e-09,1.107473e-12,2.4938424e-10,7.350375e-14,0.99978054,3.4999348e-06,1.8992555e-08,0.00021596019
/home/leo/Documentos/mestrado/DeepWeeds-Mobile/images/20180119-114937-2.jpg,8,8,8,8,1,0.40312147,0.3831727,0.106206365,3.2818218e-06,0.00024453257,3.5991743e-05,0.004278666,3.1824009e-06,0.102933794,0.40312147
/home/leo/Documentos/mestrado/DeepWeeds-Mobile/images/20170920-191441-1.jpg,2,2,2,2,1,0.9887005,9.686044e-06,1.4186736e-07,0.9887005,0.00020782147,0.004730516,0.0006203989,4.7635207e-05,7.07142e-06,0.0056761997
/home/leo/Documentos/mestrado/DeepWeeds-Mobile/images/20180112-071911-2.jpg,8,8,8,8,1,0.66315293,0.0019197676,0.001280795,0.007842552,0.0075701294,0.31784987,3.7765584e-08,3.2133657e-06,0.00038075072,0.66315293
/home/leo/Documentos/mestrado/DeepWeeds-Mobile/images/20171212-095443-3.jpg,8,8,8,8,1,0.9999629,5.6687904e-06,2.77726e-07,2.9159009e-10,7.5970243e-06,4.5800294e-10,9.4231345e-06,4.5557027e-07,1.3627984e-05,0.9999629
/home/leo/Documentos/mestrado/DeepWeeds-Mobile/images/20170127-101000-0.jpg,1,1,1,1,1,0.99184483,0.00047337404,0.99184483,3.2986482e-09,5.937392e-05,5.809063e-09,1.6632695e-05,0.00069257873,0.0003032198,0.0066099213
/home/leo/Documentos/mestrado/DeepWeeds-Mobile/images/20180125-093318-2.jpg,8,8,8,8,1,0.99999654,3.4143363e-07,1.4007272e-06,1.4357375e-09,9.303358e-08,7.434266e-08,1.3209636e-06,1.2184812e-08,1.9238364e-07,0.99999654
/home/leo/Documentos/mestrado/DeepWeeds-Mobile/images/20170217-112531-0.jpg,0,0,0,0,1,0.9983663,0.9983663,2.353244e-05,1.0976057e-12,8.707259e-12,1.5119984e-12,9.5770915e-08,2.4002421e-08,0.0015817477,2.8298131e-05
/home/leo/Documentos/mestrado/DeepWeeds-Mobile/images/20180112-103015-1.jpg,8,8,8,8,1,0.9644872,0.013038888,0.009694734,0.002239148,7.1786235e-05,0.00011867603,0.009542597,0.00015805334,0.0006489779,0.9644872
/home/leo/Documentos/mestrado/DeepWeeds-Mobile/images/20170906-110733-2.jpg,3,8,3,8,0,0.7830108,0.0010723958,0.0002945794,0.004783961,0.07114974,0.13360845,2.6399997e-07,0.00086188165,0.0052179783,0.7830108
/home/leo/Documentos/mestrado/DeepWeeds-Mobile/images/20171109-085248-2.jpg,5,5,5,5,1,0.5947316,9.027379e-05,1.9217265e-05,1.0559152e-11,0.00015642184,1.0907216e-09,0.5947316,1.1665441e-08,8.697315e-05,0.40491548
/home/leo/Documentos/mestrado/DeepWeeds-Mobile/images/20160928-140747-0.jpg,0,6,0,6,0,0.45409825,0.037948765,0.4472103,3.2233086e-08,1.0302781e-05,1.8890115e-07,0.0042988486,0.45409825,0.008999853,0.047433347
/home/leo/Documentos/mestrado/DeepWeeds-Mobile/images/20180109-095145-1.jpg,8,8,8,8,1,0.9132985,0.0026593572,0.037827797,0.037650283,0.000593466,0.00013839445,0.00043046864,0.003776797,0.0036249456,0.9132985
/home/leo/Documentos/mestrado/DeepWeeds-Mobile/images/20171220-100547-1.jpg,8,8,8,8,1,0.999907,3.5114144e-06,8.513372e-08,1.1572668e-12,1.4944739e-07,1.6243233e-10,8.376714e-05,4.826351e-09,5.4931297e-06,0.999907
/home/leo/Documentos/mestrado/DeepWeeds-Mobile/images/20170627-103912-0.jpg,0,0,0,0,1,0.9723888,0.9723888,0.00025382114,9.2958146e-07,1.879271e-05,5.4456475e-08,0.00021625728,4.035669e-08,0.016815942,0.010305493
/home/leo/Documentos/mestrado/DeepWeeds-Mobile/images/20170811-104558-2.jpg,0,0,0,0,1,0.9468527,0.9468527,0.0017295675,1.7743175e-10,1.4039475e-08,3.3767182e-09,0.00034992606,3.6755934e-09,0.017990232,0.03307762
/home/leo/Documentos/mestrado/DeepWeeds-Mobile/images/20170718-132348-2.jpg,0,7,0,7,0,0.3854485,0.25708607,0.03786923,7.225256e-05,0.018442798,0.0062859664,6.9741465e-05,2.6792946e-05,0.3854485,0.29469863
/home/leo/Documentos/mestrado/DeepWeeds-Mobile/images/20171212-100832-1.jpg,8,8,8,8,1,0.9996549,2.575347e-05,3.2093132e-05,1.2017525e-11,0.00023615286,3.5202727e-09,3.9831625e-06,4.994957e-06,4.208485e-05,0.9996549
/home/leo/Documentos/mestrado/DeepWeeds-Mobile/images/20170920-131138-2.jpg,2,2,2,2,1,0.9931415,2.006524e-06,1.6048233e-09,0.9931415,0.0010359834,0.0054286444,1.194709e-06,8.519873e-09,2.2445604e-07,0.00039059776
/home/leo/Documentos/mestrado/DeepWeeds-Mobile/images/20171205-124230-2.jpg,8,8,8,8,1,0.99606115,3.8393002e-05,1.7987361e-06,4.0818148e-07,3.288585e-05,0.00058187696,0.0032797167,2.7178735e-06,1.208423e-06,0.99606115
/home/leo/Documentos/mestrado/DeepWeeds-Mobile/images/20170727-151236-3.jpg,4,4,4,4,1,0.9973682,8.060262e-06,1.0945773e-09,2.6585032e-05,0.0021237715,0.9973682,4.222093e-08,2.9142829e-13,2.26951e-05,0.00045052523
/home/leo/Documentos/mestrado/DeepWeeds-Mobile/images/20170913-111022-1.jpg,3,3,3,3,1,0.5561304,0.00030881594,2.4906612e-06,0.0026814882,0.5561304,0.427168,1.7274459e-05,1.2862452e-08,0.00014864012,0.013542804
/home/leo/Documentos/mestrado/DeepWeeds-Mobile/images/20171219-093103-3.jpg,8,8,8,8,1,0.9577589,0.0005367552,0.0022011474,1.8625746e-08,1.1183795e-05,1.2496008e-08,0.03776793,0.0013357638,0.00038827446,0.9577589
/home/leo/Documentos/mestrado/DeepWeeds-Mobile/images/20170728-125143-2.jpg,4,4,4,4,1,0.9997068,2.8392307e-05,3.6417297e-10,1.6113649e-08,9.980177e-05,0.9997068,2.1523974e-07,1.2973887e-15,2.5704727e-05,0.00013909567
/home/leo/Documentos/mestrado/DeepWeeds-Mobile/images/20180105-095832-2.jpg,8,8,8,8,1,0.9988078,2.3595565e-08,3.8264407e-08,0.0009952601,1.6163779e-07,9.615612e-07,1.6133463e-08,0.00019573692,1.9464272e-08,0.9988078
/home/leo/Documentos/mestrado/DeepWeeds-Mobile/images/20171220-094738-1.jpg,8,8,8,8,1,0.9998325,6.0798407e-06,1.1801735e-05,5.4065164e-12,4.3945976e-05,1.5900533e-09,8.573079e-05,4.2837993e-07,1.943233e-05,0.9998325
/home/leo/Documentos/mestrado/DeepWeeds-Mobile/images/20170727-162512-1.jpg,4,4,4,4,1,0.9991897,9.497054e-05,2.0238293e-09,5.735228e-08,0.00014694562,0.9991897,2.2689994e-09,6.1284185e-15,1.8681485e-05,0.0005496185
/home/leo/Documentos/mestrado/DeepWeeds-Mobile/images/20171113-142844-3.jpg,6,6,6,6,1,0.9998219,2.450193e-06,1.7654247e-07,2.695463e-09,1.42676635e-08,1.44987045e-08,7.716455e-06,0.9998219,3.680916e-06,0.00016401509
/home/leo/Documentos/mestrado/DeepWeeds-Mobile/images/20171025-073724-3.jpg,3,3,3,3,1,0.9813617,0.000105797946,0.00015018076,6.315764e-06,0.9813617,0.0004339437,2.777021e-07,0.0017004276,4.2881635e-05,0.016198492
/home/leo/Documentos/mestrado/DeepWeeds-Mobile/images/20180112-093951-1.jpg,8,8,8,8,1,0.88904697,0.05528491,0.017348377,6.3775374e-06,0.001570032,0.00035750258,0.00041150884,0.002788712,0.033185687,0.88904697
/home/leo/Documentos/mestrado/DeepWeeds-Mobile/images/20170718-094700-2.jpg,0,0,0,0,1,0.8158918,0.8158918,0.0033921765,0.0002442106,0.0012223854,0.009122235,2.7527116e-05,1.5210168e-07,0.06646806,0.10363158
/home/leo/Documentos/mestrado/DeepWeeds-Mobile/images/20171220-092914-2.jpg,8,8,8,8,1,0.99923563,4.121799e-07,1.356232e-08,3.625531e-14,3.237282e-08,1.1030756e-12,0.00076363224,7.863182e-11,3.0374423e-07,0.99923563
/home/leo/Documentos/mestrado/DeepWeeds-Mobile/images/20170210-132528-0.jpg,0,0,0,0,1,0.99936646,0.99936646,6.785368e-06,5.8206353e-11,7.6891066e-10,2.3864112e-11,8.0292644e-08,7.5928897e-10,7.523553e-05,0.0005515118
/home/leo/Documentos/mestrado/DeepWeeds-Mobile/images/20171220-093207-2.jpg,8,8,8,8,1,0.9999877,7.670944e-07,8.4035787e-07,5.369672e-10,4.119585e-06,2.4243147e-07,6.327142e-06,2.1929718e-09,7.841794e-09,0.9999877
/home/leo/Documentos/mestrado/DeepWeeds-Mobile/images/20180112-074109-1.jpg,8,8,8,8,1,0.91303784,0.0012137858,0.07615737,3.3756667e-05,0.0005097967,0.00011821796,1.7781091e-06,0.0063132313,0.002614317,0.91303784
/home/leo/Documentos/mestrado/DeepWeeds-Mobile/images/20170714-131037-1.jpg,1,1,1,1,1,0.9022663,0.052523945,0.9022663,7.3200465e-07,9.513499e-06,2.006929e-05,4.6745072e-07,0.00013733127,0.0057382854,0.039303347
/home/leo/Documentos/mestrado/DeepWeeds-Mobile/images/20170920-110749-2.jpg,4,3,4,3,0,0.39097732,0.009846286,0.09526983,0.00038860264,0.39097732,0.059949175,5.587673e-06,0.009952188,0.35455504,0.07905593
/home/leo/Documentos/mestrado/DeepWeeds-Mobile/images/20171219-092722-2.jpg,8,8,8,8,1,0.99983096,6.82064e-07,2.1912923e-07,1.5192214e-12,1.4247242e-05,1.3249306e-10,0.0001530454,5.3771504e-07,1.5593487e-07,0.99983096
/home/leo/Documentos/mestrado/DeepWeeds-Mobile/images/20171025-082605-1.jpg,3,3,3,3,1,0.9627793,0.00113988,8.158169e-05,0.00016804271,0.9627793,8.621178e-06,2.807737e-07,4.2798956e-07,0.00016857611,0.035653397
/home/leo/Documentos/mestrado/DeepWeeds-Mobile/images/20171121-072316-1.jpg,6,6,6,6,1,0.9712965,9.231127e-05,0.016151443,4.0295942e-10,3.2849819e-06,6.4487904e-09,4.845751e-05,0.9712965,0.0018089463,0.010599058
/home/leo/Documentos/mestrado/DeepWeeds-Mobile/images/20180109-105441-1.jpg,8,8,8,8,1,0.9738157,0.0022048275,0.0047137556,0.00022572036,0.014375676,1.3630614e-06,0.00011137042,0.00049631234,0.004055199,0.9738157
/home/leo/Documentos/mestrado/DeepWeeds-Mobile/images/20180125-132622-3.jpg,8,8,8,8,1,0.8635104,5.186764e-05,0.00085602223,3.401018e-05,2.3248745e-06,1.0518629e-06,0.1339324,0.001553305,5.8604597e-05,0.8635104
/home/leo/Documentos/mestrado/DeepWeeds-Mobile/images/20171218-104012-2.jpg,8,8,8,8,1,0.9926426,0.002472553,0.0024111748,4.123824e-08,1.3032233e-06,1.1000326e-05,0.00036351307,2.460869e-07,0.002097657,0.9926426
/home/leo/Documentos/mestrado/DeepWeeds-Mobile/images/20171121-090548-3.jpg,6,6,6,6,1,0.5216003,0.0026058075,0.00015920257,0.00016820514,5.5245175e-05,1.8050107e-05,0.0051562274,0.5216003,0.0002086598,0.47002825
/home/leo/Documentos/mestrado/DeepWeeds-Mobile/images/20171102-095402-2.jpg,4,8,4,8,0,0.9989844,6.82141e-06,0.00016898077,4.0985567e-05,6.395853e-05,0.00061158737,2.233053e-08,0.00011684033,6.4374244e-06,0.9989844
/home/leo/Documentos/mestrado/DeepWeeds-Mobile/images/20171113-120206-1.jpg,6,6,6,6,1,0.99235046,2.7135556e-07,3.7205362e-07,3.562476e-05,1.5211634e-06,1.0872819e-06,2.5094423e-05,0.99235046,1.35107275e-05,0.007572124
/home/leo/Documentos/mestrado/DeepWeeds-Mobile/images/20171113-144704-3.jpg,6,6,6,6,1,0.8622497,0.032183178,0.044324987,1.138026e-08,2.0998102e-06,1.8564978e-07,0.04178962,0.8622497,0.0002942655,0.019156015
/home/leo/Documentos/mestrado/DeepWeeds-Mobile/images/20170405-155257-0.jpg,0,0,0,0,1,0.8336011,0.8336011,0.0001632633,1.5849107e-08,2.2183274e-08,8.755931e-09,0.006467734,0.00035061323,0.15890214,0.00051512313
/home/leo/Documentos/mestrado/DeepWeeds-Mobile/images/20170210-131415-0.jpg,7,7,7,7,1,0.9386531,0.003978121,6.4646905e-08,1.5414575e-07,5.595988e-06,1.1213492e-06,0.05620115,4.426719e-08,0.9386531,0.0011605971
/home/leo/Documentos/mestrado/DeepWeeds-Mobile/images/20170811-132127-1.jpg,0,5,0,5,0,0.5107647,0.44975787,0.001577611,9.4016094e-08,0.00031442774,1.2535055e-05,0.5107647,1.3534097e-05,0.002828463,0.03473069
/home/leo/Documentos/mestrado/DeepWeeds-Mobile/images/20171220-092839-2.jpg,8,8,8,8,1,0.9999441,4.6229353e-08,2.6422093e-09,1.506995e-11,1.5889544e-09,3.405536e-11,5.5897824e-05,3.5993944e-10,5.673608e-09,0.9999441
/home/leo/Documentos/mestrado/DeepWeeds-Mobile/images/20171218-122047-2.jpg,8,8,8,8,1,0.99998665,8.878487e-09,8.126364e-06,9.400979e-12,3.31216e-07,5.341499e-12,1.1007817e-06,3.7066657e-06,8.786946e-08,0.99998665
/home/leo/Documentos/mestrado/DeepWeeds-Mobile/images/20170714-150335-1.jpg,1,1,1,1,1,0.99999976,2.1698659e-08,0.99999976,5.9622607e-15,3.3375152e-15,2.1369837e-15,6.275296e-14,1.255528e-07,9.2862095e-08,2.316215e-09
/home/leo/Documentos/mestrado/DeepWeeds-Mobile/images/20180109-103117-1.jpg,8,6,8,6,0,0.71991587,3.7636644e-05,0.014586015,2.4485213e-05,3.4667985e-06,2.2050187e-06,0.00017515446,0.71991587,0.00011600312,0.2651392
/home/leo/Documentos/mestrado/DeepWeeds-Mobile/images/20180322-103820-1.jpg,8,8,8,8,1,0.96449137,0.009966252,0.00010946778,0.0070960596,0.00086839986,0.017402517,9.315788e-06,1.4175987e-07,5.640225e-05,0.96449137
/home/leo/Documentos/mestrado/DeepWeeds-Mobile/images/20180322-121001-2.jpg,8,8,8,8,1,0.99924666,3.3279815e-05,0.00064686924,9.880406e-08,1.05408935e-05,5.145888e-05,2.7149085e-07,8.712196e-08,1.0712884e-05,0.99924666
/home/leo/Documentos/mestrado/DeepWeeds-Mobile/images/20171025-075751-1.jpg,3,8,3,8,0,0.8795575,0.0076081725,0.084700495,4.4234683e-05,0.018134383,0.00013907644,0.0001945979,0.0059856353,0.003636022,0.8795575
/home/leo/Documentos/mestrado/DeepWeeds-Mobile/images/20180109-072157-1.jpg,8,8,8,8,1,0.6498581,2.1897543e-07,5.44823e-06,8.601681e-10,2.6930704e-06,3.6527625e-10,2.014994e-06,0.3501308,7.096909e-07,0.6498581
/home/leo/Documentos/mestrado/DeepWeeds-Mobile/images/20180109-091622-1.jpg,8,8,8,8,1,0.9031984,0.08932157,8.080459e-05,0.00010581303,0.0005627521,1.10986475e-05,0.00027057796,0.0009631107,0.0054858425,0.9031984
/home/leo/Documentos/mestrado/DeepWeeds-Mobile/images/20171113-095009-1.jpg,5,5,5,5,1,0.98224884,0.00035389749,4.675134e-09,7.4844415e-11,4.3125583e-09,1.2581507e-10,0.98224884,3.3043023e-07,8.5736965e-06,0.017388474
/home/leo/Documentos/mestrado/DeepWeeds-Mobile/images/20180322-110935-2.jpg,8,8,8,8,1,0.9979316,0.001571392,1.0752717e-06,1.413648e-07,3.285297e-05,9.0583584e-05,7.3522834e-08,7.150219e-11,0.00037231983,0.9979316
/home/leo/Documentos/mestrado/DeepWeeds-Mobile/images/20171218-111856-3.jpg,8,8,8,8,1,0.9999069,8.212296e-05,1.039971e-07,1.0518435e-09,9.799465e-08,2.651156e-06,6.0023935e-06,4.1566856e-10,2.1743895e-06,0.9999069
/home/leo/Documentos/mestrado/DeepWeeds-Mobile/images/20180109-074440-1.jpg,8,8,8,8,1,0.99992263,6.585983e-08,5.5554715e-08,1.6755157e-05,4.541289e-08,8.00613e-06,6.595059e-08,5.1812458e-05,4.935781e-07,0.99992263
/home/leo/Documentos/mestrado/DeepWeeds-Mobile/images/20171113-120549-1.jpg,6,6,6,6,1,0.5516237,0.041688018,0.36818725,2.2303279e-07,1.11966465e-07,2.684873e-09,0.0020287877,0.5516237,0.00923991,0.02723198
/home/leo/Documentos/mestrado/DeepWeeds-Mobile/images/20180322-114034-1.jpg,8,8,8,8,1,0.9913836,0.0011539818,0.0005137884,0.0029655024,0.00050752686,1.3215861e-05,0.00014156074,3.9503448e-06,0.003316959,0.9913836
/home/leo/Documentos/mestrado/DeepWeeds-Mobile/images/20171218-121318-2.jpg,8,8,8,8,1,0.99999666,1.8398636e-07,1.4447053e-07,1.7883879e-15,6.759536e-07,5.3392017e-11,5.1214442e-08,2.522009e-10,2.2213073e-06,0.99999666
/home/leo/Documentos/mestrado/DeepWeeds-Mobile/images/20170913-101500-2.jpg,3,5,3,5,0,0.92686844,0.00031560034,9.4415907e-07,2.1436315e-05,0.06742671,0.0011015754,0.92686844,3.1507298e-07,0.00014391833,0.0041210456
/home/leo/Documentos/mestrado/DeepWeeds-Mobile/images/20180112-074953-2.jpg,8,8,8,8,1,0.96472853,0.015624629,0.0032387706,0.00012533998,0.00034831208,0.00022767938,4.589626e-05,0.00011390784,0.015546967,0.96472853
/home/leo/Documentos/mestrado/DeepWeeds-Mobile/images/20170728-151316-1.jpg,4,4,4,4,1,0.94837606,0.0015773755,3.7485446e-05,0.00097421196,0.006186556,0.94837606,7.88482e-06,4.0927485e-08,8.333524e-05,0.042757146
/home/leo/Documentos/mestrado/DeepWeeds-Mobile/images/20180125-131520-3.jpg,8,8,8,8,1,0.97813636,0.0001353419,0.0039932723,6.2368854e-05,0.0034601234,0.000111456065,0.00012094587,0.00016282251,0.01381727,0.97813636
/home/leo/Documentos/mestrado/DeepWeeds-Mobile/images/20171109-092320-2.jpg,5,5,5,5,1,0.99999297,9.926556e-09,1.6758317e-09,1.1005517e-13,3.1732724e-14,1.7223118e-15,0.99999297,2.3254043e-07,1.194943e-09,6.7438164e-06
/home/leo/Documentos/mestrado/DeepWeeds-Mobile/images/20170906-094654-1.jpg,3,4,3,4,0,0.58767414,0.0016451011,3.5562607e-05,0.00021712351,0.2917297,0.58767414,2.5832344e-08,1.5156159e-08,0.046267543,0.07243082
/home/leo/Documentos/mestrado/DeepWeeds-Mobile/images/20171113-123524-3.jpg,6,6,6,6,1,0.89876735,0.0014893725,0.015965762,7.601784e-05,0.00012524775,1.8462886e-06,0.0032585235,0.89876735,0.0011144957,0.079201385
/home/leo/Documentos/mestrado/DeepWeeds-Mobile/images/20170729-092758-2.jpg,4,4,4,4,1,0.99853563,2.4144336e-05,4.9942986e-07,3.1074018e-05,0.0005418198,0.99853563,2.6709708e-08,9.0359546e-11,4.96604e-05,0.0008172501
/home/leo/Documentos/mestrado/DeepWeeds-Mobile/images/20180322-115441-2.jpg,8,8,8,8,1,0.9995881,8.399945e-06,1.6543697e-07,4.5967273e-08,0.0003861352,1.6967497e-05,2.9349666e-08,3.9011133e-10,3.7556472e-07,0.9995881
/home/leo/Documentos/mestrado/DeepWeeds-Mobile/images/20170304-131039-0.jpg,7,7,7,7,1,0.9647759,0.010754531,8.851238e-05,3.355226e-10,7.36567e-05,6.4422586e-08,4.7485952e-07,4.0940353e-08,0.9647759,0.02430683
/home/leo/Documentos/mestrado/DeepWeeds-Mobile/images/20170913-103205-1.jpg,3,3,3,3,1,0.99419314,4.396616e-06,4.5765006e-07,7.2007288e-06,0.99419314,0.00021382913,3.9690214e-05,2.2822015e-09,1.2114907e-08,0.0055412864
/home/leo/Documentos/mestrado/DeepWeeds-Mobile/images/20170705-164337-0.jpg,7,7,7,7,1,0.60108984,0.32862988,0.013533722,1.503811e-07,0.004690489,0.00041005187,0.0012332033,5.6435663e-05,0.60108984,0.050356228
/home/leo/Documentos/mestrado/DeepWeeds-Mobile/images/20170714-113240-2.jpg,1,1,1,1,1,0.99746585,6.4399596e-06,0.99746585,4.823861e-09,3.026442e-10,2.5760498e-09,6.4083592e-06,0.0010427056,1.765846e-05,0.0014608599
/home/leo/Documentos/mestrado/DeepWeeds-Mobile/images/20180322-114522-1.jpg,8,8,8,8,1,0.99535817,0.0010405822,0.00014710058,0.00090148806,0.0018798051,0.0005939274,8.64801e-07,1.6923741e-07,7.788879e-05,0.99535817
/home/leo/Documentos/mestrado/DeepWeeds-Mobile/images/20180109-102947-1.jpg,8,8,8,8,1,0.99958104,1.5570497e-05,0.00010424045,5.2574336e-07,9.3137256e-05,0.00019213535,5.350728e-09,2.041904e-06,1.1254255e-05,0.99958104
/home/leo/Documentos/mestrado/DeepWeeds-Mobile/images/20180125-133236-3.jpg,8,8,8,8,1,0.9985493,2.1649188e-05,0.0002052782,3.8221724e-06,9.13634e-06,2.2038976e-06,1.5058076e-05,0.0011253591,6.8075526e-05,0.9985493
/home/leo/Documentos/mestrado/DeepWeeds-Mobile/images/20170727-130230-1.jpg,4,4,4,4,1,0.99950063,2.0996001e-08,3.27562e-10,0.000101949474,0.00010758301,0.99950063,1.1870544e-07,3.215697e-10,1.0627234e-08,0.0002896045
/home/leo/Documentos/mestrado/DeepWeeds-Mobile/images/20180105-095544-2.jpg,8,8,8,8,1,0.9991616,4.1382343e-08,3.0925918e-08,1.8576904e-05,8.936903e-09,3.5618804e-08,2.3785467e-06,0.00081693614,4.144311e-07,0.9991616
/home/leo/Documentos/mestrado/DeepWeeds-Mobile/images/20170704-150456-0.jpg,7,8,7,8,0,0.95162016,0.0011405221,0.009885691,2.7751792e-08,0.0049619596,1.7315634e-07,0.011804016,0.00016400847,0.020423345,0.95162016
/home/leo/Documentos/mestrado/DeepWeeds-Mobile/images/20170728-153202-3.jpg,8,4,8,4,0,0.98994654,8.3199986e-05,3.7765695e-08,1.0911652e-05,0.00048096216,0.98994654,0.00017143591,7.163771e-12,3.1354684e-05,0.009275656
/home/leo/Documentos/mestrado/DeepWeeds-Mobile/images/20170920-192834-1.jpg,2,2,2,2,1,0.9992524,6.1045e-08,6.8241404e-09,0.9992524,0.00019400832,0.00040935283,2.139005e-09,3.41628e-10,3.2788098e-08,0.0001441291
/home/leo/Documentos/mestrado/DeepWeeds-Mobile/images/20170913-105822-2.jpg,3,8,3,8,0,0.79834574,3.594766e-05,1.5641815e-05,0.013293765,0.18382412,0.0040928368,5.689571e-05,0.00015531514,0.00017982403,0.79834574
/home/leo/Documentos/mestrado/DeepWeeds-Mobile/images/20180125-095207-2.jpg,8,8,8,8,1,0.9973611,8.5561e-10,8.5756974e-12,1.6750763e-08,0.002638357,4.785235e-07,6.40029e-08,2.8806332e-10,9.7071705e-11,0.9973611
/home/leo/Documentos/mestrado/DeepWeeds-Mobile/images/20171113-144620-1.jpg,6,6,6,6,1,0.96488243,2.1323076e-07,9.213238e-06,2.0012395e-10,9.531666e-12,1.3091933e-12,0.0010082386,0.96488243,3.704884e-07,0.03409949
/home/leo/Documentos/mestrado/DeepWeeds-Mobile/images/20180109-100010-2.jpg,8,8,8,8,1,0.9977513,0.00015464264,0.0003137413,3.9310133e-05,0.0011332752,0.0004817019,3.59848e-05,7.568624e-05,1.4330389e-05,0.9977513
/home/leo/Documentos/mestrado/DeepWeeds-Mobile/images/20170811-163711-1.jpg,0,8,0,8,0,0.88833654,0.044464983,7.980025e-05,5.027937e-10,1.3543969e-07,4.739999e-09,0.06587177,2.9605849e-06,0.0012437935,0.88833654
/home/leo/Documentos/mestrado/DeepWeeds-Mobile/images/20170728-150452-1.jpg,8,2,8,2,0,0.522129,2.3790942e-06,2.2125477e-07,0.522129,0.00087318936,0.47420213,5.331579e-08,5.3889213e-09,9.525788e-07,0.002792066
/home/leo/Documentos/mestrado/DeepWeeds-Mobile/images/20171212-100418-3.jpg,8,8,8,8,1,0.9523359,8.572563e-05,0.0017520539,1.1376779e-06,2.5465575e-05,9.8319454e-08,0.04469297,0.00062085787,0.00048574567,0.9523359
/home/leo/Documentos/mestrado/DeepWeeds-Mobile/images/20171113-092250-1.jpg,5,8,5,8,0,0.7221628,0.0018095577,0.0086845765,8.353642e-11,2.8766655e-07,4.914491e-10,0.26648375,8.6716565e-05,0.00077230466,0.7221628
/home/leo/Documentos/mestrado/DeepWeeds-Mobile/images/20171102-104838-3.jpg,2,2,2,2,1,0.9957182,7.602369e-06,7.328306e-06,0.9957182,1.3411392e-06,0.0003896305,1.7847253e-07,6.380929e-08,6.894076e-08,0.0038755464
/home/leo/Documentos/mestrado/DeepWeeds-Mobile/images/20170130-102702-0.jpg,1,1,1,1,1,0.78455716,0.0077431495,0.78455716,9.444234e-09,3.2644737e-06,6.398194e-08,0.00018069343,0.014312878,0.1674147,0.025788156
/home/leo/Documentos/mestrado/DeepWeeds-Mobile/images/20180125-092541-2.jpg,8,8,8,8,1,0.9997965,5.2345607e-05,4.2819953e-05,2.404866e-06,1.1505572e-05,5.829342e-05,1.5586528e-07,1.1966297e-07,3.587598e-05,0.9997965
/home/leo/Documentos/mestrado/DeepWeeds-Mobile/images/20170727-121854-3.jpg,4,4,4,4,1,0.9893289,1.4581306e-05,3.4139347e-08,0.0030204696,0.00042826217,0.9893289,0.00029863662,7.590613e-09,1.012874e-06,0.0069080484
/home/leo/Documentos/mestrado/DeepWeeds-Mobile/images/20180109-092127-2.jpg,7,7,7,7,1,0.99589986,0.003634749,4.4765042e-05,4.995427e-10,1.5440955e-08,6.856546e-10,2.849223e-06,8.3357554e-05,0.99589986,0.00033440723
/home/leo/Documentos/mestrado/DeepWeeds-Mobile/images/20180125-100139-2.jpg,8,8,8,8,1,0.9999664,2.1217539e-09,3.4686225e-12,3.247195e-09,2.1394111e-05,3.094252e-07,1.1747818e-05,1.0221583e-07,1.6108679e-11,0.9999664
/home/leo/Documentos/mestrado/DeepWeeds-Mobile/images/20171109-085122-3.jpg,5,5,5,5,1,0.9050455,3.5334006e-06,2.0639254e-06,9.2435525e-11,6.020343e-08,6.559124e-11,0.9050455,0.00044251556,1.6520365e-06,0.09450471
/home/leo/Documentos/mestrado/DeepWeeds-Mobile/images/20180105-095125-2.jpg,8,8,8,8,1,0.99487275,2.324979e-07,3.1738625e-07,0.0001300873,3.2289345e-06,4.5670613e-06,8.590683e-08,0.004988447,1.2224982e-07,0.99487275
/home/leo/Documentos/mestrado/DeepWeeds-Mobile/images/20170913-103628-2.jpg,3,3,3,3,1,0.99568874,4.1329756e-07,1.3709669e-09,4.388168e-06,0.99568874,0.00065625116,6.7024956e-07,8.483779e-12,1.0796641e-08,0.0036494571
/home/leo/Documentos/mestrado/DeepWeeds-Mobile/images/20170906-094622-1.jpg,3,3,3,3,1,0.9879411,5.621511e-05,4.0386793e-05,9.644825e-10,0.9879411,2.0609858e-05,4.8562737e-07,5.4090674e-07,0.00045709012,0.011483582
/home/leo/Documentos/mestrado/DeepWeeds-Mobile/images/20171102-121145-3.jpg,2,2,2,2,1,0.999936,2.2783753e-07,4.9398734e-09,0.999936,8.120156e-08,4.6832383e-08,9.931382e-10,5.9047683e-10,7.249228e-11,6.358138e-05
/home/leo/Documentos/mestrado/DeepWeeds-Mobile/images/20171219-114710-2.jpg,8,8,8,8,1,0.9993019,4.7304143e-06,8.1482685e-06,0.0006456166,4.896997e-07,3.700186e-05,7.7335127e-10,1.9087759e-06,2.1225462e-08,0.9993019
/home/leo/Documentos/mestrado/DeepWeeds-Mobile/images/20180109-085302-2.jpg,8,8,8,8,1,0.9832867,0.00063388597,0.012152628,0.00011581904,0.0010490366,0.00012809086,9.408876e-05,0.000396965,0.0021427933,0.9832867
/home/leo/Documentos/mestrado/DeepWeeds-Mobile/images/20180125-091510-2.jpg,8,8,8,8,1,0.997448,9.080875e-06,9.772078e-06,7.5659595e-06,0.001270981,0.0012507513,3.5836176e-09,5.6212034e-08,3.7391865e-06,0.997448
/home/leo/Documentos/mestrado/DeepWeeds-Mobile/images/20171025-081255-1.jpg,3,3,3,3,1,0.9884113,8.9220004e-05,0.00036710993,7.2191297e-06,0.9884113,1.276047e-06,6.4629733e-09,2.529576e-05,0.00017667448,0.010921899
/home/leo/Documentos/mestrado/DeepWeeds-Mobile/images/20180112-092520-2.jpg,8,8,8,8,1,0.6313777,0.048331425,0.008699175,4.8725844e-05,2.5276007e-05,2.1073756e-06,0.0011019232,0.0005117328,0.30990195,0.6313777
/home/leo/Documentos/mestrado/DeepWeeds-Mobile/images/20180322-125629-1.jpg,8,8,8,8,1,0.99886745,1.6016153e-06,2.7462345e-06,1.4830534e-05,6.560625e-06,1.4424603e-07,0.0011013469,4.2879315e-06,1.0066678e-06,0.99886745
/home/leo/Documentos/mestrado/DeepWeeds-Mobile/images/20180125-091550-2.jpg,8,8,8,8,1,0.9209196,5.2554315e-06,6.567685e-08,0.05766548,0.0037649178,0.017644122,3.5651063e-08,1.11469355e-07,4.0617158e-07,0.9209196
/home/leo/Documentos/mestrado/DeepWeeds-Mobile/images/20170304-132038-0.jpg,7,7,7,7,1,0.9429354,0.05160298,0.004592297,2.8349574e-11,3.1760832e-09,5.9159455e-11,9.905983e-07,5.451098e-06,0.9429354,0.00086286623
/home/leo/Documentos/mestrado/DeepWeeds-Mobile/images/20170217-100726-0.jpg,7,7,7,7,1,0.98150647,0.016400358,4.5332354e-06,1.0132336e-06,1.6061011e-06,1.1390032e-05,0.001239427,1.6666911e-07,0.98150647,0.00083496334
/home/leo/Documentos/mestrado/DeepWeeds-Mobile/images/20170501-144424-0.jpg,1,8,1,8,0,0.49918535,0.0080922805,0.3844161,1.0769925e-06,1.3991075e-05,4.1200482e-07,6.8240166e-05,0.006508282,0.10171422,0.49918535
/home/leo/Documentos/mestrado/DeepWeeds-Mobile/images/20171113-123824-1.jpg,6,6,6,6,1,0.9818777,5.4456054e-06,0.00037511496,4.498738e-07,1.4328319e-07,2.4044153e-08,0.00011391174,0.9818777,1.6806214e-05,0.01761036
/home/leo/Documentos/mestrado/DeepWeeds-Mobile/images/20180322-124504-1.jpg,8,8,8,8,1,0.99923754,1.4194018e-05,0.00011446507,1.03270075e-07,4.9919763e-08,5.8678776e-08,0.000615809,2.1207839e-07,1.7613065e-05,0.99923754
/home/leo/Documentos/mestrado/DeepWeeds-Mobile/images/20180125-134805-2.jpg,8,8,8,8,1,0.99926955,0.00040980417,1.5617048e-05,5.4383876e-05,1.548913e-05,0.00016960189,5.1559855e-06,6.065353e-08,6.0347425e-05,0.99926955
/home/leo/Documentos/mestrado/DeepWeeds-Mobile/images/20171025-074102-1.jpg,3,1,3,1,0,0.58425957,0.00082103576,0.58425957,1.423904e-05,0.022042181,6.822281e-05,0.00031439424,0.08642124,0.005014377,0.30104485
/home/leo/Documentos/mestrado/DeepWeeds-Mobile/images/20180119-111450-1.jpg,8,8,8,8,1,0.9991344,2.4705073e-06,0.0005096302,3.1596337e-10,3.2037644e-06,4.4871717e-11,0.00028273123,5.7577778e-05,9.91784e-06,0.9991344
/home/leo/Documentos/mestrado/DeepWeeds-Mobile/images/20171025-075258-1.jpg,3,8,3,8,0,0.57274604,0.06715405,0.33152354,1.3217685e-06,0.0013915073,0.00014731871,0.00017548606,0.00081932335,0.026041396,0.57274604
/home/leo/Documentos/mestrado/DeepWeeds-Mobile/images/20170714-111357-1.jpg,1,1,1,1,1,0.60851157,0.015075761,0.60851157,3.1360134e-05,0.0008812433,1.043024e-05,0.0025674729,0.0027320236,0.008340899,0.36184928
/home/leo/Documentos/mestrado/DeepWeeds-Mobile/images/20180109-092108-2.jpg,7,7,7,7,1,0.66820407,0.1002169,0.001423993,6.652806e-08,1.4429874e-06,4.9966925e-08,0.0021156836,0.008057013,0.66820407,0.21998088
/home/leo/Documentos/mestrado/DeepWeeds-Mobile/images/20180109-101230-2.jpg,8,8,8,8,1,0.9575069,2.5151596e-05,2.352448e-06,1.2745504e-05,9.3490526e-05,1.2425225e-07,0.041228343,0.0011103413,2.0613217e-05,0.9575069
/home/leo/Documentos/mestrado/DeepWeeds-Mobile/images/20170714-115818-3.jpg,1,1,1,1,1,0.9466973,0.025881745,0.9466973,1.5912289e-09,5.9507823e-08,2.7501116e-08,1.6847449e-06,0.012035578,0.015194691,0.00018895224
/home/leo/Documentos/mestrado/DeepWeeds-Mobile/images/20171113-101323-0.jpg,6,6,6,6,1,0.93995553,2.0605542e-06,0.00022696878,5.706127e-07,4.4959983e-05,1.1114456e-06,5.983119e-07,0.93995553,5.2111614e-06,0.059762903
/home/leo/Documentos/mestrado/DeepWeeds-Mobile/images/20170715-174216-1.jpg,1,1,1,1,1,0.9997797,1.5113839e-06,0.9997797,4.896301e-13,3.3728623e-12,4.1598458e-13,1.30128734e-08,0.00017666262,2.564509e-05,1.6399415e-05
/home/leo/Documentos/mestrado/DeepWeeds-Mobile/images/20171113-120355-1.jpg,6,6,6,6,1,0.9983121,4.1001925e-08,8.816776e-06,7.389703e-09,1.682637e-10,8.020486e-12,7.072749e-05,0.9983121,6.558315e-08,0.001608199
/home/leo/Documentos/mestrado/DeepWeeds-Mobile/images/20180105-101708-2.jpg,8,8,8,8,1,0.98846906,1.3308578e-07,1.3212083e-06,4.9112025e-08,3.1277743e-09,3.0434544e-09,2.8608188e-06,0.011524089,2.5393429e-06,0.98846906
/home/leo/Documentos/mestrado/DeepWeeds-Mobile/images/20170714-142520-2.jpg,1,1,1,1,1,0.98541784,0.0006159992,0.98541784,8.57828e-12,3.0473615e-05,3.3386882e-09,3.6392491e-06,0.00067315204,0.0059197904,0.007339146
/home/leo/Documentos/mestrado/DeepWeeds-Mobile/images/20180322-111601-2.jpg,8,8,8,8,1,0.9988022,0.00074712816,2.6695636e-07,9.952268e-09,1.13640105e-07,1.5487477e-06,1.2500252e-06,1.543192e-10,0.00044746386,0.9988022
/home/leo/Documentos/mestrado/DeepWeeds-Mobile/images/20170304-131904-0.jpg,7,7,7,7,1,0.86538416,0.10321081,1.995593e-05,4.016047e-11,4.992473e-09,2.2559166e-10,1.6229347e-07,1.2791498e-08,0.86538416,0.031384952
/home/leo/Documentos/mestrado/DeepWeeds-Mobile/images/20180125-093622-1.jpg,8,8,8,8,1,0.9991941,1.0567096e-06,3.055879e-05,7.587133e-07,3.443394e-09,7.242666e-10,0.00076705316,6.3289426e-06,8.3701536e-08,0.9991941
/home/leo/Documentos/mestrado/DeepWeeds-Mobile/images/20170811-111114-2.jpg,0,0,0,0,1,0.9615913,0.9615913,0.008316238,2.251672e-09,8.339742e-08,8.099081e-08,0.00012016303,0.00049341674,0.010583972,0.018894777
/home/leo/Documentos/mestrado/DeepWeeds-Mobile/images/20170217-143741-0.jpg,7,7,7,7,1,0.9921393,0.0078353835,3.2596185e-07,3.039839e-10,1.0296876e-08,5.3892424e-12,8.390744e-08,1.1926823e-09,0.9921393,2.4983166e-05
/home/leo/Documentos/mestrado/DeepWeeds-Mobile/images/20180322-112503-2.jpg,8,8,8,8,1,0.99238485,0.0023715445,0.00075109967,0.00058334006,0.00023563213,1.9382367e-06,0.00066394615,8.217399e-06,0.0029994876,0.99238485
/home/leo/Documentos/mestrado/DeepWeeds-Mobile/images/20170920-115421-3.jpg,2,2,2,2,1,0.99975044,8.1438944e-09,5.6485882e-11,0.99975044,5.584722e-06,0.00020631634,2.6027593e-07,2.982698e-09,9.294892e-09,3.7449863e-05
/home/leo/Documentos/mestrado/DeepWeeds-Mobile/images/20171109-074707-3.jpg,5,5,5,5,1,0.99888426,2.2945125e-07,2.2590606e-10,2.1994576e-12,4.629879e-12,5.642731e-13,0.99888426,3.4005714e-07,8.4289153e-10,0.001115139
/home/leo/Documentos/mestrado/DeepWeeds-Mobile/images/20170727-143855-1.jpg,4,4,4,4,1,0.8906181,0.0011450215,5.252191e-07,0.0028760126,0.00039792154,0.8906181,0.10041464,3.5431049e-06,0.0035795067,0.000964765
/home/leo/Documentos/mestrado/DeepWeeds-Mobile/images/20180105-101758-2.jpg,8,8,8,8,1,0.99552315,2.8551099e-06,1.2003718e-08,5.7254005e-07,2.277808e-06,1.2960006e-06,5.728186e-07,0.004457727,1.14482145e-05,0.99552315
/home/leo/Documentos/mestrado/DeepWeeds-Mobile/images/20170727-170933-3.jpg,4,4,4,4,1,0.9989279,1.3687843e-06,3.6582473e-09,0.00049047417,0.0003988154,0.9989279,8.743629e-10,3.714207e-12,2.8590312e-06,0.00017860299
/home/leo/Documentos/mestrado/DeepWeeds-Mobile/images/20170704-152454-0.jpg,0,7,0,7,0,0.75139344,0.15156591,0.0011565614,1.0341575e-06,3.51132e-05,1.0760785e-05,0.003674994,9.605257e-06,0.75139344,0.09215257
/home/leo/Documentos/mestrado/DeepWeeds-Mobile/images/20161207-111013-0.jpg,0,0,0,0,1,0.98265946,0.98265946,0.0024518038,3.8057473e-09,4.3763574e-08,1.3155593e-06,0.013507845,1.009954e-07,0.00075063366,0.0006287811
/home/leo/Documentos/mestrado/DeepWeeds-Mobile/images/20171113-132416-3.jpg,6,6,6,6,1,0.9963115,7.094146e-05,0.00056438317,1.6898117e-08,9.3481e-08,1.0038726e-08,5.7069233e-06,0.9963115,0.00018460772,0.0028627596
/home/leo/Documentos/mestrado/DeepWeeds-Mobile/images/20180112-091323-2.jpg,8,8,8,8,1,0.81300986,0.024396442,0.00014594219,2.9441203e-06,1.8285073e-05,1.1975556e-08,3.491067e-05,2.5948736e-06,0.16238897,0.81300986
/home/leo/Documentos/mestrado/DeepWeeds-Mobile/images/20180112-072402-1.jpg,8,8,8,8,1,0.98133343,0.00021546685,0.0013731723,2.822531e-05,0.008304896,0.008234693,5.390628e-07,1.3845242e-05,0.00049563724,0.98133343
/home/leo/Documentos/mestrado/DeepWeeds-Mobile/images/20180109-071941-2.jpg,8,8,8,8,1,0.9704441,9.582757e-07,2.758918e-07,1.417537e-06,1.5595695e-07,6.334362e-10,0.00018574782,0.02934492,2.2479615e-05,0.9704441
/home/leo/Documentos/mestrado/DeepWeeds-Mobile/images/20180112-072427-2.jpg,8,7,8,7,0,0.38532844,0.30834544,0.07145378,4.4547418e-05,0.0028366472,0.0004848065,0.000118973956,1.3744182e-05,0.38532844,0.2313737
/home/leo/Documentos/mestrado/DeepWeeds-Mobile/images/20170718-094410-2.jpg,0,0,0,0,1,0.5870637,0.5870637,0.001035218,0.000102775266,0.14786866,0.008114488,1.3803221e-05,1.3611687e-07,0.14544429,0.11035677
/home/leo/Documentos/mestrado/DeepWeeds-Mobile/images/20170913-121846-2.jpg,5,5,5,5,1,0.99990547,6.744361e-07,5.0730558e-09,2.0790398e-07,1.7974786e-07,5.467063e-06,0.99990547,5.2703292e-08,4.783534e-06,8.31462e-05
/home/leo/Documentos/mestrado/DeepWeeds-Mobile/images/20180109-074604-1.jpg,8,8,8,8,1,0.9864997,2.7655801e-06,1.52716e-06,3.5680332e-05,8.569316e-06,0.00036716528,1.10464214e-07,0.013083214,1.2560349e-06,0.9864997
/home/leo/Documentos/mestrado/DeepWeeds-Mobile/images/20170718-102545-2.jpg,7,7,7,7,1,0.71304685,0.01847212,0.09519486,1.326597e-05,0.0038983473,0.00030829673,0.00028512842,0.00022050337,0.71304685,0.16856067
/home/leo/Documentos/mestrado/DeepWeeds-Mobile/images/20180119-111314-1.jpg,8,8,8,8,1,0.6917058,0.00032580225,0.077431746,2.560261e-09,1.403314e-05,1.7352734e-08,0.004647118,0.22567588,0.00019963621,0.6917058
/home/leo/Documentos/mestrado/DeepWeeds-Mobile/images/20170728-151857-1.jpg,8,8,8,8,1,0.46901688,0.0148737,0.0035257624,0.06933308,0.08687628,0.34825292,0.0001810263,3.588629e-05,0.007904446,0.46901688
/home/leo/Documentos/mestrado/DeepWeeds-Mobile/images/20171217-183506-2.jpg,8,8,8,8,1,0.8971588,0.008701916,0.00020232942,1.431643e-06,0.0021848518,4.536782e-05,0.069990605,6.5166587e-06,0.02170822,0.8971588
/home/leo/Documentos/mestrado/DeepWeeds-Mobile/images/20171113-120122-3.jpg,6,6,6,6,1,0.72685635,5.2354117e-06,4.9636543e-05,0.0029928917,7.4636523e-07,0.001410384,0.03025293,0.72685635,0.015803631,0.22262822
/home/leo/Documentos/mestrado/DeepWeeds-Mobile/images/20170129-103622-0.jpg,8,8,8,8,1,0.71719646,0.014544462,0.20995331,1.2750235e-07,0.0042670164,3.2919326e-07,0.010007953,0.0050442475,0.038986094,0.71719646
/home/leo/Documentos/mestrado/DeepWeeds-Mobile/images/20171205-123747-2.jpg,8,8,8,8,1,0.72608227,0.0006569037,0.26480925,3.3084189e-06,0.005646761,7.342722e-06,9.865859e-05,0.0009092818,0.0017863307,0.72608227
/home/leo/Documentos/mestrado/DeepWeeds-Mobile/images/20171025-090759-2.jpg,3,3,3,3,1,0.975605,0.002285216,0.0013187195,0.00021417046,0.975605,0.0012601924,8.43907e-08,2.7031954e-05,0.0006594459,0.018630063
/home/leo/Documentos/mestrado/DeepWeeds-Mobile/images/20171102-102451-2.jpg,2,2,2,2,1,0.6693839,0.004801781,0.000115405186,0.6693839,0.023935972,0.022560347,4.5022684e-06,2.4319786e-06,0.002692117,0.27650362
/home/leo/Documentos/mestrado/DeepWeeds-Mobile/images/20171109-072219-1.jpg,5,5,5,5,1,0.9248376,0.00020686306,0.0030893593,4.362078e-09,7.461458e-09,1.0517802e-09,0.9248376,0.04646326,0.0009604681,0.02444236
/home/leo/Documentos/mestrado/DeepWeeds-Mobile/images/20170920-095144-1.jpg,2,2,2,2,1,0.9999374,1.2961121e-08,1.08266384e-07,0.9999374,1.27157636e-08,2.3131326e-05,1.1129916e-09,7.353718e-06,4.2990194e-09,3.1903517e-05
/home/leo/Documentos/mestrado/DeepWeeds-Mobile/images/20171220-083313-3.jpg,8,8,8,8,1,0.99942106,0.00040605277,7.588784e-07,2.3653017e-11,3.4310273e-05,1.2112575e-07,1.1202942e-05,1.912624e-08,0.0001265125,0.99942106
/home/leo/Documentos/mestrado/DeepWeeds-Mobile/images/20171113-135754-1.jpg,6,6,6,6,1,0.9989091,5.019688e-09,2.5225634e-07,2.2978398e-08,4.719722e-11,2.2316895e-11,3.3937744e-05,0.9989091,8.1472873e-10,0.001056684
/home/leo/Documentos/mestrado/DeepWeeds-Mobile/images/20171212-095603-3.jpg,8,8,8,8,1,0.99995935,6.0683163e-07,1.1377182e-06,3.1600642e-11,1.0942148e-05,1.09458366e-10,1.7456761e-05,3.1436693e-06,7.427562e-06,0.99995935
/home/leo/Documentos/mestrado/DeepWeeds-Mobile/images/20171113-142815-2.jpg,6,6,6,6,1,0.99636316,7.2825046e-08,0.0036241214,5.048337e-10,1.3075015e-10,9.3215075e-11,1.8784352e-08,0.99636316,5.536881e-07,1.2071772e-05
/home/leo/Documentos/mestrado/DeepWeeds-Mobile/images/20170913-105957-3.jpg,5,5,5,5,1,0.9999845,3.6598217e-06,2.2313005e-09,7.4063156e-10,4.104221e-07,7.584414e-09,0.9999845,2.7904493e-08,8.670975e-06,2.6821879e-06
/home/leo/Documentos/mestrado/DeepWeeds-Mobile/images/20170217-100534-0.jpg,7,7,7,7,1,0.7342826,0.07167915,0.0072935037,2.3453033e-07,7.7775366e-07,8.554957e-07,0.0003026431,0.019968819,0.7342826,0.16647144
/home/leo/Documentos/mestrado/DeepWeeds-Mobile/images/20180322-112421-1.jpg,8,8,8,8,1,0.9610982,0.0051755123,7.6620454e-05,0.01563723,0.010831898,1.9274166e-05,0.0046075024,2.3691198e-05,0.0025300647,0.9610982
/home/leo/Documentos/mestrado/DeepWeeds-Mobile/images/20170811-122845-2.jpg,0,0,0,0,1,0.9946708,0.9946708,0.0009861806,8.155228e-10,1.2850897e-08,6.659996e-08,2.5292758e-07,2.21492e-08,0.0006572193,0.0036854574
/home/leo/Documentos/mestrado/DeepWeeds-Mobile/images/20171109-093449-2.jpg,5,5,5,5,1,0.9970831,2.4183305e-06,1.6326434e-05,1.8584752e-10,5.195302e-09,8.9899945e-12,0.9970831,1.369536e-06,2.1158641e-05,0.0028756591
/home/leo/Documentos/mestrado/DeepWeeds-Mobile/images/20180119-113149-1.jpg,8,8,8,8,1,0.9920853,1.4638797e-05,0.0010702704,1.491765e-10,1.3872807e-06,1.4392243e-09,0.00039031453,0.0064328923,5.1501374e-06,0.9920853
/home/leo/Documentos/mestrado/DeepWeeds-Mobile/images/20170906-105056-1.jpg,3,7,3,7,0,0.96354264,0.0016073814,0.0017693635,2.8428856e-05,0.017833214,0.0020439841,1.722021e-05,4.43145e-06,0.96354264,0.013153297
/home/leo/Documentos/mestrado/DeepWeeds-Mobile/images/20171025-095617-2.jpg,3,3,3,3,1,0.99924177,7.210602e-07,1.0988618e-06,3.37722e-08,0.99924177,1.0307771e-06,6.2421124e-11,1.7810212e-08,4.6686378e-06,0.00075071957
/home/leo/Documentos/mestrado/DeepWeeds-Mobile/images/20180109-103550-2.jpg,8,8,8,8,1,0.9428977,0.000810671,0.0023851465,0.014720025,0.0006915529,0.00078305905,0.03695523,0.0004208139,0.0003358464,0.9428977
/home/leo/Documentos/mestrado/DeepWeeds-Mobile/images/20170920-183330-1.jpg,2,2,2,2,1,0.5685015,4.137873e-05,2.48299e-07,0.5685015,0.050158426,0.37041506,9.684526e-05,1.0744202e-06,1.5601425e-05,0.010769899
/home/leo/Documentos/mestrado/DeepWeeds-Mobile/images/20180109-070345-2.jpg,8,8,8,8,1,0.9842335,1.2872176e-06,4.5019817e-07,0.00025877217,3.0125755e-06,0.0010600429,4.8789155e-07,0.014441159,1.3618633e-06,0.9842335
/home/leo/Documentos/mestrado/DeepWeeds-Mobile/images/20180119-113900-2.jpg,8,8,8,8,1,0.9853881,0.00040650592,0.0025012074,2.3769408e-06,3.0248116e-06,1.321502e-07,0.010749825,0.00093553396,1.3259635e-05,0.9853881
/home/leo/Documentos/mestrado/DeepWeeds-Mobile/images/20171102-122358-1.jpg,2,2,2,2,1,0.99711823,2.6666774e-05,1.6082959e-05,0.99711823,0.00021871476,0.00025930948,5.1098983e-08,2.8413606e-07,7.033646e-06,0.002353723
/home/leo/Documentos/mestrado/DeepWeeds-Mobile/images/20171217-100549-2.jpg,8,8,8,8,1,0.9465362,0.00016944704,0.00030509572,4.445507e-05,0.0018560427,0.05095168,1.1497177e-06,9.64614e-05,3.9317758e-05,0.9465362
/home/leo/Documentos/mestrado/DeepWeeds-Mobile/images/20171212-094144-1.jpg,8,8,8,8,1,0.9998981,1.0825356e-05,1.0358669e-05,2.5598504e-10,1.1236919e-05,1.065698e-08,2.9636947e-05,2.8788888e-08,3.9811635e-05,0.9998981
/home/leo/Documentos/mestrado/DeepWeeds-Mobile/images/20180125-125946-2.jpg,8,8,8,8,1,0.99918,8.678187e-05,3.5544526e-05,3.5800283e-09,8.150935e-08,1.6503694e-08,0.00012235872,0.00050867983,6.638888e-05,0.99918
/home/leo/Documentos/mestrado/DeepWeeds-Mobile/images/20171102-120936-1.jpg,2,2,2,2,1,0.9999702,6.253619e-09,3.05256e-08,0.9999702,2.2825006e-09,2.1521988e-07,1.3327707e-09,6.806598e-09,7.1150685e-10,2.9537361e-05
/home/leo/Documentos/mestrado/DeepWeeds-Mobile/images/20180112-082753-1.jpg,8,8,8,8,1,0.95666534,0.020775525,0.0012862571,0.0022466537,0.008198633,2.4964102e-05,4.334091e-06,3.023501e-07,0.010797908,0.95666534
/home/leo/Documentos/mestrado/DeepWeeds-Mobile/images/20161207-111955-0.jpg,0,0,0,0,1,0.9821072,0.9821072,0.0135019515,9.818986e-10,4.5387054e-08,4.3056353e-08,0.00023336824,3.8009962e-06,0.003679223,0.0004743669
/home/leo/Documentos/mestrado/DeepWeeds-Mobile/images/20161207-144425-0.jpg,7,5,7,5,0,0.786805,0.04738276,0.0076067126,4.3756234e-08,3.190082e-05,1.7267875e-07,0.786805,0.000105779385,0.00937154,0.14869604
/home/leo/Documentos/mestrado/DeepWeeds-Mobile/images/20180109-071737-2.jpg,8,8,8,8,1,0.9941758,1.162314e-07,1.9457208e-07,8.1901425e-07,3.4894101e-10,5.6602912e-12,1.6625562e-07,0.0058226325,2.728284e-07,0.9941758
/home/leo/Documentos/mestrado/DeepWeeds-Mobile/images/20180322-120934-2.jpg,8,8,8,8,1,0.9879775,7.6615426e-05,0.003382408,3.0646988e-06,0.0075349286,0.00031118002,4.0991117e-06,5.142137e-05,0.00065863936,0.9879775
/home/leo/Documentos/mestrado/DeepWeeds-Mobile/images/20170728-151807-1.jpg,8,4,8,4,0,0.73557913,0.0021517682,3.308089e-07,0.001382511,0.017410869,0.73557913,1.8480703e-05,1.1026678e-10,0.00017316247,0.24328378
/home/leo/Documentos/mestrado/DeepWeeds-Mobile/images/20171121-090927-3.jpg,6,6,6,6,1,0.99925166,1.8906888e-07,0.00072048756,7.202212e-13,3.1053635e-10,8.452421e-13,4.8141624e-07,0.99925166,1.2003862e-05,1.52012435e-05
/home/leo/Documentos/mestrado/DeepWeeds-Mobile/images/20171212-094815-1.jpg,8,8,8,8,1,0.99933213,2.2688968e-07,9.1777525e-07,5.574577e-13,0.0006646285,2.514825e-10,8.784963e-08,1.6987636e-08,1.9235806e-06,0.99933213
/home/leo/Documentos/mestrado/DeepWeeds-Mobile/images/20170207-153455-0.jpg,0,7,0,7,0,0.6467159,0.35238957,3.2737164e-05,7.015201e-09,3.9816332e-09,7.7146165e-09,1.0626802e-05,4.7870344e-06,0.6467159,0.0008464213
/home/leo/Documentos/mestrado/DeepWeeds-Mobile/images/20180125-100756-2.jpg,8,8,8,8,1,0.9992269,1.4937808e-07,6.445422e-11,2.554449e-06,0.00075207715,1.7987155e-05,2.8657334e-07,2.1746747e-08,2.1003457e-09,0.9992269
/home/leo/Documentos/mestrado/DeepWeeds-Mobile/images/20171025-085901-1.jpg,3,3,3,3,1,0.9682606,0.0012994468,0.00019469528,0.00015485409,0.9682606,0.0006860546,1.2337986e-07,2.6658429e-06,0.00022206927,0.0291795
/home/leo/Documentos/mestrado/DeepWeeds-Mobile/images/20180119-115303-1.jpg,8,8,8,8,1,0.98554194,0.001451525,0.0037593506,0.00047066066,0.000705037,0.005639642,5.7829784e-06,0.00015540056,0.0022706157,0.98554194
/home/leo/Documentos/mestrado/DeepWeeds-Mobile/images/20180109-085417-1.jpg,8,8,8,8,1,0.78244877,0.054723006,0.0008058575,0.0058980654,1.9883137e-05,2.0280131e-05,0.1406022,0.013386675,0.0020952777,0.78244877
/home/leo/Documentos/mestrado/DeepWeeds-Mobile/images/20180125-131649-2.jpg,8,8,8,8,1,0.8168596,0.17231168,0.006018356,1.4594195e-06,9.0604976e-07,2.2322508e-06,0.0016081232,4.7708556e-05,0.0031499667,0.8168596
/home/leo/Documentos/mestrado/DeepWeeds-Mobile/images/20180105-100017-3.jpg,8,8,8,8,1,0.9999975,4.183709e-10,7.548133e-12,2.012144e-08,1.6645837e-06,2.1797325e-07,5.8744214e-09,5.9682566e-07,1.02031085e-10,0.9999975
/home/leo/Documentos/mestrado/DeepWeeds-Mobile/images/20180125-100650-1.jpg,8,8,8,8,1,0.99998534,8.237641e-07,1.2314059e-05,1.0887377e-07,2.7890948e-08,1.2589313e-06,2.7987882e-08,6.1217506e-08,3.646064e-08,0.99998534
/home/leo/Documentos/mestrado/DeepWeeds-Mobile/images/20171201-115724-1.jpg,8,8,8,8,1,0.9961037,0.000101820755,0.0006984244,3.5813383e-07,6.187298e-08,3.6143575e-08,0.0027099508,3.5342296e-06,0.00038214278,0.9961037
/home/leo/Documentos/mestrado/DeepWeeds-Mobile/images/20180109-095505-1.jpg,8,8,8,8,1,0.90536106,0.042397518,0.027444432,4.085801e-05,0.0046915496,1.1806516e-05,2.6552025e-05,6.082782e-05,0.019965421,0.90536106
/home/leo/Documentos/mestrado/DeepWeeds-Mobile/images/20170920-114851-3.jpg,2,2,2,2,1,0.99945384,1.9330056e-07,1.05757306e-10,0.99945384,5.2961004e-05,0.00024733038,1.5863325e-08,8.460084e-09,9.9490975e-09,0.00024562082
/home/leo/Documentos/mestrado/DeepWeeds-Mobile/images/20180322-111632-1.jpg,8,8,8,8,1,0.9649394,0.025468277,0.0021975096,0.000118291915,0.00053012656,0.00097492593,6.523439e-06,2.450088e-08,0.0057649086,0.9649394
/home/leo/Documentos/mestrado/DeepWeeds-Mobile/images/20180125-135041-3.jpg,8,8,8,8,1,0.9981511,6.987948e-05,0.0005239602,6.265277e-05,9.2383096e-05,0.00034484404,1.2608903e-05,0.00043650906,0.00030610166,0.9981511
/home/leo/Documentos/mestrado/DeepWeeds-Mobile/images/20170714-133204-1.jpg,1,1,1,1,1,0.82233965,0.00059589685,0.82233965,2.9385916e-07,0.001134292,1.6916556e-06,0.00040861836,0.14172626,0.018782943,0.015010327
/home/leo/Documentos/mestrado/DeepWeeds-Mobile/images/20170705-163349-0.jpg,7,8,7,8,0,0.47449464,0.12132891,1.2471134e-05,4.4831665e-07,0.034993254,0.0003837508,0.00063708535,7.638955e-09,0.36814946,0.47449464
/home/leo/Documentos/mestrado/DeepWeeds-Mobile/images/20180322-105511-1.jpg,8,8,8,8,1,0.99778277,0.0009404896,0.00067253766,3.5660873e-05,1.3643795e-06,0.000100222875,0.00017743585,2.1736652e-05,0.00026770023,0.99778277
/home/leo/Documentos/mestrado/DeepWeeds-Mobile/images/20171109-094316-3.jpg,5,5,5,5,1,0.9998225,1.3298052e-07,2.0752757e-09,3.1049083e-11,5.5042713e-11,7.549407e-11,0.9998225,0.00017466738,2.398272e-07,2.441017e-06
/home/leo/Documentos/mestrado/DeepWeeds-Mobile/images/20171212-095907-3.jpg,8,8,8,8,1,0.9423882,0.04492807,0.0006190251,0.0031289111,0.005770892,0.0009958411,3.0285e-05,4.9879316e-05,0.0020890124,0.9423882
/home/leo/Documentos/mestrado/DeepWeeds-Mobile/images/20171205-142853-2.jpg,8,8,8,8,1,0.7982025,0.011249757,0.038287923,4.400892e-09,1.9416475e-05,5.612845e-08,0.008360266,0.14332774,0.0005522518,0.7982025
/home/leo/Documentos/mestrado/DeepWeeds-Mobile/images/20171205-123605-2.jpg,8,5,8,5,0,0.9176949,0.0032103953,1.94714e-05,8.277582e-09,5.0614712e-09,5.2585114e-09,0.9176949,6.640478e-06,0.0019790833,0.07708941
/home/leo/Documentos/mestrado/DeepWeeds-Mobile/images/20180322-131925-1.jpg,8,8,8,8,1,0.94458735,0.0006774126,0.00038345985,0.00079657877,0.0011047443,5.1424835e-05,0.044634752,5.3320546e-05,0.007710894,0.94458735
/home/leo/Documentos/mestrado/DeepWeeds-Mobile/images/20180109-094859-2.jpg,8,8,8,8,1,0.99019194,0.0065958262,0.0001346196,6.152493e-05,7.0820366e-05,1.2880082e-06,1.950484e-05,1.7811344e-07,0.0029242225,0.99019194
/home/leo/Documentos/mestrado/DeepWeeds-Mobile/images/20170718-101135-2.jpg,0,8,0,8,0,0.9918949,0.00035306354,0.00018991374,1.2393711e-07,0.0008236125,2.6245922e-07,0.0019721142,2.511687e-05,0.0047409576,0.9918949
/home/leo/Documentos/mestrado/DeepWeeds-Mobile/images/20171113-143153-2.jpg,6,6,6,6,1,0.99943584,9.53941e-07,0.0005074723,2.586893e-10,1.9146928e-08,5.081902e-10,3.3583288e-07,0.99943584,5.798117e-06,4.9558865e-05
/home/leo/Documentos/mestrado/DeepWeeds-Mobile/images/20171113-121009-2.jpg,6,6,6,6,1,0.999894,2.6783862e-09,0.00010497663,4.3416732e-13,9.797575e-13,1.064062e-13,1.9461028e-09,0.999894,5.48565e-08,9.26093e-07
/home/leo/Documentos/mestrado/DeepWeeds-Mobile/images/20170906-092211-1.jpg,3,7,3,7,0,0.86017007,0.0028206052,0.0011171541,1.3608768e-06,0.12427999,0.00031989868,0.00010576962,9.3662384e-05,0.86017007,0.011091536
/home/leo/Documentos/mestrado/DeepWeeds-Mobile/images/20170718-101848-2.jpg,0,0,0,0,1,0.922906,0.922906,0.050274786,5.051315e-08,1.4173082e-06,1.3805683e-06,2.5968477e-05,0.00016275512,0.01360869,0.013018921
/home/leo/Documentos/mestrado/DeepWeeds-Mobile/images/20170920-094121-1.jpg,4,8,4,8,0,0.64061,0.00068849005,0.24899514,9.709586e-05,0.0001851313,0.00015151607,0.0015262718,0.1066203,0.0011260915,0.64061
/home/leo/Documentos/mestrado/DeepWeeds-Mobile/images/20170728-125650-2.jpg,4,4,4,4,1,0.9990023,5.5820063e-08,3.444275e-10,0.00021565196,0.0003230051,0.9990023,1.1776376e-06,2.9501679e-09,6.8456605e-09,0.00045783716
/home/leo/Documentos/mestrado/DeepWeeds-Mobile/images/20171113-141550-2.jpg,6,6,6,6,1,0.9998894,1.1303366e-06,8.721227e-06,2.7029143e-09,1.6910535e-09,1.2143823e-10,2.9361177e-06,0.9998894,9.992253e-06,8.780475e-05
/home/leo/Documentos/mestrado/DeepWeeds-Mobile/images/20180105-101120-3.jpg,8,8,8,8,1,0.9818091,0.00027886353,0.00070673256,0.0009907356,1.5928561e-05,2.0471964e-06,0.0009781384,0.015184022,3.447624e-05,0.9818091
/home/leo/Documentos/mestrado/DeepWeeds-Mobile/images/20171025-093959-3.jpg,7,6,7,6,0,0.45576924,0.077894606,0.29354274,0.0005399548,0.0016502726,0.0010672504,0.05195335,0.45576924,0.089328684,0.028253956
/home/leo/Documentos/mestrado/DeepWeeds-Mobile/images/20170315-090101-0.jpg,8,8,8,8,1,0.96996045,0.0009564652,0.026208933,1.2489416e-07,3.2356872e-06,1.91204e-08,9.243566e-06,1.5457232e-06,0.0028600588,0.96996045
/home/leo/Documentos/mestrado/DeepWeeds-Mobile/images/20171212-095130-1.jpg,8,8,8,8,1,0.99997246,1.5027863e-08,2.6878377e-06,4.399548e-15,2.4223032e-06,2.371273e-12,2.474063e-06,1.9763695e-05,1.2727862e-07,0.99997246
/home/leo/Documentos/mestrado/DeepWeeds-Mobile/images/20170706-130316-3.jpg,1,1,1,1,1,0.9998275,1.2196443e-05,0.9998275,3.4607517e-13,2.0320076e-10,8.698607e-12,1.6793842e-09,3.0298621e-05,0.00012235102,7.59714e-06
/home/leo/Documentos/mestrado/DeepWeeds-Mobile/images/20170728-124953-2.jpg,4,4,4,4,1,0.9996987,7.49622e-05,1.7597049e-10,2.3998186e-07,7.1129245e-05,0.9996987,1.4579461e-09,3.5653806e-15,2.5428938e-06,0.00015236184
/home/leo/Documentos/mestrado/DeepWeeds-Mobile/images/20170920-134120-2.jpg,2,2,2,2,1,0.9998667,2.50438e-08,2.845649e-09,0.9998667,2.5018485e-07,9.868286e-07,1.8034587e-08,1.6467106e-07,3.8430317e-09,0.0001319469
/home/leo/Documentos/mestrado/DeepWeeds-Mobile/images/20171113-145039-3.jpg,6,6,6,6,1,0.9980925,1.774042e-05,1.1173463e-05,2.2256772e-09,3.461461e-09,4.9192844e-10,2.1482815e-06,0.9980925,6.6136054e-05,0.0018103012
/home/leo/Documentos/mestrado/DeepWeeds-Mobile/images/20170217-115752-0.jpg,0,0,0,0,1,0.99999976,0.99999976,1.9691637e-10,6.308862e-18,1.131994e-16,3.004457e-16,6.3168826e-10,1.9598542e-12,3.5482401e-09,2.6066255e-07
/home/leo/Documentos/mestrado/DeepWeeds-Mobile/images/20180109-075210-1.jpg,8,8,8,8,1,0.99932855,5.2043815e-05,2.36358e-08,1.8254033e-05,0.00015320383,9.4457275e-05,7.603519e-09,0.0003503705,3.1050665e-06,0.99932855
/home/leo/Documentos/mestrado/DeepWeeds-Mobile/images/20170210-131249-0.jpg,7,7,7,7,1,0.9889726,0.010246487,5.3044073e-07,9.499863e-06,6.2252925e-06,6.2096768e-09,1.480591e-06,7.5151036e-08,0.9889726,0.0007630946
/home/leo/Documentos/mestrado/DeepWeeds-Mobile/images/20170217-152300-0.jpg,0,0,0,0,1,0.99846643,0.99846643,0.0013225392,2.2460946e-12,7.401104e-12,1.092707e-11,1.117921e-06,4.5757147e-06,0.00018067202,2.4671435e-05
/home/leo/Documentos/mestrado/DeepWeeds-Mobile/images/20171113-124335-1.jpg,6,6,6,6,1,0.99947,1.9884585e-06,3.9484643e-05,2.0930115e-07,4.9489167e-08,1.8999406e-08,4.888868e-06,0.99947,9.68494e-07,0.00048231633
/home/leo/Documentos/mestrado/DeepWeeds-Mobile/images/20180125-132508-2.jpg,8,8,8,8,1,0.99245,0.0030310461,0.00012413281,5.775869e-10,3.999226e-06,4.121819e-05,6.5919517e-07,1.0217606e-08,0.0043490357,0.99245
/home/leo/Documentos/mestrado/DeepWeeds-Mobile/images/20171025-091240-2.jpg,3,3,3,3,1,0.74004406,0.123644434,0.0128650665,0.002859007,0.74004406,0.031801984,4.0712028e-05,9.409985e-06,0.05173512,0.03700025
/home/leo/Documentos/mestrado/DeepWeeds-Mobile/images/20180125-092755-1.jpg,8,8,8,8,1,0.9999914,3.7964817e-06,7.79395e-07,4.3031015e-08,1.0084967e-06,2.3435487e-06,2.783188e-07,5.547721e-08,1.4118775e-07,0.9999914
/home/leo/Documentos/mestrado/DeepWeeds-Mobile/images/20180109-065918-2.jpg,8,8,8,8,1,0.93817866,6.1227795e-05,0.00030081955,0.0010717835,3.788757e-06,1.2017089e-06,0.00063050934,0.05974538,6.7397054e-06,0.93817866
/home/leo/Documentos/mestrado/DeepWeeds-Mobile/images/20180105-092231-2.jpg,8,8,8,8,1,0.9916364,2.7659316e-05,5.084668e-07,7.94523e-08,4.527371e-06,1.3600344e-07,7.974544e-05,0.008167097,8.3850086e-05,0.9916364
/home/leo/Documentos/mestrado/DeepWeeds-Mobile/images/20171109-093513-1.jpg,5,8,5,8,0,0.82371086,5.0459676e-05,9.664522e-06,1.4971338e-08,4.968822e-07,3.49712e-07,0.17544508,3.101342e-05,0.0007520449,0.82371086
/home/leo/Documentos/mestrado/DeepWeeds-Mobile/images/20171220-101919-2.jpg,8,8,8,8,1,0.9998634,2.0499814e-05,8.3338864e-07,3.742397e-14,8.0747526e-07,1.4919576e-13,0.00010757814,3.9223296e-09,6.9291764e-06,0.9998634
/home/leo/Documentos/mestrado/DeepWeeds-Mobile/images/20170913-100221-3.jpg,5,5,5,5,1,0.937749,5.1442726e-06,1.0504808e-09,0.0001752477,0.029506732,1.7210601e-05,0.937749,5.726036e-06,1.535418e-07,0.032540716
/home/leo/Documentos/mestrado/DeepWeeds-Mobile/images/20171219-093321-2.jpg,8,8,8,8,1,0.9923887,0.0018247633,5.103341e-06,5.9041643e-08,0.0043464284,1.4606587e-06,0.001363027,3.8412773e-07,7.010303e-05,0.9923887
/home/leo/Documentos/mestrado/DeepWeeds-Mobile/images/20171212-103728-3.jpg,8,8,8,8,1,0.98586345,0.00061573344,0.012456749,8.616508e-11,4.3100934e-07,4.495748e-09,3.5491856e-05,1.5720516e-05,0.001012316,0.98586345
/home/leo/Documentos/mestrado/DeepWeeds-Mobile/images/20171217-183714-2.jpg,8,8,8,8,1,0.49287173,0.21283105,0.09943197,5.3207625e-09,1.4048449e-07,4.2282302e-08,0.17868643,0.0064180135,0.0097606145,0.49287173
/home/leo/Documentos/mestrado/DeepWeeds-Mobile/images/20171025-100715-2.jpg,3,3,3,3,1,0.9991043,4.878669e-06,3.2116702e-06,2.3939942e-06,0.9991043,6.711587e-08,8.291909e-08,3.3911776e-06,1.6319348e-06,0.00087988324
/home/leo/Documentos/mestrado/DeepWeeds-Mobile/images/20170913-115222-2.jpg,5,5,5,5,1,0.99999416,2.7327653e-07,1.4039956e-09,4.216631e-09,3.3599807e-07,2.683489e-07,0.99999416,3.0162e-08,2.3853033e-06,2.4782491e-06
/home/leo/Documentos/mestrado/DeepWeeds-Mobile/images/20171220-082206-2.jpg,8,8,8,8,1,0.9970626,0.0015555415,3.7108603e-07,8.610947e-10,0.0010000003,8.373597e-07,1.5752996e-05,2.4485114e-08,0.00036487973,0.9970626
/home/leo/Documentos/mestrado/DeepWeeds-Mobile/images/20170714-130748-1.jpg,1,1,1,1,1,0.999215,2.890945e-05,0.999215,2.2497377e-09,1.5341419e-08,7.084291e-09,5.1112146e-09,6.7346764e-06,0.0006906366,5.8649515e-05
/home/leo/Documentos/mestrado/DeepWeeds-Mobile/images/20171109-090822-1.jpg,5,5,5,5,1,0.95871353,4.802519e-07,2.2047503e-07,7.371506e-12,2.70821e-10,1.4769512e-10,0.95871353,6.0527716e-09,1.0267524e-07,0.041285712
/home/leo/Documentos/mestrado/DeepWeeds-Mobile/images/20171113-133118-3.jpg,6,6,6,6,1,0.9996493,2.4238205e-05,1.234771e-05,1.652374e-07,9.802379e-08,3.7270624e-08,2.7453095e-07,0.9996493,3.1396106e-05,0.00028217907
/home/leo/Documentos/mestrado/DeepWeeds-Mobile/images/20170727-143325-3.jpg,4,4,4,4,1,0.94566965,1.1046895e-05,4.659916e-09,0.04354677,0.009405255,0.94566965,5.3443955e-08,5.037444e-10,1.928579e-06,0.0013653317
/home/leo/Documentos/mestrado/DeepWeeds-Mobile/images/20171113-102401-1.jpg,5,5,5,5,1,0.9016722,0.00026528013,7.288921e-06,5.38829e-07,5.970278e-06,3.1434174e-05,0.9016722,3.932723e-06,1.6462172e-05,0.09799687
/home/leo/Documentos/mestrado/DeepWeeds-Mobile/images/20170130-102603-0.jpg,1,1,1,1,1,0.83304125,0.047724705,0.83304125,2.0946304e-06,0.00015766863,2.360551e-05,0.00024958924,9.65197e-05,0.08183331,0.03687121
/home/leo/Documentos/mestrado/DeepWeeds-Mobile/images/20171220-094903-2.jpg,8,8,8,8,1,0.99548715,0.0006225124,0.0010364614,1.2381138e-09,1.1028518e-06,1.361411e-09,0.00014247459,0.0025745374,0.00013562814,0.99548715
/home/leo/Documentos/mestrado/DeepWeeds-Mobile/images/20170707-113201-0.jpg,7,8,7,8,0,0.90801316,0.021675171,0.008898932,1.2864835e-07,0.00046799387,2.7109115e-06,0.0004081481,5.0335173e-05,0.060483456,0.90801316
/home/leo/Documentos/mestrado/DeepWeeds-Mobile/images/20170217-114604-0.jpg,7,7,7,7,1,0.8712549,0.12642397,2.442538e-05,2.107692e-06,3.7998994e-08,4.9994487e-08,3.18204e-06,9.767924e-09,0.8712549,0.0022913096
/home/leo/Documentos/mestrado/DeepWeeds-Mobile/images/20180109-091833-1.jpg,8,8,8,8,1,0.9712948,0.006200359,0.00042022023,1.2166759e-05,7.32234e-05,7.3616166e-06,0.01832506,0.0033616335,0.0003050041,0.9712948
/home/leo/Documentos/mestrado/DeepWeeds-Mobile/images/20170707-112442-0.jpg,0,0,0,0,1,0.8183216,0.8183216,0.0083687315,0.00036377495,4.9529204e-05,9.764872e-05,0.00044631757,2.9370618e-05,0.040448416,0.1318746
/home/leo/Documentos/mestrado/DeepWeeds-Mobile/images/20170718-100208-2.jpg,0,0,0,0,1,0.9533029,0.9533029,0.00017253985,9.3005235e-11,2.4587288e-09,3.1047886e-09,1.5507823e-07,3.1254268e-07,0.045043148,0.0014808448
/home/leo/Documentos/mestrado/DeepWeeds-Mobile/images/20180322-133110-1.jpg,8,8,8,8,1,0.9995262,2.0958828e-06,0.0004164136,8.711385e-06,1.0042869e-05,4.012003e-06,2.236263e-05,6.3465764e-06,3.7590569e-06,0.9995262
/home/leo/Documentos/mestrado/DeepWeeds-Mobile/images/20170728-152734-2.jpg,4,8,4,8,0,0.41078675,0.08075423,0.00020699223,4.4731583e-05,0.007933185,0.19192088,0.0055665825,7.816104e-08,0.30278656,0.41078675
/home/leo/Documentos/mestrado/DeepWeeds-Mobile/images/20180322-125948-1.jpg,8,8,8,8,1,0.9761791,0.0046877265,0.00016330283,0.0076147933,0.007753182,0.0011140731,1.6137128e-05,9.2984516e-07,0.0024707248,0.9761791
/home/leo/Documentos/mestrado/DeepWeeds-Mobile/images/20170920-112602-3.jpg,2,2,2,2,1,0.99837095,4.191959e-05,2.5895115e-05,0.99837095,0.00010916868,0.00044343146,0.0005416982,3.0874242e-05,1.826493e-05,0.0004178965
/home/leo/Documentos/mestrado/DeepWeeds-Mobile/images/20180322-115857-2.jpg,8,8,8,8,1,0.99505895,2.466375e-05,0.000668323,8.85996e-06,0.0035337163,0.0006831954,9.995784e-09,1.2836476e-05,9.293762e-06,0.99505895
/home/leo/Documentos/mestrado/DeepWeeds-Mobile/images/20180125-134757-3.jpg,8,8,8,8,1,0.9532271,0.0005738687,0.028175754,0.0015535263,8.080278e-05,8.597738e-05,0.0056982543,0.008173297,0.0024314208,0.9532271
/home/leo/Documentos/mestrado/DeepWeeds-Mobile/images/20171102-122249-3.jpg,2,2,2,2,1,0.9990159,1.3755115e-05,3.176678e-07,0.9990159,3.1867705e-05,9.704646e-07,4.8650663e-06,1.19070904e-07,9.754945e-06,0.0009223948
/home/leo/Documentos/mestrado/DeepWeeds-Mobile/images/20170404-154201-0.jpg,7,7,7,7,1,0.999627,0.00033737972,1.2371185e-05,1.7146154e-12,1.2145864e-11,2.4984863e-14,5.606005e-10,1.1050808e-09,0.999627,2.3219965e-05
/home/leo/Documentos/mestrado/DeepWeeds-Mobile/images/20171212-104904-3.jpg,8,8,8,8,1,0.98519087,0.00034100233,0.0139322,0.0003551928,5.7876205e-06,7.7660785e-05,5.024983e-06,7.359047e-05,1.8578781e-05,0.98519087
/home/leo/Documentos/mestrado/DeepWeeds-Mobile/images/20171109-194817-1.jpg,5,5,5,5,1,0.9991487,3.081108e-05,4.3860355e-06,8.7372506e-08,6.6580115e-09,1.1813238e-09,0.9991487,5.211366e-05,3.9046146e-05,0.00072481565
/home/leo/Documentos/mestrado/DeepWeeds-Mobile/images/20170127-102832-0.jpg,1,8,1,8,0,0.76881856,0.001928879,0.21275805,1.4209888e-09,0.00010586892,1.0640968e-09,5.2331903e-05,5.7087007e-05,0.016279222,0.76881856
/home/leo/Documentos/mestrado/DeepWeeds-Mobile/images/20171217-184005-2.jpg,8,8,8,8,1,0.9967096,0.0016640127,0.0003090515,3.8934145e-09,3.6204193e-09,2.0495017e-10,0.0012322465,7.3456795e-07,8.4367915e-05,0.9967096
/home/leo/Documentos/mestrado/DeepWeeds-Mobile/images/20170217-143757-0.jpg,7,7,7,7,1,0.906216,0.08623094,1.2877228e-05,3.6315882e-07,0.00027748273,8.3944094e-08,6.961451e-05,0.00023932921,0.906216,0.006953187
/home/leo/Documentos/mestrado/DeepWeeds-Mobile/images/20180112-094807-2.jpg,8,8,8,8,1,0.97421545,0.014255833,0.00057006144,3.9916756e-07,8.350391e-05,5.074004e-08,0.00026973957,0.0033976797,0.007207276,0.97421545
/home/leo/Documentos/mestrado/DeepWeeds-Mobile/images/20171220-100356-1.jpg,8,8,8,8,1,0.99996483,1.2561753e-07,1.5792071e-07,9.454048e-13,1.4444981e-07,7.0241946e-12,3.394534e-05,3.6500523e-08,7.9721775e-07,0.99996483
/home/leo/Documentos/mestrado/DeepWeeds-Mobile/images/20171220-100230-2.jpg,8,8,8,8,1,0.9984586,0.00092100765,1.3493304e-06,6.2030723e-12,2.718661e-06,4.9719606e-10,0.0005957547,8.20058e-07,1.9731855e-05,0.9984586
/home/leo/Documentos/mestrado/DeepWeeds-Mobile/images/20170727-170810-3.jpg,4,3,4,3,0,0.44615048,0.00023032798,5.5065616e-06,0.05558137,0.44615048,0.36776033,6.33695e-06,1.9358896e-07,9.060134e-05,0.13017483
/home/leo/Documentos/mestrado/DeepWeeds-Mobile/images/20170501-145300-0.jpg,8,8,8,8,1,0.9974584,4.403035e-05,0.0013288693,5.8661676e-10,1.8870405e-05,1.2658493e-09,0.0009627458,1.2858867e-05,0.00017430489,0.9974584
/home/leo/Documentos/mestrado/DeepWeeds-Mobile/images/20180109-072732-1.jpg,8,8,8,8,1,0.5367054,2.491609e-07,3.749552e-09,1.1408418e-07,4.964065e-08,9.804536e-08,5.7823822e-06,0.46328756,7.631052e-07,0.5367054
/home/leo/Documentos/mestrado/DeepWeeds-Mobile/images/20180112-072250-1.jpg,8,8,8,8,1,0.8122475,0.0012805748,0.12752932,0.021970794,0.009725428,0.01686948,0.0007943691,0.009048391,0.00053422543,0.8122475
/home/leo/Documentos/mestrado/DeepWeeds-Mobile/images/20171212-105238-3.jpg,8,8,8,8,1,0.88975257,0.058376454,0.026109727,7.145976e-10,6.0925933e-05,7.99321e-07,1.7357671e-06,9.125104e-05,0.025606403,0.88975257
/home/leo/Documentos/mestrado/DeepWeeds-Mobile/images/20171113-133727-3.jpg,6,6,6,6,1,0.99944264,6.6545704e-06,5.8125483e-05,1.7779024e-09,1.496339e-09,4.8905675e-11,6.200911e-05,0.99944264,4.0432865e-06,0.00042658296
/home/leo/Documentos/mestrado/DeepWeeds-Mobile/images/20180109-072341-1.jpg,8,8,8,8,1,0.51326,1.2892443e-06,7.646318e-07,1.8228663e-09,1.659901e-08,3.2297978e-10,1.3262368e-05,0.48672077,3.941879e-06,0.51326
/home/leo/Documentos/mestrado/DeepWeeds-Mobile/images/20180125-094113-2.jpg,8,8,8,8,1,0.9892875,6.680967e-06,2.7413887e-09,0.00053155527,0.00028120508,0.009890182,1.6568962e-06,2.3270145e-07,1.0552171e-06,0.9892875
/home/leo/Documentos/mestrado/DeepWeeds-Mobile/images/20180109-071753-1.jpg,8,8,8,8,1,0.9845489,1.08529115e-07,1.5777798e-05,3.192304e-09,0.00024455,1.553849e-07,2.863594e-07,0.0151893385,8.8796725e-07,0.9845489
/home/leo/Documentos/mestrado/DeepWeeds-Mobile/images/20180322-114353-1.jpg,8,8,8,8,1,0.9989185,0.0007028047,2.2570077e-05,7.3985095e-05,3.6391484e-05,3.201504e-05,0.00018294816,1.9569073e-07,3.052485e-05,0.9989185
/home/leo/Documentos/mestrado/DeepWeeds-Mobile/images/20180125-095559-2.jpg,8,8,8,8,1,0.99954623,1.0754733e-09,2.4806815e-11,2.1783849e-11,0.00045303465,4.6666493e-08,7.168322e-07,4.716244e-10,7.430963e-11,0.99954623
/home/leo/Documentos/mestrado/DeepWeeds-Mobile/images/20180105-092305-2.jpg,8,8,8,8,1,0.99335045,4.4993154e-08,4.856617e-10,6.316506e-08,6.2834826e-09,1.0089701e-08,7.4864865e-08,0.006649333,4.315754e-09,0.99335045
/home/leo/Documentos/mestrado/DeepWeeds-Mobile/images/20170127-102141-0.jpg,1,1,1,1,1,0.9987074,5.1416177e-06,0.9987074,9.0974733e-10,1.5943924e-07,1.4212899e-10,6.0757976e-08,0.00013287953,0.00038758112,0.0007666463
/home/leo/Documentos/mestrado/DeepWeeds-Mobile/images/20170130-102504-0.jpg,1,1,1,1,1,0.98096895,0.003429259,0.98096895,3.2779576e-06,0.00016174954,6.897223e-06,7.454325e-05,4.586034e-05,0.0145527115,0.00075675984
/home/leo/Documentos/mestrado/DeepWeeds-Mobile/images/20180109-101630-1.jpg,8,8,8,8,1,0.919305,0.07234303,0.001021298,0.00026225974,0.0002459798,3.8077428e-06,9.3160925e-06,2.790218e-06,0.00680641,0.919305
/home/leo/Documentos/mestrado/DeepWeeds-Mobile/images/20171113-120908-2.jpg,6,6,6,6,1,0.93622404,5.6226683e-05,0.00042508866,9.0222166e-08,1.8624735e-06,6.841682e-10,0.00011130654,0.93622404,0.00031506206,0.062866226
/home/leo/Documentos/mestrado/DeepWeeds-Mobile/images/20180125-095318-1.jpg,8,8,8,8,1,0.99958295,2.9474942e-09,1.4856053e-09,4.1170276e-07,0.00041627162,1.404665e-07,7.808853e-08,1.344822e-07,2.4290046e-09,0.99958295
/home/leo/Documentos/mestrado/DeepWeeds-Mobile/images/20180105-091904-2.jpg,8,8,8,8,1,0.52284235,4.1060204e-05,3.20115e-05,9.42791e-10,8.966047e-07,3.2266103e-09,0.00062831375,0.47635722,9.817701e-05,0.52284235
/home/leo/Documentos/mestrado/DeepWeeds-Mobile/images/20180119-113519-2.jpg,8,8,8,8,1,0.75160253,4.4475837e-05,0.21933886,5.2698277e-09,1.8622555e-06,9.490797e-10,0.01393742,0.0149874,8.748492e-05,0.75160253
/home/leo/Documentos/mestrado/DeepWeeds-Mobile/images/20180112-081449-2.jpg,8,3,8,3,0,0.62632364,0.0018910295,0.0009608685,0.007056534,0.62632364,0.00016944879,3.8334674e-06,1.5674988e-05,0.004762052,0.35881692
/home/leo/Documentos/mestrado/DeepWeeds-Mobile/images/20171205-141306-2.jpg,8,8,8,8,1,0.9640858,0.0011169957,0.0011051405,2.350266e-08,0.0001034238,1.2141575e-07,0.032703184,0.000110906876,0.00077446224,0.9640858
/home/leo/Documentos/mestrado/DeepWeeds-Mobile/images/20180125-093430-2.jpg,8,8,8,8,1,0.9995664,1.0908087e-05,0.0002756077,9.78616e-07,2.1806658e-05,0.00011254943,7.6436413e-07,3.6583435e-06,7.242726e-06,0.9995664
/home/leo/Documentos/mestrado/DeepWeeds-Mobile/images/20180322-124924-1.jpg,8,8,8,8,1,0.98416924,2.8797453e-05,0.0056798724,0.0011307993,6.736953e-07,2.6507352e-05,0.00728535,0.0013933682,0.00028540957,0.98416924
/home/leo/Documentos/mestrado/DeepWeeds-Mobile/images/20170627-105017-0.jpg,7,7,7,7,1,0.90026957,0.045275953,0.017785246,1.7758024e-08,3.6896523e-07,2.9668218e-08,0.0008848313,0.0001393179,0.90026957,0.035644684
/home/leo/Documentos/mestrado/DeepWeeds-Mobile/images/20171109-073553-1.jpg,5,5,5,5,1,0.98720384,8.388402e-07,0.0007535429,1.5715058e-10,3.7455852e-10,1.4680671e-12,0.98720384,5.4437e-05,0.00027608662,0.011711256
/home/leo/Documentos/mestrado/DeepWeeds-Mobile/images/20180112-100647-2.jpg,8,8,8,8,1,0.54440403,0.13051634,0.0009343689,0.0001560244,9.1524754e-08,7.9346626e-07,0.31441996,1.154366e-05,0.009556953,0.54440403
/home/leo/Documentos/mestrado/DeepWeeds-Mobile/images/20170127-101933-0.jpg,1,1,1,1,1,0.9986301,4.2506745e-05,0.9986301,6.7887106e-11,2.5003084e-07,1.13127965e-10,2.3183372e-06,2.1164062e-05,0.00024094299,0.0010627569
/home/leo/Documentos/mestrado/DeepWeeds-Mobile/images/20180109-074924-1.jpg,8,8,8,8,1,0.80924207,0.0045096506,0.002551358,0.0001339117,0.0005073792,0.007847139,0.0069506387,0.14247236,0.025785582,0.80924207
/home/leo/Documentos/mestrado/DeepWeeds-Mobile/images/20180125-092422-1.jpg,8,8,8,8,1,0.9986493,1.09726436e-07,1.8107124e-07,6.9335284e-09,0.0013422174,6.511852e-07,8.278642e-07,6.7749593e-06,2.5650769e-08,0.9986493
/home/leo/Documentos/mestrado/DeepWeeds-Mobile/images/20171102-102717-3.jpg,2,2,2,2,1,0.99993646,2.741629e-07,8.6392885e-07,0.99993646,3.176044e-07,4.1199232e-06,2.6993808e-07,8.049689e-08,7.361113e-08,5.7506622e-05
/home/leo/Documentos/mestrado/DeepWeeds-Mobile/images/20180105-101147-2.jpg,8,8,8,8,1,0.99996483,1.2562686e-09,3.528072e-10,2.2468871e-09,4.028474e-08,1.018331e-07,7.1082756e-10,3.506593e-05,1.5772503e-09,0.99996483
/home/leo/Documentos/mestrado/DeepWeeds-Mobile/images/20180105-095900-2.jpg,8,8,8,8,1,0.9997946,1.9348692e-09,2.4919717e-09,1.1777997e-06,2.2241935e-09,2.074189e-07,1.1181489e-10,0.0002039213,2.8470126e-09,0.9997946
/home/leo/Documentos/mestrado/DeepWeeds-Mobile/images/20180112-070805-2.jpg,8,8,8,8,1,0.4403849,0.32601672,0.0042244606,0.005515216,0.00024470175,0.20541283,0.015250178,2.0792438e-06,0.0029490206,0.4403849
/home/leo/Documentos/mestrado/DeepWeeds-Mobile/images/20180322-130856-1.jpg,8,8,8,8,1,0.70634276,3.071956e-05,3.8147214e-06,0.00012104046,0.001844437,0.2916558,3.772438e-09,8.032283e-08,1.4000905e-06,0.70634276
/home/leo/Documentos/mestrado/DeepWeeds-Mobile/images/20171219-094406-3.jpg,8,8,8,8,1,0.7822054,7.698521e-05,2.0686726e-05,1.2953132e-08,2.8242545e-07,8.070504e-09,0.21760702,1.7981774e-06,8.77813e-05,0.7822054
/home/leo/Documentos/mestrado/DeepWeeds-Mobile/images/20171205-134529-2.jpg,8,8,8,8,1,0.99358606,0.0027412237,4.3923414e-05,6.377779e-08,7.090116e-06,2.975577e-07,0.0032374836,3.7989277e-05,0.00034586794,0.99358606
/home/leo/Documentos/mestrado/DeepWeeds-Mobile/images/20180112-080040-2.jpg,8,8,8,8,1,0.89358664,0.078205615,0.013757524,0.00028771724,0.0021036146,0.00013600757,3.8419123e-05,0.00024591835,0.0116384225,0.89358664
/home/leo/Documentos/mestrado/DeepWeeds-Mobile/images/20170315-085825-0.jpg,8,8,8,8,1,0.9689668,0.0049228864,0.025792936,1.3051876e-09,2.8990248e-08,2.5258833e-09,5.948237e-06,1.3788686e-05,0.0002976688,0.9689668
/home/leo/Documentos/mestrado/DeepWeeds-Mobile/images/20171025-081510-3.jpg,3,3,3,3,1,0.69007295,0.018003654,0.0033671134,0.0001362559,0.69007295,0.027261086,2.774522e-06,1.37837e-05,0.010188371,0.25095403
/home/leo/Documentos/mestrado/DeepWeeds-Mobile/images/20180105-095750-2.jpg,8,8,8,8,1,0.9917414,2.932107e-09,6.6991734e-10,4.527328e-08,1.7032705e-09,7.8405876e-10,1.6760359e-07,0.008257803,5.014433e-07,0.9917414
/home/leo/Documentos/mestrado/DeepWeeds-Mobile/images/20171122-102134-1.jpg,5,5,5,5,1,0.99998987,3.06693e-08,3.747959e-09,1.4624291e-13,5.055728e-13,2.6436544e-14,0.99998987,9.3446835e-07,2.834201e-09,9.135604e-06
/home/leo/Documentos/mestrado/DeepWeeds-Mobile/images/20171218-103746-2.jpg,8,0,8,0,0,0.5594563,0.5594563,0.050042894,6.5758927e-09,1.24713075e-08,1.6079035e-08,0.0019121182,5.4879132e-05,0.1483635,0.24017027
/home/leo/Documentos/mestrado/DeepWeeds-Mobile/images/20171220-093056-2.jpg,8,8,8,8,1,0.9998561,4.9844954e-07,6.375629e-08,1.1127986e-10,5.171122e-05,4.015875e-09,9.1623144e-05,1.7333315e-09,4.0420122e-08,0.9998561
/home/leo/Documentos/mestrado/DeepWeeds-Mobile/images/20171025-095851-1.jpg,3,3,3,3,1,0.9805654,9.02763e-05,0.00014345482,7.859881e-05,0.9805654,1.7163832e-07,1.680414e-07,2.9434088e-06,0.0007293854,0.018389432
/home/leo/Documentos/mestrado/DeepWeeds-Mobile/images/20171109-074141-3.jpg,5,5,5,5,1,0.97555315,6.8437344e-05,9.597115e-07,6.8492566e-11,9.489182e-10,7.9892293e-10,0.97555315,0.0010094154,3.2518856e-05,0.023335433
/home/leo/Documentos/mestrado/DeepWeeds-Mobile/images/20171220-093639-3.jpg,8,8,8,8,1,0.99911445,1.930442e-06,3.4450032e-10,1.4161858e-13,8.05374e-06,6.4956587e-09,0.0008752381,2.5737322e-08,3.7724828e-07,0.99911445
/home/leo/Documentos/mestrado/DeepWeeds-Mobile/images/20171109-092023-1.jpg,5,5,5,5,1,0.99986625,1.3150822e-07,9.4803504e-08,1.1161226e-12,3.5563213e-10,6.1222197e-13,0.99986625,2.670283e-07,2.4391504e-06,0.00013086597
/home/leo/Documentos/mestrado/DeepWeeds-Mobile/images/20180125-094205-1.jpg,8,8,8,8,1,0.9955714,1.4057429e-05,0.00016487349,9.7416676e-05,0.0023432903,0.0018027029,2.5736362e-08,5.128568e-06,1.2210796e-06,0.9955714
/home/leo/Documentos/mestrado/DeepWeeds-Mobile/images/20171113-142841-2.jpg,6,6,6,6,1,0.992808,1.3037114e-06,0.0071707587,4.2894155e-13,3.4289134e-12,2.808553e-13,2.9404492e-09,0.992808,1.9907693e-05,4.4178794e-08
/home/leo/Documentos/mestrado/DeepWeeds-Mobile/images/20171218-104320-2.jpg,8,8,8,8,1,0.98802674,4.0567753e-05,0.011690084,1.4112255e-12,6.505558e-08,7.348014e-11,7.0119895e-06,1.3368089e-06,0.00023430085,0.98802674
/home/leo/Documentos/mestrado/DeepWeeds-Mobile/images/20180105-101455-2.jpg,8,8,8,8,1,0.99900675,7.8057925e-09,2.289092e-08,1.0654728e-05,5.1113194e-09,6.194416e-08,6.304497e-07,0.0009816992,6.395633e-08,0.99900675
/home/leo/Documentos/mestrado/DeepWeeds-Mobile/images/20171212-100234-3.jpg,8,8,8,8,1,0.99861765,5.1609477e-06,1.8381432e-05,9.1767574e-12,0.001263338,1.4362869e-09,1.7242342e-06,4.1985427e-08,9.378549e-05,0.99861765
/home/leo/Documentos/mestrado/DeepWeeds-Mobile/images/20171113-115910-0.jpg,6,6,6,6,1,0.999881,3.965176e-06,0.00010917502,6.457827e-11,2.7429504e-08,3.4574715e-10,4.1311e-08,0.999881,4.034426e-06,1.7359598e-06
/home/leo/Documentos/mestrado/DeepWeeds-Mobile/images/20180109-072008-2.jpg,8,8,8,8,1,0.8345701,1.4300178e-06,2.2226839e-06,1.8814384e-05,2.568278e-07,1.1214393e-09,6.320818e-05,0.16534325,7.484584e-07,0.8345701
/home/leo/Documentos/mestrado/DeepWeeds-Mobile/images/20171219-094927-2.jpg,8,8,8,8,1,0.99610245,0.00042253456,3.5793892e-06,4.9478736e-08,0.00323273,4.1085755e-06,0.00022650792,5.79827e-08,8.018908e-06,0.99610245
/home/leo/Documentos/mestrado/DeepWeeds-Mobile/images/20171025-172200-3.jpg,3,3,3,3,1,0.76256037,0.005404666,0.060541917,0.0004293767,0.76256037,0.00088948384,0.00012870286,0.051548403,0.0036539366,0.11484314
/home/leo/Documentos/mestrado/DeepWeeds-Mobile/images/20180112-071211-2.jpg,8,8,8,8,1,0.4643301,0.07626694,0.0016552522,0.003951491,0.026596062,0.42484242,9.525898e-05,1.003515e-05,0.0022524055,0.4643301
/home/leo/Documentos/mestrado/DeepWeeds-Mobile/images/20180109-103722-2.jpg,8,8,8,8,1,0.97410554,0.00066098635,0.0036942754,0.010579655,0.010098311,0.00017156645,2.9042212e-05,0.00038424536,0.0002764545,0.97410554
/home/leo/Documentos/mestrado/DeepWeeds-Mobile/images/20170210-142739-0.jpg,7,7,7,7,1,0.9848556,0.015095236,7.928556e-08,1.2235822e-11,1.7795022e-09,2.1838928e-12,1.5753081e-06,9.807272e-10,0.9848556,4.7537695e-05
/home/leo/Documentos/mestrado/DeepWeeds-Mobile/images/20180125-100152-1.jpg,8,8,8,8,1,0.99777967,3.2937932e-09,4.3538878e-10,7.96173e-09,0.0022198216,2.4705832e-08,1.7826953e-07,3.1384283e-07,2.167392e-11,0.99777967
/home/leo/Documentos/mestrado/DeepWeeds-Mobile/images/20170727-152620-3.jpg,4,4,4,4,1,0.9747574,6.5432374e-05,2.312613e-08,0.00013443636,0.015167907,0.9747574,9.028044e-06,8.1597745e-10,4.498847e-05,0.009820751
/home/leo/Documentos/mestrado/DeepWeeds-Mobile/images/20170811-130259-1.jpg,0,0,0,0,1,0.9886645,0.9886645,0.00031424483,1.1743215e-07,2.3127367e-07,4.760679e-06,0.000550834,2.2555252e-08,0.008359397,0.002105939
/home/leo/Documentos/mestrado/DeepWeeds-Mobile/images/20170714-141300-2.jpg,1,6,1,6,0,0.65896475,9.471579e-05,0.32703698,7.159343e-08,1.3898876e-06,5.3326755e-08,1.9197021e-05,0.65896475,0.0009908193,0.012892049
/home/leo/Documentos/mestrado/DeepWeeds-Mobile/images/20180119-113541-2.jpg,8,8,8,8,1,0.9928756,3.8736664e-05,0.0005474224,7.458345e-11,1.0133763e-05,3.418741e-10,0.0063882866,1.30224125e-05,0.0001268532,0.9928756
/home/leo/Documentos/mestrado/DeepWeeds-Mobile/images/20180112-092157-1.jpg,8,8,8,8,1,0.6753245,0.0320079,0.22802825,0.0009307127,0.021254113,9.369528e-06,4.5421057e-05,0.00016138078,0.042238332,0.6753245
/home/leo/Documentos/mestrado/DeepWeeds-Mobile/images/20170315-091035-0.jpg,8,8,8,8,1,0.9996764,0.00023817206,1.0323176e-06,1.756084e-11,2.3325128e-10,2.1622934e-13,8.083713e-05,3.7898477e-07,3.0965352e-06,0.9996764
/home/leo/Documentos/mestrado/DeepWeeds-Mobile/images/20171220-092615-3.jpg,8,8,8,8,1,0.9871109,9.715271e-05,3.4813846e-07,9.0691364e-11,0.012550234,9.548514e-06,0.00021367127,7.366388e-09,1.8044278e-05,0.9871109
/home/leo/Documentos/mestrado/DeepWeeds-Mobile/images/20171113-092453-3.jpg,5,5,5,5,1,0.9999552,5.033514e-06,3.167837e-10,1.397718e-13,1.5094145e-10,2.0491967e-12,0.9999552,7.651045e-06,8.650746e-07,3.1290674e-05
/home/leo/Documentos/mestrado/DeepWeeds-Mobile/images/20171218-105931-3.jpg,8,8,8,8,1,0.9672106,0.0010922878,0.0009804309,4.8316817e-08,3.3235273e-07,8.890328e-09,0.009228185,2.6335395e-06,0.02148555,0.9672106
/home/leo/Documentos/mestrado/DeepWeeds-Mobile/images/20180109-071546-1.jpg,8,6,8,6,0,0.9810354,3.5346366e-06,0.000107326305,5.6949926e-07,1.4155935e-07,9.312882e-08,1.0585045e-06,0.9810354,4.432791e-05,0.01880758
/home/leo/Documentos/mestrado/DeepWeeds-Mobile/images/20180322-113018-2.jpg,8,8,8,8,1,0.98310006,1.0274535e-05,1.6604594e-05,0.014710998,0.002111267,3.6248548e-05,1.7461828e-07,1.2515985e-05,1.8672316e-06,0.98310006
/home/leo/Documentos/mestrado/DeepWeeds-Mobile/images/20180125-093121-1.jpg,8,8,8,8,1,0.99973947,2.6698617e-06,2.283988e-05,5.972507e-07,8.751206e-05,0.00014321491,1.980612e-07,3.0159786e-06,4.647016e-07,0.99973947
/home/leo/Documentos/mestrado/DeepWeeds-Mobile/images/20170718-132228-2.jpg,7,7,7,7,1,0.9191121,0.03030267,0.030340323,1.333954e-06,0.00024234645,1.9515459e-05,3.0482965e-05,0.00015485458,0.9191121,0.019796375
/home/leo/Documentos/mestrado/DeepWeeds-Mobile/images/20171122-102213-1.jpg,5,5,5,5,1,0.99652016,6.387899e-07,3.1482173e-07,2.3031046e-11,9.425593e-10,8.3318427e-13,0.99652016,3.557611e-06,7.238766e-08,0.003475226
/home/leo/Documentos/mestrado/DeepWeeds-Mobile/images/20171109-092940-1.jpg,5,5,5,5,1,0.9963556,2.2942797e-06,8.911397e-09,1.186435e-12,5.182583e-11,2.2787286e-11,0.9963556,3.7945902e-10,1.1048255e-07,0.003641932
/home/leo/Documentos/mestrado/DeepWeeds-Mobile/images/20171113-134157-3.jpg,6,6,6,6,1,0.99001676,9.155275e-07,0.00025792912,2.9090697e-07,7.752878e-08,6.196547e-09,3.9172293e-05,0.99001676,1.0786808e-06,0.009683838
/home/leo/Documentos/mestrado/DeepWeeds-Mobile/images/20180119-110050-1.jpg,8,8,8,8,1,0.98392236,3.348607e-05,0.0025511328,7.1397435e-09,0.00027486464,1.721539e-08,0.0014041184,0.011744034,7.0066984e-05,0.98392236
/home/leo/Documentos/mestrado/DeepWeeds-Mobile/images/20171102-121318-1.jpg,2,2,2,2,1,0.97079134,0.0009759446,1.8105133e-05,0.97079134,0.014135522,0.005077415,5.765246e-07,2.2721552e-07,8.007092e-05,0.008920809
/home/leo/Documentos/mestrado/DeepWeeds-Mobile/images/20170913-101102-3.jpg,5,5,5,5,1,0.99960434,3.1226464e-05,3.886505e-08,1.716992e-06,8.545535e-05,1.0684894e-06,0.99960434,3.8722635e-07,8.106085e-06,0.00026762023
/home/leo/Documentos/mestrado/DeepWeeds-Mobile/images/20180109-092549-2.jpg,8,8,8,8,1,0.93240196,0.06194012,5.2353505e-05,8.3420053e-07,9.217205e-08,1.5032194e-07,0.0003461935,2.7156275e-06,0.005255586,0.93240196
/home/leo/Documentos/mestrado/DeepWeeds-Mobile/images/20180112-094256-1.jpg,8,1,8,1,0,0.7937697,0.0010256759,0.7937697,1.6737775e-06,3.843804e-05,1.4078297e-06,0.00017809437,0.010532717,0.020338194,0.17411408
/home/leo/Documentos/mestrado/DeepWeeds-Mobile/images/20180125-132637-2.jpg,8,8,8,8,1,0.9990402,0.00033360522,9.407237e-05,2.6896592e-09,9.691241e-05,7.6787175e-05,2.172168e-07,6.126756e-05,0.00029697508,0.9990402
/home/leo/Documentos/mestrado/DeepWeeds-Mobile/images/20170706-113540-0.jpg,7,7,7,7,1,0.670242,0.0490027,0.017606284,3.6574813e-05,7.0299924e-05,8.381272e-06,0.00032654815,8.0544014e-05,0.670242,0.26262653
/home/leo/Documentos/mestrado/DeepWeeds-Mobile/images/20170714-122030-2.jpg,1,1,1,1,1,0.9535578,0.0018910454,0.9535578,4.8990936e-09,3.8278314e-09,9.9063834e-11,0.024268935,0.006725753,0.0032163674,0.010340145
/home/leo/Documentos/mestrado/DeepWeeds-Mobile/images/20180109-071259-1.jpg,8,6,8,6,0,0.9821828,4.665928e-06,2.5034635e-07,9.67967e-08,1.4655596e-08,2.050535e-07,5.490173e-06,0.9821828,3.131034e-05,0.017775122
/home/leo/Documentos/mestrado/DeepWeeds-Mobile/images/20171220-100930-1.jpg,8,8,8,8,1,0.99997735,9.180355e-06,7.4583346e-07,2.4819371e-14,5.0721173e-06,5.6345644e-12,2.8102722e-06,1.04397495e-08,4.797703e-06,0.99997735
/home/leo/Documentos/mestrado/DeepWeeds-Mobile/images/20180105-104800-1.jpg,8,8,8,8,1,0.9805886,2.7217757e-05,7.01568e-05,7.1846107e-06,3.0870904e-08,4.7380997e-09,1.6491078e-05,0.019286554,3.765754e-06,0.9805886
/home/leo/Documentos/mestrado/DeepWeeds-Mobile/images/20170920-115656-2.jpg,2,2,2,2,1,0.99079895,6.8565564e-06,1.8051185e-09,0.99079895,0.00019322515,0.0036803393,1.8826485e-09,4.081319e-09,4.4304207e-07,0.0053201644
/home/leo/Documentos/mestrado/DeepWeeds-Mobile/images/20170304-130909-0.jpg,7,7,7,7,1,0.95402676,0.044299792,9.600509e-06,1.9280475e-11,1.5337942e-07,2.238241e-09,1.9502653e-07,2.0117366e-10,0.95402676,0.001663603
/home/leo/Documentos/mestrado/DeepWeeds-Mobile/images/20170714-141314-3.jpg,1,1,1,1,1,0.9158278,0.0059276577,0.9158278,7.275157e-06,0.00016386714,0.000104278864,6.0237548e-05,0.049299434,0.01260624,0.016003218
/home/leo/Documentos/mestrado/DeepWeeds-Mobile/images/20170913-102830-2.jpg,3,3,3,3,1,0.559059,2.9327968e-05,5.851547e-06,0.2980208,0.559059,0.14156476,0.00030796885,5.0033705e-08,5.6080728e-05,0.00095619913
/home/leo/Documentos/mestrado/DeepWeeds-Mobile/images/20180112-101611-2.jpg,8,8,8,8,1,0.99520916,0.0002756101,6.433684e-05,9.180273e-07,1.0097679e-07,4.5925117e-07,0.0015563257,9.435479e-05,0.0027987415,0.99520916
/home/leo/Documentos/mestrado/DeepWeeds-Mobile/images/20171219-105531-3.jpg,8,8,8,8,1,0.9999858,2.0095335e-06,1.4432658e-07,8.1233295e-13,2.4280969e-06,1.3040952e-08,9.047288e-06,5.564311e-10,5.003537e-07,0.9999858
/home/leo/Documentos/mestrado/DeepWeeds-Mobile/images/20170714-120008-1.jpg,1,1,1,1,1,0.9888455,0.00855608,0.9888455,9.987832e-10,3.838439e-08,1.8329805e-08,1.3633813e-06,0.00016027433,0.002162808,0.0002737919
/home/leo/Documentos/mestrado/DeepWeeds-Mobile/images/20171212-100705-1.jpg,8,5,8,5,0,0.57668173,0.0047888584,0.0008948216,1.176628e-06,0.00030646837,9.0474964e-07,0.57668173,3.362616e-05,0.0047016623,0.41259068
/home/leo/Documentos/mestrado/DeepWeeds-Mobile/images/20171218-122016-2.jpg,8,8,8,8,1,0.9998373,1.4091058e-05,1.1601023e-06,1.3116533e-13,8.5419197e-07,1.1880783e-09,1.2677585e-06,4.3931284e-10,0.00014530518,0.9998373
/home/leo/Documentos/mestrado/DeepWeeds-Mobile/images/20170913-130341-3.jpg,5,5,5,5,1,0.9942554,0.0006575921,3.984823e-06,1.5274812e-06,0.00043611976,1.3941771e-05,0.9942554,0.0008055212,0.00018448764,0.0036413032
/home/leo/Documentos/mestrado/DeepWeeds-Mobile/images/20170729-092913-3.jpg,4,4,4,4,1,0.90350926,0.017935093,6.302312e-06,3.9548486e-05,0.002330472,0.90350926,9.1338467e-07,1.0474487e-09,0.0114626745,0.06471583
/home/leo/Documentos/mestrado/DeepWeeds-Mobile/images/20180109-104616-2.jpg,8,8,8,8,1,0.97296417,0.008709144,0.0079431925,0.00025654145,0.0039922176,1.1739247e-05,0.0004966049,0.004224512,0.0014019659,0.97296417
/home/leo/Documentos/mestrado/DeepWeeds-Mobile/images/20171113-060523-1.jpg,5,5,5,5,1,0.9016316,1.0819345e-05,4.65764e-06,8.3935596e-08,8.18676e-05,4.208638e-06,0.9016316,1.47042365e-05,2.4209641e-05,0.09822792
/home/leo/Documentos/mestrado/DeepWeeds-Mobile/images/20170727-162730-3.jpg,4,4,4,4,1,0.98605573,0.00028152647,1.2675521e-06,9.911807e-07,0.005365503,0.98605573,3.773754e-09,4.3736685e-12,0.00013335951,0.008161598
/home/leo/Documentos/mestrado/DeepWeeds-Mobile/images/20180322-130253-1.jpg,8,8,8,8,1,0.99796623,0.0009377519,0.0010740346,1.293451e-06,1.8353558e-07,4.611588e-06,9.846266e-06,8.808909e-07,5.1446664e-06,0.99796623
/home/leo/Documentos/mestrado/DeepWeeds-Mobile/images/20170811-124924-2.jpg,0,0,0,0,1,0.9918325,0.9918325,5.270125e-05,3.1917884e-09,1.0998687e-07,1.8579635e-07,0.00028513893,2.3460622e-07,0.0006111056,0.007217923
/home/leo/Documentos/mestrado/DeepWeeds-Mobile/images/20180125-133410-3.jpg,8,8,8,8,1,0.9776537,0.0015801464,0.0051408666,0.00073442224,0.0013579715,0.00052215095,0.0033265909,0.0064317207,0.00325251,0.9776537
/home/leo/Documentos/mestrado/DeepWeeds-Mobile/images/20180322-113720-1.jpg,8,5,8,5,0,0.7535884,0.00031674904,4.6037247e-05,1.4327627e-07,3.4547352e-07,2.7079108e-09,0.7535884,0.00066782086,1.3136866e-05,0.24536745
/home/leo/Documentos/mestrado/DeepWeeds-Mobile/images/20180112-103609-2.jpg,8,8,8,8,1,0.9090705,0.0013907317,9.098349e-06,3.1004913e-06,2.0096677e-05,3.1935315e-08,0.0881006,0.0013501924,5.5718996e-05,0.9090705
/home/leo/Documentos/mestrado/DeepWeeds-Mobile/images/20170714-135350-3.jpg,1,1,1,1,1,0.9999696,9.956013e-06,0.9999696,3.7218916e-15,1.2850572e-11,1.1597806e-13,1.4457308e-10,1.0817646e-05,9.528268e-06,4.029085e-08
/home/leo/Documentos/mestrado/DeepWeeds-Mobile/images/20180109-092552-1.jpg,8,8,8,8,1,0.9255712,0.020536613,0.052982364,6.0599967e-05,5.0391198e-05,3.154464e-06,9.026398e-05,0.0002260191,0.00047933924,0.9255712
/home/leo/Documentos/mestrado/DeepWeeds-Mobile/images/20180105-095321-2.jpg,8,8,8,8,1,0.9712775,9.3445684e-05,2.5290425e-05,5.339265e-06,0.00015484332,2.9487503e-05,4.901555e-05,0.028292242,7.280986e-05,0.9712775
/home/leo/Documentos/mestrado/DeepWeeds-Mobile/images/20180125-101600-1.jpg,8,8,8,8,1,0.9954501,3.0191767e-08,9.866299e-09,5.281274e-08,0.0045473473,8.028273e-08,2.38781e-06,8.474341e-08,2.4264785e-10,0.9954501
/home/leo/Documentos/mestrado/DeepWeeds-Mobile/images/20180125-094953-2.jpg,8,8,8,8,1,0.99989414,6.662553e-07,5.0581125e-08,2.7300875e-09,2.6908087e-05,5.575751e-05,2.233296e-05,8.599836e-09,1.0979125e-09,0.99989414
/home/leo/Documentos/mestrado/DeepWeeds-Mobile/images/20180119-105359-2.jpg,8,8,8,8,1,0.52188027,0.0011490529,0.3763703,1.0066965e-05,6.167902e-06,2.013633e-06,0.051269285,0.048635706,0.00067716575,0.52188027
/home/leo/Documentos/mestrado/DeepWeeds-Mobile/images/20180112-082416-1.jpg,8,8,8,8,1,0.8847698,0.009617246,0.07309215,1.6247594e-05,0.018284414,1.3570505e-05,1.8488547e-05,7.88499e-05,0.014109169,0.8847698
/home/leo/Documentos/mestrado/DeepWeeds-Mobile/images/20180125-133357-2.jpg,8,8,8,8,1,0.9980076,7.060801e-05,0.0002675477,8.95289e-09,0.0010561723,0.00050897076,4.2494975e-08,2.4575298e-05,6.455037e-05,0.9980076
/home/leo/Documentos/mestrado/DeepWeeds-Mobile/images/20180322-125142-1.jpg,8,8,8,8,1,0.99502933,7.5486525e-07,0.004543839,0.00015867059,2.0015355e-07,1.2675852e-06,0.00024066816,2.4275372e-05,1.058693e-06,0.99502933
/home/leo/Documentos/mestrado/DeepWeeds-Mobile/images/20170920-100519-2.jpg,2,2,2,2,1,0.9973559,1.3512759e-07,1.1492408e-06,0.9973559,4.201798e-07,6.6996313e-06,1.16506826e-07,4.3127097e-06,4.581671e-08,0.0026311958
/home/leo/Documentos/mestrado/DeepWeeds-Mobile/images/20171121-081427-2.jpg,6,8,6,8,0,0.82850665,0.006376042,0.00024090701,1.0586416e-08,1.841582e-08,1.5984812e-08,0.0006353686,0.15139861,0.012842446,0.82850665
/home/leo/Documentos/mestrado/DeepWeeds-Mobile/images/20171113-104328-0.jpg,6,6,6,6,1,0.9999398,4.9054296e-07,2.3920488e-06,9.260276e-11,2.069473e-11,3.81339e-12,1.2881749e-07,0.9999398,5.008887e-07,5.667608e-05
/home/leo/Documentos/mestrado/DeepWeeds-Mobile/images/20170405-154756-0.jpg,0,8,0,8,0,0.87286043,0.10586949,0.00024562617,3.2689053e-11,4.190792e-06,1.3991337e-10,7.7379606e-05,5.534426e-08,0.020942716,0.87286043
/home/leo/Documentos/mestrado/DeepWeeds-Mobile/images/20170920-100219-3.jpg,2,2,2,2,1,0.99527705,7.132837e-06,4.2770644e-06,0.99527705,0.00014499752,0.0008415584,5.068433e-07,7.354075e-07,2.1311973e-06,0.0037216435
/home/leo/Documentos/mestrado/DeepWeeds-Mobile/images/20180125-102109-2.jpg,8,8,8,8,1,0.99436045,3.8097335e-06,5.4348842e-08,6.298434e-08,0.0056071794,9.0857e-06,1.9098145e-05,1.488909e-07,1.754669e-08,0.99436045
/home/leo/Documentos/mestrado/DeepWeeds-Mobile/images/20171219-101010-2.jpg,8,8,8,8,1,0.9934729,0.0003525245,0.00080554263,0.001130556,0.00014793273,0.0040580174,8.88528e-08,1.0579109e-05,2.1877422e-05,0.9934729
/home/leo/Documentos/mestrado/DeepWeeds-Mobile/images/20170728-120233-2.jpg,4,4,4,4,1,0.99629766,2.6051984e-07,3.0463694e-09,0.0033233156,9.896361e-06,0.99629766,0.0001229101,1.36076705e-08,8.173301e-07,0.00024515548
/home/leo/Documentos/mestrado/DeepWeeds-Mobile/images/20180125-092713-1.jpg,8,8,8,8,1,0.999931,3.388959e-07,3.224281e-06,3.1826002e-09,1.7447262e-07,3.5768946e-09,5.9922513e-05,4.6891632e-06,7.348213e-07,0.999931
/home/leo/Documentos/mestrado/DeepWeeds-Mobile/images/20180119-111602-2.jpg,8,8,8,8,1,0.9991386,4.8584766e-06,0.0008487851,1.6872123e-07,2.357609e-06,5.0672463e-07,3.6172835e-07,4.025622e-06,3.9594718e-07,0.9991386
/home/leo/Documentos/mestrado/DeepWeeds-Mobile/images/20170714-111501-2.jpg,1,1,1,1,1,0.9996695,1.9102528e-05,0.9996695,2.2781341e-10,2.6998737e-12,8.6609504e-11,1.1483437e-07,0.00030108535,8.111701e-06,1.998596e-06
/home/leo/Documentos/mestrado/DeepWeeds-Mobile/images/20171113-145319-3.jpg,6,6,6,6,1,0.9988476,6.5601007e-06,0.0010606209,1.3259844e-11,3.371618e-10,4.9999553e-12,8.811305e-08,0.9988476,3.94546e-05,4.566973e-05
/home/leo/Documentos/mestrado/DeepWeeds-Mobile/images/20170718-102030-2.jpg,7,7,7,7,1,0.82140744,0.0331604,0.01188372,0.0001601995,0.0005426581,0.00025803174,0.0008346463,3.0289208e-05,0.82140744,0.1317226
/home/leo/Documentos/mestrado/DeepWeeds-Mobile/images/20171218-104928-2.jpg,8,8,8,8,1,0.9785048,4.020816e-06,0.02121468,4.3585784e-11,2.0719595e-05,1.0474774e-09,1.22236e-06,4.198354e-05,0.00021258304,0.9785048
/home/leo/Documentos/mestrado/DeepWeeds-Mobile/images/20170811-112559-1.jpg,0,0,0,0,1,0.5598471,0.5598471,0.025001751,2.1075982e-06,1.5627337e-06,3.7532318e-06,0.038363956,2.091479e-05,0.22929242,0.14746642
/home/leo/Documentos/mestrado/DeepWeeds-Mobile/images/20180125-130207-2.jpg,8,8,8,8,1,0.99993396,2.9917277e-05,5.2327886e-07,1.9204221e-07,3.9490484e-08,5.7485687e-09,2.982455e-05,1.1680303e-06,4.4110398e-06,0.99993396
/home/leo/Documentos/mestrado/DeepWeeds-Mobile/images/20171220-091804-3.jpg,8,8,8,8,1,0.9969133,0.0003125953,7.909664e-07,3.280197e-10,4.9771344e-05,2.7410914e-08,9.6757474e-05,0.0002766867,0.0023501152,0.9969133
/home/leo/Documentos/mestrado/DeepWeeds-Mobile/images/20170217-145312-0.jpg,7,7,7,7,1,0.9732099,0.026698623,8.653215e-09,7.071063e-10,1.39384355e-11,4.500189e-11,8.830086e-06,5.5475436e-08,0.9732099,8.257988e-05
/home/leo/Documentos/mestrado/DeepWeeds-Mobile/images/20171121-082850-2.jpg,6,6,6,6,1,0.9726739,6.252227e-06,4.2257692e-05,1.082503e-09,1.6154295e-11,6.542754e-12,7.3248766e-06,0.9726739,0.0003928052,0.026877537
/home/leo/Documentos/mestrado/DeepWeeds-Mobile/images/20180125-092521-2.jpg,8,8,8,8,1,0.9737408,0.0010354874,0.00026890842,0.018271167,0.0001543687,0.006387035,2.926263e-07,0.00011116237,3.0601797e-05,0.9737408
/home/leo/Documentos/mestrado/DeepWeeds-Mobile/images/20170718-101402-2.jpg,0,8,0,8,0,0.91355926,0.035681326,0.00028658178,4.6135934e-10,0.0006552539,6.463938e-08,0.019126693,6.0162824e-07,0.030690154,0.91355926
/home/leo/Documentos/mestrado/DeepWeeds-Mobile/images/20171218-110654-3.jpg,8,8,8,8,1,0.95661527,0.026966672,0.0032270434,0.0004229655,0.00917012,0.0018394014,2.866284e-07,2.6086718e-05,0.001732085,0.95661527
/home/leo/Documentos/mestrado/DeepWeeds-Mobile/images/20170714-142112-2.jpg,1,1,1,1,1,0.9881876,0.0001761423,0.9881876,1.1528471e-08,8.170456e-08,3.5652775e-08,7.1938975e-06,0.010500353,0.0009904524,0.00013809702
/home/leo/Documentos/mestrado/DeepWeeds-Mobile/images/20170811-115130-2.jpg,0,0,0,0,1,0.96218544,0.96218544,0.018780133,1.5368505e-10,2.5160303e-09,2.8905638e-09,4.1044486e-06,2.0738447e-05,0.007670911,0.011338552
/home/leo/Documentos/mestrado/DeepWeeds-Mobile/images/20170727-172057-3.jpg,4,8,4,8,0,0.7450046,0.028908875,0.026758902,7.4490505e-05,0.089445285,0.03073555,3.293724e-05,0.0005872194,0.07845219,0.7450046
/home/leo/Documentos/mestrado/DeepWeeds-Mobile/images/20180112-080831-2.jpg,8,8,8,8,1,0.95377344,0.01328864,2.884122e-05,0.0013286213,0.026354307,0.0025631054,8.987158e-08,1.8224917e-07,0.002662769,0.95377344
/home/leo/Documentos/mestrado/DeepWeeds-Mobile/images/20180109-080409-1.jpg,8,8,8,8,1,0.9918888,2.128928e-05,4.7330923e-06,4.4611457e-07,4.4246326e-06,2.6086906e-07,6.134953e-05,0.007898184,0.00012054747,0.9918888
/home/leo/Documentos/mestrado/DeepWeeds-Mobile/images/20171218-104341-2.jpg,8,8,8,8,1,0.90474856,2.0216008e-05,0.09406434,2.2724228e-10,0.00033370336,3.2111847e-09,2.8834222e-05,0.00013549153,0.0006689248,0.90474856
/home/leo/Documentos/mestrado/DeepWeeds-Mobile/images/20170718-132427-2.jpg,7,1,7,1,0,0.44329727,0.018477462,0.44329727,9.404823e-05,0.008645006,0.0015129559,2.6717025e-05,0.0012499731,0.38286486,0.14383173
/home/leo/Documentos/mestrado/DeepWeeds-Mobile/images/20180105-092221-3.jpg,8,8,8,8,1,0.9915652,1.702723e-07,1.9013625e-07,1.251245e-06,2.8333164e-07,2.3346544e-08,2.0940784e-06,0.008430607,2.398835e-07,0.9915652
/home/leo/Documentos/mestrado/DeepWeeds-Mobile/images/20170727-145602-3.jpg,4,4,4,4,1,0.9981735,6.6568787e-06,6.8698663e-10,1.4973521e-05,0.0017053623,0.9981735,3.25179e-08,7.00586e-13,8.523973e-07,9.863251e-05
/home/leo/Documentos/mestrado/DeepWeeds-Mobile/images/20180109-074002-2.jpg,8,8,8,8,1,0.9515635,1.6911463e-05,5.50395e-05,2.041737e-09,1.9124453e-09,3.6011003e-12,6.9682324e-06,0.048340306,1.730564e-05,0.9515635
/home/leo/Documentos/mestrado/DeepWeeds-Mobile/images/20170714-142121-3.jpg,1,1,1,1,1,0.99997365,1.1143346e-06,0.99997365,9.72656e-16,2.6173452e-11,3.1333798e-13,2.1433053e-10,2.18404e-05,3.370192e-06,1.1349114e-08
/home/leo/Documentos/mestrado/DeepWeeds-Mobile/images/20171025-094114-2.jpg,3,3,3,3,1,0.9875387,0.0007687798,2.3262422e-05,0.0004293722,0.9875387,0.00017159923,1.4219793e-08,1.4313954e-07,1.6773544e-06,0.011066424
/home/leo/Documentos/mestrado/DeepWeeds-Mobile/images/20171220-100600-2.jpg,8,8,8,8,1,0.9998468,1.476721e-06,1.0411712e-06,4.372851e-12,0.00014932707,4.02352e-09,3.416895e-08,5.9980295e-07,7.275066e-07,0.9998468
/home/leo/Documentos/mestrado/DeepWeeds-Mobile/images/20170811-134322-1.jpg,0,0,0,0,1,0.969401,0.969401,0.0006218874,7.920957e-09,1.230449e-07,1.16274364e-07,0.0018839205,4.5533197e-05,0.0029048724,0.025142465
/home/leo/Documentos/mestrado/DeepWeeds-Mobile/images/20180125-131503-2.jpg,8,8,8,8,1,0.98180103,0.0013753813,0.003674838,1.813245e-05,0.0013973635,0.00041099417,0.0011852378,0.009839137,0.00029784447,0.98180103
/home/leo/Documentos/mestrado/DeepWeeds-Mobile/images/20180125-133255-2.jpg,8,8,8,8,1,0.9708076,0.00021600365,0.02756587,1.237423e-07,2.1856038e-05,0.00025651584,4.04381e-07,0.0001437704,0.0009878825,0.9708076
/home/leo/Documentos/mestrado/DeepWeeds-Mobile/images/20180125-100845-1.jpg,8,8,8,8,1,0.9999672,4.4999656e-08,3.1412756e-06,8.9073155e-06,2.6485558e-10,2.5915892e-09,1.0563898e-05,1.01832675e-05,7.691268e-09,0.9999672
/home/leo/Documentos/mestrado/DeepWeeds-Mobile/images/20171212-105227-1.jpg,8,8,8,8,1,0.9043464,0.0009865611,0.088297434,6.0569887e-09,0.0016379907,1.0826208e-08,0.0004894611,1.1373433e-05,0.004230741,0.9043464
/home/leo/Documentos/mestrado/DeepWeeds-Mobile/images/20180112-092231-1.jpg,8,8,8,8,1,0.9906459,0.0047989828,0.00021890872,7.825346e-05,0.0034179657,2.839183e-06,2.2332648e-07,0.0006535747,0.00018340918,0.9906459
/home/leo/Documentos/mestrado/DeepWeeds-Mobile/images/20170920-095212-2.jpg,2,2,2,2,1,0.9919057,4.9347207e-08,3.1880738e-06,0.9919057,1.3354352e-07,8.809609e-06,1.0788163e-08,1.2780407e-05,5.6410667e-09,0.008069375
/home/leo/Documentos/mestrado/DeepWeeds-Mobile/images/20180125-092639-1.jpg,8,8,8,8,1,0.9999988,8.844634e-10,2.1696918e-10,2.1993338e-09,1.0810454e-09,3.653924e-08,1.2190839e-06,1.5598657e-08,2.6572102e-11,0.9999988
/home/leo/Documentos/mestrado/DeepWeeds-Mobile/images/20170803-133045-1.jpg,0,1,0,1,0,0.3828667,0.021702383,0.3828667,2.0909074e-05,0.00027237943,8.915591e-06,3.8762297e-05,0.2814352,0.039577823,0.274077
/home/leo/Documentos/mestrado/DeepWeeds-Mobile/images/20170913-104650-2.jpg,3,3,3,3,1,0.9835493,7.3526126e-06,1.8243921e-07,1.6222906e-05,0.9835493,0.002094089,1.8868527e-06,4.228522e-09,1.37901255e-08,0.014330948
/home/leo/Documentos/mestrado/DeepWeeds-Mobile/images/20180105-104604-1.jpg,8,8,8,8,1,0.9255278,8.171338e-05,9.909341e-05,0.0043439176,5.677121e-07,8.8720594e-07,0.00029321737,0.06964811,4.6862033e-06,0.9255278
/home/leo/Documentos/mestrado/DeepWeeds-Mobile/images/20171205-134707-2.jpg,8,8,8,8,1,0.94840443,0.00013809153,0.0071217245,1.8021276e-09,3.2825866e-07,1.2523484e-10,0.04401641,1.6609249e-05,0.00030239904,0.94840443
/home/leo/Documentos/mestrado/DeepWeeds-Mobile/images/20170920-135837-2.jpg,2,2,2,2,1,0.9936947,1.2558684e-06,4.875781e-10,0.9936947,0.0012767399,0.0031194303,9.028991e-08,3.4938202e-10,7.804036e-08,0.0019077671
/home/leo/Documentos/mestrado/DeepWeeds-Mobile/images/20170714-114743-3.jpg,1,1,1,1,1,0.9999975,3.750562e-09,0.9999975,2.3803477e-14,9.806359e-11,8.497207e-15,2.188655e-10,4.5489806e-08,1.4903183e-08,2.4085814e-06
/home/leo/Documentos/mestrado/DeepWeeds-Mobile/images/20171113-131321-2.jpg,6,6,6,6,1,0.9993265,1.3270848e-05,3.5272643e-07,9.989395e-05,2.1383305e-06,0.00030825014,6.073343e-07,0.9993265,5.179999e-05,0.00019700953
/home/leo/Documentos/mestrado/DeepWeeds-Mobile/images/20180119-111123-2.jpg,8,8,8,8,1,0.99973255,3.6486306e-06,3.3871286e-06,6.511784e-10,1.7859334e-06,4.952582e-10,0.00024955432,4.1080475e-06,4.957086e-06,0.99973255
/home/leo/Documentos/mestrado/DeepWeeds-Mobile/images/20180125-092015-2.jpg,8,8,8,8,1,0.8472424,0.0002265397,0.00013275129,0.00022874016,0.014837624,0.13715716,2.0065517e-08,6.1931e-08,0.0001747839,0.8472424
/home/leo/Documentos/mestrado/DeepWeeds-Mobile/images/20170728-152311-1.jpg,8,5,8,5,0,0.5747685,0.00044067073,1.0859179e-05,8.941014e-06,0.1113184,0.24069475,0.5747685,1.0825438e-09,0.0026968932,0.07006107
/home/leo/Documentos/mestrado/DeepWeeds-Mobile/images/20171220-093232-3.jpg,8,8,8,8,1,0.99612504,5.242708e-06,3.5722967e-09,1.2692289e-12,1.2536463e-05,1.0676027e-07,0.003854628,8.6701e-08,2.3803245e-06,0.99612504
/home/leo/Documentos/mestrado/DeepWeeds-Mobile/images/20171122-101719-1.jpg,5,5,5,5,1,0.9741252,3.9239555e-07,1.2361917e-07,1.764862e-11,5.2665766e-10,1.9626838e-13,0.9741252,1.2073061e-08,3.8983745e-09,0.025874313
/home/leo/Documentos/mestrado/DeepWeeds-Mobile/images/20180119-104517-1.jpg,8,8,8,8,1,0.8618888,3.53874e-05,0.00440515,0.000624087,2.9380315e-06,3.2106702e-05,6.0398054e-07,0.1329975,1.3417087e-05,0.8618888
/home/leo/Documentos/mestrado/DeepWeeds-Mobile/images/20170704-152032-0.jpg,0,0,0,0,1,0.9997557,0.9997557,1.658837e-07,3.227856e-14,4.795858e-15,4.3277066e-12,7.0947145e-08,1.1285784e-10,4.3967745e-07,0.00024355059
/home/leo/Documentos/mestrado/DeepWeeds-Mobile/images/20171025-091829-2.jpg,3,3,3,3,1,0.9939218,2.2145181e-05,1.5316291e-05,1.5635463e-06,0.9939218,1.4497032e-06,1.3619712e-10,2.3295374e-06,3.951088e-06,0.006031494
/home/leo/Documentos/mestrado/DeepWeeds-Mobile/images/20170920-095354-1.jpg,2,2,2,2,1,0.99691004,6.7110136e-08,4.392601e-09,0.99691004,2.5388708e-08,6.416826e-06,4.267408e-08,1.447077e-06,2.6564342e-08,0.0030818984
/home/leo/Documentos/mestrado/DeepWeeds-Mobile/images/20170920-130628-2.jpg,2,2,2,2,1,0.99956685,4.8049897e-06,8.5387063e-07,0.99956685,2.1741258e-05,0.00013701669,4.869504e-06,6.65047e-07,2.770365e-07,0.000262783
/home/leo/Documentos/mestrado/DeepWeeds-Mobile/images/20180109-095930-2.jpg,8,8,8,8,1,0.9589796,0.017022952,0.0007545131,3.130585e-06,0.00023832002,1.6562616e-06,0.011643494,0.010986695,0.00036969996,0.9589796
/home/leo/Documentos/mestrado/DeepWeeds-Mobile/images/20170129-102040-0.jpg,8,8,8,8,1,0.9433121,5.598781e-05,0.056437135,2.5308926e-09,7.353986e-07,4.000024e-11,4.635105e-06,0.00014116497,4.820834e-05,0.9433121
/home/leo/Documentos/mestrado/DeepWeeds-Mobile/images/20171025-094245-2.jpg,3,8,3,8,0,0.8262973,0.0005543353,0.011405599,3.0449302e-05,0.110587366,7.7397945e-06,3.8817994e-05,0.050970905,0.00010745543,0.8262973
/home/leo/Documentos/mestrado/DeepWeeds-Mobile/images/20171220-095237-1.jpg,8,8,8,8,1,0.8397751,0.15588719,1.9157953e-05,7.979002e-11,1.2084998e-10,1.7558224e-11,0.004127091,1.1201649e-08,0.00019144686,0.8397751
/home/leo/Documentos/mestrado/DeepWeeds-Mobile/images/20171219-095001-2.jpg,8,8,8,8,1,0.9497432,0.00122438,1.9746069e-05,1.001997e-07,0.00035349312,5.1500724e-08,0.04861558,3.438004e-05,9.134169e-06,0.9497432
/home/leo/Documentos/mestrado/DeepWeeds-Mobile/images/20171109-091828-2.jpg,5,5,5,5,1,0.99928904,1.8604487e-05,8.860261e-07,4.5805756e-10,2.7510505e-10,5.5905613e-10,0.99928904,1.9660189e-07,2.3429145e-06,0.0006889309
/home/leo/Documentos/mestrado/DeepWeeds-Mobile/images/20170920-172903-1.jpg,2,2,2,2,1,0.9982083,1.0145089e-06,9.95841e-06,0.9982083,2.1811811e-06,0.00013520937,2.0805405e-07,9.2000727e-07,4.9285482e-08,0.0016421125
/home/leo/Documentos/mestrado/DeepWeeds-Mobile/images/20170714-133924-1.jpg,1,1,1,1,1,0.9998851,7.976459e-06,0.9998851,1.2268439e-14,4.3012542e-13,2.3614232e-14,2.9332425e-11,2.600284e-07,0.00010631577,3.2031838e-07
/home/leo/Documentos/mestrado/DeepWeeds-Mobile/images/20170217-115511-0.jpg,7,7,7,7,1,0.99898475,0.0001850914,2.6064235e-06,7.30897e-11,5.9008953e-10,3.1318087e-10,2.632295e-06,3.5970137e-05,0.99898475,0.00078887417
/home/leo/Documentos/mestrado/DeepWeeds-Mobile/images/20170129-103811-0.jpg,8,8,8,8,1,0.97680706,0.0122710075,0.010847441,3.2910183e-10,4.0981966e-08,2.4086516e-10,6.834009e-07,1.2871429e-06,7.247033e-05,0.97680706
/home/leo/Documentos/mestrado/DeepWeeds-Mobile/images/20180125-102143-1.jpg,8,8,8,8,1,0.714098,0.10459919,0.004116977,5.6913523e-05,0.00033375912,1.1949232e-06,0.13737322,0.03625589,0.0031649335,0.714098
/home/leo/Documentos/mestrado/DeepWeeds-Mobile/images/20171220-084352-2.jpg,8,8,8,8,1,0.9998543,4.7017625e-06,2.2609931e-05,2.91869e-13,6.594166e-05,3.595049e-11,5.214208e-06,1.7464718e-05,2.9672894e-05,0.9998543
/home/leo/Documentos/mestrado/DeepWeeds-Mobile/images/20171205-133832-2.jpg,8,8,8,8,1,0.88102406,0.0019615295,0.0032649662,1.3568335e-07,9.401545e-07,1.3084321e-08,0.09000832,1.8851462e-05,0.023721166,0.88102406
/home/leo/Documentos/mestrado/DeepWeeds-Mobile/images/20170920-094910-1.jpg,2,2,2,2,1,0.99860257,1.6715278e-08,8.735685e-09,0.99860257,8.586254e-09,7.7713395e-07,3.0857482e-08,5.038768e-07,2.746353e-09,0.0013962232
/home/leo/Documentos/mestrado/DeepWeeds-Mobile/images/20180125-132123-3.jpg,8,8,8,8,1,0.7851345,0.055829704,0.03663871,0.017509725,0.024964053,0.01275885,0.014655061,0.012998219,0.039511207,0.7851345
/home/leo/Documentos/mestrado/DeepWeeds-Mobile/images/20180109-092308-1.jpg,8,8,8,8,1,0.9777427,1.4308265e-06,0.0057554273,5.8503224e-07,4.3821152e-07,1.55292e-07,5.291991e-08,0.016497865,1.3885435e-06,0.9777427
/home/leo/Documentos/mestrado/DeepWeeds-Mobile/images/20180109-110200-2.jpg,8,8,8,8,1,0.99777704,0.00030026786,3.0798932e-05,4.083446e-07,0.00042205988,7.4514514e-06,2.0486186e-05,4.8788233e-06,0.0014366378,0.99777704
/home/leo/Documentos/mestrado/DeepWeeds-Mobile/images/20170304-132713-0.jpg,7,7,7,7,1,0.92044294,0.058294185,2.629886e-06,4.405788e-10,1.1457973e-09,3.6867127e-09,7.5030234e-06,5.4684417e-09,0.92044294,0.02125268
/home/leo/Documentos/mestrado/DeepWeeds-Mobile/images/20171220-090858-2.jpg,8,5,8,5,0,0.53437316,0.00019844914,0.008957818,3.7164452e-11,1.9852246e-08,1.6586334e-10,0.53437316,0.000112180074,0.00011115294,0.4562472
/home/leo/Documentos/mestrado/DeepWeeds-Mobile/images/20180109-104607-2.jpg,8,8,8,8,1,0.9752417,0.008776987,0.0002068254,0.00021531741,0.014567453,1.8382173e-06,0.00011578542,1.8529905e-05,0.0008555617,0.9752417
/home/leo/Documentos/mestrado/DeepWeeds-Mobile/images/20170727-153212-1.jpg,4,4,4,4,1,0.9990372,1.723168e-06,4.8471054e-09,0.00023109323,0.00052799843,0.9990372,2.8080407e-09,1.9712149e-11,9.896877e-07,0.00020092077
/home/leo/Documentos/mestrado/DeepWeeds-Mobile/images/20170714-143030-2.jpg,1,1,1,1,1,0.57445145,0.0025510045,0.57445145,4.9635435e-08,0.03185073,1.2067733e-05,0.0010050837,0.19249165,0.008713215,0.18892471
/home/leo/Documentos/mestrado/DeepWeeds-Mobile/images/20171219-112408-3.jpg,8,8,8,8,1,0.8863494,0.00023580999,0.0011415778,0.07386875,0.0014590981,0.03662391,6.0937236e-07,3.1227162e-05,0.00028962144,0.8863494
/home/leo/Documentos/mestrado/DeepWeeds-Mobile/images/20171201-120058-1.jpg,8,8,8,8,1,0.931772,2.7840208e-06,3.820246e-06,9.6703e-13,1.7900531e-05,8.7339685e-10,0.068109296,6.6119544e-05,2.8177206e-05,0.931772
/home/leo/Documentos/mestrado/DeepWeeds-Mobile/images/20170207-142634-0.jpg,7,7,7,7,1,0.933748,0.057659294,1.064901e-06,4.1249162e-10,3.7759051e-10,1.5432963e-09,5.9332706e-05,7.8288885e-08,0.933748,0.0085321525
/home/leo/Documentos/mestrado/DeepWeeds-Mobile/images/20171113-121733-2.jpg,6,6,6,6,1,0.99999726,2.2524138e-09,2.251977e-06,7.6260534e-17,1.1147954e-14,3.3111775e-17,5.3359395e-10,0.99999726,4.7454282e-07,9.590134e-09
/home/leo/Documentos/mestrado/DeepWeeds-Mobile/images/20180109-085819-1.jpg,8,8,8,8,1,0.72734034,0.031866807,0.003490015,7.816036e-06,0.07652558,1.4545513e-07,4.5977076e-06,4.7159076e-05,0.16071758,0.72734034
/home/leo/Documentos/mestrado/DeepWeeds-Mobile/images/20171121-085911-1.jpg,6,6,6,6,1,0.66813797,0.00039805126,8.135639e-05,2.481167e-06,1.8976384e-06,1.4148485e-06,0.00018119175,0.66813797,0.012066752,0.31912887
/home/leo/Documentos/mestrado/DeepWeeds-Mobile/images/20170729-091846-2.jpg,4,4,4,4,1,0.99526805,0.0003640445,1.9116387e-08,0.00025017,0.0010808875,0.99526805,2.1770046e-09,8.3917915e-13,0.0011944076,0.0018424543
/home/leo/Documentos/mestrado/DeepWeeds-Mobile/images/20170128-103926-0.jpg,8,8,8,8,1,0.9994973,1.5162458e-06,0.00031257697,4.5158338e-08,2.6494204e-06,1.3320408e-06,1.4699096e-08,0.00017904291,5.4901566e-06,0.9994973
/home/leo/Documentos/mestrado/DeepWeeds-Mobile/images/20180112-095053-2.jpg,8,8,8,8,1,0.9425862,0.0134026585,0.00016081969,1.0695715e-05,1.1544e-05,2.3423418e-06,0.0005600903,0.00010790027,0.043157812,0.9425862
/home/leo/Documentos/mestrado/DeepWeeds-Mobile/images/20171212-103115-3.jpg,8,8,8,8,1,0.45975617,0.13251403,0.16629127,2.3325194e-08,0.00015344303,6.453939e-07,3.4930734e-05,0.001874959,0.2393745,0.45975617
/home/leo/Documentos/mestrado/DeepWeeds-Mobile/images/20180112-074356-1.jpg,8,8,8,8,1,0.8479752,0.066850975,0.024673931,0.00014653066,0.018939622,0.021177465,8.5418907e-07,5.968207e-07,0.020234967,0.8479752
/home/leo/Documentos/mestrado/DeepWeeds-Mobile/images/20171109-070638-1.jpg,5,5,5,5,1,0.99999964,1.2918837e-11,4.07652e-13,3.243936e-16,7.4452703e-16,2.0704974e-18,0.99999964,5.8716304e-10,5.0428394e-11,3.5627627e-07
/home/leo/Documentos/mestrado/DeepWeeds-Mobile/images/20180125-101121-2.jpg,8,8,8,8,1,0.9990434,1.0229956e-09,1.6867906e-11,8.916177e-10,0.00095642585,3.714927e-08,1.06950985e-07,4.7677157e-11,5.2452903e-10,0.9990434
/home/leo/Documentos/mestrado/DeepWeeds-Mobile/images/20180109-094720-2.jpg,8,8,8,8,1,0.9946728,0.0005298427,0.0006317901,0.0029917387,0.0003492224,0.0006634285,5.0712893e-06,0.00015071695,5.40265e-06,0.9946728
/home/leo/Documentos/mestrado/DeepWeeds-Mobile/images/20180109-100749-2.jpg,8,8,8,8,1,0.9804017,5.0657e-06,4.7555113e-05,7.053416e-07,4.672165e-06,8.9569006e-08,0.0010064553,0.018523334,1.0473216e-05,0.9804017
/home/leo/Documentos/mestrado/DeepWeeds-Mobile/images/20170404-154046-0.jpg,7,7,7,7,1,0.9842672,0.015526203,1.7657474e-05,4.366956e-10,5.355747e-09,6.915794e-10,2.0992138e-07,1.6503315e-06,0.9842672,0.00018717871
/home/leo/Documentos/mestrado/DeepWeeds-Mobile/images/20170130-102142-0.jpg,1,1,1,1,1,0.54322547,0.16845594,0.54322547,2.722326e-07,7.919713e-07,4.8457633e-07,0.00028136445,0.00011060492,0.28587532,0.0020496978
/home/leo/Documentos/mestrado/DeepWeeds-Mobile/images/20180105-092846-2.jpg,8,8,8,8,1,0.79651064,1.5934174e-05,3.551447e-06,6.7061746e-06,1.2879502e-06,5.8371734e-07,0.043374196,0.15989672,0.0001903636,0.79651064
/home/leo/Documentos/mestrado/DeepWeeds-Mobile/images/20180322-114811-1.jpg,8,8,8,8,1,0.9991279,0.0008664726,2.9909684e-06,1.0272726e-09,7.072852e-11,4.0598998e-08,9.624484e-07,2.1631485e-09,1.5875146e-06,0.9991279
/home/leo/Documentos/mestrado/DeepWeeds-Mobile/images/20180105-095030-2.jpg,8,8,8,8,1,0.99558413,3.3982693e-07,5.493904e-08,1.6022394e-06,1.09973535e-05,8.173081e-07,1.2551918e-06,0.0044007082,8.047017e-08,0.99558413
/home/leo/Documentos/mestrado/DeepWeeds-Mobile/images/20170920-133931-2.jpg,2,8,2,8,0,0.84711134,0.00030154732,4.584961e-07,0.078720964,0.009989486,0.06295926,0.00025675594,3.2083904e-06,0.00065697683,0.84711134
/home/leo/Documentos/mestrado/DeepWeeds-Mobile/images/20180322-102908-1.jpg,8,8,8,8,1,0.88423795,0.0005849086,1.1081876e-05,0.00532621,0.05179454,0.05791082,3.4263867e-05,2.0139326e-07,9.9999284e-05,0.88423795
/home/leo/Documentos/mestrado/DeepWeeds-Mobile/images/20180125-125757-2.jpg,8,8,8,8,1,0.9994336,0.00020897693,7.7547656e-07,1.7533252e-05,0.00017559568,8.328782e-06,0.00014430062,9.266089e-07,9.994882e-06,0.9994336
/home/leo/Documentos/mestrado/DeepWeeds-Mobile/images/20170501-144018-0.jpg,1,8,1,8,0,0.3242174,0.0006585054,0.22432597,4.424731e-07,2.376746e-07,6.8126447e-09,0.113383465,0.27865922,0.05875473,0.3242174
/home/leo/Documentos/mestrado/DeepWeeds-Mobile/images/20170217-103940-0.jpg,0,0,0,0,1,0.99956745,0.99956745,1.8518936e-07,4.5524734e-12,3.2462816e-10,1.1262029e-10,2.0756846e-05,2.4988475e-10,0.00014478053,0.00026677633
/home/leo/Documentos/mestrado/DeepWeeds-Mobile/images/20171113-142659-3.jpg,6,6,6,6,1,0.9991455,1.0585726e-06,7.108896e-08,5.5385787e-08,5.0089408e-08,9.883292e-07,0.00011901421,0.9991455,6.9211383e-06,0.000726392
/home/leo/Documentos/mestrado/DeepWeeds-Mobile/images/20171203-170255-3.jpg,8,8,8,8,1,0.99896276,2.027929e-05,4.5564833e-05,1.0657694e-09,0.0006844278,1.9046813e-09,9.921723e-05,3.7812113e-06,0.00018395967,0.99896276
/home/leo/Documentos/mestrado/DeepWeeds-Mobile/images/20171212-103609-3.jpg,8,0,8,0,0,0.6299817,0.6299817,0.0013174001,4.4505967e-08,9.4667314e-08,5.439678e-08,0.030281931,9.298457e-05,0.030589806,0.3077359
/home/leo/Documentos/mestrado/DeepWeeds-Mobile/images/20170920-115819-2.jpg,2,2,2,2,1,0.98455185,2.7477072e-06,5.379215e-10,0.98455185,0.00059514964,0.008682911,2.0426098e-08,2.6507037e-09,1.8931426e-07,0.0061671464
/home/leo/Documentos/mestrado/DeepWeeds-Mobile/images/20170920-111322-3.jpg,4,4,4,4,1,0.5379542,0.017022733,0.00013194888,0.0016351708,0.0066570663,0.5379542,0.42250964,2.7280405e-08,0.0043350137,0.009754148
/home/leo/Documentos/mestrado/DeepWeeds-Mobile/images/20170906-114354-1.jpg,3,3,3,3,1,0.6846554,9.163824e-05,4.2448948e-05,4.726602e-09,0.6846554,1.6113901e-06,4.367538e-07,4.158236e-07,0.0042419694,0.31096613
/home/leo/Documentos/mestrado/DeepWeeds-Mobile/images/20180109-075949-1.jpg,8,8,8,8,1,0.9997142,5.6642513e-08,2.9576087e-08,2.0623017e-06,1.0331269e-06,4.9989967e-07,7.647465e-08,0.00028191038,2.1657085e-07,0.9997142
/home/leo/Documentos/mestrado/DeepWeeds-Mobile/images/20170906-140117-1.jpg,3,8,3,8,0,0.68934727,0.037344724,0.029890189,0.006788712,0.16028892,0.06669271,3.448411e-05,0.000910259,0.008702647,0.68934727
/home/leo/Documentos/mestrado/DeepWeeds-Mobile/images/20180119-111050-2.jpg,8,8,8,8,1,0.98216325,0.0005673425,0.011289498,1.1878548e-05,6.211895e-05,2.7350994e-05,0.0022544654,0.0033919062,0.00023205503,0.98216325
/home/leo/Documentos/mestrado/DeepWeeds-Mobile/images/20170727-114855-3.jpg,4,4,4,4,1,0.9807859,4.578955e-05,3.35633e-08,0.014597064,6.6452834e-05,0.9807859,0.0020752249,3.0563042e-05,1.1707427e-05,0.0023872505
/home/leo/Documentos/mestrado/DeepWeeds-Mobile/images/20171212-104939-3.jpg,8,8,8,8,1,0.95763296,0.041590914,3.4548306e-05,1.0325872e-06,8.327342e-06,0.0002758852,4.409553e-06,4.135425e-08,0.00045197902,0.95763296
/home/leo/Documentos/mestrado/DeepWeeds-Mobile/images/20171113-132227-1.jpg,6,6,6,6,1,0.99927515,1.5072142e-05,0.0005953765,2.226574e-08,1.4684223e-09,1.5158783e-10,1.6321835e-07,0.99927515,0.00010185846,1.2408368e-05
/home/leo/Documentos/mestrado/DeepWeeds-Mobile/images/20180112-094441-2.jpg,8,8,8,8,1,0.5065832,0.014323943,0.007855057,0.004641492,0.00034509652,1.6792457e-05,0.00108443,0.00706638,0.4580836,0.5065832
/home/leo/Documentos/mestrado/DeepWeeds-Mobile/images/20180112-083122-1.jpg,8,7,8,7,0,0.48953447,0.04819498,0.101763345,1.0077091e-06,0.00029826185,4.9940695e-08,1.1508465e-06,1.853939e-05,0.48953447,0.3601882
/home/leo/Documentos/mestrado/DeepWeeds-Mobile/images/20180109-110145-2.jpg,8,8,8,8,1,0.99730325,0.0004286761,0.00011929464,0.0003696048,0.0007623085,6.734577e-05,1.402606e-05,4.4386657e-06,0.0009310704,0.99730325
/home/leo/Documentos/mestrado/DeepWeeds-Mobile/images/20171109-093159-1.jpg,5,5,5,5,1,0.9995367,2.365023e-07,1.0199408e-08,2.8573007e-11,9.247864e-10,7.1762652e-12,0.9995367,6.251018e-08,4.3073407e-09,0.0004630184
/home/leo/Documentos/mestrado/DeepWeeds-Mobile/images/20171102-121656-3.jpg,2,2,2,2,1,0.99997234,1.9474928e-08,2.3923692e-09,0.99997234,1.164543e-07,8.183548e-08,9.7466195e-09,7.93692e-10,8.816121e-10,2.7394142e-05
/home/leo/Documentos/mestrado/DeepWeeds-Mobile/images/20180112-075237-2.jpg,8,8,8,8,1,0.67208606,0.13959867,0.004151402,0.0027020131,0.029964078,0.0043887976,8.0555765e-05,1.6369495e-06,0.14702676,0.67208606
/home/leo/Documentos/mestrado/DeepWeeds-Mobile/images/20171121-075015-1.jpg,6,6,6,6,1,0.8390282,0.00024594198,0.11672525,1.4566321e-07,0.00083993515,6.933328e-07,0.0012120383,0.8390282,0.001932164,0.04001573
/home/leo/Documentos/mestrado/DeepWeeds-Mobile/images/20171220-085209-3.jpg,8,8,8,8,1,0.99961054,3.7298745e-05,4.2119254e-06,6.716383e-12,2.317222e-07,8.473321e-11,3.4279929e-06,1.4685629e-08,0.00034423423,0.99961054
/home/leo/Documentos/mestrado/DeepWeeds-Mobile/images/20171220-082846-2.jpg,8,8,8,8,1,0.9997708,2.5332786e-06,2.750805e-08,1.5796883e-11,0.00019708641,3.281595e-07,1.8790133e-05,9.952941e-12,1.0436396e-05,0.9997708
/home/leo/Documentos/mestrado/DeepWeeds-Mobile/images/20170913-115242-3.jpg,3,5,3,5,0,0.9609652,1.8135634e-06,4.5678366e-08,1.8668961e-05,0.013038985,0.0232078,0.9609652,3.3866765e-08,2.7527633e-06,0.0027647254
/home/leo/Documentos/mestrado/DeepWeeds-Mobile/images/20180112-071857-1.jpg,8,8,8,8,1,0.91001034,0.0003758476,0.06925476,0.0025339988,0.0025285562,0.0051458552,8.769528e-05,0.009686925,0.00037602184,0.91001034
/home/leo/Documentos/mestrado/DeepWeeds-Mobile/images/20170207-142214-0.jpg,7,7,7,7,1,0.9114489,0.0698127,0.0004968022,1.4454906e-07,2.2507966e-06,1.3294354e-07,0.0037792486,1.28935535e-05,0.9114489,0.014446922
/home/leo/Documentos/mestrado/DeepWeeds-Mobile/images/20171220-095109-1.jpg,8,8,8,8,1,0.999874,7.9874835e-06,8.080474e-06,3.3095655e-12,7.9242135e-08,8.004037e-12,0.000108362976,2.694241e-07,1.2866275e-06,0.999874
/home/leo/Documentos/mestrado/DeepWeeds-Mobile/images/20170315-090124-0.jpg,8,8,8,8,1,0.9982662,0.001682889,3.5473664e-07,3.0771926e-12,1.3969671e-07,1.5678596e-11,9.869677e-06,7.678595e-09,4.039318e-05,0.9982662
/home/leo/Documentos/mestrado/DeepWeeds-Mobile/images/20170728-152937-1.jpg,4,4,4,4,1,0.9428362,2.5892854e-07,8.787997e-09,0.02357556,0.015096864,0.9428362,0.0004328307,2.3688863e-06,6.0154335e-08,0.018055765
/home/leo/Documentos/mestrado/DeepWeeds-Mobile/images/20170728-151751-3.jpg,8,4,8,4,0,0.91096693,3.206495e-05,5.9549393e-08,0.0007563345,0.034715846,0.91096693,8.35174e-05,7.838997e-10,1.6865331e-06,0.053443495
/home/leo/Documentos/mestrado/DeepWeeds-Mobile/images/20180322-113516-1.jpg,8,8,8,8,1,0.9996629,4.324288e-05,3.9332146e-05,0.0001006157,6.2750296e-05,4.2607837e-05,4.304641e-05,2.1579908e-06,3.3757606e-06,0.9996629
/home/leo/Documentos/mestrado/DeepWeeds-Mobile/images/20171102-120206-1.jpg,2,2,2,2,1,0.9999993,1.4083047e-09,1.2394512e-09,0.9999993,7.0879724e-09,3.522354e-08,8.524223e-10,8.849291e-11,7.011216e-11,7.3325435e-07
/home/leo/Documentos/mestrado/DeepWeeds-Mobile/images/20171219-093358-2.jpg,8,8,8,8,1,0.9951691,0.00049567485,5.3674867e-06,1.5254423e-09,0.004174045,9.722391e-07,5.5291493e-05,1.4320275e-07,9.946774e-05,0.9951691
/home/leo/Documentos/mestrado/DeepWeeds-Mobile/images/20170920-175309-1.jpg,2,2,2,2,1,0.9654313,0.00028793275,0.0073482036,0.9654313,0.00019196905,0.00474789,0.00024321169,1.9640465e-05,1.0648053e-05,0.021719262
/home/leo/Documentos/mestrado/DeepWeeds-Mobile/images/20171102-123253-1.jpg,2,2,2,2,1,0.9999945,1.7232068e-09,1.3502394e-11,0.9999945,2.4854905e-06,2.0413437e-07,2.0232309e-10,4.6905677e-11,1.983359e-11,2.7232352e-06
/home/leo/Documentos/mestrado/DeepWeeds-Mobile/images/20170707-112534-0.jpg,0,0,0,0,1,0.7391825,0.7391825,0.006144447,4.2778206e-06,0.13254392,0.0009904187,3.4005109e-06,2.952601e-06,0.094878085,0.026249971
/home/leo/Documentos/mestrado/DeepWeeds-Mobile/images/20171113-120638-3.jpg,6,6,6,6,1,0.9995652,6.7682855e-09,1.7764894e-06,5.5265234e-14,7.405014e-11,1.6486466e-14,1.4982841e-06,0.9995652,3.2997192e-09,0.00043152185
/home/leo/Documentos/mestrado/DeepWeeds-Mobile/images/20180112-104225-2.jpg,8,8,8,8,1,0.99104077,0.0044788634,2.47454e-06,3.3405562e-05,0.001359556,2.1813364e-06,1.867953e-05,8.0474115e-07,0.0030632557,0.99104077
/home/leo/Documentos/mestrado/DeepWeeds-Mobile/images/20171218-103140-2.jpg,8,0,8,0,0,0.49237576,0.49237576,0.0065973704,1.497256e-06,0.00023132724,3.3940065e-05,0.013523606,0.0002477043,0.049783204,0.43720564
/home/leo/Documentos/mestrado/DeepWeeds-Mobile/images/20171220-083340-2.jpg,8,8,8,8,1,0.99999,4.111291e-07,7.1531914e-09,3.531518e-15,1.5600801e-07,1.8636106e-12,2.068921e-06,1.6327364e-10,7.4454206e-06,0.99999
/home/leo/Documentos/mestrado/DeepWeeds-Mobile/images/20180109-072410-2.jpg,8,8,8,8,1,0.9769951,0.0005019271,6.834876e-05,5.6249934e-05,0.00033805784,3.344209e-06,0.0002235756,0.021389948,0.00042328867,0.9769951
/home/leo/Documentos/mestrado/DeepWeeds-Mobile/images/20170920-113530-3.jpg,2,2,2,2,1,0.9999869,8.9057494e-08,4.3060827e-10,0.9999869,7.3967726e-07,2.5690297e-06,7.533373e-07,7.210166e-09,2.1740125e-09,8.900714e-06
/home/leo/Documentos/mestrado/DeepWeeds-Mobile/images/20170920-173813-1.jpg,4,4,4,4,1,0.69230014,0.032840706,0.0018628846,0.073349364,0.1310645,0.69230014,0.000108241235,1.0384308e-05,0.002178258,0.06628555
/home/leo/Documentos/mestrado/DeepWeeds-Mobile/images/20171220-093224-2.jpg,8,8,8,8,1,0.9999826,7.5459025e-07,5.54205e-10,3.7795626e-12,1.6149104e-05,6.5547084e-08,3.5838985e-07,1.5425397e-10,1.9293998e-08,0.9999826
/home/leo/Documentos/mestrado/DeepWeeds-Mobile/images/20170718-133830-2.jpg,7,7,7,7,1,0.8661056,0.038190324,0.05157152,2.9170576e-06,0.00016355238,3.1277097e-05,1.4863223e-06,1.827952e-07,0.8661056,0.04393315
/home/leo/Documentos/mestrado/DeepWeeds-Mobile/images/20171220-093619-2.jpg,8,8,8,8,1,0.785088,4.2968713e-05,3.412174e-07,1.0759853e-09,6.6422617e-06,8.7834815e-09,0.2148612,7.148282e-08,7.695923e-07,0.785088
/home/leo/Documentos/mestrado/DeepWeeds-Mobile/images/20180112-075444-2.jpg,8,8,8,8,1,0.772326,0.048575643,0.0015635133,0.00078695995,0.041211735,0.08273804,3.3874658e-06,1.3283426e-07,0.052794542,0.772326
/home/leo/Documentos/mestrado/DeepWeeds-Mobile/images/20170920-171224-3.jpg,2,2,2,2,1,0.9998765,8.276299e-08,4.0886867e-09,0.9998765,1.796963e-06,4.2755757e-05,2.4912683e-07,1.6680385e-08,1.3777023e-09,7.857758e-05
/home/leo/Documentos/mestrado/DeepWeeds-Mobile/images/20170304-123805-0.jpg,0,0,0,0,1,0.39071965,0.39071965,0.04441959,9.1072206e-07,8.508486e-05,9.5089845e-06,0.00037934707,0.0010079617,0.21745263,0.34592533
/home/leo/Documentos/mestrado/DeepWeeds-Mobile/images/20180109-103926-2.jpg,8,8,8,8,1,0.9820108,0.000284779,0.0049511176,5.6422035e-05,0.008973587,4.4180157e-05,4.854032e-07,0.0030855725,0.0005930461,0.9820108
/home/leo/Documentos/mestrado/DeepWeeds-Mobile/images/20180109-105213-2.jpg,8,8,8,8,1,0.9990108,9.765707e-05,0.00018882865,7.560897e-05,0.00013587128,2.2885766e-05,8.381918e-06,2.7592343e-05,0.00043230294,0.9990108
/home/leo/Documentos/mestrado/DeepWeeds-Mobile/images/20170913-100934-2.jpg,3,3,3,3,1,0.97581995,1.1113311e-07,9.518227e-10,9.7136035e-05,0.97581995,0.00010549016,0.00025406148,6.76955e-09,9.0792385e-10,0.023723226
/home/leo/Documentos/mestrado/DeepWeeds-Mobile/images/20180125-093645-1.jpg,8,8,8,8,1,0.98555607,7.3331044e-08,1.0427956e-06,1.0537574e-06,1.2171051e-09,1.8282139e-09,0.014240067,0.00020165944,1.1405793e-08,0.98555607
/home/leo/Documentos/mestrado/DeepWeeds-Mobile/images/20171113-141831-2.jpg,6,6,6,6,1,0.97905445,0.00027031783,0.00010447056,4.8169463e-06,1.6604248e-05,2.0261418e-06,0.0009078572,0.97905445,0.0015961283,0.0180433
/home/leo/Documentos/mestrado/DeepWeeds-Mobile/images/20180109-070909-1.jpg,8,6,8,6,0,0.9914528,4.910931e-07,4.1457402e-05,7.421438e-11,2.2330915e-09,1.5939304e-11,1.785993e-05,0.9914528,3.6638316e-06,0.008483741
/home/leo/Documentos/mestrado/DeepWeeds-Mobile/images/20180125-132933-2.jpg,8,8,8,8,1,0.9985922,6.797951e-05,0.0010002977,2.3613551e-09,7.3046394e-06,0.0001503821,1.4554205e-07,1.4428525e-05,0.00016734071,0.9985922
/home/leo/Documentos/mestrado/DeepWeeds-Mobile/images/20180322-114255-1.jpg,8,8,8,8,1,0.99972194,0.00026237377,2.2527465e-06,3.5675558e-09,8.373414e-07,3.4283487e-06,8.1666224e-07,2.1799185e-08,8.233119e-06,0.99972194
/home/leo/Documentos/mestrado/DeepWeeds-Mobile/images/20170130-102352-0.jpg,1,1,1,1,1,0.7718688,0.1527075,0.7718688,0.001515447,6.6069642e-06,0.0002898161,0.00084944,5.468097e-06,0.007812556,0.06494431
/home/leo/Documentos/mestrado/DeepWeeds-Mobile/images/20180125-135202-3.jpg,8,8,8,8,1,0.90216315,0.00037879747,0.0018460747,4.2846143e-05,0.062752776,7.2221446e-05,0.030452255,0.00022184014,0.0020699962,0.90216315
/home/leo/Documentos/mestrado/DeepWeeds-Mobile/images/20180109-103504-1.jpg,8,8,8,8,1,0.85909027,0.0051877974,0.024012463,0.0056923367,0.08937718,0.015500085,6.5590752e-06,0.00011627924,0.0010171196,0.85909027
/home/leo/Documentos/mestrado/DeepWeeds-Mobile/images/20171025-091402-1.jpg,3,3,3,3,1,0.68745446,0.06449932,0.17097743,0.0022786455,0.68745446,0.0012985324,0.0004349808,3.495531e-05,0.022916136,0.050105635
/home/leo/Documentos/mestrado/DeepWeeds-Mobile/images/20171220-094540-2.jpg,8,8,8,8,1,0.9875451,0.0069018225,0.0008826155,3.1612167e-08,1.3763322e-05,3.3500686e-07,0.0011256874,3.6596427e-07,0.0035303275,0.9875451
/home/leo/Documentos/mestrado/DeepWeeds-Mobile/images/20171218-120628-2.jpg,8,8,8,8,1,0.99998736,3.839533e-06,8.547644e-07,2.193982e-14,7.6783806e-08,1.923271e-10,1.2121674e-06,2.012034e-09,6.6584644e-06,0.99998736
/home/leo/Documentos/mestrado/DeepWeeds-Mobile/images/20171219-101115-3.jpg,8,8,8,8,1,0.9999192,2.2658238e-05,2.2912147e-05,8.277102e-10,2.270194e-06,8.7070134e-07,1.3424926e-06,2.217186e-08,3.0769977e-05,0.9999192
/home/leo/Documentos/mestrado/DeepWeeds-Mobile/images/20171220-084230-3.jpg,8,8,8,8,1,0.99479,0.0019301967,8.2562465e-06,7.410773e-10,0.0001652396,5.0323047e-07,0.0025528008,8.715988e-09,0.0005530507,0.99479
/home/leo/Documentos/mestrado/DeepWeeds-Mobile/images/20171025-100402-2.jpg,3,3,3,3,1,0.9988701,2.7637607e-06,5.6569274e-06,1.1613539e-07,0.9988701,1.990722e-05,6.8893724e-11,1.2737996e-05,1.5042465e-06,0.0010870529
/home/leo/Documentos/mestrado/DeepWeeds-Mobile/images/20171113-144009-2.jpg,6,6,6,6,1,0.99387276,1.3753209e-05,2.8113302e-05,1.4402707e-08,1.1829309e-07,1.4060074e-09,1.7016733e-05,0.99387276,1.1917755e-05,0.006056315
/home/leo/Documentos/mestrado/DeepWeeds-Mobile/images/20180322-113157-2.jpg,8,8,8,8,1,0.9345877,0.0145756425,0.002778562,0.01790579,0.0030980238,0.005080262,6.1944997e-06,7.0946294e-06,0.02196077,0.9345877
/home/leo/Documentos/mestrado/DeepWeeds-Mobile/images/20170304-131421-0.jpg,7,7,7,7,1,0.754008,0.016761161,0.22685969,3.025818e-08,1.7941993e-07,3.5651897e-08,7.2784965e-06,0.00022509595,0.754008,0.0021385308
/home/leo/Documentos/mestrado/DeepWeeds-Mobile/images/20180322-113553-2.jpg,8,8,8,8,1,0.99897313,0.0009185991,5.0299855e-06,6.608455e-08,1.7595905e-06,2.5857415e-05,2.0786212e-05,8.549917e-09,5.4706383e-05,0.99897313
/home/leo/Documentos/mestrado/DeepWeeds-Mobile/images/20170714-145855-1.jpg,1,1,1,1,1,0.96438116,0.0005483241,0.96438116,2.8264907e-10,3.394396e-07,4.757352e-09,2.6037094e-06,0.0303295,0.0043764934,0.0003614169
/home/leo/Documentos/mestrado/DeepWeeds-Mobile/images/20171220-095434-1.jpg,8,8,8,8,1,0.99999857,5.156429e-07,1.5637116e-07,3.401237e-14,1.1163222e-07,1.202501e-10,8.627882e-08,5.879368e-10,5.805507e-07,0.99999857
/home/leo/Documentos/mestrado/DeepWeeds-Mobile/images/20180112-102905-1.jpg,8,8,8,8,1,0.95123136,0.02651681,2.769157e-05,0.00021353221,2.7288055e-05,7.461985e-07,0.005736992,1.8344817e-06,0.0162437,0.95123136
/home/leo/Documentos/mestrado/DeepWeeds-Mobile/images/20170630-152604-0.jpg,7,8,7,8,0,0.45291427,0.04614846,0.27128002,1.1661855e-05,2.8178782e-05,5.467178e-06,0.13020709,0.0066544665,0.09275035,0.45291427
/home/leo/Documentos/mestrado/DeepWeeds-Mobile/images/20170728-152034-2.jpg,4,3,4,3,0,0.95766336,5.87087e-06,2.957827e-08,4.1832456e-07,0.95766336,0.038420606,3.6523056e-07,5.409839e-10,8.1715285e-08,0.0039093425
/home/leo/Documentos/mestrado/DeepWeeds-Mobile/images/20170714-115620-3.jpg,1,1,1,1,1,0.9961331,1.2233058e-05,0.9961331,7.378237e-11,3.5310457e-08,1.8316847e-10,6.2713343e-06,0.0014645517,0.0012673213,0.001116403
/home/leo/Documentos/mestrado/DeepWeeds-Mobile/images/20180322-130320-1.jpg,8,8,8,8,1,0.9995066,0.00022030126,0.00015362048,5.146024e-07,2.232126e-05,8.512125e-05,2.6249415e-06,4.987983e-07,8.413457e-06,0.9995066
/home/leo/Documentos/mestrado/DeepWeeds-Mobile/images/20170217-102349-0.jpg,0,0,0,0,1,0.9975841,0.9975841,2.2379133e-07,4.2508642e-11,2.6406304e-11,3.5169995e-11,1.8049559e-05,1.480063e-06,0.0021062617,0.00028997607
/home/leo/Documentos/mestrado/DeepWeeds-Mobile/images/20170906-103921-1.jpg,3,3,3,3,1,0.41929814,0.027928129,0.0013397905,2.6792526e-05,0.41929814,0.05717852,1.9201177e-06,4.0693298e-08,0.31188446,0.18234225
/home/leo/Documentos/mestrado/DeepWeeds-Mobile/images/20171121-072857-1.jpg,6,6,6,6,1,0.9989548,1.0952887e-08,0.001011721,9.795189e-13,1.7849837e-09,2.169935e-12,4.5668024e-08,0.9989548,9.664565e-08,3.3383432e-05
/home/leo/Documentos/mestrado/DeepWeeds-Mobile/images/20171121-084355-1.jpg,6,6,6,6,1,0.99665725,1.4741954e-07,1.2706414e-06,6.159877e-08,7.341081e-10,7.237859e-11,0.00036146567,0.99665725,2.177955e-07,0.0029794753
/home/leo/Documentos/mestrado/DeepWeeds-Mobile/images/20171219-104556-3.jpg,8,8,8,8,1,0.94661534,0.0034140327,0.0009546749,1.8500977e-08,1.1811827e-05,2.3535604e-07,0.047212414,0.00025918699,0.0015322544,0.94661534
/home/leo/Documentos/mestrado/DeepWeeds-Mobile/images/20171219-112304-2.jpg,8,8,8,8,1,0.70163256,0.013943365,0.00044485927,0.007077393,0.20442392,0.059489615,0.003217537,0.0007208388,0.009049971,0.70163256
/home/leo/Documentos/mestrado/DeepWeeds-Mobile/images/20180125-132051-3.jpg,8,8,8,8,1,0.5755469,0.01090924,0.1440267,2.2765282e-05,0.00017507387,1.055755e-05,0.15483044,0.0028241551,0.11165411,0.5755469
/home/leo/Documentos/mestrado/DeepWeeds-Mobile/images/20170906-103601-1.jpg,3,3,3,3,1,0.77501,0.0002189616,7.76227e-06,6.437683e-08,0.77501,7.64227e-06,6.6388797e-09,6.6733646e-06,0.002004385,0.22274452
/home/leo/Documentos/mestrado/DeepWeeds-Mobile/images/20171109-091605-3.jpg,5,5,5,5,1,0.9999968,1.7671771e-09,5.866397e-10,2.2461477e-14,1.357258e-11,2.6206088e-14,0.9999968,2.6723473e-10,1.4374854e-10,3.200627e-06
/home/leo/Documentos/mestrado/DeepWeeds-Mobile/images/20171025-075925-1.jpg,3,8,3,8,0,0.74528176,0.002058893,0.029385608,1.6045611e-05,0.21611482,0.0052545974,4.6403947e-08,0.0015998626,0.0002884037,0.74528176
/home/leo/Documentos/mestrado/DeepWeeds-Mobile/images/20180322-125714-1.jpg,8,8,8,8,1,0.9314718,0.0261381,0.00075942156,0.0034246482,0.0020451448,0.0010818733,0.01659886,2.954398e-06,0.018477278,0.9314718
/home/leo/Documentos/mestrado/DeepWeeds-Mobile/images/20171113-130955-2.jpg,6,6,6,6,1,0.9995627,6.573696e-09,5.4961238e-05,2.3227338e-10,1.1739562e-10,1.0637871e-12,0.00022918824,0.9995627,1.9180904e-08,0.00015307993
/home/leo/Documentos/mestrado/DeepWeeds-Mobile/images/20180125-101152-2.jpg,8,8,8,8,1,0.9999988,2.6654208e-09,2.3315187e-12,1.3138484e-13,8.596018e-08,9.055233e-12,1.14627e-06,4.2393009e-10,5.0251175e-12,0.9999988
/home/leo/Documentos/mestrado/DeepWeeds-Mobile/images/20180109-071252-2.jpg,8,8,8,8,1,0.974488,1.2192697e-06,8.03023e-08,9.569044e-07,5.323441e-09,8.185086e-11,1.3182324e-05,0.025496583,6.821149e-08,0.974488
/home/leo/Documentos/mestrado/DeepWeeds-Mobile/images/20180125-092911-1.jpg,8,8,8,8,1,0.9999616,3.1455795e-05,5.953867e-06,6.0324423e-10,2.7782334e-09,9.604881e-08,7.8428457e-07,7.833113e-09,4.615791e-08,0.9999616
/home/leo/Documentos/mestrado/DeepWeeds-Mobile/images/20170128-102233-0.jpg,8,8,8,8,1,0.99842405,1.2293566e-05,0.00038548198,2.7302146e-06,0.00091753574,0.00013922768,1.3277729e-07,0.0001058851,1.2572996e-05,0.99842405
/home/leo/Documentos/mestrado/DeepWeeds-Mobile/images/20171217-183811-2.jpg,8,8,8,8,1,0.75911665,0.0035191125,0.0075597432,0.001657659,0.03918694,0.15349916,1.2115288e-05,4.5871793e-06,0.03544402,0.75911665
/home/leo/Documentos/mestrado/DeepWeeds-Mobile/images/20171109-075107-3.jpg,5,5,5,5,1,0.9999709,3.1302238e-07,6.2534505e-11,6.3877658e-12,2.1685959e-11,4.3421915e-12,0.9999709,7.1704505e-07,2.3885995e-09,2.8042079e-05
/home/leo/Documentos/mestrado/DeepWeeds-Mobile/images/20161207-144724-0.jpg,7,0,7,0,0,0.63084304,0.63084304,0.0395103,1.1344696e-06,7.057015e-06,0.00021406797,0.18418546,5.2001233e-06,0.1000544,0.045179278
/home/leo/Documentos/mestrado/DeepWeeds-Mobile/images/20170913-122153-3.jpg,3,3,3,3,1,0.7732724,0.0021728808,0.00010743432,0.0505594,0.7732724,0.120105214,2.7096137e-06,1.4357064e-06,7.962603e-05,0.05369891
/home/leo/Documentos/mestrado/DeepWeeds-Mobile/images/20171113-122417-3.jpg,6,6,6,6,1,0.98334,0.00011264246,5.2114934e-05,1.6317615e-07,4.3286846e-06,9.315194e-08,1.49200905e-05,0.98334,0.0009782044,0.01549748
/home/leo/Documentos/mestrado/DeepWeeds-Mobile/images/20171109-090925-1.jpg,5,5,5,5,1,0.99971944,3.3529412e-07,2.9197558e-05,1.082549e-12,6.0513933e-12,1.6016853e-14,0.99971944,2.2927023e-05,6.6535034e-07,0.0002273612
/home/leo/Documentos/mestrado/DeepWeeds-Mobile/images/20171113-143802-3.jpg,6,6,6,6,1,0.99602735,6.689303e-06,2.0302325e-05,2.475618e-12,5.172902e-09,2.1891478e-11,3.1094107e-05,0.99602735,3.2977885e-05,0.0038815888
/home/leo/Documentos/mestrado/DeepWeeds-Mobile/images/20171219-094720-2.jpg,8,8,8,8,1,0.9970644,2.1055386e-05,4.858393e-06,2.913706e-13,2.3680918e-06,2.2181219e-11,0.002906663,7.85945e-09,6.2708284e-07,0.9970644
/home/leo/Documentos/mestrado/DeepWeeds-Mobile/images/20170727-163054-1.jpg,4,4,4,4,1,0.9970607,1.4062894e-05,1.0911688e-07,5.445695e-06,0.0015880124,0.9970607,2.345434e-10,6.193502e-12,3.2753007e-05,0.0012988226
/home/leo/Documentos/mestrado/DeepWeeds-Mobile/images/20171218-112608-3.jpg,8,8,8,8,1,0.999995,9.007587e-08,3.956312e-06,7.85314e-12,4.6040554e-07,4.341996e-09,6.8314044e-08,3.704988e-07,7.446455e-09,0.999995
/home/leo/Documentos/mestrado/DeepWeeds-Mobile/images/20180322-132854-1.jpg,8,8,8,8,1,0.91711915,0.00045554046,2.4698664e-05,7.9480094e-05,0.0010061533,1.0545812e-06,0.07894939,0.00016339251,0.0022011432,0.91711915
/home/leo/Documentos/mestrado/DeepWeeds-Mobile/images/20171113-131054-1.jpg,6,6,6,6,1,0.9999802,1.1075971e-06,1.8081164e-05,2.2218087e-12,1.245247e-13,1.7753852e-12,7.2163395e-08,0.9999802,8.039223e-08,4.776937e-07
/home/leo/Documentos/mestrado/DeepWeeds-Mobile/images/20171220-101008-1.jpg,8,8,8,8,1,0.9999049,1.311125e-06,5.417887e-06,1.3254411e-13,7.2999774e-06,1.4632103e-11,7.21353e-05,2.4143088e-07,8.697556e-06,0.9999049
/home/leo/Documentos/mestrado/DeepWeeds-Mobile/images/20170718-104940-2.jpg,7,7,7,7,1,0.7416087,0.06707007,0.13015513,0.0001195859,0.00073497294,0.00037364947,0.0037265806,0.000122050056,0.7416087,0.05608927
/home/leo/Documentos/mestrado/DeepWeeds-Mobile/images/20170706-105228-0.jpg,7,7,7,7,1,0.99190533,0.0024201293,0.0035159471,3.8550323e-09,5.5417175e-08,6.661606e-10,1.006866e-05,0.0006442618,0.99190533,0.0015042612
/home/leo/Documentos/mestrado/DeepWeeds-Mobile/images/20180109-075938-1.jpg,8,8,8,8,1,0.9733796,1.1451337e-07,4.2873033e-08,0.017516881,4.7023544e-08,1.8704895e-07,1.5069851e-07,0.009100243,2.6517173e-06,0.9733796
/home/leo/Documentos/mestrado/DeepWeeds-Mobile/images/20180109-092204-2.jpg,8,8,8,8,1,0.99810636,8.582373e-05,7.995856e-06,1.794556e-05,1.789941e-05,1.5812008e-06,0.0012408698,0.0005063791,1.5195684e-05,0.99810636
/home/leo/Documentos/mestrado/DeepWeeds-Mobile/images/20171220-101709-1.jpg,8,8,8,8,1,0.9997291,3.5609821e-06,1.5495427e-05,1.5748992e-11,3.25656e-06,7.0903214e-11,0.00015878215,1.2562779e-07,8.965282e-05,0.9997291
/home/leo/Documentos/mestrado/DeepWeeds-Mobile/images/20170920-115735-2.jpg,2,2,2,2,1,0.9996801,2.6276437e-08,6.455166e-10,0.9996801,1.3741294e-05,8.071988e-05,7.532951e-09,4.6802803e-08,6.907958e-09,0.00022543696
/home/leo/Documentos/mestrado/DeepWeeds-Mobile/images/20180322-104603-2.jpg,8,8,8,8,1,0.97524357,0.011952843,9.231672e-06,1.5616743e-05,0.00078303745,0.0021442124,6.3228176e-06,1.6720189e-09,0.009845173,0.97524357
/home/leo/Documentos/mestrado/DeepWeeds-Mobile/images/20171212-095750-3.jpg,8,8,8,8,1,0.9999949,1.7300882e-06,1.7350922e-07,5.068789e-13,2.547535e-07,1.2039235e-11,8.9747755e-07,1.7204573e-07,1.927818e-06,0.9999949
/home/leo/Documentos/mestrado/DeepWeeds-Mobile/images/20180322-110853-2.jpg,8,8,8,8,1,0.9958258,0.0027040544,3.1776577e-05,0.00013008296,0.000278504,0.00015191163,6.4812906e-05,2.1267772e-08,0.00081303174,0.9958258
/home/leo/Documentos/mestrado/DeepWeeds-Mobile/images/20170714-120228-3.jpg,1,1,1,1,1,0.99979067,1.4895491e-07,0.99979067,7.526396e-14,6.328172e-11,7.1264136e-12,3.659888e-11,0.00020714049,1.7862533e-06,2.4446e-07
/home/leo/Documentos/mestrado/DeepWeeds-Mobile/images/20180125-094401-2.jpg,8,8,8,8,1,0.99998033,3.3699658e-07,3.5908747e-06,1.1252926e-08,4.1629556e-07,3.4307785e-08,1.4251735e-05,1.8722406e-07,7.8174764e-07,0.99998033
/home/leo/Documentos/mestrado/DeepWeeds-Mobile/images/20171220-101655-2.jpg,8,8,8,8,1,0.9989561,2.2135187e-05,0.0006549986,2.665562e-10,1.6249789e-05,9.974265e-10,5.8404497e-05,6.0058433e-06,0.00028613923,0.9989561
/home/leo/Documentos/mestrado/DeepWeeds-Mobile/images/20180109-074954-2.jpg,8,8,8,8,1,0.9703263,0.00044514405,0.00020837234,1.0666658e-06,5.8095657e-06,1.5273126e-07,0.0001476022,0.028777424,8.818607e-05,0.9703263
/home/leo/Documentos/mestrado/DeepWeeds-Mobile/images/20170727-113622-3.jpg,4,4,4,4,1,0.9695863,0.0007644313,2.9301843e-06,0.0033817203,0.0023868305,0.9695863,0.017797299,6.2087605e-07,0.0008138796,0.005265959
/home/leo/Documentos/mestrado/DeepWeeds-Mobile/images/20171025-081512-1.jpg,3,3,3,3,1,0.9816914,0.010387323,1.2131562e-05,1.1820893e-07,0.9816914,3.8866798e-08,1.8176514e-05,1.5249887e-07,0.0030325495,0.004858126
/home/leo/Documentos/mestrado/DeepWeeds-Mobile/images/20170920-163121-3.jpg,2,2,2,2,1,0.99693906,2.829431e-06,6.460169e-11,0.99693906,0.00027527497,0.0017589611,7.2104804e-08,3.6180527e-11,1.3821971e-08,0.0010237494
/home/leo/Documentos/mestrado/DeepWeeds-Mobile/images/20180322-114454-1.jpg,8,8,8,8,1,0.99987984,8.12007e-05,2.3179811e-07,1.2405157e-10,9.50855e-08,1.1310628e-07,5.9833424e-06,8.927421e-10,3.258317e-05,0.99987984
/home/leo/Documentos/mestrado/DeepWeeds-Mobile/images/20170718-101439-2.jpg,0,7,0,7,0,0.668289,0.042597234,0.025045024,0.00025768558,0.10651493,0.023273893,0.00013890876,1.8647776e-06,0.668289,0.13388146
/home/leo/Documentos/mestrado/DeepWeeds-Mobile/images/20170920-160503-3.jpg,2,2,2,2,1,0.9855269,2.9048004e-05,8.462391e-09,0.9855269,0.000864079,0.0062958873,1.1970387e-07,5.8197756e-08,5.681126e-07,0.007283318
/home/leo/Documentos/mestrado/DeepWeeds-Mobile/images/20170906-094526-2.jpg,3,4,3,4,0,0.7425465,0.005035774,2.7608094e-05,0.0074839853,0.19552931,0.7425465,3.2557766e-06,7.5375726e-07,0.004141789,0.045231063
/home/leo/Documentos/mestrado/DeepWeeds-Mobile/images/20180105-101602-2.jpg,8,8,8,8,1,0.9999666,3.546443e-10,6.224008e-11,1.1661923e-09,1.9760701e-10,4.416295e-11,1.7946677e-09,3.3431494e-05,4.3990065e-09,0.9999666
/home/leo/Documentos/mestrado/DeepWeeds-Mobile/images/20180112-095026-2.jpg,8,8,8,8,1,0.97936946,0.013414891,1.1482388e-06,6.684625e-07,3.0516954e-05,5.169334e-06,3.9410832e-05,1.8674254e-07,0.0071386397,0.97936946
/home/leo/Documentos/mestrado/DeepWeeds-Mobile/images/20171220-092357-2.jpg,8,8,8,8,1,0.99538815,8.128282e-05,5.729986e-06,5.8012417e-09,1.813976e-07,1.7016256e-07,0.0045191115,6.1982774e-07,4.853436e-06,0.99538815
/home/leo/Documentos/mestrado/DeepWeeds-Mobile/images/20170920-112118-3.jpg,4,4,4,4,1,0.42336315,0.001715063,0.015246749,0.035643026,0.32215434,0.42336315,7.2182536e-07,0.000534788,0.030344252,0.1709979
/home/leo/Documentos/mestrado/DeepWeeds-Mobile/images/20170210-133806-0.jpg,0,0,0,0,1,0.99845743,0.99845743,4.02708e-06,4.230456e-11,5.4208554e-11,1.5920074e-11,2.638119e-06,1.192283e-08,0.0008661815,0.00066974503
/home/leo/Documentos/mestrado/DeepWeeds-Mobile/images/20180322-105440-1.jpg,8,8,8,8,1,0.9481316,0.017634843,7.300403e-05,0.0009638278,0.016513951,0.000117779884,0.004313322,2.1848646e-06,0.012249427,0.9481316
/home/leo/Documentos/mestrado/DeepWeeds-Mobile/images/20180125-092849-2.jpg,8,8,8,8,1,0.99837095,0.00018926914,5.884428e-06,1.1371162e-06,0.00019389634,0.0012327301,7.335146e-09,2.2477773e-09,6.130706e-06,0.99837095
/home/leo/Documentos/mestrado/DeepWeeds-Mobile/images/20171219-110403-2.jpg,8,8,8,8,1,0.9999944,1.1154602e-06,2.38388e-10,7.6567305e-16,6.203024e-08,1.8633506e-10,1.3193964e-07,7.0809596e-14,4.330925e-06,0.9999944
/home/leo/Documentos/mestrado/DeepWeeds-Mobile/images/20180125-133054-2.jpg,8,8,8,8,1,0.9399013,0.0010772798,0.0002000069,3.17216e-10,1.710581e-05,2.7604397e-06,0.00011016542,6.632208e-08,0.058691166,0.9399013
/home/leo/Documentos/mestrado/DeepWeeds-Mobile/images/20180109-091942-1.jpg,8,8,8,8,1,0.9926278,4.8062226e-05,0.006485063,1.7314226e-06,1.6255946e-05,1.9990318e-06,0.00014140451,0.00031463258,0.00036303568,0.9926278
/home/leo/Documentos/mestrado/DeepWeeds-Mobile/images/20171203-164754-3.jpg,8,8,8,8,1,0.8766968,0.03093083,0.08376348,2.1570755e-10,1.7690001e-05,1.0643877e-09,0.0001094319,2.0523326e-05,0.008461316,0.8766968
/home/leo/Documentos/mestrado/DeepWeeds-Mobile/images/20171212-094839-3.jpg,8,8,8,8,1,0.9999256,2.940744e-06,2.5137944e-05,3.984043e-12,1.6227847e-05,7.065657e-11,6.492683e-06,5.2737235e-08,2.3498946e-05,0.9999256
/home/leo/Documentos/mestrado/DeepWeeds-Mobile/images/20171220-092248-2.jpg,8,8,8,8,1,0.8430064,5.119988e-06,7.396964e-07,1.103791e-11,8.249892e-08,1.2777011e-09,0.1569877,5.510354e-10,2.9185752e-08,0.8430064
/home/leo/Documentos/mestrado/DeepWeeds-Mobile/images/20170706-112935-0.jpg,7,7,7,7,1,0.9460054,0.036177754,0.00039354875,2.7408274e-07,0.001250736,3.2369488e-05,3.5676254e-05,1.4589208e-09,0.9460054,0.016104266
/home/leo/Documentos/mestrado/DeepWeeds-Mobile/images/20170707-110403-0.jpg,7,7,7,7,1,0.9899905,0.005263584,0.0001875088,9.062825e-08,7.891853e-05,6.917639e-06,4.808417e-06,7.878357e-10,0.9899905,0.00446764
/home/leo/Documentos/mestrado/DeepWeeds-Mobile/images/20180125-130442-2.jpg,8,8,8,8,1,0.9971576,0.00020212737,3.8870066e-06,5.8083137e-05,1.9613653e-05,2.3712477e-07,0.002554803,3.7636002e-07,3.3757278e-06,0.9971576
/home/leo/Documentos/mestrado/DeepWeeds-Mobile/images/20170728-151236-1.jpg,4,4,4,4,1,0.9978004,4.1632364e-07,1.4953978e-08,0.00021314663,9.434266e-06,0.9978004,1.88521e-07,8.868662e-09,1.4328203e-08,0.0019763447
/home/leo/Documentos/mestrado/DeepWeeds-Mobile/images/20180109-080539-2.jpg,8,8,8,8,1,0.9758606,1.6804655e-08,1.7814372e-08,0.0015869907,5.7327947e-09,8.781056e-09,0.0003831184,0.022169175,5.4195315e-08,0.9758606
/home/leo/Documentos/mestrado/DeepWeeds-Mobile/images/20170707-114211-0.jpg,0,0,0,0,1,0.8433483,0.8433483,0.0005533253,0.00066291564,0.010308612,0.041340858,4.6992292e-07,2.174675e-07,0.019904885,0.083880305
/home/leo/Documentos/mestrado/DeepWeeds-Mobile/images/20171218-105746-3.jpg,8,8,8,8,1,0.99987566,4.81034e-06,4.9599803e-06,2.0419914e-12,3.169068e-05,4.5432826e-09,8.040546e-06,7.710612e-09,7.481968e-05,0.99987566
/home/leo/Documentos/mestrado/DeepWeeds-Mobile/images/20170714-141757-3.jpg,1,1,1,1,1,0.9465549,0.0015248397,0.9465549,2.4957997e-08,2.7139092e-07,5.1650915e-07,1.2270099e-05,8.439495e-06,0.0010554377,0.050843265
/home/leo/Documentos/mestrado/DeepWeeds-Mobile/images/20170728-150511-3.jpg,8,8,8,8,1,0.7369725,0.0009650303,7.107704e-08,0.00066540466,0.01671387,0.24447234,0.00013364384,1.0154618e-09,7.7185156e-05,0.7369725
/home/leo/Documentos/mestrado/DeepWeeds-Mobile/images/20170727-143918-3.jpg,4,4,4,4,1,0.98079866,2.4187544e-05,9.0175644e-07,6.0663417e-05,0.018132927,0.98079866,8.733062e-08,1.3667145e-09,3.387227e-06,0.0009792252
/home/leo/Documentos/mestrado/DeepWeeds-Mobile/images/20180105-093909-3.jpg,8,8,8,8,1,0.9451335,3.4568145e-06,6.3642183e-06,3.5310973e-06,2.9634805e-06,4.0959375e-08,9.838649e-06,0.05483818,2.166097e-06,0.9451335
/home/leo/Documentos/mestrado/DeepWeeds-Mobile/images/20180112-071549-2.jpg,8,8,8,8,1,0.93277377,2.2874128e-05,0.0010991127,2.9561881e-05,0.005731836,0.060296264,1.4434973e-10,5.5634405e-06,4.0970262e-05,0.93277377
/home/leo/Documentos/mestrado/DeepWeeds-Mobile/images/20180109-091345-2.jpg,8,8,8,8,1,0.98436815,5.8437095e-06,0.00066722144,1.6957392e-07,2.0917368e-07,6.0822147e-09,0.01367669,0.0011995689,8.2139406e-05,0.98436815
/home/leo/Documentos/mestrado/DeepWeeds-Mobile/images/20171219-112429-3.jpg,8,8,8,8,1,0.9819931,3.7195725e-05,0.0010126167,0.0022433691,0.00029801324,0.014248658,4.874518e-07,2.3070235e-05,0.00014350594,0.9819931
/home/leo/Documentos/mestrado/DeepWeeds-Mobile/images/20180112-073139-1.jpg,8,8,8,8,1,0.9790546,0.0004788801,0.008094524,0.0012809118,0.008086268,0.00093905407,4.2473894e-05,0.0015741922,0.00044915162,0.9790546
/home/leo/Documentos/mestrado/DeepWeeds-Mobile/images/20180105-104242-1.jpg,8,8,8,8,1,0.9110611,3.0127612e-05,5.7740323e-05,1.4118595e-08,9.394344e-09,3.4405985e-11,0.03399797,0.05484583,7.260602e-06,0.9110611
/home/leo/Documentos/mestrado/DeepWeeds-Mobile/images/20180125-100109-2.jpg,8,8,8,8,1,0.9998441,2.9177951e-07,2.5570369e-11,2.5613484e-10,2.5225923e-05,8.482191e-05,4.28398e-05,2.7212059e-06,1.1827279e-09,0.9998441
/home/leo/Documentos/mestrado/DeepWeeds-Mobile/images/20180112-102332-2.jpg,8,8,8,8,1,0.9867087,0.007741907,1.3979509e-05,5.786689e-06,0.00053118716,7.526011e-08,0.00077892817,0.00034466866,0.0038746877,0.9867087
/home/leo/Documentos/mestrado/DeepWeeds-Mobile/images/20180112-072748-2.jpg,8,8,8,8,1,0.5157685,0.41578043,0.04111173,0.00037554602,0.0013674594,0.0024301428,1.261563e-05,1.0203985e-05,0.023143342,0.5157685
/home/leo/Documentos/mestrado/DeepWeeds-Mobile/images/20171220-091854-2.jpg,8,8,8,8,1,0.99994016,6.8444238e-06,1.6006327e-08,4.3842485e-09,2.043964e-05,1.116841e-06,3.1438714e-05,3.8402868e-09,1.3657194e-07,0.99994016
/home/leo/Documentos/mestrado/DeepWeeds-Mobile/images/20171219-114321-2.jpg,8,8,8,8,1,0.9533693,0.0011233494,4.3385703e-06,0.007074296,0.0069620726,0.030232511,2.891576e-05,0.0001198341,0.001085487,0.9533693
/home/leo/Documentos/mestrado/DeepWeeds-Mobile/images/20170711-114210-0.jpg,0,8,0,8,0,0.73962295,0.041135702,0.00044314907,0.07199015,0.016151922,0.12850022,1.9494105e-06,5.2423584e-06,0.0021486569,0.73962295
/home/leo/Documentos/mestrado/DeepWeeds-Mobile/images/20170920-191932-1.jpg,2,2,2,2,1,0.99914265,2.527023e-07,3.1206966e-08,0.99914265,0.00045755968,0.00014812419,8.743374e-10,2.385935e-08,8.2756015e-09,0.00025129557
/home/leo/Documentos/mestrado/DeepWeeds-Mobile/images/20171220-095534-2.jpg,8,8,8,8,1,0.99998784,4.667271e-07,1.5577047e-08,3.7940696e-13,1.2133088e-07,2.0643279e-12,8.170396e-06,2.9670646e-06,3.4255882e-07,0.99998784
/home/leo/Documentos/mestrado/DeepWeeds-Mobile/images/20171122-103945-1.jpg,5,5,5,5,1,0.9999938,5.912269e-09,1.0785788e-09,6.9834633e-13,2.0368363e-13,3.5919875e-14,0.9999938,6.7931665e-09,7.385563e-10,6.1327705e-06
/home/leo/Documentos/mestrado/DeepWeeds-Mobile/images/20171025-093030-1.jpg,3,3,3,3,1,0.99780566,0.00014216885,1.2855145e-06,1.7536759e-05,0.99780566,9.4956005e-07,3.224264e-07,1.2388897e-06,1.3475084e-06,0.002029501
/home/leo/Documentos/mestrado/DeepWeeds-Mobile/images/20180109-070208-2.jpg,8,8,8,8,1,0.93013287,0.0008193408,0.01702149,5.760814e-05,6.799327e-05,9.017946e-06,0.0005331605,0.049029145,0.0023293893,0.93013287
/home/leo/Documentos/mestrado/DeepWeeds-Mobile/images/20171102-103736-2.jpg,2,2,2,2,1,0.99505144,5.7085163e-05,2.3733855e-05,0.99505144,0.00045696078,0.003610504,7.514043e-07,2.5857141e-06,2.7816668e-06,0.0007942147
/home/leo/Documentos/mestrado/DeepWeeds-Mobile/images/20171113-132333-3.jpg,6,6,6,6,1,0.8663195,4.3461354e-05,3.3753367e-06,8.683343e-05,4.6343785e-06,7.791697e-05,1.0578346e-05,0.8663195,0.00498151,0.12847222
/home/leo/Documentos/mestrado/DeepWeeds-Mobile/images/20171203-173549-3.jpg,8,8,8,8,1,0.9338703,0.00029630878,0.057398178,1.3814855e-07,0.0005791549,6.63212e-08,0.005861568,0.000274854,0.0017192948,0.9338703
/home/leo/Documentos/mestrado/DeepWeeds-Mobile/images/20170210-131343-0.jpg,7,7,7,7,1,0.9983949,0.0015963146,6.9424537e-09,9.828282e-12,1.8928113e-11,1.6754968e-10,7.96753e-07,1.268779e-09,0.9983949,7.906381e-06
/home/leo/Documentos/mestrado/DeepWeeds-Mobile/images/20170727-144652-1.jpg,4,4,4,4,1,0.9984164,0.00018641705,1.14489566e-07,5.483958e-06,0.00057180156,0.9984164,3.3894813e-07,4.741169e-12,8.215427e-05,0.0007373478
/home/leo/Documentos/mestrado/DeepWeeds-Mobile/images/20171122-101845-1.jpg,5,5,5,5,1,0.99948466,7.25429e-05,3.8426364e-07,8.722473e-11,7.997465e-10,1.2381496e-09,0.99948466,9.0628816e-07,7.719526e-06,0.00043375633
/home/leo/Documentos/mestrado/DeepWeeds-Mobile/images/20170727-121247-3.jpg,4,8,4,8,0,0.6132256,6.9025475e-05,1.245387e-07,0.011831595,0.052473247,0.32173243,0.0001938367,2.144118e-06,0.00047206695,0.6132256
/home/leo/Documentos/mestrado/DeepWeeds-Mobile/images/20180322-105420-1.jpg,8,8,8,8,1,0.66034794,0.0775728,0.0011816154,0.00013860567,0.0030616946,6.533782e-05,0.0005241982,2.4162746e-06,0.25710538,0.66034794
/home/leo/Documentos/mestrado/DeepWeeds-Mobile/images/20180112-092848-2.jpg,8,7,8,7,0,0.50985014,0.11120667,3.4343047e-05,2.130021e-06,3.086304e-05,5.9256324e-09,2.9478551e-05,4.341072e-06,0.50985014,0.37884203
/home/leo/Documentos/mestrado/DeepWeeds-Mobile/images/20170126-100535-0.jpg,1,1,1,1,1,0.9997577,2.1704716e-07,0.9997577,2.297523e-10,1.4672663e-09,2.7600498e-12,1.7491047e-09,5.313276e-06,0.00021578356,2.0982714e-05
/home/leo/Documentos/mestrado/DeepWeeds-Mobile/images/20171220-083729-2.jpg,8,8,8,8,1,0.9999393,4.609728e-06,5.929646e-08,4.315285e-13,4.1644253e-05,1.0720248e-09,7.220561e-06,5.4198788e-11,7.1354793e-06,0.9999393
/home/leo/Documentos/mestrado/DeepWeeds-Mobile/images/20171102-103210-2.jpg,2,2,2,2,1,0.6115308,0.013184235,0.0130383335,0.6115308,0.0145806,0.027271342,0.00077028136,0.024203613,0.00705391,0.28836703
/home/leo/Documentos/mestrado/DeepWeeds-Mobile/images/20170405-155147-0.jpg,0,0,0,0,1,0.9239031,0.9239031,5.809543e-07,6.776398e-11,2.1521893e-09,3.869888e-10,0.004229355,5.2621147e-08,0.04189435,0.029972566
/home/leo/Documentos/mestrado/DeepWeeds-Mobile/images/20170920-164924-3.jpg,2,4,2,4,0,0.55567056,0.00073630136,5.266469e-07,0.26940066,0.03338788,0.55567056,1.9593945e-05,8.415928e-09,7.1782626e-05,0.14071271
/home/leo/Documentos/mestrado/DeepWeeds-Mobile/images/20170728-150830-1.jpg,4,4,4,4,1,0.96539146,7.971539e-06,4.603224e-09,0.005055649,0.0035256976,0.96539146,6.386353e-08,5.134383e-10,2.467145e-07,0.026018852
/home/leo/Documentos/mestrado/DeepWeeds-Mobile/images/20180322-125442-1.jpg,8,8,8,8,1,0.9979905,0.00022033766,4.340626e-05,2.5165448e-07,0.0003248994,0.0012424077,2.8276943e-06,4.695706e-08,0.0001752582,0.9979905
/home/leo/Documentos/mestrado/DeepWeeds-Mobile/images/20170920-100839-3.jpg,4,8,4,8,0,0.9643374,0.00047574067,1.735573e-05,1.6118489e-07,0.025921492,0.009211798,2.7291728e-06,4.602454e-09,3.338695e-05,0.9643374
/home/leo/Documentos/mestrado/DeepWeeds-Mobile/images/20171113-101111-1.jpg,5,5,5,5,1,0.94359344,1.0051029e-05,3.071892e-05,3.367016e-08,4.1699428e-07,1.6479933e-09,0.94359344,1.1834685e-05,9.1657685e-06,0.0563444
/home/leo/Documentos/mestrado/DeepWeeds-Mobile/images/20180125-094059-2.jpg,8,8,8,8,1,0.90803933,0.0001097407,2.608367e-06,0.004773099,0.022843933,0.064178795,6.1154446e-07,1.7093741e-06,5.0220824e-05,0.90803933
/home/leo/Documentos/mestrado/DeepWeeds-Mobile/images/20170920-130336-2.jpg,2,2,2,2,1,0.69831586,0.017476203,0.00031849803,0.69831586,0.019992068,0.13563997,0.000306672,4.265776e-07,0.0035994914,0.124350734
/home/leo/Documentos/mestrado/DeepWeeds-Mobile/images/20180109-073038-2.jpg,8,8,8,8,1,0.7923036,1.7303798e-06,2.4011715e-06,0.20565026,2.1673266e-05,3.0581596e-06,2.7405297e-06,0.002012927,1.7097261e-06,0.7923036
/home/leo/Documentos/mestrado/DeepWeeds-Mobile/images/20180112-073804-1.jpg,8,8,8,8,1,0.991871,0.0019881167,0.0032798501,5.247917e-06,0.0019333584,0.0004118177,1.9995376e-08,0.00030259343,0.00020798844,0.991871
/home/leo/Documentos/mestrado/DeepWeeds-Mobile/images/20170706-110326-0.jpg,7,7,7,7,1,0.79920614,0.16874194,0.024787717,1.738852e-10,1.5551462e-09,9.57867e-11,3.6518068e-06,0.001224127,0.79920614,0.006036462
/home/leo/Documentos/mestrado/DeepWeeds-Mobile/images/20170728-123708-2.jpg,4,4,4,4,1,0.96205115,0.00013784741,1.52362e-06,0.0044793645,0.020483915,0.96205115,1.3917301e-07,2.3017122e-08,0.0005517657,0.012294246
/home/leo/Documentos/mestrado/DeepWeeds-Mobile/images/20171025-093132-1.jpg,3,8,3,8,0,0.9535554,0.0006043807,0.018066151,1.6277422e-08,0.01817039,1.8014252e-06,0.0033088617,0.0022474006,0.0040456112,0.9535554
/home/leo/Documentos/mestrado/DeepWeeds-Mobile/images/20171113-132950-1.jpg,6,6,6,6,1,0.99961317,4.668531e-07,0.00034566037,5.221737e-12,2.122801e-09,7.417481e-12,3.3651511e-07,0.99961317,4.828097e-06,3.5505378e-05
/home/leo/Documentos/mestrado/DeepWeeds-Mobile/images/20171025-081051-3.jpg,3,3,3,3,1,0.9865957,0.000195628,0.0016226927,5.6384455e-05,0.9865957,0.0029443237,3.8882553e-07,1.7345032e-05,0.0007724214,0.007795111
/home/leo/Documentos/mestrado/DeepWeeds-Mobile/images/20180125-100559-1.jpg,8,8,8,8,1,0.98735005,0.00021960912,0.0053787977,0.00032001548,3.6269543e-05,9.537184e-06,0.0019490033,0.0041234773,0.00061321683,0.98735005
/home/leo/Documentos/mestrado/DeepWeeds-Mobile/images/20171205-143028-2.jpg,8,8,8,8,1,0.8390212,9.4487645e-05,0.0034440255,9.350222e-11,8.311194e-05,9.999527e-09,0.15727536,2.16781e-06,7.9558304e-05,0.8390212
/home/leo/Documentos/mestrado/DeepWeeds-Mobile/images/20180112-101923-2.jpg,8,8,8,8,1,0.87707853,0.11059379,3.86737e-05,0.00014043288,1.3778571e-05,6.9267007e-06,0.0036890763,5.482511e-07,0.008438285,0.87707853
/home/leo/Documentos/mestrado/DeepWeeds-Mobile/images/20170210-132618-0.jpg,0,0,0,0,1,0.8218181,0.8218181,0.0002122558,2.0944857e-09,3.1994927e-07,7.3828055e-09,3.570327e-07,0.00012703355,0.17473854,0.0031033817
/home/leo/Documentos/mestrado/DeepWeeds-Mobile/images/20180112-101443-2.jpg,8,8,8,8,1,0.9927576,0.0028620157,5.6344843e-06,1.09343955e-05,7.966132e-06,2.1469783e-07,4.723179e-05,3.159273e-06,0.0043053627,0.9927576
/home/leo/Documentos/mestrado/DeepWeeds-Mobile/images/20170920-112835-3.jpg,2,2,2,2,1,0.41151983,0.0021194704,4.5798242e-05,0.41151983,0.3667701,0.10283077,0.0042868853,0.00027092706,0.00094717543,0.11120902
/home/leo/Documentos/mestrado/DeepWeeds-Mobile/images/20170729-154215-3.jpg,4,3,4,3,0,0.67228156,0.00019266176,9.966035e-07,6.133359e-05,0.67228156,0.32149118,2.3691842e-07,2.3869373e-09,6.749127e-05,0.00590461
/home/leo/Documentos/mestrado/DeepWeeds-Mobile/images/20170906-114413-4.jpg,3,3,3,3,1,0.755013,0.0027066472,0.0018699719,4.545282e-05,0.755013,0.062440295,1.7007899e-07,0.0020402407,0.0024792294,0.17340499
/home/leo/Documentos/mestrado/DeepWeeds-Mobile/images/20170906-134121-1.jpg,3,3,3,3,1,0.34610394,0.060335547,0.0023166188,0.066084765,0.34610394,0.09752418,0.025216995,1.4061478e-05,0.17853211,0.22387184
/home/leo/Documentos/mestrado/DeepWeeds-Mobile/images/20180109-103801-2.jpg,8,8,8,8,1,0.99870074,4.6878653e-05,0.0002701212,0.00069726695,0.00010934459,3.4205023e-06,2.5413356e-05,0.00010751588,3.9139974e-05,0.99870074
/home/leo/Documentos/mestrado/DeepWeeds-Mobile/images/20170705-162239-0.jpg,7,0,7,0,0,0.4187033,0.4187033,0.018177362,3.177835e-05,0.0073889624,0.042742833,2.5875435e-05,2.5362874e-06,0.40901476,0.10391265
/home/leo/Documentos/mestrado/DeepWeeds-Mobile/images/20170210-131722-0.jpg,7,7,7,7,1,0.99995196,4.166162e-05,4.1142565e-09,2.8311419e-14,1.8313278e-11,1.4450443e-13,1.9822123e-07,8.186941e-08,0.99995196,6.081982e-06
/home/leo/Documentos/mestrado/DeepWeeds-Mobile/images/20180119-110236-1.jpg,8,8,8,8,1,0.86875933,0.0065287915,0.044099364,1.8535887e-07,9.5393785e-05,2.7741297e-07,0.0029195957,0.06801658,0.009580378,0.86875933
/home/leo/Documentos/mestrado/DeepWeeds-Mobile/images/20170811-134414-2.jpg,0,0,0,0,1,0.99807,0.99807,2.046006e-05,5.166176e-10,1.4073153e-09,1.624492e-08,4.5995968e-08,1.0849909e-08,1.3162422e-05,0.0018962785
/home/leo/Documentos/mestrado/DeepWeeds-Mobile/images/20180105-092837-2.jpg,8,8,8,8,1,0.9964116,8.001387e-08,8.981188e-07,6.1768544e-05,5.622275e-08,2.8498513e-07,1.7755612e-07,0.0035247195,4.2759794e-07,0.9964116
/home/leo/Documentos/mestrado/DeepWeeds-Mobile/images/20171109-091242-2.jpg,5,8,5,8,0,0.52,0.0093229,0.041754134,0.0011991622,1.0030218e-05,1.2642633e-06,0.0050547323,0.39162922,0.031028591,0.52
/home/leo/Documentos/mestrado/DeepWeeds-Mobile/images/20171220-091239-2.jpg,8,8,8,8,1,0.6129151,0.07046064,0.05411344,4.233603e-09,0.0012875596,9.015519e-08,0.23042093,0.00020481573,0.030597495,0.6129151
/home/leo/Documentos/mestrado/DeepWeeds-Mobile/images/20180112-091855-1.jpg,8,8,8,8,1,0.95711887,0.016067568,0.00054688804,0.0029635357,0.016246513,0.00012732911,5.008164e-05,2.7714912e-06,0.006876517,0.95711887
/home/leo/Documentos/mestrado/DeepWeeds-Mobile/images/20170811-133854-2.jpg,0,0,0,0,1,0.73251843,0.73251843,0.0047006616,4.893788e-10,2.5841595e-07,1.3611311e-08,9.945299e-06,4.345225e-05,0.0073472224,0.25537992
/home/leo/Documentos/mestrado/DeepWeeds-Mobile/images/20170727-135734-1.jpg,4,4,4,4,1,0.9995282,2.4063142e-05,1.5514898e-08,6.528083e-07,0.00017736288,0.9995282,3.366183e-10,1.8108047e-13,8.578365e-06,0.0002610576
/home/leo/Documentos/mestrado/DeepWeeds-Mobile/images/20170811-104503-2.jpg,0,0,0,0,1,0.96303946,0.96303946,0.00017356958,3.6540349e-10,3.060941e-08,4.5613977e-08,1.4485933e-07,5.0875393e-08,0.013703877,0.0230829
/home/leo/Documentos/mestrado/DeepWeeds-Mobile/images/20170521-153419-0.jpg,1,1,1,1,1,0.96912616,0.0072484724,0.96912616,2.6888077e-11,1.3139624e-10,7.1982725e-11,3.2286567e-07,0.00024645167,0.022873713,0.0005048336
/home/leo/Documentos/mestrado/DeepWeeds-Mobile/images/20170405-155115-0.jpg,0,0,0,0,1,0.9037639,0.9037639,0.00031326117,2.42607e-10,6.428112e-08,6.7786926e-10,0.0004050309,0.003234429,0.08671417,0.0055690906
/home/leo/Documentos/mestrado/DeepWeeds-Mobile/images/20171113-145156-3.jpg,6,6,6,6,1,0.99886733,1.1641058e-06,2.5300722e-06,6.200643e-08,1.4736276e-08,3.198706e-07,4.7961766e-08,0.99886733,0.0008365535,0.00029185682
/home/leo/Documentos/mestrado/DeepWeeds-Mobile/images/20180109-101035-2.jpg,8,8,8,8,1,0.9145659,0.00030063282,0.00016761309,7.887122e-08,3.573944e-05,1.6889981e-08,0.06931934,0.015522966,8.779287e-05,0.9145659
/home/leo/Documentos/mestrado/DeepWeeds-Mobile/images/20180109-071804-1.jpg,8,8,8,8,1,0.9738167,3.7079404e-09,1.1794698e-07,7.9253125e-11,1.2984245e-07,2.2325077e-09,3.3487586e-09,0.026182976,5.8049313e-08,0.9738167
/home/leo/Documentos/mestrado/DeepWeeds-Mobile/images/20180125-094416-2.jpg,8,8,8,8,1,0.9772511,0.00013597541,5.3210993e-06,1.7793592e-06,0.0040462324,0.018506737,4.7290424e-08,5.447606e-10,5.2887684e-05,0.9772511
/home/leo/Documentos/mestrado/DeepWeeds-Mobile/images/20180125-132451-3.jpg,8,8,8,8,1,0.9868717,6.350811e-05,0.000252341,0.004713951,0.0012015839,0.0065878993,4.79222e-07,5.3109e-06,0.00030314844,0.9868717
/home/leo/Documentos/mestrado/DeepWeeds-Mobile/images/20170906-112604-2.jpg,3,3,3,3,1,0.9063596,0.0004146586,0.00085889973,3.0692857e-07,0.9063596,0.0028306416,1.1873824e-05,1.1398355e-06,0.000843904,0.08867904
/home/leo/Documentos/mestrado/DeepWeeds-Mobile/images/20180112-094059-2.jpg,8,8,8,8,1,0.92681795,0.042738743,0.0012356216,6.337508e-07,3.6440222e-06,7.397375e-08,0.00011097805,0.00012675082,0.02896556,0.92681795
/home/leo/Documentos/mestrado/DeepWeeds-Mobile/images/20170714-114948-2.jpg,1,1,1,1,1,0.90556294,0.001799374,0.90556294,5.142118e-08,7.954663e-05,1.2659963e-08,0.004628651,0.0005336697,0.048573304,0.03882247
/home/leo/Documentos/mestrado/DeepWeeds-Mobile/images/20170714-135825-2.jpg,1,1,1,1,1,0.9979656,0.00025588344,0.9979656,1.2092102e-10,4.205185e-07,3.3617215e-10,2.9246542e-07,0.0011621002,0.00013003875,0.00048573798
/home/leo/Documentos/mestrado/DeepWeeds-Mobile/images/20171217-184330-2.jpg,8,8,8,8,1,0.97532314,0.0010529998,1.3092159e-05,1.8425743e-08,7.881644e-08,1.6544972e-09,0.023580376,1.282809e-05,1.749175e-05,0.97532314
/home/leo/Documentos/mestrado/DeepWeeds-Mobile/images/20170704-155311-0.jpg,7,1,7,1,0,0.9900019,0.00032929107,0.9900019,1.7904233e-08,4.2416035e-05,5.374116e-08,1.1318501e-05,4.1438052e-05,0.00071236235,0.008861236
/home/leo/Documentos/mestrado/DeepWeeds-Mobile/images/20180112-080825-1.jpg,8,8,8,8,1,0.70153296,0.15644349,0.12435105,8.5510546e-05,0.0015856541,0.00012329464,0.00025686272,0.0004974079,0.0151238395,0.70153296
/home/leo/Documentos/mestrado/DeepWeeds-Mobile/images/20171121-085538-1.jpg,6,8,6,8,0,0.69463664,5.683658e-05,9.259881e-07,1.9441695e-06,6.065844e-07,1.0609139e-06,2.5709054e-05,0.30493703,0.00033936635,0.69463664
/home/leo/Documentos/mestrado/DeepWeeds-Mobile/images/20180322-133720-1.jpg,8,8,8,8,1,0.863117,0.0024239297,0.00039020457,0.089736976,0.011986039,0.031774174,2.394043e-05,5.9969575e-06,0.00054186943,0.863117
/home/leo/Documentos/mestrado/DeepWeeds-Mobile/images/20170920-095406-2.jpg,4,8,4,8,0,0.7068325,0.0016605749,0.12602733,0.0035466854,0.015237094,0.009148592,9.0130624e-07,0.12676035,0.010785934,0.7068325
/home/leo/Documentos/mestrado/DeepWeeds-Mobile/images/20170127-103011-0.jpg,1,1,1,1,1,0.742206,0.02164028,0.742206,1.491098e-06,7.1976376e-07,4.0339355e-08,0.0020899652,0.0072354735,0.043163925,0.18366218
/home/leo/Documentos/mestrado/DeepWeeds-Mobile/images/20171212-102128-3.jpg,8,8,8,8,1,0.9911821,0.0001828007,0.0072509474,7.4097315e-09,0.0004463955,1.2364909e-05,5.0309923e-06,5.8152502e-05,0.00086217537,0.9911821
/home/leo/Documentos/mestrado/DeepWeeds-Mobile/images/20171113-101351-1.jpg,5,5,5,5,1,0.8420359,1.2362455e-05,0.0002882074,3.1803515e-11,1.2790737e-06,3.0554236e-11,0.8420359,2.0828476e-05,1.0875209e-06,0.15764032
/home/leo/Documentos/mestrado/DeepWeeds-Mobile/images/20170714-142536-3.jpg,1,1,1,1,1,0.9975829,0.00046197386,0.9975829,1.3066469e-11,2.118309e-08,2.9240915e-10,2.4850726e-07,3.5330092e-06,0.0018658482,8.540072e-05
/home/leo/Documentos/mestrado/DeepWeeds-Mobile/images/20180322-103350-1.jpg,8,8,8,8,1,0.87921244,0.071869045,0.00013668992,9.501381e-06,0.0009533694,0.00010213106,0.009942792,9.821355e-08,0.03777395,0.87921244
/home/leo/Documentos/mestrado/DeepWeeds-Mobile/images/20180105-092757-3.jpg,8,8,8,8,1,0.648707,8.746941e-08,1.595061e-05,1.0501278e-05,1.9600472e-09,2.6590763e-08,6.564782e-05,0.35119754,3.2182313e-06,0.648707
/home/leo/Documentos/mestrado/DeepWeeds-Mobile/images/20171109-090224-1.jpg,5,5,5,5,1,0.99509853,2.5874115e-05,0.00038791433,1.8057633e-09,3.0785177e-08,5.3748474e-11,0.99509853,2.363377e-05,4.463057e-06,0.004459509
/home/leo/Documentos/mestrado/DeepWeeds-Mobile/images/20171219-114148-2.jpg,8,8,8,8,1,0.9906087,3.1893498e-05,7.4908203e-06,0.0057947296,0.0012019974,0.0022973628,9.937485e-08,2.614567e-06,5.5143348e-05,0.9906087
/home/leo/Documentos/mestrado/DeepWeeds-Mobile/images/20170920-191809-1.jpg,2,2,2,2,1,0.9999814,2.763882e-08,1.2245337e-09,0.9999814,7.1373006e-07,9.45431e-06,1.9291703e-07,1.3491297e-08,1.2096512e-09,8.179488e-06
/home/leo/Documentos/mestrado/DeepWeeds-Mobile/images/20170704-154449-0.jpg,7,8,7,8,0,0.42216,0.035404634,0.30488262,8.929696e-09,9.188272e-05,1.0717904e-08,5.1134674e-07,4.368285e-06,0.23745593,0.42216
/home/leo/Documentos/mestrado/DeepWeeds-Mobile/images/20171113-132119-3.jpg,6,6,6,6,1,0.8655126,0.00093171507,8.94075e-05,3.422324e-05,7.4202644e-06,4.5740194e-07,0.00030399638,0.8655126,0.00024402626,0.13287611
/home/leo/Documentos/mestrado/DeepWeeds-Mobile/images/20171113-123657-3.jpg,6,6,6,6,1,0.9536001,0.000991037,0.0006550966,1.2777041e-06,8.280198e-06,1.4579327e-05,0.0009813595,0.9536001,0.00032213188,0.04342624
/home/leo/Documentos/mestrado/DeepWeeds-Mobile/images/20171212-103305-3.jpg,8,1,8,1,0,0.80255276,0.0001184728,0.80255276,8.879336e-08,1.2287494e-08,7.4352497e-09,0.0018108325,0.001380254,0.00038359026,0.1937539
/home/leo/Documentos/mestrado/DeepWeeds-Mobile/images/20171212-094427-3.jpg,8,8,8,8,1,0.99997663,1.3562861e-07,3.2798047e-07,6.9410686e-11,1.8014252e-05,5.330723e-10,2.1097972e-06,1.4218929e-08,2.7509832e-06,0.99997663
/home/leo/Documentos/mestrado/DeepWeeds-Mobile/images/20180109-070211-1.jpg,8,6,8,6,0,0.7230008,2.9875719e-06,1.3437498e-06,6.6430925e-07,1.8801616e-06,1.6539884e-06,8.74944e-06,0.7230008,3.6008068e-06,0.27697816
/home/leo/Documentos/mestrado/DeepWeeds-Mobile/images/20171201-120010-1.jpg,8,8,8,8,1,0.99901533,1.0272853e-07,9.709459e-08,3.1881368e-14,4.8390667e-08,3.1929494e-11,0.000979972,3.9347606e-06,5.210178e-07,0.99901533
/home/leo/Documentos/mestrado/DeepWeeds-Mobile/images/20170714-110657-1.jpg,1,6,1,6,0,0.9379004,7.737991e-05,0.052412134,1.9559417e-08,1.2731562e-06,2.696422e-09,2.297523e-05,0.9379004,0.00050477876,0.009080998
/home/leo/Documentos/mestrado/DeepWeeds-Mobile/images/20170920-162211-3.jpg,2,2,2,2,1,0.9995391,7.498551e-08,7.7336464e-11,0.9995391,1.3152274e-05,0.0003955514,6.1757532e-09,9.710978e-11,4.338022e-09,5.2156545e-05
/home/leo/Documentos/mestrado/DeepWeeds-Mobile/images/20170728-152926-3.jpg,8,4,8,4,0,0.95126307,8.9279365e-06,9.705536e-10,4.8410207e-06,0.0016030198,0.95126307,6.3783905e-06,2.4749208e-15,3.6210523e-07,0.047113284
/home/leo/Documentos/mestrado/DeepWeeds-Mobile/images/20170714-134219-1.jpg,1,1,1,1,1,0.9966028,0.0027741462,0.9966028,1.3575278e-12,3.848125e-10,3.7929822e-11,4.493925e-09,2.5783136e-06,4.452885e-05,0.0005759149
/home/leo/Documentos/mestrado/DeepWeeds-Mobile/images/20180109-101342-2.jpg,8,8,8,8,1,0.6937581,1.6075739e-05,1.3537337e-05,1.3348179e-07,1.4982227e-06,1.4797416e-08,0.18764769,0.11850355,5.9505746e-05,0.6937581
/home/leo/Documentos/mestrado/DeepWeeds-Mobile/images/20171220-082227-2.jpg,8,8,8,8,1,0.9902243,0.0015844146,1.1030762e-05,2.9836743e-12,0.0065554334,3.0252581e-06,2.8002729e-05,4.986972e-09,0.0015937383,0.9902243
/home/leo/Documentos/mestrado/DeepWeeds-Mobile/images/20171113-131205-1.jpg,6,6,6,6,1,0.9997421,1.4219506e-07,0.000103786726,2.386061e-11,6.926574e-11,2.239709e-12,2.6553127e-05,0.9997421,7.3995403e-07,0.0001266925
/home/leo/Documentos/mestrado/DeepWeeds-Mobile/images/20180112-072128-2.jpg,8,8,8,8,1,0.7066233,0.16859898,0.028844075,0.015462059,0.019184515,0.054184783,9.954518e-05,9.364559e-05,0.0069090733,0.7066233
/home/leo/Documentos/mestrado/DeepWeeds-Mobile/images/20170128-103152-0.jpg,8,8,8,8,1,0.9335171,0.050867505,0.0003099151,1.3519791e-05,0.001781674,7.8073725e-05,0.00027334635,1.1324419e-06,0.013157666,0.9335171
/home/leo/Documentos/mestrado/DeepWeeds-Mobile/images/20171102-122100-1.jpg,2,3,2,3,0,0.5656815,0.00049465906,0.00041280893,0.14209306,0.5656815,0.00026193593,1.7813551e-06,1.9448455e-05,0.00013785911,0.29089695
/home/leo/Documentos/mestrado/DeepWeeds-Mobile/images/20180105-094832-2.jpg,8,8,8,8,1,0.99726766,1.5669361e-08,4.3276333e-10,7.4303966e-07,1.5977376e-08,2.1540146e-07,2.9340294e-08,0.0027312273,5.5263143e-08,0.99726766
/home/leo/Documentos/mestrado/DeepWeeds-Mobile/images/20180109-074258-2.jpg,8,8,8,8,1,0.9962108,0.0025738778,0.00022555926,1.4865215e-13,1.1283194e-10,2.554869e-11,2.1918547e-06,0.0006123322,0.0003752821,0.9962108
/home/leo/Documentos/mestrado/DeepWeeds-Mobile/images/20170127-101639-0.jpg,1,1,1,1,1,0.88394696,0.0019193399,0.88394696,5.041906e-07,2.4958665e-06,2.496332e-07,0.0075046793,0.003138241,0.00014721332,0.103340276
/home/leo/Documentos/mestrado/DeepWeeds-Mobile/images/20180109-100309-2.jpg,8,5,8,5,0,0.5651425,0.000464981,1.6536938e-05,3.0852152e-06,8.090541e-06,7.430715e-08,0.5651425,0.00023225627,8.830975e-05,0.43404415
/home/leo/Documentos/mestrado/DeepWeeds-Mobile/images/20180322-112610-1.jpg,8,8,8,8,1,0.99990535,1.0201707e-05,4.806111e-07,6.389678e-05,6.5605e-06,1.0600927e-05,2.3622893e-06,8.027156e-09,4.611741e-07,0.99990535
/home/leo/Documentos/mestrado/DeepWeeds-Mobile/images/20171121-084031-1.jpg,6,6,6,6,1,0.9848334,0.0004105664,0.0031918995,5.520522e-05,1.000983e-05,1.5521923e-06,0.0003470816,0.9848334,0.00025806262,0.010892206
/home/leo/Documentos/mestrado/DeepWeeds-Mobile/images/20180112-074135-1.jpg,8,1,8,1,0,0.6248275,0.02621581,0.6248275,1.7421133e-05,2.2029559e-05,5.264794e-06,0.0002778227,0.0006097881,0.06871706,0.27930728
/home/leo/Documentos/mestrado/DeepWeeds-Mobile/images/20170128-102415-0.jpg,8,8,8,8,1,0.96767175,0.0040687555,0.005492027,8.021648e-06,0.010755585,0.00014001984,0.00038666136,0.00081224425,0.01066495,0.96767175
/home/leo/Documentos/mestrado/DeepWeeds-Mobile/images/20180105-100929-2.jpg,8,8,8,8,1,0.9987483,1.0993739e-07,3.4916349e-07,1.5814643e-05,5.706483e-07,2.8725756e-07,1.4547861e-07,0.0012336866,7.2478736e-07,0.9987483
/home/leo/Documentos/mestrado/DeepWeeds-Mobile/images/20171102-121558-3.jpg,2,2,2,2,1,0.99478,0.00012880974,0.00032859357,0.99478,6.757156e-05,3.1151255e-06,0.00016629855,4.767781e-06,0.0007696097,0.0037511787
/home/leo/Documentos/mestrado/DeepWeeds-Mobile/images/20170920-175019-1.jpg,4,4,4,4,1,0.9894621,7.95479e-05,4.878051e-06,0.00045356597,0.005473837,0.9894621,2.2646056e-09,8.984227e-11,0.00021574543,0.00431038
/home/leo/Documentos/mestrado/DeepWeeds-Mobile/images/20180109-100555-1.jpg,8,8,8,8,1,0.8985078,0.00020356687,0.000897417,1.645304e-06,0.09992206,3.5566485e-05,2.4030192e-07,0.00016213306,0.00026949382,0.8985078
/home/leo/Documentos/mestrado/DeepWeeds-Mobile/images/20171218-103405-3.jpg,8,8,8,8,1,0.99962604,8.482513e-06,4.854634e-06,1.6158342e-06,0.0002704419,4.400485e-06,3.5124486e-07,9.47679e-06,7.4342235e-05,0.99962604
/home/leo/Documentos/mestrado/DeepWeeds-Mobile/images/20170704-152003-0.jpg,0,0,0,0,1,0.95278317,0.95278317,0.032632347,1.6679479e-10,1.5369686e-11,1.6109429e-09,3.8669845e-07,0.000278222,0.0005510261,0.013754828
/home/leo/Documentos/mestrado/DeepWeeds-Mobile/images/20171219-093925-3.jpg,8,8,8,8,1,0.9983753,8.510774e-05,5.048217e-07,5.7199445e-10,0.0011803803,9.465492e-08,0.0002769176,1.0646942e-08,8.170624e-05,0.9983753
/home/leo/Documentos/mestrado/DeepWeeds-Mobile/images/20171025-075917-3.jpg,3,8,3,8,0,0.8943415,0.00014496104,0.0010839608,5.521762e-10,0.0998334,6.150641e-07,0.003647826,0.00032081644,0.0006267896,0.8943415
/home/leo/Documentos/mestrado/DeepWeeds-Mobile/images/20171025-074659-3.jpg,7,7,7,7,1,0.800994,0.09106122,0.0029387288,2.2212662e-08,0.0049116495,2.3964338e-07,0.00016554013,0.07107177,0.800994,0.02885689
/home/leo/Documentos/mestrado/DeepWeeds-Mobile/images/20180322-115620-2.jpg,8,8,8,8,1,0.98661447,0.00035981493,0.00064622134,9.023099e-05,0.0064421785,0.00017440548,0.0031016804,0.0014765572,0.0010945312,0.98661447
/home/leo/Documentos/mestrado/DeepWeeds-Mobile/images/20170811-123145-2.jpg,0,0,0,0,1,0.9993714,0.9993714,2.8853015e-05,8.913452e-15,3.608047e-13,2.6811311e-12,3.4441894e-09,3.6075257e-12,4.21972e-05,0.0005575313
/home/leo/Documentos/mestrado/DeepWeeds-Mobile/images/20170410-124359-0.jpg,0,0,0,0,1,0.9815971,0.9815971,0.0004656642,2.5107965e-08,9.171658e-06,6.6960104e-07,7.46468e-06,2.602444e-07,0.013113666,0.0048060636
/home/leo/Documentos/mestrado/DeepWeeds-Mobile/images/20171219-112509-2.jpg,8,8,8,8,1,0.9768423,9.0053334e-05,5.5139257e-08,4.401807e-08,0.0019192343,1.0468245e-05,0.020354189,0.00066133967,0.00012231401,0.9768423
/home/leo/Documentos/mestrado/DeepWeeds-Mobile/images/20170718-101808-2.jpg,0,7,0,7,0,0.36173415,0.30423504,0.050626922,7.887887e-08,7.9978745e-06,3.202313e-08,0.16511032,0.014035811,0.36173415,0.104249604
/home/leo/Documentos/mestrado/DeepWeeds-Mobile/images/20180125-092159-2.jpg,8,8,8,8,1,0.99985445,1.103506e-05,5.2259853e-05,8.56989e-07,3.746689e-06,1.19310835e-05,4.0008572e-07,8.4661156e-07,6.447596e-05,0.99985445
/home/leo/Documentos/mestrado/DeepWeeds-Mobile/images/20171102-123238-3.jpg,2,2,2,2,1,0.9981693,2.668908e-05,1.8884159e-05,0.9981693,9.294134e-05,4.003442e-07,2.388049e-07,3.3811965e-08,6.54118e-05,0.001626073
/home/leo/Documentos/mestrado/DeepWeeds-Mobile/images/20170705-165136-0.jpg,7,8,7,8,0,0.80844885,0.029058674,0.0011382991,4.9306076e-05,0.0011245967,0.027484467,0.0025997162,2.1206439e-07,0.1300959,0.80844885
/home/leo/Documentos/mestrado/DeepWeeds-Mobile/images/20171025-090755-1.jpg,3,8,3,8,0,0.49604177,0.016401233,0.020404229,0.0014797755,0.43504775,0.02770656,2.4635162e-06,0.0010041617,0.00191199,0.49604177
/home/leo/Documentos/mestrado/DeepWeeds-Mobile/images/20170210-142523-0.jpg,7,7,7,7,1,0.9999373,6.2256724e-05,9.971626e-08,1.5878302e-11,8.191975e-12,3.2198176e-12,7.8899056e-08,9.310092e-10,0.9999373,2.6523836e-07
/home/leo/Documentos/mestrado/DeepWeeds-Mobile/images/20171220-101708-2.jpg,8,8,8,8,1,0.9801033,0.0005238655,0.005691417,3.2985597e-11,8.249448e-07,1.264241e-09,0.013144344,0.0004093416,0.00012687629,0.9801033
/home/leo/Documentos/mestrado/DeepWeeds-Mobile/images/20170210-131552-0.jpg,7,7,7,7,1,0.9870231,0.0010449532,0.010931738,2.1481947e-10,2.0800306e-09,3.1341284e-11,5.1542592e-08,1.8419645e-06,0.9870231,0.0009982488
/home/leo/Documentos/mestrado/DeepWeeds-Mobile/images/20171219-105039-3.jpg,8,8,8,8,1,0.95793563,0.011540592,0.00014309997,1.6893591e-07,7.469543e-07,8.3090225e-07,0.0298478,1.5723135e-05,0.0005154405,0.95793563
/home/leo/Documentos/mestrado/DeepWeeds-Mobile/images/20171109-194100-1.jpg,5,5,5,5,1,0.99898,1.0765096e-05,5.1712937e-07,2.0213671e-10,1.2734342e-09,1.8597036e-10,0.99898,2.9877233e-06,1.1980781e-05,0.0009937258
/home/leo/Documentos/mestrado/DeepWeeds-Mobile/images/20180125-100907-1.jpg,8,8,8,8,1,0.9941486,0.00021102317,0.005248221,0.00016662848,0.00011583346,4.155035e-05,2.0680163e-05,4.1755284e-05,5.6174026e-06,0.9941486
/home/leo/Documentos/mestrado/DeepWeeds-Mobile/images/20170913-105849-2.jpg,3,3,3,3,1,0.98677593,3.3942132e-07,3.2809016e-09,0.00018894894,0.98677593,0.00061201304,1.881469e-05,3.9272063e-08,3.518781e-08,0.012403944
/home/leo/Documentos/mestrado/DeepWeeds-Mobile/images/20180109-095915-1.jpg,8,8,8,8,1,0.8864812,0.004120502,0.0009013167,0.009753912,0.09799187,0.00014004188,7.765631e-06,1.286046e-05,0.0005904443,0.8864812
/home/leo/Documentos/mestrado/DeepWeeds-Mobile/images/20180125-095419-2.jpg,8,8,8,8,1,0.9397618,6.3944666e-05,3.2498672e-05,2.2784835e-08,1.4228442e-05,3.4725218e-09,0.029533453,0.030586118,7.983473e-06,0.9397618
/home/leo/Documentos/mestrado/DeepWeeds-Mobile/images/20171219-095132-2.jpg,8,8,8,8,1,0.9999944,6.111851e-09,6.0052065e-07,1.7864842e-12,2.5634478e-07,2.7780141e-11,3.6283925e-06,1.0892497e-06,9.222751e-09,0.9999944
/home/leo/Documentos/mestrado/DeepWeeds-Mobile/images/20170315-085848-0.jpg,8,8,8,8,1,0.9993913,0.00030929904,4.4327717e-05,3.388039e-10,1.2809529e-05,3.4996828e-10,0.00023090193,2.411302e-07,1.1115991e-05,0.9993913
/home/leo/Documentos/mestrado/DeepWeeds-Mobile/images/20170718-132718-2.jpg,7,7,7,7,1,0.9324089,0.02757652,0.010188344,8.724464e-07,0.00028240724,6.6087773e-06,4.1364576e-05,0.003796159,0.9324089,0.0256987
/home/leo/Documentos/mestrado/DeepWeeds-Mobile/images/20170127-100724-0.jpg,1,1,1,1,1,0.87825704,0.0052342964,0.87825704,6.4622654e-08,1.9846837e-05,2.1525656e-08,0.0013322396,0.067964844,0.0039652074,0.043226417
/home/leo/Documentos/mestrado/DeepWeeds-Mobile/images/20180112-103948-2.jpg,8,8,8,8,1,0.9934145,0.0027180426,3.9241954e-06,2.074249e-05,2.368809e-06,5.500478e-07,4.4211076e-05,1.5248042e-06,0.0037940328,0.9934145
/home/leo/Documentos/mestrado/DeepWeeds-Mobile/images/20171205-142930-2.jpg,8,8,8,8,1,0.99349445,2.196498e-06,2.4824878e-05,5.003455e-11,1.4837132e-05,1.5569085e-10,0.0064566336,6.07598e-06,9.5292705e-07,0.99349445
/home/leo/Documentos/mestrado/DeepWeeds-Mobile/images/20171220-100138-2.jpg,8,8,8,8,1,0.99621385,0.001377018,0.00062080595,2.0284987e-09,1.7721253e-05,3.3211013e-08,0.00026466395,4.9777515e-05,0.0014561738,0.99621385
/home/leo/Documentos/mestrado/DeepWeeds-Mobile/images/20180109-095028-2.jpg,8,8,8,8,1,0.9994029,3.073682e-05,7.708629e-05,0.00028166545,0.00011321563,3.102626e-05,6.9727015e-08,5.6994944e-05,6.295725e-06,0.9994029
/home/leo/Documentos/mestrado/DeepWeeds-Mobile/images/20170728-122058-3.jpg,4,4,4,4,1,0.93609923,7.2592275e-06,9.934705e-08,1.0153123e-06,0.06322425,0.93609923,4.437902e-07,7.569206e-12,3.745282e-06,0.00066400936
/home/leo/Documentos/mestrado/DeepWeeds-Mobile/images/20170920-162022-3.jpg,2,2,2,2,1,0.97593313,4.2994734e-06,1.9339373e-07,0.97593313,0.0004560773,0.013818751,3.1433633e-08,1.9288143e-06,2.967204e-06,0.009782467
/home/leo/Documentos/mestrado/DeepWeeds-Mobile/images/20171218-121857-3.jpg,8,8,8,8,1,0.99985313,6.009462e-07,2.0459611e-08,3.6657687e-11,2.8412907e-07,1.9714323e-08,0.00014577441,1.7595683e-09,1.711002e-07,0.99985313
/home/leo/Documentos/mestrado/DeepWeeds-Mobile/images/20170127-101203-0.jpg,1,1,1,1,1,0.95544267,7.624015e-05,0.95544267,1.5674491e-10,1.9633858e-06,1.0755484e-09,4.818723e-06,0.0435854,7.8687284e-05,0.00081025437
/home/leo/Documentos/mestrado/DeepWeeds-Mobile/images/20171219-095437-3.jpg,8,8,8,8,1,0.99226665,0.0035406093,0.0001204025,2.4594283e-05,1.9034516e-05,1.2313693e-05,0.0032033795,2.2312374e-06,0.00081081607,0.99226665
/home/leo/Documentos/mestrado/DeepWeeds-Mobile/images/20170714-115554-2.jpg,1,1,1,1,1,0.9999157,1.1056425e-05,0.9999157,7.775419e-16,3.6654702e-13,5.286899e-14,1.4139283e-12,2.350733e-06,7.0022455e-05,9.0912073e-07
/home/leo/Documentos/mestrado/DeepWeeds-Mobile/images/20171113-145805-1.jpg,6,6,6,6,1,0.99127054,1.4017895e-06,0.008705013,4.0244598e-13,9.973252e-10,4.516805e-12,1.6422058e-08,0.99127054,1.9142775e-05,3.925515e-06
/home/leo/Documentos/mestrado/DeepWeeds-Mobile/images/20171220-092229-2.jpg,8,8,8,8,1,0.8900952,3.4666966e-05,1.3402608e-06,5.782327e-11,0.000110829904,2.6166808e-10,0.10973999,2.0010366e-07,1.768666e-05,0.8900952
/home/leo/Documentos/mestrado/DeepWeeds-Mobile/images/20180119-110526-2.jpg,8,8,8,8,1,0.9569968,0.000842125,0.010332195,0.0006316968,0.00037907428,0.00036613148,0.0064585204,0.023689048,0.0003043987,0.9569968
/home/leo/Documentos/mestrado/DeepWeeds-Mobile/images/20171218-121638-2.jpg,8,8,8,8,1,0.9963283,5.3838623e-05,8.980035e-05,1.844194e-11,1.2469451e-05,1.195262e-10,0.0015351766,2.654589e-07,0.001980246,0.9963283
/home/leo/Documentos/mestrado/DeepWeeds-Mobile/images/20170718-133349-2.jpg,7,7,7,7,1,0.49925527,0.4480514,0.0363565,8.540907e-06,7.6041306e-06,9.937127e-07,5.5625238e-05,3.1330537e-06,0.49925527,0.01626097
/home/leo/Documentos/mestrado/DeepWeeds-Mobile/images/20171102-100741-2.jpg,4,8,4,8,0,0.8249335,0.00018549996,0.027136842,0.0913775,0.00068952236,0.028379789,2.8784892e-05,0.027239617,2.903072e-05,0.8249335
/home/leo/Documentos/mestrado/DeepWeeds-Mobile/images/20180322-125512-1.jpg,8,8,8,8,1,0.9439804,0.0012834226,4.1348532e-05,1.0822234e-05,1.41663695e-05,5.2000973e-06,0.05363195,1.7342337e-07,0.0010325133,0.9439804
/home/leo/Documentos/mestrado/DeepWeeds-Mobile/images/20180125-094244-1.jpg,8,8,8,8,1,0.99999774,2.6070825e-07,3.7022042e-07,1.178593e-08,7.117929e-09,8.039206e-09,1.6295667e-06,2.8966145e-08,1.011926e-08,0.99999774
/home/leo/Documentos/mestrado/DeepWeeds-Mobile/images/20171109-091730-2.jpg,5,5,5,5,1,0.99999726,7.0691635e-09,7.091987e-09,2.8903777e-15,6.287476e-14,3.3731904e-16,0.99999726,2.8998735e-09,2.8272646e-11,2.6724915e-06
/home/leo/Documentos/mestrado/DeepWeeds-Mobile/images/20180112-075900-2.jpg,8,1,8,1,0,0.67172396,0.017197074,0.67172396,5.8418686e-05,0.0013558117,0.00040215685,0.0003509004,0.010250614,0.017415153,0.28124598
/home/leo/Documentos/mestrado/DeepWeeds-Mobile/images/20180112-102837-2.jpg,8,8,8,8,1,0.79005766,0.0006975123,4.478374e-05,5.9965914e-05,9.936645e-05,5.641006e-07,0.20780566,0.0009385218,0.00029590185,0.79005766
/home/leo/Documentos/mestrado/DeepWeeds-Mobile/images/20171102-122320-3.jpg,2,2,2,2,1,0.99878955,5.5567334e-06,3.704293e-07,0.99878955,1.6142505e-05,3.9231205e-07,2.7963508e-06,1.629413e-08,1.537353e-06,0.0011836421
/home/leo/Documentos/mestrado/DeepWeeds-Mobile/images/20170718-094308-2.jpg,0,0,0,0,1,0.86538565,0.86538565,0.003447164,3.469722e-06,8.53554e-05,0.000461719,0.00030450636,2.400077e-07,0.100076765,0.030235143
/home/leo/Documentos/mestrado/DeepWeeds-Mobile/images/20170129-103517-0.jpg,8,8,8,8,1,0.6533863,0.034559436,0.23997103,8.1718775e-07,0.0023695382,1.515954e-06,0.0581442,0.00015933295,0.011407893,0.6533863
/home/leo/Documentos/mestrado/DeepWeeds-Mobile/images/20171212-103306-3.jpg,8,8,8,8,1,0.5902219,0.003024737,0.38704643,2.6855448e-06,5.657557e-06,2.1940275e-06,0.00019704254,0.018579658,0.0009197795,0.5902219
/home/leo/Documentos/mestrado/DeepWeeds-Mobile/images/20180112-073055-2.jpg,8,8,8,8,1,0.9692643,0.0022618717,0.014226605,0.0013402501,0.009326267,0.0029446036,4.8645816e-05,0.0001506916,0.00043659797,0.9692643
/home/leo/Documentos/mestrado/DeepWeeds-Mobile/images/20171113-095624-3.jpg,5,5,5,5,1,0.9992336,2.3525652e-07,7.0009463e-07,3.352521e-12,7.540394e-09,6.219012e-13,0.9992336,2.0804899e-07,9.0663065e-08,0.0007650685
/home/leo/Documentos/mestrado/DeepWeeds-Mobile/images/20180125-092249-2.jpg,8,8,8,8,1,0.9884487,0.0003741318,0.00020021899,0.00025840968,0.0024826853,0.004437306,4.7916938e-06,3.2688806e-07,0.0037934403,0.9884487
/home/leo/Documentos/mestrado/DeepWeeds-Mobile/images/20180322-114119-1.jpg,8,8,8,8,1,0.99398446,0.00021158437,8.622582e-06,6.370912e-08,2.3973726e-08,5.3938237e-07,0.005716683,5.0888062e-05,2.7031192e-05,0.99398446
/home/leo/Documentos/mestrado/DeepWeeds-Mobile/images/20180322-102617-2.jpg,8,8,8,8,1,0.97924006,0.0011052323,9.3358845e-05,5.111512e-05,0.005069433,0.011011603,2.8627272e-07,5.936312e-08,0.0034288971,0.97924006
/home/leo/Documentos/mestrado/DeepWeeds-Mobile/images/20171025-090101-2.jpg,3,3,3,3,1,0.78741914,0.0075410996,6.222223e-05,0.0028049906,0.78741914,0.007434363,3.536448e-07,8.3019394e-08,0.01630847,0.17842925
/home/leo/Documentos/mestrado/DeepWeeds-Mobile/images/20180109-074844-1.jpg,8,6,8,6,0,0.75036794,1.2669814e-05,3.6571157e-05,2.1481766e-08,4.221936e-08,2.2462535e-10,0.00044689604,0.75036794,1.0861795e-05,0.24912494
/home/leo/Documentos/mestrado/DeepWeeds-Mobile/images/20171102-122541-2.jpg,2,2,2,2,1,0.99967176,3.128374e-09,2.3845899e-09,0.99967176,2.5370153e-07,1.450479e-07,4.9848385e-08,1.8466555e-08,3.4903244e-10,0.00032773003
/home/leo/Documentos/mestrado/DeepWeeds-Mobile/images/20180112-101055-2.jpg,8,8,8,8,1,0.79109406,0.031561602,0.001167181,0.00019349548,1.7507946e-07,1.7170762e-06,0.15704194,1.1612873e-05,0.018928286,0.79109406
/home/leo/Documentos/mestrado/DeepWeeds-Mobile/images/20171212-102928-3.jpg,8,1,8,1,0,0.7595281,0.0012199674,0.7595281,8.990208e-10,5.0803283e-05,7.7300186e-08,1.460758e-06,0.0004549009,0.0014816076,0.23726302
/home/leo/Documentos/mestrado/DeepWeeds-Mobile/images/20180109-080111-1.jpg,8,8,8,8,1,0.9911882,5.6422546e-06,1.2762129e-05,1.9264526e-05,6.2638023e-06,3.5554488e-06,5.8646085e-05,0.007599036,0.0011066147,0.9911882
/home/leo/Documentos/mestrado/DeepWeeds-Mobile/images/20170727-140142-1.jpg,4,4,4,4,1,0.9993257,1.7174822e-05,9.783379e-10,1.363903e-07,0.0003655029,0.9993257,1.2161563e-10,3.2041183e-15,6.274639e-06,0.00028520203
/home/leo/Documentos/mestrado/DeepWeeds-Mobile/images/20170727-114704-3.jpg,4,5,4,5,0,0.36034822,2.718868e-05,6.7379705e-07,0.0002188514,0.21581052,0.33932462,0.36034822,4.771953e-07,0.00012600294,0.08414342
/home/leo/Documentos/mestrado/DeepWeeds-Mobile/images/20171217-183611-2.jpg,8,8,8,8,1,0.8720553,0.006317325,0.00078508846,3.252005e-10,6.538911e-06,7.0833606e-10,0.033360947,1.3223791e-06,0.08747336,0.8720553
/home/leo/Documentos/mestrado/DeepWeeds-Mobile/images/20170714-115904-1.jpg,1,1,1,1,1,0.9993911,0.0002689205,0.9993911,8.6620117e-10,8.312878e-09,2.3384576e-09,1.1895187e-08,7.137153e-08,0.00021733527,0.00012255274
/home/leo/Documentos/mestrado/DeepWeeds-Mobile/images/20170630-151331-0.jpg,7,7,7,7,1,0.4280213,0.009894303,0.13892469,4.151136e-05,2.444233e-05,8.925226e-06,0.0011548438,0.06269604,0.4280213,0.35923392
/home/leo/Documentos/mestrado/DeepWeeds-Mobile/images/20180109-071252-1.jpg,8,6,8,6,0,0.9456558,1.7462486e-05,3.986184e-06,2.8341695e-08,3.834779e-07,8.5419224e-08,4.1633975e-06,0.9456558,1.9717927e-05,0.05429833
/home/leo/Documentos/mestrado/DeepWeeds-Mobile/images/20170210-133946-0.jpg,0,7,0,7,0,0.5322005,0.46756306,9.653066e-05,2.5846382e-11,8.4069285e-10,1.5094207e-12,4.738023e-09,1.90621e-08,0.5322005,0.00013986636
/home/leo/Documentos/mestrado/DeepWeeds-Mobile/images/20180112-070412-2.jpg,8,8,8,8,1,0.9727959,0.01287211,0.00097122975,0.000112827554,0.0073483163,0.0049716025,3.4485788e-07,3.085035e-08,0.0009276288,0.9727959
/home/leo/Documentos/mestrado/DeepWeeds-Mobile/images/20180109-074039-1.jpg,8,8,8,8,1,0.9835455,2.5550715e-08,1.23748105e-08,1.3490714e-07,6.798517e-08,3.0571118e-07,3.184615e-08,0.016452627,1.276349e-06,0.9835455
/home/leo/Documentos/mestrado/DeepWeeds-Mobile/images/20171025-100802-2.jpg,3,3,3,3,1,0.9935116,5.143178e-05,1.3102494e-05,1.4079329e-05,0.9935116,1.9194837e-07,8.073717e-07,0.000105009705,3.7411275e-05,0.0062663932
/home/leo/Documentos/mestrado/DeepWeeds-Mobile/images/20180119-110931-2.jpg,8,8,8,8,1,0.9997576,6.721569e-06,3.160566e-05,4.5173287e-08,1.8925457e-06,3.5310467e-08,0.00011201676,7.795451e-05,1.22525735e-05,0.9997576
/home/leo/Documentos/mestrado/DeepWeeds-Mobile/images/20180322-115245-2.jpg,8,1,8,1,0,0.49269694,0.013517154,0.49269694,6.365625e-05,0.0043680468,0.0029532241,0.0020323885,0.00039921794,0.023157574,0.4608118
/home/leo/Documentos/mestrado/DeepWeeds-Mobile/images/20170217-115656-0.jpg,0,0,0,0,1,0.9999825,0.9999825,1.0226306e-06,6.7781297e-16,1.1927068e-15,1.1363666e-15,2.129688e-11,2.768592e-11,3.891296e-06,1.2597197e-05
/home/leo/Documentos/mestrado/DeepWeeds-Mobile/images/20170714-110406-1.jpg,1,1,1,1,1,0.96243155,9.0058114e-07,0.96243155,2.1187408e-07,5.1216546e-08,1.0554305e-08,5.441467e-07,0.03142566,0.00016510933,0.0059758616
/home/leo/Documentos/mestrado/DeepWeeds-Mobile/images/20171113-172027-0.jpg,6,6,6,6,1,0.9999995,4.095664e-11,3.328069e-07,1.9999296e-13,9.398405e-13,2.571969e-14,8.655282e-12,0.9999995,4.1599418e-10,8.624928e-08
/home/leo/Documentos/mestrado/DeepWeeds-Mobile/images/20171108-124115-3.jpg,5,7,5,7,0,0.58174425,0.0024012849,0.03896038,8.777337e-08,1.4931794e-07,1.4072221e-09,0.18917233,0.0003960588,0.58174425,0.18732555
/home/leo/Documentos/mestrado/DeepWeeds-Mobile/images/20171102-121121-1.jpg,2,2,2,2,1,0.9999864,1.2824614e-07,3.103385e-08,0.9999864,2.847108e-07,1.4090264e-06,4.6062114e-09,5.9271604e-10,3.874118e-08,1.1660865e-05
/home/leo/Documentos/mestrado/DeepWeeds-Mobile/images/20170727-162925-1.jpg,4,4,4,4,1,0.99985206,1.0006341e-06,2.1976475e-10,3.412349e-07,1.1709956e-05,0.99985206,2.4758052e-11,3.9275494e-16,1.1789035e-06,0.00013370556
/home/leo/Documentos/mestrado/DeepWeeds-Mobile/images/20170714-144230-3.jpg,1,1,1,1,1,0.9998268,6.123232e-06,0.9998268,3.760337e-12,3.3441292e-09,1.3475285e-10,1.5840033e-08,1.5836386e-05,8.451015e-05,6.6757595e-05
/home/leo/Documentos/mestrado/DeepWeeds-Mobile/images/20170920-190113-1.jpg,2,2,2,2,1,0.99994123,9.496354e-08,2.8580005e-10,0.99994123,2.213559e-06,1.6813999e-06,1.359683e-07,2.0708887e-08,3.805307e-09,5.4600398e-05
/home/leo/Documentos/mestrado/DeepWeeds-Mobile/images/20170811-125920-1.jpg,0,0,0,0,1,0.89655393,0.89655393,0.0028641075,6.9311494e-09,1.5550066e-07,1.022545e-06,0.00028653792,2.5696775e-10,0.09897034,0.0013237924
/home/leo/Documentos/mestrado/DeepWeeds-Mobile/images/20170304-130647-0.jpg,7,7,7,7,1,0.7056318,0.28965977,0.00011030787,7.284245e-11,3.530105e-07,2.0421935e-09,4.926634e-07,1.3780773e-05,0.7056318,0.0045835306
/home/leo/Documentos/mestrado/DeepWeeds-Mobile/images/20171219-095801-3.jpg,8,8,8,8,1,0.9808569,0.008722864,0.0007925723,2.4044817e-05,6.6367196e-05,2.1620942e-06,0.0028769234,1.4567181e-05,0.0066436427,0.9808569
/home/leo/Documentos/mestrado/DeepWeeds-Mobile/images/20170627-103733-0.jpg,0,7,0,7,0,0.9489083,0.049938068,9.693191e-06,2.8032878e-09,2.1397193e-08,4.1875733e-10,0.00010379731,8.693858e-10,0.9489083,0.0010400852
/home/leo/Documentos/mestrado/DeepWeeds-Mobile/images/20171219-110229-2.jpg,8,8,8,8,1,0.9956114,0.0005204888,4.305013e-05,9.421596e-10,0.00018731253,3.8362674e-07,0.0036096845,1.6305352e-05,1.13857595e-05,0.9956114
/home/leo/Documentos/mestrado/DeepWeeds-Mobile/images/20180109-073844-2.jpg,8,8,8,8,1,0.9749396,4.683252e-05,8.9640045e-05,1.4319546e-08,7.9338726e-08,8.927348e-10,4.026636e-06,0.02475361,0.00016624547,0.9749396
/home/leo/Documentos/mestrado/DeepWeeds-Mobile/images/20180125-135555-3.jpg,8,8,8,8,1,0.9940831,0.0001425034,0.0013644405,1.0076216e-05,0.00030791538,0.00011952432,2.3543927e-05,0.00032806728,0.0036208353,0.9940831
/home/leo/Documentos/mestrado/DeepWeeds-Mobile/images/20180109-085526-2.jpg,8,8,8,8,1,0.98954225,0.0011124942,0.00014288843,2.595018e-06,0.0007559561,4.938633e-07,0.008126527,0.00026265442,5.4083514e-05,0.98954225
/home/leo/Documentos/mestrado/DeepWeeds-Mobile/images/20170727-165644-1.jpg,4,4,4,4,1,0.9996912,7.3226724e-06,2.4856952e-09,1.932495e-05,0.00012812144,0.9996912,3.0743104e-09,1.2252714e-13,1.2228554e-05,0.00014180089
/home/leo/Documentos/mestrado/DeepWeeds-Mobile/images/20180109-101307-2.jpg,8,8,8,8,1,0.97657895,4.7121043e-06,5.0115214e-05,2.7668557e-06,4.5593493e-05,2.7152512e-07,0.018756444,0.004557143,4.013875e-06,0.97657895
/home/leo/Documentos/mestrado/DeepWeeds-Mobile/images/20170920-190229-1.jpg,2,2,2,2,1,0.99977,8.6217476e-08,2.313367e-11,0.99977,1.673687e-05,7.429914e-05,9.8165245e-09,2.7024563e-10,6.0899163e-10,0.00013885462
/home/leo/Documentos/mestrado/DeepWeeds-Mobile/images/20180109-071204-2.jpg,8,8,8,8,1,0.9781773,6.532251e-06,1.0286228e-06,5.515781e-05,4.262633e-06,3.2962667e-08,0.013838493,0.0079149315,2.1859316e-06,0.9781773
/home/leo/Documentos/mestrado/DeepWeeds-Mobile/images/20180125-093050-1.jpg,8,8,8,8,1,0.9999361,3.8869592e-07,2.0261484e-06,8.7272446e-11,5.846441e-09,3.62508e-09,6.069275e-05,2.0023041e-08,8.3465903e-07,0.9999361
/home/leo/Documentos/mestrado/DeepWeeds-Mobile/images/20171025-094322-2.jpg,3,3,3,3,1,0.94628656,6.269238e-05,0.0001477772,0.0010550147,0.94628656,0.00022470175,5.6600506e-08,8.753902e-06,2.5221325e-05,0.0521891
/home/leo/Documentos/mestrado/DeepWeeds-Mobile/images/20180109-073929-1.jpg,8,8,8,8,1,0.9932232,2.9491062e-05,1.1995437e-05,1.5928606e-05,1.1126643e-05,1.3674705e-05,7.276138e-05,0.005562319,0.0010596088,0.9932232
/home/leo/Documentos/mestrado/DeepWeeds-Mobile/images/20171203-174141-3.jpg,8,8,8,8,1,0.9763022,0.00036248207,0.009073122,3.0467653e-11,0.00019486836,1.1634185e-09,0.011254715,6.765086e-05,0.0027449464,0.9763022
/home/leo/Documentos/mestrado/DeepWeeds-Mobile/images/20180322-132325-1.jpg,8,8,8,8,1,0.95864373,0.0009384071,6.059663e-06,8.132093e-05,0.0064021423,0.033251133,5.258665e-06,3.7893595e-09,0.0006717954,0.95864373
/home/leo/Documentos/mestrado/DeepWeeds-Mobile/images/20170920-120333-2.jpg,2,2,2,2,1,0.7003677,1.175878e-05,1.2614163e-07,0.7003677,0.021971716,0.0021155959,1.922372e-05,3.287215e-05,2.4517583e-06,0.27547854
/home/leo/Documentos/mestrado/DeepWeeds-Mobile/images/20171212-100753-3.jpg,8,8,8,8,1,0.99999845,2.2813213e-08,1.8814603e-07,2.1384334e-14,1.0461019e-06,1.0951479e-11,1.32140325e-08,1.4730428e-10,2.4526682e-07,0.99999845
/home/leo/Documentos/mestrado/DeepWeeds-Mobile/images/20170727-162821-1.jpg,4,4,4,4,1,0.9996215,7.467497e-06,1.9019575e-09,5.097218e-05,0.00011864675,0.9996215,3.4234695e-08,3.1557894e-13,3.0980282e-06,0.00019821538
/home/leo/Documentos/mestrado/DeepWeeds-Mobile/images/20180125-100345-2.jpg,8,5,8,5,0,0.5166784,0.025501892,0.00244868,5.3163475e-08,1.4750827e-05,8.304888e-09,0.5166784,0.017835654,0.00081125495,0.43670928
/home/leo/Documentos/mestrado/DeepWeeds-Mobile/images/20170210-133828-0.jpg,0,0,0,0,1,0.91121143,0.91121143,2.5843417e-05,5.397398e-13,1.4475525e-11,3.2166771e-12,2.7356432e-06,4.0254904e-06,0.07558376,0.013172228
/home/leo/Documentos/mestrado/DeepWeeds-Mobile/images/20171218-110407-2.jpg,8,8,8,8,1,0.98611647,2.6773754e-05,3.1735544e-05,4.0463605e-11,4.310468e-07,1.7055963e-11,0.013823572,2.8500781e-07,7.82653e-07,0.98611647
/home/leo/Documentos/mestrado/DeepWeeds-Mobile/images/20171109-090954-1.jpg,5,5,5,5,1,0.99959457,4.2124007e-06,1.581266e-08,1.1836178e-12,9.637872e-11,1.7711726e-13,0.99959457,2.530806e-08,7.3494654e-08,0.00040108582
/home/leo/Documentos/mestrado/DeepWeeds-Mobile/images/20170210-142001-0.jpg,7,7,7,7,1,0.98745036,0.0054461453,0.00053827773,4.3670048e-10,4.7787168e-08,4.4187622e-09,1.5709544e-06,0.00018103937,0.98745036,0.0063826703
/home/leo/Documentos/mestrado/DeepWeeds-Mobile/images/20171109-085205-2.jpg,5,5,5,5,1,0.99920076,4.210815e-07,2.2140746e-06,2.964898e-12,1.0673101e-07,2.6602282e-12,0.99920076,2.8180908e-08,2.0700105e-08,0.00079647533
/home/leo/Documentos/mestrado/DeepWeeds-Mobile/images/20171121-081850-2.jpg,6,6,6,6,1,0.62023956,0.0047623757,0.044768576,4.917094e-09,2.883779e-07,5.8131118e-09,0.0012580552,0.62023956,0.1824532,0.14651795
/home/leo/Documentos/mestrado/DeepWeeds-Mobile/images/20171113-133925-3.jpg,6,6,6,6,1,0.98106915,0.00027578097,0.018044176,1.3760638e-10,1.3557602e-08,5.525277e-10,1.0932649e-06,0.98106915,0.0005763985,3.3397755e-05
/home/leo/Documentos/mestrado/DeepWeeds-Mobile/images/20170727-165545-3.jpg,4,4,4,4,1,0.9702948,0.0012123614,6.137219e-06,3.2593125e-06,0.008409178,0.9702948,4.9485065e-09,2.9003536e-11,0.00031881622,0.01975553
/home/leo/Documentos/mestrado/DeepWeeds-Mobile/images/20170920-094900-2.jpg,2,2,2,2,1,0.5350628,1.9352306e-06,0.0004494355,0.5350628,7.703177e-07,1.4382537e-06,1.6986185e-06,0.0014616325,1.103349e-06,0.4630192
/home/leo/Documentos/mestrado/DeepWeeds-Mobile/images/20170727-155543-1.jpg,4,4,4,4,1,0.9916815,0.00018920354,4.8512536e-09,2.2300228e-05,0.005851362,0.9916815,1.407895e-05,1.8384171e-11,0.00012631854,0.0021151875
/home/leo/Documentos/mestrado/DeepWeeds-Mobile/images/20180109-101429-2.jpg,8,8,8,8,1,0.9971967,2.4073543e-05,9.682763e-05,5.793731e-05,0.00023284518,1.1678427e-06,0.0009020109,0.0014696143,1.8729943e-05,0.9971967
/home/leo/Documentos/mestrado/DeepWeeds-Mobile/images/20180105-095241-2.jpg,8,6,8,6,0,0.6584357,3.8420517e-06,2.5938956e-05,2.4554712e-09,6.4700896e-07,1.7107591e-09,4.5036282e-05,0.6584357,5.345835e-07,0.34148833
/home/leo/Documentos/mestrado/DeepWeeds-Mobile/images/20171113-124455-1.jpg,6,6,6,6,1,0.9998534,1.4970611e-07,0.0001383145,7.4835527e-10,1.6120922e-09,2.5115096e-10,2.254515e-08,0.9998534,1.8302117e-07,7.935825e-06
/home/leo/Documentos/mestrado/DeepWeeds-Mobile/images/20170126-095221-0.jpg,1,1,1,1,1,0.84570086,0.002413129,0.84570086,2.6707458e-09,6.2640493e-06,2.5007031e-08,0.00047843423,0.1472108,0.0038607025,0.00032978668
/home/leo/Documentos/mestrado/DeepWeeds-Mobile/images/20180112-081708-1.jpg,8,3,8,3,0,0.9436031,0.000134134,0.00028178547,4.6501254e-06,0.9436031,0.0004578124,5.2198734e-09,4.140371e-06,2.6341564e-05,0.055488043
/home/leo/Documentos/mestrado/DeepWeeds-Mobile/images/20171025-082743-1.jpg,0,0,0,0,1,0.911273,0.911273,3.960944e-05,9.1370815e-08,1.9352576e-05,1.7478476e-07,0.00016855511,2.7156988e-09,0.07548946,0.013009674
/home/leo/Documentos/mestrado/DeepWeeds-Mobile/images/20180322-132846-1.jpg,8,1,8,1,0,0.71046317,0.0032247629,0.71046317,2.4601182e-05,0.00017460957,0.00019859108,0.002038211,0.01730028,0.010032494,0.25654328
/home/leo/Documentos/mestrado/DeepWeeds-Mobile/images/20180112-082107-2.jpg,8,8,8,8,1,0.86570305,0.056167446,0.002560391,0.06796002,0.0031165187,0.0032202734,0.00013866043,0.00043841643,0.00069516525,0.86570305
/home/leo/Documentos/mestrado/DeepWeeds-Mobile/images/20171121-091114-3.jpg,6,6,6,6,1,0.99995804,5.020143e-08,3.7339832e-05,3.5404307e-14,2.0023955e-10,6.5400956e-13,3.051353e-08,0.99995804,4.379628e-06,1.3431011e-07
/home/leo/Documentos/mestrado/DeepWeeds-Mobile/images/20171218-110513-2.jpg,8,8,8,8,1,0.99927324,1.4376426e-05,6.593187e-07,5.1433646e-13,2.3119876e-06,3.2003202e-09,0.00070276513,1.8533323e-07,6.3263606e-06,0.99927324
/home/leo/Documentos/mestrado/DeepWeeds-Mobile/images/20180112-082845-1.jpg,8,8,8,8,1,0.68686986,0.11249799,0.03570239,5.0626997e-05,0.0018789781,3.7152776e-07,3.6936854e-05,1.1434976e-05,0.1629514,0.68686986
/home/leo/Documentos/mestrado/DeepWeeds-Mobile/images/20170906-113342-2.jpg,3,3,3,3,1,0.7721402,0.00707452,0.09781927,2.5455557e-07,0.7721402,0.00031075272,5.5572405e-06,0.00042716763,0.015241733,0.10698045
/home/leo/Documentos/mestrado/DeepWeeds-Mobile/images/20170714-111906-2.jpg,1,1,1,1,1,0.9999958,1.0421402e-06,0.9999958,2.2596999e-13,9.776926e-15,2.9685506e-14,3.9777872e-11,1.0230032e-06,1.823231e-06,3.3584422e-07
/home/leo/Documentos/mestrado/DeepWeeds-Mobile/images/20180322-131610-1.jpg,8,8,8,8,1,0.96618617,0.00084747595,1.00199095e-05,0.002378965,0.0033048447,0.026625829,1.6121407e-06,6.6725573e-07,0.00064448226,0.96618617
/home/leo/Documentos/mestrado/DeepWeeds-Mobile/images/20170728-145825-1.jpg,4,4,4,4,1,0.99885595,6.369858e-08,4.4294377e-09,0.00011520665,3.8098806e-05,0.99885595,6.606816e-10,6.439286e-10,1.1989842e-07,0.0009904595
/home/leo/Documentos/mestrado/DeepWeeds-Mobile/images/20180322-104727-1.jpg,8,8,8,8,1,0.8183225,0.06600097,0.005204727,0.001471918,0.006839548,5.6464378e-05,0.000432998,8.876357e-06,0.10166194,0.8183225
/home/leo/Documentos/mestrado/DeepWeeds-Mobile/images/20180109-090446-1.jpg,8,8,8,8,1,0.9367318,0.04828833,0.0007371023,1.10415385e-05,0.009787725,2.206569e-06,5.2341627e-05,1.0507894e-05,0.0043788473,0.9367318
/home/leo/Documentos/mestrado/DeepWeeds-Mobile/images/20170714-122636-3.jpg,1,1,1,1,1,0.8022011,0.08335023,0.8022011,2.9694235e-07,1.173955e-06,6.3419566e-07,2.2250244e-05,0.0013214453,0.08002591,0.033076964
/home/leo/Documentos/mestrado/DeepWeeds-Mobile/images/20180322-113434-1.jpg,8,8,8,8,1,0.99994826,3.302322e-05,2.1375958e-07,6.280676e-09,3.702588e-06,6.3663606e-06,5.6774905e-07,2.5241173e-08,7.946629e-06,0.99994826
/home/leo/Documentos/mestrado/DeepWeeds-Mobile/images/20171219-114201-2.jpg,8,8,8,8,1,0.9978102,1.0118887e-05,1.5772404e-05,6.429974e-08,0.002078466,7.650409e-07,1.0303738e-06,3.046218e-05,5.3200296e-05,0.9978102
/home/leo/Documentos/mestrado/DeepWeeds-Mobile/images/20180119-110358-2.jpg,8,8,8,8,1,0.9779482,0.005020674,0.006613141,1.2009383e-05,3.1726475e-05,1.9278768e-05,0.0005577401,0.009629128,0.00016815714,0.9779482
/home/leo/Documentos/mestrado/DeepWeeds-Mobile/images/20171220-101018-1.jpg,8,8,8,8,1,0.99995065,4.811467e-06,1.1293155e-06,1.4392742e-13,1.8209045e-07,5.9066876e-11,3.0965828e-05,1.1063276e-07,1.214945e-05,0.99995065
/home/leo/Documentos/mestrado/DeepWeeds-Mobile/images/20180112-102811-2.jpg,8,8,8,8,1,0.9704672,0.015452984,0.0007936612,1.317528e-07,9.0822687e-07,2.2446889e-08,0.0002735466,0.00061632955,0.012395104,0.9704672
/home/leo/Documentos/mestrado/DeepWeeds-Mobile/images/20180112-080634-2.jpg,8,8,8,8,1,0.79940176,0.0110237235,0.022389906,0.0015067975,0.051176313,0.11360166,9.025264e-08,7.4976124e-05,0.0008246669,0.79940176
/home/leo/Documentos/mestrado/DeepWeeds-Mobile/images/20171220-092406-2.jpg,8,8,8,8,1,0.9998579,8.711127e-06,5.2240523e-08,1.120859e-10,3.1709826e-07,7.101056e-07,0.00012966112,2.2261606e-08,2.6478954e-06,0.9998579
/home/leo/Documentos/mestrado/DeepWeeds-Mobile/images/20170129-102319-0.jpg,8,8,8,8,1,0.9895809,0.000772249,0.008307928,8.9599396e-08,0.00026329918,1.2401758e-08,0.00030958382,1.0724835e-06,0.00076493644,0.9895809
/home/leo/Documentos/mestrado/DeepWeeds-Mobile/images/20170920-173342-1.jpg,4,4,4,4,1,0.79678386,0.0075223353,6.871916e-05,0.00095417805,0.0059218835,0.79678386,5.0021498e-08,1.9328232e-07,0.0046747634,0.18407407
/home/leo/Documentos/mestrado/DeepWeeds-Mobile/images/20170920-115912-2.jpg,2,2,2,2,1,0.99711275,6.047975e-06,1.1004349e-07,0.99711275,0.00013501011,0.0016868727,4.2462077e-07,9.903508e-07,1.8941613e-07,0.0010576353
/home/leo/Documentos/mestrado/DeepWeeds-Mobile/images/20171102-120924-1.jpg,2,2,2,2,1,0.99872726,4.590739e-07,1.7956997e-07,0.99872726,6.375713e-07,6.649786e-05,4.047125e-08,6.4920766e-07,7.9572665e-08,0.0012042429
/home/leo/Documentos/mestrado/DeepWeeds-Mobile/images/20180109-103836-2.jpg,8,8,8,8,1,0.9604006,0.00076346425,0.01059014,0.023696491,0.0014579019,0.0027199516,1.1079128e-05,9.622634e-05,0.00026432573,0.9604006
/home/leo/Documentos/mestrado/DeepWeeds-Mobile/images/20171212-102739-3.jpg,8,8,8,8,1,0.99540764,1.1765675e-05,0.003929368,4.229719e-07,3.6345944e-05,3.6073366e-06,1.5908919e-06,0.00053956313,6.972518e-05,0.99540764
/home/leo/Documentos/mestrado/DeepWeeds-Mobile/images/20171109-084949-3.jpg,5,5,5,5,1,0.9988877,1.8739504e-06,1.16143426e-07,1.8371684e-12,1.2157637e-08,7.3682735e-12,0.9988877,0.00064236176,6.2893815e-07,0.00046733662
/home/leo/Documentos/mestrado/DeepWeeds-Mobile/images/20170210-130840-0.jpg,7,7,7,7,1,0.9999968,3.2286905e-06,1.0656659e-10,2.7208979e-15,1.2385155e-15,1.5769403e-16,4.9557376e-12,4.192953e-12,0.9999968,3.114974e-09
/home/leo/Documentos/mestrado/DeepWeeds-Mobile/images/20171113-115634-1.jpg,6,6,6,6,1,0.99760485,4.392976e-07,0.0023784235,3.9426323e-11,2.2089448e-10,6.73781e-12,5.715599e-07,0.99760485,7.4628974e-07,1.4855175e-05
/home/leo/Documentos/mestrado/DeepWeeds-Mobile/images/20170729-090502-2.jpg,4,4,4,4,1,0.9924499,3.347155e-06,6.407215e-08,0.006009976,0.0005677568,0.9924499,2.8334558e-08,1.5919777e-10,5.870956e-06,0.0009631109
/home/leo/Documentos/mestrado/DeepWeeds-Mobile/images/20170501-142429-0.jpg,1,1,1,1,1,0.77867544,0.00022440556,0.77867544,3.23485e-10,1.8761744e-05,1.5189231e-09,1.3369011e-05,0.008713639,0.025673581,0.18668081
/home/leo/Documentos/mestrado/DeepWeeds-Mobile/images/20180119-115524-1.jpg,8,8,8,8,1,0.99712604,0.00097324344,0.0003128741,8.79945e-06,0.0010712061,7.615885e-06,8.954134e-05,0.00039177036,1.8885681e-05,0.99712604
/home/leo/Documentos/mestrado/DeepWeeds-Mobile/images/20171219-094611-3.jpg,8,8,8,8,1,0.85813195,0.024654185,6.9180736e-05,7.656648e-08,5.4247937e-07,1.00033276e-07,0.10584203,1.7744026e-06,0.011300157,0.85813195
/home/leo/Documentos/mestrado/DeepWeeds-Mobile/images/20180109-070837-1.jpg,8,8,8,8,1,0.98746336,6.9383145e-11,4.0670516e-09,1.927668e-06,2.0337398e-11,1.2508859e-10,1.4930305e-05,0.012519737,8.667305e-09,0.98746336
/home/leo/Documentos/mestrado/DeepWeeds-Mobile/images/20171025-073717-2.jpg,3,3,3,3,1,0.70851064,0.00053331873,0.023957098,6.881208e-05,0.70851064,0.00014819602,0.0004854626,8.791657e-06,0.03241805,0.23386973
/home/leo/Documentos/mestrado/DeepWeeds-Mobile/images/20180109-071617-1.jpg,8,8,8,8,1,0.93056047,5.969747e-08,7.0865975e-09,9.31895e-11,1.1083844e-07,1.02535935e-08,6.232543e-07,0.069437414,1.2210877e-06,0.93056047
/home/leo/Documentos/mestrado/DeepWeeds-Mobile/images/20171203-173412-3.jpg,8,8,8,8,1,0.8141532,0.0035117203,0.0101323575,6.996549e-08,0.00012214313,3.2615134e-08,0.0016520439,0.16879253,0.0016359222,0.8141532
/home/leo/Documentos/mestrado/DeepWeeds-Mobile/images/20180322-120003-2.jpg,8,8,8,8,1,0.9991209,0.0008068038,6.8555983e-06,6.6263656e-10,3.7945879e-06,1.4704715e-05,2.3132043e-05,8.584143e-09,2.3921953e-05,0.9991209
/home/leo/Documentos/mestrado/DeepWeeds-Mobile/images/20171025-094308-1.jpg,3,3,3,3,1,0.9999926,9.2087646e-08,6.056763e-09,1.490621e-08,0.9999926,2.9860507e-09,8.03074e-12,4.574327e-09,1.4001032e-08,7.2218068e-06
/home/leo/Documentos/mestrado/DeepWeeds-Mobile/images/20170128-103446-0.jpg,8,8,8,8,1,0.6154769,0.008649801,0.3502214,1.4151112e-06,0.020292092,5.5037875e-05,0.00030876056,0.000145791,0.0048488653,0.6154769
/home/leo/Documentos/mestrado/DeepWeeds-Mobile/images/20171203-165115-3.jpg,8,8,8,8,1,0.9985839,2.154142e-05,0.0006600091,9.445572e-12,3.038885e-05,6.978884e-10,0.0004928018,3.314006e-05,0.00017830804,0.9985839
/home/leo/Documentos/mestrado/DeepWeeds-Mobile/images/20180105-093818-2.jpg,8,8,8,8,1,0.8240733,4.4192766e-06,2.279192e-06,0.17512977,3.5249595e-05,4.821882e-05,3.6441775e-06,0.00067644985,2.6594977e-05,0.8240733
/home/leo/Documentos/mestrado/DeepWeeds-Mobile/images/20170729-092410-1.jpg,4,4,4,4,1,0.9998745,2.4705482e-06,8.01595e-10,1.2700784e-06,7.1804214e-05,0.9998745,1.0492027e-09,9.8163224e-15,1.7482726e-06,4.815528e-05
/home/leo/Documentos/mestrado/DeepWeeds-Mobile/images/20180109-075410-2.jpg,8,8,8,8,1,0.95155424,2.1293147e-06,1.1382607e-06,0.0028231058,1.7022793e-06,2.1135534e-07,7.106416e-05,0.045545787,6.777757e-07,0.95155424
/home/leo/Documentos/mestrado/DeepWeeds-Mobile/images/20180125-131046-3.jpg,8,8,8,8,1,0.999797,4.24182e-05,2.3227658e-05,4.921597e-07,1.918627e-05,1.5891958e-06,7.4872105e-07,1.9389785e-05,9.597638e-05,0.999797
/home/leo/Documentos/mestrado/DeepWeeds-Mobile/images/20171219-112328-2.jpg,8,8,8,8,1,0.78284836,6.421602e-05,1.1060706e-05,0.058260575,0.02672754,0.1318482,3.3344726e-08,3.1859225e-05,0.00020820838,0.78284836
/home/leo/Documentos/mestrado/DeepWeeds-Mobile/images/20171113-151310-1.jpg,6,6,6,6,1,0.9597069,0.0012876898,0.00793033,8.88176e-06,1.0268982e-05,1.7464438e-06,0.00019578316,0.9597069,0.017446078,0.013412279
/home/leo/Documentos/mestrado/DeepWeeds-Mobile/images/20180322-125223-1.jpg,8,8,8,8,1,0.77640784,0.00055789674,4.819547e-05,1.5001538e-05,2.5682505e-06,4.5008433e-06,0.22253793,8.515822e-06,0.00041742434,0.77640784
/home/leo/Documentos/mestrado/DeepWeeds-Mobile/images/20171219-095902-2.jpg,8,8,8,8,1,0.99986434,6.036742e-06,5.1435376e-07,1.864453e-09,1.3485956e-05,2.0353582e-08,0.00011304065,5.298919e-08,2.5509135e-06,0.99986434
/home/leo/Documentos/mestrado/DeepWeeds-Mobile/images/20170920-181851-1.jpg,2,2,2,2,1,0.9794127,4.85871e-07,4.3036503e-09,0.9794127,0.0076088845,0.009817768,7.282142e-06,2.8767089e-09,2.3779451e-08,0.0031528885
/home/leo/Documentos/mestrado/DeepWeeds-Mobile/images/20170217-111104-0.jpg,0,0,0,0,1,0.99999917,0.99999917,5.4712157e-10,1.4095402e-17,4.6141102e-18,4.4419917e-16,2.8840066e-11,5.7275896e-13,3.1001693e-07,4.6301986e-07
/home/leo/Documentos/mestrado/DeepWeeds-Mobile/images/20170727-152727-3.jpg,4,4,4,4,1,0.9973585,4.8316037e-06,2.3704883e-09,0.0013661719,0.0002313132,0.9973585,1.449873e-07,3.3229343e-11,4.176431e-06,0.0010347606
/home/leo/Documentos/mestrado/DeepWeeds-Mobile/images/20170129-102627-0.jpg,8,8,8,8,1,0.79711163,0.0037248696,0.18678173,1.4039942e-06,2.0131545e-05,1.0628882e-07,0.0003339626,0.0071232314,0.0049029747,0.79711163
/home/leo/Documentos/mestrado/DeepWeeds-Mobile/images/20180112-094017-2.jpg,8,8,8,8,1,0.9572253,0.025864145,0.0011697055,8.683142e-06,0.010544426,1.3726632e-05,1.6104863e-05,0.0018016872,0.0033563238,0.9572253
/home/leo/Documentos/mestrado/DeepWeeds-Mobile/images/20170610-123247-0.jpg,1,8,1,8,0,0.9831304,6.516373e-06,0.0045072283,1.4637026e-09,1.496557e-05,6.983118e-10,0.0120800715,0.00021542642,4.5417426e-05,0.9831304
/home/leo/Documentos/mestrado/DeepWeeds-Mobile/images/20170906-133106-1.jpg,3,3,3,3,1,0.9790835,0.00012850088,3.622883e-06,0.00027271328,0.9790835,0.017468452,2.6578666e-09,8.914166e-08,1.4248901e-05,0.003028898
/home/leo/Documentos/mestrado/DeepWeeds-Mobile/images/20171025-090316-1.jpg,3,3,3,3,1,0.41680345,0.057341885,0.030956365,0.0018573304,0.41680345,0.01976263,0.00031639863,0.34218073,0.012382079,0.11839917
/home/leo/Documentos/mestrado/DeepWeeds-Mobile/images/20170729-090216-1.jpg,4,4,4,4,1,0.99955505,2.6043857e-05,3.252672e-08,2.1108948e-05,5.2982683e-05,0.99955505,3.4367826e-09,2.4270252e-12,7.1521235e-06,0.0003376287
/home/leo/Documentos/mestrado/DeepWeeds-Mobile/images/20180112-083355-1.jpg,8,8,8,8,1,0.8412702,0.026214669,0.08476276,4.340996e-06,0.00014271222,1.3273152e-05,1.4818226e-06,5.595421e-05,0.047534667,0.8412702
/home/leo/Documentos/mestrado/DeepWeeds-Mobile/images/20171219-113244-2.jpg,8,8,8,8,1,0.9992642,9.9767574e-05,0.00023614118,3.4100432e-07,0.0003496183,1.7878394e-06,9.519766e-06,3.6456677e-05,2.1453254e-06,0.9992642
/home/leo/Documentos/mestrado/DeepWeeds-Mobile/images/20170210-131230-0.jpg,7,7,7,7,1,0.9955259,0.004320554,7.584901e-07,1.323343e-07,3.0336942e-08,3.3952812e-09,4.4332937e-05,3.1631842e-07,0.9955259,0.000107985215
/home/leo/Documentos/mestrado/DeepWeeds-Mobile/images/20171220-095456-2.jpg,8,8,8,8,1,0.91505086,2.434242e-05,4.9879977e-06,1.3640925e-08,0.00015088379,8.927132e-10,0.08476483,4.138491e-07,3.6511838e-06,0.91505086
/home/leo/Documentos/mestrado/DeepWeeds-Mobile/images/20180112-072148-2.jpg,8,8,8,8,1,0.8739034,0.058143146,0.02179095,0.00024948284,0.0070216157,0.015484672,4.7407746e-05,6.2836094e-05,0.023296434,0.8739034
/home/leo/Documentos/mestrado/DeepWeeds-Mobile/images/20180105-094335-3.jpg,8,8,8,8,1,0.95172316,1.3210556e-06,5.1680245e-06,1.5642529e-07,6.422547e-06,5.3848478e-08,1.333249e-06,0.04826218,2.771064e-07,0.95172316
/home/leo/Documentos/mestrado/DeepWeeds-Mobile/images/20170627-104603-0.jpg,7,7,7,7,1,0.80083495,0.12750715,0.038688004,2.1131406e-08,1.2881877e-06,1.9658803e-08,0.0024064763,3.7479007e-05,0.80083495,0.030524613
/home/leo/Documentos/mestrado/DeepWeeds-Mobile/images/20171113-094803-1.jpg,5,5,5,5,1,0.95524704,0.0029482143,0.0008009993,2.1883151e-10,2.289124e-06,3.006259e-09,0.95524704,0.0002521348,0.0019456629,0.038803667
/home/leo/Documentos/mestrado/DeepWeeds-Mobile/images/20170913-105317-2.jpg,3,8,3,8,0,0.5663226,4.0788193e-05,4.617535e-06,0.0013518123,0.4316015,0.000177984,0.0004992432,1.354975e-06,2.1591927e-07,0.5663226
/home/leo/Documentos/mestrado/DeepWeeds-Mobile/images/20180125-132804-2.jpg,8,8,8,8,1,0.99966156,5.8627287e-05,2.0892285e-05,3.5584924e-09,0.000110695386,9.36697e-05,1.589821e-07,7.391162e-06,4.69825e-05,0.99966156
/home/leo/Documentos/mestrado/DeepWeeds-Mobile/images/20180109-070847-1.jpg,8,8,8,8,1,0.51682615,2.3493886e-08,9.3986834e-08,3.4997556e-09,7.0072187e-10,1.3223561e-09,6.5634197e-07,0.4831723,7.5639804e-07,0.51682615
/home/leo/Documentos/mestrado/DeepWeeds-Mobile/images/20171219-095426-2.jpg,8,8,8,8,1,0.99072087,0.00037746734,3.796378e-05,2.126203e-08,0.008814124,2.8282568e-05,6.194355e-06,8.33432e-06,6.8096333e-06,0.99072087
/home/leo/Documentos/mestrado/DeepWeeds-Mobile/images/20171025-091144-3.jpg,3,3,3,3,1,0.8455965,0.012658516,0.0013029567,0.0035911931,0.8455965,0.05201608,1.8377641e-05,1.0410669e-06,0.008936173,0.07587921
/home/leo/Documentos/mestrado/DeepWeeds-Mobile/images/20180105-101202-2.jpg,8,8,8,8,1,0.9773911,3.5533184e-08,3.5029346e-09,2.1432403e-05,5.326764e-07,0.0012599957,1.4882689e-07,0.021326603,1.7857694e-07,0.9773911
/home/leo/Documentos/mestrado/DeepWeeds-Mobile/images/20170913-103518-2.jpg,3,3,3,3,1,0.994383,7.454521e-08,5.550195e-10,7.02829e-05,0.994383,0.0008348566,7.623401e-08,7.868394e-12,1.9186384e-09,0.0047116685
/home/leo/Documentos/mestrado/DeepWeeds-Mobile/images/20171219-095621-2.jpg,8,8,8,8,1,0.999648,0.00010583398,5.1881693e-06,1.8429196e-09,3.7469246e-05,2.3877156e-08,0.00019935505,2.2329198e-06,1.8977311e-06,0.999648
/home/leo/Documentos/mestrado/DeepWeeds-Mobile/images/20180109-092255-2.jpg,8,8,8,8,1,0.9992925,0.00022151103,1.1187974e-05,0.0001574223,1.3679845e-05,4.4180186e-05,6.464542e-05,0.00014891117,4.593999e-05,0.9992925
/home/leo/Documentos/mestrado/DeepWeeds-Mobile/images/20170630-154315-0.jpg,7,7,7,7,1,0.9978375,0.00082942407,0.0012035224,6.415884e-10,6.031132e-10,4.2551733e-11,5.3438816e-05,1.67352e-05,0.9978375,5.9463815e-05
/home/leo/Documentos/mestrado/DeepWeeds-Mobile/images/20180322-104305-1.jpg,8,8,8,8,1,0.622952,0.27495524,0.0010894309,2.9788254e-05,1.7117753e-05,2.9135738e-06,0.005866676,1.5290804e-07,0.09508665,0.622952
/home/leo/Documentos/mestrado/DeepWeeds-Mobile/images/20180109-090204-2.jpg,8,8,8,8,1,0.8945958,0.047673326,5.553503e-06,7.22121e-07,0.0029974494,1.9532546e-07,0.03505816,0.0021048097,0.017563855,0.8945958
/home/leo/Documentos/mestrado/DeepWeeds-Mobile/images/20171121-073533-1.jpg,6,6,6,6,1,0.74047005,2.7028832e-06,0.001152281,2.1777957e-07,4.2633133e-06,4.314197e-06,1.0786271e-05,0.74047005,7.1492825e-05,0.25828397
/home/leo/Documentos/mestrado/DeepWeeds-Mobile/images/20170920-171149-3.jpg,2,2,2,2,1,0.95602095,8.194623e-06,1.629183e-08,0.95602095,0.0035442875,0.038396582,2.1874781e-05,1.1520138e-08,2.8853404e-07,0.0020077392
/home/leo/Documentos/mestrado/DeepWeeds-Mobile/images/20180112-071116-2.jpg,8,8,8,8,1,0.90903896,0.00078737596,0.0011398135,0.00075736264,0.022863623,0.064954884,1.8928341e-07,2.2946126e-05,0.00043480255,0.90903896
/home/leo/Documentos/mestrado/DeepWeeds-Mobile/images/20171109-073544-3.jpg,5,5,5,5,1,0.9966801,6.844308e-07,7.580793e-09,1.6517148e-13,2.3470477e-11,1.1840126e-13,0.9966801,1.9455558e-07,6.304632e-06,0.0033126897
/home/leo/Documentos/mestrado/DeepWeeds-Mobile/images/20171219-112256-3.jpg,8,8,8,8,1,0.52669454,1.3311487e-05,2.6169573e-05,0.47139463,4.738693e-05,0.0017727489,1.087615e-07,3.9385985e-05,1.1808496e-05,0.52669454
/home/leo/Documentos/mestrado/DeepWeeds-Mobile/images/20180322-111544-2.jpg,8,8,8,8,1,0.9997646,0.00015609409,6.570004e-07,6.322693e-09,2.381691e-05,3.2766093e-05,9.65949e-09,3.309663e-09,2.196032e-05,0.9997646
/home/leo/Documentos/mestrado/DeepWeeds-Mobile/images/20171025-092954-1.jpg,3,3,3,3,1,0.9933743,2.8354014e-05,6.457054e-05,8.812309e-06,0.9933743,2.7145661e-05,3.0037974e-08,2.7035794e-06,1.9934753e-06,0.0064919544
/home/leo/Documentos/mestrado/DeepWeeds-Mobile/images/20170410-124122-0.jpg,0,7,0,7,0,0.8970479,0.10242347,6.777875e-05,2.8081412e-11,1.1647149e-10,1.4081167e-11,6.305003e-07,1.8931313e-10,0.8970479,0.00046023267
/home/leo/Documentos/mestrado/DeepWeeds-Mobile/images/20171102-120305-2.jpg,2,2,2,2,1,0.9999988,4.7890762e-09,3.361286e-10,0.9999988,1.8798325e-07,1.04152775e-07,4.1001773e-08,7.77798e-08,1.7753496e-09,7.099923e-07
/home/leo/Documentos/mestrado/DeepWeeds-Mobile/images/20171113-145604-3.jpg,6,6,6,6,1,0.94492006,3.95951e-06,8.065389e-05,1.120069e-05,2.4015687e-08,7.254746e-08,3.878807e-06,0.94492006,1.5898081e-06,0.054978654
/home/leo/Documentos/mestrado/DeepWeeds-Mobile/images/20180322-102937-2.jpg,8,8,8,8,1,0.97055066,0.012050463,2.0901638e-05,5.4620264e-06,0.010534785,0.00052400137,0.00015378301,1.4913726e-07,0.0061598625,0.97055066
/home/leo/Documentos/mestrado/DeepWeeds-Mobile/images/20171102-115412-2.jpg,2,2,2,2,1,0.35192016,0.20247766,0.025834084,0.35192016,0.10658193,0.013880705,0.00999724,0.0025824984,0.014348834,0.2723769
/home/leo/Documentos/mestrado/DeepWeeds-Mobile/images/20171220-091248-2.jpg,8,8,8,8,1,0.9772425,0.0038724183,0.00046894082,4.3470862e-09,0.000987508,8.7548155e-09,0.013783424,1.3228174e-05,0.0036318502,0.9772425
/home/leo/Documentos/mestrado/DeepWeeds-Mobile/images/20170906-105749-2.jpg,3,4,3,4,0,0.4421652,0.0016547057,0.0018103209,0.014552526,0.27388442,0.4421652,6.5113713e-06,0.00013327881,0.044789895,0.22100319
/home/leo/Documentos/mestrado/DeepWeeds-Mobile/images/20170727-135035-1.jpg,4,4,4,4,1,0.64455175,1.3549221e-05,2.1940497e-07,0.0024021196,0.33444577,0.64455175,3.1390764e-06,2.0490037e-10,4.911948e-07,0.018582962
/home/leo/Documentos/mestrado/DeepWeeds-Mobile/images/20170706-105522-0.jpg,7,7,7,7,1,0.98680365,0.0067066588,0.0037783822,2.821085e-07,1.6731026e-05,4.2996417e-06,3.2270464e-06,1.8118075e-05,0.98680365,0.0026686382
/home/leo/Documentos/mestrado/DeepWeeds-Mobile/images/20171025-074611-2.jpg,3,3,3,3,1,0.9954252,0.00032247405,0.00046339977,2.1613896e-05,0.9954252,0.0013389839,1.1985198e-08,9.835625e-07,1.9650663e-05,0.0024075452
/home/leo/Documentos/mestrado/DeepWeeds-Mobile/images/20180119-104346-1.jpg,8,8,8,8,1,0.97111344,1.8115311e-06,1.9811172e-05,5.8923433e-10,0.028582912,1.5224494e-08,0.00025228792,2.0581096e-05,9.141947e-06,0.97111344
/home/leo/Documentos/mestrado/DeepWeeds-Mobile/images/20180112-081051-2.jpg,8,8,8,8,1,0.92334926,0.0013302995,0.0023266189,0.019057078,0.0017517183,0.051672004,3.4748817e-07,1.4040983e-05,0.0004985372,0.92334926
/home/leo/Documentos/mestrado/DeepWeeds-Mobile/images/20180109-072742-1.jpg,8,8,8,8,1,0.9974529,3.3575553e-09,8.241095e-10,7.4279893e-10,5.4038614e-09,4.0012188e-10,2.1176718e-06,0.0025448962,7.482697e-09,0.9974529
/home/leo/Documentos/mestrado/DeepWeeds-Mobile/images/20170714-133112-1.jpg,1,1,1,1,1,0.6057199,0.0017185991,0.6057199,3.78672e-08,0.00071735185,1.35443e-07,0.084561765,0.004575136,0.0038425014,0.2988646
/home/leo/Documentos/mestrado/DeepWeeds-Mobile/images/20171025-091225-3.jpg,3,8,3,8,0,0.3898242,0.0005048769,7.347685e-05,0.0016955093,0.22653918,0.38101497,5.6730105e-09,2.532199e-07,0.0003474856,0.3898242
/home/leo/Documentos/mestrado/DeepWeeds-Mobile/images/20180109-095331-1.jpg,8,8,8,8,1,0.91505045,0.06828859,0.0004816767,0.0025166862,0.0052489424,0.00012155997,0.00017073443,1.0261465e-06,0.008120352,0.91505045
/home/leo/Documentos/mestrado/DeepWeeds-Mobile/images/20170715-115848-1.jpg,1,1,1,1,1,0.998872,7.66328e-08,0.998872,1.03383305e-13,1.114613e-12,2.6222652e-13,2.2799675e-09,0.0011263747,1.1251875e-06,5.1548017e-07
/home/leo/Documentos/mestrado/DeepWeeds-Mobile/images/20171113-144510-3.jpg,6,6,6,6,1,0.7210594,3.35838e-05,0.00013636208,5.3590006e-12,9.694413e-07,6.8161393e-10,0.10170162,0.7210594,0.00016031688,0.17690773
/home/leo/Documentos/mestrado/DeepWeeds-Mobile/images/20171212-104332-3.jpg,8,8,8,8,1,0.7844545,0.075086035,0.0027461415,0.00034348315,0.004850867,0.00029061682,0.02705779,8.128772e-06,0.10516244,0.7844545
/home/leo/Documentos/mestrado/DeepWeeds-Mobile/images/20171220-092148-2.jpg,8,8,8,8,1,0.94678193,5.560111e-06,3.464652e-07,6.293314e-12,1.3952512e-06,6.51162e-10,0.05321069,3.5310713e-08,1.6041984e-07,0.94678193
/home/leo/Documentos/mestrado/DeepWeeds-Mobile/images/20180112-101151-2.jpg,8,8,8,8,1,0.994074,0.00028541585,0.0044014333,1.4762067e-05,1.2007097e-05,4.9867115e-08,2.0645624e-05,0.0010548647,0.00013682172,0.994074
/home/leo/Documentos/mestrado/DeepWeeds-Mobile/images/20171205-133817-2.jpg,8,8,8,8,1,0.77463645,0.038447537,0.0013599078,1.4443281e-06,0.0002350752,4.0277773e-05,0.0059512528,1.0289017e-06,0.179327,0.77463645
/home/leo/Documentos/mestrado/DeepWeeds-Mobile/images/20170705-161808-0.jpg,7,7,7,7,1,0.72519326,0.12252724,0.011637151,6.9619395e-09,0.00030208114,2.1712642e-05,2.7327806e-05,2.2506802e-07,0.72519326,0.14029095
/home/leo/Documentos/mestrado/DeepWeeds-Mobile/images/20180112-073652-1.jpg,8,8,8,8,1,0.92139494,0.013235178,0.031435303,4.4583456e-05,0.0085879555,0.0001697422,0.00010098294,0.004093601,0.020937849,0.92139494
/home/leo/Documentos/mestrado/DeepWeeds-Mobile/images/20180105-095305-2.jpg,8,8,8,8,1,0.99929774,9.662714e-06,2.497097e-06,9.2969945e-05,0.00031032422,0.00011272002,2.088718e-06,0.00016292788,9.057873e-06,0.99929774
/home/leo/Documentos/mestrado/DeepWeeds-Mobile/images/20171218-120204-2.jpg,8,8,8,8,1,0.99999607,1.8822743e-07,2.3528754e-08,2.016606e-15,2.0732186e-07,1.0637355e-11,4.2468383e-07,1.480689e-11,3.0516758e-06,0.99999607
/home/leo/Documentos/mestrado/DeepWeeds-Mobile/images/20171102-120624-1.jpg,2,2,2,2,1,0.9926727,0.00020985339,0.0007124873,0.9926727,1.3339403e-05,0.00024193097,0.00015877724,0.00036966352,7.433129e-05,0.005546854
/home/leo/Documentos/mestrado/DeepWeeds-Mobile/images/20170920-102119-1.jpg,2,2,2,2,1,0.9999697,1.4816234e-09,6.923125e-09,0.9999697,4.0007592e-08,4.173322e-07,2.568428e-09,5.796565e-07,2.1873421e-10,2.9317103e-05
/home/leo/Documentos/mestrado/DeepWeeds-Mobile/images/20170714-122619-3.jpg,1,1,1,1,1,0.97293764,0.023947973,0.97293764,1.1029158e-08,4.1231374e-08,2.8451774e-08,2.770239e-07,0.00056453946,0.0013972126,0.0011523048
/home/leo/Documentos/mestrado/DeepWeeds-Mobile/images/20170920-185502-1.jpg,2,2,2,2,1,0.99937654,6.563002e-07,1.5009562e-09,0.99937654,3.3241442e-05,0.0003590639,7.5785636e-08,4.4881783e-09,1.650694e-08,0.00023031153
/home/leo/Documentos/mestrado/DeepWeeds-Mobile/images/20170210-132316-0.jpg,0,0,0,0,1,0.9908412,0.9908412,5.727001e-05,3.513207e-05,3.108379e-05,7.492432e-07,0.0009034777,6.9085125e-08,0.0012581547,0.0068728537
/home/leo/Documentos/mestrado/DeepWeeds-Mobile/images/20180125-094345-2.jpg,8,8,8,8,1,0.989325,0.00016042775,1.6887503e-08,0.000120773606,0.0022299746,0.008094762,1.5683074e-06,2.5547733e-08,6.756087e-05,0.989325
/home/leo/Documentos/mestrado/DeepWeeds-Mobile/images/20171102-120725-1.jpg,2,2,2,2,1,0.979084,4.86413e-05,0.00087785657,0.979084,8.352669e-07,4.8808863e-07,0.00035642847,0.0003478658,0.0001903961,0.019093428
/home/leo/Documentos/mestrado/DeepWeeds-Mobile/images/20170711-120643-0.jpg,0,0,0,0,1,0.69734836,0.69734836,0.0037115128,0.00015342065,3.855665e-05,4.0836317e-06,0.0054241423,2.0761197e-06,0.07921812,0.21409965
/home/leo/Documentos/mestrado/DeepWeeds-Mobile/images/20170405-155554-0.jpg,0,0,0,0,1,0.9295016,0.9295016,0.000117034775,2.2370519e-07,3.6250738e-05,6.248208e-07,0.00015510591,1.1598839e-06,0.063408054,0.0067799343
/home/leo/Documentos/mestrado/DeepWeeds-Mobile/images/20171220-083917-2.jpg,8,8,8,8,1,0.999742,4.307827e-07,2.3037553e-06,1.888307e-11,0.00019622552,2.750252e-09,5.802081e-05,9.2864266e-10,1.0205883e-06,0.999742
/home/leo/Documentos/mestrado/DeepWeeds-Mobile/images/20170714-111632-2.jpg,1,1,1,1,1,0.99898845,6.842117e-06,0.99898845,4.0584308e-10,4.5286555e-10,2.158683e-10,3.171292e-06,0.00038798814,1.29382115e-05,0.0006004887
/home/leo/Documentos/mestrado/DeepWeeds-Mobile/images/20180105-095255-2.jpg,8,8,8,8,1,0.68799996,0.004308739,0.0014052107,4.7839e-07,4.4348057e-05,1.9923832e-06,0.00031398158,0.30572176,0.00020364749,0.68799996
/home/leo/Documentos/mestrado/DeepWeeds-Mobile/images/20170920-095752-3.jpg,2,2,2,2,1,0.9005848,4.6507714e-05,1.6574835e-05,0.9005848,5.653649e-06,1.4509882e-05,6.92472e-05,0.0043929797,6.8038166e-06,0.09486295
/home/leo/Documentos/mestrado/DeepWeeds-Mobile/images/20180125-133532-2.jpg,8,8,8,8,1,0.9990006,0.0005855082,1.1902208e-05,1.0189785e-07,1.2246203e-07,2.639403e-06,6.37898e-05,1.7464865e-06,0.00033349372,0.9990006
/home/leo/Documentos/mestrado/DeepWeeds-Mobile/images/20170627-105033-0.jpg,8,5,8,5,0,0.6143562,0.028002284,0.0004905432,5.890623e-07,2.1357e-05,7.074602e-07,0.6143562,6.7385845e-05,0.11391336,0.24314752
/home/leo/Documentos/mestrado/DeepWeeds-Mobile/images/20180322-104029-1.jpg,8,8,8,8,1,0.9043772,0.002365941,5.038111e-07,2.9151599e-05,0.0034478041,0.08813303,1.3033e-07,7.5742385e-11,0.0016463351,0.9043772
/home/leo/Documentos/mestrado/DeepWeeds-Mobile/images/20170501-142839-0.jpg,1,1,1,1,1,0.9434737,0.0053851716,0.9434737,6.660127e-10,6.809847e-08,5.7830424e-10,0.025416344,0.00090864114,0.022872252,0.0019437204
/home/leo/Documentos/mestrado/DeepWeeds-Mobile/images/20170920-183139-1.jpg,2,2,2,2,1,0.99794143,3.8695765e-07,1.5191048e-10,0.99794143,0.00014541093,0.0014235873,1.9127033e-06,4.7967026e-09,1.8726047e-07,0.00048708095
/home/leo/Documentos/mestrado/DeepWeeds-Mobile/images/20180109-104749-2.jpg,8,8,8,8,1,0.99103296,0.00515347,0.00043374594,2.006208e-05,0.0025993183,3.6906746e-07,5.626464e-05,8.1773505e-05,0.00062199123,0.99103296
/home/leo/Documentos/mestrado/DeepWeeds-Mobile/images/20171219-101509-2.jpg,8,8,8,8,1,0.99878806,6.723725e-05,1.1959691e-05,2.0364712e-07,0.00079494424,6.858172e-06,3.1478772e-05,1.2686868e-07,0.00029898857,0.99878806
/home/leo/Documentos/mestrado/DeepWeeds-Mobile/images/20170714-143747-1.jpg,1,1,1,1,1,0.9999988,4.67828e-09,0.9999988,7.0753386e-13,1.1999249e-12,2.4248523e-13,5.3946975e-10,8.1553736e-08,6.8362107e-09,1.1162036e-06
/home/leo/Documentos/mestrado/DeepWeeds-Mobile/images/20170714-112957-2.jpg,1,1,1,1,1,0.9967374,0.00010580456,0.9967374,2.292608e-08,1.6274337e-08,3.6441108e-09,2.386745e-06,0.0009277691,0.00010910591,0.0021175349
/home/leo/Documentos/mestrado/DeepWeeds-Mobile/images/20171220-090512-2.jpg,8,8,8,8,1,0.97239536,0.018805414,3.8837486e-05,1.06397856e-07,0.0049620257,3.5475343e-06,0.0025183654,0.000105239706,0.0011709353,0.97239536
/home/leo/Documentos/mestrado/DeepWeeds-Mobile/images/20180322-114927-2.jpg,8,8,8,8,1,0.98664457,0.0003252828,4.0069288e-05,0.00046164446,0.011932896,9.2598675e-05,0.00024234872,1.0340867e-05,0.00025027667,0.98664457
/home/leo/Documentos/mestrado/DeepWeeds-Mobile/images/20170913-104008-1.jpg,3,8,3,8,0,0.500684,0.0025798678,0.01232045,0.038217034,0.38577595,0.03971912,0.020501034,4.3501855e-06,0.00019821546,0.500684
/home/leo/Documentos/mestrado/DeepWeeds-Mobile/images/20180109-071924-2.jpg,8,8,8,8,1,0.8701913,1.8351273e-05,0.00013403721,0.00011774247,1.2736977e-07,3.6105448e-08,0.0042856396,0.12411512,0.0011377163,0.8701913
/home/leo/Documentos/mestrado/DeepWeeds-Mobile/images/20180109-070124-1.jpg,8,8,8,8,1,0.9958221,1.3645598e-06,3.780047e-08,2.1197218e-05,6.0791895e-06,2.4916674e-06,0.00015682474,0.0039259014,6.405561e-05,0.9958221
/home/leo/Documentos/mestrado/DeepWeeds-Mobile/images/20180109-070434-1.jpg,8,8,8,8,1,0.9707708,9.5535974e-08,9.1433545e-09,1.5194114e-05,5.798386e-08,6.8249307e-07,1.6343001e-06,0.029207414,4.135073e-06,0.9707708
/home/leo/Documentos/mestrado/DeepWeeds-Mobile/images/20171113-144252-3.jpg,6,6,6,6,1,0.99999905,3.358203e-11,9.611449e-07,7.5807047e-17,4.8953766e-13,6.3406184e-15,5.1956486e-13,0.99999905,2.1994172e-10,9.314185e-10
/home/leo/Documentos/mestrado/DeepWeeds-Mobile/images/20171113-135152-1.jpg,6,6,6,6,1,0.9997061,3.6539207e-06,0.0002862331,1.2062348e-11,1.0187758e-12,4.504027e-12,4.278634e-08,0.9997061,4.1312978e-07,3.468104e-06
/home/leo/Documentos/mestrado/DeepWeeds-Mobile/images/20170217-150454-0.jpg,0,8,0,8,0,0.42998332,0.31996682,0.00046933282,1.3353321e-10,6.5550296e-07,6.7067725e-09,0.20493925,0.00039220587,0.04424842,0.42998332
/home/leo/Documentos/mestrado/DeepWeeds-Mobile/images/20171205-134345-2.jpg,8,8,8,8,1,0.7131568,0.0031108512,0.00024979864,1.747515e-06,3.308804e-05,1.5321756e-06,0.011249531,0.2709612,0.0012354614,0.7131568
/home/leo/Documentos/mestrado/DeepWeeds-Mobile/images/20180105-091755-2.jpg,8,8,8,8,1,0.8266966,1.4257101e-06,7.723577e-06,4.0166212e-12,4.626985e-08,5.821835e-11,0.082706004,0.09058568,2.4954788e-06,0.8266966
/home/leo/Documentos/mestrado/DeepWeeds-Mobile/images/20170906-113410-4.jpg,3,3,3,3,1,0.87319535,0.015941532,2.4502693e-05,0.0002996405,0.87319535,0.009804879,8.5482725e-06,3.7690997e-09,0.042700082,0.05802542
/home/leo/Documentos/mestrado/DeepWeeds-Mobile/images/20180112-073337-2.jpg,8,8,8,8,1,0.9847969,0.00038573839,0.00012771471,0.00012401208,0.004991321,0.009560675,1.760555e-09,5.8718843e-08,1.35635155e-05,0.9847969
/home/leo/Documentos/mestrado/DeepWeeds-Mobile/images/20180322-102751-1.jpg,8,8,8,8,1,0.97148657,0.006673533,5.562815e-06,1.215701e-06,0.0003122222,0.018494584,1.1646174e-07,1.3323205e-10,0.0030262105,0.97148657
/home/leo/Documentos/mestrado/DeepWeeds-Mobile/images/20171121-074740-1.jpg,6,6,6,6,1,0.99902225,1.3032691e-07,0.0008837169,6.4970815e-12,3.167301e-08,5.6062665e-11,9.0277744e-08,0.99902225,4.716783e-07,9.340264e-05
/home/leo/Documentos/mestrado/DeepWeeds-Mobile/images/20171109-093053-3.jpg,5,5,5,5,1,0.99992776,5.527762e-09,4.886989e-12,3.084874e-15,1.6749018e-12,1.1797049e-15,0.99992776,4.8024033e-12,1.11144434e-10,7.221259e-05
/home/leo/Documentos/mestrado/DeepWeeds-Mobile/images/20171219-095320-2.jpg,8,8,8,8,1,0.99823916,0.00013915091,0.00017491811,1.1530476e-11,0.0011127271,8.010449e-09,0.00027294332,4.1728637e-07,6.0657283e-05,0.99823916
/home/leo/Documentos/mestrado/DeepWeeds-Mobile/images/20170729-093442-2.jpg,4,4,4,4,1,0.9999044,1.5242736e-06,2.9431138e-10,5.550617e-07,3.974891e-05,0.9999044,7.032947e-10,1.655439e-15,3.910147e-07,5.3337582e-05
/home/leo/Documentos/mestrado/DeepWeeds-Mobile/images/20180112-092114-2.jpg,8,8,8,8,1,0.86141896,0.12935765,3.365659e-05,0.00014551792,0.006803793,0.00012892284,1.4280511e-05,4.825028e-06,0.0020924883,0.86141896
/home/leo/Documentos/mestrado/DeepWeeds-Mobile/images/20180112-103511-2.jpg,8,8,8,8,1,0.9541146,5.611622e-06,0.00011131445,0.04367655,1.0507172e-05,6.9469263e-07,2.121805e-05,0.0020577826,1.7011379e-06,0.9541146
/home/leo/Documentos/mestrado/DeepWeeds-Mobile/images/20180109-105815-1.jpg,8,8,8,8,1,0.975937,0.0017031359,2.2360508e-05,0.00017426534,0.0009764923,6.417794e-05,0.020384014,9.223059e-06,0.00072930806,0.975937
/home/leo/Documentos/mestrado/DeepWeeds-Mobile/images/20180112-102634-2.jpg,8,8,8,8,1,0.97816634,0.003024526,1.9458827e-05,1.5335958e-06,3.6424684e-08,6.725104e-08,0.0053304704,9.933764e-06,0.013447595,0.97816634
/home/leo/Documentos/mestrado/DeepWeeds-Mobile/images/20171220-092804-2.jpg,8,8,8,8,1,0.99961567,2.2674797e-08,6.342246e-09,4.0377405e-13,7.1204536e-06,2.0594184e-09,0.00037716102,5.063942e-12,3.211044e-08,0.99961567
/home/leo/Documentos/mestrado/DeepWeeds-Mobile/images/20180105-093035-2.jpg,8,8,8,8,1,0.99986696,8.41095e-07,1.5273136e-07,1.6972346e-05,2.563696e-07,2.2061283e-06,1.03671915e-07,0.00011156002,9.61967e-07,0.99986696
/home/leo/Documentos/mestrado/DeepWeeds-Mobile/images/20171121-085745-1.jpg,6,6,6,6,1,0.99340266,0.00016494592,0.0002525773,1.9387894e-06,5.5105904e-08,3.9162322e-09,1.778674e-05,0.99340266,0.0008705204,0.0052896203
/home/leo/Documentos/mestrado/DeepWeeds-Mobile/images/20170913-121615-1.jpg,5,5,5,5,1,0.9974438,3.3189815e-05,3.7514772e-07,0.00010473526,0.0009819648,5.371348e-06,0.9974438,8.7716335e-06,7.2018543e-06,0.0014146107
/home/leo/Documentos/mestrado/DeepWeeds-Mobile/images/20170410-124556-0.jpg,0,0,0,0,1,0.6592276,0.6592276,9.586189e-05,6.856718e-07,0.00044414192,7.875096e-09,1.8555536e-05,1.2333217e-05,0.29004896,0.050151806
/home/leo/Documentos/mestrado/DeepWeeds-Mobile/images/20180112-075717-2.jpg,8,8,8,8,1,0.76589805,0.0016347463,0.027396036,0.114923626,0.006266868,0.079738796,3.585138e-05,0.0028841894,0.0012217801,0.76589805
/home/leo/Documentos/mestrado/DeepWeeds-Mobile/images/20171217-184806-2.jpg,8,8,8,8,1,0.9777949,0.00041260303,5.376743e-06,3.6375498e-09,2.5548502e-08,2.7853847e-10,0.021778846,5.028098e-07,7.776469e-06,0.9777949
/home/leo/Documentos/mestrado/DeepWeeds-Mobile/images/20180119-113809-2.jpg,8,8,8,8,1,0.94205266,0.0010806306,0.009274793,1.5404066e-09,0.00030059958,1.5969832e-07,0.042488173,0.0040261126,0.0007768285,0.94205266
/home/leo/Documentos/mestrado/DeepWeeds-Mobile/images/20171102-104906-1.jpg,2,8,2,8,0,0.866461,0.000938411,0.0048967954,0.098777436,0.009876613,0.018570352,2.5399793e-05,0.00025647157,0.00019760046,0.866461
/home/leo/Documentos/mestrado/DeepWeeds-Mobile/images/20180105-091805-2.jpg,8,8,8,8,1,0.9287784,1.2395692e-05,5.8516257e-08,1.9541303e-10,5.099252e-06,8.5990015e-10,0.07060091,0.00059956603,3.5416267e-06,0.9287784
/home/leo/Documentos/mestrado/DeepWeeds-Mobile/images/20170210-145007-0.jpg,7,7,7,7,1,0.9861086,0.013721146,7.267839e-06,2.7351854e-10,2.310733e-10,3.5666672e-10,4.88605e-06,4.0612413e-08,0.9861086,0.00015813233
/home/leo/Documentos/mestrado/DeepWeeds-Mobile/images/20180112-073011-1.jpg,8,8,8,8,1,0.54401076,0.008442002,0.31686357,1.4668467e-06,6.373706e-05,2.2411228e-05,4.832029e-05,5.2617368e-05,0.13049515,0.54401076
/home/leo/Documentos/mestrado/DeepWeeds-Mobile/images/20170630-151031-0.jpg,7,7,7,7,1,0.64937884,0.3423564,0.0017811349,9.4441745e-08,1.0980931e-08,1.5187553e-08,0.00010491927,0.0054174024,0.64937884,0.0009612287
/home/leo/Documentos/mestrado/DeepWeeds-Mobile/images/20171220-100413-2.jpg,8,8,8,8,1,0.99957424,1.4691057e-05,3.6353642e-05,7.4098245e-12,1.6494389e-06,9.907467e-11,0.00033075013,1.0980776e-07,4.2236486e-05,0.99957424
/home/leo/Documentos/mestrado/DeepWeeds-Mobile/images/20170714-150055-1.jpg,1,1,1,1,1,0.99998605,2.371706e-06,0.99998605,7.487451e-12,7.571333e-12,1.3081019e-11,1.4212479e-11,8.032688e-06,2.7027802e-06,7.894848e-07
/home/leo/Documentos/mestrado/DeepWeeds-Mobile/images/20180105-092717-2.jpg,8,8,8,8,1,0.83287853,0.00015888375,5.0397703e-06,1.247763e-09,2.579966e-06,6.5865495e-09,0.00022323424,0.16672304,8.602372e-06,0.83287853
/home/leo/Documentos/mestrado/DeepWeeds-Mobile/images/20170803-131528-1.jpg,0,1,0,1,0,0.7553535,0.019485863,0.7553535,8.805308e-09,1.6273436e-05,1.9710066e-08,8.827187e-05,0.00832638,0.010139134,0.2065906
/home/leo/Documentos/mestrado/DeepWeeds-Mobile/images/20170729-085707-2.jpg,4,4,4,4,1,0.9952495,1.500172e-05,3.563202e-07,0.000106721636,0.0005701017,0.9952495,5.8499705e-11,1.3596887e-11,7.2235744e-06,0.0040509943
/home/leo/Documentos/mestrado/DeepWeeds-Mobile/images/20170811-130122-1.jpg,0,0,0,0,1,0.78033143,0.78033143,9.673385e-06,1.503428e-08,3.2513663e-07,4.5283796e-06,5.3527374e-06,7.1906023e-12,0.20439829,0.015250401
/home/leo/Documentos/mestrado/DeepWeeds-Mobile/images/20171109-073310-1.jpg,5,5,5,5,1,0.9997865,1.4512267e-07,1.3108415e-07,1.6060387e-14,6.94851e-13,9.014011e-15,0.9997865,4.2078545e-07,1.0966904e-07,0.00021266502
/home/leo/Documentos/mestrado/DeepWeeds-Mobile/images/20170714-120336-3.jpg,1,1,1,1,1,0.9881164,1.8015953e-05,0.9881164,1.858328e-11,1.9841753e-09,4.543431e-10,1.451936e-09,0.011594806,0.000260332,1.0446002e-05
/home/leo/Documentos/mestrado/DeepWeeds-Mobile/images/20170217-104234-0.jpg,0,0,0,0,1,0.98054886,0.98054886,3.3400186e-06,8.3693214e-13,4.049178e-13,8.526712e-13,3.8737335e-07,1.6928745e-10,0.01938448,6.298884e-05
/home/leo/Documentos/mestrado/DeepWeeds-Mobile/images/20170129-102700-0.jpg,8,8,8,8,1,0.99507606,0.0010942203,0.00068074156,2.008453e-08,0.00015824614,4.7629474e-09,4.0164847e-05,1.5063333e-06,0.002949037,0.99507606
/home/leo/Documentos/mestrado/DeepWeeds-Mobile/images/20180105-101032-3.jpg,8,8,8,8,1,0.99951136,4.985018e-08,9.140606e-10,0.0004139865,4.5891125e-06,5.9383594e-05,3.4121346e-08,1.0687024e-05,9.780051e-09,0.99951136
/home/leo/Documentos/mestrado/DeepWeeds-Mobile/images/20171219-114123-2.jpg,8,8,8,8,1,0.99900866,3.9945764e-05,1.0280753e-05,0.0005795376,0.00017298399,6.718133e-05,1.3640004e-06,7.4841555e-05,4.522798e-05,0.99900866
/home/leo/Documentos/mestrado/DeepWeeds-Mobile/images/20170707-114040-0.jpg,0,7,0,7,0,0.50627047,0.083131246,0.0003103917,0.011604066,0.07871973,0.043259956,0.0002601552,3.0766765e-05,0.50627047,0.27641323
/home/leo/Documentos/mestrado/DeepWeeds-Mobile/images/20170207-154442-0.jpg,0,0,0,0,1,0.5694637,0.5694637,0.3941837,2.030998e-05,1.7328613e-05,1.0901808e-05,0.0046957326,0.0010579695,0.026271733,0.0042785886
/home/leo/Documentos/mestrado/DeepWeeds-Mobile/images/20180109-103257-2.jpg,8,8,8,8,1,0.99177575,0.0036774685,0.0005290668,0.0017375904,0.00073665375,9.180302e-05,0.0013003692,1.0235034e-05,0.00014116328,0.99177575
/home/leo/Documentos/mestrado/DeepWeeds-Mobile/images/20180109-074141-2.jpg,8,8,8,8,1,0.996766,0.0029387844,4.2406095e-06,1.8749402e-13,2.7807943e-12,8.687214e-13,0.00025130127,2.8452898e-06,3.6831763e-05,0.996766
/home/leo/Documentos/mestrado/DeepWeeds-Mobile/images/20171218-105238-3.jpg,8,8,8,8,1,0.96733665,0.02447189,3.308723e-05,2.67309e-10,1.5995505e-08,4.310439e-09,0.0069953846,5.8107395e-07,0.0011623852,0.96733665
/home/leo/Documentos/mestrado/DeepWeeds-Mobile/images/20170920-155944-3.jpg,2,2,2,2,1,0.72387886,0.00046147316,1.8561708e-07,0.72387886,0.0033471372,0.11810176,8.343271e-08,1.9173862e-08,8.996411e-05,0.15412049
/home/leo/Documentos/mestrado/DeepWeeds-Mobile/images/20171205-143421-2.jpg,8,8,8,8,1,0.9899463,8.0693246e-07,1.06796065e-07,1.8874567e-10,5.174059e-09,5.1800997e-10,0.010052134,1.0102068e-08,6.1055215e-07,0.9899463
/home/leo/Documentos/mestrado/DeepWeeds-Mobile/images/20171109-085336-3.jpg,5,5,5,5,1,0.96163595,7.6577743e-07,1.4107569e-07,1.4097897e-13,1.7761369e-07,2.2144845e-11,0.96163595,7.4160283e-07,1.5394958e-06,0.038360685
/home/leo/Documentos/mestrado/DeepWeeds-Mobile/images/20171025-095009-1.jpg,3,8,3,8,0,0.62281215,0.07185527,0.014884247,3.819908e-06,0.229648,7.108479e-05,0.013329632,0.009648787,0.037747085,0.62281215
/home/leo/Documentos/mestrado/DeepWeeds-Mobile/images/20180322-130923-1.jpg,8,8,8,8,1,0.94708157,0.0029475093,0.018475883,0.0019545008,0.00026507705,0.0009751152,0.003047927,0.008938429,0.016314037,0.94708157
/home/leo/Documentos/mestrado/DeepWeeds-Mobile/images/20180105-095534-3.jpg,8,8,8,8,1,0.9709281,1.7029504e-07,4.699672e-08,1.8342722e-07,2.6643949e-07,1.0596366e-08,4.77258e-06,0.029066239,2.0479457e-07,0.9709281
/home/leo/Documentos/mestrado/DeepWeeds-Mobile/images/20180322-113356-2.jpg,8,8,8,8,1,0.9879953,0.000533317,0.00163676,0.00041963434,0.002310967,0.0045872713,3.6080507e-06,6.5238686e-07,0.0025125435,0.9879953
/home/leo/Documentos/mestrado/DeepWeeds-Mobile/images/20171212-101621-3.jpg,8,8,8,8,1,0.5069621,0.08622048,0.31897554,9.75878e-07,0.0005009136,5.540982e-06,0.000594713,0.044016622,0.042723157,0.5069621
/home/leo/Documentos/mestrado/DeepWeeds-Mobile/images/20171025-083335-3.jpg,3,8,3,8,0,0.95935327,0.014712776,0.0032335788,0.0025768157,0.015272161,0.0012390965,4.40053e-06,1.976924e-05,0.0035880066,0.95935327
/home/leo/Documentos/mestrado/DeepWeeds-Mobile/images/20171113-131134-1.jpg,6,6,6,6,1,0.9998932,1.0109339e-06,1.7198969e-05,2.9922826e-12,4.6002835e-10,1.7815067e-11,3.1019698e-09,0.9998932,1.6500439e-06,8.694466e-05
/home/leo/Documentos/mestrado/DeepWeeds-Mobile/images/20170811-113519-1.jpg,0,0,0,0,1,0.6797832,0.6797832,1.3535265e-06,2.0820223e-09,2.2561991e-08,7.925728e-06,0.31854722,1.04036076e-07,0.00083871605,0.0008213928
/home/leo/Documentos/mestrado/DeepWeeds-Mobile/images/20180322-114650-1.jpg,8,8,8,8,1,0.9897994,0.0018157461,0.0031937007,7.235734e-07,8.431185e-05,4.8584466e-06,0.0037038408,0.0012713505,0.00012609335,0.9897994
/home/leo/Documentos/mestrado/DeepWeeds-Mobile/images/20180105-095735-2.jpg,8,8,8,8,1,0.9993563,1.02142764e-07,3.7875902e-09,0.00055958575,4.5337055e-07,3.5108647e-07,4.8302347e-05,3.43968e-05,4.800834e-07,0.9993563
/home/leo/Documentos/mestrado/DeepWeeds-Mobile/images/20180112-101425-1.jpg,8,1,8,1,0,0.41534197,0.010769784,0.41534197,4.5066777e-06,8.073393e-06,1.7682064e-06,0.00024610086,0.0099904835,0.22840863,0.33522868
/home/leo/Documentos/mestrado/DeepWeeds-Mobile/images/20171220-084732-3.jpg,8,8,8,8,1,0.62320596,0.22049755,0.012731078,2.5095048e-07,7.574552e-05,4.9552484e-05,0.0002001392,5.4056378e-05,0.14318565,0.62320596
/home/leo/Documentos/mestrado/DeepWeeds-Mobile/images/20170913-095836-2.jpg,3,3,3,3,1,0.95317394,7.4804905e-07,1.262897e-08,0.0019251748,0.95317394,0.0037684594,0.0008935647,4.6467887e-09,4.8886406e-08,0.04023817
/home/leo/Documentos/mestrado/DeepWeeds-Mobile/images/20180109-090737-2.jpg,8,8,8,8,1,0.5539517,0.00155546,2.1102329e-05,2.5612533e-06,0.016583182,9.473164e-06,0.4276765,6.9018897e-06,0.00019312512,0.5539517
/home/leo/Documentos/mestrado/DeepWeeds-Mobile/images/20171113-150735-3.jpg,6,8,6,8,0,0.69099057,1.4856037e-06,3.256403e-05,7.719767e-07,1.2888813e-07,3.6717304e-07,0.00080901437,0.30813873,2.6452388e-05,0.69099057
/home/leo/Documentos/mestrado/DeepWeeds-Mobile/images/20180119-115044-1.jpg,8,8,8,8,1,0.928338,0.0221225,0.018559353,0.00025173617,0.0006214543,0.00045149506,0.0021596365,0.000289811,0.027205989,0.928338
/home/leo/Documentos/mestrado/DeepWeeds-Mobile/images/20171113-132425-1.jpg,6,6,6,6,1,0.9987342,2.8739616e-06,0.0010283717,5.2762346e-13,1.0732754e-07,8.42282e-12,2.2975985e-07,0.9987342,6.013285e-05,0.00017417668
/home/leo/Documentos/mestrado/DeepWeeds-Mobile/images/20170727-130417-1.jpg,4,4,4,4,1,0.9306195,3.6429574e-05,1.5283907e-08,0.010494339,0.0056493017,0.9306195,3.6500376e-05,1.1356324e-08,1.5358236e-06,0.053162366
/home/leo/Documentos/mestrado/DeepWeeds-Mobile/images/20170811-110642-2.jpg,0,0,0,0,1,0.9950219,0.9950219,0.00027883358,5.4610472e-11,2.1358304e-10,3.0267715e-09,9.700931e-07,1.7017409e-07,0.003913398,0.0007847986
/home/leo/Documentos/mestrado/DeepWeeds-Mobile/images/20171102-094731-1.jpg,4,4,4,4,1,0.6089419,0.003204302,0.043134883,0.038752347,0.12869446,0.6089419,0.00015505805,0.0014497389,0.0008942764,0.17477308
/home/leo/Documentos/mestrado/DeepWeeds-Mobile/images/20171203-164956-3.jpg,8,8,8,8,1,0.9991668,1.9446003e-05,6.415986e-05,2.976514e-09,0.00026862332,1.01608455e-08,0.00046984517,7.007956e-06,4.055387e-06,0.9991668
/home/leo/Documentos/mestrado/DeepWeeds-Mobile/images/20171113-145415-3.jpg,6,6,6,6,1,0.99922526,6.740757e-07,0.00017465028,4.00843e-09,4.1704434e-10,7.701372e-11,3.1192332e-07,0.99922526,7.541968e-06,0.00059154246
/home/leo/Documentos/mestrado/DeepWeeds-Mobile/images/20170811-114958-2.jpg,0,0,0,0,1,0.66803074,0.66803074,2.746706e-05,1.5874913e-07,1.522398e-07,1.5631835e-07,0.023323905,1.0964053e-05,0.015224236,0.29338226
/home/leo/Documentos/mestrado/DeepWeeds-Mobile/images/20180125-102010-2.jpg,8,8,8,8,1,0.99980557,1.8870486e-07,2.6887284e-09,1.1171285e-06,0.00015596744,2.5744263e-05,8.845338e-06,2.455545e-06,4.1877137e-09,0.99980557
/home/leo/Documentos/mestrado/DeepWeeds-Mobile/images/20171219-110233-3.jpg,8,8,8,8,1,0.97935826,7.144213e-06,0.0004952193,1.4157404e-09,2.258383e-05,1.8727953e-09,0.020003872,3.542582e-05,7.760767e-05,0.97935826
/home/leo/Documentos/mestrado/DeepWeeds-Mobile/images/20180109-074203-1.jpg,8,8,8,8,1,0.98451483,1.3579081e-05,1.6377628e-08,0.007045581,1.6134602e-05,0.004890496,0.0025766774,0.00089807773,4.4549488e-05,0.98451483
/home/leo/Documentos/mestrado/DeepWeeds-Mobile/images/20170714-141527-3.jpg,1,1,1,1,1,0.9654201,0.00028209738,0.9654201,9.784927e-06,9.4400544e-05,8.532792e-06,3.352503e-05,0.014638357,0.00039390073,0.019119263
/home/leo/Documentos/mestrado/DeepWeeds-Mobile/images/20170913-100850-1.jpg,3,3,3,3,1,0.98784363,1.5372307e-05,1.0576411e-07,7.305028e-05,0.98784363,0.00022003787,0.001735808,3.2052094e-10,5.034255e-07,0.010111519
/home/leo/Documentos/mestrado/DeepWeeds-Mobile/images/20180109-100358-2.jpg,8,8,8,8,1,0.9904799,3.8983475e-05,0.0011044323,0.0028657136,0.0023323796,0.00013142188,7.7079185e-06,0.0029885324,5.100002e-05,0.9904799
/home/leo/Documentos/mestrado/DeepWeeds-Mobile/images/20170811-122637-2.jpg,0,0,0,0,1,0.99370295,0.99370295,9.189929e-06,1.1506933e-06,8.9441227e-07,0.0001345737,0.00085041067,2.394408e-09,0.0012979327,0.0040028295
/home/leo/Documentos/mestrado/DeepWeeds-Mobile/images/20170501-143529-0.jpg,1,1,1,1,1,0.98177624,0.00056691456,0.98177624,2.1718116e-10,1.1103008e-06,6.43074e-09,4.9896782e-05,0.0007036514,0.00031689825,0.01658541
/home/leo/Documentos/mestrado/DeepWeeds-Mobile/images/20170727-171958-1.jpg,4,4,4,4,1,0.9204481,0.01619377,6.4895853e-06,0.0003228488,0.0051948414,0.9204481,5.1623533e-07,7.4197724e-09,0.00041684872,0.05741654
/home/leo/Documentos/mestrado/DeepWeeds-Mobile/images/20171025-075340-2.jpg,3,8,3,8,0,0.3901776,0.21306886,0.08385492,7.47091e-10,0.12590082,3.4506309e-06,0.00068214745,1.7417615e-05,0.18629476,0.3901776
/home/leo/Documentos/mestrado/DeepWeeds-Mobile/images/20170727-125856-1.jpg,4,4,4,4,1,0.80947834,2.5368863e-05,1.27024435e-08,0.15950385,0.0033523843,0.80947834,4.6484133e-06,1.0172481e-07,1.5240507e-06,0.027633734
/home/leo/Documentos/mestrado/DeepWeeds-Mobile/images/20170729-154133-3.jpg,4,4,4,4,1,0.81424665,0.0001351071,6.3615415e-05,0.00013473562,0.0734272,0.81424665,0.039475232,1.338955e-07,7.30808e-05,0.072444394
/home/leo/Documentos/mestrado/DeepWeeds-Mobile/images/20180105-100126-2.jpg,8,8,8,8,1,0.99972206,2.0966742e-09,2.2752804e-09,0.00023940492,7.612481e-08,2.5144415e-08,1.4380955e-08,3.8371036e-05,4.248481e-09,0.99972206
/home/leo/Documentos/mestrado/DeepWeeds-Mobile/images/20170704-153703-0.jpg,0,8,0,8,0,0.3574143,0.3388169,0.010039038,3.272736e-06,0.081442595,0.0007255089,0.0010589779,0.0028075902,0.20769179,0.3574143
/home/leo/Documentos/mestrado/DeepWeeds-Mobile/images/20180322-112424-2.jpg,8,8,8,8,1,0.99992085,5.8553862e-05,7.824317e-08,9.445913e-10,1.6086403e-06,1.1738581e-05,6.1324255e-07,8.041295e-11,6.6869875e-06,0.99992085
/home/leo/Documentos/mestrado/DeepWeeds-Mobile/images/20171102-105848-2.jpg,2,2,2,2,1,0.93363637,1.3398072e-05,0.0014526055,0.93363637,9.841322e-05,0.00042832782,6.3406327e-07,4.8936094e-05,5.2002383e-06,0.06431606
/home/leo/Documentos/mestrado/DeepWeeds-Mobile/images/20171217-184732-2.jpg,8,8,8,8,1,0.49294215,0.015749121,4.5573346e-05,4.4210688e-07,2.1664425e-07,2.0571205e-08,0.49111497,6.5090794e-06,0.00014099697,0.49294215
/home/leo/Documentos/mestrado/DeepWeeds-Mobile/images/20180105-095713-2.jpg,8,8,8,8,1,0.9993812,2.8454064e-09,5.1373326e-07,4.1037518e-07,1.9564754e-09,7.6573436e-10,4.7104724e-08,0.00061766716,1.201065e-07,0.9993812
/home/leo/Documentos/mestrado/DeepWeeds-Mobile/images/20170727-111748-3.jpg,4,4,4,4,1,0.99780446,2.5074287e-05,8.749473e-09,0.001397738,5.5218035e-05,0.99780446,0.00041577482,1.08392105e-05,8.485402e-07,0.0002900213
/home/leo/Documentos/mestrado/DeepWeeds-Mobile/images/20180125-092316-1.jpg,8,8,8,8,1,0.9999218,2.7553943e-07,4.5319638e-07,5.821277e-09,5.117509e-05,4.9911186e-08,5.049868e-07,2.5304824e-05,5.5991535e-07,0.9999218
/home/leo/Documentos/mestrado/DeepWeeds-Mobile/images/20180322-113636-2.jpg,8,8,8,8,1,0.9906946,6.99682e-05,6.307575e-05,3.0462065e-06,0.002104697,0.0069643534,2.2661307e-08,6.341656e-08,0.00010035776,0.9906946
/home/leo/Documentos/mestrado/DeepWeeds-Mobile/images/20180109-104207-2.jpg,8,8,8,8,1,0.94328,0.0004306805,0.006039208,0.048746444,0.00022404616,0.0006323385,2.193523e-05,0.00057222013,5.3165964e-05,0.94328
/home/leo/Documentos/mestrado/DeepWeeds-Mobile/images/20171220-095519-2.jpg,8,8,8,8,1,0.99996567,9.875147e-07,1.4843937e-07,3.3913731e-12,4.3329323e-06,7.012585e-11,6.257478e-06,1.5499054e-08,2.269394e-05,0.99996567
/home/leo/Documentos/mestrado/DeepWeeds-Mobile/images/20180112-073335-1.jpg,8,7,8,7,0,0.4730341,0.013911289,0.021088779,0.00015231837,0.015716633,0.0042492715,6.124003e-05,1.3759697e-05,0.4730341,0.47177264
/home/leo/Documentos/mestrado/DeepWeeds-Mobile/images/20170913-122837-3.jpg,3,8,3,8,0,0.48548713,0.15695584,0.0050727017,0.00029127765,0.01949767,0.003923027,0.00022234608,6.536435e-06,0.3285434,0.48548713
/home/leo/Documentos/mestrado/DeepWeeds-Mobile/images/20180109-095652-1.jpg,8,8,8,8,1,0.995797,0.00036372978,0.00032027185,8.284971e-06,0.0028224513,2.2437323e-05,0.00015538122,2.8867242e-05,0.00048154462,0.995797
/home/leo/Documentos/mestrado/DeepWeeds-Mobile/images/20170727-170549-1.jpg,4,4,4,4,1,0.91029376,6.286506e-05,7.398891e-07,0.055177547,0.025894174,0.91029376,1.7907784e-10,3.5431573e-09,0.00026017436,0.008310893
/home/leo/Documentos/mestrado/DeepWeeds-Mobile/images/20170727-150211-3.jpg,4,4,4,4,1,0.99980676,1.5030633e-06,5.8193167e-10,1.3004332e-06,0.00012400953,0.99980676,1.1722093e-09,1.1204659e-14,3.7652453e-07,6.590356e-05
/home/leo/Documentos/mestrado/DeepWeeds-Mobile/images/20171220-083237-2.jpg,8,8,8,8,1,0.9992476,8.0352234e-05,7.4507493e-06,4.3147793e-08,0.00040720293,0.000102287566,1.8256542e-05,9.587031e-07,0.00013582315,0.9992476
/home/leo/Documentos/mestrado/DeepWeeds-Mobile/images/20171113-132706-3.jpg,6,6,6,6,1,0.97644675,3.307158e-05,9.927395e-07,0.00018238703,3.0530868e-05,0.000367537,6.236452e-05,0.97644675,0.007566537,0.015309895
/home/leo/Documentos/mestrado/DeepWeeds-Mobile/images/20180112-083452-1.jpg,8,8,8,8,1,0.7503064,0.033589195,0.18598913,0.00033567764,0.0013392671,6.71112e-05,1.2471686e-05,0.0011392286,0.02722153,0.7503064
/home/leo/Documentos/mestrado/DeepWeeds-Mobile/images/20180119-105336-1.jpg,8,8,8,8,1,0.99754745,1.5059634e-05,0.0016663696,2.2228248e-09,2.0484833e-05,2.554953e-10,0.0006908988,8.98554e-06,5.0683913e-05,0.99754745
/home/leo/Documentos/mestrado/DeepWeeds-Mobile/images/20170727-171924-3.jpg,4,4,4,4,1,0.8047961,0.0010470569,8.599731e-06,0.00019086644,0.07360903,0.8047961,4.2769017e-07,1.4709473e-08,0.0021300684,0.11821776
/home/leo/Documentos/mestrado/DeepWeeds-Mobile/images/20170210-145749-0.jpg,0,0,0,0,1,0.6485949,0.6485949,0.035352737,0.0002972687,4.8159593e-05,0.00053125183,0.00040007138,1.0041031e-05,0.075622536,0.23914301
/home/leo/Documentos/mestrado/DeepWeeds-Mobile/images/20180119-113707-1.jpg,8,8,8,8,1,0.7961818,0.07000183,0.09462988,7.3794335e-09,0.00095275714,1.6182679e-07,0.00034422218,0.0048115784,0.033077713,0.7961818
/home/leo/Documentos/mestrado/DeepWeeds-Mobile/images/20171220-101129-1.jpg,8,8,8,8,1,0.9999968,2.1215959e-07,2.4246212e-09,1.4750559e-14,1.2283662e-08,1.0118173e-11,2.8193626e-06,1.8369031e-10,9.833413e-08,0.9999968
/home/leo/Documentos/mestrado/DeepWeeds-Mobile/images/20171205-144519-2.jpg,8,8,8,8,1,0.9989229,5.9941594e-06,6.566542e-06,1.407331e-09,4.264656e-05,3.1142665e-08,0.0010205171,6.589147e-07,7.302652e-07,0.9989229
/home/leo/Documentos/mestrado/DeepWeeds-Mobile/images/20170811-110742-1.jpg,0,0,0,0,1,0.9999231,0.9999231,1.70896e-06,3.0026733e-13,2.4120188e-11,8.415193e-11,1.2568226e-09,3.9475458e-11,5.652459e-05,1.8557956e-05
/home/leo/Documentos/mestrado/DeepWeeds-Mobile/images/20170811-112931-2.jpg,0,0,0,0,1,0.67558414,0.67558414,0.003353982,1.8791448e-05,0.00044944024,0.00010942358,0.0008923282,1.8584304e-05,0.048878063,0.2706953
/home/leo/Documentos/mestrado/DeepWeeds-Mobile/images/20170718-131745-2.jpg,7,7,7,7,1,0.5893492,0.08710878,0.31913483,9.226557e-07,1.4009408e-05,9.570876e-06,0.0028005794,2.816059e-05,0.5893492,0.0015539904
/home/leo/Documentos/mestrado/DeepWeeds-Mobile/images/20171212-093940-3.jpg,8,8,8,8,1,0.9832072,0.005242856,0.0037725007,0.0006575422,0.0024680595,0.00056408334,0.00010165441,0.0038662988,0.000119745506,0.9832072
/home/leo/Documentos/mestrado/DeepWeeds-Mobile/images/20171025-090526-1.jpg,3,8,3,8,0,0.49653286,0.0679097,0.049288638,0.0011160339,0.21891108,0.025116835,1.2904893e-05,3.191991e-05,0.14108,0.49653286
/home/leo/Documentos/mestrado/DeepWeeds-Mobile/images/20180109-074135-1.jpg,8,8,8,8,1,0.9995578,1.5160909e-07,1.3772207e-06,1.8433688e-05,3.299959e-07,7.2539274e-07,5.6622067e-09,0.0004209985,1.9449753e-07,0.9995578
/home/leo/Documentos/mestrado/DeepWeeds-Mobile/images/20170630-155212-0.jpg,7,7,7,7,1,0.9022648,0.024360776,0.050438844,2.6508374e-07,3.0875626e-06,5.1753784e-07,6.934463e-05,0.0012257928,0.9022648,0.02163657
/home/leo/Documentos/mestrado/DeepWeeds-Mobile/images/20171212-094924-3.jpg,8,8,8,8,1,0.99989927,1.385134e-05,1.0040754e-05,1.0653096e-07,4.0902192e-05,7.0934504e-07,2.7700803e-06,9.163675e-06,2.3132498e-05,0.99989927
/home/leo/Documentos/mestrado/DeepWeeds-Mobile/images/20180112-082237-1.jpg,8,3,8,3,0,0.95655566,0.0008136587,1.7225593e-05,0.00041404756,0.95655566,0.00010504725,2.559266e-07,3.6842376e-08,0.00031112632,0.041783005
/home/leo/Documentos/mestrado/DeepWeeds-Mobile/images/20180112-073544-1.jpg,8,8,8,8,1,0.88756067,6.309775e-05,0.009034906,0.07753497,0.0001230174,0.00012366187,3.2574255e-06,0.025544893,1.1592084e-05,0.88756067
/home/leo/Documentos/mestrado/DeepWeeds-Mobile/images/20171109-092912-1.jpg,5,5,5,5,1,0.92603517,7.005966e-06,1.1814667e-06,4.664483e-10,3.879372e-07,2.438222e-09,0.92603517,9.17683e-09,3.330497e-07,0.073955886
/home/leo/Documentos/mestrado/DeepWeeds-Mobile/images/20170217-113546-0.jpg,0,0,0,0,1,0.9984656,0.9984656,5.7712474e-10,2.0424788e-12,5.8523724e-12,6.5992667e-12,4.0619492e-05,5.5651117e-10,0.0014799807,1.3835027e-05
/home/leo/Documentos/mestrado/DeepWeeds-Mobile/images/20170715-164251-1.jpg,1,1,1,1,1,0.98914,4.6819314e-06,0.98914,7.53983e-10,5.150662e-09,9.1775776e-10,6.472221e-08,0.009675669,3.3177123e-05,0.0011464449
/home/leo/Documentos/mestrado/DeepWeeds-Mobile/images/20180125-100138-2.jpg,8,8,8,8,1,0.99233073,4.6519286e-08,1.2381392e-10,5.22982e-10,0.0076478925,1.921667e-05,2.2523852e-06,4.8391694e-08,3.6077603e-09,0.99233073
/home/leo/Documentos/mestrado/DeepWeeds-Mobile/images/20180322-103138-1.jpg,8,8,8,8,1,0.9233527,4.1510313e-05,8.167825e-08,4.112508e-06,9.328376e-06,0.07658878,2.156739e-07,1.7070338e-09,3.2617925e-06,0.9233527
/home/leo/Documentos/mestrado/DeepWeeds-Mobile/images/20171212-102000-3.jpg,8,8,8,8,1,0.9355956,0.007433532,0.049517684,9.67738e-07,0.0009281729,0.000103758786,5.3153588e-05,1.7043107e-05,0.0063501163,0.9355956
/home/leo/Documentos/mestrado/DeepWeeds-Mobile/images/20171219-114909-2.jpg,8,8,8,8,1,0.9834958,6.877243e-05,0.00020809012,0.012444354,0.0009595538,0.0002499793,8.124203e-07,0.0025701446,2.5400766e-06,0.9834958
/home/leo/Documentos/mestrado/DeepWeeds-Mobile/images/20180109-105722-1.jpg,8,8,8,8,1,0.9996775,3.9915445e-05,2.7355421e-05,2.2196065e-05,5.6856727e-05,9.272736e-05,3.55914e-05,4.2321735e-05,5.539166e-06,0.9996775
/home/leo/Documentos/mestrado/DeepWeeds-Mobile/images/20170405-155159-0.jpg,0,0,0,0,1,0.81885266,0.81885266,0.0047477796,8.841895e-08,1.4953e-07,1.7597653e-08,0.000108573804,0.00029285307,0.043615885,0.13238207
/home/leo/Documentos/mestrado/DeepWeeds-Mobile/images/20180112-071912-2.jpg,8,8,8,8,1,0.8364287,0.0029018454,0.0012454421,0.0027799867,0.003245217,0.15143138,4.145254e-08,2.9222093e-07,0.001966985,0.8364287
/home/leo/Documentos/mestrado/DeepWeeds-Mobile/images/20180119-110216-1.jpg,8,8,8,8,1,0.981542,9.2548e-05,0.006843813,8.703441e-06,4.9174938e-05,1.5784293e-05,0.00070409593,0.010585636,0.00015828997,0.981542
/home/leo/Documentos/mestrado/DeepWeeds-Mobile/images/20170210-132217-0.jpg,7,0,7,0,0,0.74014074,0.74014074,0.00730724,9.677292e-09,1.4611662e-06,4.153454e-08,0.00013744437,1.3014418e-05,0.14361267,0.10878731
/home/leo/Documentos/mestrado/DeepWeeds-Mobile/images/20180109-095038-2.jpg,8,8,8,8,1,0.9998199,8.3122206e-05,2.347243e-05,4.8493956e-05,1.9711704e-05,2.582769e-06,1.6301392e-08,5.365777e-08,2.7105852e-06,0.9998199
/home/leo/Documentos/mestrado/DeepWeeds-Mobile/images/20171212-093654-1.jpg,8,8,8,8,1,0.9998565,1.24545245e-08,7.234436e-08,1.1078433e-14,0.00014222498,1.7028736e-12,4.600157e-07,3.853034e-08,7.7901416e-07,0.9998565
/home/leo/Documentos/mestrado/DeepWeeds-Mobile/images/20170711-121335-0.jpg,0,0,0,0,1,0.8921659,0.8921659,0.0063362145,2.2373659e-05,0.00041223518,0.00019150342,0.00013969262,7.4219165e-06,0.08605095,0.01467365
/home/leo/Documentos/mestrado/DeepWeeds-Mobile/images/20171219-104900-2.jpg,8,8,8,8,1,0.9999155,1.0681928e-05,1.5028346e-07,2.5477467e-10,6.694228e-05,3.2550818e-07,1.5701934e-06,2.7987836e-09,4.7362273e-06,0.9999155
/home/leo/Documentos/mestrado/DeepWeeds-Mobile/images/20170727-145939-3.jpg,4,4,4,4,1,0.8671132,0.005282845,0.00013935861,0.007541441,0.021556403,0.8671132,1.3344843e-05,1.8177081e-05,0.002960374,0.09537485
/home/leo/Documentos/mestrado/DeepWeeds-Mobile/images/20171113-134654-1.jpg,6,6,6,6,1,0.9922316,4.669498e-07,0.007118583,3.828754e-11,4.444036e-10,7.907458e-12,8.480024e-05,0.9922316,9.453417e-06,0.0005550511
/home/leo/Documentos/mestrado/DeepWeeds-Mobile/images/20180109-091736-2.jpg,8,8,8,8,1,0.99999154,6.5651557e-07,2.5311354e-06,2.1609146e-06,1.0136743e-07,6.2047334e-08,7.103741e-08,2.7443189e-06,3.3955132e-08,0.99999154
/home/leo/Documentos/mestrado/DeepWeeds-Mobile/images/20180112-083655-1.jpg,8,8,8,8,1,0.95703584,0.015854036,0.002686227,4.4905355e-05,0.003595364,0.00010597977,3.6400213e-06,1.4982883e-05,0.020658897,0.95703584
/home/leo/Documentos/mestrado/DeepWeeds-Mobile/images/20170913-105239-1.jpg,3,3,3,3,1,0.9928469,7.916363e-06,5.349656e-07,5.924351e-06,0.9928469,0.0025325923,3.7325397e-05,3.000334e-10,3.8037368e-07,0.0045684087
/home/leo/Documentos/mestrado/DeepWeeds-Mobile/images/20180112-081137-2.jpg,8,8,8,8,1,0.89025193,0.014005441,0.0037752679,0.00061808695,0.07403229,0.01398458,9.936502e-08,2.9544245e-07,0.0033319718,0.89025193
/home/leo/Documentos/mestrado/DeepWeeds-Mobile/images/20170913-102751-2.jpg,3,3,3,3,1,0.98612714,8.61895e-06,1.0063244e-05,0.0005681614,0.98612714,0.0032269955,1.1606984e-05,5.4473696e-07,1.0233047e-06,0.010045884
/home/leo/Documentos/mestrado/DeepWeeds-Mobile/images/20171109-071411-1.jpg,5,5,5,5,1,0.81528026,4.178115e-06,4.7001824e-05,1.0022981e-10,3.5559136e-08,3.819796e-11,0.81528026,0.0015947561,9.112841e-06,0.1830646
/home/leo/Documentos/mestrado/DeepWeeds-Mobile/images/20180109-092557-2.jpg,8,8,8,8,1,0.9964722,0.00039598308,7.986908e-06,1.1962757e-05,8.863816e-06,3.79277e-06,0.0024539547,0.00046929874,0.00017593283,0.9964722
/home/leo/Documentos/mestrado/DeepWeeds-Mobile/images/20180112-072511-1.jpg,8,8,8,8,1,0.4439787,0.101251654,0.4193574,0.0026069211,0.008516097,0.008956056,1.871668e-05,0.00012989079,0.015184598,0.4439787
/home/leo/Documentos/mestrado/DeepWeeds-Mobile/images/20180112-094544-2.jpg,8,8,8,8,1,0.5486359,0.08674964,0.27858037,2.198407e-05,0.00043860823,8.287792e-06,0.00019364413,0.0035687275,0.08180278,0.5486359
/home/leo/Documentos/mestrado/DeepWeeds-Mobile/images/20171113-095542-3.jpg,5,5,5,5,1,0.9984114,1.9288332e-06,6.7596613e-07,1.3314306e-11,1.1193705e-09,1.3157683e-11,0.9984114,1.4594451e-06,5.2247265e-07,0.0015840315
/home/leo/Documentos/mestrado/DeepWeeds-Mobile/images/20180125-092128-2.jpg,8,8,8,8,1,0.99987876,1.8122972e-05,6.793707e-05,2.1781541e-07,2.216769e-06,1.0223783e-06,5.1722577e-06,9.41296e-07,2.547961e-05,0.99987876
/home/leo/Documentos/mestrado/DeepWeeds-Mobile/images/20170906-091615-1.jpg,3,3,3,3,1,0.99688464,1.3923902e-05,0.0012279524,4.3168528e-11,0.99688464,8.700032e-07,2.338549e-09,7.709099e-06,0.00031817603,0.0015467824
/home/leo/Documentos/mestrado/DeepWeeds-Mobile/images/20180109-105705-2.jpg,8,8,8,8,1,0.98319894,0.0062748957,3.8067556e-05,0.0002460536,0.0037840228,9.3948065e-06,0.0063052825,2.5213287e-05,0.0001181975,0.98319894
/home/leo/Documentos/mestrado/DeepWeeds-Mobile/images/20170315-090024-0.jpg,8,8,8,8,1,0.562872,0.3832689,0.05133563,1.4348818e-07,2.805927e-05,1.0808382e-06,0.0007552706,0.0007301266,0.0010088679,0.562872
/home/leo/Documentos/mestrado/DeepWeeds-Mobile/images/20170521-153455-0.jpg,1,1,1,1,1,0.6926082,0.014997784,0.6926082,1.9127877e-10,2.114419e-09,1.7517578e-10,9.1707406e-08,6.449977e-05,0.2920399,0.00028958032
/home/leo/Documentos/mestrado/DeepWeeds-Mobile/images/20180109-095111-1.jpg,8,8,8,8,1,0.9242814,0.010457641,0.0008513876,6.009127e-05,0.055372644,3.6419594e-06,0.0004606793,0.00011254999,0.008399861,0.9242814
/home/leo/Documentos/mestrado/DeepWeeds-Mobile/images/20170727-113134-3.jpg,4,4,4,4,1,0.9744153,0.00033573032,6.940499e-07,0.0047191083,3.7084155e-05,0.9744153,0.00607594,4.3692356e-07,0.0014944274,0.012921332
/home/leo/Documentos/mestrado/DeepWeeds-Mobile/images/20180109-075519-1.jpg,8,8,8,8,1,0.95607054,0.0005534945,0.020129493,0.00014995968,0.017755419,0.0029879683,9.234598e-07,0.0014240254,0.00092812604,0.95607054
/home/leo/Documentos/mestrado/DeepWeeds-Mobile/images/20171218-121510-3.jpg,8,8,8,8,1,0.8078314,2.3741013e-06,2.5032561e-05,5.0321948e-11,1.596709e-08,1.1218647e-11,0.19213772,1.6609564e-06,1.7353765e-06,0.8078314
/home/leo/Documentos/mestrado/DeepWeeds-Mobile/images/20180109-071243-2.jpg,8,8,8,8,1,0.98244125,1.0594782e-07,2.141926e-07,6.9929297e-07,6.4459643e-10,6.4393005e-11,8.88419e-06,0.017548759,2.3310252e-08,0.98244125
/home/leo/Documentos/mestrado/DeepWeeds-Mobile/images/20170714-114326-2.jpg,1,1,1,1,1,0.99988735,1.3220473e-07,0.99988735,8.926913e-13,2.8062792e-09,1.5849521e-11,5.1706663e-11,0.00010702312,4.802125e-07,5.034603e-06
/home/leo/Documentos/mestrado/DeepWeeds-Mobile/images/20180109-071108-2.jpg,8,8,8,8,1,0.9919844,4.2882866e-07,1.5012695e-06,1.0114224e-07,1.8031636e-09,1.1223674e-10,3.215846e-05,0.007980673,6.28871e-07,0.9919844
/home/leo/Documentos/mestrado/DeepWeeds-Mobile/images/20171113-133059-3.jpg,6,6,6,6,1,0.99618334,1.8830131e-05,9.8135295e-08,1.5626343e-08,7.0275405e-08,4.1448928e-08,4.0765815e-05,0.99618334,2.1840397e-05,0.003734943
/home/leo/Documentos/mestrado/DeepWeeds-Mobile/images/20171102-120219-3.jpg,2,2,2,2,1,0.9999515,2.702906e-06,3.9848835e-08,0.9999515,1.48268e-06,3.0305137e-06,3.036068e-06,1.8080195e-09,1.5587508e-08,3.8305832e-05
/home/leo/Documentos/mestrado/DeepWeeds-Mobile/images/20170920-162519-3.jpg,2,8,2,8,0,0.55804765,5.4021944e-05,5.3465027e-07,0.42015362,0.016244534,0.005400601,8.338891e-05,1.3501031e-05,2.1777155e-06,0.55804765
/home/leo/Documentos/mestrado/DeepWeeds-Mobile/images/20171113-131307-2.jpg,6,6,6,6,1,0.9994436,1.4809732e-06,8.954344e-08,3.9508043e-07,5.279754e-06,6.3763237e-06,1.7340803e-06,0.9994436,9.919656e-05,0.00044195759
/home/leo/Documentos/mestrado/DeepWeeds-Mobile/images/20170913-104038-2.jpg,3,3,3,3,1,0.81928235,1.0953367e-07,1.5131512e-09,3.619556e-07,0.81928235,0.00013603228,2.3912778e-06,7.9848556e-10,4.742021e-09,0.18057883
/home/leo/Documentos/mestrado/DeepWeeds-Mobile/images/20171025-075137-1.jpg,3,8,3,8,0,0.7666799,0.15234935,0.03546004,7.128533e-06,0.014562651,0.00034774817,0.00018822058,2.083234e-05,0.03038416,0.7666799
/home/leo/Documentos/mestrado/DeepWeeds-Mobile/images/20170304-124411-0.jpg,0,0,0,0,1,0.5296306,0.5296306,0.0004259207,3.646419e-08,1.6790146e-06,4.3705165e-07,0.00018892862,2.239725e-08,0.46470505,0.0050473157
/home/leo/Documentos/mestrado/DeepWeeds-Mobile/images/20170913-103303-3.jpg,5,5,5,5,1,0.9876901,2.5335794e-06,1.5101584e-07,0.008517136,0.0012317959,0.0016367108,0.9876901,1.573439e-05,1.1586708e-05,0.0008943649
/home/leo/Documentos/mestrado/DeepWeeds-Mobile/images/20170727-162343-1.jpg,4,4,4,4,1,0.9991423,1.9022953e-05,1.7682453e-09,6.7566594e-07,0.00031534611,0.9991423,3.052889e-09,1.5162664e-14,0.00028133296,0.00024126528
/home/leo/Documentos/mestrado/DeepWeeds-Mobile/images/20171220-082758-3.jpg,8,8,8,8,1,0.9997753,1.3397921e-05,1.1015917e-06,1.1939355e-13,5.1151443e-07,3.2765138e-10,3.846134e-05,4.1603815e-10,0.00017128956,0.9997753
/home/leo/Documentos/mestrado/DeepWeeds-Mobile/images/20180105-093204-3.jpg,8,6,8,6,0,0.57053816,1.09937755e-05,0.0056276135,6.0157527e-07,1.4031232e-07,2.3804134e-08,0.0018984921,0.57053816,2.0094656e-05,0.42190385
/home/leo/Documentos/mestrado/DeepWeeds-Mobile/images/20180125-095742-2.jpg,8,8,8,8,1,0.9999994,1.0780327e-07,2.0406382e-10,2.1545996e-10,3.2096886e-10,3.5901846e-07,1.2760049e-07,3.0589906e-08,2.706512e-10,0.9999994
/home/leo/Documentos/mestrado/DeepWeeds-Mobile/images/20170920-095716-2.jpg,4,8,4,8,0,0.7002046,0.00072346255,0.04641168,0.0046874043,0.109259196,0.11779493,5.801025e-07,0.01321511,0.0077030184,0.7002046
/home/leo/Documentos/mestrado/DeepWeeds-Mobile/images/20171102-115438-1.jpg,2,2,2,2,1,0.99999595,2.0241968e-08,2.0302908e-08,0.99999595,8.0111846e-08,2.2773085e-07,6.5815027e-07,6.477303e-09,1.2174305e-08,3.1370218e-06
/home/leo/Documentos/mestrado/DeepWeeds-Mobile/images/20171220-100814-1.jpg,8,8,8,8,1,0.9999975,4.932471e-07,3.1583018e-09,2.9840505e-16,7.7519223e-07,2.9023667e-11,3.9996974e-07,2.5734675e-12,8.6087266e-07,0.9999975
/home/leo/Documentos/mestrado/DeepWeeds-Mobile/images/20180105-093654-3.jpg,8,8,8,8,1,0.9931005,6.4918176e-08,9.153477e-09,5.510966e-07,7.649278e-07,2.0803486e-06,2.4864946e-07,0.006895545,7.156963e-09,0.9931005
/home/leo/Documentos/mestrado/DeepWeeds-Mobile/images/20170913-121836-1.jpg,5,5,5,5,1,0.9999207,3.477731e-05,2.5661866e-09,1.6910857e-07,4.1706808e-06,4.677781e-07,0.9999207,1.2862495e-08,5.9527265e-06,3.367654e-05
/home/leo/Documentos/mestrado/DeepWeeds-Mobile/images/20180105-101024-2.jpg,8,8,8,8,1,0.998495,3.9873605e-08,5.2823847e-08,0.00040065,9.796883e-09,1.3367097e-08,2.0189837e-06,0.0011020765,1.8547664e-07,0.998495
/home/leo/Documentos/mestrado/DeepWeeds-Mobile/images/20171113-144236-2.jpg,6,6,6,6,1,0.99985754,1.2999816e-07,5.776139e-05,6.7370404e-10,6.7303874e-10,2.904098e-11,1.1673347e-07,0.99985754,1.2521613e-06,8.3216626e-05
/home/leo/Documentos/mestrado/DeepWeeds-Mobile/images/20180125-095732-2.jpg,8,8,8,8,1,0.99956685,1.0546548e-06,7.8796745e-08,4.724145e-07,1.7040668e-08,0.00042691416,2.780782e-06,1.6841577e-06,6.927841e-08,0.99956685
/home/leo/Documentos/mestrado/DeepWeeds-Mobile/images/20180109-072110-1.jpg,8,8,8,8,1,0.820621,1.1590424e-06,1.2527572e-05,5.6605876e-10,0.00042554562,1.6131698e-09,2.0039906e-06,0.17893311,4.621598e-06,0.820621
/home/leo/Documentos/mestrado/DeepWeeds-Mobile/images/20170129-102537-0.jpg,8,8,8,8,1,0.8603389,0.0030296827,0.09365842,1.4675506e-07,0.020943142,5.856846e-06,0.00015072341,2.6883512e-05,0.02184625,0.8603389
/home/leo/Documentos/mestrado/DeepWeeds-Mobile/images/20170714-150422-1.jpg,1,1,1,1,1,0.9449953,4.0819214e-06,0.9449953,1.8542512e-09,3.0568492e-07,5.7422334e-09,3.3041656e-06,0.023854949,0.000105793675,0.031036217
/home/leo/Documentos/mestrado/DeepWeeds-Mobile/images/20180125-093109-2.jpg,8,8,8,8,1,0.99998283,5.864126e-07,5.434632e-06,1.7064796e-09,8.5651614e-08,6.044321e-09,9.877159e-06,2.9587014e-07,8.897906e-07,0.99998283
/home/leo/Documentos/mestrado/DeepWeeds-Mobile/images/20171113-132342-3.jpg,6,6,6,6,1,0.9998847,2.133642e-08,5.880745e-12,3.5681416e-10,6.773419e-13,1.6815937e-08,2.56759e-07,0.9998847,0.000114745955,2.4656953e-07
/home/leo/Documentos/mestrado/DeepWeeds-Mobile/images/20170920-184503-1.jpg,2,2,2,2,1,0.9997656,4.345608e-08,1.903518e-11,0.9997656,3.6512645e-06,9.0683876e-05,6.970427e-09,3.8932646e-10,1.3439182e-08,0.0001400194
/home/leo/Documentos/mestrado/DeepWeeds-Mobile/images/20180322-110945-2.jpg,8,8,8,8,1,0.8379692,0.0028836993,0.0012934108,0.08439533,0.07147642,0.0014408983,0.00021868123,2.494734e-05,0.00029736958,0.8379692
/home/leo/Documentos/mestrado/DeepWeeds-Mobile/images/20180105-093533-3.jpg,8,8,8,8,1,0.9417549,3.4523484e-07,2.2217084e-06,4.2012868e-08,1.7451815e-06,7.541132e-09,8.963472e-08,0.05824053,2.2346524e-07,0.9417549
/home/leo/Documentos/mestrado/DeepWeeds-Mobile/images/20171025-100236-2.jpg,3,3,3,3,1,0.8355539,0.00056730804,0.049764905,9.043257e-05,0.8355539,5.128242e-06,9.627236e-08,5.6694975e-05,0.0005537277,0.11340789
/home/leo/Documentos/mestrado/DeepWeeds-Mobile/images/20180125-134026-2.jpg,8,8,8,8,1,0.9969883,0.0003359144,0.00047315203,6.2201586e-09,0.00030789102,1.9341658e-05,6.0006414e-06,0.00011371302,0.0017556944,0.9969883
/home/leo/Documentos/mestrado/DeepWeeds-Mobile/images/20171220-095231-2.jpg,8,8,8,8,1,0.9999554,6.715066e-07,1.3360541e-06,2.2635684e-13,1.154952e-05,3.0204409e-12,2.7256143e-05,5.991418e-08,3.6217584e-06,0.9999554
/home/leo/Documentos/mestrado/DeepWeeds-Mobile/images/20170714-132657-1.jpg,1,1,1,1,1,0.9998791,5.156025e-05,0.9998791,3.406237e-11,2.2520091e-10,1.3643627e-11,1.6135041e-07,2.852239e-06,4.7244997e-05,1.909626e-05
/home/leo/Documentos/mestrado/DeepWeeds-Mobile/images/20180322-133840-1.jpg,8,2,8,2,0,0.56364197,7.9099606e-05,0.00018056919,0.56364197,0.029618653,0.0027632327,7.908259e-06,8.689074e-05,9.799677e-05,0.40352365
/home/leo/Documentos/mestrado/DeepWeeds-Mobile/images/20170811-162821-1.jpg,0,0,0,0,1,0.99994636,0.99994636,5.7398452e-08,5.2811325e-11,4.733566e-09,7.509694e-08,9.930504e-09,3.5144132e-10,2.8154052e-06,5.0649443e-05
/home/leo/Documentos/mestrado/DeepWeeds-Mobile/images/20180322-121232-2.jpg,8,8,8,8,1,0.99994946,7.0125425e-06,1.1252863e-07,2.5840112e-09,4.440893e-07,6.1894347e-09,3.743025e-05,3.0913927e-10,5.490415e-06,0.99994946
/home/leo/Documentos/mestrado/DeepWeeds-Mobile/images/20171219-100558-2.jpg,8,8,8,8,1,0.9922928,0.005328082,0.00074048294,1.1852058e-09,0.0013472671,3.0036972e-06,6.5601835e-06,4.0297155e-06,0.00027786655,0.9922928
/home/leo/Documentos/mestrado/DeepWeeds-Mobile/images/20180109-091145-2.jpg,8,8,8,8,1,0.9951365,0.0001026187,0.00063382316,1.7198774e-08,4.788353e-06,2.5564734e-08,0.0032463782,0.00019465512,0.0006811973,0.9951365
/home/leo/Documentos/mestrado/DeepWeeds-Mobile/images/20170718-102043-2.jpg,7,7,7,7,1,0.87320656,0.0073154806,0.0015867837,2.5316669e-05,0.0028013636,0.00010249664,4.726372e-05,4.6905036e-05,0.87320656,0.114867814
/home/leo/Documentos/mestrado/DeepWeeds-Mobile/images/20180119-110317-2.jpg,8,8,8,8,1,0.99786633,2.7579295e-05,2.6973355e-05,2.3284215e-07,0.0019513206,6.6469365e-05,9.866762e-07,1.3143582e-05,4.6942336e-05,0.99786633
/home/leo/Documentos/mestrado/DeepWeeds-Mobile/images/20180322-104606-1.jpg,8,0,8,0,0,0.49242958,0.49242958,0.009346378,5.3533735e-05,0.00015004918,9.285249e-05,0.0009471442,2.304825e-07,0.058068994,0.43891114
/home/leo/Documentos/mestrado/DeepWeeds-Mobile/images/20171212-093708-1.jpg,8,8,8,8,1,0.9990334,1.4044291e-06,0.0002531123,2.4500565e-10,7.621264e-05,1.4276424e-10,0.0004744985,0.0001240943,3.7204903e-05,0.9990334
/home/leo/Documentos/mestrado/DeepWeeds-Mobile/images/20180119-105118-2.jpg,8,8,8,8,1,0.999858,1.179307e-05,2.517996e-05,4.7166564e-09,2.505351e-05,1.2646066e-08,6.0863633e-05,1.5497262e-05,3.5385046e-06,0.999858
/home/leo/Documentos/mestrado/DeepWeeds-Mobile/images/20180105-100342-2.jpg,8,8,8,8,1,0.9999957,1.2212012e-10,1.9937473e-10,8.7910104e-07,8.935181e-11,6.3857014e-10,1.0438403e-09,3.3543622e-06,2.9292357e-10,0.9999957
/home/leo/Documentos/mestrado/DeepWeeds-Mobile/images/20171220-101924-1.jpg,8,8,8,8,1,0.99997234,4.5973394e-07,2.2136149e-08,3.0650717e-14,9.797405e-06,2.2372885e-11,1.7172679e-05,8.146134e-10,2.1379022e-07,0.99997234
/home/leo/Documentos/mestrado/DeepWeeds-Mobile/images/20180125-123155-2.jpg,8,8,8,8,1,0.99612314,0.00023561,0.001104305,9.253383e-05,0.00014616124,0.00010894834,2.8223576e-06,0.00038723537,0.0017993518,0.99612314
/home/leo/Documentos/mestrado/DeepWeeds-Mobile/images/20180322-124950-1.jpg,8,8,8,8,1,0.99997175,1.0003965e-05,4.368326e-06,3.8808066e-06,1.9828458e-10,8.519145e-06,1.4066669e-06,2.3668434e-08,8.1493226e-08,0.99997175
/home/leo/Documentos/mestrado/DeepWeeds-Mobile/images/20170913-125708-3.jpg,5,5,5,5,1,0.9953585,0.0007707016,4.336908e-06,4.6541303e-05,2.4009194e-05,0.003258649,0.9953585,6.1014066e-07,0.00029047014,0.00024613188
/home/leo/Documentos/mestrado/DeepWeeds-Mobile/images/20170920-164431-3.jpg,2,4,2,4,0,0.5179425,0.061799306,3.2178473e-06,0.004135301,0.075158544,0.5179425,0.0005927192,1.4328089e-07,0.01647239,0.3238959
/home/leo/Documentos/mestrado/DeepWeeds-Mobile/images/20180105-102455-1.jpg,8,8,8,8,1,0.99923337,3.7142783e-07,1.100415e-08,0.0005515315,5.7947338e-05,1.8021146e-05,1.9722293e-08,0.00013759127,1.2418224e-06,0.99923337
/home/leo/Documentos/mestrado/DeepWeeds-Mobile/images/20180109-094749-1.jpg,8,8,8,8,1,0.9931625,0.00021149228,0.00018086874,0.00040747467,0.005683301,2.5876643e-06,3.709105e-06,0.00023803333,0.00011004813,0.9931625
/home/leo/Documentos/mestrado/DeepWeeds-Mobile/images/20180119-115546-1.jpg,8,8,8,8,1,0.4167356,0.060631603,0.06520288,0.0039113886,0.1123256,0.003964091,0.006419358,0.031350937,0.2994586,0.4167356
/home/leo/Documentos/mestrado/DeepWeeds-Mobile/images/20171218-102923-2.jpg,8,8,8,8,1,0.47270885,0.4083749,0.004465922,0.0069839186,0.003882842,0.0015094236,0.00093358057,3.336886e-05,0.10110718,0.47270885
/home/leo/Documentos/mestrado/DeepWeeds-Mobile/images/20170207-155207-0.jpg,0,7,0,7,0,0.690664,0.3052751,0.0020997804,6.696841e-08,2.3499754e-07,2.1295673e-07,0.0010698686,5.258607e-08,0.690664,0.0008906263
/home/leo/Documentos/mestrado/DeepWeeds-Mobile/images/20170127-102426-0.jpg,1,1,1,1,1,0.8287802,0.0053691636,0.8287802,3.4200696e-08,0.00040554244,4.5871047e-07,0.00085934275,0.00021937725,0.012348063,0.1520179
/home/leo/Documentos/mestrado/DeepWeeds-Mobile/images/20170704-152155-0.jpg,7,8,7,8,0,0.9378088,0.016821956,0.020781418,9.405534e-08,0.0038332297,2.3757197e-05,0.00011014095,4.0687923e-05,0.020579835,0.9378088
/home/leo/Documentos/mestrado/DeepWeeds-Mobile/images/20180322-104913-1.jpg,8,8,8,8,1,0.9730675,0.010249945,0.00017790782,4.945017e-05,0.00074711407,0.00016762232,0.0025459137,8.510056e-08,0.012994436,0.9730675
/home/leo/Documentos/mestrado/DeepWeeds-Mobile/images/20180322-125956-1.jpg,8,8,8,8,1,0.99873775,0.00019780459,1.3397069e-05,0.0008503798,0.00010039804,6.423263e-05,2.4191868e-05,4.4932347e-07,1.1389946e-05,0.99873775
/home/leo/Documentos/mestrado/DeepWeeds-Mobile/images/20180112-094652-2.jpg,8,8,8,8,1,0.9831827,0.007879577,0.0042790063,0.00021570125,0.0007871209,6.969545e-06,5.9704907e-05,0.00028690268,0.0033025008,0.9831827
/home/leo/Documentos/mestrado/DeepWeeds-Mobile/images/20180119-105930-1.jpg,8,8,8,8,1,0.9741276,0.00080433616,0.01926928,3.054362e-08,4.7333833e-06,6.6134426e-08,0.00043017056,0.0040437137,0.0013201417,0.9741276
/home/leo/Documentos/mestrado/DeepWeeds-Mobile/images/20171218-121336-2.jpg,8,8,8,8,1,0.99998844,8.19202e-08,2.4664647e-08,4.031143e-16,1.100485e-07,6.189447e-14,9.01749e-06,2.1779711e-09,2.24912e-06,0.99998844
/home/leo/Documentos/mestrado/DeepWeeds-Mobile/images/20170920-102030-1.jpg,2,2,2,2,1,0.9998628,2.9638556e-07,7.794282e-08,0.9998628,7.3620066e-07,5.680588e-06,1.0186412e-06,2.791871e-05,5.0849124e-08,0.00010144437
/home/leo/Documentos/mestrado/DeepWeeds-Mobile/images/20180112-071800-1.jpg,8,8,8,8,1,0.9335905,0.0011172842,0.00028193629,0.010156398,0.017480332,0.036593918,9.3421994e-07,2.2196305e-06,0.0007765954,0.9335905
/home/leo/Documentos/mestrado/DeepWeeds-Mobile/images/20180105-094850-3.jpg,8,8,8,8,1,0.99957544,8.999086e-08,2.2279345e-09,1.2314094e-05,6.17844e-07,1.076003e-06,1.198783e-09,0.0004103947,4.5910525e-08,0.99957544
/home/leo/Documentos/mestrado/DeepWeeds-Mobile/images/20171212-094357-1.jpg,8,8,8,8,1,0.99984324,2.9079658e-06,6.339337e-05,3.98655e-12,2.930993e-05,8.3353274e-10,2.8036171e-05,2.1449573e-07,3.2857726e-05,0.99984324
/home/leo/Documentos/mestrado/DeepWeeds-Mobile/images/20180125-132608-3.jpg,8,8,8,8,1,0.9672773,0.00017073727,0.0042756163,5.5582725e-05,1.1142606e-06,5.3347685e-06,0.026740195,0.0014506385,2.3401592e-05,0.9672773
/home/leo/Documentos/mestrado/DeepWeeds-Mobile/images/20170501-143226-0.jpg,1,1,1,1,1,0.98423195,0.009590932,0.98423195,3.2214103e-11,5.9463257e-09,1.9771818e-09,3.1626993e-07,3.2579515e-05,0.0058628563,0.0002813536
/home/leo/Documentos/mestrado/DeepWeeds-Mobile/images/20170728-153651-3.jpg,8,4,8,4,0,0.92745996,0.0010255834,1.0395813e-05,0.00026081176,0.0018605129,0.92745996,6.379346e-08,2.333866e-09,0.024719018,0.04466365
/home/leo/Documentos/mestrado/DeepWeeds-Mobile/images/20170210-144941-0.jpg,7,0,7,0,0,0.92719495,0.92719495,5.0353e-07,1.0001988e-08,3.5061292e-09,1.1191444e-08,0.00015100536,3.3946243e-08,0.070546344,0.0021071243
/home/leo/Documentos/mestrado/DeepWeeds-Mobile/images/20171203-174225-3.jpg,8,8,8,8,1,0.994978,1.821067e-05,0.0043751276,2.3205518e-08,5.9723498e-06,3.0721667e-09,0.0003974146,3.3369724e-05,0.0001917636,0.994978
/home/leo/Documentos/mestrado/DeepWeeds-Mobile/images/20171212-100154-3.jpg,8,8,8,8,1,0.9999722,4.3337684e-07,1.4485613e-06,1.7129941e-12,2.03084e-05,9.0459595e-09,4.975122e-06,3.1209293e-08,5.425033e-07,0.9999722
/home/leo/Documentos/mestrado/DeepWeeds-Mobile/images/20170217-112200-0.jpg,0,0,0,0,1,0.9999796,0.9999796,1.2961445e-08,2.639517e-13,5.872792e-13,1.6680622e-14,7.652614e-09,2.022397e-11,1.427753e-05,6.0267785e-06
/home/leo/Documentos/mestrado/DeepWeeds-Mobile/images/20180109-101309-1.jpg,8,8,8,8,1,0.9263808,0.003445398,0.041734025,1.1976664e-05,0.007041631,3.74915e-05,0.00058967003,0.011564404,0.0091946535,0.9263808
/home/leo/Documentos/mestrado/DeepWeeds-Mobile/images/20170217-145329-0.jpg,7,7,7,7,1,0.9999205,6.1140876e-05,3.909716e-08,3.5353133e-13,1.6880099e-12,1.0425023e-13,1.9393308e-07,1.594891e-07,0.9999205,1.7984385e-05
/home/leo/Documentos/mestrado/DeepWeeds-Mobile/images/20170913-105750-2.jpg,3,3,3,3,1,0.9473638,3.1784969e-06,5.8148952e-08,0.014034824,0.9473638,0.0010424897,7.084485e-07,4.565293e-09,3.3516514e-07,0.037554532
/home/leo/Documentos/mestrado/DeepWeeds-Mobile/images/20180109-080101-2.jpg,7,6,7,6,0,0.96645653,0.0010781791,2.152994e-06,0.00014088233,2.7564765e-05,0.00025191467,0.00011440781,0.96645653,0.002718333,0.029210022
/home/leo/Documentos/mestrado/DeepWeeds-Mobile/images/20180322-114731-1.jpg,8,8,8,8,1,0.8283435,0.019596018,0.013203374,0.0001681131,1.7839695e-07,3.4956287e-07,0.1325622,0.0008413587,0.0052849264,0.8283435
/home/leo/Documentos/mestrado/DeepWeeds-Mobile/images/20180109-070835-2.jpg,8,8,8,8,1,0.99948955,5.237903e-06,6.704964e-07,7.2712317e-07,6.06133e-09,9.861352e-10,8.2951897e-07,0.000499948,3.0687947e-06,0.99948955
/home/leo/Documentos/mestrado/DeepWeeds-Mobile/images/20171212-094409-1.jpg,8,8,8,8,1,0.99993396,2.747172e-06,4.9910036e-06,1.841318e-12,7.2359325e-07,4.1527248e-10,2.412952e-05,2.439904e-08,3.341915e-05,0.99993396
/home/leo/Documentos/mestrado/DeepWeeds-Mobile/images/20171205-133727-2.jpg,8,8,8,8,1,0.99985707,8.173239e-06,2.944317e-06,6.1000933e-11,2.1861295e-05,2.5789785e-08,0.00010327327,1.0609113e-07,6.476988e-06,0.99985707
/home/leo/Documentos/mestrado/DeepWeeds-Mobile/images/20180125-125955-2.jpg,8,8,8,8,1,0.9997934,1.5715545e-05,7.3873207e-07,2.8330296e-08,1.191454e-07,1.490467e-07,0.00015395001,1.19300485e-05,2.3951621e-05,0.9997934
/home/leo/Documentos/mestrado/DeepWeeds-Mobile/images/20170705-161916-0.jpg,7,0,7,0,0,0.6839089,0.6839089,0.003911461,3.1454462e-08,1.5111876e-06,1.7697574e-06,0.00010176974,5.556063e-07,0.28211313,0.02996092
/home/leo/Documentos/mestrado/DeepWeeds-Mobile/images/20171113-120832-1.jpg,6,6,6,6,1,0.96944124,3.000227e-06,1.1175029e-05,3.7971983e-08,3.275738e-08,3.433486e-07,0.0002698872,0.96944124,6.988138e-05,0.030204454
/home/leo/Documentos/mestrado/DeepWeeds-Mobile/images/20170304-132637-0.jpg,7,0,7,0,0,0.47549832,0.47549832,0.020073367,1.0622434e-09,7.840119e-07,5.7088717e-10,0.00018213062,4.592285e-06,0.1111868,0.39305404
/home/leo/Documentos/mestrado/DeepWeeds-Mobile/images/20170714-110918-3.jpg,1,1,1,1,1,0.999223,0.00019624583,0.999223,2.8491579e-10,5.424456e-10,4.9131854e-10,3.4896298e-06,0.00026749593,0.00017920129,0.00013062099
/home/leo/Documentos/mestrado/DeepWeeds-Mobile/images/20171203-170121-3.jpg,8,8,8,8,1,0.9974323,8.92948e-05,0.00032332152,2.0380615e-09,0.00041306906,1.4028154e-09,0.001544356,3.7805235e-06,0.0001938963,0.9974323
/home/leo/Documentos/mestrado/DeepWeeds-Mobile/images/20171220-090906-2.jpg,8,8,8,8,1,0.66579396,6.937688e-05,0.001277755,2.0388993e-10,1.2310265e-07,1.2697175e-10,0.3328546,4.3051884e-08,4.0908494e-06,0.66579396
/home/leo/Documentos/mestrado/DeepWeeds-Mobile/images/20170217-104514-0.jpg,0,0,0,0,1,0.92291313,0.92291313,6.42734e-05,7.1444513e-12,8.858916e-11,9.367123e-12,6.4118353e-06,1.2379579e-07,0.0704706,0.0065454543
/home/leo/Documentos/mestrado/DeepWeeds-Mobile/images/20171109-092315-3.jpg,5,5,5,5,1,0.99996805,3.9951232e-07,1.8660198e-09,4.2226107e-14,1.498106e-12,6.6983304e-14,0.99996805,2.519225e-10,1.87877e-08,3.1502317e-05
/home/leo/Documentos/mestrado/DeepWeeds-Mobile/images/20171108-124937-3.jpg,5,5,5,5,1,0.99999976,1.8465559e-07,1.3711153e-14,4.8998163e-17,5.080261e-14,1.9081992e-15,0.99999976,8.166978e-12,1.1536744e-11,1.0001946e-07
/home/leo/Documentos/mestrado/DeepWeeds-Mobile/images/20171122-103613-1.jpg,5,5,5,5,1,0.99999,3.8024258e-08,7.5839596e-10,3.8189588e-13,1.3773055e-11,5.9751385e-14,0.99999,3.9955763e-09,8.844184e-10,9.923048e-06
/home/leo/Documentos/mestrado/DeepWeeds-Mobile/images/20170315-090602-0.jpg,8,8,8,8,1,0.94465303,0.003850209,0.0057312357,5.154033e-06,5.3210433e-06,8.7429373e-07,0.045612022,9.675722e-07,0.00014119197,0.94465303
/home/leo/Documentos/mestrado/DeepWeeds-Mobile/images/20170304-131546-0.jpg,7,7,7,7,1,0.99994326,5.4279033e-05,1.8229179e-06,9.424588e-13,4.179287e-10,3.6709815e-12,1.3910407e-07,1.124488e-10,0.99994326,5.4951437e-07
/home/leo/Documentos/mestrado/DeepWeeds-Mobile/images/20171109-070321-1.jpg,5,8,5,8,0,0.92178816,0.0004946374,9.27523e-06,5.473322e-09,1.0401438e-06,5.6988276e-09,0.07671084,8.730307e-06,0.0009873317,0.92178816
/home/leo/Documentos/mestrado/DeepWeeds-Mobile/images/20171025-100416-2.jpg,3,3,3,3,1,0.9983517,4.679985e-06,5.6661236e-05,1.0722195e-08,0.9983517,1.8517459e-06,9.003034e-11,5.4705024e-06,4.056595e-06,0.0015755859
/home/leo/Documentos/mestrado/DeepWeeds-Mobile/images/20170920-155806-3.jpg,2,2,2,2,1,0.69736713,0.0005422739,1.7583393e-06,0.69736713,0.015082629,0.26368856,0.0011325523,9.367981e-08,0.00061409024,0.021570835
/home/leo/Documentos/mestrado/DeepWeeds-Mobile/images/20170913-104356-3.jpg,5,5,5,5,1,0.95445985,8.270387e-06,1.17540795e-08,8.612971e-05,0.007036014,3.1856373e-06,0.95445985,2.0968707e-06,7.088304e-07,0.038403694
/home/leo/Documentos/mestrado/DeepWeeds-Mobile/images/20171220-100247-1.jpg,8,8,8,8,1,0.9985487,0.00010598833,2.8093516e-05,8.770661e-12,3.329179e-07,6.387937e-11,0.00010084757,2.0977775e-07,0.0012158398,0.9985487
/home/leo/Documentos/mestrado/DeepWeeds-Mobile/images/20180109-095531-2.jpg,8,8,8,8,1,0.97622967,0.0035203975,0.001449614,6.8039066e-05,0.008393975,0.00027178254,0.00016323311,9.6029335e-06,0.00989377,0.97622967
/home/leo/Documentos/mestrado/DeepWeeds-Mobile/images/20170715-164836-1.jpg,1,1,1,1,1,0.99996996,4.707796e-07,0.99996996,4.0320205e-13,2.6534132e-13,1.103671e-13,2.5670413e-10,2.6396787e-05,2.8125708e-06,3.3162547e-07
/home/leo/Documentos/mestrado/DeepWeeds-Mobile/images/20180109-103054-1.jpg,8,8,8,8,1,0.6751414,0.0034831606,0.09358349,2.6244252e-05,0.084281474,0.00049703335,5.355328e-05,0.0711201,0.071813546,0.6751414
/home/leo/Documentos/mestrado/DeepWeeds-Mobile/images/20171205-123507-2.jpg,8,8,8,8,1,0.8333782,2.4036817e-05,7.746125e-06,2.892858e-11,2.3187337e-07,2.9651245e-10,0.16657855,2.7945458e-07,1.0958555e-05,0.8333782
/home/leo/Documentos/mestrado/DeepWeeds-Mobile/images/20180105-092154-2.jpg,8,8,8,8,1,0.99048775,6.700906e-07,4.4788763e-08,2.7948963e-09,1.3950993e-06,5.1184696e-09,0.008359871,0.0011486653,1.6204084e-06,0.99048775
/home/leo/Documentos/mestrado/DeepWeeds-Mobile/images/20180125-093946-2.jpg,8,8,8,8,1,0.99944633,2.271425e-07,2.432036e-07,1.8969584e-05,0.0005293422,4.5603697e-06,2.692619e-07,2.8635705e-09,6.590547e-08,0.99944633
/home/leo/Documentos/mestrado/DeepWeeds-Mobile/images/20180109-103937-2.jpg,8,8,8,8,1,0.97335666,0.016386483,1.726924e-05,0.00022556062,0.0066947183,3.6180225e-07,0.0027908022,7.834428e-05,0.00044982106,0.97335666
/home/leo/Documentos/mestrado/DeepWeeds-Mobile/images/20170913-100044-1.jpg,3,3,3,3,1,0.9963431,9.342145e-07,7.8282234e-08,1.4490034e-05,0.9963431,0.0010062457,0.0005085484,8.028421e-10,5.747112e-08,0.0021266113
/home/leo/Documentos/mestrado/DeepWeeds-Mobile/images/20171113-122323-0.jpg,6,6,6,6,1,0.9999951,5.657083e-09,2.7552323e-06,4.611952e-11,1.1594412e-12,3.01401e-13,6.228832e-10,0.9999951,7.1299624e-09,2.0938826e-06
/home/leo/Documentos/mestrado/DeepWeeds-Mobile/images/20170711-121408-0.jpg,0,5,0,5,0,0.68403995,0.0010901012,1.6266991e-06,9.028403e-11,0.01992799,1.1761113e-07,0.68403995,5.8134177e-08,4.2733373e-06,0.29493582
/home/leo/Documentos/mestrado/DeepWeeds-Mobile/images/20170913-123102-1.jpg,5,5,5,5,1,0.9998218,5.80134e-06,1.1441751e-07,1.8277861e-06,6.130508e-05,5.9469403e-06,0.9998218,5.9589812e-08,1.9866891e-05,8.33048e-05
/home/leo/Documentos/mestrado/DeepWeeds-Mobile/images/20180112-094541-1.jpg,8,8,8,8,1,0.966882,0.00034674312,0.0027995978,8.143453e-05,0.0005827447,6.423701e-05,1.6490081e-05,0.028197236,0.001029667,0.966882
/home/leo/Documentos/mestrado/DeepWeeds-Mobile/images/20170217-115029-0.jpg,0,0,0,0,1,0.98524946,0.98524946,0.013420667,8.226433e-12,5.9652387e-12,3.2763318e-13,7.5883556e-11,9.135541e-09,0.00014861321,0.0011811858
/home/leo/Documentos/mestrado/DeepWeeds-Mobile/images/20171109-194934-1.jpg,5,5,5,5,1,0.98408085,4.488745e-05,6.3188813e-06,3.0745348e-10,1.5647572e-07,2.764872e-10,0.98408085,7.9352986e-07,2.5683792e-05,0.01584131
/home/leo/Documentos/mestrado/DeepWeeds-Mobile/images/20170207-141852-0.jpg,7,7,7,7,1,0.99287885,0.006485299,3.0685813e-05,4.3844654e-11,6.0649943e-09,2.2197152e-11,1.6245113e-07,1.7869242e-08,0.99287885,0.00060494355
/home/leo/Documentos/mestrado/DeepWeeds-Mobile/images/20170728-124050-3.jpg,4,4,4,4,1,0.9467894,0.019090947,4.422478e-06,0.0018481842,0.005545766,0.9467894,8.046798e-05,1.9768795e-08,0.000333766,0.02630703
/home/leo/Documentos/mestrado/DeepWeeds-Mobile/images/20171218-120217-2.jpg,8,8,8,8,1,0.9999746,5.3992386e-07,1.1706851e-06,6.8787546e-15,5.546176e-07,5.281229e-12,9.516042e-07,1.1143414e-09,2.2153954e-05,0.9999746
/home/leo/Documentos/mestrado/DeepWeeds-Mobile/images/20171102-120721-3.jpg,2,2,2,2,1,0.99998355,6.489889e-08,7.265781e-08,0.99998355,1.2095362e-09,2.0899549e-09,5.3304603e-08,1.5860072e-09,4.6275592e-10,1.6220492e-05
/home/leo/Documentos/mestrado/DeepWeeds-Mobile/images/20171220-083759-2.jpg,8,8,8,8,1,0.98293775,0.016559398,5.5101868e-08,1.3049653e-12,6.1538468e-09,2.1982474e-09,8.1424456e-05,2.6863392e-10,0.00042127696,0.98293775
/home/leo/Documentos/mestrado/DeepWeeds-Mobile/images/20171217-184132-2.jpg,8,8,8,8,1,0.8143317,0.04684475,0.08017847,3.1881406e-09,0.0045588254,1.127717e-05,0.033542015,4.6464134e-05,0.020486563,0.8143317
/home/leo/Documentos/mestrado/DeepWeeds-Mobile/images/20180119-113258-1.jpg,8,8,8,8,1,0.89433545,6.0371895e-05,0.0001353432,3.675269e-07,1.9332608e-06,2.7914373e-08,0.0055119824,0.0999274,2.7181375e-05,0.89433545
/home/leo/Documentos/mestrado/DeepWeeds-Mobile/images/20180119-104505-1.jpg,8,8,8,8,1,0.8834096,0.00017104775,0.0055289026,3.6789414e-05,7.099542e-06,1.8501929e-05,1.6599517e-05,0.11077116,4.0243285e-05,0.8834096
/home/leo/Documentos/mestrado/DeepWeeds-Mobile/images/20180105-101617-2.jpg,8,8,8,8,1,0.7279993,4.880392e-05,5.0524436e-06,7.753208e-05,1.8554538e-05,4.3507957e-06,0.0001916832,0.27130985,0.00034492151,0.7279993
/home/leo/Documentos/mestrado/DeepWeeds-Mobile/images/20171220-101409-2.jpg,8,8,8,8,1,0.99092275,0.0062079853,4.920169e-06,8.259845e-09,6.120173e-06,1.7226231e-08,0.00037643674,2.9501396e-07,0.0024815311,0.99092275
/home/leo/Documentos/mestrado/DeepWeeds-Mobile/images/20170920-130713-2.jpg,2,2,2,2,1,0.97698885,7.3024758e-06,2.719123e-09,0.97698885,0.00037264492,0.0062374957,5.099973e-06,3.463653e-06,3.400901e-07,0.016384795
/home/leo/Documentos/mestrado/DeepWeeds-Mobile/images/20180125-094216-2.jpg,8,8,8,8,1,0.9373045,7.957754e-06,7.0519377e-07,0.00040847444,0.0041996352,0.058078367,1.5214422e-07,1.1435552e-07,4.466131e-08,0.9373045
/home/leo/Documentos/mestrado/DeepWeeds-Mobile/images/20180125-092712-2.jpg,8,8,8,8,1,0.9998927,3.2765897e-06,3.364748e-05,6.733786e-09,3.4666614e-06,1.5192786e-07,4.0693652e-05,3.9823078e-07,2.5753285e-05,0.9998927
/home/leo/Documentos/mestrado/DeepWeeds-Mobile/images/20171121-074016-1.jpg,6,6,6,6,1,0.99837554,3.953087e-09,6.6337384e-09,2.8550786e-09,1.00465324e-10,8.637054e-09,8.8467225e-08,0.99837554,4.7436464e-07,0.0016238587
/home/leo/Documentos/mestrado/DeepWeeds-Mobile/images/20171102-115030-2.jpg,2,2,2,2,1,0.99306655,5.2765205e-05,0.00011269477,0.99306655,0.001497178,0.0040701474,1.9543078e-05,3.1314912e-06,8.2923253e-07,0.0011772494
/home/leo/Documentos/mestrado/DeepWeeds-Mobile/images/20171121-074015-1.jpg,6,6,6,6,1,0.9982951,6.6085155e-09,8.183091e-09,1.5489898e-09,9.001459e-11,5.133531e-09,8.310105e-08,0.9982951,7.720717e-07,0.0017040794
/home/leo/Documentos/mestrado/DeepWeeds-Mobile/images/20171109-070737-3.jpg,5,5,5,5,1,0.9036087,2.1374763e-06,4.073743e-06,1.4189987e-09,5.3117795e-08,8.644436e-10,0.9036087,3.954484e-05,3.262798e-06,0.09634222
/home/leo/Documentos/mestrado/DeepWeeds-Mobile/images/20180322-114132-2.jpg,8,8,8,8,1,0.9999944,1.4047889e-07,3.7286586e-06,1.4279483e-09,4.405698e-08,1.263794e-06,4.664905e-08,3.0685928e-07,2.3722648e-09,0.9999944
/home/leo/Documentos/mestrado/DeepWeeds-Mobile/images/20180112-100842-1.jpg,8,8,8,8,1,0.9222223,0.004684362,0.0042107087,0.00039238893,2.975274e-05,1.7954013e-06,0.016032347,0.012342203,0.0400842,0.9222223
/home/leo/Documentos/mestrado/DeepWeeds-Mobile/images/20170130-102111-0.jpg,1,1,1,1,1,0.8219806,0.16966695,0.8219806,2.6215761e-05,7.8661345e-05,0.00024139567,0.00016202289,0.00015800241,0.0046602,0.0030258936
/home/leo/Documentos/mestrado/DeepWeeds-Mobile/images/20170727-150018-3.jpg,4,4,4,4,1,0.99751425,2.0015857e-05,1.1667143e-09,2.0067444e-05,0.00028739162,0.99751425,1.7697579e-08,7.7205495e-13,6.023938e-06,0.0021521354
/home/leo/Documentos/mestrado/DeepWeeds-Mobile/images/20171218-112823-3.jpg,8,8,8,8,1,0.9994469,1.110355e-06,0.0005265379,9.2279523e-10,1.2655614e-05,8.2677744e-08,7.477879e-08,1.2050486e-05,6.183481e-07,0.9994469
/home/leo/Documentos/mestrado/DeepWeeds-Mobile/images/20170913-124640-1.jpg,5,5,5,5,1,0.9541044,6.767461e-06,1.47919215e-08,2.5667814e-05,0.007328482,4.4645185e-07,0.9541044,7.503903e-06,1.8923261e-07,0.03852649
/home/leo/Documentos/mestrado/DeepWeeds-Mobile/images/20170811-113014-2.jpg,0,0,0,0,1,0.9432699,0.9432699,0.00015633288,4.626077e-05,1.4086071e-05,8.2994215e-05,8.763846e-05,3.1788417e-08,0.0029672158,0.053375393
/home/leo/Documentos/mestrado/DeepWeeds-Mobile/images/20171212-105430-3.jpg,8,0,8,0,0,0.8075006,0.8075006,0.012784211,4.4854353e-08,3.4396784e-05,2.583271e-05,1.4601231e-05,1.7522436e-06,0.08784722,0.09179132
/home/leo/Documentos/mestrado/DeepWeeds-Mobile/images/20180105-092814-2.jpg,8,8,8,8,1,0.994573,7.3436253e-09,3.5750642e-07,6.5166582e-06,2.9587233e-09,2.2711045e-08,3.5651223e-07,0.005419565,1.2874074e-07,0.994573
/home/leo/Documentos/mestrado/DeepWeeds-Mobile/images/20171025-080846-1.jpg,3,3,3,3,1,0.97950107,0.00017452137,0.0024157134,1.0095047e-05,0.97950107,8.098536e-06,1.876749e-08,1.585489e-05,1.9071338e-05,0.01785557
/home/leo/Documentos/mestrado/DeepWeeds-Mobile/images/20180109-075750-2.jpg,8,8,8,8,1,0.9174516,0.00030550206,4.392212e-06,0.07639807,0.000258662,0.0019962706,8.931757e-07,0.0035617726,2.2853863e-05,0.9174516
/home/leo/Documentos/mestrado/DeepWeeds-Mobile/images/20171109-091628-2.jpg,5,5,5,5,1,0.9998771,6.419426e-07,2.4902604e-07,2.2147482e-11,2.9050395e-12,3.2981034e-14,0.9998771,1.398453e-07,9.474e-08,0.00012172965
/home/leo/Documentos/mestrado/DeepWeeds-Mobile/images/20170913-130528-2.jpg,5,5,5,5,1,0.999617,6.716107e-06,2.774196e-08,4.4681437e-06,7.4301897e-06,0.00035764897,0.999617,1.9992667e-10,3.1145407e-06,3.7146044e-06
/home/leo/Documentos/mestrado/DeepWeeds-Mobile/images/20180322-133508-1.jpg,8,8,8,8,1,0.98886245,0.0038146228,8.225122e-05,1.3537754e-06,2.3119386e-05,0.00014228217,2.2091272e-06,1.691948e-08,0.007071699,0.98886245
/home/leo/Documentos/mestrado/DeepWeeds-Mobile/images/20170727-151306-3.jpg,4,4,4,4,1,0.985955,0.00014367327,1.4923051e-08,0.00037129383,0.0061114654,0.985955,3.1615461e-06,1.123009e-10,2.6575492e-05,0.007388822
/home/leo/Documentos/mestrado/DeepWeeds-Mobile/images/20170727-162650-1.jpg,4,4,4,4,1,0.99970454,4.513302e-05,1.3766984e-09,1.79505e-07,2.0715906e-05,0.99970454,1.2441782e-08,2.1301843e-15,5.13392e-05,0.0001779082
/home/leo/Documentos/mestrado/DeepWeeds-Mobile/images/20171025-081404-1.jpg,3,3,3,3,1,0.5190416,0.025348796,0.0003791402,0.00052464096,0.5190416,0.0001470579,1.4367624e-06,6.7133133e-06,0.0030708073,0.4514798
/home/leo/Documentos/mestrado/DeepWeeds-Mobile/images/20170210-145719-0.jpg,0,0,0,0,1,0.99913406,0.99913406,0.00015596618,1.08691535e-10,5.7125936e-12,3.939591e-10,1.1021463e-05,4.6295984e-08,0.0003162066,0.00038268167
/home/leo/Documentos/mestrado/DeepWeeds-Mobile/images/20170920-093909-1.jpg,2,8,2,8,0,0.96554434,1.8783358e-05,0.00014966712,0.025245614,1.6439386e-05,1.8471439e-05,9.876344e-06,0.008992875,3.9501247e-06,0.96554434
/home/leo/Documentos/mestrado/DeepWeeds-Mobile/images/20171025-075546-1.jpg,3,8,3,8,0,0.76733154,0.0056610103,0.18140708,4.204908e-06,0.029128145,0.0053542606,1.7418539e-07,0.001244555,0.009868964,0.76733154
/home/leo/Documentos/mestrado/DeepWeeds-Mobile/images/20170913-115431-2.jpg,5,5,5,5,1,0.62118006,0.3415955,0.0043637543,1.0526451e-05,4.4793833e-05,2.5774403e-05,0.62118006,9.146842e-07,0.008130652,0.0246481
/home/leo/Documentos/mestrado/DeepWeeds-Mobile/images/20170630-154236-0.jpg,7,7,7,7,1,0.84919125,0.040410586,0.06860479,1.5014495e-05,1.6873715e-05,2.0470237e-08,0.00023414785,0.000749469,0.84919125,0.040777773
/home/leo/Documentos/mestrado/DeepWeeds-Mobile/images/20170727-125535-1.jpg,4,4,4,4,1,0.9746129,2.019798e-05,2.9440592e-09,0.022776427,0.00073550764,0.9746129,1.3522075e-08,9.470796e-11,7.644704e-05,0.0017786007
/home/leo/Documentos/mestrado/DeepWeeds-Mobile/images/20171220-082855-3.jpg,8,8,8,8,1,0.9641173,0.00035103402,0.02386576,5.317849e-11,2.5709003e-08,3.4067617e-11,0.010207599,0.000889016,0.0005693616,0.9641173
/home/leo/Documentos/mestrado/DeepWeeds-Mobile/images/20171205-133754-2.jpg,8,7,8,7,0,0.46803802,0.07137823,0.017686477,3.937396e-06,0.060528196,0.00025090188,0.00089141604,0.00012492956,0.46803802,0.38109788
/home/leo/Documentos/mestrado/DeepWeeds-Mobile/images/20170906-095536-1.jpg,3,3,3,3,1,0.9003832,4.680057e-07,7.871768e-06,1.0153666e-10,0.9003832,1.2509834e-08,2.593286e-07,5.7353864e-06,1.9888992e-05,0.09958261
/home/leo/Documentos/mestrado/DeepWeeds-Mobile/images/20171121-073257-1.jpg,6,6,6,6,1,0.96321285,0.0002868342,0.02426561,4.9957255e-10,1.4956877e-08,2.7761313e-10,0.00023074297,0.96321285,0.0022174967,0.009786416
/home/leo/Documentos/mestrado/DeepWeeds-Mobile/images/20170706-112750-0.jpg,7,0,7,0,0,0.771191,0.771191,0.00022936263,6.653447e-05,0.0004320277,0.002014913,2.326685e-05,3.6516685e-09,0.091792665,0.1342502
/home/leo/Documentos/mestrado/DeepWeeds-Mobile/images/20180112-075044-2.jpg,8,8,8,8,1,0.95408076,0.026984435,0.0019337159,0.0006686062,0.00040025127,0.0003731976,8.304384e-06,9.85495e-06,0.015540993,0.95408076
/home/leo/Documentos/mestrado/DeepWeeds-Mobile/images/20180112-074411-1.jpg,8,8,8,8,1,0.7214451,0.19535702,0.027949383,0.0036783733,0.027427651,0.0020960937,5.7663663e-05,8.6440654e-05,0.021902356,0.7214451
/home/leo/Documentos/mestrado/DeepWeeds-Mobile/images/20171113-150022-3.jpg,6,8,6,8,0,0.95460624,9.398878e-07,2.3635314e-06,4.145461e-06,2.6506078e-07,1.8991111e-06,7.680668e-06,0.04533977,3.6726524e-05,0.95460624
/home/leo/Documentos/mestrado/DeepWeeds-Mobile/images/20171219-101145-2.jpg,8,8,8,8,1,0.9688898,0.0061900485,0.00083248323,0.015096473,0.0034632958,0.005294824,7.9528545e-05,0.000114040464,3.9594153e-05,0.9688898
/home/leo/Documentos/mestrado/DeepWeeds-Mobile/images/20170405-155617-0.jpg,0,0,0,0,1,0.7542293,0.7542293,6.765146e-06,1.3395972e-09,2.0181196e-06,5.6116247e-11,0.0041551744,3.5552998e-09,0.22299217,0.018614616
/home/leo/Documentos/mestrado/DeepWeeds-Mobile/images/20180125-100328-2.jpg,8,8,8,8,1,0.99988544,1.6871188e-10,1.0160591e-12,2.56063e-09,0.00011445346,5.67976e-09,3.4556646e-08,4.2243892e-10,3.2811323e-11,0.99988544
/home/leo/Documentos/mestrado/DeepWeeds-Mobile/images/20171219-113222-3.jpg,8,8,8,8,1,0.5068915,0.07018298,0.0024418249,0.0027236382,0.061288737,0.010313202,0.027694082,0.26823923,0.050224915,0.5068915
/home/leo/Documentos/mestrado/DeepWeeds-Mobile/images/20180109-072137-1.jpg,8,8,8,8,1,0.9725189,0.0003587405,6.72254e-05,0.00022410456,0.023646435,0.002249069,3.0674723e-06,0.0006529933,0.00027939884,0.9725189
/home/leo/Documentos/mestrado/DeepWeeds-Mobile/images/20171025-074804-2.jpg,3,3,3,3,1,0.99874854,6.8848863e-06,0.00056676054,1.5570182e-08,0.99874854,2.7681976e-05,1.2207762e-07,2.5544316e-06,0.00016331374,0.0004841449
/home/leo/Documentos/mestrado/DeepWeeds-Mobile/images/20180109-075623-2.jpg,8,8,8,8,1,0.87393343,0.07588778,0.0092069,0.0006355763,0.023578685,0.0070726653,0.0001696615,0.003454348,0.006060899,0.87393343
/home/leo/Documentos/mestrado/DeepWeeds-Mobile/images/20171113-124442-3.jpg,6,6,6,6,1,0.9871302,0.00021971524,8.601124e-06,4.6836587e-05,0.00013090613,6.7393344e-06,1.0380894e-05,0.9871302,0.00016048609,0.012286042
/home/leo/Documentos/mestrado/DeepWeeds-Mobile/images/20180109-101445-2.jpg,8,8,8,8,1,0.9297745,0.00010709704,0.00020179832,2.1067679e-06,6.0013634e-05,3.900241e-07,0.06758182,0.0022367563,3.555802e-05,0.9297745
/home/leo/Documentos/mestrado/DeepWeeds-Mobile/images/20180119-110435-1.jpg,8,8,8,8,1,0.698201,0.00028090176,0.28150558,1.3500691e-07,4.6732115e-05,1.7690299e-08,0.00911625,0.00798008,0.002869298,0.698201
/home/leo/Documentos/mestrado/DeepWeeds-Mobile/images/20171109-074508-3.jpg,5,5,5,5,1,0.9892014,6.527197e-06,8.890445e-09,3.8857424e-12,1.6083675e-10,1.934055e-09,0.9892014,3.424602e-07,2.7094259e-06,0.010789034
/home/leo/Documentos/mestrado/DeepWeeds-Mobile/images/20170715-131418-1.jpg,1,1,1,1,1,0.99994314,1.530344e-06,0.99994314,4.5851715e-15,3.9100945e-12,1.5453741e-13,1.7177064e-10,4.9654624e-05,4.5706975e-06,1.1997794e-06
/home/leo/Documentos/mestrado/DeepWeeds-Mobile/images/20171102-123036-3.jpg,2,2,2,2,1,0.99998057,1.8212576e-07,1.0252315e-09,0.99998057,5.241834e-07,5.568665e-07,1.2722516e-09,1.2368745e-10,6.345208e-11,1.8201517e-05
/home/leo/Documentos/mestrado/DeepWeeds-Mobile/images/20171219-100149-2.jpg,8,8,8,8,1,0.81566495,0.008376014,2.3390014e-05,5.716193e-06,0.17485937,5.4728043e-05,0.00096818316,1.1661967e-05,3.596465e-05,0.81566495
/home/leo/Documentos/mestrado/DeepWeeds-Mobile/images/20171109-091644-3.jpg,5,5,5,5,1,0.99983585,1.1352486e-08,1.300002e-10,3.9057676e-13,1.3978838e-10,1.4519329e-12,0.99983585,8.220862e-09,8.352071e-10,0.0001641255
/home/leo/Documentos/mestrado/DeepWeeds-Mobile/images/20170405-155646-0.jpg,0,7,0,7,0,0.42670295,0.4028101,0.016107382,7.267021e-09,1.606653e-05,2.086486e-08,3.031332e-06,1.3755143e-06,0.42670295,0.154359
/home/leo/Documentos/mestrado/DeepWeeds-Mobile/images/20171219-114357-2.jpg,8,3,8,3,0,0.5479487,4.813559e-05,6.9171583e-06,1.1430969e-05,0.5479487,3.7904344e-06,4.379763e-06,0.000720967,6.027269e-05,0.45119542
/home/leo/Documentos/mestrado/DeepWeeds-Mobile/images/20180322-105116-1.jpg,8,8,8,8,1,0.99357927,0.00017560953,9.569123e-06,0.0001677507,2.7418155e-05,0.0009666634,0.005029472,2.91886e-08,4.4206645e-05,0.99357927
/home/leo/Documentos/mestrado/DeepWeeds-Mobile/images/20170811-133548-1.jpg,0,0,0,0,1,0.99995995,0.99995995,7.941429e-09,1.6958069e-14,1.3883401e-13,2.17969e-11,2.8648233e-07,8.111922e-10,2.8262056e-07,3.9441475e-05
/home/leo/Documentos/mestrado/DeepWeeds-Mobile/images/20170728-123735-2.jpg,4,4,4,4,1,0.9331897,0.00044100327,1.3626947e-05,0.0031920348,0.043186385,0.9331897,2.4892424e-05,3.834142e-06,0.0019075876,0.018041035
/home/leo/Documentos/mestrado/DeepWeeds-Mobile/images/20180109-094947-2.jpg,8,8,8,8,1,0.9970234,0.0017941089,0.0005479548,5.71427e-06,5.266183e-05,2.4857619e-07,3.092091e-07,1.2590064e-06,0.0005743571,0.9970234
/home/leo/Documentos/mestrado/DeepWeeds-Mobile/images/20180105-093118-2.jpg,8,8,8,8,1,0.88349235,1.3481853e-06,2.0859984e-06,2.8667764e-06,3.6513647e-08,4.906282e-09,0.002688834,0.11381071,1.7867314e-06,0.88349235
/home/leo/Documentos/mestrado/DeepWeeds-Mobile/images/20170906-114333-2.jpg,3,3,3,3,1,0.75585055,1.1226965e-06,6.932003e-08,6.8963916e-13,0.75585055,2.9362276e-10,3.1507855e-06,3.5561072e-08,1.7089071e-07,0.24414481
/home/leo/Documentos/mestrado/DeepWeeds-Mobile/images/20171113-143404-2.jpg,6,6,6,6,1,0.9987639,5.9536166e-07,0.0012268982,3.5728283e-13,4.6854475e-11,1.7436512e-12,6.326456e-07,0.9987639,4.065281e-06,3.9349143e-06
/home/leo/Documentos/mestrado/DeepWeeds-Mobile/images/20171113-100556-3.jpg,5,5,5,5,1,0.99962723,0.0002532741,8.1928766e-07,1.5686936e-09,1.1054815e-09,1.3178753e-08,0.99962723,1.1877337e-05,3.7945674e-06,0.00010295898
/home/leo/Documentos/mestrado/DeepWeeds-Mobile/images/20180125-131649-3.jpg,8,8,8,8,1,0.9117488,0.00640805,0.022748828,0.0015620779,6.361791e-05,0.0001005078,0.003087442,0.05003377,0.004246881,0.9117488
/home/leo/Documentos/mestrado/DeepWeeds-Mobile/images/20171220-093020-3.jpg,8,8,8,8,1,0.9996183,1.2729624e-06,1.7132202e-09,9.860688e-13,6.3405336e-05,5.7944676e-09,0.00030905643,6.6763055e-06,1.2417986e-06,0.9996183
/home/leo/Documentos/mestrado/DeepWeeds-Mobile/images/20180322-103032-2.jpg,8,8,8,8,1,0.9761721,0.0013756881,3.2783653e-05,0.00014216852,0.017183732,0.004810905,1.7253251e-05,2.1189359e-07,0.0002650574,0.9761721
/home/leo/Documentos/mestrado/DeepWeeds-Mobile/images/20180105-093417-2.jpg,8,8,8,8,1,0.9852093,9.1130765e-05,2.8187604e-05,0.004026112,3.5566503e-05,0.00012792046,1.5102031e-05,0.010404326,6.228029e-05,0.9852093
/home/leo/Documentos/mestrado/DeepWeeds-Mobile/images/20170630-155757-0.jpg,7,7,7,7,1,0.8819796,0.09225317,0.021449247,3.6863956e-10,1.4011536e-07,9.726466e-10,1.9272335e-05,5.0353414e-05,0.8819796,0.0042482964
/home/leo/Documentos/mestrado/DeepWeeds-Mobile/images/20170714-144408-2.jpg,1,1,1,1,1,0.91532815,0.009420706,0.91532815,9.2053355e-08,0.00032831263,3.524987e-06,4.588608e-05,0.00038382906,0.0018054588,0.07268403
/home/leo/Documentos/mestrado/DeepWeeds-Mobile/images/20171113-130008-2.jpg,6,8,6,8,0,0.67114604,5.167707e-06,1.1029268e-05,0.3132308,2.171681e-05,8.410369e-05,1.631734e-05,0.013771599,0.001713185,0.67114604
/home/leo/Documentos/mestrado/DeepWeeds-Mobile/images/20180105-100302-3.jpg,8,8,8,8,1,0.99600106,1.00034595e-05,1.4420375e-07,0.0020402272,0.0015636424,0.0003463697,2.8851698e-08,1.22794145e-05,2.6310556e-05,0.99600106
/home/leo/Documentos/mestrado/DeepWeeds-Mobile/images/20170630-152017-0.jpg,7,7,7,7,1,0.9206367,0.010121823,0.01231871,8.742261e-05,1.3945912e-05,4.132658e-06,0.0016991893,0.00028854262,0.9206367,0.05482952
/home/leo/Documentos/mestrado/DeepWeeds-Mobile/images/20170729-085730-2.jpg,4,4,4,4,1,0.9948908,2.3795359e-05,6.882349e-07,0.0030085635,0.0008375659,0.9948908,3.9346055e-08,7.830635e-11,3.840797e-06,0.0012347082
/home/leo/Documentos/mestrado/DeepWeeds-Mobile/images/20170210-131153-0.jpg,7,7,7,7,1,0.99960816,0.0003866345,2.4321362e-06,1.1143579e-13,8.014766e-13,3.6613944e-13,2.4749394e-09,1.4148017e-08,0.99960816,2.7932592e-06
/home/leo/Documentos/mestrado/DeepWeeds-Mobile/images/20170630-154652-0.jpg,7,7,7,7,1,0.67472565,0.28693417,0.003206857,2.8481953e-10,6.540441e-08,1.376581e-09,0.0011317861,3.2774482e-05,0.67472565,0.03396862
/home/leo/Documentos/mestrado/DeepWeeds-Mobile/images/20180109-074146-1.jpg,8,8,8,8,1,0.9963689,2.2249893e-05,6.9586474e-07,2.0386713e-05,2.7167242e-05,7.7207085e-05,3.810738e-05,0.003375298,7.003494e-05,0.9963689
/home/leo/Documentos/mestrado/DeepWeeds-Mobile/images/20171218-103142-3.jpg,8,8,8,8,1,0.99381584,0.0015067038,1.6165417e-05,0.0025034088,0.0002875465,0.00024082164,8.330017e-06,0.0006306137,0.0009903908,0.99381584
/home/leo/Documentos/mestrado/DeepWeeds-Mobile/images/20171113-115831-1.jpg,6,6,6,6,1,0.99869114,5.111062e-06,0.0012902244,8.678584e-12,1.0324535e-10,5.4291584e-12,7.9970283e-07,0.99869114,2.049947e-06,1.0754946e-05
/home/leo/Documentos/mestrado/DeepWeeds-Mobile/images/20171102-123554-3.jpg,2,2,2,2,1,0.9995947,3.513982e-06,5.2040946e-07,0.9995947,5.0661456e-06,1.7233873e-05,2.6349662e-07,8.030623e-08,8.8354255e-07,0.00037756012
/home/leo/Documentos/mestrado/DeepWeeds-Mobile/images/20180109-092502-1.jpg,8,8,8,8,1,0.96429646,2.3412253e-05,0.019223064,1.4074076e-06,2.7160772e-06,8.891294e-07,7.20771e-06,0.016381098,6.363703e-05,0.96429646
/home/leo/Documentos/mestrado/DeepWeeds-Mobile/images/20170129-102202-0.jpg,8,8,8,8,1,0.99977744,8.041466e-06,0.00014921863,1.3946797e-08,7.714437e-07,1.8668721e-11,6.4281216e-05,3.1572895e-08,2.5988112e-07,0.99977744
/home/leo/Documentos/mestrado/DeepWeeds-Mobile/images/20170610-123827-0.jpg,1,0,1,0,0,0.7466627,0.7466627,0.033390637,8.14396e-10,0.00017741634,3.2942191e-06,0.00042811543,1.1068795e-05,0.17154655,0.0477803
/home/leo/Documentos/mestrado/DeepWeeds-Mobile/images/20171219-100626-3.jpg,8,8,8,8,1,0.99941254,1.126955e-05,4.4406428e-05,8.212815e-11,2.453338e-07,5.40565e-11,0.0004930548,3.2623993e-05,5.861243e-06,0.99941254
/home/leo/Documentos/mestrado/DeepWeeds-Mobile/images/20170727-143957-1.jpg,4,4,4,4,1,0.89607245,0.007999081,6.4886503e-06,0.023419391,0.00023724236,0.89607245,0.06911492,3.8343287e-06,0.00056842214,0.002578236
/home/leo/Documentos/mestrado/DeepWeeds-Mobile/images/20170714-170028-1.jpg,1,8,1,8,0,0.87135154,0.0014674917,0.09669798,0.00021649736,0.009927482,0.0010847212,3.1359676e-05,0.018484117,0.00073869334,0.87135154
/home/leo/Documentos/mestrado/DeepWeeds-Mobile/images/20171218-110452-2.jpg,8,8,8,8,1,0.96273804,2.748746e-06,1.8963735e-06,3.1287906e-13,1.6756661e-06,8.134251e-12,0.037255574,3.1662474e-08,1.17912286e-07,0.96273804
/home/leo/Documentos/mestrado/DeepWeeds-Mobile/images/20170913-155520-3.jpg,3,5,3,5,0,0.8116385,7.07574e-05,7.448679e-09,7.0629126e-06,0.16122234,0.0054666074,0.8116385,7.9961254e-10,0.0001482206,0.021446565
/home/leo/Documentos/mestrado/DeepWeeds-Mobile/images/20180112-104311-2.jpg,8,8,8,8,1,0.66243505,0.31459352,1.6787279e-05,0.008582743,0.0012468568,0.0024694512,0.00024674123,1.4235349e-05,0.010394542,0.66243505
/home/leo/Documentos/mestrado/DeepWeeds-Mobile/images/20180322-114954-1.jpg,8,8,8,8,1,0.99849904,5.356581e-05,0.0012933243,2.9714198e-07,1.4732107e-08,4.860601e-08,9.302504e-06,2.49696e-08,0.00014439395,0.99849904
/home/leo/Documentos/mestrado/DeepWeeds-Mobile/images/20171220-084624-2.jpg,8,8,8,8,1,0.99619067,1.2277712e-05,0.00012237085,2.001585e-11,2.7402712e-07,1.0827309e-12,0.0036656735,4.6879505e-09,8.780027e-06,0.99619067
/home/leo/Documentos/mestrado/DeepWeeds-Mobile/images/20170728-151426-1.jpg,4,4,4,4,1,0.964361,1.535362e-05,2.838048e-09,0.004548963,0.00010639013,0.964361,2.4646583e-08,6.236195e-10,2.78928e-07,0.030967936
/home/leo/Documentos/mestrado/DeepWeeds-Mobile/images/20170207-142840-0.jpg,7,7,7,7,1,0.995207,0.0047906362,9.068964e-09,2.9589718e-13,8.3371623e-13,4.6928797e-13,6.5963025e-07,3.4468785e-11,0.995207,1.5786388e-06
/home/leo/Documentos/mestrado/DeepWeeds-Mobile/images/20171220-095355-1.jpg,8,8,8,8,1,0.99999833,2.2101845e-07,1.3521137e-10,1.1458599e-17,1.1350719e-11,7.69027e-14,1.3760024e-06,9.821818e-13,4.056173e-08,0.99999833
/home/leo/Documentos/mestrado/DeepWeeds-Mobile/images/20180109-091220-1.jpg,8,8,8,8,1,0.89809734,0.000925217,3.2677348e-05,8.1250334e-08,8.5592404e-07,9.349158e-09,0.10051357,0.00031397204,0.00011633674,0.89809734
/home/leo/Documentos/mestrado/DeepWeeds-Mobile/images/20170920-134228-2.jpg,2,2,2,2,1,0.7045454,1.6566735e-05,4.872051e-08,0.7045454,0.023156494,0.009193465,6.674602e-06,1.1180504e-06,1.529923e-06,0.2630788
/home/leo/Documentos/mestrado/DeepWeeds-Mobile/images/20170210-130453-0.jpg,7,7,7,7,1,0.99834156,0.0016582258,3.1810403e-09,3.006869e-13,3.1521472e-12,2.7864476e-13,7.6910434e-10,3.6300911e-09,0.99834156,2.5500555e-07
/home/leo/Documentos/mestrado/DeepWeeds-Mobile/images/20170217-150428-0.jpg,0,7,0,7,0,0.68856394,0.2860573,1.3221661e-05,1.0848781e-11,1.7534564e-08,9.0382084e-11,0.0020574783,2.4966484e-06,0.68856394,0.023305554
/home/leo/Documentos/mestrado/DeepWeeds-Mobile/images/20180109-102823-2.jpg,8,8,8,8,1,0.9429026,0.0006115392,0.009231524,0.00380719,0.0029963595,0.002479565,0.00026386994,0.03752538,0.00018191551,0.9429026
/home/leo/Documentos/mestrado/DeepWeeds-Mobile/images/20180109-071419-2.jpg,8,8,8,8,1,0.977489,5.0885126e-07,1.7802788e-07,1.3350041e-06,4.249313e-09,3.2701813e-10,0.0009277376,0.021580331,1.027553e-06,0.977489
/home/leo/Documentos/mestrado/DeepWeeds-Mobile/images/20170706-111609-0.jpg,7,8,7,8,0,0.70156115,0.05750552,0.00048223752,0.00046821102,0.0028013245,0.0038921165,0.00038378141,2.2188606e-05,0.23288348,0.70156115
/home/leo/Documentos/mestrado/DeepWeeds-Mobile/images/20180125-095658-2.jpg,8,8,8,8,1,0.99983466,1.5343606e-09,4.57689e-11,1.0167957e-06,0.00016396589,4.9728957e-08,1.6613114e-07,2.2568317e-07,5.4867e-10,0.99983466
/home/leo/Documentos/mestrado/DeepWeeds-Mobile/images/20170728-152745-1.jpg,8,4,8,4,0,0.8560693,0.014624384,3.925704e-05,0.0050053275,0.009378077,0.8560693,9.813693e-05,1.1164772e-09,0.006433857,0.108351596
/home/leo/Documentos/mestrado/DeepWeeds-Mobile/images/20170128-103649-0.jpg,8,1,8,1,0,0.9028574,0.011416283,0.9028574,6.5843444e-05,0.001158953,0.00094323076,0.00087400386,0.0003855543,0.007932872,0.074365735
/home/leo/Documentos/mestrado/DeepWeeds-Mobile/images/20171113-093918-3.jpg,5,5,5,5,1,0.99310476,0.00036993183,5.206685e-07,3.9280254e-10,4.963177e-07,1.3995485e-08,0.99310476,0.00038267666,3.428695e-05,0.0061072875
/home/leo/Documentos/mestrado/DeepWeeds-Mobile/images/20171219-100748-2.jpg,8,8,8,8,1,0.99998426,9.228527e-07,2.704227e-06,1.998576e-09,7.225115e-06,4.095139e-08,2.7141173e-06,3.7174964e-08,2.1706603e-06,0.99998426
/home/leo/Documentos/mestrado/DeepWeeds-Mobile/images/20180109-085716-1.jpg,8,8,8,8,1,0.56857926,0.00058090035,0.42776024,4.837965e-09,2.0395273e-05,1.7660436e-07,4.949632e-06,0.001216106,0.0018379735,0.56857926
/home/leo/Documentos/mestrado/DeepWeeds-Mobile/images/20170610-123110-0.jpg,1,1,1,1,1,0.99965525,6.4529966e-05,0.99965525,6.5658585e-09,1.5288661e-08,2.3373198e-08,1.8919758e-07,0.00023247399,2.1154394e-05,2.6259015e-05
/home/leo/Documentos/mestrado/DeepWeeds-Mobile/images/20171102-103606-1.jpg,2,2,2,2,1,0.99999774,2.4424516e-09,2.7400637e-09,0.99999774,3.0154044e-07,7.828162e-07,9.224004e-11,7.910371e-10,8.4136385e-11,1.144639e-06
/home/leo/Documentos/mestrado/DeepWeeds-Mobile/images/20171109-090520-3.jpg,5,5,5,5,1,0.99996495,1.5086574e-07,3.4070122e-10,8.1368994e-13,9.275998e-10,5.2703003e-12,0.99996495,1.820491e-09,3.4037484e-08,3.4904515e-05
/home/leo/Documentos/mestrado/DeepWeeds-Mobile/images/20170704-151121-0.jpg,7,1,7,1,0,0.69248635,0.0059885844,0.69248635,6.4811156e-06,6.4541987e-06,6.4961745e-07,5.3770877e-06,0.030127618,0.22790697,0.04347145
/home/leo/Documentos/mestrado/DeepWeeds-Mobile/images/20180112-072117-2.jpg,8,1,8,1,0,0.3597521,0.25257558,0.3597521,2.6297892e-05,4.744083e-05,7.3210875e-05,0.0032552711,9.191599e-06,0.28570786,0.09855304
/home/leo/Documentos/mestrado/DeepWeeds-Mobile/images/20180109-092447-2.jpg,8,8,8,8,1,0.9904637,0.0052162437,0.0009195661,5.8825797e-05,4.6819076e-07,6.7232154e-06,0.0024557004,0.0005936392,0.00028521012,0.9904637
/home/leo/Documentos/mestrado/DeepWeeds-Mobile/images/20171219-094023-3.jpg,8,8,8,8,1,0.9706236,0.00048055788,0.013795277,1.0677977e-08,0.0001107971,9.304115e-07,0.0026977237,0.010549109,0.0017419873,0.9706236
/home/leo/Documentos/mestrado/DeepWeeds-Mobile/images/20180125-132133-3.jpg,8,8,8,8,1,0.95697945,0.00032393573,0.039567728,0.0005118137,0.000284369,0.001209123,7.270685e-05,0.0006257541,0.00042505105,0.95697945
/home/leo/Documentos/mestrado/DeepWeeds-Mobile/images/20180322-102714-2.jpg,8,8,8,8,1,0.99278754,0.00058861845,0.0003382291,0.00128334,0.00010028122,0.0048755575,1.4043117e-05,2.0590737e-06,1.029423e-05,0.99278754
/home/leo/Documentos/mestrado/DeepWeeds-Mobile/images/20171121-073501-1.jpg,6,1,6,1,0,0.484115,9.14636e-05,0.484115,1.437953e-08,3.678538e-08,6.3089924e-09,1.1692645e-05,0.3174221,0.000608274,0.19775139
/home/leo/Documentos/mestrado/DeepWeeds-Mobile/images/20170920-184010-1.jpg,2,2,2,2,1,0.5679512,0.00023813904,1.3086772e-06,0.5679512,0.38393527,0.043405585,1.6438293e-07,3.1430576e-09,8.017794e-05,0.0043881605
/home/leo/Documentos/mestrado/DeepWeeds-Mobile/images/20170715-161925-1.jpg,1,6,1,6,0,0.66867584,0.002582297,0.30237988,1.9207429e-08,1.0218238e-05,1.2897257e-07,0.00042695188,0.66867584,0.0094675375,0.016457113
/home/leo/Documentos/mestrado/DeepWeeds-Mobile/images/20180112-081801-1.jpg,8,8,8,8,1,0.67093706,0.10956231,0.008296036,2.4740506e-05,0.0030768395,2.3173343e-05,4.555104e-07,3.2989544e-08,0.20807935,0.67093706
/home/leo/Documentos/mestrado/DeepWeeds-Mobile/images/20171220-091649-3.jpg,8,8,8,8,1,0.9454436,0.0057576005,2.7153595e-07,2.820011e-06,0.03517254,0.005810929,0.0074235112,2.1629891e-07,0.00038864082,0.9454436
/home/leo/Documentos/mestrado/DeepWeeds-Mobile/images/20170906-092947-1.jpg,3,3,3,3,1,0.8985405,0.00037205426,1.3943455e-05,1.5872611e-06,0.8985405,0.002501876,6.988975e-07,1.525743e-07,0.0085187955,0.09005029
/home/leo/Documentos/mestrado/DeepWeeds-Mobile/images/20171219-092910-2.jpg,8,8,8,8,1,0.9996158,3.1880274e-05,3.1208216e-05,1.3802134e-11,0.00018295458,7.5105175e-09,3.746157e-05,2.821725e-08,0.000100658086,0.9996158
/home/leo/Documentos/mestrado/DeepWeeds-Mobile/images/20170704-150829-0.jpg,7,0,7,0,0,0.81724554,0.81724554,0.008152134,7.577197e-08,7.334843e-05,5.1246735e-07,0.006151131,2.6676593e-05,0.0389698,0.1293807
/home/leo/Documentos/mestrado/DeepWeeds-Mobile/images/20171218-104702-3.jpg,8,8,8,8,1,0.9692198,1.2203585e-06,4.380889e-09,3.1778887e-15,9.302023e-11,1.3756986e-11,0.030778864,6.06597e-10,8.9728694e-08,0.9692198
/home/leo/Documentos/mestrado/DeepWeeds-Mobile/images/20170920-114706-2.jpg,2,2,2,2,1,0.9981129,2.0440186e-07,2.5812583e-09,0.9981129,1.030227e-05,2.5919104e-05,1.6686359e-07,1.916675e-08,1.716882e-07,0.001850402
/home/leo/Documentos/mestrado/DeepWeeds-Mobile/images/20170811-112833-2.jpg,0,0,0,0,1,0.92612875,0.92612875,0.0048526945,1.2523554e-06,6.2151453e-06,4.9620403e-06,3.3839777e-05,7.498895e-07,0.025228312,0.04374323
/home/leo/Documentos/mestrado/DeepWeeds-Mobile/images/20170729-153638-3.jpg,4,4,4,4,1,0.995823,1.3519883e-06,1.0049625e-08,5.5121077e-06,0.0026778947,0.995823,6.7049723e-07,5.2238162e-14,3.437978e-07,0.0014911747
/home/leo/Documentos/mestrado/DeepWeeds-Mobile/images/20180109-105459-2.jpg,8,8,8,8,1,0.95324105,0.0035242685,1.3075134e-05,0.011741335,0.030518971,4.0659916e-06,0.0005829538,9.99931e-06,0.00036418717,0.95324105
/home/leo/Documentos/mestrado/DeepWeeds-Mobile/images/20170811-131509-2.jpg,0,0,0,0,1,0.8986463,0.8986463,3.1438456e-06,4.5949062e-09,1.7940882e-05,9.163279e-06,0.011308675,1.30862015e-08,0.028279118,0.061735522
/home/leo/Documentos/mestrado/DeepWeeds-Mobile/images/20170714-170434-1.jpg,1,1,1,1,1,0.9972421,9.408588e-06,0.9972421,9.4545025e-14,1.04694395e-08,3.3905587e-12,1.4845071e-07,0.002488899,0.0002138605,4.5559762e-05
/home/leo/Documentos/mestrado/DeepWeeds-Mobile/images/20171025-091416-1.jpg,3,3,3,3,1,0.88178486,0.0047190394,0.021138253,0.0004827968,0.88178486,0.00013145183,0.00030495718,0.0079639945,0.020460969,0.06301366
/home/leo/Documentos/mestrado/DeepWeeds-Mobile/images/20180125-100400-1.jpg,8,8,8,8,1,0.99667335,4.4177805e-06,5.9577906e-05,1.9054314e-06,0.00022947512,4.282309e-08,1.7512783e-05,0.0030135685,1.5873984e-07,0.99667335
/home/leo/Documentos/mestrado/DeepWeeds-Mobile/images/20170217-095426-0.jpg,7,7,7,7,1,0.9601003,0.0084253345,0.031145317,2.2347148e-12,6.583999e-11,1.5426459e-11,8.9930874e-10,1.8261632e-06,0.9601003,0.0003271972
/home/leo/Documentos/mestrado/DeepWeeds-Mobile/images/20170728-115920-2.jpg,4,4,4,4,1,0.9943007,8.911034e-05,2.0793122e-08,0.0028846709,0.00030487438,0.9943007,4.100739e-05,3.598742e-09,0.00010929601,0.0022703467
/home/leo/Documentos/mestrado/DeepWeeds-Mobile/images/20171113-121536-1.jpg,6,6,6,6,1,0.5530649,0.3993381,0.02495674,1.6313701e-06,2.2288924e-09,5.2810714e-07,5.4837215e-05,0.5530649,0.00057981786,0.02200347
/home/leo/Documentos/mestrado/DeepWeeds-Mobile/images/20180109-105210-1.jpg,8,8,8,8,1,0.9503972,0.0023339624,0.02272157,0.0057175676,0.01665158,2.8079006e-05,0.00056996313,0.0007324163,0.0008475642,0.9503972
/home/leo/Documentos/mestrado/DeepWeeds-Mobile/images/20180112-082221-1.jpg,8,3,8,3,0,0.8237796,0.0011761185,0.0024504361,1.6765385e-06,0.8237796,0.00056228763,4.119188e-08,6.573012e-07,0.0039253593,0.16810383
/home/leo/Documentos/mestrado/DeepWeeds-Mobile/images/20170727-143554-1.jpg,4,4,4,4,1,0.9573005,0.00047534806,3.901617e-06,0.009667672,0.000100102974,0.9573005,6.683521e-06,7.219194e-05,0.00016481635,0.03220883
/home/leo/Documentos/mestrado/DeepWeeds-Mobile/images/20180322-112908-2.jpg,8,8,8,8,1,0.98624015,0.013748088,7.2174234e-06,8.265039e-13,5.3501125e-08,2.3189796e-07,1.9152e-07,6.932506e-08,3.9283173e-06,0.98624015
/home/leo/Documentos/mestrado/DeepWeeds-Mobile/images/20171203-172940-3.jpg,8,8,8,8,1,0.98770344,1.810969e-05,0.0048923506,1.988067e-07,8.400319e-07,4.09824e-10,0.0059747593,0.0012075724,0.00020265757,0.98770344
/home/leo/Documentos/mestrado/DeepWeeds-Mobile/images/20170906-135839-1.jpg,3,8,3,8,0,0.5781788,0.02762591,0.00026762928,0.11850977,0.08831801,0.17357129,1.8213079e-05,1.8672686e-06,0.013508538,0.5781788
/home/leo/Documentos/mestrado/DeepWeeds-Mobile/images/20171220-085211-3.jpg,8,8,8,8,1,0.60624164,0.0011990145,0.24398336,1.9231216e-08,2.7734725e-07,8.5927093e-10,4.7697984e-07,2.7348808e-05,0.14854792,0.60624164
/home/leo/Documentos/mestrado/DeepWeeds-Mobile/images/20180112-080611-2.jpg,8,8,8,8,1,0.9270463,0.028564546,0.0055433377,0.0060028466,0.009110649,0.021741712,1.7524244e-06,1.1050932e-05,0.0019779785,0.9270463
/home/leo/Documentos/mestrado/DeepWeeds-Mobile/images/20170630-155611-0.jpg,7,7,7,7,1,0.98936385,0.008768111,0.0014693335,6.1097863e-12,2.485063e-09,5.993147e-11,1.2796512e-07,6.8180857e-06,0.98936385,0.00039184766
/home/leo/Documentos/mestrado/DeepWeeds-Mobile/images/20180109-070000-1.jpg,8,8,8,8,1,0.9853785,1.2019154e-05,4.0396062e-05,3.454434e-07,2.8425661e-06,4.3238197e-07,1.0503352e-06,0.013055227,0.001509207,0.9853785
/home/leo/Documentos/mestrado/DeepWeeds-Mobile/images/20171220-101346-1.jpg,8,8,8,8,1,0.9996612,5.023077e-06,5.974246e-06,3.6730584e-14,1.2584229e-07,1.6235329e-11,0.00032498426,1.1121739e-07,2.569386e-06,0.9996612
/home/leo/Documentos/mestrado/DeepWeeds-Mobile/images/20171113-150406-3.jpg,6,6,6,6,1,0.9087709,0.00048550928,2.5653123e-06,5.057639e-08,1.4380582e-07,2.0677874e-08,0.0050884723,0.9087709,0.079206556,0.0064457725
/home/leo/Documentos/mestrado/DeepWeeds-Mobile/images/20171109-071849-1.jpg,5,5,5,5,1,0.99770796,2.4151048e-05,8.055057e-07,1.5387196e-10,1.4866701e-09,7.014627e-12,0.99770796,1.1064065e-05,1.2765362e-05,0.0022432753
/home/leo/Documentos/mestrado/DeepWeeds-Mobile/images/20170729-092523-1.jpg,4,4,4,4,1,0.9986558,6.5630334e-06,2.0939657e-10,4.010957e-08,8.003463e-06,0.9986558,6.1427126e-09,2.1098269e-16,1.3241784e-05,0.0013162583
/home/leo/Documentos/mestrado/DeepWeeds-Mobile/images/20180112-094329-1.jpg,8,8,8,8,1,0.99242157,0.0002233159,1.5342299e-05,9.912122e-06,0.0069673546,2.9270274e-07,0.00010126411,1.09009425e-05,0.0002499987,0.99242157
/home/leo/Documentos/mestrado/DeepWeeds-Mobile/images/20171218-105735-2.jpg,8,8,8,8,1,0.99990904,2.720651e-06,1.5470491e-06,3.102399e-12,7.519071e-07,3.5202008e-09,8.118619e-05,1.05433955e-07,4.562676e-06,0.99990904
/home/leo/Documentos/mestrado/DeepWeeds-Mobile/images/20170920-094709-2.jpg,4,1,4,1,0,0.861497,0.00068019534,0.861497,7.191331e-05,0.043082304,0.02861652,2.1840324e-06,0.009362017,0.0022556589,0.05443227
/home/leo/Documentos/mestrado/DeepWeeds-Mobile/images/20180119-110622-1.jpg,8,8,8,8,1,0.88273984,9.2069546e-05,0.0576092,1.1389159e-06,0.00028655535,7.72837e-07,0.00077604793,0.057008285,0.0014861514,0.88273984
/home/leo/Documentos/mestrado/DeepWeeds-Mobile/images/20180109-085325-2.jpg,8,8,8,8,1,0.45416254,0.17261441,0.11675384,1.9294265e-07,0.016562743,0.00014692191,0.06801487,0.0006970542,0.1710474,0.45416254
/home/leo/Documentos/mestrado/DeepWeeds-Mobile/images/20170714-190005-1.jpg,1,1,1,1,1,0.9997459,1.7097346e-06,0.9997459,1.379552e-13,6.1819837e-12,1.06039e-12,8.5931415e-11,0.00018042802,7.174521e-05,2.2508195e-07
/home/leo/Documentos/mestrado/DeepWeeds-Mobile/images/20170920-120020-2.jpg,2,2,2,2,1,0.98517287,9.811129e-05,1.08614884e-07,0.98517287,0.0030510847,0.00631608,4.624762e-09,8.97627e-07,9.255335e-07,0.0053598783
/home/leo/Documentos/mestrado/DeepWeeds-Mobile/images/20180109-070508-1.jpg,8,8,8,8,1,0.9992623,1.2614503e-07,4.434981e-07,1.6628135e-05,5.8430976e-07,8.7195093e-07,1.767737e-06,0.0007171202,2.1482072e-07,0.9992623
/home/leo/Documentos/mestrado/DeepWeeds-Mobile/images/20180322-120115-2.jpg,8,8,8,8,1,0.9999429,2.147264e-06,9.451936e-06,1.5738193e-10,1.41141745e-05,3.1009768e-05,2.3262368e-11,5.9352683e-08,3.4225312e-07,0.9999429
/home/leo/Documentos/mestrado/DeepWeeds-Mobile/images/20171218-103116-2.jpg,8,1,8,1,0,0.8484027,0.0021457465,0.8484027,1.1475398e-09,7.3907614e-08,1.4736445e-09,7.811037e-05,3.6877923e-06,0.0027398162,0.14662984
/home/leo/Documentos/mestrado/DeepWeeds-Mobile/images/20180112-073147-2.jpg,8,8,8,8,1,0.9845026,0.0006449971,0.00071722205,1.4157885e-05,0.0031505732,0.0108747855,5.114703e-10,7.190694e-07,9.497096e-05,0.9845026
/home/leo/Documentos/mestrado/DeepWeeds-Mobile/images/20170727-140450-1.jpg,4,4,4,4,1,0.98721457,0.0010479939,1.891689e-06,0.00020711272,0.006192465,0.98721457,4.6311475e-09,1.92554e-10,0.0008691064,0.0044669015
/home/leo/Documentos/mestrado/DeepWeeds-Mobile/images/20171109-093204-2.jpg,5,5,5,5,1,0.99977493,1.0326582e-05,1.3578916e-07,1.9649197e-11,3.2076147e-07,7.83385e-12,0.99977493,2.1215104e-08,5.3242604e-07,0.00021369614
/home/leo/Documentos/mestrado/DeepWeeds-Mobile/images/20170913-122716-1.jpg,5,5,5,5,1,0.99990356,3.273942e-06,2.6949337e-08,9.787178e-08,6.1593106e-05,5.01043e-07,0.99990356,5.5046428e-08,2.538463e-05,5.4778193e-06
/home/leo/Documentos/mestrado/DeepWeeds-Mobile/images/20171109-093142-2.jpg,5,5,5,5,1,0.9979449,1.04543474e-07,1.8360168e-07,1.1544227e-13,1.0953376e-09,3.7808623e-13,0.9979449,6.5931594e-08,3.5961435e-08,0.002054681
/home/leo/Documentos/mestrado/DeepWeeds-Mobile/images/20170405-155046-0.jpg,0,0,0,0,1,0.8937806,0.8937806,7.031549e-08,9.0908475e-11,2.063292e-07,3.8056114e-09,0.091813534,3.304105e-08,0.0064861216,0.00791956
/home/leo/Documentos/mestrado/DeepWeeds-Mobile/images/20170714-110726-3.jpg,1,1,1,1,1,0.9901856,0.0039815926,0.9901856,4.295729e-10,4.837906e-09,7.581104e-09,0.00013292671,0.0023591088,0.0005919029,0.0027489015
/home/leo/Documentos/mestrado/DeepWeeds-Mobile/images/20180125-095232-2.jpg,8,8,8,8,1,0.97681993,5.143307e-09,3.0702278e-11,7.0415678e-09,0.023177965,1.9956885e-06,1.6403746e-07,1.1682295e-10,4.2988835e-10,0.97681993
/home/leo/Documentos/mestrado/DeepWeeds-Mobile/images/20170706-130147-3.jpg,1,1,1,1,1,0.9989994,0.0002811715,0.9989994,4.815343e-13,4.907298e-11,4.748056e-12,2.4844964e-09,2.8624348e-05,0.00068697875,3.7745224e-06
/home/leo/Documentos/mestrado/DeepWeeds-Mobile/images/20180322-130624-1.jpg,8,8,8,8,1,0.99748766,4.41137e-06,7.239071e-05,6.790069e-07,5.2132073e-05,5.049275e-06,0.0023037991,4.257355e-05,3.132905e-05,0.99748766
/home/leo/Documentos/mestrado/DeepWeeds-Mobile/images/20180109-072219-2.jpg,8,8,8,8,1,0.9288304,1.4028569e-06,1.820827e-05,0.015642652,4.3688364e-05,0.0015414087,0.00010173166,0.053806867,1.3672549e-05,0.9288304
/home/leo/Documentos/mestrado/DeepWeeds-Mobile/images/20170210-132327-0.jpg,0,0,0,0,1,0.7301644,0.7301644,0.03585026,3.097458e-06,3.1164031e-06,2.1480398e-06,0.00022322561,1.4411971e-05,0.043971926,0.18976745
/home/leo/Documentos/mestrado/DeepWeeds-Mobile/images/20170217-152111-0.jpg,0,0,0,0,1,0.998738,0.998738,2.7648805e-09,4.1028547e-13,7.142743e-11,2.94864e-12,6.0053645e-07,4.1410026e-12,0.0012430851,1.8278233e-05
/home/leo/Documentos/mestrado/DeepWeeds-Mobile/images/20171219-110355-3.jpg,8,8,8,8,1,0.9995059,8.837089e-06,3.2953524e-06,3.6228257e-11,3.3915105e-05,5.334457e-10,0.00042858097,1.2013139e-08,1.9463478e-05,0.9995059
/home/leo/Documentos/mestrado/DeepWeeds-Mobile/images/20171212-093821-1.jpg,8,8,8,8,1,0.99966764,9.2248655e-07,9.326678e-06,1.6219812e-10,0.00023440192,3.191572e-09,1.0575467e-05,1.9625135e-08,7.716394e-05,0.99966764
/home/leo/Documentos/mestrado/DeepWeeds-Mobile/images/20180109-095016-2.jpg,8,8,8,8,1,0.99999094,3.073894e-06,4.051365e-06,2.571122e-07,2.4739163e-07,1.27617605e-08,2.0479155e-07,1.8738753e-07,9.575654e-07,0.99999094
/home/leo/Documentos/mestrado/DeepWeeds-Mobile/images/20171219-094851-2.jpg,8,8,8,8,1,0.99928963,0.00033307553,9.843942e-08,1.5165422e-10,0.0002852178,3.2663993e-07,8.192243e-05,3.762811e-10,9.683261e-06,0.99928963
/home/leo/Documentos/mestrado/DeepWeeds-Mobile/images/20170906-112042-4.jpg,3,4,3,4,0,0.6814909,0.0028581815,4.943468e-06,0.021790972,0.24615686,0.6814909,3.1689178e-09,4.3327275e-09,0.00040664966,0.047291525
/home/leo/Documentos/mestrado/DeepWeeds-Mobile/images/20180125-094400-1.jpg,8,8,8,8,1,0.8735087,1.8802938e-06,1.3306452e-06,1.982468e-08,0.12646098,1.7273687e-05,7.973584e-06,1.864066e-08,1.866487e-06,0.8735087
/home/leo/Documentos/mestrado/DeepWeeds-Mobile/images/20171102-103043-3.jpg,2,2,2,2,1,0.9759508,0.00020101282,0.012035711,0.9759508,3.5726275e-06,0.0007584615,0.0017162503,1.1717993e-05,2.054639e-05,0.009301948
/home/leo/Documentos/mestrado/DeepWeeds-Mobile/images/20171205-141149-2.jpg,8,8,8,8,1,0.9994962,7.253249e-06,6.6918083e-06,1.9325604e-11,9.112886e-08,6.447012e-11,0.0004866486,1.9586619e-08,3.1065977e-06,0.9994962
/home/leo/Documentos/mestrado/DeepWeeds-Mobile/images/20170217-120132-0.jpg,0,0,0,0,1,0.99976236,0.99976236,7.9155305e-09,7.425014e-12,5.9653164e-11,6.348922e-14,3.099803e-08,1.19923e-11,5.7247988e-05,0.00018035872
/home/leo/Documentos/mestrado/DeepWeeds-Mobile/images/20170727-130016-3.jpg,4,4,4,4,1,0.85801315,0.00079181296,1.37536435e-05,0.037937276,0.0020459946,0.85801315,0.00017815545,2.199454e-08,0.00166749,0.09935243
/home/leo/Documentos/mestrado/DeepWeeds-Mobile/images/20180112-103542-2.jpg,8,8,8,8,1,0.998938,3.7777475e-06,7.4727313e-06,3.6116977e-05,1.0610531e-06,1.1703368e-07,5.3057465e-06,0.0010067703,1.250863e-06,0.998938
/home/leo/Documentos/mestrado/DeepWeeds-Mobile/images/20170217-095626-0.jpg,7,7,7,7,1,0.9981469,0.0015467276,0.00018274847,8.889921e-12,2.8511532e-10,3.8297858e-11,1.2089029e-08,4.5954724e-07,0.9981469,0.00012319474
/home/leo/Documentos/mestrado/DeepWeeds-Mobile/images/20180112-071308-2.jpg,8,8,8,8,1,0.98516786,0.002408784,0.00019119587,5.6355497e-05,0.006843832,0.0052349293,2.7016242e-08,1.8791454e-06,9.499409e-05,0.98516786
/home/leo/Documentos/mestrado/DeepWeeds-Mobile/images/20171113-101853-3.jpg,5,5,5,5,1,0.9999752,1.7807663e-07,1.39822145e-08,5.21838e-12,3.4562395e-11,1.135076e-11,0.9999752,2.280655e-08,3.5810615e-08,2.4623325e-05
/home/leo/Documentos/mestrado/DeepWeeds-Mobile/images/20171219-100345-2.jpg,8,8,8,8,1,0.98099595,0.004430969,1.5188448e-05,1.08690195e-07,0.0021547207,2.7582757e-07,0.012390624,9.44578e-06,2.7497495e-06,0.98099595
/home/leo/Documentos/mestrado/DeepWeeds-Mobile/images/20171121-181146-2.jpg,6,6,6,6,1,0.9982515,3.2472005e-06,0.0016621632,1.971807e-11,2.3793157e-07,1.9777264e-09,1.0981973e-09,0.9982515,4.3571767e-06,7.85278e-05
/home/leo/Documentos/mestrado/DeepWeeds-Mobile/images/20171205-123723-2.jpg,8,8,8,8,1,0.99269426,0.0037918207,1.4597998e-05,1.6990485e-08,1.0250919e-06,1.2025656e-07,0.0031926846,0.00023262187,7.2908806e-05,0.99269426
/home/leo/Documentos/mestrado/DeepWeeds-Mobile/images/20170728-120037-2.jpg,4,4,4,4,1,0.9972606,3.9286112e-07,1.526835e-10,2.6273148e-05,0.0006518338,0.9972606,5.3411e-08,1.871075e-13,8.257791e-09,0.0020608043
/home/leo/Documentos/mestrado/DeepWeeds-Mobile/images/20170705-162324-0.jpg,7,0,7,0,0,0.8358975,0.8358975,0.0015465298,6.814111e-09,4.2818434e-07,2.4414305e-06,0.0009212738,5.7541154e-08,0.13809203,0.023539798
/home/leo/Documentos/mestrado/DeepWeeds-Mobile/images/20180125-091537-1.jpg,8,8,8,8,1,0.99989533,1.7340264e-07,2.2248509e-05,2.6554142e-08,1.974111e-07,9.096134e-08,7.16492e-05,7.3964943e-06,2.9029552e-06,0.99989533
/home/leo/Documentos/mestrado/DeepWeeds-Mobile/images/20171219-112206-3.jpg,8,8,8,8,1,0.9970681,1.3382379e-05,3.6092004e-08,0.0014025122,0.0003971929,0.0011171554,2.7928706e-08,1.5282893e-07,1.3590612e-06,0.9970681
/home/leo/Documentos/mestrado/DeepWeeds-Mobile/images/20171205-140925-2.jpg,8,8,8,8,1,0.9988169,2.2732355e-07,7.44989e-06,4.777468e-14,3.1602574e-06,9.414976e-13,0.0011663856,4.8020534e-06,1.0258326e-06,0.9988169
/home/leo/Documentos/mestrado/DeepWeeds-Mobile/images/20180112-091209-2.jpg,8,8,8,8,1,0.5910611,0.20957324,1.5638858e-05,2.503414e-05,0.00036674642,2.4870233e-05,0.00035710155,2.535784e-08,0.19857614,0.5910611
/home/leo/Documentos/mestrado/DeepWeeds-Mobile/images/20180112-101411-1.jpg,8,0,8,0,0,0.43794763,0.43794763,0.005231287,4.222036e-05,3.0547264e-05,0.00020700789,0.0016671021,0.000107675674,0.16599426,0.38877228
/home/leo/Documentos/mestrado/DeepWeeds-Mobile/images/20170913-105021-1.jpg,3,3,3,3,1,0.9973452,1.6728106e-07,1.661545e-08,1.2397673e-05,0.9973452,0.00018558376,5.5914944e-09,3.3818442e-10,2.6922138e-09,0.002456627
/home/leo/Documentos/mestrado/DeepWeeds-Mobile/images/20180105-095140-2.jpg,8,8,8,8,1,0.88769037,0.0009019124,0.0012719936,0.0008627806,0.041440792,0.0007862235,7.2757657e-06,0.06602117,0.0010174979,0.88769037
/home/leo/Documentos/mestrado/DeepWeeds-Mobile/images/20180105-091529-2.jpg,8,8,8,8,1,0.99994516,6.206002e-10,5.847079e-11,1.0739436e-07,9.139069e-09,2.415676e-08,6.964253e-08,5.455273e-05,9.799755e-10,0.99994516
/home/leo/Documentos/mestrado/DeepWeeds-Mobile/images/20170920-182700-1.jpg,2,2,2,2,1,0.9999882,1.7766622e-09,3.869185e-12,0.9999882,1.044829e-06,3.2009107e-06,2.240465e-09,1.3576898e-10,1.8276918e-11,7.5546395e-06
/home/leo/Documentos/mestrado/DeepWeeds-Mobile/images/20171220-091832-3.jpg,8,8,8,8,1,0.9968798,0.00012551533,2.6317524e-05,7.454046e-09,0.0008003015,7.407198e-07,0.0019325635,1.087195e-06,0.00023369116,0.9968798
/home/leo/Documentos/mestrado/DeepWeeds-Mobile/images/20171102-100358-2.jpg,4,8,4,8,0,0.9818834,4.1061492e-05,0.0069448794,7.545143e-05,0.00068771717,0.0015483999,1.668537e-07,0.008739133,7.973113e-05,0.9818834
/home/leo/Documentos/mestrado/DeepWeeds-Mobile/images/20170718-100046-2.jpg,0,0,0,0,1,0.91493887,0.91493887,0.006843732,1.893977e-08,1.17722875e-05,1.4264641e-07,0.00046208935,2.9132305e-05,0.016645653,0.061068587
/home/leo/Documentos/mestrado/DeepWeeds-Mobile/images/20180105-092741-2.jpg,8,8,8,8,1,0.9519406,0.00010037356,0.00010557299,8.1225885e-08,2.757221e-05,1.827139e-08,0.000726685,0.047047842,5.122186e-05,0.9519406
/home/leo/Documentos/mestrado/DeepWeeds-Mobile/images/20170906-105324-1.jpg,3,3,3,3,1,0.6047354,0.00014976336,7.101102e-05,3.3794627e-06,0.6047354,0.0018545182,7.994619e-07,2.0068313e-05,0.011512976,0.38165218
/home/leo/Documentos/mestrado/DeepWeeds-Mobile/images/20170704-151310-0.jpg,7,7,7,7,1,0.5206975,0.07435289,0.012343567,3.7446256e-08,0.00421393,7.187824e-07,0.024860302,0.0007785716,0.5206975,0.36275244
/home/leo/Documentos/mestrado/DeepWeeds-Mobile/images/20170811-130004-1.jpg,0,0,0,0,1,0.89407074,0.89407074,0.090646036,2.2785355e-07,3.7064785e-07,2.25237e-05,0.0030658445,2.8285815e-06,0.0016619938,0.010529354
/home/leo/Documentos/mestrado/DeepWeeds-Mobile/images/20170714-135413-3.jpg,1,1,1,1,1,0.98640275,3.867436e-06,0.98640275,6.1664096e-08,3.602623e-08,1.900823e-07,3.433767e-08,6.3303516e-05,6.1207043e-06,0.013523631
/home/leo/Documentos/mestrado/DeepWeeds-Mobile/images/20180322-130759-1.jpg,8,8,8,8,1,0.8516592,0.031616688,0.00016083573,0.00066656707,0.0013959045,0.0042801285,2.7816368e-05,1.2313538e-07,0.11019271,0.8516592
/home/leo/Documentos/mestrado/DeepWeeds-Mobile/images/20170913-102722-2.jpg,3,3,3,3,1,0.99389935,4.942058e-07,1.0661618e-08,0.00014166615,0.99389935,0.000385313,0.00065416,1.5785396e-08,1.2391447e-08,0.004918969
/home/leo/Documentos/mestrado/DeepWeeds-Mobile/images/20170727-164636-1.jpg,4,4,4,4,1,0.98129064,0.0002697709,1.7147795e-06,3.0102623e-05,0.0090532685,0.98129064,4.0824815e-09,7.832644e-11,0.0019252998,0.007429363
/home/leo/Documentos/mestrado/DeepWeeds-Mobile/images/20171102-103158-3.jpg,2,8,2,8,0,0.5832738,0.0005388629,0.0037190476,0.32167748,3.9658964e-05,0.0011294377,0.0513188,0.03639643,0.0019064944,0.5832738
/home/leo/Documentos/mestrado/DeepWeeds-Mobile/images/20171109-093025-1.jpg,5,5,5,5,1,0.8608037,1.2710185e-06,2.9938093e-07,7.3913e-11,4.922193e-11,6.019695e-11,0.8608037,2.8669627e-08,2.0937935e-06,0.13919258
/home/leo/Documentos/mestrado/DeepWeeds-Mobile/images/20180125-092056-1.jpg,8,8,8,8,1,0.99959266,1.9502535e-05,0.00022517596,4.1170873e-07,6.877916e-06,4.9195638e-05,4.51841e-06,5.668631e-08,0.000101522535,0.99959266
/home/leo/Documentos/mestrado/DeepWeeds-Mobile/images/20180112-080753-1.jpg,8,8,8,8,1,0.92944473,0.0006931597,0.04954054,0.00025725592,0.0017942538,0.00060108287,4.9300306e-06,0.011984776,0.0056792167,0.92944473
/home/leo/Documentos/mestrado/DeepWeeds-Mobile/images/20171102-121155-1.jpg,2,2,2,2,1,0.9999969,2.6410134e-09,2.2065388e-10,0.9999969,1.3410057e-07,3.7416854e-07,1.450629e-10,3.6481453e-11,6.83662e-11,2.580562e-06
/home/leo/Documentos/mestrado/DeepWeeds-Mobile/images/20180322-130245-1.jpg,8,8,8,8,1,0.99856746,0.00027893405,1.9449117e-05,7.496146e-09,3.9079367e-07,4.790687e-08,0.0010936687,7.716657e-08,3.996161e-05,0.99856746
/home/leo/Documentos/mestrado/DeepWeeds-Mobile/images/20180109-090947-2.jpg,8,8,8,8,1,0.99666196,0.00013232643,3.1328577e-06,1.2287973e-07,0.0029854295,7.156091e-08,7.676644e-05,0.00013047954,9.669208e-06,0.99666196
/home/leo/Documentos/mestrado/DeepWeeds-Mobile/images/20171113-112836-0.jpg,6,6,6,6,1,0.9995385,7.1983877e-09,1.1553433e-06,9.139011e-09,1.2989859e-10,2.6982552e-11,9.795208e-10,0.9995385,5.401474e-08,0.00046029963
/home/leo/Documentos/mestrado/DeepWeeds-Mobile/images/20171219-112706-2.jpg,8,8,8,8,1,0.9797672,0.0002665641,3.7504512e-06,0.013902138,0.001800756,0.0029723102,3.698064e-06,0.001141673,0.0001419781,0.9797672
/home/leo/Documentos/mestrado/DeepWeeds-Mobile/images/20171220-101330-1.jpg,8,8,8,8,1,0.99997485,6.7465146e-07,8.154121e-06,2.8204178e-13,6.998503e-06,4.19953e-11,4.9311484e-06,1.9561941e-08,4.388113e-06,0.99997485
/home/leo/Documentos/mestrado/DeepWeeds-Mobile/images/20180112-081228-2.jpg,8,8,8,8,1,0.72774553,0.011893109,0.0036968365,0.010845264,0.18779476,0.05772051,3.7614356e-08,2.43087e-05,0.00027968767,0.72774553
/home/leo/Documentos/mestrado/DeepWeeds-Mobile/images/20170127-101805-0.jpg,1,1,1,1,1,0.6543623,8.3447856e-05,0.6543623,4.7003045e-08,0.0009046607,2.3315832e-07,0.00024253094,0.27509603,0.00656142,0.0627493
/home/leo/Documentos/mestrado/DeepWeeds-Mobile/images/20171025-075115-2.jpg,3,8,3,8,0,0.7253503,0.014081894,0.06095715,4.8071094e-09,0.07736906,1.3074446e-06,0.0013818595,0.001228479,0.11963001,0.7253503
/home/leo/Documentos/mestrado/DeepWeeds-Mobile/images/20180109-104520-1.jpg,8,8,8,8,1,0.9663839,0.0035525314,0.00038419807,0.0011746985,0.014587188,0.0018568712,9.547931e-06,7.8222234e-05,0.011972946,0.9663839
/home/leo/Documentos/mestrado/DeepWeeds-Mobile/images/20180119-110426-1.jpg,8,8,8,8,1,0.9918305,1.4868293e-06,2.7518507e-05,1.7615392e-10,6.9702236e-07,1.2425813e-10,0.008133268,4.072516e-06,2.424805e-06,0.9918305
/home/leo/Documentos/mestrado/DeepWeeds-Mobile/images/20180119-111634-2.jpg,8,8,8,8,1,0.8897059,0.0035618842,0.043189067,5.350594e-06,0.00014361131,2.4778617e-06,0.000538689,0.06126178,0.0015913849,0.8897059
/home/leo/Documentos/mestrado/DeepWeeds-Mobile/images/20170217-113329-0.jpg,0,0,0,0,1,0.99921095,0.99921095,2.5899752e-07,5.3855348e-14,2.6294401e-14,2.4749327e-13,1.3792119e-08,4.584756e-09,4.4248893e-05,0.00074443413
/home/leo/Documentos/mestrado/DeepWeeds-Mobile/images/20171109-071206-1.jpg,5,5,5,5,1,0.99433666,1.3314545e-07,9.397154e-07,1.6259286e-11,7.620723e-11,1.356607e-13,0.99433666,0.0011404132,1.1127366e-06,0.004520796
/home/leo/Documentos/mestrado/DeepWeeds-Mobile/images/20171113-095154-1.jpg,5,0,5,0,0,0.99909884,0.99909884,4.59114e-08,4.379801e-12,2.9754598e-13,9.378205e-12,3.968349e-05,8.267698e-09,0.0001262937,0.00073508173
/home/leo/Documentos/mestrado/DeepWeeds-Mobile/images/20180119-115419-1.jpg,8,8,8,8,1,0.7075172,0.0018267042,0.0010944929,0.000106105304,0.00013652077,1.3745347e-05,3.0296673e-05,0.2890335,0.00024150894,0.7075172
/home/leo/Documentos/mestrado/DeepWeeds-Mobile/images/20171220-083350-2.jpg,8,8,8,8,1,0.9999938,4.336911e-08,1.7489764e-10,1.3077401e-15,5.044559e-08,5.877268e-13,5.876291e-06,7.784496e-13,2.26034e-07,0.9999938
/home/leo/Documentos/mestrado/DeepWeeds-Mobile/images/20180109-101610-2.jpg,8,8,8,8,1,0.9552225,0.001466494,0.02410867,3.0697142e-06,0.00019793291,2.3658413e-05,0.0036776986,0.014583465,0.0007164469,0.9552225
/home/leo/Documentos/mestrado/DeepWeeds-Mobile/images/20170714-113918-2.jpg,1,1,1,1,1,0.9659395,0.0084240455,0.9659395,1.540206e-07,1.01130375e-08,1.15454704e-07,0.0001863428,0.010063847,0.00010869249,0.015277268
/home/leo/Documentos/mestrado/DeepWeeds-Mobile/images/20170913-105705-3.jpg,5,5,5,5,1,0.999941,1.8010278e-05,5.2529607e-09,2.7144008e-08,1.2863271e-06,9.327823e-06,0.999941,3.652819e-09,2.6494634e-05,3.9168053e-06
/home/leo/Documentos/mestrado/DeepWeeds-Mobile/images/20171113-150538-3.jpg,6,6,6,6,1,0.96336603,0.00012260136,0.00012956225,4.6884663e-05,3.3675765e-06,1.3274989e-06,3.4111317e-06,0.96336603,0.00017171464,0.03615513
/home/leo/Documentos/mestrado/DeepWeeds-Mobile/images/20170304-131916-0.jpg,7,7,7,7,1,0.78796166,0.031267647,0.005873623,8.365374e-09,2.2733102e-09,9.0843395e-09,2.8809916e-07,2.475091e-05,0.78796166,0.17487204
/home/leo/Documentos/mestrado/DeepWeeds-Mobile/images/20171113-123150-1.jpg,6,6,6,6,1,0.9999963,9.189682e-10,8.190979e-07,1.7458512e-10,3.1623605e-13,6.8022064e-13,1.1244851e-07,0.9999963,3.7971738e-08,2.6849043e-06
/home/leo/Documentos/mestrado/DeepWeeds-Mobile/images/20171102-103143-1.jpg,2,2,2,2,1,0.94403964,1.1067955e-05,0.00012138342,0.94403964,0.0008875077,0.01010816,2.2909443e-07,0.00013834635,2.2240547e-06,0.0446914
/home/leo/Documentos/mestrado/DeepWeeds-Mobile/images/20171109-071641-1.jpg,5,5,5,5,1,0.941359,0.000392785,0.0030575749,2.7644996e-06,3.2135787e-07,5.460341e-08,0.941359,0.04079511,0.0003162226,0.014076083
/home/leo/Documentos/mestrado/DeepWeeds-Mobile/images/20171219-094001-2.jpg,8,8,8,8,1,0.9885372,0.0042538797,0.0006296992,7.4921136e-06,0.004282152,0.0019983982,3.0818424e-05,3.0854728e-06,0.00025725178,0.9885372
/home/leo/Documentos/mestrado/DeepWeeds-Mobile/images/20170913-104022-2.jpg,3,3,3,3,1,0.98171395,2.436981e-05,1.8395578e-05,0.00026329988,0.98171395,0.00228766,5.290371e-05,5.2180656e-07,2.2747427e-06,0.015636778
/home/leo/Documentos/mestrado/DeepWeeds-Mobile/images/20170410-124528-0.jpg,0,7,0,7,0,0.75337756,0.23836838,0.0022812493,6.745e-07,0.00017412305,2.395553e-08,5.888209e-06,1.8477475e-07,0.75337756,0.0057918625
/home/leo/Documentos/mestrado/DeepWeeds-Mobile/images/20170707-112142-0.jpg,0,8,0,8,0,0.5171525,0.16168219,1.8234094e-05,0.008159911,0.2523948,0.007435478,1.4362578e-06,4.424074e-08,0.0531554,0.5171525
/home/leo/Documentos/mestrado/DeepWeeds-Mobile/images/20170501-144442-0.jpg,1,1,1,1,1,0.7621748,0.044600707,0.7621748,1.1744547e-06,4.290562e-05,2.0119176e-06,1.4904614e-05,0.00060877326,0.16200392,0.030550824
/home/leo/Documentos/mestrado/DeepWeeds-Mobile/images/20170913-101243-2.jpg,3,3,3,3,1,0.9997323,2.6957009e-08,2.113745e-09,9.921187e-07,0.9997323,2.62862e-05,0.000113106486,2.965896e-10,3.9987907e-10,0.00012730337
/home/leo/Documentos/mestrado/DeepWeeds-Mobile/images/20180105-100415-2.jpg,8,8,8,8,1,0.95005935,5.2330552e-08,9.480823e-09,0.049176168,2.0098305e-07,3.7378034e-06,6.432816e-08,0.00076015724,3.1571403e-07,0.95005935
/home/leo/Documentos/mestrado/DeepWeeds-Mobile/images/20171113-151802-1.jpg,6,6,6,6,1,0.9999933,2.5947644e-08,3.8841895e-06,7.116769e-13,6.5317894e-12,1.228333e-13,1.3680551e-07,0.9999933,6.768157e-07,2.0198145e-06
/home/leo/Documentos/mestrado/DeepWeeds-Mobile/images/20170728-153615-3.jpg,8,8,8,8,1,0.9521679,0.0014662046,5.23746e-05,0.002205828,0.00014465008,0.043773174,7.707813e-06,1.6987562e-05,0.00016515069,0.9521679
/home/leo/Documentos/mestrado/DeepWeeds-Mobile/images/20170718-132324-2.jpg,7,1,7,1,0,0.57746476,0.07888046,0.57746476,4.2882195e-05,0.0010476033,9.807804e-05,0.0032466832,0.004437909,0.2864985,0.048283167
/home/leo/Documentos/mestrado/DeepWeeds-Mobile/images/20170920-180224-1.jpg,2,2,2,2,1,0.99990773,2.2762876e-10,2.6381222e-11,0.99990773,1.6497814e-06,5.1243746e-06,4.355961e-08,1.225748e-08,1.7224913e-10,8.5432155e-05
/home/leo/Documentos/mestrado/DeepWeeds-Mobile/images/20180125-134626-3.jpg,8,8,8,8,1,0.9228005,0.00014028951,0.038579024,4.3926186e-05,0.0002763541,0.0010315658,1.9228784e-05,0.036688615,0.00042059153,0.9228005
/home/leo/Documentos/mestrado/DeepWeeds-Mobile/images/20171025-093500-3.jpg,3,3,3,3,1,0.8433082,0.01013389,5.448406e-05,0.02967941,0.8433082,0.06560059,3.414271e-06,5.4475045e-06,0.00086052465,0.050353978
/home/leo/Documentos/mestrado/DeepWeeds-Mobile/images/20170714-142244-3.jpg,1,1,1,1,1,0.9999473,1.7540293e-05,0.9999473,5.7249474e-12,2.4867208e-09,2.1014901e-10,1.3413394e-09,8.125369e-06,2.3197234e-05,3.79122e-06
/home/leo/Documentos/mestrado/DeepWeeds-Mobile/images/20170727-143818-1.jpg,4,4,4,4,1,0.6296557,0.0027301505,0.00010810943,3.421221e-05,0.24817836,0.6296557,3.803969e-09,1.8392917e-07,9.107774e-05,0.119202144
/home/leo/Documentos/mestrado/DeepWeeds-Mobile/images/20170920-162231-3.jpg,2,2,2,2,1,0.99725217,1.6434373e-07,2.913319e-11,0.99725217,0.0001640967,0.0020371042,4.0451247e-09,3.758478e-10,5.124168e-09,0.0005464545
/home/leo/Documentos/mestrado/DeepWeeds-Mobile/images/20170126-095525-0.jpg,1,1,1,1,1,0.54233426,0.0008312896,0.54233426,5.569452e-09,4.5413174e-07,5.960899e-09,0.00020239483,0.4503475,0.0053693242,0.00091471436
/home/leo/Documentos/mestrado/DeepWeeds-Mobile/images/20180109-074204-2.jpg,8,8,8,8,1,0.9947583,0.0050401078,1.4640318e-06,2.632937e-13,5.964943e-11,2.53096e-13,6.9370612e-06,8.9293145e-08,0.00019313025,0.9947583
/home/leo/Documentos/mestrado/DeepWeeds-Mobile/images/20180109-100222-2.jpg,8,8,8,8,1,0.8821151,9.509191e-05,0.00046998265,5.6199016e-05,3.1477924e-05,4.2327547e-06,0.110606305,0.0065947636,2.6942374e-05,0.8821151
/home/leo/Documentos/mestrado/DeepWeeds-Mobile/images/20180125-132605-2.jpg,8,8,8,8,1,0.989789,0.00434406,6.0360812e-06,4.1010583e-08,4.7525344e-05,0.00011028895,2.4445875e-05,2.3020037e-08,0.005678418,0.989789
/home/leo/Documentos/mestrado/DeepWeeds-Mobile/images/20170920-183814-1.jpg,2,2,2,2,1,0.97920996,1.7607514e-06,6.3505254e-08,0.97920996,0.001108162,0.013686076,0.0014141602,4.4101947e-05,1.9737024e-07,0.004535494
/home/leo/Documentos/mestrado/DeepWeeds-Mobile/images/20180125-135154-3.jpg,8,8,8,8,1,0.9563502,0.0074409586,0.02718651,0.0002213862,0.0002844567,0.0040978487,1.8949198e-05,0.00031972965,0.0040799696,0.9563502
/home/leo/Documentos/mestrado/DeepWeeds-Mobile/images/20171220-093231-2.jpg,8,8,8,8,1,0.9999796,2.2864721e-07,1.280992e-07,5.516933e-10,4.843918e-06,6.081463e-07,1.4460675e-05,7.133405e-08,9.037163e-09,0.9999796
/home/leo/Documentos/mestrado/DeepWeeds-Mobile/images/20170715-100013-1.jpg,1,1,1,1,1,0.9999827,9.61098e-09,0.9999827,1.3229768e-11,4.7544474e-14,1.4039284e-13,4.4571038e-11,1.3125752e-05,6.137658e-08,4.0725986e-06
/home/leo/Documentos/mestrado/DeepWeeds-Mobile/images/20171203-173105-3.jpg,8,8,8,8,1,0.63095874,0.0011757658,0.35653946,4.058127e-08,8.2806555e-06,9.6904555e-09,0.001964589,0.000705627,0.008647523,0.63095874
/home/leo/Documentos/mestrado/DeepWeeds-Mobile/images/20170405-155128-0.jpg,0,0,0,0,1,0.6571771,0.6571771,6.9917104e-07,1.6620426e-07,1.3602519e-05,4.526828e-07,0.044567805,7.9591104e-05,0.028998224,0.26916233
/home/leo/Documentos/mestrado/DeepWeeds-Mobile/images/20170501-143522-0.jpg,1,1,1,1,1,0.99330044,2.2557329e-06,0.99330044,1.5566512e-11,1.8183344e-11,1.0912638e-12,1.8157691e-06,0.006338186,0.00019711099,0.0001602212
/home/leo/Documentos/mestrado/DeepWeeds-Mobile/images/20180109-085320-1.jpg,8,5,8,5,0,0.6059423,0.0036499125,2.1511063e-05,8.967791e-07,2.9796252e-05,4.221417e-07,0.6059423,0.005319132,0.0008349815,0.38420105
/home/leo/Documentos/mestrado/DeepWeeds-Mobile/images/20180105-095619-2.jpg,8,8,8,8,1,0.99320316,1.2833759e-06,1.03148466e-07,0.0019450694,7.955075e-06,1.8945835e-05,1.2572839e-06,0.0048196716,2.5788986e-06,0.99320316
/home/leo/Documentos/mestrado/DeepWeeds-Mobile/images/20170610-121905-0.jpg,1,1,1,1,1,0.9870008,0.0048087304,0.9870008,4.8005176e-11,3.806729e-07,4.649145e-09,7.850328e-06,0.0001765262,0.005421259,0.0025843172
/home/leo/Documentos/mestrado/DeepWeeds-Mobile/images/20180322-104436-1.jpg,8,8,8,8,1,0.7527487,0.03972553,0.0002383322,5.205703e-06,0.00028090886,2.6912974e-05,4.2153268e-05,1.1957813e-08,0.20693219,0.7527487
/home/leo/Documentos/mestrado/DeepWeeds-Mobile/images/20180125-094105-1.jpg,8,8,8,8,1,0.9997957,3.8713188e-06,4.06233e-06,2.0979437e-06,0.0001859216,7.290922e-06,6.6888634e-07,2.1494911e-07,3.4081725e-07,0.9997957
/home/leo/Documentos/mestrado/DeepWeeds-Mobile/images/20170714-143722-2.jpg,1,1,1,1,1,0.9978332,0.0016794836,0.9978332,5.988173e-12,7.437468e-11,4.374564e-11,7.1209696e-09,3.156264e-05,0.00039350553,6.232833e-05
/home/leo/Documentos/mestrado/DeepWeeds-Mobile/images/20170906-134454-2.jpg,3,8,3,8,0,0.43520823,0.18668497,0.00035411425,0.019670794,0.25314704,0.012853917,5.4242762e-05,8.304941e-07,0.09202589,0.43520823
/home/leo/Documentos/mestrado/DeepWeeds-Mobile/images/20171025-100813-3.jpg,3,3,3,3,1,0.98819935,0.00047810058,8.5497777e-07,0.0024073524,0.98819935,0.006755613,7.230688e-09,1.1764423e-08,3.231936e-05,0.0021264127
/home/leo/Documentos/mestrado/DeepWeeds-Mobile/images/20171113-133026-3.jpg,6,6,6,6,1,0.9987728,4.8446697e-08,4.7477653e-09,8.426064e-06,1.2569845e-09,1.9608335e-06,1.3819414e-06,0.9987728,0.00016200861,0.0010533408
/home/leo/Documentos/mestrado/DeepWeeds-Mobile/images/20180105-104550-1.jpg,8,8,8,8,1,0.94002414,0.00029070379,5.3617685e-05,0.00051731756,7.3598744e-06,3.429109e-06,0.0009696856,0.05811168,2.2000078e-05,0.94002414
/home/leo/Documentos/mestrado/DeepWeeds-Mobile/images/20180112-100852-1.jpg,8,6,8,6,0,0.9979227,9.865707e-06,8.9860536e-05,6.6542725e-08,2.4646019e-08,1.4833026e-08,2.9107068e-06,0.9979227,4.282779e-05,0.0019316614
/home/leo/Documentos/mestrado/DeepWeeds-Mobile/images/20171102-121802-2.jpg,2,2,2,2,1,0.9900989,0.00014847658,4.8478446e-06,0.9900989,0.0024964898,0.0009051613,2.0612435e-06,7.878101e-08,1.1565954e-05,0.0063323276
/home/leo/Documentos/mestrado/DeepWeeds-Mobile/images/20170714-121158-2.jpg,1,1,1,1,1,0.5888688,0.0049922843,0.5888688,9.32378e-06,1.1734905e-05,9.076368e-07,0.009286794,0.1479228,0.04848522,0.20042218
/home/leo/Documentos/mestrado/DeepWeeds-Mobile/images/20171109-091742-1.jpg,5,5,5,5,1,0.9999722,4.187208e-08,6.0392216e-09,1.413402e-15,2.5495355e-09,5.148091e-13,0.9999722,1.5183229e-09,1.5963325e-07,2.7645488e-05
/home/leo/Documentos/mestrado/DeepWeeds-Mobile/images/20170210-150136-0.jpg,0,0,0,0,1,0.9998236,0.9998236,9.42868e-08,7.6984494e-14,7.431763e-15,4.0297312e-13,4.7365997e-08,1.4205111e-10,5.786454e-06,0.00017047061
/home/leo/Documentos/mestrado/DeepWeeds-Mobile/images/20170501-145604-0.jpg,8,8,8,8,1,0.64688486,0.03524453,0.09335096,3.8551476e-05,0.004459025,0.00031949923,0.0038013111,0.00044492763,0.21545638,0.64688486
/home/leo/Documentos/mestrado/DeepWeeds-Mobile/images/20170811-125945-1.jpg,0,0,0,0,1,0.9868351,0.9868351,8.7321074e-05,9.306198e-11,2.6580333e-08,8.381299e-08,1.9566605e-05,6.579802e-11,0.008812639,0.004245102
/home/leo/Documentos/mestrado/DeepWeeds-Mobile/images/20171025-095741-3.jpg,3,3,3,3,1,0.4290599,0.018827213,0.007458891,0.13077787,0.4290599,0.050714113,0.00018786239,0.0009734672,0.00920427,0.35279638
/home/leo/Documentos/mestrado/DeepWeeds-Mobile/images/20170630-154345-0.jpg,7,7,7,7,1,0.99495465,0.0018972026,0.00095269596,4.306514e-08,6.3318706e-09,1.644126e-09,0.00066625705,0.0004517333,0.99495465,0.0010773501
/home/leo/Documentos/mestrado/DeepWeeds-Mobile/images/20180109-092239-2.jpg,8,8,8,8,1,0.99322164,0.0063992557,0.00013249769,0.00016255025,6.045052e-08,1.1371793e-05,5.1296964e-05,4.1936292e-07,2.09631e-05,0.99322164
/home/leo/Documentos/mestrado/DeepWeeds-Mobile/images/20180125-092957-1.jpg,8,8,8,8,1,0.99975735,2.2897923e-06,5.101563e-05,1.4608633e-08,0.00014252859,4.384518e-05,3.787831e-07,8.4630653e-07,1.7638494e-06,0.99975735
/home/leo/Documentos/mestrado/DeepWeeds-Mobile/images/20171122-101630-1.jpg,5,5,5,5,1,0.9999424,4.8270495e-06,5.394068e-09,2.045578e-12,1.5720245e-10,4.8242896e-11,0.9999424,1.1225204e-09,7.8715585e-09,5.2787058e-05
/home/leo/Documentos/mestrado/DeepWeeds-Mobile/images/20161207-111917-0.jpg,0,8,0,8,0,0.993343,0.00084530783,1.3788227e-06,1.6136988e-12,1.4511772e-07,5.0412607e-09,0.0057869083,6.2260526e-09,2.3274937e-05,0.993343
/home/leo/Documentos/mestrado/DeepWeeds-Mobile/images/20171102-120436-1.jpg,2,2,2,2,1,0.9999932,4.3901465e-09,7.522913e-10,0.9999932,8.183095e-08,1.065556e-07,5.3201186e-09,2.419286e-09,5.2362265e-10,6.5508607e-06
/home/leo/Documentos/mestrado/DeepWeeds-Mobile/images/20171220-090700-2.jpg,8,8,8,8,1,0.98748755,0.0009784114,0.000380152,1.4261769e-06,0.009020837,1.8521669e-05,0.0016854301,0.00040499185,2.2720593e-05,0.98748755
/home/leo/Documentos/mestrado/DeepWeeds-Mobile/images/20171218-114714-2.jpg,8,8,8,8,1,0.9388395,0.0023888338,0.006124895,0.00032461685,0.008813409,0.000101555925,0.016078623,0.00027765977,0.02705106,0.9388395
/home/leo/Documentos/mestrado/DeepWeeds-Mobile/images/20180112-081243-1.jpg,8,8,8,8,1,0.96742904,0.00026018277,0.021898195,0.00019932073,0.0005478894,0.009534605,3.1782434e-07,8.61208e-06,0.00012183396,0.96742904
/home/leo/Documentos/mestrado/DeepWeeds-Mobile/images/20180322-115701-2.jpg,8,5,8,5,0,0.8033969,0.0010713107,2.0556612e-05,5.4043005e-07,1.42863355e-05,6.608816e-08,0.8033969,2.7252574e-05,0.00031393106,0.19515517
/home/leo/Documentos/mestrado/DeepWeeds-Mobile/images/20180105-092708-2.jpg,8,6,8,6,0,0.8565525,3.6857502e-05,4.944271e-05,4.078549e-08,1.212906e-07,4.463314e-09,7.8872516e-05,0.8565525,4.1720035e-05,0.14324057
/home/leo/Documentos/mestrado/DeepWeeds-Mobile/images/20170217-114526-0.jpg,7,7,7,7,1,0.99022186,0.009618707,5.771083e-07,3.4939536e-08,1.8924403e-08,6.0192284e-10,2.425531e-06,1.0180764e-06,0.99022186,0.00015546377
/home/leo/Documentos/mestrado/DeepWeeds-Mobile/images/20170727-144045-3.jpg,4,4,4,4,1,0.9989465,6.7921064e-05,7.984025e-08,1.6036885e-05,0.0005365988,0.9989465,2.4151942e-07,9.6208215e-12,4.7991765e-05,0.00038459338
/home/leo/Documentos/mestrado/DeepWeeds-Mobile/images/20171218-103327-3.jpg,8,8,8,8,1,0.9969578,8.271405e-06,9.636125e-08,0.002984986,2.058728e-05,2.487887e-05,6.0594203e-07,1.7396006e-06,1.0715181e-06,0.9969578
/home/leo/Documentos/mestrado/DeepWeeds-Mobile/images/20171219-113011-3.jpg,8,8,8,8,1,0.9268531,0.00028191783,1.3247668e-06,0.034399383,0.031094832,0.0024396607,2.9080404e-05,0.0048057707,9.4930336e-05,0.9268531
/home/leo/Documentos/mestrado/DeepWeeds-Mobile/images/20171113-092616-3.jpg,5,5,5,5,1,0.99999297,2.2896745e-06,5.018949e-12,9.43677e-16,3.771335e-12,3.4343847e-15,0.99999297,2.2999293e-08,4.1907127e-09,4.7687518e-06
/home/leo/Documentos/mestrado/DeepWeeds-Mobile/images/20170217-115735-0.jpg,0,0,0,0,1,0.99997854,0.99997854,1.0745511e-07,5.125032e-13,1.0901578e-11,2.3334644e-12,1.6981038e-07,1.6329553e-09,3.8234148e-06,1.7449724e-05
/home/leo/Documentos/mestrado/DeepWeeds-Mobile/images/20171109-195110-1.jpg,5,5,5,5,1,0.9989526,5.015995e-06,1.8967337e-05,1.8163686e-11,1.0467787e-09,3.4195537e-12,0.9989526,9.611285e-09,3.7610957e-07,0.001023058
/home/leo/Documentos/mestrado/DeepWeeds-Mobile/images/20180125-133750-3.jpg,8,8,8,8,1,0.4715782,0.014439453,0.20357805,1.7605427e-05,0.0001314996,1.0347053e-05,0.03702942,0.029336726,0.24387869,0.4715782
/home/leo/Documentos/mestrado/DeepWeeds-Mobile/images/20180125-132807-3.jpg,8,8,8,8,1,0.6082617,0.0004135094,0.103574954,6.7454553e-06,1.0431487e-05,2.1378662e-07,0.01097168,0.2729471,0.0038136623,0.6082617
/home/leo/Documentos/mestrado/DeepWeeds-Mobile/images/20170727-113341-1.jpg,4,4,4,4,1,0.7983471,8.797476e-05,6.463445e-06,0.1591364,0.0011235937,0.7983471,0.004587872,6.0745515e-07,6.149009e-06,0.036703877
/home/leo/Documentos/mestrado/DeepWeeds-Mobile/images/20171220-085256-2.jpg,8,8,8,8,1,0.9998727,4.5369284e-06,2.5330525e-07,1.2365842e-12,3.8300437e-05,2.2955018e-09,5.548134e-05,2.2360918e-08,2.876792e-05,0.9998727
/home/leo/Documentos/mestrado/DeepWeeds-Mobile/images/20170727-120128-3.jpg,4,4,4,4,1,0.8701064,0.000138563,1.1029057e-06,0.111743025,0.00017538136,0.8701064,0.00592881,1.0541825e-05,0.0001014741,0.011794648
/home/leo/Documentos/mestrado/DeepWeeds-Mobile/images/20180125-131311-3.jpg,8,8,8,8,1,0.9688297,0.0004029997,0.024406657,2.7020264e-05,0.0005007923,0.0002178632,0.00028488686,0.00072946196,0.0046006963,0.9688297
/home/leo/Documentos/mestrado/DeepWeeds-Mobile/images/20170217-113901-0.jpg,0,0,0,0,1,0.99999464,0.99999464,5.326863e-07,3.927542e-15,1.18459624e-14,3.6668712e-13,8.741359e-09,4.5882915e-09,3.024238e-06,1.7438168e-06
/home/leo/Documentos/mestrado/DeepWeeds-Mobile/images/20170920-095829-1.jpg,2,2,2,2,1,0.9969969,2.1102605e-07,1.6932578e-06,0.9969969,2.2685642e-08,7.846052e-07,4.0588685e-07,0.0007920307,6.3836336e-07,0.0022074117
/home/leo/Documentos/mestrado/DeepWeeds-Mobile/images/20180109-101318-2.jpg,8,8,8,8,1,0.9809303,6.1985643e-06,4.400526e-05,1.4754512e-05,2.2173494e-05,9.294765e-07,0.014966027,0.0040069516,8.656146e-06,0.9809303
/home/leo/Documentos/mestrado/DeepWeeds-Mobile/images/20171220-100330-2.jpg,8,8,8,8,1,0.9949083,6.2338154e-06,0.00014866065,7.877838e-12,2.7613984e-07,1.0306002e-11,0.004908305,1.1670844e-06,2.6951444e-05,0.9949083
/home/leo/Documentos/mestrado/DeepWeeds-Mobile/images/20171203-165600-3.jpg,8,8,8,8,1,0.9696954,0.00021727676,0.013828111,6.610615e-09,0.012533768,4.8016418e-08,0.0002667012,0.0029434431,0.0005152629,0.9696954
/home/leo/Documentos/mestrado/DeepWeeds-Mobile/images/20180125-130415-3.jpg,8,8,8,8,1,0.98331976,0.0017496665,0.0037904528,0.0009778794,0.00050838507,0.003035312,0.0001430618,8.167425e-06,0.0064673587,0.98331976
/home/leo/Documentos/mestrado/DeepWeeds-Mobile/images/20171219-094201-2.jpg,8,8,8,8,1,0.9996371,1.6311515e-05,3.539584e-07,6.298651e-11,7.4134728e-06,7.238179e-11,0.00033875386,6.7502715e-09,1.9852909e-08,0.9996371
/home/leo/Documentos/mestrado/DeepWeeds-Mobile/images/20171122-100643-1.jpg,5,5,5,5,1,0.9980913,8.778165e-06,4.2288164e-07,4.0615697e-12,2.2283539e-10,3.8725845e-12,0.9980913,1.1144231e-06,6.740209e-08,0.0018982395
/home/leo/Documentos/mestrado/DeepWeeds-Mobile/images/20170920-120103-2.jpg,2,2,2,2,1,0.99984026,4.5175878e-07,1.7544502e-07,0.99984026,8.620513e-06,1.5361426e-05,3.4211524e-07,1.077524e-07,3.2208078e-08,0.00013460506
/home/leo/Documentos/mestrado/DeepWeeds-Mobile/images/20171025-081851-3.jpg,3,8,3,8,0,0.4761278,0.094755486,0.01061377,0.00017505424,0.31203118,0.02047558,9.157471e-06,0.0016296525,0.08418237,0.4761278
/home/leo/Documentos/mestrado/DeepWeeds-Mobile/images/20170728-153408-1.jpg,4,4,4,4,1,0.99904925,2.0459076e-08,1.3768296e-10,6.44542e-07,0.00051122025,0.99904925,2.2398902e-07,4.29398e-13,3.4794678e-09,0.00043874045
/home/leo/Documentos/mestrado/DeepWeeds-Mobile/images/20180119-111517-2.jpg,8,8,8,8,1,0.98471916,4.4767534e-05,0.010671842,1.3816559e-05,2.8180227e-06,8.3392484e-07,4.3470864e-05,0.004399256,0.0001040779,0.98471916
/home/leo/Documentos/mestrado/DeepWeeds-Mobile/images/20170714-135001-3.jpg,1,0,1,0,0,0.77389693,0.77389693,0.19609302,6.5195845e-06,3.239487e-05,0.00016360194,0.0007567699,0.00044679324,0.007984524,0.020619426
/home/leo/Documentos/mestrado/DeepWeeds-Mobile/images/20170729-092214-2.jpg,4,4,4,4,1,0.9995684,4.568144e-06,1.221914e-10,3.3164255e-05,2.8110002e-05,0.9995684,4.4529873e-08,1.6343197e-13,4.720685e-05,0.00031863217
/home/leo/Documentos/mestrado/DeepWeeds-Mobile/images/20170705-162951-0.jpg,0,0,0,0,1,0.42782867,0.42782867,0.0016112835,0.059989594,0.04076394,0.016835686,0.005605411,1.1131605e-06,0.1248026,0.32256168
/home/leo/Documentos/mestrado/DeepWeeds-Mobile/images/20170207-142452-0.jpg,7,7,7,7,1,0.93939596,0.032451943,0.0014836197,2.1909582e-11,1.0960649e-09,5.2461335e-10,0.0001285298,0.023817055,0.93939596,0.002722883
/home/leo/Documentos/mestrado/DeepWeeds-Mobile/images/20180125-094825-1.jpg,8,8,8,8,1,0.997895,7.3881125e-08,6.4303e-08,6.2087038e-09,0.002103809,1.8370459e-07,5.912021e-07,1.15400745e-07,5.5240323e-09,0.997895
/home/leo/Documentos/mestrado/DeepWeeds-Mobile/images/20180125-100528-2.jpg,8,8,8,8,1,0.9902637,2.692666e-09,2.8154732e-11,6.746007e-09,0.009736121,9.2175725e-08,8.5393616e-08,1.2523971e-09,7.1845176e-11,0.9902637
/home/leo/Documentos/mestrado/DeepWeeds-Mobile/images/20171220-091842-3.jpg,8,8,8,8,1,0.9985657,0.0005350794,7.689338e-06,1.490583e-07,1.3929742e-05,3.4405464e-05,0.0008053288,3.345613e-08,3.758284e-05,0.9985657
/home/leo/Documentos/mestrado/DeepWeeds-Mobile/images/20171212-105011-3.jpg,8,8,8,8,1,0.9580618,0.040076494,3.693766e-05,1.4848877e-09,3.0534386e-07,4.1793027e-09,1.3992718e-05,1.9076712e-08,0.0018105541,0.9580618
/home/leo/Documentos/mestrado/DeepWeeds-Mobile/images/20170714-111510-1.jpg,1,5,1,5,0,0.3106023,0.0321888,0.28426436,3.002169e-05,1.4366754e-05,1.6024819e-06,0.3106023,0.0001733225,0.17407858,0.19864666
/home/leo/Documentos/mestrado/DeepWeeds-Mobile/images/20170729-092929-2.jpg,4,4,4,4,1,0.99816185,3.118906e-06,9.430813e-09,0.0010503344,0.00024775567,0.99816185,9.790042e-10,1.9084005e-12,3.636428e-06,0.00053323834
/home/leo/Documentos/mestrado/DeepWeeds-Mobile/images/20171219-112327-2.jpg,8,8,8,8,1,0.6038383,0.0014162667,6.583184e-06,2.845502e-07,0.39457828,1.8245477e-05,2.7350972e-05,6.5792025e-05,4.8923583e-05,0.6038383
/home/leo/Documentos/mestrado/DeepWeeds-Mobile/images/20180109-105537-1.jpg,8,8,8,8,1,0.88140666,0.0011244918,0.00025000767,1.7428323e-05,0.11662412,9.81955e-05,6.1645456e-05,9.059658e-06,0.00040840218,0.88140666
/home/leo/Documentos/mestrado/DeepWeeds-Mobile/images/20180119-110505-1.jpg,8,8,8,8,1,0.9975206,3.320638e-06,0.0006853966,3.482438e-12,2.5507202e-07,8.46241e-12,0.00054234796,0.0012431345,4.900196e-06,0.9975206
/home/leo/Documentos/mestrado/DeepWeeds-Mobile/images/20180109-070719-2.jpg,8,8,8,8,1,0.98780346,2.5935991e-05,7.001392e-06,0.010133354,0.00020198191,0.00040490547,8.611416e-06,0.001409214,5.472767e-06,0.98780346
/home/leo/Documentos/mestrado/DeepWeeds-Mobile/images/20171220-100527-1.jpg,8,8,8,8,1,0.9999914,9.499264e-07,1.0180779e-06,2.3952487e-14,1.5784337e-08,6.84972e-13,5.001134e-06,5.014595e-09,1.5642264e-06,0.9999914
/home/leo/Documentos/mestrado/DeepWeeds-Mobile/images/20180109-074114-2.jpg,8,6,8,6,0,0.5721263,0.0065471986,0.00075544516,8.872003e-09,5.9958e-08,2.4045423e-07,0.00025745571,0.5721263,5.092043e-05,0.4202623
/home/leo/Documentos/mestrado/DeepWeeds-Mobile/images/20180109-102917-1.jpg,8,8,8,8,1,0.92814565,0.00050939823,0.060883354,0.0003606801,0.008447652,0.00087675743,3.3323306e-07,0.00048544141,0.0002908256,0.92814565
/home/leo/Documentos/mestrado/DeepWeeds-Mobile/images/20170706-112654-0.jpg,7,8,7,8,0,0.61606824,0.007896623,0.036943864,0.0011028027,0.00026860973,5.0139322e-05,0.014193321,0.002283591,0.3211929,0.61606824
/home/leo/Documentos/mestrado/DeepWeeds-Mobile/images/20171218-105607-2.jpg,8,7,8,7,0,0.9388203,0.0046587484,0.0004954173,7.7679205e-09,4.2077505e-07,6.085855e-08,0.0001290308,1.0994526e-06,0.9388203,0.055894833
/home/leo/Documentos/mestrado/DeepWeeds-Mobile/images/20170217-145137-0.jpg,7,7,7,7,1,0.9945796,0.0053852904,4.1751896e-06,5.2969886e-14,7.545337e-12,6.626514e-13,4.991408e-08,5.7370052e-08,0.9945796,3.076703e-05
/home/leo/Documentos/mestrado/DeepWeeds-Mobile/images/20170714-143358-3.jpg,1,1,1,1,1,0.9993206,4.1315384e-06,0.9993206,2.207441e-10,3.118366e-08,8.499291e-09,1.2596784e-09,0.00064540765,1.2875296e-05,1.6987386e-05
/home/leo/Documentos/mestrado/DeepWeeds-Mobile/images/20180109-102956-2.jpg,8,8,8,8,1,0.99836344,9.3808485e-05,0.00016985695,0.0002435048,0.0001327988,4.0461193e-05,0.00012394488,8.8696404e-05,0.0007435874,0.99836344
/home/leo/Documentos/mestrado/DeepWeeds-Mobile/images/20171109-090359-1.jpg,5,5,5,5,1,0.99164903,8.845928e-07,0.00044880793,2.0760245e-10,4.4767927e-09,9.579785e-12,0.99164903,8.1535436e-05,3.3348628e-05,0.0077863713
/home/leo/Documentos/mestrado/DeepWeeds-Mobile/images/20171102-103717-2.jpg,2,2,2,2,1,0.9935846,5.1147663e-06,7.039303e-05,0.9935846,4.814251e-05,7.476802e-05,2.417675e-07,7.422003e-06,6.325586e-06,0.0062030107
/home/leo/Documentos/mestrado/DeepWeeds-Mobile/images/20171109-085222-3.jpg,5,8,5,8,0,0.7162662,0.0005906199,2.367518e-05,4.59228e-11,3.8634164e-07,2.272521e-10,0.28304628,1.0214732e-05,6.265063e-05,0.7162662
/home/leo/Documentos/mestrado/DeepWeeds-Mobile/images/20161207-112006-0.jpg,0,0,0,0,1,0.958021,0.958021,0.031020474,3.348531e-08,5.808324e-07,4.679949e-06,0.0005452757,0.0003243899,0.0093131885,0.0007703587
/home/leo/Documentos/mestrado/DeepWeeds-Mobile/images/20180109-100212-1.jpg,8,8,8,8,1,0.9992685,0.000120549485,4.8991966e-05,4.264506e-06,0.0001237716,7.781579e-06,8.283037e-06,6.3892785e-06,0.00041160686,0.9992685
/home/leo/Documentos/mestrado/DeepWeeds-Mobile/images/20170728-145927-1.jpg,8,4,8,4,0,0.75842696,0.0138708595,3.5464993e-06,0.19469152,0.005044343,0.75842696,0.00089550077,7.032621e-07,0.00081697945,0.0262496
/home/leo/Documentos/mestrado/DeepWeeds-Mobile/images/20171212-095017-1.jpg,8,8,8,8,1,0.9999727,2.6121117e-07,2.6043895e-06,5.000221e-13,1.6460406e-05,6.682039e-11,7.8984704e-07,8.1211674e-08,7.0749898e-06,0.9999727
/home/leo/Documentos/mestrado/DeepWeeds-Mobile/images/20170727-170217-1.jpg,4,4,4,4,1,0.9994505,1.2683509e-05,1.2909884e-09,2.422637e-06,0.00025821375,0.9994505,1.24979e-09,3.086669e-14,0.00015909437,0.00011706118
/home/leo/Documentos/mestrado/DeepWeeds-Mobile/images/20170714-134152-1.jpg,1,1,1,1,1,0.99385685,2.533292e-05,0.99385685,3.2802414e-10,9.498549e-08,8.215656e-11,1.4593563e-05,0.0012426926,0.002182175,0.002678365
/home/leo/Documentos/mestrado/DeepWeeds-Mobile/images/20180112-103611-1.jpg,8,8,8,8,1,0.9039084,0.049205296,0.018082408,0.0009961856,4.178958e-05,7.1235595e-06,0.0017393238,0.015671562,0.010347831,0.9039084
/home/leo/Documentos/mestrado/DeepWeeds-Mobile/images/20180105-102209-1.jpg,8,8,8,8,1,0.926521,5.8755886e-06,4.238596e-06,0.0024659415,0.00016435815,5.9373465e-06,6.4827786e-06,0.07082584,3.216996e-07,0.926521
/home/leo/Documentos/mestrado/DeepWeeds-Mobile/images/20171102-093416-3.jpg,4,8,4,8,0,0.725692,0.00025975014,0.0114221005,0.0005667341,0.041583728,0.22036164,4.2506616e-07,9.289799e-05,2.0673757e-05,0.725692
/home/leo/Documentos/mestrado/DeepWeeds-Mobile/images/20170217-113124-0.jpg,7,7,7,7,1,0.99985003,0.00011320959,5.0182607e-06,1.4446173e-11,1.5086335e-11,1.0648325e-11,5.5645995e-07,4.3322243e-06,0.99985003,2.6853708e-05
/home/leo/Documentos/mestrado/DeepWeeds-Mobile/images/20171113-131834-2.jpg,6,6,6,6,1,0.9999448,5.3663246e-08,3.3737593e-05,2.1734908e-12,9.168488e-12,8.864742e-14,8.442542e-08,0.9999448,7.57277e-08,2.125996e-05
/home/leo/Documentos/mestrado/DeepWeeds-Mobile/images/20180112-101635-2.jpg,8,8,8,8,1,0.99659014,0.0004488476,0.0005233614,2.203423e-05,7.967851e-08,1.7704925e-06,0.0016571181,0.00019741838,0.00055921264,0.99659014
/home/leo/Documentos/mestrado/DeepWeeds-Mobile/images/20171220-093046-2.jpg,8,8,8,8,1,0.9996888,4.30236e-05,2.6329357e-07,2.9682877e-12,0.00021135938,1.937578e-09,3.651769e-05,4.6957057e-06,1.5403015e-05,0.9996888
/home/leo/Documentos/mestrado/DeepWeeds-Mobile/images/20170405-160035-0.jpg,0,0,0,0,1,0.5251327,0.5251327,0.01404009,1.3448882e-06,0.0018532363,6.891172e-06,0.00020856336,9.278924e-06,0.14819779,0.3105501
/home/leo/Documentos/mestrado/DeepWeeds-Mobile/images/20170217-120051-0.jpg,0,0,0,0,1,0.9999993,0.9999993,2.0587611e-11,1.1134923e-15,3.3328445e-15,1.1784495e-14,3.1797608e-08,8.650354e-14,1.9265903e-07,5.1977963e-07
/home/leo/Documentos/mestrado/DeepWeeds-Mobile/images/20170714-142512-3.jpg,1,1,1,1,1,0.99999356,3.9221933e-07,0.99999356,2.5765738e-14,6.4498467e-12,8.2076815e-13,5.2714083e-11,4.6112928e-06,1.452604e-06,1.3700575e-08
/home/leo/Documentos/mestrado/DeepWeeds-Mobile/images/20170729-092158-1.jpg,4,4,4,4,1,0.9998168,9.621233e-07,3.6044454e-10,1.0719829e-06,0.00013989549,0.9998168,1.6489267e-10,4.002293e-15,4.6153473e-06,3.6740883e-05
/home/leo/Documentos/mestrado/DeepWeeds-Mobile/images/20180125-133844-3.jpg,8,8,8,8,1,0.9539231,0.004577643,0.018071052,0.00022367701,0.0003609852,0.00048155533,0.0020145096,0.012989453,0.0073579033,0.9539231
/home/leo/Documentos/mestrado/DeepWeeds-Mobile/images/20180125-092702-2.jpg,8,8,8,8,1,0.99992764,2.7711962e-05,2.343122e-06,3.1519868e-08,2.047945e-06,1.6448043e-08,3.8725226e-05,2.4612536e-08,1.5532307e-06,0.99992764
/home/leo/Documentos/mestrado/DeepWeeds-Mobile/images/20171220-095157-2.jpg,8,8,8,8,1,0.99969393,4.5238503e-05,1.9363635e-07,4.613672e-13,0.00010207389,4.3510232e-10,0.00015053553,5.7608553e-08,7.970676e-06,0.99969393
/home/leo/Documentos/mestrado/DeepWeeds-Mobile/images/20170728-124749-2.jpg,4,4,4,4,1,0.9988392,1.0326534e-05,3.5882533e-09,5.3000662e-05,0.0004632178,0.9988392,1.9191395e-05,6.667005e-12,3.6070257e-06,0.0006114822
/home/leo/Documentos/mestrado/DeepWeeds-Mobile/images/20170728-152727-1.jpg,8,4,8,4,0,0.9538433,0.0047633275,3.1484706e-06,0.00037912108,0.00353438,0.9538433,2.9786743e-05,9.636289e-11,0.0005656831,0.03688125
/home/leo/Documentos/mestrado/DeepWeeds-Mobile/images/20180105-101131-2.jpg,8,8,8,8,1,0.99977875,1.8940066e-08,3.2460393e-10,0.00016712733,8.586393e-08,1.9250509e-05,5.008324e-07,3.413814e-05,1.7459925e-08,0.99977875
/home/leo/Documentos/mestrado/DeepWeeds-Mobile/images/20171220-091520-3.jpg,8,8,8,8,1,0.92504257,0.001221639,0.0004422551,1.5439449e-08,0.002279852,8.826955e-08,0.02842873,0.0001384328,0.042446453,0.92504257
/home/leo/Documentos/mestrado/DeepWeeds-Mobile/images/20171109-071344-3.jpg,5,5,5,5,1,0.9976572,3.058204e-06,3.4676284e-09,2.3613328e-16,1.4752767e-12,3.155175e-16,0.9976572,1.1651539e-08,1.181199e-06,0.0023385833
/home/leo/Documentos/mestrado/DeepWeeds-Mobile/images/20171113-061420-1.jpg,6,6,6,6,1,0.9988948,3.7221062e-07,6.418069e-05,1.0644332e-09,2.6672419e-08,4.0654646e-10,1.873785e-06,0.9988948,8.03237e-07,0.001037894
/home/leo/Documentos/mestrado/DeepWeeds-Mobile/images/20170920-192007-1.jpg,2,2,2,2,1,0.9797492,0.00015157931,8.267362e-08,0.9797492,0.0022411607,0.012989257,3.5010055e-06,8.356741e-09,5.148228e-07,0.0048646694
/home/leo/Documentos/mestrado/DeepWeeds-Mobile/images/20171121-085247-1.jpg,6,6,6,6,1,0.9997069,2.3791836e-05,9.419874e-05,1.0474489e-06,1.11561995e-07,9.89461e-09,9.2898534e-07,0.9997069,5.2416093e-05,0.00012052328
/home/leo/Documentos/mestrado/DeepWeeds-Mobile/images/20170727-144459-1.jpg,4,4,4,4,1,0.96689314,0.00020350394,1.6623181e-06,0.019761374,0.00030166536,0.96689314,0.011962103,3.3729071e-07,5.5211505e-05,0.00082107214
/home/leo/Documentos/mestrado/DeepWeeds-Mobile/images/20171113-132859-3.jpg,6,6,6,6,1,0.7892554,3.3983116e-07,1.6219946e-07,2.5962458e-06,1.5368734e-09,1.93102e-07,0.00010942853,0.7892554,0.00020646595,0.21042545
/home/leo/Documentos/mestrado/DeepWeeds-Mobile/images/20180119-111543-2.jpg,8,8,8,8,1,0.99945015,3.965815e-06,7.479455e-05,2.8566708e-08,1.1664251e-05,1.4136395e-08,0.00012784149,0.00033046567,1.1620721e-06,0.99945015
/home/leo/Documentos/mestrado/DeepWeeds-Mobile/images/20180322-113626-2.jpg,8,8,8,8,1,0.9986761,4.908294e-05,3.570533e-05,6.556552e-05,0.0005142624,0.00065458525,4.916398e-07,6.7283264e-07,3.5957735e-06,0.9986761
/home/leo/Documentos/mestrado/DeepWeeds-Mobile/images/20170714-120236-2.jpg,1,1,1,1,1,0.99297696,5.762063e-06,0.99297696,2.28551e-08,4.2777284e-08,1.1394527e-08,9.425199e-08,0.0038768472,0.0022098161,0.00093034876
/home/leo/Documentos/mestrado/DeepWeeds-Mobile/images/20171113-094840-3.jpg,5,5,5,5,1,0.9820213,5.448682e-08,9.1605505e-09,6.6440937e-12,1.2407583e-09,1.2344655e-12,0.9820213,2.2934458e-08,3.657395e-08,0.017978646
/home/leo/Documentos/mestrado/DeepWeeds-Mobile/images/20180119-105847-1.jpg,8,8,8,8,1,0.9902396,6.204057e-05,0.0015639166,6.025531e-09,4.904907e-07,1.0904851e-09,0.0040238234,0.0040699816,4.0128325e-05,0.9902396
/home/leo/Documentos/mestrado/DeepWeeds-Mobile/images/20170913-102531-3.jpg,5,5,5,5,1,0.9980908,9.645039e-05,2.0697206e-07,0.00029522827,0.000297034,0.0011078829,0.9980908,5.442814e-07,2.1704205e-05,9.0122434e-05
/home/leo/Documentos/mestrado/DeepWeeds-Mobile/images/20171219-101912-3.jpg,8,8,8,8,1,0.9999708,1.6433378e-07,3.0755105e-09,9.5754024e-17,8.360897e-10,2.0587447e-12,2.9000514e-05,8.0130685e-10,1.0610137e-07,0.9999708
/home/leo/Documentos/mestrado/DeepWeeds-Mobile/images/20180112-093144-2.jpg,8,8,8,8,1,0.9265674,0.0006412293,0.06650941,0.0013871351,2.7386156e-06,1.4459559e-05,0.0010518716,0.001343395,0.0024824026,0.9265674
/home/leo/Documentos/mestrado/DeepWeeds-Mobile/images/20180112-070825-2.jpg,8,8,8,8,1,0.6393054,0.08063333,0.000256296,0.00011937624,1.6755168e-05,0.24381222,0.035243757,6.3941656e-08,0.0006129268,0.6393054
/home/leo/Documentos/mestrado/DeepWeeds-Mobile/images/20171121-181023-2.jpg,6,6,6,6,1,0.35295567,0.035667,0.26582718,2.4787403e-06,0.00048019245,1.3808271e-06,0.000103355094,0.35295567,0.03336404,0.31159875
/home/leo/Documentos/mestrado/DeepWeeds-Mobile/images/20170128-103458-0.jpg,8,8,8,8,1,0.853407,0.027941411,0.10164004,0.0040704664,0.0014661563,0.004653537,0.00072385935,0.003729621,0.002367885,0.853407
/home/leo/Documentos/mestrado/DeepWeeds-Mobile/images/20180112-101558-2.jpg,8,8,8,8,1,0.9941168,0.000105840125,9.5893185e-05,3.660001e-07,2.7991303e-08,1.8895275e-07,0.0024608183,9.269404e-05,0.0031273814,0.9941168
/home/leo/Documentos/mestrado/DeepWeeds-Mobile/images/20180322-105411-1.jpg,8,8,8,8,1,0.9397753,0.042326637,0.0019060608,7.676881e-05,4.3225655e-06,1.1349026e-06,8.116843e-05,3.318214e-08,0.015828602,0.9397753
/home/leo/Documentos/mestrado/DeepWeeds-Mobile/images/20171109-091647-1.jpg,5,5,5,5,1,0.9994782,5.973762e-08,5.482748e-06,5.5531104e-11,2.1612473e-12,4.9111692e-14,0.9994782,1.3312238e-05,4.6982885e-07,0.0005024697
/home/leo/Documentos/mestrado/DeepWeeds-Mobile/images/20170920-181043-1.jpg,2,2,2,2,1,0.9697184,8.424701e-06,2.2729527e-08,0.9697184,0.0024167923,0.025343318,4.9475773e-05,5.13009e-07,1.4305323e-07,0.0024630155
/home/leo/Documentos/mestrado/DeepWeeds-Mobile/images/20170728-120134-2.jpg,4,4,4,4,1,0.9973193,2.4748658e-06,1.5810125e-09,9.320875e-05,0.0007371514,0.9973193,6.4396795e-07,5.2162094e-11,2.9465153e-07,0.0018469287
/home/leo/Documentos/mestrado/DeepWeeds-Mobile/images/20180105-101350-2.jpg,8,8,8,8,1,0.9734981,9.694484e-07,5.9505126e-08,0.0002964292,1.1371048e-06,5.1131916e-05,7.720456e-06,0.02610171,4.2699503e-05,0.9734981
/home/leo/Documentos/mestrado/DeepWeeds-Mobile/images/20170129-102119-0.jpg,8,8,8,8,1,0.96022546,0.0035891165,0.02908845,8.5069004e-08,0.00021490896,9.565625e-08,0.000895912,7.748175e-05,0.0059084417,0.96022546
/home/leo/Documentos/mestrado/DeepWeeds-Mobile/images/20180125-093721-2.jpg,8,8,8,8,1,0.9993713,6.4337946e-05,2.3889303e-05,9.615727e-07,0.0004289448,3.4003413e-05,7.976619e-06,1.8229075e-06,6.679836e-05,0.9993713
/home/leo/Documentos/mestrado/DeepWeeds-Mobile/images/20170913-103603-3.jpg,5,5,5,5,1,0.9936679,0.0013131791,7.719064e-05,1.1813619e-06,8.299468e-05,0.00012803644,0.9936679,2.3168368e-05,0.0042549376,0.0004513722
/home/leo/Documentos/mestrado/DeepWeeds-Mobile/images/20170127-101244-0.jpg,1,1,1,1,1,0.9558148,0.03843862,0.9558148,2.482087e-10,4.9300475e-10,7.453278e-10,1.3202122e-06,0.0007287912,0.004303146,0.00071326277
/home/leo/Documentos/mestrado/DeepWeeds-Mobile/images/20171220-085013-3.jpg,8,8,8,8,1,0.8698941,8.291809e-06,0.12967114,6.909493e-09,2.906094e-08,1.4112851e-08,1.7563895e-08,6.18085e-05,0.00036458482,0.8698941
/home/leo/Documentos/mestrado/DeepWeeds-Mobile/images/20180105-092927-2.jpg,8,8,8,8,1,0.9968159,5.1990668e-08,2.5743924e-08,0.0031735816,1.8578666e-07,4.802737e-06,1.2975956e-08,5.4907905e-06,1.3079274e-08,0.9968159
/home/leo/Documentos/mestrado/DeepWeeds-Mobile/images/20180112-072312-1.jpg,8,8,8,8,1,0.9579733,0.0002976408,0.017325211,2.1039124e-05,0.019647676,0.0007143648,3.7761777e-06,0.00015081947,0.003866319,0.9579733
/home/leo/Documentos/mestrado/DeepWeeds-Mobile/images/20170130-102315-0.jpg,1,1,1,1,1,0.7878663,0.052693557,0.7878663,3.4645984e-06,0.00025578626,1.2466805e-05,0.000118155025,0.06499977,0.07323544,0.020815087
/home/leo/Documentos/mestrado/DeepWeeds-Mobile/images/20180125-101413-2.jpg,8,8,8,8,1,0.9992756,1.1230704e-07,1.7506195e-10,1.5472777e-07,0.00071982836,2.979427e-06,8.684298e-07,4.3834874e-07,3.9463763e-10,0.9992756
/home/leo/Documentos/mestrado/DeepWeeds-Mobile/images/20171205-144929-2.jpg,8,8,8,8,1,0.98353857,1.8020596e-06,0.00043945326,6.5823405e-09,7.777225e-05,3.0220189e-09,0.015618962,0.0003217035,1.7493267e-06,0.98353857
/home/leo/Documentos/mestrado/DeepWeeds-Mobile/images/20171218-113049-3.jpg,8,8,8,8,1,0.99999774,7.219244e-07,1.4482004e-06,2.5620533e-11,7.62144e-08,3.35426e-08,1.7231443e-08,1.3573752e-08,4.796339e-09,0.99999774
/home/leo/Documentos/mestrado/DeepWeeds-Mobile/images/20180105-091612-3.jpg,8,8,8,8,1,0.99832875,1.8178904e-05,9.580152e-07,3.596496e-05,4.3169125e-06,6.1800138e-06,1.0646922e-06,0.0016042145,2.7664663e-07,0.99832875
/home/leo/Documentos/mestrado/DeepWeeds-Mobile/images/20180109-110049-1.jpg,8,8,8,8,1,0.9738196,0.019715808,0.0020176615,0.0002850599,0.001137128,0.00013517926,2.6390042e-06,2.4115345e-06,0.002884494,0.9738196
/home/leo/Documentos/mestrado/DeepWeeds-Mobile/images/20180125-130032-3.jpg,8,1,8,1,0,0.5676022,0.015988426,0.5676022,4.5897837e-09,2.4962067e-06,6.252087e-08,0.0004009371,0.3634657,0.011456669,0.041083552
/home/leo/Documentos/mestrado/DeepWeeds-Mobile/images/20170728-153128-1.jpg,4,3,4,3,0,0.620765,0.0017025627,0.000261323,0.011455412,0.620765,0.32388127,0.007591524,4.2316806e-06,0.00021540014,0.034123365
/home/leo/Documentos/mestrado/DeepWeeds-Mobile/images/20171218-115503-3.jpg,8,8,8,8,1,0.99020904,3.3522414e-05,0.00035464615,1.1113941e-10,1.5708247e-06,2.592036e-10,0.009384699,9.9273775e-06,6.687452e-06,0.99020904
/home/leo/Documentos/mestrado/DeepWeeds-Mobile/images/20170727-113318-1.jpg,4,4,4,4,1,0.8993429,0.00018294455,6.5181915e-08,0.02170771,0.017481357,0.8993429,0.037972085,3.3396955e-06,2.4211578e-05,0.023285292
/home/leo/Documentos/mestrado/DeepWeeds-Mobile/images/20180109-090929-2.jpg,8,8,8,8,1,0.9681178,0.00010287972,1.4753354e-05,4.082122e-07,0.02796417,9.419252e-07,0.0037130434,1.753883e-05,6.845813e-05,0.9681178
/home/leo/Documentos/mestrado/DeepWeeds-Mobile/images/20180322-115058-1.jpg,8,8,8,8,1,0.99931467,9.186331e-05,4.0515724e-06,1.5222676e-12,6.363528e-08,6.125406e-09,3.64268e-08,4.65446e-11,0.0005893581,0.99931467
/home/leo/Documentos/mestrado/DeepWeeds-Mobile/images/20171113-133259-3.jpg,6,6,6,6,1,0.9796902,8.02776e-05,5.4700336e-06,6.687398e-06,2.438924e-06,5.8601425e-05,0.0002779591,0.9796902,0.0006766408,0.019201849
/home/leo/Documentos/mestrado/DeepWeeds-Mobile/images/20180109-103551-1.jpg,8,8,8,8,1,0.95620567,0.014447937,0.0029968612,0.008728249,0.00833289,0.0056621195,1.1910473e-05,0.0002294612,0.0033848824,0.95620567
/home/leo/Documentos/mestrado/DeepWeeds-Mobile/images/20180125-123243-2.jpg,8,8,8,8,1,0.99578744,0.00018340275,0.001345665,5.5062446e-05,0.00019815724,0.0003898031,9.414932e-07,0.0004210992,0.0016184379,0.99578744
/home/leo/Documentos/mestrado/DeepWeeds-Mobile/images/20170729-154609-3.jpg,4,4,4,4,1,0.93344784,2.0288114e-06,1.8338511e-09,0.005472679,0.05738867,0.93344784,7.798979e-09,8.855542e-12,2.6824991e-06,0.0036862406
/home/leo/Documentos/mestrado/DeepWeeds-Mobile/images/20180105-094917-3.jpg,8,8,8,8,1,0.9881841,2.7445992e-06,1.2288973e-05,0.00017048499,1.9517252e-06,1.613429e-07,2.0659209e-05,0.01160564,2.1101007e-06,0.9881841
/home/leo/Documentos/mestrado/DeepWeeds-Mobile/images/20180119-115650-2.jpg,8,8,8,8,1,0.9896826,3.8078666e-05,8.603892e-05,3.5523299e-12,0.0003162982,2.2372858e-10,0.009835464,4.0262643e-05,1.2798395e-06,0.9896826
/home/leo/Documentos/mestrado/DeepWeeds-Mobile/images/20171102-094000-1.jpg,4,2,4,2,0,0.52969205,0.00060648023,0.0051733386,0.52969205,0.040891845,0.27032366,3.448435e-07,3.3381617e-05,6.283281e-05,0.153216
/home/leo/Documentos/mestrado/DeepWeeds-Mobile/images/20170130-102342-0.jpg,1,1,1,1,1,0.99940884,4.7536218e-05,0.99940884,6.1664e-10,1.8563435e-07,2.9922054e-10,3.6303504e-08,2.6990442e-06,0.00019246111,0.00034828013
/home/leo/Documentos/mestrado/DeepWeeds-Mobile/images/20180109-085529-1.jpg,8,8,8,8,1,0.96499276,2.1813357e-05,0.0015725896,8.186341e-11,0.03307621,5.3731237e-09,9.0472895e-06,6.3556305e-05,0.00026397427,0.96499276
/home/leo/Documentos/mestrado/DeepWeeds-Mobile/images/20180109-101406-2.jpg,8,8,8,8,1,0.98498464,6.5025533e-06,0.00025445045,3.2545927e-07,0.00013608052,7.2304005e-07,0.000115614566,0.014499131,2.648792e-06,0.98498464
/home/leo/Documentos/mestrado/DeepWeeds-Mobile/images/20170811-154839-2.jpg,0,0,0,0,1,0.8952621,0.8952621,0.0013480879,2.4266308e-08,3.3734093e-08,7.2609744e-08,0.0005273263,1.914714e-06,0.091306835,0.011553566
/home/leo/Documentos/mestrado/DeepWeeds-Mobile/images/20170210-145104-0.jpg,7,7,7,7,1,0.9875222,0.012456406,7.920706e-08,8.963252e-13,1.5782849e-11,7.370688e-14,1.596473e-06,5.5458393e-09,0.9875222,1.9726778e-05
/home/leo/Documentos/mestrado/DeepWeeds-Mobile/images/20170811-162648-1.jpg,0,0,0,0,1,0.94238454,0.94238454,0.00036482568,4.3036968e-07,2.410017e-05,5.6469935e-06,1.1294617e-05,4.5811234e-06,0.011031343,0.046173196
/home/leo/Documentos/mestrado/DeepWeeds-Mobile/images/20180112-072933-2.jpg,8,0,8,0,0,0.49924928,0.49924928,0.00036833997,6.9316404e-05,0.00047132903,1.2808258e-06,7.042164e-06,9.534905e-09,0.07044326,0.42939013
/home/leo/Documentos/mestrado/DeepWeeds-Mobile/images/20171113-150347-1.jpg,6,6,6,6,1,0.99415374,6.126327e-05,3.5069877e-06,2.9037428e-06,3.9912206e-07,2.219745e-06,0.005412677,0.99415374,0.00019709507,0.00016612984
/home/leo/Documentos/mestrado/DeepWeeds-Mobile/images/20170913-103729-2.jpg,3,3,3,3,1,0.98848385,2.7056157e-07,2.8912185e-08,0.000118585354,0.98848385,0.00016696857,2.522764e-06,1.0331371e-09,5.822464e-10,0.011227689
/home/leo/Documentos/mestrado/DeepWeeds-Mobile/images/20170128-102246-0.jpg,8,8,8,8,1,0.9717007,0.00043119083,0.0022950799,4.8430677e-05,0.024571424,0.0006922717,1.9442011e-06,0.000114514514,0.00014441395,0.9717007
/home/leo/Documentos/mestrado/DeepWeeds-Mobile/images/20180125-130453-3.jpg,8,8,8,8,1,0.96937925,0.0006400295,0.00694562,9.8708915e-05,0.00068596745,6.45957e-05,0.0002913694,5.9445465e-06,0.021888334,0.96937925
/home/leo/Documentos/mestrado/DeepWeeds-Mobile/images/20180109-080137-2.jpg,7,6,7,6,0,0.9839681,0.00046774038,1.0161773e-05,4.703174e-08,4.1475394e-07,3.8458066e-07,2.7083502e-06,0.9839681,0.011052114,0.0044983653
/home/leo/Documentos/mestrado/DeepWeeds-Mobile/images/20171219-094345-2.jpg,8,8,8,8,1,0.99999094,1.1741665e-07,7.049411e-08,1.0288032e-13,2.9615699e-06,4.757195e-12,2.6235825e-06,3.2315795e-06,3.573333e-08,0.99999094
/home/leo/Documentos/mestrado/DeepWeeds-Mobile/images/20180322-114403-2.jpg,8,8,8,8,1,0.9997989,1.0537239e-05,2.0495836e-05,3.4277775e-05,0.00010170737,3.3036653e-05,2.678343e-07,1.09019496e-07,6.096064e-07,0.9997989
/home/leo/Documentos/mestrado/DeepWeeds-Mobile/images/20180109-070154-2.jpg,8,8,8,8,1,0.8421552,2.9230955e-06,1.637255e-06,2.3013733e-07,1.302331e-09,4.6189125e-11,0.00012306945,0.15771581,1.0449221e-06,0.8421552
/home/leo/Documentos/mestrado/DeepWeeds-Mobile/images/20171109-074543-1.jpg,5,5,5,5,1,0.9963432,5.108917e-06,3.6418704e-09,1.7275322e-12,2.377884e-12,4.552006e-12,0.9963432,7.362484e-08,0.00010054405,0.0035510652
/home/leo/Documentos/mestrado/DeepWeeds-Mobile/images/20180125-092007-1.jpg,8,8,8,8,1,0.99992716,9.4667985e-06,2.9325782e-05,7.2784783e-06,2.0722011e-06,1.0546231e-05,8.659702e-06,1.087129e-06,4.551538e-06,0.99992716
/home/leo/Documentos/mestrado/DeepWeeds-Mobile/images/20180109-074021-2.jpg,8,8,8,8,1,0.988872,0.0010475777,0.00078034156,2.9511886e-09,2.0983055e-09,9.227703e-11,2.789809e-06,0.008998648,0.00029859607,0.988872
