filename,y_true_idx,y_pred_idx,y_true,y_pred,correct,pred_confidence,prob_0,prob_1,prob_2,prob_3,prob_4,prob_5,prob_6,prob_7,prob_8
/home/leo/Documentos/mestrado/DeepWeeds-Mobile/images/20171218-121638-2.jpg,8,8,8,8,1,0.999372,0.00016507402,0.000120500365,1.0907036e-09,3.126235e-05,1.3839169e-08,5.2152307e-05,8.769622e-07,0.00025804355,0.999372
/home/leo/Documentos/mestrado/DeepWeeds-Mobile/images/20180322-113829-2.jpg,8,8,8,8,1,0.99875736,0.00025070805,0.00030557511,1.8278551e-07,1.1859907e-05,5.510706e-06,5.2961306e-05,7.349356e-06,0.0006084991,0.99875736
/home/leo/Documentos/mestrado/DeepWeeds-Mobile/images/20171220-093036-2.jpg,8,8,8,8,1,0.9851285,0.00019157097,1.0366984e-06,1.707988e-10,0.0014520589,1.9452662e-07,0.013220057,3.2323517e-06,3.222441e-06,0.9851285
/home/leo/Documentos/mestrado/DeepWeeds-Mobile/images/20171113-144706-1.jpg,6,6,6,6,1,0.81602633,0.00090681686,0.00019669224,0.000746256,0.00039011065,0.00026070414,0.00032599052,0.81602633,0.000121085584,0.18102609
/home/leo/Documentos/mestrado/DeepWeeds-Mobile/images/20180112-070213-2.jpg,8,0,8,0,0,0.48189154,0.48189154,0.000101051424,0.0013901424,0.008112601,0.00017931491,5.257842e-06,5.4078846e-08,0.11623279,0.39208734
/home/leo/Documentos/mestrado/DeepWeeds-Mobile/images/20171025-092149-1.jpg,3,8,3,8,0,0.9483443,0.008598726,0.00048887206,0.0026124849,0.03355095,0.0002120374,0.00059333554,3.4444122e-06,0.0055958075,0.9483443
/home/leo/Documentos/mestrado/DeepWeeds-Mobile/images/20180125-094007-1.jpg,8,8,8,8,1,0.9938407,0.0015305019,0.00073712843,6.9161765e-06,0.00057898654,0.00049434876,0.0006039309,4.0299918e-05,0.0021671597,0.9938407
/home/leo/Documentos/mestrado/DeepWeeds-Mobile/images/20180112-091818-1.jpg,8,8,8,8,1,0.9641873,0.0165426,0.0006529965,0.003904478,0.0001538865,3.1377687e-05,3.120124e-05,3.6714155e-05,0.014459403,0.9641873
/home/leo/Documentos/mestrado/DeepWeeds-Mobile/images/20180322-113827-1.jpg,8,8,8,8,1,0.9919161,0.0013012083,0.0008123885,1.7219111e-08,3.557288e-05,2.7996464e-06,0.004129365,5.469781e-06,0.0017970856,0.9919161
/home/leo/Documentos/mestrado/DeepWeeds-Mobile/images/20170610-122744-0.jpg,1,1,1,1,1,0.3924501,0.13801879,0.3924501,0.00059507147,0.0078095966,0.0058858953,0.0048090136,0.004048707,0.29494676,0.1514361
/home/leo/Documentos/mestrado/DeepWeeds-Mobile/images/20180125-130452-2.jpg,8,8,8,8,1,0.98692304,0.0002826084,0.004757238,2.3987633e-08,0.00019006808,7.372168e-05,0.00038507808,0.00090763625,0.006480552,0.98692304
/home/leo/Documentos/mestrado/DeepWeeds-Mobile/images/20170714-140006-2.jpg,1,1,1,1,1,0.9623106,2.5130534e-05,0.9623106,3.5142897e-08,1.008574e-05,5.3817082e-08,0.00011084041,0.03465342,0.0006801464,0.0022096413
/home/leo/Documentos/mestrado/DeepWeeds-Mobile/images/20180109-070928-1.jpg,8,6,8,6,0,0.99595284,5.999238e-09,2.3350625e-05,8.644906e-12,6.978293e-05,1.9856472e-08,1.9502548e-09,0.99595284,8.0028e-08,0.0039539826
/home/leo/Documentos/mestrado/DeepWeeds-Mobile/images/20171220-101728-2.jpg,8,8,8,8,1,0.93770576,1.4309543e-06,3.497068e-08,7.773658e-13,9.517455e-06,8.6685745e-12,0.062264267,1.8524523e-05,4.435469e-07,0.93770576
/home/leo/Documentos/mestrado/DeepWeeds-Mobile/images/20180105-093530-2.jpg,8,8,8,8,1,0.8699833,0.00010236518,0.0013277361,0.08207364,0.00021694633,0.0035669021,8.389553e-06,0.041266095,0.001454591,0.8699833
/home/leo/Documentos/mestrado/DeepWeeds-Mobile/images/20170729-090158-1.jpg,4,4,4,4,1,0.42407462,0.031373505,0.0020943622,0.0051120366,0.010749489,0.42407462,2.3462162e-05,5.5332357e-06,0.12730673,0.39926028
/home/leo/Documentos/mestrado/DeepWeeds-Mobile/images/20170501-143005-0.jpg,1,6,1,6,0,0.52608776,0.0043484936,0.30901304,1.552984e-05,1.3502232e-06,4.8140294e-07,0.015429729,0.52608776,0.097718865,0.04738468
/home/leo/Documentos/mestrado/DeepWeeds-Mobile/images/20171220-084733-3.jpg,8,8,8,8,1,0.99269414,0.0039639585,9.940103e-06,9.7065196e-11,0.00029044418,1.0375745e-05,6.218967e-07,6.1265425e-08,0.003030355,0.99269414
/home/leo/Documentos/mestrado/DeepWeeds-Mobile/images/20180105-095005-2.jpg,8,8,8,8,1,0.9984149,3.5910416e-05,1.4872385e-05,9.3903855e-06,0.0001689371,6.571169e-06,2.2807715e-06,0.0013329996,1.4092566e-05,0.9984149
/home/leo/Documentos/mestrado/DeepWeeds-Mobile/images/20171220-092258-2.jpg,8,8,8,8,1,0.99941665,7.290577e-06,1.9409867e-08,1.0602597e-11,7.4291864e-05,5.983015e-09,0.00049949647,2.6577916e-07,2.0028963e-06,0.99941665
/home/leo/Documentos/mestrado/DeepWeeds-Mobile/images/20171113-162351-0.jpg,6,6,6,6,1,0.9923425,4.893366e-06,0.005582658,1.2495238e-08,7.253184e-05,7.301647e-07,2.983156e-06,0.9923425,1.9656698e-06,0.001991821
/home/leo/Documentos/mestrado/DeepWeeds-Mobile/images/20170906-135411-1.jpg,3,8,3,8,0,0.41866606,0.011456592,0.00024092151,0.00069200527,0.3508652,0.066715375,1.0947317e-06,7.686572e-07,0.15136185,0.41866606
/home/leo/Documentos/mestrado/DeepWeeds-Mobile/images/20171219-094517-3.jpg,8,8,8,8,1,0.88667697,0.014164573,0.0005696108,8.590562e-08,0.0009001098,3.9571907e-05,0.0009954375,2.8693818e-05,0.09662499,0.88667697
/home/leo/Documentos/mestrado/DeepWeeds-Mobile/images/20171218-115339-2.jpg,8,8,8,8,1,0.9935783,2.0938262e-06,9.452094e-06,6.4317115e-12,0.0063994387,1.2185833e-07,1.7407498e-08,4.0835926e-06,6.4348724e-06,0.9935783
/home/leo/Documentos/mestrado/DeepWeeds-Mobile/images/20180119-105722-1.jpg,8,8,8,8,1,0.69717705,0.051786754,0.21366002,0.00016542224,0.00020408149,0.0021591615,7.31183e-05,0.020532452,0.014241914,0.69717705
/home/leo/Documentos/mestrado/DeepWeeds-Mobile/images/20170920-120001-2.jpg,2,8,2,8,0,0.7085725,4.809661e-06,1.312934e-07,0.08649736,1.4213698e-06,0.20055592,1.20089735e-05,0.004355815,7.543724e-08,0.7085725
/home/leo/Documentos/mestrado/DeepWeeds-Mobile/images/20171219-105402-2.jpg,8,8,8,8,1,0.9321271,0.01672532,0.0039319876,0.00028889155,0.018906096,0.020307604,0.0021667674,0.0002853462,0.005260813,0.9321271
/home/leo/Documentos/mestrado/DeepWeeds-Mobile/images/20171121-090837-3.jpg,6,6,6,6,1,0.7241482,0.00055999926,0.043750886,0.0044244234,0.0020445872,0.003071121,0.00019874828,0.7241482,0.0013537251,0.22044833
/home/leo/Documentos/mestrado/DeepWeeds-Mobile/images/20171219-104736-2.jpg,8,8,8,8,1,0.9891431,0.0004103015,1.8512812e-05,9.2844886e-08,0.009864412,2.1366475e-05,7.423197e-05,2.0823289e-05,0.00044722037,0.9891431
/home/leo/Documentos/mestrado/DeepWeeds-Mobile/images/20171220-083152-2.jpg,8,8,8,8,1,0.99471986,0.0008580194,5.805489e-06,3.3765183e-08,0.00049197674,4.0269802e-05,0.00049583777,8.8746333e-07,0.0033871566,0.99471986
/home/leo/Documentos/mestrado/DeepWeeds-Mobile/images/20170128-103616-0.jpg,7,8,7,8,0,0.46894777,0.0038535134,0.41090056,1.1491904e-05,0.08133789,0.016822234,1.7458375e-05,0.0003969811,0.0177121,0.46894777
/home/leo/Documentos/mestrado/DeepWeeds-Mobile/images/20171220-084505-3.jpg,8,8,8,8,1,0.9990522,0.000109489214,1.3743066e-07,5.769606e-14,2.6076697e-05,3.849691e-09,1.001465e-05,2.9006507e-08,0.00080206915,0.9990522
/home/leo/Documentos/mestrado/DeepWeeds-Mobile/images/20171113-092207-1.jpg,5,5,5,5,1,0.8957837,0.020478852,0.0046070623,8.302729e-06,0.00086247455,5.7026857e-05,0.8957837,7.2287934e-05,0.028194519,0.049935736
/home/leo/Documentos/mestrado/DeepWeeds-Mobile/images/20180125-131130-2.jpg,8,8,8,8,1,0.99650806,0.00022642779,0.0013577364,0.00023596644,0.0003389104,1.200148e-05,6.5614375e-05,0.0008434938,0.00041175654,0.99650806
/home/leo/Documentos/mestrado/DeepWeeds-Mobile/images/20171218-120904-2.jpg,8,8,8,8,1,0.9999993,1.1635774e-07,5.191586e-10,6.880492e-17,2.961909e-07,6.6616195e-13,1.0870031e-08,4.856527e-11,2.8676888e-07,0.9999993
/home/leo/Documentos/mestrado/DeepWeeds-Mobile/images/20180125-091509-2.jpg,8,8,8,8,1,0.99981594,1.3709213e-06,1.1276927e-07,1.1568598e-05,3.2928178e-06,3.9922954e-05,2.6857245e-07,0.0001269509,5.068062e-07,0.99981594
/home/leo/Documentos/mestrado/DeepWeeds-Mobile/images/20171113-142823-0.jpg,6,6,6,6,1,0.99197376,1.6596882e-06,0.0024883135,1.0068744e-06,5.2508415e-07,1.4858686e-08,2.1245607e-05,0.99197376,3.5213838e-05,0.0054782513
/home/leo/Documentos/mestrado/DeepWeeds-Mobile/images/20180105-101617-2.jpg,8,8,8,8,1,0.8527364,0.0011693462,0.0003570972,0.027065372,0.0012174929,0.008077739,4.3330903e-05,0.10117773,0.008155373,0.8527364
/home/leo/Documentos/mestrado/DeepWeeds-Mobile/images/20171218-114755-2.jpg,8,8,8,8,1,0.78313243,0.13529085,0.002953341,0.0016388443,0.038759418,0.0006162857,0.00012691833,9.089711e-05,0.037391055,0.78313243
/home/leo/Documentos/mestrado/DeepWeeds-Mobile/images/20171218-115905-3.jpg,8,8,8,8,1,0.99723226,2.961843e-05,7.4051263e-07,1.1938617e-10,0.00010106879,9.688063e-08,0.0026105728,1.1599485e-05,1.4052347e-05,0.99723226
/home/leo/Documentos/mestrado/DeepWeeds-Mobile/images/20171113-132408-1.jpg,6,6,6,6,1,0.99805415,1.15872545e-07,0.00049483794,2.24887e-08,1.38241365e-08,2.2201893e-10,5.397454e-07,0.99805415,2.3011035e-06,0.0014481329
/home/leo/Documentos/mestrado/DeepWeeds-Mobile/images/20171113-134208-3.jpg,6,6,6,6,1,0.98892933,2.5592765e-06,0.00010947681,2.714456e-05,7.2369613e-07,2.369984e-08,1.810244e-06,0.98892933,4.227204e-07,0.010928519
/home/leo/Documentos/mestrado/DeepWeeds-Mobile/images/20180112-103015-1.jpg,8,8,8,8,1,0.9921719,0.0046809255,0.00021549739,0.00021938606,2.7568489e-05,1.8761486e-06,8.3129904e-05,3.7799062e-05,0.0025620156,0.9921719
/home/leo/Documentos/mestrado/DeepWeeds-Mobile/images/20180105-100443-2.jpg,8,8,8,8,1,0.9975056,5.913136e-07,1.0029148e-06,0.00023999646,8.333194e-06,0.00044360326,3.2214105e-09,0.0017987182,2.0369534e-06,0.9975056
/home/leo/Documentos/mestrado/DeepWeeds-Mobile/images/20171218-104412-3.jpg,8,8,8,8,1,0.99773335,5.1453622e-05,7.0427927e-06,6.697824e-09,4.5555433e-07,1.7122873e-09,0.0016686738,2.6514851e-06,0.000536359,0.99773335
/home/leo/Documentos/mestrado/DeepWeeds-Mobile/images/20171109-073228-3.jpg,5,5,5,5,1,0.8936669,0.000899838,4.370176e-05,5.6802556e-08,7.53783e-06,6.5385546e-09,0.8936669,0.00027360916,0.001581304,0.10352713
/home/leo/Documentos/mestrado/DeepWeeds-Mobile/images/20171113-144747-0.jpg,6,8,6,8,0,0.780869,2.7229737e-05,0.00019753902,2.1242853e-05,0.00012841733,0.0006163086,1.1275884e-05,0.21809192,3.693273e-05,0.780869
/home/leo/Documentos/mestrado/DeepWeeds-Mobile/images/20171218-111729-2.jpg,8,8,8,8,1,0.92482495,0.007603565,0.0045780535,1.3068385e-05,0.0017002325,3.7654558e-05,0.00023970615,9.631277e-07,0.061001796,0.92482495
/home/leo/Documentos/mestrado/DeepWeeds-Mobile/images/20170210-133245-0.jpg,0,0,0,0,1,0.7470541,0.7470541,8.974006e-05,4.128452e-08,5.624279e-09,3.4977365e-11,1.1606334e-05,0.0003483229,0.24810469,0.004391457
/home/leo/Documentos/mestrado/DeepWeeds-Mobile/images/20180322-132245-1.jpg,8,8,8,8,1,0.9998281,4.064888e-06,4.5095635e-06,1.5178446e-06,6.3941984e-06,2.2413355e-05,2.2979075e-05,0.000107273656,2.728735e-06,0.9998281
/home/leo/Documentos/mestrado/DeepWeeds-Mobile/images/20170920-163223-3.jpg,2,2,2,2,1,0.9995623,3.886687e-06,2.6628463e-08,0.9995623,2.9753433e-06,0.0003797277,9.139374e-06,1.6860359e-07,1.5562975e-07,4.1640065e-05
/home/leo/Documentos/mestrado/DeepWeeds-Mobile/images/20171205-144118-2.jpg,8,8,8,8,1,0.99629337,4.7830554e-06,3.715741e-08,1.9955584e-11,0.00027054283,3.9520447e-08,0.003427949,2.2108643e-06,1.0234623e-06,0.99629337
/home/leo/Documentos/mestrado/DeepWeeds-Mobile/images/20180125-134310-2.jpg,8,8,8,8,1,0.9912277,0.0015525703,0.0005019564,3.2104518e-07,2.4007022e-05,0.0012381977,9.361575e-07,8.504542e-07,0.0054534185,0.9912277
/home/leo/Documentos/mestrado/DeepWeeds-Mobile/images/20171212-093915-1.jpg,8,8,8,8,1,0.9997934,4.7863757e-09,1.0817633e-10,2.0671555e-21,0.00020642618,1.1458503e-13,2.958836e-08,2.4304048e-10,8.374104e-08,0.9997934
/home/leo/Documentos/mestrado/DeepWeeds-Mobile/images/20170728-124854-2.jpg,4,4,4,4,1,0.74683374,0.022055741,0.0010994304,9.319605e-05,0.03402804,0.74683374,4.560409e-06,0.0003076809,0.1590538,0.036523808
/home/leo/Documentos/mestrado/DeepWeeds-Mobile/images/20180125-100559-1.jpg,8,8,8,8,1,0.961761,0.0010717708,3.6021313e-05,1.6601873e-05,0.008041647,7.360923e-05,0.024217892,0.004475091,0.00030643473,0.961761
/home/leo/Documentos/mestrado/DeepWeeds-Mobile/images/20180112-083307-1.jpg,8,8,8,8,1,0.829668,0.12152399,2.7086167e-05,0.0055696596,0.0010344806,0.0008362145,4.702563e-06,6.313827e-09,0.04133584,0.829668
/home/leo/Documentos/mestrado/DeepWeeds-Mobile/images/20171113-135158-3.jpg,6,6,6,6,1,0.53825057,0.0061628157,0.0034979233,0.04359914,0.0008632187,0.00085160026,0.0007797378,0.53825057,0.09986668,0.30612832
/home/leo/Documentos/mestrado/DeepWeeds-Mobile/images/20171113-141038-2.jpg,6,6,6,6,1,0.9807788,4.1788608e-05,0.013546988,6.5599316e-08,3.2952317e-05,5.521838e-07,2.211483e-05,0.9807788,0.00149727,0.0040794
/home/leo/Documentos/mestrado/DeepWeeds-Mobile/images/20171109-092615-1.jpg,5,5,5,5,1,0.99992526,8.9060114e-07,6.9005193e-07,4.1394443e-13,6.45228e-10,8.5673164e-15,0.99992526,5.581202e-07,8.2536864e-08,7.250791e-05
/home/leo/Documentos/mestrado/DeepWeeds-Mobile/images/20180322-115710-2.jpg,8,8,8,8,1,0.91253567,0.026108189,0.043553866,5.0416173e-08,0.00032095684,0.00011630795,0.0002059182,0.00014954775,0.017009534,0.91253567
/home/leo/Documentos/mestrado/DeepWeeds-Mobile/images/20171109-093300-1.jpg,5,5,5,5,1,0.9957444,6.576135e-05,1.4912216e-05,4.593901e-10,1.5719483e-05,4.8530524e-10,0.9957444,4.041078e-05,1.132133e-06,0.004117584
/home/leo/Documentos/mestrado/DeepWeeds-Mobile/images/20171205-124016-2.jpg,8,8,8,8,1,0.9750877,9.741385e-07,3.581549e-08,4.172631e-13,0.000103724014,3.299277e-11,0.02478313,2.3917004e-05,5.1799697e-07,0.9750877
/home/leo/Documentos/mestrado/DeepWeeds-Mobile/images/20180125-132911-2.jpg,8,8,8,8,1,0.9985493,0.000111942965,0.0011064305,3.0354164e-09,2.7013575e-05,1.7723978e-05,7.6014567e-06,9.2597713e-07,0.00017905247,0.9985493
/home/leo/Documentos/mestrado/DeepWeeds-Mobile/images/20171217-184207-2.jpg,8,8,8,8,1,0.7527693,0.0012688162,0.010536738,7.789173e-07,2.8426366e-06,2.9335848e-08,0.22792378,0.00545122,0.0020465706,0.7527693
/home/leo/Documentos/mestrado/DeepWeeds-Mobile/images/20170714-135350-3.jpg,1,1,1,1,1,0.9994931,1.93431e-05,0.9994931,1.2613999e-11,4.126094e-09,1.3899968e-09,1.0525847e-06,0.00019111138,0.00023641545,5.8932423e-05
/home/leo/Documentos/mestrado/DeepWeeds-Mobile/images/20180125-131541-3.jpg,8,8,8,8,1,0.60899305,0.156837,0.033502772,0.00644016,0.004401762,0.008171547,0.0006850296,0.0002761795,0.18069251,0.60899305
/home/leo/Documentos/mestrado/DeepWeeds-Mobile/images/20170129-103949-0.jpg,8,7,8,7,0,0.3303639,0.16584167,0.18435436,1.4009105e-06,3.6540562e-06,3.042617e-06,0.021681594,6.4935506e-05,0.3303639,0.2976854
/home/leo/Documentos/mestrado/DeepWeeds-Mobile/images/20170715-164251-1.jpg,1,1,1,1,1,0.95431554,2.6328507e-05,0.95431554,2.9915548e-06,4.9107766e-06,1.0851547e-06,1.17243335e-05,0.045386452,2.5090823e-05,0.00022591585
/home/leo/Documentos/mestrado/DeepWeeds-Mobile/images/20180112-103618-2.jpg,8,8,8,8,1,0.9986218,6.52777e-07,8.136789e-07,0.00019887484,2.9734851e-08,1.2664648e-10,0.00049262005,0.0006841234,1.204925e-06,0.9986218
/home/leo/Documentos/mestrado/DeepWeeds-Mobile/images/20171219-093807-2.jpg,8,8,8,8,1,0.9931906,0.0034879097,7.445658e-05,1.5946976e-05,9.462162e-05,2.0473588e-05,0.001994552,1.3119513e-05,0.0011083501,0.9931906
/home/leo/Documentos/mestrado/DeepWeeds-Mobile/images/20180125-131034-3.jpg,8,8,8,8,1,0.9926025,0.00029220816,0.0031606797,6.242647e-07,0.0009599425,0.0013788743,1.47547025e-05,4.2180975e-05,0.0015483035,0.9926025
/home/leo/Documentos/mestrado/DeepWeeds-Mobile/images/20180322-114702-1.jpg,8,8,8,8,1,0.95366025,0.0073271277,0.00020610043,5.2070677e-06,1.7539247e-05,6.4526887e-07,0.029104425,9.775286e-05,0.009580956,0.95366025
/home/leo/Documentos/mestrado/DeepWeeds-Mobile/images/20180322-111400-2.jpg,8,8,8,8,1,0.98873466,0.0059211063,0.00017168814,1.91875e-05,3.9669067e-05,3.0101717e-05,0.00021174549,2.2116187e-07,0.0048715444,0.98873466
/home/leo/Documentos/mestrado/DeepWeeds-Mobile/images/20171109-194339-1.jpg,5,5,5,5,1,0.7838889,0.00026680686,1.8116507e-06,1.1199656e-09,8.296746e-07,6.529002e-10,0.7838889,5.236631e-07,4.604269e-05,0.2157951
/home/leo/Documentos/mestrado/DeepWeeds-Mobile/images/20180119-104538-1.jpg,8,8,8,8,1,0.71096003,0.00036456596,0.0010075521,0.0017072782,0.0007592785,0.0006107238,3.8227336e-06,0.2833554,0.0012313351,0.71096003
/home/leo/Documentos/mestrado/DeepWeeds-Mobile/images/20171205-144102-2.jpg,8,8,8,8,1,0.99597764,3.22996e-06,4.051462e-08,1.5782518e-11,3.2186734e-05,4.4497432e-09,0.003983935,2.6927216e-06,2.715994e-07,0.99597764
/home/leo/Documentos/mestrado/DeepWeeds-Mobile/images/20170630-154558-0.jpg,7,0,7,0,0,0.559581,0.559581,0.00563468,0.0002524266,0.00020751017,7.4125887e-06,7.617997e-05,0.00016956401,0.030698732,0.40337256
/home/leo/Documentos/mestrado/DeepWeeds-Mobile/images/20180105-093630-2.jpg,8,8,8,8,1,0.96536905,6.0500233e-06,1.856992e-05,0.0007374867,2.3220792e-07,3.109903e-07,1.2921988e-05,0.03384972,5.565867e-06,0.96536905
/home/leo/Documentos/mestrado/DeepWeeds-Mobile/images/20170729-090327-1.jpg,4,4,4,4,1,0.9763594,0.00020574496,2.9620793e-05,0.00017561886,0.0020938048,0.9763594,7.796015e-08,4.419337e-08,0.0066348216,0.01450088
/home/leo/Documentos/mestrado/DeepWeeds-Mobile/images/20180109-103138-2.jpg,8,2,8,2,0,0.80730027,0.00011845355,7.83273e-05,0.80730027,0.00027584872,0.0009388668,3.7114263e-05,0.00057353015,0.00048875494,0.19018884
/home/leo/Documentos/mestrado/DeepWeeds-Mobile/images/20170727-114157-3.jpg,4,4,4,4,1,0.93256086,0.00030689148,3.283675e-06,0.0018333893,1.9069694e-05,0.93256086,0.0069704307,1.9162096e-06,7.017822e-05,0.058233935
/home/leo/Documentos/mestrado/DeepWeeds-Mobile/images/20171205-145149-2.jpg,8,8,8,8,1,0.83966404,0.0020207379,0.011667879,4.7754855e-07,5.960313e-05,1.4250415e-06,0.13090293,0.011989451,0.0036934172,0.83966404
/home/leo/Documentos/mestrado/DeepWeeds-Mobile/images/20180125-133341-3.jpg,8,8,8,8,1,0.81434554,0.008783934,0.08043183,4.29627e-05,0.00017270267,0.0002565715,0.0003023875,0.0057723364,0.089891754,0.81434554
/home/leo/Documentos/mestrado/DeepWeeds-Mobile/images/20170217-120512-0.jpg,7,7,7,7,1,0.9648051,0.029023606,9.015589e-07,9.587238e-09,3.3504836e-08,9.736654e-13,2.2944909e-05,7.25221e-08,0.9648051,0.006147366
/home/leo/Documentos/mestrado/DeepWeeds-Mobile/images/20171102-095650-1.jpg,8,3,8,3,0,0.6428306,0.0013608477,0.007960174,0.00054534053,0.6428306,0.17657809,3.1581928e-06,0.030511107,0.0035547938,0.13665588
/home/leo/Documentos/mestrado/DeepWeeds-Mobile/images/20171113-124439-1.jpg,6,6,6,6,1,0.99285746,2.3461419e-06,0.00018744341,1.4180642e-05,1.7373493e-05,3.5474483e-07,1.4589346e-05,0.99285746,3.6520996e-05,0.006869738
/home/leo/Documentos/mestrado/DeepWeeds-Mobile/images/20170210-131145-0.jpg,7,7,7,7,1,0.99093187,0.0058922623,0.0012892297,3.6868234e-12,4.124696e-11,2.8369928e-13,6.8587747e-07,4.9006044e-09,0.99093187,0.001885916
/home/leo/Documentos/mestrado/DeepWeeds-Mobile/images/20170714-135307-3.jpg,1,1,1,1,1,0.99965155,7.4253427e-07,0.99965155,4.0199996e-11,4.0787795e-09,3.5273703e-10,3.2494764e-08,0.00027387982,6.557438e-05,8.292212e-06
/home/leo/Documentos/mestrado/DeepWeeds-Mobile/images/20170126-095712-0.jpg,1,1,1,1,1,0.87813145,0.0023152544,0.87813145,1.123575e-05,0.00016118071,5.8341857e-06,0.0007512292,0.071934335,0.0024478706,0.04424161
/home/leo/Documentos/mestrado/DeepWeeds-Mobile/images/20171102-115231-1.jpg,2,2,2,2,1,0.9995578,1.1588262e-06,4.5019164e-08,0.9995578,1.1874621e-07,0.00015701856,7.086073e-07,7.991512e-07,2.2943729e-08,0.00028217345
/home/leo/Documentos/mestrado/DeepWeeds-Mobile/images/20180112-101359-1.jpg,8,8,8,8,1,0.6944443,0.09954757,0.033887386,0.05099755,0.040284656,0.0023676495,0.00025531673,0.0060067223,0.07220885,0.6944443
/home/leo/Documentos/mestrado/DeepWeeds-Mobile/images/20171218-114913-3.jpg,8,8,8,8,1,0.8954136,0.00012554922,0.00013963897,3.925095e-10,0.10307046,5.0503894e-07,0.00063109805,0.00043928085,0.00017985726,0.8954136
/home/leo/Documentos/mestrado/DeepWeeds-Mobile/images/20171220-094820-2.jpg,8,8,8,8,1,0.9892713,0.0009877746,8.0307145e-05,8.528928e-09,0.0017148122,3.4986983e-06,5.154555e-05,7.022138e-05,0.007820419,0.9892713
/home/leo/Documentos/mestrado/DeepWeeds-Mobile/images/20171220-095254-1.jpg,8,8,8,8,1,0.9999528,9.9912095e-06,4.9316486e-07,5.3485325e-13,3.0918695e-06,1.5238261e-09,1.1603171e-06,3.126046e-08,3.2427015e-05,0.9999528
/home/leo/Documentos/mestrado/DeepWeeds-Mobile/images/20170217-115752-0.jpg,0,0,0,0,1,0.99807537,0.99807537,2.6141845e-05,6.034704e-08,4.0086424e-11,7.641094e-11,0.0009571992,0.00014847683,0.00014875135,0.00064401847
/home/leo/Documentos/mestrado/DeepWeeds-Mobile/images/20170705-164046-0.jpg,7,7,7,7,1,0.60304093,0.27876422,0.008258207,0.000109908084,4.4427866e-06,0.00019182812,8.5649575e-05,0.00025128343,0.60304093,0.10929354
/home/leo/Documentos/mestrado/DeepWeeds-Mobile/images/20171218-103225-2.jpg,8,8,8,8,1,0.7206858,0.1482889,0.00034766961,2.7171077e-07,5.989818e-07,2.384989e-08,0.00092971144,5.7279824e-05,0.1296898,0.7206858
/home/leo/Documentos/mestrado/DeepWeeds-Mobile/images/20170128-103322-0.jpg,8,8,8,8,1,0.6707917,6.2980675e-05,0.29079273,5.0532068e-11,0.034762252,1.0459866e-05,4.8697057e-06,0.0031852345,0.00038971694,0.6707917
/home/leo/Documentos/mestrado/DeepWeeds-Mobile/images/20170714-150245-1.jpg,1,1,1,1,1,0.92856026,0.0053066565,0.92856026,2.7608157e-06,6.889019e-05,0.00033790868,0.00028643978,0.00047281702,0.0100314105,0.054932773
/home/leo/Documentos/mestrado/DeepWeeds-Mobile/images/20171113-143958-2.jpg,6,6,6,6,1,0.80886364,0.0017180952,0.14768283,0.0007975355,2.2526072e-05,1.9303065e-05,0.00053726736,0.80886364,0.007565028,0.032793928
/home/leo/Documentos/mestrado/DeepWeeds-Mobile/images/20170304-132038-0.jpg,7,7,7,7,1,0.9523675,0.04153568,0.005408377,6.728936e-11,8.9402785e-10,3.9722194e-11,4.3933426e-07,0.00011830281,0.9523675,0.000569638
/home/leo/Documentos/mestrado/DeepWeeds-Mobile/images/20170127-101813-0.jpg,1,1,1,1,1,0.52565604,0.0045910114,0.52565604,6.04247e-06,0.00055681955,1.9828773e-05,0.0596319,0.09129525,0.038688336,0.27955487
/home/leo/Documentos/mestrado/DeepWeeds-Mobile/images/20170715-124544-1.jpg,1,1,1,1,1,0.99861836,7.820861e-07,0.99861836,7.359582e-10,1.9072488e-09,1.5762536e-09,1.2294768e-08,0.0013611991,1.25246115e-05,7.0929054e-06
/home/leo/Documentos/mestrado/DeepWeeds-Mobile/images/20180112-100908-1.jpg,8,6,8,6,0,0.91456485,0.00224554,0.010470075,7.166633e-05,0.0005391467,0.0001137425,0.0064915903,0.91456485,0.01082086,0.05468257
/home/leo/Documentos/mestrado/DeepWeeds-Mobile/images/20170706-111547-0.jpg,7,8,7,8,0,0.47027993,0.042548988,0.007042103,0.0042067566,0.025748001,0.04578493,0.0011515509,8.164695e-05,0.4031561,0.47027993
/home/leo/Documentos/mestrado/DeepWeeds-Mobile/images/20170210-132741-0.jpg,0,8,0,8,0,0.69126403,0.106361076,0.0005253087,0.13026313,0.066192806,2.7093063e-05,1.7779313e-06,7.081081e-06,0.0053576888,0.69126403
/home/leo/Documentos/mestrado/DeepWeeds-Mobile/images/20170217-114728-0.jpg,0,0,0,0,1,0.99508625,0.99508625,1.5398993e-05,1.1210497e-09,4.36255e-13,2.326224e-12,0.00028741587,1.0514519e-07,3.2013617e-05,0.004578728
/home/leo/Documentos/mestrado/DeepWeeds-Mobile/images/20170210-141458-0.jpg,7,7,7,7,1,0.8473634,0.07548594,0.060146548,6.417625e-07,6.025659e-08,3.342679e-08,0.0005292141,5.7689267e-06,0.8473634,0.016468354
/home/leo/Documentos/mestrado/DeepWeeds-Mobile/images/20180125-095738-1.jpg,8,8,8,8,1,0.9996433,1.2842156e-05,5.361666e-09,9.5602255e-09,0.00027796745,1.6513346e-06,5.4530752e-05,7.350581e-06,2.1850713e-06,0.9996433
/home/leo/Documentos/mestrado/DeepWeeds-Mobile/images/20180109-075317-1.jpg,8,8,8,8,1,0.83602804,7.3769224e-05,1.6526608e-05,0.16176444,5.2366806e-05,0.000887331,5.8362343e-06,0.0011152904,5.6530513e-05,0.83602804
/home/leo/Documentos/mestrado/DeepWeeds-Mobile/images/20171212-095442-1.jpg,8,8,8,8,1,0.9999875,8.5525656e-08,2.4835725e-10,6.3846814e-19,1.0101903e-05,4.74592e-13,1.1732686e-06,2.2393014e-09,1.1326835e-06,0.9999875
/home/leo/Documentos/mestrado/DeepWeeds-Mobile/images/20171201-120654-1.jpg,8,8,8,8,1,0.48290843,0.0035658064,0.084982924,4.3810334e-07,0.00035032563,2.4519375e-07,0.34693986,0.060127083,0.021124864,0.48290843
/home/leo/Documentos/mestrado/DeepWeeds-Mobile/images/20180112-074454-1.jpg,8,8,8,8,1,0.72328067,0.11930342,0.00041417687,0.002176775,0.035081513,0.00528984,8.6049395e-06,1.7036398e-07,0.114444725,0.72328067
/home/leo/Documentos/mestrado/DeepWeeds-Mobile/images/20171113-132039-3.jpg,6,6,6,6,1,0.7781142,0.0003069158,0.000574022,0.0002250891,0.00016855997,3.7654496e-05,1.2497807e-06,0.7781142,0.0006358449,0.21993636
/home/leo/Documentos/mestrado/DeepWeeds-Mobile/images/20170727-170859-3.jpg,4,4,4,4,1,0.6996534,0.020014726,0.00010157397,0.0010008508,0.06487014,0.6996534,5.1351644e-06,5.0950465e-08,0.12330928,0.091044985
/home/leo/Documentos/mestrado/DeepWeeds-Mobile/images/20171109-093128-1.jpg,5,5,5,5,1,0.9600425,3.2408247e-05,3.0675318e-07,3.4463482e-12,0.00012067702,4.3730953e-11,0.9600425,7.5640246e-06,3.2603265e-07,0.039796256
/home/leo/Documentos/mestrado/DeepWeeds-Mobile/images/20170128-102622-0.jpg,8,8,8,8,1,0.42365766,0.0019549157,0.34827033,1.5887781e-05,0.21580294,0.0036135311,1.4463907e-05,0.00402041,0.0026499217,0.42365766
/home/leo/Documentos/mestrado/DeepWeeds-Mobile/images/20180119-115103-2.jpg,8,8,8,8,1,0.9932816,0.002606466,0.00012783053,8.1454033e-07,7.338835e-05,1.2170914e-06,0.0027475108,0.00011064456,0.0010505301,0.9932816
/home/leo/Documentos/mestrado/DeepWeeds-Mobile/images/20170714-121158-2.jpg,1,7,1,7,0,0.60460424,0.0270355,0.24994452,5.6595247e-05,2.8631639e-05,0.0001053597,0.00036609094,0.038431846,0.60460424,0.07942724
/home/leo/Documentos/mestrado/DeepWeeds-Mobile/images/20180105-092233-3.jpg,8,8,8,8,1,0.993527,4.5469187e-07,1.6307634e-06,5.1457057e-05,2.3188446e-07,1.2905582e-06,4.382519e-07,0.006417427,7.58752e-08,0.993527
/home/leo/Documentos/mestrado/DeepWeeds-Mobile/images/20170920-184817-1.jpg,2,2,2,2,1,0.95416707,1.815874e-05,6.665601e-07,0.95416707,2.3835959e-05,0.045383547,1.584979e-05,3.4026007e-06,3.12666e-06,0.00038436687
/home/leo/Documentos/mestrado/DeepWeeds-Mobile/images/20180105-100214-2.jpg,8,8,8,8,1,0.69863635,6.118931e-06,4.4790773e-05,3.4421548e-06,4.158144e-05,0.000100566205,1.1791415e-06,0.301114,5.196262e-05,0.69863635
/home/leo/Documentos/mestrado/DeepWeeds-Mobile/images/20171113-151346-3.jpg,6,6,6,6,1,0.9971603,1.5493377e-05,0.00083115353,3.4281893e-05,6.9426796e-06,3.2275993e-06,6.924945e-06,0.9971603,0.00055281766,0.0013889254
/home/leo/Documentos/mestrado/DeepWeeds-Mobile/images/20171113-100323-3.jpg,5,5,5,5,1,0.9645416,0.00084575557,0.00014315911,3.9240128e-08,0.00031858525,5.4533164e-08,0.9645416,0.0006379393,5.8639584e-05,0.033454176
/home/leo/Documentos/mestrado/DeepWeeds-Mobile/images/20170410-124528-0.jpg,0,8,0,8,0,0.48703346,0.47480267,0.00041050164,4.953002e-07,6.1809724e-06,4.438409e-08,2.0292913e-05,6.9758215e-08,0.037726194,0.48703346
/home/leo/Documentos/mestrado/DeepWeeds-Mobile/images/20170715-164836-1.jpg,1,1,1,1,1,0.999985,1.564161e-06,0.999985,2.1552427e-10,1.7820499e-12,1.08240136e-11,2.8683655e-10,1.1757664e-05,1.4099559e-06,3.14427e-07
/home/leo/Documentos/mestrado/DeepWeeds-Mobile/images/20170727-171055-1.jpg,4,4,4,4,1,0.9925181,7.073515e-05,2.5453045e-07,0.0028422195,0.00017437816,0.9925181,1.2223044e-08,2.5836505e-10,0.0016082152,0.00278615
/home/leo/Documentos/mestrado/DeepWeeds-Mobile/images/20170920-133416-2.jpg,2,2,2,2,1,0.7677548,0.005794676,1.0201838e-05,0.7677548,0.01177868,0.1872056,4.0033872e-05,2.2398265e-06,0.001509139,0.025904646
/home/leo/Documentos/mestrado/DeepWeeds-Mobile/images/20180322-114535-2.jpg,8,8,8,8,1,0.9859878,0.0028292902,0.0059856186,6.438368e-08,5.4798643e-06,6.9818607e-06,0.0011775596,1.7788122e-06,0.0040054265,0.9859878
/home/leo/Documentos/mestrado/DeepWeeds-Mobile/images/20180109-085644-1.jpg,8,8,8,8,1,0.988364,0.00413913,0.00015834293,1.5849671e-06,0.00015484287,1.4644178e-07,0.00019088038,0.0002563413,0.0067348005,0.988364
/home/leo/Documentos/mestrado/DeepWeeds-Mobile/images/20171218-115215-2.jpg,8,8,8,8,1,0.9173799,0.06074838,0.00043220396,0.00424322,0.0011793042,0.0007997009,0.0031957042,2.9578368e-05,0.011991957,0.9173799
/home/leo/Documentos/mestrado/DeepWeeds-Mobile/images/20171220-095348-2.jpg,8,8,8,8,1,0.9961844,0.0002725556,0.00011072087,1.0812507e-08,0.00057513674,1.8927706e-08,0.00019323033,0.00044065944,0.002223306,0.9961844
/home/leo/Documentos/mestrado/DeepWeeds-Mobile/images/20180119-110700-1.jpg,8,8,8,8,1,0.9231941,0.0016650433,0.012011875,0.0003298682,0.000440271,0.0013639044,5.929646e-06,0.04311168,0.0178774,0.9231941
/home/leo/Documentos/mestrado/DeepWeeds-Mobile/images/20171220-091833-2.jpg,8,8,8,8,1,0.82580537,0.025834065,0.12717752,1.109621e-06,1.9503377e-06,5.493363e-07,0.0024663326,0.0003126671,0.018400356,0.82580537
/home/leo/Documentos/mestrado/DeepWeeds-Mobile/images/20171109-071918-3.jpg,5,5,5,5,1,0.98124576,7.48765e-06,6.032065e-06,6.961012e-11,9.853426e-07,1.4366325e-13,0.98124576,0.0055574575,0.0004933611,0.012688883
/home/leo/Documentos/mestrado/DeepWeeds-Mobile/images/20171113-142412-2.jpg,6,6,6,6,1,0.9727773,2.2344875e-05,0.017210713,1.6601856e-06,6.0889182e-05,1.4569661e-06,3.619205e-05,0.9727773,0.0001222849,0.009767112
/home/leo/Documentos/mestrado/DeepWeeds-Mobile/images/20171212-100447-1.jpg,8,8,8,8,1,0.9971379,0.0001987942,0.00011481463,1.0557449e-09,3.897392e-05,1.1087171e-07,0.0017275254,9.637623e-05,0.0006854983,0.9971379
/home/leo/Documentos/mestrado/DeepWeeds-Mobile/images/20180105-094926-3.jpg,8,8,8,8,1,0.75877243,0.0005760741,0.0063628796,0.18273646,0.00031895796,0.0040451344,0.00037627295,0.045639545,0.0011721539,0.75877243
/home/leo/Documentos/mestrado/DeepWeeds-Mobile/images/20180119-110108-2.jpg,8,8,8,8,1,0.97716343,0.0018744421,0.00080618786,8.506287e-06,0.0056526726,7.3018346e-05,0.000477538,0.00010242615,0.013841854,0.97716343
/home/leo/Documentos/mestrado/DeepWeeds-Mobile/images/20180109-092505-2.jpg,8,0,8,0,0,0.762782,0.762782,5.867916e-05,6.0317023e-05,7.476053e-07,6.768596e-08,6.463436e-05,6.4389405e-06,0.004336942,0.23269016
/home/leo/Documentos/mestrado/DeepWeeds-Mobile/images/20180125-133416-2.jpg,8,8,8,8,1,0.99900085,6.5124485e-05,0.0004536428,3.1675484e-07,0.00010772188,7.022824e-05,7.634197e-05,3.080493e-05,0.00019491333,0.99900085
/home/leo/Documentos/mestrado/DeepWeeds-Mobile/images/20180109-104926-1.jpg,8,8,8,8,1,0.9909037,0.002359036,0.0003003365,0.00053266925,0.0020356467,0.001817505,0.00017575336,1.4390355e-05,0.0018609749,0.9909037
/home/leo/Documentos/mestrado/DeepWeeds-Mobile/images/20171121-084446-1.jpg,6,6,6,6,1,0.99363095,1.6569278e-07,0.0060266014,1.1486151e-09,3.2417527e-06,3.537722e-08,2.250588e-06,0.99363095,4.676797e-05,0.00028996597
/home/leo/Documentos/mestrado/DeepWeeds-Mobile/images/20170714-111311-2.jpg,1,1,1,1,1,0.46641713,0.03279881,0.46641713,9.6779535e-05,6.910858e-05,1.3190207e-05,0.07012577,0.017654,0.29173934,0.12108587
/home/leo/Documentos/mestrado/DeepWeeds-Mobile/images/20171212-095319-1.jpg,8,8,8,8,1,0.99984884,2.692871e-07,5.5755245e-09,3.4918875e-18,0.00014416782,3.096838e-12,1.4874559e-08,2.0316538e-08,6.6596504e-06,0.99984884
/home/leo/Documentos/mestrado/DeepWeeds-Mobile/images/20180109-101549-1.jpg,8,8,8,8,1,0.9089524,0.003975426,2.2461274e-05,5.4817752e-05,0.07993217,2.0836178e-05,4.1718504e-05,1.1790205e-05,0.006988337,0.9089524
/home/leo/Documentos/mestrado/DeepWeeds-Mobile/images/20170728-153455-1.jpg,8,7,8,7,0,0.77836806,0.08318812,0.008483779,0.00017630617,0.0038791583,0.074506454,0.00016473871,1.963467e-05,0.77836806,0.051213726
/home/leo/Documentos/mestrado/DeepWeeds-Mobile/images/20180112-075445-2.jpg,8,7,8,7,0,0.412011,0.072801806,0.010660068,0.013406566,0.039294176,0.04254205,0.0001723368,4.758517e-05,0.412011,0.40906432
/home/leo/Documentos/mestrado/DeepWeeds-Mobile/images/20171220-084200-2.jpg,8,8,8,8,1,0.999493,6.0773127e-06,2.4006889e-07,2.6759278e-13,0.00046964813,1.3595732e-08,1.3035378e-05,7.288401e-08,1.785227e-05,0.999493
/home/leo/Documentos/mestrado/DeepWeeds-Mobile/images/20170920-095029-1.jpg,2,2,2,2,1,0.9999689,2.8588895e-08,4.092133e-06,0.9999689,2.5191467e-09,5.2724954e-07,4.872138e-07,2.2414893e-06,1.9940201e-07,2.348101e-05
/home/leo/Documentos/mestrado/DeepWeeds-Mobile/images/20171113-123524-3.jpg,6,6,6,6,1,0.9967505,1.5232648e-07,0.00012074467,1.7612962e-05,2.15626e-06,6.113772e-08,1.3973064e-07,0.9967505,2.1472986e-06,0.003106558
/home/leo/Documentos/mestrado/DeepWeeds-Mobile/images/20180112-080408-1.jpg,8,8,8,8,1,0.8106426,0.053142834,0.07207141,0.00055667403,0.004107516,0.0005982807,4.1877716e-05,1.7465447e-06,0.058837056,0.8106426
/home/leo/Documentos/mestrado/DeepWeeds-Mobile/images/20180125-130342-2.jpg,8,8,8,8,1,0.993303,0.00030558967,0.0015583445,9.073572e-08,0.00017404289,0.000203886,6.820702e-05,0.00032204046,0.004064799,0.993303
/home/leo/Documentos/mestrado/DeepWeeds-Mobile/images/20180119-110134-2.jpg,8,8,8,8,1,0.9197522,0.0057034795,0.0072583146,0.0057955203,0.0001480468,0.00824238,0.00010543783,0.00015968276,0.052834958,0.9197522
/home/leo/Documentos/mestrado/DeepWeeds-Mobile/images/20171102-093459-1.jpg,4,2,4,2,0,0.72770625,0.0011726685,6.3639316e-05,0.72770625,0.14031988,0.0128212795,3.4685975e-06,6.752368e-05,0.00052231783,0.117323056
/home/leo/Documentos/mestrado/DeepWeeds-Mobile/images/20170811-134909-2.jpg,0,0,0,0,1,0.9177874,0.9177874,0.02371345,9.419186e-05,3.3736133e-06,7.997437e-05,0.0013691452,0.00023512861,0.022653038,0.03406427
/home/leo/Documentos/mestrado/DeepWeeds-Mobile/images/20171219-114339-3.jpg,8,0,8,0,0,0.574476,0.574476,0.0014895089,0.08309197,0.00021694684,0.00015734675,0.00014883417,1.9344006e-05,0.01028048,0.33011955
/home/leo/Documentos/mestrado/DeepWeeds-Mobile/images/20170913-104511-1.jpg,3,8,3,8,0,0.97920424,0.0002026361,1.221088e-06,6.525416e-06,0.01636895,0.004145563,2.181968e-05,7.8705156e-08,4.8822218e-05,0.97920424
/home/leo/Documentos/mestrado/DeepWeeds-Mobile/images/20180322-125442-1.jpg,8,8,8,8,1,0.999948,1.6066335e-05,2.4510857e-05,2.900382e-10,9.690976e-09,2.854203e-07,4.283806e-06,2.558343e-10,6.796332e-06,0.999948
/home/leo/Documentos/mestrado/DeepWeeds-Mobile/images/20180322-130146-1.jpg,8,8,8,8,1,0.99702954,0.00030522546,0.00017716229,7.795688e-05,0.0008325243,0.0009049294,0.00027522643,3.488291e-06,0.00039389322,0.99702954
/home/leo/Documentos/mestrado/DeepWeeds-Mobile/images/20170728-155132-1.jpg,4,4,4,4,1,0.9960334,0.0001265413,1.7594598e-07,4.6918307e-05,0.001992785,0.9960334,7.4290386e-07,1.5064663e-09,0.00067010766,0.0011293351
/home/leo/Documentos/mestrado/DeepWeeds-Mobile/images/20170405-154901-0.jpg,0,0,0,0,1,0.9540697,0.9540697,0.00021418161,7.814253e-08,3.6293274e-10,1.0306465e-09,0.000129774,2.322916e-06,0.013280591,0.03230344
/home/leo/Documentos/mestrado/DeepWeeds-Mobile/images/20180322-102932-1.jpg,8,8,8,8,1,0.9950753,0.000304376,0.0014689052,2.0747198e-06,8.554465e-07,1.7861263e-05,0.0025383963,0.00028256365,0.0003095938,0.9950753
/home/leo/Documentos/mestrado/DeepWeeds-Mobile/images/20170126-095221-0.jpg,1,1,1,1,1,0.624733,0.0025561766,0.624733,6.9115263e-06,0.0012541037,2.5526464e-05,0.002335874,0.27974367,0.034796722,0.054548085
/home/leo/Documentos/mestrado/DeepWeeds-Mobile/images/20170705-163910-0.jpg,7,0,7,0,0,0.62129545,0.62129545,0.04745398,1.0084595e-05,0.00011802028,3.121502e-05,0.0001021777,3.877721e-07,0.28983042,0.041158255
/home/leo/Documentos/mestrado/DeepWeeds-Mobile/images/20180322-103830-1.jpg,8,8,8,8,1,0.860662,0.025329782,0.004222449,0.0002614813,0.002857939,0.006717496,0.0074719926,6.1207757e-06,0.092470795,0.860662
/home/leo/Documentos/mestrado/DeepWeeds-Mobile/images/20170714-122230-2.jpg,1,1,1,1,1,0.7162652,0.011697035,0.7162652,0.000735673,4.9255745e-05,0.00026099524,0.0007352385,0.13011043,0.02512442,0.11502173
/home/leo/Documentos/mestrado/DeepWeeds-Mobile/images/20171121-082752-2.jpg,6,6,6,6,1,0.980167,3.578157e-05,0.00431694,3.349892e-05,0.00011976237,2.8407194e-06,0.0002618249,0.980167,0.0012342659,0.013828081
/home/leo/Documentos/mestrado/DeepWeeds-Mobile/images/20171102-103226-2.jpg,2,2,2,2,1,0.9999535,1.7065487e-07,1.8251194e-08,0.9999535,5.0379543e-07,1.2885354e-05,1.9905192e-08,3.5442294e-08,1.1213459e-08,3.286875e-05
/home/leo/Documentos/mestrado/DeepWeeds-Mobile/images/20171220-083131-2.jpg,8,8,8,8,1,0.98563796,0.0047026165,0.0001805226,4.58537e-10,5.7962966e-06,4.925447e-07,0.00041501492,1.2873966e-07,0.009057497,0.98563796
/home/leo/Documentos/mestrado/DeepWeeds-Mobile/images/20171109-095205-2.jpg,5,5,5,5,1,0.98953,1.0613307e-05,4.921132e-06,1.542276e-12,4.0934606e-06,2.5929262e-11,0.98953,7.254148e-06,2.319057e-07,0.010442861
/home/leo/Documentos/mestrado/DeepWeeds-Mobile/images/20180105-101221-3.jpg,8,8,8,8,1,0.9960234,2.5093943e-05,2.3818666e-06,1.8473718e-05,0.00017081284,0.003419205,3.0685875e-08,1.9089137e-05,0.0003215819,0.9960234
/home/leo/Documentos/mestrado/DeepWeeds-Mobile/images/20171220-084635-2.jpg,8,8,8,8,1,0.99465466,0.0011870032,0.00027966098,1.6828047e-08,5.943487e-06,2.2598282e-07,0.0028891356,3.1529173e-05,0.00095183024,0.99465466
/home/leo/Documentos/mestrado/DeepWeeds-Mobile/images/20180322-103221-2.jpg,8,8,8,8,1,0.85939336,0.09312216,0.0004974617,0.00018051911,0.000647142,0.00059674226,0.002706502,5.5125593e-06,0.042850584,0.85939336
/home/leo/Documentos/mestrado/DeepWeeds-Mobile/images/20161207-111352-0.jpg,0,1,0,1,0,0.59723175,0.34712106,0.59723175,0.00011150726,6.533984e-05,5.208141e-06,0.0011315759,0.0001651978,0.009173199,0.044995133
/home/leo/Documentos/mestrado/DeepWeeds-Mobile/images/20170906-112322-1.jpg,3,3,3,3,1,0.8808008,0.0023294345,0.0056526125,2.9027267e-06,0.8808008,0.005569981,0.00012909636,0.0027605281,0.0032166527,0.09953806
/home/leo/Documentos/mestrado/DeepWeeds-Mobile/images/20180109-090656-2.jpg,8,8,8,8,1,0.93997175,0.0014988944,4.2881285e-05,9.609807e-08,3.473487e-05,1.0045748e-10,0.039924975,0.0001908331,0.018335758,0.93997175
/home/leo/Documentos/mestrado/DeepWeeds-Mobile/images/20170715-174945-1.jpg,1,6,1,6,0,0.77468276,1.4977702e-05,0.22514689,6.259613e-08,3.1325268e-07,1.952533e-07,5.651684e-07,0.77468276,4.222257e-05,0.000111947775
/home/leo/Documentos/mestrado/DeepWeeds-Mobile/images/20170304-124326-0.jpg,0,0,0,0,1,0.91491586,0.91491586,0.0004895309,3.7155698e-07,5.469532e-08,7.808035e-09,6.7914494e-05,8.7373655e-09,0.036323417,0.048202906
/home/leo/Documentos/mestrado/DeepWeeds-Mobile/images/20171122-102318-1.jpg,5,5,5,5,1,0.9872573,0.00040613106,0.00024837186,1.8228523e-09,1.2578365e-08,5.5735354e-11,0.9872573,0.00015132003,0.0030579031,0.008878937
/home/leo/Documentos/mestrado/DeepWeeds-Mobile/images/20170811-134026-1.jpg,0,8,0,8,0,0.7469392,0.23435096,0.0001812807,8.5131964e-05,1.603211e-05,1.03343e-05,1.6426487e-05,1.273839e-06,0.018399436,0.7469392
/home/leo/Documentos/mestrado/DeepWeeds-Mobile/images/20170404-153628-0.jpg,7,7,7,7,1,0.9575327,0.038864523,0.00089996617,1.0096838e-10,4.2500192e-10,2.3859316e-11,6.4183877e-07,2.876526e-09,0.9575327,0.0027021484
/home/leo/Documentos/mestrado/DeepWeeds-Mobile/images/20171212-105533-3.jpg,8,8,8,8,1,0.904849,0.0316313,0.00236721,0.0015607275,0.00059667765,0.01081977,2.8817905e-05,3.076225e-05,0.04811584,0.904849
/home/leo/Documentos/mestrado/DeepWeeds-Mobile/images/20180109-074701-2.jpg,8,8,8,8,1,0.98675954,0.005652035,0.0011917438,2.4897773e-07,2.6747122e-09,7.100501e-10,0.0041952156,1.6169355e-05,0.0021848904,0.98675954
/home/leo/Documentos/mestrado/DeepWeeds-Mobile/images/20180112-074508-1.jpg,8,8,8,8,1,0.9937161,0.00018128323,0.00034296807,0.0034270224,0.00031764116,4.9687955e-05,4.106783e-05,0.00049712154,0.0014271705,0.9937161
/home/leo/Documentos/mestrado/DeepWeeds-Mobile/images/20180109-092052-1.jpg,8,8,8,8,1,0.8810147,0.0014113251,0.0048339474,0.090231664,0.00045065163,0.005370655,0.00024178448,0.0137013635,0.0027438917,0.8810147
/home/leo/Documentos/mestrado/DeepWeeds-Mobile/images/20171219-113244-2.jpg,8,8,8,8,1,0.9375384,0.00031644542,0.0001043802,1.6919456e-06,0.060406603,0.00011016338,0.00017656684,0.0008933388,0.0004524476,0.9375384
/home/leo/Documentos/mestrado/DeepWeeds-Mobile/images/20180119-111243-2.jpg,8,8,8,8,1,0.9474059,0.0027397773,0.00823051,0.00014674898,8.35212e-06,1.8545792e-05,0.0005143426,0.00045037063,0.04048554,0.9474059
/home/leo/Documentos/mestrado/DeepWeeds-Mobile/images/20180125-100328-2.jpg,8,8,8,8,1,0.9990711,3.2719232e-05,1.082167e-08,2.8406973e-06,0.00037385875,1.5011417e-05,0.0004981606,2.714726e-06,3.4906038e-06,0.9990711
/home/leo/Documentos/mestrado/DeepWeeds-Mobile/images/20171203-165142-3.jpg,8,8,8,8,1,0.6554499,0.03691509,0.020998094,6.396237e-07,0.0014646901,6.8491434e-05,0.0010397149,7.711135e-05,0.28398624,0.6554499
/home/leo/Documentos/mestrado/DeepWeeds-Mobile/images/20171109-091324-1.jpg,5,5,5,5,1,0.9998605,3.1179422e-06,3.2550877e-06,1.0938359e-12,3.6249423e-10,1.0435816e-13,0.9998605,1.634076e-05,3.948525e-06,0.00011282094
/home/leo/Documentos/mestrado/DeepWeeds-Mobile/images/20170627-103509-0.jpg,0,0,0,0,1,0.35166082,0.35166082,0.0002473109,0.18401454,0.008310084,0.19011638,0.00017437756,4.7932525e-07,0.14532277,0.12015328
/home/leo/Documentos/mestrado/DeepWeeds-Mobile/images/20170210-130514-0.jpg,7,7,7,7,1,0.9942801,0.003206771,8.958113e-05,5.156166e-07,1.8056019e-07,5.0022262e-08,0.0003001226,7.736777e-06,0.9942801,0.0021149104
/home/leo/Documentos/mestrado/DeepWeeds-Mobile/images/20180109-104207-2.jpg,8,8,8,8,1,0.6740168,0.0038378816,3.4885918e-05,0.32011262,9.4272145e-05,0.0013017666,8.975677e-06,5.0056074e-06,0.0005879305,0.6740168
/home/leo/Documentos/mestrado/DeepWeeds-Mobile/images/20180112-072023-2.jpg,8,7,8,7,0,0.44306892,0.057352003,0.11720027,0.042470723,0.045080837,0.21578838,0.0002997255,0.00035820552,0.44306892,0.07838094
/home/leo/Documentos/mestrado/DeepWeeds-Mobile/images/20180109-091208-1.jpg,8,8,8,8,1,0.9992768,6.1617484e-06,3.633175e-06,0.00012844814,1.723818e-06,1.939827e-08,0.00028351895,0.00028654904,1.3159198e-05,0.9992768
/home/leo/Documentos/mestrado/DeepWeeds-Mobile/images/20170727-124822-1.jpg,4,4,4,4,1,0.6191536,0.058028463,0.00047640526,0.041926533,0.045424704,0.6191536,6.2742176e-05,3.0787545e-05,0.17998183,0.05491491
/home/leo/Documentos/mestrado/DeepWeeds-Mobile/images/20180109-072636-2.jpg,8,8,8,8,1,0.59958875,0.00058755244,0.008426593,0.00061880256,0.00061269046,3.5621986e-05,0.00025476527,0.3888853,0.0009899887,0.59958875
/home/leo/Documentos/mestrado/DeepWeeds-Mobile/images/20171109-093602-2.jpg,5,5,5,5,1,0.6575009,0.01932492,0.033883248,2.5824572e-06,0.0002999758,3.1695952e-06,0.6575009,0.014450226,0.016592208,0.25794274
/home/leo/Documentos/mestrado/DeepWeeds-Mobile/images/20170210-133124-0.jpg,0,0,0,0,1,0.9995646,0.9995646,1.068583e-05,1.2304557e-09,7.68223e-14,2.5153568e-14,3.0000049e-06,3.369957e-08,0.00018965887,0.00023197611
/home/leo/Documentos/mestrado/DeepWeeds-Mobile/images/20171219-093218-2.jpg,8,8,8,8,1,0.99714106,0.0013558904,8.310344e-06,4.6359796e-06,0.00024514896,2.6195174e-05,0.00086494134,6.3065677e-06,0.0003474671,0.99714106
/home/leo/Documentos/mestrado/DeepWeeds-Mobile/images/20170217-100915-0.jpg,7,7,7,7,1,0.99258035,0.002499487,0.0001836813,4.818968e-12,1.9412704e-11,7.744167e-13,1.8029734e-06,8.724918e-10,0.99258035,0.0047346293
/home/leo/Documentos/mestrado/DeepWeeds-Mobile/images/20180109-105907-1.jpg,8,2,8,2,0,0.43255785,0.2088617,0.0001990173,0.43255785,0.01224762,0.009050033,9.9353325e-05,3.172832e-05,0.02361361,0.3133391
/home/leo/Documentos/mestrado/DeepWeeds-Mobile/images/20170920-191506-1.jpg,2,2,2,2,1,0.99990416,1.594151e-06,1.2211915e-07,0.99990416,1.3769616e-07,1.5013565e-05,1.9660776e-05,9.0819515e-07,5.0696013e-07,5.7929145e-05
/home/leo/Documentos/mestrado/DeepWeeds-Mobile/images/20170315-090727-0.jpg,8,8,8,8,1,0.6252614,0.15359424,0.011709427,0.00013145064,2.0455389e-05,6.2535764e-06,0.18575211,0.0015196908,0.022004962,0.6252614
/home/leo/Documentos/mestrado/DeepWeeds-Mobile/images/20171113-095456-1.jpg,5,8,5,8,0,0.5709424,0.045782194,0.0026471077,5.17839e-05,2.1854159e-05,4.1134986e-06,0.34269747,0.00023591668,0.037617166,0.5709424
/home/leo/Documentos/mestrado/DeepWeeds-Mobile/images/20180109-090632-2.jpg,8,8,8,8,1,0.9915252,0.00016956241,1.4123646e-05,6.8620575e-05,2.1866666e-05,1.8778683e-09,0.0038487623,0.00011124937,0.0042405967,0.9915252
/home/leo/Documentos/mestrado/DeepWeeds-Mobile/images/20180125-132531-2.jpg,8,8,8,8,1,0.9980185,0.00045397106,0.00036326898,7.95967e-06,0.00016618204,0.00012116294,0.00034261798,1.6453734e-05,0.0005099676,0.9980185
/home/leo/Documentos/mestrado/DeepWeeds-Mobile/images/20171212-095430-1.jpg,8,8,8,8,1,0.9997236,2.9794793e-07,2.2466837e-09,1.0127044e-16,0.00027396696,2.0808827e-11,1.7541861e-06,1.287159e-08,3.2762495e-07,0.9997236
/home/leo/Documentos/mestrado/DeepWeeds-Mobile/images/20171122-101221-1.jpg,5,5,5,5,1,0.9999862,3.7241233e-07,3.9442804e-07,5.7505948e-15,1.0885407e-12,3.6310595e-17,0.9999862,5.1030464e-09,1.3319134e-08,1.3080486e-05
/home/leo/Documentos/mestrado/DeepWeeds-Mobile/images/20171121-084656-1.jpg,6,6,6,6,1,0.9820216,0.0019125987,0.007290655,5.836078e-07,9.17491e-09,1.8942645e-08,0.00046389824,0.9820216,0.0036534104,0.0046572275
/home/leo/Documentos/mestrado/DeepWeeds-Mobile/images/20180109-071233-1.jpg,8,6,8,6,0,0.71077925,9.1150076e-07,0.00068939483,2.6369325e-09,0.0001162777,3.8855387e-06,1.4236537e-06,0.71077925,3.6192185e-05,0.2883727
/home/leo/Documentos/mestrado/DeepWeeds-Mobile/images/20170729-090121-1.jpg,4,8,4,8,0,0.4765191,0.002689011,0.0021829775,0.013182403,0.004443277,0.47482342,9.356066e-07,7.5357804e-08,0.026158785,0.4765191
/home/leo/Documentos/mestrado/DeepWeeds-Mobile/images/20171219-113840-2.jpg,8,8,8,8,1,0.9898657,5.6541998e-05,1.615911e-05,0.0018032251,0.002384987,0.0036619306,5.847525e-05,0.0021504704,2.4512237e-06,0.9898657
/home/leo/Documentos/mestrado/DeepWeeds-Mobile/images/20171220-084454-3.jpg,8,8,8,8,1,0.9997621,5.0202296e-05,5.272516e-09,7.647096e-17,6.6105814e-09,3.3206012e-12,6.641587e-06,5.1145665e-10,0.00018100432,0.9997621
/home/leo/Documentos/mestrado/DeepWeeds-Mobile/images/20170913-101406-2.jpg,3,4,3,4,0,0.8758891,0.0023654136,8.182443e-06,5.31135e-05,0.11114375,0.8758891,5.535182e-06,4.5154027e-07,0.0031581437,0.0073763477
/home/leo/Documentos/mestrado/DeepWeeds-Mobile/images/20170729-091011-1.jpg,4,4,4,4,1,0.9942485,4.362979e-05,7.7932675e-08,0.003894298,3.114805e-05,0.9942485,3.6158605e-07,1.0143197e-09,0.0005318462,0.0012500491
/home/leo/Documentos/mestrado/DeepWeeds-Mobile/images/20170913-100339-2.jpg,3,3,3,3,1,0.8461398,0.00019947313,4.5238685e-06,0.088549785,0.8461398,0.017488595,0.010697979,2.060554e-05,9.053299e-06,0.036890246
/home/leo/Documentos/mestrado/DeepWeeds-Mobile/images/20170715-160326-1.jpg,1,1,1,1,1,0.7997168,2.2684505e-06,0.7997168,1.20396555e-08,1.5401929e-07,1.9538227e-08,1.3694025e-06,0.20015335,1.2363659e-05,0.00011380052
/home/leo/Documentos/mestrado/DeepWeeds-Mobile/images/20180112-092724-2.jpg,8,8,8,8,1,0.99940825,9.949214e-05,3.9500128e-07,0.00043527395,6.141338e-06,1.4685528e-06,2.3188983e-08,2.516965e-10,4.899681e-05,0.99940825
/home/leo/Documentos/mestrado/DeepWeeds-Mobile/images/20180125-092922-1.jpg,8,8,8,8,1,0.9999794,1.2458366e-05,2.4722146e-06,5.9425535e-08,4.5142752e-07,8.509503e-07,5.62923e-07,9.480072e-07,2.819709e-06,0.9999794
/home/leo/Documentos/mestrado/DeepWeeds-Mobile/images/20170913-104702-2.jpg,3,3,3,3,1,0.97581166,3.7685197e-05,1.05662274e-07,0.00036243192,0.97581166,0.0026846223,0.0027156682,1.6608456e-06,6.173088e-07,0.018385543
/home/leo/Documentos/mestrado/DeepWeeds-Mobile/images/20170217-113716-0.jpg,7,7,7,7,1,0.9880856,0.011547628,0.000111192654,1.421736e-12,2.5829352e-12,9.695864e-12,2.4358662e-06,1.5787255e-10,0.9880856,0.0002530809
/home/leo/Documentos/mestrado/DeepWeeds-Mobile/images/20180109-105710-1.jpg,8,8,8,8,1,0.9858504,0.0058281384,6.741302e-05,0.005108618,0.00036918142,0.0003024099,0.00078491087,6.505712e-06,0.0016823332,0.9858504
/home/leo/Documentos/mestrado/DeepWeeds-Mobile/images/20170920-174644-1.jpg,2,2,2,2,1,0.7542792,0.029195698,0.0064234226,0.7542792,0.010209495,0.1036943,0.0036667879,0.00024625857,0.019797195,0.07248763
/home/leo/Documentos/mestrado/DeepWeeds-Mobile/images/20170217-120051-0.jpg,0,0,0,0,1,0.9984359,0.9984359,1.01968915e-07,2.7185377e-11,4.6195923e-15,5.83688e-16,0.0006488475,7.759795e-09,1.6015976e-05,0.0008990564
/home/leo/Documentos/mestrado/DeepWeeds-Mobile/images/20171203-170737-3.jpg,8,8,8,8,1,0.99442625,0.00013109398,0.0011481157,0.00039398318,8.7669374e-05,0.00037527693,0.00014532648,0.001056327,0.0022359125,0.99442625
/home/leo/Documentos/mestrado/DeepWeeds-Mobile/images/20170610-123219-0.jpg,1,8,1,8,0,0.93138885,0.002549406,0.054958936,3.9324541e-07,0.0023288007,3.924626e-06,7.508046e-05,0.0023253763,0.006369329,0.93138885
/home/leo/Documentos/mestrado/DeepWeeds-Mobile/images/20171218-110417-3.jpg,8,8,8,8,1,0.9972364,0.00091443065,0.00024046564,8.492836e-08,0.00018144671,7.262998e-06,0.000115999595,3.165202e-06,0.0013008491,0.9972364
/home/leo/Documentos/mestrado/DeepWeeds-Mobile/images/20180109-075329-2.jpg,8,8,8,8,1,0.98274225,2.6612483e-07,4.448987e-06,1.5517529e-06,1.1177058e-08,3.1002292e-10,1.814189e-05,0.017233292,1.321333e-07,0.98274225
/home/leo/Documentos/mestrado/DeepWeeds-Mobile/images/20170920-115515-2.jpg,2,2,2,2,1,0.8586521,1.6532375e-05,1.4183013e-07,0.8586521,2.2622844e-05,0.13912572,3.1079028e-06,1.0334912e-06,5.0844856e-06,0.0021736394
/home/leo/Documentos/mestrado/DeepWeeds-Mobile/images/20171121-082850-2.jpg,6,6,6,6,1,0.8787728,3.3850106e-06,0.0008411571,3.73893e-06,1.2234491e-06,4.686235e-08,3.0723397e-05,0.8787728,0.00018431859,0.12016258
/home/leo/Documentos/mestrado/DeepWeeds-Mobile/images/20171025-094116-1.jpg,3,3,3,3,1,0.885963,0.01042649,3.9843322e-05,0.0015166352,0.885963,0.00014761114,1.7953748e-06,7.2074066e-08,0.0019264125,0.09997814
/home/leo/Documentos/mestrado/DeepWeeds-Mobile/images/20170913-124523-1.jpg,5,5,5,5,1,0.9997734,5.397586e-07,3.098299e-09,1.8444029e-05,1.5585521e-06,0.0002012142,0.9997734,1.7897438e-06,4.702662e-07,2.5615216e-06
/home/leo/Documentos/mestrado/DeepWeeds-Mobile/images/20171109-091436-3.jpg,5,5,5,5,1,0.99940443,2.2135872e-07,6.8295933e-09,4.9887657e-15,1.581327e-08,9.4565105e-15,0.99940443,2.4929303e-08,1.1487191e-09,0.0005953684
/home/leo/Documentos/mestrado/DeepWeeds-Mobile/images/20171025-083014-3.jpg,3,3,3,3,1,0.66263324,0.0061844694,0.00010740489,0.0030672401,0.66263324,0.071539566,3.243911e-07,5.607547e-07,0.023690281,0.23277697
/home/leo/Documentos/mestrado/DeepWeeds-Mobile/images/20170913-130436-2.jpg,5,5,5,5,1,0.99741936,0.0008683284,1.5779206e-05,6.7913527e-07,2.8168994e-05,1.1088239e-05,0.99741936,7.8456713e-07,0.0004253726,0.0012304556
/home/leo/Documentos/mestrado/DeepWeeds-Mobile/images/20171205-140835-2.jpg,8,8,8,8,1,0.96906495,1.9094106e-05,6.889868e-07,1.4290065e-11,0.0010621316,1.810509e-09,0.029746627,9.995851e-05,6.562785e-06,0.96906495
/home/leo/Documentos/mestrado/DeepWeeds-Mobile/images/20171218-110731-2.jpg,8,8,8,8,1,0.87088096,0.03518657,0.017501123,1.366163e-08,0.00010038098,3.0275793e-08,0.00024041113,0.0006711585,0.07541937,0.87088096
/home/leo/Documentos/mestrado/DeepWeeds-Mobile/images/20180112-072737-2.jpg,8,8,8,8,1,0.95481855,0.022782503,1.7302369e-05,0.011221605,0.0021386715,0.00067351916,3.0435735e-06,4.838673e-09,0.008344874,0.95481855
/home/leo/Documentos/mestrado/DeepWeeds-Mobile/images/20171109-070713-3.jpg,5,0,5,0,0,0.5949642,0.5949642,5.140002e-05,4.2929858e-07,2.7637887e-07,4.679726e-09,0.17912403,0.0009566359,0.033457562,0.19144545
/home/leo/Documentos/mestrado/DeepWeeds-Mobile/images/20170906-113558-1.jpg,3,3,3,3,1,0.9337848,2.5756903e-05,1.4448885e-06,3.3300142e-12,0.9337848,2.1952071e-06,1.5387653e-06,2.402547e-06,0.0003381823,0.065843634
/home/leo/Documentos/mestrado/DeepWeeds-Mobile/images/20171219-094353-3.jpg,8,8,8,8,1,0.9981992,4.4332468e-05,6.27333e-06,1.2580997e-12,2.348304e-05,2.2335833e-09,0.00148024,4.0948958e-06,0.00024232412,0.9981992
/home/leo/Documentos/mestrado/DeepWeeds-Mobile/images/20170304-125919-0.jpg,7,7,7,7,1,0.9972927,0.0021004167,0.0002220115,5.025046e-15,3.9705444e-12,6.4780626e-14,4.900312e-07,4.0557575e-09,0.9972927,0.0003843529
/home/leo/Documentos/mestrado/DeepWeeds-Mobile/images/20170727-120834-3.jpg,4,4,4,4,1,0.68679285,0.01805397,0.0063531827,0.0041746087,0.13033281,0.68679285,0.00036826404,0.0004332853,0.048550967,0.10494004
/home/leo/Documentos/mestrado/DeepWeeds-Mobile/images/20180125-093152-2.jpg,8,8,8,8,1,0.99796647,0.00037760535,0.00022842566,5.286774e-06,7.308551e-05,0.00010490834,4.5098703e-05,1.100024e-05,0.0011881127,0.99796647
/home/leo/Documentos/mestrado/DeepWeeds-Mobile/images/20170913-101235-1.jpg,3,3,3,3,1,0.97177804,2.7709353e-05,3.2739772e-05,0.0015141048,0.97177804,0.024915915,0.0005407212,1.3005072e-05,3.5465737e-06,0.0011742086
/home/leo/Documentos/mestrado/DeepWeeds-Mobile/images/20170906-104356-1.jpg,3,8,3,8,0,0.42814112,0.048839405,0.0023779538,0.010217995,0.14748716,0.21255998,0.00045729833,0.0010602664,0.1488589,0.42814112
/home/leo/Documentos/mestrado/DeepWeeds-Mobile/images/20180112-091539-1.jpg,8,8,8,8,1,0.53564155,0.4225986,0.0003613996,0.0036002344,0.0049446956,0.0034403792,3.5082696e-05,4.678087e-07,0.029377583,0.53564155
/home/leo/Documentos/mestrado/DeepWeeds-Mobile/images/20180112-070945-2.jpg,8,8,8,8,1,0.89911103,0.0039179097,0.013560617,0.001557968,0.0052357297,0.034838762,6.209757e-07,2.484024e-06,0.04177484,0.89911103
/home/leo/Documentos/mestrado/DeepWeeds-Mobile/images/20180322-113256-1.jpg,8,8,8,8,1,0.99025625,0.0017342656,4.8910606e-05,0.0054590767,0.0003886644,0.00011599769,0.0012067696,1.637879e-06,0.0007884161,0.99025625
/home/leo/Documentos/mestrado/DeepWeeds-Mobile/images/20171212-095905-1.jpg,8,8,8,8,1,0.81462544,0.0934381,0.051566634,3.952277e-06,0.002905771,1.638758e-05,1.4798492e-05,6.2823156e-06,0.037422642,0.81462544
/home/leo/Documentos/mestrado/DeepWeeds-Mobile/images/20170727-125420-1.jpg,4,4,4,4,1,0.9672134,0.004082463,2.35791e-05,0.0015531004,0.008692605,0.9672134,0.00015820863,2.6257163e-07,0.0047368854,0.013539545
/home/leo/Documentos/mestrado/DeepWeeds-Mobile/images/20171220-091345-2.jpg,8,8,8,8,1,0.9999331,4.814804e-07,3.4627468e-10,1.3626203e-12,1.8022196e-05,1.744307e-09,4.835526e-05,2.6069638e-09,1.9728274e-08,0.9999331
/home/leo/Documentos/mestrado/DeepWeeds-Mobile/images/20170729-091322-1.jpg,4,4,4,4,1,0.81361365,0.00064978347,3.9306183e-06,0.1782359,0.00067350466,0.81361365,5.5362267e-05,2.6946042e-08,0.001245027,0.0055228723
/home/leo/Documentos/mestrado/DeepWeeds-Mobile/images/20180125-134944-3.jpg,8,8,8,8,1,0.5991498,0.00430284,0.35903326,2.9735515e-05,0.001573047,0.0034090898,7.429707e-05,0.0036931385,0.02873481,0.5991498
/home/leo/Documentos/mestrado/DeepWeeds-Mobile/images/20170304-131055-0.jpg,7,7,7,7,1,0.83969116,0.12168706,0.0027809415,1.1236735e-08,6.409463e-09,6.2004153e-09,1.6368536e-05,7.187304e-08,0.83969116,0.035824377
/home/leo/Documentos/mestrado/DeepWeeds-Mobile/images/20170727-144237-1.jpg,4,4,4,4,1,0.88400495,6.6617235e-05,9.599054e-06,0.08535395,0.009107989,0.88400495,1.5218842e-05,5.148185e-06,9.211687e-05,0.021344341
/home/leo/Documentos/mestrado/DeepWeeds-Mobile/images/20180105-093646-2.jpg,8,6,8,6,0,0.55967647,8.5805056e-07,1.49606085e-05,0.00014988775,6.422412e-08,6.124119e-08,7.0752326e-06,0.55967647,4.2293064e-07,0.44015017
/home/leo/Documentos/mestrado/DeepWeeds-Mobile/images/20180119-114903-2.jpg,8,8,8,8,1,0.98433024,0.0015219238,0.00031568122,2.5923155e-08,0.0004175079,3.5549814e-07,0.010929803,0.000117800344,0.0023666748,0.98433024
/home/leo/Documentos/mestrado/DeepWeeds-Mobile/images/20170714-115344-2.jpg,1,1,1,1,1,0.95436734,0.009462168,0.95436734,3.8112443e-08,8.741945e-05,0.00036598087,2.4406602e-06,0.00012418246,0.018030263,0.01756032
/home/leo/Documentos/mestrado/DeepWeeds-Mobile/images/20170920-121355-2.jpg,2,2,2,2,1,0.9098709,0.0011396018,9.3596056e-05,0.9098709,0.00080361933,0.032580126,2.0457797e-05,2.8586974e-05,0.004656329,0.05080662
/home/leo/Documentos/mestrado/DeepWeeds-Mobile/images/20180105-094925-2.jpg,8,8,8,8,1,0.96061456,3.827047e-06,8.971125e-05,0.026143633,7.365279e-05,0.000635169,1.2252757e-06,0.012407801,3.0426605e-05,0.96061456
/home/leo/Documentos/mestrado/DeepWeeds-Mobile/images/20180105-100859-3.jpg,8,8,8,8,1,0.63541204,0.00031287005,0.00012220841,0.008117718,2.0123689e-05,7.757867e-05,0.00024162722,0.35560945,8.641948e-05,0.63541204
/home/leo/Documentos/mestrado/DeepWeeds-Mobile/images/20180322-124942-1.jpg,8,8,8,8,1,0.99909353,4.3802843e-06,2.1194935e-05,2.4988162e-06,1.4865016e-07,1.1300258e-05,0.00073404104,0.00013199559,9.187584e-07,0.99909353
/home/leo/Documentos/mestrado/DeepWeeds-Mobile/images/20180125-093453-2.jpg,8,8,8,8,1,0.97361034,0.00095643994,0.0001491128,0.0006979023,0.00021434107,0.016336797,0.00025400138,0.006515791,0.0012651547,0.97361034
/home/leo/Documentos/mestrado/DeepWeeds-Mobile/images/20180322-124435-1.jpg,8,8,8,8,1,0.9988342,3.779072e-05,2.195753e-05,1.5767236e-09,0.00067701936,1.3793456e-06,5.8477457e-05,9.6572134e-05,0.0002726649,0.9988342
/home/leo/Documentos/mestrado/DeepWeeds-Mobile/images/20180109-091152-2.jpg,8,8,8,8,1,0.9861393,0.0003152535,0.003634182,1.0685967e-06,0.008564715,0.00015271394,1.5266821e-06,0.00091195916,0.00027915984,0.9861393
/home/leo/Documentos/mestrado/DeepWeeds-Mobile/images/20180119-110540-1.jpg,8,6,8,6,0,0.53954816,0.000119182834,0.037523944,5.11753e-07,1.5743473e-05,4.6279214e-07,0.00031498724,0.53954816,0.0073093935,0.41516763
/home/leo/Documentos/mestrado/DeepWeeds-Mobile/images/20180105-092326-3.jpg,8,8,8,8,1,0.99934727,3.790419e-08,2.3510988e-07,3.763511e-09,3.2909102e-06,7.206633e-07,2.870944e-08,0.0006483008,8.753785e-08,0.99934727
/home/leo/Documentos/mestrado/DeepWeeds-Mobile/images/20180119-111304-1.jpg,8,8,8,8,1,0.8211088,0.0023678092,0.07262772,3.6264257e-05,3.9173334e-05,2.3409766e-05,0.0010538982,0.023385704,0.07935727,0.8211088
/home/leo/Documentos/mestrado/DeepWeeds-Mobile/images/20180112-075840-2.jpg,8,8,8,8,1,0.6837196,0.03338704,0.0005768678,0.00085799396,0.23480918,0.003110065,2.8683119e-06,2.7650108e-06,0.043533646,0.6837196
/home/leo/Documentos/mestrado/DeepWeeds-Mobile/images/20171102-092924-3.jpg,4,8,4,8,0,0.7196588,0.00018911055,0.003162198,0.0016909948,0.24111637,0.013662286,3.6550452e-06,0.018612174,0.0019044032,0.7196588
/home/leo/Documentos/mestrado/DeepWeeds-Mobile/images/20171212-104318-3.jpg,8,8,8,8,1,0.9973876,0.0010682577,0.0001239583,1.3651715e-08,0.00041342512,7.074607e-07,6.2126e-05,1.1500997e-06,0.00094269554,0.9973876
/home/leo/Documentos/mestrado/DeepWeeds-Mobile/images/20171203-164847-3.jpg,8,8,8,8,1,0.9777257,0.00042782607,0.007688032,3.106423e-08,0.0033373653,4.8387697e-06,0.002845725,0.0017162604,0.0062540877,0.9777257
/home/leo/Documentos/mestrado/DeepWeeds-Mobile/images/20180322-110853-2.jpg,8,8,8,8,1,0.99569607,0.0010713584,7.395701e-05,0.0025262632,0.00019015455,2.4192366e-05,3.66027e-06,4.818959e-07,0.00041385338,0.99569607
/home/leo/Documentos/mestrado/DeepWeeds-Mobile/images/20180105-091536-3.jpg,8,8,8,8,1,0.9973072,8.187e-05,1.9340836e-05,4.9574664e-05,0.0004280311,0.000518808,4.4627154e-06,0.0015595376,3.108404e-05,0.9973072
/home/leo/Documentos/mestrado/DeepWeeds-Mobile/images/20171109-072638-1.jpg,5,5,5,5,1,0.9933686,0.000101006124,8.982359e-05,4.6958895e-11,2.5983658e-08,8.639674e-13,0.9933686,0.00022996638,0.0006906928,0.0055197487
/home/leo/Documentos/mestrado/DeepWeeds-Mobile/images/20170811-125033-2.jpg,0,0,0,0,1,0.8765443,0.8765443,0.0048896754,0.00022611882,3.5350564e-05,0.00034382465,8.117988e-05,0.00065172074,0.0064776833,0.11075017
/home/leo/Documentos/mestrado/DeepWeeds-Mobile/images/20170913-100659-3.jpg,5,5,5,5,1,0.9985812,0.00033728735,3.119572e-05,2.4356823e-05,0.00010468713,0.00028118247,0.9985812,5.8539637e-05,0.00010214636,0.00047938016
/home/leo/Documentos/mestrado/DeepWeeds-Mobile/images/20180112-100555-2.jpg,8,8,8,8,1,0.99224687,0.0011282497,4.5165784e-06,0.006325356,4.8471343e-06,0.00013573753,5.1189786e-06,4.4325086e-09,0.0001492152,0.99224687
/home/leo/Documentos/mestrado/DeepWeeds-Mobile/images/20170217-103710-0.jpg,0,0,0,0,1,0.6783272,0.6783272,0.00078312703,1.0103805e-06,9.723164e-06,2.7270548e-08,0.00016742852,1.8128227e-05,0.3022549,0.018438447
/home/leo/Documentos/mestrado/DeepWeeds-Mobile/images/20180119-104920-2.jpg,8,8,8,8,1,0.98408073,0.00021542318,0.007932711,2.1920425e-06,0.00050249987,3.776212e-05,0.000121434095,0.003729493,0.0033778532,0.98408073
/home/leo/Documentos/mestrado/DeepWeeds-Mobile/images/20170130-102228-0.jpg,1,1,1,1,1,0.464713,0.40222725,0.464713,0.027634367,0.0008931325,0.00029912314,0.0016494757,0.0011615177,0.010905265,0.09051679
/home/leo/Documentos/mestrado/DeepWeeds-Mobile/images/20171102-104623-1.jpg,2,2,2,2,1,0.57005674,0.000104109655,3.6623326e-06,0.57005674,1.6518206e-05,0.011086569,8.133818e-07,1.5222424e-05,1.2715607e-05,0.41870373
/home/leo/Documentos/mestrado/DeepWeeds-Mobile/images/20171220-101409-2.jpg,8,8,8,8,1,0.86321646,0.056946896,0.0012893338,1.029712e-07,9.526246e-05,3.8036035e-06,0.00037809677,0.00030380263,0.077766314,0.86321646
/home/leo/Documentos/mestrado/DeepWeeds-Mobile/images/20171121-071112-1.jpg,6,6,6,6,1,0.9898074,2.6181087e-06,0.0036947108,1.6886818e-11,9.520794e-06,6.9009554e-10,5.1102984e-07,0.9898074,0.002757737,0.0037275543
/home/leo/Documentos/mestrado/DeepWeeds-Mobile/images/20171121-075036-1.jpg,6,6,6,6,1,0.99808013,2.4665876e-06,0.001894218,1.1242366e-08,1.087939e-07,1.6758706e-09,5.867093e-06,0.99808013,6.7244687e-06,1.0525868e-05
/home/leo/Documentos/mestrado/DeepWeeds-Mobile/images/20171121-072413-1.jpg,6,6,6,6,1,0.924253,2.4596317e-05,0.042927314,8.13553e-08,7.735435e-06,1.032177e-07,2.6546308e-05,0.924253,0.00028117228,0.032479513
/home/leo/Documentos/mestrado/DeepWeeds-Mobile/images/20180105-100512-2.jpg,8,8,8,8,1,0.98021996,3.82271e-06,3.7908732e-05,9.688729e-07,7.826256e-05,1.8283941e-05,2.4470291e-06,0.019618109,2.0219859e-05,0.98021996
/home/leo/Documentos/mestrado/DeepWeeds-Mobile/images/20180112-081230-2.jpg,8,2,8,2,0,0.65705,0.012436784,0.0005360832,0.65705,0.0062071113,0.10286145,8.250732e-06,0.00013189368,0.015672058,0.20509629
/home/leo/Documentos/mestrado/DeepWeeds-Mobile/images/20170127-101737-0.jpg,1,1,1,1,1,0.9596839,5.3754688e-05,0.9596839,9.811567e-10,2.6780397e-06,2.5764894e-08,2.9232244e-05,0.03392394,0.00040601502,0.005900541
/home/leo/Documentos/mestrado/DeepWeeds-Mobile/images/20171025-094114-2.jpg,3,3,3,3,1,0.7705803,0.013479063,1.2940435e-05,0.1456818,0.7705803,0.0070078545,8.829346e-07,1.0185407e-07,0.0013238016,0.061913334
/home/leo/Documentos/mestrado/DeepWeeds-Mobile/images/20180112-083203-1.jpg,8,8,8,8,1,0.60920537,0.07780191,0.00031819503,0.027976036,0.12757304,0.046340674,3.646084e-05,9.690907e-07,0.11074738,0.60920537
/home/leo/Documentos/mestrado/DeepWeeds-Mobile/images/20180109-094616-1.jpg,8,8,8,8,1,0.7506983,0.2061198,1.690029e-05,0.03643808,0.00038745205,1.7070943e-05,4.989609e-07,6.64534e-09,0.0063218693,0.7506983
/home/leo/Documentos/mestrado/DeepWeeds-Mobile/images/20171203-174521-3.jpg,8,8,8,8,1,0.8949924,0.0021835996,0.005890773,3.6827882e-07,0.081067346,7.48185e-05,2.4043178e-05,2.4125267e-05,0.015742548,0.8949924
/home/leo/Documentos/mestrado/DeepWeeds-Mobile/images/20180109-070154-2.jpg,8,8,8,8,1,0.9858638,1.972724e-05,0.00013127418,1.2550596e-05,4.1050203e-06,1.0094126e-07,0.0035283782,0.0104296515,1.0247357e-05,0.9858638
/home/leo/Documentos/mestrado/DeepWeeds-Mobile/images/20171220-090745-3.jpg,8,8,8,8,1,0.96049094,0.018460484,0.00020316668,1.6127427e-05,0.0012729357,0.0001021902,0.00023872519,3.442948e-06,0.019211994,0.96049094
/home/leo/Documentos/mestrado/DeepWeeds-Mobile/images/20170727-155543-1.jpg,4,4,4,4,1,0.917682,0.0037271394,3.4992718e-05,0.051524643,0.00444679,0.917682,0.0003943599,3.8384255e-07,0.008960029,0.013229555
/home/leo/Documentos/mestrado/DeepWeeds-Mobile/images/20171102-120234-3.jpg,2,2,2,2,1,0.99999845,4.2855707e-08,2.4497446e-10,0.99999845,1.9128969e-08,8.261627e-07,2.444672e-09,1.6800968e-10,8.934664e-10,7.004441e-07
/home/leo/Documentos/mestrado/DeepWeeds-Mobile/images/20180125-091650-2.jpg,8,8,8,8,1,0.9503618,0.0007589288,7.436322e-06,0.00073931564,0.0038674434,0.043449715,1.5746831e-06,4.2570405e-06,0.00080950983,0.9503618
/home/leo/Documentos/mestrado/DeepWeeds-Mobile/images/20170217-145102-0.jpg,7,7,7,7,1,0.9109058,0.07811273,8.801978e-06,3.4073744e-11,1.899191e-10,3.0781872e-12,5.015068e-06,2.4605079e-06,0.9109058,0.01096524
/home/leo/Documentos/mestrado/DeepWeeds-Mobile/images/20180322-105340-1.jpg,8,8,8,8,1,0.94199586,0.012506235,0.00013863512,0.011268555,0.0010735674,0.023138579,0.00019181521,1.9177249e-07,0.009686593,0.94199586
/home/leo/Documentos/mestrado/DeepWeeds-Mobile/images/20171113-120222-1.jpg,6,6,6,6,1,0.9357541,0.00010280982,0.00016085191,0.00014806082,3.219292e-06,1.6413233e-05,0.0002474301,0.9357541,0.00017346021,0.06339369
/home/leo/Documentos/mestrado/DeepWeeds-Mobile/images/20170920-095425-1.jpg,2,2,2,2,1,0.99932367,1.5769263e-07,2.7866212e-05,0.99932367,8.6300055e-08,5.4872553e-06,4.057757e-06,8.374413e-05,2.2738675e-06,0.0005525764
/home/leo/Documentos/mestrado/DeepWeeds-Mobile/images/20180109-075037-2.jpg,8,8,8,8,1,0.7951227,0.013785657,0.0055059833,0.00012265706,0.0035418828,0.0012375764,9.5075084e-05,0.13550277,0.045085657,0.7951227
/home/leo/Documentos/mestrado/DeepWeeds-Mobile/images/20171217-184806-2.jpg,8,8,8,8,1,0.5776679,0.02588928,0.01403898,4.3002214e-07,6.9403615e-07,8.716643e-09,0.37539536,0.0050962,0.0019111843,0.5776679
/home/leo/Documentos/mestrado/DeepWeeds-Mobile/images/20171219-114203-2.jpg,8,8,8,8,1,0.5287056,0.0009369649,0.000120341254,0.42324695,0.0008133853,0.024652647,8.906247e-06,0.0001069058,0.02140835,0.5287056
/home/leo/Documentos/mestrado/DeepWeeds-Mobile/images/20170920-174836-1.jpg,2,2,2,2,1,0.8741667,0.016344111,0.0010680428,0.8741667,0.0019185725,0.038710736,9.52146e-05,0.00032798998,0.0010754069,0.06629325
/home/leo/Documentos/mestrado/DeepWeeds-Mobile/images/20180109-090450-2.jpg,8,8,8,8,1,0.95400494,0.038590066,3.244563e-05,0.00012033878,1.9150571e-05,1.7877467e-07,7.591511e-05,4.4980975e-08,0.0071568755,0.95400494
/home/leo/Documentos/mestrado/DeepWeeds-Mobile/images/20171217-183653-2.jpg,8,8,8,8,1,0.6222339,0.086089216,0.074216075,2.995955e-07,1.3029762e-05,2.2092767e-07,0.15394196,0.008786364,0.054718968,0.6222339
/home/leo/Documentos/mestrado/DeepWeeds-Mobile/images/20180112-080505-1.jpg,8,8,8,8,1,0.86376244,0.00024358716,0.014634693,6.285704e-06,0.111070715,0.0013971601,2.2143787e-07,0.003292156,0.0055926717,0.86376244
/home/leo/Documentos/mestrado/DeepWeeds-Mobile/images/20170715-104352-1.jpg,1,1,1,1,1,0.87765664,1.4108552e-06,0.87765664,1.4926803e-10,3.8111426e-07,4.6101283e-09,2.6665286e-06,0.1220439,4.6509813e-05,0.00024855186
/home/leo/Documentos/mestrado/DeepWeeds-Mobile/images/20180112-101306-1.jpg,8,8,8,8,1,0.56535625,0.025333075,0.111182265,0.002688636,0.00094076846,0.0022190842,0.0012564939,0.08576759,0.20525585,0.56535625
/home/leo/Documentos/mestrado/DeepWeeds-Mobile/images/20170920-132601-2.jpg,2,2,2,2,1,0.999185,5.163732e-06,8.1591844e-07,0.999185,5.917036e-06,0.0002969833,1.2935661e-05,1.8783278e-07,2.9279224e-06,0.00048990984
/home/leo/Documentos/mestrado/DeepWeeds-Mobile/images/20170126-095821-0.jpg,1,6,1,6,0,0.76574576,0.0002892691,0.18805017,1.0412977e-08,0.00017866441,2.1885505e-07,0.00044386607,0.76574576,0.0054169605,0.03987508
/home/leo/Documentos/mestrado/DeepWeeds-Mobile/images/20180119-112911-2.jpg,8,8,8,8,1,0.9971288,0.00012869491,5.8005404e-05,0.00064293906,1.4798143e-05,2.043527e-05,3.8297812e-06,0.0017656501,0.00023680888,0.9971288
/home/leo/Documentos/mestrado/DeepWeeds-Mobile/images/20180125-092658-1.jpg,8,8,8,8,1,0.9912498,3.241841e-05,5.3010986e-05,2.009375e-06,0.0021466124,0.0047233994,9.420041e-07,3.166679e-06,0.0017886007,0.9912498
/home/leo/Documentos/mestrado/DeepWeeds-Mobile/images/20170727-151835-1.jpg,4,4,4,4,1,0.95590353,0.0038400088,4.4127723e-05,0.014038268,0.004039866,0.95590353,0.00025256615,1.607064e-06,0.013343758,0.008536255
/home/leo/Documentos/mestrado/DeepWeeds-Mobile/images/20171113-134619-1.jpg,6,6,6,6,1,0.98589104,5.4624793e-06,0.012453207,1.0384105e-08,1.1161012e-06,1.00466536e-07,3.727747e-07,0.98589104,1.5981124e-05,0.0016326089
/home/leo/Documentos/mestrado/DeepWeeds-Mobile/images/20180322-114327-1.jpg,8,8,8,8,1,0.9958205,0.00023558135,3.7127627e-06,1.6445804e-06,1.0514766e-05,5.572494e-07,0.0038460644,9.718561e-06,7.1677976e-05,0.9958205
/home/leo/Documentos/mestrado/DeepWeeds-Mobile/images/20171217-103545-2.jpg,8,0,8,0,0,0.409918,0.409918,0.013524371,1.6771714e-06,2.5097412e-05,5.795892e-06,0.089835264,8.020081e-05,0.17832528,0.30828422
/home/leo/Documentos/mestrado/DeepWeeds-Mobile/images/20180112-101826-2.jpg,8,8,8,8,1,0.9994243,0.0003687627,2.0885372e-07,0.00011725509,4.046979e-07,2.1616296e-08,2.0284715e-05,1.0211089e-06,6.7693596e-05,0.9994243
/home/leo/Documentos/mestrado/DeepWeeds-Mobile/images/20171220-092349-2.jpg,8,8,8,8,1,0.97336787,0.005103554,0.009766678,2.191773e-07,9.0069236e-08,3.4260186e-08,0.010313277,9.697754e-05,0.0013513113,0.97336787
/home/leo/Documentos/mestrado/DeepWeeds-Mobile/images/20180109-103947-2.jpg,8,8,8,8,1,0.9611626,0.008739609,7.8793295e-05,0.0053273733,0.0038274378,6.750728e-05,0.00015039305,7.2893813e-06,0.020639032,0.9611626
/home/leo/Documentos/mestrado/DeepWeeds-Mobile/images/20180109-092137-2.jpg,7,7,7,7,1,0.9939066,0.0047423504,2.0191462e-06,1.6371077e-10,1.8022773e-08,6.134278e-13,2.8432548e-06,0.00023716442,0.9939066,0.0011089315
/home/leo/Documentos/mestrado/DeepWeeds-Mobile/images/20180109-100301-1.jpg,8,8,8,8,1,0.98998266,0.0012122067,0.0009127704,0.0001308141,0.003046819,0.0017314286,8.023732e-05,2.7344684e-05,0.0028757802,0.98998266
/home/leo/Documentos/mestrado/DeepWeeds-Mobile/images/20171113-135712-1.jpg,6,6,6,6,1,0.9628898,0.00015126495,0.0006487034,8.222125e-05,3.1184031e-06,4.879694e-06,0.0011167346,0.9628898,0.0014696317,0.033633742
/home/leo/Documentos/mestrado/DeepWeeds-Mobile/images/20171203-082036-3.jpg,8,8,8,8,1,0.7294806,0.0021423774,0.00021581766,0.005374138,0.024075523,0.18803024,1.4478419e-05,2.0978516e-06,0.050664734,0.7294806
/home/leo/Documentos/mestrado/DeepWeeds-Mobile/images/20170913-102331-3.jpg,5,5,5,5,1,0.9835976,0.00247847,0.00045002534,0.00018213483,0.000119556804,0.004347588,0.9835976,0.0063323523,0.00011232178,0.002379952
/home/leo/Documentos/mestrado/DeepWeeds-Mobile/images/20170704-154408-0.jpg,7,0,7,0,0,0.7072492,0.7072492,0.0009953659,3.4430734e-08,1.076732e-07,1.3743914e-07,0.0003680287,3.2434866e-05,0.27160364,0.019751068
/home/leo/Documentos/mestrado/DeepWeeds-Mobile/images/20180119-113441-1.jpg,8,8,8,8,1,0.90890455,0.0028182648,0.039863646,0.0004950446,0.000166593,3.170082e-05,0.014915388,0.010862219,0.021942567,0.90890455
/home/leo/Documentos/mestrado/DeepWeeds-Mobile/images/20180125-095549-2.jpg,8,8,8,8,1,0.99877137,3.352555e-05,1.4405557e-08,8.011133e-08,0.00043563484,6.483849e-07,0.0007060122,4.8508744e-05,4.169126e-06,0.99877137
/home/leo/Documentos/mestrado/DeepWeeds-Mobile/images/20171121-082411-2.jpg,6,6,6,6,1,0.84486526,3.915787e-05,0.15248892,1.3431e-07,2.7226127e-07,6.46009e-08,3.7252838e-05,0.84486526,0.0014613819,0.0011076397
/home/leo/Documentos/mestrado/DeepWeeds-Mobile/images/20171113-124245-1.jpg,6,6,6,6,1,0.9413129,0.00026592138,0.0050790454,2.4893957e-06,3.716783e-05,1.9523247e-06,0.00015658286,0.9413129,0.00027283598,0.05287112
/home/leo/Documentos/mestrado/DeepWeeds-Mobile/images/20171109-074249-3.jpg,5,5,5,5,1,0.9996246,4.8912334e-06,5.691801e-07,2.1760432e-11,8.331776e-09,5.006639e-13,0.9996246,9.358614e-07,1.8035975e-07,0.0003687179
/home/leo/Documentos/mestrado/DeepWeeds-Mobile/images/20171219-101528-2.jpg,8,8,8,8,1,0.7559936,0.03574203,0.0003410194,0.10908368,0.006422328,0.056159407,0.00012407442,8.825064e-06,0.03612512,0.7559936
/home/leo/Documentos/mestrado/DeepWeeds-Mobile/images/20171212-104332-3.jpg,8,8,8,8,1,0.95975083,0.019743005,0.0056313216,7.0920637e-06,0.00044966914,8.685865e-06,0.00043911434,0.00011393072,0.013856321,0.95975083
/home/leo/Documentos/mestrado/DeepWeeds-Mobile/images/20170217-151558-0.jpg,0,0,0,0,1,0.9969171,0.9969171,1.0723966e-06,9.642864e-12,2.9622873e-13,9.060394e-16,1.05771915e-05,4.8139967e-08,0.0029728531,9.8359385e-05
/home/leo/Documentos/mestrado/DeepWeeds-Mobile/images/20180112-083234-1.jpg,8,8,8,8,1,0.94294226,0.005497356,1.0392349e-05,9.8763e-06,0.010927478,6.290683e-05,1.0559402e-08,7.6713444e-09,0.040549543,0.94294226
/home/leo/Documentos/mestrado/DeepWeeds-Mobile/images/20180112-092520-2.jpg,8,8,8,8,1,0.99954253,0.00029414796,3.6673293e-07,1.3706666e-06,2.9125328e-08,1.9828212e-08,1.55996e-08,2.8008443e-11,0.00016137483,0.99954253
/home/leo/Documentos/mestrado/DeepWeeds-Mobile/images/20180322-133802-1.jpg,8,8,8,8,1,0.9964718,0.00076212414,0.0001250101,0.000102542006,6.0401377e-05,0.0016940762,0.00017797502,9.240661e-08,0.0006059324,0.9964718
/home/leo/Documentos/mestrado/DeepWeeds-Mobile/images/20180112-081011-2.jpg,8,8,8,8,1,0.98464173,0.00058828195,0.00036836957,0.00087760785,0.007765496,0.004893776,1.0203293e-07,4.893351e-05,0.0008156605,0.98464173
/home/leo/Documentos/mestrado/DeepWeeds-Mobile/images/20170210-131431-0.jpg,7,7,7,7,1,0.99971527,9.777608e-05,1.220317e-07,3.0076388e-12,3.1561684e-10,2.857176e-13,0.00014565328,1.2769384e-09,0.99971527,4.1236795e-05
/home/leo/Documentos/mestrado/DeepWeeds-Mobile/images/20170714-132614-1.jpg,1,1,1,1,1,0.82198983,0.0151963085,0.82198983,6.9330377e-09,8.786699e-08,2.1147848e-08,0.00077803875,0.00021656009,0.06806105,0.09375801
/home/leo/Documentos/mestrado/DeepWeeds-Mobile/images/20180109-072048-1.jpg,8,8,8,8,1,0.92828107,8.5654165e-06,0.0004482848,1.9642328e-09,0.0023306499,1.642234e-06,2.9393289e-06,0.068865314,6.157856e-05,0.92828107
/home/leo/Documentos/mestrado/DeepWeeds-Mobile/images/20170210-131836-0.jpg,0,0,0,0,1,0.7008007,0.7008007,0.044473995,2.3356779e-05,4.217965e-06,2.7085164e-07,0.00062620424,0.00018852972,0.2191334,0.03474948
/home/leo/Documentos/mestrado/DeepWeeds-Mobile/images/20170727-114928-3.jpg,4,4,4,4,1,0.92935216,0.0013770234,0.000103634506,0.008869593,0.00012617472,0.92935216,0.00030929013,0.0005195209,0.00033661452,0.059005942
/home/leo/Documentos/mestrado/DeepWeeds-Mobile/images/20171219-112449-3.jpg,8,8,8,8,1,0.49667004,0.0085154725,0.001033735,0.091607355,0.04669432,0.30245954,0.00012625144,0.00011974376,0.05277353,0.49667004
/home/leo/Documentos/mestrado/DeepWeeds-Mobile/images/20171219-113443-3.jpg,8,2,8,2,0,0.49108496,0.030708043,0.00020547521,0.49108496,0.002467081,0.052787405,1.1932464e-05,0.00031353466,0.006920677,0.4155009
/home/leo/Documentos/mestrado/DeepWeeds-Mobile/images/20170913-100755-3.jpg,5,5,5,5,1,0.9558768,0.0020755916,0.00017593188,0.007924795,0.00063404645,0.0010896366,0.9558768,0.02141594,0.0029068172,0.007900369
/home/leo/Documentos/mestrado/DeepWeeds-Mobile/images/20170304-131732-0.jpg,7,7,7,7,1,0.49264053,0.37419295,0.11640768,5.487458e-07,5.3944004e-06,1.0139255e-05,0.003629844,7.027997e-07,0.49264053,0.013112182
/home/leo/Documentos/mestrado/DeepWeeds-Mobile/images/20180109-100732-2.jpg,8,6,8,6,0,0.9410908,0.0016620541,0.0010083069,0.011907354,0.0001051178,5.613004e-06,0.015976405,0.9410908,0.00031589263,0.027928373
/home/leo/Documentos/mestrado/DeepWeeds-Mobile/images/20170811-114001-1.jpg,0,7,0,7,0,0.56593466,0.17317638,0.044953123,0.00018875068,0.00020663747,0.00014646017,0.0029396038,0.008020366,0.56593466,0.20443408
/home/leo/Documentos/mestrado/DeepWeeds-Mobile/images/20180109-071420-1.jpg,8,8,8,8,1,0.7454622,8.521733e-06,0.0003321837,5.3485866e-07,0.009847104,0.00011689331,5.5316236e-06,0.24412663,0.00010043331,0.7454622
/home/leo/Documentos/mestrado/DeepWeeds-Mobile/images/20170714-170504-1.jpg,1,1,1,1,1,0.99308926,1.9826846e-05,0.99308926,1.5464894e-12,1.1393877e-05,1.0350402e-06,1.4586316e-08,0.00013570592,0.0007933731,0.0059494507
/home/leo/Documentos/mestrado/DeepWeeds-Mobile/images/20170811-132846-2.jpg,0,0,0,0,1,0.9271725,0.9271725,0.009268807,1.1203593e-06,9.2993605e-07,1.9362386e-05,1.6882585e-05,8.848743e-05,0.05489126,0.008540714
/home/leo/Documentos/mestrado/DeepWeeds-Mobile/images/20171109-091828-2.jpg,5,5,5,5,1,0.9715453,0.003942503,0.009019538,2.5267727e-08,6.0415715e-08,5.924725e-09,0.9715453,1.3352143e-05,0.0021687471,0.013310456
/home/leo/Documentos/mestrado/DeepWeeds-Mobile/images/20170501-143256-0.jpg,1,0,1,0,0,0.35830832,0.35830832,0.07284462,1.6930345e-06,1.8461904e-05,0.00030409143,0.00032324658,1.8403604e-06,0.2437999,0.3243979
/home/leo/Documentos/mestrado/DeepWeeds-Mobile/images/20170501-144625-0.jpg,8,7,8,7,0,0.48733327,0.11282036,0.0069361385,8.03518e-05,0.000114620605,0.00015542994,0.0068888757,1.9607909e-05,0.48733327,0.38565135
/home/leo/Documentos/mestrado/DeepWeeds-Mobile/images/20170913-095707-2.jpg,3,3,3,3,1,0.61113733,0.0017687563,5.1634756e-06,0.19734284,0.61113733,0.08541174,0.040444493,1.7581762e-05,0.00015650007,0.06371564
/home/leo/Documentos/mestrado/DeepWeeds-Mobile/images/20171218-120209-3.jpg,8,8,8,8,1,0.99588555,5.050756e-06,7.516222e-08,1.7750559e-12,0.0026916245,2.2617248e-09,0.0014145244,1.8383706e-06,1.2890406e-06,0.99588555
/home/leo/Documentos/mestrado/DeepWeeds-Mobile/images/20171203-165302-3.jpg,8,8,8,8,1,0.9270761,0.0006588097,0.0005277406,5.8065493e-06,0.06803465,3.4288012e-05,4.198412e-05,0.0002493199,0.0033712834,0.9270761
/home/leo/Documentos/mestrado/DeepWeeds-Mobile/images/20170630-152150-0.jpg,7,7,7,7,1,0.9572548,0.02526095,0.0055810832,6.236839e-07,7.623493e-08,2.8736267e-07,0.0005873699,7.81777e-06,0.9572548,0.011307005
/home/leo/Documentos/mestrado/DeepWeeds-Mobile/images/20180112-072148-2.jpg,8,8,8,8,1,0.3256867,0.038248878,0.011690485,0.007217803,0.2753051,0.13278067,3.5598914e-05,0.0019817154,0.20705302,0.3256867
/home/leo/Documentos/mestrado/DeepWeeds-Mobile/images/20180109-103614-2.jpg,8,8,8,8,1,0.6959635,0.011908535,0.0005553503,0.2555376,0.020555535,0.00883918,6.6474684e-05,0.00039040254,0.0061834482,0.6959635
/home/leo/Documentos/mestrado/DeepWeeds-Mobile/images/20171219-111652-3.jpg,8,8,8,8,1,0.762099,0.0010209206,0.00018727021,6.663183e-05,0.2246139,0.0034517068,5.9534526e-05,0.002675085,0.0058258045,0.762099
/home/leo/Documentos/mestrado/DeepWeeds-Mobile/images/20171212-095558-1.jpg,8,8,8,8,1,0.99998415,2.5154074e-08,1.7882815e-10,5.136367e-19,1.477684e-05,7.3333754e-13,3.1505976e-07,2.6676146e-09,7.277564e-07,0.99998415
/home/leo/Documentos/mestrado/DeepWeeds-Mobile/images/20170706-130316-3.jpg,1,1,1,1,1,0.9995834,1.0353039e-05,0.9995834,1.4753704e-12,1.298084e-09,1.5790133e-10,2.8079919e-08,2.4803069e-06,0.00037538,2.844124e-05
/home/leo/Documentos/mestrado/DeepWeeds-Mobile/images/20171102-103338-2.jpg,2,2,2,2,1,0.883618,0.0009409123,6.9104312e-06,0.883618,0.0026160716,0.050672796,1.0866913e-06,0.00074942637,0.00033417428,0.061060656
/home/leo/Documentos/mestrado/DeepWeeds-Mobile/images/20180112-075148-2.jpg,8,8,8,8,1,0.9243692,0.019592857,0.0014497994,0.0013479919,0.008603292,0.00093741866,6.84612e-06,1.5020376e-07,0.043692496,0.9243692
/home/leo/Documentos/mestrado/DeepWeeds-Mobile/images/20171205-144536-2.jpg,8,8,8,8,1,0.849325,0.0023617719,0.004429983,2.3065124e-06,0.007189886,1.6928087e-05,0.12194629,0.013370362,0.0013574535,0.849325
/home/leo/Documentos/mestrado/DeepWeeds-Mobile/images/20171113-145003-1.jpg,6,6,6,6,1,0.9976482,7.665412e-06,0.00090128585,2.729178e-06,2.442178e-07,7.0733175e-09,3.5208945e-05,0.9976482,8.433582e-05,0.0013202656
/home/leo/Documentos/mestrado/DeepWeeds-Mobile/images/20171102-123049-2.jpg,2,2,2,2,1,0.97256947,0.00064568187,3.7098068e-06,0.97256947,7.41211e-05,4.531511e-05,0.00013458537,1.2610414e-05,0.00043238106,0.026082052
/home/leo/Documentos/mestrado/DeepWeeds-Mobile/images/20171218-115741-3.jpg,8,8,8,8,1,0.9975037,8.891818e-05,9.7540236e-05,1.1683097e-09,0.0017806548,5.510161e-07,0.00040265004,0.000104126244,2.1781301e-05,0.9975037
/home/leo/Documentos/mestrado/DeepWeeds-Mobile/images/20170913-100725-3.jpg,5,5,5,5,1,0.99902415,1.5116126e-05,1.1484996e-06,2.6750647e-06,0.00039747736,2.645913e-07,0.99902415,1.4384978e-05,1.01160485e-05,0.0005347005
/home/leo/Documentos/mestrado/DeepWeeds-Mobile/images/20170728-123035-2.jpg,4,4,4,4,1,0.9937028,0.0007131883,3.4938626e-06,6.115043e-06,0.0006981225,0.9937028,3.4887233e-07,1.0650228e-07,0.0029261482,0.0019494981
/home/leo/Documentos/mestrado/DeepWeeds-Mobile/images/20180109-072211-2.jpg,8,6,8,6,0,0.7176572,3.0917765e-06,2.0609948e-05,6.742645e-05,5.2971296e-05,2.2377775e-05,1.5768105e-06,0.7176572,3.3770975e-05,0.282141
/home/leo/Documentos/mestrado/DeepWeeds-Mobile/images/20170920-094947-1.jpg,2,2,2,2,1,0.8521558,0.00015013761,0.008790694,0.8521558,6.800791e-05,0.0004828606,0.0003600843,0.018976234,0.0025609692,0.116455175
/home/leo/Documentos/mestrado/DeepWeeds-Mobile/images/20170906-105128-1.jpg,3,3,3,3,1,0.503899,0.009478512,0.0004192893,0.00046588035,0.503899,0.12293491,3.4959207e-06,2.6406267e-06,0.20398863,0.15880764
/home/leo/Documentos/mestrado/DeepWeeds-Mobile/images/20171205-123621-2.jpg,8,8,8,8,1,0.9618254,0.003262484,0.022191506,1.6101875e-06,0.00019922509,0.00036790798,0.001076505,4.5805296e-05,0.011029549,0.9618254
/home/leo/Documentos/mestrado/DeepWeeds-Mobile/images/20180105-095936-3.jpg,8,8,8,8,1,0.98893505,1.4255371e-05,2.9349922e-06,1.8095778e-06,0.00013262052,8.687178e-07,4.4156195e-06,0.01090525,2.761883e-06,0.98893505
/home/leo/Documentos/mestrado/DeepWeeds-Mobile/images/20170729-092628-1.jpg,4,4,4,4,1,0.8212061,0.011352048,7.5663e-05,0.0004042904,0.035898097,0.8212061,0.00018203726,1.176927e-06,0.041435864,0.08944465
/home/leo/Documentos/mestrado/DeepWeeds-Mobile/images/20171122-103153-1.jpg,5,5,5,5,1,0.9996103,8.7958015e-06,1.7568247e-08,1.7249612e-13,1.1849426e-11,4.348989e-15,0.9996103,8.000514e-10,3.421752e-05,0.0003466456
/home/leo/Documentos/mestrado/DeepWeeds-Mobile/images/20180105-093104-2.jpg,8,6,8,6,0,0.6857616,0.00010021944,0.0016626789,4.258002e-05,0.00013597815,9.440225e-05,4.092074e-05,0.6857616,0.0021236022,0.31003797
/home/leo/Documentos/mestrado/DeepWeeds-Mobile/images/20180105-094137-3.jpg,8,8,8,8,1,0.87356,0.00030284727,0.0038938054,0.0037016806,0.00017045991,7.346872e-05,0.0005055555,0.11715897,0.0006331905,0.87356
/home/leo/Documentos/mestrado/DeepWeeds-Mobile/images/20171205-133817-2.jpg,8,8,8,8,1,0.78824943,0.025960462,0.029895741,2.3725932e-05,0.09996032,0.002251392,3.621729e-05,2.505891e-05,0.0535977,0.78824943
/home/leo/Documentos/mestrado/DeepWeeds-Mobile/images/20170304-125032-0.jpg,0,7,0,7,0,0.562976,0.23010287,1.6594659e-05,2.7974469e-08,1.3431189e-07,7.746188e-08,0.00010748329,1.0508705e-09,0.562976,0.20679685
/home/leo/Documentos/mestrado/DeepWeeds-Mobile/images/20180125-095045-1.jpg,8,8,8,8,1,0.9393016,0.002622455,0.0003755841,0.0012160258,0.030610474,0.01618462,0.0022560249,0.0014288096,0.006004402,0.9393016
/home/leo/Documentos/mestrado/DeepWeeds-Mobile/images/20171122-101532-1.jpg,5,5,5,5,1,0.9804488,0.001105884,0.0003706765,1.7082562e-05,1.4076205e-06,1.708982e-08,0.9804488,0.0013710881,0.00022657165,0.016458446
/home/leo/Documentos/mestrado/DeepWeeds-Mobile/images/20171203-174128-3.jpg,8,8,8,8,1,0.82381636,0.003638757,0.00035598315,1.1232972e-07,0.13226071,1.8054747e-05,0.00010439778,2.3687924e-05,0.039781954,0.82381636
/home/leo/Documentos/mestrado/DeepWeeds-Mobile/images/20171219-092706-2.jpg,8,8,8,8,1,0.7856284,0.03307885,0.0007142474,0.0031976434,0.05025956,0.03840002,0.00014442642,0.0035055112,0.08507148,0.7856284
/home/leo/Documentos/mestrado/DeepWeeds-Mobile/images/20180112-071608-2.jpg,8,8,8,8,1,0.93023074,0.0038215676,0.001963586,2.846496e-05,0.005444355,0.0020000173,6.8382255e-06,3.1936634e-05,0.056472432,0.93023074
/home/leo/Documentos/mestrado/DeepWeeds-Mobile/images/20180109-071845-1.jpg,8,8,8,8,1,0.8951309,7.162364e-05,0.006500801,2.2720419e-09,0.07384337,8.118553e-05,2.6033263e-06,0.023978772,0.0003907277,0.8951309
/home/leo/Documentos/mestrado/DeepWeeds-Mobile/images/20180322-115108-1.jpg,8,8,8,8,1,0.998033,0.0007814433,7.574048e-05,7.4025006e-06,2.3259143e-05,9.659858e-06,0.00065843045,9.157971e-06,0.00040199058,0.998033
/home/leo/Documentos/mestrado/DeepWeeds-Mobile/images/20171203-172649-3.jpg,8,8,8,8,1,0.98658603,2.8453453e-05,1.5068485e-05,4.8362716e-12,0.012861999,5.8708167e-08,2.3719138e-06,2.3470293e-06,0.00050365133,0.98658603
/home/leo/Documentos/mestrado/DeepWeeds-Mobile/images/20170920-094137-2.jpg,2,2,2,2,1,0.9433795,0.0004136659,0.0017277313,0.9433795,5.2185977e-05,0.0011380815,0.0008940366,0.0017931004,0.0020456777,0.04855607
/home/leo/Documentos/mestrado/DeepWeeds-Mobile/images/20180109-072536-2.jpg,8,8,8,8,1,0.97032994,0.00067225035,0.0018503243,3.600181e-05,0.0002903663,0.00011448915,3.213257e-05,0.026441066,0.00023341221,0.97032994
/home/leo/Documentos/mestrado/DeepWeeds-Mobile/images/20171109-092525-2.jpg,5,5,5,5,1,0.9993808,1.9444299e-06,6.6462885e-06,4.3300278e-13,3.4925246e-10,4.95509e-14,0.9993808,8.656279e-07,9.450051e-07,0.0006087289
/home/leo/Documentos/mestrado/DeepWeeds-Mobile/images/20170705-163332-0.jpg,7,7,7,7,1,0.48018023,0.3270397,0.0008241485,5.584125e-06,0.00020981231,0.00042509567,3.5319557e-05,1.7141062e-08,0.48018023,0.19128023
/home/leo/Documentos/mestrado/DeepWeeds-Mobile/images/20171218-104431-2.jpg,8,8,8,8,1,0.76304924,0.005167534,0.0059666345,1.397204e-08,0.011567412,3.75599e-07,0.013891263,0.06619892,0.13415861,0.76304924
/home/leo/Documentos/mestrado/DeepWeeds-Mobile/images/20180112-100544-1.jpg,8,8,8,8,1,0.99925464,0.0005360031,5.101807e-06,0.00010812011,8.714809e-06,3.2541624e-07,6.020316e-07,3.0932293e-07,8.616504e-05,0.99925464
/home/leo/Documentos/mestrado/DeepWeeds-Mobile/images/20170913-122535-1.jpg,5,5,5,5,1,0.9082122,0.075365126,0.0019482815,1.8239673e-06,1.44544765e-05,1.2934007e-05,0.9082122,8.039437e-06,0.0005538806,0.013883333
/home/leo/Documentos/mestrado/DeepWeeds-Mobile/images/20170714-110825-1.jpg,1,8,1,8,0,0.89160407,0.0027352888,0.0047709197,0.0058222394,9.678528e-05,5.325036e-05,0.0003728497,0.092213124,0.0023314657,0.89160407
/home/leo/Documentos/mestrado/DeepWeeds-Mobile/images/20180109-095800-1.jpg,8,8,8,8,1,0.956038,0.015041693,0.000630181,0.0024448244,0.0058504464,0.0031954176,8.900806e-05,2.5439564e-05,0.016685018,0.956038
/home/leo/Documentos/mestrado/DeepWeeds-Mobile/images/20180125-095031-1.jpg,8,8,8,8,1,0.99837816,0.00012664616,1.4749035e-06,5.5207884e-06,0.0007279884,4.1840973e-05,0.000278116,8.523486e-05,0.00035490928,0.99837816
/home/leo/Documentos/mestrado/DeepWeeds-Mobile/images/20171121-082150-2.jpg,6,6,6,6,1,0.961162,4.2718304e-05,0.028562373,2.8061324e-06,5.1943047e-05,1.9411912e-06,0.0005887058,0.961162,0.0005121266,0.009075488
/home/leo/Documentos/mestrado/DeepWeeds-Mobile/images/20170906-110832-2.jpg,3,3,3,3,1,0.40527996,0.015301115,0.0014846574,0.008955317,0.40527996,0.045798406,2.1015181e-05,0.000105361585,0.23164293,0.29141125
/home/leo/Documentos/mestrado/DeepWeeds-Mobile/images/20180109-105815-1.jpg,8,8,8,8,1,0.9646773,0.0036409937,6.28993e-05,0.0016243028,0.026847264,4.7947193e-05,0.00093177444,3.6363628e-05,0.0021311203,0.9646773
/home/leo/Documentos/mestrado/DeepWeeds-Mobile/images/20171218-105602-3.jpg,8,8,8,8,1,0.92534155,0.060110245,0.00073237583,1.4086162e-08,3.2483535e-05,6.96911e-10,0.0010267365,5.5025073e-05,0.012701612,0.92534155
/home/leo/Documentos/mestrado/DeepWeeds-Mobile/images/20180125-135436-3.jpg,8,8,8,8,1,0.9061863,0.004033456,0.019249108,0.0026092986,0.00036532158,0.029199053,0.00023948895,0.0005045603,0.03761341,0.9061863
/home/leo/Documentos/mestrado/DeepWeeds-Mobile/images/20170811-134520-2.jpg,0,0,0,0,1,0.9974669,0.9974669,1.3230162e-06,4.0607736e-11,3.3359832e-08,6.061437e-06,2.2914857e-09,2.8739522e-10,0.00024385871,0.0022818702
/home/leo/Documentos/mestrado/DeepWeeds-Mobile/images/20180322-115347-1.jpg,8,8,8,8,1,0.992195,0.0015506389,0.00045524526,0.0040826416,0.00038558533,0.00026854515,0.00029335672,1.568995e-06,0.000767537,0.992195
/home/leo/Documentos/mestrado/DeepWeeds-Mobile/images/20171219-100818-2.jpg,8,8,8,8,1,0.98840755,0.0033517256,0.0006360521,3.5533376e-06,0.000787321,4.2365333e-05,0.00010983233,5.4898405e-06,0.0066560404,0.98840755
/home/leo/Documentos/mestrado/DeepWeeds-Mobile/images/20170704-154200-0.jpg,7,7,7,7,1,0.56889653,0.17587438,0.15547882,2.1718895e-05,0.00072622794,0.0014606068,0.00014371004,1.668662e-05,0.56889653,0.0973812
/home/leo/Documentos/mestrado/DeepWeeds-Mobile/images/20170906-135726-1.jpg,3,8,3,8,0,0.6376783,0.03960528,0.0004015239,0.040938705,0.18311648,0.049585316,9.7951115e-06,6.5891145e-06,0.04865805,0.6376783
/home/leo/Documentos/mestrado/DeepWeeds-Mobile/images/20171212-093747-3.jpg,8,8,8,8,1,0.87134945,0.053721804,0.0063587227,0.0031751932,0.0033861606,0.010710547,0.00033522752,0.00021491658,0.050747905,0.87134945
/home/leo/Documentos/mestrado/DeepWeeds-Mobile/images/20171121-091140-3.jpg,6,6,6,6,1,0.9995875,6.7092124e-08,0.00033769905,2.906843e-07,1.7070354e-07,7.9660305e-09,1.1658024e-07,0.9995875,1.3231611e-06,7.280355e-05
/home/leo/Documentos/mestrado/DeepWeeds-Mobile/images/20170217-143839-0.jpg,7,7,7,7,1,0.64623684,0.172243,2.4384171e-05,2.3007267e-06,2.4505898e-06,1.7236342e-05,0.00020763621,1.137836e-08,0.64623684,0.18126613
/home/leo/Documentos/mestrado/DeepWeeds-Mobile/images/20180109-091822-1.jpg,8,8,8,8,1,0.9985196,0.00017568305,1.588458e-05,5.6282565e-06,1.5079781e-06,7.1617037e-09,3.4261906e-05,0.00030114225,0.00094630616,0.9985196
/home/leo/Documentos/mestrado/DeepWeeds-Mobile/images/20180125-130908-2.jpg,8,8,8,8,1,0.98155785,0.0041746055,0.00033656898,0.011642001,0.00027763325,0.0006515978,0.00031342162,2.4802452e-05,0.0010215087,0.98155785
/home/leo/Documentos/mestrado/DeepWeeds-Mobile/images/20170913-102737-2.jpg,3,3,3,3,1,0.8157352,3.7848622e-05,7.385315e-08,0.040725436,0.8157352,0.07301437,0.06637186,1.001806e-06,6.272336e-07,0.004113638
/home/leo/Documentos/mestrado/DeepWeeds-Mobile/images/20170727-135548-1.jpg,4,4,4,4,1,0.84109324,0.013598002,0.00014306275,2.7442086e-06,0.0048150565,0.84109324,8.325794e-05,4.3711634e-09,0.067922786,0.0723419
/home/leo/Documentos/mestrado/DeepWeeds-Mobile/images/20170913-110450-3.jpg,5,5,5,5,1,0.6117746,0.0002980374,7.00989e-07,8.8168445e-06,0.0042376467,7.903255e-06,0.6117746,0.00018262299,0.00022527596,0.38326436
/home/leo/Documentos/mestrado/DeepWeeds-Mobile/images/20180112-075830-2.jpg,8,8,8,8,1,0.91356105,0.024501396,0.0002008852,0.006849865,0.0013735399,4.232511e-05,5.654691e-05,1.0736501e-06,0.053413276,0.91356105
/home/leo/Documentos/mestrado/DeepWeeds-Mobile/images/20170920-164419-3.jpg,2,2,2,2,1,0.79766417,0.010680036,0.00018142434,0.79766417,0.014765897,0.053642396,0.00048872124,8.485771e-05,0.006568099,0.1159244
/home/leo/Documentos/mestrado/DeepWeeds-Mobile/images/20180109-100704-1.jpg,8,8,8,8,1,0.93036497,8.364716e-05,0.00025483017,0.06796275,0.0009949354,0.00017145385,6.6581392e-06,5.8419973e-05,0.00010231886,0.93036497
/home/leo/Documentos/mestrado/DeepWeeds-Mobile/images/20170920-113450-2.jpg,2,2,2,2,1,0.9785291,0.00014958056,4.248244e-07,0.9785291,2.0133479e-05,0.006558131,4.135516e-05,0.000120929144,2.7895508e-06,0.014577496
/home/leo/Documentos/mestrado/DeepWeeds-Mobile/images/20171205-144300-2.jpg,8,8,8,8,1,0.98544574,0.00020056899,5.2760333e-05,1.2335197e-08,0.0010092714,6.310018e-08,0.010309173,0.0028780685,0.00010428301,0.98544574
/home/leo/Documentos/mestrado/DeepWeeds-Mobile/images/20171025-172145-3.jpg,3,8,3,8,0,0.8533353,0.015094048,0.0030613074,0.019157343,0.031012446,0.0041728164,0.0037374396,0.06344696,0.00698228,0.8533353
/home/leo/Documentos/mestrado/DeepWeeds-Mobile/images/20180109-074010-1.jpg,8,8,8,8,1,0.9602234,8.010645e-06,1.1999031e-05,0.036614638,6.443963e-06,0.00016909465,1.2677243e-06,0.0029420797,2.3217512e-05,0.9602234
/home/leo/Documentos/mestrado/DeepWeeds-Mobile/images/20171109-073403-1.jpg,5,5,5,5,1,0.9999515,9.8817e-08,2.3286677e-07,2.2629353e-15,7.0963645e-11,8.708263e-17,0.9999515,2.31295e-06,1.5788812e-06,4.4316155e-05
/home/leo/Documentos/mestrado/DeepWeeds-Mobile/images/20170715-101619-1.jpg,1,1,1,1,1,0.9968424,5.4628384e-07,0.9968424,3.431125e-09,6.3176087e-09,2.7908207e-09,5.4952054e-08,0.0031351333,1.154397e-06,2.0725502e-05
/home/leo/Documentos/mestrado/DeepWeeds-Mobile/images/20180109-075455-2.jpg,8,8,8,8,1,0.44326907,0.015360421,0.0008443366,0.3220692,0.0071233846,0.19677794,0.004032119,0.0038524535,0.0066711614,0.44326907
/home/leo/Documentos/mestrado/DeepWeeds-Mobile/images/20180112-074049-1.jpg,8,8,8,8,1,0.9174457,0.007102352,0.0024512403,3.9050195e-05,0.011109906,0.010562505,4.6039366e-07,7.2920484e-06,0.051281385,0.9174457
/home/leo/Documentos/mestrado/DeepWeeds-Mobile/images/20171218-121243-3.jpg,8,5,8,5,0,0.84309787,0.0011418943,0.007049252,1.4197001e-08,8.033299e-06,6.7526646e-09,0.84309787,0.006870639,0.000658322,0.14117394
/home/leo/Documentos/mestrado/DeepWeeds-Mobile/images/20180119-113452-1.jpg,8,8,8,8,1,0.39260554,0.10395603,0.12463961,2.1484825e-06,5.570824e-05,2.1587528e-05,2.9211935e-05,0.25373784,0.12495232,0.39260554
/home/leo/Documentos/mestrado/DeepWeeds-Mobile/images/20171113-124836-0.jpg,6,6,6,6,1,0.99937403,2.8490925e-07,0.0005769458,1.6255376e-09,1.10743514e-07,4.3484363e-10,4.670689e-08,0.99937403,9.769055e-08,4.8473437e-05
/home/leo/Documentos/mestrado/DeepWeeds-Mobile/images/20171102-094023-3.jpg,4,4,4,4,1,0.3685952,0.04346658,0.024752328,0.07314906,0.09436541,0.3685952,0.00019090461,0.00021065598,0.08729095,0.30797887
/home/leo/Documentos/mestrado/DeepWeeds-Mobile/images/20171218-110139-3.jpg,8,8,8,8,1,0.8619291,0.025788203,0.061599363,2.1925553e-06,9.524924e-06,7.1297404e-07,0.0037701172,0.002577044,0.044323772,0.8619291
/home/leo/Documentos/mestrado/DeepWeeds-Mobile/images/20180112-094830-2.jpg,8,8,8,8,1,0.9784556,0.018477192,0.0022347847,6.526503e-05,7.075353e-06,1.8981332e-08,2.402055e-06,2.213336e-05,0.00073554565,0.9784556
/home/leo/Documentos/mestrado/DeepWeeds-Mobile/images/20180105-095937-3.jpg,8,8,8,8,1,0.9374297,0.00046039838,0.00044024969,7.731486e-06,0.0027084379,9.3601455e-05,7.793177e-05,0.05842927,0.00035254247,0.9374297
/home/leo/Documentos/mestrado/DeepWeeds-Mobile/images/20171220-091653-2.jpg,8,8,8,8,1,0.77493244,0.0004176776,1.2902514e-05,4.3490966e-10,0.003126111,3.602136e-08,0.22141796,7.419179e-05,1.8793397e-05,0.77493244
/home/leo/Documentos/mestrado/DeepWeeds-Mobile/images/20171212-100359-1.jpg,8,8,8,8,1,0.99997795,2.1531639e-07,2.501875e-08,1.5685164e-17,1.4091104e-05,2.4104128e-11,8.4197936e-08,4.708101e-08,7.627469e-06,0.99997795
/home/leo/Documentos/mestrado/DeepWeeds-Mobile/images/20170706-112900-0.jpg,7,7,7,7,1,0.6434159,0.07287298,3.0436177e-05,3.8612296e-05,1.0641181e-05,5.5971195e-05,2.2577783e-06,2.8399638e-10,0.6434159,0.28357318
/home/leo/Documentos/mestrado/DeepWeeds-Mobile/images/20171109-090219-3.jpg,5,5,5,5,1,0.9998543,2.2654994e-07,1.00030476e-07,4.4303096e-11,2.6472684e-09,8.406592e-15,0.9998543,4.3364225e-06,1.3869716e-08,0.00014099585
/home/leo/Documentos/mestrado/DeepWeeds-Mobile/images/20180109-090002-2.jpg,8,8,8,8,1,0.97005224,0.0064734747,0.00011400994,8.155449e-05,0.014054017,5.3016817e-07,0.0005447884,0.0051658168,0.0035135963,0.97005224
/home/leo/Documentos/mestrado/DeepWeeds-Mobile/images/20170127-101619-0.jpg,1,1,1,1,1,0.93352747,0.00076847634,0.93352747,6.2632114e-07,6.8190406e-05,4.3392006e-06,0.00010429308,0.051855464,0.00058208965,0.013089052
/home/leo/Documentos/mestrado/DeepWeeds-Mobile/images/20170210-150054-0.jpg,7,5,7,5,0,0.98901296,0.0010107314,2.4699689e-06,1.6992725e-08,7.0052394e-08,6.1720277e-12,0.98901296,0.001825349,0.0021274094,0.00602097
/home/leo/Documentos/mestrado/DeepWeeds-Mobile/images/20170728-125258-3.jpg,4,4,4,4,1,0.62060434,0.0006741965,0.0003572658,0.13370077,0.07189277,0.62060434,0.00042522623,0.00014037633,0.00010680419,0.17209832
/home/leo/Documentos/mestrado/DeepWeeds-Mobile/images/20171025-091900-2.jpg,3,3,3,3,1,0.6808994,0.00477684,3.9324834e-05,0.010606645,0.6808994,0.0029146387,1.1210014e-05,1.4315637e-05,0.0026711551,0.29806656
/home/leo/Documentos/mestrado/DeepWeeds-Mobile/images/20170811-104119-2.jpg,0,0,0,0,1,0.8136356,0.8136356,0.0028232043,5.916079e-07,3.4184283e-10,3.894093e-09,0.00024925778,7.570912e-08,0.026492292,0.15679894
/home/leo/Documentos/mestrado/DeepWeeds-Mobile/images/20171220-092109-2.jpg,8,8,8,8,1,0.9849946,0.00018438659,4.2679885e-06,3.6100806e-11,0.010437638,2.1162082e-07,0.004289423,9.9006165e-06,7.96664e-05,0.9849946
/home/leo/Documentos/mestrado/DeepWeeds-Mobile/images/20171102-093603-2.jpg,4,2,4,2,0,0.45169964,0.2456274,0.0002973361,0.45169964,0.0058906223,0.032615453,0.00019564395,2.2845059e-06,0.02736323,0.23630843
/home/leo/Documentos/mestrado/DeepWeeds-Mobile/images/20171218-114829-3.jpg,8,8,8,8,1,0.9043516,0.0012040146,0.0028811665,3.4242375e-06,0.014288418,9.431983e-06,0.059931677,0.017071621,0.00025880605,0.9043516
/home/leo/Documentos/mestrado/DeepWeeds-Mobile/images/20170704-154906-0.jpg,7,7,7,7,1,0.7319226,0.052811343,0.02887824,2.8124336e-07,0.00019320223,7.310669e-06,4.0759583e-05,0.003006703,0.7319226,0.1831396
/home/leo/Documentos/mestrado/DeepWeeds-Mobile/images/20170728-120711-2.jpg,4,4,4,4,1,0.70182776,9.8291515e-05,1.7377022e-05,0.27752355,0.0007340449,0.70182776,7.752642e-05,0.00010835922,7.777954e-05,0.019535331
/home/leo/Documentos/mestrado/DeepWeeds-Mobile/images/20171025-082156-1.jpg,3,8,3,8,0,0.5847649,0.21815878,0.00023135597,0.031182855,0.014696368,0.0060273553,3.3762517e-05,1.6205534e-07,0.14490443,0.5847649
/home/leo/Documentos/mestrado/DeepWeeds-Mobile/images/20180322-113610-2.jpg,8,8,8,8,1,0.9828489,0.0012496623,0.00032245216,0.0150706135,0.00029245391,5.6222038e-05,3.9065133e-05,7.4737077e-06,0.000113190596,0.9828489
/home/leo/Documentos/mestrado/DeepWeeds-Mobile/images/20171220-100938-1.jpg,8,8,8,8,1,0.9999753,1.8543948e-06,5.5002936e-08,7.232922e-16,2.1684993e-06,3.0145053e-11,4.152847e-07,1.6625016e-08,2.014053e-05,0.9999753
/home/leo/Documentos/mestrado/DeepWeeds-Mobile/images/20180119-113849-1.jpg,8,8,8,8,1,0.5534937,0.014081423,0.11017452,7.8510435e-05,0.0015231923,0.00047095487,0.0013949275,0.03030679,0.288476,0.5534937
/home/leo/Documentos/mestrado/DeepWeeds-Mobile/images/20180109-101155-2.jpg,8,8,8,8,1,0.64134276,0.00027394987,0.005246471,0.000707069,7.7065706e-05,2.373611e-05,0.0047317888,0.34712416,0.00047301577,0.64134276
/home/leo/Documentos/mestrado/DeepWeeds-Mobile/images/20170217-102019-0.jpg,0,0,0,0,1,0.97556543,0.97556543,1.2873858e-05,3.7188446e-09,5.626076e-10,1.023955e-11,4.757084e-05,0.00011443539,0.020041656,0.0042180833
/home/leo/Documentos/mestrado/DeepWeeds-Mobile/images/20171219-102519-2.jpg,8,8,8,8,1,0.9671698,0.010363944,0.00023035597,0.0031002206,0.0015921384,0.0076474994,7.9268735e-05,2.5290124e-06,0.009814349,0.9671698
/home/leo/Documentos/mestrado/DeepWeeds-Mobile/images/20180112-080820-2.jpg,8,8,8,8,1,0.65813035,0.24001901,0.00011278223,0.019212002,0.026737414,0.001829939,3.728743e-06,1.09874726e-07,0.05395467,0.65813035
/home/leo/Documentos/mestrado/DeepWeeds-Mobile/images/20180109-074643-2.jpg,8,8,8,8,1,0.9524313,0.011518326,0.003974084,6.31604e-07,7.26855e-06,3.193846e-07,0.012159149,0.008125092,0.011783882,0.9524313
/home/leo/Documentos/mestrado/DeepWeeds-Mobile/images/20180105-092411-2.jpg,8,8,8,8,1,0.9991842,8.680485e-08,1.7980398e-07,2.714689e-06,2.7556355e-06,3.6788195e-05,7.480013e-10,0.000772874,3.790967e-07,0.9991842
/home/leo/Documentos/mestrado/DeepWeeds-Mobile/images/20180119-113639-2.jpg,8,8,8,8,1,0.9836237,0.00045153318,0.004657091,0.00014285049,0.00097316527,2.1792974e-05,0.0006320408,0.008949028,0.0005487949,0.9836237
/home/leo/Documentos/mestrado/DeepWeeds-Mobile/images/20170210-141655-0.jpg,7,7,7,7,1,0.62568736,0.3151493,0.0057935584,7.281518e-09,5.5402766e-10,2.6060332e-10,0.00061867,4.930069e-06,0.62568736,0.052746225
/home/leo/Documentos/mestrado/DeepWeeds-Mobile/images/20180119-110058-2.jpg,8,8,8,8,1,0.97093225,0.0022324764,0.0045210533,0.002607268,0.00032567047,0.00018803404,0.0005572484,0.0009021917,0.017733749,0.97093225
/home/leo/Documentos/mestrado/DeepWeeds-Mobile/images/20171212-100616-1.jpg,8,8,8,8,1,0.99938154,1.706015e-07,3.660546e-08,1.7114123e-14,0.0006180864,4.430574e-10,9.7019965e-09,6.386763e-09,1.7083481e-07,0.99938154
/home/leo/Documentos/mestrado/DeepWeeds-Mobile/images/20180125-134309-2.jpg,8,8,8,8,1,0.9568205,0.0004461613,0.00023698293,0.00014380818,0.0010152893,0.038813826,2.277247e-05,0.0015474636,0.0009531788,0.9568205
/home/leo/Documentos/mestrado/DeepWeeds-Mobile/images/20171113-145632-3.jpg,6,6,6,6,1,0.9839287,1.32708665e-05,0.00033818983,2.3364678e-06,5.7367146e-07,1.2910033e-06,9.058758e-05,0.9839287,8.1385915e-05,0.015543652
/home/leo/Documentos/mestrado/DeepWeeds-Mobile/images/20170920-162413-3.jpg,2,4,2,4,0,0.51752627,3.8191715e-06,6.118065e-08,0.48164952,6.366561e-05,0.51752627,7.4604765e-07,1.4476592e-07,1.1272581e-06,0.00075466087
/home/leo/Documentos/mestrado/DeepWeeds-Mobile/images/20171025-093624-1.jpg,3,8,3,8,0,0.68799,0.114381686,0.0015612905,0.00017399398,0.033056825,1.756007e-05,0.03238857,0.00031867018,0.1301114,0.68799
/home/leo/Documentos/mestrado/DeepWeeds-Mobile/images/20171219-094128-3.jpg,8,8,8,8,1,0.45516202,0.3666941,0.00024635642,1.09402035e-05,0.00011115024,1.0336119e-05,0.0032387376,3.862738e-06,0.17452244,0.45516202
/home/leo/Documentos/mestrado/DeepWeeds-Mobile/images/20180112-101525-2.jpg,8,8,8,8,1,0.999711,0.00016279703,1.3911559e-06,1.9759449e-05,4.211939e-06,7.940459e-07,2.7259328e-05,6.978201e-07,7.2030925e-05,0.999711
/home/leo/Documentos/mestrado/DeepWeeds-Mobile/images/20180112-083715-1.jpg,8,7,8,7,0,0.788484,0.05654679,0.0007079375,1.9877311e-07,6.774479e-09,5.2397294e-08,0.00019711412,3.64028e-06,0.788484,0.15406027
/home/leo/Documentos/mestrado/DeepWeeds-Mobile/images/20171102-120802-3.jpg,2,2,2,2,1,0.9991547,5.9520253e-06,1.3364912e-08,0.9991547,3.3820874e-07,3.9993915e-07,1.5445255e-07,4.065997e-09,3.1114456e-07,0.0008380875
/home/leo/Documentos/mestrado/DeepWeeds-Mobile/images/20171220-084929-2.jpg,8,8,8,8,1,0.999493,0.00034162807,6.405899e-07,9.5429255e-12,1.5463265e-05,1.3021968e-09,7.551076e-05,1.1713064e-07,7.367732e-05,0.999493
/home/leo/Documentos/mestrado/DeepWeeds-Mobile/images/20180112-080950-1.jpg,8,8,8,8,1,0.936473,0.002695738,6.811953e-05,0.0041720485,0.023713853,0.008797777,4.0420494e-07,3.7961837e-07,0.024078593,0.936473
/home/leo/Documentos/mestrado/DeepWeeds-Mobile/images/20170811-163558-1.jpg,0,0,0,0,1,0.9861393,0.9861393,0.00026811002,8.281999e-08,3.723127e-08,8.7009255e-08,2.5356525e-05,1.3406562e-05,0.0035487337,0.010004854
/home/leo/Documentos/mestrado/DeepWeeds-Mobile/images/20171203-173928-3.jpg,8,8,8,8,1,0.6293234,0.008980349,0.0032778291,4.3643845e-06,0.3301045,0.00019095701,0.0024433862,0.005076918,0.020598361,0.6293234
/home/leo/Documentos/mestrado/DeepWeeds-Mobile/images/20180109-070225-1.jpg,8,8,8,8,1,0.9590804,2.2084316e-05,3.6138692e-05,0.00024864695,1.7970113e-05,1.4487557e-05,1.3611942e-05,0.040523898,4.270322e-05,0.9590804
/home/leo/Documentos/mestrado/DeepWeeds-Mobile/images/20180322-131747-1.jpg,8,8,8,8,1,0.7775273,0.026307741,2.7094751e-05,0.1857611,3.2490746e-06,0.001036915,0.00031845702,1.7986738e-07,0.0090179,0.7775273
/home/leo/Documentos/mestrado/DeepWeeds-Mobile/images/20180125-132416-3.jpg,8,8,8,8,1,0.495754,0.008182808,0.25223207,0.00036870147,0.0012953721,0.012185845,0.00038480133,0.021729399,0.2078669,0.495754
/home/leo/Documentos/mestrado/DeepWeeds-Mobile/images/20180105-095612-2.jpg,8,8,8,8,1,0.58717203,0.0002904066,0.00014234823,0.01380364,0.00021260048,0.00038473908,5.575958e-05,0.39579588,0.0021425763,0.58717203
/home/leo/Documentos/mestrado/DeepWeeds-Mobile/images/20171220-083821-2.jpg,8,8,8,8,1,0.9916952,0.0020264147,2.8324844e-06,1.0098453e-12,2.2073213e-08,3.3911145e-11,0.00033703726,5.7517564e-08,0.005938553,0.9916952
/home/leo/Documentos/mestrado/DeepWeeds-Mobile/images/20170913-100707-2.jpg,3,3,3,3,1,0.93082714,8.260027e-05,8.581042e-06,7.251418e-05,0.93082714,6.937403e-05,0.0549226,6.137237e-05,1.1587622e-06,0.013954726
/home/leo/Documentos/mestrado/DeepWeeds-Mobile/images/20171220-082648-2.jpg,8,8,8,8,1,0.9998038,6.1266487e-06,1.7743918e-08,2.9144715e-16,8.183056e-05,1.6227436e-10,1.080034e-05,4.673061e-09,9.742618e-05,0.9998038
/home/leo/Documentos/mestrado/DeepWeeds-Mobile/images/20170728-123052-2.jpg,4,7,4,7,0,0.4728529,0.10851466,0.008377413,8.067362e-06,0.0061960747,0.20554887,0.00017819428,9.1993705e-08,0.4728529,0.19832373
/home/leo/Documentos/mestrado/DeepWeeds-Mobile/images/20180322-131210-1.jpg,8,8,8,8,1,0.9935061,0.002362799,0.00014952444,0.00051109516,1.1608018e-06,0.00015652641,0.0001357005,8.139071e-08,0.0031769655,0.9935061
/home/leo/Documentos/mestrado/DeepWeeds-Mobile/images/20171121-073846-1.jpg,6,6,6,6,1,0.9620377,0.00025585972,0.002359221,5.4724646e-06,1.3508708e-05,9.345009e-06,0.00068445294,0.9620377,0.0016874362,0.032947008
/home/leo/Documentos/mestrado/DeepWeeds-Mobile/images/20170920-162530-3.jpg,2,4,2,4,0,0.54724216,3.2240332e-05,4.8865496e-07,0.45052147,0.00015225718,0.54724216,1.1673256e-05,1.11179825e-05,8.227067e-06,0.0020204175
/home/leo/Documentos/mestrado/DeepWeeds-Mobile/images/20180125-130335-3.jpg,8,8,8,8,1,0.98695254,0.000447648,0.009921898,1.3330459e-06,0.00022784372,0.00010193923,0.00018303184,3.5092075e-05,0.002128705,0.98695254
/home/leo/Documentos/mestrado/DeepWeeds-Mobile/images/20170714-122402-3.jpg,1,1,1,1,1,0.9997446,1.4337186e-06,0.9997446,6.410227e-12,4.9572606e-11,8.13288e-11,9.493156e-10,0.00022104364,3.089659e-05,1.9988681e-06
/home/leo/Documentos/mestrado/DeepWeeds-Mobile/images/20180109-073943-1.jpg,8,8,8,8,1,0.99719954,1.7699945e-06,2.6028276e-06,6.662759e-05,3.0561172e-05,0.0006885658,2.1869544e-08,0.0019982485,1.20892355e-05,0.99719954
/home/leo/Documentos/mestrado/DeepWeeds-Mobile/images/20180105-095450-2.jpg,8,8,8,8,1,0.98273635,9.456936e-06,1.30957405e-05,0.010711162,2.2566188e-05,0.0035643352,2.6795144e-07,0.0029264,1.626847e-05,0.98273635
/home/leo/Documentos/mestrado/DeepWeeds-Mobile/images/20180112-075227-2.jpg,8,8,8,8,1,0.8717178,0.006211214,9.878628e-05,0.0057487357,0.055831436,0.031411834,2.193267e-06,1.2125626e-06,0.028976658,0.8717178
/home/leo/Documentos/mestrado/DeepWeeds-Mobile/images/20170714-115620-3.jpg,1,1,1,1,1,0.90072244,0.0013596806,0.90072244,8.317316e-09,3.430062e-05,5.040877e-06,0.00039769014,0.004164241,0.064580366,0.028736213
/home/leo/Documentos/mestrado/DeepWeeds-Mobile/images/20180322-104930-1.jpg,8,8,8,8,1,0.8295611,0.017182905,0.124191694,1.4016716e-05,0.0002086439,0.0015908435,0.002274152,5.2552814e-06,0.0249714,0.8295611
/home/leo/Documentos/mestrado/DeepWeeds-Mobile/images/20180112-075728-2.jpg,8,8,8,8,1,0.7671217,0.10778754,0.00039346635,0.009003276,0.019526068,0.002057574,1.6033955e-05,7.4124884e-08,0.09409437,0.7671217
/home/leo/Documentos/mestrado/DeepWeeds-Mobile/images/20180105-101641-2.jpg,8,8,8,8,1,0.98659337,1.3676448e-06,9.352398e-06,8.634974e-06,4.250354e-06,2.7563014e-05,4.2184095e-07,0.013352936,2.112059e-06,0.98659337
/home/leo/Documentos/mestrado/DeepWeeds-Mobile/images/20171212-093052-3.jpg,8,8,8,8,1,0.9905032,0.00017688503,1.6260601e-05,1.6684281e-06,0.008311167,7.299737e-05,6.669392e-06,0.000728115,0.0001830438,0.9905032
/home/leo/Documentos/mestrado/DeepWeeds-Mobile/images/20180109-074141-2.jpg,8,8,8,8,1,0.98500973,0.009183533,0.00015530613,2.2061787e-08,2.770164e-07,3.624005e-10,0.0029477025,0.00065698125,0.0020465415,0.98500973
/home/leo/Documentos/mestrado/DeepWeeds-Mobile/images/20170811-134110-1.jpg,0,8,0,8,0,0.7102624,0.23863798,0.00096256204,0.00017414488,1.1185867e-05,2.8488917e-05,4.4208147e-05,3.720346e-07,0.049878735,0.7102624
/home/leo/Documentos/mestrado/DeepWeeds-Mobile/images/20170920-111011-3.jpg,2,2,2,2,1,0.6667578,0.00028503648,1.1503397e-05,0.6667578,0.00015713874,0.2503267,8.323567e-05,0.0021300658,0.00026555135,0.079982914
/home/leo/Documentos/mestrado/DeepWeeds-Mobile/images/20170217-115411-0.jpg,7,7,7,7,1,0.9589996,0.001233089,1.2267152e-05,9.296287e-09,4.3253903e-07,2.3319724e-10,9.202163e-05,0.03935056,0.9589996,0.0003120959
/home/leo/Documentos/mestrado/DeepWeeds-Mobile/images/20170920-164059-3.jpg,2,2,2,2,1,0.9992168,2.0074991e-05,4.6794614e-07,0.9992168,1.9823603e-06,0.0005599974,2.3135653e-05,1.3809666e-06,1.6246264e-05,0.0001598822
/home/leo/Documentos/mestrado/DeepWeeds-Mobile/images/20180109-071220-1.jpg,8,8,8,8,1,0.49463552,0.000118023854,0.003675859,1.127354e-06,2.0232499e-05,1.5079855e-06,0.0046069147,0.49297476,0.0039659473,0.49463552
/home/leo/Documentos/mestrado/DeepWeeds-Mobile/images/20170920-191417-1.jpg,2,2,2,2,1,0.9926393,0.0001330546,4.925791e-07,0.9926393,1.3315645e-05,0.004980344,4.4307624e-05,4.3206037e-06,1.3431707e-05,0.0021713069
/home/leo/Documentos/mestrado/DeepWeeds-Mobile/images/20171113-151854-1.jpg,6,6,6,6,1,0.99913067,5.869086e-08,0.00045696506,3.9060765e-08,2.6826491e-08,1.1850894e-09,1.0798526e-07,0.99913067,4.8784557e-07,0.00041174455
/home/leo/Documentos/mestrado/DeepWeeds-Mobile/images/20171122-100108-1.jpg,5,5,5,5,1,0.9981396,2.2953638e-05,1.927834e-06,9.5462e-11,1.9626444e-08,1.4060885e-12,0.9981396,7.4026883e-07,3.9787275e-07,0.0018343029
/home/leo/Documentos/mestrado/DeepWeeds-Mobile/images/20180112-083645-1.jpg,8,8,8,8,1,0.7939153,0.135895,0.00058112276,0.002732511,0.0026834174,5.8123533e-05,4.8025754e-07,3.6765616e-08,0.06413406,0.7939153
/home/leo/Documentos/mestrado/DeepWeeds-Mobile/images/20171025-073848-1.jpg,3,7,3,7,0,0.43057275,0.00973094,0.025526164,5.6631266e-06,0.15693024,0.100993425,0.00015450017,0.00021459044,0.43057275,0.27587163
/home/leo/Documentos/mestrado/DeepWeeds-Mobile/images/20171113-061441-1.jpg,6,6,6,6,1,0.9890121,2.8342383e-06,0.0007274978,5.0634457e-09,8.643919e-06,2.0895332e-08,1.3261606e-06,0.9890121,4.3248515e-06,0.0102431495
/home/leo/Documentos/mestrado/DeepWeeds-Mobile/images/20170728-154329-1.jpg,4,4,4,4,1,0.9910903,6.2949384e-06,9.3788276e-07,0.0051604765,0.003378517,0.9910903,4.9066548e-05,7.935385e-07,4.974405e-06,0.00030864464
/home/leo/Documentos/mestrado/DeepWeeds-Mobile/images/20180112-092848-2.jpg,8,8,8,8,1,0.9912915,0.0080669625,1.4180302e-05,0.00021361842,5.005485e-09,4.845752e-08,1.0959528e-07,1.7861015e-10,0.0004135832,0.9912915
/home/leo/Documentos/mestrado/DeepWeeds-Mobile/images/20171218-121056-3.jpg,8,8,8,8,1,0.9928237,0.0005954358,0.00011962908,1.2378101e-09,0.0012268373,1.3337005e-07,0.00048262873,0.0017722887,0.0029792907,0.9928237
/home/leo/Documentos/mestrado/DeepWeeds-Mobile/images/20170913-101003-1.jpg,3,3,3,3,1,0.9106232,8.1207196e-05,4.4249653e-08,0.020559825,0.9106232,0.0074057886,0.0065435497,3.046237e-07,5.5859773e-06,0.054780632
/home/leo/Documentos/mestrado/DeepWeeds-Mobile/images/20170207-142622-0.jpg,7,7,7,7,1,0.8213848,0.12163656,0.0001559321,1.2434555e-07,3.5561616e-06,2.5674098e-07,1.29360105e-05,0.0001889029,0.8213848,0.056616988
/home/leo/Documentos/mestrado/DeepWeeds-Mobile/images/20170217-111841-0.jpg,0,0,0,0,1,0.9537998,0.9537998,0.0022925318,5.2535955e-07,1.5705233e-08,2.2494637e-09,0.0011987569,4.762483e-05,0.040718127,0.0019426651
/home/leo/Documentos/mestrado/DeepWeeds-Mobile/images/20171212-094001-3.jpg,8,8,8,8,1,0.9990767,2.4980346e-07,2.473455e-08,5.81404e-16,0.0009226437,1.2579972e-10,1.9996685e-07,3.335598e-08,1.242935e-07,0.9990767
/home/leo/Documentos/mestrado/DeepWeeds-Mobile/images/20180109-101346-1.jpg,8,8,8,8,1,0.94350266,0.022268236,0.00079456874,6.19283e-05,0.00025646176,3.0337824e-05,9.1604255e-05,0.000122053134,0.032872006,0.94350266
/home/leo/Documentos/mestrado/DeepWeeds-Mobile/images/20180109-075209-2.jpg,8,8,8,8,1,0.9794688,4.0749223e-05,8.7035776e-05,9.6937265e-06,4.829961e-07,5.2783495e-08,0.00015889265,0.020217936,1.640302e-05,0.9794688
/home/leo/Documentos/mestrado/DeepWeeds-Mobile/images/20170913-103910-2.jpg,3,3,3,3,1,0.6031599,1.0373194e-05,7.9804545e-09,0.0005634419,0.6031599,0.224501,0.17067158,1.502892e-07,3.004421e-07,0.0010932881
/home/leo/Documentos/mestrado/DeepWeeds-Mobile/images/20180112-080638-1.jpg,8,8,8,8,1,0.8017045,0.051586002,0.017919378,0.00010978733,0.0028939084,0.00045475562,3.8177626e-05,3.679823e-06,0.12528993,0.8017045
/home/leo/Documentos/mestrado/DeepWeeds-Mobile/images/20171113-060924-1.jpg,6,6,6,6,1,0.96874905,5.3567783e-06,0.0008707083,4.0910797e-07,5.1077745e-08,4.471559e-09,1.2435838e-06,0.96874905,6.081063e-06,0.030366965
/home/leo/Documentos/mestrado/DeepWeeds-Mobile/images/20180322-132009-1.jpg,8,8,8,8,1,0.9538537,0.01590108,0.00063478143,1.2457573e-06,0.011207942,0.0044898,3.823455e-05,7.1404875e-06,0.013866106,0.9538537
/home/leo/Documentos/mestrado/DeepWeeds-Mobile/images/20170920-180532-1.jpg,2,2,2,2,1,0.9999999,4.0657856e-11,3.539105e-15,0.9999999,5.405091e-12,9.292163e-08,1.7126024e-10,4.3201394e-14,1.3048442e-13,2.5187012e-09
/home/leo/Documentos/mestrado/DeepWeeds-Mobile/images/20171025-082500-2.jpg,3,8,3,8,0,0.7534181,0.019613368,0.017944252,0.0023095764,0.0016380982,0.0042033023,0.00045767918,0.013512712,0.18690296,0.7534181
/home/leo/Documentos/mestrado/DeepWeeds-Mobile/images/20180322-113511-2.jpg,8,8,8,8,1,0.9988451,0.00028345134,3.897759e-05,9.891668e-08,4.5072764e-05,4.8934795e-05,0.0002745026,1.5737191e-08,0.0004637976,0.9988451
/home/leo/Documentos/mestrado/DeepWeeds-Mobile/images/20180322-114250-2.jpg,8,8,8,8,1,0.9594433,0.00031918733,0.0004152549,3.5328014e-08,0.0044497955,2.9764867e-06,0.034981664,0.00012275387,0.00026506034,0.9594433
/home/leo/Documentos/mestrado/DeepWeeds-Mobile/images/20170718-101114-2.jpg,0,0,0,0,1,0.61875147,0.61875147,0.03186574,4.1823008e-12,4.9820965e-09,1.07033875e-08,2.1963958e-06,4.2092407e-07,0.2902304,0.059149712
/home/leo/Documentos/mestrado/DeepWeeds-Mobile/images/20180109-100224-2.jpg,8,8,8,8,1,0.8194348,0.00012132713,0.0025551815,0.0013697682,8.672952e-05,4.651268e-06,0.006335529,0.1700403,5.175064e-05,0.8194348
/home/leo/Documentos/mestrado/DeepWeeds-Mobile/images/20171203-164605-3.jpg,8,8,8,8,1,0.60126334,0.007776949,0.022721227,5.4623374e-06,0.031654224,0.00024261363,0.012510069,0.0064800642,0.31734607,0.60126334
/home/leo/Documentos/mestrado/DeepWeeds-Mobile/images/20170705-165159-0.jpg,7,0,7,0,0,0.7605998,0.7605998,0.0013234036,3.2919175e-08,1.7357734e-09,6.336523e-07,0.0001015434,3.7007013e-08,0.21115294,0.026821593
/home/leo/Documentos/mestrado/DeepWeeds-Mobile/images/20180109-094545-2.jpg,8,8,8,8,1,0.9826031,0.01653527,8.8279385e-06,1.0460656e-05,2.8078084e-06,4.6405955e-08,1.23596365e-05,4.4218332e-08,0.00082708435,0.9826031
/home/leo/Documentos/mestrado/DeepWeeds-Mobile/images/20170729-092850-2.jpg,4,4,4,4,1,0.83291006,0.010315882,8.466979e-05,0.015219415,0.051048886,0.83291006,2.081172e-06,9.3119e-07,0.035500474,0.054917585
/home/leo/Documentos/mestrado/DeepWeeds-Mobile/images/20171201-123743-3.jpg,8,8,8,8,1,0.9445535,0.003508426,0.02527068,2.5532044e-08,5.873468e-07,3.8002656e-07,0.0034720271,3.068511e-05,0.023163697,0.9445535
/home/leo/Documentos/mestrado/DeepWeeds-Mobile/images/20171102-122909-1.jpg,2,2,2,2,1,0.96138203,0.00090927724,9.5389e-06,0.96138203,0.001031273,0.0053592236,5.3434073e-06,9.698397e-06,0.00035118146,0.030942384
/home/leo/Documentos/mestrado/DeepWeeds-Mobile/images/20180119-113010-1.jpg,8,7,8,7,0,0.41627097,0.032522425,0.17903972,3.722129e-06,0.0005914479,6.0927807e-05,0.038772587,0.030666158,0.41627097,0.30207196
/home/leo/Documentos/mestrado/DeepWeeds-Mobile/images/20180322-130302-1.jpg,8,8,8,8,1,0.9680176,0.0041048997,0.0011313057,2.999067e-07,0.0042457096,0.0016677922,7.378756e-05,5.710924e-06,0.020752922,0.9680176
/home/leo/Documentos/mestrado/DeepWeeds-Mobile/images/20171205-133727-2.jpg,8,8,8,8,1,0.9974981,0.00024233756,4.84573e-05,4.889814e-10,0.0018507583,1.727099e-06,1.9469113e-05,1.1350559e-05,0.00032772735,0.9974981
/home/leo/Documentos/mestrado/DeepWeeds-Mobile/images/20180109-101525-2.jpg,8,8,8,8,1,0.878135,0.0024122242,0.009747662,0.08722961,0.0012280124,0.009296676,0.0012777136,0.004094913,0.0065781567,0.878135
/home/leo/Documentos/mestrado/DeepWeeds-Mobile/images/20170920-095313-3.jpg,2,2,2,2,1,0.99630237,1.8785006e-07,5.75534e-06,0.99630237,3.0022562e-09,2.2715071e-06,9.818564e-07,3.0768842e-05,1.0362759e-06,0.0036566777
/home/leo/Documentos/mestrado/DeepWeeds-Mobile/images/20170210-133912-0.jpg,0,0,0,0,1,0.5883251,0.5883251,0.22414386,2.309453e-05,2.0182788e-05,6.7579987e-07,0.0009904976,9.053341e-05,0.0470577,0.1393483
/home/leo/Documentos/mestrado/DeepWeeds-Mobile/images/20170811-113945-2.jpg,0,0,0,0,1,0.7507191,0.7507191,0.0021256045,5.7957204e-05,2.7408081e-05,0.00037373675,9.985231e-05,7.138247e-05,0.10373779,0.14278719
/home/leo/Documentos/mestrado/DeepWeeds-Mobile/images/20180125-091526-1.jpg,8,8,8,8,1,0.9999999,1.0306461e-07,8.7329344e-10,5.2515915e-11,2.3564029e-10,3.3639225e-08,6.060297e-09,1.3652194e-08,1.4109646e-09,0.9999999
/home/leo/Documentos/mestrado/DeepWeeds-Mobile/images/20180125-135026-3.jpg,8,8,8,8,1,0.44768798,0.005757749,0.080906294,0.0006931381,0.0012974946,0.003544314,0.0005460695,0.015739769,0.44382718,0.44768798
/home/leo/Documentos/mestrado/DeepWeeds-Mobile/images/20170130-102516-0.jpg,1,1,1,1,1,0.8313246,0.057228018,0.8313246,6.4415935e-06,0.026825339,0.000989283,0.00032746774,0.0002630038,0.028396854,0.05463901
/home/leo/Documentos/mestrado/DeepWeeds-Mobile/images/20180109-085401-2.jpg,8,8,8,8,1,0.919332,0.006744093,0.009136373,0.0007993272,0.01934976,0.00045492503,0.0022798984,0.0013661002,0.04053745,0.919332
/home/leo/Documentos/mestrado/DeepWeeds-Mobile/images/20180125-100328-1.jpg,8,8,8,8,1,0.9927557,0.00074485614,1.3344032e-05,1.5228932e-05,0.005336249,6.377846e-05,0.00054236513,0.0003380333,0.00019045017,0.9927557
/home/leo/Documentos/mestrado/DeepWeeds-Mobile/images/20170714-135158-2.jpg,1,6,1,6,0,0.56574833,4.8109814e-05,0.4181259,7.770105e-07,2.2050008e-05,1.4593378e-06,0.0002806009,0.56574833,0.001703375,0.014069384
/home/leo/Documentos/mestrado/DeepWeeds-Mobile/images/20170728-124932-2.jpg,4,4,4,4,1,0.98604923,0.001031193,1.5803317e-07,9.589494e-06,0.00039352186,0.98604923,3.214899e-07,8.9698526e-11,0.003635358,0.008880534
/home/leo/Documentos/mestrado/DeepWeeds-Mobile/images/20171121-071942-1.jpg,6,6,6,6,1,0.9834718,2.4835947e-06,0.0006278383,4.736226e-06,1.9935997e-05,1.9991637e-06,7.34117e-07,0.9834718,9.4720905e-05,0.015775861
/home/leo/Documentos/mestrado/DeepWeeds-Mobile/images/20180119-111215-2.jpg,8,8,8,8,1,0.99903876,3.5188787e-05,1.685664e-05,4.361223e-05,7.767428e-05,9.334666e-05,7.501594e-07,0.0006863107,7.5055696e-06,0.99903876
/home/leo/Documentos/mestrado/DeepWeeds-Mobile/images/20170410-154041-0.jpg,7,7,7,7,1,0.54417527,0.4394129,0.0016604165,1.8550548e-08,5.834001e-07,9.3247166e-07,0.0053767487,3.859633e-09,0.54417527,0.009373006
/home/leo/Documentos/mestrado/DeepWeeds-Mobile/images/20180119-110559-2.jpg,8,8,8,8,1,0.997326,0.0003477214,0.00040602376,1.0247303e-06,6.513049e-05,1.2657617e-06,1.7177746e-05,0.00012829008,0.0017072147,0.997326
/home/leo/Documentos/mestrado/DeepWeeds-Mobile/images/20180109-074227-2.jpg,8,8,8,8,1,0.9029236,0.08855642,0.00011008103,4.4252282e-08,2.0196124e-08,5.213054e-10,0.0036506485,7.535565e-05,0.004683841,0.9029236
/home/leo/Documentos/mestrado/DeepWeeds-Mobile/images/20180125-093109-2.jpg,8,8,8,8,1,0.9890287,0.0016951143,0.0005241565,2.1960259e-05,0.0007076372,0.0009742413,2.4546052e-05,2.3047967e-06,0.007021401,0.9890287
/home/leo/Documentos/mestrado/DeepWeeds-Mobile/images/20170210-134150-0.jpg,0,0,0,0,1,0.79748,0.79748,0.00042731583,1.3721511e-05,6.233948e-08,9.578395e-09,0.00015252478,6.124639e-07,0.025920365,0.17600541
/home/leo/Documentos/mestrado/DeepWeeds-Mobile/images/20180119-104747-2.jpg,8,8,8,8,1,0.9938163,0.00017964239,0.00020483136,4.5099743e-05,0.00037358922,9.356232e-06,0.0002065251,0.0047810916,0.00038359832,0.9938163
/home/leo/Documentos/mestrado/DeepWeeds-Mobile/images/20180109-100340-1.jpg,8,8,8,8,1,0.9730626,0.012457112,0.00019813441,0.00050429057,0.0006132915,0.00027988636,2.0103427e-05,8.4412995e-06,0.012856166,0.9730626
/home/leo/Documentos/mestrado/DeepWeeds-Mobile/images/20180322-115506-2.jpg,8,8,8,8,1,0.96566755,0.0031675324,0.0013445955,1.2296128e-06,0.00846853,0.0003381499,0.0014600088,0.000120868324,0.019431561,0.96566755
/home/leo/Documentos/mestrado/DeepWeeds-Mobile/images/20171212-094323-1.jpg,8,8,8,8,1,0.9997341,4.368097e-07,1.5008613e-08,4.1375594e-15,0.00026236218,8.275728e-10,2.746117e-08,1.125127e-08,3.0371307e-06,0.9997341
/home/leo/Documentos/mestrado/DeepWeeds-Mobile/images/20170129-103921-0.jpg,8,8,8,8,1,0.6685223,0.028108653,0.22330426,0.00040009402,0.0482865,0.00048037208,0.0014375754,0.0019035429,0.027556717,0.6685223
/home/leo/Documentos/mestrado/DeepWeeds-Mobile/images/20170714-165832-1.jpg,1,1,1,1,1,0.99856853,6.027855e-06,0.99856853,2.2388313e-11,2.069644e-08,1.8713364e-09,2.9010774e-08,0.0012967563,9.818137e-05,3.0487541e-05
/home/leo/Documentos/mestrado/DeepWeeds-Mobile/images/20171025-090737-1.jpg,3,3,3,3,1,0.7143645,0.0009829582,0.0005309893,0.00041157455,0.7143645,0.011479737,6.261334e-08,1.9564227e-06,0.00755016,0.264678
/home/leo/Documentos/mestrado/DeepWeeds-Mobile/images/20171109-090236-1.jpg,5,5,5,5,1,0.9889426,0.00028113386,8.906566e-05,1.260664e-08,7.432246e-07,2.7424132e-10,0.9889426,0.000103073224,4.457511e-06,0.010578943
/home/leo/Documentos/mestrado/DeepWeeds-Mobile/images/20161207-111539-0.jpg,0,0,0,0,1,0.94640195,0.94640195,0.015047712,3.035444e-07,2.4401527e-09,1.0108303e-09,0.027061526,0.00034823865,0.0016113854,0.009528855
/home/leo/Documentos/mestrado/DeepWeeds-Mobile/images/20180125-094245-2.jpg,8,8,8,8,1,0.9998573,3.5768664e-07,5.756547e-08,2.5111716e-05,7.939993e-09,0.00010776508,1.459124e-08,9.36027e-06,8.909522e-08,0.9998573
/home/leo/Documentos/mestrado/DeepWeeds-Mobile/images/20170210-133817-0.jpg,0,0,0,0,1,0.9964634,0.9964634,0.00014834988,2.4231816e-11,8.1840384e-14,1.520372e-13,3.2751188e-05,4.953712e-05,0.0032318588,7.400455e-05
/home/leo/Documentos/mestrado/DeepWeeds-Mobile/images/20171109-074620-3.jpg,5,5,5,5,1,0.97146994,1.540023e-05,2.8975015e-05,5.9212377e-09,3.802047e-08,1.2071862e-12,0.97146994,0.017659223,1.8607483e-07,0.010826244
/home/leo/Documentos/mestrado/DeepWeeds-Mobile/images/20180112-092440-2.jpg,8,8,8,8,1,0.99562114,0.003126815,3.4365108e-05,0.00012138237,1.9395653e-05,9.91773e-06,3.620405e-06,1.1118378e-06,0.0010621968,0.99562114
/home/leo/Documentos/mestrado/DeepWeeds-Mobile/images/20180105-095219-2.jpg,8,8,8,8,1,0.93842065,0.0003584131,7.715748e-05,0.0004554361,0.00028549207,4.6233978e-05,5.4795353e-05,0.05984534,0.00045650234,0.93842065
/home/leo/Documentos/mestrado/DeepWeeds-Mobile/images/20170913-104028-1.jpg,3,2,3,2,0,0.9677601,4.019722e-05,9.788744e-05,0.9677601,0.0058194296,0.021024613,7.23061e-05,1.9979839e-06,3.1058422e-05,0.005152517
/home/leo/Documentos/mestrado/DeepWeeds-Mobile/images/20171220-084049-2.jpg,8,8,8,8,1,0.99997115,1.5953702e-07,4.8556825e-09,1.8198058e-15,2.8205639e-05,1.2997336e-11,5.48e-07,2.8028981e-09,1.5226782e-08,0.99997115
/home/leo/Documentos/mestrado/DeepWeeds-Mobile/images/20171102-121129-3.jpg,2,2,2,2,1,0.99993384,2.2383667e-06,1.1744359e-08,0.99993384,3.6188442e-07,1.7850301e-05,2.0028342e-08,7.3612023e-09,2.402773e-08,4.5641762e-05
/home/leo/Documentos/mestrado/DeepWeeds-Mobile/images/20171113-131411-1.jpg,6,6,6,6,1,0.96422756,3.6191093e-05,0.030271718,7.230516e-07,6.121636e-07,1.7219268e-08,0.0010896322,0.96422756,0.00017953957,0.0041940794
/home/leo/Documentos/mestrado/DeepWeeds-Mobile/images/20170913-155404-3.jpg,3,5,3,5,0,0.5556663,0.0050993916,1.7817289e-06,0.008158848,0.016491946,0.17352563,0.5556663,1.1814698e-06,0.00083740865,0.24021743
/home/leo/Documentos/mestrado/DeepWeeds-Mobile/images/20170705-160734-0.jpg,7,7,7,7,1,0.6255918,0.25123075,0.024648357,6.751131e-07,1.6578097e-05,2.2244587e-06,0.0022852162,3.768782e-07,0.6255918,0.09622409
/home/leo/Documentos/mestrado/DeepWeeds-Mobile/images/20170811-132606-1.jpg,0,0,0,0,1,0.9587556,0.9587556,8.082259e-05,1.2478682e-07,8.9606106e-10,1.6992545e-09,0.0071462644,4.2500374e-06,0.024382465,0.009630576
/home/leo/Documentos/mestrado/DeepWeeds-Mobile/images/20170210-132125-0.jpg,0,0,0,0,1,0.73777694,0.73777694,0.0070366743,0.00028540334,0.00016013235,2.5567192e-06,0.008228718,0.0003264224,0.04402015,0.20216297
/home/leo/Documentos/mestrado/DeepWeeds-Mobile/images/20180112-082149-1.jpg,8,3,8,3,0,0.5350679,0.06994479,2.6214015e-05,0.005186125,0.5350679,0.028756436,2.8373643e-05,1.2324247e-07,0.048962347,0.31202775
/home/leo/Documentos/mestrado/DeepWeeds-Mobile/images/20171102-095326-1.jpg,4,8,4,8,0,0.7230796,0.014635591,0.0031344106,0.003885581,0.15629278,0.051884934,4.4519522e-05,4.459546e-05,0.046997894,0.7230796
/home/leo/Documentos/mestrado/DeepWeeds-Mobile/images/20170920-183005-1.jpg,2,4,2,4,0,0.63633883,0.0016471564,0.0004780349,0.1196697,0.19125117,0.63633883,3.154335e-05,8.311029e-06,0.0077445754,0.04283071
/home/leo/Documentos/mestrado/DeepWeeds-Mobile/images/20171220-090631-2.jpg,8,8,8,8,1,0.99999845,1.5674074e-08,7.538073e-11,4.129509e-14,1.0381284e-06,2.833725e-11,5.0664056e-07,3.8193868e-08,4.3982826e-09,0.99999845
/home/leo/Documentos/mestrado/DeepWeeds-Mobile/images/20171220-101926-1.jpg,8,8,8,8,1,0.999918,9.433456e-08,1.4374112e-09,1.2521035e-15,4.293209e-05,3.5807416e-11,3.879671e-05,4.7684576e-08,1.5871638e-07,0.999918
/home/leo/Documentos/mestrado/DeepWeeds-Mobile/images/20180125-093734-2.jpg,8,8,8,8,1,0.97955656,0.00030705772,1.2782594e-05,1.5667744e-09,0.012111624,2.9241712e-05,4.4803757e-05,5.9658123e-06,0.007932009,0.97955656
/home/leo/Documentos/mestrado/DeepWeeds-Mobile/images/20171220-091646-3.jpg,8,8,8,8,1,0.9495155,0.0027714353,4.5448346e-06,0.010412015,0.00078810775,0.03536121,0.0005923672,9.999419e-05,0.00045465477,0.9495155
/home/leo/Documentos/mestrado/DeepWeeds-Mobile/images/20171203-173632-3.jpg,8,8,8,8,1,0.8519524,0.003172652,0.00070439937,2.8121035e-06,0.14033854,0.00011581921,0.0008104692,0.00017968153,0.0027232447,0.8519524
/home/leo/Documentos/mestrado/DeepWeeds-Mobile/images/20180119-105426-1.jpg,8,8,8,8,1,0.87094474,0.0040207277,0.0862061,4.3922628e-07,0.00037385628,1.3901783e-05,0.00586231,0.0058693057,0.026708605,0.87094474
/home/leo/Documentos/mestrado/DeepWeeds-Mobile/images/20171113-091531-3.jpg,5,5,5,5,1,0.9997785,3.1119503e-06,2.1100311e-06,3.2903694e-11,6.1361576e-12,6.380585e-15,0.9997785,7.681018e-06,3.2426675e-07,0.0002081592
/home/leo/Documentos/mestrado/DeepWeeds-Mobile/images/20180119-113956-1.jpg,8,8,8,8,1,0.5569923,0.008480334,0.047427118,0.005219881,0.0023301821,0.0006191111,0.005133977,0.15105991,0.22273733,0.5569923
/home/leo/Documentos/mestrado/DeepWeeds-Mobile/images/20170920-162737-3.jpg,2,2,2,2,1,0.98188514,5.281701e-08,4.7630064e-09,0.98188514,2.542901e-06,0.01803622,2.3725319e-07,7.475663e-08,2.7171732e-09,7.561242e-05
/home/leo/Documentos/mestrado/DeepWeeds-Mobile/images/20180112-071306-2.jpg,8,8,8,8,1,0.8103029,0.0022882272,0.00010795196,0.004129107,0.105807595,0.06162095,1.7974378e-07,1.3704094e-05,0.015729384,0.8103029
/home/leo/Documentos/mestrado/DeepWeeds-Mobile/images/20171212-095519-3.jpg,8,8,8,8,1,0.998307,9.202861e-05,1.0394315e-05,1.6316716e-06,0.0013358433,7.748155e-06,8.85009e-06,9.797324e-06,0.00022677965,0.998307
/home/leo/Documentos/mestrado/DeepWeeds-Mobile/images/20170127-100741-0.jpg,1,1,1,1,1,0.7380283,0.000109674715,0.7380283,1.3898693e-10,8.9118366e-08,1.4233674e-09,2.836118e-06,0.261584,4.7686233e-05,0.00022744297
/home/leo/Documentos/mestrado/DeepWeeds-Mobile/images/20180125-092733-1.jpg,8,8,8,8,1,0.9995127,6.864598e-05,8.114623e-06,6.0580613e-05,9.470963e-06,0.00023993733,8.301187e-06,2.805929e-07,9.195261e-05,0.9995127
/home/leo/Documentos/mestrado/DeepWeeds-Mobile/images/20170217-111344-0.jpg,0,0,0,0,1,0.9980356,0.9980356,9.365219e-09,1.649839e-14,3.5785623e-16,3.9972186e-16,3.9810834e-07,6.94921e-10,0.0018567691,0.00010714661
/home/leo/Documentos/mestrado/DeepWeeds-Mobile/images/20180112-101803-2.jpg,8,8,8,8,1,0.9998448,5.230771e-05,2.2959316e-06,4.141963e-05,1.1323751e-06,1.0148971e-07,5.4644124e-06,9.585788e-08,5.2426825e-05,0.9998448
/home/leo/Documentos/mestrado/DeepWeeds-Mobile/images/20170906-110557-1.jpg,3,3,3,3,1,0.8228944,0.007394595,0.0012987959,0.00018773918,0.8228944,0.04261815,3.5906967e-05,0.0014080332,0.008120081,0.11604225
/home/leo/Documentos/mestrado/DeepWeeds-Mobile/images/20171109-074748-1.jpg,5,5,5,5,1,0.49167824,0.0035630318,4.2989228e-05,1.933403e-09,1.7650796e-06,1.9525911e-10,0.49167824,0.0002236934,0.021094074,0.48339623
/home/leo/Documentos/mestrado/DeepWeeds-Mobile/images/20160928-141107-0.jpg,0,8,0,8,0,0.9506594,0.01873765,0.0006167952,2.8679662e-07,0.0088925185,1.552853e-05,0.01562434,0.0002383793,0.0052151033,0.9506594
/home/leo/Documentos/mestrado/DeepWeeds-Mobile/images/20180109-094849-2.jpg,8,8,8,8,1,0.99737096,0.0016772582,2.300839e-05,0.00014853542,0.00032305357,2.799763e-06,4.0344007e-06,1.1382715e-05,0.00043894217,0.99737096
/home/leo/Documentos/mestrado/DeepWeeds-Mobile/images/20171220-100117-2.jpg,8,8,8,8,1,0.7657354,0.009468785,0.016733274,1.6548573e-06,0.00010068299,3.8648554e-06,0.18955712,0.00894538,0.009453893,0.7657354
/home/leo/Documentos/mestrado/DeepWeeds-Mobile/images/20170410-154238-0.jpg,0,8,0,8,0,0.40028214,0.34025896,0.00021540442,4.1678162e-05,0.001909732,0.00033210058,6.546174e-05,8.2646764e-08,0.25689444,0.40028214
/home/leo/Documentos/mestrado/DeepWeeds-Mobile/images/20170811-105123-2.jpg,0,0,0,0,1,0.63787335,0.63787335,0.0016896867,4.6837695e-08,1.2206128e-06,3.8138312e-06,5.4573567e-05,3.7121383e-06,0.3358541,0.024519565
/home/leo/Documentos/mestrado/DeepWeeds-Mobile/images/20170803-133045-1.jpg,0,7,0,7,0,0.43831983,0.028428413,0.12906884,0.0006227939,0.01487954,0.0022695558,0.0036765507,0.084240675,0.43831983,0.29849383
/home/leo/Documentos/mestrado/DeepWeeds-Mobile/images/20171212-102000-3.jpg,8,8,8,8,1,0.99741,0.0009802787,0.00011957886,1.5218876e-07,1.5621068e-05,4.383126e-07,2.196833e-07,7.524914e-08,0.0014735695,0.99741
/home/leo/Documentos/mestrado/DeepWeeds-Mobile/images/20170920-163436-3.jpg,2,2,2,2,1,0.9950847,2.6126745e-05,9.210943e-06,0.9950847,1.8104873e-05,0.000713338,7.959222e-06,4.533143e-06,7.0083524e-06,0.004129071
/home/leo/Documentos/mestrado/DeepWeeds-Mobile/images/20171205-124153-2.jpg,8,8,8,8,1,0.9792445,0.00067195535,0.00049011555,0.0006868569,0.0001712247,3.067098e-05,0.012525903,0.0057940567,0.0003847315,0.9792445
/home/leo/Documentos/mestrado/DeepWeeds-Mobile/images/20170727-150211-3.jpg,4,4,4,4,1,0.98931426,0.0006660682,2.8221045e-06,0.001027062,0.0017719809,0.98931426,5.3144802e-05,1.7281131e-08,0.0031296806,0.0040349406
/home/leo/Documentos/mestrado/DeepWeeds-Mobile/images/20170913-110647-1.jpg,3,3,3,3,1,0.9788937,1.7029554e-06,2.909666e-08,5.345617e-07,0.9788937,0.01584532,3.8832637e-05,2.812179e-08,3.35062e-07,0.0052194567
/home/leo/Documentos/mestrado/DeepWeeds-Mobile/images/20171219-093048-2.jpg,8,8,8,8,1,0.91737294,0.0005172821,0.0004067426,1.3769524e-05,0.0062622074,1.2444233e-06,0.045151725,0.030244539,2.9518178e-05,0.91737294
/home/leo/Documentos/mestrado/DeepWeeds-Mobile/images/20170728-124038-2.jpg,4,4,4,4,1,0.9569614,0.0013929502,1.6768297e-05,0.00020355548,0.018017702,0.9569614,4.0404677e-05,1.7794741e-07,0.0046033603,0.01876365
/home/leo/Documentos/mestrado/DeepWeeds-Mobile/images/20180105-095757-2.jpg,8,8,8,8,1,0.99584526,2.7796546e-06,5.023598e-06,0.00032055046,2.507674e-06,2.8657156e-05,1.0494864e-06,0.0037902412,4.003061e-06,0.99584526
/home/leo/Documentos/mestrado/DeepWeeds-Mobile/images/20171220-093448-2.jpg,8,8,8,8,1,0.96923894,6.8533824e-05,3.2741148e-06,6.568179e-11,0.0041645616,7.6860694e-08,0.026485164,2.913443e-05,1.0317537e-05,0.96923894
/home/leo/Documentos/mestrado/DeepWeeds-Mobile/images/20170727-154914-1.jpg,4,4,4,4,1,0.92961997,0.00687862,2.4734167e-05,0.013738192,0.008039227,0.92961997,0.00014195315,6.179076e-07,0.012897051,0.02865956
/home/leo/Documentos/mestrado/DeepWeeds-Mobile/images/20171113-143204-3.jpg,6,6,6,6,1,0.9715881,4.9263796e-05,0.016652208,0.0005110664,9.861501e-06,9.1562464e-07,0.00092771655,0.9715881,0.0004767258,0.009784064
/home/leo/Documentos/mestrado/DeepWeeds-Mobile/images/20171025-073808-2.jpg,3,3,3,3,1,0.99455696,1.2890747e-05,0.00046621924,3.397236e-08,0.99455696,0.0011470704,1.6156656e-07,9.096263e-06,0.00015984038,0.0036476878
/home/leo/Documentos/mestrado/DeepWeeds-Mobile/images/20180112-093055-1.jpg,8,8,8,8,1,0.7923069,0.081485406,0.0010294633,0.00011081492,0.00021753069,6.126433e-05,0.06642083,0.0020920113,0.056275662,0.7923069
/home/leo/Documentos/mestrado/DeepWeeds-Mobile/images/20170718-094823-2.jpg,0,8,0,8,0,0.5473064,0.1409328,0.0040691155,0.0002227347,0.28324646,0.0005614436,0.0010908087,0.00018960662,0.022380691,0.5473064
/home/leo/Documentos/mestrado/DeepWeeds-Mobile/images/20171220-092316-2.jpg,8,8,8,8,1,0.99929976,5.489765e-05,3.5799656e-07,9.3644356e-11,0.00048993976,1.7519773e-07,9.7414486e-05,5.4254215e-06,5.204877e-05,0.99929976
/home/leo/Documentos/mestrado/DeepWeeds-Mobile/images/20170210-132642-0.jpg,0,0,0,0,1,0.87083197,0.87083197,0.00013094244,4.528183e-06,1.0750486e-08,2.2064655e-09,5.962579e-05,0.00010368116,0.12621848,0.002650705
/home/leo/Documentos/mestrado/DeepWeeds-Mobile/images/20171220-092615-3.jpg,8,8,8,8,1,0.9881015,9.308159e-05,2.8773545e-07,2.3950486e-07,0.010863577,0.00081184454,9.1369366e-05,5.1694656e-06,3.2977146e-05,0.9881015
/home/leo/Documentos/mestrado/DeepWeeds-Mobile/images/20180112-073347-1.jpg,8,8,8,8,1,0.8991949,0.04109796,0.0001776425,0.00096733274,0.00017617522,3.852289e-05,4.1460507e-06,2.0085619e-08,0.05834334,0.8991949
/home/leo/Documentos/mestrado/DeepWeeds-Mobile/images/20170714-134152-1.jpg,1,1,1,1,1,0.99555165,5.209794e-06,0.99555165,2.0649944e-11,4.2507452e-07,6.1542764e-08,5.52011e-08,0.003000252,0.000113013855,0.0013293131
/home/leo/Documentos/mestrado/DeepWeeds-Mobile/images/20170920-094141-1.jpg,4,4,4,4,1,0.5327124,0.018901374,0.0903711,0.0007828972,0.018886235,0.5327124,8.803387e-05,0.0022888556,0.068665184,0.26730397
/home/leo/Documentos/mestrado/DeepWeeds-Mobile/images/20171219-092840-2.jpg,8,8,8,8,1,0.9994399,9.04969e-06,1.226937e-07,1.3675983e-10,0.0004170727,2.0111246e-07,7.532909e-05,1.7446013e-05,4.088001e-05,0.9994399
/home/leo/Documentos/mestrado/DeepWeeds-Mobile/images/20171025-082727-2.jpg,3,3,3,3,1,0.88196445,0.0034982841,6.640812e-06,0.014015407,0.88196445,0.0071479427,6.3442826e-08,1.2894971e-08,0.0040143672,0.089352846
/home/leo/Documentos/mestrado/DeepWeeds-Mobile/images/20171121-071912-1.jpg,6,6,6,6,1,0.99436873,8.1574143e-07,6.1859864e-05,8.487879e-09,0.00048620696,1.5211262e-08,8.056137e-07,0.99436873,1.6546674e-05,0.0050650085
/home/leo/Documentos/mestrado/DeepWeeds-Mobile/images/20180109-104955-2.jpg,8,8,8,8,1,0.93445635,0.035259362,0.00019273601,0.0029089118,0.0015901119,0.00085617945,0.00059051,3.8380867e-06,0.024141982,0.93445635
/home/leo/Documentos/mestrado/DeepWeeds-Mobile/images/20180125-132851-2.jpg,8,8,8,8,1,0.9772131,0.00023570211,0.018832821,2.381709e-08,0.0008709302,0.00020369158,4.6598507e-05,0.0001648576,0.0024323156,0.9772131
/home/leo/Documentos/mestrado/DeepWeeds-Mobile/images/20171218-105137-3.jpg,8,8,8,8,1,0.8332944,0.0920801,0.021578725,2.7540416e-05,0.00013248932,2.9081126e-05,0.0017106921,1.1880598e-05,0.05113508,0.8332944
/home/leo/Documentos/mestrado/DeepWeeds-Mobile/images/20171121-090746-1.jpg,6,6,6,6,1,0.972738,2.859004e-07,0.027005173,1.2403737e-08,1.1085948e-07,5.686735e-09,8.7086755e-06,0.972738,8.718164e-06,0.00023895795
/home/leo/Documentos/mestrado/DeepWeeds-Mobile/images/20171102-094714-3.jpg,4,8,4,8,0,0.9353397,0.0017948931,0.0058410857,0.000556477,0.0034085182,0.026138397,1.9895299e-07,0.014981533,0.011939059,0.9353397
/home/leo/Documentos/mestrado/DeepWeeds-Mobile/images/20171113-120526-2.jpg,6,6,6,6,1,0.9921996,8.195691e-06,0.0070500146,1.4714018e-08,1.5232299e-06,6.313064e-08,0.00016888733,0.9921996,5.8333797e-05,0.0005132946
/home/leo/Documentos/mestrado/DeepWeeds-Mobile/images/20171113-144900-1.jpg,6,6,6,6,1,0.83735657,0.00030442677,0.0067169783,0.00013429357,0.00037920248,0.00012320052,4.134713e-05,0.83735657,0.01880091,0.13614315
/home/leo/Documentos/mestrado/DeepWeeds-Mobile/images/20170304-125101-0.jpg,0,7,0,7,0,0.5315511,0.1858065,2.3734468e-05,2.113718e-06,4.7147187e-05,4.5116973e-05,4.5175416e-06,9.628004e-10,0.5315511,0.28251973
/home/leo/Documentos/mestrado/DeepWeeds-Mobile/images/20170706-111355-0.jpg,7,7,7,7,1,0.7571551,0.068192214,0.009990673,0.00030929287,0.00025997436,0.0016808908,0.00023929746,0.0024255028,0.7571551,0.15974706
/home/leo/Documentos/mestrado/DeepWeeds-Mobile/images/20170811-132940-1.jpg,0,0,0,0,1,0.8713197,0.8713197,0.0021693867,1.5005164e-05,2.2553866e-06,8.743883e-06,0.00033161574,0.00017726758,0.104583345,0.02139274
/home/leo/Documentos/mestrado/DeepWeeds-Mobile/images/20171220-092229-2.jpg,8,8,8,8,1,0.874205,0.00013437925,1.793847e-05,5.0491764e-12,0.0015059246,1.4478383e-09,0.1240564,5.5444132e-05,2.496726e-05,0.874205
/home/leo/Documentos/mestrado/DeepWeeds-Mobile/images/20171218-122252-3.jpg,8,8,8,8,1,0.99449295,9.044759e-05,6.520516e-06,2.044946e-08,0.0005962782,3.7526738e-07,0.0040974254,0.0006960483,1.9976787e-05,0.99449295
/home/leo/Documentos/mestrado/DeepWeeds-Mobile/images/20170714-170519-1.jpg,1,1,1,1,1,0.9778682,0.0010085026,0.9778682,6.1864064e-10,0.00014448506,5.1699655e-05,1.8965281e-07,0.00093381066,0.00267372,0.017319387
/home/leo/Documentos/mestrado/DeepWeeds-Mobile/images/20180109-102940-2.jpg,8,8,8,8,1,0.98545927,0.006402511,7.8424375e-05,0.00032566104,0.00027327726,0.00030081344,9.140642e-05,5.933465e-07,0.007067971,0.98545927
/home/leo/Documentos/mestrado/DeepWeeds-Mobile/images/20180322-103359-1.jpg,8,8,8,8,1,0.9727638,0.0117902085,0.00054145756,0.0005539911,0.0002172564,0.0056958697,0.001303266,1.4061325e-07,0.0071340157,0.9727638
/home/leo/Documentos/mestrado/DeepWeeds-Mobile/images/20180322-115539-2.jpg,8,8,8,8,1,0.990324,0.0054926435,0.0002513023,3.0345773e-05,7.651856e-05,0.0006497844,0.00073979684,2.5157718e-07,0.0024353196,0.990324
/home/leo/Documentos/mestrado/DeepWeeds-Mobile/images/20171025-075546-1.jpg,3,3,3,3,1,0.72751534,0.0026667474,0.10668955,0.00074746064,0.72751534,0.005191405,4.893031e-06,0.006365436,0.0049768235,0.14584239
/home/leo/Documentos/mestrado/DeepWeeds-Mobile/images/20180109-071852-2.jpg,8,4,8,4,0,0.9201573,9.057627e-07,2.148525e-07,0.026415138,1.2263533e-05,0.9201573,5.744747e-05,0.001453444,7.026141e-08,0.051903147
/home/leo/Documentos/mestrado/DeepWeeds-Mobile/images/20180109-091351-1.jpg,8,8,8,8,1,0.93429947,0.0010115716,0.0029708287,0.0030931234,9.429976e-05,5.6842677e-05,0.0005903653,0.05463896,0.0032445132,0.93429947
/home/leo/Documentos/mestrado/DeepWeeds-Mobile/images/20171113-093432-1.jpg,5,5,5,5,1,0.5842783,0.17115587,0.02396151,5.4689176e-06,1.09456764e-07,6.643283e-08,0.5842783,0.00012691668,0.043536145,0.17693561
/home/leo/Documentos/mestrado/DeepWeeds-Mobile/images/20180322-105136-1.jpg,8,8,8,8,1,0.9732397,0.0066048577,0.0002723005,0.00014274105,0.0021023178,0.0073127206,0.0009115686,6.0443074e-07,0.009413138,0.9732397
/home/leo/Documentos/mestrado/DeepWeeds-Mobile/images/20171218-112959-3.jpg,8,8,8,8,1,0.83281827,0.052334413,0.029180648,7.521162e-08,0.0002523653,1.7437931e-07,0.0018837423,1.5348498e-05,0.08351494,0.83281827
/home/leo/Documentos/mestrado/DeepWeeds-Mobile/images/20180109-073245-1.jpg,8,8,8,8,1,0.9269476,0.00039901747,0.0005781462,0.00065436616,0.00033340545,0.0007071563,1.4997958e-05,0.06961157,0.00075377227,0.9269476
/home/leo/Documentos/mestrado/DeepWeeds-Mobile/images/20171113-120758-1.jpg,6,8,6,8,0,0.5143414,4.108492e-05,6.518827e-05,1.4902304e-06,1.1557053e-06,3.2784973e-07,8.015917e-05,0.48521316,0.00025606647,0.5143414
/home/leo/Documentos/mestrado/DeepWeeds-Mobile/images/20180322-113545-1.jpg,8,8,8,8,1,0.9597019,0.0029143132,0.0008492223,0.024234466,0.010388689,0.00039558092,0.00025827304,2.2009932e-05,0.0012355399,0.9597019
/home/leo/Documentos/mestrado/DeepWeeds-Mobile/images/20171218-121252-2.jpg,8,8,8,8,1,0.9996437,1.6664777e-05,6.441261e-06,2.3399724e-09,0.00018670066,7.370209e-08,8.8175375e-06,3.5994667e-06,0.00013393354,0.9996437
/home/leo/Documentos/mestrado/DeepWeeds-Mobile/images/20170913-101122-2.jpg,3,8,3,8,0,0.8852081,0.014164726,6.937761e-05,4.139188e-05,0.013953437,0.015061773,0.06906896,4.884582e-06,0.0024273049,0.8852081
/home/leo/Documentos/mestrado/DeepWeeds-Mobile/images/20180112-074554-2.jpg,8,8,8,8,1,0.7630759,0.12781158,1.789743e-05,0.00057589414,0.015139494,0.00046597095,8.78353e-08,2.413695e-10,0.09291318,0.7630759
/home/leo/Documentos/mestrado/DeepWeeds-Mobile/images/20170728-125333-2.jpg,4,4,4,4,1,0.968694,0.0037386317,2.6132318e-06,0.012927287,0.0010070954,0.968694,6.490101e-05,3.9875995e-06,0.0026785894,0.010882915
/home/leo/Documentos/mestrado/DeepWeeds-Mobile/images/20180125-131503-2.jpg,8,8,8,8,1,0.9993374,0.00014850315,0.00034708894,1.7551697e-06,3.6046745e-07,2.1220833e-06,5.763898e-05,3.2189362e-06,0.00010178702,0.9993374
/home/leo/Documentos/mestrado/DeepWeeds-Mobile/images/20171109-091520-3.jpg,5,5,5,5,1,0.99586886,1.1213293e-05,3.3151122e-07,7.5903025e-12,1.9254521e-06,1.1564386e-11,0.99586886,9.681302e-07,1.1029917e-06,0.00411546
/home/leo/Documentos/mestrado/DeepWeeds-Mobile/images/20170906-094526-2.jpg,3,2,3,2,0,0.6342816,0.03571567,3.1795098e-05,0.6342816,0.10361622,0.1961659,0.00025495325,3.830796e-06,0.0049907505,0.02493925
/home/leo/Documentos/mestrado/DeepWeeds-Mobile/images/20171113-124114-1.jpg,6,6,6,6,1,0.94273245,1.798399e-05,0.0026234267,1.8589773e-05,2.3456205e-06,1.0853358e-06,3.194589e-06,0.94273245,6.58955e-06,0.0545943
/home/leo/Documentos/mestrado/DeepWeeds-Mobile/images/20170729-092342-2.jpg,4,4,4,4,1,0.9827753,0.0023404069,7.062951e-07,2.9173993e-05,0.00011077978,0.9827753,1.1335434e-07,9.466441e-10,0.0102569135,0.004486663
/home/leo/Documentos/mestrado/DeepWeeds-Mobile/images/20180322-114628-2.jpg,8,8,8,8,1,0.90055203,0.0042861337,0.0014504705,4.4611603e-05,0.041125264,0.036752384,4.464284e-05,4.7100034e-06,0.015739838,0.90055203
/home/leo/Documentos/mestrado/DeepWeeds-Mobile/images/20170217-115044-0.jpg,7,7,7,7,1,0.8535141,0.015380537,0.0017401933,1.9521268e-07,4.7534434e-07,5.3211116e-09,0.000590316,0.1261018,0.8535141,0.0026723032
/home/leo/Documentos/mestrado/DeepWeeds-Mobile/images/20170913-102124-1.jpg,3,3,3,3,1,0.8347574,0.00014385975,3.5397423e-07,3.3883587e-06,0.8347574,0.00086687447,0.11520266,8.066426e-06,1.0547154e-05,0.049006842
/home/leo/Documentos/mestrado/DeepWeeds-Mobile/images/20170705-165723-0.jpg,7,0,7,0,0,0.58755827,0.58755827,0.0683119,0.00019773428,0.0014706351,0.0006535576,0.00042530926,2.5956457e-05,0.23948742,0.10186926
/home/leo/Documentos/mestrado/DeepWeeds-Mobile/images/20170714-112945-2.jpg,1,1,1,1,1,0.64591146,0.0137899965,0.64591146,7.962063e-05,0.0008077617,0.00015414931,0.01540323,0.14704873,0.07722866,0.099576496
/home/leo/Documentos/mestrado/DeepWeeds-Mobile/images/20180322-113857-1.jpg,8,8,8,8,1,0.9975439,0.00024180824,0.001647202,2.8397517e-06,0.00019804481,2.552822e-05,8.5487416e-05,8.69816e-05,0.00016828167,0.9975439
/home/leo/Documentos/mestrado/DeepWeeds-Mobile/images/20180109-102800-2.jpg,8,8,8,8,1,0.754167,0.0029213654,0.003188639,0.19177595,0.033991817,0.0045128916,0.0001952295,0.0035645226,0.005682638,0.754167
/home/leo/Documentos/mestrado/DeepWeeds-Mobile/images/20180125-133513-2.jpg,8,8,8,8,1,0.99121106,0.0011445368,0.0035947692,3.371464e-07,2.4336881e-05,3.1713196e-05,0.00021931996,5.432214e-06,0.0037686224,0.99121106
/home/leo/Documentos/mestrado/DeepWeeds-Mobile/images/20170727-134721-1.jpg,4,3,4,3,0,0.5089857,0.031782042,3.873573e-05,0.03301286,0.5089857,0.28185865,6.259194e-06,3.9017948e-07,0.027620036,0.11669538
/home/leo/Documentos/mestrado/DeepWeeds-Mobile/images/20180105-095536-2.jpg,8,8,8,8,1,0.9352079,4.9675873e-06,1.1242712e-05,0.000120681194,2.7457809e-06,2.4219476e-05,1.1289034e-06,0.064604126,2.3036035e-05,0.9352079
/home/leo/Documentos/mestrado/DeepWeeds-Mobile/images/20170707-111523-0.jpg,7,4,7,4,0,0.35320434,0.12482648,0.00053470273,0.07361949,0.047927294,0.35320434,2.6424785e-05,8.978661e-06,0.08170958,0.31814268
/home/leo/Documentos/mestrado/DeepWeeds-Mobile/images/20170728-152444-1.jpg,8,7,8,7,0,0.8286557,0.060152218,0.0029797184,0.00017258861,0.0016750611,0.0442225,0.00011000688,5.144308e-05,0.8286557,0.061980736
/home/leo/Documentos/mestrado/DeepWeeds-Mobile/images/20170920-162858-3.jpg,2,2,2,2,1,0.9331148,1.5869433e-05,5.83373e-08,0.9331148,5.0632418e-05,0.06507867,1.3505873e-07,1.7752016e-07,2.5254067e-06,0.0017370047
/home/leo/Documentos/mestrado/DeepWeeds-Mobile/images/20170913-105638-2.jpg,3,2,3,2,0,0.40148765,0.00023660439,0.00021661594,0.40148765,0.26562047,0.25029632,0.0033846102,1.250949e-06,0.0001639637,0.07859256
/home/leo/Documentos/mestrado/DeepWeeds-Mobile/images/20180125-094304-2.jpg,8,4,8,4,0,0.84627765,1.5992056e-05,3.2504527e-06,0.012639623,0.0012142472,0.84627765,1.1922151e-06,0.00010108843,2.4446259e-05,0.13972254
/home/leo/Documentos/mestrado/DeepWeeds-Mobile/images/20171113-144802-3.jpg,6,6,6,6,1,0.9827345,0.00033209083,0.0011076225,0.0008065376,1.2654713e-06,3.0916754e-06,0.00023784135,0.9827345,0.0004768034,0.014300092
/home/leo/Documentos/mestrado/DeepWeeds-Mobile/images/20180109-095743-1.jpg,8,8,8,8,1,0.8770796,0.04196425,0.0003291686,0.0011934864,0.0047445665,0.0019661356,0.00024924267,4.121723e-06,0.07246935,0.8770796
/home/leo/Documentos/mestrado/DeepWeeds-Mobile/images/20170906-094212-4.jpg,0,8,0,8,0,0.36991844,0.08412938,0.0017092779,0.08444747,0.06651974,0.29778853,7.066769e-05,0.0016189785,0.093797445,0.36991844
/home/leo/Documentos/mestrado/DeepWeeds-Mobile/images/20170705-170149-0.jpg,8,7,8,7,0,0.59522057,0.35981137,0.0029831908,3.7584e-05,0.00019001009,0.0077372994,3.716839e-05,1.4894348e-06,0.59522057,0.033981238
/home/leo/Documentos/mestrado/DeepWeeds-Mobile/images/20171212-100531-3.jpg,8,8,8,8,1,0.99999785,2.516618e-08,7.4380974e-10,1.1778651e-19,1.6853403e-06,7.2561545e-14,4.638765e-08,2.3390462e-10,4.631173e-07,0.99999785
/home/leo/Documentos/mestrado/DeepWeeds-Mobile/images/20171109-195050-1.jpg,5,5,5,5,1,0.7787138,7.972412e-05,9.986917e-06,7.1498245e-11,8.587842e-06,1.1987367e-10,0.7787138,4.6904013e-05,1.3342921e-05,0.22112764
/home/leo/Documentos/mestrado/DeepWeeds-Mobile/images/20171102-121401-2.jpg,2,2,2,2,1,0.99909294,0.00014256855,9.907057e-08,0.99909294,4.4788685e-05,0.000420887,4.1589576e-08,8.638876e-09,3.3077597e-06,0.00029541564
/home/leo/Documentos/mestrado/DeepWeeds-Mobile/images/20170130-102736-0.jpg,1,8,1,8,0,0.8759468,0.019721692,0.022402598,9.575661e-05,0.010137552,9.6392745e-05,0.011854707,0.05838021,0.00136435,0.8759468
/home/leo/Documentos/mestrado/DeepWeeds-Mobile/images/20180125-091731-2.jpg,8,8,8,8,1,0.7687074,0.006089887,5.219879e-05,9.713344e-06,0.19707434,0.013211957,0.00015377994,4.702304e-05,0.014653683,0.7687074
/home/leo/Documentos/mestrado/DeepWeeds-Mobile/images/20170727-122005-3.jpg,4,4,4,4,1,0.92417,3.7983962e-05,3.6927736e-07,0.074398786,0.0002139676,0.92417,5.296024e-07,1.4157703e-07,0.00013369667,0.0010445287
/home/leo/Documentos/mestrado/DeepWeeds-Mobile/images/20170718-132355-2.jpg,7,7,7,7,1,0.8408732,0.053813763,0.04323882,2.8820567e-05,8.596497e-05,0.001703958,9.672817e-05,7.897953e-05,0.8408732,0.060079828
/home/leo/Documentos/mestrado/DeepWeeds-Mobile/images/20180125-095541-2.jpg,8,8,8,8,1,0.9997353,4.794246e-06,1.6028913e-09,1.1918636e-08,0.00021384323,1.2827913e-07,2.71712e-05,1.8002194e-05,7.3976554e-07,0.9997353
/home/leo/Documentos/mestrado/DeepWeeds-Mobile/images/20171109-074524-1.jpg,5,5,5,5,1,0.95679855,3.0038454e-05,5.063713e-06,3.9678534e-12,5.5564198e-09,7.631622e-13,0.95679855,1.6629932e-05,0.0006370109,0.04251276
/home/leo/Documentos/mestrado/DeepWeeds-Mobile/images/20180105-095046-2.jpg,8,8,8,8,1,0.97429806,8.45267e-06,8.572267e-07,2.2387534e-05,2.263328e-06,1.3464083e-06,3.3537183e-06,0.025648411,1.4771426e-05,0.97429806
/home/leo/Documentos/mestrado/DeepWeeds-Mobile/images/20170913-102846-2.jpg,3,3,3,3,1,0.999967,1.1747481e-08,3.7363848e-11,4.3577504e-07,0.999967,5.1223083e-06,1.6159362e-05,1.0195643e-09,1.381131e-10,1.1210804e-05
/home/leo/Documentos/mestrado/DeepWeeds-Mobile/images/20170906-094508-1.jpg,3,8,3,8,0,0.43973362,0.022389507,0.008798845,6.9763723e-06,0.2526934,0.008291637,1.0119597e-06,1.7065132e-07,0.26808488,0.43973362
/home/leo/Documentos/mestrado/DeepWeeds-Mobile/images/20170920-160526-3.jpg,2,4,2,4,0,0.73781955,4.2025154e-06,1.3751934e-07,0.25996956,2.7226912e-05,0.73781955,2.335479e-06,3.7415876e-07,1.4070087e-06,0.0021751097
/home/leo/Documentos/mestrado/DeepWeeds-Mobile/images/20171219-114652-3.jpg,8,8,8,8,1,0.6889444,0.018125461,0.0015221853,0.03277391,0.09584971,0.019160245,5.4099124e-05,0.011136365,0.1324335,0.6889444
/home/leo/Documentos/mestrado/DeepWeeds-Mobile/images/20180109-075741-2.jpg,8,8,8,8,1,0.4194972,0.015501826,0.027953932,0.095340304,0.0042716647,0.007346515,0.003264375,0.39550567,0.03131854,0.4194972
/home/leo/Documentos/mestrado/DeepWeeds-Mobile/images/20180119-115329-1.jpg,8,8,8,8,1,0.8842644,0.0008758284,0.00023099851,0.0035083522,0.071179666,0.022139883,9.217673e-06,0.0023464672,0.015445098,0.8842644
/home/leo/Documentos/mestrado/DeepWeeds-Mobile/images/20171025-081432-3.jpg,3,3,3,3,1,0.5716775,0.027651815,0.00019633917,0.0023099962,0.5716775,0.13904305,2.3290015e-06,5.529343e-07,0.07786518,0.1812533
/home/leo/Documentos/mestrado/DeepWeeds-Mobile/images/20180112-091928-2.jpg,8,8,8,8,1,0.9584906,0.014934527,1.8987487e-06,0.023283388,9.9835815e-05,0.00024345267,2.0561213e-06,6.1859856e-10,0.0029442594,0.9584906
/home/leo/Documentos/mestrado/DeepWeeds-Mobile/images/20180322-124822-1.jpg,8,8,8,8,1,0.9999554,2.3577493e-07,4.762673e-06,4.153067e-10,1.7750112e-10,1.8681185e-09,3.873568e-05,8.770057e-07,4.4533692e-08,0.9999554
/home/leo/Documentos/mestrado/DeepWeeds-Mobile/images/20180119-115409-2.jpg,8,8,8,8,1,0.9919166,0.0016706424,0.00013086144,3.5488842e-08,1.4095946e-06,1.0040491e-08,0.0048592538,0.00012933847,0.0012918358,0.9919166
/home/leo/Documentos/mestrado/DeepWeeds-Mobile/images/20170210-142523-0.jpg,7,7,7,7,1,0.9964275,0.002364178,0.00028379238,3.131856e-11,1.5590794e-10,3.2938762e-12,2.142727e-06,3.1266528e-10,0.9964275,0.0009224046
/home/leo/Documentos/mestrado/DeepWeeds-Mobile/images/20170210-131608-0.jpg,7,7,7,7,1,0.9969982,0.0004926448,0.00042006662,2.7660931e-09,4.190948e-09,1.0401597e-09,3.8038503e-05,7.420165e-08,0.9969982,0.0020510873
/home/leo/Documentos/mestrado/DeepWeeds-Mobile/images/20170501-144436-0.jpg,1,8,1,8,0,0.9434125,0.0049440144,0.0258521,0.0002448863,0.0037401873,8.9730775e-06,0.0002455043,0.012020016,0.009531714,0.9434125
/home/leo/Documentos/mestrado/DeepWeeds-Mobile/images/20171113-124540-3.jpg,6,6,6,6,1,0.98376614,9.599063e-05,0.000885281,0.0001392202,7.0791443e-06,0.0009804047,0.0015959383,0.98376614,0.0014982604,0.011031725
/home/leo/Documentos/mestrado/DeepWeeds-Mobile/images/20180322-120755-2.jpg,8,8,8,8,1,0.9998356,1.6042375e-05,6.783366e-05,2.350671e-09,5.507301e-05,2.0848317e-06,3.806528e-07,1.7812607e-08,2.3007797e-05,0.9998356
/home/leo/Documentos/mestrado/DeepWeeds-Mobile/images/20180125-134859-3.jpg,8,8,8,8,1,0.70427215,0.03812642,0.0229403,0.0594829,0.009971471,0.065214515,0.0013473046,0.007623786,0.09102112,0.70427215
/home/leo/Documentos/mestrado/DeepWeeds-Mobile/images/20171025-073923-1.jpg,3,3,3,3,1,0.77543,0.00024179659,0.006518852,4.1757247e-07,0.77543,0.07196521,1.4302225e-07,0.0014610479,0.0030769233,0.14130561
/home/leo/Documentos/mestrado/DeepWeeds-Mobile/images/20180119-110456-2.jpg,8,8,8,8,1,0.8628295,0.0065535735,0.005873387,6.011976e-06,0.009664435,0.00030214118,0.0023440449,0.00015571387,0.11227126,0.8628295
/home/leo/Documentos/mestrado/DeepWeeds-Mobile/images/20171025-075230-2.jpg,3,0,3,0,0,0.3799362,0.3799362,0.119312875,0.01941266,0.27939638,0.006717778,0.0021234865,0.0006482076,0.025452312,0.16700009
/home/leo/Documentos/mestrado/DeepWeeds-Mobile/images/20170714-110952-3.jpg,1,1,1,1,1,0.98446,0.0023080222,0.98446,3.6810897e-07,3.679163e-07,6.484247e-07,4.3484342e-05,0.0024973575,0.0060819136,0.004607879
/home/leo/Documentos/mestrado/DeepWeeds-Mobile/images/20170217-145137-0.jpg,7,7,7,7,1,0.9978878,0.0020497881,2.2484366e-07,8.6895134e-13,4.883097e-12,1.0962998e-15,1.9991346e-06,2.6201703e-06,0.9978878,5.753276e-05
/home/leo/Documentos/mestrado/DeepWeeds-Mobile/images/20180109-101108-2.jpg,8,8,8,8,1,0.9383205,0.00012398853,0.012868213,0.00012665617,9.533813e-05,3.3780532e-05,0.00042394313,0.04777714,0.00023047651,0.9383205
/home/leo/Documentos/mestrado/DeepWeeds-Mobile/images/20170714-115955-3.jpg,1,1,1,1,1,0.9902567,0.00096077094,0.9902567,2.023976e-08,4.3134673e-07,4.7657725e-08,1.2055041e-07,0.0006330378,0.004356622,0.0037922587
/home/leo/Documentos/mestrado/DeepWeeds-Mobile/images/20171113-101927-0.jpg,6,6,6,6,1,0.87826586,0.00021203065,0.0032235356,0.00020515351,0.00022282035,0.0011754815,0.00075513194,0.87826586,0.00041901413,0.11552103
/home/leo/Documentos/mestrado/DeepWeeds-Mobile/images/20170715-173713-1.jpg,1,6,1,6,0,0.61746305,4.729663e-05,0.058955688,5.028839e-06,2.497161e-05,1.0055759e-06,0.00057008944,0.61746305,0.00013475433,0.32279813
/home/leo/Documentos/mestrado/DeepWeeds-Mobile/images/20171113-120601-3.jpg,6,6,6,6,1,0.6533754,0.010366258,0.16215691,1.4313247e-05,0.0005315312,4.8015143e-05,0.010600131,0.6533754,0.019018738,0.14388879
/home/leo/Documentos/mestrado/DeepWeeds-Mobile/images/20180105-101256-2.jpg,8,8,8,8,1,0.9837976,0.00011078731,1.999846e-05,0.00017226562,0.011832171,0.0013639262,1.5256154e-06,0.0007640957,0.0019375486,0.9837976
/home/leo/Documentos/mestrado/DeepWeeds-Mobile/images/20170714-143145-2.jpg,1,8,1,8,0,0.5547548,0.002675284,0.18380746,0.00013768573,0.0019400726,0.00013852378,0.012540014,0.2111103,0.032895852,0.5547548
/home/leo/Documentos/mestrado/DeepWeeds-Mobile/images/20180322-110707-2.jpg,8,8,8,8,1,0.97891,0.013844336,4.0663843e-05,0.00015825986,0.00023313865,2.2843863e-06,1.2428979e-05,2.6261771e-08,0.006798823,0.97891
/home/leo/Documentos/mestrado/DeepWeeds-Mobile/images/20170217-144329-0.jpg,7,7,7,7,1,0.9913959,0.008563336,6.3162815e-08,4.6793668e-14,2.9442017e-13,7.332857e-16,3.3614418e-09,6.421491e-08,0.9913959,4.058105e-05
/home/leo/Documentos/mestrado/DeepWeeds-Mobile/images/20180125-092942-2.jpg,8,8,8,8,1,0.99862385,0.00018934869,0.0006781464,7.6645233e-07,0.00017282403,3.2939566e-05,5.6299905e-05,9.763352e-06,0.00023608237,0.99862385
/home/leo/Documentos/mestrado/DeepWeeds-Mobile/images/20170811-111413-1.jpg,0,0,0,0,1,0.9996424,0.9996424,5.745356e-06,6.4410406e-09,4.2377044e-12,6.628724e-10,1.735414e-05,1.9494306e-10,0.00016386682,0.0001706056
/home/leo/Documentos/mestrado/DeepWeeds-Mobile/images/20170217-100826-0.jpg,7,7,7,7,1,0.99625576,0.0031260983,5.678085e-07,4.6673027e-11,5.924268e-11,9.19113e-12,2.6645996e-05,1.6385822e-09,0.99625576,0.0005909102
/home/leo/Documentos/mestrado/DeepWeeds-Mobile/images/20180322-112326-2.jpg,8,8,8,8,1,0.8742761,0.034816958,0.012653249,0.0012258927,0.0009462847,0.0012527362,0.008292231,0.00018542238,0.06635123,0.8742761
/home/leo/Documentos/mestrado/DeepWeeds-Mobile/images/20171102-122541-2.jpg,2,2,2,2,1,0.9999969,1.2436966e-09,1.8266829e-11,0.9999969,6.3764705e-10,1.14957686e-07,1.2835895e-09,1.3451511e-10,9.846274e-11,2.9450769e-06
/home/leo/Documentos/mestrado/DeepWeeds-Mobile/images/20171109-074032-1.jpg,5,5,5,5,1,0.6885512,0.0019188878,0.00023020426,7.6609346e-08,9.407725e-07,4.4539988e-08,0.6885512,0.00014784742,0.0014026236,0.30774817
/home/leo/Documentos/mestrado/DeepWeeds-Mobile/images/20170727-143918-3.jpg,4,4,4,4,1,0.9914812,0.0008767193,1.0739018e-06,0.001815001,0.0014296519,0.9914812,0.001603174,1.0731252e-07,0.0014274319,0.0013656933
/home/leo/Documentos/mestrado/DeepWeeds-Mobile/images/20180105-101333-2.jpg,8,8,8,8,1,0.9507987,9.322663e-05,0.000104018276,0.030167684,0.00057264284,0.016149001,6.569516e-07,0.0012130361,0.00090083655,0.9507987
/home/leo/Documentos/mestrado/DeepWeeds-Mobile/images/20170727-170649-1.jpg,4,4,4,4,1,0.7167534,0.011934884,0.00016623853,0.003792835,0.0010133019,0.7167534,5.327888e-06,1.478984e-07,0.08989944,0.17643444
/home/leo/Documentos/mestrado/DeepWeeds-Mobile/images/20170627-103832-0.jpg,0,0,0,0,1,0.8139771,0.8139771,0.031643946,0.017384902,0.0006795357,0.0058247373,0.0006088717,0.0056248596,0.040866356,0.08338962
/home/leo/Documentos/mestrado/DeepWeeds-Mobile/images/20161207-110753-0.jpg,0,8,0,8,0,0.71377003,0.1453062,0.014655949,0.01827821,0.015636628,0.008045953,0.0038097764,0.03913842,0.041358937,0.71377003
/home/leo/Documentos/mestrado/DeepWeeds-Mobile/images/20171113-132956-0.jpg,6,6,6,6,1,0.9665049,0.00014379663,0.0002942313,5.0195194e-05,8.918982e-06,6.932534e-05,0.0007661773,0.9665049,0.00015176367,0.032010656
/home/leo/Documentos/mestrado/DeepWeeds-Mobile/images/20180112-083133-1.jpg,8,8,8,8,1,0.7050243,0.06619341,0.00024717557,0.18828185,0.012204309,0.0016910903,5.4197335e-06,7.188859e-08,0.026352394,0.7050243
/home/leo/Documentos/mestrado/DeepWeeds-Mobile/images/20180112-071818-2.jpg,8,4,8,4,0,0.56492054,0.00173837,0.00023961048,0.02696629,0.0048303413,0.56492054,7.8686537e-07,8.024814e-07,0.023207316,0.378096
/home/leo/Documentos/mestrado/DeepWeeds-Mobile/images/20180109-071617-1.jpg,8,8,8,8,1,0.97377545,2.0323624e-07,5.7462283e-05,1.9288031e-10,0.00011044132,1.0451299e-06,1.2280593e-06,0.026049541,4.6719865e-06,0.97377545
/home/leo/Documentos/mestrado/DeepWeeds-Mobile/images/20180112-071846-1.jpg,8,8,8,8,1,0.93355566,0.0023165205,0.0025408275,0.00049803493,0.05221011,0.005098591,6.3859545e-07,0.0004487381,0.003331064,0.93355566
/home/leo/Documentos/mestrado/DeepWeeds-Mobile/images/20170718-094237-2.jpg,0,0,0,0,1,0.5313254,0.5313254,0.02791234,0.009292837,0.017271187,0.011532984,0.28821862,0.00024979463,0.069502026,0.04469482
/home/leo/Documentos/mestrado/DeepWeeds-Mobile/images/20170913-120903-1.jpg,5,5,5,5,1,0.554686,0.006631521,0.000642487,0.00176538,6.4810716e-05,0.0021966475,0.554686,0.41976568,0.0004075984,0.013839986
/home/leo/Documentos/mestrado/DeepWeeds-Mobile/images/20180109-074022-1.jpg,8,8,8,8,1,0.87109613,0.00021929487,0.00043568012,0.00025311628,1.3439558e-06,6.01888e-06,7.704452e-05,0.12768525,0.00022613181,0.87109613
/home/leo/Documentos/mestrado/DeepWeeds-Mobile/images/20170718-131804-2.jpg,7,7,7,7,1,0.7084465,0.05463703,0.18235597,2.3028815e-05,0.0012634471,0.00080611074,0.00038665684,1.3925148e-05,0.7084465,0.052067317
/home/leo/Documentos/mestrado/DeepWeeds-Mobile/images/20180119-110315-1.jpg,8,8,8,8,1,0.9381031,0.00087826466,0.009557465,0.0030079288,0.00050456286,0.00021845083,0.00037842974,0.040906154,0.0064456216,0.9381031
/home/leo/Documentos/mestrado/DeepWeeds-Mobile/images/20170728-145909-1.jpg,8,2,8,2,0,0.26659575,0.18700756,0.0045916154,0.26659575,0.023862327,0.19058232,0.0025142133,0.00041850758,0.061958436,0.26246926
/home/leo/Documentos/mestrado/DeepWeeds-Mobile/images/20171217-184511-2.jpg,8,8,8,8,1,0.51844734,0.23432295,0.1201157,8.99445e-05,0.00097441196,4.3090455e-05,0.09703697,0.014336762,0.014632805,0.51844734
/home/leo/Documentos/mestrado/DeepWeeds-Mobile/images/20171113-120413-1.jpg,6,6,6,6,1,0.99947727,8.549967e-07,0.00014876608,2.6551243e-08,5.7095995e-08,9.0827534e-10,8.374088e-05,0.99947727,2.2293448e-06,0.00028702305
/home/leo/Documentos/mestrado/DeepWeeds-Mobile/images/20170129-103330-0.jpg,8,8,8,8,1,0.74351645,0.027148377,0.05900658,6.0621846e-07,0.00493812,2.6830967e-05,0.045452714,0.0018712368,0.11803907,0.74351645
/home/leo/Documentos/mestrado/DeepWeeds-Mobile/images/20171205-123723-2.jpg,8,8,8,8,1,0.99735534,0.00022908923,0.00017486827,2.9687044e-09,0.00034544102,6.195714e-07,0.0013877425,0.00018357873,0.0003233336,0.99735534
/home/leo/Documentos/mestrado/DeepWeeds-Mobile/images/20171025-091108-2.jpg,3,3,3,3,1,0.5155105,0.0016819154,0.00020702861,0.045839872,0.5155105,0.045641694,2.6466737e-06,2.5079373e-05,0.0008719435,0.39021936
/home/leo/Documentos/mestrado/DeepWeeds-Mobile/images/20170920-185744-1.jpg,2,2,2,2,1,0.8788603,7.192475e-05,8.393568e-05,0.8788603,0.0023018653,0.10382154,4.426743e-06,5.8122083e-07,0.0003817995,0.014473603
/home/leo/Documentos/mestrado/DeepWeeds-Mobile/images/20171109-071541-3.jpg,5,5,5,5,1,0.99998915,1.9052399e-08,4.8321586e-11,4.073568e-14,7.661464e-13,7.286987e-19,0.99998915,5.737245e-08,8.981692e-09,1.0734472e-05
/home/leo/Documentos/mestrado/DeepWeeds-Mobile/images/20170920-100112-3.jpg,2,2,2,2,1,0.91348815,0.0022945255,6.330354e-05,0.91348815,9.472855e-05,0.014480675,6.706641e-05,1.3510569e-05,0.0032289806,0.06626909
/home/leo/Documentos/mestrado/DeepWeeds-Mobile/images/20171220-083043-2.jpg,8,8,8,8,1,0.9981331,0.00027966383,2.0995558e-05,3.482291e-12,0.0008070719,2.0228514e-08,1.6030064e-05,2.391707e-07,0.0007429456,0.9981331
/home/leo/Documentos/mestrado/DeepWeeds-Mobile/images/20171113-140252-1.jpg,6,6,6,6,1,0.99788135,4.090704e-06,0.0005184114,1.3971499e-08,6.908865e-07,9.195261e-09,2.5040574e-06,0.99788135,9.222897e-06,0.0015837387
/home/leo/Documentos/mestrado/DeepWeeds-Mobile/images/20171212-095632-1.jpg,8,8,8,8,1,0.9983758,2.973681e-07,1.8640294e-09,3.2061184e-16,0.0016141358,5.496498e-10,4.2793268e-08,7.969177e-09,9.8124e-06,0.9983758
/home/leo/Documentos/mestrado/DeepWeeds-Mobile/images/20171113-143123-3.jpg,6,6,6,6,1,0.9471499,0.00019504529,0.024282042,0.0003896717,1.7501337e-05,2.973595e-06,0.00031082125,0.9471499,0.00078769174,0.02686439
/home/leo/Documentos/mestrado/DeepWeeds-Mobile/images/20170913-110043-3.jpg,5,5,5,5,1,0.9999169,3.8478163e-05,1.079771e-07,8.625646e-08,6.1995097e-06,1.1456254e-06,0.9999169,1.8020596e-07,4.657206e-06,3.2190634e-05
/home/leo/Documentos/mestrado/DeepWeeds-Mobile/images/20170217-113555-0.jpg,7,7,7,7,1,0.9956085,0.0033812663,7.7222063e-07,1.4371268e-10,1.61493e-10,1.5857625e-13,1.3494361e-05,4.6522832e-08,0.9956085,0.0009959266
/home/leo/Documentos/mestrado/DeepWeeds-Mobile/images/20180322-112213-2.jpg,8,8,8,8,1,0.93144,0.0016406027,0.0001414178,0.042893652,0.021578684,0.0010294243,0.00068975484,4.581654e-05,0.00054068275,0.93144
/home/leo/Documentos/mestrado/DeepWeeds-Mobile/images/20170811-125055-1.jpg,0,8,0,8,0,0.7182039,0.20970625,0.0016663987,0.05193305,0.0043002693,0.0009026848,5.4980803e-05,0.0002159177,0.013016555,0.7182039
/home/leo/Documentos/mestrado/DeepWeeds-Mobile/images/20171109-092733-1.jpg,5,5,5,5,1,0.7693416,0.00036278047,2.025087e-05,1.3436355e-09,0.0047248355,2.1608726e-07,0.7693416,3.402874e-05,3.2857304e-05,0.22548348
/home/leo/Documentos/mestrado/DeepWeeds-Mobile/images/20180119-111015-2.jpg,8,8,8,8,1,0.9984345,2.2968874e-05,7.4883214e-06,1.2320447e-10,0.0013972934,6.0783556e-08,3.6850728e-05,1.3201031e-06,9.950788e-05,0.9984345
/home/leo/Documentos/mestrado/DeepWeeds-Mobile/images/20170906-105405-1.jpg,3,3,3,3,1,0.77746826,0.027338369,0.04020377,8.224836e-05,0.77746826,0.006348456,4.6432804e-05,9.474098e-05,0.017964773,0.13045296
/home/leo/Documentos/mestrado/DeepWeeds-Mobile/images/20171025-095617-2.jpg,3,3,3,3,1,0.56892586,0.009409092,9.1935406e-05,0.00016718468,0.56892586,0.015820483,5.9674817e-06,2.2073145e-05,0.06866719,0.33689022
/home/leo/Documentos/mestrado/DeepWeeds-Mobile/images/20180109-103228-2.jpg,8,8,8,8,1,0.93392617,0.001143818,5.902194e-06,0.063159555,9.861431e-05,8.682016e-07,0.0006513022,0.00013117208,0.0008825343,0.93392617
/home/leo/Documentos/mestrado/DeepWeeds-Mobile/images/20170920-180729-1.jpg,2,2,2,2,1,0.9393808,0.000864795,0.000781639,0.9393808,0.002508349,0.00831593,0.0031620336,0.021827599,0.0005577583,0.022601034
/home/leo/Documentos/mestrado/DeepWeeds-Mobile/images/20180109-070000-2.jpg,8,8,8,8,1,0.9763862,6.1847857e-07,5.2636697e-06,0.00039337573,5.5903078e-09,8.132182e-11,0.0014887869,0.02172537,4.332013e-07,0.9763862
/home/leo/Documentos/mestrado/DeepWeeds-Mobile/images/20180119-113111-1.jpg,8,8,8,8,1,0.6727504,0.034150872,0.023307133,1.1678981e-05,0.000978511,0.00015717233,0.011929478,0.0013047584,0.25541005,0.6727504
/home/leo/Documentos/mestrado/DeepWeeds-Mobile/images/20171102-104707-1.jpg,2,2,2,2,1,0.86486596,0.00047911156,2.0352823e-05,0.86486596,1.10222445e-05,0.12179627,8.14589e-05,0.006260045,5.459564e-05,0.0064311903
/home/leo/Documentos/mestrado/DeepWeeds-Mobile/images/20171217-183832-2.jpg,8,8,8,8,1,0.8599543,0.11548814,4.7803995e-05,1.8483314e-08,1.0622848e-11,6.3395873e-12,0.024488859,6.5573903e-07,2.0197347e-05,0.8599543
/home/leo/Documentos/mestrado/DeepWeeds-Mobile/images/20171212-094107-3.jpg,8,8,8,8,1,0.99018484,0.0002953618,3.3066728e-05,5.734614e-07,0.004492068,2.3210985e-05,1.4747869e-06,0.00010359041,0.0048659486,0.99018484
/home/leo/Documentos/mestrado/DeepWeeds-Mobile/images/20180125-102132-2.jpg,8,8,8,8,1,0.99448293,0.0007411459,0.00013174643,2.2228183e-05,0.0006251155,0.002576166,2.0287785e-05,5.583104e-07,0.0013998332,0.99448293
/home/leo/Documentos/mestrado/DeepWeeds-Mobile/images/20171102-121110-3.jpg,2,2,2,2,1,0.999779,1.1921511e-06,4.6642118e-08,0.999779,1.2755175e-06,1.9376052e-05,1.801196e-09,3.515858e-09,3.169071e-08,0.00019905534
/home/leo/Documentos/mestrado/DeepWeeds-Mobile/images/20180112-081917-2.jpg,8,8,8,8,1,0.68239,0.27719006,8.38541e-05,0.029834291,0.00047466194,7.5210075e-05,3.8909893e-05,2.5350808e-08,0.009912995,0.68239
/home/leo/Documentos/mestrado/DeepWeeds-Mobile/images/20161207-111813-0.jpg,0,0,0,0,1,0.8224387,0.8224387,0.02366501,8.105253e-09,4.0980442e-08,4.1637205e-09,0.027060295,0.0005279554,0.05626803,0.07003988
/home/leo/Documentos/mestrado/DeepWeeds-Mobile/images/20170207-142452-0.jpg,7,7,7,7,1,0.7659852,0.13015366,0.0026698653,2.629667e-08,1.6960031e-07,5.1834874e-09,0.0014779245,0.00065391243,0.7659852,0.099059224
/home/leo/Documentos/mestrado/DeepWeeds-Mobile/images/20180109-071419-2.jpg,8,8,8,8,1,0.9954371,6.671002e-08,4.3157226e-07,1.0210972e-05,1.2660775e-09,1.548391e-11,1.0706825e-05,0.0045414893,1.5289595e-08,0.9954371
/home/leo/Documentos/mestrado/DeepWeeds-Mobile/images/20180322-115431-1.jpg,8,8,8,8,1,0.81274104,0.0032288826,5.3084746e-05,0.0014460646,0.18144564,0.00031328382,4.4140828e-07,6.455095e-07,0.0007708362,0.81274104
/home/leo/Documentos/mestrado/DeepWeeds-Mobile/images/20170727-155224-1.jpg,8,2,8,2,0,0.7027029,0.0003657838,2.2742101e-07,0.7027029,0.00016104213,0.29439822,0.0009936703,2.5117674e-07,8.101206e-05,0.001296891
/home/leo/Documentos/mestrado/DeepWeeds-Mobile/images/20171121-091114-3.jpg,6,6,6,6,1,0.99856204,1.5320571e-05,7.4387994e-05,2.9349892e-10,5.6096945e-07,2.1523141e-11,0.0010893516,0.99856204,0.00022131027,3.7020258e-05
/home/leo/Documentos/mestrado/DeepWeeds-Mobile/images/20171212-094855-3.jpg,8,8,8,8,1,0.96807814,0.0002798148,4.2811254e-05,1.1630532e-07,0.026850285,9.042927e-06,6.126747e-05,4.881102e-05,0.004629769,0.96807814
/home/leo/Documentos/mestrado/DeepWeeds-Mobile/images/20170207-153521-0.jpg,0,0,0,0,1,0.6111584,0.6111584,0.054703094,0.00017079951,0.00021418891,0.00039139934,0.005872491,0.012566308,0.16941062,0.14551277
/home/leo/Documentos/mestrado/DeepWeeds-Mobile/images/20180125-100248-1.jpg,8,8,8,8,1,0.9950027,0.00046814905,9.433711e-05,0.0006412207,0.00012678136,5.2798398e-05,8.859726e-05,0.0033841478,0.00014120975,0.9950027
/home/leo/Documentos/mestrado/DeepWeeds-Mobile/images/20171025-090309-2.jpg,3,3,3,3,1,0.76414233,0.0011071754,0.0012792705,0.034413125,0.76414233,0.08255736,1.6682023e-05,0.00015042786,0.0027144381,0.11361908
/home/leo/Documentos/mestrado/DeepWeeds-Mobile/images/20180119-114336-2.jpg,8,8,8,8,1,0.93515295,0.001636465,0.00152298,9.182976e-05,1.6470482e-05,3.246498e-06,4.3395266e-05,0.06125643,0.0002761831,0.93515295
/home/leo/Documentos/mestrado/DeepWeeds-Mobile/images/20180109-080016-1.jpg,8,6,8,6,0,0.6275219,0.0009954365,0.0015952414,0.00014111985,0.0005727579,0.00025049935,1.2179076e-05,0.6275219,0.0043896115,0.36452135
/home/leo/Documentos/mestrado/DeepWeeds-Mobile/images/20180125-131723-3.jpg,8,8,8,8,1,0.93980664,0.0044809612,0.010005023,0.0050077746,0.00021297354,0.01308638,0.000119040844,0.0014587916,0.025822265,0.93980664
/home/leo/Documentos/mestrado/DeepWeeds-Mobile/images/20180105-100027-3.jpg,8,8,8,8,1,0.9976115,0.0002309724,5.391051e-06,0.00016804946,0.000273931,8.0491416e-05,1.0771922e-05,0.0015627696,5.6057073e-05,0.9976115
/home/leo/Documentos/mestrado/DeepWeeds-Mobile/images/20180125-100100-2.jpg,8,8,8,8,1,0.9559579,0.00011289219,3.2282242e-07,3.3793174e-06,0.043669086,5.8554404e-05,0.0001464957,4.3079763e-05,8.231762e-06,0.9559579
/home/leo/Documentos/mestrado/DeepWeeds-Mobile/images/20170728-154000-3.jpg,8,4,8,4,0,0.88979375,0.024863372,0.00049706857,0.0232448,0.0023369826,0.88979375,0.00828394,2.3499337e-05,0.027577618,0.023379015
/home/leo/Documentos/mestrado/DeepWeeds-Mobile/images/20180109-095221-1.jpg,8,8,8,8,1,0.8709602,0.12713553,6.7858937e-06,0.0002890762,4.753195e-05,3.7481428e-07,2.7782231e-05,3.766119e-07,0.0015322862,0.8709602
/home/leo/Documentos/mestrado/DeepWeeds-Mobile/images/20171102-115533-3.jpg,2,2,2,2,1,0.99777097,4.0055824e-05,1.04064334e-07,0.99777097,1.5441232e-05,0.0014770459,3.3005597e-07,4.1435743e-07,1.7964021e-06,0.0006938573
/home/leo/Documentos/mestrado/DeepWeeds-Mobile/images/20180322-110736-2.jpg,8,8,8,8,1,0.9758612,0.016351376,0.0010242661,0.0003406218,0.0005216899,1.49648e-05,0.0011157668,1.1287237e-05,0.0047588143,0.9758612
/home/leo/Documentos/mestrado/DeepWeeds-Mobile/images/20180125-135038-2.jpg,8,8,8,8,1,0.9996332,7.177244e-05,0.00012898947,1.6415122e-08,5.1254306e-06,2.0802048e-05,1.0280814e-05,3.777875e-08,0.00012981953,0.9996332
/home/leo/Documentos/mestrado/DeepWeeds-Mobile/images/20170714-135122-3.jpg,1,1,1,1,1,0.9653489,0.0006814998,0.9653489,1.8186344e-07,5.0285776e-06,9.430458e-07,0.00054080016,0.024126088,0.0075726346,0.0017239501
/home/leo/Documentos/mestrado/DeepWeeds-Mobile/images/20170705-165029-0.jpg,7,7,7,7,1,0.804156,0.18800543,0.0013087454,2.002001e-06,1.6336708e-06,0.0003099737,2.4047957e-05,2.577892e-08,0.804156,0.0061921533
/home/leo/Documentos/mestrado/DeepWeeds-Mobile/images/20180322-105034-1.jpg,8,8,8,8,1,0.9539399,0.0129289925,0.0039597293,5.341491e-05,1.4396706e-05,0.0013250409,0.00024999384,2.9605566e-08,0.02752853,0.9539399
/home/leo/Documentos/mestrado/DeepWeeds-Mobile/images/20171109-093436-1.jpg,5,5,5,5,1,0.9270922,6.913959e-06,8.3014174e-07,2.974199e-13,1.0049252e-05,7.0124505e-12,0.9270922,3.5552969e-06,6.5032636e-06,0.07287993
/home/leo/Documentos/mestrado/DeepWeeds-Mobile/images/20171212-095934-3.jpg,8,8,8,8,1,0.92478794,0.00096410833,0.0001393654,1.694617e-05,0.04494377,0.021057792,1.3625318e-07,0.0017317893,0.006358111,0.92478794
/home/leo/Documentos/mestrado/DeepWeeds-Mobile/images/20171205-143028-2.jpg,8,8,8,8,1,0.9256426,0.00016730238,0.0004127956,4.1626563e-10,2.8978693e-06,1.4611421e-08,0.07363145,1.2512165e-05,0.00013049357,0.9256426
/home/leo/Documentos/mestrado/DeepWeeds-Mobile/images/20171205-123530-2.jpg,8,8,8,8,1,0.9670989,0.015407369,0.0021889945,0.0004412389,0.0026482048,0.0015355565,0.0009288231,4.3450647e-05,0.009707594,0.9670989
/home/leo/Documentos/mestrado/DeepWeeds-Mobile/images/20180322-131351-1.jpg,8,8,8,8,1,0.9998362,3.2199798e-05,5.6429628e-05,1.6303211e-08,1.1898857e-05,1.0491881e-06,2.8426899e-05,3.0247309e-06,3.0697145e-05,0.9998362
/home/leo/Documentos/mestrado/DeepWeeds-Mobile/images/20180109-094604-2.jpg,8,8,8,8,1,0.98416567,0.0060968352,0.00028364803,0.000120249446,0.007152658,3.1535221e-06,6.4598416e-06,0.0007279087,0.001443359,0.98416567
/home/leo/Documentos/mestrado/DeepWeeds-Mobile/images/20170718-101537-2.jpg,0,8,0,8,0,0.7033047,0.015045442,0.0082942955,4.911061e-05,0.009682432,0.0035021123,1.0578528e-05,1.2602661e-06,0.26011,0.7033047
/home/leo/Documentos/mestrado/DeepWeeds-Mobile/images/20171113-143404-2.jpg,6,6,6,6,1,0.99827254,0.00029221005,0.00041342175,2.3181125e-10,5.3649682e-08,7.797147e-11,8.949532e-05,0.99827254,0.0007204248,0.00021193168
/home/leo/Documentos/mestrado/DeepWeeds-Mobile/images/20171113-121817-1.jpg,6,6,6,6,1,0.715248,0.0023639677,0.059670683,5.236297e-06,0.00031120772,1.1849318e-06,0.000581936,0.715248,0.0016385707,0.22017924
/home/leo/Documentos/mestrado/DeepWeeds-Mobile/images/20170906-092211-1.jpg,3,7,3,7,0,0.5991639,0.058918543,0.0037195073,0.0003740871,0.12068288,0.06320693,0.00020855173,1.68159e-05,0.5991639,0.15370873
/home/leo/Documentos/mestrado/DeepWeeds-Mobile/images/20170718-133623-2.jpg,0,7,0,7,0,0.6713556,0.09792093,0.017369421,0.00051266135,7.129375e-05,0.003777791,2.446449e-05,7.890738e-05,0.6713556,0.20888889
/home/leo/Documentos/mestrado/DeepWeeds-Mobile/images/20170729-154231-3.jpg,4,4,4,4,1,0.8082317,0.0029210763,0.0003165677,0.017855037,0.12802891,0.8082317,7.415544e-06,1.453641e-06,0.0075609414,0.03507681
/home/leo/Documentos/mestrado/DeepWeeds-Mobile/images/20170728-124451-2.jpg,4,4,4,4,1,0.8935264,0.0024222776,0.000120544566,0.0027059864,0.0009957968,0.8935264,2.2820082e-06,1.844404e-05,0.029946916,0.0702613
/home/leo/Documentos/mestrado/DeepWeeds-Mobile/images/20171113-141752-2.jpg,6,6,6,6,1,0.903557,0.0054945163,0.009647196,0.0005344812,1.0150785e-05,9.149038e-05,0.007282839,0.903557,0.015634853,0.057747528
/home/leo/Documentos/mestrado/DeepWeeds-Mobile/images/20180105-100937-2.jpg,8,8,8,8,1,0.98493654,0.000112506976,3.487952e-06,0.012360825,0.00020795105,0.0006356535,5.31839e-06,0.0015518302,0.00018589394,0.98493654
/home/leo/Documentos/mestrado/DeepWeeds-Mobile/images/20161207-144713-0.jpg,7,8,7,8,0,0.52991706,0.2656658,0.031028159,0.0075502372,0.006657729,0.0049957163,0.046345517,0.00016324507,0.107676566,0.52991706
/home/leo/Documentos/mestrado/DeepWeeds-Mobile/images/20170315-085604-0.jpg,8,8,8,8,1,0.78183615,0.017428786,0.03066807,5.5019955e-05,0.002936805,3.4791807e-05,0.0026034685,0.0016084578,0.1628284,0.78183615
/home/leo/Documentos/mestrado/DeepWeeds-Mobile/images/20171212-095226-1.jpg,8,8,8,8,1,0.823149,0.001657389,0.00040453277,8.6011255e-07,0.13147582,0.00046967476,0.00039707575,1.9348983e-05,0.04242634,0.823149
/home/leo/Documentos/mestrado/DeepWeeds-Mobile/images/20170610-123859-0.jpg,1,1,1,1,1,0.50922656,0.06483179,0.50922656,8.2257867e-07,4.5236116e-05,8.46783e-07,0.0005248325,0.110051565,0.054539304,0.26077905
/home/leo/Documentos/mestrado/DeepWeeds-Mobile/images/20170728-123735-2.jpg,4,4,4,4,1,0.92374057,0.00042006225,1.1056405e-05,9.824309e-05,0.046339627,0.92374057,1.5296928e-07,3.8633876e-05,0.008447715,0.020903975
/home/leo/Documentos/mestrado/DeepWeeds-Mobile/images/20171102-123156-1.jpg,2,2,2,2,1,0.99953264,4.8320526e-06,1.6676621e-08,0.99953264,2.7899618e-05,0.00037922803,3.6036738e-07,5.063568e-09,3.9714809e-07,5.4529806e-05
/home/leo/Documentos/mestrado/DeepWeeds-Mobile/images/20171113-145212-3.jpg,6,6,6,6,1,0.8205288,0.0002861614,0.0042683575,0.00016468905,0.00016892252,2.9374329e-05,0.0011623347,0.8205288,0.014406058,0.15898536
/home/leo/Documentos/mestrado/DeepWeeds-Mobile/images/20170217-114335-0.jpg,0,0,0,0,1,0.97877705,0.97877705,0.00013781607,7.085291e-09,1.08294325e-10,1.6316197e-11,4.2116706e-05,2.1601368e-06,0.015876751,0.0051639616
/home/leo/Documentos/mestrado/DeepWeeds-Mobile/images/20180109-074633-1.jpg,8,8,8,8,1,0.9311598,2.57448e-07,4.6456103e-06,1.00747e-06,5.9032885e-08,7.2157155e-07,6.319704e-08,0.068832435,1.0242579e-06,0.9311598
/home/leo/Documentos/mestrado/DeepWeeds-Mobile/images/20170210-131340-0.jpg,7,7,7,7,1,0.9882333,0.0064895917,2.5782996e-05,1.9563537e-07,1.4728535e-08,3.160487e-09,0.004503383,2.8718705e-06,0.9882333,0.0007448022
/home/leo/Documentos/mestrado/DeepWeeds-Mobile/images/20170217-145842-0.jpg,0,0,0,0,1,0.983422,0.983422,2.8896011e-05,2.466265e-08,4.5384772e-11,1.4995024e-11,1.3633286e-05,4.9911025e-05,0.013265477,0.0032200282
/home/leo/Documentos/mestrado/DeepWeeds-Mobile/images/20171113-130810-2.jpg,6,6,6,6,1,0.9961701,9.455503e-07,0.0001514579,1.4554233e-06,4.4692416e-07,1.7012187e-09,0.0020949615,0.9961701,7.84158e-05,0.0015022393
/home/leo/Documentos/mestrado/DeepWeeds-Mobile/images/20180125-132815-2.jpg,8,8,8,8,1,0.9958652,0.00014840568,0.0025470003,6.839478e-08,5.3511914e-05,5.0276696e-05,4.307199e-05,4.5102156e-06,0.001287795,0.9958652
/home/leo/Documentos/mestrado/DeepWeeds-Mobile/images/20171025-091430-1.jpg,3,8,3,8,0,0.86688715,0.00028071663,0.0006392439,1.1584791e-05,0.00030208836,1.1051376e-05,9.052026e-05,0.12933744,0.0024402335,0.86688715
/home/leo/Documentos/mestrado/DeepWeeds-Mobile/images/20180125-091936-1.jpg,8,8,8,8,1,0.99884224,0.00015239982,5.2891755e-05,4.6831707e-07,0.0003078097,0.00020823197,4.940597e-05,1.4454431e-06,0.00038510046,0.99884224
/home/leo/Documentos/mestrado/DeepWeeds-Mobile/images/20180105-104326-1.jpg,8,8,8,8,1,0.8809555,4.6294494e-06,0.00036419817,0.0010656954,8.491325e-07,4.0316195e-07,0.00017781014,0.117417395,1.3525153e-05,0.8809555
/home/leo/Documentos/mestrado/DeepWeeds-Mobile/images/20180105-091805-2.jpg,8,8,8,8,1,0.9924473,0.00016031918,4.2273594e-05,3.181675e-08,0.0030414371,4.2269544e-06,0.0015946566,0.002108161,0.00060159643,0.9924473
/home/leo/Documentos/mestrado/DeepWeeds-Mobile/images/20171109-092855-1.jpg,5,5,5,5,1,0.8484725,0.00013650562,2.916403e-06,3.1461613e-12,2.0792115e-05,2.191836e-10,0.8484725,8.078117e-07,8.398058e-06,0.15135808
/home/leo/Documentos/mestrado/DeepWeeds-Mobile/images/20171220-101427-2.jpg,8,8,8,8,1,0.92279345,0.005903523,0.01187884,4.2754555e-09,3.186942e-05,1.5069703e-07,0.027546987,0.01472645,0.017118718,0.92279345
/home/leo/Documentos/mestrado/DeepWeeds-Mobile/images/20170913-100304-3.jpg,5,5,5,5,1,0.9172432,0.02443696,0.0020369403,7.194894e-06,0.0005685692,2.7394019e-05,0.9172432,0.008567554,0.002516382,0.044595826
/home/leo/Documentos/mestrado/DeepWeeds-Mobile/images/20171219-093306-3.jpg,8,8,8,8,1,0.6869862,0.11947329,0.053937633,1.706632e-05,0.0026933004,4.370278e-05,0.00043446381,0.00020396309,0.13621032,0.6869862
/home/leo/Documentos/mestrado/DeepWeeds-Mobile/images/20171212-104822-3.jpg,8,8,8,8,1,0.6791678,0.2801951,0.0032755933,1.3045878e-05,0.0016974726,7.1300764e-07,5.634414e-05,1.773242e-06,0.035592116,0.6791678
/home/leo/Documentos/mestrado/DeepWeeds-Mobile/images/20171217-185011-2.jpg,8,8,8,8,1,0.578368,0.0040344205,0.0022834847,5.6853944e-09,3.9186952e-07,3.836262e-09,0.3806423,3.6928577e-06,0.03466768,0.578368
/home/leo/Documentos/mestrado/DeepWeeds-Mobile/images/20171025-100615-1.jpg,3,8,3,8,0,0.6577496,0.018510537,9.273898e-05,0.033869866,0.28080055,0.0021356426,5.0596423e-06,2.4968461e-08,0.0068359524,0.6577496
/home/leo/Documentos/mestrado/DeepWeeds-Mobile/images/20170913-115358-2.jpg,5,5,5,5,1,0.9999926,7.170525e-07,5.681395e-10,1.6281236e-09,2.8533598e-06,1.6329565e-07,0.9999926,1.722506e-10,1.033085e-07,3.5144153e-06
/home/leo/Documentos/mestrado/DeepWeeds-Mobile/images/20171220-082217-2.jpg,8,8,8,8,1,0.981154,0.0002573941,1.0118353e-05,1.0554239e-06,0.01609697,0.0016902927,0.00019045359,0.00017827572,0.00042134844,0.981154
/home/leo/Documentos/mestrado/DeepWeeds-Mobile/images/20170714-133654-1.jpg,1,8,1,8,0,0.8583848,0.0008485659,0.047656026,1.9686367e-07,0.07627233,2.2649083e-05,0.0009064163,0.00496014,0.010948931,0.8583848
/home/leo/Documentos/mestrado/DeepWeeds-Mobile/images/20171109-090149-1.jpg,5,5,5,5,1,0.9753259,0.0002812121,0.0024092684,2.909235e-09,0.0007302774,2.2605228e-08,0.9753259,0.003731815,0.00044946655,0.017072033
/home/leo/Documentos/mestrado/DeepWeeds-Mobile/images/20171113-133710-1.jpg,6,6,6,6,1,0.51305133,0.0014246268,0.18634914,1.4503515e-06,1.3982082e-06,3.4985587e-07,0.0002834322,0.51305133,0.07220682,0.22668144
/home/leo/Documentos/mestrado/DeepWeeds-Mobile/images/20170727-143117-1.jpg,4,4,4,4,1,0.72106147,0.060081754,0.0003152887,0.037516695,0.0075899586,0.72106147,0.007006027,4.7566637e-06,0.07043329,0.09599073
/home/leo/Documentos/mestrado/DeepWeeds-Mobile/images/20171113-101809-1.jpg,5,8,5,8,0,0.9969982,4.5058405e-06,3.7427615e-08,6.540745e-12,0.00058610743,6.5433374e-09,0.002410661,3.2524264e-07,1.5212026e-07,0.9969982
/home/leo/Documentos/mestrado/DeepWeeds-Mobile/images/20170130-102645-0.jpg,1,1,1,1,1,0.45658293,0.055508748,0.45658293,1.45295935e-05,0.000108058994,9.0175745e-05,0.0009392914,0.45567513,0.008302782,0.022778334
/home/leo/Documentos/mestrado/DeepWeeds-Mobile/images/20171220-093640-3.jpg,8,8,8,8,1,0.98921335,0.0002160661,7.7251625e-06,2.0697842e-06,0.008945917,2.0164049e-05,0.00026554312,0.0013050121,2.4203067e-05,0.98921335
/home/leo/Documentos/mestrado/DeepWeeds-Mobile/images/20170711-120239-0.jpg,7,7,7,7,1,0.42748493,0.36641175,0.054429978,9.576878e-06,1.4405005e-07,2.0317955e-07,0.0032259347,0.14244966,0.42748493,0.005987836
/home/leo/Documentos/mestrado/DeepWeeds-Mobile/images/20180109-080127-2.jpg,7,6,7,6,0,0.94246715,0.0042739776,0.009628128,0.00012914545,7.530228e-05,8.1170845e-05,0.00014388199,0.94246715,0.007080982,0.036120266
/home/leo/Documentos/mestrado/DeepWeeds-Mobile/images/20180109-091524-2.jpg,8,8,8,8,1,0.9998568,1.3862063e-05,1.1889953e-08,9.364141e-06,5.010192e-05,4.891443e-09,3.731274e-05,1.859705e-05,1.3828854e-05,0.9998568
/home/leo/Documentos/mestrado/DeepWeeds-Mobile/images/20170707-110919-0.jpg,0,0,0,0,1,0.30722213,0.30722213,0.005736023,0.038989168,0.15221982,0.117213294,0.00045261942,0.00012510973,0.18993132,0.18811052
/home/leo/Documentos/mestrado/DeepWeeds-Mobile/images/20170718-100650-2.jpg,0,7,0,7,0,0.4040094,0.062321924,0.30471423,7.6573747e-07,0.012779676,0.0008478449,0.018287735,0.008521251,0.4040094,0.18851714
/home/leo/Documentos/mestrado/DeepWeeds-Mobile/images/20180322-132904-1.jpg,8,8,8,8,1,0.98002255,0.0029883552,0.0060189757,3.439041e-05,3.2658336e-05,2.1166112e-05,0.0076120254,3.2278345e-05,0.003237617,0.98002255
/home/leo/Documentos/mestrado/DeepWeeds-Mobile/images/20170728-150253-1.jpg,4,4,4,4,1,0.9513805,6.786761e-06,5.525527e-08,0.046862382,7.762905e-05,0.9513805,2.3077988e-07,7.1139155e-08,6.854388e-06,0.0016656506
/home/leo/Documentos/mestrado/DeepWeeds-Mobile/images/20180322-125604-1.jpg,8,8,8,8,1,0.99011564,0.0030315556,0.00022290264,0.00029077008,3.6321017e-05,0.00025778665,0.0051284656,2.2947247e-06,0.0009142857,0.99011564
/home/leo/Documentos/mestrado/DeepWeeds-Mobile/images/20171102-115316-1.jpg,2,2,2,2,1,0.99999905,3.9631045e-09,5.0198294e-09,0.99999905,1.0268008e-08,1.3969878e-07,4.793494e-08,3.112469e-09,2.633489e-09,6.3353303e-07
/home/leo/Documentos/mestrado/DeepWeeds-Mobile/images/20180322-114734-2.jpg,8,8,8,8,1,0.9775105,0.0036733018,0.006049454,0.0004952865,0.00013181064,5.257626e-05,0.0033894028,0.0018616462,0.0068361014,0.9775105
/home/leo/Documentos/mestrado/DeepWeeds-Mobile/images/20180125-134837-3.jpg,8,8,8,8,1,0.5040283,0.0071839993,0.26364943,0.00012947597,0.0026549993,0.0069472403,0.0029827165,0.09730385,0.11511997,0.5040283
/home/leo/Documentos/mestrado/DeepWeeds-Mobile/images/20170920-095837-2.jpg,2,2,2,2,1,0.9513415,2.4037224e-06,7.473248e-05,0.9513415,1.8578999e-07,3.2246292e-06,2.9827566e-05,0.0033455058,4.9275794e-05,0.045153286
/home/leo/Documentos/mestrado/DeepWeeds-Mobile/images/20170410-153701-0.jpg,7,7,7,7,1,0.43223366,0.18097578,0.0051077534,0.00054665905,0.00095231796,0.003465123,0.0012419798,4.4182316e-06,0.43223366,0.37547222
/home/leo/Documentos/mestrado/DeepWeeds-Mobile/images/20171212-105922-3.jpg,8,8,8,8,1,0.8754074,0.06483561,0.008900962,8.5466454e-05,2.4738643e-05,2.3496877e-06,0.00045505408,8.943121e-06,0.05027943,0.8754074
/home/leo/Documentos/mestrado/DeepWeeds-Mobile/images/20171109-193720-1.jpg,5,1,5,1,0,0.3688529,0.027041405,0.3688529,4.6457967e-06,0.00039168797,1.756023e-05,0.21461186,0.069953084,0.20424224,0.11488463
/home/leo/Documentos/mestrado/DeepWeeds-Mobile/images/20170127-102904-0.jpg,1,1,1,1,1,0.99908483,3.6689904e-05,0.99908483,1.3359248e-10,1.1565161e-08,2.520143e-09,1.1499876e-08,0.00017464689,0.00057301443,0.00013082882
/home/leo/Documentos/mestrado/DeepWeeds-Mobile/images/20171218-103202-2.jpg,8,8,8,8,1,0.9685006,0.0005388253,0.0037195508,1.7067647e-07,0.00064422254,1.9141266e-06,0.00016347383,0.024607496,0.0018236719,0.9685006
/home/leo/Documentos/mestrado/DeepWeeds-Mobile/images/20170630-152636-0.jpg,7,7,7,7,1,0.84705275,0.062380306,0.020519547,0.00013193623,5.523232e-05,3.161512e-05,0.0034620215,0.0004729466,0.84705275,0.065893695
/home/leo/Documentos/mestrado/DeepWeeds-Mobile/images/20180112-094004-2.jpg,8,8,8,8,1,0.997635,0.001428597,9.802623e-06,0.0005160917,5.8987345e-05,1.7706052e-06,2.2326626e-06,9.715831e-05,0.00025026037,0.997635
/home/leo/Documentos/mestrado/DeepWeeds-Mobile/images/20171220-095414-1.jpg,8,8,8,8,1,0.9999906,1.2152839e-06,2.1737565e-08,1.8156997e-17,3.1820585e-07,1.2158616e-13,9.748015e-07,2.7135558e-09,6.9314856e-06,0.9999906
/home/leo/Documentos/mestrado/DeepWeeds-Mobile/images/20171220-095305-2.jpg,8,8,8,8,1,0.9983089,1.3467929e-05,3.4595118e-07,3.4129824e-14,0.0010522102,5.484133e-09,6.766539e-07,1.8057331e-07,0.00062422006,0.9983089
/home/leo/Documentos/mestrado/DeepWeeds-Mobile/images/20170727-170453-1.jpg,4,4,4,4,1,0.94926894,0.020997707,3.1292711e-06,0.00016931456,0.00022285948,0.94926894,2.4040183e-08,2.8745546e-09,0.022936136,0.0064018844
/home/leo/Documentos/mestrado/DeepWeeds-Mobile/images/20170501-144755-0.jpg,8,8,8,8,1,0.67186445,0.04087031,0.212004,7.681845e-06,0.0001953851,1.9264406e-05,0.0025621934,0.01587751,0.05659911,0.67186445
/home/leo/Documentos/mestrado/DeepWeeds-Mobile/images/20180109-072227-2.jpg,8,6,8,6,0,0.7162838,0.002034216,0.016025268,0.055555575,0.0021489938,0.008640806,0.0007321181,0.7162838,0.01954328,0.17903589
/home/leo/Documentos/mestrado/DeepWeeds-Mobile/images/20180112-071741-2.jpg,8,8,8,8,1,0.8450033,0.0108431,0.00080200884,0.0016471801,0.021785231,0.00940542,1.1724671e-06,5.9876943e-06,0.1105065,0.8450033
/home/leo/Documentos/mestrado/DeepWeeds-Mobile/images/20171217-103638-2.jpg,8,5,8,5,0,0.5793733,5.645034e-06,6.1177694e-08,0.017092401,1.3838988e-06,1.7723434e-07,0.5793733,3.6192114e-06,1.0099685e-05,0.4035134
/home/leo/Documentos/mestrado/DeepWeeds-Mobile/images/20171113-134314-1.jpg,6,1,6,1,0,0.37567493,0.00851201,0.37567493,0.00029733827,0.0015488745,0.00054492237,0.0031173413,0.26207843,0.13496697,0.21325915
/home/leo/Documentos/mestrado/DeepWeeds-Mobile/images/20180109-071935-1.jpg,8,6,8,6,0,0.96603376,4.0031948e-05,0.001750511,7.2991287e-07,2.5674844e-05,3.8348404e-05,6.4120604e-06,0.96603376,0.00033254045,0.031772066
/home/leo/Documentos/mestrado/DeepWeeds-Mobile/images/20180125-093357-1.jpg,8,8,8,8,1,0.9999267,1.8319395e-06,2.4820274e-06,1.7020542e-07,2.5002441e-08,7.818016e-06,6.2460697e-07,6.009337e-05,2.1143394e-07,0.9999267
/home/leo/Documentos/mestrado/DeepWeeds-Mobile/images/20180109-071429-2.jpg,8,8,8,8,1,0.81665146,4.7925478e-05,0.00010374119,0.00018386067,8.517411e-05,6.756359e-05,7.64921e-06,0.18118843,0.0016642441,0.81665146
/home/leo/Documentos/mestrado/DeepWeeds-Mobile/images/20180322-113756-1.jpg,8,8,8,8,1,0.9983304,5.666916e-05,5.2588144e-05,1.7694869e-12,0.0011656113,4.7857947e-07,5.346758e-08,2.2675641e-08,0.0003941896,0.9983304
/home/leo/Documentos/mestrado/DeepWeeds-Mobile/images/20180125-095010-2.jpg,8,8,8,8,1,0.99731594,0.000152584,4.0855033e-07,1.3753857e-05,0.002131605,0.00023792736,9.17219e-05,1.5833235e-05,4.0301464e-05,0.99731594
/home/leo/Documentos/mestrado/DeepWeeds-Mobile/images/20180105-091855-2.jpg,8,8,8,8,1,0.8570728,1.2899448e-05,2.266875e-05,2.9109357e-09,1.2419708e-05,5.5001276e-10,0.081071794,0.061804973,2.4970593e-06,0.8570728
/home/leo/Documentos/mestrado/DeepWeeds-Mobile/images/20170127-102059-0.jpg,1,1,1,1,1,0.32904664,0.014911261,0.32904664,9.271343e-07,0.0030258521,3.4214092e-05,0.0002944837,0.016124096,0.31867108,0.31789157
/home/leo/Documentos/mestrado/DeepWeeds-Mobile/images/20170130-102531-0.jpg,1,1,1,1,1,0.6315751,0.26559582,0.6315751,0.00021067847,0.001106994,0.00073373946,0.0007584996,0.0005754786,0.060184706,0.039258983
/home/leo/Documentos/mestrado/DeepWeeds-Mobile/images/20180109-101445-2.jpg,8,8,8,8,1,0.9681655,4.661824e-06,0.00015278153,0.00022257135,1.1964754e-05,8.250417e-08,0.0020531747,0.029384717,4.5921806e-06,0.9681655
/home/leo/Documentos/mestrado/DeepWeeds-Mobile/images/20171113-121731-1.jpg,6,6,6,6,1,0.7074805,0.0023702101,0.010797896,7.875732e-05,0.00014227432,1.728184e-05,0.0017163474,0.7074805,0.018708982,0.25868776
/home/leo/Documentos/mestrado/DeepWeeds-Mobile/images/20180125-094345-2.jpg,8,8,8,8,1,0.85287005,0.011769757,0.00028482106,0.00071855675,0.05272493,0.024266023,0.0033732322,0.0005288698,0.053463835,0.85287005
/home/leo/Documentos/mestrado/DeepWeeds-Mobile/images/20180105-091545-2.jpg,8,8,8,8,1,0.9676877,6.429315e-06,0.00012210607,3.1657124e-05,9.4617586e-05,0.00017237938,3.7756183e-06,0.03185414,2.714515e-05,0.9676877
/home/leo/Documentos/mestrado/DeepWeeds-Mobile/images/20180119-111314-1.jpg,8,6,8,6,0,0.55966854,0.0004948635,0.13348746,2.5253566e-06,0.00015530491,1.5807685e-05,0.00078326004,0.55966854,0.006419906,0.29897234
/home/leo/Documentos/mestrado/DeepWeeds-Mobile/images/20180112-081000-2.jpg,8,8,8,8,1,0.83756113,0.007034958,0.0009152679,0.024260875,0.04244626,0.070820585,2.196001e-05,0.00020556178,0.016733339,0.83756113
/home/leo/Documentos/mestrado/DeepWeeds-Mobile/images/20171205-141517-2.jpg,8,8,8,8,1,0.9786092,0.005333443,0.0017723534,1.1165615e-06,0.00055535435,0.00017163924,0.0036217952,1.2792989e-05,0.009922328,0.9786092
/home/leo/Documentos/mestrado/DeepWeeds-Mobile/images/20180125-092822-2.jpg,8,8,8,8,1,0.99494505,0.0008546115,0.00079570664,5.9794466e-08,4.366448e-05,1.8312117e-05,1.444877e-05,1.3603986e-05,0.0033146383,0.99494505
/home/leo/Documentos/mestrado/DeepWeeds-Mobile/images/20180322-121352-2.jpg,8,8,8,8,1,0.9400733,0.01782271,0.0028471274,0.0030675505,0.031246057,0.00061651977,0.0003886219,2.113333e-05,0.003917108,0.9400733
/home/leo/Documentos/mestrado/DeepWeeds-Mobile/images/20170704-152136-0.jpg,7,8,7,8,0,0.605729,0.03698244,0.01596381,1.6279122e-07,2.82982e-05,1.4564677e-07,6.099193e-05,0.00035725706,0.34087792,0.605729
/home/leo/Documentos/mestrado/DeepWeeds-Mobile/images/20171109-072743-1.jpg,5,5,5,5,1,0.9992705,1.1237794e-05,3.516484e-05,2.0952203e-12,4.2809336e-11,1.9705066e-14,0.9992705,6.6829085e-07,2.2118496e-05,0.0006602942
/home/leo/Documentos/mestrado/DeepWeeds-Mobile/images/20180112-094229-2.jpg,8,0,8,0,0,0.32219502,0.32219502,0.048242614,0.0010054009,0.010292626,0.0012944016,0.0067173364,0.08255745,0.23017591,0.2975192
/home/leo/Documentos/mestrado/DeepWeeds-Mobile/images/20170127-101830-0.jpg,1,1,1,1,1,0.7180038,0.004267481,0.7180038,2.0340043e-07,0.0020129704,8.407649e-06,0.00022798491,0.03522013,0.0042839814,0.23597498
/home/leo/Documentos/mestrado/DeepWeeds-Mobile/images/20180109-074359-2.jpg,8,8,8,8,1,0.9866664,0.0006148571,2.2304517e-05,4.2644974e-10,9.269782e-07,9.9808814e-11,0.0022387234,0.010377107,7.973931e-05,0.9866664
/home/leo/Documentos/mestrado/DeepWeeds-Mobile/images/20180125-091610-1.jpg,8,8,8,8,1,0.99935097,7.1754774e-05,1.15970015e-05,1.217552e-06,8.907171e-05,0.00013272888,0.0002642954,6.179316e-05,1.6639018e-05,0.99935097
/home/leo/Documentos/mestrado/DeepWeeds-Mobile/images/20170920-190354-1.jpg,2,2,2,2,1,0.6677658,1.9356183e-05,1.4819939e-07,0.6677658,0.00012953115,0.33135048,1.6142587e-05,1.7357746e-06,8.6273747e-07,0.0007159361
/home/leo/Documentos/mestrado/DeepWeeds-Mobile/images/20180105-101003-3.jpg,8,8,8,8,1,0.9830608,6.688915e-05,1.3342423e-05,0.0036808338,3.0766e-05,0.00015584264,2.3104913e-06,0.01273746,0.00025173434,0.9830608
/home/leo/Documentos/mestrado/DeepWeeds-Mobile/images/20180105-095833-3.jpg,8,8,8,8,1,0.9857641,0.00012817609,2.9516368e-05,9.322001e-06,0.0047495184,0.00013913252,4.7122e-06,0.009071956,0.00010354084,0.9857641
/home/leo/Documentos/mestrado/DeepWeeds-Mobile/images/20180112-070111-2.jpg,8,8,8,8,1,0.90179557,0.02439322,0.015588533,0.00023607681,0.025891028,0.0035215945,1.8438199e-06,1.1365367e-05,0.028560696,0.90179557
/home/leo/Documentos/mestrado/DeepWeeds-Mobile/images/20180322-130624-1.jpg,8,8,8,8,1,0.99856335,0.00022024054,0.00036076465,1.2823291e-07,0.00014284946,7.178878e-06,0.00043423704,2.232371e-05,0.00024901223,0.99856335
/home/leo/Documentos/mestrado/DeepWeeds-Mobile/images/20171219-094601-2.jpg,8,8,8,8,1,0.9800607,0.00041554036,7.582492e-05,5.503348e-09,4.9738628e-05,2.7822324e-07,0.01883819,1.24982025e-05,0.0005472426,0.9800607
/home/leo/Documentos/mestrado/DeepWeeds-Mobile/images/20171205-134600-2.jpg,8,8,8,8,1,0.9890047,0.004665338,0.00017392071,7.506662e-05,4.4258195e-05,1.9867755e-05,8.306452e-06,3.3844117e-07,0.006008109,0.9890047
/home/leo/Documentos/mestrado/DeepWeeds-Mobile/images/20180112-075443-2.jpg,8,8,8,8,1,0.81157106,0.0013900957,0.0007827623,0.0013237116,0.1673451,0.013702349,2.1857451e-07,1.5899239e-05,0.0038687915,0.81157106
/home/leo/Documentos/mestrado/DeepWeeds-Mobile/images/20170315-085112-0.jpg,8,8,8,8,1,0.97554934,0.012701236,0.00038180038,6.400541e-07,8.645961e-07,3.3567797e-08,0.01062697,2.5573532e-05,0.00071368145,0.97554934
/home/leo/Documentos/mestrado/DeepWeeds-Mobile/images/20171025-081611-2.jpg,3,8,3,8,0,0.9196097,0.011562872,0.0003837459,0.013505095,0.047822364,0.00011120572,5.731908e-05,1.9209469e-05,0.006928456,0.9196097
/home/leo/Documentos/mestrado/DeepWeeds-Mobile/images/20180105-095713-2.jpg,8,8,8,8,1,0.99943596,2.510794e-08,4.3833275e-08,6.3865905e-06,1.6188041e-08,5.0667063e-07,1.3293227e-09,0.00055700616,1.5599214e-08,0.99943596
/home/leo/Documentos/mestrado/DeepWeeds-Mobile/images/20171122-102101-1.jpg,5,5,5,5,1,0.98749626,0.0007081659,0.0041972045,3.0192286e-08,4.0551924e-07,9.0374647e-10,0.98749626,0.0033590305,0.00011597992,0.0041227923
/home/leo/Documentos/mestrado/DeepWeeds-Mobile/images/20171218-104905-3.jpg,8,8,8,8,1,0.9998971,4.1679464e-06,3.2733903e-06,6.3078128e-12,8.686262e-05,5.4234125e-08,2.3383012e-07,8.021e-09,8.27887e-06,0.9998971
/home/leo/Documentos/mestrado/DeepWeeds-Mobile/images/20171220-092428-3.jpg,8,8,8,8,1,0.9868565,0.000102904945,5.4098714e-06,3.851967e-11,0.012690221,3.7800228e-07,5.126173e-05,1.2754907e-05,0.00028055956,0.9868565
/home/leo/Documentos/mestrado/DeepWeeds-Mobile/images/20171025-095915-1.jpg,3,3,3,3,1,0.96932316,0.0057196696,7.4875476e-07,1.7757286e-05,0.96932316,0.00020369692,1.1685823e-08,1.5214545e-09,0.00077941874,0.023955438
/home/leo/Documentos/mestrado/DeepWeeds-Mobile/images/20171109-073450-3.jpg,5,5,5,5,1,0.9894482,8.239403e-05,3.2880603e-06,1.3926318e-10,3.4195094e-07,1.305235e-11,0.9894482,6.8952184e-05,0.00031875446,0.010078126
/home/leo/Documentos/mestrado/DeepWeeds-Mobile/images/20171220-093224-2.jpg,8,8,8,8,1,0.9987886,7.40391e-06,1.4163089e-07,8.104611e-11,0.00039507975,5.4814674e-08,0.00078605657,2.1138534e-05,1.4723513e-06,0.9987886
/home/leo/Documentos/mestrado/DeepWeeds-Mobile/images/20171109-091232-1.jpg,5,5,5,5,1,0.9992106,5.8553833e-06,5.5422165e-06,5.2137634e-12,4.902682e-08,6.6344754e-13,0.9992106,7.395917e-07,1.4350971e-06,0.0007758088
/home/leo/Documentos/mestrado/DeepWeeds-Mobile/images/20180125-093525-2.jpg,8,8,8,8,1,0.9995029,3.2086416e-05,0.00018886491,1.01984284e-07,2.9188728e-05,0.00010300814,8.130485e-06,1.6727478e-06,0.0001340335,0.9995029
/home/leo/Documentos/mestrado/DeepWeeds-Mobile/images/20171113-143153-2.jpg,6,6,6,6,1,0.9997023,2.088411e-07,0.00013176739,2.009638e-10,9.557846e-07,1.2655791e-09,1.10026235e-07,0.9997023,5.6402056e-05,0.00010820001
/home/leo/Documentos/mestrado/DeepWeeds-Mobile/images/20171218-105320-3.jpg,8,8,8,8,1,0.99995446,7.0008705e-06,1.9656354e-06,2.2758957e-13,1.3524472e-07,2.0847701e-09,1.1685059e-07,1.7261543e-09,3.629298e-05,0.99995446
/home/leo/Documentos/mestrado/DeepWeeds-Mobile/images/20180105-101156-3.jpg,8,8,8,8,1,0.48243552,0.0044110036,0.0073009096,0.010950822,0.032234482,0.0055070384,0.0011354958,0.43700966,0.019015044,0.48243552
/home/leo/Documentos/mestrado/DeepWeeds-Mobile/images/20171212-100257-1.jpg,8,8,8,8,1,0.9999707,1.5261513e-07,2.7410048e-08,3.4944602e-17,2.8081948e-05,9.713221e-12,2.4787914e-08,9.806293e-09,1.0687097e-06,0.9999707
/home/leo/Documentos/mestrado/DeepWeeds-Mobile/images/20171113-115913-1.jpg,6,6,6,6,1,0.9512344,2.0414643e-06,0.00042620837,1.4063734e-06,0.00023083086,6.911287e-07,8.5984275e-06,0.9512344,1.4470194e-05,0.048081327
/home/leo/Documentos/mestrado/DeepWeeds-Mobile/images/20180109-071635-2.jpg,8,8,8,8,1,0.97535026,3.1366802e-05,7.0728725e-05,0.00055285945,6.218204e-06,6.3917555e-06,4.604755e-05,0.02391317,2.2957021e-05,0.97535026
/home/leo/Documentos/mestrado/DeepWeeds-Mobile/images/20171219-095119-3.jpg,8,8,8,8,1,0.99502945,0.000498435,8.8708206e-05,1.55533e-11,0.00014430104,1.8011133e-07,0.000289319,1.4295363e-06,0.003948138,0.99502945
/home/leo/Documentos/mestrado/DeepWeeds-Mobile/images/20171025-171914-3.jpg,3,7,3,7,0,0.5923238,0.017713405,0.0051545454,0.00044637258,0.047785524,0.008396285,7.304045e-05,4.672128e-05,0.5923238,0.32806024
/home/leo/Documentos/mestrado/DeepWeeds-Mobile/images/20180112-070516-2.jpg,8,0,8,0,0,0.85109675,0.85109675,0.00063592003,0.0006539942,0.001060209,0.0016041314,0.003230323,4.9263656e-07,0.07678904,0.06492902
/home/leo/Documentos/mestrado/DeepWeeds-Mobile/images/20180109-103449-2.jpg,8,8,8,8,1,0.9727951,0.0013850871,2.3026936e-05,0.024006618,0.0002518757,2.039162e-06,0.00080449664,0.00016723215,0.0005643903,0.9727951
/home/leo/Documentos/mestrado/DeepWeeds-Mobile/images/20170210-142739-0.jpg,7,7,7,7,1,0.979035,0.011028834,8.9707817e-07,1.9629934e-10,1.7868416e-10,4.9320774e-13,8.438142e-07,1.3179642e-10,0.979035,0.009934401
/home/leo/Documentos/mestrado/DeepWeeds-Mobile/images/20180125-095558-1.jpg,8,6,8,6,0,0.6582654,0.0007769035,0.0054283338,0.00023510458,0.0002569093,3.7630703e-06,0.09796043,0.6582654,0.0039332206,0.23313987
/home/leo/Documentos/mestrado/DeepWeeds-Mobile/images/20170727-151654-1.jpg,4,4,4,4,1,0.82132435,0.016995244,0.00030432633,0.07711682,0.016393,0.82132435,0.00041225724,2.1287718e-05,0.044889692,0.022542935
/home/leo/Documentos/mestrado/DeepWeeds-Mobile/images/20170811-131217-1.jpg,0,0,0,0,1,0.70265573,0.70265573,0.076326214,0.00073387503,5.2136343e-08,8.862967e-06,0.12689814,0.0023061505,0.048327398,0.04274354
/home/leo/Documentos/mestrado/DeepWeeds-Mobile/images/20170714-141955-3.jpg,1,1,1,1,1,0.9998902,4.1026246e-07,0.9998902,5.174546e-12,5.8281996e-10,3.3605171e-10,8.667115e-10,0.00010312268,4.8781503e-06,1.3554172e-06
/home/leo/Documentos/mestrado/DeepWeeds-Mobile/images/20180119-111359-2.jpg,8,8,8,8,1,0.9626521,0.0019011602,0.024779111,0.00022006468,4.7653455e-05,9.879329e-05,0.0002450606,0.0055559063,0.004500192,0.9626521
/home/leo/Documentos/mestrado/DeepWeeds-Mobile/images/20180112-091623-2.jpg,8,8,8,8,1,0.9914124,0.0076988293,6.780845e-06,4.7639624e-05,1.6316096e-06,3.6773952e-07,0.00017795677,2.8923907e-06,0.000651413,0.9914124
/home/leo/Documentos/mestrado/DeepWeeds-Mobile/images/20170315-090134-0.jpg,8,8,8,8,1,0.9905756,0.007583849,1.30534e-05,2.9484186e-08,8.041061e-08,9.619463e-09,0.00051664654,1.174563e-06,0.0013096107,0.9905756
/home/leo/Documentos/mestrado/DeepWeeds-Mobile/images/20171220-091955-3.jpg,8,8,8,8,1,0.9927152,0.0016508362,2.678017e-05,2.2992829e-07,0.0018583486,9.79237e-05,0.002001838,3.9658094e-05,0.0016092594,0.9927152
/home/leo/Documentos/mestrado/DeepWeeds-Mobile/images/20171113-060523-1.jpg,5,5,5,5,1,0.79800016,0.00085016777,0.00040172637,1.0126288e-06,0.00045851126,5.2656906e-06,0.79800016,0.013315414,0.0001351034,0.1868326
/home/leo/Documentos/mestrado/DeepWeeds-Mobile/images/20171218-110557-2.jpg,8,0,8,0,0,0.3600422,0.3600422,0.16331598,5.5754817e-06,5.459842e-08,1.3589955e-07,0.0128984,0.0036801097,0.35143313,0.10862435
/home/leo/Documentos/mestrado/DeepWeeds-Mobile/images/20180109-071252-2.jpg,8,8,8,8,1,0.9951479,1.080239e-06,3.582945e-07,2.1152362e-05,5.7078435e-09,1.0442184e-10,0.0008480286,0.003980971,5.7957226e-07,0.9951479
/home/leo/Documentos/mestrado/DeepWeeds-Mobile/images/20180322-112651-2.jpg,8,8,8,8,1,0.9098612,0.026688676,0.00018890337,0.04313973,0.00015886035,0.010114126,0.0006756412,4.848054e-07,0.009172383,0.9098612
/home/leo/Documentos/mestrado/DeepWeeds-Mobile/images/20180125-092355-2.jpg,8,8,8,8,1,0.99998975,2.4341066e-06,6.9403137e-07,1.3397575e-07,1.18409886e-07,3.3757922e-06,1.2999585e-07,3.0796734e-06,3.1961557e-07,0.99998975
/home/leo/Documentos/mestrado/DeepWeeds-Mobile/images/20170705-161748-0.jpg,7,0,7,0,0,0.447145,0.447145,0.0046931007,9.929919e-06,0.0003179141,0.0005277274,0.00010523114,2.283896e-06,0.25810125,0.2890976
/home/leo/Documentos/mestrado/DeepWeeds-Mobile/images/20171122-102134-1.jpg,5,5,5,5,1,0.9823305,0.000103613966,0.00079621567,2.2374883e-07,5.1154667e-09,1.789026e-11,0.9823305,0.014423371,0.0001656386,0.0021804816
/home/leo/Documentos/mestrado/DeepWeeds-Mobile/images/20171109-092050-2.jpg,5,5,5,5,1,0.9927811,0.00038974476,0.00016124971,7.1013124e-09,1.8876818e-07,2.2391253e-10,0.9927811,0.00010568663,1.8668858e-05,0.0065434845
/home/leo/Documentos/mestrado/DeepWeeds-Mobile/images/20171113-134706-3.jpg,6,8,6,8,0,0.540629,2.1452704e-05,1.4835713e-05,3.9396575e-05,9.284395e-06,3.1989919e-06,6.764029e-06,0.45921922,5.6817593e-05,0.540629
/home/leo/Documentos/mestrado/DeepWeeds-Mobile/images/20180119-104811-1.jpg,8,8,8,8,1,0.90824944,0.0012944484,0.010152596,1.3898698e-06,0.0047969637,9.312454e-06,0.0076471944,0.06304505,0.0048035462,0.90824944
/home/leo/Documentos/mestrado/DeepWeeds-Mobile/images/20171102-123303-2.jpg,2,2,2,2,1,0.9997482,3.1285093e-05,8.462382e-09,0.9997482,1.2492656e-06,6.8987254e-05,1.4340442e-07,9.831725e-10,1.2212904e-06,0.00014892309
/home/leo/Documentos/mestrado/DeepWeeds-Mobile/images/20170913-101125-3.jpg,5,5,5,5,1,0.99560636,0.0014057776,1.7374505e-05,0.00011455162,4.663819e-06,1.7148226e-05,0.99560636,0.00021150862,0.0018874477,0.00073518907
/home/leo/Documentos/mestrado/DeepWeeds-Mobile/images/20180109-092312-2.jpg,8,8,8,8,1,0.9407402,0.0024341755,0.00042058402,0.0042898525,0.001117699,0.00025721703,0.0004414584,0.04986573,0.0004329871,0.9407402
/home/leo/Documentos/mestrado/DeepWeeds-Mobile/images/20180112-093338-1.jpg,8,8,8,8,1,0.9407549,0.0082708895,0.038925823,0.0002856446,0.00011281577,0.0005847706,1.2387831e-05,0.00011477545,0.010937881,0.9407549
/home/leo/Documentos/mestrado/DeepWeeds-Mobile/images/20180125-132857-3.jpg,8,8,8,8,1,0.6293012,0.066830926,0.048890658,0.009966087,0.009926437,0.070976086,0.0009521272,0.0017095911,0.16144691,0.6293012
/home/leo/Documentos/mestrado/DeepWeeds-Mobile/images/20170707-110816-0.jpg,7,8,7,8,0,0.56023973,0.14961436,0.004366377,0.011712078,0.038428113,0.04153804,6.4643275e-05,3.3353535e-07,0.19403636,0.56023973
/home/leo/Documentos/mestrado/DeepWeeds-Mobile/images/20170714-122419-3.jpg,1,1,1,1,1,0.99719775,0.00014521225,0.99719775,1.5195415e-08,1.013061e-09,2.5265765e-09,2.8893087e-06,0.00093429704,0.0016817068,3.8094586e-05
/home/leo/Documentos/mestrado/DeepWeeds-Mobile/images/20180109-070924-2.jpg,8,6,8,6,0,0.6464739,0.0017836944,0.0012870537,0.0072030015,0.000255176,0.0003203757,0.0001397805,0.6464739,0.008613418,0.33392358
/home/leo/Documentos/mestrado/DeepWeeds-Mobile/images/20171220-100451-1.jpg,8,8,8,8,1,0.9999981,3.749758e-08,4.7853543e-10,4.331344e-18,1.4532814e-06,8.094646e-13,2.4197294e-07,2.720064e-09,1.5432057e-07,0.9999981
/home/leo/Documentos/mestrado/DeepWeeds-Mobile/images/20180105-102406-1.jpg,8,8,8,8,1,0.91267735,0.00021154953,0.00020313406,0.038551793,0.004051455,0.0028413008,0.000113940165,0.040665943,0.00068357546,0.91267735
/home/leo/Documentos/mestrado/DeepWeeds-Mobile/images/20170920-160627-3.jpg,2,2,2,2,1,0.96832365,0.000538431,0.00023238866,0.96832365,0.0020393392,0.0012260156,0.0080531575,0.0005776147,0.00050228136,0.018507166
/home/leo/Documentos/mestrado/DeepWeeds-Mobile/images/20170304-130821-0.jpg,7,7,7,7,1,0.9549633,0.017945172,0.00028872205,1.8441563e-07,4.9393876e-08,3.0157032e-08,6.3467223e-06,5.5102777e-05,0.9549633,0.026741058
/home/leo/Documentos/mestrado/DeepWeeds-Mobile/images/20170714-142008-2.jpg,1,1,1,1,1,0.90142137,0.00034973587,0.90142137,1.390815e-07,0.0012919132,0.0012394951,5.1216164e-05,0.0022862088,0.0190197,0.074340284
/home/leo/Documentos/mestrado/DeepWeeds-Mobile/images/20170913-101943-2.jpg,3,3,3,3,1,0.8341411,1.6162081e-05,1.0086245e-06,2.5636065e-05,0.8341411,0.024173666,0.13972025,7.88224e-06,7.461456e-07,0.0019136023
/home/leo/Documentos/mestrado/DeepWeeds-Mobile/images/20180112-095053-2.jpg,8,8,8,8,1,0.99971765,0.00010622875,1.8748682e-05,2.4479173e-06,9.059609e-09,1.3346884e-08,1.2586776e-05,1.8125278e-06,0.00014048925,0.99971765
/home/leo/Documentos/mestrado/DeepWeeds-Mobile/images/20171219-110049-3.jpg,8,8,8,8,1,0.9375128,0.00076048914,7.45546e-05,1.2357069e-09,0.056562178,3.7521718e-06,2.6463718e-05,6.231881e-06,0.0050533824,0.9375128
/home/leo/Documentos/mestrado/DeepWeeds-Mobile/images/20170714-120244-3.jpg,1,1,1,1,1,0.9897097,0.00018412275,0.9897097,2.153401e-10,1.0711756e-06,8.01444e-08,1.263393e-07,0.0031976535,0.00046259043,0.0064446605
/home/leo/Documentos/mestrado/DeepWeeds-Mobile/images/20171212-101707-3.jpg,8,8,8,8,1,0.9845003,0.00043768666,9.035776e-06,5.332078e-10,4.2818237e-06,3.1090128e-09,1.7475979e-07,3.911113e-06,0.015044728,0.9845003
/home/leo/Documentos/mestrado/DeepWeeds-Mobile/images/20171218-122149-3.jpg,8,8,8,8,1,0.98857576,7.209129e-06,2.395339e-07,2.9094166e-12,0.00031908997,1.003373e-09,0.0110574365,3.9583076e-05,6.55777e-07,0.98857576
/home/leo/Documentos/mestrado/DeepWeeds-Mobile/images/20170913-124224-1.jpg,5,5,5,5,1,0.99752825,1.7422642e-05,2.056818e-07,7.398686e-06,0.002138521,0.00025156976,0.99752825,3.313563e-07,2.0835346e-06,5.420266e-05
/home/leo/Documentos/mestrado/DeepWeeds-Mobile/images/20170729-092646-2.jpg,4,4,4,4,1,0.82082886,0.010335396,5.868649e-05,0.00023607528,0.0049179513,0.82082886,3.152343e-06,6.3197473e-07,0.08458658,0.079032645
/home/leo/Documentos/mestrado/DeepWeeds-Mobile/images/20180109-104504-2.jpg,8,8,8,8,1,0.90381366,0.0058078137,0.00020039247,0.0082550235,0.045533065,0.030080426,0.00017942332,6.6109874e-06,0.006123694,0.90381366
/home/leo/Documentos/mestrado/DeepWeeds-Mobile/images/20171109-194013-1.jpg,5,5,5,5,1,0.99689734,2.1855685e-06,1.3585259e-07,1.2184007e-13,5.426814e-08,2.4808196e-13,0.99689734,3.0047397e-07,1.9136756e-07,0.0030997985
/home/leo/Documentos/mestrado/DeepWeeds-Mobile/images/20170727-155410-3.jpg,4,4,4,4,1,0.97502553,4.973393e-05,7.499375e-08,0.02368802,0.00013825022,0.97502553,5.2586006e-06,1.7228555e-08,3.467838e-05,0.0010584255
/home/leo/Documentos/mestrado/DeepWeeds-Mobile/images/20180322-125907-1.jpg,8,8,8,8,1,0.9921536,0.0010205725,0.0006262353,0.0031130067,0.00023220069,7.114111e-05,0.0019931318,0.0006887055,0.000101524005,0.9921536
/home/leo/Documentos/mestrado/DeepWeeds-Mobile/images/20170811-125610-1.jpg,0,0,0,0,1,0.6612751,0.6612751,0.025425918,9.1476824e-05,3.832455e-05,0.0008096121,0.00033730833,7.076853e-06,0.29469627,0.017318916
/home/leo/Documentos/mestrado/DeepWeeds-Mobile/images/20180125-133952-2.jpg,8,8,8,8,1,0.9985285,0.00051114947,0.00028670847,1.4476319e-06,1.4756778e-05,1.2293329e-05,0.00023713587,2.3860998e-06,0.00040571875,0.9985285
/home/leo/Documentos/mestrado/DeepWeeds-Mobile/images/20180322-113325-2.jpg,8,8,8,8,1,0.9824569,0.0026727691,0.0007246991,0.00011196642,0.0013481189,0.0004832111,0.00038090663,0.0003355954,0.011485931,0.9824569
/home/leo/Documentos/mestrado/DeepWeeds-Mobile/images/20180112-102419-2.jpg,8,8,8,8,1,0.9972583,0.00013979206,6.7346677e-06,9.059899e-05,4.222379e-07,2.1544492e-08,4.7300266e-05,0.0014348,0.0010220419,0.9972583
/home/leo/Documentos/mestrado/DeepWeeds-Mobile/images/20170714-140328-1.jpg,1,1,1,1,1,0.9999876,1.9737574e-06,0.9999876,4.509862e-15,1.0336935e-13,9.051461e-14,8.406423e-13,2.0382396e-08,9.91594e-06,5.438227e-07
/home/leo/Documentos/mestrado/DeepWeeds-Mobile/images/20180109-092317-1.jpg,8,8,8,8,1,0.9842648,0.0005090763,0.0035899212,0.0010959071,0.0001393208,0.0024805537,5.913103e-05,0.0061644726,0.0016968295,0.9842648
/home/leo/Documentos/mestrado/DeepWeeds-Mobile/images/20180105-095234-2.jpg,8,6,8,6,0,0.84958774,7.0714723e-06,0.0010096846,3.600704e-08,0.00076985394,3.6760193e-07,8.6594286e-05,0.84958774,1.4378253e-05,0.1485242
/home/leo/Documentos/mestrado/DeepWeeds-Mobile/images/20180125-101105-1.jpg,8,8,8,8,1,0.99653506,0.00010327163,3.974596e-06,8.297958e-05,0.0001246635,2.7397135e-05,2.8615566e-05,0.0030168323,7.711127e-05,0.99653506
/home/leo/Documentos/mestrado/DeepWeeds-Mobile/images/20180125-094141-2.jpg,8,8,8,8,1,0.8368231,7.956425e-05,3.0479721e-05,0.00016391638,0.0021771204,0.15629065,0.0015993979,0.002795338,4.0317813e-05,0.8368231
/home/leo/Documentos/mestrado/DeepWeeds-Mobile/images/20180112-104258-2.jpg,8,2,8,2,0,0.65777636,0.027970847,0.00056194887,0.65777636,2.0217574e-05,0.00022863843,7.232338e-05,1.565428e-05,0.0016646979,0.3116893
/home/leo/Documentos/mestrado/DeepWeeds-Mobile/images/20180112-081634-2.jpg,8,8,8,8,1,0.7460732,0.00354652,0.001946933,0.21265689,0.010008296,0.015774885,3.4239038e-06,0.0008055496,0.009184374,0.7460732
/home/leo/Documentos/mestrado/DeepWeeds-Mobile/images/20180125-133936-3.jpg,8,8,8,8,1,0.7117025,0.06315447,0.029807152,0.006164008,0.0028509735,0.025277045,0.0004904082,0.001106351,0.15944716,0.7117025
/home/leo/Documentos/mestrado/DeepWeeds-Mobile/images/20180322-121617-2.jpg,8,8,8,8,1,0.99988973,2.6385558e-05,1.2421151e-05,4.121623e-07,4.2236807e-05,8.427229e-06,1.0672285e-05,2.3115183e-07,9.484816e-06,0.99988973
/home/leo/Documentos/mestrado/DeepWeeds-Mobile/images/20171102-102557-2.jpg,2,2,2,2,1,0.9994054,2.0766101e-06,1.7393197e-07,0.9994054,4.4250723e-06,7.9452504e-05,9.254881e-08,1.0829267e-06,3.9853464e-07,0.00050683995
/home/leo/Documentos/mestrado/DeepWeeds-Mobile/images/20171121-081448-2.jpg,6,8,6,8,0,0.82911193,8.531064e-05,0.0043946076,0.00055181823,2.867302e-05,5.1935162e-06,0.00017725916,0.1655525,9.267511e-05,0.82911193
/home/leo/Documentos/mestrado/DeepWeeds-Mobile/images/20171113-111328-0.jpg,6,6,6,6,1,0.9994836,5.6894294e-07,0.00014022843,1.1923281e-07,5.1742118e-05,3.3019523e-07,1.06951376e-07,0.9994836,2.4831074e-06,0.0003207731
/home/leo/Documentos/mestrado/DeepWeeds-Mobile/images/20170304-124333-0.jpg,0,0,0,0,1,0.87774765,0.87774765,4.825681e-05,1.1021516e-09,7.113125e-09,1.2385909e-10,0.01953172,7.160868e-08,0.101170674,0.0015015175
/home/leo/Documentos/mestrado/DeepWeeds-Mobile/images/20170920-133910-2.jpg,2,2,2,2,1,0.98122233,0.0005251185,7.6374345e-06,0.98122233,0.000117117714,0.012873481,0.00046250617,1.3525489e-05,0.00029512067,0.004483067
/home/leo/Documentos/mestrado/DeepWeeds-Mobile/images/20180125-101750-1.jpg,8,8,8,8,1,0.99783427,5.1154384e-05,3.2001413e-08,2.847706e-10,0.00067112915,8.0385284e-08,0.0014034949,1.2731293e-05,2.7060862e-05,0.99783427
/home/leo/Documentos/mestrado/DeepWeeds-Mobile/images/20171219-101616-2.jpg,8,8,8,8,1,0.9970837,0.0001098096,3.8014925e-05,1.5766796e-09,0.002475418,3.8719256e-07,3.516252e-05,2.0040436e-06,0.00025547744,0.9970837
/home/leo/Documentos/mestrado/DeepWeeds-Mobile/images/20170728-115909-2.jpg,4,4,4,4,1,0.99647135,6.6304194e-05,2.6986655e-07,0.00047526904,0.0019944406,0.99647135,1.535306e-05,9.242366e-08,8.221261e-05,0.000894703
/home/leo/Documentos/mestrado/DeepWeeds-Mobile/images/20180125-091855-2.jpg,8,8,8,8,1,0.99983764,3.1013158e-05,1.8278934e-08,8.7880863e-07,9.585277e-05,1.5914164e-05,2.7957944e-07,1.2421783e-05,5.8416445e-06,0.99983764
/home/leo/Documentos/mestrado/DeepWeeds-Mobile/images/20180119-110537-2.jpg,8,8,8,8,1,0.9317575,0.011766432,0.016181106,0.020324318,0.00036396776,0.0014860863,0.0047607627,0.0010282722,0.012331626,0.9317575
/home/leo/Documentos/mestrado/DeepWeeds-Mobile/images/20170714-111100-1.jpg,1,1,1,1,1,0.77456474,0.020334197,0.77456474,1.6833441e-06,8.609422e-05,0.00015956834,9.9547266e-05,0.002506823,0.09699631,0.10525114
/home/leo/Documentos/mestrado/DeepWeeds-Mobile/images/20171113-145433-1.jpg,6,6,6,6,1,0.9877943,9.445119e-06,0.0001382224,2.1702705e-05,1.0501043e-06,3.969863e-07,3.6732185e-05,0.9877943,2.6053704e-05,0.011972104
/home/leo/Documentos/mestrado/DeepWeeds-Mobile/images/20180109-080201-2.jpg,7,6,7,6,0,0.96407914,2.325359e-05,7.865658e-05,0.0009578609,1.0155113e-06,0.0004755425,3.8169335e-05,0.96407914,0.00016722479,0.034179118
/home/leo/Documentos/mestrado/DeepWeeds-Mobile/images/20171218-105958-3.jpg,8,8,8,8,1,0.97522235,0.0027220184,0.0062121465,1.7022439e-08,0.00015883753,6.780651e-08,0.006435973,0.0002580047,0.008990592,0.97522235
/home/leo/Documentos/mestrado/DeepWeeds-Mobile/images/20170811-113014-2.jpg,0,0,0,0,1,0.94862163,0.94862163,0.0002381591,8.147663e-06,9.586463e-07,6.1404553e-06,4.2607335e-06,2.2299218e-07,0.0041912682,0.046929285
/home/leo/Documentos/mestrado/DeepWeeds-Mobile/images/20180125-125955-2.jpg,8,8,8,8,1,0.9989272,1.4582459e-05,0.0007363927,6.189573e-09,5.9661343e-05,3.932131e-05,3.3919656e-05,8.051628e-05,0.00010846353,0.9989272
/home/leo/Documentos/mestrado/DeepWeeds-Mobile/images/20171220-091351-2.jpg,8,8,8,8,1,0.9989008,3.97246e-06,1.2102268e-08,3.928831e-12,3.8330188e-07,2.069541e-10,0.0010942132,1.2415925e-08,6.8230344e-07,0.9989008
/home/leo/Documentos/mestrado/DeepWeeds-Mobile/images/20170705-164230-0.jpg,7,7,7,7,1,0.52145994,0.11478556,0.0013786873,0.0001034673,0.06736833,0.16411036,1.1704546e-05,8.342434e-06,0.52145994,0.13077359
/home/leo/Documentos/mestrado/DeepWeeds-Mobile/images/20171121-082732-2.jpg,6,6,6,6,1,0.39788902,0.0027938206,0.27182624,2.3406785e-06,0.0010688003,7.080462e-06,0.03671024,0.39788902,0.035445508,0.25425705
/home/leo/Documentos/mestrado/DeepWeeds-Mobile/images/20180125-091721-2.jpg,8,8,8,8,1,0.9988953,4.883277e-07,1.0331823e-07,2.5089994e-05,7.624928e-05,0.0007560614,3.9277515e-05,0.00020750318,5.945071e-09,0.9988953
/home/leo/Documentos/mestrado/DeepWeeds-Mobile/images/20170718-101744-2.jpg,0,7,0,7,0,0.64226615,0.17528105,0.090052016,1.7400241e-06,4.9366172e-05,1.1373206e-05,0.02063203,0.0014577335,0.64226615,0.07024857
/home/leo/Documentos/mestrado/DeepWeeds-Mobile/images/20171218-111125-3.jpg,8,8,8,8,1,0.9149868,0.00035083672,0.0004347679,1.4900854e-10,0.084020734,2.510353e-05,2.1053042e-07,3.91004e-06,0.00017767515,0.9149868
/home/leo/Documentos/mestrado/DeepWeeds-Mobile/images/20170714-142904-3.jpg,1,1,1,1,1,0.99987066,1.7198827e-05,0.99987066,7.531825e-10,5.029139e-10,5.4467847e-10,2.4873486e-07,8.2614815e-06,5.327382e-05,5.0384882e-05
/home/leo/Documentos/mestrado/DeepWeeds-Mobile/images/20170811-124824-2.jpg,0,0,0,0,1,0.54742986,0.54742986,0.00018785956,3.0477368e-05,9.659085e-05,0.0001446851,5.042496e-05,2.1826042e-07,0.09067394,0.3613859
/home/leo/Documentos/mestrado/DeepWeeds-Mobile/images/20170727-171838-3.jpg,4,8,4,8,0,0.5650502,0.004889346,0.0011455674,0.0020871994,0.04756875,0.10747011,0.08752624,0.00020001705,0.18406264,0.5650502
/home/leo/Documentos/mestrado/DeepWeeds-Mobile/images/20180112-080326-1.jpg,8,0,8,0,0,0.51646024,0.51646024,0.011921253,0.00064239086,0.10515246,0.016233897,6.4293265e-05,1.0880019e-06,0.28764567,0.06187871
/home/leo/Documentos/mestrado/DeepWeeds-Mobile/images/20180109-075438-2.jpg,8,8,8,8,1,0.9637707,2.337531e-05,3.0450305e-05,0.009840647,0.00012138748,0.02075624,5.857098e-07,0.005361862,9.4773444e-05,0.9637707
/home/leo/Documentos/mestrado/DeepWeeds-Mobile/images/20171218-105401-3.jpg,8,8,8,8,1,0.99998236,1.8588805e-06,4.315247e-06,1.4422857e-12,8.364463e-08,2.9730174e-09,1.7322608e-06,1.8602752e-09,9.620546e-06,0.99998236
/home/leo/Documentos/mestrado/DeepWeeds-Mobile/images/20170718-132538-2.jpg,7,7,7,7,1,0.9332016,0.023261007,0.005232156,7.4723816e-06,8.445822e-05,0.00024778285,3.5117588e-05,0.00045892037,0.9332016,0.0374715
/home/leo/Documentos/mestrado/DeepWeeds-Mobile/images/20180105-091755-2.jpg,8,8,8,8,1,0.89265627,7.840959e-05,0.002205235,3.2941594e-10,0.00015311525,4.6657136e-09,0.0857064,0.018980598,0.00021994604,0.89265627
/home/leo/Documentos/mestrado/DeepWeeds-Mobile/images/20170727-145407-3.jpg,4,4,4,4,1,0.82907456,0.0127908345,0.00029046604,0.053582128,0.04809521,0.82907456,0.0014328168,7.3986375e-05,0.004203918,0.050456002
/home/leo/Documentos/mestrado/DeepWeeds-Mobile/images/20180109-072900-1.jpg,8,8,8,8,1,0.92575914,5.982923e-08,6.462522e-06,5.544924e-07,0.00053709716,7.488507e-05,2.3169734e-10,0.07362067,1.0463746e-06,0.92575914
/home/leo/Documentos/mestrado/DeepWeeds-Mobile/images/20170714-142931-2.jpg,1,8,1,8,0,0.8300206,0.0119747035,0.08814802,0.0001951219,0.00439262,0.0005526037,0.0017416736,0.0023942569,0.06058046,0.8300206
/home/leo/Documentos/mestrado/DeepWeeds-Mobile/images/20171025-094308-1.jpg,3,3,3,3,1,0.99871504,7.5419106e-05,1.0844515e-06,4.4996463e-07,0.99871504,4.8225315e-06,4.9023774e-10,1.7099817e-09,4.523181e-05,0.0011579734
/home/leo/Documentos/mestrado/DeepWeeds-Mobile/images/20171220-100147-2.jpg,8,8,8,8,1,0.99896145,9.895053e-05,1.3837358e-05,1.1422859e-09,0.00064980536,6.630818e-07,7.9673355e-06,2.9201668e-05,0.00023806459,0.99896145
/home/leo/Documentos/mestrado/DeepWeeds-Mobile/images/20170811-134409-1.jpg,0,0,0,0,1,0.92126733,0.92126733,0.00016839776,1.936875e-06,1.42841345e-05,9.0202004e-05,1.6286871e-06,6.694518e-05,0.0060012843,0.07238807
/home/leo/Documentos/mestrado/DeepWeeds-Mobile/images/20180125-131454-2.jpg,8,8,8,8,1,0.9891908,0.00081827503,0.005164496,5.6455394e-07,4.238031e-05,1.6353128e-05,0.0024942867,0.00024545664,0.0020273959,0.9891908
/home/leo/Documentos/mestrado/DeepWeeds-Mobile/images/20180125-133750-3.jpg,8,7,8,7,0,0.49961323,0.019178202,0.15571938,3.5792986e-05,0.002160455,0.003982599,0.0005040739,0.0071434374,0.49961323,0.3116628
/home/leo/Documentos/mestrado/DeepWeeds-Mobile/images/20180125-100340-1.jpg,8,8,8,8,1,0.98512113,4.4046206e-05,1.4203035e-05,0.0047124536,2.5816818e-05,5.5457176e-06,0.00043617203,0.009620742,1.9819301e-05,0.98512113
/home/leo/Documentos/mestrado/DeepWeeds-Mobile/images/20171217-103616-2.jpg,8,8,8,8,1,0.5846817,0.01113552,3.4168832e-05,7.029735e-05,0.28039673,0.008172184,0.10395287,0.00044187444,0.011114596,0.5846817
/home/leo/Documentos/mestrado/DeepWeeds-Mobile/images/20180112-091719-2.jpg,8,8,8,8,1,0.99987936,5.666574e-05,5.281371e-08,3.8875504e-07,1.743199e-09,7.2318696e-12,1.2260061e-07,3.83378e-10,6.347793e-05,0.99987936
/home/leo/Documentos/mestrado/DeepWeeds-Mobile/images/20170920-161941-3.jpg,2,2,2,2,1,0.9368541,5.0173927e-05,7.623519e-08,0.9368541,8.8964895e-05,0.062354073,5.163918e-06,4.7579817e-08,1.16487045e-05,0.00063576305
/home/leo/Documentos/mestrado/DeepWeeds-Mobile/images/20180125-091826-1.jpg,8,8,8,8,1,0.9999896,2.6878351e-06,5.9259054e-07,3.1660574e-09,2.51139e-06,8.844996e-07,5.976605e-07,5.710928e-07,2.5153834e-06,0.9999896
/home/leo/Documentos/mestrado/DeepWeeds-Mobile/images/20170811-103710-2.jpg,0,8,0,8,0,0.5756577,0.37564954,0.005126127,2.09657e-05,2.4968228e-06,3.1336014e-05,0.0004247778,1.365623e-05,0.04307331,0.5756577
/home/leo/Documentos/mestrado/DeepWeeds-Mobile/images/20170913-104009-2.jpg,3,3,3,3,1,0.98051363,2.1254373e-05,2.425356e-07,0.0036446431,0.98051363,0.00083524745,0.0061275233,8.865143e-06,6.1832486e-07,0.008847961
/home/leo/Documentos/mestrado/DeepWeeds-Mobile/images/20180105-102220-1.jpg,8,8,8,8,1,0.92863965,6.902669e-05,6.549785e-05,0.0006887483,0.009411712,0.0026586084,7.993121e-07,0.05824249,0.000223448,0.92863965
/home/leo/Documentos/mestrado/DeepWeeds-Mobile/images/20171205-134905-2.jpg,8,8,8,8,1,0.99868876,0.0002068155,1.4086231e-05,1.8067165e-07,0.00018814663,1.1827913e-06,0.00038230378,0.00034313346,0.00017536996,0.99868876
/home/leo/Documentos/mestrado/DeepWeeds-Mobile/images/20171102-102154-1.jpg,2,8,2,8,0,0.47220227,0.01168597,0.002096703,0.19881406,0.17227261,0.13353449,6.252025e-05,0.00027936356,0.009052008,0.47220227
/home/leo/Documentos/mestrado/DeepWeeds-Mobile/images/20170714-114647-2.jpg,1,1,1,1,1,0.5803396,0.0021197805,0.5803396,0.00017333738,3.0540592e-05,2.4003807e-06,0.0293117,0.2836664,0.017332334,0.08702392
/home/leo/Documentos/mestrado/DeepWeeds-Mobile/images/20171113-131857-3.jpg,6,6,6,6,1,0.97689795,0.00018577323,0.0012945096,0.0010844632,2.8048822e-05,1.0827343e-05,2.7966978e-05,0.97689795,0.0028136012,0.017656881
/home/leo/Documentos/mestrado/DeepWeeds-Mobile/images/20180119-110124-1.jpg,8,8,8,8,1,0.46995655,0.0746626,0.08895741,0.009664739,0.0001050517,0.00041271403,0.038910888,0.009247907,0.30808216,0.46995655
/home/leo/Documentos/mestrado/DeepWeeds-Mobile/images/20180125-091041-1.jpg,8,8,8,8,1,1.0,1.3482716e-09,4.340761e-12,2.1689487e-11,8.885728e-11,1.0634749e-09,2.753902e-09,1.8478493e-09,1.1261402e-10,1.0
/home/leo/Documentos/mestrado/DeepWeeds-Mobile/images/20170728-151413-1.jpg,8,4,8,4,0,0.6722109,0.062407203,0.0005796693,0.007290679,0.09688066,0.6722109,0.001249474,3.3714507e-05,0.08885874,0.07048904
/home/leo/Documentos/mestrado/DeepWeeds-Mobile/images/20171220-092652-2.jpg,8,8,8,8,1,0.9999683,3.6538125e-08,4.258156e-11,5.0367093e-12,4.773011e-08,5.083744e-11,3.1612773e-05,1.8503664e-08,7.63984e-09,0.9999683
/home/leo/Documentos/mestrado/DeepWeeds-Mobile/images/20171122-101153-1.jpg,5,5,5,5,1,0.99985015,1.5642954e-05,3.0741558e-06,2.5517696e-12,1.6063732e-11,1.7483614e-14,0.99985015,8.5023885e-08,8.996273e-06,0.00012207513
/home/leo/Documentos/mestrado/DeepWeeds-Mobile/images/20180112-103102-2.jpg,8,8,8,8,1,0.9836058,0.0002669974,4.4513828e-07,9.050263e-06,1.4426449e-07,1.899636e-10,0.015707575,4.4630915e-06,0.00040563234,0.9836058
/home/leo/Documentos/mestrado/DeepWeeds-Mobile/images/20170627-103733-0.jpg,0,0,0,0,1,0.4646641,0.4646641,0.0007076293,1.9355083e-07,4.895615e-07,4.5945576e-06,0.0017960035,5.5360587e-09,0.34627149,0.18655547
/home/leo/Documentos/mestrado/DeepWeeds-Mobile/images/20171025-092025-1.jpg,3,3,3,3,1,0.94919354,0.0032900292,3.0846597e-06,0.0007282089,0.94919354,0.0008503754,4.6515982e-08,4.1935127e-08,0.0009246631,0.045009978
/home/leo/Documentos/mestrado/DeepWeeds-Mobile/images/20171102-120624-1.jpg,2,2,2,2,1,0.99971694,7.2507764e-06,1.3501473e-08,0.99971694,4.147085e-05,0.00015651966,1.28435715e-08,2.2510578e-08,8.6865064e-08,7.772797e-05
/home/leo/Documentos/mestrado/DeepWeeds-Mobile/images/20171102-115036-1.jpg,2,2,2,2,1,0.9594001,0.005181677,3.586247e-05,0.9594001,0.00016368154,0.0003069383,7.670886e-06,3.6825327e-06,0.0019375498,0.032962833
/home/leo/Documentos/mestrado/DeepWeeds-Mobile/images/20180109-095645-1.jpg,8,8,8,8,1,0.96635526,0.0044028913,0.00011131233,2.4992114e-06,0.020665858,2.0577792e-05,0.00020262155,8.975804e-07,0.008238107,0.96635526
/home/leo/Documentos/mestrado/DeepWeeds-Mobile/images/20170128-104035-0.jpg,8,8,8,8,1,0.71760553,2.752709e-05,0.08226246,4.3772705e-10,0.19902222,0.00023895761,2.6246898e-09,4.85961e-05,0.0007947604,0.71760553
/home/leo/Documentos/mestrado/DeepWeeds-Mobile/images/20171025-094441-1.jpg,3,3,3,3,1,0.9994935,6.2501645e-06,9.227898e-08,3.1584525e-06,0.9994935,4.6841355e-06,1.192975e-10,2.5890165e-10,4.038043e-06,0.00048825995
/home/leo/Documentos/mestrado/DeepWeeds-Mobile/images/20171220-094903-2.jpg,8,8,8,8,1,0.93257403,0.0020855363,0.00065311365,5.561159e-09,0.046844605,8.3396947e-07,0.00052215037,0.004783023,0.012536554,0.93257403
/home/leo/Documentos/mestrado/DeepWeeds-Mobile/images/20171219-095150-2.jpg,8,8,8,8,1,0.9851414,0.005243305,0.0027863255,5.438835e-06,7.749154e-05,4.7494246e-05,0.00026441476,5.5086046e-05,0.0063792425,0.9851414
/home/leo/Documentos/mestrado/DeepWeeds-Mobile/images/20171109-091037-2.jpg,5,8,5,8,0,0.59980315,0.0009772867,0.058387946,3.082233e-08,0.010565746,6.8212984e-08,0.23593473,0.08524377,0.009087202,0.59980315
/home/leo/Documentos/mestrado/DeepWeeds-Mobile/images/20170920-184751-1.jpg,2,2,2,2,1,0.99998724,4.1881098e-08,2.4966178e-07,0.99998724,4.2382915e-09,5.0907596e-07,2.4160797e-06,6.85477e-07,2.9953245e-07,8.542521e-06
/home/leo/Documentos/mestrado/DeepWeeds-Mobile/images/20170714-135705-3.jpg,1,1,1,1,1,0.9293871,0.0010447701,0.9293871,4.2033057e-09,3.9625033e-07,2.1916186e-07,2.3355406e-06,0.0006475618,0.068434924,0.0004827509
/home/leo/Documentos/mestrado/DeepWeeds-Mobile/images/20180109-080219-2.jpg,7,6,7,6,0,0.8588888,0.003313238,0.0052048527,6.999517e-05,3.2584383e-05,4.4762102e-05,2.9019955e-05,0.8588888,0.10689054,0.025526136
/home/leo/Documentos/mestrado/DeepWeeds-Mobile/images/20170129-103452-0.jpg,8,8,8,8,1,0.6427023,0.021781158,0.08859673,2.5665292e-06,4.42439e-05,1.5234326e-06,0.14764865,0.022857487,0.07636536,0.6427023
/home/leo/Documentos/mestrado/DeepWeeds-Mobile/images/20180125-101814-1.jpg,8,8,8,8,1,0.99337935,8.439927e-05,1.1914685e-06,8.133392e-08,0.00018778643,5.5038438e-08,0.004859171,0.001463951,2.4035813e-05,0.99337935
/home/leo/Documentos/mestrado/DeepWeeds-Mobile/images/20171220-084046-3.jpg,8,8,8,8,1,0.974242,0.0029434934,6.877654e-06,6.915151e-11,0.00045752007,7.1934386e-07,0.00010884001,1.0324319e-06,0.022239516,0.974242
/home/leo/Documentos/mestrado/DeepWeeds-Mobile/images/20171205-134118-2.jpg,8,8,8,8,1,0.94864875,0.033958364,0.0016737962,0.00090523803,0.0011095084,0.00087206997,6.8227215e-05,2.2208565e-06,0.012761946,0.94864875
/home/leo/Documentos/mestrado/DeepWeeds-Mobile/images/20171102-123222-1.jpg,2,2,2,2,1,0.99331903,5.6431712e-05,7.09914e-07,0.99331903,0.0009282295,0.004354297,2.737141e-06,9.3365213e-07,7.669791e-06,0.0013299051
/home/leo/Documentos/mestrado/DeepWeeds-Mobile/images/20180125-132226-3.jpg,8,8,8,8,1,0.42503965,0.0068434854,0.38548714,0.0005776388,0.00475515,0.004062711,0.001390337,0.11679475,0.05504907,0.42503965
/home/leo/Documentos/mestrado/DeepWeeds-Mobile/images/20180109-091927-2.jpg,8,8,8,8,1,0.99810106,0.00070293655,0.00010249685,3.5451805e-05,3.1463526e-06,2.4345677e-08,0.00011826997,9.326519e-05,0.00084332755,0.99810106
/home/leo/Documentos/mestrado/DeepWeeds-Mobile/images/20180109-105732-1.jpg,8,8,8,8,1,0.9958585,0.0014821792,7.9456055e-05,0.0017850416,0.00011804836,6.133784e-05,3.7516857e-05,9.11677e-06,0.0005688583,0.9958585
/home/leo/Documentos/mestrado/DeepWeeds-Mobile/images/20170304-130948-0.jpg,7,7,7,7,1,0.6740287,0.30306163,0.0025256414,3.180787e-07,7.111019e-05,1.917448e-06,9.328333e-05,1.9665828e-07,0.6740287,0.020217195
/home/leo/Documentos/mestrado/DeepWeeds-Mobile/images/20171220-090301-3.jpg,8,8,8,8,1,0.98088396,0.0009953813,8.01626e-05,5.7967345e-06,0.01710661,0.00018353148,0.00015623467,0.00047349397,0.00011467169,0.98088396
/home/leo/Documentos/mestrado/DeepWeeds-Mobile/images/20180109-104503-2.jpg,8,8,8,8,1,0.8090265,0.004771183,3.0892992e-05,0.17366774,0.0021556804,0.008917365,7.67301e-06,1.3775093e-06,0.0014215745,0.8090265
/home/leo/Documentos/mestrado/DeepWeeds-Mobile/images/20170727-152302-3.jpg,4,2,4,2,0,0.58052754,0.0033486697,7.1347795e-06,0.58052754,0.0002590728,0.37738183,0.00025416925,1.1963597e-06,0.003854845,0.03436557
/home/leo/Documentos/mestrado/DeepWeeds-Mobile/images/20170714-143549-1.jpg,1,8,1,8,0,0.5895115,0.0024236273,0.18972293,1.8689066e-07,0.0076410016,6.888719e-06,0.0010247877,0.207014,0.0026550821,0.5895115
/home/leo/Documentos/mestrado/DeepWeeds-Mobile/images/20171219-112656-2.jpg,8,8,8,8,1,0.5322347,0.011290134,0.00047674734,0.0041792835,0.42210507,0.020195948,0.00015509051,0.00021920758,0.009143768,0.5322347
/home/leo/Documentos/mestrado/DeepWeeds-Mobile/images/20171201-115911-1.jpg,8,8,8,8,1,0.99585325,0.00023950636,0.0007687251,2.6229152e-06,7.231645e-06,2.3944528e-07,0.0024761409,4.016468e-05,0.00061214366,0.99585325
/home/leo/Documentos/mestrado/DeepWeeds-Mobile/images/20170304-131744-0.jpg,7,7,7,7,1,0.9872824,0.0115145305,0.0004909493,8.8021934e-10,2.6670246e-08,2.6056247e-07,9.321372e-05,1.2134412e-10,0.9872824,0.0006186671
/home/leo/Documentos/mestrado/DeepWeeds-Mobile/images/20171113-123137-0.jpg,6,6,6,6,1,0.9990777,8.781307e-07,0.000259251,2.0543714e-06,7.2050916e-06,2.060393e-08,1.0524412e-06,0.9990777,2.6959638e-06,0.00064912555
/home/leo/Documentos/mestrado/DeepWeeds-Mobile/images/20180109-085325-2.jpg,8,8,8,8,1,0.364242,0.25802854,0.1229794,0.00054501195,0.2183667,0.0013519434,0.00040872896,0.000695229,0.033382475,0.364242
/home/leo/Documentos/mestrado/DeepWeeds-Mobile/images/20171121-085944-1.jpg,6,6,6,6,1,0.98457044,0.00019846161,0.0021026253,0.00017094238,9.539538e-06,9.689524e-06,7.476178e-05,0.98457044,0.00523773,0.0076258
/home/leo/Documentos/mestrado/DeepWeeds-Mobile/images/20170729-091156-2.jpg,4,4,4,4,1,0.9977946,7.857365e-05,7.672058e-08,0.0008081878,0.0001629589,0.9977946,6.4715255e-07,1.2631161e-09,0.00056636316,0.00058848434
/home/leo/Documentos/mestrado/DeepWeeds-Mobile/images/20170128-103940-0.jpg,8,8,8,8,1,0.8910005,0.004594993,0.09368696,1.1900234e-07,0.00087703124,0.00014797677,3.378653e-08,2.4802985e-06,0.009689887,0.8910005
/home/leo/Documentos/mestrado/DeepWeeds-Mobile/images/20180112-094122-2.jpg,8,8,8,8,1,0.99688894,0.00086304394,1.12628236e-07,0.0019268503,0.0002841294,8.08714e-08,2.4218218e-06,3.841771e-06,3.0601608e-05,0.99688894
/home/leo/Documentos/mestrado/DeepWeeds-Mobile/images/20171212-104013-3.jpg,8,8,8,8,1,0.8293276,0.07534957,0.022706397,1.626548e-06,0.0066858176,2.613404e-06,0.011904638,0.0010482518,0.052973635,0.8293276
/home/leo/Documentos/mestrado/DeepWeeds-Mobile/images/20180112-073449-1.jpg,8,8,8,8,1,0.63073367,0.032570332,0.0035551589,0.0028688638,0.012565589,0.16805471,9.8034825e-06,0.0004138701,0.14922789,0.63073367
/home/leo/Documentos/mestrado/DeepWeeds-Mobile/images/20170913-125708-3.jpg,5,5,5,5,1,0.7696186,0.024320507,0.007563244,0.0009444768,0.00041804087,0.036029242,0.7696186,0.013736168,0.010091449,0.13727835
/home/leo/Documentos/mestrado/DeepWeeds-Mobile/images/20180125-100727-1.jpg,8,8,8,8,1,0.99798644,8.745201e-06,2.12541e-06,5.7636633e-09,9.674816e-07,3.4459646e-08,0.0019890275,1.0871782e-05,1.8111639e-06,0.99798644
/home/leo/Documentos/mestrado/DeepWeeds-Mobile/images/20180109-092548-2.jpg,8,8,8,8,1,0.9831881,0.0072741625,1.0073592e-06,4.0595472e-07,4.4592436e-08,3.766643e-09,6.1155275e-05,9.207178e-08,0.009475058,0.9831881
/home/leo/Documentos/mestrado/DeepWeeds-Mobile/images/20180109-100632-2.jpg,8,8,8,8,1,0.95334613,0.0034427291,0.006446176,0.006561378,0.018135875,0.00146731,0.0012382955,0.0013599523,0.008002124,0.95334613
/home/leo/Documentos/mestrado/DeepWeeds-Mobile/images/20170210-131438-0.jpg,7,7,7,7,1,0.9920821,0.00074127415,1.35054e-05,1.7674423e-10,1.0065331e-08,8.8387206e-12,0.00035660702,1.155015e-07,0.9920821,0.0068062595
/home/leo/Documentos/mestrado/DeepWeeds-Mobile/images/20170130-102142-0.jpg,1,1,1,1,1,0.7420011,0.1547492,0.7420011,2.7543795e-06,9.621569e-08,3.5668344e-07,0.009247422,0.00020232213,0.08176682,0.01202993
/home/leo/Documentos/mestrado/DeepWeeds-Mobile/images/20180105-092846-2.jpg,8,8,8,8,1,0.7821936,4.0730098e-05,0.00018433784,0.0001024101,0.00010780731,0.00039528369,5.154719e-06,0.21605998,0.0009106897,0.7821936
/home/leo/Documentos/mestrado/DeepWeeds-Mobile/images/20180322-114043-1.jpg,8,8,8,8,1,0.9120364,0.019836674,0.0018548741,6.222371e-05,0.000101713085,8.550855e-06,0.05173666,2.30719e-05,0.014339715,0.9120364
/home/leo/Documentos/mestrado/DeepWeeds-Mobile/images/20180105-095021-3.jpg,8,8,8,8,1,0.9905072,0.00049303065,2.2115159e-05,0.0037271692,0.00017467997,0.0005544636,4.0111254e-06,0.0039921645,0.0005252676,0.9905072
/home/leo/Documentos/mestrado/DeepWeeds-Mobile/images/20171102-120152-1.jpg,2,2,2,2,1,0.99995935,2.488865e-07,1.2412116e-09,0.99995935,3.777926e-08,7.137899e-07,8.773922e-09,6.6132477e-09,1.4170329e-08,3.959276e-05
/home/leo/Documentos/mestrado/DeepWeeds-Mobile/images/20180322-102751-1.jpg,8,8,8,8,1,0.93574834,0.027614268,0.00418885,0.00016549016,0.0003765161,0.0072229146,0.00051137403,9.852932e-07,0.024171144,0.93574834
/home/leo/Documentos/mestrado/DeepWeeds-Mobile/images/20180125-102005-1.jpg,8,6,8,6,0,0.9002477,2.1330412e-05,0.00050930853,3.7572036e-08,5.865094e-07,2.4026134e-10,0.007763488,0.9002477,3.87212e-05,0.09141887
/home/leo/Documentos/mestrado/DeepWeeds-Mobile/images/20170501-144249-0.jpg,1,1,1,1,1,0.84043056,0.007995244,0.84043056,1.0927763e-06,1.6971351e-06,2.0490553e-08,2.1523329e-06,0.00087099813,0.08600802,0.06469022
/home/leo/Documentos/mestrado/DeepWeeds-Mobile/images/20170217-103414-0.jpg,0,8,0,8,0,0.53417426,0.031670175,0.0045696525,0.0012498349,0.00065793935,2.0549029e-05,0.12087055,0.197343,0.10944401,0.53417426
/home/leo/Documentos/mestrado/DeepWeeds-Mobile/images/20171113-142940-3.jpg,6,6,6,6,1,0.9991879,4.2693262e-08,7.133209e-05,3.7585424e-09,2.9852873e-07,2.9619311e-09,3.3210497e-08,0.9991879,1.1985273e-07,0.00074019947
/home/leo/Documentos/mestrado/DeepWeeds-Mobile/images/20171203-170431-3.jpg,8,8,8,8,1,0.92046505,0.015472786,0.0022898095,3.886212e-06,0.0052157296,0.00021730764,0.04912426,4.4870794e-05,0.0071663633,0.92046505
/home/leo/Documentos/mestrado/DeepWeeds-Mobile/images/20171212-104505-3.jpg,8,8,8,8,1,0.9951921,0.00057579967,0.0016989317,1.4094679e-08,0.0011660373,4.1353424e-06,1.2890082e-06,4.9400132e-05,0.0013121793,0.9951921
/home/leo/Documentos/mestrado/DeepWeeds-Mobile/images/20170920-163339-3.jpg,2,2,2,2,1,0.7403973,0.008708733,6.1185615e-06,0.7403973,0.0012416134,0.21162726,0.0038113967,7.746408e-07,0.0043928875,0.029813958
/home/leo/Documentos/mestrado/DeepWeeds-Mobile/images/20170920-094406-2.jpg,4,1,4,1,0,0.4106434,0.0030897378,0.4106434,3.4603556e-05,0.1461687,0.20900327,4.0437142e-05,0.0031385603,0.04206935,0.18581188
/home/leo/Documentos/mestrado/DeepWeeds-Mobile/images/20170906-114301-1.jpg,3,8,3,8,0,0.5737657,0.01671871,0.0017292053,9.144855e-09,0.31224862,2.8717312e-05,0.00011200558,0.00026122422,0.09513583,0.5737657
/home/leo/Documentos/mestrado/DeepWeeds-Mobile/images/20180109-075231-2.jpg,8,8,8,8,1,0.6328701,0.0015894463,0.0105408,0.0030174793,9.565626e-05,4.460515e-05,0.00030835212,0.34989724,0.0016364036,0.6328701
/home/leo/Documentos/mestrado/DeepWeeds-Mobile/images/20170913-095430-2.jpg,3,3,3,3,1,0.9167053,9.952297e-05,1.2233388e-06,0.0008222761,0.9167053,0.0004966027,0.024897557,4.4675067e-05,2.3062917e-06,0.056930568
/home/leo/Documentos/mestrado/DeepWeeds-Mobile/images/20180119-110042-1.jpg,8,8,8,8,1,0.48318225,0.07243275,0.038678177,8.772066e-05,0.00094029657,0.0040350175,0.0008709942,0.005549346,0.3942234,0.48318225
/home/leo/Documentos/mestrado/DeepWeeds-Mobile/images/20170727-115535-3.jpg,4,4,4,4,1,0.993182,1.448812e-06,1.7703614e-09,0.002998662,2.5187564e-06,0.993182,0.003744419,5.3523318e-06,4.032561e-08,6.557155e-05
/home/leo/Documentos/mestrado/DeepWeeds-Mobile/images/20171212-110114-3.jpg,8,8,8,8,1,0.9694261,0.006086393,0.0021132925,8.593488e-09,0.002021069,4.6688647e-06,2.8881425e-07,2.1509737e-05,0.02032673,0.9694261
/home/leo/Documentos/mestrado/DeepWeeds-Mobile/images/20171113-132754-3.jpg,6,6,6,6,1,0.51844275,0.0015592682,0.028885214,0.015930593,0.013452088,0.01848792,6.2306215e-05,0.51844275,0.024886942,0.37829292
/home/leo/Documentos/mestrado/DeepWeeds-Mobile/images/20180112-093602-2.jpg,8,8,8,8,1,0.9999926,2.1928836e-06,1.907791e-07,1.870916e-07,2.8981442e-10,1.3655578e-09,2.7743363e-06,1.4576052e-08,2.0544435e-06,0.9999926
/home/leo/Documentos/mestrado/DeepWeeds-Mobile/images/20180112-082155-2.jpg,8,8,8,8,1,0.6706516,0.068692476,0.0009897319,0.20388828,0.011131003,0.017799107,6.307101e-05,8.8257514e-07,0.026783846,0.6706516
/home/leo/Documentos/mestrado/DeepWeeds-Mobile/images/20180109-105722-2.jpg,8,8,8,8,1,0.9941547,0.0025661944,3.312125e-05,0.0013207702,0.0006462816,0.0009026437,0.00010489976,8.908726e-06,0.00026256987,0.9941547
/home/leo/Documentos/mestrado/DeepWeeds-Mobile/images/20171109-092404-2.jpg,5,5,5,5,1,0.99909776,5.3181966e-06,3.3832108e-05,1.4534501e-09,2.1618943e-10,4.8658045e-13,0.99909776,0.00044751883,5.2899986e-07,0.00041504856
/home/leo/Documentos/mestrado/DeepWeeds-Mobile/images/20170920-110747-3.jpg,2,2,2,2,1,0.9998982,2.709827e-07,3.3278496e-07,0.9998982,4.594436e-08,8.592333e-06,2.7258231e-08,4.6954753e-08,1.0839153e-06,9.1454574e-05
/home/leo/Documentos/mestrado/DeepWeeds-Mobile/images/20180112-074820-1.jpg,8,8,8,8,1,0.6072656,0.07372237,0.00028664505,0.00029097128,0.014768349,0.0010398957,1.8448118e-05,2.2167443e-07,0.30260745,0.6072656
/home/leo/Documentos/mestrado/DeepWeeds-Mobile/images/20171121-074807-1.jpg,6,6,6,6,1,0.9946617,4.4582052e-08,0.0052964,1.500767e-12,2.012004e-06,9.160263e-09,1.4559555e-07,0.9946617,1.7779239e-06,3.791911e-05
/home/leo/Documentos/mestrado/DeepWeeds-Mobile/images/20171220-084716-2.jpg,8,8,8,8,1,0.9963724,0.0006464178,0.0003133878,3.9685122e-10,0.0010949768,8.4648995e-08,0.0007176899,9.806752e-05,0.00075690827,0.9963724
/home/leo/Documentos/mestrado/DeepWeeds-Mobile/images/20171220-082756-3.jpg,8,8,8,8,1,0.9911327,0.0037940172,3.8933722e-05,1.0801566e-09,0.0017934492,1.7863404e-06,6.7943656e-05,4.0499836e-07,0.0031709224,0.9911327
/home/leo/Documentos/mestrado/DeepWeeds-Mobile/images/20170913-110903-1.jpg,3,3,3,3,1,0.97069436,1.927372e-05,2.733798e-06,0.0012727167,0.97069436,0.014469028,9.048797e-05,3.4766904e-06,2.7745568e-06,0.013445048
/home/leo/Documentos/mestrado/DeepWeeds-Mobile/images/20180112-071201-2.jpg,8,8,8,8,1,0.74034005,0.0025136105,0.07448951,0.0036625625,0.16799355,0.008051829,2.8506183e-06,0.0020073608,0.00093876245,0.74034005
/home/leo/Documentos/mestrado/DeepWeeds-Mobile/images/20170706-105250-0.jpg,7,7,7,7,1,0.92545897,0.02306412,0.018311702,4.4168162e-05,0.0001589427,0.00019319516,0.00798063,0.0010008223,0.92545897,0.023787374
/home/leo/Documentos/mestrado/DeepWeeds-Mobile/images/20171220-094739-1.jpg,8,8,8,8,1,0.9997086,4.182764e-06,4.5434203e-07,8.4615653e-16,3.1435734e-06,2.2935592e-12,3.3886838e-05,5.235855e-06,0.00024453498,0.9997086
/home/leo/Documentos/mestrado/DeepWeeds-Mobile/images/20170315-085616-0.jpg,8,8,8,8,1,0.8968633,0.0053393664,0.009574341,1.2313507e-07,0.00053731434,6.1546657e-06,0.0001911005,9.2814535e-06,0.08747891,0.8968633
/home/leo/Documentos/mestrado/DeepWeeds-Mobile/images/20170728-150555-1.jpg,4,4,4,4,1,0.99528235,2.387978e-05,6.875947e-08,0.0012046553,0.0025799253,0.99528235,0.00024927288,3.0985834e-07,8.512324e-06,0.0006509382
/home/leo/Documentos/mestrado/DeepWeeds-Mobile/images/20170727-152712-1.jpg,8,4,8,4,0,0.5202856,0.02987662,0.005305984,0.06045861,0.12099071,0.5202856,0.030722871,0.0066450858,0.009288007,0.21642652
/home/leo/Documentos/mestrado/DeepWeeds-Mobile/images/20180322-113127-2.jpg,8,8,8,8,1,0.999531,0.0001641055,2.1998383e-05,2.1460742e-06,6.648857e-05,1.5990465e-05,3.4294546e-05,3.900566e-05,0.00012508157,0.999531
/home/leo/Documentos/mestrado/DeepWeeds-Mobile/images/20171102-102951-1.jpg,2,2,2,2,1,0.95651394,0.00016621503,0.00013071923,0.95651394,0.0018473263,0.0044526206,5.825956e-05,4.4292636e-05,0.00032142398,0.036465302
/home/leo/Documentos/mestrado/DeepWeeds-Mobile/images/20171219-093440-3.jpg,8,8,8,8,1,0.99493116,0.0017672109,0.0002976886,2.157676e-06,0.00015565174,1.6140493e-05,0.0014714783,7.3267154e-05,0.0012852381,0.99493116
/home/leo/Documentos/mestrado/DeepWeeds-Mobile/images/20170920-183617-1.jpg,2,2,2,2,1,0.5813614,0.0002797756,0.000115247414,0.5813614,0.005066637,0.29742095,1.3607613e-05,6.414713e-06,0.0016482692,0.11408768
/home/leo/Documentos/mestrado/DeepWeeds-Mobile/images/20170920-185519-1.jpg,2,2,2,2,1,0.99610883,3.9553413e-07,5.2058606e-09,0.99610883,4.0618792e-07,0.0038540654,4.8224143e-07,8.240081e-08,3.3274087e-08,3.5638648e-05
/home/leo/Documentos/mestrado/DeepWeeds-Mobile/images/20170707-111748-0.jpg,0,8,0,8,0,0.4304784,0.14394276,0.25658813,0.00030432254,0.007930327,0.00070377276,0.00847027,0.0072671077,0.14431491,0.4304784
/home/leo/Documentos/mestrado/DeepWeeds-Mobile/images/20171113-121347-2.jpg,6,8,6,8,0,0.87664634,1.2932196e-05,2.9840414e-05,1.6253514e-05,3.091932e-05,8.931943e-05,4.4922479e-07,0.12315953,1.4308004e-05,0.87664634
/home/leo/Documentos/mestrado/DeepWeeds-Mobile/images/20180112-102927-2.jpg,8,8,8,8,1,0.9991911,0.00019576684,7.2678336e-07,8.481026e-07,1.4783309e-07,8.158297e-10,4.516567e-05,3.349072e-06,0.0005629191,0.9991911
/home/leo/Documentos/mestrado/DeepWeeds-Mobile/images/20171218-104157-3.jpg,8,8,8,8,1,0.53477484,0.045896135,0.02704223,3.2937243e-11,2.7487997e-07,1.1808895e-07,0.0005553274,1.08845825e-05,0.3917202,0.53477484
/home/leo/Documentos/mestrado/DeepWeeds-Mobile/images/20171220-083111-2.jpg,8,8,8,8,1,0.97098607,0.005839266,0.00031343632,2.5662985e-09,7.019665e-06,3.1020045e-07,2.3326254e-05,2.9450047e-09,0.022830483,0.97098607
/home/leo/Documentos/mestrado/DeepWeeds-Mobile/images/20180109-072000-2.jpg,8,6,8,6,0,0.8945459,4.9676284e-05,6.145374e-05,0.0025544665,1.7330773e-06,8.925552e-07,6.487609e-05,0.8945459,0.00015386302,0.10256705
/home/leo/Documentos/mestrado/DeepWeeds-Mobile/images/20170920-101316-2.jpg,2,2,2,2,1,0.86683744,0.0027960313,0.00012771002,0.86683744,0.00072376156,0.03245539,0.00012287787,9.653503e-06,0.005822713,0.091104425
/home/leo/Documentos/mestrado/DeepWeeds-Mobile/images/20170920-100624-3.jpg,4,8,4,8,0,0.49385098,0.007733439,0.06557419,0.03823285,0.014521992,0.23177347,0.00037298465,0.11542944,0.032510597,0.49385098
/home/leo/Documentos/mestrado/DeepWeeds-Mobile/images/20171220-092644-2.jpg,8,8,8,8,1,0.98554736,7.067841e-05,4.905574e-07,3.0113823e-10,0.00076422864,8.472956e-08,0.013597543,7.409672e-06,1.20279565e-05,0.98554736
/home/leo/Documentos/mestrado/DeepWeeds-Mobile/images/20171025-092414-3.jpg,7,7,7,7,1,0.5263978,0.11528391,0.020795759,0.00079078245,0.0030036164,0.00022515193,0.0020148996,0.0029391223,0.5263978,0.32854894
/home/leo/Documentos/mestrado/DeepWeeds-Mobile/images/20171220-093144-2.jpg,8,8,8,8,1,0.9994061,1.1701768e-06,1.1611585e-09,1.149509e-11,0.00058838003,1.822193e-07,2.847572e-06,6.880571e-07,5.7363144e-07,0.9994061
/home/leo/Documentos/mestrado/DeepWeeds-Mobile/images/20180112-074922-2.jpg,8,8,8,8,1,0.7173285,0.0049545527,0.0011020349,0.02078416,0.00066368014,0.14339255,8.181166e-06,0.0005178949,0.11124848,0.7173285
/home/leo/Documentos/mestrado/DeepWeeds-Mobile/images/20171102-103617-3.jpg,2,2,2,2,1,0.8410981,0.0016985065,0.00020670428,0.8410981,7.038114e-05,0.14384401,0.00034854232,0.00060698815,0.00023158484,0.011895154
/home/leo/Documentos/mestrado/DeepWeeds-Mobile/images/20170217-150720-0.jpg,0,0,0,0,1,0.8704801,0.8704801,0.0068579433,2.029519e-07,1.2916886e-08,1.0637287e-08,0.00030561694,2.9878322e-07,0.11959329,0.0027625111
/home/leo/Documentos/mestrado/DeepWeeds-Mobile/images/20180109-103633-2.jpg,8,2,8,2,0,0.8682523,0.019209513,1.0972046e-05,0.8682523,1.9955922e-05,7.678743e-05,8.2234736e-05,4.095152e-06,0.0017742894,0.11056982
/home/leo/Documentos/mestrado/DeepWeeds-Mobile/images/20180109-104824-2.jpg,8,8,8,8,1,0.9736945,0.0029355297,1.7193646e-05,0.017618774,0.0039966516,0.0008143948,1.6535094e-05,5.144164e-07,0.0009059927,0.9736945
/home/leo/Documentos/mestrado/DeepWeeds-Mobile/images/20170913-100832-2.jpg,3,5,3,5,0,0.9925553,4.5353558e-05,1.2859276e-08,4.9382143e-05,0.002598053,0.00010208231,0.9925553,2.666826e-07,1.7400062e-06,0.004647805
/home/leo/Documentos/mestrado/DeepWeeds-Mobile/images/20180125-092952-2.jpg,8,8,8,8,1,0.99161035,0.0009800203,0.0024026625,8.0547017e-07,0.00011030986,2.570934e-05,0.0001636143,4.4850203e-05,0.004661676,0.99161035
/home/leo/Documentos/mestrado/DeepWeeds-Mobile/images/20171113-142219-2.jpg,6,6,6,6,1,0.97621286,4.5811372e-05,0.0016109294,2.9891742e-06,2.7187907e-05,0.0013074443,0.003102994,0.97621286,0.00036958646,0.017320205
/home/leo/Documentos/mestrado/DeepWeeds-Mobile/images/20180109-070644-2.jpg,8,8,8,8,1,0.86348134,0.0013692115,0.004539627,0.0027946755,0.0042792126,0.0012813701,0.00038368438,0.11163422,0.010236668,0.86348134
/home/leo/Documentos/mestrado/DeepWeeds-Mobile/images/20180125-133152-3.jpg,8,8,8,8,1,0.69234604,0.06275724,0.094059244,0.0071202694,0.0059258784,0.012667211,0.0013945844,0.003383044,0.12034644,0.69234604
/home/leo/Documentos/mestrado/DeepWeeds-Mobile/images/20180322-113720-1.jpg,8,8,8,8,1,0.9831099,0.0012881755,0.000326346,6.177053e-07,0.0002460163,1.614584e-06,0.012282652,0.002212054,0.00053266896,0.9831099
/home/leo/Documentos/mestrado/DeepWeeds-Mobile/images/20170130-102438-0.jpg,1,1,1,1,1,0.84397954,0.043973472,0.84397954,0.01010646,0.0036060323,0.0008788314,0.00066745904,0.00021862162,0.024195481,0.072374165
/home/leo/Documentos/mestrado/DeepWeeds-Mobile/images/20180125-135306-3.jpg,8,1,8,1,0,0.8333338,0.0027214137,0.8333338,2.6514347e-06,0.010613885,0.021374546,1.0856568e-06,0.0038145976,0.024846114,0.10329189
/home/leo/Documentos/mestrado/DeepWeeds-Mobile/images/20180109-103216-1.jpg,8,8,8,8,1,0.6034483,0.06379644,0.0006596671,0.047873776,0.22957283,0.011766788,5.6881368e-06,3.303276e-05,0.042843483,0.6034483
/home/leo/Documentos/mestrado/DeepWeeds-Mobile/images/20171025-091627-3.jpg,3,8,3,8,0,0.47047716,0.003353724,0.00017712306,0.04211661,0.4684066,0.009729902,0.0002646892,0.00019012448,0.0052840346,0.47047716
/home/leo/Documentos/mestrado/DeepWeeds-Mobile/images/20171220-093255-2.jpg,8,8,8,8,1,0.7010134,0.03591347,0.006135922,0.00018883655,0.20709543,0.0086296005,0.008569469,0.013486135,0.018967774,0.7010134
/home/leo/Documentos/mestrado/DeepWeeds-Mobile/images/20171218-120806-3.jpg,8,8,8,8,1,0.99414515,1.1998947e-05,7.5490686e-07,1.444585e-10,0.00048676357,2.3020803e-08,0.0052720457,6.450033e-05,1.8837289e-05,0.99414515
/home/leo/Documentos/mestrado/DeepWeeds-Mobile/images/20171219-101744-3.jpg,8,8,8,8,1,0.99999,1.0021847e-06,4.2859924e-08,4.7844202e-14,8.418931e-06,1.4480812e-10,1.16943376e-07,1.1399083e-09,4.695779e-07,0.99999
/home/leo/Documentos/mestrado/DeepWeeds-Mobile/images/20171220-084017-2.jpg,8,8,8,8,1,0.99338335,0.00020767124,2.9032972e-06,4.988165e-11,0.00019226206,8.550408e-09,0.0059241983,7.392366e-06,0.0002822355,0.99338335
/home/leo/Documentos/mestrado/DeepWeeds-Mobile/images/20171025-100432-2.jpg,3,8,3,8,0,0.58456075,0.00042624233,8.6128566e-05,0.0035499572,0.3665729,0.04374677,5.9044754e-07,2.9583385e-05,0.0010271729,0.58456075
/home/leo/Documentos/mestrado/DeepWeeds-Mobile/images/20171113-144311-2.jpg,6,6,6,6,1,0.99952394,2.5656177e-06,0.00033974345,3.2876138e-10,1.3374531e-06,1.4118037e-08,1.2817113e-08,0.99952394,4.7609115e-05,8.477373e-05
/home/leo/Documentos/mestrado/DeepWeeds-Mobile/images/20180322-112908-2.jpg,8,8,8,8,1,0.9990997,0.00029216675,0.00020921475,1.1440757e-08,2.3171404e-05,2.407925e-06,0.00021475351,5.7978577e-06,0.00015278345,0.9990997
/home/leo/Documentos/mestrado/DeepWeeds-Mobile/images/20170217-120500-0.jpg,7,7,7,7,1,0.96181536,0.012267654,0.00014834054,1.9260129e-07,1.0463666e-05,1.0285131e-08,0.00946094,0.00036740975,0.96181536,0.015929643
/home/leo/Documentos/mestrado/DeepWeeds-Mobile/images/20180322-113208-2.jpg,8,8,8,8,1,0.9258501,0.024104632,0.00038900826,0.006946296,0.0014843907,0.026100783,5.1874445e-05,1.9692209e-07,0.015072639,0.9258501
/home/leo/Documentos/mestrado/DeepWeeds-Mobile/images/20170714-170250-1.jpg,1,1,1,1,1,0.9563003,0.0004368112,0.9563003,9.323037e-12,2.5009742e-06,1.9681893e-07,1.6837859e-06,2.6619244e-05,0.006929332,0.03630247
/home/leo/Documentos/mestrado/DeepWeeds-Mobile/images/20171220-095107-2.jpg,8,8,8,8,1,0.99374473,0.00046350533,0.00011615215,1.2723398e-09,0.00095389836,3.838001e-08,0.0017930093,0.00031563162,0.0026130439,0.99374473
/home/leo/Documentos/mestrado/DeepWeeds-Mobile/images/20180112-101728-2.jpg,8,8,8,8,1,0.9994231,0.00041784087,1.3615919e-06,6.023996e-05,4.2292527e-07,1.1169589e-06,8.893694e-06,9.114128e-09,8.700786e-05,0.9994231
/home/leo/Documentos/mestrado/DeepWeeds-Mobile/images/20170630-154813-0.jpg,7,0,7,0,0,0.51970446,0.51970446,0.002830027,2.3936695e-06,8.950543e-10,1.8357398e-10,0.009975009,4.9912847e-05,0.34764183,0.11979644
/home/leo/Documentos/mestrado/DeepWeeds-Mobile/images/20170728-125632-2.jpg,4,4,4,4,1,0.91101104,0.0007033771,0.00019582082,0.028875446,0.051933788,0.91101104,0.0021824585,2.4763975e-05,0.00058715575,0.0044861226
/home/leo/Documentos/mestrado/DeepWeeds-Mobile/images/20170714-115644-3.jpg,1,1,1,1,1,0.9924446,0.0021441923,0.9924446,1.905136e-08,1.4506572e-05,5.3757517e-06,5.142499e-06,0.0011604101,0.001003438,0.0032223612
/home/leo/Documentos/mestrado/DeepWeeds-Mobile/images/20180322-102617-2.jpg,8,8,8,8,1,0.88445365,0.017948879,0.0030570445,0.0008134626,0.0014879279,0.03313284,0.0005177726,1.4054708e-06,0.05858689,0.88445365
/home/leo/Documentos/mestrado/DeepWeeds-Mobile/images/20170217-101212-0.jpg,0,8,0,8,0,0.44799477,0.42072535,0.07528303,0.00016741961,1.9712293e-06,1.8908278e-05,0.009071261,0.0022690454,0.04446829,0.44799477
/home/leo/Documentos/mestrado/DeepWeeds-Mobile/images/20170906-104114-2.jpg,3,8,3,8,0,0.6772516,0.032609563,0.0024481523,0.02219813,0.16214198,0.009173054,2.5223648e-05,9.247877e-05,0.094059885,0.6772516
/home/leo/Documentos/mestrado/DeepWeeds-Mobile/images/20171121-072049-1.jpg,6,6,6,6,1,0.8853727,0.00045776606,0.08175647,4.924265e-07,1.8147806e-06,2.317131e-07,4.211883e-05,0.8853727,0.015267771,0.017100628
/home/leo/Documentos/mestrado/DeepWeeds-Mobile/images/20171121-084526-1.jpg,6,6,6,6,1,0.98950094,0.0005759311,0.0065463413,0.0004051557,1.1485029e-07,4.16612e-06,0.00041638248,0.98950094,0.00018809544,0.0023627793
/home/leo/Documentos/mestrado/DeepWeeds-Mobile/images/20171219-105401-2.jpg,8,8,8,8,1,0.97185904,0.010847347,0.0026542428,1.5014352e-06,0.0062861075,0.00019385613,0.0005032362,3.4108038e-05,0.00762069,0.97185904
/home/leo/Documentos/mestrado/DeepWeeds-Mobile/images/20171219-112554-2.jpg,8,8,8,8,1,0.99177283,2.0404648e-05,1.0897988e-06,1.1977107e-07,0.008071434,1.3682894e-05,5.374378e-06,7.291111e-05,4.202058e-05,0.99177283
/home/leo/Documentos/mestrado/DeepWeeds-Mobile/images/20180125-132135-2.jpg,8,8,8,8,1,0.9801618,0.0071827136,0.0027961272,3.3483998e-06,0.00037275744,0.00016163803,0.0010302946,2.7606497e-05,0.008263787,0.9801618
/home/leo/Documentos/mestrado/DeepWeeds-Mobile/images/20170906-103531-1.jpg,3,3,3,3,1,0.6432907,0.008395494,0.00030769128,0.00010633911,0.6432907,0.052003402,4.3874965e-07,0.000120921984,0.044907182,0.25086784
/home/leo/Documentos/mestrado/DeepWeeds-Mobile/images/20171109-090738-2.jpg,5,5,5,5,1,0.91973895,0.00017612994,0.018007433,9.291489e-09,7.2406906e-06,2.9696539e-09,0.91973895,0.03632973,0.00011485624,0.025625572
/home/leo/Documentos/mestrado/DeepWeeds-Mobile/images/20171025-075821-1.jpg,3,8,3,8,0,0.81012094,0.005891892,0.06294137,0.00013250392,0.049439803,0.0012524402,0.000249315,0.05409463,0.015877126,0.81012094
/home/leo/Documentos/mestrado/DeepWeeds-Mobile/images/20180322-124950-1.jpg,8,8,8,8,1,0.99994075,7.293193e-07,2.596965e-06,1.999616e-07,3.5231742e-09,9.402207e-06,3.2681975e-05,1.3556453e-05,8.0141966e-08,0.99994075
/home/leo/Documentos/mestrado/DeepWeeds-Mobile/images/20171113-131645-2.jpg,6,6,6,6,1,0.98538727,1.671793e-05,0.006981074,8.757058e-06,2.0862774e-06,2.2560779e-07,6.307596e-05,0.98538727,5.6289296e-05,0.007484422
/home/leo/Documentos/mestrado/DeepWeeds-Mobile/images/20180125-100808-1.jpg,8,8,8,8,1,0.989474,0.000102692844,2.7714763e-05,3.1868265e-07,0.00031095755,7.892664e-07,0.008193794,0.001702678,0.00018697076,0.989474
/home/leo/Documentos/mestrado/DeepWeeds-Mobile/images/20180109-070918-1.jpg,8,6,8,6,0,0.9037302,4.1231548e-08,5.293837e-06,9.76155e-10,3.7318584e-06,2.2466129e-08,2.1803054e-08,0.9037302,2.7408421e-07,0.096260354
/home/leo/Documentos/mestrado/DeepWeeds-Mobile/images/20180125-092118-2.jpg,8,8,8,8,1,0.9712729,0.0010577474,0.0019578915,2.1047404e-08,0.013489206,0.00020612027,3.1890526e-05,3.8831904e-06,0.01198038,0.9712729
/home/leo/Documentos/mestrado/DeepWeeds-Mobile/images/20170128-102233-0.jpg,8,8,8,8,1,0.7926612,0.0016581474,0.18924779,1.2215828e-07,0.0028380344,0.00060372765,1.6862258e-06,2.8981742e-05,0.012960395,0.7926612
/home/leo/Documentos/mestrado/DeepWeeds-Mobile/images/20171218-102859-2.jpg,8,8,8,8,1,0.9050746,0.030103825,0.0001508851,0.035746526,0.0012562516,0.0007487987,2.094909e-05,4.7142084e-06,0.026893483,0.9050746
/home/leo/Documentos/mestrado/DeepWeeds-Mobile/images/20171109-074255-1.jpg,5,0,5,0,0,0.3565887,0.3565887,0.00030110162,4.1407493e-06,3.938452e-06,2.6033156e-09,0.020391766,0.015270501,0.29480103,0.31263876
/home/leo/Documentos/mestrado/DeepWeeds-Mobile/images/20170718-102057-2.jpg,7,7,7,7,1,0.73381233,0.063272014,0.014411535,0.00015796878,5.197554e-06,0.00031060117,0.0017853861,6.8108195e-05,0.73381233,0.18617684
/home/leo/Documentos/mestrado/DeepWeeds-Mobile/images/20170913-122058-3.jpg,3,8,3,8,0,0.69715554,0.0009783454,9.599524e-06,0.1942379,0.0022259403,0.057866015,0.046203017,0.0012688458,5.480993e-05,0.69715554
/home/leo/Documentos/mestrado/DeepWeeds-Mobile/images/20171113-123457-3.jpg,6,6,6,6,1,0.9955456,5.652607e-07,0.0036405714,4.1652783e-08,2.7493488e-05,2.9489652e-07,1.1151287e-05,0.9955456,1.5314885e-05,0.00075888104
/home/leo/Documentos/mestrado/DeepWeeds-Mobile/images/20171109-090231-3.jpg,5,5,5,5,1,0.9664996,5.2030202e-05,6.065531e-06,5.885838e-11,1.2825382e-05,6.6858324e-11,0.9664996,9.733666e-05,1.683784e-05,0.033315297
/home/leo/Documentos/mestrado/DeepWeeds-Mobile/images/20171113-144021-3.jpg,6,8,6,8,0,0.7887855,0.0001034951,0.0024771877,4.3778596e-07,0.00017235034,5.2476507e-06,5.3085034e-05,0.2081662,0.00023641805,0.7887855
/home/leo/Documentos/mestrado/DeepWeeds-Mobile/images/20171219-094857-3.jpg,8,8,8,8,1,0.9989122,2.5806568e-05,2.4582598e-06,5.3772156e-13,0.00050273124,2.9273308e-09,2.4239536e-05,1.8717549e-06,0.0005306536,0.9989122
/home/leo/Documentos/mestrado/DeepWeeds-Mobile/images/20170727-155712-1.jpg,4,4,4,4,1,0.9591155,0.0021104163,2.2608974e-06,0.019670235,0.0011168707,0.9591155,2.7859991e-05,3.7342357e-08,0.005479908,0.012477013
/home/leo/Documentos/mestrado/DeepWeeds-Mobile/images/20171218-113540-3.jpg,8,5,8,5,0,0.90588987,0.000844075,0.0033306906,1.4670062e-08,1.4717418e-05,6.0733236e-09,0.90588987,0.0013011919,0.00044765917,0.088171825
/home/leo/Documentos/mestrado/DeepWeeds-Mobile/images/20180322-132505-1.jpg,8,8,8,8,1,0.98296255,0.0009048124,2.3521343e-05,0.003582857,0.0019647058,0.007740397,0.0023057538,2.1111327e-06,0.00051322643,0.98296255
/home/leo/Documentos/mestrado/DeepWeeds-Mobile/images/20171113-131740-0.jpg,6,6,6,6,1,0.9987941,1.5373145e-06,0.00032676908,1.5720197e-07,3.4548055e-05,1.3387382e-08,4.6794607e-06,0.9987941,1.3578837e-05,0.0008246482
/home/leo/Documentos/mestrado/DeepWeeds-Mobile/images/20171220-100508-2.jpg,8,8,8,8,1,0.9999149,5.9741353e-07,6.7430994e-09,3.4022377e-10,1.5058265e-05,1.0922078e-06,6.801952e-05,3.466257e-07,3.1663234e-08,0.9999149
/home/leo/Documentos/mestrado/DeepWeeds-Mobile/images/20170706-113203-0.jpg,7,8,7,8,0,0.5817312,0.055012487,0.00065738824,0.00021957223,0.0029259482,0.00042623095,2.2449816e-05,1.3002272e-06,0.35900345,0.5817312
/home/leo/Documentos/mestrado/DeepWeeds-Mobile/images/20170706-111324-0.jpg,7,8,7,8,0,0.3856181,0.13260743,0.014445871,0.095120706,0.08162234,0.07044595,0.00031928657,0.00021810547,0.21960215,0.3856181
/home/leo/Documentos/mestrado/DeepWeeds-Mobile/images/20180109-075223-1.jpg,8,8,8,8,1,0.93944174,0.0024157732,0.0017212662,0.015208444,0.000923104,0.006205246,0.00023985845,0.031091454,0.0027531884,0.93944174
/home/leo/Documentos/mestrado/DeepWeeds-Mobile/images/20180109-091817-2.jpg,8,8,8,8,1,0.99182266,0.0008671815,0.00036191137,0.0006882791,5.8841266e-05,8.3806657e-07,0.0012756538,0.004278402,0.0006462773,0.99182266
/home/leo/Documentos/mestrado/DeepWeeds-Mobile/images/20171220-101235-2.jpg,8,6,8,6,0,0.47753733,0.0058701388,0.3549423,1.1854945e-06,8.77049e-05,2.63955e-06,0.017132677,0.47753733,0.10232611,0.04209992
/home/leo/Documentos/mestrado/DeepWeeds-Mobile/images/20171102-122202-3.jpg,2,2,2,2,1,0.99998593,1.8615038e-06,1.0575817e-09,0.99998593,1.6533055e-07,9.0756685e-06,2.0029615e-08,3.4876674e-10,1.986715e-08,2.9492408e-06
/home/leo/Documentos/mestrado/DeepWeeds-Mobile/images/20180322-104244-1.jpg,8,8,8,8,1,0.9967901,0.0009527629,9.20269e-05,0.0001943448,5.534842e-06,0.0008886139,3.1665433e-05,1.4734156e-08,0.0010449124,0.9967901
/home/leo/Documentos/mestrado/DeepWeeds-Mobile/images/20171212-095801-3.jpg,8,8,8,8,1,0.99652964,0.00013498354,4.9998096e-05,5.655013e-08,0.0026653574,4.112925e-06,4.726737e-05,0.0001369831,0.00043158105,0.99652964
/home/leo/Documentos/mestrado/DeepWeeds-Mobile/images/20180322-105126-1.jpg,8,8,8,8,1,0.88957447,0.0148764,0.055137686,3.3731798e-05,9.424401e-06,6.194632e-05,0.033093352,1.7125349e-05,0.0071958806,0.88957447
/home/leo/Documentos/mestrado/DeepWeeds-Mobile/images/20170714-120648-3.jpg,1,1,1,1,1,0.9009095,0.04492626,0.9009095,2.0844582e-06,3.3597794e-06,1.2367938e-05,0.00012461547,0.0037568924,0.014219923,0.036045022
/home/leo/Documentos/mestrado/DeepWeeds-Mobile/images/20180125-093859-1.jpg,8,8,8,8,1,0.9895328,0.001431387,0.004559547,0.00026372395,0.00021283208,0.00027541205,0.0013426013,0.0004888331,0.0018928883,0.9895328
/home/leo/Documentos/mestrado/DeepWeeds-Mobile/images/20171220-101158-2.jpg,8,8,8,8,1,0.99922025,5.5885866e-05,5.0251206e-06,2.5487604e-13,0.00050797337,7.852653e-09,4.37929e-06,4.9766513e-06,0.00020154717,0.99922025
/home/leo/Documentos/mestrado/DeepWeeds-Mobile/images/20180109-074419-1.jpg,8,8,8,8,1,0.9968514,3.365488e-07,4.0048877e-07,0.0008674669,1.7128194e-07,6.5079315e-05,4.8811533e-08,0.0022147486,3.4384578e-07,0.9968514
/home/leo/Documentos/mestrado/DeepWeeds-Mobile/images/20170727-113820-1.jpg,4,4,4,4,1,0.99778545,1.6153573e-08,5.658568e-11,1.6895066e-05,9.48079e-06,0.99778545,0.0019434766,4.1749286e-06,2.7550232e-10,0.00024049
/home/leo/Documentos/mestrado/DeepWeeds-Mobile/images/20171025-081628-1.jpg,3,3,3,3,1,0.5115035,0.019566609,0.00025258394,0.00018524288,0.5115035,0.015249121,5.689456e-06,2.654046e-06,0.047517564,0.40571705
/home/leo/Documentos/mestrado/DeepWeeds-Mobile/images/20170920-112135-2.jpg,2,2,2,2,1,0.80492246,7.5752376e-07,1.0402332e-08,0.80492246,2.458439e-06,0.19453989,2.4778578e-06,9.02992e-06,2.5851667e-08,0.0005228681
/home/leo/Documentos/mestrado/DeepWeeds-Mobile/images/20180322-113845-2.jpg,8,8,8,8,1,0.9956177,0.000244209,0.0007638118,3.8038613e-07,0.00047122693,9.177776e-06,0.0012725494,0.00030290562,0.001318044,0.9956177
/home/leo/Documentos/mestrado/DeepWeeds-Mobile/images/20170718-101956-2.jpg,0,1,0,1,0,0.4584946,0.24052174,0.4584946,8.128475e-06,3.6758543e-06,5.0489907e-06,0.06799679,0.011482168,0.16572462,0.055763233
/home/leo/Documentos/mestrado/DeepWeeds-Mobile/images/20171102-121344-1.jpg,2,2,2,2,1,0.9997378,2.0549724e-06,1.2189307e-08,0.9997378,1.0211809e-06,7.077721e-06,4.181787e-09,1.5479866e-08,3.6286704e-07,0.00025159927
/home/leo/Documentos/mestrado/DeepWeeds-Mobile/images/20170906-094049-1.jpg,3,7,3,7,0,0.40224177,0.034993578,0.0015008174,0.0024323247,0.13931079,0.1416265,1.3581258e-05,1.9253992e-05,0.40224177,0.2778614
/home/leo/Documentos/mestrado/DeepWeeds-Mobile/images/20180105-101224-2.jpg,8,8,8,8,1,0.98102176,2.0625146e-06,1.9966657e-05,1.9303981e-05,4.3141617e-06,1.5901132e-05,3.0445514e-07,0.018906856,9.5070955e-06,0.98102176
/home/leo/Documentos/mestrado/DeepWeeds-Mobile/images/20180112-094114-1.jpg,8,8,8,8,1,0.9269444,0.00985131,0.0006019212,0.00060887536,3.506446e-05,1.1643634e-05,0.00047780958,0.0003340749,0.06113507,0.9269444
/home/leo/Documentos/mestrado/DeepWeeds-Mobile/images/20171220-091901-3.jpg,8,8,8,8,1,0.99650556,0.00015460311,1.1697566e-06,1.3677717e-10,0.0028824531,6.2825075e-07,0.00010859125,5.958887e-06,0.00034111683,0.99650556
/home/leo/Documentos/mestrado/DeepWeeds-Mobile/images/20170920-094806-2.jpg,4,8,4,8,0,0.40584248,0.010415244,0.0029138816,0.050054688,0.012450518,0.32845163,8.481261e-05,0.0005983568,0.18918839,0.40584248
/home/leo/Documentos/mestrado/DeepWeeds-Mobile/images/20170210-133707-0.jpg,0,0,0,0,1,0.40104067,0.40104067,0.18300486,2.897482e-09,4.176552e-10,1.0549132e-09,0.0002777399,2.7769524e-05,0.39864942,0.016999496
/home/leo/Documentos/mestrado/DeepWeeds-Mobile/images/20180322-105013-1.jpg,8,8,8,8,1,0.9029506,0.03408786,0.0006427886,0.00024751498,0.012919493,0.020076621,4.0650833e-05,2.9856913e-08,0.029034398,0.9029506
/home/leo/Documentos/mestrado/DeepWeeds-Mobile/images/20180125-092037-2.jpg,8,8,8,8,1,0.9923333,0.0005761037,0.000114422575,3.3630048e-08,0.00119464,0.00021294829,8.934415e-06,2.040876e-07,0.0055594873,0.9923333
/home/leo/Documentos/mestrado/DeepWeeds-Mobile/images/20171219-112027-2.jpg,8,8,8,8,1,0.63330734,0.0024702414,5.676172e-05,0.011365571,0.10384109,0.24759847,0.00026659988,7.011423e-05,0.0010238519,0.63330734
/home/leo/Documentos/mestrado/DeepWeeds-Mobile/images/20180125-133236-3.jpg,8,8,8,8,1,0.83022475,0.01785972,0.012243859,0.007280677,0.00064948894,0.012048358,0.00016548728,0.010794796,0.108732894,0.83022475
/home/leo/Documentos/mestrado/DeepWeeds-Mobile/images/20180109-091734-1.jpg,8,8,8,8,1,0.9576909,0.031023074,2.1377296e-06,4.1545135e-07,6.255997e-06,9.2263325e-10,1.3869891e-05,2.937683e-06,0.011260474,0.9576909
/home/leo/Documentos/mestrado/DeepWeeds-Mobile/images/20171203-164701-3.jpg,8,8,8,8,1,0.91044766,0.0027035794,0.0107018165,0.00096736575,4.5539335e-05,0.0014796306,7.666452e-05,0.00012233385,0.07345539,0.91044766
/home/leo/Documentos/mestrado/DeepWeeds-Mobile/images/20171212-094940-3.jpg,8,8,8,8,1,0.99756616,2.3088756e-05,5.657496e-06,5.797834e-09,0.00233234,6.034529e-07,5.017371e-06,1.933348e-05,4.769351e-05,0.99756616
/home/leo/Documentos/mestrado/DeepWeeds-Mobile/images/20171220-091755-2.jpg,8,8,8,8,1,0.9925504,0.0023568068,3.0201954e-05,7.4785197e-07,5.548657e-05,1.0512283e-06,0.0036167973,0.0006786985,0.00070977915,0.9925504
/home/leo/Documentos/mestrado/DeepWeeds-Mobile/images/20170706-113419-0.jpg,7,7,7,7,1,0.83532304,0.01247165,0.015089422,1.0656666e-05,6.172304e-05,0.00018645552,0.00011168341,0.00041797408,0.83532304,0.1363274
/home/leo/Documentos/mestrado/DeepWeeds-Mobile/images/20161207-144746-0.jpg,7,0,7,0,0,0.87544274,0.87544274,0.0026479329,2.984304e-05,6.722213e-05,1.9900028e-05,0.0014799495,1.4717093e-06,0.047480818,0.072830066
/home/leo/Documentos/mestrado/DeepWeeds-Mobile/images/20180125-130328-2.jpg,8,8,8,8,1,0.99835265,6.9740985e-05,0.00036573896,2.8114397e-07,0.000111178895,0.00011995023,5.0355386e-05,0.00060249487,0.00032754333,0.99835265
/home/leo/Documentos/mestrado/DeepWeeds-Mobile/images/20170728-125328-3.jpg,4,4,4,4,1,0.898597,1.4195714e-05,1.6249924e-05,0.08856433,0.00044533986,0.898597,8.516312e-06,0.00027353005,8.858385e-06,0.012071963
/home/leo/Documentos/mestrado/DeepWeeds-Mobile/images/20180109-075509-2.jpg,8,8,8,8,1,0.98591065,0.0003143357,0.00017075425,0.005476396,0.00014421438,0.0013126427,4.0010495e-06,0.0039175996,0.0027492333,0.98591065
/home/leo/Documentos/mestrado/DeepWeeds-Mobile/images/20170707-113848-0.jpg,0,8,0,8,0,0.97086394,0.0042655217,0.00026607924,0.0001179315,0.021349488,0.0005747259,0.0004736798,0.00012615962,0.0019623756,0.97086394
/home/leo/Documentos/mestrado/DeepWeeds-Mobile/images/20171218-110527-2.jpg,8,8,8,8,1,0.6379187,0.20321521,0.03791712,3.7278406e-07,3.9560473e-06,2.2457955e-07,0.030649321,0.0017462701,0.0885488,0.6379187
/home/leo/Documentos/mestrado/DeepWeeds-Mobile/images/20170714-142424-3.jpg,1,1,1,1,1,0.99300754,0.00085754204,0.99300754,1.84037e-07,1.5599109e-06,3.0990637e-07,7.0189366e-05,0.0006592319,0.0031898005,0.0022136334
/home/leo/Documentos/mestrado/DeepWeeds-Mobile/images/20170707-110719-0.jpg,8,3,8,3,0,0.50672084,0.025106197,0.00016191545,0.006358786,0.50672084,0.103551604,1.696509e-05,3.816887e-07,0.076288804,0.28179455
/home/leo/Documentos/mestrado/DeepWeeds-Mobile/images/20170727-143957-1.jpg,4,5,4,5,0,0.71175104,0.1544359,0.0037991777,0.021997675,0.0017166479,0.06800309,0.71175104,0.009144975,0.020440185,0.008711225
/home/leo/Documentos/mestrado/DeepWeeds-Mobile/images/20180105-094007-3.jpg,8,8,8,8,1,0.7292702,0.00015958388,0.0011871455,0.13373499,9.654711e-05,0.0013180026,1.4904169e-05,0.13346341,0.00075507606,0.7292702
/home/leo/Documentos/mestrado/DeepWeeds-Mobile/images/20180112-070910-2.jpg,8,8,8,8,1,0.4312479,0.00465144,0.002038703,0.00037165167,0.29557458,0.23031361,1.7112237e-07,5.3230262e-05,0.035748735,0.4312479
/home/leo/Documentos/mestrado/DeepWeeds-Mobile/images/20180109-091058-2.jpg,8,8,8,8,1,0.9898566,0.00011500388,0.002002415,0.00026397884,0.000507607,9.130489e-05,0.0003179186,0.006400455,0.0004446812,0.9898566
/home/leo/Documentos/mestrado/DeepWeeds-Mobile/images/20171219-112717-2.jpg,8,8,8,8,1,0.983657,0.0016588349,3.0522264e-05,0.005522448,0.0028712295,0.0018833404,1.0315917e-05,9.264116e-05,0.004273746,0.983657
/home/leo/Documentos/mestrado/DeepWeeds-Mobile/images/20180112-072727-2.jpg,8,8,8,8,1,0.54795027,0.3520786,0.00012277278,0.021072114,0.02616898,0.008258549,0.00018805913,2.1099889e-07,0.044160403,0.54795027
/home/leo/Documentos/mestrado/DeepWeeds-Mobile/images/20180105-101857-2.jpg,8,8,8,8,1,0.99996173,8.143286e-09,2.563523e-09,5.878462e-06,3.4431946e-09,5.573198e-07,4.6367195e-09,3.177476e-05,5.242307e-10,0.99996173
/home/leo/Documentos/mestrado/DeepWeeds-Mobile/images/20180125-095456-2.jpg,8,8,8,8,1,0.98614466,0.000103623,1.5412551e-06,3.916859e-07,0.00065760437,2.9358741e-08,0.011364265,0.0017190198,8.944382e-06,0.98614466
/home/leo/Documentos/mestrado/DeepWeeds-Mobile/images/20180112-101022-2.jpg,8,8,8,8,1,0.975289,0.023029532,1.7165952e-05,0.00023734545,1.8223514e-05,5.1358616e-06,7.739194e-05,2.4290685e-07,0.0013259419,0.975289
/home/leo/Documentos/mestrado/DeepWeeds-Mobile/images/20180112-072230-1.jpg,8,8,8,8,1,0.9751594,0.00010355926,0.0013880861,1.2556598e-05,0.011321037,0.0041147815,1.8818757e-07,0.0010899436,0.0068104006,0.9751594
/home/leo/Documentos/mestrado/DeepWeeds-Mobile/images/20171220-091549-2.jpg,8,8,8,8,1,0.9867267,0.00017288944,3.2724885e-05,1.5804811e-09,0.006254548,5.185743e-07,0.0062931515,0.00044761816,7.187693e-05,0.9867267
/home/leo/Documentos/mestrado/DeepWeeds-Mobile/images/20171219-114304-2.jpg,8,4,8,4,0,0.37870812,0.0012275217,7.7733865e-05,0.2393823,0.004169096,0.37870812,3.950951e-06,0.00020312582,0.0014011078,0.37482706
/home/leo/Documentos/mestrado/DeepWeeds-Mobile/images/20170711-114210-0.jpg,0,8,0,8,0,0.7590653,0.08914821,0.00528679,0.014788842,0.0037044212,0.021073235,0.00024296108,0.000111233356,0.10657907,0.7590653
/home/leo/Documentos/mestrado/DeepWeeds-Mobile/images/20170920-160657-3.jpg,2,2,2,2,1,0.9999603,2.6318919e-08,5.4516754e-06,0.9999603,5.1229745e-09,4.4665168e-08,1.3819659e-05,1.4986341e-05,2.4224216e-08,5.307784e-06
/home/leo/Documentos/mestrado/DeepWeeds-Mobile/images/20171220-095140-1.jpg,8,8,8,8,1,0.9999374,1.512127e-06,5.3128073e-08,2.5494768e-16,2.7649267e-07,1.2022521e-12,1.9106354e-05,7.4282845e-08,4.148142e-05,0.9999374
/home/leo/Documentos/mestrado/DeepWeeds-Mobile/images/20171122-104047-1.jpg,5,5,5,5,1,0.9971937,1.9839761e-05,3.7460723e-05,7.205838e-10,4.395848e-08,1.4335755e-11,0.9971937,0.00012292719,0.00024315383,0.0023828875
/home/leo/Documentos/mestrado/DeepWeeds-Mobile/images/20171025-093148-2.jpg,3,3,3,3,1,0.8572914,0.0044688634,1.2548605e-05,0.0013050769,0.8572914,0.0016534433,9.5632686e-08,9.654773e-09,0.0015309639,0.13373761
/home/leo/Documentos/mestrado/DeepWeeds-Mobile/images/20180109-065926-1.jpg,8,6,8,6,0,0.6391902,0.00085907866,0.0018236657,7.355205e-06,0.00014879712,5.3473505e-05,0.00082480675,0.6391902,0.008797272,0.3482954
/home/leo/Documentos/mestrado/DeepWeeds-Mobile/images/20170920-133309-2.jpg,2,2,2,2,1,0.91836286,0.0015924842,1.5068919e-05,0.91836286,0.00078671915,0.07263071,0.00017689315,5.126697e-06,0.00069109246,0.0057390886
/home/leo/Documentos/mestrado/DeepWeeds-Mobile/images/20171113-132813-1.jpg,6,6,6,6,1,0.5960901,2.3621806e-05,7.360582e-05,5.9284964e-08,0.0014517293,6.0719067e-06,0.0003338979,0.5960901,5.395166e-05,0.40196696
/home/leo/Documentos/mestrado/DeepWeeds-Mobile/images/20171203-173455-3.jpg,8,8,8,8,1,0.756751,0.0054443236,0.045166306,8.9778805e-06,0.0023489243,1.9405208e-05,0.013915276,0.16519043,0.01115549,0.756751
/home/leo/Documentos/mestrado/DeepWeeds-Mobile/images/20170711-113751-0.jpg,7,8,7,8,0,0.5521339,0.07185755,0.0021523647,0.07741545,0.009493355,0.005430741,0.00279745,1.5901334e-05,0.27870315,0.5521339
/home/leo/Documentos/mestrado/DeepWeeds-Mobile/images/20170727-144629-1.jpg,4,4,4,4,1,0.89562553,0.00012635018,4.3148175e-05,0.08127008,0.013547848,0.89562553,7.995978e-06,3.1366812e-07,0.0008893398,0.008489329
/home/leo/Documentos/mestrado/DeepWeeds-Mobile/images/20171122-101340-1.jpg,5,5,5,5,1,0.9999989,4.0615208e-10,1.2401069e-11,1.1583337e-16,2.0197828e-16,1.8777543e-22,0.9999989,9.114396e-11,2.0116476e-12,1.0553836e-06
/home/leo/Documentos/mestrado/DeepWeeds-Mobile/images/20170727-121108-3.jpg,4,2,4,2,0,0.8774787,0.0002815445,1.0669843e-05,0.8774787,0.00044895825,0.116635814,2.2034188e-05,1.1129068e-05,0.00010950016,0.005001764
/home/leo/Documentos/mestrado/DeepWeeds-Mobile/images/20180322-121522-2.jpg,8,8,8,8,1,0.99828136,0.00047897536,0.00030586586,5.0753983e-06,8.5057545e-05,2.8863078e-05,0.00045408713,4.9160397e-05,0.0003114565,0.99828136
/home/leo/Documentos/mestrado/DeepWeeds-Mobile/images/20180112-092211-2.jpg,8,8,8,8,1,0.8849678,0.09620413,1.7896788e-05,0.0034542445,1.8328048e-05,0.00020035855,4.3831283e-06,9.4881486e-08,0.0151326945,0.8849678
/home/leo/Documentos/mestrado/DeepWeeds-Mobile/images/20170126-100518-0.jpg,1,6,1,6,0,0.9121419,0.0005905715,0.058390666,2.0714851e-06,0.00017798017,2.5689537e-06,0.00026619484,0.9121419,0.0076200753,0.020807864
/home/leo/Documentos/mestrado/DeepWeeds-Mobile/images/20171220-083307-2.jpg,8,8,8,8,1,0.9012123,0.01051198,0.00057896227,2.1903413e-06,0.07296386,6.138118e-05,0.0015921113,0.00083693437,0.012240296,0.9012123
/home/leo/Documentos/mestrado/DeepWeeds-Mobile/images/20170920-113533-2.jpg,2,2,2,2,1,0.999966,3.2486696e-08,4.610257e-09,0.999966,7.1762514e-07,2.2356824e-06,3.8715595e-07,1.4892542e-08,5.046321e-09,3.0623753e-05
/home/leo/Documentos/mestrado/DeepWeeds-Mobile/images/20170304-124907-0.jpg,0,8,0,8,0,0.8523196,0.049477186,0.02028208,5.5302036e-05,0.006423086,0.00010772365,0.00023175428,0.00063311623,0.070470236,0.8523196
/home/leo/Documentos/mestrado/DeepWeeds-Mobile/images/20170920-111244-2.jpg,2,2,2,2,1,0.9981943,1.4115906e-05,2.5424933e-06,0.9981943,5.4706834e-06,0.00057640095,2.569868e-05,1.9844815e-06,1.4126276e-05,0.0011653168
/home/leo/Documentos/mestrado/DeepWeeds-Mobile/images/20170728-125014-2.jpg,4,4,4,4,1,0.89490217,0.028049564,3.8697282e-05,0.00032329813,0.0036472036,0.89490217,2.2758377e-05,8.130827e-07,0.02366309,0.049352355
/home/leo/Documentos/mestrado/DeepWeeds-Mobile/images/20180322-124638-1.jpg,8,8,8,8,1,0.9999701,6.756823e-07,7.430543e-07,3.271697e-08,1.2757253e-09,1.3186481e-06,2.5222946e-05,1.7215807e-06,8.006044e-08,0.9999701
/home/leo/Documentos/mestrado/DeepWeeds-Mobile/images/20170920-094016-1.jpg,4,8,4,8,0,0.4650518,0.0033742017,0.060219426,0.33748373,0.0060211797,0.03146408,0.0015968861,0.087715104,0.007073638,0.4650518
/home/leo/Documentos/mestrado/DeepWeeds-Mobile/images/20171113-095510-1.jpg,5,8,5,8,0,0.48556334,0.0009702962,0.0050161453,0.00010099549,0.015900392,3.5871528e-06,0.35288227,0.06455351,0.075009406,0.48556334
/home/leo/Documentos/mestrado/DeepWeeds-Mobile/images/20180125-093340-1.jpg,8,8,8,8,1,0.9999857,2.0728015e-09,1.5878298e-09,1.9318537e-07,6.9152883e-10,1.0755955e-05,1.0242872e-08,3.3937647e-06,8.960349e-11,0.9999857
/home/leo/Documentos/mestrado/DeepWeeds-Mobile/images/20170920-120411-2.jpg,2,2,2,2,1,0.8806592,0.00051660486,1.0230512e-05,0.8806592,0.00042171899,0.098192655,2.5871364e-05,4.010695e-06,0.00030731165,0.01986253
/home/leo/Documentos/mestrado/DeepWeeds-Mobile/images/20180109-072510-2.jpg,8,4,8,4,0,0.6362646,0.00020994077,6.358299e-06,0.043045722,0.00033600858,0.6362646,3.730492e-07,7.6419055e-05,0.00066088466,0.31939965
/home/leo/Documentos/mestrado/DeepWeeds-Mobile/images/20180112-073233-2.jpg,8,8,8,8,1,0.74681735,0.0035530091,0.00017948492,0.0022983288,0.00865731,0.09646092,1.1239691e-06,5.5919674e-07,0.14203198,0.74681735
/home/leo/Documentos/mestrado/DeepWeeds-Mobile/images/20170718-131826-2.jpg,7,7,7,7,1,0.86268663,0.035675064,0.0044100457,1.2074303e-05,8.823343e-06,0.00014796504,8.151644e-05,2.0458052e-05,0.86268663,0.09695733
/home/leo/Documentos/mestrado/DeepWeeds-Mobile/images/20170728-122338-2.jpg,4,4,4,4,1,0.9655033,0.0009019912,2.3443723e-05,4.3531027e-06,0.00061463926,0.9655033,3.3334323e-05,4.3387207e-08,0.012131103,0.020787956
/home/leo/Documentos/mestrado/DeepWeeds-Mobile/images/20171025-093514-1.jpg,3,8,3,8,0,0.81288356,0.16982348,4.753902e-06,0.0049347645,0.001589666,2.361448e-06,1.4908151e-05,2.5987907e-07,0.010746314,0.81288356
/home/leo/Documentos/mestrado/DeepWeeds-Mobile/images/20171113-133331-3.jpg,6,6,6,6,1,0.7581488,5.408778e-06,1.8995537e-05,4.3716802e-05,9.2141505e-07,2.1173235e-05,6.8838455e-07,0.7581488,8.550434e-05,0.2416748
/home/leo/Documentos/mestrado/DeepWeeds-Mobile/images/20171025-081255-1.jpg,3,3,3,3,1,0.5099853,0.022793066,3.274431e-05,2.502077e-05,0.5099853,0.00082743383,9.543206e-08,1.5696753e-07,0.047460936,0.41887528
/home/leo/Documentos/mestrado/DeepWeeds-Mobile/images/20180125-095941-1.jpg,8,8,8,8,1,0.99094486,0.0008314319,6.829323e-05,0.00049758836,0.00035792004,1.5384578e-05,0.0015727223,0.00545373,0.00025817018,0.99094486
/home/leo/Documentos/mestrado/DeepWeeds-Mobile/images/20171205-143444-2.jpg,8,8,8,8,1,0.9989951,1.3446504e-07,4.6411874e-09,3.9401174e-10,3.241812e-05,3.371148e-08,0.0008853687,8.695169e-05,2.0707612e-08,0.9989951
/home/leo/Documentos/mestrado/DeepWeeds-Mobile/images/20180112-100850-2.jpg,8,8,8,8,1,0.5721914,0.0076324567,0.00777606,0.049979933,0.0022290326,5.156585e-05,0.13822152,0.20601338,0.0159046,0.5721914
/home/leo/Documentos/mestrado/DeepWeeds-Mobile/images/20170210-132736-0.jpg,0,0,0,0,1,0.9459526,0.9459526,2.0573581e-05,2.3378677e-06,4.786339e-07,1.753363e-10,5.266849e-06,1.0968265e-05,0.0084361285,0.045571722
/home/leo/Documentos/mestrado/DeepWeeds-Mobile/images/20180112-094819-2.jpg,8,8,8,8,1,0.61540645,0.009257872,0.2643649,1.780329e-05,9.578949e-05,2.3144908e-06,4.731683e-05,0.07996513,0.030842403,0.61540645
/home/leo/Documentos/mestrado/DeepWeeds-Mobile/images/20171102-102836-1.jpg,2,2,2,2,1,0.999998,1.0675394e-09,7.137055e-10,0.999998,2.1279337e-08,8.634281e-08,1.0009629e-09,1.6626678e-10,6.0700345e-10,1.9651081e-06
/home/leo/Documentos/mestrado/DeepWeeds-Mobile/images/20170729-153728-3.jpg,4,4,4,4,1,0.98949397,0.001029845,3.5807332e-07,2.7615472e-06,0.0002479818,0.98949397,5.2968784e-07,9.527155e-11,0.004511197,0.0047135283
/home/leo/Documentos/mestrado/DeepWeeds-Mobile/images/20170906-114313-2.jpg,3,3,3,3,1,0.88033026,0.0007484469,0.00014661295,4.074864e-07,0.88033026,0.0003285351,2.953166e-05,0.0010957093,0.0012222972,0.116098255
/home/leo/Documentos/mestrado/DeepWeeds-Mobile/images/20170906-134454-2.jpg,3,3,3,3,1,0.9531175,0.0014857406,3.359766e-06,0.005343201,0.9531175,0.003394391,2.0272478e-07,5.79744e-07,0.0007711719,0.035883967
/home/leo/Documentos/mestrado/DeepWeeds-Mobile/images/20180109-103511-2.jpg,8,8,8,8,1,0.9712477,0.0001475206,5.8823557e-06,0.027372872,2.169965e-05,4.501991e-07,0.00084883755,1.5752154e-05,0.00033930177,0.9712477
/home/leo/Documentos/mestrado/DeepWeeds-Mobile/images/20180109-094515-2.jpg,7,0,7,0,0,0.47859585,0.47859585,0.0011016739,1.613428e-05,4.1362587e-06,7.503817e-06,9.596974e-05,1.6367429e-07,0.10346523,0.41671324
/home/leo/Documentos/mestrado/DeepWeeds-Mobile/images/20170630-160103-0.jpg,7,7,7,7,1,0.9560286,0.016583802,0.0001316519,5.411499e-06,2.3367454e-07,8.84487e-09,0.0022942803,3.0962197e-05,0.9560286,0.024925109
/home/leo/Documentos/mestrado/DeepWeeds-Mobile/images/20180119-105032-2.jpg,8,8,8,8,1,0.7688239,0.0008628495,0.033718925,0.013535598,0.0006410413,0.0005450956,0.00057645654,0.1706502,0.0106458105,0.7688239
/home/leo/Documentos/mestrado/DeepWeeds-Mobile/images/20170811-134449-2.jpg,0,0,0,0,1,0.99273527,0.99273527,3.098087e-05,1.3458548e-09,2.9013412e-07,2.7125612e-05,1.755786e-07,5.8925657e-08,0.0032108182,0.003995223
/home/leo/Documentos/mestrado/DeepWeeds-Mobile/images/20180105-092814-2.jpg,8,8,8,8,1,0.82057,1.2572685e-06,0.00024404141,4.1351664e-06,1.3698499e-05,8.411539e-05,1.2561263e-06,0.17907597,5.510314e-06,0.82057
/home/leo/Documentos/mestrado/DeepWeeds-Mobile/images/20171109-090427-3.jpg,5,5,5,5,1,0.997335,0.00023123938,2.2787426e-05,3.1581706e-09,1.1202782e-07,3.695132e-11,0.997335,1.6633618e-05,1.4491311e-05,0.0023796493
/home/leo/Documentos/mestrado/DeepWeeds-Mobile/images/20171220-090608-3.jpg,8,8,8,8,1,0.9979242,0.0004525368,0.00012604648,1.0556756e-08,0.00081868994,1.8205596e-06,5.336523e-05,0.0001942183,0.00042908086,0.9979242
/home/leo/Documentos/mestrado/DeepWeeds-Mobile/images/20180112-091207-2.jpg,8,8,8,8,1,0.87254906,0.026904829,1.5838374e-05,0.067819975,0.006970274,0.0086460365,4.968489e-06,5.1654354e-08,0.017088976,0.87254906
/home/leo/Documentos/mestrado/DeepWeeds-Mobile/images/20170811-133943-2.jpg,0,0,0,0,1,0.55117357,0.55117357,0.007465137,1.880899e-05,9.3384e-06,4.3362e-06,0.0010025499,3.013038e-07,0.29545006,0.14487591
/home/leo/Documentos/mestrado/DeepWeeds-Mobile/images/20170727-140013-1.jpg,4,4,4,4,1,0.9689678,0.00050525554,5.1637007e-06,4.7946935e-05,0.00021864884,0.9689678,1.7707162e-06,3.0691738e-09,0.015681108,0.014572373
/home/leo/Documentos/mestrado/DeepWeeds-Mobile/images/20170811-104804-2.jpg,0,0,0,0,1,0.98510253,0.98510253,8.158521e-08,1.552266e-11,2.2302003e-14,2.389547e-13,2.4648155e-06,1.1476132e-09,0.006099771,0.008795162
/home/leo/Documentos/mestrado/DeepWeeds-Mobile/images/20170501-144519-0.jpg,1,1,1,1,1,0.9867137,0.00010607255,0.9867137,2.5485452e-08,3.9731216e-07,2.9640472e-09,2.6865814e-06,0.0043871296,0.001409663,0.0073802196
/home/leo/Documentos/mestrado/DeepWeeds-Mobile/images/20170304-124640-0.jpg,0,0,0,0,1,0.87118804,0.87118804,0.0003935309,1.6437583e-06,8.219647e-06,1.6404313e-07,0.00034605857,4.4990423e-07,0.048149966,0.07991189
/home/leo/Documentos/mestrado/DeepWeeds-Mobile/images/20171113-145322-0.jpg,6,6,6,6,1,0.49071386,0.006667175,0.011817737,0.0003802392,0.0030568594,0.0013912086,0.011190558,0.49071386,0.004545413,0.47023696
/home/leo/Documentos/mestrado/DeepWeeds-Mobile/images/20180109-100822-1.jpg,8,8,8,8,1,0.9480966,0.0009839027,9.233065e-05,0.000549563,4.51688e-05,1.18769165e-07,0.03209366,0.011159583,0.0069790813,0.9480966
/home/leo/Documentos/mestrado/DeepWeeds-Mobile/images/20180109-071437-2.jpg,8,6,8,6,0,0.5158768,2.8603636e-06,8.403109e-06,0.00050892174,1.597173e-07,6.981197e-05,7.152567e-07,0.5158768,1.3744879e-05,0.48351857
/home/leo/Documentos/mestrado/DeepWeeds-Mobile/images/20180125-093913-1.jpg,8,8,8,8,1,0.9999094,6.6429197e-06,1.8761115e-05,7.037249e-10,1.33884905e-05,2.1869644e-06,4.2985203e-06,1.8298772e-06,4.355867e-05,0.9999094
/home/leo/Documentos/mestrado/DeepWeeds-Mobile/images/20180125-132744-3.jpg,8,1,8,1,0,0.38159543,0.016660618,0.38159543,2.2630371e-05,0.008300309,0.014778623,0.0005578769,0.0026805275,0.26815614,0.30724782
/home/leo/Documentos/mestrado/DeepWeeds-Mobile/images/20170906-112321-2.jpg,3,2,3,2,0,0.9647565,0.002945665,6.567015e-06,0.9647565,0.0052493783,0.004545101,0.000110175686,1.5714617e-05,0.00011137962,0.022259489
/home/leo/Documentos/mestrado/DeepWeeds-Mobile/images/20180112-093216-2.jpg,8,8,8,8,1,0.9716369,0.02516994,1.189277e-06,0.0013113657,3.4239224e-07,4.5935315e-07,4.968988e-06,2.7028095e-09,0.0018748018,0.9716369
/home/leo/Documentos/mestrado/DeepWeeds-Mobile/images/20170714-114929-3.jpg,1,1,1,1,1,0.9792179,0.00025934825,0.9792179,8.9505954e-07,7.797164e-06,5.530027e-07,5.769e-05,0.003316936,0.0014475385,0.015691396
/home/leo/Documentos/mestrado/DeepWeeds-Mobile/images/20170714-140523-2.jpg,1,8,1,8,0,0.5371364,0.004224838,0.35051018,1.6198956e-07,0.003815602,0.00038276397,0.00024041369,0.0011723619,0.1025173,0.5371364
/home/leo/Documentos/mestrado/DeepWeeds-Mobile/images/20171218-103550-2.jpg,8,8,8,8,1,0.8050646,0.09746881,0.0003358312,2.5884606e-06,0.0020730954,1.9235246e-07,0.00014289522,7.6211285e-07,0.09491124,0.8050646
/home/leo/Documentos/mestrado/DeepWeeds-Mobile/images/20170705-161223-0.jpg,7,7,7,7,1,0.35983053,0.15979868,0.03306112,4.507027e-07,0.09816318,0.00029814005,0.0002566341,9.0966905e-06,0.35983053,0.34858215
/home/leo/Documentos/mestrado/DeepWeeds-Mobile/images/20180112-080317-2.jpg,8,2,8,2,0,0.46360168,0.0055568144,0.00015407005,0.46360168,0.054562483,0.030155951,5.836563e-05,1.7914186e-05,0.0030023572,0.4428904
/home/leo/Documentos/mestrado/DeepWeeds-Mobile/images/20171121-085834-1.jpg,6,6,6,6,1,0.9996542,8.327372e-08,0.00010788467,4.3117044e-08,1.0856653e-07,1.4046484e-09,2.04443e-07,0.9996542,3.6399758e-06,0.00023394986
/home/leo/Documentos/mestrado/DeepWeeds-Mobile/images/20180322-133743-1.jpg,8,2,8,2,0,0.67050785,0.0038165473,8.234057e-05,0.67050785,0.00082944334,0.099044815,4.4614655e-05,2.215598e-07,0.0037441459,0.22192992
/home/leo/Documentos/mestrado/DeepWeeds-Mobile/images/20170729-154512-3.jpg,4,4,4,4,1,0.75179744,0.00087013753,4.366139e-06,0.23766842,0.0011477269,0.75179744,6.760526e-06,1.4074284e-07,0.0023591975,0.0061458624
/home/leo/Documentos/mestrado/DeepWeeds-Mobile/images/20170127-103025-0.jpg,1,1,1,1,1,0.89654905,9.1770664e-05,0.89654905,3.8235665e-08,9.812747e-05,1.9543891e-07,0.00011596342,0.008327384,0.0019389638,0.09287853
/home/leo/Documentos/mestrado/DeepWeeds-Mobile/images/20171212-102955-3.jpg,8,8,8,8,1,0.82738256,0.0021390268,0.04961259,2.7269487e-10,0.00014755962,9.736464e-08,2.64246e-06,0.00033338903,0.12038207,0.82738256
/home/leo/Documentos/mestrado/DeepWeeds-Mobile/images/20171113-095713-1.jpg,5,5,5,5,1,0.7554366,0.008909979,6.478346e-06,1.1026174e-09,4.1815735e-08,4.3891856e-12,0.7554366,6.9553826e-06,0.21144323,0.024196722
/home/leo/Documentos/mestrado/DeepWeeds-Mobile/images/20170714-143217-1.jpg,1,7,1,7,0,0.45443997,0.021440899,0.3857266,4.862473e-09,0.0019215362,7.769276e-05,3.669744e-05,0.0017026521,0.45443997,0.13465394
/home/leo/Documentos/mestrado/DeepWeeds-Mobile/images/20180322-103204-1.jpg,8,4,8,4,0,0.87287825,7.3873986e-07,2.2986615e-08,0.09569369,2.8850094e-05,0.87287825,4.493916e-05,4.8302445e-06,6.708909e-09,0.03134868
/home/leo/Documentos/mestrado/DeepWeeds-Mobile/images/20180105-092749-2.jpg,8,8,8,8,1,0.9916123,0.000109461456,0.0004706296,0.00068290276,0.0005124057,0.0005707509,1.1698625e-05,0.005903978,0.00012591838,0.9916123
/home/leo/Documentos/mestrado/DeepWeeds-Mobile/images/20171109-085143-3.jpg,5,5,5,5,1,0.73140955,7.377902e-05,5.8196015e-06,5.98593e-12,0.00027234247,1.5469928e-10,0.73140955,0.0005968563,1.5988233e-05,0.26762563
/home/leo/Documentos/mestrado/DeepWeeds-Mobile/images/20171219-114149-2.jpg,8,8,8,8,1,0.59168077,0.0025072412,0.00017292063,0.38760996,0.0010951769,0.012173351,3.3352007e-05,0.0006938366,0.004033377,0.59168077
/home/leo/Documentos/mestrado/DeepWeeds-Mobile/images/20170920-164158-3.jpg,2,2,2,2,1,0.6907631,0.0006293687,1.5726108e-06,0.6907631,0.00015502791,0.3017062,5.6780314e-05,8.749509e-07,0.00020456253,0.0064824875
/home/leo/Documentos/mestrado/DeepWeeds-Mobile/images/20170207-142255-0.jpg,7,0,7,0,0,0.8674167,0.8674167,0.00078001147,3.644931e-08,1.3077041e-08,3.1794005e-09,0.00044736345,0.011661685,0.10974961,0.00994463
/home/leo/Documentos/mestrado/DeepWeeds-Mobile/images/20171113-132523-1.jpg,6,6,6,6,1,0.9646123,3.796983e-05,0.00680111,2.5551928e-05,4.9454735e-05,1.2170825e-06,6.195665e-05,0.9646123,8.96606e-05,0.028320888
/home/leo/Documentos/mestrado/DeepWeeds-Mobile/images/20171113-124300-3.jpg,6,6,6,6,1,0.9612089,0.00022190849,0.00018682111,5.1271577e-06,5.7918296e-06,5.2706572e-09,0.00068763806,0.9612089,0.0010416666,0.036642168
/home/leo/Documentos/mestrado/DeepWeeds-Mobile/images/20171212-104248-3.jpg,8,8,8,8,1,0.9664484,0.013206024,0.001582695,5.212827e-07,6.1767685e-05,2.7788298e-07,0.004633865,0.00050447683,0.0135620795,0.9664484
/home/leo/Documentos/mestrado/DeepWeeds-Mobile/images/20171212-094434-1.jpg,8,8,8,8,1,0.9961132,1.6505766e-06,6.1178156e-08,3.054326e-14,0.0038812903,5.0814792e-09,5.7537914e-08,7.396686e-08,3.6504891e-06,0.9961132
/home/leo/Documentos/mestrado/DeepWeeds-Mobile/images/20180109-065935-2.jpg,8,8,8,8,1,0.43029237,0.0009501737,0.079075955,2.456082e-05,0.0017030966,2.7300619e-05,0.21101002,0.2691264,0.0077901543,0.43029237
/home/leo/Documentos/mestrado/DeepWeeds-Mobile/images/20171102-100343-2.jpg,8,8,8,8,1,0.42492303,0.10218914,0.00044751904,0.019503394,0.12546828,0.20795162,0.0002824071,6.7059937e-06,0.119227834,0.42492303
/home/leo/Documentos/mestrado/DeepWeeds-Mobile/images/20170714-110406-1.jpg,1,1,1,1,1,0.74032056,2.4943996e-05,0.74032056,1.6947517e-09,4.423405e-05,7.062658e-07,0.0007980743,0.22672589,0.0016404525,0.03044517
/home/leo/Documentos/mestrado/DeepWeeds-Mobile/images/20171102-122623-1.jpg,2,8,2,8,0,0.47405827,0.07979505,0.00043897732,0.41332296,0.002433111,0.0054470967,0.00037411434,4.8690954e-06,0.024125578,0.47405827
/home/leo/Documentos/mestrado/DeepWeeds-Mobile/images/20170728-152148-3.jpg,8,4,8,4,0,0.92330813,0.017431632,0.0002945709,1.9393605e-05,0.005382073,0.92330813,0.0004103621,1.1210566e-06,0.016743362,0.0364093
/home/leo/Documentos/mestrado/DeepWeeds-Mobile/images/20170714-140127-3.jpg,1,1,1,1,1,0.8907061,0.010200073,0.8907061,4.358262e-06,3.1187044e-06,6.25755e-06,0.003340887,0.001571536,0.06290573,0.031261917
/home/leo/Documentos/mestrado/DeepWeeds-Mobile/images/20180109-101208-2.jpg,8,8,8,8,1,0.8929468,0.00034797587,0.0010959372,0.0022319306,0.00027299294,5.3510057e-06,0.0066538136,0.096274085,0.00017119471,0.8929468
/home/leo/Documentos/mestrado/DeepWeeds-Mobile/images/20171220-082253-2.jpg,8,8,8,8,1,0.9974279,0.00097192527,1.4592976e-05,2.5191121e-10,0.0008526641,9.738709e-07,0.00010439722,6.36546e-08,0.00062744936,0.9974279
/home/leo/Documentos/mestrado/DeepWeeds-Mobile/images/20171113-131815-2.jpg,6,6,6,6,1,0.9629827,7.1869977e-06,0.009159373,0.00026481075,1.8062254e-05,6.589071e-07,0.00048399784,0.9629827,0.0014169913,0.02566617
/home/leo/Documentos/mestrado/DeepWeeds-Mobile/images/20180112-071550-2.jpg,8,4,8,4,0,0.910237,0.0002561402,0.00017833577,0.016130865,0.0019898948,0.910237,6.462239e-07,6.636066e-07,0.0050161607,0.0661903
/home/leo/Documentos/mestrado/DeepWeeds-Mobile/images/20170128-103209-0.jpg,8,8,8,8,1,0.88938046,0.028506773,0.062470388,0.0031819378,0.007372709,0.0021769383,0.0007559484,0.00414021,0.0020146759,0.88938046
/home/leo/Documentos/mestrado/DeepWeeds-Mobile/images/20170920-113157-2.jpg,2,2,2,2,1,0.97480315,3.2453376e-05,2.7852702e-06,0.97480315,0.00081685407,0.022646124,7.1477036e-05,2.0180145e-05,9.2065596e-07,0.0016060591
/home/leo/Documentos/mestrado/DeepWeeds-Mobile/images/20180105-094901-2.jpg,8,8,8,8,1,0.99170965,1.4544303e-06,3.1886539e-06,3.1773117e-05,1.320748e-05,7.172491e-05,5.9882154e-08,0.0081671635,1.7609336e-06,0.99170965
/home/leo/Documentos/mestrado/DeepWeeds-Mobile/images/20180109-073129-2.jpg,8,8,8,8,1,0.9137974,0.00056029955,9.165164e-06,0.06105374,2.9250448e-05,9.190664e-07,0.014466573,0.009905705,0.00017687598,0.9137974
/home/leo/Documentos/mestrado/DeepWeeds-Mobile/images/20170127-101512-0.jpg,1,1,1,1,1,0.9469008,0.00018089288,0.9469008,6.942543e-08,2.3493715e-07,1.9764636e-08,0.00021188532,0.051488634,4.4374035e-05,0.001173117
/home/leo/Documentos/mestrado/DeepWeeds-Mobile/images/20180109-100103-2.jpg,8,8,8,8,1,0.9868608,0.00016684073,0.0010565295,3.5394114e-05,9.4510135e-05,2.297202e-06,0.0038398958,0.0074490877,0.000494695,0.9868608
/home/leo/Documentos/mestrado/DeepWeeds-Mobile/images/20180322-120531-2.jpg,8,8,8,8,1,0.9542805,0.033505958,0.00087027374,0.00040561732,0.0035897752,0.00049194647,5.8814898e-05,4.0176433e-06,0.006793262,0.9542805
/home/leo/Documentos/mestrado/DeepWeeds-Mobile/images/20171121-084031-1.jpg,6,6,6,6,1,0.9978898,2.4345042e-07,0.0017024779,9.826497e-08,5.2518834e-07,1.984548e-08,1.681239e-06,0.9978898,6.2515605e-06,0.00039889198
/home/leo/Documentos/mestrado/DeepWeeds-Mobile/images/20180112-073359-1.jpg,8,8,8,8,1,0.9568537,0.0031023324,0.001197021,2.9781664e-05,6.7975045e-05,0.0005253308,3.903115e-08,2.0658803e-07,0.038223553,0.9568537
/home/leo/Documentos/mestrado/DeepWeeds-Mobile/images/20170128-102427-0.jpg,8,8,8,8,1,0.46809912,0.0063562836,0.2983884,3.9756364e-06,0.22003835,0.0011109499,2.5205843e-06,0.0024808699,0.0035195162,0.46809912
/home/leo/Documentos/mestrado/DeepWeeds-Mobile/images/20180105-100729-2.jpg,8,8,8,8,1,0.98748124,3.6371945e-05,1.2652566e-05,0.0079717655,0.000184569,0.003094667,7.016213e-07,0.001121369,9.659189e-05,0.98748124
/home/leo/Documentos/mestrado/DeepWeeds-Mobile/images/20171102-120446-2.jpg,2,2,2,2,1,0.95283955,0.0009407552,4.218426e-06,0.95283955,0.02333678,0.0011254213,1.15005456e-07,5.280181e-07,0.00010946561,0.021643123
/home/leo/Documentos/mestrado/DeepWeeds-Mobile/images/20170920-101734-3.jpg,4,4,4,4,1,0.38674325,0.009699691,0.002314522,7.822522e-05,0.08643637,0.38674325,1.2048647e-05,2.536696e-07,0.19009496,0.3246207
/home/leo/Documentos/mestrado/DeepWeeds-Mobile/images/20180109-100329-2.jpg,8,8,8,8,1,0.9923218,0.0014538487,0.00043449504,0.0027512214,0.00050589227,0.0007671045,0.000354462,5.963485e-05,0.0013515324,0.9923218
/home/leo/Documentos/mestrado/DeepWeeds-Mobile/images/20171218-104710-2.jpg,8,8,8,8,1,0.99985516,4.4572374e-05,1.205608e-06,2.037777e-10,3.0425404e-06,4.8884683e-09,7.1044575e-05,1.1921743e-05,1.3064847e-05,0.99985516
/home/leo/Documentos/mestrado/DeepWeeds-Mobile/images/20170627-103708-0.jpg,0,0,0,0,1,0.9625823,0.9625823,4.8785896e-05,1.1856431e-07,1.7870189e-08,5.7013756e-07,0.008107491,2.0502696e-08,0.019513912,0.009746824
/home/leo/Documentos/mestrado/DeepWeeds-Mobile/images/20171219-093904-2.jpg,8,8,8,8,1,0.9983529,0.00076512824,5.383308e-06,2.0423782e-07,0.00021222544,7.96942e-07,0.00032138827,1.5975586e-06,0.0003403847,0.9983529
/home/leo/Documentos/mestrado/DeepWeeds-Mobile/images/20171025-075751-1.jpg,3,8,3,8,0,0.9881244,0.0024505162,0.0004185017,0.0003169654,0.0034581888,0.00022207537,6.279714e-07,0.00032824025,0.0046805977,0.9881244
/home/leo/Documentos/mestrado/DeepWeeds-Mobile/images/20170304-131932-0.jpg,7,7,7,7,1,0.9108846,0.08473161,3.9968134e-05,1.3416836e-11,2.9676037e-10,1.7562618e-11,2.0314435e-06,6.740253e-07,0.9108846,0.0043410207
/home/leo/Documentos/mestrado/DeepWeeds-Mobile/images/20180125-134716-2.jpg,8,8,8,8,1,0.9216775,0.008863173,0.014623965,2.635985e-05,8.343028e-05,0.00027911112,0.00072514935,1.5605277e-05,0.053705677,0.9216775
/home/leo/Documentos/mestrado/DeepWeeds-Mobile/images/20170811-125211-2.jpg,0,0,0,0,1,0.9133799,0.9133799,5.3210555e-05,9.1588234e-05,1.538343e-05,0.0001453257,1.3783765e-05,2.526202e-08,0.0072554937,0.07904527
/home/leo/Documentos/mestrado/DeepWeeds-Mobile/images/20170405-155732-0.jpg,0,0,0,0,1,0.68698496,0.68698496,7.236726e-05,1.0549385e-06,2.5268977e-07,8.900593e-09,9.9168574e-05,1.04107365e-07,0.053366024,0.25947616
/home/leo/Documentos/mestrado/DeepWeeds-Mobile/images/20171219-112750-3.jpg,8,8,8,8,1,0.8804703,0.003812987,0.02919941,0.015766816,0.0006981219,0.00057522766,0.0012351904,0.041795142,0.026446933,0.8804703
/home/leo/Documentos/mestrado/DeepWeeds-Mobile/images/20170718-133552-2.jpg,0,8,0,8,0,0.92180985,0.008305582,0.005095346,0.0010321274,0.006624172,0.0026131445,7.110285e-05,0.049032796,0.00541594,0.92180985
/home/leo/Documentos/mestrado/DeepWeeds-Mobile/images/20180125-091342-1.jpg,8,8,8,8,1,0.95168203,0.001099303,0.0002816244,0.003945547,0.00025498026,0.042036828,4.8818415e-06,2.8831212e-07,0.0006944421,0.95168203
/home/leo/Documentos/mestrado/DeepWeeds-Mobile/images/20171102-123238-3.jpg,2,2,2,2,1,0.9989555,0.00010414789,1.5357202e-07,0.9989555,8.066936e-07,3.2711373e-06,1.8136429e-07,1.1297385e-08,6.8940603e-06,0.0009290568
/home/leo/Documentos/mestrado/DeepWeeds-Mobile/images/20170706-105701-0.jpg,7,7,7,7,1,0.780693,0.05685222,0.09417554,0.00027957355,0.0016276678,0.0045228456,0.0026215485,2.5302112e-05,0.780693,0.059202403
/home/leo/Documentos/mestrado/DeepWeeds-Mobile/images/20171025-091030-1.jpg,3,3,3,3,1,0.9263299,0.00054464355,0.0011511452,0.000315165,0.9263299,0.00015533771,4.3055234e-06,0.0001460715,0.00062276487,0.07073069
/home/leo/Documentos/mestrado/DeepWeeds-Mobile/images/20170630-155405-0.jpg,7,7,7,7,1,0.9880536,0.0006333081,0.0009768814,7.5064804e-10,1.8473206e-09,1.3123064e-10,7.166324e-07,0.010108004,0.9880536,0.00022740546
/home/leo/Documentos/mestrado/DeepWeeds-Mobile/images/20171220-101206-1.jpg,8,8,8,8,1,0.9993269,3.1027791e-06,1.1425029e-06,2.1069665e-14,0.0006613271,9.867629e-10,1.0305533e-06,1.0749021e-07,6.303237e-06,0.9993269
/home/leo/Documentos/mestrado/DeepWeeds-Mobile/images/20170718-131906-2.jpg,7,7,7,7,1,0.96798486,0.0091208685,0.011191307,4.543159e-08,1.2599864e-05,4.2660595e-06,0.0012125737,5.325648e-06,0.96798486,0.010468109
/home/leo/Documentos/mestrado/DeepWeeds-Mobile/images/20171219-105644-2.jpg,8,8,8,8,1,0.96722245,0.0001544671,0.0043443874,0.016035734,0.0004102762,0.010305961,2.6891368e-07,1.20506e-06,0.0015252292,0.96722245
/home/leo/Documentos/mestrado/DeepWeeds-Mobile/images/20171109-095516-2.jpg,5,8,5,8,0,0.8505738,0.0053113145,0.00080169976,6.8918965e-10,6.134807e-05,1.0801154e-07,0.14072035,3.1256586e-05,0.0025000907,0.8505738
/home/leo/Documentos/mestrado/DeepWeeds-Mobile/images/20180125-100406-2.jpg,8,5,8,5,0,0.81197345,0.0031670923,0.00074349315,2.6302556e-07,0.00052103604,3.4516435e-07,0.81197345,0.005006067,0.0018602526,0.17672805
/home/leo/Documentos/mestrado/DeepWeeds-Mobile/images/20170913-105658-2.jpg,3,3,3,3,1,0.9953773,8.420273e-06,5.5085166e-06,0.00015751384,0.9953773,0.0022411107,0.0013287773,9.374941e-06,1.3176108e-06,0.0008706797
/home/leo/Documentos/mestrado/DeepWeeds-Mobile/images/20180109-095554-1.jpg,8,8,8,8,1,0.9466923,0.000695324,5.1944055e-05,0.051549096,0.00020122081,9.222529e-05,9.657688e-06,9.0301786e-05,0.0006180227,0.9466923
/home/leo/Documentos/mestrado/DeepWeeds-Mobile/images/20180125-094503-2.jpg,8,8,8,8,1,0.9337487,0.002036617,0.00034401752,0.00041910453,0.020209724,0.037424378,0.0004926289,5.0669883e-06,0.005319601,0.9337487
/home/leo/Documentos/mestrado/DeepWeeds-Mobile/images/20171219-095246-2.jpg,8,8,8,8,1,0.96354693,0.008974027,0.0035561877,9.843479e-07,1.28888305e-05,3.4749019e-06,0.009417731,7.861016e-05,0.014409074,0.96354693
/home/leo/Documentos/mestrado/DeepWeeds-Mobile/images/20170315-085236-0.jpg,8,8,8,8,1,0.9788122,0.015936423,0.0003655901,4.1954635e-08,7.40669e-07,4.8129767e-08,0.0006234627,3.421377e-05,0.0042272992,0.9788122
/home/leo/Documentos/mestrado/DeepWeeds-Mobile/images/20170718-133027-2.jpg,7,7,7,7,1,0.80050725,0.07135235,0.00019046535,4.4806032e-07,0.00048558493,8.4603314e-05,3.6152276e-06,3.2493355e-09,0.80050725,0.12737568
/home/leo/Documentos/mestrado/DeepWeeds-Mobile/images/20170126-100535-0.jpg,1,1,1,1,1,0.7942407,0.00043477732,0.7942407,5.8466775e-08,1.1069437e-05,1.2605973e-07,0.0005730991,0.12276337,0.021864725,0.06011208
/home/leo/Documentos/mestrado/DeepWeeds-Mobile/images/20180112-102708-1.jpg,8,8,8,8,1,0.8758099,0.0073825386,0.0008868128,0.05865353,0.01284507,0.037320323,2.3011477e-05,0.0038486985,0.003230202,0.8758099
/home/leo/Documentos/mestrado/DeepWeeds-Mobile/images/20171205-143214-2.jpg,8,8,8,8,1,0.99930906,1.4452341e-07,3.6183298e-10,1.2923453e-13,7.864349e-06,3.0053116e-11,0.00068278785,1.5523504e-07,2.3724363e-08,0.99930906
/home/leo/Documentos/mestrado/DeepWeeds-Mobile/images/20171220-095237-1.jpg,8,8,8,8,1,0.991846,0.0055846833,2.6053238e-05,2.0865476e-11,2.3171827e-07,2.431114e-09,0.00026333297,2.0154394e-07,0.002279384,0.991846
/home/leo/Documentos/mestrado/DeepWeeds-Mobile/images/20180109-094731-1.jpg,8,8,8,8,1,0.9992623,0.00034928537,8.3074724e-07,4.751411e-05,5.5466513e-05,1.0490769e-08,4.7824837e-05,2.6432372e-07,0.00023656605,0.9992623
/home/leo/Documentos/mestrado/DeepWeeds-Mobile/images/20170728-121259-3.jpg,4,4,4,4,1,0.9779409,0.0009861661,1.2359495e-05,0.00039028798,0.001717752,0.9779409,0.013663036,8.628416e-06,0.001152762,0.0041281125
/home/leo/Documentos/mestrado/DeepWeeds-Mobile/images/20170920-114342-2.jpg,2,2,2,2,1,0.9937603,1.5849051e-05,8.150911e-06,0.9937603,6.2056247e-06,2.215267e-05,3.245217e-05,1.0814811e-06,4.6364075e-06,0.0061491737
/home/leo/Documentos/mestrado/DeepWeeds-Mobile/images/20171218-122047-2.jpg,8,8,8,8,1,0.9467053,0.00015739923,0.009343793,1.3561065e-10,0.04206289,8.0449246e-07,3.9838562e-07,0.0011511105,0.00057825935,0.9467053
/home/leo/Documentos/mestrado/DeepWeeds-Mobile/images/20170127-101000-0.jpg,1,8,1,8,0,0.45505038,0.0027020636,0.30451477,8.130811e-06,0.00049567275,7.2315693e-06,0.0008207581,0.21265502,0.023746027,0.45505038
/home/leo/Documentos/mestrado/DeepWeeds-Mobile/images/20171219-095636-2.jpg,8,8,8,8,1,0.9863791,0.00426636,4.2987413e-05,0.00028013912,0.00027125876,0.00014153366,0.0049430053,0.0005870277,0.0030885125,0.9863791
/home/leo/Documentos/mestrado/DeepWeeds-Mobile/images/20170714-115558-3.jpg,1,1,1,1,1,0.99590874,0.000118364,0.99590874,5.72041e-08,1.0471883e-05,1.5665868e-06,2.9639027e-06,0.0009778955,0.0011311068,0.0018488178
/home/leo/Documentos/mestrado/DeepWeeds-Mobile/images/20171113-150035-1.jpg,6,6,6,6,1,0.89307946,3.0841366e-05,0.001000397,0.0009378708,7.447578e-06,3.7733275e-06,4.8545676e-06,0.89307946,4.2527576e-05,0.10489281
/home/leo/Documentos/mestrado/DeepWeeds-Mobile/images/20171220-091744-2.jpg,8,5,8,5,0,0.55948806,0.00267297,7.458328e-05,1.11149156e-07,0.0061272476,2.4927663e-06,0.55948806,0.000106791,0.000121307705,0.43140638
/home/leo/Documentos/mestrado/DeepWeeds-Mobile/images/20180119-105736-1.jpg,8,8,8,8,1,0.9294942,0.0001546536,0.003626193,1.6243774e-05,4.587573e-06,5.4787906e-06,5.9326176e-06,0.066247806,0.00044482696,0.9294942
/home/leo/Documentos/mestrado/DeepWeeds-Mobile/images/20171218-121707-3.jpg,8,8,8,8,1,0.99732995,1.626756e-06,2.3651015e-08,5.108412e-11,0.0024260716,2.4898254e-08,0.00022799734,1.4082006e-05,2.9894338e-07,0.99732995
/home/leo/Documentos/mestrado/DeepWeeds-Mobile/images/20170811-114616-1.jpg,7,0,7,0,0,0.36805212,0.36805212,0.030711034,0.011508881,0.00052024185,0.0040741907,0.0024271396,0.016679248,0.3609625,0.2050646
/home/leo/Documentos/mestrado/DeepWeeds-Mobile/images/20171102-100859-2.jpg,4,8,4,8,0,0.62501335,0.00092780316,0.00042177716,0.0029868137,0.12087021,0.22601347,7.501725e-07,0.00036761438,0.023398325,0.62501335
/home/leo/Documentos/mestrado/DeepWeeds-Mobile/images/20180322-124718-1.jpg,8,8,8,8,1,0.99343616,1.0217948e-05,6.365131e-05,6.957248e-07,8.118282e-08,4.834374e-06,0.006434431,4.6268156e-05,3.5891703e-06,0.99343616
/home/leo/Documentos/mestrado/DeepWeeds-Mobile/images/20180125-093634-2.jpg,8,8,8,8,1,0.99976367,6.7817404e-05,2.3018478e-05,1.4330124e-07,1.8844787e-05,3.3107603e-06,6.0669616e-05,3.0726678e-06,5.9461552e-05,0.99976367
/home/leo/Documentos/mestrado/DeepWeeds-Mobile/images/20171109-091016-2.jpg,5,5,5,5,1,0.9337226,0.0029879932,0.026618334,1.1654536e-06,1.7307456e-06,6.3124645e-08,0.9337226,0.0027035195,0.019264463,0.014700239
/home/leo/Documentos/mestrado/DeepWeeds-Mobile/images/20180112-075344-2.jpg,8,8,8,8,1,0.68828225,0.057666767,0.00037626683,0.041135333,0.031213926,0.0733006,0.00015810596,1.4967885e-06,0.10786524,0.68828225
/home/leo/Documentos/mestrado/DeepWeeds-Mobile/images/20180112-101705-2.jpg,8,8,8,8,1,0.9999852,6.9570515e-06,4.1764064e-08,3.531022e-06,1.7528365e-07,3.1301447e-08,5.3697744e-07,8.870078e-09,3.563233e-06,0.9999852
/home/leo/Documentos/mestrado/DeepWeeds-Mobile/images/20171102-114742-1.jpg,2,2,2,2,1,0.9883818,4.7409147e-05,2.1644023e-06,0.9883818,5.371755e-05,0.0076371194,5.628241e-07,1.8014725e-05,1.8713516e-05,0.0038404595
/home/leo/Documentos/mestrado/DeepWeeds-Mobile/images/20170718-094219-2.jpg,0,7,0,7,0,0.601427,0.28567052,0.0050715646,0.0001615413,0.0020246108,0.0018046681,0.0042444402,9.679643e-07,0.601427,0.099594645
/home/leo/Documentos/mestrado/DeepWeeds-Mobile/images/20170129-103309-0.jpg,8,8,8,8,1,0.802286,0.11758155,0.009209648,2.4170524e-05,4.2120388e-05,1.7366069e-06,0.0591997,0.004092905,0.0075621153,0.802286
/home/leo/Documentos/mestrado/DeepWeeds-Mobile/images/20171212-104309-3.jpg,8,8,8,8,1,0.98945147,0.000118228745,0.00023415699,3.699145e-08,0.010088194,2.4024675e-06,6.5036847e-06,6.834725e-06,9.2266855e-05,0.98945147
/home/leo/Documentos/mestrado/DeepWeeds-Mobile/images/20180112-072647-2.jpg,8,8,8,8,1,0.76232636,0.20912462,0.0009959867,0.0041708024,0.0076797055,5.6491583e-05,0.0010224812,2.3781768e-05,0.014599753,0.76232636
/home/leo/Documentos/mestrado/DeepWeeds-Mobile/images/20171113-094506-3.jpg,5,5,5,5,1,0.8888205,0.00967578,0.0058369036,4.8121007e-07,1.0844915e-05,2.2573603e-08,0.8888205,0.016962964,0.00020528137,0.07848719
/home/leo/Documentos/mestrado/DeepWeeds-Mobile/images/20180125-091436-1.jpg,8,8,8,8,1,0.9975428,0.0001597182,7.122857e-05,0.00060113386,2.8953367e-05,0.0013247451,3.413053e-05,3.7261938e-07,0.00023690517,0.9975428
/home/leo/Documentos/mestrado/DeepWeeds-Mobile/images/20180322-113636-2.jpg,8,8,8,8,1,0.9994004,0.00032298194,4.0387236e-05,4.2524134e-06,3.4863853e-05,2.2967426e-05,5.7158475e-05,1.4947062e-06,0.00011549293,0.9994004
/home/leo/Documentos/mestrado/DeepWeeds-Mobile/images/20180125-135651-3.jpg,8,8,8,8,1,0.8440297,0.0046647564,0.0040047825,0.000556769,0.03701907,0.05486763,7.105694e-05,0.00015890041,0.05462731,0.8440297
/home/leo/Documentos/mestrado/DeepWeeds-Mobile/images/20171025-090348-1.jpg,3,2,3,2,0,0.6202859,0.006384272,0.0022706627,0.6202859,0.06072454,0.022458049,2.0876043e-05,0.016498622,0.0007333564,0.27062374
/home/leo/Documentos/mestrado/DeepWeeds-Mobile/images/20180109-074306-2.jpg,8,8,8,8,1,0.9655763,0.00028467088,0.00079106406,6.8749934e-08,2.0493371e-07,7.23627e-10,0.0033114476,0.0298795,0.00015680457,0.9655763
/home/leo/Documentos/mestrado/DeepWeeds-Mobile/images/20171102-115548-1.jpg,2,2,2,2,1,0.9999993,1.992258e-09,2.2012045e-11,0.9999993,4.2524078e-09,2.8945147e-08,4.4003481e-10,3.5998524e-11,8.463337e-11,7.0029904e-07
/home/leo/Documentos/mestrado/DeepWeeds-Mobile/images/20180112-094605-2.jpg,8,8,8,8,1,0.99860257,0.00013603146,1.8465047e-05,0.00022543872,0.00014845215,3.439732e-05,2.6992404e-07,0.00058284,0.00025148116,0.99860257
/home/leo/Documentos/mestrado/DeepWeeds-Mobile/images/20171212-103905-3.jpg,8,8,8,8,1,0.7346528,0.03325039,0.07055283,2.0698268e-07,2.6704263e-05,5.4961686e-07,0.00023475954,9.2096554e-05,0.16118978,0.7346528
/home/leo/Documentos/mestrado/DeepWeeds-Mobile/images/20180109-075255-2.jpg,8,8,8,8,1,0.9115387,0.00014156084,0.0038519993,0.0030337858,0.0001096058,6.9533875e-05,0.00011005724,0.08060662,0.000538042,0.9115387
/home/leo/Documentos/mestrado/DeepWeeds-Mobile/images/20170727-140244-1.jpg,4,4,4,4,1,0.98783106,0.00088171335,6.9003386e-06,3.38274e-05,0.0022655784,0.98783106,2.9789557e-05,2.219696e-08,0.0050912993,0.0038598871
/home/leo/Documentos/mestrado/DeepWeeds-Mobile/images/20170727-114855-3.jpg,4,4,4,4,1,0.9550326,4.3202144e-07,3.2702931e-09,0.043954212,1.0048405e-07,0.9550326,1.4542679e-05,2.5778536e-05,1.7333129e-08,0.00097228336
/home/leo/Documentos/mestrado/DeepWeeds-Mobile/images/20171217-184706-2.jpg,8,5,8,5,0,0.7299808,0.0745434,0.0008226276,1.1401636e-07,6.311151e-07,3.7149035e-09,0.7299808,1.9299925e-05,0.15131925,0.04331395
/home/leo/Documentos/mestrado/DeepWeeds-Mobile/images/20170714-120022-3.jpg,1,1,1,1,1,0.9873754,6.8548696e-05,0.9873754,1.3682592e-06,8.2036104e-07,9.066932e-07,3.6501353e-06,0.011715843,6.705842e-05,0.0007663445
/home/leo/Documentos/mestrado/DeepWeeds-Mobile/images/20170630-153710-0.jpg,7,7,7,7,1,0.2985049,0.21991256,0.16034369,0.011908721,0.00075062655,0.00011450109,0.053497598,0.03629214,0.2985049,0.21867529
/home/leo/Documentos/mestrado/DeepWeeds-Mobile/images/20180109-070915-2.jpg,8,8,8,8,1,0.52343684,0.0003073142,0.014999348,8.017375e-05,0.00021884707,7.745476e-07,0.00919728,0.45135298,0.00040643042,0.52343684
/home/leo/Documentos/mestrado/DeepWeeds-Mobile/images/20170210-133822-0.jpg,0,8,0,8,0,0.70896256,0.06730026,0.0055927485,0.09207531,0.0028099904,0.0010299257,0.004442705,0.0008842547,0.11690229,0.70896256
/home/leo/Documentos/mestrado/DeepWeeds-Mobile/images/20180109-105931-1.jpg,8,8,8,8,1,0.9705432,0.0015089064,9.52691e-07,0.017671382,0.009917451,2.8072293e-06,9.3156e-06,2.1909236e-07,0.00034582254,0.9705432
/home/leo/Documentos/mestrado/DeepWeeds-Mobile/images/20180109-072920-1.jpg,8,8,8,8,1,0.9934592,2.661827e-05,3.9499853e-05,2.297497e-06,8.5150365e-05,8.595355e-06,4.438075e-06,0.0062055625,0.00016846962,0.9934592
/home/leo/Documentos/mestrado/DeepWeeds-Mobile/images/20171025-100715-2.jpg,3,3,3,3,1,0.9301476,0.00020538388,2.282002e-05,7.315765e-06,0.9301476,2.215555e-06,1.061198e-07,2.0551595e-06,8.966348e-05,0.06952274
/home/leo/Documentos/mestrado/DeepWeeds-Mobile/images/20180119-105952-2.jpg,8,8,8,8,1,0.78806347,0.017372236,0.122877136,0.00037244175,5.1881274e-05,0.0001495664,0.0012711963,0.009838307,0.06000374,0.78806347
/home/leo/Documentos/mestrado/DeepWeeds-Mobile/images/20180322-114449-2.jpg,8,8,8,8,1,0.9686196,0.0037257415,0.01213671,0.00068914035,0.00054182525,0.0007074673,0.0043702764,0.00012483892,0.009084459,0.9686196
/home/leo/Documentos/mestrado/DeepWeeds-Mobile/images/20170217-114125-0.jpg,0,0,0,0,1,0.975552,0.975552,4.615506e-06,3.4583575e-10,2.4239418e-11,3.4793723e-13,0.002721354,2.1680935e-06,0.021303015,0.00041678286
/home/leo/Documentos/mestrado/DeepWeeds-Mobile/images/20170610-124231-0.jpg,1,1,1,1,1,0.88676536,0.015102738,0.88676536,8.579784e-06,7.968467e-08,8.475141e-07,8.987828e-05,0.07060423,0.0043513062,0.02307704
/home/leo/Documentos/mestrado/DeepWeeds-Mobile/images/20171113-165039-0.jpg,6,6,6,6,1,0.96269363,1.1628691e-06,0.034937095,1.2975245e-09,3.405523e-05,1.4669189e-08,0.00020012964,0.96269363,3.8459657e-06,0.0021300379
/home/leo/Documentos/mestrado/DeepWeeds-Mobile/images/20170913-124425-1.jpg,5,3,5,3,0,0.6811551,0.008226059,0.006545721,0.0006191447,0.6811551,0.06718926,0.029587615,1.0699238e-05,0.038247287,0.1684191
/home/leo/Documentos/mestrado/DeepWeeds-Mobile/images/20170920-190555-1.jpg,2,2,2,2,1,0.9911923,6.3619645e-08,2.9801525e-10,0.9911923,9.154662e-08,0.008781962,2.7312169e-07,9.7937765e-08,1.940481e-09,2.5167414e-05
/home/leo/Documentos/mestrado/DeepWeeds-Mobile/images/20170727-155459-3.jpg,4,4,4,4,1,0.9587628,0.003712995,0.00013398063,0.0015155405,0.00060312415,0.9587628,1.2226112e-05,6.5905256e-06,0.013768303,0.021484422
/home/leo/Documentos/mestrado/DeepWeeds-Mobile/images/20170714-170023-1.jpg,1,1,1,1,1,0.9999374,4.895842e-07,0.9999374,7.4635e-13,4.642698e-08,1.4531188e-09,1.9490587e-09,5.273625e-06,1.114375e-06,5.5658606e-05
/home/leo/Documentos/mestrado/DeepWeeds-Mobile/images/20171102-114726-1.jpg,2,2,2,2,1,0.9999808,7.716327e-08,6.7399952e-09,0.9999808,3.96926e-08,1.1310093e-06,1.4468567e-09,5.6989564e-09,2.2946784e-08,1.7828614e-05
/home/leo/Documentos/mestrado/DeepWeeds-Mobile/images/20170811-131023-1.jpg,0,0,0,0,1,0.57670367,0.57670367,0.014822894,0.00012360011,5.7555276e-06,2.2068034e-05,0.28404126,8.652159e-06,0.106681794,0.017590279
/home/leo/Documentos/mestrado/DeepWeeds-Mobile/images/20170210-131423-0.jpg,7,7,7,7,1,0.999425,0.0005431015,9.5340226e-07,1.5942159e-11,3.4551434e-10,1.8988444e-12,6.0131965e-06,4.700192e-10,0.999425,2.5008629e-05
/home/leo/Documentos/mestrado/DeepWeeds-Mobile/images/20171219-100049-2.jpg,8,8,8,8,1,0.96345365,0.0018404386,0.0019932422,2.8749791e-05,0.0054376367,1.219522e-06,0.023399804,0.0030570845,0.00078807573,0.96345365
/home/leo/Documentos/mestrado/DeepWeeds-Mobile/images/20170410-154119-0.jpg,0,7,0,7,0,0.64141613,0.13876103,0.0003288596,6.467535e-06,0.00033234587,0.000100469304,2.592963e-06,1.3143942e-08,0.64141613,0.21905197
/home/leo/Documentos/mestrado/DeepWeeds-Mobile/images/20171219-111914-3.jpg,8,8,8,8,1,0.96405,5.3334923e-05,8.952364e-06,0.0033459626,0.0001679844,0.0061309165,9.156055e-05,0.026148813,2.405134e-06,0.96405
/home/leo/Documentos/mestrado/DeepWeeds-Mobile/images/20180109-072729-2.jpg,8,8,8,8,1,0.9817329,0.0006972824,0.00018378075,0.0029511368,6.8658946e-06,7.990708e-05,4.457681e-05,0.014095677,0.00020790796,0.9817329
/home/leo/Documentos/mestrado/DeepWeeds-Mobile/images/20180125-135613-3.jpg,8,8,8,8,1,0.7891377,0.005330013,0.025726194,0.0004096908,0.024161296,0.0479284,0.00011237673,0.00031249836,0.10688178,0.7891377
/home/leo/Documentos/mestrado/DeepWeeds-Mobile/images/20180109-080510-2.jpg,8,6,8,6,0,0.5636165,0.0028243903,0.059750464,4.5002125e-06,0.005889017,0.00059002877,0.00095666747,0.5636165,0.07938987,0.2869785
/home/leo/Documentos/mestrado/DeepWeeds-Mobile/images/20170727-165148-1.jpg,4,4,4,4,1,0.8908439,0.006413008,2.2737398e-05,0.0013443178,0.0007328664,0.8908439,8.1206605e-07,2.9511371e-08,0.08201656,0.018625775
/home/leo/Documentos/mestrado/DeepWeeds-Mobile/images/20180109-101127-1.jpg,8,8,8,8,1,0.9968418,0.00025740248,0.00016480248,1.0553049e-05,4.7110934e-06,2.629612e-07,0.00039245,0.0014246786,0.0009033614,0.9968418
/home/leo/Documentos/mestrado/DeepWeeds-Mobile/images/20171102-120141-2.jpg,2,2,2,2,1,0.4984127,0.020383932,0.00029338797,0.4984127,0.00030330734,0.0002698209,0.00063397735,0.0001271196,0.008403699,0.47117198
/home/leo/Documentos/mestrado/DeepWeeds-Mobile/images/20180109-070824-1.jpg,8,8,8,8,1,0.991413,1.893156e-08,3.0118457e-08,8.755898e-09,3.743923e-08,8.55136e-08,1.8363451e-08,0.008586815,1.7739971e-08,0.991413
/home/leo/Documentos/mestrado/DeepWeeds-Mobile/images/20180125-092329-1.jpg,8,8,8,8,1,0.9978998,0.00038461326,0.00020355501,5.345168e-05,0.00021143272,4.607537e-05,0.000246621,0.0005507497,0.00040383652,0.9978998
/home/leo/Documentos/mestrado/DeepWeeds-Mobile/images/20171025-094524-2.jpg,3,8,3,8,0,0.99065083,0.0017967756,0.00041022387,0.0050756517,0.0012364637,3.9782542e-05,1.8653367e-05,0.00019196923,0.00057958264,0.99065083
/home/leo/Documentos/mestrado/DeepWeeds-Mobile/images/20180109-072816-1.jpg,8,8,8,8,1,0.9586526,9.5306814e-07,7.209675e-06,4.068336e-09,1.27818375e-05,1.4771878e-07,7.4026866e-07,0.041317947,7.748459e-06,0.9586526
/home/leo/Documentos/mestrado/DeepWeeds-Mobile/images/20171203-173829-3.jpg,8,8,8,8,1,0.9822511,0.00040650571,0.0031014998,1.0365182e-08,0.009269041,9.824954e-07,3.2322572e-05,0.00015853415,0.004779965,0.9822511
/home/leo/Documentos/mestrado/DeepWeeds-Mobile/images/20180322-131943-1.jpg,8,8,8,8,1,0.9989108,0.00039548794,2.8314804e-05,3.9424143e-05,1.10134735e-07,1.3909767e-05,0.00054212,1.0240088e-05,5.957298e-05,0.9989108
/home/leo/Documentos/mestrado/DeepWeeds-Mobile/images/20170920-112823-3.jpg,2,2,2,2,1,0.9996587,6.618e-06,2.503354e-07,0.9996587,7.563077e-06,0.00017930576,5.6229e-06,2.879354e-07,2.3750392e-06,0.00013925142
/home/leo/Documentos/mestrado/DeepWeeds-Mobile/images/20171212-101854-3.jpg,8,8,8,8,1,0.69316995,0.1068576,0.002501769,2.143092e-06,4.3314958e-05,5.0630056e-06,1.3112139e-05,1.7587157e-05,0.1973895,0.69316995
/home/leo/Documentos/mestrado/DeepWeeds-Mobile/images/20170727-155422-1.jpg,4,4,4,4,1,0.9189538,0.0015019989,1.4232286e-06,0.068652,0.0022242363,0.9189538,1.5336539e-06,3.9235672e-08,0.002550784,0.0061141765
/home/leo/Documentos/mestrado/DeepWeeds-Mobile/images/20180125-095751-2.jpg,8,8,8,8,1,0.99618596,0.0001917675,8.5528643e-07,4.1028998e-05,0.0017543274,0.0011791523,0.0001060495,0.0004940492,4.6854395e-05,0.99618596
/home/leo/Documentos/mestrado/DeepWeeds-Mobile/images/20170210-133726-0.jpg,0,1,0,1,0,0.5736911,0.002486781,0.5736911,1.1644886e-05,0.14243606,3.5554817e-06,2.6300808e-07,0.059519514,0.00033834347,0.22151273
/home/leo/Documentos/mestrado/DeepWeeds-Mobile/images/20171218-110809-3.jpg,8,8,8,8,1,0.82922286,0.12285085,0.015402346,0.0014535156,0.0022147768,0.00080159603,0.001966707,9.9489276e-05,0.025987856,0.82922286
/home/leo/Documentos/mestrado/DeepWeeds-Mobile/images/20171109-090246-3.jpg,5,5,5,5,1,0.99972445,4.6636347e-07,2.1249379e-07,9.393281e-12,1.5755461e-08,3.603308e-14,0.99972445,6.0490593e-06,2.4588676e-08,0.00026874608
/home/leo/Documentos/mestrado/DeepWeeds-Mobile/images/20170210-141917-0.jpg,7,7,7,7,1,0.72095126,0.27240235,0.00024141136,1.4791226e-09,1.4102773e-09,4.2702265e-11,0.00030728316,0.00037007846,0.72095126,0.0057277
/home/leo/Documentos/mestrado/DeepWeeds-Mobile/images/20171109-074650-1.jpg,5,5,5,5,1,0.7271623,0.0003095151,2.3426298e-06,7.9509896e-13,9.818061e-07,7.7437736e-13,0.7271623,0.00030053442,0.0029424357,0.26928186
/home/leo/Documentos/mestrado/DeepWeeds-Mobile/images/20171121-081816-2.jpg,6,6,6,6,1,0.8425042,9.4909115e-07,0.15235549,9.533673e-11,1.917567e-05,4.7908753e-09,1.8908991e-05,0.8425042,2.7720533e-05,0.005073641
/home/leo/Documentos/mestrado/DeepWeeds-Mobile/images/20171113-134618-3.jpg,6,6,6,6,1,0.94690335,3.6153788e-06,8.893051e-05,1.0658845e-06,3.441086e-07,5.3830054e-06,2.9659097e-05,0.94690335,3.667324e-05,0.052931033
/home/leo/Documentos/mestrado/DeepWeeds-Mobile/images/20170727-165057-1.jpg,4,4,4,4,1,0.4618062,0.037488878,0.005649164,0.03162665,0.04074515,0.4618062,1.4162427e-05,3.2493372e-06,0.11624293,0.3064237
/home/leo/Documentos/mestrado/DeepWeeds-Mobile/images/20171102-102212-2.jpg,2,2,2,2,1,0.9999924,2.8755435e-08,2.7501157e-10,0.9999924,1.6420935e-07,6.047923e-06,1.8606015e-10,8.494264e-11,3.3778151e-09,1.3790313e-06
/home/leo/Documentos/mestrado/DeepWeeds-Mobile/images/20170727-154345-1.jpg,4,4,4,4,1,0.77776605,0.09078498,9.346579e-05,5.6303074e-05,0.00026917993,0.77776605,5.823154e-05,2.354093e-07,0.060400855,0.0705707
/home/leo/Documentos/mestrado/DeepWeeds-Mobile/images/20180109-101245-1.jpg,8,8,8,8,1,0.9421227,0.026113773,0.00251649,0.0039003189,0.00046315708,0.0026095368,9.8936434e-05,0.0010103978,0.021164585,0.9421227
/home/leo/Documentos/mestrado/DeepWeeds-Mobile/images/20180105-095148-2.jpg,8,8,8,8,1,0.9789128,3.741883e-05,7.5668345e-06,0.0007653487,0.00015774243,0.00043689716,2.6840185e-06,0.019465242,0.00021431781,0.9789128
/home/leo/Documentos/mestrado/DeepWeeds-Mobile/images/20171113-131014-2.jpg,6,6,6,6,1,0.9921971,1.8111827e-07,0.0070603685,1.9100024e-07,6.1571956e-07,1.3787907e-08,0.00036032178,0.9921971,2.4829586e-05,0.00035626642
/home/leo/Documentos/mestrado/DeepWeeds-Mobile/images/20170126-095150-0.jpg,1,1,1,1,1,0.9768331,0.00013341769,0.9768331,3.3377363e-09,6.4397443e-09,3.427685e-09,8.523481e-06,0.02049633,0.0017319766,0.0007966959
/home/leo/Documentos/mestrado/DeepWeeds-Mobile/images/20180112-081104-2.jpg,8,8,8,8,1,0.7301901,0.0060037854,0.0012976576,0.15467705,0.032414567,0.06040585,7.181695e-06,0.0008243416,0.014179399,0.7301901
/home/leo/Documentos/mestrado/DeepWeeds-Mobile/images/20171025-082743-1.jpg,0,8,0,8,0,0.76723903,0.16658047,9.242438e-06,0.0024000148,4.8110676e-05,9.640725e-06,1.09398755e-07,1.046624e-10,0.06371329,0.76723903
/home/leo/Documentos/mestrado/DeepWeeds-Mobile/images/20180322-132417-1.jpg,8,8,8,8,1,0.9694163,0.0165913,0.0006633703,9.230865e-05,3.739939e-05,0.00095356716,0.00023816737,1.2288957e-07,0.012007441,0.9694163
/home/leo/Documentos/mestrado/DeepWeeds-Mobile/images/20180112-081438-2.jpg,8,8,8,8,1,0.5512142,0.20353232,5.655071e-05,0.09195605,0.012860432,0.009621472,3.9869567e-05,1.4379648e-07,0.1307189,0.5512142
/home/leo/Documentos/mestrado/DeepWeeds-Mobile/images/20171121-091215-3.jpg,6,6,6,6,1,0.99276125,8.623835e-07,0.006625474,6.391776e-09,3.6952517e-06,2.4981917e-08,1.363605e-06,0.99276125,1.4562496e-05,0.0005927596
/home/leo/Documentos/mestrado/DeepWeeds-Mobile/images/20171218-110916-2.jpg,8,8,8,8,1,0.58183455,0.029323686,8.585902e-05,1.4686738e-06,3.0859263e-07,1.10231225e-11,0.00020924959,3.2393525e-06,0.38854167,0.58183455
/home/leo/Documentos/mestrado/DeepWeeds-Mobile/images/20180112-081941-1.jpg,8,8,8,8,1,0.714748,0.17879577,0.003845406,0.023231637,0.012281615,0.0009771724,0.0028961527,3.875758e-05,0.063185506,0.714748
/home/leo/Documentos/mestrado/DeepWeeds-Mobile/images/20170906-113158-2.jpg,3,4,3,4,0,0.37121055,0.00492386,0.00088139536,0.18286763,0.09306791,0.37121055,0.00017116836,0.0005221495,0.017777333,0.328578
/home/leo/Documentos/mestrado/DeepWeeds-Mobile/images/20170714-111315-1.jpg,1,1,1,1,1,0.988853,0.0005331082,0.988853,1.5862602e-07,6.498193e-05,3.365612e-05,1.45195745e-05,0.0004995123,0.0050164913,0.0049846186
/home/leo/Documentos/mestrado/DeepWeeds-Mobile/images/20180322-130905-1.jpg,8,8,8,8,1,0.9907615,0.000673942,8.4582425e-05,0.0028525644,0.0014603152,0.002219175,5.2055628e-05,3.670323e-07,0.0018955976,0.9907615
/home/leo/Documentos/mestrado/DeepWeeds-Mobile/images/20170728-124626-2.jpg,4,4,4,4,1,0.9771614,0.0002108592,3.0761778e-06,3.758296e-05,0.011284791,0.9771614,0.003101001,6.6268376e-06,0.00037800593,0.0078166425
/home/leo/Documentos/mestrado/DeepWeeds-Mobile/images/20180322-104408-2.jpg,8,8,8,8,1,0.9371299,0.015065285,7.9213205e-05,0.000904303,0.0003974325,0.0072059855,0.0005162971,8.329478e-08,0.03870142,0.9371299
/home/leo/Documentos/mestrado/DeepWeeds-Mobile/images/20180109-090139-1.jpg,8,8,8,8,1,0.80152345,0.0028660137,0.00017077685,2.0248857e-05,0.18732378,3.947193e-06,4.0221148e-05,0.000104514125,0.00794715,0.80152345
/home/leo/Documentos/mestrado/DeepWeeds-Mobile/images/20170714-131037-1.jpg,1,1,1,1,1,0.45968553,0.3994036,0.45968553,1.0741018e-06,3.523509e-05,0.00016686162,6.490764e-05,0.0018673614,0.084148705,0.054626726
/home/leo/Documentos/mestrado/DeepWeeds-Mobile/images/20180322-113102-2.jpg,8,8,8,8,1,0.9261785,0.014384496,0.00052302016,0.008023378,0.01596948,0.025976242,0.0010957642,5.876482e-06,0.007843141,0.9261785
/home/leo/Documentos/mestrado/DeepWeeds-Mobile/images/20171219-114201-2.jpg,8,8,8,8,1,0.9860885,0.00025634086,5.011322e-05,6.562215e-05,0.011263036,0.00039696787,2.2808243e-05,0.0007717508,0.0010847676,0.9860885
/home/leo/Documentos/mestrado/DeepWeeds-Mobile/images/20180119-105242-2.jpg,8,8,8,8,1,0.7935803,0.016492773,0.16352937,0.000147806,0.000940783,0.007251583,5.1105042e-05,0.0041260747,0.013880337,0.7935803
/home/leo/Documentos/mestrado/DeepWeeds-Mobile/images/20171220-100527-1.jpg,8,8,8,8,1,0.99904686,1.4783925e-05,3.7322875e-06,2.3552934e-14,7.1985065e-05,4.347914e-11,0.000783824,2.0700916e-05,5.8073052e-05,0.99904686
/home/leo/Documentos/mestrado/DeepWeeds-Mobile/images/20180112-101636-2.jpg,8,8,8,8,1,0.9999969,1.1218845e-06,7.9562324e-07,2.573183e-07,4.4197682e-10,3.0898356e-10,1.9611977e-07,6.1698553e-09,7.820425e-07,0.9999969
/home/leo/Documentos/mestrado/DeepWeeds-Mobile/images/20180112-080109-2.jpg,8,8,8,8,1,0.49545693,0.25712374,0.0057181786,0.001487057,0.04347375,0.002312608,0.00025036323,4.3517914e-05,0.19413382,0.49545693
/home/leo/Documentos/mestrado/DeepWeeds-Mobile/images/20171220-091903-2.jpg,8,8,8,8,1,0.9794153,0.005023058,0.0003746129,2.1914009e-06,0.0006675538,0.0008434174,0.0004713709,0.0077521508,0.005450287,0.9794153
/home/leo/Documentos/mestrado/DeepWeeds-Mobile/images/20170129-102218-0.jpg,8,8,8,8,1,0.73214597,0.20563872,0.04104491,1.3856259e-05,0.0006112567,1.7030201e-05,0.001847395,0.00016588112,0.018515067,0.73214597
/home/leo/Documentos/mestrado/DeepWeeds-Mobile/images/20170920-095903-3.jpg,4,1,4,1,0,0.8943326,0.0048006778,0.8943326,2.521604e-05,0.00034066662,0.003188631,0.0002586914,0.002907984,0.04964602,0.044499595
/home/leo/Documentos/mestrado/DeepWeeds-Mobile/images/20171102-120054-3.jpg,2,2,2,2,1,0.99409354,0.00058094773,7.6103606e-06,0.99409354,0.00036108552,0.0016314104,2.7739436e-05,7.90376e-05,1.0373045e-05,0.003208188
/home/leo/Documentos/mestrado/DeepWeeds-Mobile/images/20170920-130628-2.jpg,2,2,2,2,1,0.9999348,3.063366e-07,1.6259767e-07,0.9999348,6.2151834e-08,6.0932393e-06,1.0276382e-06,5.5037464e-07,3.3893565e-07,5.6607787e-05
/home/leo/Documentos/mestrado/DeepWeeds-Mobile/images/20180109-103607-2.jpg,8,8,8,8,1,0.898923,0.013604771,0.00013837517,0.04492135,0.005559665,0.000472583,0.00047239463,0.0023749,0.03353294,0.898923
/home/leo/Documentos/mestrado/DeepWeeds-Mobile/images/20171212-103745-3.jpg,8,8,8,8,1,0.84128666,0.094225615,0.027542036,1.4700827e-06,0.0004562601,2.9573843e-07,0.0009518005,0.0009096329,0.03462623,0.84128666
/home/leo/Documentos/mestrado/DeepWeeds-Mobile/images/20171109-074508-3.jpg,5,5,5,5,1,0.9956046,2.0441643e-05,2.383141e-06,6.143218e-11,1.7741062e-05,6.7878834e-11,0.9956046,8.259107e-06,6.384593e-07,0.0043458934
/home/leo/Documentos/mestrado/DeepWeeds-Mobile/images/20170210-130852-0.jpg,7,7,7,7,1,0.8959147,0.08244262,2.1120115e-05,1.2666058e-07,2.1962292e-08,1.1264355e-10,0.0001405367,1.3812418e-07,0.8959147,0.021480665
/home/leo/Documentos/mestrado/DeepWeeds-Mobile/images/20171113-115816-0.jpg,6,6,6,6,1,0.99987984,2.5943896e-09,2.9057878e-06,1.3034633e-10,8.930816e-05,4.8012376e-09,1.9827052e-10,0.99987984,4.5289156e-08,2.7826893e-05
/home/leo/Documentos/mestrado/DeepWeeds-Mobile/images/20170729-085856-1.jpg,4,4,4,4,1,0.78841054,0.010461162,0.00025513675,0.0025878611,0.0078876475,0.78841054,8.586765e-06,2.6419361e-06,0.15290913,0.037477303
/home/leo/Documentos/mestrado/DeepWeeds-Mobile/images/20170501-142705-0.jpg,1,1,1,1,1,0.35440794,0.11830307,0.35440794,2.7903085e-05,6.5117024e-06,7.4922573e-06,0.014120692,0.009881199,0.2484968,0.25474834
/home/leo/Documentos/mestrado/DeepWeeds-Mobile/images/20180119-114718-1.jpg,8,8,8,8,1,0.9619517,8.044039e-05,0.008079999,0.0014032024,0.0015086408,1.1520966e-05,1.1046828e-06,0.02692266,4.089573e-05,0.9619517
/home/leo/Documentos/mestrado/DeepWeeds-Mobile/images/20171219-094706-2.jpg,8,8,8,8,1,0.98746395,0.0026186532,8.033715e-05,2.658051e-06,0.00021440306,1.3339663e-05,0.0051878938,8.4619915e-06,0.0044103717,0.98746395
/home/leo/Documentos/mestrado/DeepWeeds-Mobile/images/20180109-070612-2.jpg,8,8,8,8,1,0.7832973,0.00010526211,0.00067489647,2.1338643e-05,1.5454e-05,1.9013673e-07,0.0070801596,0.20856896,0.00023648723,0.7832973
/home/leo/Documentos/mestrado/DeepWeeds-Mobile/images/20171025-073745-3.jpg,3,3,3,3,1,0.99185294,1.7375174e-05,0.0002796413,8.205732e-09,0.99185294,0.00058847637,8.594253e-09,2.1081747e-05,0.00023940897,0.0070011276
/home/leo/Documentos/mestrado/DeepWeeds-Mobile/images/20180109-071324-2.jpg,8,8,8,8,1,0.64956725,2.6041116e-07,2.7859953e-05,2.8904858e-05,4.4218144e-08,3.6147578e-09,2.5014508e-06,0.3503728,3.3024585e-07,0.64956725
/home/leo/Documentos/mestrado/DeepWeeds-Mobile/images/20171203-173412-3.jpg,8,8,8,8,1,0.91701716,0.0140348775,0.011793523,3.5243925e-06,0.005367841,4.3127373e-05,0.00778246,0.0042554312,0.039701995,0.91701716
/home/leo/Documentos/mestrado/DeepWeeds-Mobile/images/20180322-114749-1.jpg,8,8,8,8,1,0.9999827,1.1610044e-05,7.384545e-08,6.4839445e-12,9.247122e-10,1.3700943e-09,4.4829703e-06,2.1842448e-09,1.1566518e-06,0.9999827
/home/leo/Documentos/mestrado/DeepWeeds-Mobile/images/20171025-094504-2.jpg,3,3,3,3,1,0.94707125,0.00013171774,0.00024009978,1.8929123e-07,0.94707125,1.03207585e-05,1.1748239e-07,9.499988e-06,0.00011020794,0.052426558
/home/leo/Documentos/mestrado/DeepWeeds-Mobile/images/20170128-103552-0.jpg,8,3,8,3,0,0.43927303,0.00056712725,0.1785358,8.911486e-08,0.43927303,0.009235322,1.3517347e-05,0.002532193,0.0050869575,0.364756
/home/leo/Documentos/mestrado/DeepWeeds-Mobile/images/20171203-165159-3.jpg,8,8,8,8,1,0.37180027,0.16797994,0.10218861,2.4510456e-07,1.8659453e-05,2.61934e-06,0.0009732878,3.7060407e-05,0.3569994,0.37180027
/home/leo/Documentos/mestrado/DeepWeeds-Mobile/images/20180105-093848-2.jpg,8,8,8,8,1,0.73441297,0.00090478134,0.00020411548,0.2455848,0.0010638743,0.0048300405,2.7144035e-05,0.010771991,0.0022002382,0.73441297
/home/leo/Documentos/mestrado/DeepWeeds-Mobile/images/20170729-091939-2.jpg,4,4,4,4,1,0.89187425,0.01748999,1.9454174e-05,0.000932634,0.00044233847,0.89187425,6.5235563e-06,4.4843853e-09,0.06521559,0.02401919
/home/leo/Documentos/mestrado/DeepWeeds-Mobile/images/20180109-074844-1.jpg,8,6,8,6,0,0.6458804,1.6541957e-05,0.0016392061,0.00011267608,5.3573247e-05,1.3523998e-05,0.000122017,0.6458804,0.00032739848,0.35183468
/home/leo/Documentos/mestrado/DeepWeeds-Mobile/images/20180125-130809-2.jpg,8,8,8,8,1,0.9798476,0.005622929,0.0027279109,0.00040760418,0.00033291214,0.000114117865,0.0030003542,0.00022666455,0.0077198725,0.9798476
/home/leo/Documentos/mestrado/DeepWeeds-Mobile/images/20171219-112619-2.jpg,8,8,8,8,1,0.98285115,6.273615e-05,1.686994e-06,3.8993548e-08,0.016852261,4.415642e-06,5.3475915e-06,2.4248908e-05,0.0001981844,0.98285115
/home/leo/Documentos/mestrado/DeepWeeds-Mobile/images/20171113-151323-3.jpg,6,6,6,6,1,0.9934603,1.2006404e-05,0.0014958452,2.4960893e-06,1.3866296e-05,2.8161057e-07,0.000108671506,0.9934603,0.0038466158,0.0010598339
/home/leo/Documentos/mestrado/DeepWeeds-Mobile/images/20180322-121833-2.jpg,8,8,8,8,1,0.9938053,0.0022931877,0.0026704473,2.2402142e-05,0.00016189429,0.00022007986,0.00038037304,4.1967658e-05,0.00040426565,0.9938053
/home/leo/Documentos/mestrado/DeepWeeds-Mobile/images/20171219-100345-2.jpg,8,8,8,8,1,0.72390574,0.01618183,0.002404359,0.00011423999,0.00068405515,4.110622e-06,0.25174755,0.0023974967,0.0025606253,0.72390574
/home/leo/Documentos/mestrado/DeepWeeds-Mobile/images/20170920-113405-3.jpg,2,2,2,2,1,0.9995461,1.9543012e-07,1.3694695e-06,0.9995461,2.108934e-07,2.990292e-06,1.7388937e-06,2.9009848e-07,2.2162754e-07,0.00044691106
/home/leo/Documentos/mestrado/DeepWeeds-Mobile/images/20170217-103940-0.jpg,0,0,0,0,1,0.9120342,0.9120342,0.000121273035,1.1309721e-06,2.3943205e-08,1.914975e-09,0.024821928,0.00021104974,0.035786964,0.027023317
/home/leo/Documentos/mestrado/DeepWeeds-Mobile/images/20170727-151808-3.jpg,4,4,4,4,1,0.99451524,8.489811e-05,1.5248881e-07,0.0019224347,5.4374083e-05,0.99451524,2.2207894e-06,2.2370814e-09,0.0009820409,0.0024385431
/home/leo/Documentos/mestrado/DeepWeeds-Mobile/images/20170129-102404-0.jpg,8,0,8,0,0,0.39180166,0.39180166,0.13609281,1.4229712e-05,0.0009460279,2.5709489e-05,0.0012249313,6.259467e-05,0.32038128,0.14945076
/home/leo/Documentos/mestrado/DeepWeeds-Mobile/images/20180112-093133-1.jpg,8,8,8,8,1,0.860956,0.08002607,0.023826608,8.338951e-05,1.0780383e-05,0.00019400145,1.4612979e-05,5.3676926e-05,0.0348349,0.860956
/home/leo/Documentos/mestrado/DeepWeeds-Mobile/images/20170610-122723-0.jpg,1,1,1,1,1,0.43675613,0.35102502,0.43675613,0.0028476096,0.0003133146,0.00019685378,0.08246347,0.0018623255,0.05462846,0.06990683
/home/leo/Documentos/mestrado/DeepWeeds-Mobile/images/20170906-133106-1.jpg,3,3,3,3,1,0.70167077,0.025940202,0.00026737212,0.006556624,0.70167077,0.09167669,6.364994e-05,1.4777545e-06,0.041863553,0.13195969
/home/leo/Documentos/mestrado/DeepWeeds-Mobile/images/20171025-090643-1.jpg,3,3,3,3,1,0.8713139,0.008190226,0.00079733407,0.0074482444,0.8713139,0.04184074,6.531003e-06,1.4975029e-05,0.00714447,0.06324353
/home/leo/Documentos/mestrado/DeepWeeds-Mobile/images/20170728-154705-1.jpg,4,4,4,4,1,0.99410313,1.13813e-05,2.5941096e-08,0.0055852695,5.4797896e-05,0.99410313,2.316094e-06,2.1447237e-07,7.87989e-06,0.00023501924
/home/leo/Documentos/mestrado/DeepWeeds-Mobile/images/20180112-082303-2.jpg,8,8,8,8,1,0.6210741,0.07880296,5.458347e-05,0.05575577,0.18008238,0.014858876,0.00010318004,3.3745155e-07,0.049267843,0.6210741
/home/leo/Documentos/mestrado/DeepWeeds-Mobile/images/20171219-113355-3.jpg,8,2,8,2,0,0.939706,0.00014330527,8.8597346e-07,0.939706,0.00011172296,0.010055749,3.4435698e-07,1.3736865e-06,5.255852e-05,0.049928144
/home/leo/Documentos/mestrado/DeepWeeds-Mobile/images/20170210-131312-0.jpg,7,7,7,7,1,0.944264,0.052953128,6.286376e-05,6.119763e-09,2.4695172e-08,4.847566e-11,4.888292e-06,4.0075605e-07,0.944264,0.0027147382
/home/leo/Documentos/mestrado/DeepWeeds-Mobile/images/20171220-095122-1.jpg,8,8,8,8,1,0.99985886,3.0671148e-07,3.7688668e-08,9.181373e-18,0.0001296464,1.5904386e-12,9.193258e-06,1.4446302e-07,1.7479704e-06,0.99985886
/home/leo/Documentos/mestrado/DeepWeeds-Mobile/images/20180112-071617-2.jpg,8,8,8,8,1,0.5977531,0.13683961,0.01401853,0.0012655561,0.10489249,0.0147216115,1.1763979e-05,4.736995e-06,0.13049251,0.5977531
/home/leo/Documentos/mestrado/DeepWeeds-Mobile/images/20180105-094728-2.jpg,8,8,8,8,1,0.52701855,0.0011430818,0.00094280834,0.420099,0.0032106221,0.038368084,0.000104965184,0.0053581735,0.0037547597,0.52701855
/home/leo/Documentos/mestrado/DeepWeeds-Mobile/images/20170630-150649-0.jpg,7,0,7,0,0,0.49885997,0.49885997,0.050672796,8.071444e-05,6.808038e-06,2.2289807e-05,0.0002391823,0.007601013,0.3679138,0.074603386
/home/leo/Documentos/mestrado/DeepWeeds-Mobile/images/20171113-093226-1.jpg,5,5,5,5,1,0.99955064,1.6171081e-05,2.9345128e-06,9.2429735e-09,2.6916506e-08,1.505885e-11,0.99955064,8.367254e-05,9.1657894e-05,0.00025483218
/home/leo/Documentos/mestrado/DeepWeeds-Mobile/images/20170913-104834-1.jpg,3,8,3,8,0,0.7774353,0.0003626057,5.3838703e-06,2.6650732e-05,0.14426342,0.077488266,0.00033385694,3.6965852e-07,8.398546e-05,0.7774353
/home/leo/Documentos/mestrado/DeepWeeds-Mobile/images/20180125-132950-3.jpg,8,8,8,8,1,0.7817288,0.011262162,0.009662506,0.001555736,0.0034484696,0.029710166,0.0002745127,0.0002562762,0.16210143,0.7817288
/home/leo/Documentos/mestrado/DeepWeeds-Mobile/images/20180109-070613-1.jpg,8,8,8,8,1,0.59741056,1.03040775e-05,4.6326997e-05,7.5084574e-07,7.99315e-06,3.4114412e-06,6.212119e-06,0.4025056,8.746933e-06,0.59741056
/home/leo/Documentos/mestrado/DeepWeeds-Mobile/images/20171219-095622-2.jpg,8,8,8,8,1,0.9937178,0.0015801953,0.00032380194,3.4224166e-05,0.0012356195,1.2806893e-05,0.0024439173,0.0003032071,0.0003484816,0.9937178
/home/leo/Documentos/mestrado/DeepWeeds-Mobile/images/20171025-091328-1.jpg,3,8,3,8,0,0.67026293,0.08532167,0.0027044471,0.008203536,0.17064005,0.00664112,3.7519967e-05,2.010037e-05,0.056168664,0.67026293
/home/leo/Documentos/mestrado/DeepWeeds-Mobile/images/20180105-101007-2.jpg,8,8,8,8,1,0.87333256,1.7559194e-05,8.408662e-05,0.07385483,0.00011439957,0.019735113,3.4763007e-06,0.032803185,5.4821663e-05,0.87333256
/home/leo/Documentos/mestrado/DeepWeeds-Mobile/images/20170913-102631-1.jpg,3,2,3,2,0,0.43982044,0.008916936,0.00043358284,0.43982044,0.11307449,0.32917494,0.05250635,0.00016798056,0.0017114142,0.054193888
/home/leo/Documentos/mestrado/DeepWeeds-Mobile/images/20171219-095817-3.jpg,8,8,8,8,1,0.9998623,2.0017308e-06,1.3031018e-07,3.0445522e-14,0.0001027501,3.9880996e-09,4.6815803e-08,2.7252833e-08,3.2707536e-05,0.9998623
/home/leo/Documentos/mestrado/DeepWeeds-Mobile/images/20180109-091922-1.jpg,8,8,8,8,1,0.99541956,7.796895e-05,2.582435e-05,0.0010385347,6.581649e-05,1.0394814e-06,1.5195953e-05,0.003186328,0.00016969755,0.99541956
/home/leo/Documentos/mestrado/DeepWeeds-Mobile/images/20170630-155415-0.jpg,7,7,7,7,1,0.9799416,0.015623458,3.2219217e-05,7.7960677e-10,2.422327e-08,4.909185e-11,9.952827e-06,0.003314066,0.9799416,0.0010786324
/home/leo/Documentos/mestrado/DeepWeeds-Mobile/images/20180322-103957-1.jpg,8,8,8,8,1,0.99792504,0.0010231808,0.00014448432,3.1246327e-05,5.3109866e-06,0.00027940987,0.00024988662,3.2828328e-05,0.0003084738,0.99792504
/home/leo/Documentos/mestrado/DeepWeeds-Mobile/images/20180109-085806-1.jpg,8,3,8,3,0,0.7661719,0.020615248,0.000109870096,7.5914584e-05,0.7661719,6.541981e-05,7.504649e-08,2.9135798e-08,0.004195938,0.20876563
/home/leo/Documentos/mestrado/DeepWeeds-Mobile/images/20171121-073514-1.jpg,6,6,6,6,1,0.8906191,6.5652307e-06,0.09592024,2.069289e-07,5.713553e-06,6.6624233e-07,2.1274675e-05,0.8906191,0.000118156866,0.013307952
/home/leo/Documentos/mestrado/DeepWeeds-Mobile/images/20171102-121016-3.jpg,2,2,2,2,1,0.62882864,0.2172944,0.0001651496,0.62882864,0.000411486,0.0025291007,0.0016831318,7.9051846e-05,0.003221889,0.14578709
/home/leo/Documentos/mestrado/DeepWeeds-Mobile/images/20180112-070423-2.jpg,8,8,8,8,1,0.6700986,0.29041737,0.00051206024,0.0011729866,0.005020118,0.00018987164,1.7611821e-05,1.0611378e-07,0.032571327,0.6700986
/home/leo/Documentos/mestrado/DeepWeeds-Mobile/images/20171109-072715-1.jpg,5,5,5,5,1,0.6155247,0.0010770396,0.0009875721,5.0361576e-10,4.133574e-08,4.6348386e-10,0.6155247,0.00025863497,0.009094289,0.37305772
/home/leo/Documentos/mestrado/DeepWeeds-Mobile/images/20171219-112552-3.jpg,8,8,8,8,1,0.992792,0.00012680987,1.6558923e-05,0.005333002,7.567254e-05,0.00064146216,8.2205515e-06,0.0006373285,0.00036906629,0.992792
/home/leo/Documentos/mestrado/DeepWeeds-Mobile/images/20180125-095100-1.jpg,8,8,8,8,1,0.99933773,3.187934e-05,9.4038974e-08,3.2577088e-07,6.363952e-05,3.0755106e-07,0.00044827783,8.228783e-05,3.5425153e-05,0.99933773
/home/leo/Documentos/mestrado/DeepWeeds-Mobile/images/20171025-093119-2.jpg,3,3,3,3,1,0.75810874,0.0059126653,6.6751973e-06,0.0941923,0.75810874,0.01718051,6.1702984e-08,6.7369754e-08,0.0007980377,0.1238009
/home/leo/Documentos/mestrado/DeepWeeds-Mobile/images/20170405-155317-0.jpg,0,0,0,0,1,0.894855,0.894855,0.006588491,2.0048049e-08,3.4355851e-09,6.0807394e-11,1.7660643e-05,1.1044147e-06,0.09567324,0.0028644875
/home/leo/Documentos/mestrado/DeepWeeds-Mobile/images/20170920-185416-1.jpg,2,2,2,2,1,0.97412884,8.6084526e-07,1.1950649e-08,0.97412884,7.4374367e-07,0.025779078,5.485225e-07,1.5107462e-07,1.1000832e-07,8.973744e-05
/home/leo/Documentos/mestrado/DeepWeeds-Mobile/images/20171113-145717-3.jpg,6,6,6,6,1,0.9953348,6.802102e-07,0.003972663,3.411021e-05,8.948393e-07,4.5522327e-08,6.465899e-05,0.9953348,5.5527304e-05,0.0005366285
/home/leo/Documentos/mestrado/DeepWeeds-Mobile/images/20180322-130527-1.jpg,8,8,8,8,1,0.9879582,0.0033638114,0.0040548006,1.19088966e-07,0.00025872572,1.9322712e-05,0.0012977712,6.444382e-05,0.002982762,0.9879582
/home/leo/Documentos/mestrado/DeepWeeds-Mobile/images/20170920-172602-1.jpg,2,2,2,2,1,0.99986184,1.5809408e-06,7.2164255e-07,0.99986184,5.369742e-07,2.638935e-05,6.481443e-06,8.9769367e-07,8.6543935e-07,0.00010059936
/home/leo/Documentos/mestrado/DeepWeeds-Mobile/images/20171220-090611-2.jpg,8,8,8,8,1,0.9996931,8.311856e-05,9.757955e-06,6.115804e-09,8.275453e-06,7.657171e-08,0.0001421906,1.5990312e-05,4.744085e-05,0.9996931
/home/leo/Documentos/mestrado/DeepWeeds-Mobile/images/20170906-110019-1.jpg,3,8,3,8,0,0.5041453,0.07837575,0.00022769641,5.0593313e-05,0.26643524,0.008921065,2.4091805e-06,4.1864535e-08,0.14184181,0.5041453
/home/leo/Documentos/mestrado/DeepWeeds-Mobile/images/20170727-135734-1.jpg,4,4,4,4,1,0.96083176,0.0027449618,1.0460723e-05,0.00014924388,0.011415133,0.96083176,2.2763994e-07,4.7700794e-09,0.013528801,0.011319464
/home/leo/Documentos/mestrado/DeepWeeds-Mobile/images/20170630-160224-0.jpg,7,7,7,7,1,0.8526927,0.023284337,0.0020974556,7.673867e-06,1.5468904e-06,3.2181705e-07,0.00062270946,9.3717776e-05,0.8526927,0.121199585
/home/leo/Documentos/mestrado/DeepWeeds-Mobile/images/20171025-074412-2.jpg,3,1,3,1,0,0.7853241,0.0001851448,0.7853241,5.773664e-09,0.0035603577,2.476657e-05,9.9231706e-08,0.05247535,0.0016943314,0.15673591
/home/leo/Documentos/mestrado/DeepWeeds-Mobile/images/20180112-103024-1.jpg,8,8,8,8,1,0.99957293,0.00010709225,4.990429e-06,0.00023575839,1.05406e-06,2.512464e-07,4.9065166e-05,2.4866542e-06,2.6413321e-05,0.99957293
/home/leo/Documentos/mestrado/DeepWeeds-Mobile/images/20180112-080538-1.jpg,8,8,8,8,1,0.4952138,0.011633985,0.021999266,0.00039725326,0.18386085,0.0149329025,2.2476755e-05,6.246575e-05,0.271877,0.4952138
/home/leo/Documentos/mestrado/DeepWeeds-Mobile/images/20180109-072236-2.jpg,8,8,8,8,1,0.6739562,0.00039726193,0.0009427748,0.11719688,0.0006794089,0.0015649908,0.0012694917,0.2031757,0.00081723445,0.6739562
/home/leo/Documentos/mestrado/DeepWeeds-Mobile/images/20170714-135050-2.jpg,1,1,1,1,1,0.9836782,0.0033525196,0.9836782,1.3530496e-07,5.16726e-06,2.4532137e-06,7.656927e-05,0.0012135347,0.0057852827,0.005886083
/home/leo/Documentos/mestrado/DeepWeeds-Mobile/images/20171025-091428-2.jpg,3,3,3,3,1,0.8413052,0.003288518,0.0001232326,2.3644372e-05,0.8413052,0.0040729116,3.014351e-05,3.9565688e-07,0.010517417,0.14063855
/home/leo/Documentos/mestrado/DeepWeeds-Mobile/images/20180109-095059-2.jpg,8,8,8,8,1,0.6424668,0.15690249,0.01489588,0.008206597,0.02431601,0.011183387,0.0002993996,3.677208e-05,0.14169268,0.6424668
/home/leo/Documentos/mestrado/DeepWeeds-Mobile/images/20170715-131423-1.jpg,1,1,1,1,1,0.97440106,1.4121584e-06,0.97440106,1.560793e-08,1.4471357e-07,1.4492468e-08,7.034737e-07,0.025483299,2.5206386e-05,8.820954e-05
/home/leo/Documentos/mestrado/DeepWeeds-Mobile/images/20171113-144745-1.jpg,6,6,6,6,1,0.89992535,0.00023204165,0.0018673962,7.016858e-05,8.709217e-05,0.0016464797,0.0002899188,0.89992535,0.0018772498,0.09400433
/home/leo/Documentos/mestrado/DeepWeeds-Mobile/images/20171212-105614-3.jpg,8,8,8,8,1,0.97656316,0.007053017,0.0073861293,3.130002e-05,0.0046301,4.846552e-05,1.1186589e-05,0.00017677117,0.0040999837,0.97656316
/home/leo/Documentos/mestrado/DeepWeeds-Mobile/images/20171220-091733-2.jpg,8,8,8,8,1,0.98631775,1.2470892e-07,3.2591496e-09,6.0328088e-15,3.2673008e-05,1.2958452e-11,0.013649088,3.350417e-07,8.773292e-09,0.98631775
/home/leo/Documentos/mestrado/DeepWeeds-Mobile/images/20180112-094620-1.jpg,8,8,8,8,1,0.99696994,0.00012117955,0.0006923029,1.8314299e-07,2.4283753e-07,1.5937869e-06,5.4124575e-06,0.0017429375,0.00046615762,0.99696994
/home/leo/Documentos/mestrado/DeepWeeds-Mobile/images/20171205-134059-2.jpg,8,8,8,8,1,0.9425328,0.019664645,0.018152285,3.722939e-06,0.00019657823,0.001211545,0.00023934832,1.8215493e-05,0.017980825,0.9425328
/home/leo/Documentos/mestrado/DeepWeeds-Mobile/images/20170217-114849-0.jpg,7,7,7,7,1,0.54369795,0.45470142,0.0009370975,3.1493235e-09,1.3335781e-10,3.9495827e-11,6.267104e-05,6.282138e-06,0.54369795,0.0005945575
/home/leo/Documentos/mestrado/DeepWeeds-Mobile/images/20180112-073212-1.jpg,8,8,8,8,1,0.91370153,0.006357257,0.001049075,1.5044828e-05,0.0023825236,0.0007072854,1.3384944e-06,1.7098857e-05,0.07576885,0.91370153
/home/leo/Documentos/mestrado/DeepWeeds-Mobile/images/20180105-095213-2.jpg,8,8,8,8,1,0.88612896,0.00014321055,0.00012739221,2.8149864e-06,0.0017799078,3.0696337e-05,1.7094148e-05,0.11162685,0.00014295906,0.88612896
/home/leo/Documentos/mestrado/DeepWeeds-Mobile/images/20171218-120357-2.jpg,8,8,8,8,1,0.99889874,7.767251e-05,3.5023764e-05,1.2336138e-08,0.00015787676,1.8996227e-08,2.001138e-05,2.015759e-06,0.0008086987,0.99889874
/home/leo/Documentos/mestrado/DeepWeeds-Mobile/images/20171102-120913-1.jpg,2,2,2,2,1,0.6367875,0.061484165,0.00084906444,0.6367875,0.0008135995,0.00702386,0.00071320374,0.00088302797,0.016404899,0.27504072
/home/leo/Documentos/mestrado/DeepWeeds-Mobile/images/20170920-130439-2.jpg,2,2,2,2,1,0.99873453,2.2279675e-05,6.5120876e-06,0.99873453,2.2927337e-05,0.00057026127,9.638084e-06,2.4037142e-06,8.524004e-06,0.0006229631
/home/leo/Documentos/mestrado/DeepWeeds-Mobile/images/20170714-131021-1.jpg,1,8,1,8,0,0.32685766,0.0069083273,0.31098506,7.8467184e-07,0.0011356347,0.00017929093,0.00027334705,0.04288017,0.31077975,0.32685766
/home/leo/Documentos/mestrado/DeepWeeds-Mobile/images/20170920-110443-2.jpg,2,2,2,2,1,0.7899155,0.00048290272,4.7063173e-07,0.7899155,0.0033811356,0.19863826,0.0022726448,2.8873038e-07,6.81138e-05,0.005240667
/home/leo/Documentos/mestrado/DeepWeeds-Mobile/images/20170210-132355-0.jpg,0,0,0,0,1,0.94764525,0.94764525,0.00016033117,9.6874075e-08,7.947136e-08,5.494094e-10,5.1605777e-05,6.3145294e-06,0.010790278,0.04134595
/home/leo/Documentos/mestrado/DeepWeeds-Mobile/images/20180125-093817-2.jpg,8,8,8,8,1,0.9997503,0.00019770247,6.0361117e-06,7.6457843e-07,3.8248848e-07,7.861372e-06,4.4312965e-06,3.2306386e-06,2.9217706e-05,0.9997503
/home/leo/Documentos/mestrado/DeepWeeds-Mobile/images/20170920-130842-2.jpg,2,2,2,2,1,0.88201064,0.0135889985,8.902967e-05,0.88201064,0.00049956003,0.044582155,0.00033227593,5.0913008e-05,0.0021304288,0.05671605
/home/leo/Documentos/mestrado/DeepWeeds-Mobile/images/20170711-120418-0.jpg,0,8,0,8,0,0.813233,0.035832793,0.0045914636,0.052659918,0.049355518,0.007099722,3.1968862e-05,0.017472163,0.019723436,0.813233
/home/leo/Documentos/mestrado/DeepWeeds-Mobile/images/20170304-125409-0.jpg,0,0,0,0,1,0.9956652,0.9956652,3.3512344e-05,2.5428176e-10,6.906948e-12,5.165434e-12,3.213107e-05,2.3805842e-05,0.0039614155,0.000283877
/home/leo/Documentos/mestrado/DeepWeeds-Mobile/images/20171220-083532-2.jpg,8,8,8,8,1,0.9994646,0.00030475593,3.4445384e-06,1.2189852e-07,6.11417e-06,1.175679e-05,7.685372e-05,7.069136e-08,0.00013223995,0.9994646
/home/leo/Documentos/mestrado/DeepWeeds-Mobile/images/20170714-111253-1.jpg,1,1,1,1,1,0.98925227,0.00090807857,0.98925227,1.0298795e-10,2.6337707e-07,4.485642e-07,4.267995e-08,6.522868e-07,0.0054474655,0.0043909103
/home/leo/Documentos/mestrado/DeepWeeds-Mobile/images/20180105-095157-2.jpg,8,8,8,8,1,0.9821865,0.00013039942,7.631361e-06,1.51481e-05,0.0004417852,8.940712e-06,1.3912827e-05,0.01708074,0.00011499777,0.9821865
/home/leo/Documentos/mestrado/DeepWeeds-Mobile/images/20171102-122410-1.jpg,2,2,2,2,1,0.9859346,8.143355e-05,1.1200403e-06,0.9859346,0.0011863754,0.007978747,6.065601e-08,6.841917e-07,1.3051928e-05,0.0048038675
/home/leo/Documentos/mestrado/DeepWeeds-Mobile/images/20180125-134028-3.jpg,8,8,8,8,1,0.8295013,0.0058114873,0.002101493,0.030014824,0.00047215098,0.0037831943,7.6748365e-05,0.026107304,0.10213142,0.8295013
/home/leo/Documentos/mestrado/DeepWeeds-Mobile/images/20170501-145533-0.jpg,8,8,8,8,1,0.6567369,0.050036103,0.0004486514,0.06303369,0.0038862773,0.021044826,0.0001419427,1.1778258e-05,0.20465985,0.6567369
/home/leo/Documentos/mestrado/DeepWeeds-Mobile/images/20180322-103651-1.jpg,8,8,8,8,1,0.99173534,0.0009071023,0.0003362611,0.0038725699,0.00017908339,0.0020874706,0.0006927744,1.1515026e-05,0.00017781148,0.99173534
/home/leo/Documentos/mestrado/DeepWeeds-Mobile/images/20170501-142839-0.jpg,1,1,1,1,1,0.5185193,0.07125385,0.5185193,6.46423e-07,2.5403432e-07,4.936887e-08,0.23563845,0.0046220096,0.14188938,0.028076146
/home/leo/Documentos/mestrado/DeepWeeds-Mobile/images/20170920-160103-3.jpg,2,2,2,2,1,0.988972,1.0823322e-05,2.484369e-08,0.988972,1.02860595e-05,0.010860396,1.03636585e-05,1.7294052e-07,6.2582865e-07,0.00013527948
/home/leo/Documentos/mestrado/DeepWeeds-Mobile/images/20180109-104616-2.jpg,8,8,8,8,1,0.9994418,0.00024779013,5.268262e-06,0.00020209428,2.95883e-05,7.6135234e-07,1.3334876e-05,1.0418448e-06,5.8347752e-05,0.9994418
/home/leo/Documentos/mestrado/DeepWeeds-Mobile/images/20171219-102103-2.jpg,8,8,8,8,1,0.9801844,0.0020988416,0.00047218573,4.218777e-05,0.013371951,0.0019608445,6.655347e-05,3.3497978e-05,0.0017695582,0.9801844
/home/leo/Documentos/mestrado/DeepWeeds-Mobile/images/20170714-150558-1.jpg,1,1,1,1,1,0.9887999,6.1004725e-06,0.9887999,7.4276793e-13,6.545304e-07,2.623057e-10,2.1953532e-10,0.0010903266,0.0002861236,0.009816834
/home/leo/Documentos/mestrado/DeepWeeds-Mobile/images/20170714-112727-2.jpg,1,1,1,1,1,0.42041114,0.008581031,0.42041114,1.8537664e-06,0.0004123982,2.4400122e-05,0.13939737,0.016961914,0.09482104,0.31938875
/home/leo/Documentos/mestrado/DeepWeeds-Mobile/images/20171220-085343-2.jpg,8,8,8,8,1,0.999984,7.955481e-08,1.958847e-09,2.543678e-17,1.5155086e-05,1.4780413e-11,4.4971125e-09,4.56725e-10,6.9553744e-07,0.999984
/home/leo/Documentos/mestrado/DeepWeeds-Mobile/images/20180322-114143-2.jpg,8,8,8,8,1,0.97868973,0.00031345346,0.000121244186,2.8231089e-08,0.01697063,0.0010693616,2.0190893e-05,7.1521486e-06,0.0028080712,0.97868973
/home/leo/Documentos/mestrado/DeepWeeds-Mobile/images/20170913-103415-2.jpg,3,3,3,3,1,0.9827717,5.1520245e-05,1.2702475e-07,0.0034077982,0.9827717,0.003349235,0.0012736914,8.279247e-07,2.5092265e-06,0.009142688
/home/leo/Documentos/mestrado/DeepWeeds-Mobile/images/20180109-071607-1.jpg,8,6,8,6,0,0.70472103,1.7719334e-06,0.0009138185,3.0143454e-09,0.00040465148,9.80694e-07,8.286566e-06,0.70472103,2.5549041e-05,0.29392388
/home/leo/Documentos/mestrado/DeepWeeds-Mobile/images/20180109-065829-1.jpg,8,8,8,8,1,0.9985268,3.1121937e-05,1.49682255e-05,1.0385685e-05,0.00016253877,0.0004288334,4.512914e-07,0.000803161,2.1675556e-05,0.9985268
/home/leo/Documentos/mestrado/DeepWeeds-Mobile/images/20180109-070028-2.jpg,8,8,8,8,1,0.7818033,0.0009636182,0.012444018,0.017412214,0.0006035212,0.001096179,0.0004955622,0.18435565,0.00082590984,0.7818033
/home/leo/Documentos/mestrado/DeepWeeds-Mobile/images/20171113-144513-1.jpg,6,5,6,5,0,0.459139,0.013184896,0.10338298,1.2936085e-06,0.00027220495,5.2716746e-07,0.459139,0.1876579,0.019511247,0.21684995
/home/leo/Documentos/mestrado/DeepWeeds-Mobile/images/20171113-140014-1.jpg,6,6,6,6,1,0.99793124,4.9300287e-08,0.0019748574,8.498449e-11,4.3485197e-06,4.9473233e-08,1.1860464e-09,0.99793124,3.472705e-07,8.915214e-05
/home/leo/Documentos/mestrado/DeepWeeds-Mobile/images/20170217-121400-0.jpg,0,5,0,5,0,0.5980948,0.16849363,0.005973446,4.327397e-06,2.1533065e-06,4.1145154e-09,0.5980948,0.0067261383,0.011511437,0.20919405
/home/leo/Documentos/mestrado/DeepWeeds-Mobile/images/20171205-134436-2.jpg,8,8,8,8,1,0.9947543,0.00088094873,0.00013744492,7.455623e-07,0.00017648582,8.280725e-06,1.4594111e-05,0.0003603417,0.0036668468,0.9947543
/home/leo/Documentos/mestrado/DeepWeeds-Mobile/images/20180105-091424-2.jpg,8,8,8,8,1,0.7093858,0.014355021,0.004339772,0.0035765942,0.00021183638,0.00052359473,0.012058586,0.25305206,0.002496683,0.7093858
/home/leo/Documentos/mestrado/DeepWeeds-Mobile/images/20170906-113221-1.jpg,3,3,3,3,1,0.6760282,0.0038613703,0.000105842264,2.0482416e-06,0.6760282,0.0015443477,3.068537e-05,1.5386921e-06,0.028530162,0.28989586
/home/leo/Documentos/mestrado/DeepWeeds-Mobile/images/20180112-072932-1.jpg,8,8,8,8,1,0.99061584,0.00083726377,5.4437667e-05,2.5003374e-05,0.0007910507,0.0041281893,4.8559894e-08,2.6167959e-06,0.003545524,0.99061584
/home/leo/Documentos/mestrado/DeepWeeds-Mobile/images/20180322-102653-2.jpg,8,8,8,8,1,0.9704949,0.0051533873,0.0004897561,0.0051805605,0.0007204107,0.011294931,0.00014970946,9.4394187e-07,0.0065153674,0.9704949
/home/leo/Documentos/mestrado/DeepWeeds-Mobile/images/20171121-074610-1.jpg,6,8,6,8,0,0.94416034,9.532598e-06,0.00015950088,2.7910438e-09,1.5349857e-05,4.5011415e-08,2.1325764e-05,0.055619653,1.4150597e-05,0.94416034
/home/leo/Documentos/mestrado/DeepWeeds-Mobile/images/20171109-092225-1.jpg,5,5,5,5,1,0.966737,0.00014138967,0.00010233607,1.6218274e-10,6.998465e-06,5.2428767e-10,0.966737,7.423717e-05,4.8287886e-05,0.032889735
/home/leo/Documentos/mestrado/DeepWeeds-Mobile/images/20171219-095415-3.jpg,8,8,8,8,1,0.95821536,0.022042295,0.0018084083,5.435927e-06,0.00038633755,0.0001715897,0.0012412958,4.015419e-05,0.016089244,0.95821536
/home/leo/Documentos/mestrado/DeepWeeds-Mobile/images/20170729-093119-1.jpg,4,7,4,7,0,0.5655725,0.048797622,0.00051279686,0.00015230721,0.001530895,0.08768583,4.3013722e-05,1.2208356e-07,0.5655725,0.29570502
/home/leo/Documentos/mestrado/DeepWeeds-Mobile/images/20180112-091602-1.jpg,8,3,8,3,0,0.50997066,0.0048820293,0.00028338362,0.0027730998,0.50997066,0.22984058,3.0317237e-06,3.8533512e-06,0.032141782,0.22010162
/home/leo/Documentos/mestrado/DeepWeeds-Mobile/images/20180112-102332-2.jpg,8,8,8,8,1,0.9748311,0.01581818,1.1608442e-06,0.0002604967,6.673775e-05,1.8636939e-07,0.0002548878,1.8327977e-05,0.008748945,0.9748311
/home/leo/Documentos/mestrado/DeepWeeds-Mobile/images/20180109-105430-1.jpg,8,8,8,8,1,0.99856263,0.00052426144,5.421743e-07,0.00028822751,0.000245235,3.4721725e-07,0.00016204358,2.5227467e-07,0.00021654525,0.99856263
/home/leo/Documentos/mestrado/DeepWeeds-Mobile/images/20180112-101502-1.jpg,8,8,8,8,1,0.8211226,0.09705909,0.0040245466,0.0006594354,0.0002584177,0.00034927521,0.00089187745,0.00010056901,0.07553427,0.8211226
/home/leo/Documentos/mestrado/DeepWeeds-Mobile/images/20171220-092203-2.jpg,8,8,8,8,1,0.99524975,5.4371103e-08,6.2038548e-09,1.0773918e-13,1.8621846e-05,2.2068583e-11,0.004727605,3.9932306e-06,3.2666212e-09,0.99524975
/home/leo/Documentos/mestrado/DeepWeeds-Mobile/images/20180105-093035-3.jpg,8,8,8,8,1,0.91149807,1.916475e-06,0.00062740175,0.0010825024,1.5029974e-05,0.00010532811,2.3460507e-06,0.08666323,4.1352655e-06,0.91149807
/home/leo/Documentos/mestrado/DeepWeeds-Mobile/images/20171121-085911-1.jpg,6,6,6,6,1,0.8542001,0.003582436,0.0039837086,0.0037521233,0.00046842897,0.000943138,0.00073056185,0.8542001,0.03747814,0.09486135
/home/leo/Documentos/mestrado/DeepWeeds-Mobile/images/20170913-120559-2.jpg,5,0,5,0,0,0.69246477,0.69246477,0.15532072,7.0078625e-07,8.1179746e-07,3.2438038e-06,0.024474952,1.4253245e-05,0.08080064,0.046919994
/home/leo/Documentos/mestrado/DeepWeeds-Mobile/images/20170405-160024-0.jpg,0,0,0,0,1,0.5801945,0.5801945,0.021018755,0.000132184,2.1740168e-06,1.4194735e-06,0.042511236,0.021363458,0.30049312,0.03428315
/home/leo/Documentos/mestrado/DeepWeeds-Mobile/images/20180112-075138-2.jpg,8,8,8,8,1,0.88262546,0.01834873,0.0006774792,0.005538361,0.019846614,0.0054256255,4.2702573e-06,3.5128085e-06,0.06753,0.88262546
/home/leo/Documentos/mestrado/DeepWeeds-Mobile/images/20171218-103937-2.jpg,8,8,8,8,1,0.99754304,0.00083973585,0.00026414305,2.3234698e-08,0.00011216543,8.316925e-07,3.7753657e-06,9.347444e-06,0.0012268204,0.99754304
/home/leo/Documentos/mestrado/DeepWeeds-Mobile/images/20180119-113029-1.jpg,8,8,8,8,1,0.85904026,0.0025162299,0.04764308,0.00041430743,2.9918536e-05,7.685955e-05,0.0004510022,0.01585691,0.07397138,0.85904026
/home/leo/Documentos/mestrado/DeepWeeds-Mobile/images/20170920-100021-1.jpg,2,2,2,2,1,0.99494576,1.2043762e-07,3.4907312e-06,0.99494576,9.026582e-10,3.4789048e-07,7.098082e-07,3.8842685e-05,1.3400502e-06,0.0050093704
/home/leo/Documentos/mestrado/DeepWeeds-Mobile/images/20180105-091456-3.jpg,8,8,8,8,1,0.99595505,0.0002622583,5.7979025e-05,1.7728209e-05,0.0007222683,6.293995e-05,8.942031e-05,0.002693926,0.0001384508,0.99595505
/home/leo/Documentos/mestrado/DeepWeeds-Mobile/images/20170210-131657-0.jpg,7,7,7,7,1,0.9998801,6.345727e-05,3.1698403e-07,2.160246e-11,2.4900229e-09,3.620323e-13,3.311986e-06,5.2579812e-06,0.9998801,4.767679e-05
/home/leo/Documentos/mestrado/DeepWeeds-Mobile/images/20180112-072609-1.jpg,8,8,8,8,1,0.9950659,0.000840186,0.0007453922,0.00045707705,0.0006401415,0.0003321324,5.273414e-06,0.00011390472,0.0017999553,0.9950659
/home/leo/Documentos/mestrado/DeepWeeds-Mobile/images/20170217-144804-0.jpg,7,7,7,7,1,0.7385287,0.26030287,4.2755823e-06,7.768963e-10,1.3845759e-10,4.679613e-13,9.92435e-05,1.8800256e-07,0.7385287,0.0010646934
/home/leo/Documentos/mestrado/DeepWeeds-Mobile/images/20171220-095434-1.jpg,8,8,8,8,1,0.9999316,1.7275972e-05,6.7662677e-07,1.6666974e-14,1.9030265e-05,3.9245632e-10,3.289968e-08,7.636223e-09,3.1397456e-05,0.9999316
/home/leo/Documentos/mestrado/DeepWeeds-Mobile/images/20170714-170312-1.jpg,1,1,1,1,1,0.5354695,0.0009971854,0.5354695,9.8067e-10,0.048387703,2.1270596e-05,2.674967e-05,0.002085689,0.0035200063,0.409492
/home/leo/Documentos/mestrado/DeepWeeds-Mobile/images/20180105-092621-2.jpg,8,8,8,8,1,0.9877263,3.4969958e-07,7.625128e-05,1.2993521e-08,0.00036094274,3.7513353e-05,1.2260744e-08,0.011791714,6.958484e-06,0.9877263
/home/leo/Documentos/mestrado/DeepWeeds-Mobile/images/20170811-102345-1.jpg,0,0,0,0,1,0.40611455,0.40611455,0.037934154,0.0032809868,0.0025464862,0.053698428,0.0008672377,0.0006637134,0.337065,0.15782948
/home/leo/Documentos/mestrado/DeepWeeds-Mobile/images/20170728-152744-2.jpg,4,4,4,4,1,0.54194784,0.041719258,9.7627664e-05,1.2606469e-06,0.0017474338,0.54194784,3.1767384e-05,5.0295235e-08,0.4098481,0.004606662
/home/leo/Documentos/mestrado/DeepWeeds-Mobile/images/20170811-131109-2.jpg,0,0,0,0,1,0.4825946,0.4825946,0.004387939,5.092215e-07,1.4057064e-08,5.2606946e-08,0.00082473824,1.3672819e-07,0.3654441,0.14674792
/home/leo/Documentos/mestrado/DeepWeeds-Mobile/images/20171109-072419-1.jpg,5,5,5,5,1,0.959798,0.0014598294,0.001196935,1.1603496e-05,1.5396343e-05,2.375084e-07,0.959798,0.015658375,0.007908677,0.013951081
/home/leo/Documentos/mestrado/DeepWeeds-Mobile/images/20170714-120748-3.jpg,1,6,1,6,0,0.9701532,0.00024887393,0.027776964,1.679485e-05,2.0651967e-07,1.6470918e-07,1.529588e-05,0.9701532,0.00019312315,0.001595325
/home/leo/Documentos/mestrado/DeepWeeds-Mobile/images/20170217-103631-0.jpg,0,8,0,8,0,0.6664591,0.02855935,0.0049670804,0.0005051005,0.0005403595,5.455309e-07,0.014995394,0.16539252,0.11858055,0.6664591
/home/leo/Documentos/mestrado/DeepWeeds-Mobile/images/20170129-102426-0.jpg,8,8,8,8,1,0.7597647,0.023832412,0.005635773,1.4221077e-07,1.2640661e-05,6.64182e-08,0.20322333,0.0002763344,0.007254594,0.7597647
/home/leo/Documentos/mestrado/DeepWeeds-Mobile/images/20180105-100851-2.jpg,8,8,8,8,1,0.9979603,2.4433175e-05,1.9462232e-06,0.0001696935,0.0011092159,4.2801763e-05,3.946557e-06,0.0006676697,1.9915644e-05,0.9979603
/home/leo/Documentos/mestrado/DeepWeeds-Mobile/images/20171219-114117-3.jpg,8,2,8,2,0,0.8554267,0.0024702067,4.357715e-05,0.8554267,0.00011780583,0.032189254,0.00010751106,0.0018749807,0.00038041538,0.107389495
/home/leo/Documentos/mestrado/DeepWeeds-Mobile/images/20170707-113650-0.jpg,0,8,0,8,0,0.4286157,0.14011507,0.06548769,0.00058142847,0.1713349,0.023591079,0.0001053624,0.00066428323,0.16950454,0.4286157
/home/leo/Documentos/mestrado/DeepWeeds-Mobile/images/20170207-153930-0.jpg,0,0,0,0,1,0.7628104,0.7628104,0.060339645,4.797043e-07,2.4291305e-08,2.0109104e-08,0.0062495344,0.049994845,0.06500924,0.05559578
/home/leo/Documentos/mestrado/DeepWeeds-Mobile/images/20180109-103045-2.jpg,8,8,8,8,1,0.9851703,0.0017921233,0.000104488776,0.00413615,0.0031685496,0.0021539498,0.00016602162,7.077825e-06,0.0033012684,0.9851703
/home/leo/Documentos/mestrado/DeepWeeds-Mobile/images/20180109-073013-2.jpg,8,6,8,6,0,0.35814548,0.034349255,0.25870264,0.0012419256,0.00024399476,5.1481496e-05,0.058242075,0.35814548,0.07314159,0.21588156
/home/leo/Documentos/mestrado/DeepWeeds-Mobile/images/20171218-110251-3.jpg,8,8,8,8,1,0.94405794,0.00696028,0.04064073,2.1132808e-05,0.0009903794,0.000114372495,0.00044156745,0.0011522139,0.0056214277,0.94405794
/home/leo/Documentos/mestrado/DeepWeeds-Mobile/images/20171102-115030-2.jpg,2,2,2,2,1,0.9999535,5.3368414e-08,1.1384403e-07,0.9999535,3.7132015e-06,9.945282e-06,3.52027e-09,5.46979e-09,1.7124952e-08,3.2695672e-05
/home/leo/Documentos/mestrado/DeepWeeds-Mobile/images/20171205-144132-2.jpg,8,8,8,8,1,0.9786466,0.00016524042,1.0495769e-06,1.4004397e-09,0.00052309566,4.1917883e-07,0.020527892,0.00013056492,5.247665e-06,0.9786466
/home/leo/Documentos/mestrado/DeepWeeds-Mobile/images/20171109-074813-3.jpg,5,5,5,5,1,0.9986278,1.954986e-05,8.2952414e-07,6.9190482e-12,1.7040828e-09,7.33839e-13,0.9986278,3.946019e-08,9.354583e-08,0.00135172
/home/leo/Documentos/mestrado/DeepWeeds-Mobile/images/20171025-095106-1.jpg,3,8,3,8,0,0.99784744,0.00042815067,3.033681e-06,3.4205275e-06,0.00022148895,9.847746e-09,0.000997826,0.00013797359,0.00036072338,0.99784744
/home/leo/Documentos/mestrado/DeepWeeds-Mobile/images/20180322-130649-1.jpg,8,8,8,8,1,0.9969152,6.184499e-05,6.9985916e-05,7.8732955e-06,0.00043416143,0.000118434364,0.0018571041,0.00050922733,2.6097787e-05,0.9969152
/home/leo/Documentos/mestrado/DeepWeeds-Mobile/images/20180105-095527-2.jpg,8,8,8,8,1,0.98906225,4.3816344e-05,2.9847513e-05,0.0011732312,6.777438e-05,0.0001570242,6.013568e-06,0.009124755,0.0003352147,0.98906225
/home/leo/Documentos/mestrado/DeepWeeds-Mobile/images/20180322-113052-1.jpg,8,8,8,8,1,0.98680365,0.0019374518,6.81912e-06,8.196785e-06,3.6239985e-06,1.9118966e-09,0.006731669,7.8279885e-07,0.0045078257,0.98680365
/home/leo/Documentos/mestrado/DeepWeeds-Mobile/images/20171212-102047-3.jpg,8,8,8,8,1,0.9757238,0.0017276618,0.009883349,9.291518e-07,0.00020413123,4.793549e-05,0.00017048616,0.0005915632,0.011650104,0.9757238
/home/leo/Documentos/mestrado/DeepWeeds-Mobile/images/20171025-090234-2.jpg,3,3,3,3,1,0.95737827,0.0015856731,1.47469955e-05,0.0023219627,0.95737827,0.022453297,4.92563e-06,1.3094827e-07,0.0016782812,0.014562761
/home/leo/Documentos/mestrado/DeepWeeds-Mobile/images/20171113-131746-1.jpg,6,6,6,6,1,0.7283795,0.005434684,0.09426915,4.267887e-06,6.7862093e-06,1.7010814e-07,0.004784883,0.7283795,0.008624322,0.15849628
/home/leo/Documentos/mestrado/DeepWeeds-Mobile/images/20170811-114911-2.jpg,0,0,0,0,1,0.9823971,0.9823971,0.00018170013,1.1200221e-06,8.35638e-08,1.0673411e-06,0.0001173133,1.333133e-05,0.0033713877,0.013916953
/home/leo/Documentos/mestrado/DeepWeeds-Mobile/images/20180322-114004-1.jpg,8,8,8,8,1,0.9956619,0.0015436364,0.000449338,1.0927804e-06,0.0008703088,2.1119758e-05,9.559273e-05,1.7362761e-06,0.0013553312,0.9956619
/home/leo/Documentos/mestrado/DeepWeeds-Mobile/images/20180105-095705-2.jpg,8,8,8,8,1,0.80266,0.0003106428,7.315525e-05,0.09324476,8.375761e-06,0.0013275858,2.3327211e-05,0.10185537,0.0004967124,0.80266
/home/leo/Documentos/mestrado/DeepWeeds-Mobile/images/20180112-094802-1.jpg,8,8,8,8,1,0.99213916,0.00034045623,0.0017050651,7.804191e-05,4.0796363e-05,0.00027868198,3.843633e-06,0.0033500553,0.002063813,0.99213916
/home/leo/Documentos/mestrado/DeepWeeds-Mobile/images/20171220-084341-2.jpg,8,8,8,8,1,0.9916624,0.00079681736,0.0005871699,8.662973e-12,0.004922476,2.9156956e-07,7.1808485e-05,1.6132804e-05,0.001943054,0.9916624
/home/leo/Documentos/mestrado/DeepWeeds-Mobile/images/20170913-095750-1.jpg,3,5,3,5,0,0.38232666,0.0025561387,1.02147e-05,0.003275878,0.314058,0.28744224,0.38232666,2.5713066e-06,0.0022790695,0.008049253
/home/leo/Documentos/mestrado/DeepWeeds-Mobile/images/20180109-090342-1.jpg,8,8,8,8,1,0.98379344,0.0005833134,2.2853568e-05,4.3907792e-07,7.682819e-05,1.2540068e-08,0.0012861473,0.0055665965,0.008670304,0.98379344
/home/leo/Documentos/mestrado/DeepWeeds-Mobile/images/20171113-151053-0.jpg,6,6,6,6,1,0.95785975,9.456446e-05,0.012126053,0.00010820537,7.947041e-05,1.5952364e-05,0.00018536321,0.95785975,0.000811063,0.028719552
/home/leo/Documentos/mestrado/DeepWeeds-Mobile/images/20180119-114127-1.jpg,8,8,8,8,1,0.93763113,0.00057682703,0.0059413603,0.00064844853,0.0022720469,0.00044737846,2.1163954e-05,0.008195364,0.04426615,0.93763113
/home/leo/Documentos/mestrado/DeepWeeds-Mobile/images/20171113-133002-3.jpg,6,8,6,8,0,0.38047653,4.2106436e-05,3.210742e-05,0.26914075,5.614914e-06,0.2740392,5.0866374e-06,0.07622245,3.61762e-05,0.38047653
/home/leo/Documentos/mestrado/DeepWeeds-Mobile/images/20170727-135150-1.jpg,4,4,4,4,1,0.9806426,0.00036329636,6.119542e-06,5.2266925e-05,0.0010592601,0.9806426,1.0305689e-05,2.718414e-08,0.0038116258,0.014054547
/home/leo/Documentos/mestrado/DeepWeeds-Mobile/images/20170811-111114-2.jpg,0,8,0,8,0,0.74995536,0.08670441,0.0061012404,7.323688e-07,1.536602e-05,7.234175e-07,0.00023610446,0.04138337,0.11560269,0.74995536
/home/leo/Documentos/mestrado/DeepWeeds-Mobile/images/20171102-094504-1.jpg,4,8,4,8,0,0.46638766,0.021053111,0.0006092412,0.02198802,0.1179586,0.2710963,0.0003231546,4.0258433e-06,0.10057997,0.46638766
/home/leo/Documentos/mestrado/DeepWeeds-Mobile/images/20171203-164941-3.jpg,8,8,8,8,1,0.93734616,0.0012223263,0.00010852829,1.2023062e-06,0.057042457,0.00029352706,7.589071e-05,8.9093315e-05,0.003820779,0.93734616
/home/leo/Documentos/mestrado/DeepWeeds-Mobile/images/20171113-145611-1.jpg,6,6,6,6,1,0.99719274,3.1475972e-07,0.0026415982,1.825935e-09,1.7623935e-07,1.6341497e-09,4.1202745e-07,0.99719274,9.703196e-06,0.00015510063
/home/leo/Documentos/mestrado/DeepWeeds-Mobile/images/20170811-123049-2.jpg,0,0,0,0,1,0.9041275,0.9041275,0.0060588564,4.05885e-05,0.00035618705,0.002808356,0.00020273145,0.00011059687,0.042578433,0.04371669
/home/leo/Documentos/mestrado/DeepWeeds-Mobile/images/20180125-101636-2.jpg,8,8,8,8,1,0.98776716,3.5807043e-05,6.020896e-08,5.237038e-07,0.012067834,1.537811e-05,4.5582874e-05,5.9432e-05,8.171647e-06,0.98776716
/home/leo/Documentos/mestrado/DeepWeeds-Mobile/images/20171219-111933-3.jpg,8,8,8,8,1,0.9992038,1.05511335e-05,5.615452e-07,0.00012662211,0.00017032368,9.90718e-05,3.2816067e-06,0.00038505087,5.630467e-07,0.9992038
/home/leo/Documentos/mestrado/DeepWeeds-Mobile/images/20180109-073032-1.jpg,8,8,8,8,1,0.9450842,5.244142e-05,4.059681e-05,1.2864676e-05,0.00047258625,3.5859648e-05,6.6020266e-06,0.05408038,0.0002145387,0.9450842
/home/leo/Documentos/mestrado/DeepWeeds-Mobile/images/20170714-142201-3.jpg,1,1,1,1,1,0.82959956,0.0018432485,0.82959956,6.4273872e-06,0.0010099865,8.0419035e-05,0.004574221,0.10649156,0.017739581,0.038654972
/home/leo/Documentos/mestrado/DeepWeeds-Mobile/images/20170913-100725-1.jpg,3,8,3,8,0,0.56357414,0.0025758662,7.4641243e-06,6.280707e-06,0.3566871,0.00037919404,0.07621752,0.00013615393,0.0004163242,0.56357414
/home/leo/Documentos/mestrado/DeepWeeds-Mobile/images/20180109-100221-1.jpg,8,8,8,8,1,0.92392844,0.0025876614,0.00038649287,0.05767677,0.0014390176,0.011748868,6.686346e-05,8.4388994e-05,0.002081505,0.92392844
/home/leo/Documentos/mestrado/DeepWeeds-Mobile/images/20170811-125051-2.jpg,0,0,0,0,1,0.4314459,0.4314459,0.01284273,0.04902089,0.0152943265,0.26818854,0.00047125365,0.00020584484,0.06790101,0.15462947
/home/leo/Documentos/mestrado/DeepWeeds-Mobile/images/20170501-143630-0.jpg,1,1,1,1,1,0.7191038,0.002139778,0.7191038,7.707576e-05,2.1060392e-05,1.7776674e-05,0.0008011681,0.0033230018,0.0065106098,0.26800567
/home/leo/Documentos/mestrado/DeepWeeds-Mobile/images/20170727-171808-1.jpg,4,4,4,4,1,0.989509,0.00029721428,2.0922105e-06,0.0005064488,8.877559e-05,0.989509,1.1432852e-07,3.5839526e-10,0.0046329517,0.0049635367
/home/leo/Documentos/mestrado/DeepWeeds-Mobile/images/20171025-075258-1.jpg,3,8,3,8,0,0.8050864,0.036866177,0.07290704,9.982845e-07,0.041604336,0.00014686977,4.2428994e-05,0.00080283947,0.04254287,0.8050864
/home/leo/Documentos/mestrado/DeepWeeds-Mobile/images/20170727-130021-1.jpg,4,4,4,4,1,0.9799686,0.0001249576,7.9811014e-07,0.016423058,0.00012815057,0.9799686,6.0528696e-06,2.0617777e-07,0.00010752117,0.0032406314
/home/leo/Documentos/mestrado/DeepWeeds-Mobile/images/20170729-153701-3.jpg,4,4,4,4,1,0.9621735,0.0012915154,9.30619e-06,1.21835765e-05,0.0019626643,0.9621735,4.4847576e-07,8.077792e-09,0.020222362,0.014328046
/home/leo/Documentos/mestrado/DeepWeeds-Mobile/images/20180105-100146-2.jpg,8,8,8,8,1,0.8835232,0.0045618317,0.0020260077,0.062172145,0.00075140444,0.004462711,0.0010575108,0.015016806,0.02642838,0.8835232
/home/leo/Documentos/mestrado/DeepWeeds-Mobile/images/20170627-104025-0.jpg,0,8,0,8,0,0.54900324,0.44522732,1.1834262e-05,1.048545e-08,2.7987956e-10,1.8734077e-10,0.0056254067,3.4747887e-07,0.00013192554,0.54900324
/home/leo/Documentos/mestrado/DeepWeeds-Mobile/images/20180322-112234-2.jpg,8,8,8,8,1,0.99935514,6.702982e-05,0.0004268628,4.1754734e-05,3.4690413e-05,5.2889044e-07,4.1153402e-05,4.63705e-07,3.2474025e-05,0.99935514
/home/leo/Documentos/mestrado/DeepWeeds-Mobile/images/20170920-192308-1.jpg,2,2,2,2,1,0.9991319,4.6021064e-06,7.0574556e-06,0.9991319,4.4171566e-07,2.415714e-05,3.734145e-05,2.1865187e-06,1.1468727e-05,0.0007808563
/home/leo/Documentos/mestrado/DeepWeeds-Mobile/images/20171218-103843-3.jpg,8,8,8,8,1,0.99258137,0.00039570493,1.0050207e-05,0.00016174302,0.0011105855,0.0047152084,5.0521896e-07,7.014345e-07,0.0010240593,0.99258137
/home/leo/Documentos/mestrado/DeepWeeds-Mobile/images/20180105-095642-3.jpg,8,8,8,8,1,0.99863344,9.8663795e-06,1.176448e-05,0.00032818897,7.3981624e-05,0.00015009056,7.6079175e-07,0.0007116568,8.013973e-05,0.99863344
/home/leo/Documentos/mestrado/DeepWeeds-Mobile/images/20170727-111533-3.jpg,4,2,4,2,0,0.7004586,3.9130186e-06,1.07055634e-07,0.7004586,3.4269335e-05,0.29918483,4.3644366e-05,4.1437497e-06,1.621703e-07,0.00027034184
/home/leo/Documentos/mestrado/DeepWeeds-Mobile/images/20180125-091515-1.jpg,8,8,8,8,1,0.99946076,0.00016127332,7.323816e-05,2.1153396e-06,0.00010518693,8.369822e-05,1.690835e-05,9.007129e-06,8.7848006e-05,0.99946076
/home/leo/Documentos/mestrado/DeepWeeds-Mobile/images/20180125-095445-2.jpg,8,8,8,8,1,0.9978224,0.000110993715,8.2618686e-07,2.4738083e-06,0.00029333332,1.1933022e-06,0.0015180529,0.00024191912,8.802018e-06,0.9978224
/home/leo/Documentos/mestrado/DeepWeeds-Mobile/images/20180109-103828-1.jpg,8,8,8,8,1,0.9563562,0.009205375,2.8604189e-05,0.024258738,0.0023747142,0.0059963674,6.9513444e-05,1.3084997e-06,0.0017091071,0.9563562
/home/leo/Documentos/mestrado/DeepWeeds-Mobile/images/20171220-095131-1.jpg,8,8,8,8,1,0.9999639,1.1236376e-06,2.4031705e-08,3.8429564e-17,1.4974622e-05,1.9357294e-12,3.913288e-06,2.1247505e-08,1.6142198e-05,0.9999639
/home/leo/Documentos/mestrado/DeepWeeds-Mobile/images/20180112-072919-1.jpg,8,8,8,8,1,0.49104616,0.025315462,0.00085439446,2.7773317e-06,0.0002157889,5.657479e-06,0.00014099943,6.2014095e-07,0.48241812,0.49104616
/home/leo/Documentos/mestrado/DeepWeeds-Mobile/images/20170913-122821-3.jpg,3,7,3,7,0,0.45632818,0.08581936,0.0019096867,2.8267218e-06,5.1259984e-05,0.0010236683,2.9958543e-05,3.7450565e-07,0.45632818,0.4548347
/home/leo/Documentos/mestrado/DeepWeeds-Mobile/images/20180109-095335-2.jpg,8,8,8,8,1,0.96372896,0.018619455,0.00024660895,0.0027704276,4.9479e-05,0.0001292297,6.1783753e-06,1.7329103e-07,0.014449429,0.96372896
/home/leo/Documentos/mestrado/DeepWeeds-Mobile/images/20170727-170106-1.jpg,4,4,4,4,1,0.8994313,0.0040241494,0.00014893882,3.4996556e-05,0.0037944268,0.8994313,9.142859e-08,1.0703365e-07,0.025554126,0.06701194
/home/leo/Documentos/mestrado/DeepWeeds-Mobile/images/20170727-145831-3.jpg,4,4,4,4,1,0.9946452,0.00010454604,9.277129e-08,0.0033507494,0.00051308284,0.9946452,0.00016809923,1.862946e-09,5.2815478e-05,0.0011655132
/home/leo/Documentos/mestrado/DeepWeeds-Mobile/images/20171220-082953-2.jpg,8,8,8,8,1,0.9904548,0.0011695678,5.273586e-05,8.0069396e-10,0.00023014379,6.4722786e-07,0.0026551862,5.077053e-06,0.005431853,0.9904548
/home/leo/Documentos/mestrado/DeepWeeds-Mobile/images/20171113-133118-3.jpg,6,6,6,6,1,0.98957,1.3220173e-05,0.0004400327,1.4924201e-06,0.00029007043,1.5062245e-05,9.070041e-08,0.98957,0.0002108497,0.009459176
/home/leo/Documentos/mestrado/DeepWeeds-Mobile/images/20180112-082314-1.jpg,8,8,8,8,1,0.85628283,0.05861919,2.5969708e-05,0.006236524,0.0039954786,0.0041126274,1.3207632e-05,5.0302846e-09,0.070714176,0.85628283
/home/leo/Documentos/mestrado/DeepWeeds-Mobile/images/20180112-104200-2.jpg,8,8,8,8,1,0.91830766,0.056082383,0.00026473615,0.00029022055,0.013759208,0.0005039088,9.772853e-05,1.481171e-06,0.010692759,0.91830766
/home/leo/Documentos/mestrado/DeepWeeds-Mobile/images/20170727-171739-3.jpg,4,4,4,4,1,0.5861224,0.008159729,0.0020287698,0.06550618,0.11668572,0.5861224,0.13498205,0.0011628942,0.02965456,0.055697672
/home/leo/Documentos/mestrado/DeepWeeds-Mobile/images/20170210-134327-0.jpg,0,0,0,0,1,0.93832827,0.93832827,7.43632e-05,2.9605944e-12,2.72662e-13,1.0549391e-14,1.2052848e-05,2.3632886e-08,0.060951166,0.00063407415
/home/leo/Documentos/mestrado/DeepWeeds-Mobile/images/20180119-111654-2.jpg,8,8,8,8,1,0.8624374,0.004682578,0.028910005,4.2479664e-07,0.0028854331,1.27526055e-05,0.0068045524,0.0009049634,0.09336184,0.8624374
/home/leo/Documentos/mestrado/DeepWeeds-Mobile/images/20171220-100528-2.jpg,8,8,8,8,1,0.5261342,0.082573935,0.3463911,2.4937071e-07,0.00018502973,1.7203995e-07,0.014261913,0.003822077,0.026631245,0.5261342
/home/leo/Documentos/mestrado/DeepWeeds-Mobile/images/20171205-144824-2.jpg,8,8,8,8,1,0.99350995,0.0002016803,0.0037704527,3.796601e-09,0.000815931,2.7907245e-07,0.00078421907,0.00085269904,6.47973e-05,0.99350995
/home/leo/Documentos/mestrado/DeepWeeds-Mobile/images/20170811-111230-1.jpg,0,0,0,0,1,0.99919623,0.99919623,3.4958404e-05,1.1077192e-08,2.1961012e-10,5.4792714e-08,1.6384962e-06,4.0751512e-08,0.00041685018,0.00035027534
/home/leo/Documentos/mestrado/DeepWeeds-Mobile/images/20170811-114044-1.jpg,0,0,0,0,1,0.8975177,0.8975177,0.02001049,2.4842705e-06,2.8706264e-08,3.197996e-08,0.000543907,0.00010085759,0.05097162,0.030852877
/home/leo/Documentos/mestrado/DeepWeeds-Mobile/images/20170718-131856-2.jpg,7,7,7,7,1,0.941531,0.012530452,0.018264484,1.1513022e-05,0.00017751235,7.6465e-05,0.0013499393,0.0011139347,0.941531,0.02494474
/home/leo/Documentos/mestrado/DeepWeeds-Mobile/images/20171212-093932-1.jpg,8,8,8,8,1,0.99220943,4.30578e-07,2.0645375e-07,2.89421e-16,0.0077878376,1.9860152e-10,2.4646982e-07,1.9699878e-07,1.5401691e-06,0.99220943
/home/leo/Documentos/mestrado/DeepWeeds-Mobile/images/20171025-090755-1.jpg,3,3,3,3,1,0.4886414,0.012010387,0.0035807055,0.0016172276,0.4886414,0.023144497,5.7723773e-06,4.3079042e-05,0.03021702,0.4407398
/home/leo/Documentos/mestrado/DeepWeeds-Mobile/images/20180109-073005-2.jpg,8,6,8,6,0,0.46841183,0.002410598,0.3075169,2.6756885e-05,0.00063114316,5.0365612e-05,0.002543423,0.46841183,0.01987094,0.198538
/home/leo/Documentos/mestrado/DeepWeeds-Mobile/images/20170630-155936-0.jpg,7,7,7,7,1,0.84427947,0.061831333,0.0045535816,2.9698334e-05,5.2534055e-05,7.089044e-05,0.0060821427,8.0588594e-05,0.84427947,0.0830197
/home/leo/Documentos/mestrado/DeepWeeds-Mobile/images/20171212-095017-1.jpg,8,8,8,8,1,0.9991786,1.18902136e-07,1.8171313e-09,2.3701074e-17,0.0008194494,5.5111023e-11,2.7132886e-08,4.368318e-09,1.835215e-06,0.9991786
/home/leo/Documentos/mestrado/DeepWeeds-Mobile/images/20180112-081605-1.jpg,8,8,8,8,1,0.7092942,0.11848757,2.9650399e-05,0.002404708,0.067562185,0.01288832,2.2563549e-05,1.377259e-07,0.08931077,0.7092942
/home/leo/Documentos/mestrado/DeepWeeds-Mobile/images/20180112-073135-2.jpg,8,8,8,8,1,0.56097305,0.03614322,0.040641423,1.7598448e-05,0.0003915431,0.0068356995,7.575378e-07,3.3603053e-06,0.35499334,0.56097305
/home/leo/Documentos/mestrado/DeepWeeds-Mobile/images/20171109-092035-1.jpg,5,5,5,5,1,0.9645455,0.0013698428,0.0004064076,1.7788808e-09,8.7994965e-07,6.003889e-09,0.9645455,8.554877e-06,0.00080884027,0.032859847
/home/leo/Documentos/mestrado/DeepWeeds-Mobile/images/20170217-112305-0.jpg,0,0,0,0,1,0.95894957,0.95894957,7.712617e-05,8.832002e-08,2.563746e-09,4.2173331e-10,0.025723685,5.5641212e-06,0.010084609,0.005159448
/home/leo/Documentos/mestrado/DeepWeeds-Mobile/images/20170715-165120-1.jpg,1,1,1,1,1,0.99980915,1.3488072e-06,0.99980915,1.8803256e-11,4.6122692e-09,2.0269304e-10,2.7073668e-09,0.00018353472,9.696028e-07,4.949949e-06
/home/leo/Documentos/mestrado/DeepWeeds-Mobile/images/20180125-095523-1.jpg,8,8,8,8,1,0.9642496,0.00015728523,1.6872946e-05,5.6189373e-09,0.00016069117,2.9438e-07,0.035006788,0.00012006231,0.00028837624,0.9642496
/home/leo/Documentos/mestrado/DeepWeeds-Mobile/images/20180322-103038-1.jpg,8,8,8,8,1,0.86429226,0.037864894,0.035810918,0.00014020152,0.0011326688,0.023359003,7.467993e-05,1.0345051e-06,0.037324306,0.86429226
/home/leo/Documentos/mestrado/DeepWeeds-Mobile/images/20171212-102601-3.jpg,8,8,8,8,1,0.8612325,0.055879787,0.024387464,6.8475296e-05,2.5346786e-05,1.3958313e-05,5.7665613e-05,3.065163e-05,0.058304094,0.8612325
/home/leo/Documentos/mestrado/DeepWeeds-Mobile/images/20171219-114940-2.jpg,8,8,8,8,1,0.6033981,0.0024121448,0.00044196387,0.008105492,0.055558566,0.3179387,1.2117532e-06,0.0026785766,0.00946528,0.6033981
/home/leo/Documentos/mestrado/DeepWeeds-Mobile/images/20180109-105354-2.jpg,8,8,8,8,1,0.9114515,0.019492682,0.00019153158,0.05511745,0.0007802621,0.005313651,8.165945e-05,6.2803592e-06,0.007564894,0.9114515
/home/leo/Documentos/mestrado/DeepWeeds-Mobile/images/20170304-124920-0.jpg,0,0,0,0,1,0.43888044,0.43888044,0.0012939426,4.376964e-06,1.9397681e-05,5.780931e-05,0.00014974686,4.8226248e-08,0.37768465,0.1819095
/home/leo/Documentos/mestrado/DeepWeeds-Mobile/images/20180112-071308-2.jpg,8,8,8,8,1,0.6697712,0.0051624086,0.0002916793,0.000740626,0.29855657,0.015767492,2.4608656e-08,2.4273872e-06,0.009707699,0.6697712
/home/leo/Documentos/mestrado/DeepWeeds-Mobile/images/20180119-104919-2.jpg,8,8,8,8,1,0.9753964,0.00019070778,0.0012077652,9.717757e-06,0.012297412,2.4408895e-05,0.00030237224,0.010224474,0.0003467414,0.9753964
/home/leo/Documentos/mestrado/DeepWeeds-Mobile/images/20170210-132021-0.jpg,7,7,7,7,1,0.8994236,0.022350658,2.322776e-05,0.00012574029,7.5726405e-07,1.6244161e-07,0.00027473294,1.993865e-05,0.8994236,0.077781186
/home/leo/Documentos/mestrado/DeepWeeds-Mobile/images/20180109-094748-2.jpg,8,8,8,8,1,0.96573454,0.025092378,0.00126956,0.00013706468,0.002856477,1.1363716e-05,4.5226778e-05,0.00028184176,0.004571364,0.96573454
/home/leo/Documentos/mestrado/DeepWeeds-Mobile/images/20171212-093721-1.jpg,8,8,8,8,1,0.9922508,2.1797874e-05,1.3103305e-06,1.6331744e-10,0.007486053,7.6121165e-07,1.1152196e-06,1.9911477e-05,0.0002184452,0.9922508
/home/leo/Documentos/mestrado/DeepWeeds-Mobile/images/20170711-120856-0.jpg,0,8,0,8,0,0.7681902,0.13347556,0.004268364,0.0036398077,0.01418514,0.00065934175,9.795764e-05,0.0002304077,0.07525321,0.7681902
/home/leo/Documentos/mestrado/DeepWeeds-Mobile/images/20171219-105521-2.jpg,8,8,8,8,1,0.9809471,0.0035905682,0.0038899053,0.0016735509,0.0082049165,0.0011117933,3.3733242e-05,1.3597491e-06,0.00054701115,0.9809471
/home/leo/Documentos/mestrado/DeepWeeds-Mobile/images/20170727-145620-3.jpg,4,4,4,4,1,0.978162,0.0015664037,7.2656467e-06,0.0004712187,0.0011221303,0.978162,1.5201264e-05,1.927493e-07,0.0041792323,0.0144763
/home/leo/Documentos/mestrado/DeepWeeds-Mobile/images/20171113-135150-0.jpg,6,6,6,6,1,0.9965892,3.9602088e-05,2.5306159e-05,9.756835e-07,7.353017e-06,2.1615156e-09,0.0015345596,0.9965892,0.00010653926,0.0016964852
/home/leo/Documentos/mestrado/DeepWeeds-Mobile/images/20180109-091450-2.jpg,8,8,8,8,1,0.9518189,2.6226038e-05,3.403061e-05,6.8037883e-07,3.782897e-07,1.871287e-10,0.04522666,0.0028303966,6.2776475e-05,0.9518189
/home/leo/Documentos/mestrado/DeepWeeds-Mobile/images/20180112-082558-1.jpg,8,8,8,8,1,0.9674113,0.0006635579,0.00012338262,0.00019333752,0.0006988552,0.009956815,1.5383392e-07,6.59179e-06,0.020946007,0.9674113
/home/leo/Documentos/mestrado/DeepWeeds-Mobile/images/20170913-104753-2.jpg,3,3,3,3,1,0.9616407,7.5936373e-06,7.811173e-07,0.0008865772,0.9616407,0.014195764,0.022129256,1.3265622e-05,6.552149e-07,0.0011254587
/home/leo/Documentos/mestrado/DeepWeeds-Mobile/images/20180112-080609-2.jpg,8,2,8,2,0,0.65240926,0.117913015,9.2116206e-05,0.65240926,0.018262342,0.02709964,4.5711613e-06,1.0040197e-06,0.0099982945,0.17421985
/home/leo/Documentos/mestrado/DeepWeeds-Mobile/images/20170913-101930-2.jpg,3,3,3,3,1,0.677852,0.0003809361,5.2099796e-07,7.333899e-05,0.677852,0.004458568,0.13603172,0.00028089093,8.350273e-06,0.18091375
/home/leo/Documentos/mestrado/DeepWeeds-Mobile/images/20171109-070321-1.jpg,5,5,5,5,1,0.8105848,0.0006745773,0.00021489986,2.806429e-07,0.00020583259,7.2724426e-08,0.8105848,0.00027779146,0.016061867,0.1719799
/home/leo/Documentos/mestrado/DeepWeeds-Mobile/images/20180109-092325-1.jpg,8,8,8,8,1,0.9111236,0.00020275476,0.0020669391,0.073043264,4.8821927e-05,0.0077675795,6.057531e-05,0.0044625923,0.0012239012,0.9111236
/home/leo/Documentos/mestrado/DeepWeeds-Mobile/images/20180112-071913-2.jpg,8,8,8,8,1,0.38114852,0.03162722,0.024151755,0.028157447,0.00087366527,0.36490813,5.8041096e-05,2.8571906e-06,0.16907234,0.38114852
/home/leo/Documentos/mestrado/DeepWeeds-Mobile/images/20180112-093710-1.jpg,8,8,8,8,1,0.94848937,0.0175394,0.0037951511,0.001005107,0.0025676007,0.008242748,0.00014164334,0.0013801537,0.01683881,0.94848937
/home/leo/Documentos/mestrado/DeepWeeds-Mobile/images/20171113-094355-3.jpg,5,5,5,5,1,0.96217257,0.00040565088,0.00015985903,1.5230698e-08,2.1622625e-05,5.0613065e-09,0.96217257,0.0007160771,0.00028767108,0.036236424
/home/leo/Documentos/mestrado/DeepWeeds-Mobile/images/20180125-091303-2.jpg,8,8,8,8,1,0.99980795,7.052646e-06,2.6504108e-06,3.9718e-08,0.00014467386,9.716932e-06,2.574474e-07,7.727717e-06,1.9908077e-05,0.99980795
/home/leo/Documentos/mestrado/DeepWeeds-Mobile/images/20170906-091548-1.jpg,3,3,3,3,1,0.9529174,0.0010009395,0.00045955766,7.221734e-07,0.9529174,0.0015578574,2.5607033e-06,4.495475e-07,0.02581992,0.018240625
/home/leo/Documentos/mestrado/DeepWeeds-Mobile/images/20180109-105155-2.jpg,8,8,8,8,1,0.9213725,0.004746765,4.2209253e-05,0.06898982,0.0008311968,0.002868534,0.0003667989,3.3883096e-06,0.00077875925,0.9213725
/home/leo/Documentos/mestrado/DeepWeeds-Mobile/images/20170315-085450-0.jpg,8,8,8,8,1,0.6559257,0.10857145,0.0029849424,0.00080777734,0.0007453021,0.003919018,0.027344432,2.4854955e-06,0.19969897,0.6559257
/home/leo/Documentos/mestrado/DeepWeeds-Mobile/images/20170521-153419-0.jpg,1,7,1,7,0,0.65907925,0.049388036,0.20990907,1.3471575e-08,1.4322486e-08,3.194712e-09,0.008813754,0.0673297,0.65907925,0.0054801623
/home/leo/Documentos/mestrado/DeepWeeds-Mobile/images/20180109-094804-2.jpg,8,8,8,8,1,0.98868215,0.005029654,0.00017864004,0.00010282039,0.005502341,4.203578e-05,1.916133e-06,0.00019567898,0.00026465743,0.98868215
/home/leo/Documentos/mestrado/DeepWeeds-Mobile/images/20170727-113316-3.jpg,4,8,4,8,0,0.88812125,0.014221937,0.00054795423,0.03421051,0.001048033,0.019022321,0.00044247933,0.03253508,0.009850459,0.88812125
/home/leo/Documentos/mestrado/DeepWeeds-Mobile/images/20180109-074954-2.jpg,8,8,8,8,1,0.7854476,0.004274238,0.0039216834,0.002525466,0.0003600023,0.00029658581,0.0009390071,0.19834742,0.0038879414,0.7854476
/home/leo/Documentos/mestrado/DeepWeeds-Mobile/images/20171218-121619-2.jpg,8,8,8,8,1,0.9740156,0.003994852,0.004135648,1.3013701e-07,4.032397e-05,1.4102421e-06,0.0006024552,1.1147473e-05,0.017198462,0.9740156
/home/leo/Documentos/mestrado/DeepWeeds-Mobile/images/20180109-070909-1.jpg,8,6,8,6,0,0.93681395,1.9690365e-06,6.995312e-05,1.1114318e-07,1.536381e-06,1.5469976e-08,3.264313e-05,0.93681395,3.5984458e-06,0.063076146
/home/leo/Documentos/mestrado/DeepWeeds-Mobile/images/20170714-114257-2.jpg,1,7,1,7,0,0.41725528,0.06384414,0.27325806,1.4048026e-06,0.00019639297,3.7918402e-05,0.0031243034,0.026037743,0.41725528,0.21624473
/home/leo/Documentos/mestrado/DeepWeeds-Mobile/images/20180109-070728-2.jpg,8,6,8,6,0,0.8267362,8.89766e-05,0.08337951,3.8544713e-05,2.934831e-05,3.430229e-05,0.00010351177,0.8267362,0.0009808994,0.088608764
/home/leo/Documentos/mestrado/DeepWeeds-Mobile/images/20171113-133603-1.jpg,6,6,6,6,1,0.99816513,9.302936e-07,0.00085447554,1.7307599e-09,1.7331906e-06,3.756099e-09,1.9567503e-07,0.99816513,4.3276454e-05,0.0009342109
/home/leo/Documentos/mestrado/DeepWeeds-Mobile/images/20171102-120830-1.jpg,2,2,2,2,1,0.99990046,2.754961e-06,1.1839078e-08,0.99990046,1.0633523e-06,1.7500214e-06,2.8191218e-09,1.09245555e-08,7.119982e-08,9.387392e-05
/home/leo/Documentos/mestrado/DeepWeeds-Mobile/images/20171102-121356-3.jpg,2,2,2,2,1,0.9999951,3.1318475e-08,1.6900039e-09,0.9999951,5.8978973e-08,4.6310348e-08,1.8372857e-10,3.842832e-11,8.2225293e-10,4.660387e-06
/home/leo/Documentos/mestrado/DeepWeeds-Mobile/images/20171113-131834-2.jpg,6,6,6,6,1,0.99855965,6.8618133e-09,0.0012812383,6.0905075e-10,4.2455436e-08,6.3357326e-11,5.675046e-06,0.99855965,4.7243523e-07,0.0001529571
/home/leo/Documentos/mestrado/DeepWeeds-Mobile/images/20170913-103527-1.jpg,3,3,3,3,1,0.9972076,1.313974e-07,4.646343e-09,2.9045684e-06,0.9972076,0.0027330576,3.7587316e-07,2.0253583e-09,6.2891665e-08,5.5776698e-05
/home/leo/Documentos/mestrado/DeepWeeds-Mobile/images/20171025-075137-1.jpg,3,8,3,8,0,0.9190885,0.016391244,0.023917278,1.074539e-05,0.011407859,2.6135578e-05,9.089474e-05,6.249595e-05,0.02900495,0.9190885
/home/leo/Documentos/mestrado/DeepWeeds-Mobile/images/20170217-150828-0.jpg,0,0,0,0,1,0.70714587,0.70714587,0.0088282535,4.205011e-05,3.7390408e-05,0.00032561,0.00022922143,5.2933836e-05,0.17848493,0.10485366
/home/leo/Documentos/mestrado/DeepWeeds-Mobile/images/20170913-103303-3.jpg,5,5,5,5,1,0.9785334,0.00012698294,9.3463336e-07,6.130715e-05,0.0011099668,0.011873544,0.9785334,0.00012352868,8.627422e-06,0.008161707
/home/leo/Documentos/mestrado/DeepWeeds-Mobile/images/20170727-154716-1.jpg,4,2,4,2,0,0.95141643,0.00024386866,2.7431784e-06,0.95141643,0.00040226054,0.04535695,0.00018657981,7.399546e-07,6.870672e-05,0.0023217131
/home/leo/Documentos/mestrado/DeepWeeds-Mobile/images/20171220-082659-2.jpg,8,8,8,8,1,0.9989028,0.000107839056,6.8184494e-07,2.6656813e-12,0.000752566,2.3027654e-08,6.867362e-05,1.0080773e-06,0.00016637053,0.9989028
/home/leo/Documentos/mestrado/DeepWeeds-Mobile/images/20180105-093148-2.jpg,8,6,8,6,0,0.86747456,1.2570018e-05,0.012008767,1.0544565e-05,8.388296e-06,3.1137347e-08,0.10953954,0.86747456,0.0017624771,0.009183132
/home/leo/Documentos/mestrado/DeepWeeds-Mobile/images/20180125-095114-1.jpg,8,8,8,8,1,0.95524585,0.00081702176,5.029326e-06,9.059955e-06,0.025176652,5.3811134e-05,0.016473118,0.0021568008,6.259877e-05,0.95524585
/home/leo/Documentos/mestrado/DeepWeeds-Mobile/images/20170729-154527-3.jpg,4,4,4,4,1,0.969022,0.0037116255,2.5718726e-05,0.00096092257,0.0045975954,0.969022,3.4374945e-05,2.5941137e-07,0.0065353177,0.01511226
/home/leo/Documentos/mestrado/DeepWeeds-Mobile/images/20170920-160118-3.jpg,2,2,2,2,1,0.81595546,5.5542056e-05,5.010753e-07,0.81595546,0.00021481841,0.17691587,1.7213735e-06,4.4443007e-07,6.405491e-05,0.0067915735
/home/leo/Documentos/mestrado/DeepWeeds-Mobile/images/20171220-100414-1.jpg,8,8,8,8,1,0.99733126,2.0209343e-05,4.1007553e-07,7.343901e-14,8.69682e-05,3.1998187e-10,0.002481538,1.5561469e-06,7.80318e-05,0.99733126
/home/leo/Documentos/mestrado/DeepWeeds-Mobile/images/20180105-093654-2.jpg,8,8,8,8,1,0.96904725,0.008671386,0.0028696987,7.750233e-05,0.0028372137,0.00021947655,0.00038553253,0.0012714334,0.014620495,0.96904725
/home/leo/Documentos/mestrado/DeepWeeds-Mobile/images/20170913-120841-2.jpg,5,5,5,5,1,0.9997983,0.00012613491,2.1925307e-06,5.786092e-08,1.01438545e-07,2.472783e-06,0.9997983,5.644764e-08,5.6143963e-05,1.4572297e-05
/home/leo/Documentos/mestrado/DeepWeeds-Mobile/images/20180105-100843-2.jpg,8,8,8,8,1,0.9770225,8.396599e-06,1.7223207e-06,0.0200394,0.00029356845,0.0021253347,6.10166e-07,0.0005047085,3.7610012e-06,0.9770225
/home/leo/Documentos/mestrado/DeepWeeds-Mobile/images/20171113-144457-3.jpg,6,8,6,8,0,0.5596165,0.01084893,0.05595562,3.4537504e-06,0.0040607452,7.844549e-06,0.032680806,0.3208279,0.015998201,0.5596165
/home/leo/Documentos/mestrado/DeepWeeds-Mobile/images/20180125-095111-2.jpg,8,8,8,8,1,0.9998063,3.356416e-05,3.2893976e-09,9.796699e-09,0.00014189229,1.3684902e-06,6.996596e-06,1.0204856e-06,8.742444e-06,0.9998063
/home/leo/Documentos/mestrado/DeepWeeds-Mobile/images/20180109-071753-1.jpg,8,6,8,6,0,0.57482773,2.1741632e-06,0.002614871,1.5028315e-09,0.0012341627,4.3647315e-06,1.1050545e-06,0.57482773,5.591773e-06,0.42131007
/home/leo/Documentos/mestrado/DeepWeeds-Mobile/images/20170129-102354-0.jpg,8,0,8,0,0,0.51654077,0.51654077,0.10722644,8.284861e-06,0.002224845,0.00010282185,0.00015094488,2.0256053e-05,0.09450061,0.27922496
/home/leo/Documentos/mestrado/DeepWeeds-Mobile/images/20170714-170608-1.jpg,1,1,1,1,1,0.9882465,0.0009606236,0.9882465,7.343799e-09,3.073538e-05,6.0758425e-06,1.2596086e-06,0.001316318,0.0009436876,0.008494806
/home/leo/Documentos/mestrado/DeepWeeds-Mobile/images/20180125-092352-1.jpg,8,8,8,8,1,0.9985726,9.5703916e-05,2.2196856e-07,0.00018276137,0.00018611806,0.00021201055,0.00069287705,3.0041543e-05,2.767356e-05,0.9985726
/home/leo/Documentos/mestrado/DeepWeeds-Mobile/images/20171113-132914-1.jpg,6,6,6,6,1,0.99059665,4.1004264e-06,0.0013100008,1.7979387e-07,2.7224185e-05,2.4598359e-07,3.3172473e-05,0.99059665,0.00013742005,0.007890919
/home/leo/Documentos/mestrado/DeepWeeds-Mobile/images/20170920-131716-2.jpg,2,2,2,2,1,0.999992,6.212007e-08,2.2585851e-08,0.999992,1.862592e-07,1.3797886e-06,6.2135035e-07,3.0998277e-09,4.469599e-08,5.7414104e-06
/home/leo/Documentos/mestrado/DeepWeeds-Mobile/images/20180322-105156-1.jpg,8,8,8,8,1,0.9914551,0.003385672,8.531957e-05,6.078207e-06,1.768165e-05,0.0005050362,0.00018668591,1.5852615e-09,0.0043585366,0.9914551
/home/leo/Documentos/mestrado/DeepWeeds-Mobile/images/20180105-093554-3.jpg,8,6,8,6,0,0.7341572,0.00022303415,0.010201131,0.00020834639,0.00045699178,2.3682423e-05,0.0007734163,0.7341572,0.0006388034,0.25331733
/home/leo/Documentos/mestrado/DeepWeeds-Mobile/images/20171025-100313-2.jpg,3,8,3,8,0,0.45709532,0.0074245133,0.00013666348,0.0033060252,0.4103935,0.076467305,2.229965e-06,5.58366e-05,0.045118593,0.45709532
/home/leo/Documentos/mestrado/DeepWeeds-Mobile/images/20180125-134035-2.jpg,8,8,8,8,1,0.9968067,0.0009266508,0.00047806828,6.2057998e-06,0.000482885,0.0007670207,6.982484e-05,6.5117274e-06,0.00045607,0.9968067
/home/leo/Documentos/mestrado/DeepWeeds-Mobile/images/20171220-094859-1.jpg,8,8,8,8,1,0.9999993,1.6394187e-08,4.4588724e-10,2.849148e-21,3.5593655e-07,3.4379714e-15,8.222525e-08,8.2751236e-11,2.2403425e-07,0.9999993
/home/leo/Documentos/mestrado/DeepWeeds-Mobile/images/20170714-135041-3.jpg,1,1,1,1,1,0.9999788,3.221093e-07,0.9999788,1.2337944e-11,8.2522783e-10,2.8504008e-09,3.6114112e-09,4.904748e-06,1.33067415e-05,2.674933e-06
/home/leo/Documentos/mestrado/DeepWeeds-Mobile/images/20180322-133840-1.jpg,8,8,8,8,1,0.72026217,0.0022302233,0.000552217,0.2474243,0.0066564013,0.021339227,0.00040856094,7.765029e-06,0.001119088,0.72026217
/home/leo/Documentos/mestrado/DeepWeeds-Mobile/images/20170811-162503-1.jpg,0,0,0,0,1,0.99896073,0.99896073,6.7032573e-07,1.4936456e-08,6.618883e-11,4.4751605e-08,3.956331e-06,6.968302e-11,0.0005659664,0.00046875296
/home/leo/Documentos/mestrado/DeepWeeds-Mobile/images/20180322-120015-2.jpg,8,8,8,8,1,0.98473763,0.006472519,0.0006909761,4.0905975e-06,0.00059752155,4.817319e-06,0.0017564617,4.059376e-06,0.0057319338,0.98473763
/home/leo/Documentos/mestrado/DeepWeeds-Mobile/images/20171219-101052-2.jpg,8,8,8,8,1,0.83315235,0.031720962,0.019536244,0.003230499,0.06621063,0.02491062,0.0032180918,0.004498516,0.013521997,0.83315235
/home/leo/Documentos/mestrado/DeepWeeds-Mobile/images/20180109-090634-2.jpg,8,8,8,8,1,0.84540397,0.0329511,8.511808e-05,3.0638462e-06,9.321997e-05,6.816112e-09,0.01645837,4.342382e-06,0.10500087,0.84540397
/home/leo/Documentos/mestrado/DeepWeeds-Mobile/images/20170718-132334-2.jpg,7,7,7,7,1,0.8985765,0.028057849,0.067171186,2.8964741e-06,2.658679e-06,3.596975e-05,0.00072633394,3.3958097e-06,0.8985765,0.0054232115
/home/leo/Documentos/mestrado/DeepWeeds-Mobile/images/20180119-105157-2.jpg,8,8,8,8,1,0.9011934,0.0037059344,0.0008520232,0.08005488,0.0017801798,0.005254213,0.00020356696,0.0005986973,0.0063571986,0.9011934
/home/leo/Documentos/mestrado/DeepWeeds-Mobile/images/20180322-105352-1.jpg,8,8,8,8,1,0.9402237,0.0047229803,0.0002564186,0.028968206,0.0043180655,0.012105869,0.00045952437,5.3341637e-07,0.0089446455,0.9402237
/home/leo/Documentos/mestrado/DeepWeeds-Mobile/images/20171212-093744-1.jpg,8,8,8,8,1,0.96536046,3.009187e-06,4.84025e-07,8.493601e-14,0.034525152,4.9791087e-08,3.100396e-09,6.28183e-08,0.000110794215,0.96536046
/home/leo/Documentos/mestrado/DeepWeeds-Mobile/images/20180112-103849-2.jpg,8,8,8,8,1,0.98032504,0.005840577,1.4295249e-06,0.005858116,3.3799072e-06,7.535751e-08,1.3946806e-05,1.854287e-07,0.007957144,0.98032504
/home/leo/Documentos/mestrado/DeepWeeds-Mobile/images/20180105-100335-2.jpg,8,8,8,8,1,0.9991906,3.986892e-07,2.9682224e-07,2.2969648e-06,2.531461e-06,5.4198317e-05,1.189107e-09,0.00074899284,7.271623e-07,0.9991906
/home/leo/Documentos/mestrado/DeepWeeds-Mobile/images/20171220-101509-1.jpg,8,8,8,8,1,0.99999845,4.6075346e-08,1.780534e-09,3.8408707e-20,2.3826068e-07,2.5251272e-14,8.9810493e-07,3.1026204e-10,4.4442203e-07,0.99999845
/home/leo/Documentos/mestrado/DeepWeeds-Mobile/images/20180125-101858-1.jpg,8,8,8,8,1,0.97385424,8.5057065e-05,1.4134794e-06,3.6455866e-08,0.0010787928,1.4472744e-07,0.024400376,0.0005497637,3.0109755e-05,0.97385424
/home/leo/Documentos/mestrado/DeepWeeds-Mobile/images/20180125-132730-2.jpg,8,8,8,8,1,0.99239635,0.0002704467,0.005808277,5.475102e-08,0.00012722122,0.00024268548,3.2095702e-06,6.921167e-07,0.0011512289,0.99239635
/home/leo/Documentos/mestrado/DeepWeeds-Mobile/images/20170913-124211-2.jpg,5,5,5,5,1,0.9991949,5.079961e-06,8.589299e-09,7.714676e-06,1.715815e-05,0.00076187827,0.9991949,2.111361e-08,1.4319521e-06,1.181613e-05
/home/leo/Documentos/mestrado/DeepWeeds-Mobile/images/20171102-120651-3.jpg,2,2,2,2,1,0.99598926,9.3137054e-08,6.519636e-08,0.99598926,1.2793993e-07,1.4162698e-07,1.1263412e-06,2.6514178e-06,3.0832666e-08,0.0040066447
/home/leo/Documentos/mestrado/DeepWeeds-Mobile/images/20180105-101708-2.jpg,8,8,8,8,1,0.90814453,3.7093707e-06,9.117597e-05,7.694898e-06,6.025211e-06,0.00015825954,1.2506388e-06,0.09158421,3.2010366e-06,0.90814453
/home/leo/Documentos/mestrado/DeepWeeds-Mobile/images/20180109-094522-2.jpg,8,0,8,0,0,0.70006555,0.70006555,0.00012095689,3.7739721e-06,3.1191797e-07,2.4535805e-07,0.0107037155,2.5286051e-06,0.16592602,0.12317693
/home/leo/Documentos/mestrado/DeepWeeds-Mobile/images/20180119-114748-2.jpg,8,8,8,8,1,0.98285186,0.0023655249,0.002272664,2.43412e-06,3.033817e-05,1.4263226e-06,0.003015177,0.0010711951,0.008389382,0.98285186
/home/leo/Documentos/mestrado/DeepWeeds-Mobile/images/20171218-104040-2.jpg,8,8,8,8,1,0.9976919,0.0008184963,9.4258976e-05,6.3204615e-09,2.6858988e-05,1.6484277e-07,5.846358e-05,1.0935312e-05,0.0012989058,0.9976919
/home/leo/Documentos/mestrado/DeepWeeds-Mobile/images/20170210-131804-0.jpg,0,0,0,0,1,0.95480967,0.95480967,0.02083947,6.150426e-07,1.2339736e-08,2.7438746e-08,0.00010674876,2.0905316e-06,0.020047223,0.0041942806
/home/leo/Documentos/mestrado/DeepWeeds-Mobile/images/20170127-102251-0.jpg,1,1,1,1,1,0.6289067,2.3205268e-06,0.6289067,5.0053038e-11,1.6932759e-06,4.278412e-08,2.0962503e-07,0.3702734,3.714816e-05,0.00077851256
/home/leo/Documentos/mestrado/DeepWeeds-Mobile/images/20170704-155311-0.jpg,7,8,7,8,0,0.60020846,0.057027925,0.14390682,2.4651595e-08,2.2646476e-05,2.3597143e-07,4.5769873e-05,0.0014057026,0.19738251,0.60020846
/home/leo/Documentos/mestrado/DeepWeeds-Mobile/images/20180322-104533-1.jpg,8,8,8,8,1,0.9870214,0.0056190044,0.00046439425,0.00011610538,8.036204e-05,0.001298458,0.0002535699,1.8810323e-07,0.0051466473,0.9870214
/home/leo/Documentos/mestrado/DeepWeeds-Mobile/images/20180322-121335-2.jpg,8,8,8,8,1,0.9608758,0.028507954,0.00030820537,1.7709524e-05,0.00082985504,2.9539895e-06,0.0030562219,2.3878144e-06,0.0063989293,0.9608758
/home/leo/Documentos/mestrado/DeepWeeds-Mobile/images/20180112-093813-2.jpg,8,8,8,8,1,0.9762347,0.008369878,0.00023205556,0.0004014255,0.0015354283,1.3167645e-05,0.00011830499,0.003734519,0.009360557,0.9762347
/home/leo/Documentos/mestrado/DeepWeeds-Mobile/images/20180119-104724-1.jpg,8,8,8,8,1,0.9086479,0.005238833,0.004170073,0.03963477,0.010778951,0.0011171034,0.00023983647,0.0006194531,0.029553058,0.9086479
/home/leo/Documentos/mestrado/DeepWeeds-Mobile/images/20171218-121356-2.jpg,8,8,8,8,1,0.9999831,4.838549e-07,1.9806667e-08,1.01860625e-14,1.4275701e-05,2.3408506e-10,5.8493175e-08,3.0549743e-09,2.1354665e-06,0.9999831
/home/leo/Documentos/mestrado/DeepWeeds-Mobile/images/20171102-120950-3.jpg,2,2,2,2,1,0.9999851,2.387094e-09,1.752571e-10,0.9999851,2.6674858e-08,1.3586557e-08,7.886017e-10,3.5588277e-10,2.457232e-10,1.48772615e-05
/home/leo/Documentos/mestrado/DeepWeeds-Mobile/images/20180112-070946-2.jpg,8,8,8,8,1,0.76745605,0.0026304717,0.0135505,0.00062464847,0.13338427,0.03663937,1.0173899e-06,0.0033114743,0.04240219,0.76745605
/home/leo/Documentos/mestrado/DeepWeeds-Mobile/images/20180105-094918-2.jpg,8,8,8,8,1,0.9943873,7.501277e-05,2.3127006e-06,1.58673e-05,0.0021378028,4.080957e-05,2.582957e-07,0.0033140345,2.6489328e-05,0.9943873
/home/leo/Documentos/mestrado/DeepWeeds-Mobile/images/20171212-094409-1.jpg,8,8,8,8,1,0.99997115,1.6683268e-08,2.5908667e-10,4.9682944e-19,2.8713108e-05,1.5050187e-12,1.6429821e-08,5.89685e-10,6.586554e-08,0.99997115
/home/leo/Documentos/mestrado/DeepWeeds-Mobile/images/20180125-132847-2.jpg,8,8,8,8,1,0.99320257,0.00039182487,0.005284836,2.5080842e-08,8.3422856e-05,6.0442875e-05,5.432707e-05,5.493767e-06,0.0009169998,0.99320257
/home/leo/Documentos/mestrado/DeepWeeds-Mobile/images/20170501-143240-0.jpg,1,1,1,1,1,0.4096115,0.038641125,0.4096115,1.21034855e-05,1.2264541e-05,3.8275994e-06,0.0050252234,0.21244736,0.19344503,0.14080161
/home/leo/Documentos/mestrado/DeepWeeds-Mobile/images/20170728-152940-1.jpg,8,4,8,4,0,0.4675936,0.048795924,0.0006969805,0.0015170599,0.0013787678,0.4675936,1.7928669e-05,2.786323e-06,0.4202855,0.05971141
/home/leo/Documentos/mestrado/DeepWeeds-Mobile/images/20170718-133742-2.jpg,7,7,7,7,1,0.47428426,0.07172361,0.002310963,9.233205e-06,0.00034238174,2.9757606e-05,4.9390612e-05,1.5975797e-06,0.47428426,0.4512488
/home/leo/Documentos/mestrado/DeepWeeds-Mobile/images/20171203-173955-3.jpg,8,8,8,8,1,0.9702275,0.004689727,0.009175939,0.000113985196,0.00041659197,0.00040837092,1.4842751e-05,0.008575006,0.006378159,0.9702275
/home/leo/Documentos/mestrado/DeepWeeds-Mobile/images/20171212-100159-1.jpg,8,8,8,8,1,0.99794143,0.00032374612,5.4179258e-05,4.757576e-13,0.0011198338,1.1826594e-08,3.4758253e-07,9.858748e-09,0.00056052307,0.99794143
/home/leo/Documentos/mestrado/DeepWeeds-Mobile/images/20170217-111032-0.jpg,0,0,0,0,1,0.9937922,0.9937922,1.8337822e-06,2.0679044e-12,6.6927654e-13,5.4714585e-15,5.3523447e-05,5.5788446e-10,0.0021180124,0.0040344866
/home/leo/Documentos/mestrado/DeepWeeds-Mobile/images/20180109-101136-1.jpg,8,8,8,8,1,0.9879405,1.0061617e-05,4.4047916e-05,0.008059537,0.00010354247,2.3263143e-05,2.1764815e-06,0.0038105736,6.324238e-06,0.9879405
/home/leo/Documentos/mestrado/DeepWeeds-Mobile/images/20170210-150032-0.jpg,7,0,7,0,0,0.96163595,0.96163595,0.0028768808,4.446406e-08,2.038307e-09,7.568461e-10,0.0029570358,8.661923e-06,0.032106385,0.00041507973
/home/leo/Documentos/mestrado/DeepWeeds-Mobile/images/20170913-105608-2.jpg,3,3,3,3,1,0.97595894,1.4282904e-05,5.9992306e-07,2.5903579e-05,0.97595894,0.002642703,0.008657317,1.00844445e-05,1.2409291e-06,0.012688853
/home/leo/Documentos/mestrado/DeepWeeds-Mobile/images/20161207-144437-0.jpg,7,8,7,8,0,0.9142052,0.01654942,0.002829489,1.2869257e-05,0.009788786,0.00021918805,0.043766774,0.0037430876,0.008885168,0.9142052
/home/leo/Documentos/mestrado/DeepWeeds-Mobile/images/20180322-114027-2.jpg,8,8,8,8,1,0.999154,0.00017330456,0.00013244466,2.0508146e-08,0.00011827432,2.157818e-06,0.00016664693,4.2844826e-05,0.00021036736,0.999154
/home/leo/Documentos/mestrado/DeepWeeds-Mobile/images/20180109-070557-1.jpg,8,6,8,6,0,0.9754098,9.372787e-05,0.0015985059,8.992225e-06,5.0024104e-05,1.127347e-06,0.00038356055,0.9754098,0.0045071333,0.017947122
/home/leo/Documentos/mestrado/DeepWeeds-Mobile/images/20171212-094411-3.jpg,8,8,8,8,1,0.9975654,1.3194014e-05,1.1550784e-05,3.2552013e-11,0.002378547,1.9637913e-08,1.4069179e-05,2.7364522e-06,1.4561134e-05,0.9975654
/home/leo/Documentos/mestrado/DeepWeeds-Mobile/images/20171205-133922-2.jpg,8,8,8,8,1,0.99931765,6.397645e-05,7.939834e-05,2.1893612e-11,1.4215679e-05,1.1845755e-07,0.00017538435,5.787512e-07,0.00034870845,0.99931765
/home/leo/Documentos/mestrado/DeepWeeds-Mobile/images/20180322-115620-2.jpg,8,8,8,8,1,0.9806475,0.002649415,0.00089646253,0.00077630026,0.006366554,0.0040182024,0.00189005,6.481016e-05,0.0026906177,0.9806475
/home/leo/Documentos/mestrado/DeepWeeds-Mobile/images/20170630-155511-0.jpg,7,7,7,7,1,0.758398,0.010782401,0.011012868,1.9001337e-06,1.759952e-05,4.1560378e-07,4.358117e-05,0.20581488,0.758398,0.0139282355
/home/leo/Documentos/mestrado/DeepWeeds-Mobile/images/20171113-121527-3.jpg,6,6,6,6,1,0.96408635,8.443593e-05,0.0017898174,0.0048781536,4.7085864e-06,9.18594e-06,0.00013163076,0.96408635,0.0026237702,0.026391981
/home/leo/Documentos/mestrado/DeepWeeds-Mobile/images/20170410-153454-0.jpg,7,7,7,7,1,0.782158,0.06973323,0.00046584164,7.790584e-08,2.253874e-05,4.5842004e-08,1.941518e-05,5.6858307e-06,0.782158,0.14759512
/home/leo/Documentos/mestrado/DeepWeeds-Mobile/images/20170714-110509-3.jpg,1,6,1,6,0,0.7490591,0.00077093235,0.21716362,0.00010384847,7.309416e-06,4.412274e-06,0.0005434231,0.7490591,0.0019504142,0.030396968
/home/leo/Documentos/mestrado/DeepWeeds-Mobile/images/20171203-170135-3.jpg,8,8,8,8,1,0.9912021,0.0010272765,0.0005455247,1.7519327e-09,1.9849265e-06,1.0729473e-08,0.0022130907,5.319911e-05,0.0049568233,0.9912021
/home/leo/Documentos/mestrado/DeepWeeds-Mobile/images/20171220-090323-3.jpg,8,8,8,8,1,0.9700538,0.0003057113,1.0082986e-05,6.4352875e-08,0.029541297,1.2538094e-05,1.37273555e-05,2.3381104e-05,3.9340357e-05,0.9700538
/home/leo/Documentos/mestrado/DeepWeeds-Mobile/images/20170217-103649-0.jpg,0,8,0,8,0,0.88229847,0.032782227,0.012796223,0.00026261952,0.00079645077,1.083797e-05,0.014105813,0.0019236914,0.055023577,0.88229847
/home/leo/Documentos/mestrado/DeepWeeds-Mobile/images/20171109-091517-1.jpg,5,5,5,5,1,0.95708466,0.00079900096,0.00025395444,1.1978083e-09,1.0349044e-06,1.1356487e-09,0.95708466,4.3797718e-05,9.128463e-05,0.041726205
/home/leo/Documentos/mestrado/DeepWeeds-Mobile/images/20170913-124549-3.jpg,5,5,5,5,1,0.9941884,0.0007583508,9.5557014e-05,1.3343538e-05,0.0027094167,0.0005643445,0.9941884,9.823124e-05,0.00030309914,0.0012692473
/home/leo/Documentos/mestrado/DeepWeeds-Mobile/images/20171122-103752-1.jpg,5,5,5,5,1,0.994465,0.00042633855,0.000105434454,2.2537233e-08,1.0812988e-06,6.6916367e-10,0.994465,0.0003119909,0.00085169903,0.0038384763
/home/leo/Documentos/mestrado/DeepWeeds-Mobile/images/20170315-085835-0.jpg,8,8,8,8,1,0.9965162,0.0018056834,0.00084700517,1.9984316e-07,1.08953245e-05,4.8809362e-08,0.00040735886,1.4335483e-06,0.00041111014,0.9965162
/home/leo/Documentos/mestrado/DeepWeeds-Mobile/images/20170304-131546-0.jpg,7,7,7,7,1,0.82239985,0.17611004,0.00036387407,2.2979018e-11,1.9106698e-09,3.4436315e-10,0.00042948715,1.7127983e-09,0.82239985,0.00069670344
/home/leo/Documentos/mestrado/DeepWeeds-Mobile/images/20170913-125701-2.jpg,5,5,5,5,1,0.92368823,0.00013447892,6.256579e-06,0.00015477955,0.0008260808,0.07172901,0.92368823,0.0005252707,2.4416828e-05,0.0029113505
/home/leo/Documentos/mestrado/DeepWeeds-Mobile/images/20171025-100447-2.jpg,3,3,3,3,1,0.98757297,1.4600301e-05,3.848199e-06,5.5526475e-06,0.98757297,2.7602697e-05,4.0508089e-10,2.9686944e-09,8.213139e-06,0.012367151
/home/leo/Documentos/mestrado/DeepWeeds-Mobile/images/20171102-121613-1.jpg,2,2,2,2,1,0.99983585,3.6314655e-06,7.020036e-08,0.99983585,8.8331507e-07,4.762345e-06,5.5807956e-08,1.5695268e-09,4.4782377e-07,0.00015434745
/home/leo/Documentos/mestrado/DeepWeeds-Mobile/images/20170913-104531-3.jpg,5,5,5,5,1,0.99959385,3.3385997e-05,9.462252e-08,2.1423801e-07,0.00022409907,8.00164e-05,0.99959385,2.2935367e-08,1.5961288e-05,5.22715e-05
/home/leo/Documentos/mestrado/DeepWeeds-Mobile/images/20171220-095307-1.jpg,8,8,8,8,1,0.99998105,4.9785735e-06,6.48334e-08,4.1912756e-14,3.4026737e-08,4.2484998e-11,7.1093677e-06,1.0943114e-09,6.7192e-06,0.99998105
/home/leo/Documentos/mestrado/DeepWeeds-Mobile/images/20180109-095253-1.jpg,8,8,8,8,1,0.9910818,0.0058169556,5.489679e-06,0.0026943374,1.6336178e-05,8.563496e-07,1.4965258e-06,8.845e-07,0.00038197308,0.9910818
/home/leo/Documentos/mestrado/DeepWeeds-Mobile/images/20170715-164442-1.jpg,1,1,1,1,1,0.9980445,3.8431317e-05,0.9980445,2.193364e-07,8.8413725e-07,1.3823865e-07,2.3885646e-06,0.0016104057,1.2164259e-05,0.00029084925
/home/leo/Documentos/mestrado/DeepWeeds-Mobile/images/20180109-102925-2.jpg,8,8,8,8,1,0.9939708,0.00040446318,4.934953e-05,0.003731331,0.00041631682,0.0011112279,3.2356034e-05,1.3019023e-05,0.00027120818,0.9939708
/home/leo/Documentos/mestrado/DeepWeeds-Mobile/images/20171203-174918-3.jpg,8,8,8,8,1,0.87196004,0.002134808,0.0007631064,0.000922552,0.0036549058,0.016223138,2.6787693e-05,2.3568651e-05,0.10429105,0.87196004
/home/leo/Documentos/mestrado/DeepWeeds-Mobile/images/20180105-091711-2.jpg,8,8,8,8,1,0.99959195,4.7047737e-07,1.2226697e-07,2.4199215e-05,6.941623e-07,1.3119997e-05,6.08928e-08,0.00036905974,2.5542573e-07,0.99959195
/home/leo/Documentos/mestrado/DeepWeeds-Mobile/images/20180125-093235-1.jpg,8,8,8,8,1,0.99998903,6.912908e-07,9.0154873e-07,7.183842e-08,5.267875e-08,3.7206607e-06,6.5837064e-08,5.2851756e-06,1.4859836e-07,0.99998903
/home/leo/Documentos/mestrado/DeepWeeds-Mobile/images/20180109-103645-2.jpg,8,8,8,8,1,0.8087287,0.008151423,1.2313346e-05,0.18101867,6.386549e-05,9.462798e-05,0.00024117205,0.0002697323,0.0014195165,0.8087287
/home/leo/Documentos/mestrado/DeepWeeds-Mobile/images/20170913-095810-2.jpg,3,3,3,3,1,0.9379598,3.072278e-05,9.8652926e-08,0.030101681,0.9379598,0.027916819,0.00074060407,1.0300021e-07,1.7002681e-06,0.0032484913
/home/leo/Documentos/mestrado/DeepWeeds-Mobile/images/20171113-123402-3.jpg,6,6,6,6,1,0.9728967,4.1139443e-05,0.000707295,1.4672874e-05,1.0227925e-05,1.3072964e-06,0.00043057618,0.9728967,0.0012004079,0.024697548
/home/leo/Documentos/mestrado/DeepWeeds-Mobile/images/20170711-120923-0.jpg,0,0,0,0,1,0.626812,0.626812,0.07585776,6.3402156e-05,0.00048050744,8.710903e-06,0.024134265,0.0015580383,0.20731473,0.063770615
/home/leo/Documentos/mestrado/DeepWeeds-Mobile/images/20170913-122238-2.jpg,5,5,5,5,1,0.8078604,0.16409439,0.001024796,2.0199415e-05,9.074095e-06,4.997799e-06,0.8078604,8.217894e-06,0.019785564,0.007192416
/home/leo/Documentos/mestrado/DeepWeeds-Mobile/images/20180112-093704-2.jpg,8,8,8,8,1,0.99999666,9.695756e-07,1.0383801e-06,4.714243e-07,2.3846447e-10,8.34203e-10,2.5173722e-07,1.6653706e-09,6.6790267e-07,0.99999666
/home/leo/Documentos/mestrado/DeepWeeds-Mobile/images/20170217-113546-0.jpg,0,0,0,0,1,0.8487553,0.8487553,8.7030753e-07,1.8032697e-11,4.157853e-12,3.265963e-13,6.63375e-05,2.1278161e-08,0.15113284,4.4611235e-05
/home/leo/Documentos/mestrado/DeepWeeds-Mobile/images/20171109-193741-1.jpg,5,6,5,6,0,0.5965441,0.0008559209,0.24283202,2.8493876e-06,2.8701683e-05,1.6686528e-06,0.043665662,0.5965441,0.01815553,0.097913556
/home/leo/Documentos/mestrado/DeepWeeds-Mobile/images/20170207-141727-0.jpg,7,7,7,7,1,0.94435,0.028325677,1.0170151e-05,4.4017373e-10,3.846804e-11,1.1059561e-11,0.0001232273,1.3078666e-10,0.94435,0.02719091
/home/leo/Documentos/mestrado/DeepWeeds-Mobile/images/20170728-122456-2.jpg,4,4,4,4,1,0.9668461,0.001455086,2.7667204e-05,1.1143425e-05,0.0032516704,0.9668461,0.0001734636,3.070487e-07,0.01920536,0.009029305
/home/leo/Documentos/mestrado/DeepWeeds-Mobile/images/20171218-120427-2.jpg,8,8,8,8,1,0.99921954,0.00013105477,1.4089961e-06,3.2480874e-10,0.00014754372,8.8636537e-10,3.057671e-05,4.8653383e-06,0.00046497723,0.99921954
/home/leo/Documentos/mestrado/DeepWeeds-Mobile/images/20170920-100739-1.jpg,2,2,2,2,1,0.9638698,0.00018216405,0.00051692175,0.9638698,0.00035432266,0.008849002,9.635857e-05,0.0005895413,0.0002581782,0.025283746
/home/leo/Documentos/mestrado/DeepWeeds-Mobile/images/20171220-083350-2.jpg,8,8,8,8,1,0.99981177,5.696676e-06,2.7760548e-08,3.5464361e-13,9.6917545e-05,7.3939854e-10,6.60233e-05,9.021908e-08,1.935436e-05,0.99981177
/home/leo/Documentos/mestrado/DeepWeeds-Mobile/images/20171218-103315-2.jpg,8,8,8,8,1,0.98594785,0.002873786,0.00044033295,7.1404678e-09,0.007933875,2.5509763e-08,0.0009302334,0.00015753553,0.0017164048,0.98594785
/home/leo/Documentos/mestrado/DeepWeeds-Mobile/images/20180119-111122-1.jpg,8,8,8,8,1,0.6633145,0.00018037135,0.1742403,5.1041072e-05,5.4040474e-06,1.0307167e-06,0.0002154427,0.14165595,0.020335965,0.6633145
/home/leo/Documentos/mestrado/DeepWeeds-Mobile/images/20180112-103102-1.jpg,8,8,8,8,1,0.85757935,0.12804964,4.9257058e-05,0.001398914,1.2010876e-06,1.3051441e-06,0.0005295247,4.5381253e-06,0.01238626,0.85757935
/home/leo/Documentos/mestrado/DeepWeeds-Mobile/images/20180105-101232-2.jpg,8,8,8,8,1,0.99180555,5.0310373e-06,3.90347e-06,9.268929e-07,0.0002449389,1.959133e-05,1.112899e-07,0.007898431,2.1424663e-05,0.99180555
/home/leo/Documentos/mestrado/DeepWeeds-Mobile/images/20171220-100700-2.jpg,8,5,8,5,0,0.4537978,0.06574851,0.066353455,2.5465943e-05,4.243298e-05,1.5079347e-06,0.4537978,0.0105593605,0.027542487,0.375929
/home/leo/Documentos/mestrado/DeepWeeds-Mobile/images/20171102-120749-1.jpg,2,2,2,2,1,0.9999994,1.2945641e-08,1.1690271e-10,0.9999994,3.1267103e-08,2.855229e-07,7.8430035e-10,2.4126033e-11,5.1975807e-10,3.0043495e-07
/home/leo/Documentos/mestrado/DeepWeeds-Mobile/images/20180125-093558-2.jpg,8,8,8,8,1,0.99964523,3.579349e-05,4.578001e-05,7.8594695e-09,2.7791832e-05,6.8455383e-06,4.4032777e-06,1.139185e-05,0.00022279767,0.99964523
/home/leo/Documentos/mestrado/DeepWeeds-Mobile/images/20180125-091842-2.jpg,8,4,8,4,0,0.550709,0.00031035516,1.7899032e-05,0.19268394,0.0027193273,0.550709,6.0019015e-06,1.5995241e-05,0.00053715054,0.25300032
/home/leo/Documentos/mestrado/DeepWeeds-Mobile/images/20171121-073829-1.jpg,6,6,6,6,1,0.9706782,0.00013618922,0.001220715,2.9881485e-06,1.8235404e-07,3.5429161e-07,0.0004697513,0.9706782,0.00011553865,0.027376011
/home/leo/Documentos/mestrado/DeepWeeds-Mobile/images/20170920-183850-1.jpg,2,2,2,2,1,0.9967066,1.0598235e-06,6.9534717e-10,0.9967066,9.65655e-07,0.0031381343,7.689437e-07,9.65546e-08,1.3151431e-08,0.00015222488
/home/leo/Documentos/mestrado/DeepWeeds-Mobile/images/20171121-073828-1.jpg,6,6,6,6,1,0.71981794,0.0023188456,0.08692223,1.0431033e-06,0.00119279,7.604184e-05,0.00046359468,0.71981794,0.09362646,0.09558104
/home/leo/Documentos/mestrado/DeepWeeds-Mobile/images/20170913-130528-2.jpg,5,5,5,5,1,0.9977089,2.995605e-05,1.3395991e-08,2.4459735e-06,4.4775974e-05,0.0021452238,0.9977089,2.2472466e-09,1.916414e-05,4.9404112e-05
/home/leo/Documentos/mestrado/DeepWeeds-Mobile/images/20180322-113734-2.jpg,8,8,8,8,1,0.99972755,1.3545629e-05,1.0558531e-06,1.1605576e-05,6.0370592e-05,3.705138e-05,1.3248701e-05,0.00013487796,6.168553e-07,0.99972755
/home/leo/Documentos/mestrado/DeepWeeds-Mobile/images/20180112-094417-1.jpg,8,8,8,8,1,0.9921234,0.0014576435,2.6748718e-05,5.9433855e-06,1.314643e-06,5.0429264e-08,0.00012470804,2.6914839e-05,0.0062332232,0.9921234
/home/leo/Documentos/mestrado/DeepWeeds-Mobile/images/20170130-102108-0.jpg,1,1,1,1,1,0.96023095,0.021734491,0.96023095,3.828409e-06,1.0796896e-06,1.5569044e-06,0.0005808156,1.3949701e-05,0.015007007,0.0024263915
/home/leo/Documentos/mestrado/DeepWeeds-Mobile/images/20170727-145622-1.jpg,4,4,4,4,1,0.8411451,0.024426492,0.00014014599,0.01606938,0.042330477,0.8411451,9.848641e-05,4.120341e-06,0.029027808,0.04675799
/home/leo/Documentos/mestrado/DeepWeeds-Mobile/images/20171218-114830-2.jpg,8,8,8,8,1,0.82906663,0.024205722,0.010957282,9.2860086e-05,0.030872673,0.00051805546,0.0018984255,0.00046435135,0.10192397,0.82906663
/home/leo/Documentos/mestrado/DeepWeeds-Mobile/images/20170913-123856-1.jpg,5,5,5,5,1,0.99879026,0.00034143706,1.8461387e-05,2.1230251e-05,6.326898e-06,7.187017e-06,0.99879026,8.152906e-05,0.000500151,0.00023331762
/home/leo/Documentos/mestrado/DeepWeeds-Mobile/images/20170811-114143-2.jpg,0,0,0,0,1,0.53867924,0.53867924,0.0048906286,4.4269993e-05,5.520637e-06,9.41116e-05,0.00056111213,3.1568395e-06,0.09804398,0.35767797
/home/leo/Documentos/mestrado/DeepWeeds-Mobile/images/20171217-183451-2.jpg,8,8,8,8,1,0.7836536,0.11389024,0.0007967883,1.287833e-09,2.026896e-09,9.286503e-09,0.049939454,2.393743e-10,0.051719952,0.7836536
/home/leo/Documentos/mestrado/DeepWeeds-Mobile/images/20180105-092757-2.jpg,8,8,8,8,1,0.9259758,3.3902227e-06,1.0019477e-05,0.00010262371,1.996474e-07,3.4935524e-06,6.543144e-06,0.07389366,4.2311717e-06,0.9259758
/home/leo/Documentos/mestrado/DeepWeeds-Mobile/images/20171025-081156-2.jpg,3,8,3,8,0,0.6384162,0.15183419,0.00086757203,9.430824e-05,0.04784718,0.00016081218,2.492648e-05,3.04519e-06,0.16075186,0.6384162
/home/leo/Documentos/mestrado/DeepWeeds-Mobile/images/20180109-075105-1.jpg,8,6,8,6,0,0.56506115,0.04081919,0.012642356,0.0026123761,2.7147633e-05,0.00028788243,0.18152879,0.56506115,0.036027387,0.16099373
/home/leo/Documentos/mestrado/DeepWeeds-Mobile/images/20171109-090801-2.jpg,5,5,5,5,1,0.9981018,7.693609e-05,0.00013072402,3.294291e-09,9.863046e-08,1.0806479e-10,0.9981018,0.00032895277,0.0004014639,0.00096005126
/home/leo/Documentos/mestrado/DeepWeeds-Mobile/images/20170913-124317-1.jpg,5,5,5,5,1,0.9967257,7.817199e-05,1.6152475e-06,5.459119e-06,0.0015284509,0.00061780924,0.9967257,0.00018420671,2.7765273e-06,0.000855772
/home/leo/Documentos/mestrado/DeepWeeds-Mobile/images/20180322-133508-1.jpg,8,8,8,8,1,0.9687459,0.0022259385,0.0017150237,1.8811943e-06,5.615711e-06,8.0639555e-05,2.013566e-05,7.280815e-07,0.027204098,0.9687459
/home/leo/Documentos/mestrado/DeepWeeds-Mobile/images/20170727-150254-1.jpg,4,4,4,4,1,0.30024502,0.13985626,0.0023370753,0.1376636,0.015756015,0.30024502,0.00032173746,6.567166e-05,0.22962128,0.17413332
/home/leo/Documentos/mestrado/DeepWeeds-Mobile/images/20170727-155232-3.jpg,4,2,4,2,0,0.80609566,1.654156e-05,6.624949e-08,0.80609566,0.00051242684,0.19208798,0.0009812246,4.9182063e-07,1.0182357e-06,0.00030452802
/home/leo/Documentos/mestrado/DeepWeeds-Mobile/images/20171025-081521-2.jpg,3,8,3,8,0,0.6260696,0.019949783,0.000101436366,0.0038758398,0.2861811,0.030067494,1.7847839e-06,2.6784434e-07,0.033752717,0.6260696
/home/leo/Documentos/mestrado/DeepWeeds-Mobile/images/20170210-134302-0.jpg,0,0,0,0,1,0.72994334,0.72994334,3.3777346e-06,4.6999493e-09,2.7381367e-10,1.1259119e-12,0.0018636056,4.9556625e-06,0.26628825,0.0018964234
/home/leo/Documentos/mestrado/DeepWeeds-Mobile/images/20171102-122300-2.jpg,2,2,2,2,1,0.9998901,1.1094772e-06,2.1213958e-07,0.9998901,4.864744e-07,2.51315e-06,8.934101e-07,5.0347813e-07,1.9569174e-07,0.00010396129
/home/leo/Documentos/mestrado/DeepWeeds-Mobile/images/20171025-075304-2.jpg,3,3,3,3,1,0.65734214,0.12049362,0.0036648898,0.0006915683,0.65734214,0.0044122627,1.1141894e-05,2.223785e-06,0.09679167,0.11659045
/home/leo/Documentos/mestrado/DeepWeeds-Mobile/images/20170913-115703-2.jpg,5,0,5,0,0,0.4741975,0.4741975,0.026984017,9.750186e-05,6.602209e-07,2.9287587e-06,0.4189922,0.00051159895,0.0672788,0.011934826
/home/leo/Documentos/mestrado/DeepWeeds-Mobile/images/20170404-153533-0.jpg,7,7,7,7,1,0.69625753,0.063295685,0.22821133,5.3438228e-08,6.295265e-08,1.9702284e-07,0.0008842787,7.387318e-07,0.69625753,0.011350077
/home/leo/Documentos/mestrado/DeepWeeds-Mobile/images/20170727-125540-3.jpg,4,4,4,4,1,0.91232,1.4829082e-05,3.8001605e-07,0.0016605789,0.008283087,0.91232,0.077100985,1.4330246e-05,1.5703934e-06,0.0006043282
/home/leo/Documentos/mestrado/DeepWeeds-Mobile/images/20171220-082758-3.jpg,8,8,8,8,1,0.999807,7.554644e-05,2.8434175e-07,4.6261765e-14,5.9991553e-06,3.5503298e-10,2.7911972e-06,4.117624e-09,0.000108297034,0.999807
/home/leo/Documentos/mestrado/DeepWeeds-Mobile/images/20171205-134024-2.jpg,8,8,8,8,1,0.9877044,0.00054881466,0.0004340446,3.8252783e-09,0.0098306015,4.486462e-06,0.0005067212,0.00012240915,0.00084846374,0.9877044
/home/leo/Documentos/mestrado/DeepWeeds-Mobile/images/20170906-094804-1.jpg,3,4,3,4,0,0.8653523,0.0008656926,5.921221e-06,5.551314e-05,0.12632723,0.8653523,1.2225611e-06,3.9693834e-08,0.0023322525,0.0050598057
/home/leo/Documentos/mestrado/DeepWeeds-Mobile/images/20171121-072630-1.jpg,6,6,6,6,1,0.9901045,4.235894e-07,0.0001639039,9.8817425e-09,1.1975049e-05,1.1027981e-08,2.256e-07,0.9901045,1.7078411e-05,0.009701882
/home/leo/Documentos/mestrado/DeepWeeds-Mobile/images/20170705-164000-0.jpg,7,7,7,7,1,0.4816889,0.39032134,0.05463675,1.5618913e-06,5.630009e-05,3.9089642e-05,0.00025016288,5.3070175e-07,0.4816889,0.07300544
/home/leo/Documentos/mestrado/DeepWeeds-Mobile/images/20180112-074708-2.jpg,8,8,8,8,1,0.92900276,0.011845332,0.00043398354,0.004542844,0.002055597,0.00902536,3.2747298e-06,3.4226375e-06,0.04308747,0.92900276
/home/leo/Documentos/mestrado/DeepWeeds-Mobile/images/20180112-073501-1.jpg,8,8,8,8,1,0.88748485,0.0009190519,0.00047099992,7.751269e-05,0.0021427092,0.0009312281,2.2862308e-07,7.803198e-06,0.10796569,0.88748485
/home/leo/Documentos/mestrado/DeepWeeds-Mobile/images/20171113-150257-3.jpg,6,6,6,6,1,0.90737665,0.0013076819,0.0024209137,4.2536645e-05,0.00010312739,1.2816259e-06,0.008496663,0.90737665,0.0012495713,0.07900163
/home/leo/Documentos/mestrado/DeepWeeds-Mobile/images/20171219-101807-3.jpg,8,8,8,8,1,0.95209,0.03876306,0.0003636432,5.2022486e-08,0.0003551256,3.644525e-07,0.0009441695,2.7856736e-06,0.007480833,0.95209
/home/leo/Documentos/mestrado/DeepWeeds-Mobile/images/20170304-125427-0.jpg,0,0,0,0,1,0.84773886,0.84773886,1.5570184e-05,2.8995535e-09,8.9121516e-11,2.245672e-12,7.6711585e-05,5.27275e-06,0.13940236,0.012761263
/home/leo/Documentos/mestrado/DeepWeeds-Mobile/images/20180125-095742-2.jpg,8,8,8,8,1,1.0,5.5190615e-08,2.5775332e-11,5.1562386e-11,2.4521851e-09,8.926932e-09,3.1744484e-08,4.858333e-09,3.3833991e-09,1.0
/home/leo/Documentos/mestrado/DeepWeeds-Mobile/images/20171219-113342-3.jpg,8,3,8,3,0,0.8791497,0.00993532,7.090752e-05,0.0047305687,0.8791497,0.04360462,3.411309e-07,0.00011984654,0.0014290782,0.06095964
/home/leo/Documentos/mestrado/DeepWeeds-Mobile/images/20180109-071820-2.jpg,8,8,8,8,1,0.9572934,0.00019446506,0.0009450683,0.0015612294,4.554299e-06,6.9193453e-07,0.00017006962,0.039766174,6.441702e-05,0.9572934
/home/leo/Documentos/mestrado/DeepWeeds-Mobile/images/20171025-074818-2.jpg,3,3,3,3,1,0.92307067,0.000104256804,0.00031853848,1.511205e-10,0.92307067,1.1651164e-05,7.9279644e-08,1.2903601e-05,0.0009268244,0.07555494
/home/leo/Documentos/mestrado/DeepWeeds-Mobile/images/20180109-075025-2.jpg,8,8,8,8,1,0.76137424,0.001642518,0.00019477464,0.22265825,0.0003650778,0.011811393,9.2622875e-05,0.0016388623,0.00022217142,0.76137424
/home/leo/Documentos/mestrado/DeepWeeds-Mobile/images/20171113-131008-1.jpg,6,6,6,6,1,0.9613475,0.0017747019,0.03248251,2.065763e-08,2.549865e-08,1.38499505e-08,1.8022643e-05,0.9613475,3.4058405e-05,0.0043432275
/home/leo/Documentos/mestrado/DeepWeeds-Mobile/images/20180109-101245-2.jpg,8,6,8,6,0,0.62826264,1.4287575e-05,0.0027751126,6.818321e-05,3.6403844e-06,3.6985954e-09,0.098537095,0.62826264,2.8095468e-05,0.270311
/home/leo/Documentos/mestrado/DeepWeeds-Mobile/images/20180119-105410-2.jpg,8,8,8,8,1,0.9705027,0.00052362424,0.00034980918,0.003998434,2.8640765e-05,0.00018555895,2.2433821e-06,0.021029312,0.0033796893,0.9705027
/home/leo/Documentos/mestrado/DeepWeeds-Mobile/images/20171109-073850-1.jpg,5,8,5,8,0,0.9044106,0.0059925034,0.00084242906,5.773872e-08,3.2102454e-07,7.700432e-08,0.07650774,2.1309277e-05,0.012224969,0.9044106
/home/leo/Documentos/mestrado/DeepWeeds-Mobile/images/20170715-141336-1.jpg,1,1,1,1,1,0.81512725,0.0067804074,0.81512725,1.5706497e-05,5.8857444e-05,1.6120997e-06,0.00035234608,0.078071155,0.0006954757,0.09889721
/home/leo/Documentos/mestrado/DeepWeeds-Mobile/images/20170920-172057-1.jpg,2,2,2,2,1,0.99998987,1.0446368e-09,1.26222846e-08,0.99998987,1.8363722e-10,3.5998234e-08,1.0210497e-08,7.3951227e-09,4.772629e-09,1.0084486e-05
/home/leo/Documentos/mestrado/DeepWeeds-Mobile/images/20171219-100734-3.jpg,8,8,8,8,1,0.77855796,0.059151284,0.022743024,0.0007069484,0.0031777995,0.0022058762,0.005407467,0.000697792,0.1273519,0.77855796
/home/leo/Documentos/mestrado/DeepWeeds-Mobile/images/20171109-090804-1.jpg,5,5,5,5,1,0.9352992,8.648651e-05,6.959092e-06,7.558313e-11,0.0019984506,4.860638e-10,0.9352992,0.000114209346,7.2222533e-06,0.06248742
/home/leo/Documentos/mestrado/DeepWeeds-Mobile/images/20170304-125436-0.jpg,0,0,0,0,1,0.8643812,0.8643812,0.00027776798,2.7954018e-08,2.1208775e-08,2.8891627e-09,0.00025981845,0.00040199643,0.12600954,0.008669585
/home/leo/Documentos/mestrado/DeepWeeds-Mobile/images/20171219-114344-2.jpg,8,8,8,8,1,0.94993263,0.0010853517,3.855489e-05,0.00025307146,0.042207338,0.0052273483,2.4179875e-05,7.5189e-05,0.00115643,0.94993263
/home/leo/Documentos/mestrado/DeepWeeds-Mobile/images/20180322-104706-1.jpg,8,8,8,8,1,0.97202915,0.00787231,1.977854e-05,0.00010279086,3.8680722e-05,0.006459706,7.919145e-05,4.765736e-10,0.013398403,0.97202915
/home/leo/Documentos/mestrado/DeepWeeds-Mobile/images/20170811-133631-2.jpg,0,0,0,0,1,0.44735253,0.44735253,0.25604987,9.520765e-05,0.00010713093,5.1444065e-05,0.0096860435,8.0707956e-05,0.22949468,0.057082403
/home/leo/Documentos/mestrado/DeepWeeds-Mobile/images/20170728-122348-3.jpg,4,4,4,4,1,0.4427757,0.08703468,0.0074590314,9.598182e-05,0.0074982448,0.4427757,0.00020677931,4.434843e-07,0.3575722,0.09735698
/home/leo/Documentos/mestrado/DeepWeeds-Mobile/images/20180109-094659-1.jpg,8,8,8,8,1,0.99815434,0.00025110235,2.1780909e-06,0.0004059961,4.8663045e-05,3.606949e-08,5.0683804e-05,1.83223e-05,0.0010687675,0.99815434
/home/leo/Documentos/mestrado/DeepWeeds-Mobile/images/20180105-093127-3.jpg,8,6,8,6,0,0.7966905,0.00014337624,0.024226202,3.7540434e-07,5.3687854e-05,8.518218e-06,1.4718574e-06,0.7966905,0.00037181468,0.17850399
/home/leo/Documentos/mestrado/DeepWeeds-Mobile/images/20170906-114254-2.jpg,3,8,3,8,0,0.9069026,0.0003201089,8.184703e-06,9.706412e-10,0.09176677,4.76899e-06,0.000146143,9.6707074e-05,0.0007546635,0.9069026
/home/leo/Documentos/mestrado/DeepWeeds-Mobile/images/20171113-143830-2.jpg,6,6,6,6,1,0.95468056,3.8287406e-05,0.0061232345,6.3932856e-07,2.1978496e-05,5.6216745e-08,0.0002055046,0.95468056,0.00052804005,0.03840167
/home/leo/Documentos/mestrado/DeepWeeds-Mobile/images/20171113-095050-1.jpg,5,5,5,5,1,0.9955681,0.0011428539,3.154612e-07,5.3550914e-11,3.5486216e-13,4.118919e-15,0.9955681,1.5229907e-07,0.00010529623,0.0031832287
/home/leo/Documentos/mestrado/DeepWeeds-Mobile/images/20180125-131712-3.jpg,8,8,8,8,1,0.77200997,0.0046678837,0.0031580294,0.0054599824,0.0035669317,0.05064429,0.000150632,0.001272729,0.15906955,0.77200997
/home/leo/Documentos/mestrado/DeepWeeds-Mobile/images/20171220-092403-3.jpg,8,8,8,8,1,0.9997217,1.1725676e-06,9.2327525e-08,8.994996e-12,0.00024804467,1.9059005e-08,3.825069e-06,1.7266351e-05,7.897538e-06,0.9997217
/home/leo/Documentos/mestrado/DeepWeeds-Mobile/images/20180322-102923-1.jpg,8,8,8,8,1,0.98473096,0.002343403,0.0010434974,3.0341448e-06,0.00043119598,0.0003218684,5.1130784e-05,1.3096142e-05,0.0110617485,0.98473096
/home/leo/Documentos/mestrado/DeepWeeds-Mobile/images/20180105-093454-3.jpg,8,8,8,8,1,0.5773289,0.00048917497,0.011599084,8.363192e-06,0.0032635436,3.40178e-05,2.439236e-05,0.40693077,0.00032178164,0.5773289
/home/leo/Documentos/mestrado/DeepWeeds-Mobile/images/20170704-150711-0.jpg,7,7,7,7,1,0.32697093,0.15466362,0.116304666,0.0016859729,0.0012124536,0.0055217007,0.0018933454,0.16263527,0.32697093,0.22911209
/home/leo/Documentos/mestrado/DeepWeeds-Mobile/images/20170714-170242-1.jpg,1,1,1,1,1,0.99885714,5.466931e-05,0.99885714,1.5969558e-10,8.5262776e-08,5.9641316e-08,3.1597406e-07,5.992519e-06,0.0003203624,0.00076139846
/home/leo/Documentos/mestrado/DeepWeeds-Mobile/images/20171113-131321-2.jpg,6,6,6,6,1,0.81955636,0.0009871834,0.0125439,2.8161827e-05,0.0006251762,0.0020499297,0.010835914,0.81955636,0.006812112,0.14656134
/home/leo/Documentos/mestrado/DeepWeeds-Mobile/images/20180105-100308-2.jpg,8,8,8,8,1,0.6541266,4.5462484e-06,2.7484353e-05,6.669551e-06,0.000119518845,3.4313627e-05,1.1450039e-07,0.34562877,5.205189e-05,0.6541266
/home/leo/Documentos/mestrado/DeepWeeds-Mobile/images/20170217-114650-0.jpg,7,7,7,7,1,0.99478275,0.0030743515,2.5521163e-06,8.7201406e-11,3.4247966e-11,5.0006397e-13,1.7176397e-05,3.2261505e-09,0.99478275,0.0021232304
/home/leo/Documentos/mestrado/DeepWeeds-Mobile/images/20170728-153014-2.jpg,4,5,4,5,0,0.9019054,0.0050375243,0.00475977,2.6978547e-05,0.00063525664,0.07154563,0.9019054,0.0014913256,0.0018919583,0.012706042
/home/leo/Documentos/mestrado/DeepWeeds-Mobile/images/20170217-143901-0.jpg,7,7,7,7,1,0.93025374,0.057659112,6.7689557e-06,1.2487025e-08,4.362567e-08,4.828928e-09,0.0037669758,7.616749e-08,0.93025374,0.008313228
/home/leo/Documentos/mestrado/DeepWeeds-Mobile/images/20170630-155757-0.jpg,7,7,7,7,1,0.9974172,0.00055978907,0.00075268495,5.069264e-08,1.2766048e-07,9.198719e-09,8.092901e-06,0.0008745933,0.9974172,0.00038749966
/home/leo/Documentos/mestrado/DeepWeeds-Mobile/images/20180109-073016-1.jpg,8,6,8,6,0,0.955749,1.7953333e-05,0.00413266,1.5500394e-06,8.039606e-05,1.3694917e-05,1.4878612e-05,0.955749,0.0008144166,0.03917535
/home/leo/Documentos/mestrado/DeepWeeds-Mobile/images/20171218-104211-2.jpg,8,8,8,8,1,0.81035453,0.022908524,0.0690145,4.278975e-09,0.0006429494,2.1688515e-05,0.000105501415,0.00014138035,0.09681079,0.81035453
/home/leo/Documentos/mestrado/DeepWeeds-Mobile/images/20171113-115851-3.jpg,6,6,6,6,1,0.95728606,6.9900816e-05,0.0013922931,2.6511161e-06,9.769578e-06,0.00067496556,0.0015852783,0.95728606,0.0004604654,0.038518593
/home/leo/Documentos/mestrado/DeepWeeds-Mobile/images/20170920-182932-1.jpg,2,8,2,8,0,0.5119069,0.0005112392,5.9349113e-05,0.07862865,0.05344609,0.34463644,8.355822e-06,1.1273837e-05,0.010791629,0.5119069
/home/leo/Documentos/mestrado/DeepWeeds-Mobile/images/20180109-092247-1.jpg,8,8,8,8,1,0.974004,0.00064651144,0.008689332,0.00024917786,0.00023314389,0.00071663543,0.00016019375,0.011528469,0.0037726506,0.974004
/home/leo/Documentos/mestrado/DeepWeeds-Mobile/images/20170129-102050-0.jpg,8,8,8,8,1,0.7878438,0.093632445,0.064959735,6.150001e-06,0.0027773613,2.8761551e-05,0.010338841,0.0015361044,0.038876906,0.7878438
/home/leo/Documentos/mestrado/DeepWeeds-Mobile/images/20170610-123017-0.jpg,1,1,1,1,1,0.7640454,0.00038655548,0.7640454,2.992157e-06,0.0008248149,0.0004299973,0.00019559765,0.16458853,0.00058568764,0.06894041
/home/leo/Documentos/mestrado/DeepWeeds-Mobile/images/20171219-101145-2.jpg,8,8,8,8,1,0.81955075,0.0115245525,0.00139707,0.038487952,0.026756281,0.098352484,0.0008617357,0.0017167989,0.0013525373,0.81955075
/home/leo/Documentos/mestrado/DeepWeeds-Mobile/images/20170727-144038-1.jpg,4,5,4,5,0,0.5269434,0.0004275658,1.06846965e-05,0.0033488618,0.0016629434,0.4406093,0.5269434,0.0006170885,0.00030386253,0.02607638
/home/leo/Documentos/mestrado/DeepWeeds-Mobile/images/20170714-190158-1.jpg,1,1,1,1,1,0.99876153,2.7050848e-05,0.99876153,2.8942413e-09,4.9447647e-07,8.8931564e-08,6.672648e-07,0.0003180563,0.00058280275,0.0003092616
/home/leo/Documentos/mestrado/DeepWeeds-Mobile/images/20171218-110857-3.jpg,8,8,8,8,1,0.99219394,0.0023548517,0.0024497048,3.952866e-09,0.0018317807,3.4948412e-06,6.439479e-05,1.2711834e-05,0.0010890557,0.99219394
/home/leo/Documentos/mestrado/DeepWeeds-Mobile/images/20170913-155322-3.jpg,3,5,3,5,0,0.6617069,0.00048410377,4.920875e-06,0.00018669292,0.24371444,0.008630005,0.6617069,0.00017437445,9.248313e-06,0.085089356
/home/leo/Documentos/mestrado/DeepWeeds-Mobile/images/20180112-102945-2.jpg,8,8,8,8,1,0.9968272,6.456557e-05,1.1109183e-06,5.8923166e-07,8.7852885e-07,2.626627e-10,0.00047900248,4.12192e-05,0.0025853852,0.9968272
/home/leo/Documentos/mestrado/DeepWeeds-Mobile/images/20180322-114240-2.jpg,8,8,8,8,1,0.94571805,0.0016097995,0.0017446623,8.564934e-06,0.0011040547,0.045639426,3.0746567e-05,9.545475e-06,0.0041350657,0.94571805
/home/leo/Documentos/mestrado/DeepWeeds-Mobile/images/20171220-084238-2.jpg,8,8,8,8,1,0.7962452,0.0007682654,0.0013909885,2.8071438e-11,0.000542867,2.0835533e-09,0.20059225,0.000344536,0.00011588723,0.7962452
/home/leo/Documentos/mestrado/DeepWeeds-Mobile/images/20170728-125424-2.jpg,4,4,4,4,1,0.9935057,0.00030475,7.9527645e-06,0.0002519164,0.0024924998,0.9935057,1.5201649e-05,3.8411386e-06,0.00030178064,0.0031163455
/home/leo/Documentos/mestrado/DeepWeeds-Mobile/images/20170207-142740-0.jpg,7,7,7,7,1,0.99598277,0.0030650573,4.315937e-06,4.92146e-13,1.4875036e-12,1.8187936e-13,2.351195e-05,7.703762e-12,0.99598277,0.0009244596
/home/leo/Documentos/mestrado/DeepWeeds-Mobile/images/20170707-113101-0.jpg,7,7,7,7,1,0.65144616,0.09253804,0.007003001,6.1842147e-06,1.4684086e-05,4.3147236e-05,0.11153,1.9681172e-05,0.65144616,0.13739917
/home/leo/Documentos/mestrado/DeepWeeds-Mobile/images/20180109-090745-2.jpg,8,8,8,8,1,0.9887532,0.0039986097,0.00039320203,8.531069e-08,0.005359349,6.420974e-07,1.4964315e-05,8.450807e-06,0.0014716553,0.9887532
/home/leo/Documentos/mestrado/DeepWeeds-Mobile/images/20170920-095153-2.jpg,2,2,2,2,1,0.96462274,0.00011232735,0.00036495918,0.96462274,1.9331128e-05,0.0028289675,2.9738962e-05,0.00022439187,0.00074294495,0.031054733
/home/leo/Documentos/mestrado/DeepWeeds-Mobile/images/20170718-102206-2.jpg,7,7,7,7,1,0.96897537,0.026763173,0.0004918554,1.1384177e-08,2.0795662e-08,1.4043193e-06,1.6900105e-05,5.5143454e-07,0.96897537,0.0037507904
/home/leo/Documentos/mestrado/DeepWeeds-Mobile/images/20170217-121255-0.jpg,0,8,0,8,0,0.6495213,0.1123674,0.0011649084,0.0002089,0.00055342756,1.0240743e-06,0.006519947,0.00012851706,0.22953452,0.6495213
/home/leo/Documentos/mestrado/DeepWeeds-Mobile/images/20180109-101618-1.jpg,8,8,8,8,1,0.9655419,0.0059147985,0.0003544132,0.00028991138,0.0027916492,0.0003551666,6.1733056e-07,1.1319929e-05,0.02474018,0.9655419
/home/leo/Documentos/mestrado/DeepWeeds-Mobile/images/20180109-071108-2.jpg,8,8,8,8,1,0.8632334,9.9504905e-05,0.0017741094,0.020590136,2.4288602e-06,1.6935968e-05,0.00062730233,0.113468155,0.00018795469,0.8632334
/home/leo/Documentos/mestrado/DeepWeeds-Mobile/images/20170706-112750-0.jpg,7,0,7,0,0,0.47251055,0.47251055,0.0011302668,0.0036184767,2.3592054e-05,0.0003284388,0.0001980288,3.2352264e-07,0.15076022,0.37143013
/home/leo/Documentos/mestrado/DeepWeeds-Mobile/images/20180125-095041-2.jpg,8,8,8,8,1,0.9834063,5.586286e-05,8.6388585e-09,1.9699264e-07,0.002988084,1.145047e-06,0.013535009,1.134677e-05,2.0251925e-06,0.9834063
/home/leo/Documentos/mestrado/DeepWeeds-Mobile/images/20170728-151751-3.jpg,8,4,8,4,0,0.9965932,3.4460702e-06,1.1144591e-08,0.00041164664,0.002494828,0.9965932,0.00040420648,9.19938e-09,3.0576703e-06,8.9593996e-05
/home/leo/Documentos/mestrado/DeepWeeds-Mobile/images/20170128-103744-0.jpg,8,1,8,1,0,0.69775075,0.00062330323,0.69775075,3.692118e-08,0.00010794551,2.1109152e-05,1.4838743e-06,0.0002323911,0.002388083,0.29887488
/home/leo/Documentos/mestrado/DeepWeeds-Mobile/images/20171113-092801-3.jpg,5,5,5,5,1,0.9076391,0.00028805478,8.8513756e-05,1.3309473e-07,1.8716975e-05,6.1338495e-10,0.9076391,0.011376687,0.00043267495,0.08015614
/home/leo/Documentos/mestrado/DeepWeeds-Mobile/images/20171219-101339-3.jpg,8,8,8,8,1,0.9962877,0.00024841423,4.8327518e-05,4.6932423e-11,1.873311e-06,7.173909e-09,0.0010860265,3.1180355e-06,0.0023245509,0.9962877
/home/leo/Documentos/mestrado/DeepWeeds-Mobile/images/20180109-085302-2.jpg,8,8,8,8,1,0.9763817,0.007943591,0.0057354877,0.0038527607,0.003044214,6.1527375e-05,1.9242052e-05,0.00025172892,0.002709591,0.9763817
/home/leo/Documentos/mestrado/DeepWeeds-Mobile/images/20170610-122533-0.jpg,1,1,1,1,1,0.52973855,0.061519116,0.52973855,0.00055978994,8.510202e-05,1.0727961e-05,0.031411856,0.08744015,0.01779241,0.27144232
/home/leo/Documentos/mestrado/DeepWeeds-Mobile/images/20171102-102141-3.jpg,2,2,2,2,1,0.99967307,8.5062715e-07,7.154602e-05,0.99967307,1.8274271e-06,5.899086e-06,3.890461e-05,0.00018303191,8.204876e-06,1.6624535e-05
/home/leo/Documentos/mestrado/DeepWeeds-Mobile/images/20171109-085627-2.jpg,5,5,5,5,1,0.6386601,0.00031607292,0.013569277,1.8647796e-07,7.89892e-06,3.5942338e-09,0.6386601,0.032278806,0.0009806029,0.31418717
/home/leo/Documentos/mestrado/DeepWeeds-Mobile/images/20170630-151010-0.jpg,7,6,7,6,0,0.6923274,0.018887633,0.038944457,6.178981e-07,2.3244726e-07,1.6834859e-08,0.00020339008,0.6923274,0.24158967,0.008046709
/home/leo/Documentos/mestrado/DeepWeeds-Mobile/images/20180112-071549-2.jpg,8,4,8,4,0,0.9031761,0.0001425926,1.219448e-05,0.009467136,0.0004949208,0.9031761,3.48041e-07,2.437539e-07,0.0017976033,0.084908836
/home/leo/Documentos/mestrado/DeepWeeds-Mobile/images/20180109-092237-1.jpg,8,8,8,8,1,0.93171704,0.0014815934,0.02990895,0.00057271356,0.0005834262,0.00016127575,0.00060765515,0.020074803,0.014892516,0.93171704
/home/leo/Documentos/mestrado/DeepWeeds-Mobile/images/20171219-094200-3.jpg,8,8,8,8,1,0.9999422,4.1737727e-05,7.499597e-09,2.4820226e-12,3.8535757e-09,5.8938827e-09,6.884824e-06,1.6289714e-11,9.22304e-06,0.9999422
/home/leo/Documentos/mestrado/DeepWeeds-Mobile/images/20180125-132259-3.jpg,8,7,8,7,0,0.5015281,0.038811937,0.10463411,8.653751e-05,0.00086296455,0.0016264501,0.0035453436,0.0006833725,0.5015281,0.3482212
/home/leo/Documentos/mestrado/DeepWeeds-Mobile/images/20180322-102349-2.jpg,8,8,8,8,1,0.98777765,0.001914101,0.0009043168,0.0031584897,0.0002157805,0.0005326057,0.0037141235,4.5977226e-06,0.0017784074,0.98777765
/home/leo/Documentos/mestrado/DeepWeeds-Mobile/images/20171121-073155-1.jpg,6,6,6,6,1,0.9423159,3.025775e-06,0.040909346,9.427897e-10,9.962129e-06,5.5650705e-08,2.0897717e-06,0.9423159,6.554127e-05,0.016694093
/home/leo/Documentos/mestrado/DeepWeeds-Mobile/images/20170920-115617-2.jpg,2,8,2,8,0,0.8696267,0.00055611477,4.0981386e-06,0.12591745,9.791033e-05,0.003691098,9.686496e-06,6.8676185e-05,2.8266159e-05,0.8696267
/home/leo/Documentos/mestrado/DeepWeeds-Mobile/images/20170715-162718-1.jpg,1,1,1,1,1,0.9991992,1.7321086e-07,0.9991992,2.3537844e-10,7.067666e-11,6.093778e-11,9.149494e-09,0.0007990061,7.2230887e-07,9.565481e-07
/home/leo/Documentos/mestrado/DeepWeeds-Mobile/images/20180112-081141-1.jpg,8,8,8,8,1,0.8051583,0.03824767,0.00048309402,0.017432073,0.049400207,0.032970287,4.350457e-06,8.367767e-06,0.05629561,0.8051583
/home/leo/Documentos/mestrado/DeepWeeds-Mobile/images/20171220-091107-3.jpg,8,8,8,8,1,0.96625805,0.007707909,0.0002327111,5.1120234e-05,0.0025915555,0.012693774,0.008995355,3.469593e-05,0.0014347611,0.96625805
/home/leo/Documentos/mestrado/DeepWeeds-Mobile/images/20170906-092912-1.jpg,3,3,3,3,1,0.49264675,0.04543838,0.004030033,5.5215394e-05,0.49264675,0.0761325,4.8983043e-06,4.2107615e-05,0.13506486,0.24658522
/home/leo/Documentos/mestrado/DeepWeeds-Mobile/images/20171219-093002-2.jpg,8,8,8,8,1,0.9786829,0.0006512995,1.8986007e-05,1.0117105e-05,0.018615475,5.9393293e-05,0.0011538571,4.105552e-05,0.00076696655,0.9786829
/home/leo/Documentos/mestrado/DeepWeeds-Mobile/images/20170207-142033-0.jpg,7,8,7,8,0,0.9347711,0.017433269,0.00024493583,0.00022205182,0.006464111,5.5036553e-06,5.937727e-05,6.116896e-06,0.04079346,0.9347711
/home/leo/Documentos/mestrado/DeepWeeds-Mobile/images/20171218-105835-3.jpg,8,8,8,8,1,0.9999838,1.3006845e-06,2.3671835e-06,4.153072e-11,1.0840139e-05,1.0002163e-08,1.4798381e-07,2.6890797e-07,1.3174644e-06,0.9999838
/home/leo/Documentos/mestrado/DeepWeeds-Mobile/images/20170920-131827-2.jpg,2,2,2,2,1,0.9546732,0.004586158,0.00011822053,0.9546732,0.002901528,0.0058464115,8.504637e-05,1.0814247e-05,0.0027160312,0.029062608
/home/leo/Documentos/mestrado/DeepWeeds-Mobile/images/20170811-114002-2.jpg,0,0,0,0,1,0.9928196,0.9928196,0.00019961908,5.1619722e-08,3.0776415e-09,7.970627e-08,2.2778666e-05,3.9438638e-07,0.0044918433,0.0024654865
/home/leo/Documentos/mestrado/DeepWeeds-Mobile/images/20170729-153129-3.jpg,4,5,4,5,0,0.9838043,0.0002632337,1.7893898e-07,0.0058624996,0.00032072357,0.008527784,0.9838043,6.419002e-08,5.953949e-05,0.001161729
/home/leo/Documentos/mestrado/DeepWeeds-Mobile/images/20180109-105016-1.jpg,8,8,8,8,1,0.9366534,0.00042360983,0.00026302206,0.00024560743,0.055021197,0.0051067453,2.0885453e-05,2.8489807e-05,0.0022369255,0.9366534
/home/leo/Documentos/mestrado/DeepWeeds-Mobile/images/20170811-132802-1.jpg,0,8,0,8,0,0.49194705,0.27032393,0.0030503678,0.00037617187,0.00011199229,0.0011433765,1.8825756e-05,4.1928075e-07,0.23302779,0.49194705
/home/leo/Documentos/mestrado/DeepWeeds-Mobile/images/20170715-100910-1.jpg,1,1,1,1,1,0.9898814,6.569607e-05,0.9898814,4.0722796e-08,3.4434768e-09,5.0200146e-09,3.2783003e-06,0.007399988,0.0025810534,6.851099e-05
/home/leo/Documentos/mestrado/DeepWeeds-Mobile/images/20171025-091656-2.jpg,3,8,3,8,0,0.8947749,0.0025644044,0.0007063757,0.004529465,0.09353159,0.0009000395,6.990195e-06,0.00044035766,0.0025457246,0.8947749
/home/leo/Documentos/mestrado/DeepWeeds-Mobile/images/20180125-095801-2.jpg,8,8,8,8,1,0.99633706,2.1218377e-05,2.4914586e-08,0.00026976268,0.0001874637,0.00026186448,0.00033096425,0.0025888884,2.699181e-06,0.99633706
/home/leo/Documentos/mestrado/DeepWeeds-Mobile/images/20170217-095615-0.jpg,7,7,7,7,1,0.9993387,0.00065001816,5.9255367e-06,1.0881834e-14,3.42866e-13,4.9279297e-16,3.5094803e-09,1.4761873e-06,0.9993387,3.876959e-06
/home/leo/Documentos/mestrado/DeepWeeds-Mobile/images/20170727-171924-1.jpg,4,4,4,4,1,0.97495747,0.0038590995,2.0066955e-05,0.0001599582,0.011231611,0.97495747,2.2821796e-06,7.647107e-07,0.0066360896,0.0031326583
/home/leo/Documentos/mestrado/DeepWeeds-Mobile/images/20171113-123045-0.jpg,6,6,6,6,1,0.99898785,5.6987164e-06,5.749323e-05,5.0014705e-07,0.0004809334,1.1047355e-07,2.6038376e-06,0.99898785,0.000109570945,0.00035529488
/home/leo/Documentos/mestrado/DeepWeeds-Mobile/images/20180109-104821-2.jpg,8,8,8,8,1,0.9961424,0.00059849443,5.171973e-06,0.00013866383,2.278264e-06,5.590447e-07,0.002934051,1.0835066e-05,0.00016743064,0.9961424
/home/leo/Documentos/mestrado/DeepWeeds-Mobile/images/20180112-081557-2.jpg,8,8,8,8,1,0.63047165,0.11565788,0.0013457162,0.10785939,0.042657547,0.03936891,1.6440576e-05,1.047736e-05,0.062611915,0.63047165
/home/leo/Documentos/mestrado/DeepWeeds-Mobile/images/20170727-143656-1.jpg,4,4,4,4,1,0.5756455,0.0032814448,0.001018266,0.00010370219,0.00064750324,0.5756455,9.0787005e-05,2.8808715e-06,0.17207424,0.24713573
/home/leo/Documentos/mestrado/DeepWeeds-Mobile/images/20180322-112537-1.jpg,8,8,8,8,1,0.98639417,0.00783446,0.00015641717,0.0024864026,0.002543735,2.2337314e-05,6.599413e-05,1.0363191e-06,0.00049536256,0.98639417
/home/leo/Documentos/mestrado/DeepWeeds-Mobile/images/20171203-172822-3.jpg,8,8,8,8,1,0.98205805,0.0012344379,0.004264102,2.4338556e-07,0.009313539,8.666247e-06,0.0012408298,0.0001805289,0.0016997415,0.98205805
/home/leo/Documentos/mestrado/DeepWeeds-Mobile/images/20170906-140108-2.jpg,3,3,3,3,1,0.7983779,0.0020550827,4.4421457e-05,0.0007205056,0.7983779,0.038276363,1.02027094e-07,8.258628e-07,0.0060883756,0.15443645
/home/leo/Documentos/mestrado/DeepWeeds-Mobile/images/20171220-084728-3.jpg,8,0,8,0,0,0.7227352,0.7227352,0.011525548,3.959882e-06,2.253455e-05,0.00015585522,0.0016948009,0.00062688324,0.054641258,0.20859396
/home/leo/Documentos/mestrado/DeepWeeds-Mobile/images/20180112-080040-2.jpg,8,8,8,8,1,0.7728587,0.09074229,0.001152575,0.0012509736,0.0005290846,0.000113865884,1.0908947e-05,1.8465254e-06,0.13333979,0.7728587
/home/leo/Documentos/mestrado/DeepWeeds-Mobile/images/20170217-143520-0.jpg,7,7,7,7,1,0.9157759,0.07076176,0.00071128295,1.0142946e-07,2.7174232e-07,6.123883e-09,0.00038071122,3.8206315e-05,0.9157759,0.012331823
/home/leo/Documentos/mestrado/DeepWeeds-Mobile/images/20180105-104407-1.jpg,8,8,8,8,1,0.9561259,5.788466e-05,0.0007527192,0.0015215472,2.716883e-05,6.6769185e-06,0.0013408655,0.04006257,0.000104528284,0.9561259
/home/leo/Documentos/mestrado/DeepWeeds-Mobile/images/20171220-100628-1.jpg,8,8,8,8,1,0.99801755,0.000365375,4.310769e-05,2.712817e-10,5.8695437e-05,9.385887e-08,0.00027437278,3.834269e-06,0.0012370371,0.99801755
/home/leo/Documentos/mestrado/DeepWeeds-Mobile/images/20171113-150526-1.jpg,6,1,6,1,0,0.55587745,0.007409943,0.55587745,4.6701305e-05,0.000165992,8.1488695e-05,0.0007741455,0.31068966,0.011324892,0.113629796
/home/leo/Documentos/mestrado/DeepWeeds-Mobile/images/20171109-071031-1.jpg,5,5,5,5,1,0.99931014,2.2559983e-05,4.507109e-05,3.0345934e-11,1.05539195e-10,7.912473e-14,0.99931014,2.4475685e-06,7.110092e-05,0.0005486653
/home/leo/Documentos/mestrado/DeepWeeds-Mobile/images/20170729-092143-1.jpg,4,4,4,4,1,0.92529464,0.004368146,7.397956e-06,0.054115016,0.0032941997,0.92529464,8.173206e-05,6.1428227e-07,0.0062963064,0.0065419767
/home/leo/Documentos/mestrado/DeepWeeds-Mobile/images/20180112-093414-1.jpg,8,8,8,8,1,0.9978162,0.0017243618,1.7998497e-06,4.3382147e-06,6.5476605e-08,4.7487583e-09,2.2679627e-05,9.2857114e-08,0.00043038023,0.9978162
/home/leo/Documentos/mestrado/DeepWeeds-Mobile/images/20171218-110513-2.jpg,8,8,8,8,1,0.98463535,0.00017332927,0.00011215595,5.1257137e-11,0.00031317736,3.9760324e-09,0.014670995,4.0218503e-05,5.469257e-05,0.98463535
/home/leo/Documentos/mestrado/DeepWeeds-Mobile/images/20170729-154451-3.jpg,4,4,4,4,1,0.943121,0.008627099,2.9204932e-05,0.0006006387,0.015519111,0.943121,3.6565538e-07,1.9270027e-07,0.014158457,0.017943896
/home/leo/Documentos/mestrado/DeepWeeds-Mobile/images/20180119-105823-2.jpg,8,8,8,8,1,0.8246479,0.06344455,0.011495085,6.315719e-05,0.00016131139,0.0015278751,8.697425e-05,6.1392304e-05,0.09851175,0.8246479
/home/leo/Documentos/mestrado/DeepWeeds-Mobile/images/20180109-075835-2.jpg,8,7,8,7,0,0.6061207,0.10040671,0.1259055,0.0005139663,0.004368776,0.008800763,0.00768463,0.0042362516,0.6061207,0.14196269
/home/leo/Documentos/mestrado/DeepWeeds-Mobile/images/20170715-105922-1.jpg,1,1,1,1,1,0.95573723,2.4688434e-08,0.95573723,8.195541e-12,1.3124908e-09,4.1543596e-12,8.300867e-08,0.044259988,1.3886571e-06,1.2606048e-06
/home/leo/Documentos/mestrado/DeepWeeds-Mobile/images/20170920-130803-2.jpg,2,2,2,2,1,0.6793908,1.3758075e-06,3.8580577e-08,0.6793908,1.5475798e-05,0.32031304,1.0126479e-05,2.1813335e-06,1.1003043e-07,0.00026689057
/home/leo/Documentos/mestrado/DeepWeeds-Mobile/images/20180109-070043-2.jpg,8,8,8,8,1,0.9390002,4.1993935e-06,0.00035208493,0.00029068333,1.717829e-06,1.5073291e-06,2.2324508e-05,0.06031931,7.89814e-06,0.9390002
/home/leo/Documentos/mestrado/DeepWeeds-Mobile/images/20180322-114942-2.jpg,8,8,8,8,1,0.9171774,0.019907221,0.00074275106,0.012365887,0.007962577,0.029433982,0.0007114841,7.3121337e-06,0.011691317,0.9171774
/home/leo/Documentos/mestrado/DeepWeeds-Mobile/images/20171218-104150-2.jpg,8,8,8,8,1,0.98201966,0.010218675,0.00018859692,2.6468314e-10,3.7124348e-08,3.5042984e-12,7.997083e-05,3.8596536e-05,0.0074545164,0.98201966
/home/leo/Documentos/mestrado/DeepWeeds-Mobile/images/20180112-072730-1.jpg,8,8,8,8,1,0.83344823,0.08975889,0.0008195261,0.00012790029,0.0008034597,0.00013743412,2.2205335e-05,2.693503e-07,0.07488214,0.83344823
/home/leo/Documentos/mestrado/DeepWeeds-Mobile/images/20170727-140518-1.jpg,4,4,4,4,1,0.9816611,0.0011437188,2.5472789e-06,0.0002711068,0.0028848234,0.9816611,9.836706e-06,4.174251e-09,0.004601073,0.009425815
/home/leo/Documentos/mestrado/DeepWeeds-Mobile/images/20171109-092448-1.jpg,5,5,5,5,1,0.9998102,3.1600468e-06,2.5533793e-06,4.8162026e-12,1.4600458e-09,1.3168518e-13,0.9998102,2.1636467e-06,1.8386558e-07,0.00018168997
/home/leo/Documentos/mestrado/DeepWeeds-Mobile/images/20170913-121711-1.jpg,5,5,5,5,1,0.99868053,9.643824e-06,2.9899616e-07,3.3345937e-06,2.8420307e-06,6.66086e-07,0.99868053,1.4062705e-05,1.2237091e-06,0.0012872842
/home/leo/Documentos/mestrado/DeepWeeds-Mobile/images/20171109-092301-2.jpg,5,5,5,5,1,0.9963827,1.4236612e-05,1.7838194e-05,8.844434e-12,3.1508374e-09,5.555835e-13,0.9963827,6.2866866e-06,1.6094116e-07,0.003578753
/home/leo/Documentos/mestrado/DeepWeeds-Mobile/images/20170304-124521-0.jpg,0,0,0,0,1,0.6983981,0.6983981,0.0017323763,2.3311135e-05,7.4263444e-05,4.019492e-05,0.0010634547,5.666311e-07,0.15034594,0.14832176
/home/leo/Documentos/mestrado/DeepWeeds-Mobile/images/20170714-110421-1.jpg,1,1,1,1,1,0.9397176,0.00022736882,0.9397176,2.2861181e-10,9.49177e-06,1.092759e-06,4.765525e-06,0.0008655242,0.012676337,0.046497792
/home/leo/Documentos/mestrado/DeepWeeds-Mobile/images/20180125-094314-2.jpg,8,8,8,8,1,0.9771358,6.3446864e-06,3.487387e-06,0.0021800098,2.9986146e-05,0.019691195,2.6165644e-06,0.00094796426,2.6885753e-06,0.9771358
/home/leo/Documentos/mestrado/DeepWeeds-Mobile/images/20170610-123546-0.jpg,1,0,1,0,0,0.397488,0.397488,0.039607562,2.4580288e-05,0.0070073,3.3244283e-05,0.023704587,0.030901471,0.11761969,0.38361353
/home/leo/Documentos/mestrado/DeepWeeds-Mobile/images/20180322-130411-1.jpg,8,8,8,8,1,0.99941194,8.7566936e-05,0.00019475342,1.431007e-08,3.3914053e-05,5.3243207e-06,3.448793e-05,9.094742e-07,0.00023098224,0.99941194
/home/leo/Documentos/mestrado/DeepWeeds-Mobile/images/20180109-071900-1.jpg,8,6,8,6,0,0.5243844,0.08144036,0.039650954,0.00032909357,0.0059716906,0.0020147816,0.0012391491,0.5243844,0.18035562,0.16461398
/home/leo/Documentos/mestrado/DeepWeeds-Mobile/images/20170210-132406-0.jpg,0,0,0,0,1,0.9838094,0.9838094,0.0036369613,8.664394e-05,1.3854252e-07,2.6886317e-08,0.00020940528,0.0006315262,0.008194984,0.003430863
/home/leo/Documentos/mestrado/DeepWeeds-Mobile/images/20170217-122313-0.jpg,0,6,0,6,0,0.26060948,0.25053445,0.0007571752,8.255576e-05,9.640868e-06,1.5509208e-07,0.076760955,0.26060948,0.24867517,0.16257049
/home/leo/Documentos/mestrado/DeepWeeds-Mobile/images/20171219-112019-3.jpg,8,8,8,8,1,0.9297138,8.503017e-06,6.35406e-07,0.00020223286,0.022068875,0.047606926,0.00030717984,9.13506e-05,4.554752e-07,0.9297138
/home/leo/Documentos/mestrado/DeepWeeds-Mobile/images/20171212-093840-1.jpg,8,8,8,8,1,0.99485755,4.2614072e-05,8.068219e-05,4.7517415e-12,0.0042185164,2.8758544e-07,3.7049724e-06,2.3376255e-05,0.0007733408,0.99485755
/home/leo/Documentos/mestrado/DeepWeeds-Mobile/images/20180109-094720-2.jpg,8,8,8,8,1,0.9583979,0.0026441212,0.00027279102,0.0013051151,0.0344872,0.00077463756,4.4923036e-06,0.0016663672,0.0004473002,0.9583979
/home/leo/Documentos/mestrado/DeepWeeds-Mobile/images/20171219-095036-2.jpg,8,8,8,8,1,0.9773703,0.003640624,0.004914027,5.7735638e-06,2.4792234e-05,4.2328525e-06,0.0065860567,0.00014429449,0.0073098927,0.9773703
/home/leo/Documentos/mestrado/DeepWeeds-Mobile/images/20170906-111809-1.jpg,3,8,3,8,0,0.6039064,0.00033534883,0.009281651,5.2357663e-11,0.38272217,4.0361716e-05,6.8151394e-08,1.9070743e-05,0.0036948563,0.6039064
/home/leo/Documentos/mestrado/DeepWeeds-Mobile/images/20180125-093838-1.jpg,8,8,8,8,1,0.9969252,0.0014595237,0.0005627405,2.3351374e-06,2.6270223e-05,9.618123e-05,7.2698196e-05,6.2039784e-05,0.0007930315,0.9969252
/home/leo/Documentos/mestrado/DeepWeeds-Mobile/images/20170920-160607-3.jpg,2,2,2,2,1,0.9999765,1.271817e-07,1.2054624e-06,0.9999765,2.746495e-08,1.4576166e-06,5.8454003e-07,1.7228179e-07,6.631696e-07,1.9318122e-05
/home/leo/Documentos/mestrado/DeepWeeds-Mobile/images/20171205-141403-2.jpg,8,8,8,8,1,0.91837054,0.00085920887,0.000827072,1.5532618e-10,5.2172823e-06,6.4410304e-09,0.07861591,2.320428e-05,0.0012987921,0.91837054
/home/leo/Documentos/mestrado/DeepWeeds-Mobile/images/20170217-115029-0.jpg,0,0,0,0,1,0.944356,0.944356,0.005503407,1.8419183e-05,1.006074e-06,2.3133135e-08,5.0867184e-05,5.2227442e-05,0.007427184,0.04259079
/home/leo/Documentos/mestrado/DeepWeeds-Mobile/images/20170727-130335-3.jpg,4,4,4,4,1,0.859517,1.4834579e-05,5.767717e-07,0.13922323,0.00024270728,0.859517,9.003366e-05,8.36094e-06,1.6627104e-06,0.0009017213
/home/leo/Documentos/mestrado/DeepWeeds-Mobile/images/20180112-102401-2.jpg,8,8,8,8,1,0.9932567,0.0053455955,4.452501e-05,0.0003698831,9.0010435e-05,1.5089229e-06,7.5664866e-05,1.6663536e-05,0.0007993324,0.9932567
/home/leo/Documentos/mestrado/DeepWeeds-Mobile/images/20170217-095820-0.jpg,7,7,7,7,1,0.73396295,0.05238118,1.7212305e-05,2.1624437e-08,1.1248211e-06,3.106893e-09,0.0026434069,3.4978612e-07,0.73396295,0.21099374
/home/leo/Documentos/mestrado/DeepWeeds-Mobile/images/20180112-070545-2.jpg,8,8,8,8,1,0.8313929,0.061480835,0.016155763,0.0022072794,0.035219952,0.018841274,5.4258458e-06,2.859089e-06,0.0346937,0.8313929
/home/leo/Documentos/mestrado/DeepWeeds-Mobile/images/20171113-101111-1.jpg,5,5,5,5,1,0.9946103,1.5639447e-06,3.872953e-06,2.082468e-12,3.327908e-08,2.2731127e-13,0.9946103,4.661742e-05,9.571817e-07,0.005336651
/home/leo/Documentos/mestrado/DeepWeeds-Mobile/images/20171219-100803-3.jpg,8,8,8,8,1,0.9929838,0.0032817407,0.0007989905,2.153674e-05,0.001563164,4.616478e-05,1.2353127e-05,0.00037866304,0.00091355504,0.9929838
/home/leo/Documentos/mestrado/DeepWeeds-Mobile/images/20171121-181134-2.jpg,6,6,6,6,1,0.9794226,4.8414422e-05,0.002133627,2.1530078e-09,0.00012817899,1.01255445e-07,3.316587e-08,0.9794226,0.0086732935,0.009593643
/home/leo/Documentos/mestrado/DeepWeeds-Mobile/images/20171205-123640-2.jpg,8,6,8,6,0,0.73120505,0.0002910909,0.1824673,3.9301117e-06,2.696965e-05,1.0837418e-06,0.018973144,0.73120505,0.00024566258,0.0667858
/home/leo/Documentos/mestrado/DeepWeeds-Mobile/images/20170727-171942-1.jpg,4,4,4,4,1,0.83099675,0.06633926,0.00017327651,0.003149782,0.015568081,0.83099675,7.448167e-05,3.2829303e-06,0.06378264,0.019912526
/home/leo/Documentos/mestrado/DeepWeeds-Mobile/images/20170705-164347-0.jpg,7,8,7,8,0,0.72001356,0.07790848,0.014985915,0.00017416594,0.06811371,0.008416807,0.00076236983,0.00030763392,0.10931742,0.72001356
/home/leo/Documentos/mestrado/DeepWeeds-Mobile/images/20180119-115347-1.jpg,8,8,8,8,1,0.8642819,0.0041782185,0.00043328787,0.070660494,0.01266117,0.035041064,7.6577846e-05,5.7603407e-05,0.01260965,0.8642819
/home/leo/Documentos/mestrado/DeepWeeds-Mobile/images/20171219-112439-2.jpg,8,8,8,8,1,0.99943656,4.9274764e-05,4.7637923e-07,2.728067e-06,0.000424708,1.3826311e-05,2.014579e-05,4.5026438e-05,7.2069715e-06,0.99943656
/home/leo/Documentos/mestrado/DeepWeeds-Mobile/images/20171205-141149-2.jpg,8,8,8,8,1,0.9983323,1.864345e-05,5.035282e-05,4.0708872e-13,0.0008822081,4.165636e-10,0.00041440397,0.00024689574,5.5043358e-05,0.9983323
/home/leo/Documentos/mestrado/DeepWeeds-Mobile/images/20180112-082937-1.jpg,8,8,8,8,1,0.7995029,0.11414892,4.9362774e-05,0.0064267106,0.04168021,0.0014843412,2.0825162e-06,1.613679e-08,0.036705557,0.7995029
/home/leo/Documentos/mestrado/DeepWeeds-Mobile/images/20180112-094756-2.jpg,8,8,8,8,1,0.9998164,2.2062495e-05,2.1194064e-06,0.00014110513,1.60692e-07,3.3022566e-08,5.1998484e-08,1.8992603e-06,1.6152613e-05,0.9998164
/home/leo/Documentos/mestrado/DeepWeeds-Mobile/images/20170913-104656-1.jpg,3,3,3,3,1,0.97761333,3.7479083e-05,5.6436425e-06,8.118688e-06,0.97761333,0.011000379,0.0004775645,1.0261912e-06,2.8931597e-06,0.0108535625
/home/leo/Documentos/mestrado/DeepWeeds-Mobile/images/20180105-095047-3.jpg,8,8,8,8,1,0.9756259,0.0013061811,0.00015895341,0.00017689817,0.010768489,0.0008994724,0.00040077133,0.008366413,0.0022969127,0.9756259
/home/leo/Documentos/mestrado/DeepWeeds-Mobile/images/20171220-101714-2.jpg,8,8,8,8,1,0.9538155,0.00014917216,0.00012673123,2.3162376e-09,0.0042948783,2.9952028e-07,0.04085632,0.00072891446,2.8115763e-05,0.9538155
/home/leo/Documentos/mestrado/DeepWeeds-Mobile/images/20171102-115337-1.jpg,2,2,2,2,1,0.99984884,3.9821214e-07,3.2977654e-10,0.99984884,6.578545e-07,5.6333977e-07,2.7834957e-08,4.3220116e-09,6.0212475e-09,0.0001495045
/home/leo/Documentos/mestrado/DeepWeeds-Mobile/images/20171220-091423-3.jpg,8,8,8,8,1,0.5352598,0.08837406,0.14392692,3.3444226e-06,0.0010345137,2.8877244e-05,0.2116187,0.00045506883,0.019298721,0.5352598
/home/leo/Documentos/mestrado/DeepWeeds-Mobile/images/20171102-100458-2.jpg,4,3,4,3,0,0.8926032,6.440827e-05,0.0012770066,4.43677e-05,0.8926032,0.011271812,1.7900724e-08,0.0006785346,0.00016574422,0.09389495
/home/leo/Documentos/mestrado/DeepWeeds-Mobile/images/20170718-100224-2.jpg,0,2,0,2,0,0.6419678,0.031956483,0.0018175818,0.6419678,0.11387485,0.14023152,0.0037587255,0.00032502407,0.013267152,0.052800845
/home/leo/Documentos/mestrado/DeepWeeds-Mobile/images/20180105-092734-2.jpg,8,8,8,8,1,0.9792208,0.001251619,0.011229494,2.5979832e-06,0.00030555666,1.04936435e-05,9.411041e-05,0.0050605806,0.0028247463,0.9792208
/home/leo/Documentos/mestrado/DeepWeeds-Mobile/images/20170906-105821-1.jpg,3,3,3,3,1,0.5763214,0.00038318854,0.00015155978,1.5088032e-05,0.5763214,0.0009329122,5.1555658e-06,0.008385559,0.0002883075,0.41351682
/home/leo/Documentos/mestrado/DeepWeeds-Mobile/images/20170706-112058-0.jpg,7,7,7,7,1,0.675295,0.061344594,0.009739552,0.00028341913,5.52781e-05,0.00020760673,0.0055154352,8.591952e-05,0.675295,0.24747308
/home/leo/Documentos/mestrado/DeepWeeds-Mobile/images/20170811-131052-2.jpg,0,0,0,0,1,0.9488488,0.9488488,3.0859475e-05,2.6040552e-06,3.025075e-06,0.00035390363,5.505589e-05,2.3288376e-07,0.030449731,0.020255778
/home/leo/Documentos/mestrado/DeepWeeds-Mobile/images/20170714-140402-2.jpg,1,7,1,7,0,0.7624936,0.011874137,0.06397444,4.0800787e-06,0.0031417143,0.00077885744,0.0018661739,0.00017224599,0.7624936,0.15569472
/home/leo/Documentos/mestrado/DeepWeeds-Mobile/images/20180322-130534-1.jpg,8,8,8,8,1,0.9917275,0.0017659845,0.0018667588,8.225229e-07,0.0010093489,0.0004660839,0.00016814725,1.4513824e-05,0.002980878,0.9917275
/home/leo/Documentos/mestrado/DeepWeeds-Mobile/images/20170913-101846-1.jpg,3,3,3,3,1,0.9818653,1.0132628e-06,2.8214626e-09,0.0010605662,0.9818653,0.0072232997,0.009594048,1.2570898e-08,3.6584257e-08,0.0002558103
/home/leo/Documentos/mestrado/DeepWeeds-Mobile/images/20170727-164003-3.jpg,4,7,4,7,0,0.6499848,0.09005979,0.0026112937,8.3779905e-06,0.07097231,0.1032545,5.96534e-07,4.5707498e-07,0.6499848,0.0831079
/home/leo/Documentos/mestrado/DeepWeeds-Mobile/images/20171102-121948-1.jpg,2,2,2,2,1,0.6225847,0.00042643634,3.970116e-07,0.6225847,1.5533535e-05,0.00015142339,2.647202e-06,2.226169e-07,2.3096587e-05,0.37679544
/home/leo/Documentos/mestrado/DeepWeeds-Mobile/images/20171109-092200-1.jpg,5,5,5,5,1,0.985607,0.0011194446,0.0029673039,4.2545696e-09,6.949417e-08,1.1667854e-09,0.985607,6.0164482e-05,0.0009434421,0.009302617
/home/leo/Documentos/mestrado/DeepWeeds-Mobile/images/20180125-091151-1.jpg,8,8,8,8,1,0.99995935,7.728519e-06,1.5133942e-07,2.4686017e-07,3.7056595e-06,1.5625847e-05,3.8117582e-07,4.4936432e-06,8.330225e-06,0.99995935
/home/leo/Documentos/mestrado/DeepWeeds-Mobile/images/20180112-080235-2.jpg,8,2,8,2,0,0.8647756,0.04540017,1.7601582e-05,0.8647756,0.0029937518,0.0005475707,1.1142889e-06,5.250956e-08,0.0025751896,0.08368891
/home/leo/Documentos/mestrado/DeepWeeds-Mobile/images/20171102-104545-1.jpg,2,2,2,2,1,0.77318937,5.4135166e-05,6.5922145e-06,0.77318937,1.1857484e-06,0.104145035,1.51194035e-05,0.0036341562,4.0187365e-06,0.11895038
/home/leo/Documentos/mestrado/DeepWeeds-Mobile/images/20180322-125857-1.jpg,8,8,8,8,1,0.9992354,0.00022484487,6.995846e-05,1.0232395e-08,2.4947155e-08,1.0627099e-06,8.1525344e-05,7.229563e-10,0.00038710138,0.9992354
/home/leo/Documentos/mestrado/DeepWeeds-Mobile/images/20180109-090446-1.jpg,8,8,8,8,1,0.9724805,0.0045741773,4.460657e-05,0.009715196,0.0103658065,1.4731627e-05,1.08011955e-05,1.89575e-05,0.0027752044,0.9724805
/home/leo/Documentos/mestrado/DeepWeeds-Mobile/images/20171113-113859-0.jpg,6,6,6,6,1,0.9433149,3.090597e-05,0.00038968818,8.575785e-05,0.017265802,5.1461043e-06,1.6022188e-05,0.9433149,8.031602e-05,0.03881134
/home/leo/Documentos/mestrado/DeepWeeds-Mobile/images/20171219-112917-2.jpg,8,8,8,8,1,0.99212426,8.565697e-05,9.359348e-06,2.2338231e-06,0.003313715,2.5560876e-05,2.0621801e-05,0.004405229,1.3436995e-05,0.99212426
/home/leo/Documentos/mestrado/DeepWeeds-Mobile/images/20171220-100613-1.jpg,8,8,8,8,1,0.9999753,6.2732624e-07,4.5679993e-08,4.6535444e-17,1.7221997e-05,1.5797553e-11,3.6537651e-06,1.0472175e-08,3.2065525e-06,0.9999753
/home/leo/Documentos/mestrado/DeepWeeds-Mobile/images/20180112-080657-2.jpg,8,8,8,8,1,0.5174662,0.0828202,0.00046749483,0.22443093,0.14005293,0.013439429,4.655432e-06,1.1612256e-05,0.021306533,0.5174662
/home/leo/Documentos/mestrado/DeepWeeds-Mobile/images/20170127-101650-0.jpg,1,1,1,1,1,0.9189058,0.0001751525,0.9189058,4.7694588e-08,5.6501358e-05,2.582136e-06,0.0002591039,0.069157295,0.0018583386,0.009585318
/home/leo/Documentos/mestrado/DeepWeeds-Mobile/images/20171025-075029-3.jpg,3,8,3,8,0,0.7589922,0.00024527966,0.010160342,1.3530309e-09,0.2197984,0.00010259002,3.9159423e-07,0.009773025,0.00092774205,0.7589922
/home/leo/Documentos/mestrado/DeepWeeds-Mobile/images/20180109-104408-2.jpg,8,8,8,8,1,0.9742131,0.008540491,0.0006445225,0.0055421763,0.0029860428,0.0018716238,8.071527e-05,3.5865894e-05,0.0060854508,0.9742131
/home/leo/Documentos/mestrado/DeepWeeds-Mobile/images/20180119-105407-1.jpg,8,8,8,8,1,0.9879979,0.0011788188,0.0033710345,7.566339e-07,0.0034946701,3.098191e-05,2.8683768e-05,0.00013477284,0.003762368,0.9879979
/home/leo/Documentos/mestrado/DeepWeeds-Mobile/images/20180119-110549-2.jpg,8,8,8,8,1,0.9801635,0.003343897,0.004426682,3.6057063e-05,0.00033755804,4.357628e-05,0.00038325647,0.0025802623,0.0086852955,0.9801635
/home/leo/Documentos/mestrado/DeepWeeds-Mobile/images/20170217-112200-0.jpg,0,0,0,0,1,0.8838945,0.8838945,9.862586e-05,1.2697168e-07,7.948394e-09,1.1293314e-10,0.076029375,1.2433275e-05,0.015312337,0.024652623
/home/leo/Documentos/mestrado/DeepWeeds-Mobile/images/20171108-130459-3.jpg,5,5,5,5,1,0.9948705,0.00059771916,2.388095e-06,2.0843104e-10,7.42286e-10,1.9550587e-13,0.9948705,2.4668616e-06,0.0010900167,0.0034368918
/home/leo/Documentos/mestrado/DeepWeeds-Mobile/images/20171113-093619-3.jpg,5,5,5,5,1,0.89295876,0.06526039,2.7732845e-06,3.2845473e-09,1.4262471e-08,1.4942358e-11,0.89295876,2.4834394e-06,0.0024862078,0.039289344
/home/leo/Documentos/mestrado/DeepWeeds-Mobile/images/20180119-114600-1.jpg,8,8,8,8,1,0.932703,0.002508906,0.034993272,5.151469e-05,0.0011337253,3.6558766e-05,0.000567222,0.022368899,0.005636864,0.932703
/home/leo/Documentos/mestrado/DeepWeeds-Mobile/images/20171220-083114-3.jpg,8,8,8,8,1,0.9996714,9.024832e-06,1.7319977e-08,3.9446625e-15,3.721262e-05,3.5787687e-10,8.262446e-07,4.8454294e-09,0.00028141,0.9996714
/home/leo/Documentos/mestrado/DeepWeeds-Mobile/images/20180109-101406-2.jpg,8,8,8,8,1,0.9475418,0.00016821922,0.017387424,1.3843823e-05,0.0038322026,0.00024521523,0.00013956307,0.030429458,0.00024241433,0.9475418
/home/leo/Documentos/mestrado/DeepWeeds-Mobile/images/20170714-113721-2.jpg,1,1,1,1,1,0.91494256,0.00050535344,0.91494256,4.0457505e-07,4.1186e-05,4.1191735e-05,7.361219e-05,0.012319273,0.011179619,0.06089681
/home/leo/Documentos/mestrado/DeepWeeds-Mobile/images/20170913-105539-3.jpg,5,5,5,5,1,0.9885837,0.008835995,0.00019273061,1.8753588e-05,1.4708844e-05,1.0963257e-05,0.9885837,6.681434e-05,0.0004801846,0.0017963245
/home/leo/Documentos/mestrado/DeepWeeds-Mobile/images/20171113-150659-1.jpg,6,6,6,6,1,0.77360094,0.00077978836,0.0018924316,7.459674e-05,0.00018020274,0.00018780626,0.00052598736,0.77360094,0.0033078296,0.21945044
/home/leo/Documentos/mestrado/DeepWeeds-Mobile/images/20170304-131755-0.jpg,7,0,7,0,0,0.91958016,0.91958016,0.0044204737,1.807827e-09,2.319638e-11,4.1095086e-10,0.0038694562,1.7517634e-07,0.042717654,0.029412068
/home/leo/Documentos/mestrado/DeepWeeds-Mobile/images/20171113-123752-1.jpg,6,6,6,6,1,0.99496067,2.7263516e-06,4.737861e-05,5.940192e-06,7.973972e-06,4.2834648e-07,4.7657755e-07,0.99496067,8.4006336e-07,0.004973534
/home/leo/Documentos/mestrado/DeepWeeds-Mobile/images/20170920-183940-1.jpg,2,2,2,2,1,0.9799437,8.2528567e-07,8.919866e-09,0.9799437,2.0218702e-06,0.019982176,5.546056e-07,1.0220638e-07,6.289741e-08,7.046902e-05
/home/leo/Documentos/mestrado/DeepWeeds-Mobile/images/20171109-070837-3.jpg,5,5,5,5,1,0.9821063,0.00081169436,8.203406e-06,3.2054441e-09,2.7963716e-09,3.28555e-12,0.9821063,4.8110496e-06,8.993956e-05,0.01697902
/home/leo/Documentos/mestrado/DeepWeeds-Mobile/images/20171219-094042-2.jpg,8,8,8,8,1,0.8803079,0.04619666,0.0032660086,0.0027446232,0.010414132,0.00045500352,0.027356194,0.02796146,0.0012979873,0.8803079
/home/leo/Documentos/mestrado/DeepWeeds-Mobile/images/20170913-103455-2.jpg,3,3,3,3,1,0.8623718,6.1476894e-05,7.375686e-07,0.008107354,0.8623718,0.0100184,0.10069977,6.128298e-06,8.602581e-07,0.018733438
/home/leo/Documentos/mestrado/DeepWeeds-Mobile/images/20170405-155929-0.jpg,0,7,0,7,0,0.83639807,0.11117309,7.639232e-05,3.1545812e-07,1.1184696e-06,2.8102548e-07,0.00011817588,2.7655027e-08,0.83639807,0.052232645
/home/leo/Documentos/mestrado/DeepWeeds-Mobile/images/20170705-170234-0.jpg,0,0,0,0,1,0.55273783,0.55273783,0.00038306383,6.2040686e-05,0.013622009,0.0033096857,4.6774508e-06,2.983122e-07,0.3262351,0.10364534
/home/leo/Documentos/mestrado/DeepWeeds-Mobile/images/20170501-144448-0.jpg,1,8,1,8,0,0.67823833,0.20021999,0.044925522,0.00015229509,0.0007876891,3.2556196e-05,0.00024182304,0.00041921373,0.07498246,0.67823833
/home/leo/Documentos/mestrado/DeepWeeds-Mobile/images/20170913-100953-2.jpg,3,3,3,3,1,0.3816614,4.8976664e-05,6.0898664e-08,0.27170923,0.3816614,0.040570233,0.297997,3.0085075e-06,6.053454e-07,0.008009528
/home/leo/Documentos/mestrado/DeepWeeds-Mobile/images/20180105-100358-2.jpg,8,8,8,8,1,0.9927233,5.5895873e-07,4.6104708e-07,0.005955658,1.0150105e-06,8.602544e-05,1.237646e-07,0.0012324696,3.5448045e-07,0.9927233
/home/leo/Documentos/mestrado/DeepWeeds-Mobile/images/20171113-151802-1.jpg,6,6,6,6,1,0.998434,3.3323033e-07,0.0002459709,1.23146275e-08,1.0967642e-07,1.4027947e-09,2.4099518e-06,0.998434,6.5039353e-06,0.0013106582
/home/leo/Documentos/mestrado/DeepWeeds-Mobile/images/20170728-152926-3.jpg,8,4,8,4,0,0.9244887,0.013459931,7.733044e-05,0.0006492533,0.01027216,0.9244887,0.009754364,1.2374966e-06,0.016784592,0.024512451
/home/leo/Documentos/mestrado/DeepWeeds-Mobile/images/20170705-161651-0.jpg,7,0,7,0,0,0.5456492,0.5456492,0.00048398916,0.0001957749,0.00027470043,0.00049129315,0.0001024975,5.7898795e-08,0.31536338,0.13743913
/home/leo/Documentos/mestrado/DeepWeeds-Mobile/images/20171102-120336-2.jpg,2,2,2,2,1,0.9996464,8.217728e-06,2.0846896e-08,0.9996464,1.2389644e-05,7.730342e-05,8.614646e-09,1.1724373e-09,5.791266e-07,0.00025509513
/home/leo/Documentos/mestrado/DeepWeeds-Mobile/images/20180125-134722-3.jpg,8,8,8,8,1,0.7625768,0.0045563295,0.16374908,0.00071944215,0.009559358,0.02024698,7.666894e-05,0.014565856,0.023949403,0.7625768
/home/leo/Documentos/mestrado/DeepWeeds-Mobile/images/20171025-094027-2.jpg,3,3,3,3,1,0.8451897,0.005270874,5.8664205e-06,0.0062876944,0.8451897,0.00861913,2.6807618e-07,8.858748e-08,0.006113571,0.12851283
/home/leo/Documentos/mestrado/DeepWeeds-Mobile/images/20170714-143030-2.jpg,1,1,1,1,1,0.6358272,0.00036251545,0.6358272,3.4787692e-07,0.0010849054,6.138113e-05,0.00058666157,0.004412507,0.007533408,0.35013112
/home/leo/Documentos/mestrado/DeepWeeds-Mobile/images/20170727-143832-1.jpg,4,5,4,5,0,0.5345323,0.027814362,0.00027098597,0.3845904,0.00010833144,0.014357951,0.5345323,0.0006199326,0.024266817,0.013438909
/home/leo/Documentos/mestrado/DeepWeeds-Mobile/images/20170920-185253-1.jpg,2,2,2,2,1,0.99403197,4.089328e-06,2.1084672e-08,0.99403197,1.5841212e-06,0.005734583,4.3662152e-07,3.502337e-08,4.0097987e-07,0.00022688457
/home/leo/Documentos/mestrado/DeepWeeds-Mobile/images/20170126-095404-0.jpg,1,1,1,1,1,0.7893505,0.039436813,0.7893505,1.4211994e-06,1.7747358e-05,3.5376331e-06,0.0026017854,0.00014679655,0.14190388,0.026537376
/home/leo/Documentos/mestrado/DeepWeeds-Mobile/images/20180109-073042-1.jpg,8,8,8,8,1,0.7591765,2.8864397e-07,6.9352827e-06,2.0902562e-06,7.6621785e-07,2.2424994e-05,4.644588e-08,0.24078964,1.3442774e-06,0.7591765
/home/leo/Documentos/mestrado/DeepWeeds-Mobile/images/20180109-095936-1.jpg,8,8,8,8,1,0.95853734,0.037181985,7.942291e-06,0.0017628627,0.00068403035,1.258195e-06,3.3026056e-06,1.1311737e-06,0.0018201164,0.95853734
/home/leo/Documentos/mestrado/DeepWeeds-Mobile/images/20180125-132826-2.jpg,8,8,8,8,1,0.96772313,0.00046564805,0.012655025,3.0597176e-09,0.001650965,0.000106620624,1.2929937e-05,4.026473e-06,0.017381728,0.96772313
/home/leo/Documentos/mestrado/DeepWeeds-Mobile/images/20170920-162725-3.jpg,2,2,2,2,1,0.9159029,0.00020186645,3.8721595e-07,0.9159029,0.00022685486,0.08130035,6.319913e-05,1.5416165e-06,3.019935e-05,0.0022727451
/home/leo/Documentos/mestrado/DeepWeeds-Mobile/images/20180125-135227-3.jpg,8,8,8,8,1,0.96887714,0.0035035312,0.0058645867,0.00057903165,0.0006806342,0.0066857585,9.628814e-05,2.6380232e-05,0.013686532,0.96887714
/home/leo/Documentos/mestrado/DeepWeeds-Mobile/images/20171220-092648-3.jpg,8,8,8,8,1,0.9016884,0.009363038,0.00017446309,1.8349507e-05,0.081871934,0.00119177,0.00039084326,0.0004812819,0.004820056,0.9016884
/home/leo/Documentos/mestrado/DeepWeeds-Mobile/images/20170715-114304-1.jpg,1,1,1,1,1,0.9869101,2.4611225e-05,0.9869101,3.2754667e-11,7.614017e-11,8.91254e-12,6.059594e-08,0.013051101,7.897158e-06,6.100147e-06
/home/leo/Documentos/mestrado/DeepWeeds-Mobile/images/20171203-173105-3.jpg,8,8,8,8,1,0.91119146,0.006725955,0.03416175,5.9249647e-08,0.002830187,9.339479e-07,0.01162348,0.0035756198,0.029890617,0.91119146
/home/leo/Documentos/mestrado/DeepWeeds-Mobile/images/20170304-124720-0.jpg,0,2,0,2,0,0.4561292,0.14727156,0.06690646,0.4561292,0.00395135,0.05051146,0.05339385,0.006956028,0.11477654,0.10010356
/home/leo/Documentos/mestrado/DeepWeeds-Mobile/images/20170501-143547-0.jpg,1,1,1,1,1,0.6971373,0.09511972,0.6971373,7.024187e-05,0.00044299595,0.0055482443,9.031655e-05,0.0025764934,0.08631048,0.11270414
/home/leo/Documentos/mestrado/DeepWeeds-Mobile/images/20180109-075826-2.jpg,8,2,8,2,0,0.514944,0.04074239,8.250878e-05,0.514944,0.012306911,0.028564747,0.000118668824,0.0016434225,0.053449575,0.3481478
/home/leo/Documentos/mestrado/DeepWeeds-Mobile/images/20180105-095551-2.jpg,8,8,8,8,1,0.99783057,1.2403102e-07,4.99033e-07,5.9878735e-06,2.0461482e-06,8.7500575e-06,3.3369814e-09,0.0021514962,4.060705e-07,0.99783057
/home/leo/Documentos/mestrado/DeepWeeds-Mobile/images/20170522-123512-0.jpg,1,8,1,8,0,0.73755455,0.019231996,0.12971078,1.7249741e-06,0.08117972,0.00034542434,0.014589375,0.0018515163,0.015534831,0.73755455
/home/leo/Documentos/mestrado/DeepWeeds-Mobile/images/20180322-104151-1.jpg,8,8,8,8,1,0.85816884,0.055973858,0.0009412103,3.0834148e-05,5.0236213e-05,0.0025445162,0.0012561724,8.946724e-08,0.08103422,0.85816884
/home/leo/Documentos/mestrado/DeepWeeds-Mobile/images/20180125-093345-2.jpg,8,8,8,8,1,0.9999974,5.891145e-07,2.1959335e-07,1.3378071e-08,4.5474966e-08,1.4963373e-07,1.3425002e-06,1.6097356e-07,2.2133337e-07,0.9999974
/home/leo/Documentos/mestrado/DeepWeeds-Mobile/images/20170714-150422-1.jpg,1,1,1,1,1,0.6932004,0.002604458,0.6932004,6.746446e-07,0.00061324134,1.8934332e-05,0.0004237568,0.007463523,0.043385535,0.25228944
/home/leo/Documentos/mestrado/DeepWeeds-Mobile/images/20170906-135014-1.jpg,3,8,3,8,0,0.41559318,0.043596156,0.00043948853,0.012763271,0.26395378,0.1797648,1.655162e-06,1.7292244e-07,0.083887465,0.41559318
/home/leo/Documentos/mestrado/DeepWeeds-Mobile/images/20171025-100802-2.jpg,3,3,3,3,1,0.9262593,0.0010912226,2.2406924e-05,0.00042901922,0.9262593,7.101818e-06,1.4385112e-05,1.1021982e-05,0.00020000388,0.07196556
/home/leo/Documentos/mestrado/DeepWeeds-Mobile/images/20171113-133354-1.jpg,6,6,6,6,1,0.6323434,0.004284012,0.0015198567,9.110238e-06,0.00019063402,5.25164e-08,0.005361725,0.6323434,0.1419281,0.21436308
/home/leo/Documentos/mestrado/DeepWeeds-Mobile/images/20180105-102107-2.jpg,8,8,8,8,1,0.6039144,2.2351535e-06,0.00084465946,3.487245e-08,0.0020098165,0.00033414434,6.564041e-07,0.39286965,2.4460149e-05,0.6039144
/home/leo/Documentos/mestrado/DeepWeeds-Mobile/images/20180112-094421-2.jpg,8,8,8,8,1,0.99929166,0.00016783476,0.00011015924,9.670971e-06,7.492396e-07,1.3677725e-08,1.1877805e-06,3.295556e-05,0.0003857064,0.99929166
/home/leo/Documentos/mestrado/DeepWeeds-Mobile/images/20171102-120536-1.jpg,2,2,2,2,1,0.9993667,5.7320587e-05,3.24554e-08,0.9993667,1.050102e-05,3.3579317e-06,2.755199e-09,1.3257794e-09,1.7967852e-06,0.00056020025
/home/leo/Documentos/mestrado/DeepWeeds-Mobile/images/20170714-121717-2.jpg,1,1,1,1,1,0.9954901,0.0020329438,0.9954901,2.069186e-07,3.0040468e-08,2.3004125e-07,4.2355778e-06,3.4889606e-05,0.0022543962,0.00018291449
/home/leo/Documentos/mestrado/DeepWeeds-Mobile/images/20171109-091025-3.jpg,5,5,5,5,1,0.99718195,5.354469e-06,1.2198807e-06,8.4939183e-10,1.4594504e-08,6.7840845e-13,0.99718195,4.7758327e-05,2.1942487e-06,0.002761396
/home/leo/Documentos/mestrado/DeepWeeds-Mobile/images/20170210-145509-0.jpg,0,0,0,0,1,0.9862505,0.9862505,0.00035675877,1.0602618e-08,1.7406724e-09,8.3461416e-09,3.0842057e-05,2.8065948e-05,0.0010972456,0.012236563
/home/leo/Documentos/mestrado/DeepWeeds-Mobile/images/20170501-145047-0.jpg,8,8,8,8,1,0.9341434,0.00413771,0.02047696,1.7422237e-05,0.00045166232,7.535064e-05,8.821076e-05,0.0013790046,0.03923021,0.9341434
/home/leo/Documentos/mestrado/DeepWeeds-Mobile/images/20170811-131024-2.jpg,0,0,0,0,1,0.96137565,0.96137565,3.5585723e-05,9.359508e-09,3.5233608e-11,9.340296e-10,6.85694e-05,3.138592e-08,0.00029305663,0.038227152
/home/leo/Documentos/mestrado/DeepWeeds-Mobile/images/20171025-095741-1.jpg,3,8,3,8,0,0.8965638,0.05754072,1.1477241e-05,0.00028242441,0.00052952854,1.1623748e-06,1.609228e-05,1.9950406e-08,0.045054737,0.8965638
/home/leo/Documentos/mestrado/DeepWeeds-Mobile/images/20170630-155427-0.jpg,7,7,7,7,1,0.98099077,0.00042598275,0.00028152895,2.3914337e-10,5.903542e-07,6.509996e-10,5.773211e-08,0.0173301,0.98099077,0.00097093073
/home/leo/Documentos/mestrado/DeepWeeds-Mobile/images/20180109-091907-2.jpg,8,8,8,8,1,0.9991893,7.4896285e-05,6.8895347e-06,4.0221174e-05,9.105215e-06,6.285807e-08,5.495968e-05,0.00039928424,0.00022513662,0.9991893
/home/leo/Documentos/mestrado/DeepWeeds-Mobile/images/20180125-092203-1.jpg,8,8,8,8,1,0.9995468,0.00020814111,1.9569567e-05,2.2834183e-06,7.160438e-06,5.5094028e-05,3.263628e-05,6.8776856e-08,0.00012819534,0.9995468
/home/leo/Documentos/mestrado/DeepWeeds-Mobile/images/20171122-101120-1.jpg,5,5,5,5,1,0.9999107,2.5387404e-05,1.5069702e-06,2.6979526e-11,9.7373505e-11,1.3354801e-13,0.9999107,1.555571e-07,8.550249e-07,6.137284e-05
/home/leo/Documentos/mestrado/DeepWeeds-Mobile/images/20161207-111744-0.jpg,0,0,0,0,1,0.37517035,0.37517035,0.30729118,3.3199897e-06,4.8914144e-06,9.859406e-07,0.13818546,0.00052593887,0.037951484,0.14086643
/home/leo/Documentos/mestrado/DeepWeeds-Mobile/images/20170920-113857-2.jpg,2,2,2,2,1,0.8188557,0.00042464375,2.0701602e-05,0.8188557,0.0004407054,0.15817471,9.524721e-06,5.2538264e-05,9.135692e-05,0.021930194
/home/leo/Documentos/mestrado/DeepWeeds-Mobile/images/20171220-090154-3.jpg,8,8,8,8,1,0.9990747,0.00012615847,7.783687e-07,6.5750756e-09,0.0007116926,2.5635452e-06,6.1348845e-05,1.8143116e-06,2.0952888e-05,0.9990747
/home/leo/Documentos/mestrado/DeepWeeds-Mobile/images/20171218-115217-3.jpg,8,8,8,8,1,0.99985266,6.0770438e-09,2.037763e-11,2.2236e-14,1.5065493e-06,6.680023e-12,0.00014570761,6.497213e-08,4.230814e-10,0.99985266
/home/leo/Documentos/mestrado/DeepWeeds-Mobile/images/20180112-080716-1.jpg,8,8,8,8,1,0.79840744,0.022951981,0.0020157467,0.0026333628,0.035804052,0.015820254,1.26569e-05,1.3689596e-06,0.12235328,0.79840744
/home/leo/Documentos/mestrado/DeepWeeds-Mobile/images/20180322-114731-1.jpg,8,8,8,8,1,0.68583506,0.014575335,0.00016595284,2.4090506e-05,5.8144556e-06,3.633695e-07,0.2960933,6.639073e-05,0.0032336547,0.68583506
/home/leo/Documentos/mestrado/DeepWeeds-Mobile/images/20180105-092608-3.jpg,8,8,8,8,1,0.8868807,0.00011907247,0.0006639747,0.0008992817,3.0665353e-05,4.518221e-06,0.0005947354,0.110621616,0.00018551586,0.8868807
/home/leo/Documentos/mestrado/DeepWeeds-Mobile/images/20170630-152500-0.jpg,7,7,7,7,1,0.8452613,0.017412296,0.007731498,0.00041306682,0.0013191592,0.0009294381,0.00017551605,1.4803753e-05,0.8452613,0.12674294
/home/leo/Documentos/mestrado/DeepWeeds-Mobile/images/20170727-144106-1.jpg,4,4,4,4,1,0.91139984,0.0012932125,0.00010909535,0.027875576,0.050390232,0.91139984,7.075266e-05,7.295092e-07,0.002736234,0.006124371
/home/leo/Documentos/mestrado/DeepWeeds-Mobile/images/20171218-104637-2.jpg,8,8,8,8,1,0.9926126,0.000548932,3.6807767e-05,3.8070408e-11,0.0022728594,3.9362128e-08,0.00069117354,7.992861e-05,0.0037577397,0.9926126
/home/leo/Documentos/mestrado/DeepWeeds-Mobile/images/20171219-113222-3.jpg,8,8,8,8,1,0.7696846,0.029155621,0.021957139,0.00046478538,0.043905985,0.0025544676,0.0018544021,0.057245497,0.07317743,0.7696846
/home/leo/Documentos/mestrado/DeepWeeds-Mobile/images/20171113-091604-3.jpg,5,5,5,5,1,0.99995387,3.867584e-08,1.4516816e-07,9.404819e-11,1.2712395e-10,9.4597605e-15,0.99995387,2.4704676e-05,1.0520284e-07,2.1133144e-05
/home/leo/Documentos/mestrado/DeepWeeds-Mobile/images/20170217-114244-0.jpg,0,0,0,0,1,0.9959865,0.9959865,0.00092928443,5.080911e-07,5.2750315e-10,4.685933e-10,7.6511664e-05,1.5069072e-05,0.0011466921,0.001845409
/home/leo/Documentos/mestrado/DeepWeeds-Mobile/images/20171109-194002-1.jpg,5,5,5,5,1,0.99597657,0.00023232,6.546406e-06,5.6172667e-09,5.1325587e-06,1.1445893e-09,0.99597657,1.6252636e-05,1.7616422e-06,0.0037613758
/home/leo/Documentos/mestrado/DeepWeeds-Mobile/images/20180125-134042-3.jpg,8,7,8,7,0,0.52108693,0.08040423,0.14418888,0.0008927384,0.003645773,0.004250263,0.011292102,0.0012019061,0.52108693,0.23303707
/home/leo/Documentos/mestrado/DeepWeeds-Mobile/images/20180125-132956-2.jpg,8,8,8,8,1,0.9683896,5.5417488e-05,0.030579034,1.5668524e-08,9.1848844e-05,0.00020967182,4.4556323e-06,2.9323787e-06,0.0006669622,0.9683896
/home/leo/Documentos/mestrado/DeepWeeds-Mobile/images/20170727-113522-1.jpg,4,4,4,4,1,0.9791845,3.711209e-05,2.0656364e-07,0.013705827,2.2049275e-05,0.9791845,0.0035424535,0.00031643323,9.84082e-06,0.00318157
/home/leo/Documentos/mestrado/DeepWeeds-Mobile/images/20171220-084737-2.jpg,8,8,8,8,1,0.99815387,9.8312075e-06,1.1921518e-05,5.3962802e-14,0.0014840986,2.5047933e-10,9.575305e-07,2.2647084e-06,0.00033695388,0.99815387
/home/leo/Documentos/mestrado/DeepWeeds-Mobile/images/20170727-120128-3.jpg,4,4,4,4,1,0.9812552,1.8229962e-07,4.905044e-10,0.018311657,3.846848e-07,0.9812552,1.520629e-05,1.5708729e-06,4.114878e-09,0.00041587665
/home/leo/Documentos/mestrado/DeepWeeds-Mobile/images/20180125-131202-3.jpg,8,8,8,8,1,0.98415023,0.004294008,0.006840095,5.4475586e-06,4.5757326e-05,0.00035177852,0.00017772726,3.0029469e-06,0.004132017,0.98415023
/home/leo/Documentos/mestrado/DeepWeeds-Mobile/images/20170217-112431-0.jpg,0,0,0,0,1,0.57852733,0.57852733,1.4998752e-05,7.0793936e-07,3.5106268e-08,1.9337969e-11,0.0028558422,7.8423574e-05,0.07329273,0.34523
/home/leo/Documentos/mestrado/DeepWeeds-Mobile/images/20170920-180443-1.jpg,2,2,2,2,1,0.9996371,6.025415e-06,2.2062267e-08,0.9996371,3.5427163e-06,0.00011772022,2.2542177e-05,2.1418354e-07,1.458801e-07,0.00021268152
/home/leo/Documentos/mestrado/DeepWeeds-Mobile/images/20180109-101147-2.jpg,8,8,8,8,1,0.7715195,0.00018284352,0.0001357001,0.042930678,0.00030148186,8.1735256e-05,0.0001083124,0.18421796,0.0005217338,0.7715195
/home/leo/Documentos/mestrado/DeepWeeds-Mobile/images/20171220-095346-1.jpg,8,8,8,8,1,0.9999776,8.1897787e-07,2.4620809e-08,2.101927e-17,4.5028795e-08,2.9392688e-13,1.7029657e-05,7.5562306e-10,4.4312897e-06,0.9999776
/home/leo/Documentos/mestrado/DeepWeeds-Mobile/images/20171203-165704-3.jpg,8,8,8,8,1,0.9186221,0.00011636414,2.0931919e-05,2.4459663e-07,0.08052228,5.126609e-06,5.477007e-06,6.0296397e-06,0.00070139166,0.9186221
/home/leo/Documentos/mestrado/DeepWeeds-Mobile/images/20180125-130219-2.jpg,8,8,8,8,1,0.9713694,0.00058912055,0.008485209,3.5974594e-08,0.0001415661,1.1790994e-05,0.0024293498,0.0033842823,0.013589256,0.9713694
/home/leo/Documentos/mestrado/DeepWeeds-Mobile/images/20171219-094242-2.jpg,8,8,8,8,1,0.63640577,0.0017521483,8.13218e-05,0.00013680852,0.35641724,0.0010492861,0.0040485137,4.747663e-05,6.151936e-05,0.63640577
/home/leo/Documentos/mestrado/DeepWeeds-Mobile/images/20171122-095807-1.jpg,5,5,5,5,1,0.9987601,6.432031e-05,4.146612e-06,3.1809338e-10,3.5007115e-09,3.6089846e-13,0.9987601,8.5530206e-05,4.1204427e-07,0.0010855239
/home/leo/Documentos/mestrado/DeepWeeds-Mobile/images/20170920-160233-3.jpg,2,2,2,2,1,0.590783,0.0026097298,2.5471172e-05,0.590783,0.0068422114,0.3402054,0.00045060768,7.6734605e-06,0.0008574632,0.058218423
/home/leo/Documentos/mestrado/DeepWeeds-Mobile/images/20171025-082114-2.jpg,3,3,3,3,1,0.77229464,0.016617581,4.00393e-05,0.025895676,0.77229464,0.012755597,9.62076e-07,6.423735e-08,0.01089458,0.16150092
/home/leo/Documentos/mestrado/DeepWeeds-Mobile/images/20170728-150934-1.jpg,4,4,4,4,1,0.97989386,4.040665e-06,4.1421566e-07,0.016340965,9.961234e-05,0.97989386,2.2481376e-07,2.9273617e-06,1.4562986e-05,0.0036432913
/home/leo/Documentos/mestrado/DeepWeeds-Mobile/images/20180119-110505-1.jpg,8,8,8,8,1,0.8526216,0.006515374,0.024165444,0.00016362459,0.00024429563,7.5054246e-05,0.0038488284,0.0048045916,0.107561275,0.8526216
/home/leo/Documentos/mestrado/DeepWeeds-Mobile/images/20170714-140142-3.jpg,1,1,1,1,1,0.99992824,2.211861e-06,0.99992824,1.4128091e-11,4.204293e-08,6.7725997e-10,3.0778207e-09,3.7100726e-05,1.7550065e-05,1.4815861e-05
/home/leo/Documentos/mestrado/DeepWeeds-Mobile/images/20170729-091739-1.jpg,4,4,4,4,1,0.8398651,0.014994261,3.065059e-05,0.0002763838,0.00082940643,0.8398651,1.5666609e-06,5.942349e-09,0.044661615,0.09934092
/home/leo/Documentos/mestrado/DeepWeeds-Mobile/images/20170704-152300-0.jpg,0,0,0,0,1,0.9354592,0.9354592,0.018101485,8.239827e-08,8.8238117e-10,1.3697937e-08,2.1046235e-05,0.0002985637,0.015132075,0.030987564
/home/leo/Documentos/mestrado/DeepWeeds-Mobile/images/20170704-150440-0.jpg,7,7,7,7,1,0.93632394,0.054765947,0.0042124894,4.7500342e-07,1.1540585e-06,1.9179157e-05,7.949839e-06,0.00010574725,0.93632394,0.0045631328
/home/leo/Documentos/mestrado/DeepWeeds-Mobile/images/20180125-094039-2.jpg,8,8,8,8,1,0.6869831,0.0094449585,0.008944692,8.883877e-06,0.049001664,0.0049496754,0.0014562334,0.0001430008,0.23906781,0.6869831
/home/leo/Documentos/mestrado/DeepWeeds-Mobile/images/20180125-095928-2.jpg,8,8,8,8,1,0.77684486,0.00082510005,3.417789e-07,1.3786819e-08,0.21028659,0.00016785656,0.01037209,3.8973144e-06,0.0014991615,0.77684486
/home/leo/Documentos/mestrado/DeepWeeds-Mobile/images/20171220-091520-2.jpg,8,8,8,8,1,0.9806137,3.9373704e-06,2.2372436e-08,5.1562724e-14,0.0046899207,3.462121e-10,0.014689944,7.673697e-07,1.6559654e-06,0.9806137
/home/leo/Documentos/mestrado/DeepWeeds-Mobile/images/20171217-100920-2.jpg,8,5,8,5,0,0.9576639,0.009001333,0.0021510634,1.3079398e-07,1.7858318e-05,6.807796e-07,0.9576639,2.294501e-05,0.0038088548,0.027333258
/home/leo/Documentos/mestrado/DeepWeeds-Mobile/images/20170714-111116-2.jpg,1,5,1,5,0,0.39268944,0.009257719,0.3663895,4.2042625e-06,5.5762033e-05,1.4113277e-06,0.39268944,0.021618288,0.1404106,0.0695731
/home/leo/Documentos/mestrado/DeepWeeds-Mobile/images/20170729-092652-1.jpg,4,4,4,4,1,0.75106734,0.075982645,0.00045458475,0.00037387878,0.025301443,0.75106734,0.00021264688,2.779023e-07,0.008882606,0.13772455
/home/leo/Documentos/mestrado/DeepWeeds-Mobile/images/20171219-112609-3.jpg,8,8,8,8,1,0.90387654,0.00054688705,0.00020721888,0.059683766,0.005213324,0.018439008,9.5342366e-05,0.011718564,0.00021933543,0.90387654
/home/leo/Documentos/mestrado/DeepWeeds-Mobile/images/20180109-105101-1.jpg,8,8,8,8,1,0.9469214,0.002638905,0.00013388785,0.00046364468,0.03909083,0.007287966,0.00015871154,4.5994266e-06,0.0032999592,0.9469214
/home/leo/Documentos/mestrado/DeepWeeds-Mobile/images/20180119-105649-1.jpg,8,5,8,5,0,0.55762404,0.0034606114,0.0029076494,3.83731e-05,7.707512e-05,1.7370588e-06,0.55762404,0.11337504,0.0061376095,0.31637785
/home/leo/Documentos/mestrado/DeepWeeds-Mobile/images/20180109-070208-2.jpg,8,8,8,8,1,0.9581608,0.003729024,0.0067623397,0.01070812,0.00027543327,0.004497103,0.00019397288,0.010239556,0.0054336046,0.9581608
/home/leo/Documentos/mestrado/DeepWeeds-Mobile/images/20171220-095834-2.jpg,8,8,8,8,1,0.9998745,1.7899059e-06,1.089464e-08,1.723341e-10,6.288976e-05,1.14607566e-07,5.512823e-05,2.4012652e-06,3.2038022e-06,0.9998745
/home/leo/Documentos/mestrado/DeepWeeds-Mobile/images/20180109-072945-2.jpg,8,8,8,8,1,0.86593986,0.00035208242,0.007087189,1.1426665e-06,1.20096565e-05,2.7470028e-06,0.00061657856,0.12578869,0.00019969839,0.86593986
/home/leo/Documentos/mestrado/DeepWeeds-Mobile/images/20180109-102739-1.jpg,8,8,8,8,1,0.9956392,0.0015169446,0.00013722363,7.1110546e-05,0.0005106172,6.0235223e-05,1.2710824e-05,7.764771e-06,0.0020440032,0.9956392
/home/leo/Documentos/mestrado/DeepWeeds-Mobile/images/20161207-144425-0.jpg,7,8,7,8,0,0.8072531,0.023705216,0.006459857,3.1021744e-05,0.07898868,0.0008661886,0.009339505,0.0008056707,0.07255072,0.8072531
/home/leo/Documentos/mestrado/DeepWeeds-Mobile/images/20171218-110449-3.jpg,8,8,8,8,1,0.9995135,4.9153245e-05,0.00013571994,4.412276e-10,0.00026255607,1.2361554e-06,1.2807045e-06,6.17969e-07,3.598224e-05,0.9995135
/home/leo/Documentos/mestrado/DeepWeeds-Mobile/images/20170217-095434-0.jpg,7,7,7,7,1,0.9989656,0.0010146345,2.6428368e-06,5.594078e-16,5.0406348e-14,9.7366e-17,1.506467e-09,5.5913812e-08,0.9989656,1.7096723e-05
/home/leo/Documentos/mestrado/DeepWeeds-Mobile/images/20170714-150034-1.jpg,1,1,1,1,1,0.99402726,0.002257362,0.99402726,9.9016354e-08,3.090417e-07,2.7400908e-06,1.8905156e-06,5.111429e-05,0.0023450206,0.0013142367
/home/leo/Documentos/mestrado/DeepWeeds-Mobile/images/20180109-102822-2.jpg,8,8,8,8,1,0.98328584,0.0017961395,0.0010128117,0.007117819,0.0005487252,4.162644e-05,0.0005763622,0.000891901,0.0047287913,0.98328584
/home/leo/Documentos/mestrado/DeepWeeds-Mobile/images/20171109-085448-2.jpg,5,8,5,8,0,0.6394822,0.009739135,0.022719348,7.944295e-07,0.013386747,4.900749e-06,0.29941186,0.014345551,0.0009094614,0.6394822
/home/leo/Documentos/mestrado/DeepWeeds-Mobile/images/20170920-110952-2.jpg,2,2,2,2,1,0.98769563,3.1531573e-07,5.981099e-08,0.98769563,2.4323726e-06,0.011421843,8.194626e-07,3.96535e-07,4.3234422e-08,0.00087857264
/home/leo/Documentos/mestrado/DeepWeeds-Mobile/images/20171109-074707-3.jpg,5,5,5,5,1,0.9999968,4.241462e-09,2.6948843e-10,5.444843e-14,1.9638838e-14,2.1780573e-19,0.9999968,5.9987637e-09,6.760706e-12,3.2190856e-06
/home/leo/Documentos/mestrado/DeepWeeds-Mobile/images/20161207-111850-0.jpg,0,8,0,8,0,0.884201,0.04181773,0.036967255,1.481815e-07,0.0010693778,3.062454e-06,0.010875857,0.0018161242,0.023249494,0.884201
/home/leo/Documentos/mestrado/DeepWeeds-Mobile/images/20180109-095921-2.jpg,8,8,8,8,1,0.63047326,0.012747046,0.0053506293,0.04200289,0.0006673412,4.320762e-05,0.26644534,0.02394837,0.018321982,0.63047326
/home/leo/Documentos/mestrado/DeepWeeds-Mobile/images/20170705-162116-0.jpg,8,8,8,8,1,0.5241149,0.075911865,0.038901616,4.5498513e-05,0.043117158,0.011426535,5.930261e-05,1.9751904e-05,0.30640343,0.5241149
/home/leo/Documentos/mestrado/DeepWeeds-Mobile/images/20171212-095118-1.jpg,8,8,8,8,1,0.99919814,4.1383923e-05,2.006405e-05,9.565135e-10,0.00065640843,8.9570005e-07,7.2183616e-06,1.0394489e-05,6.557808e-05,0.99919814
/home/leo/Documentos/mestrado/DeepWeeds-Mobile/images/20170727-165942-3.jpg,4,8,4,8,0,0.79641724,0.00504506,0.0026481913,0.009331997,0.016522596,0.14180402,1.4352826e-06,3.2776927e-06,0.02822618,0.79641724
/home/leo/Documentos/mestrado/DeepWeeds-Mobile/images/20170714-140012-1.jpg,1,1,1,1,1,0.9356192,0.00019872162,0.9356192,4.3083705e-09,0.00088599534,7.3480905e-06,1.1548851e-07,0.00010638667,0.004745608,0.058436673
/home/leo/Documentos/mestrado/DeepWeeds-Mobile/images/20180112-102450-1.jpg,8,8,8,8,1,0.9124512,0.075881,0.0003272119,0.00030536234,0.0022459263,0.00010439916,0.0004861936,0.0009810457,0.007217656,0.9124512
/home/leo/Documentos/mestrado/DeepWeeds-Mobile/images/20180105-101610-2.jpg,8,8,8,8,1,0.9704577,3.0957017e-05,8.631786e-06,0.025466457,0.000105714644,0.0030289039,6.9455143e-07,0.0007598168,0.00014111807,0.9704577
/home/leo/Documentos/mestrado/DeepWeeds-Mobile/images/20171102-093243-2.jpg,4,8,4,8,0,0.5354303,0.087366,0.0029940142,0.13482633,0.009142324,0.08011347,0.00014703361,1.5723332e-05,0.14996476,0.5354303
/home/leo/Documentos/mestrado/DeepWeeds-Mobile/images/20171025-092724-3.jpg,7,7,7,7,1,0.43720788,0.42136562,0.0025798413,0.0017314891,0.0017902978,0.0001005777,0.0006024947,6.0137204e-06,0.43720788,0.13461576
/home/leo/Documentos/mestrado/DeepWeeds-Mobile/images/20171113-132205-3.jpg,6,6,6,6,1,0.9847429,1.8538853e-05,0.00079046254,0.00016643998,1.5147172e-05,4.329126e-06,5.3604545e-06,0.9847429,6.9302885e-05,0.014187519
/home/leo/Documentos/mestrado/DeepWeeds-Mobile/images/20180112-095104-2.jpg,8,8,8,8,1,0.9990835,0.00049558264,1.0028115e-05,2.7028029e-05,1.6396243e-08,4.113281e-08,6.49627e-05,2.0047095e-07,0.00031862277,0.9990835
/home/leo/Documentos/mestrado/DeepWeeds-Mobile/images/20171220-092422-2.jpg,8,8,8,8,1,0.9991941,1.5244266e-05,4.890712e-08,7.0526185e-10,0.00026503453,4.5548094e-07,0.0005213099,2.3616862e-07,3.5998416e-06,0.9991941
/home/leo/Documentos/mestrado/DeepWeeds-Mobile/images/20170405-155046-0.jpg,0,8,0,8,0,0.4248535,0.40077955,0.0019324869,2.9269477e-05,4.3332943e-06,3.9012966e-07,0.023987003,5.6674115e-05,0.14835672,0.4248535
/home/leo/Documentos/mestrado/DeepWeeds-Mobile/images/20170217-114742-0.jpg,0,0,0,0,1,0.97976536,0.97976536,7.8206e-06,1.8244817e-08,6.2260974e-11,5.722175e-12,0.0162263,1.3186595e-06,0.00026289257,0.0037362915
/home/leo/Documentos/mestrado/DeepWeeds-Mobile/images/20170714-143138-1.jpg,1,8,1,8,0,0.7377887,0.04224265,0.11876661,2.0380622e-09,6.2018066e-06,6.020251e-06,3.7472836e-07,7.5737685e-06,0.101181924,0.7377887
/home/leo/Documentos/mestrado/DeepWeeds-Mobile/images/20170729-091350-1.jpg,4,4,4,4,1,0.96771127,0.0027539684,2.5901825e-05,0.012824053,0.0009830784,0.96771127,0.00032127326,1.1778524e-07,0.0075444817,0.007835897
/home/leo/Documentos/mestrado/DeepWeeds-Mobile/images/20180125-134115-2.jpg,8,8,8,8,1,0.97246224,0.008818643,0.0042358674,2.5913988e-07,1.1335342e-05,1.7666802e-05,0.0012114121,5.0700005e-06,0.013237598,0.97246224
/home/leo/Documentos/mestrado/DeepWeeds-Mobile/images/20180125-091835-1.jpg,8,8,8,8,1,0.99864465,0.00028101,5.9043778e-05,3.5603843e-08,3.3867756e-05,2.375638e-05,2.406933e-05,3.4741936e-07,0.00093325553,0.99864465
/home/leo/Documentos/mestrado/DeepWeeds-Mobile/images/20171220-094826-1.jpg,8,8,8,8,1,0.9999635,1.5061703e-08,2.914518e-10,1.3720981e-19,3.6337606e-05,1.0556459e-12,7.6676315e-08,1.7108561e-09,1.0106247e-07,0.9999635
/home/leo/Documentos/mestrado/DeepWeeds-Mobile/images/20170728-123405-3.jpg,4,4,4,4,1,0.9173758,0.0040404373,0.00014765387,0.036186546,0.015183197,0.9173758,0.00010649186,3.39035e-05,0.013553088,0.013372966
/home/leo/Documentos/mestrado/DeepWeeds-Mobile/images/20170728-151644-1.jpg,8,8,8,8,1,0.3913089,0.059257824,0.0121684335,0.011762089,0.0075874315,0.21953812,0.0005388701,2.6463777e-05,0.29781187,0.3913089
/home/leo/Documentos/mestrado/DeepWeeds-Mobile/images/20180105-100947-3.jpg,8,6,8,6,0,0.7433188,0.00020586494,0.0002131567,7.421326e-06,0.00015855333,2.0950067e-06,0.00012307175,0.7433188,0.0017035299,0.25426748
/home/leo/Documentos/mestrado/DeepWeeds-Mobile/images/20171220-090906-2.jpg,8,8,8,8,1,0.859835,0.05662909,0.0069644703,8.722375e-07,3.4849974e-05,8.3296095e-07,0.020095557,0.0010920425,0.055347227,0.859835
/home/leo/Documentos/mestrado/DeepWeeds-Mobile/images/20171108-130728-3.jpg,5,5,5,5,1,0.6803111,0.28901476,0.0014079906,2.9835397e-07,3.039559e-08,4.138551e-09,0.6803111,5.64469e-05,0.003301028,0.02590835
/home/leo/Documentos/mestrado/DeepWeeds-Mobile/images/20171113-101128-0.jpg,6,6,6,6,1,0.95674217,1.5350266e-05,0.043226004,1.3562454e-08,2.053635e-10,1.02114525e-10,6.842837e-07,0.95674217,8.35144e-06,7.450443e-06
/home/leo/Documentos/mestrado/DeepWeeds-Mobile/images/20170920-133931-2.jpg,2,2,2,2,1,0.95276165,0.0004712218,9.2644984e-07,0.95276165,2.6806707e-05,0.03401334,0.00050101854,8.6113334e-07,0.00028368083,0.011940489
/home/leo/Documentos/mestrado/DeepWeeds-Mobile/images/20171121-085745-1.jpg,6,6,6,6,1,0.98542064,1.1301581e-05,0.0031722502,2.4224102e-05,8.9848913e-07,1.8142666e-07,3.2831251e-06,0.98542064,0.00044706019,0.010920133
/home/leo/Documentos/mestrado/DeepWeeds-Mobile/images/20170727-144335-1.jpg,4,4,4,4,1,0.9154034,0.016735503,8.468858e-05,0.005049201,0.033968266,0.9154034,0.00035397278,1.5349042e-05,0.0029041842,0.02548535
/home/leo/Documentos/mestrado/DeepWeeds-Mobile/images/20171113-133248-1.jpg,6,6,6,6,1,0.89626455,0.061795615,0.0151879545,1.0796655e-07,5.0687886e-05,1.4461533e-06,0.00014217124,0.89626455,0.011263873,0.015293571
/home/leo/Documentos/mestrado/DeepWeeds-Mobile/images/20180119-110535-2.jpg,8,8,8,8,1,0.995943,0.00010039303,0.00039886736,7.986909e-06,0.0006109608,2.2520655e-06,0.00047329397,0.00073979626,0.0017234792,0.995943
/home/leo/Documentos/mestrado/DeepWeeds-Mobile/images/20180322-113220-2.jpg,8,8,8,8,1,0.9888692,0.00034186264,0.0005147451,5.4440443e-05,0.010057106,1.4373306e-05,1.807568e-05,3.5878716e-06,0.00012669401,0.9888692
/home/leo/Documentos/mestrado/DeepWeeds-Mobile/images/20170714-120717-2.jpg,1,1,1,1,1,0.6215299,0.038390793,0.6215299,6.206493e-06,3.7324575e-05,0.0001010327,0.0011510196,0.00046155436,0.27550563,0.062816545
/home/leo/Documentos/mestrado/DeepWeeds-Mobile/images/20171113-093414-1.jpg,5,5,5,5,1,0.7111454,0.15385239,0.0017198027,1.4713592e-06,1.08331015e-07,3.367372e-09,0.7111454,5.242184e-06,0.018893944,0.114381544
/home/leo/Documentos/mestrado/DeepWeeds-Mobile/images/20180119-104633-1.jpg,8,8,8,8,1,0.976091,0.0010371145,0.0060699126,0.00017742293,1.8361749e-05,1.2547707e-05,8.56379e-06,0.00970432,0.0068806508,0.976091
/home/leo/Documentos/mestrado/DeepWeeds-Mobile/images/20170913-102531-3.jpg,5,5,5,5,1,0.81116533,0.0008802244,1.6752501e-05,0.0006290266,0.00038233562,0.1845651,0.81116533,0.00023203056,0.00019585273,0.0019333743
/home/leo/Documentos/mestrado/DeepWeeds-Mobile/images/20171219-102326-3.jpg,8,8,8,8,1,0.9989802,3.7219957e-05,3.6877325e-06,8.0125425e-13,0.000389212,5.297029e-09,1.5774822e-05,4.1859815e-07,0.00057330425,0.9989802
/home/leo/Documentos/mestrado/DeepWeeds-Mobile/images/20180112-092446-1.jpg,8,8,8,8,1,0.98871547,0.0005549051,3.846248e-06,0.0057613594,2.958459e-05,0.004799169,1.3312176e-05,5.2653944e-05,6.968726e-05,0.98871547
/home/leo/Documentos/mestrado/DeepWeeds-Mobile/images/20180112-070140-2.jpg,8,0,8,0,0,0.94347936,0.94347936,0.00093195,0.00011987932,2.8261571e-05,0.00013911787,0.0002392544,1.6528616e-06,0.008178615,0.046881855
/home/leo/Documentos/mestrado/DeepWeeds-Mobile/images/20171121-101215-1.jpg,6,6,6,6,1,0.9771474,6.1439678e-06,0.0019345958,1.075747e-06,0.002481041,2.9058789e-05,1.0872593e-06,0.9771474,1.0294088e-05,0.018389346
/home/leo/Documentos/mestrado/DeepWeeds-Mobile/images/20170128-103630-0.jpg,8,1,8,1,0,0.7324636,0.0029237012,0.7324636,1.1414489e-07,0.00014763018,7.002306e-05,0.00011819486,0.0019895372,0.12981623,0.13247102
/home/leo/Documentos/mestrado/DeepWeeds-Mobile/images/20180112-095016-2.jpg,8,8,8,8,1,0.99858683,0.0005181714,3.438923e-05,2.296967e-06,7.2636567e-06,4.429953e-08,1.110413e-05,1.2814326e-05,0.00082703406,0.99858683
/home/leo/Documentos/mestrado/DeepWeeds-Mobile/images/20180322-104949-1.jpg,8,8,8,8,1,0.9708756,0.004225842,0.01193174,6.346932e-05,9.07695e-06,4.611916e-05,0.00053252967,1.5333109e-06,0.012314158,0.9708756
/home/leo/Documentos/mestrado/DeepWeeds-Mobile/images/20171109-090914-3.jpg,5,5,5,5,1,0.9901106,0.0003359874,2.9181712e-05,5.286814e-10,2.6665442e-05,3.454035e-10,0.9901106,0.00018387596,4.025592e-06,0.009309694
/home/leo/Documentos/mestrado/DeepWeeds-Mobile/images/20170920-182700-1.jpg,2,2,2,2,1,0.9971528,8.046023e-09,1.6996966e-10,0.9971528,1.4264678e-07,0.0028442505,5.605751e-08,9.083213e-09,1.8045272e-10,2.6398377e-06
/home/leo/Documentos/mestrado/DeepWeeds-Mobile/images/20170727-172031-3.jpg,4,4,4,4,1,0.949547,0.002523833,1.337092e-05,0.023318877,0.007776548,0.949547,3.119531e-06,1.039624e-06,0.00426988,0.012546284
/home/leo/Documentos/mestrado/DeepWeeds-Mobile/images/20180105-101139-2.jpg,8,8,8,8,1,0.87257063,3.1727886e-05,3.0194999e-05,0.112562336,2.381511e-05,0.002556691,4.7060868e-07,0.011961448,0.00026269583,0.87257063
/home/leo/Documentos/mestrado/DeepWeeds-Mobile/images/20170129-101948-0.jpg,8,8,8,8,1,0.95934427,0.0025171894,0.020683134,4.7305625e-06,0.0012077179,7.2305406e-06,0.0045797355,0.0034766474,0.008179228,0.95934427
/home/leo/Documentos/mestrado/DeepWeeds-Mobile/images/20180125-093107-2.jpg,8,8,8,8,1,0.9867402,0.00046103934,0.00041353217,3.36778e-07,0.0015658153,4.4622262e-05,0.00014142622,5.93382e-06,0.0106272,0.9867402
/home/leo/Documentos/mestrado/DeepWeeds-Mobile/images/20170913-103544-3.jpg,5,8,5,8,0,0.44629857,0.016221745,3.367264e-05,0.00084209954,0.20800082,0.12101352,0.19096096,8.481689e-05,0.016543841,0.44629857
/home/leo/Documentos/mestrado/DeepWeeds-Mobile/images/20170127-101114-0.jpg,1,1,1,1,1,0.47562158,0.008766036,0.47562158,2.6086764e-06,0.011964785,0.00010756389,0.018260235,0.10755985,0.012183507,0.36553386
/home/leo/Documentos/mestrado/DeepWeeds-Mobile/images/20171220-084534-2.jpg,8,8,8,8,1,0.92165893,0.0016923335,0.0015741935,4.6027796e-07,0.05546001,1.0331618e-05,0.014518106,0.0005776522,0.004507968,0.92165893
/home/leo/Documentos/mestrado/DeepWeeds-Mobile/images/20180105-092927-2.jpg,8,8,8,8,1,0.99811834,3.864686e-07,8.829009e-07,0.00020038727,1.0943955e-06,0.00016788329,4.4521965e-08,0.0015105649,3.8396533e-07,0.99811834
/home/leo/Documentos/mestrado/DeepWeeds-Mobile/images/20180112-071800-2.jpg,8,7,8,7,0,0.69550127,0.10257514,0.06896275,9.3000024e-05,0.00013928708,0.0012545411,1.9760553e-05,1.8416824e-05,0.69550127,0.13143577
/home/leo/Documentos/mestrado/DeepWeeds-Mobile/images/20170130-102350-0.jpg,1,3,1,3,0,0.6051278,0.012131825,0.13646184,0.0015509733,0.6051278,0.009528167,2.3214874e-05,0.06550643,0.0031954176,0.16647437
/home/leo/Documentos/mestrado/DeepWeeds-Mobile/images/20180125-101026-2.jpg,8,8,8,8,1,0.9998406,8.45187e-06,1.6441813e-08,1.502371e-07,6.996893e-05,1.6043374e-05,4.3716762e-05,1.9563824e-05,1.4063603e-06,0.9998406
/home/leo/Documentos/mestrado/DeepWeeds-Mobile/images/20171205-145051-2.jpg,8,8,8,8,1,0.9698934,0.0033717006,0.0007960204,2.3135574e-07,0.005008038,9.551712e-06,0.011148372,0.0021864232,0.0075861895,0.9698934
/home/leo/Documentos/mestrado/DeepWeeds-Mobile/images/20171218-114956-2.jpg,8,8,8,8,1,0.9939323,4.6530254e-06,1.0568019e-06,7.469968e-12,0.0060034804,6.387591e-07,9.7772826e-08,1.12438855e-07,5.7729038e-05,0.9939323
/home/leo/Documentos/mestrado/DeepWeeds-Mobile/images/20171220-101729-1.jpg,8,8,8,8,1,0.9994368,4.08452e-05,1.5117475e-06,2.3737643e-14,8.959298e-06,4.3093487e-10,0.0001470017,1.98461e-07,0.00036457917,0.9994368
/home/leo/Documentos/mestrado/DeepWeeds-Mobile/images/20180109-105655-2.jpg,8,8,8,8,1,0.98588246,0.00950299,9.3907665e-06,0.00049207365,6.6381144e-06,9.222694e-08,0.00080687995,1.4807985e-07,0.0032993176,0.98588246
/home/leo/Documentos/mestrado/DeepWeeds-Mobile/images/20180125-123215-2.jpg,8,8,8,8,1,0.9822219,0.00090007775,0.0006917543,1.065192e-05,0.0026675696,5.2793905e-05,0.002133901,0.002989912,0.008331514,0.9822219
/home/leo/Documentos/mestrado/DeepWeeds-Mobile/images/20170728-150804-1.jpg,4,4,4,4,1,0.9897145,3.1622134e-05,5.8375326e-07,0.008079848,0.00016859612,0.9897145,9.74901e-07,1.1157974e-06,5.2511677e-05,0.0019502838
/home/leo/Documentos/mestrado/DeepWeeds-Mobile/images/20171218-120047-2.jpg,8,8,8,8,1,0.9999944,5.276262e-07,4.051083e-09,3.4226857e-14,2.9443365e-06,5.356254e-11,5.3938436e-07,3.3153522e-09,1.6315049e-06,0.9999944
/home/leo/Documentos/mestrado/DeepWeeds-Mobile/images/20170727-113408-3.jpg,4,4,4,4,1,0.77433527,3.2690048e-06,2.1909552e-09,0.22006093,3.7385616e-06,0.77433527,4.48248e-06,2.226136e-06,4.553933e-08,0.0055900593
/home/leo/Documentos/mestrado/DeepWeeds-Mobile/images/20180109-090435-1.jpg,8,8,8,8,1,0.994694,0.0007313253,7.921978e-05,0.0002662284,0.0006057927,8.467061e-05,3.9102505e-07,2.6355922e-06,0.0035356777,0.994694
/home/leo/Documentos/mestrado/DeepWeeds-Mobile/images/20180322-114344-1.jpg,8,8,8,8,1,0.9999311,3.7033846e-05,4.3482305e-06,7.656219e-08,1.758096e-06,1.0165759e-06,1.18296175e-05,6.780407e-08,1.2757474e-05,0.9999311
/home/leo/Documentos/mestrado/DeepWeeds-Mobile/images/20171113-133840-3.jpg,6,6,6,6,1,0.918573,1.3752567e-05,0.00043442132,8.699976e-05,5.523671e-06,6.538105e-08,0.00019708053,0.918573,0.00021535892,0.0804738
/home/leo/Documentos/mestrado/DeepWeeds-Mobile/images/20180109-103229-2.jpg,8,8,8,8,1,0.9550326,0.0009093446,4.2330416e-06,0.042625133,0.000103045044,4.0591937e-07,0.00017511593,1.4080887e-05,0.0011360532,0.9550326
/home/leo/Documentos/mestrado/DeepWeeds-Mobile/images/20180125-101916-2.jpg,8,8,8,8,1,0.9955754,6.926329e-05,5.232866e-07,0.0006964621,0.0025463975,0.0005827842,0.0004828164,4.074358e-05,5.5582027e-06,0.9955754
/home/leo/Documentos/mestrado/DeepWeeds-Mobile/images/20170729-154105-3.jpg,4,4,4,4,1,0.8576304,0.019397259,0.0004975149,0.0014831749,0.040683046,0.8576304,0.00015393374,1.8736933e-05,0.023044214,0.05709177
/home/leo/Documentos/mestrado/DeepWeeds-Mobile/images/20180105-094942-3.jpg,8,8,8,8,1,0.99608326,1.3166724e-05,1.7805548e-06,0.0010675167,0.000108539425,0.00037100114,1.08545784e-07,0.0023370327,1.7625478e-05,0.99608326
/home/leo/Documentos/mestrado/DeepWeeds-Mobile/images/20180119-114849-1.jpg,8,8,8,8,1,0.9976064,0.00024763483,0.00031259464,0.00019772978,0.0007230121,0.0004715418,1.0315289e-06,0.00035132223,8.877439e-05,0.9976064
/home/leo/Documentos/mestrado/DeepWeeds-Mobile/images/20171102-093753-3.jpg,4,8,4,8,0,0.5918865,0.03309181,0.00034444992,0.15565269,0.024370935,0.11347059,4.005282e-05,1.8537165e-06,0.08114116,0.5918865
/home/leo/Documentos/mestrado/DeepWeeds-Mobile/images/20170130-102406-0.jpg,1,2,1,2,0,0.5066882,0.06529362,0.07294259,0.5066882,0.08257295,0.0795941,0.013535082,0.018319648,0.020503828,0.14054996
/home/leo/Documentos/mestrado/DeepWeeds-Mobile/images/20180109-080518-2.jpg,8,8,8,8,1,0.8197808,1.5245483e-06,9.858923e-05,5.4706852e-05,1.0265667e-06,5.7894306e-07,1.3993659e-06,0.18004684,1.4499882e-05,0.8197808
/home/leo/Documentos/mestrado/DeepWeeds-Mobile/images/20180109-101225-1.jpg,8,8,8,8,1,0.9722972,0.0020540487,0.0010809711,0.018422328,0.00027314396,0.0018475405,4.446337e-05,0.0006381341,0.0033420771,0.9722972
/home/leo/Documentos/mestrado/DeepWeeds-Mobile/images/20170811-134838-2.jpg,0,0,0,0,1,0.8920241,0.8920241,0.021203393,3.340617e-05,3.8533412e-07,9.305445e-06,0.012304309,0.00015559325,0.009986286,0.06428313
/home/leo/Documentos/mestrado/DeepWeeds-Mobile/images/20170210-150542-0.jpg,7,0,7,0,0,0.97034013,0.97034013,8.525957e-05,1.3020523e-11,1.5943276e-12,2.425802e-12,0.00019045283,4.680242e-10,0.02934684,3.720096e-05
/home/leo/Documentos/mestrado/DeepWeeds-Mobile/images/20170811-162442-1.jpg,0,0,0,0,1,0.9729006,0.9729006,0.001619047,3.3225108e-06,5.92833e-09,6.2377063e-07,0.00046169534,3.1920095e-07,0.0146472175,0.0103672445
/home/leo/Documentos/mestrado/DeepWeeds-Mobile/images/20180112-072531-2.jpg,8,3,8,3,0,0.5422131,0.014383527,0.0019332095,0.00018175559,0.5422131,0.005284272,9.185599e-07,0.00024024227,0.050179258,0.38558367
/home/leo/Documentos/mestrado/DeepWeeds-Mobile/images/20171113-150449-1.jpg,6,6,6,6,1,0.71494174,0.0011858084,0.28169855,5.9926983e-09,2.3889968e-09,8.94534e-09,5.5572045e-06,0.71494174,8.203048e-05,0.0020863672
/home/leo/Documentos/mestrado/DeepWeeds-Mobile/images/20170913-103112-2.jpg,3,3,3,3,1,0.99097896,5.9128265e-08,3.75346e-10,2.6680243e-06,0.99097896,0.00092670973,0.008029896,6.1171668e-09,6.944769e-10,6.169863e-05
/home/leo/Documentos/mestrado/DeepWeeds-Mobile/images/20170128-102347-0.jpg,8,8,8,8,1,0.8447003,0.0005104244,0.1375325,1.7906295e-08,0.013125526,5.1853454e-05,1.3878682e-05,0.001642329,0.0024231193,0.8447003
/home/leo/Documentos/mestrado/DeepWeeds-Mobile/images/20180125-130352-3.jpg,8,8,8,8,1,0.9756351,0.0007356937,0.021431696,9.200258e-08,0.000110103596,7.31615e-05,0.00039965892,0.00015117749,0.0014632097,0.9756351
/home/leo/Documentos/mestrado/DeepWeeds-Mobile/images/20170304-130523-0.jpg,7,0,7,0,0,0.41443473,0.41443473,0.037688684,0.006329169,0.01427159,0.031440675,0.004720664,0.00034113834,0.38792434,0.102848984
/home/leo/Documentos/mestrado/DeepWeeds-Mobile/images/20171219-094440-3.jpg,8,8,8,8,1,0.9998847,5.525859e-05,8.7038856e-08,6.284737e-12,4.650194e-06,7.4972824e-08,3.6970355e-06,9.674382e-10,5.1459687e-05,0.9998847
/home/leo/Documentos/mestrado/DeepWeeds-Mobile/images/20180322-113805-2.jpg,8,8,8,8,1,0.99973017,0.00013186687,5.773798e-06,2.4053084e-09,1.835668e-06,1.056377e-07,5.5174438e-05,3.5152075e-07,7.478198e-05,0.99973017
/home/leo/Documentos/mestrado/DeepWeeds-Mobile/images/20180109-065901-2.jpg,8,6,8,6,0,0.60090894,0.00069018104,0.024020888,0.002395289,0.0002854788,7.325167e-05,0.011594971,0.60090894,0.003157709,0.3568732
/home/leo/Documentos/mestrado/DeepWeeds-Mobile/images/20171109-073941-1.jpg,5,5,5,5,1,0.9998691,3.1148156e-06,1.3128885e-06,7.3832798e-09,3.490296e-09,3.876494e-12,0.9998691,1.3509474e-05,1.988385e-05,9.299366e-05
/home/leo/Documentos/mestrado/DeepWeeds-Mobile/images/20180125-091019-1.jpg,8,8,8,8,1,0.9998987,2.10807e-06,5.177387e-07,1.4949972e-11,4.510353e-05,2.412571e-08,1.2088411e-05,1.0502102e-05,3.0983567e-05,0.9998987
/home/leo/Documentos/mestrado/DeepWeeds-Mobile/images/20180109-072904-2.jpg,8,6,8,6,0,0.97050786,0.00034450646,0.006079547,2.7572148e-06,1.0200378e-05,8.089794e-07,0.0002913083,0.97050786,0.00028952712,0.022473557
