filename,y_true_idx,y_pred_idx,y_true,y_pred,correct,pred_confidence,prob_0,prob_1,prob_2,prob_3,prob_4,prob_5,prob_6,prob_7,prob_8
/home/leo/Documentos/mestrado/DeepWeeds-Mobile/images/20171218-121618-3.jpg,8,8,8,8,1,0.84193003,8.358115e-05,1.1556153e-06,6.8151357e-10,2.1073214e-05,1.1885077e-08,0.15793847,2.4258268e-05,1.3689598e-06,0.84193003
/home/leo/Documentos/mestrado/DeepWeeds-Mobile/images/20180322-114426-2.jpg,8,8,8,8,1,0.9916025,0.0051243636,0.0001791489,3.196345e-07,0.0006623477,4.9136168e-05,8.8955356e-05,7.774641e-06,0.0022855343,0.9916025
/home/leo/Documentos/mestrado/DeepWeeds-Mobile/images/20171220-093510-2.jpg,8,8,8,8,1,0.99478024,7.242793e-05,7.63676e-06,1.3594962e-11,9.218709e-05,1.08847535e-08,0.0049160146,0.00012718204,4.276152e-06,0.99478024
/home/leo/Documentos/mestrado/DeepWeeds-Mobile/images/20171113-144443-3.jpg,6,6,6,6,1,0.9957604,7.668859e-05,0.0015041183,3.7408476e-11,5.7845837e-06,2.167833e-08,6.8741797e-06,0.9957604,4.220715e-05,0.002604
/home/leo/Documentos/mestrado/DeepWeeds-Mobile/images/20180112-070836-2.jpg,8,0,8,0,0,0.39861524,0.39861524,0.15925936,0.015296394,0.093038365,0.008358561,0.0029604775,0.0006814172,0.07451871,0.24727154
/home/leo/Documentos/mestrado/DeepWeeds-Mobile/images/20171025-091930-2.jpg,3,3,3,3,1,0.9880022,0.00012148449,2.7175395e-07,0.0004808108,0.9880022,0.0018972778,6.4242585e-09,7.175542e-10,0.000120817844,0.00937717
/home/leo/Documentos/mestrado/DeepWeeds-Mobile/images/20180125-094804-2.jpg,8,8,8,8,1,0.99771035,0.00024485515,2.6806067e-06,7.785499e-07,0.0006246248,6.359405e-06,0.00039387643,0.0009808984,3.5545832e-05,0.99771035
/home/leo/Documentos/mestrado/DeepWeeds-Mobile/images/20180112-092406-2.jpg,8,8,8,8,1,0.9989474,0.00077978044,5.2702326e-08,0.0002561838,8.534155e-07,5.2398224e-08,4.880792e-08,2.1959498e-12,1.5677855e-05,0.9989474
/home/leo/Documentos/mestrado/DeepWeeds-Mobile/images/20180322-114426-1.jpg,8,8,8,8,1,0.99784505,0.0018928052,1.4504207e-06,4.9720393e-06,6.740719e-06,7.3629883e-07,6.723921e-05,2.1871807e-08,0.00018107156,0.99784505
/home/leo/Documentos/mestrado/DeepWeeds-Mobile/images/20170610-123316-0.jpg,1,0,1,0,0,0.4013923,0.4013923,0.20655793,0.00015817468,0.0021499093,1.5329399e-05,0.0046779704,0.00010977175,0.08626606,0.29867253
/home/leo/Documentos/mestrado/DeepWeeds-Mobile/images/20180125-130949-2.jpg,8,8,8,8,1,0.9953792,0.001723847,0.0002563267,0.00018506627,0.0008701584,0.00013480791,1.17271165e-05,3.1296345e-06,0.0014357804,0.9953792
/home/leo/Documentos/mestrado/DeepWeeds-Mobile/images/20170714-134129-1.jpg,1,1,1,1,1,0.9990915,8.894768e-05,0.9990915,5.075016e-11,4.400591e-06,3.2747305e-09,1.0418393e-08,3.178067e-05,0.00040499162,0.00037843667
/home/leo/Documentos/mestrado/DeepWeeds-Mobile/images/20180109-071302-2.jpg,8,8,8,8,1,0.9994043,1.9600177e-08,5.9519907e-06,0.0001465644,2.4371437e-07,7.519193e-08,4.028048e-06,0.00043881958,1.4726436e-08,0.9994043
/home/leo/Documentos/mestrado/DeepWeeds-Mobile/images/20180105-091609-2.jpg,8,8,8,8,1,0.9984901,3.516835e-09,7.89535e-08,1.1024084e-06,0.00013747778,1.6577118e-06,6.844889e-10,0.0013695454,4.951161e-08,0.9984901
/home/leo/Documentos/mestrado/DeepWeeds-Mobile/images/20180105-093450-2.jpg,8,8,8,8,1,0.9480882,1.8967856e-05,9.477139e-05,0.046124108,0.0027450342,0.0019021786,5.3761244e-07,0.0007051411,0.00032108265,0.9480882
/home/leo/Documentos/mestrado/DeepWeeds-Mobile/images/20170729-090828-1.jpg,4,4,4,4,1,0.9943449,2.4683595e-05,3.7053857e-07,0.0026061425,0.00046847976,0.9943449,2.8053788e-07,1.0973182e-09,0.00027848154,0.0022766443
/home/leo/Documentos/mestrado/DeepWeeds-Mobile/images/20170501-143023-0.jpg,1,1,1,1,1,0.7777749,0.0018967632,0.7777749,1.9211138e-06,0.000100830046,1.0147728e-05,0.0011802125,0.03830548,0.017536853,0.1631929
/home/leo/Documentos/mestrado/DeepWeeds-Mobile/images/20171220-085247-2.jpg,8,8,8,8,1,0.9844849,0.009338087,8.434652e-06,1.2171436e-10,0.0004354327,2.9575622e-08,0.00012471275,2.2881804e-07,0.005608187,0.9844849
/home/leo/Documentos/mestrado/DeepWeeds-Mobile/images/20180105-095012-2.jpg,8,8,8,8,1,0.8947327,2.7524322e-06,2.4237823e-05,3.527115e-06,0.0005983021,6.716384e-06,5.2056316e-07,0.104625896,5.24876e-06,0.8947327
/home/leo/Documentos/mestrado/DeepWeeds-Mobile/images/20171220-092859-2.jpg,8,8,8,8,1,0.9991248,3.432193e-05,2.0784054e-07,8.762295e-15,5.240807e-10,1.414775e-13,0.0008285884,1.0579028e-06,1.0992558e-05,0.9991248
/home/leo/Documentos/mestrado/DeepWeeds-Mobile/images/20171113-165113-0.jpg,6,6,6,6,1,0.99791116,4.877041e-06,0.0006445681,2.6060505e-07,1.3690254e-05,1.7771212e-07,4.8164075e-08,0.99791116,2.948728e-07,0.0014249113
/home/leo/Documentos/mestrado/DeepWeeds-Mobile/images/20170906-134722-1.jpg,3,8,3,8,0,0.41559798,0.1597792,0.0023319027,0.020561693,0.35293424,0.0039403243,0.00038089015,9.691278e-06,0.044464115,0.41559798
/home/leo/Documentos/mestrado/DeepWeeds-Mobile/images/20171219-094353-3.jpg,8,8,8,8,1,0.99201983,0.00017985785,8.501926e-06,2.0603529e-13,8.7532535e-06,2.07475e-10,0.0075525437,9.4784205e-05,0.00013562961,0.99201983
/home/leo/Documentos/mestrado/DeepWeeds-Mobile/images/20171218-114955-3.jpg,8,8,8,8,1,0.9992582,1.4935725e-05,7.1795887e-07,1.1207862e-12,0.00027385302,2.853168e-10,0.00045109238,1.0252762e-06,1.988641e-07,0.9992582
/home/leo/Documentos/mestrado/DeepWeeds-Mobile/images/20180119-110514-2.jpg,8,8,8,8,1,0.9408693,0.013273515,0.019477088,4.0166492e-07,0.0018431182,3.0218373e-05,0.000490715,0.0011911221,0.02282458,0.9408693
/home/leo/Documentos/mestrado/DeepWeeds-Mobile/images/20170920-163653-3.jpg,2,2,2,2,1,0.89250624,6.6062908e-06,4.773457e-07,0.89250624,2.051846e-05,0.093130104,6.3448e-07,8.717153e-08,2.2583085e-06,0.014333002
/home/leo/Documentos/mestrado/DeepWeeds-Mobile/images/20171219-104654-2.jpg,8,2,8,2,0,0.58125275,0.0014874733,0.005915203,0.58125275,0.007401465,0.014224318,0.00022500182,0.0034120542,0.00094577065,0.38513598
/home/leo/Documentos/mestrado/DeepWeeds-Mobile/images/20171121-090747-1.jpg,6,6,6,6,1,0.9948306,1.3692721e-07,0.001721582,3.4910377e-09,8.772468e-07,2.134054e-08,3.174951e-07,0.9948306,3.942227e-07,0.003446009
/home/leo/Documentos/mestrado/DeepWeeds-Mobile/images/20171219-103101-2.jpg,8,8,8,8,1,0.97984487,0.00541748,0.00017684718,3.5754923e-08,0.00012987472,3.049597e-07,0.013654627,2.885451e-05,0.000747068,0.97984487
/home/leo/Documentos/mestrado/DeepWeeds-Mobile/images/20171220-083447-3.jpg,8,8,8,8,1,0.7824219,0.07222417,0.0005815389,4.3517977e-07,0.0006163469,0.00027843047,0.00068675436,0.0001530745,0.14303733,0.7824219
/home/leo/Documentos/mestrado/DeepWeeds-Mobile/images/20170207-141541-0.jpg,7,7,7,7,1,0.7957125,0.20084524,0.0023735873,6.343333e-08,1.2661701e-07,1.5190354e-08,8.70463e-05,3.21793e-06,0.7957125,0.0009782087
/home/leo/Documentos/mestrado/DeepWeeds-Mobile/images/20171220-084929-2.jpg,8,8,8,8,1,0.99765766,0.0020605596,1.3346624e-07,6.747211e-11,2.6485182e-05,2.9464553e-09,0.00012332709,1.1087128e-08,0.00013184374,0.99765766
/home/leo/Documentos/mestrado/DeepWeeds-Mobile/images/20171113-093244-3.jpg,5,5,5,5,1,0.9991153,0.0006023732,3.900258e-06,2.3200427e-14,1.8575474e-11,5.275035e-14,0.9991153,0.00014923901,4.919534e-06,0.00012431071
/home/leo/Documentos/mestrado/DeepWeeds-Mobile/images/20180125-131248-3.jpg,8,8,8,8,1,0.9305117,0.00072568393,0.0034687333,0.000615746,0.023111638,0.036308542,2.4452214e-07,0.00027890297,0.00497888,0.9305117
/home/leo/Documentos/mestrado/DeepWeeds-Mobile/images/20171218-120806-3.jpg,8,8,8,8,1,0.9603273,0.00012210361,1.6247543e-06,2.1797127e-10,2.6550619e-05,1.1314749e-08,0.039459947,5.53173e-05,7.1427653e-06,0.9603273
/home/leo/Documentos/mestrado/DeepWeeds-Mobile/images/20180125-092311-2.jpg,8,8,8,8,1,0.99764913,8.510003e-05,0.0002095655,8.604188e-06,0.0001930387,0.0012470048,1.1018436e-06,8.6473676e-08,0.00060632033,0.99764913
/home/leo/Documentos/mestrado/DeepWeeds-Mobile/images/20171113-142629-3.jpg,6,6,6,6,1,0.84183043,9.484972e-06,0.006931983,6.5767205e-07,0.00095523737,1.9691674e-06,4.8046397e-05,0.84183043,6.339978e-05,0.15015876
/home/leo/Documentos/mestrado/DeepWeeds-Mobile/images/20180105-102301-1.jpg,8,8,8,8,1,0.9993025,1.4862896e-05,5.4452585e-06,4.8455873e-05,0.000288544,0.0001051792,3.2801438e-08,0.0001657781,6.921245e-05,0.9993025
/home/leo/Documentos/mestrado/DeepWeeds-Mobile/images/20171218-112736-3.jpg,8,8,8,8,1,0.7995333,0.008892171,0.11035892,6.7341603e-06,0.017298035,0.0002494662,0.0050721513,0.04637677,0.012212495,0.7995333
/home/leo/Documentos/mestrado/DeepWeeds-Mobile/images/20171218-115215-2.jpg,8,8,8,8,1,0.94360715,0.038411647,0.00019115306,0.00035247998,0.005467497,0.00010921508,0.004448322,2.7064034e-06,0.007409749,0.94360715
/home/leo/Documentos/mestrado/DeepWeeds-Mobile/images/20171113-132039-3.jpg,6,6,6,6,1,0.9433627,0.0016293068,3.5559766e-05,8.704822e-07,0.00010999153,8.456421e-06,3.1076958e-08,0.9433627,0.000611357,0.054241672
/home/leo/Documentos/mestrado/DeepWeeds-Mobile/images/20171113-133644-1.jpg,6,8,6,8,0,0.9948324,0.00022625989,0.000604369,1.127498e-06,0.00022108648,2.3171674e-06,8.400127e-07,0.0039064265,0.0002051368,0.9948324
/home/leo/Documentos/mestrado/DeepWeeds-Mobile/images/20180119-104315-1.jpg,8,8,8,8,1,0.8880333,0.00027445614,0.0035380668,0.02196931,0.00755409,0.0055574137,1.2097527e-06,0.07120105,0.001871133,0.8880333
/home/leo/Documentos/mestrado/DeepWeeds-Mobile/images/20180105-100545-3.jpg,8,8,8,8,1,0.97688484,6.861921e-06,2.0215632e-06,0.0060829595,0.0009678531,0.00012926165,2.0402952e-07,0.015918434,7.560952e-06,0.97688484
/home/leo/Documentos/mestrado/DeepWeeds-Mobile/images/20171218-103241-3.jpg,8,8,8,8,1,0.8144459,0.025678165,4.551293e-05,0.022709265,0.010833227,0.09902159,1.5323647e-05,1.275214e-06,0.027249742,0.8144459
/home/leo/Documentos/mestrado/DeepWeeds-Mobile/images/20171109-073733-3.jpg,5,5,5,5,1,0.97851217,6.476149e-05,7.154418e-08,1.2411514e-13,3.5428624e-08,1.4621731e-11,0.97851217,5.5770984e-06,0.0017817159,0.019635571
/home/leo/Documentos/mestrado/DeepWeeds-Mobile/images/20171113-144604-3.jpg,6,6,6,6,1,0.9747854,6.930501e-05,0.016839048,4.601508e-11,2.997423e-06,1.6016225e-08,0.00062001403,0.9747854,0.00015049784,0.0075326576
/home/leo/Documentos/mestrado/DeepWeeds-Mobile/images/20171218-111152-2.jpg,8,8,8,8,1,0.896417,0.0020237193,7.800116e-06,0.0060789622,0.087391295,0.0054462915,2.4041865e-05,1.8598675e-07,0.0026106907,0.896417
/home/leo/Documentos/mestrado/DeepWeeds-Mobile/images/20170210-133245-0.jpg,0,0,0,0,1,0.78465044,0.78465044,0.0003261129,3.0937036e-10,9.97451e-08,4.1426132e-10,3.4551194e-06,3.3956814e-05,0.20848005,0.006506048
/home/leo/Documentos/mestrado/DeepWeeds-Mobile/images/20180322-132753-1.jpg,8,8,8,8,1,0.98441005,0.00017907437,1.4995943e-05,0.00053751183,0.0013206105,0.0023003079,0.011225308,9.817388e-07,1.1069723e-05,0.98441005
/home/leo/Documentos/mestrado/DeepWeeds-Mobile/images/20170920-184209-1.jpg,2,2,2,2,1,0.9933323,1.3162406e-07,8.216272e-07,0.9933323,0.00057456584,0.00014706561,6.172097e-08,9.121007e-07,1.9572859e-07,0.0059438813
/home/leo/Documentos/mestrado/DeepWeeds-Mobile/images/20171205-143356-2.jpg,8,8,8,8,1,0.9575627,2.04444e-05,4.1948923e-08,1.3740747e-12,9.4516184e-07,2.8601796e-10,0.042414844,4.802847e-07,5.9877596e-07,0.9575627
/home/leo/Documentos/mestrado/DeepWeeds-Mobile/images/20180125-134135-2.jpg,8,8,8,8,1,0.9454622,0.0045806197,0.0059009166,4.859494e-07,0.0224367,0.0043528667,2.3770308e-05,1.8816276e-05,0.017223507,0.9454622
/home/leo/Documentos/mestrado/DeepWeeds-Mobile/images/20171212-093905-1.jpg,8,8,8,8,1,0.9999068,2.1879443e-05,1.8260738e-06,7.3285535e-14,2.3864748e-05,4.6046475e-10,3.736229e-05,2.3324198e-07,8.008469e-06,0.9999068
/home/leo/Documentos/mestrado/DeepWeeds-Mobile/images/20170728-150555-1.jpg,4,4,4,4,1,0.97199345,0.00023058556,7.2365685e-07,0.00049173855,0.0181302,0.97199345,3.8651866e-05,1.09512e-08,2.159562e-05,0.00909298
/home/leo/Documentos/mestrado/DeepWeeds-Mobile/images/20180125-101026-1.jpg,8,8,8,8,1,0.9998542,7.30328e-05,1.948e-06,6.32811e-07,1.9682295e-06,1.4203e-06,6.292694e-05,4.8466256e-07,3.3104698e-06,0.9998542
/home/leo/Documentos/mestrado/DeepWeeds-Mobile/images/20180112-091618-1.jpg,8,8,8,8,1,0.79617035,0.0007743515,0.10374395,3.1704098e-05,0.032711796,0.016433563,7.5873567e-07,0.00038395394,0.049749535,0.79617035
/home/leo/Documentos/mestrado/DeepWeeds-Mobile/images/20171113-134655-3.jpg,6,6,6,6,1,0.58078945,6.526551e-06,2.8750978e-06,0.0004233331,0.00017938776,2.3929319e-05,1.6566827e-06,0.58078945,6.236391e-06,0.41856658
/home/leo/Documentos/mestrado/DeepWeeds-Mobile/images/20171113-140645-2.jpg,6,6,6,6,1,0.9977291,3.152112e-05,0.0011323275,1.6526368e-09,1.2548295e-05,7.754807e-08,4.2062876e-08,0.9977291,1.9619638e-05,0.0010747097
/home/leo/Documentos/mestrado/DeepWeeds-Mobile/images/20171109-093346-1.jpg,5,5,5,5,1,0.9493952,0.000787719,0.013375543,5.202173e-10,2.9738365e-07,2.983378e-09,0.9493952,0.0052567814,0.0009718643,0.030212615
/home/leo/Documentos/mestrado/DeepWeeds-Mobile/images/20180322-121034-2.jpg,8,8,8,8,1,0.99816966,0.0011009387,0.00041131326,9.282124e-09,8.453567e-05,1.0941403e-07,1.1390797e-05,1.3018541e-07,0.00022195278,0.99816966
/home/leo/Documentos/mestrado/DeepWeeds-Mobile/images/20171109-094205-3.jpg,5,5,5,5,1,0.99684274,0.0029227126,1.0165466e-07,3.663705e-12,4.5354316e-09,5.9927822e-12,0.99684274,3.2208824e-05,0.00015153804,5.0743016e-05
/home/leo/Documentos/mestrado/DeepWeeds-Mobile/images/20171205-124105-2.jpg,8,8,8,8,1,0.9839469,4.6337586e-06,1.1416029e-06,1.2445732e-11,3.8602822e-05,2.2076676e-09,0.016007006,7.6627657e-07,8.307864e-07,0.9839469
/home/leo/Documentos/mestrado/DeepWeeds-Mobile/images/20180125-132659-2.jpg,8,8,8,8,1,0.99088824,0.0042472514,0.00026608232,1.7677912e-07,0.00045376443,0.00042799444,1.6193924e-05,8.044915e-07,0.003699643,0.99088824
/home/leo/Documentos/mestrado/DeepWeeds-Mobile/images/20171217-103537-2.jpg,8,8,8,8,1,0.84235287,0.0038142817,0.069714956,5.7567565e-11,2.171952e-06,1.5536944e-08,0.082730986,0.0009222828,0.00046244563,0.84235287
/home/leo/Documentos/mestrado/DeepWeeds-Mobile/images/20170714-133626-1.jpg,1,1,1,1,1,0.9794417,0.00012367824,0.9794417,1.8201207e-10,4.8963693e-07,2.2926102e-08,8.0217134e-05,0.01646723,0.00096243457,0.002924177
/home/leo/Documentos/mestrado/DeepWeeds-Mobile/images/20180125-131541-3.jpg,8,8,8,8,1,0.79526657,0.1055388,0.009957095,0.004882994,0.019725367,0.009257695,0.0001683197,0.00010039448,0.05510275,0.79526657
/home/leo/Documentos/mestrado/DeepWeeds-Mobile/images/20170315-085159-0.jpg,8,8,8,8,1,0.67252666,0.027200554,0.0188598,8.239236e-07,0.00080354605,5.780747e-05,0.0022801468,0.17233594,0.10593479,0.67252666
/home/leo/Documentos/mestrado/DeepWeeds-Mobile/images/20170715-162427-1.jpg,1,1,1,1,1,0.99902594,4.279399e-06,0.99902594,4.8162188e-15,2.3233869e-10,3.1293414e-13,2.1234527e-09,0.0009267268,1.8083784e-07,4.2784992e-05
/home/leo/Documentos/mestrado/DeepWeeds-Mobile/images/20180119-104945-2.jpg,8,8,8,8,1,0.8968508,0.00016207084,0.0043856474,0.009655788,0.07766581,0.008978871,2.939013e-05,0.0011648736,0.0011066684,0.8968508
/home/leo/Documentos/mestrado/DeepWeeds-Mobile/images/20171219-093801-3.jpg,8,8,8,8,1,0.7664463,0.12523071,0.015365581,0.0001275074,0.01979211,0.00010057408,0.040062476,0.0003534399,0.03252132,0.7664463
/home/leo/Documentos/mestrado/DeepWeeds-Mobile/images/20180125-131203-2.jpg,8,8,8,8,1,0.98524135,0.00038858055,0.001038404,1.1035894e-06,0.011718294,0.00010841024,3.997689e-06,6.293741e-06,0.0014936064,0.98524135
/home/leo/Documentos/mestrado/DeepWeeds-Mobile/images/20180322-115539-2.jpg,8,8,8,8,1,0.98140717,0.007868947,0.0002559383,6.324318e-05,0.004801936,0.0037304743,5.045442e-05,3.0272807e-07,0.0018216423,0.98140717
/home/leo/Documentos/mestrado/DeepWeeds-Mobile/images/20180322-111858-2.jpg,8,8,8,8,1,0.9856185,0.00027314652,0.0011277287,0.0002270058,0.012482737,1.4215844e-05,6.8859175e-05,2.7195658e-06,0.00018501277,0.9856185
/home/leo/Documentos/mestrado/DeepWeeds-Mobile/images/20171113-091334-3.jpg,5,8,5,8,0,0.7735336,0.022149546,0.04044984,1.3549393e-08,2.9333318e-05,5.979529e-07,0.12733474,0.0019634743,0.034539,0.7735336
/home/leo/Documentos/mestrado/DeepWeeds-Mobile/images/20180119-105825-2.jpg,8,8,8,8,1,0.9861827,0.0063593965,0.0017332424,8.225021e-06,0.002628821,0.00017172139,1.2357538e-05,3.711565e-05,0.0028663746,0.9861827
/home/leo/Documentos/mestrado/DeepWeeds-Mobile/images/20171205-143340-2.jpg,8,8,8,8,1,0.8275533,0.00037064176,6.603982e-06,1.2583046e-10,2.02588e-05,1.2130265e-08,0.17191611,0.000113749404,1.9321405e-05,0.8275533
/home/leo/Documentos/mestrado/DeepWeeds-Mobile/images/20170630-155405-0.jpg,7,7,7,7,1,0.98801464,0.005467299,0.004665962,1.6161618e-10,2.5302202e-07,2.2502881e-08,6.3662014e-06,0.0014039258,0.98801464,0.00044146433
/home/leo/Documentos/mestrado/DeepWeeds-Mobile/images/20180105-093622-2.jpg,8,8,8,8,1,0.9842668,2.9818167e-07,1.1521397e-06,0.0009471565,0.00010125592,2.9609748e-05,2.8700185e-08,0.01465295,7.0896834e-07,0.9842668
/home/leo/Documentos/mestrado/DeepWeeds-Mobile/images/20170729-090939-1.jpg,4,4,4,4,1,0.7980452,0.0002638221,1.2257738e-05,0.14667697,0.010552844,0.7980452,7.624487e-06,5.5429365e-07,0.00045256142,0.04398817
/home/leo/Documentos/mestrado/DeepWeeds-Mobile/images/20180109-103437-1.jpg,8,8,8,8,1,0.951914,0.009174171,0.00028806648,0.0035086484,0.029654372,0.0019237251,9.353468e-07,2.8261318e-05,0.0035076882,0.951914
/home/leo/Documentos/mestrado/DeepWeeds-Mobile/images/20170727-113909-1.jpg,4,5,4,5,0,0.88257855,0.0038483047,0.00012191726,0.0007077971,0.00072403764,0.10854089,0.88257855,1.5264712e-05,0.0024368577,0.0010264177
/home/leo/Documentos/mestrado/DeepWeeds-Mobile/images/20171205-145132-2.jpg,8,8,8,8,1,0.97585946,3.2001484e-05,0.004081631,3.8604224e-08,6.704383e-06,8.3308265e-08,5.6586017e-05,0.019776274,0.00018715327,0.97585946
/home/leo/Documentos/mestrado/DeepWeeds-Mobile/images/20180125-133116-2.jpg,8,8,8,8,1,0.9921784,0.0009394929,0.0039743013,4.6417986e-06,0.00054239045,0.00038198876,0.00015187908,1.1081344e-05,0.0018157967,0.9921784
/home/leo/Documentos/mestrado/DeepWeeds-Mobile/images/20170217-115640-0.jpg,7,7,7,7,1,0.9724355,0.018088797,0.007224011,5.9375976e-10,2.2274116e-09,1.1611065e-10,0.0001576314,7.520136e-06,0.9724355,0.0020865577
/home/leo/Documentos/mestrado/DeepWeeds-Mobile/images/20171201-115840-1.jpg,8,8,8,8,1,0.9980123,9.963707e-05,0.0011417593,2.0289153e-09,1.4559061e-05,1.011052e-08,0.00022427687,3.0440015e-06,0.0005043687,0.9980123
/home/leo/Documentos/mestrado/DeepWeeds-Mobile/images/20171113-123737-1.jpg,6,6,6,6,1,0.9064408,8.2625996e-07,6.8601736e-07,1.2030367e-05,5.885876e-05,4.5849974e-06,1.8392113e-09,0.9064408,1.3946416e-06,0.093480855
/home/leo/Documentos/mestrado/DeepWeeds-Mobile/images/20170706-113725-0.jpg,7,8,7,8,0,0.41452566,0.35474676,0.0018467383,0.0021107183,0.076969616,0.0020447923,7.4961063e-06,2.3664026e-07,0.14774802,0.41452566
/home/leo/Documentos/mestrado/DeepWeeds-Mobile/images/20170714-133517-1.jpg,1,1,1,1,1,0.9793076,7.2187635e-07,0.9793076,1.6007659e-12,1.4453471e-08,1.7890377e-10,1.3807266e-07,0.020293977,4.3687876e-05,0.00035393608
/home/leo/Documentos/mestrado/DeepWeeds-Mobile/images/20170126-095805-0.jpg,1,6,1,6,0,0.72478324,8.454036e-06,0.27354756,1.956316e-13,7.6044934e-08,5.941908e-10,4.8404075e-08,0.72478324,1.6089212e-05,0.0016445457
/home/leo/Documentos/mestrado/DeepWeeds-Mobile/images/20170920-113921-2.jpg,2,2,2,2,1,0.9969324,4.403889e-06,1.9988543e-07,0.9969324,0.00011253475,0.0018119974,4.837341e-07,3.5725031e-07,2.90544e-06,0.0011347272
/home/leo/Documentos/mestrado/DeepWeeds-Mobile/images/20180112-102550-1.jpg,8,8,8,8,1,0.8793694,0.10148044,1.797404e-05,0.0026848458,0.000400519,1.74666e-05,0.0027157196,1.0534181e-06,0.013312557,0.8793694
/home/leo/Documentos/mestrado/DeepWeeds-Mobile/images/20171218-112942-3.jpg,8,8,8,8,1,0.9572944,0.0021650777,0.0392256,7.2804676e-07,0.00025225483,5.3095314e-06,0.00030573847,5.4446136e-05,0.000696478,0.9572944
/home/leo/Documentos/mestrado/DeepWeeds-Mobile/images/20171220-095147-2.jpg,8,8,8,8,1,0.99561757,0.0030296773,4.8631064e-05,3.5412975e-10,6.759198e-06,1.7838634e-08,0.0005123336,3.5007818e-06,0.00078146055,0.99561757
/home/leo/Documentos/mestrado/DeepWeeds-Mobile/images/20171220-100200-2.jpg,8,1,8,1,0,0.5056095,0.18358752,0.5056095,0.00025924793,0.0007315636,4.5170993e-05,0.009525309,0.0034468411,0.17936566,0.11742918
/home/leo/Documentos/mestrado/DeepWeeds-Mobile/images/20170217-121703-0.jpg,0,0,0,0,1,0.7101798,0.7101798,0.08052519,1.6804028e-08,6.751955e-08,3.2669757e-08,8.825561e-05,0.0005406533,0.20655657,0.0021094803
/home/leo/Documentos/mestrado/DeepWeeds-Mobile/images/20170210-131355-0.jpg,7,7,7,7,1,0.86840695,0.1051025,4.196599e-05,1.1715763e-06,2.996162e-06,1.6769848e-08,2.113175e-05,5.4806093e-09,0.86840695,0.026423156
/home/leo/Documentos/mestrado/DeepWeeds-Mobile/images/20171217-184035-2.jpg,8,3,8,3,0,0.90334916,0.009873724,0.006969076,8.352825e-06,0.90334916,0.00029100958,0.001731954,0.0016738884,0.009147884,0.06695495
/home/leo/Documentos/mestrado/DeepWeeds-Mobile/images/20170128-103322-0.jpg,8,8,8,8,1,0.80645084,1.4572073e-05,0.17292453,1.1377836e-11,0.013819501,2.5523687e-07,2.0561608e-06,0.0067439466,4.4208613e-05,0.80645084
/home/leo/Documentos/mestrado/DeepWeeds-Mobile/images/20170714-143523-1.jpg,1,1,1,1,1,0.97932225,0.00046696325,0.97932225,1.6608938e-10,2.8772502e-05,3.1992194e-08,3.7542664e-05,0.0075344713,0.0049201683,0.0076897424
/home/leo/Documentos/mestrado/DeepWeeds-Mobile/images/20171113-143650-0.jpg,6,6,6,6,1,0.99794394,9.241353e-05,0.0012278764,6.7905517e-09,8.444014e-06,4.510372e-08,2.609415e-06,0.99794394,1.2417568e-05,0.0007122511
/home/leo/Documentos/mestrado/DeepWeeds-Mobile/images/20170304-132112-0.jpg,7,7,7,7,1,0.8957511,0.10376526,2.2869803e-05,5.2098542e-12,1.5655558e-09,8.660344e-10,9.973977e-06,2.9204105e-06,0.8957511,0.00044783304
/home/leo/Documentos/mestrado/DeepWeeds-Mobile/images/20170127-101918-0.jpg,1,1,1,1,1,0.5531472,0.0008224642,0.5531472,2.00618e-09,1.7670087e-05,1.3285967e-07,0.00029696472,0.06607214,0.0044448804,0.37519854
/home/leo/Documentos/mestrado/DeepWeeds-Mobile/images/20170715-111253-1.jpg,1,1,1,1,1,0.52436733,0.00021185516,0.52436733,9.263194e-09,5.9227875e-07,1.6604793e-07,0.00012087869,0.4648806,0.00063672237,0.009781881
/home/leo/Documentos/mestrado/DeepWeeds-Mobile/images/20180112-101955-2.jpg,8,8,8,8,1,0.9897926,0.0074877874,0.00028519495,1.5924626e-05,0.000512189,1.236162e-05,3.9384966e-05,0.0013202752,0.0005343225,0.9897926
/home/leo/Documentos/mestrado/DeepWeeds-Mobile/images/20170706-105615-0.jpg,7,7,7,7,1,0.7010032,0.038735975,0.11526525,8.921443e-05,0.07526295,0.0017961988,0.0018446766,0.0024767306,0.7010032,0.06352577
/home/leo/Documentos/mestrado/DeepWeeds-Mobile/images/20170210-132642-0.jpg,0,0,0,0,1,0.9280748,0.9280748,8.652121e-06,4.3472326e-10,2.8954024e-09,1.4549718e-10,7.223132e-07,1.3856613e-06,0.07111176,0.00080266444
/home/leo/Documentos/mestrado/DeepWeeds-Mobile/images/20170217-115828-0.jpg,0,0,0,0,1,0.98145515,0.98145515,5.9207828e-06,2.94787e-08,9.329834e-07,1.2022972e-08,0.00012986343,3.7812545e-06,0.010471156,0.007933128
/home/leo/Documentos/mestrado/DeepWeeds-Mobile/images/20170210-141514-0.jpg,7,7,7,7,1,0.95388234,0.044831917,0.0011975454,1.1655762e-10,5.356182e-10,2.966123e-10,6.8981365e-07,6.428565e-08,0.95388234,8.7486085e-05
/home/leo/Documentos/mestrado/DeepWeeds-Mobile/images/20180125-100328-1.jpg,8,8,8,8,1,0.9865566,0.00032611162,0.00040243787,0.00016888417,0.0082020555,1.30269245e-05,0.00013745738,0.0036226334,0.0005707712,0.9865566
/home/leo/Documentos/mestrado/DeepWeeds-Mobile/images/20180109-080221-1.jpg,8,8,8,8,1,0.98488,2.474452e-09,8.103865e-07,3.1355164e-08,8.579274e-06,8.564716e-06,7.8454493e-10,0.015102053,1.9653433e-08,0.98488
/home/leo/Documentos/mestrado/DeepWeeds-Mobile/images/20171212-095412-3.jpg,8,8,8,8,1,0.9680632,0.0055765063,0.0032264846,0.00042751414,0.010461928,0.0064210016,0.00020075362,0.0028869417,0.0027357945,0.9680632
/home/leo/Documentos/mestrado/DeepWeeds-Mobile/images/20171201-120820-1.jpg,8,5,8,5,0,0.88287085,0.0010910892,0.00012794284,1.4212145e-10,1.4638504e-06,8.6203034e-10,0.88287085,0.00081310794,0.044663403,0.07043208
/home/leo/Documentos/mestrado/DeepWeeds-Mobile/images/20180112-074902-2.jpg,8,2,8,2,0,0.5154016,1.3005717e-05,2.0108217e-05,0.5154016,0.00038536193,0.47949833,1.832141e-06,4.8646293e-06,6.0067746e-06,0.0046689357
/home/leo/Documentos/mestrado/DeepWeeds-Mobile/images/20171113-131730-1.jpg,6,6,6,6,1,0.8916773,0.0015008417,0.0072123436,2.1427542e-08,0.00025816722,3.299961e-07,1.1878591e-05,0.8916773,0.00032328398,0.099015795
/home/leo/Documentos/mestrado/DeepWeeds-Mobile/images/20170727-171042-1.jpg,4,4,4,4,1,0.61110264,0.010372627,5.8632955e-05,0.0031765385,0.14611298,0.61110264,2.3261691e-05,2.656556e-07,0.023319062,0.20583402
/home/leo/Documentos/mestrado/DeepWeeds-Mobile/images/20171109-093715-3.jpg,5,5,5,5,1,0.99446017,0.0040259543,0.0001293204,5.0944412e-11,4.5934603e-09,1.0868261e-09,0.99446017,2.0383773e-06,0.00027892878,0.0011035671
/home/leo/Documentos/mestrado/DeepWeeds-Mobile/images/20170128-102642-0.jpg,8,8,8,8,1,0.6350119,0.0068496736,0.24560143,1.0433662e-06,0.03993351,1.2027967e-05,0.006096137,0.056252018,0.010242191,0.6350119
/home/leo/Documentos/mestrado/DeepWeeds-Mobile/images/20180125-091254-1.jpg,8,8,8,8,1,0.9996022,0.00020007366,5.2036525e-05,1.2021432e-07,1.7508553e-05,2.192221e-05,1.7386323e-05,2.9120223e-05,5.9622176e-05,0.9996022
/home/leo/Documentos/mestrado/DeepWeeds-Mobile/images/20170714-120717-2.jpg,1,7,1,7,0,0.4192721,0.064127326,0.33295062,8.361261e-06,0.00016642656,3.0378178e-05,0.000747031,0.00012747826,0.4192721,0.18257032
/home/leo/Documentos/mestrado/DeepWeeds-Mobile/images/20180105-092404-2.jpg,8,8,8,8,1,0.996121,2.5405547e-09,1.3221013e-07,6.29662e-06,1.8110166e-05,4.767215e-06,2.3542618e-10,0.0038496105,1.6910457e-08,0.996121
/home/leo/Documentos/mestrado/DeepWeeds-Mobile/images/20170920-101109-2.jpg,2,2,2,2,1,0.9770457,1.1747177e-06,1.2799975e-05,0.9770457,0.010644645,0.0023914494,1.00033425e-07,1.8762405e-05,6.7864203e-06,0.009878493
/home/leo/Documentos/mestrado/DeepWeeds-Mobile/images/20180105-100147-3.jpg,8,8,8,8,1,0.9414103,2.2370137e-05,0.0009782659,9.942761e-07,0.0007801451,3.796523e-05,1.2067766e-06,0.0567134,5.5411783e-05,0.9414103
/home/leo/Documentos/mestrado/DeepWeeds-Mobile/images/20171113-151334-3.jpg,6,6,6,6,1,0.95127785,6.7325063e-06,3.3777138e-07,3.1071784e-06,9.123787e-05,1.0322959e-06,1.1298641e-08,0.95127785,4.5824527e-06,0.04861516
/home/leo/Documentos/mestrado/DeepWeeds-Mobile/images/20171113-101452-1.jpg,5,5,5,5,1,0.98921597,2.0092943e-05,1.073262e-05,1.2385989e-14,1.6346657e-08,9.980414e-13,0.98921597,1.6350534e-05,4.4937242e-05,0.010691895
/home/leo/Documentos/mestrado/DeepWeeds-Mobile/images/20170410-154425-0.jpg,0,8,0,8,0,0.7271357,0.108303286,0.00089767267,2.2886577e-05,0.12519315,2.9359944e-05,0.00016146661,2.2894109e-07,0.03825619,0.7271357
/home/leo/Documentos/mestrado/DeepWeeds-Mobile/images/20170715-165431-1.jpg,1,1,1,1,1,0.99997115,1.4400295e-08,0.99997115,2.1875881e-13,6.997061e-10,1.1949493e-12,5.889001e-11,2.299304e-05,2.8402412e-09,5.8613487e-06
/home/leo/Documentos/mestrado/DeepWeeds-Mobile/images/20170727-171448-1.jpg,4,4,4,4,1,0.7404453,0.00717901,5.2665906e-05,0.0017926871,0.005249602,0.7404453,1.3299344e-06,5.9101506e-08,0.039017756,0.20626158
/home/leo/Documentos/mestrado/DeepWeeds-Mobile/images/20171102-120141-2.jpg,2,8,2,8,0,0.47697616,0.054871768,0.0001312258,0.44554973,0.0041199713,0.00092749007,0.00023637805,1.4931333e-06,0.01718591,0.47697616
/home/leo/Documentos/mestrado/DeepWeeds-Mobile/images/20180322-115336-2.jpg,8,8,8,8,1,0.95963085,0.00076085795,8.85225e-07,0.0011077651,0.0015106522,0.036912605,3.2712094e-07,7.741958e-09,7.610093e-05,0.95963085
/home/leo/Documentos/mestrado/DeepWeeds-Mobile/images/20180109-090140-2.jpg,8,8,8,8,1,0.99986446,6.753034e-06,8.430738e-06,5.4262983e-08,3.2580726e-06,1.4306994e-08,2.351181e-05,3.362231e-05,5.9854905e-05,0.99986446
/home/leo/Documentos/mestrado/DeepWeeds-Mobile/images/20171218-114652-3.jpg,8,8,8,8,1,0.9962256,0.00026140953,0.00014619801,8.32886e-08,0.00017751343,2.7396109e-06,0.0014117192,0.0017563844,1.8398747e-05,0.9962256
/home/leo/Documentos/mestrado/DeepWeeds-Mobile/images/20171220-100335-1.jpg,8,8,8,8,1,0.9985026,0.0010182433,0.0002868214,1.2007398e-12,8.107697e-08,1.3294357e-11,0.00016134443,3.563115e-06,2.7407461e-05,0.9985026
/home/leo/Documentos/mestrado/DeepWeeds-Mobile/images/20180119-112911-2.jpg,8,8,8,8,1,0.99808145,0.00014680656,0.00037251832,1.1063669e-05,0.00024383937,1.1952232e-05,7.650008e-07,0.000976533,0.00015523027,0.99808145
/home/leo/Documentos/mestrado/DeepWeeds-Mobile/images/20171220-092332-2.jpg,8,8,8,8,1,0.98491204,0.00044809302,8.671297e-06,5.4111443e-10,1.0388748e-07,1.2081665e-09,0.014613458,2.3852127e-07,1.7435501e-05,0.98491204
/home/leo/Documentos/mestrado/DeepWeeds-Mobile/images/20171109-072549-1.jpg,5,5,5,5,1,0.96903664,0.0033186085,3.76396e-05,1.4489279e-08,6.070507e-06,2.7484115e-09,0.96903664,6.7264045e-05,0.0087361345,0.018797593
/home/leo/Documentos/mestrado/DeepWeeds-Mobile/images/20171113-142008-2.jpg,6,6,6,6,1,0.9579325,0.00015803397,6.0091952e-05,6.033557e-06,0.00086711993,7.6076874e-05,1.3675663e-07,0.9579325,0.00013645276,0.040763546
/home/leo/Documentos/mestrado/DeepWeeds-Mobile/images/20171212-100328-1.jpg,8,8,8,8,1,0.9720749,0.0033956636,0.00044121005,2.2681302e-08,0.02262105,2.5334434e-06,0.00016183835,4.4112778e-05,0.0012586681,0.9720749
/home/leo/Documentos/mestrado/DeepWeeds-Mobile/images/20180105-094901-2.jpg,8,8,8,8,1,0.9974057,6.255193e-08,5.1929857e-07,3.3207782e-06,0.00015139028,7.370476e-06,8.469872e-10,0.002431492,9.369494e-08,0.9974057
/home/leo/Documentos/mestrado/DeepWeeds-Mobile/images/20180119-111122-2.jpg,8,8,8,8,1,0.92455745,0.007177359,0.016291387,4.2707347e-07,0.0035743238,9.909884e-06,0.0032510404,0.0027282976,0.04240972,0.92455745
/home/leo/Documentos/mestrado/DeepWeeds-Mobile/images/20180109-094713-2.jpg,8,8,8,8,1,0.9720238,0.0014886755,0.001015142,0.012092965,0.00065861735,0.00018050583,4.4821423e-05,0.012039066,0.00045635173,0.9720238
/home/leo/Documentos/mestrado/DeepWeeds-Mobile/images/20180125-133152-3.jpg,8,8,8,8,1,0.904696,0.060692728,0.0155300265,0.00025123326,0.0040016514,0.0020365736,3.178878e-05,0.0003562309,0.012403652,0.904696
/home/leo/Documentos/mestrado/DeepWeeds-Mobile/images/20180109-105414-1.jpg,8,8,8,8,1,0.9800443,0.015517756,6.1474e-05,0.00021893355,0.0013072965,8.856972e-06,9.3342365e-05,3.3401626e-08,0.0027479979,0.9800443
/home/leo/Documentos/mestrado/DeepWeeds-Mobile/images/20171121-084307-1.jpg,6,6,6,6,1,0.7293036,4.7297212e-06,8.376749e-07,2.2007616e-05,0.00015725127,2.4324901e-05,7.601821e-08,0.7293036,4.587706e-06,0.27048263
/home/leo/Documentos/mestrado/DeepWeeds-Mobile/images/20170714-111854-2.jpg,1,1,1,1,1,0.98929125,2.5373512e-07,0.98929125,8.332973e-12,1.9989176e-07,1.8525782e-10,7.720792e-08,4.4258245e-06,1.1886611e-05,0.010691974
/home/leo/Documentos/mestrado/DeepWeeds-Mobile/images/20171212-095237-1.jpg,8,8,8,8,1,0.9301371,0.0002034204,0.001755629,2.9703028e-11,0.066883385,3.9647613e-08,0.0002058781,1.5787901e-06,0.0008129936,0.9301371
/home/leo/Documentos/mestrado/DeepWeeds-Mobile/images/20180109-102800-1.jpg,8,8,8,8,1,0.8869244,0.012742305,0.014266296,3.135524e-07,0.012309997,1.1996068e-06,0.018164953,0.0046453145,0.050945263,0.8869244
/home/leo/Documentos/mestrado/DeepWeeds-Mobile/images/20171102-095451-1.jpg,8,3,8,3,0,0.72844845,0.0063931537,1.8730363e-05,0.0019012508,0.72844845,0.11764433,8.675591e-08,1.2714945e-08,0.0035266187,0.14206731
/home/leo/Documentos/mestrado/DeepWeeds-Mobile/images/20180112-080211-2.jpg,8,8,8,8,1,0.7152044,0.01570483,0.00017292988,0.00043573382,0.25444907,0.0003279332,8.922609e-07,2.6189656e-07,0.013704021,0.7152044
/home/leo/Documentos/mestrado/DeepWeeds-Mobile/images/20171220-084545-2.jpg,8,8,8,8,1,0.48434722,0.35705096,0.018132444,7.3090554e-08,2.2215743e-06,1.05452536e-07,0.066591434,0.00081409735,0.0730614,0.48434722
/home/leo/Documentos/mestrado/DeepWeeds-Mobile/images/20170920-155952-3.jpg,2,4,2,4,0,0.472492,0.010425827,0.00022294998,0.076371476,0.05589001,0.472492,2.7277234e-05,6.9789104e-07,0.015412967,0.36915675
/home/leo/Documentos/mestrado/DeepWeeds-Mobile/images/20171113-122649-3.jpg,6,8,6,8,0,0.7663242,1.0762974e-06,8.713412e-07,0.00016847085,6.6652705e-05,0.00011266889,4.0163464e-08,0.2332959,3.0092622e-05,0.7663242
/home/leo/Documentos/mestrado/DeepWeeds-Mobile/images/20180112-080904-2.jpg,8,3,8,3,0,0.5416017,0.009790595,0.00012721264,0.00011890201,0.5416017,0.0017457308,1.852318e-07,3.5285737e-09,0.017025521,0.4295901
/home/leo/Documentos/mestrado/DeepWeeds-Mobile/images/20180125-130507-3.jpg,8,8,8,8,1,0.7248054,0.0029984529,0.064151056,3.5069323e-05,0.031730197,0.0023542882,3.7340017e-06,0.16519381,0.008727939,0.7248054
/home/leo/Documentos/mestrado/DeepWeeds-Mobile/images/20180119-111134-2.jpg,8,8,8,8,1,0.9975424,4.211174e-05,0.00038213472,1.2257406e-06,0.0017148856,5.75132e-06,1.5949819e-06,1.8025821e-05,0.000291944,0.9975424
/home/leo/Documentos/mestrado/DeepWeeds-Mobile/images/20171102-093644-3.jpg,4,8,4,8,0,0.79125386,0.011607065,0.014378101,0.021967387,0.067425415,0.08703589,1.2818629e-05,7.294667e-06,0.006312223,0.79125386
/home/leo/Documentos/mestrado/DeepWeeds-Mobile/images/20170811-154918-2.jpg,0,0,0,0,1,0.43853188,0.43853188,0.0019330146,1.9954405e-05,3.3926754e-05,2.6122527e-05,0.0131405825,1.5336867e-05,0.33869493,0.20760423
/home/leo/Documentos/mestrado/DeepWeeds-Mobile/images/20171219-114339-3.jpg,8,0,8,0,0,0.8547758,0.8547758,8.281203e-06,0.0030497157,0.00023686528,1.2864546e-05,7.4527807e-06,3.3604138e-08,0.008373289,0.13353567
/home/leo/Documentos/mestrado/DeepWeeds-Mobile/images/20170913-104940-2.jpg,3,3,3,3,1,0.83727014,0.00017180877,3.2577932e-06,0.08892784,0.83727014,0.022939118,0.0001190457,2.4282178e-07,0.00021332558,0.05035533
/home/leo/Documentos/mestrado/DeepWeeds-Mobile/images/20180322-125940-1.jpg,8,8,8,8,1,0.96131724,0.00031367948,0.037625972,1.6148797e-05,0.00042322205,1.8485984e-05,4.119067e-05,4.440812e-05,0.00019977833,0.96131724
/home/leo/Documentos/mestrado/DeepWeeds-Mobile/images/20180322-130517-1.jpg,8,8,8,8,1,0.98050654,0.0025199687,6.584868e-05,0.0001418145,0.009328332,0.007209284,1.3548426e-05,8.184124e-06,0.00020662321,0.98050654
/home/leo/Documentos/mestrado/DeepWeeds-Mobile/images/20170729-090408-1.jpg,4,4,4,4,1,0.9238087,0.009574244,3.6190737e-05,7.303524e-05,0.009908936,0.9238087,2.9615344e-06,5.2278524e-09,0.014749051,0.041846905
/home/leo/Documentos/mestrado/DeepWeeds-Mobile/images/20170405-155929-0.jpg,0,0,0,0,1,0.5824737,0.5824737,0.00021610521,5.172645e-05,0.00016728694,4.2809097e-07,0.00018707057,3.7756475e-08,0.2850767,0.131827
/home/leo/Documentos/mestrado/DeepWeeds-Mobile/images/20180322-103048-1.jpg,8,8,8,8,1,0.99415565,0.00042583825,0.004283775,9.909967e-07,3.4941568e-05,2.0528103e-05,7.745652e-05,2.6743953e-06,0.0009981622,0.99415565
/home/leo/Documentos/mestrado/DeepWeeds-Mobile/images/20170126-095308-0.jpg,1,1,1,1,1,0.96113473,0.018240388,0.96113473,6.684435e-08,5.5462783e-07,4.5045947e-08,0.000721554,0.0057396404,0.0005926619,0.013570352
/home/leo/Documentos/mestrado/DeepWeeds-Mobile/images/20170630-155323-0.jpg,7,7,7,7,1,0.5695791,0.060641743,0.019043034,3.2130396e-09,0.0001068673,2.743481e-06,0.00073073455,0.33820885,0.5695791,0.011686836
/home/leo/Documentos/mestrado/DeepWeeds-Mobile/images/20180322-104116-1.jpg,8,8,8,8,1,0.90741676,0.05074753,8.9772715e-05,0.0038590888,0.014263619,0.006065932,0.000102166916,8.432026e-08,0.017455146,0.90741676
/home/leo/Documentos/mestrado/DeepWeeds-Mobile/images/20170714-121755-2.jpg,1,1,1,1,1,0.71504974,0.0022966173,0.71504974,5.1724004e-07,0.0024929296,0.00021641285,0.0013294666,0.059925444,0.043097526,0.17559132
/home/leo/Documentos/mestrado/DeepWeeds-Mobile/images/20171121-082948-2.jpg,6,6,6,6,1,0.9853646,7.5201945e-07,6.748212e-05,7.340156e-05,4.0822382e-05,6.529177e-06,3.426941e-07,0.9853646,1.7600009e-06,0.01444427
/home/leo/Documentos/mestrado/DeepWeeds-Mobile/images/20171102-122909-1.jpg,2,2,2,2,1,0.8657549,0.0024007726,3.9200186e-06,0.8657549,0.005214072,0.001559635,4.2680173e-07,3.482257e-08,0.00054036296,0.124525875
/home/leo/Documentos/mestrado/DeepWeeds-Mobile/images/20171220-083405-2.jpg,8,8,8,8,1,0.9999268,1.1652321e-05,7.649307e-09,1.7022727e-12,4.72829e-07,3.8752116e-11,6.010381e-05,7.524896e-10,9.0487595e-07,0.9999268
/home/leo/Documentos/mestrado/DeepWeeds-Mobile/images/20171109-193914-1.jpg,5,5,5,5,1,0.98902506,5.796738e-05,1.647117e-06,1.05311396e-13,4.12222e-11,1.2609247e-13,0.98902506,8.332333e-07,6.0798525e-06,0.010908366
/home/leo/Documentos/mestrado/DeepWeeds-Mobile/images/20180105-101555-2.jpg,8,8,8,8,1,0.99804103,9.279978e-08,1.8085125e-07,0.00062467746,4.497262e-05,0.0011611878,8.490785e-10,0.0001276039,2.2173577e-07,0.99804103
/home/leo/Documentos/mestrado/DeepWeeds-Mobile/images/20171220-085131-2.jpg,8,8,8,8,1,0.939911,0.0003575606,0.05516803,4.787066e-07,0.0021671322,7.500329e-05,1.80344e-05,0.0014063241,0.00089649,0.939911
/home/leo/Documentos/mestrado/DeepWeeds-Mobile/images/20180322-103426-1.jpg,8,8,8,8,1,0.74246055,0.011629648,0.0015402372,0.0033525708,0.12407113,0.10035152,4.0765502e-05,6.420136e-07,0.016552992,0.74246055
/home/leo/Documentos/mestrado/DeepWeeds-Mobile/images/20161207-111620-0.jpg,0,8,0,8,0,0.5046101,0.2741968,0.017767685,3.978797e-08,2.247323e-05,6.3915155e-07,0.18427067,0.00023880131,0.018892733,0.5046101
/home/leo/Documentos/mestrado/DeepWeeds-Mobile/images/20170906-112622-1.jpg,3,8,3,8,0,0.624262,0.033250783,0.053793002,0.061608594,0.1123469,0.011007697,0.009471864,0.0022874307,0.09197181,0.624262
/home/leo/Documentos/mestrado/DeepWeeds-Mobile/images/20180109-091152-2.jpg,8,8,8,8,1,0.99704427,4.4496414e-06,0.0022789084,2.5450166e-08,0.0006297386,3.1011525e-06,8.848265e-08,1.9782814e-05,1.9667237e-05,0.99704427
/home/leo/Documentos/mestrado/DeepWeeds-Mobile/images/20170721-115458-1.jpg,1,1,1,1,1,0.5681915,0.278382,0.5681915,1.0398491e-05,0.0073368726,1.1066519e-05,9.506826e-05,1.866228e-05,0.06259405,0.08336031
/home/leo/Documentos/mestrado/DeepWeeds-Mobile/images/20170405-154714-0.jpg,0,0,0,0,1,0.988049,0.988049,1.3747711e-05,4.144249e-11,2.469996e-06,1.5735384e-10,0.00025758808,1.7973288e-06,0.00866994,0.0030055123
/home/leo/Documentos/mestrado/DeepWeeds-Mobile/images/20171122-102506-1.jpg,5,5,5,5,1,0.98263127,5.6077235e-05,2.8916575e-06,3.6019805e-12,1.902071e-07,9.997123e-11,0.98263127,2.3255772e-05,1.1560168e-05,0.017274752
/home/leo/Documentos/mestrado/DeepWeeds-Mobile/images/20170811-133931-1.jpg,0,8,0,8,0,0.7279738,0.19224484,2.5708487e-06,1.7389866e-07,4.5929363e-09,9.786464e-10,2.9687517e-06,1.4593308e-09,0.07977562,0.7279738
/home/leo/Documentos/mestrado/DeepWeeds-Mobile/images/20170210-141655-0.jpg,7,7,7,7,1,0.7839572,0.15842554,0.029719966,5.3143414e-09,1.6795454e-09,8.6938773e-10,2.8256763e-05,1.1235312e-06,0.7839572,0.027867997
/home/leo/Documentos/mestrado/DeepWeeds-Mobile/images/20171212-104215-3.jpg,8,8,8,8,1,0.8881346,0.034712136,0.00884187,0.004264792,0.0384291,0.00426959,0.0007045358,0.00045980205,0.020183548,0.8881346
/home/leo/Documentos/mestrado/DeepWeeds-Mobile/images/20180109-075302-1.jpg,8,8,8,8,1,0.8997731,0.0028767937,0.04302941,0.00093972526,0.036930274,0.0055254563,6.45041e-05,0.008006881,0.0028540008,0.8997731
/home/leo/Documentos/mestrado/DeepWeeds-Mobile/images/20180112-074923-2.jpg,8,8,8,8,1,0.91159153,0.00016344598,0.0038820044,0.00014136061,0.032139365,0.048832744,2.4728816e-08,0.0005579812,0.002691586,0.91159153
/home/leo/Documentos/mestrado/DeepWeeds-Mobile/images/20180109-092413-2.jpg,8,8,8,8,1,0.98765624,0.0057554943,0.002276483,6.407239e-06,0.0010267326,7.4065306e-06,0.00016982546,0.00023716489,0.002864193,0.98765624
/home/leo/Documentos/mestrado/DeepWeeds-Mobile/images/20171219-113025-3.jpg,8,8,8,8,1,0.78723234,1.4604396e-06,9.68945e-07,0.16654594,0.00024692315,0.045893244,1.8374747e-07,7.740921e-05,1.4425759e-06,0.78723234
/home/leo/Documentos/mestrado/DeepWeeds-Mobile/images/20180119-113430-2.jpg,8,8,8,8,1,0.7671651,0.00032036196,0.17373344,3.953796e-06,0.0006862937,8.9663736e-05,0.00023472584,0.05721305,0.0005534329,0.7671651
/home/leo/Documentos/mestrado/DeepWeeds-Mobile/images/20180125-100826-2.jpg,8,8,8,8,1,0.9015292,0.00045303226,9.6196845e-06,0.0021853906,0.08213241,0.010773419,0.0025517358,0.00024649786,0.000118864606,0.9015292
/home/leo/Documentos/mestrado/DeepWeeds-Mobile/images/20171203-165059-3.jpg,8,8,8,8,1,0.9819617,0.0005129081,0.016814083,7.6085534e-11,5.3014548e-05,4.111876e-09,0.00017350425,2.1406377e-05,0.00046335862,0.9819617
/home/leo/Documentos/mestrado/DeepWeeds-Mobile/images/20171109-092200-1.jpg,5,5,5,5,1,0.972996,0.0016190251,0.0037457568,6.564152e-11,1.0206208e-08,3.736592e-10,0.972996,2.3217199e-05,0.0119970115,0.009618987
/home/leo/Documentos/mestrado/DeepWeeds-Mobile/images/20170704-151911-0.jpg,0,0,0,0,1,0.798512,0.798512,0.00040686605,1.537698e-05,8.543102e-06,1.2153942e-05,3.8392245e-05,9.8383025e-06,0.16747661,0.033520244
/home/leo/Documentos/mestrado/DeepWeeds-Mobile/images/20170630-154427-0.jpg,7,7,7,7,1,0.9995047,0.00020660444,0.00023922027,3.7204132e-13,1.442059e-08,5.3818266e-11,2.340067e-05,5.2436008e-06,0.9995047,2.0887233e-05
/home/leo/Documentos/mestrado/DeepWeeds-Mobile/images/20180109-104335-1.jpg,8,8,8,8,1,0.90272456,0.0044606333,3.4753575e-05,0.03820903,0.043400567,0.010281122,1.5183632e-06,3.3102089e-07,0.0008874464,0.90272456
/home/leo/Documentos/mestrado/DeepWeeds-Mobile/images/20180112-072620-1.jpg,8,3,8,3,0,0.8189732,0.014418829,0.0001810048,0.0010639942,0.8189732,0.00078771554,4.283233e-06,3.393136e-07,0.0068650106,0.15770562
/home/leo/Documentos/mestrado/DeepWeeds-Mobile/images/20180109-091440-1.jpg,8,8,8,8,1,0.9998678,2.7939209e-06,4.7804282e-05,1.4004753e-07,7.6235965e-06,8.898661e-08,1.2563967e-06,5.0706745e-05,2.1704189e-05,0.9998678
/home/leo/Documentos/mestrado/DeepWeeds-Mobile/images/20170727-124715-1.jpg,4,2,4,2,0,0.7662814,1.087854e-05,1.5003538e-07,0.7662814,0.00030495817,0.23226462,2.0037874e-07,4.9995077e-08,5.8660144e-06,0.0011319516
/home/leo/Documentos/mestrado/DeepWeeds-Mobile/images/20180109-073211-1.jpg,8,8,8,8,1,0.9974062,1.0626615e-05,4.6806366e-05,2.5109005e-06,0.002023509,0.0001000843,2.6247977e-09,0.00036699342,4.3246724e-05,0.9974062
/home/leo/Documentos/mestrado/DeepWeeds-Mobile/images/20171109-095205-2.jpg,5,5,5,5,1,0.9703569,1.8600243e-05,4.3886193e-05,1.1519418e-13,1.391511e-07,1.990022e-11,0.9703569,6.295016e-05,5.174071e-07,0.029516995
/home/leo/Documentos/mestrado/DeepWeeds-Mobile/images/20170210-133043-0.jpg,0,0,0,0,1,0.9769464,0.9769464,1.9629864e-05,2.319079e-09,7.290072e-10,3.8624763e-11,6.9278576e-07,8.4106135e-09,0.013758704,0.009274633
/home/leo/Documentos/mestrado/DeepWeeds-Mobile/images/20171219-093257-2.jpg,8,8,8,8,1,0.9620986,0.02376259,0.0004164143,4.94055e-06,0.00783021,5.417753e-05,0.001987187,0.00012868973,0.0037171612,0.9620986
/home/leo/Documentos/mestrado/DeepWeeds-Mobile/images/20170705-160802-0.jpg,7,0,7,0,0,0.5765654,0.5765654,0.09763428,0.0003213841,0.014106019,3.6673828e-05,0.00022998994,0.00015381703,0.13985525,0.1710972
/home/leo/Documentos/mestrado/DeepWeeds-Mobile/images/20180112-070337-2.jpg,8,3,8,3,0,0.466622,0.08260428,0.00037826292,0.00082112936,0.466622,0.0013047799,5.974207e-06,8.374923e-08,0.04195887,0.40630466
/home/leo/Documentos/mestrado/DeepWeeds-Mobile/images/20170920-112729-3.jpg,2,2,2,2,1,0.9981621,1.7412453e-06,8.77813e-07,0.9981621,0.00020583067,0.00022183557,1.3907204e-07,1.2455172e-06,2.2487234e-06,0.0014040683
/home/leo/Documentos/mestrado/DeepWeeds-Mobile/images/20170501-144852-0.jpg,8,8,8,8,1,0.99669856,7.469085e-05,0.0011139294,8.775221e-07,0.0009342775,3.247687e-05,2.1817415e-07,6.288691e-06,0.0011386692,0.99669856
/home/leo/Documentos/mestrado/DeepWeeds-Mobile/images/20171113-100926-1.jpg,5,8,5,8,0,0.69603604,4.1145584e-05,0.00011073682,3.249463e-12,3.2461234e-05,2.2339496e-10,0.30340388,0.00037430928,1.4286605e-06,0.69603604
/home/leo/Documentos/mestrado/DeepWeeds-Mobile/images/20180109-091130-2.jpg,8,8,8,8,1,0.9975707,0.00025308467,0.0013889929,2.3755646e-09,0.00022646114,2.969688e-07,9.12213e-06,1.3485569e-05,0.0005379825,0.9975707
/home/leo/Documentos/mestrado/DeepWeeds-Mobile/images/20180125-132330-2.jpg,8,8,8,8,1,0.96530825,0.005753335,0.015066969,3.0869833e-06,0.006985207,0.00020358969,0.00025833846,3.2794254e-05,0.0063884566,0.96530825
/home/leo/Documentos/mestrado/DeepWeeds-Mobile/images/20171212-095400-3.jpg,8,8,8,8,1,0.9330972,0.0011357735,0.002859033,2.0503188e-07,0.06056214,4.814036e-05,8.257818e-06,2.4048348e-05,0.002265144,0.9330972
/home/leo/Documentos/mestrado/DeepWeeds-Mobile/images/20171122-101744-1.jpg,5,5,5,5,1,0.99148387,7.099542e-06,0.00020010633,2.65507e-11,2.7339578e-08,5.933756e-10,0.99148387,0.00082246726,5.910085e-05,0.0074273758
/home/leo/Documentos/mestrado/DeepWeeds-Mobile/images/20171121-084619-1.jpg,6,6,6,6,1,0.9991634,1.3141245e-06,0.0007435274,2.239942e-12,6.53536e-09,3.2728305e-09,1.6691681e-08,0.9991634,8.5212537e-07,9.086092e-05
/home/leo/Documentos/mestrado/DeepWeeds-Mobile/images/20180109-071520-2.jpg,8,6,8,6,0,0.6667691,4.4247446e-07,7.7537317e-07,0.00025469292,6.0480303e-05,2.9157805e-05,2.2198833e-08,0.6667691,1.6347881e-06,0.33288372
/home/leo/Documentos/mestrado/DeepWeeds-Mobile/images/20170729-090727-2.jpg,4,4,4,4,1,0.94740295,1.3342624e-05,1.5010588e-07,0.048953228,0.001540616,0.94740295,1.0437858e-05,1.042933e-07,1.7460361e-05,0.0020617766
/home/leo/Documentos/mestrado/DeepWeeds-Mobile/images/20171219-113753-2.jpg,8,4,8,4,0,0.7550316,6.0372535e-08,9.554705e-10,0.24457403,8.181553e-05,0.7550316,2.3705024e-05,1.4870443e-07,1.7857802e-08,0.0002886324
/home/leo/Documentos/mestrado/DeepWeeds-Mobile/images/20171220-084909-3.jpg,8,8,8,8,1,0.99690574,0.0003419469,0.0016416518,5.2798647e-12,1.0857224e-05,2.5758902e-09,5.9927333e-06,2.4322333e-07,0.0010936287,0.99690574
/home/leo/Documentos/mestrado/DeepWeeds-Mobile/images/20170913-102124-2.jpg,3,3,3,3,1,0.9993726,3.1400378e-07,1.3818321e-07,3.291334e-05,0.9993726,3.0119334e-05,7.8483026e-05,1.706051e-08,5.0102038e-08,0.00048542576
/home/leo/Documentos/mestrado/DeepWeeds-Mobile/images/20170729-091350-1.jpg,4,4,4,4,1,0.96619004,0.0010028353,1.8441042e-05,0.009661412,0.0039879447,0.96619004,6.363564e-05,2.0098324e-07,0.005311545,0.013763849
/home/leo/Documentos/mestrado/DeepWeeds-Mobile/images/20170913-100453-2.jpg,3,3,3,3,1,0.9269,0.00018256852,1.2717331e-05,0.03213698,0.9269,0.0065043443,0.009906607,7.678489e-07,4.7927515e-05,0.024308044
/home/leo/Documentos/mestrado/DeepWeeds-Mobile/images/20170715-160253-1.jpg,1,6,1,6,0,0.5201597,0.0003493201,0.40646008,9.560415e-05,5.8805374e-05,3.150556e-05,0.0008294208,0.5201597,0.00035034367,0.07166521
/home/leo/Documentos/mestrado/DeepWeeds-Mobile/images/20180112-093539-2.jpg,8,8,8,8,1,0.999969,2.1495647e-05,1.2189451e-08,3.361527e-07,1.5375023e-09,4.3111067e-11,2.6705816e-06,1.3873761e-09,6.4412993e-06,0.999969
/home/leo/Documentos/mestrado/DeepWeeds-Mobile/images/20180125-093547-2.jpg,8,8,8,8,1,0.9972153,5.8998925e-05,9.6315904e-05,2.2543425e-06,0.0021142568,5.9831e-05,1.2723996e-06,0.00043973944,1.2146783e-05,0.9972153
/home/leo/Documentos/mestrado/DeepWeeds-Mobile/images/20170913-105051-1.jpg,3,3,3,3,1,0.9157155,0.000250994,0.0010003078,1.1205555e-05,0.9157155,0.011901726,5.9554815e-05,0.00020190814,3.583706e-05,0.070823
/home/leo/Documentos/mestrado/DeepWeeds-Mobile/images/20170630-150716-0.jpg,7,0,7,0,0,0.6922563,0.6922563,0.00032631535,1.8189285e-05,0.0001181917,9.506748e-07,4.3205382e-05,7.666594e-06,0.079273656,0.22795546
/home/leo/Documentos/mestrado/DeepWeeds-Mobile/images/20180109-110120-2.jpg,8,8,8,8,1,0.7234277,0.0016664648,1.383513e-05,0.23366433,0.012308455,0.02739274,2.3088542e-06,1.29529e-07,0.0015240693,0.7234277
/home/leo/Documentos/mestrado/DeepWeeds-Mobile/images/20170920-163212-3.jpg,2,2,2,2,1,0.99995124,3.5267005e-09,2.3539224e-09,0.99995124,9.332297e-06,2.1377715e-05,3.102026e-09,8.108004e-09,9.784914e-09,1.813376e-05
/home/leo/Documentos/mestrado/DeepWeeds-Mobile/images/20170217-122030-0.jpg,0,0,0,0,1,0.99671257,0.99671257,4.2733573e-05,2.1383662e-10,1.7365656e-08,1.9988872e-10,6.600469e-05,1.77805e-05,0.0011962849,0.0019645188
/home/leo/Documentos/mestrado/DeepWeeds-Mobile/images/20171203-170504-3.jpg,8,1,8,1,0,0.72196275,0.029470546,0.72196275,8.217863e-09,0.0007862017,6.0185647e-07,0.004629835,0.0005035567,0.097676896,0.14496964
/home/leo/Documentos/mestrado/DeepWeeds-Mobile/images/20170610-123940-0.jpg,1,8,1,8,0,0.7046394,0.050223317,0.14920887,1.7235959e-07,0.03891007,3.9335105e-06,0.0039059683,0.0018324748,0.051275756,0.7046394
/home/leo/Documentos/mestrado/DeepWeeds-Mobile/images/20171218-105401-3.jpg,8,8,8,8,1,0.99950397,0.00011431381,2.2478662e-05,2.0173946e-11,1.9529527e-06,3.589573e-09,0.00017240108,1.1888999e-08,0.00018488072,0.99950397
/home/leo/Documentos/mestrado/DeepWeeds-Mobile/images/20180109-080233-1.jpg,8,8,8,8,1,0.82563806,0.002495998,0.021873582,0.0025174653,0.036604,0.04665686,9.6845015e-06,0.031523924,0.032680366,0.82563806
/home/leo/Documentos/mestrado/DeepWeeds-Mobile/images/20171102-121702-2.jpg,2,2,2,2,1,0.99785906,4.4522774e-05,6.009508e-08,0.99785906,4.036955e-05,8.545985e-06,6.0549636e-09,4.0527e-09,3.6517988e-06,0.0020437788
/home/leo/Documentos/mestrado/DeepWeeds-Mobile/images/20171121-083217-1.jpg,6,6,6,6,1,0.99809974,1.1757544e-05,0.00042724295,8.591238e-08,7.022973e-06,1.7194606e-06,1.3080772e-07,0.99809974,1.0643725e-05,0.0014416309
/home/leo/Documentos/mestrado/DeepWeeds-Mobile/images/20171025-093745-2.jpg,3,3,3,3,1,0.87470174,0.00278844,2.7775352e-06,0.000121491255,0.87470174,9.0841975e-05,2.3808042e-07,8.3129964e-10,0.0005709368,0.12172363
/home/leo/Documentos/mestrado/DeepWeeds-Mobile/images/20171108-124659-3.jpg,5,5,5,5,1,0.94093573,0.053647704,6.9518954e-08,2.5695913e-15,7.631443e-10,8.1872334e-14,0.94093573,1.2589193e-07,2.6271084e-05,0.0053899987
/home/leo/Documentos/mestrado/DeepWeeds-Mobile/images/20171109-092301-2.jpg,5,5,5,5,1,0.97498554,0.0002140892,0.00013519767,8.301849e-12,1.2818189e-08,4.2733303e-11,0.97498554,5.6161865e-05,1.2588948e-05,0.024596428
/home/leo/Documentos/mestrado/DeepWeeds-Mobile/images/20171025-082709-2.jpg,3,3,3,3,1,0.70725715,0.04404788,5.6555746e-05,0.0019418268,0.70725715,0.00010007108,7.0637093e-06,2.5105734e-08,0.0072251866,0.23936424
/home/leo/Documentos/mestrado/DeepWeeds-Mobile/images/20171109-070713-3.jpg,5,0,5,0,0,0.8124389,0.8124389,1.6917651e-06,6.6115584e-09,9.3492446e-08,4.957026e-09,0.14456104,6.0104767e-06,0.014041794,0.02895049
/home/leo/Documentos/mestrado/DeepWeeds-Mobile/images/20171205-134905-2.jpg,8,8,8,8,1,0.9899996,0.0071201557,0.00013585362,1.8925145e-07,0.00045536415,5.2213877e-06,0.0005468569,0.0009734355,0.0007633038,0.9899996
/home/leo/Documentos/mestrado/DeepWeeds-Mobile/images/20171218-110305-2.jpg,8,8,8,8,1,0.9996618,0.00021301377,1.8302495e-06,9.538335e-15,5.224206e-07,2.0276784e-11,4.5917233e-05,5.5345016e-08,7.6926015e-05,0.9996618
/home/leo/Documentos/mestrado/DeepWeeds-Mobile/images/20180112-073200-1.jpg,8,8,8,8,1,0.9840385,0.0006083117,0.009896348,0.0005376899,0.0036623771,9.127046e-05,3.7700596e-05,0.00030888978,0.0008188485,0.9840385
/home/leo/Documentos/mestrado/DeepWeeds-Mobile/images/20171109-071508-1.jpg,5,5,5,5,1,0.77274996,0.010219705,0.006142536,2.3638171e-09,3.4496536e-06,8.523757e-09,0.77274996,0.0008466132,0.017863033,0.19217473
/home/leo/Documentos/mestrado/DeepWeeds-Mobile/images/20170906-113518-1.jpg,3,3,3,3,1,0.9847038,0.0008714686,2.3525502e-06,9.083447e-12,0.9847038,4.231895e-09,4.014697e-06,2.0314626e-08,0.0010751332,0.013343176
/home/leo/Documentos/mestrado/DeepWeeds-Mobile/images/20171219-094325-2.jpg,8,8,8,8,1,0.98199344,0.0034175254,6.444603e-05,1.1075654e-07,0.013709909,4.787435e-06,1.50655615e-05,0.00020789712,0.0005868441,0.98199344
/home/leo/Documentos/mestrado/DeepWeeds-Mobile/images/20170304-130308-0.jpg,7,7,7,7,1,0.8622093,0.13497356,0.00027852238,9.607443e-11,9.739372e-09,7.2907254e-09,5.757602e-05,4.9170626e-06,0.8622093,0.0024760354
/home/leo/Documentos/mestrado/DeepWeeds-Mobile/images/20170727-120834-3.jpg,4,4,4,4,1,0.712598,0.0016593582,0.001372097,0.0013858863,0.04533708,0.712598,8.615646e-05,0.0012779139,0.010070224,0.22621322
/home/leo/Documentos/mestrado/DeepWeeds-Mobile/images/20180125-093851-2.jpg,8,8,8,8,1,0.99051136,0.00089169235,0.0004938447,1.9956364e-07,0.002708137,0.00042968482,9.992381e-07,2.1169794e-06,0.00496183,0.99051136
/home/leo/Documentos/mestrado/DeepWeeds-Mobile/images/20170913-101606-1.jpg,3,3,3,3,1,0.9997106,8.032263e-07,1.5867288e-07,4.04294e-06,0.9997106,3.2911412e-05,0.0001031612,4.6620343e-08,3.2890153e-08,0.00014820769
/home/leo/Documentos/mestrado/DeepWeeds-Mobile/images/20170906-104114-2.jpg,3,8,3,8,0,0.5016069,0.034839366,0.008344681,0.0048848083,0.3610649,0.0072943703,2.611152e-05,4.0464998e-05,0.08189834,0.5016069
/home/leo/Documentos/mestrado/DeepWeeds-Mobile/images/20180112-092057-1.jpg,8,8,8,8,1,0.98666066,0.00018307353,0.0004511404,0.0013621208,0.0075919367,0.002068443,2.536635e-07,1.4076004e-05,0.0016683826,0.98666066
/home/leo/Documentos/mestrado/DeepWeeds-Mobile/images/20180112-071700-2.jpg,8,8,8,8,1,0.72722536,0.13058189,0.01899701,0.0034009425,0.068830006,0.022780284,0.00216376,0.00013477143,0.025885833,0.72722536
/home/leo/Documentos/mestrado/DeepWeeds-Mobile/images/20180322-113657-1.jpg,8,8,8,8,1,0.97015285,0.00074922177,0.02002883,5.0016826e-07,0.005361398,1.9173947e-05,3.2251093e-05,0.0027059517,0.00094985624,0.97015285
/home/leo/Documentos/mestrado/DeepWeeds-Mobile/images/20171212-095844-1.jpg,8,8,8,8,1,0.9982108,3.6611655e-05,8.596132e-07,1.3745736e-12,0.0017261086,8.0790036e-10,1.5347889e-05,7.9159975e-08,1.0150035e-05,0.9982108
/home/leo/Documentos/mestrado/DeepWeeds-Mobile/images/20170727-125357-1.jpg,4,4,4,4,1,0.8882135,0.004601858,2.8143108e-05,0.00069852173,0.0032874949,0.8882135,1.9701533e-06,5.1346733e-06,0.06612938,0.03703398
/home/leo/Documentos/mestrado/DeepWeeds-Mobile/images/20171220-091755-2.jpg,8,8,8,8,1,0.97610825,0.010156736,0.0011007792,1.7132774e-07,1.2601082e-06,2.8256866e-07,0.009244313,0.0017780676,0.0016101846,0.97610825
/home/leo/Documentos/mestrado/DeepWeeds-Mobile/images/20170729-092115-1.jpg,4,4,4,4,1,0.9838859,2.0348329e-05,2.9201362e-07,0.010655817,0.0016158909,0.9838859,1.0178251e-06,1.4734477e-08,8.901052e-05,0.0037316717
/home/leo/Documentos/mestrado/DeepWeeds-Mobile/images/20180125-134928-3.jpg,8,8,8,8,1,0.607914,0.0011509608,0.3461326,7.579766e-05,0.015264376,0.004676563,0.00014406904,0.013535378,0.011106244,0.607914
/home/leo/Documentos/mestrado/DeepWeeds-Mobile/images/20170217-120512-0.jpg,7,7,7,7,1,0.86167413,0.09118738,4.3401637e-05,3.950256e-09,1.4110846e-07,2.8603595e-11,1.9186342e-05,5.12438e-09,0.86167413,0.04707586
/home/leo/Documentos/mestrado/DeepWeeds-Mobile/images/20170727-144243-1.jpg,4,4,4,4,1,0.86310834,6.8420195e-06,2.2479628e-07,0.13188145,1.8999866e-05,0.86310834,4.0594858e-07,2.0405926e-06,4.752477e-06,0.004976966
/home/leo/Documentos/mestrado/DeepWeeds-Mobile/images/20180105-093646-2.jpg,8,8,8,8,1,0.56735015,1.1023032e-08,1.7394015e-05,0.00020232674,3.6063325e-06,1.0865112e-06,2.0668631e-07,0.43242517,1.9529358e-08,0.56735015
/home/leo/Documentos/mestrado/DeepWeeds-Mobile/images/20180125-090927-1.jpg,8,8,8,8,1,0.9985405,9.8924305e-05,3.6602585e-05,4.0593724e-07,0.00025531423,0.00089765165,7.2139265e-08,2.474629e-07,0.00017030559,0.9985405
/home/leo/Documentos/mestrado/DeepWeeds-Mobile/images/20170714-115344-2.jpg,1,1,1,1,1,0.969717,0.0036942505,0.969717,2.994165e-08,0.0001710496,3.7578784e-06,9.312367e-06,3.660914e-05,0.01577915,0.010588763
/home/leo/Documentos/mestrado/DeepWeeds-Mobile/images/20170920-101817-2.jpg,2,2,2,2,1,0.99918526,4.8307935e-09,8.842321e-08,0.99918526,9.912147e-07,8.614257e-06,2.1141442e-09,4.432878e-06,1.4890055e-08,0.00080066227
/home/leo/Documentos/mestrado/DeepWeeds-Mobile/images/20180105-094853-2.jpg,8,8,8,8,1,0.9580188,0.00013322607,0.0016249905,0.0003340773,0.02980697,0.006844631,2.717564e-07,0.0019310475,0.0013058839,0.9580188
/home/leo/Documentos/mestrado/DeepWeeds-Mobile/images/20180105-101044-2.jpg,8,8,8,8,1,0.9538756,4.2569684e-07,2.1875464e-06,0.01650488,4.5060224e-06,5.3319294e-05,5.443448e-07,0.02955769,7.9097526e-07,0.9538756
/home/leo/Documentos/mestrado/DeepWeeds-Mobile/images/20180322-125704-1.jpg,8,8,8,8,1,0.99768233,0.00013833729,0.0020132978,4.536275e-09,3.6598307e-05,2.04573e-07,3.3126405e-05,2.0686596e-06,9.409506e-05,0.99768233
/home/leo/Documentos/mestrado/DeepWeeds-Mobile/images/20180125-094154-2.jpg,8,8,8,8,1,0.85148394,8.377985e-05,0.00010854436,0.04890929,0.0046941545,0.0918399,0.00021673611,0.0025859252,7.768272e-05,0.85148394
/home/leo/Documentos/mestrado/DeepWeeds-Mobile/images/20180322-125303-1.jpg,8,8,8,8,1,0.9994387,3.68627e-06,7.675687e-05,9.118976e-10,4.5130757e-10,2.4234423e-10,0.00047936852,4.8628376e-08,1.4340072e-06,0.9994387
/home/leo/Documentos/mestrado/DeepWeeds-Mobile/images/20180109-091432-1.jpg,8,8,8,8,1,0.9295698,0.04465668,0.0011929834,2.16382e-06,0.0033583331,1.46137345e-05,8.89079e-05,0.0012485255,0.019868065,0.9295698
/home/leo/Documentos/mestrado/DeepWeeds-Mobile/images/20180119-111626-2.jpg,8,8,8,8,1,0.9976554,0.00041651705,0.00011130307,2.271815e-06,0.00024185627,1.2367432e-05,2.1070717e-07,2.1173351e-05,0.0015388884,0.9976554
/home/leo/Documentos/mestrado/DeepWeeds-Mobile/images/20180105-092426-2.jpg,8,8,8,8,1,0.9925243,6.957676e-08,2.6454651e-07,0.0011108364,1.5419066e-05,2.4740257e-05,1.1792406e-08,0.0063240873,3.254999e-07,0.9925243
/home/leo/Documentos/mestrado/DeepWeeds-Mobile/images/20180119-113517-2.jpg,8,8,8,8,1,0.9978662,0.00022085379,0.00096158753,5.3947446e-07,0.0005675469,1.9584484e-06,2.6022155e-05,0.00012629412,0.00022908617,0.9978662
/home/leo/Documentos/mestrado/DeepWeeds-Mobile/images/20180112-080444-1.jpg,8,8,8,8,1,0.55748034,0.0036773547,0.015303889,0.0015001617,0.3269243,0.037711825,6.8203376e-06,0.00013734189,0.05725806,0.55748034
/home/leo/Documentos/mestrado/DeepWeeds-Mobile/images/20171102-093348-1.jpg,4,3,4,3,0,0.6204915,0.00088704616,0.015012372,7.2631265e-05,0.6204915,0.017985947,4.2538923e-07,3.0093212e-05,0.0045820395,0.34093803
/home/leo/Documentos/mestrado/DeepWeeds-Mobile/images/20171212-103320-3.jpg,8,8,8,8,1,0.483535,0.03008479,0.19930275,1.4463465e-08,0.00020057836,5.385296e-06,0.0072806864,0.015139621,0.26445118,0.483535
/home/leo/Documentos/mestrado/DeepWeeds-Mobile/images/20171203-164902-3.jpg,8,8,8,8,1,0.9690291,0.0049919123,0.001194622,2.817848e-08,0.022988359,2.2800593e-06,0.0008146016,1.8950434e-05,0.00096003397,0.9690291
/home/leo/Documentos/mestrado/DeepWeeds-Mobile/images/20180322-111645-2.jpg,8,8,8,8,1,0.99350786,0.0024691585,1.3557248e-05,0.0011806857,0.0015556632,0.000335689,2.0617168e-05,5.662456e-09,0.00091685355,0.99350786
/home/leo/Documentos/mestrado/DeepWeeds-Mobile/images/20180105-091853-3.jpg,8,8,8,8,1,0.9960673,3.5736571e-09,1.0579747e-08,5.405204e-05,3.6000736e-06,0.0038628809,3.1184826e-11,1.2223643e-05,6.9791932e-09,0.9960673
/home/leo/Documentos/mestrado/DeepWeeds-Mobile/images/20171109-073455-1.jpg,5,5,5,5,1,0.9985456,3.5543944e-05,3.6065708e-06,7.457324e-12,1.3331109e-08,1.093536e-11,0.9985456,1.4371055e-05,0.0010242395,0.00037659635
/home/leo/Documentos/mestrado/DeepWeeds-Mobile/images/20170811-122609-2.jpg,0,0,0,0,1,0.9997902,0.9997902,2.586635e-05,1.9531049e-11,6.108441e-11,8.208205e-09,1.2335913e-07,2.8057496e-09,1.5795911e-05,0.0001678738
/home/leo/Documentos/mestrado/DeepWeeds-Mobile/images/20170913-100512-3.jpg,5,5,5,5,1,0.38040626,0.2310296,0.0042086598,0.03656881,0.03737812,0.010695578,0.38040626,2.0198733e-05,0.07886011,0.22083265
/home/leo/Documentos/mestrado/DeepWeeds-Mobile/images/20180112-101705-2.jpg,8,8,8,8,1,0.9997834,0.0001654746,2.4029614e-08,1.1276937e-05,4.071977e-06,1.3788504e-07,2.0458442e-06,9.6591644e-11,3.3602755e-05,0.9997834
/home/leo/Documentos/mestrado/DeepWeeds-Mobile/images/20170217-104651-0.jpg,0,8,0,8,0,0.6084346,0.36698708,0.004927223,5.977564e-07,0.001960542,6.618192e-08,0.001403957,9.608441e-06,0.016276311,0.6084346
/home/leo/Documentos/mestrado/DeepWeeds-Mobile/images/20180119-110226-2.jpg,8,8,8,8,1,0.96285576,0.0026466188,0.0129502155,0.006651549,0.0033458502,0.0006868372,2.6847254e-05,0.0012278452,0.009608441,0.96285576
/home/leo/Documentos/mestrado/DeepWeeds-Mobile/images/20170130-102215-0.jpg,1,1,1,1,1,0.97858924,0.006956358,0.97858924,2.1872977e-07,0.0034601395,5.645342e-07,6.987494e-07,5.691725e-05,0.0010031199,0.009932705
/home/leo/Documentos/mestrado/DeepWeeds-Mobile/images/20170920-115556-2.jpg,2,2,2,2,1,0.89178246,0.0003503587,7.996535e-06,0.89178246,0.0005693465,0.08059726,1.3029633e-06,3.5919672e-06,0.00017595448,0.02651176
/home/leo/Documentos/mestrado/DeepWeeds-Mobile/images/20171220-101811-2.jpg,8,8,8,8,1,0.98303026,0.014061666,2.0225492e-05,6.441899e-10,5.624499e-06,6.348299e-09,0.0023446928,0.000154321,0.00038323502,0.98303026
/home/leo/Documentos/mestrado/DeepWeeds-Mobile/images/20171121-071821-1.jpg,6,6,6,6,1,0.9947748,2.5451504e-07,0.0024058586,7.070192e-11,1.4620309e-05,1.696266e-08,1.7006056e-06,0.9947748,8.674457e-06,0.0027939926
/home/leo/Documentos/mestrado/DeepWeeds-Mobile/images/20171121-075157-1.jpg,6,6,6,6,1,0.9992838,1.4877436e-09,0.00012488986,3.1269257e-10,4.0107412e-07,7.964769e-08,2.6961366e-08,0.9992838,4.030594e-08,0.0005907613
/home/leo/Documentos/mestrado/DeepWeeds-Mobile/images/20171121-073120-1.jpg,6,6,6,6,1,0.997204,1.6697426e-06,0.00221196,2.2696044e-10,7.777946e-06,7.314736e-08,1.34544225e-05,0.997204,8.172397e-06,0.0005528563
/home/leo/Documentos/mestrado/DeepWeeds-Mobile/images/20180105-100612-2.jpg,8,8,8,8,1,0.9705409,2.415566e-06,3.8561343e-06,0.008254944,0.00011567101,0.001888274,6.0904716e-07,0.019189715,3.7169627e-06,0.9705409
/home/leo/Documentos/mestrado/DeepWeeds-Mobile/images/20180112-081931-1.jpg,8,8,8,8,1,0.9048297,0.0007943475,0.0026726301,0.020517262,0.048559748,0.00052848225,0.009561036,0.005004772,0.0075319964,0.9048297
/home/leo/Documentos/mestrado/DeepWeeds-Mobile/images/20170127-101855-0.jpg,1,1,1,1,1,0.9935555,9.52312e-06,0.9935555,6.067472e-13,3.7194667e-07,1.1075714e-11,6.7960016e-08,0.0012533178,3.635011e-05,0.005144798
/home/leo/Documentos/mestrado/DeepWeeds-Mobile/images/20171025-093715-3.jpg,3,3,3,3,1,0.8175522,0.01584617,1.0192931e-05,0.011885131,0.8175522,0.027743792,4.5029284e-07,1.211016e-08,0.0043108235,0.1226512
/home/leo/Documentos/mestrado/DeepWeeds-Mobile/images/20180112-091552-1.jpg,8,8,8,8,1,0.74417603,0.2097698,0.0002449394,0.003367778,0.007457763,0.0023685277,3.6380236e-05,5.6008506e-08,0.0325788,0.74417603
/home/leo/Documentos/mestrado/DeepWeeds-Mobile/images/20180109-094911-1.jpg,8,8,8,8,1,0.83287925,0.008875055,9.9009285e-06,0.04698297,0.10083872,0.008743142,3.3901736e-07,1.4667397e-07,0.0016705669,0.83287925
/home/leo/Documentos/mestrado/DeepWeeds-Mobile/images/20171203-174841-3.jpg,8,8,8,8,1,0.9361796,0.014848895,0.0027100868,9.857694e-06,0.00080303766,0.0001344361,1.6980035e-05,0.030503253,0.014793778,0.9361796
/home/leo/Documentos/mestrado/DeepWeeds-Mobile/images/20180109-070708-1.jpg,8,8,8,8,1,0.99918693,1.4274357e-08,4.623675e-08,1.1039324e-06,1.4754453e-06,1.3326823e-05,2.2238289e-10,0.0007971,3.9959197e-08,0.99918693
/home/leo/Documentos/mestrado/DeepWeeds-Mobile/images/20171220-091421-2.jpg,8,8,8,8,1,0.99942845,5.882602e-07,1.2819409e-08,3.010454e-12,3.392121e-07,2.1295204e-10,0.00057057827,8.305534e-09,2.7745035e-08,0.99942845
/home/leo/Documentos/mestrado/DeepWeeds-Mobile/images/20170727-162942-1.jpg,4,4,4,4,1,0.99706227,7.6501085e-05,2.2919812e-07,2.6034637e-05,0.00014508967,0.99706227,1.7637281e-07,8.792561e-10,0.0009020597,0.0017877211
/home/leo/Documentos/mestrado/DeepWeeds-Mobile/images/20170920-112429-2.jpg,2,2,2,2,1,0.9984816,1.8854978e-08,7.383768e-10,0.9984816,1.10268875e-05,0.0014917551,1.9060032e-08,1.0596795e-08,1.3142399e-08,1.563117e-05
/home/leo/Documentos/mestrado/DeepWeeds-Mobile/images/20180125-092500-2.jpg,8,8,8,8,1,0.9983896,3.8198395e-05,2.4277167e-08,0.00088485744,9.085946e-06,0.00066811586,1.6478689e-08,1.1761967e-09,9.994521e-06,0.9983896
/home/leo/Documentos/mestrado/DeepWeeds-Mobile/images/20170705-161748-0.jpg,7,0,7,0,0,0.5497041,0.5497041,0.016525561,0.0004823235,0.004664479,0.0011584467,0.00014726254,4.061528e-05,0.11261616,0.31466115
/home/leo/Documentos/mestrado/DeepWeeds-Mobile/images/20180322-111216-2.jpg,8,8,8,8,1,0.8872733,0.032292623,4.5755045e-05,0.06677021,0.010685619,0.00054575654,4.929479e-05,1.0483001e-07,0.002337345,0.8872733
/home/leo/Documentos/mestrado/DeepWeeds-Mobile/images/20171113-120003-1.jpg,6,6,6,6,1,0.9215662,5.140712e-07,0.0012500357,1.5189607e-06,9.42189e-06,9.466207e-07,1.734605e-06,0.9215662,1.3348956e-06,0.0771683
/home/leo/Documentos/mestrado/DeepWeeds-Mobile/images/20170920-160641-3.jpg,2,4,2,4,0,0.65978,3.992055e-05,2.1807869e-06,0.31285378,0.0002417687,0.65978,4.2499155e-06,1.0032786e-05,1.2257987e-05,0.027055724
/home/leo/Documentos/mestrado/DeepWeeds-Mobile/images/20180109-075640-2.jpg,8,8,8,8,1,0.83356845,3.0403045e-05,0.006538026,0.00013957128,6.693293e-05,2.0191526e-05,2.2798882e-05,0.15938316,0.00023045474,0.83356845
/home/leo/Documentos/mestrado/DeepWeeds-Mobile/images/20171217-183635-2.jpg,8,0,8,0,0,0.47677457,0.47677457,0.25121272,7.1475505e-08,1.1623913e-05,5.4439724e-06,0.00054538855,2.3972105e-05,0.1163816,0.15504466
/home/leo/Documentos/mestrado/DeepWeeds-Mobile/images/20171219-114203-2.jpg,8,8,8,8,1,0.75548357,0.00016010692,3.0479321e-05,0.15271786,0.067274265,0.023705905,9.669685e-07,0.00013226653,0.00049447257,0.75548357
/home/leo/Documentos/mestrado/DeepWeeds-Mobile/images/20170920-160348-3.jpg,2,4,2,4,0,0.64857465,3.7277696e-05,5.22203e-07,0.31243518,0.00084674376,0.64857465,6.6308115e-07,4.4298127e-07,2.107122e-05,0.038083427
/home/leo/Documentos/mestrado/DeepWeeds-Mobile/images/20180109-091017-2.jpg,8,8,8,8,1,0.9450459,0.02096272,0.0033530933,2.520509e-06,0.01422957,2.6013083e-07,0.0043814005,1.1229338e-05,0.012013289,0.9450459
/home/leo/Documentos/mestrado/DeepWeeds-Mobile/images/20171212-105828-3.jpg,8,8,8,8,1,0.93035257,0.030676525,0.009288312,3.8058354e-12,3.3562294e-05,2.8128697e-09,7.651558e-05,0.000108229404,0.029464193,0.93035257
/home/leo/Documentos/mestrado/DeepWeeds-Mobile/images/20180112-081013-1.jpg,8,8,8,8,1,0.90907687,0.016547862,6.629341e-05,0.002879983,0.058579624,0.0011558392,9.237864e-07,6.6051236e-08,0.011692459,0.90907687
/home/leo/Documentos/mestrado/DeepWeeds-Mobile/images/20170714-185950-1.jpg,1,1,1,1,1,0.9931177,5.178462e-05,0.9931177,5.942035e-11,1.1011627e-05,8.272621e-08,9.276418e-06,0.00038828785,6.441598e-05,0.0063574556
/home/leo/Documentos/mestrado/DeepWeeds-Mobile/images/20180112-102519-1.jpg,8,8,8,8,1,0.99445385,1.2969966e-05,0.00048354242,0.0020786163,0.0015309759,0.00039137664,2.7521346e-06,0.0009584217,8.75464e-05,0.99445385
/home/leo/Documentos/mestrado/DeepWeeds-Mobile/images/20171102-121420-2.jpg,2,2,2,2,1,0.95961887,0.013255285,2.7794697e-06,0.95961887,0.0020774629,0.0005706592,1.2946608e-06,2.9752517e-08,0.0010633282,0.023410307
/home/leo/Documentos/mestrado/DeepWeeds-Mobile/images/20170126-095912-0.jpg,1,1,1,1,1,0.9982192,3.205953e-06,0.9982192,2.5039695e-13,1.6506673e-06,1.5538393e-10,6.692075e-07,0.00010080968,0.00031693943,0.0013575196
/home/leo/Documentos/mestrado/DeepWeeds-Mobile/images/20180119-113734-2.jpg,8,8,8,8,1,0.98121834,0.00041032073,0.003974277,1.3182928e-05,0.0032908253,3.445694e-05,3.7033806e-05,0.0109454105,7.61622e-05,0.98121834
/home/leo/Documentos/mestrado/DeepWeeds-Mobile/images/20180125-093235-1.jpg,8,8,8,8,1,0.9998777,5.188573e-05,5.6377603e-06,5.1899485e-07,3.0110066e-06,4.325477e-05,3.8176822e-07,3.6769006e-06,1.396853e-05,0.9998777
/home/leo/Documentos/mestrado/DeepWeeds-Mobile/images/20170727-152818-3.jpg,4,4,4,4,1,0.4963185,5.2766303e-05,3.103496e-06,0.49502704,0.0010567456,0.4963185,1.6505653e-06,2.6543077e-08,4.1475483e-05,0.007498714
/home/leo/Documentos/mestrado/DeepWeeds-Mobile/images/20171113-133946-1.jpg,6,6,6,6,1,0.7206539,0.008144648,0.03239119,3.1409245e-06,0.00062975707,4.723216e-05,1.5055545e-05,0.7206539,0.015041117,0.22307396
/home/leo/Documentos/mestrado/DeepWeeds-Mobile/images/20180322-115048-1.jpg,8,8,8,8,1,0.9684161,0.013360368,0.0009571998,2.0019683e-05,0.00074059307,6.317609e-05,0.00510297,2.926471e-05,0.011310351,0.9684161
/home/leo/Documentos/mestrado/DeepWeeds-Mobile/images/20171212-105206-3.jpg,8,8,8,8,1,0.76079994,0.20732611,0.0011442796,9.710599e-10,1.1129262e-06,1.5386975e-07,8.361224e-06,4.3104526e-05,0.030677028,0.76079994
/home/leo/Documentos/mestrado/DeepWeeds-Mobile/images/20180112-103023-2.jpg,8,8,8,8,1,0.9999497,1.6007067e-05,2.882491e-06,7.4679434e-07,7.396078e-06,1.6024256e-08,3.7735e-06,1.6258457e-07,1.9375238e-05,0.9999497
/home/leo/Documentos/mestrado/DeepWeeds-Mobile/images/20171220-093010-2.jpg,8,8,8,8,1,0.9996507,1.8194497e-06,1.0311659e-09,2.8180825e-14,4.423764e-07,1.3624797e-12,0.0003444024,2.6553294e-06,4.1097783e-09,0.9996507
/home/leo/Documentos/mestrado/DeepWeeds-Mobile/images/20180109-104251-1.jpg,8,8,8,8,1,0.856242,0.0008186463,0.0005368521,0.0033928433,0.12704419,0.008498557,9.3847785e-07,0.00092518807,0.0025408277,0.856242
/home/leo/Documentos/mestrado/DeepWeeds-Mobile/images/20161207-144807-0.jpg,7,0,7,0,0,0.5147869,0.5147869,0.05650886,6.151962e-05,0.0021449218,9.114322e-05,0.004555651,3.9101265e-05,0.20572942,0.21608245
/home/leo/Documentos/mestrado/DeepWeeds-Mobile/images/20180109-100433-1.jpg,8,8,8,8,1,0.97182274,0.0076667964,5.2114592e-05,1.29130885e-05,0.016659344,1.3222668e-05,2.3134646e-05,4.9225486e-07,0.0037491908,0.97182274
/home/leo/Documentos/mestrado/DeepWeeds-Mobile/images/20171113-135112-3.jpg,6,6,6,6,1,0.64186454,0.0016100486,0.0024918222,0.004071619,0.012263922,0.020602869,6.2950014e-05,0.64186454,0.0029386557,0.31409362
/home/leo/Documentos/mestrado/DeepWeeds-Mobile/images/20171203-082219-3.jpg,8,8,8,8,1,0.9391504,0.00032212544,0.00025437106,0.002184499,0.035823356,0.015060004,1.3746396e-05,0.006691618,0.00049983343,0.9391504
/home/leo/Documentos/mestrado/DeepWeeds-Mobile/images/20170913-102316-3.jpg,5,5,5,5,1,0.90895075,0.041678682,0.004896853,0.004075948,0.0017939074,0.011588126,0.90895075,0.0013863642,0.012982981,0.0126463855
/home/leo/Documentos/mestrado/DeepWeeds-Mobile/images/20170217-113113-0.jpg,7,7,7,7,1,0.9933611,0.0063709663,8.223845e-06,2.5706437e-11,7.8422857e-10,9.016848e-10,2.1679562e-06,2.765478e-07,0.9933611,0.00025719005
/home/leo/Documentos/mestrado/DeepWeeds-Mobile/images/20180119-114225-1.jpg,8,8,8,8,1,0.6737778,0.051925406,0.05876766,3.6228066e-08,0.0061638393,2.0933303e-05,7.840468e-05,0.000102689264,0.20916313,0.6737778
/home/leo/Documentos/mestrado/DeepWeeds-Mobile/images/20180322-112452-2.jpg,8,8,8,8,1,0.96452713,0.0105746,5.892674e-05,0.00051073433,0.0026711046,0.005283917,2.3050914e-06,1.0246325e-08,0.016371226,0.96452713
/home/leo/Documentos/mestrado/DeepWeeds-Mobile/images/20171121-082716-2.jpg,6,6,6,6,1,0.83233637,0.00015200958,0.02874055,3.809461e-06,0.00028678763,5.3298274e-05,0.00017752698,0.83233637,0.00015472308,0.13809504
/home/leo/Documentos/mestrado/DeepWeeds-Mobile/images/20171113-123650-1.jpg,6,6,6,6,1,0.9892434,6.6528405e-06,0.00025203172,4.1270962e-07,1.0798977e-05,4.1645933e-07,7.573378e-07,0.9892434,1.3858439e-05,0.010471665
/home/leo/Documentos/mestrado/DeepWeeds-Mobile/images/20171109-074955-1.jpg,5,5,5,5,1,0.82458526,4.488989e-05,1.996387e-05,2.499264e-12,1.9309661e-07,3.518491e-11,0.82458526,0.0008617371,0.00013709973,0.17435081
/home/leo/Documentos/mestrado/DeepWeeds-Mobile/images/20171219-100954-3.jpg,8,8,8,8,1,0.9821469,0.00019648267,0.008487893,3.967768e-06,5.115209e-05,2.2966624e-07,0.00250289,0.005700918,0.0009095622,0.9821469
/home/leo/Documentos/mestrado/DeepWeeds-Mobile/images/20171212-103416-3.jpg,8,1,8,1,0,0.53378797,0.0002909924,0.53378797,3.2728792e-08,0.0053929156,1.3478425e-06,0.00033345175,0.113961026,0.0011634048,0.34506893
/home/leo/Documentos/mestrado/DeepWeeds-Mobile/images/20170304-124621-0.jpg,0,0,0,0,1,0.6301825,0.6301825,0.0001557261,1.8692194e-06,7.4039626e-06,4.0144943e-07,1.7146504e-05,3.2493208e-08,0.311165,0.058469884
/home/leo/Documentos/mestrado/DeepWeeds-Mobile/images/20180112-091612-2.jpg,8,8,8,8,1,0.99967355,0.0002868706,3.3757368e-07,1.2002603e-06,4.0466063e-07,5.1651533e-08,2.6701107e-06,1.1021836e-08,3.4904926e-05,0.99967355
/home/leo/Documentos/mestrado/DeepWeeds-Mobile/images/20180112-093216-2.jpg,8,8,8,8,1,0.9545299,0.037412845,8.3130044e-07,0.0074491366,3.3305514e-05,3.9592445e-07,2.3015675e-06,4.4683025e-11,0.0005712854,0.9545299
/home/leo/Documentos/mestrado/DeepWeeds-Mobile/images/20180322-133743-1.jpg,8,2,8,2,0,0.8182734,0.00064557267,3.3514138e-05,0.8182734,0.008528593,0.010342263,1.0526786e-06,1.0136006e-07,0.0011939349,0.16098146
/home/leo/Documentos/mestrado/DeepWeeds-Mobile/images/20180112-081522-2.jpg,8,3,8,3,0,0.8344744,0.003765924,0.00013165837,0.0048033805,0.8344744,0.0040847408,1.2328509e-06,7.58635e-06,0.0024997906,0.15023136
/home/leo/Documentos/mestrado/DeepWeeds-Mobile/images/20170705-161257-0.jpg,7,7,7,7,1,0.3797196,0.359785,0.0007335288,0.0012990669,0.03858437,0.0038535716,0.00086098496,4.937249e-07,0.3797196,0.21516342
/home/leo/Documentos/mestrado/DeepWeeds-Mobile/images/20170714-122717-3.jpg,1,1,1,1,1,0.9516285,0.002757378,0.9516285,2.8647814e-06,5.1323037e-05,0.000120175784,6.766874e-05,0.0057242187,0.030895721,0.008752094
/home/leo/Documentos/mestrado/DeepWeeds-Mobile/images/20180109-072534-1.jpg,8,8,8,8,1,0.5786906,0.009383164,0.039115448,0.00075898453,0.0031290562,0.002849458,0.0009566336,0.35605878,0.009057969,0.5786906
/home/leo/Documentos/mestrado/DeepWeeds-Mobile/images/20170207-155248-0.jpg,0,0,0,0,1,0.98840326,0.98840326,3.26504e-06,2.01338e-07,1.8534096e-06,7.100083e-08,5.6415618e-05,4.277423e-08,0.005232089,0.0063028247
/home/leo/Documentos/mestrado/DeepWeeds-Mobile/images/20170727-114732-3.jpg,4,4,4,4,1,0.50366175,3.7885384e-06,2.6298042e-07,0.49070182,0.0016107655,0.50366175,6.680402e-06,3.221139e-07,5.8863975e-07,0.0040139253
/home/leo/Documentos/mestrado/DeepWeeds-Mobile/images/20171219-112206-2.jpg,8,8,8,8,1,0.6817444,0.0003197355,2.4413912e-05,0.04257327,0.11196374,0.16286813,6.19709e-07,5.1544455e-05,0.0004541429,0.6817444
/home/leo/Documentos/mestrado/DeepWeeds-Mobile/images/20171219-113328-3.jpg,8,8,8,8,1,0.5590792,0.0007767899,0.000914455,0.0015828888,0.42586076,0.006106256,3.1199954e-07,0.0044720317,0.0012074255,0.5590792
/home/leo/Documentos/mestrado/DeepWeeds-Mobile/images/20170913-100725-3.jpg,5,5,5,5,1,0.9864385,0.00019763502,9.32389e-05,0.0006321749,0.008433248,0.0010950883,0.9864385,4.6856465e-05,0.00016494546,0.0028983087
/home/leo/Documentos/mestrado/DeepWeeds-Mobile/images/20170304-131847-0.jpg,7,7,7,7,1,0.69446355,0.30385283,5.266905e-05,2.1464494e-07,6.9822743e-09,2.4684968e-07,0.00036244938,6.834646e-09,0.69446355,0.0012680345
/home/leo/Documentos/mestrado/DeepWeeds-Mobile/images/20180109-100916-2.jpg,8,8,8,8,1,0.7902508,3.8563175e-07,0.0011978338,8.797477e-08,2.6717648e-06,4.5565383e-08,1.6140888e-05,0.20852974,2.2477136e-06,0.7902508
/home/leo/Documentos/mestrado/DeepWeeds-Mobile/images/20170811-112814-2.jpg,0,0,0,0,1,0.6122368,0.6122368,9.357395e-05,1.8346393e-05,1.29914615e-05,6.157177e-07,0.00068278814,2.2709386e-07,0.05954172,0.32741296
/home/leo/Documentos/mestrado/DeepWeeds-Mobile/images/20180109-071747-2.jpg,8,8,8,8,1,0.98784107,3.7791757e-08,9.577013e-05,4.5743323e-05,5.352824e-07,4.9855856e-07,5.435374e-08,0.012016059,3.1133368e-07,0.98784107
/home/leo/Documentos/mestrado/DeepWeeds-Mobile/images/20170714-150319-1.jpg,1,1,1,1,1,0.98249847,7.809693e-09,0.98249847,5.5261432e-14,5.317919e-06,4.166035e-09,8.8286235e-08,0.010341344,2.0609577e-06,0.0071526556
/home/leo/Documentos/mestrado/DeepWeeds-Mobile/images/20170811-131532-2.jpg,0,8,0,8,0,0.7426061,0.24374962,0.0057911924,6.549663e-09,2.432929e-06,8.4304344e-07,6.636571e-05,6.491502e-07,0.0077827713,0.7426061
/home/leo/Documentos/mestrado/DeepWeeds-Mobile/images/20171109-092733-1.jpg,5,5,5,5,1,0.6635185,0.0016206962,0.00022811907,1.237229e-09,7.1361654e-05,3.7995173e-07,0.6635185,0.00026238494,4.7462683e-05,0.33425114
/home/leo/Documentos/mestrado/DeepWeeds-Mobile/images/20170501-143240-0.jpg,1,1,1,1,1,0.7336917,0.030179622,0.7336917,6.1695173e-09,2.9830865e-06,1.1930821e-07,3.859858e-05,0.1500077,0.04738749,0.038691852
/home/leo/Documentos/mestrado/DeepWeeds-Mobile/images/20170501-145057-0.jpg,8,8,8,8,1,0.9881614,0.0010404144,0.00068659004,1.3021834e-07,0.0070572635,1.9640465e-06,8.690315e-05,7.85127e-05,0.0028867193,0.9881614
/home/leo/Documentos/mestrado/DeepWeeds-Mobile/images/20170913-095654-2.jpg,3,3,3,3,1,0.9935235,4.0738706e-07,1.9008691e-07,0.004455148,0.9935235,0.0010049792,0.0005765612,1.7613196e-08,2.732648e-07,0.0004389621
/home/leo/Documentos/mestrado/DeepWeeds-Mobile/images/20171218-120017-3.jpg,8,8,8,8,1,0.96749634,3.7643076e-05,1.3115252e-06,8.641523e-12,0.00028608067,9.365313e-10,0.03215725,2.1358708e-05,1.711802e-07,0.96749634
/home/leo/Documentos/mestrado/DeepWeeds-Mobile/images/20171203-165213-3.jpg,8,1,8,1,0,0.51082975,0.016110621,0.51082975,7.062672e-09,9.017578e-05,7.8411773e-07,0.0064445613,0.00091779954,0.32236916,0.14323713
/home/leo/Documentos/mestrado/DeepWeeds-Mobile/images/20170630-150606-0.jpg,7,7,7,7,1,0.40947214,0.33771023,0.04096219,6.542989e-07,1.4192156e-05,7.77183e-07,1.11763175e-05,0.01169536,0.40947214,0.20013326
/home/leo/Documentos/mestrado/DeepWeeds-Mobile/images/20180112-072715-1.jpg,8,8,8,8,1,0.72460395,0.027879898,0.009554197,0.0008911136,0.20671919,0.003147764,1.76279e-05,2.5622141e-05,0.027160723,0.72460395
/home/leo/Documentos/mestrado/DeepWeeds-Mobile/images/20180109-103842-1.jpg,8,8,8,8,1,0.99902713,3.5552373e-05,3.6320457e-06,3.431798e-05,0.00085464923,1.016812e-06,1.9607135e-06,2.95844e-07,4.1339248e-05,0.99902713
/home/leo/Documentos/mestrado/DeepWeeds-Mobile/images/20171219-105935-2.jpg,8,8,8,8,1,0.8193801,0.020518245,0.020709073,5.2187847e-06,0.012750432,0.00020646983,0.013198747,3.9568327e-05,0.11319199,0.8193801
/home/leo/Documentos/mestrado/DeepWeeds-Mobile/images/20171212-095519-1.jpg,8,8,8,8,1,0.9977871,0.0005145946,0.0012401086,1.8539868e-13,1.0149919e-05,3.383488e-08,2.0774692e-06,9.943122e-05,0.0003465047,0.9977871
/home/leo/Documentos/mestrado/DeepWeeds-Mobile/images/20170714-110545-3.jpg,1,1,1,1,1,0.7387026,0.030963674,0.7387026,0.0018544336,0.0015763909,0.0038125133,0.002957893,0.073516466,0.056739755,0.08987635
/home/leo/Documentos/mestrado/DeepWeeds-Mobile/images/20171102-122505-2.jpg,2,2,2,2,1,0.99997604,1.3903728e-07,1.2251666e-10,0.99997604,1.2926157e-06,1.0110134e-05,2.2182924e-09,3.3306007e-11,8.48724e-08,1.2242587e-05
/home/leo/Documentos/mestrado/DeepWeeds-Mobile/images/20180112-075718-2.jpg,8,8,8,8,1,0.84545416,0.037572987,5.9818685e-06,0.0024999036,0.09703561,0.0044430527,3.320588e-07,4.5539342e-10,0.012987976,0.84545416
/home/leo/Documentos/mestrado/DeepWeeds-Mobile/images/20171205-144059-2.jpg,8,8,8,8,1,0.99997365,6.5872177e-06,2.2703478e-08,1.2363619e-09,6.2596376e-07,1.11611335e-07,1.8870456e-05,2.010155e-08,2.0375494e-07,0.99997365
/home/leo/Documentos/mestrado/DeepWeeds-Mobile/images/20171113-144817-0.jpg,6,6,6,6,1,0.98833114,1.4092334e-05,0.009920574,2.1592061e-09,0.00021303857,2.2771165e-07,7.98943e-08,0.98833114,1.5655094e-05,0.0015052259
/home/leo/Documentos/mestrado/DeepWeeds-Mobile/images/20171102-122525-2.jpg,2,2,2,2,1,0.9999591,1.4843267e-08,7.9941484e-11,0.9999591,7.406106e-08,1.14308236e-07,9.46575e-11,2.2007227e-10,8.081682e-09,4.061679e-05
/home/leo/Documentos/mestrado/DeepWeeds-Mobile/images/20171218-115150-2.jpg,8,8,8,8,1,0.9837591,0.0018368332,0.010501549,5.2167604e-08,0.0030988315,7.938082e-06,1.8476458e-05,3.9177048e-05,0.0007379083,0.9837591
/home/leo/Documentos/mestrado/DeepWeeds-Mobile/images/20170913-100633-3.jpg,5,5,5,5,1,0.9662094,0.0027555195,3.96732e-05,0.012384328,0.010805347,0.0011639963,0.9662094,6.1863517e-07,0.00052936905,0.0061117727
/home/leo/Documentos/mestrado/DeepWeeds-Mobile/images/20170728-124656-2.jpg,4,4,4,4,1,0.9976962,4.799652e-05,1.5458227e-05,1.2599473e-06,7.151037e-05,0.9976962,4.420718e-07,3.8407572e-07,0.00023368657,0.0019330159
/home/leo/Documentos/mestrado/DeepWeeds-Mobile/images/20180109-072720-2.jpg,8,8,8,8,1,0.9823252,0.000103648184,0.0003903339,0.0013817585,0.00047444142,9.854018e-05,2.1525586e-05,0.015000757,0.00020388149,0.9823252
/home/leo/Documentos/mestrado/DeepWeeds-Mobile/images/20170920-171035-3.jpg,2,2,2,2,1,0.98490995,8.822501e-08,7.963459e-08,0.98490995,0.0007610674,0.0010966412,1.4362203e-08,0.00011051431,4.3805377e-07,0.013121215
/home/leo/Documentos/mestrado/DeepWeeds-Mobile/images/20170906-104727-1.jpg,3,8,3,8,0,0.44723737,0.011898382,0.00048321165,0.0015194451,0.39956906,0.08074133,6.354799e-06,4.6942037e-07,0.058544315,0.44723737
/home/leo/Documentos/mestrado/DeepWeeds-Mobile/images/20171205-123651-2.jpg,8,8,8,8,1,0.98566794,0.008781326,0.00027341253,3.5515576e-08,9.3049304e-05,8.106884e-07,0.00220768,8.4065805e-06,0.0029672747,0.98566794
/home/leo/Documentos/mestrado/DeepWeeds-Mobile/images/20180105-095929-2.jpg,8,8,8,8,1,0.999887,1.3207211e-09,2.9800471e-08,6.351808e-05,1.0946454e-06,1.5402874e-06,2.4140396e-11,4.6737e-05,1.3005287e-08,0.999887
/home/leo/Documentos/mestrado/DeepWeeds-Mobile/images/20170729-092907-1.jpg,4,4,4,4,1,0.9783037,0.000115916344,1.4405874e-05,3.570364e-05,0.009849531,0.9783037,6.931345e-05,2.1671785e-06,0.00017773458,0.01143152
/home/leo/Documentos/mestrado/DeepWeeds-Mobile/images/20171122-103028-1.jpg,5,5,5,5,1,0.9994699,0.00010832703,1.1797912e-06,8.0511396e-11,1.0661685e-08,2.050968e-10,0.9994699,3.8683343e-06,0.00031319467,0.00010351148
/home/leo/Documentos/mestrado/DeepWeeds-Mobile/images/20180105-093058-3.jpg,8,8,8,8,1,0.8386424,1.372971e-05,0.00024871813,1.0964337e-06,0.002297467,5.397387e-06,1.0775993e-06,0.15876897,2.116216e-05,0.8386424
/home/leo/Documentos/mestrado/DeepWeeds-Mobile/images/20180105-094101-3.jpg,8,8,8,8,1,0.72505116,2.106439e-06,0.00016796688,0.028758476,0.00038548454,0.00031465947,6.20127e-07,0.24530762,1.191464e-05,0.72505116
/home/leo/Documentos/mestrado/DeepWeeds-Mobile/images/20171205-133648-2.jpg,8,8,8,8,1,0.98742044,0.0022188236,0.0064829523,6.6023604e-09,0.002390396,5.0171195e-07,0.0002627745,7.591919e-05,0.0011481903,0.98742044
/home/leo/Documentos/mestrado/DeepWeeds-Mobile/images/20170405-155225-0.jpg,0,0,0,0,1,0.9752873,0.9752873,0.00017330999,4.2428265e-08,6.8148444e-07,9.682788e-09,0.0017410899,5.6446095e-07,0.004990371,0.017806608
/home/leo/Documentos/mestrado/DeepWeeds-Mobile/images/20180125-095715-1.jpg,8,8,8,8,1,0.99951017,5.247674e-09,1.5015837e-07,7.686242e-07,4.3090736e-06,6.9747097e-09,1.5377742e-08,0.0004845527,3.993638e-08,0.99951017
/home/leo/Documentos/mestrado/DeepWeeds-Mobile/images/20171122-102101-1.jpg,5,5,5,5,1,0.77568114,0.012397104,0.15338871,1.0684947e-08,2.2804948e-06,2.2728107e-08,0.77568114,0.0027418945,0.0073697283,0.04841908
/home/leo/Documentos/mestrado/DeepWeeds-Mobile/images/20171203-174248-3.jpg,8,8,8,8,1,0.98669374,0.00023655692,0.009730876,1.3959514e-07,0.000615824,1.2124814e-05,8.496936e-07,0.0015746725,0.0011352145,0.98669374
/home/leo/Documentos/mestrado/DeepWeeds-Mobile/images/20171218-122147-2.jpg,8,8,8,8,1,0.9988902,0.0006460588,5.383959e-05,1.00396594e-10,8.531616e-05,8.3294395e-08,1.9114688e-05,1.668556e-06,0.00030368022,0.9988902
/home/leo/Documentos/mestrado/DeepWeeds-Mobile/images/20180112-072137-2.jpg,8,8,8,8,1,0.44507706,0.30431616,0.0029438888,0.008611644,0.12805642,0.0064178314,7.4694275e-05,5.1421193e-05,0.10445089,0.44507706
/home/leo/Documentos/mestrado/DeepWeeds-Mobile/images/20180109-072154-2.jpg,8,8,8,8,1,0.9999796,1.9301648e-10,9.879575e-10,1.0916073e-05,7.4156765e-07,6.8637786e-07,3.191989e-13,8.002938e-06,1.3566148e-09,0.9999796
/home/leo/Documentos/mestrado/DeepWeeds-Mobile/images/20180322-120318-2.jpg,8,8,8,8,1,0.98827875,0.0053009344,0.00016912493,1.0454237e-05,0.004368462,0.00038968632,4.879725e-05,1.9321351e-07,0.0014335151,0.98827875
/home/leo/Documentos/mestrado/DeepWeeds-Mobile/images/20171203-172738-3.jpg,8,8,8,8,1,0.9353418,0.0033889632,0.04109219,4.0867386e-07,0.0039253375,7.2133093e-06,0.0020847418,0.00015233943,0.014006957,0.9353418
/home/leo/Documentos/mestrado/DeepWeeds-Mobile/images/20170920-095837-2.jpg,2,2,2,2,1,0.8523623,1.0212262e-08,3.4159773e-06,0.8523623,4.1449143e-06,2.4748042e-05,1.4839749e-08,0.0049008913,9.330247e-08,0.14270441
/home/leo/Documentos/mestrado/DeepWeeds-Mobile/images/20180109-073104-2.jpg,8,6,8,6,0,0.9933204,4.3886694e-06,9.785311e-07,2.0478986e-08,7.598845e-06,9.09506e-08,2.5662148e-09,0.9933204,2.2339796e-06,0.006664352
/home/leo/Documentos/mestrado/DeepWeeds-Mobile/images/20171109-093232-1.jpg,5,5,5,5,1,0.96187145,8.647094e-05,2.2206174e-05,8.473431e-11,1.3208376e-06,2.766915e-09,0.96187145,5.2243995e-05,6.979284e-06,0.03795931
/home/leo/Documentos/mestrado/DeepWeeds-Mobile/images/20170705-165029-0.jpg,7,7,7,7,1,0.9485902,0.049212355,0.00041352265,1.6255685e-06,4.4793887e-06,4.7324706e-05,1.095694e-05,3.5549406e-09,0.9485902,0.0017194769
/home/leo/Documentos/mestrado/DeepWeeds-Mobile/images/20171218-103259-3.jpg,8,8,8,8,1,0.991659,0.0048713945,5.131546e-05,3.5927118e-05,0.0024043287,8.107365e-05,0.00015168713,0.00019725818,0.00054789236,0.991659
/home/leo/Documentos/mestrado/DeepWeeds-Mobile/images/20180112-101704-2.jpg,8,8,8,8,1,0.9987723,0.00094542827,2.70049e-07,8.581091e-05,7.475063e-06,2.3716787e-07,8.272405e-06,8.8373414e-10,0.00018013717,0.9987723
/home/leo/Documentos/mestrado/DeepWeeds-Mobile/images/20170913-123421-2.jpg,5,5,5,5,1,0.975239,0.015687685,0.0013713186,0.00015101685,0.0016853887,0.00066592084,0.975239,1.1881418e-05,0.0011156606,0.004072125
/home/leo/Documentos/mestrado/DeepWeeds-Mobile/images/20170714-111219-1.jpg,1,8,1,8,0,0.7895653,0.020811059,0.05154614,7.59018e-08,0.00044679435,2.9422592e-06,0.008392668,0.00016042161,0.12907462,0.7895653
/home/leo/Documentos/mestrado/DeepWeeds-Mobile/images/20180109-100022-1.jpg,8,8,8,8,1,0.8853174,0.0977195,5.4925582e-05,9.5439675e-05,0.013259046,1.3082599e-05,1.378506e-05,5.3873165e-08,0.0035268057,0.8853174
/home/leo/Documentos/mestrado/DeepWeeds-Mobile/images/20180125-095634-1.jpg,8,8,8,8,1,0.9847397,5.2836996e-05,4.0474766e-05,3.5945482e-07,0.0012042688,1.1890683e-06,0.00032904954,0.0136130275,1.9020212e-05,0.9847397
/home/leo/Documentos/mestrado/DeepWeeds-Mobile/images/20171121-082352-2.jpg,6,6,6,6,1,0.99317086,1.8825187e-08,0.00507609,5.016305e-09,1.4976128e-07,4.802689e-08,4.0183e-06,0.99317086,5.130031e-07,0.0017482823
/home/leo/Documentos/mestrado/DeepWeeds-Mobile/images/20170906-111240-1.jpg,3,3,3,3,1,0.76614445,0.0024346567,0.075089335,1.4212573e-06,0.76614445,0.00061117666,8.1826525e-05,0.0026790241,0.020040266,0.1329179
/home/leo/Documentos/mestrado/DeepWeeds-Mobile/images/20180112-070129-2.jpg,8,1,8,1,0,0.52743894,0.08359545,0.52743894,0.0024200107,0.0047371886,0.0035078204,0.0041377246,0.006326265,0.10613031,0.26170632
/home/leo/Documentos/mestrado/DeepWeeds-Mobile/images/20171218-104510-3.jpg,8,8,8,8,1,0.5456884,0.09545245,0.0018283606,3.9207958e-08,0.0010685134,3.8410852e-07,0.31711012,0.00021144563,0.038640335,0.5456884
/home/leo/Documentos/mestrado/DeepWeeds-Mobile/images/20180125-135417-3.jpg,8,8,8,8,1,0.9880001,6.815782e-06,0.0045967875,0.00031275657,0.0046705767,0.00044828388,2.3407623e-07,0.0018920511,7.240906e-05,0.9880001
/home/leo/Documentos/mestrado/DeepWeeds-Mobile/images/20170811-134426-1.jpg,0,0,0,0,1,0.39694983,0.39694983,0.06452249,1.5499131e-06,0.0013408886,0.0001879526,0.00011937768,0.025290446,0.3055319,0.20605561
/home/leo/Documentos/mestrado/DeepWeeds-Mobile/images/20180322-120838-2.jpg,8,8,8,8,1,0.9219577,0.002756138,0.0013258425,3.0422002e-06,0.07038845,2.18234e-05,0.00019298513,2.142199e-06,0.0033518665,0.9219577
/home/leo/Documentos/mestrado/DeepWeeds-Mobile/images/20171219-100437-3.jpg,8,8,8,8,1,0.9868716,0.0048759338,0.0022110986,5.456426e-10,3.9170744e-05,1.1379008e-08,0.002715168,6.393183e-07,0.0032865142,0.9868716
/home/leo/Documentos/mestrado/DeepWeeds-Mobile/images/20170207-142523-0.jpg,7,7,7,7,1,0.8964826,0.10083544,0.0002195146,1.7882803e-11,6.7718005e-11,3.2777777e-11,1.7220877e-06,4.9994718e-08,0.8964826,0.0024607491
/home/leo/Documentos/mestrado/DeepWeeds-Mobile/images/20170906-135522-1.jpg,3,3,3,3,1,0.8450783,0.0020933768,0.00013735128,0.00036355635,0.8450783,0.016860701,1.4371782e-06,1.0287323e-06,0.011981513,0.1234827
/home/leo/Documentos/mestrado/DeepWeeds-Mobile/images/20171212-093714-3.jpg,8,8,8,8,1,0.8676122,0.013065418,0.007954898,0.00042093787,0.08905443,0.010587536,8.968372e-05,5.3501702e-05,0.01116147,0.8676122
/home/leo/Documentos/mestrado/DeepWeeds-Mobile/images/20171121-090957-3.jpg,6,6,6,6,1,0.99558264,0.0003923992,0.0036008162,3.0852059e-09,4.1992985e-07,5.8529086e-08,3.384767e-07,0.99558264,3.846297e-05,0.00038492528
/home/leo/Documentos/mestrado/DeepWeeds-Mobile/images/20161207-143344-0.jpg,7,8,7,8,0,0.9697371,0.0010085036,0.0058513223,7.435805e-11,0.0159504,4.8067255e-07,0.00018038302,0.003194537,0.004077249,0.9697371
/home/leo/Documentos/mestrado/DeepWeeds-Mobile/images/20180109-092228-1.jpg,8,8,8,8,1,0.9962594,2.8235501e-05,0.00022007046,0.0011955511,0.0013340019,0.0005943316,5.1745315e-07,0.0002301388,0.00013784638,0.9962594
/home/leo/Documentos/mestrado/DeepWeeds-Mobile/images/20180125-131120-2.jpg,8,8,8,8,1,0.997163,0.00064791896,2.1268981e-05,9.640504e-05,0.0009593871,0.00023210594,5.32073e-06,4.0866226e-07,0.00087415316,0.997163
/home/leo/Documentos/mestrado/DeepWeeds-Mobile/images/20170913-103543-2.jpg,3,3,3,3,1,0.99989223,2.2042418e-07,1.0720081e-07,1.3997832e-05,0.99989223,9.056195e-06,1.9023557e-06,4.595739e-09,6.605685e-08,8.2366394e-05
/home/leo/Documentos/mestrado/DeepWeeds-Mobile/images/20170727-134755-1.jpg,4,4,4,4,1,0.78280586,0.016700976,0.00016369809,0.0020334716,0.045160815,0.78280586,0.00018376867,5.7268505e-07,0.07395999,0.078990854
/home/leo/Documentos/mestrado/DeepWeeds-Mobile/images/20170913-110502-3.jpg,5,5,5,5,1,0.842537,0.00013030191,0.00012686852,0.0041448143,0.13758796,0.0071542663,0.842537,2.0278163e-05,0.0005197518,0.0077787987
/home/leo/Documentos/mestrado/DeepWeeds-Mobile/images/20180112-080443-2.jpg,8,8,8,8,1,0.9602652,0.00028458363,0.0012572326,0.00028713752,0.0065088067,0.029255072,2.2886931e-07,1.3610586e-05,0.0021281417,0.9602652
/home/leo/Documentos/mestrado/DeepWeeds-Mobile/images/20170920-111146-2.jpg,2,2,2,2,1,0.9996783,2.8885733e-08,1.2294977e-09,0.9996783,2.5366526e-05,0.00028311266,8.415858e-08,4.7842095e-09,2.21061e-08,1.2951468e-05
/home/leo/Documentos/mestrado/DeepWeeds-Mobile/images/20180109-100809-2.jpg,8,8,8,8,1,0.9830547,1.3554306e-06,0.013675541,8.625096e-05,0.0001783414,3.083328e-05,4.012549e-07,0.002915703,5.6854155e-05,0.9830547
/home/leo/Documentos/mestrado/DeepWeeds-Mobile/images/20170920-110919-2.jpg,2,2,2,2,1,0.93167025,3.0248288e-05,1.3789869e-05,0.93167025,0.0041526025,0.022373013,2.0111764e-07,1.1193051e-05,0.00013445663,0.041614253
/home/leo/Documentos/mestrado/DeepWeeds-Mobile/images/20171205-143444-2.jpg,8,8,8,8,1,0.99883693,9.036789e-06,4.5314053e-07,1.3633683e-09,2.7493104e-06,1.8262791e-07,0.0009986049,0.00015190955,9.266057e-08,0.99883693
/home/leo/Documentos/mestrado/DeepWeeds-Mobile/images/20171025-172226-3.jpg,3,8,3,8,0,0.6431064,0.0012241787,0.01094874,0.005971365,0.2982797,0.0038101717,2.2279275e-05,0.034327,0.0023101885,0.6431064
/home/leo/Documentos/mestrado/DeepWeeds-Mobile/images/20180109-074546-2.jpg,8,8,8,8,1,0.9557258,0.043755587,3.0679985e-05,4.1933057e-14,9.382359e-10,5.4336542e-11,3.2976717e-05,0.00012578613,0.00032921397,0.9557258
/home/leo/Documentos/mestrado/DeepWeeds-Mobile/images/20171109-074050-1.jpg,5,8,5,8,0,0.41245893,0.0022418373,0.33925375,1.5537758e-05,0.019590924,0.00019061196,0.008295756,0.20190819,0.01604438,0.41245893
/home/leo/Documentos/mestrado/DeepWeeds-Mobile/images/20170714-170622-1.jpg,1,1,1,1,1,0.94863653,0.010657323,0.94863653,1.290459e-08,8.0191685e-06,8.493508e-08,2.556729e-05,0.00011853852,0.02033055,0.020223387
/home/leo/Documentos/mestrado/DeepWeeds-Mobile/images/20180109-080510-2.jpg,8,6,8,6,0,0.5431659,0.00058884156,0.007886889,3.1067252e-06,0.031632077,0.001469661,0.000104552084,0.5431659,0.0030154593,0.4121335
/home/leo/Documentos/mestrado/DeepWeeds-Mobile/images/20180112-074642-2.jpg,8,8,8,8,1,0.721521,0.17250705,4.5713103e-05,0.002534618,0.07610586,0.0012242856,1.5776142e-06,1.2066865e-09,0.026059898,0.721521
/home/leo/Documentos/mestrado/DeepWeeds-Mobile/images/20171218-121303-2.jpg,8,8,8,8,1,0.9993517,0.00011405424,4.7461344e-05,4.788442e-13,0.00020578277,1.6103308e-09,2.1833786e-07,3.4332567e-07,0.00028053127,0.9993517
/home/leo/Documentos/mestrado/DeepWeeds-Mobile/images/20180119-114305-1.jpg,8,8,8,8,1,0.81632453,0.00662152,0.02601377,9.845719e-05,0.119665936,0.0034650674,0.00014615338,0.0029843892,0.024680126,0.81632453
/home/leo/Documentos/mestrado/DeepWeeds-Mobile/images/20171113-123859-3.jpg,6,8,6,8,0,0.86353546,5.842869e-06,0.00010575112,7.950634e-05,0.007686268,6.5425396e-05,5.4690145e-07,0.12850736,1.3746159e-05,0.86353546
/home/leo/Documentos/mestrado/DeepWeeds-Mobile/images/20171102-094349-2.jpg,4,3,4,3,0,0.49175233,0.00041304188,5.149601e-06,0.47160342,0.49175233,0.012514034,3.584462e-07,1.3798406e-07,0.00023518612,0.02347643
/home/leo/Documentos/mestrado/DeepWeeds-Mobile/images/20171218-105147-2.jpg,8,8,8,8,1,0.9139744,0.006580292,0.001497611,2.208021e-08,0.00030113402,4.79283e-08,0.07262454,4.313309e-05,0.004978905,0.9139744
/home/leo/Documentos/mestrado/DeepWeeds-Mobile/images/20180112-101454-2.jpg,8,8,8,8,1,0.9999081,6.5821354e-05,2.0544805e-07,4.107375e-06,4.0330372e-07,1.0052968e-08,3.395905e-07,5.0172544e-10,2.1091146e-05,0.9999081
/home/leo/Documentos/mestrado/DeepWeeds-Mobile/images/20180105-095936-2.jpg,8,8,8,8,1,0.96768916,3.2368346e-06,6.6703804e-05,0.005594442,6.1375584e-05,5.569502e-05,2.481423e-05,0.026448779,5.5759807e-05,0.96768916
/home/leo/Documentos/mestrado/DeepWeeds-Mobile/images/20171220-092121-2.jpg,8,8,8,8,1,0.9880139,0.00011159558,1.3357248e-06,6.044395e-11,3.76534e-05,3.3566268e-09,0.011697142,0.000137439,9.801212e-07,0.9880139
/home/leo/Documentos/mestrado/DeepWeeds-Mobile/images/20171212-100247-1.jpg,8,8,8,8,1,0.99966025,0.00021236965,3.3289114e-05,3.66796e-13,3.560634e-05,1.4512806e-10,6.3117227e-06,1.5651219e-07,5.2015683e-05,0.99966025
/home/leo/Documentos/mestrado/DeepWeeds-Mobile/images/20170217-144601-0.jpg,7,7,7,7,1,0.977207,0.006663248,0.000589452,6.231467e-08,9.778361e-07,8.473101e-09,2.108063e-06,3.1325957e-08,0.977207,0.015537095
/home/leo/Documentos/mestrado/DeepWeeds-Mobile/images/20171109-090842-1.jpg,5,5,5,5,1,0.9750773,4.9398957e-05,3.3253964e-06,3.0831807e-13,4.6948787e-07,7.559101e-11,0.9750773,0.0011962452,2.6098696e-06,0.023670765
/home/leo/Documentos/mestrado/DeepWeeds-Mobile/images/20180109-090317-2.jpg,8,8,8,8,1,0.9543847,0.028402666,9.93435e-05,0.0002328177,0.016427668,7.9841726e-07,1.3232367e-05,2.7634064e-07,0.00043840418,0.9543847
/home/leo/Documentos/mestrado/DeepWeeds-Mobile/images/20170127-101745-0.jpg,1,1,1,1,1,0.98071575,8.893835e-06,0.98071575,1.265361e-10,8.912225e-06,5.7923333e-09,3.6086803e-05,0.012837039,5.5052133e-06,0.006387797
/home/leo/Documentos/mestrado/DeepWeeds-Mobile/images/20170705-160229-0.jpg,7,7,7,7,1,0.7072405,0.08671765,0.0043936493,0.00014970623,0.007970057,0.00930948,4.0577128e-05,2.4559652e-06,0.7072405,0.18417595
/home/leo/Documentos/mestrado/DeepWeeds-Mobile/images/20170728-151210-1.jpg,4,4,4,4,1,0.99918896,1.6903833e-07,3.4683403e-08,0.0006631022,2.955104e-05,0.99918896,3.5674308e-08,2.8837485e-07,4.7747157e-08,0.00011785421
/home/leo/Documentos/mestrado/DeepWeeds-Mobile/images/20171025-091659-1.jpg,3,3,3,3,1,0.96164733,0.00015558633,0.00091684307,5.6537334e-07,0.96164733,4.281776e-05,3.2287696e-07,1.02696184e-07,0.0011301156,0.036106322
/home/leo/Documentos/mestrado/DeepWeeds-Mobile/images/20170811-103652-1.jpg,0,0,0,0,1,0.7817122,0.7817122,0.006271396,2.0397517e-06,4.6629175e-05,7.76668e-05,0.00012689238,0.0037004557,0.19985645,0.008206238
/home/leo/Documentos/mestrado/DeepWeeds-Mobile/images/20171220-092732-2.jpg,8,8,8,8,1,0.82975805,0.00013943567,9.603318e-07,1.2612907e-11,1.8423516e-07,1.10351395e-10,0.17009406,1.8028129e-06,5.552176e-06,0.82975805
/home/leo/Documentos/mestrado/DeepWeeds-Mobile/images/20171102-093753-3.jpg,4,8,4,8,0,0.76850826,0.010004634,0.00011061157,0.017590608,0.16014236,0.03342746,2.8848879e-06,1.4271052e-07,0.010213113,0.76850826
/home/leo/Documentos/mestrado/DeepWeeds-Mobile/images/20171218-112810-3.jpg,8,8,8,8,1,0.9564295,1.5065605e-05,0.038210288,1.1408184e-08,0.0018161735,3.6995476e-07,0.0002503577,0.003185507,9.280284e-05,0.9564295
/home/leo/Documentos/mestrado/DeepWeeds-Mobile/images/20170711-114901-0.jpg,7,7,7,7,1,0.66982657,0.016499715,0.074421056,8.8152054e-05,0.068471745,0.0010511748,0.00011363974,5.939418e-05,0.66982657,0.16946857
/home/leo/Documentos/mestrado/DeepWeeds-Mobile/images/20170728-121259-3.jpg,4,4,4,4,1,0.9991423,1.7142134e-05,1.1064843e-06,0.00025040554,7.068511e-05,0.9991423,0.00010817097,2.3794787e-06,4.083256e-06,0.00040378852
/home/leo/Documentos/mestrado/DeepWeeds-Mobile/images/20171025-082114-2.jpg,3,3,3,3,1,0.9944793,0.00015787472,1.848254e-08,0.0004541286,0.9944793,0.00040589937,2.8574032e-10,7.7082107e-13,5.1304938e-05,0.0044514243
/home/leo/Documentos/mestrado/DeepWeeds-Mobile/images/20180322-114050-2.jpg,8,8,8,8,1,0.8948812,0.02305533,0.001698501,1.8970293e-05,0.06419079,0.0020440486,0.00031858223,0.004619145,0.009173445,0.8948812
/home/leo/Documentos/mestrado/DeepWeeds-Mobile/images/20171220-101611-2.jpg,8,8,8,8,1,0.94149876,0.014790765,0.0063729906,1.4797668e-09,1.1162818e-05,8.186967e-09,0.0039109113,5.7642686e-05,0.03335777,0.94149876
/home/leo/Documentos/mestrado/DeepWeeds-Mobile/images/20180119-114837-2.jpg,8,8,8,8,1,0.9454783,0.0022038487,0.021937106,2.1622539e-07,3.643767e-05,1.1049928e-07,0.02712969,0.0021875252,0.0010268419,0.9454783
/home/leo/Documentos/mestrado/DeepWeeds-Mobile/images/20180109-101335-2.jpg,8,6,8,6,0,0.6510422,4.600246e-06,0.022414537,1.0432879e-07,5.879376e-05,5.060191e-07,1.7491408e-05,0.6510422,3.2612497e-05,0.32642916
/home/leo/Documentos/mestrado/DeepWeeds-Mobile/images/20170217-102857-0.jpg,0,0,0,0,1,0.92585826,0.92585826,7.980357e-06,1.7189406e-07,7.181986e-05,2.5727184e-08,0.00013846558,2.6528516e-08,0.007510789,0.06641254
/home/leo/Documentos/mestrado/DeepWeeds-Mobile/images/20171219-102156-2.jpg,8,8,8,8,1,0.8795312,0.0006859264,0.0015167963,3.7140002e-05,0.11564753,0.0016294247,1.315385e-05,7.73021e-05,0.0008615075,0.8795312
/home/leo/Documentos/mestrado/DeepWeeds-Mobile/images/20180112-081306-1.jpg,8,8,8,8,1,0.77120167,0.0037313688,1.9022049e-05,0.020921687,0.18872876,0.011804432,1.67295e-06,6.628045e-08,0.003591296,0.77120167
/home/leo/Documentos/mestrado/DeepWeeds-Mobile/images/20180109-075232-2.jpg,8,6,8,6,0,0.84631133,0.0001885555,0.0023169378,6.6868033e-06,1.7972e-05,1.248621e-05,4.025455e-05,0.84631133,0.00015582265,0.15095003
/home/leo/Documentos/mestrado/DeepWeeds-Mobile/images/20180105-092612-2.jpg,8,8,8,8,1,0.9941929,2.4197652e-10,1.0492884e-07,0.0007547252,2.2321441e-07,4.459903e-07,4.4371045e-09,0.005051543,1.4400333e-09,0.9941929
/home/leo/Documentos/mestrado/DeepWeeds-Mobile/images/20180119-114542-1.jpg,8,8,8,8,1,0.9712828,0.004811329,0.016751504,3.3904942e-06,0.0014515382,4.6629324e-05,0.00014371051,0.0009992168,0.004509817,0.9712828
/home/leo/Documentos/mestrado/DeepWeeds-Mobile/images/20170217-095216-0.jpg,7,7,7,7,1,0.88951296,0.057019535,0.00059077493,8.902187e-09,4.410226e-08,5.828818e-09,2.9131784e-06,1.9085567e-06,0.88951296,0.05287185
/home/leo/Documentos/mestrado/DeepWeeds-Mobile/images/20180119-111113-1.jpg,8,8,8,8,1,0.5170562,0.0002184793,0.106324695,4.4408822e-07,0.00010166056,1.1993767e-06,0.00014814592,0.37449503,0.0016541284,0.5170562
/home/leo/Documentos/mestrado/DeepWeeds-Mobile/images/20171212-100437-3.jpg,8,8,8,8,1,0.99973875,8.811858e-05,5.3559124e-05,9.255901e-12,5.9085387e-06,2.287139e-10,1.0734876e-05,2.7863481e-07,0.00010271702,0.99973875
/home/leo/Documentos/mestrado/DeepWeeds-Mobile/images/20180125-134135-3.jpg,8,8,8,8,1,0.8372373,0.001142887,0.008607729,0.0018919171,0.058138195,0.0036096147,4.2946373e-05,0.08325285,0.006076572,0.8372373
/home/leo/Documentos/mestrado/DeepWeeds-Mobile/images/20171113-145500-3.jpg,6,6,6,6,1,0.99607545,4.9157404e-07,0.00014912858,2.385709e-05,0.00010442762,1.0143461e-05,1.6500032e-07,0.99607545,2.4786934e-06,0.0036338056
/home/leo/Documentos/mestrado/DeepWeeds-Mobile/images/20171102-120236-2.jpg,2,2,2,2,1,0.99973637,9.999574e-07,1.7671898e-08,0.99973637,2.812901e-06,7.955832e-06,3.70061e-08,3.8273348e-07,2.702805e-07,0.00025126582
/home/leo/Documentos/mestrado/DeepWeeds-Mobile/images/20171025-093205-2.jpg,3,3,3,3,1,0.9565761,0.0011225248,1.6279316e-07,0.0014784842,0.9565761,0.001299503,1.632254e-08,5.929639e-11,0.00031003795,0.03921309
/home/leo/Documentos/mestrado/DeepWeeds-Mobile/images/20171219-094002-2.jpg,8,8,8,8,1,0.9809903,0.0018763565,0.002199275,7.2887196e-06,0.00761498,0.00022761617,8.289807e-05,1.2119024e-05,0.006989255,0.9809903
/home/leo/Documentos/mestrado/DeepWeeds-Mobile/images/20180112-102644-2.jpg,8,8,8,8,1,0.99553204,0.003528338,5.000645e-06,0.00020634945,2.1402166e-05,2.233017e-06,3.947818e-05,2.6254595e-08,0.00066502637,0.99553204
/home/leo/Documentos/mestrado/DeepWeeds-Mobile/images/20180112-091809-2.jpg,8,8,8,8,1,0.9977919,0.001958852,1.2917557e-08,3.8503535e-05,8.2312516e-07,1.1094529e-07,1.0200382e-06,7.169722e-13,0.00020875846,0.9977919
/home/leo/Documentos/mestrado/DeepWeeds-Mobile/images/20170920-171751-1.jpg,2,2,2,2,1,0.99918264,1.8484875e-10,6.195246e-08,0.99918264,4.6969863e-08,9.140343e-07,8.649867e-11,7.6798045e-07,7.6793677e-10,0.0008156164
/home/leo/Documentos/mestrado/DeepWeeds-Mobile/images/20171220-085416-3.jpg,8,8,8,8,1,0.8721817,0.00013285351,0.10724699,4.0775102e-11,1.3100259e-05,9.0696284e-10,0.015220709,0.0024868709,0.0027177006,0.8721817
/home/leo/Documentos/mestrado/DeepWeeds-Mobile/images/20180112-081429-1.jpg,8,8,8,8,1,0.5293366,0.087446004,6.308556e-06,0.006713295,0.35891262,0.00029853784,1.1428042e-06,5.352511e-10,0.01728562,0.5293366
/home/leo/Documentos/mestrado/DeepWeeds-Mobile/images/20170811-163543-1.jpg,0,0,0,0,1,0.9781641,0.9781641,0.0005646944,4.1086537e-07,4.988769e-07,2.074938e-06,7.5991695e-05,1.0468153e-05,0.0076505113,0.013531221
/home/leo/Documentos/mestrado/DeepWeeds-Mobile/images/20171203-174204-3.jpg,8,8,8,8,1,0.8861874,0.0018762492,0.093507335,3.1437068e-08,0.007593166,1.5025108e-06,0.0012847325,0.0038426805,0.0057069524,0.8861874
/home/leo/Documentos/mestrado/DeepWeeds-Mobile/images/20180109-070732-1.jpg,8,8,8,8,1,0.99985814,5.856479e-08,2.1084852e-06,1.4279575e-06,4.1567882e-06,2.2537639e-05,7.5704015e-10,0.00011153776,6.488357e-08,0.99985814
/home/leo/Documentos/mestrado/DeepWeeds-Mobile/images/20180322-132124-1.jpg,8,8,8,8,1,0.9958905,0.0024242145,0.00015633034,1.1911513e-05,0.00033723595,0.0006270998,3.9327777e-05,5.307331e-06,0.0005080918,0.9958905
/home/leo/Documentos/mestrado/DeepWeeds-Mobile/images/20180125-132255-2.jpg,8,8,8,8,1,0.9971252,0.0013665117,0.0003461068,1.0967706e-08,1.4728255e-05,1.9508464e-06,0.0005856063,2.2277413e-06,0.0005577377,0.9971252
/home/leo/Documentos/mestrado/DeepWeeds-Mobile/images/20180105-095642-3.jpg,8,8,8,8,1,0.99968785,3.0562475e-08,8.566411e-07,4.804351e-05,6.872935e-05,2.510795e-06,1.4753292e-10,0.00019163248,3.9943544e-07,0.99968785
/home/leo/Documentos/mestrado/DeepWeeds-Mobile/images/20171220-084136-3.jpg,8,8,8,8,1,0.99901605,0.0006597934,2.2469405e-05,6.5184934e-11,1.4316937e-05,5.5066423e-08,0.0002382234,6.908827e-06,4.2224536e-05,0.99901605
/home/leo/Documentos/mestrado/DeepWeeds-Mobile/images/20170913-100846-2.jpg,3,3,3,3,1,0.74341196,0.00041829984,0.0003542271,0.0010659304,0.74341196,0.003614893,0.21609564,0.0006859842,0.00011863067,0.034234352
/home/leo/Documentos/mestrado/DeepWeeds-Mobile/images/20171220-082743-2.jpg,8,8,8,8,1,0.9999008,1.8692945e-05,1.2204439e-08,2.7205227e-15,1.9268379e-07,4.2103824e-11,7.885373e-05,3.729359e-08,1.4490354e-06,0.9999008
/home/leo/Documentos/mestrado/DeepWeeds-Mobile/images/20170728-124723-3.jpg,4,4,4,4,1,0.46431592,0.27273488,1.10947485e-05,0.0015131859,0.0026134837,0.46431592,1.1366473e-06,1.5162278e-09,0.09004227,0.16876808
/home/leo/Documentos/mestrado/DeepWeeds-Mobile/images/20180322-131657-1.jpg,8,8,8,8,1,0.993606,0.002849449,0.00014689333,0.00041759864,0.0003445905,0.0015636856,1.8896395e-05,4.165481e-08,0.0010527509,0.993606
/home/leo/Documentos/mestrado/DeepWeeds-Mobile/images/20171121-074216-1.jpg,6,6,6,6,1,0.96737134,7.361133e-07,0.001187577,2.996696e-09,1.1940366e-05,2.1421702e-06,7.703572e-07,0.96737134,2.7686522e-06,0.031422816
/home/leo/Documentos/mestrado/DeepWeeds-Mobile/images/20170920-115351-2.jpg,2,4,2,4,0,0.45804,0.0034782279,9.6606156e-05,0.35805738,0.016649371,0.45804,9.205673e-06,2.7006967e-05,0.003679247,0.15996306
/home/leo/Documentos/mestrado/DeepWeeds-Mobile/images/20180125-130452-2.jpg,8,8,8,8,1,0.9884517,0.0010576542,0.004492797,5.377755e-10,0.0008123066,3.0761983e-06,0.0003760804,0.0015382761,0.0032680715,0.9884517
/home/leo/Documentos/mestrado/DeepWeeds-Mobile/images/20170714-122007-2.jpg,1,1,1,1,1,0.9201198,0.0029081074,0.9201198,4.808787e-07,0.00012947325,0.00012497121,0.0002753895,0.007809067,0.06509002,0.0035426884
/home/leo/Documentos/mestrado/DeepWeeds-Mobile/images/20180109-074521-2.jpg,8,8,8,8,1,0.9654537,0.034347575,2.1684426e-05,1.2013089e-11,3.5143742e-08,2.0722994e-09,4.943466e-05,3.166535e-05,9.597729e-05,0.9654537
/home/leo/Documentos/mestrado/DeepWeeds-Mobile/images/20180105-095458-2.jpg,8,8,8,8,1,0.9757893,2.6416476e-06,3.0746232e-05,0.005812163,0.00070460537,0.00012828808,4.0521874e-07,0.01751665,1.5089317e-05,0.9757893
/home/leo/Documentos/mestrado/DeepWeeds-Mobile/images/20180112-075756-2.jpg,8,7,8,7,0,0.5197591,0.3897034,0.00722367,0.00035425613,0.0015554506,3.3445896e-05,3.2071977e-05,8.153853e-07,0.5197591,0.08133791
/home/leo/Documentos/mestrado/DeepWeeds-Mobile/images/20170714-115607-2.jpg,1,1,1,1,1,0.9213497,0.0092751905,0.9213497,8.66316e-12,5.738357e-07,3.4725018e-09,1.0476992e-06,0.046862025,0.019846555,0.0026648215
/home/leo/Documentos/mestrado/DeepWeeds-Mobile/images/20180322-125058-1.jpg,8,8,8,8,1,0.99879646,0.0001706608,3.1782558e-05,2.1921984e-09,2.5340458e-10,8.062564e-08,0.0009961381,1.7232342e-06,3.1762875e-06,0.99879646
/home/leo/Documentos/mestrado/DeepWeeds-Mobile/images/20180112-080408-1.jpg,8,8,8,8,1,0.48145998,0.2981211,0.017419431,0.0012443586,0.06542638,0.00044791785,7.499785e-06,1.2220362e-06,0.13587211,0.48145998
/home/leo/Documentos/mestrado/DeepWeeds-Mobile/images/20180105-102406-1.jpg,8,8,8,8,1,0.9875468,9.536214e-07,4.5117343e-07,0.0055564134,0.00068748154,8.926805e-05,1.14880535e-07,0.0061164103,2.0953987e-06,0.9875468
/home/leo/Documentos/mestrado/DeepWeeds-Mobile/images/20171212-093216-3.jpg,8,8,8,8,1,0.95855355,0.0062354547,0.0004562833,0.0063043763,0.0027987445,0.011378807,5.1938046e-06,0.0009664553,0.01330122,0.95855355
/home/leo/Documentos/mestrado/DeepWeeds-Mobile/images/20180109-074714-1.jpg,8,8,8,8,1,0.97754055,3.5372646e-05,5.324846e-05,0.01037106,0.0022662678,0.0036107136,1.6088859e-06,0.006039425,8.169136e-05,0.97754055
/home/leo/Documentos/mestrado/DeepWeeds-Mobile/images/20170811-134054-2.jpg,0,0,0,0,1,0.93057925,0.93057925,0.008424916,1.0151699e-05,3.0364092e-06,2.5042411e-06,0.0003650136,2.822751e-06,0.01021069,0.050401576
/home/leo/Documentos/mestrado/DeepWeeds-Mobile/images/20171102-114726-1.jpg,2,2,2,2,1,0.9998758,3.264711e-07,6.9928724e-10,0.9998758,3.9124243e-06,8.0795746e-07,5.131761e-10,1.0154498e-10,6.1337836e-08,0.00011911335
/home/leo/Documentos/mestrado/DeepWeeds-Mobile/images/20170217-114633-0.jpg,7,7,7,7,1,0.5542285,0.110149145,2.4015982e-05,3.8716568e-08,7.4965606e-10,6.5181487e-09,4.6501886e-05,8.131981e-09,0.5542285,0.3355519
/home/leo/Documentos/mestrado/DeepWeeds-Mobile/images/20170920-160548-3.jpg,2,2,2,2,1,0.9483809,2.8665548e-07,1.5592226e-08,0.9483809,5.100011e-05,0.051122926,6.9533654e-09,2.3525657e-09,7.794259e-07,0.00044412445
/home/leo/Documentos/mestrado/DeepWeeds-Mobile/images/20180109-071502-2.jpg,8,8,8,8,1,0.931585,2.348454e-08,1.3170281e-06,1.3990114e-05,5.312378e-06,9.0877234e-07,6.0268905e-09,0.06839247,9.788348e-07,0.931585
/home/leo/Documentos/mestrado/DeepWeeds-Mobile/images/20170920-185359-1.jpg,2,2,2,2,1,0.9813354,2.0711295e-07,2.5843239e-09,0.9813354,4.9845512e-05,0.018556036,5.6681097e-07,7.6736306e-08,7.459544e-08,5.7659254e-05
/home/leo/Documentos/mestrado/DeepWeeds-Mobile/images/20171113-151910-1.jpg,6,6,6,6,1,0.8908373,0.00024683468,0.0019039493,4.7350015e-05,0.000701059,2.1087722e-05,2.18011e-06,0.8908373,0.0001005498,0.10613957
/home/leo/Documentos/mestrado/DeepWeeds-Mobile/images/20171122-100943-1.jpg,5,5,5,5,1,0.99965906,2.4785072e-07,5.7199692e-08,6.4932068e-15,3.5793486e-12,6.6660557e-15,0.99965906,5.4468114e-08,2.2318778e-08,0.00034069875
/home/leo/Documentos/mestrado/DeepWeeds-Mobile/images/20180112-091750-2.jpg,8,8,8,8,1,0.9993332,0.00051282626,7.0466655e-07,3.9881837e-07,1.5726744e-09,2.0686725e-10,3.902636e-07,3.491459e-10,0.00015249888,0.9993332
/home/leo/Documentos/mestrado/DeepWeeds-Mobile/images/20171025-073923-2.jpg,3,3,3,3,1,0.9911089,2.3822895e-06,0.0014819588,1.1013031e-11,0.9911089,1.590375e-07,2.658432e-08,2.9761277e-06,4.434094e-05,0.0073593273
/home/leo/Documentos/mestrado/DeepWeeds-Mobile/images/20171113-061405-1.jpg,6,6,6,6,1,0.99346197,2.0236095e-05,0.00024160459,3.1197462e-09,1.3839145e-05,4.0369383e-08,9.343645e-09,0.99346197,3.823821e-06,0.0062585133
/home/leo/Documentos/mestrado/DeepWeeds-Mobile/images/20170729-090107-2.jpg,4,4,4,4,1,0.9552936,9.3347924e-05,2.0032776e-06,0.011781449,0.011594726,0.9552936,1.7723903e-06,2.65262e-07,0.00031570494,0.020917136
/home/leo/Documentos/mestrado/DeepWeeds-Mobile/images/20180112-093758-2.jpg,8,8,8,8,1,0.9562722,0.03627862,2.1499785e-05,3.6323122e-06,1.0609706e-06,7.308562e-09,8.9465775e-06,4.4290076e-08,0.007414013,0.9562722
/home/leo/Documentos/mestrado/DeepWeeds-Mobile/images/20171218-121152-3.jpg,8,8,8,8,1,0.67043483,0.024272082,0.061289564,3.6434376e-08,2.9479092e-05,1.3526095e-07,0.08916989,0.14429744,0.01050659,0.67043483
/home/leo/Documentos/mestrado/DeepWeeds-Mobile/images/20170913-101306-2.jpg,3,7,3,7,0,0.5047695,0.09868972,0.004881148,0.00025124234,0.04133505,0.2196554,0.07392296,8.149549e-06,0.5047695,0.05648681
/home/leo/Documentos/mestrado/DeepWeeds-Mobile/images/20170217-114340-0.jpg,7,7,7,7,1,0.99083614,0.007819549,0.00018580233,8.3013533e-13,8.928986e-08,4.1525977e-10,0.0003014558,0.0005343195,0.99083614,0.00032263732
/home/leo/Documentos/mestrado/DeepWeeds-Mobile/images/20170217-113008-0.jpg,0,0,0,0,1,0.99790776,0.99790776,6.286802e-07,5.092153e-15,1.2738015e-12,2.5716077e-13,1.1357819e-05,3.425301e-08,0.0011715994,0.00090876385
/home/leo/Documentos/mestrado/DeepWeeds-Mobile/images/20171212-094042-1.jpg,8,8,8,8,1,0.9150183,0.007329492,2.4091052e-05,1.5417558e-06,0.07542914,0.00039647825,6.698168e-06,3.1865882e-05,0.0017623777,0.9150183
/home/leo/Documentos/mestrado/DeepWeeds-Mobile/images/20180109-101542-2.jpg,8,8,8,8,1,0.971866,0.00087326695,4.9008173e-05,0.0069994032,0.019029804,0.00090606656,1.598906e-06,3.6894853e-06,0.00027101135,0.971866
/home/leo/Documentos/mestrado/DeepWeeds-Mobile/images/20180109-075919-1.jpg,8,8,8,8,1,0.83196753,0.02687075,0.059189968,0.0003606379,0.0007770755,0.0003089821,2.4925175e-05,0.0045835846,0.075916536,0.83196753
/home/leo/Documentos/mestrado/DeepWeeds-Mobile/images/20170913-104338-2.jpg,3,3,3,3,1,0.99782723,0.00011255705,1.3348861e-06,2.4235085e-05,0.99782723,0.0010466791,1.2393442e-06,1.8292736e-08,1.7316235e-05,0.00096926617
/home/leo/Documentos/mestrado/DeepWeeds-Mobile/images/20180112-081209-2.jpg,8,8,8,8,1,0.6411505,0.0064231018,0.0042261262,0.13614935,0.1100938,0.09631281,2.4765033e-05,0.000558938,0.005060655,0.6411505
/home/leo/Documentos/mestrado/DeepWeeds-Mobile/images/20171113-060840-1.jpg,6,6,6,6,1,0.99805576,0.00020966091,0.00034595272,6.0512065e-08,7.756837e-06,5.2987326e-07,1.3043156e-06,0.99805576,0.00011036569,0.0012685708
/home/leo/Documentos/mestrado/DeepWeeds-Mobile/images/20180322-132456-1.jpg,8,8,8,8,1,0.902006,0.014127891,0.00014299687,0.009255171,0.01292727,0.056638137,8.353443e-06,7.6122745e-08,0.0048940754,0.902006
/home/leo/Documentos/mestrado/DeepWeeds-Mobile/images/20171102-120950-3.jpg,2,2,2,2,1,0.9998461,3.050796e-08,1.1572865e-09,0.9998461,4.759465e-06,3.1975162e-07,4.9366106e-10,1.07304124e-10,1.9118797e-08,0.00014876421
/home/leo/Documentos/mestrado/DeepWeeds-Mobile/images/20171025-082205-2.jpg,3,3,3,3,1,0.54416835,0.05256694,1.9185281e-05,0.0011852009,0.54416835,0.00020719788,9.351341e-07,1.0883925e-09,0.040039252,0.36181283
/home/leo/Documentos/mestrado/DeepWeeds-Mobile/images/20180322-114014-1.jpg,8,8,8,8,1,0.9996128,9.39679e-05,3.8399714e-05,4.2141245e-08,3.122893e-05,3.9749102e-07,0.00014805348,9.9748195e-06,6.50474e-05,0.9996128
/home/leo/Documentos/mestrado/DeepWeeds-Mobile/images/20180322-115004-1.jpg,8,8,8,8,1,0.99220216,0.0013742093,0.00548889,4.132819e-06,0.00010637284,3.0544597e-05,0.00013935042,6.1278242e-06,0.0006482792,0.99220216
/home/leo/Documentos/mestrado/DeepWeeds-Mobile/images/20170718-100427-2.jpg,0,3,0,3,0,0.75117904,0.015504922,9.2015525e-06,0.01464402,0.75117904,0.01756558,2.3192096e-07,4.2014685e-09,0.0068868487,0.19421017
/home/leo/Documentos/mestrado/DeepWeeds-Mobile/images/20180109-100402-1.jpg,8,8,8,8,1,0.9849946,0.0006398021,0.00012109759,5.3555445e-06,0.013729814,3.3416847e-05,1.7445819e-06,2.240093e-07,0.00047386062,0.9849946
/home/leo/Documentos/mestrado/DeepWeeds-Mobile/images/20171203-164647-3.jpg,8,8,8,8,1,0.99387306,0.00012628527,0.0030583069,1.5843354e-07,0.00031956407,1.6627358e-06,6.166229e-06,6.583922e-06,0.0026081188,0.99387306
/home/leo/Documentos/mestrado/DeepWeeds-Mobile/images/20170705-163946-0.jpg,7,0,7,0,0,0.70734483,0.70734483,0.001649654,3.5483507e-05,0.0028565144,0.00019024558,6.368881e-07,7.130859e-08,0.11985207,0.1680705
/home/leo/Documentos/mestrado/DeepWeeds-Mobile/images/20180109-094759-1.jpg,8,8,8,8,1,0.99749976,2.9071698e-05,8.202478e-05,0.0017962966,0.00052782777,8.1499616e-07,5.430461e-06,6.711777e-06,5.2029543e-05,0.99749976
/home/leo/Documentos/mestrado/DeepWeeds-Mobile/images/20170729-093222-1.jpg,4,4,4,4,1,0.8610602,0.008270735,0.00028621778,6.332043e-05,0.00845392,0.8610602,2.7729422e-05,5.345467e-08,0.091025166,0.030812645
/home/leo/Documentos/mestrado/DeepWeeds-Mobile/images/20171201-123949-3.jpg,8,8,8,8,1,0.9247245,0.011463756,0.0015808166,1.6092604e-06,5.0735975e-06,6.7254945e-08,0.0053248713,5.142073e-07,0.05689876,0.9247245
/home/leo/Documentos/mestrado/DeepWeeds-Mobile/images/20170920-112633-3.jpg,2,2,2,2,1,0.99924344,4.5651893e-07,4.3638575e-08,0.99924344,3.837634e-05,0.00023575667,1.4918527e-08,8.218629e-08,7.124637e-07,0.00048103443
/home/leo/Documentos/mestrado/DeepWeeds-Mobile/images/20180119-113758-2.jpg,8,8,8,8,1,0.9706302,0.0032001364,0.0042475634,3.2196446e-09,0.0115474295,6.1477624e-07,0.0014687834,0.00692629,0.0019789084,0.9706302
/home/leo/Documentos/mestrado/DeepWeeds-Mobile/images/20180322-130558-1.jpg,8,8,8,8,1,0.9733769,0.005209957,0.0045258654,1.5799193e-08,0.0021421604,3.0208923e-05,0.0038906957,0.00021809645,0.010606051,0.9733769
/home/leo/Documentos/mestrado/DeepWeeds-Mobile/images/20171205-133603-2.jpg,8,8,8,8,1,0.9997044,2.473734e-05,1.8005971e-06,2.0950301e-09,5.7828265e-07,1.8056483e-07,0.00025150328,3.0374704e-07,1.6321343e-05,0.9997044
/home/leo/Documentos/mestrado/DeepWeeds-Mobile/images/20180109-102721-2.jpg,8,8,8,8,1,0.98703533,0.00019531653,0.009448787,0.00013338192,0.00018042649,7.619281e-06,0.0022665758,0.00047718096,0.0002553296,0.98703533
/home/leo/Documentos/mestrado/DeepWeeds-Mobile/images/20170920-114402-2.jpg,2,2,2,2,1,0.99994445,2.808694e-09,3.1633853e-09,0.99994445,4.8145927e-07,1.0578683e-06,3.0052802e-10,2.6371062e-08,1.9939705e-08,5.4005952e-05
/home/leo/Documentos/mestrado/DeepWeeds-Mobile/images/20170210-134117-0.jpg,0,0,0,0,1,0.940718,0.940718,1.971942e-05,5.9744536e-05,3.8599896e-06,5.6282882e-08,0.00014562164,2.7228673e-08,0.0022344757,0.056818426
/home/leo/Documentos/mestrado/DeepWeeds-Mobile/images/20170811-112803-1.jpg,0,0,0,0,1,0.41536096,0.41536096,0.046913613,0.0006563443,0.01351424,0.00057130953,0.0018683436,0.0072154994,0.26154488,0.25235483
/home/leo/Documentos/mestrado/DeepWeeds-Mobile/images/20180125-092322-2.jpg,8,8,8,8,1,0.9978575,0.00083271606,2.3039402e-05,3.6036492e-06,0.0002590354,0.0005817374,2.1110975e-05,1.0436179e-07,0.00042118496,0.9978575
/home/leo/Documentos/mestrado/DeepWeeds-Mobile/images/20180125-135018-3.jpg,8,8,8,8,1,0.9769344,0.000177584,0.0026234132,0.0060115587,0.005372191,0.007084002,2.2569488e-06,0.00045964943,0.0013349416,0.9769344
/home/leo/Documentos/mestrado/DeepWeeds-Mobile/images/20170130-102503-0.jpg,1,3,1,3,0,0.5837341,0.0006045884,0.16811839,0.00063196267,0.5837341,0.0045277993,3.8668786e-06,0.0005378223,0.0065957834,0.23524572
/home/leo/Documentos/mestrado/DeepWeeds-Mobile/images/20180109-085911-1.jpg,8,8,8,8,1,0.4894417,0.011809687,1.8885056e-06,7.5732646e-07,0.48912627,7.095766e-06,1.3467734e-07,4.652533e-11,0.009612348,0.4894417
/home/leo/Documentos/mestrado/DeepWeeds-Mobile/images/20180322-133752-1.jpg,8,8,8,8,1,0.98944724,0.00010912521,0.0018998861,2.728877e-05,0.00741558,0.00090955815,8.5253505e-06,2.4727638e-07,0.00018260644,0.98944724
/home/leo/Documentos/mestrado/DeepWeeds-Mobile/images/20170714-133342-1.jpg,1,1,1,1,1,0.5868536,9.9098856e-05,0.5868536,1.0467613e-06,0.0001540137,5.954687e-06,0.0002942557,0.24555326,0.002817546,0.16422123
/home/leo/Documentos/mestrado/DeepWeeds-Mobile/images/20170728-150657-1.jpg,4,4,4,4,1,0.96028656,4.2016327e-06,2.6477932e-07,0.038922958,7.092738e-05,0.96028656,2.4174324e-07,1.6760625e-07,5.31862e-06,0.0007093969
/home/leo/Documentos/mestrado/DeepWeeds-Mobile/images/20171121-072546-1.jpg,6,6,6,6,1,0.87516975,0.0013257819,0.007547666,6.4135197e-10,1.6086298e-05,1.4472248e-07,9.748337e-05,0.87516975,0.007576061,0.10826708
/home/leo/Documentos/mestrado/DeepWeeds-Mobile/images/20180119-113355-1.jpg,8,8,8,8,1,0.8868504,0.0015474927,0.070459194,1.5398257e-06,0.0010513916,4.4000608e-05,0.00089684955,0.022893412,0.016255757,0.8868504
/home/leo/Documentos/mestrado/DeepWeeds-Mobile/images/20170404-154324-0.jpg,7,0,7,0,0,0.56898457,0.56898457,3.099167e-05,9.1791827e-07,3.3059467e-05,4.901488e-07,5.6914373e-06,8.497987e-06,0.20107095,0.22986479
/home/leo/Documentos/mestrado/DeepWeeds-Mobile/images/20180119-111654-2.jpg,8,8,8,8,1,0.9123632,0.004516189,0.045021165,4.017574e-07,0.01877909,1.0266914e-05,0.0020725154,0.0002534847,0.016983818,0.9123632
/home/leo/Documentos/mestrado/DeepWeeds-Mobile/images/20180109-074809-1.jpg,8,6,8,6,0,0.68445563,1.2417045e-09,1.1975428e-06,7.912176e-06,4.0088605e-07,9.1576155e-08,3.8415298e-08,0.68445563,3.5608867e-08,0.31553477
/home/leo/Documentos/mestrado/DeepWeeds-Mobile/images/20180125-093802-1.jpg,8,8,8,8,1,0.9999927,9.771436e-07,7.346431e-09,1.4030246e-09,1.5325953e-07,1.0200746e-06,4.9978553e-06,7.227915e-09,1.16261255e-07,0.9999927
/home/leo/Documentos/mestrado/DeepWeeds-Mobile/images/20170210-145509-0.jpg,0,0,0,0,1,0.98401344,0.98401344,0.00014966339,2.920407e-12,3.5208751e-09,5.4896987e-10,4.9740006e-06,2.7056974e-06,0.0014178721,0.014411277
/home/leo/Documentos/mestrado/DeepWeeds-Mobile/images/20180119-105930-2.jpg,8,1,8,1,0,0.82403404,0.0038904771,0.82403404,2.2219496e-05,0.00084840046,0.00031615316,8.274438e-05,0.018600414,0.010268417,0.14193726
/home/leo/Documentos/mestrado/DeepWeeds-Mobile/images/20180109-100632-2.jpg,8,8,8,8,1,0.91072387,0.00799967,0.0043637124,0.00059808034,0.06335177,0.0014165035,0.00028245494,6.8396745e-05,0.0111956755,0.91072387
/home/leo/Documentos/mestrado/DeepWeeds-Mobile/images/20180322-120954-2.jpg,8,8,8,8,1,0.980973,0.009188701,0.0017633861,1.2798185e-05,0.00397092,0.00013539633,0.0010519994,1.325649e-05,0.0028905782,0.980973
/home/leo/Documentos/mestrado/DeepWeeds-Mobile/images/20171212-094323-1.jpg,8,8,8,8,1,0.99756515,0.00028394657,2.349226e-05,4.254937e-11,0.0020497362,3.08652e-08,4.7614994e-06,4.0904354e-07,7.259191e-05,0.99756515
/home/leo/Documentos/mestrado/DeepWeeds-Mobile/images/20170315-085020-0.jpg,8,8,8,8,1,0.91134113,0.06740454,0.0053670886,1.41056775e-08,0.0017646566,1.18844774e-07,0.011348159,3.4001012e-05,0.0027403012,0.91134113
/home/leo/Documentos/mestrado/DeepWeeds-Mobile/images/20170714-143808-1.jpg,1,1,1,1,1,0.94025695,0.0003088846,0.94025695,3.980483e-10,4.4548808e-05,6.722532e-07,1.6236036e-06,7.323802e-07,0.0033320142,0.056054678
/home/leo/Documentos/mestrado/DeepWeeds-Mobile/images/20171025-090348-1.jpg,3,3,3,3,1,0.510677,0.0036552201,0.00051576836,0.061910328,0.510677,0.009530019,3.7253953e-06,0.0028387816,0.0001977078,0.41067147
/home/leo/Documentos/mestrado/DeepWeeds-Mobile/images/20171109-090929-2.jpg,5,5,5,5,1,0.63405156,0.00085952546,0.11711433,5.9718747e-10,1.0940183e-06,1.8874657e-08,0.63405156,0.16858345,0.0015999527,0.077790074
/home/leo/Documentos/mestrado/DeepWeeds-Mobile/images/20161207-111718-0.jpg,0,1,0,1,0,0.54454327,0.4092287,0.54454327,3.035194e-06,4.299029e-06,1.1548484e-07,6.591123e-05,1.7620576e-05,0.036743157,0.009393931
/home/leo/Documentos/mestrado/DeepWeeds-Mobile/images/20180125-095132-2.jpg,8,8,8,8,1,0.5130635,0.029298877,0.0002812057,7.254555e-07,0.01375367,1.2411353e-05,0.43536758,0.0071722125,0.0010498243,0.5130635
/home/leo/Documentos/mestrado/DeepWeeds-Mobile/images/20170210-133931-0.jpg,0,0,0,0,1,0.7543377,0.7543377,0.0005624032,6.3492225e-05,0.00033266007,3.843035e-06,4.2493208e-05,6.0942384e-06,0.14571324,0.09893808
/home/leo/Documentos/mestrado/DeepWeeds-Mobile/images/20171109-085143-3.jpg,5,5,5,5,1,0.8033614,0.00022164959,8.0081336e-05,2.1063826e-11,8.443223e-06,2.085644e-09,0.8033614,0.022633262,1.6006219e-05,0.17367922
/home/leo/Documentos/mestrado/DeepWeeds-Mobile/images/20180112-093134-2.jpg,8,8,8,8,1,0.99944466,0.00032167442,2.301417e-06,5.641915e-05,3.6891759e-06,3.7107404e-07,5.916102e-06,1.7486546e-08,0.00016488964,0.99944466
/home/leo/Documentos/mestrado/DeepWeeds-Mobile/images/20180105-095313-2.jpg,8,8,8,8,1,0.9880477,1.2127247e-06,2.9521447e-05,0.008326371,0.0011195469,0.0016641455,9.413425e-09,0.00080156326,9.929042e-06,0.9880477
/home/leo/Documentos/mestrado/DeepWeeds-Mobile/images/20170913-104750-1.jpg,3,3,3,3,1,0.4929377,0.0021266607,3.6629117e-05,0.00043246974,0.4929377,0.46930408,1.8510485e-06,1.03330954e-07,0.008564928,0.026595566
/home/leo/Documentos/mestrado/DeepWeeds-Mobile/images/20171220-084407-3.jpg,8,8,8,8,1,0.99373287,0.0055273604,4.701166e-05,1.5977935e-08,0.00014137347,4.2325813e-05,0.00024171773,1.262919e-06,0.0002660795,0.99373287
/home/leo/Documentos/mestrado/DeepWeeds-Mobile/images/20170920-131212-2.jpg,2,2,2,2,1,0.9968485,2.096133e-06,1.3181086e-07,0.9968485,0.00078608555,0.0016014719,5.191137e-06,2.74291e-07,7.1332333e-06,0.00074913946
/home/leo/Documentos/mestrado/DeepWeeds-Mobile/images/20171113-130542-2.jpg,6,1,6,1,0,0.44917437,6.329361e-05,0.44917437,1.0505679e-06,0.00011906914,4.3117916e-06,0.00105164,0.44649684,0.0002589898,0.10283047
/home/leo/Documentos/mestrado/DeepWeeds-Mobile/images/20171025-073152-1.jpg,3,8,3,8,0,0.41767982,0.02070429,0.15704353,6.591709e-06,0.32278806,0.0015067032,0.00046215326,0.00024665502,0.079562314,0.41767982
/home/leo/Documentos/mestrado/DeepWeeds-Mobile/images/20170718-133234-2.jpg,7,8,7,8,0,0.37816936,0.37502053,9.9726174e-05,0.0044501014,0.08290285,0.00030276363,0.00019666842,6.0581336e-08,0.15885794,0.37816936
/home/leo/Documentos/mestrado/DeepWeeds-Mobile/images/20170811-131340-1.jpg,0,0,0,0,1,0.992677,0.992677,0.0006627901,4.0249643e-06,3.1268467e-06,2.5629454e-06,5.7081234e-05,7.8232165e-07,0.005380737,0.0012117726
/home/leo/Documentos/mestrado/DeepWeeds-Mobile/images/20170210-131858-0.jpg,0,0,0,0,1,0.69600314,0.69600314,0.0018017283,6.361221e-08,3.723205e-09,5.8531464e-09,5.432359e-05,4.108743e-08,0.30167,0.00047064808
/home/leo/Documentos/mestrado/DeepWeeds-Mobile/images/20180112-083043-1.jpg,8,8,8,8,1,0.8110054,0.04431698,2.1844655e-05,0.014141297,0.12095169,1.098414e-05,1.5293122e-05,2.0396245e-09,0.009536441,0.8110054
/home/leo/Documentos/mestrado/DeepWeeds-Mobile/images/20171102-095824-1.jpg,4,3,4,3,0,0.51235896,0.011751898,3.5307057e-05,0.051741064,0.51235896,0.23930137,8.259591e-07,3.9007622e-07,0.010103902,0.17470635
/home/leo/Documentos/mestrado/DeepWeeds-Mobile/images/20171102-123144-3.jpg,2,2,2,2,1,0.9999633,3.052622e-07,7.034457e-11,0.9999633,6.8981296e-07,8.044317e-08,3.0663933e-11,5.146811e-12,8.318209e-09,3.563296e-05
/home/leo/Documentos/mestrado/DeepWeeds-Mobile/images/20171220-091311-2.jpg,8,8,8,8,1,0.96798587,0.01158913,0.008779983,8.5292235e-09,0.0010975365,8.078769e-06,0.009955696,0.00011605941,0.0004676153,0.96798587
/home/leo/Documentos/mestrado/DeepWeeds-Mobile/images/20180105-091702-3.jpg,8,8,8,8,1,0.9994801,2.3394971e-08,1.8958414e-07,2.9049768e-05,8.039646e-05,5.9964656e-05,1.266007e-10,0.00035007892,1.7038872e-07,0.9994801
/home/leo/Documentos/mestrado/DeepWeeds-Mobile/images/20180125-094330-1.jpg,8,8,8,8,1,0.995472,2.8827428e-05,0.00010477983,4.977215e-05,0.00027955387,0.0026305208,2.5091605e-05,0.001346273,6.309629e-05,0.995472
/home/leo/Documentos/mestrado/DeepWeeds-Mobile/images/20171220-092024-2.jpg,8,6,8,6,0,0.31703156,0.13959886,0.053222775,0.0041145813,0.01681849,0.0066725207,0.11420693,0.31703156,0.033101175,0.31523317
/home/leo/Documentos/mestrado/DeepWeeds-Mobile/images/20171203-173903-3.jpg,8,8,8,8,1,0.784406,0.00046739783,0.105434194,8.260984e-07,0.00022109335,4.8949964e-06,0.00034186913,0.10864154,0.00048227387,0.784406
/home/leo/Documentos/mestrado/DeepWeeds-Mobile/images/20180119-110438-2.jpg,8,8,8,8,1,0.9744211,0.004364073,0.008586566,3.9090726e-05,0.0023560668,9.151891e-05,0.00045368428,6.790784e-05,0.009620043,0.9744211
/home/leo/Documentos/mestrado/DeepWeeds-Mobile/images/20171113-092559-3.jpg,5,5,5,5,1,0.9169373,9.942657e-06,0.00015327294,3.4721517e-09,1.2629428e-06,1.0428294e-09,0.9169373,0.00050250196,5.5129338e-05,0.0823406
/home/leo/Documentos/mestrado/DeepWeeds-Mobile/images/20180119-114937-2.jpg,8,8,8,8,1,0.64904517,0.22692174,0.013151169,2.0249841e-05,4.4686265e-05,3.15223e-06,0.010710706,6.884926e-06,0.10009622,0.64904517
/home/leo/Documentos/mestrado/DeepWeeds-Mobile/images/20170920-191441-1.jpg,2,2,2,2,1,0.9998878,5.1222738e-08,1.4865885e-09,0.9998878,1.2384016e-06,9.3120354e-05,3.5180454e-09,9.3598995e-09,4.6843617e-08,1.7629973e-05
/home/leo/Documentos/mestrado/DeepWeeds-Mobile/images/20180112-071911-2.jpg,8,3,8,3,0,0.6116888,0.0011391426,0.0001849435,0.0034823054,0.6116888,0.010832903,6.893994e-07,6.4058377e-06,0.001106999,0.3715579
/home/leo/Documentos/mestrado/DeepWeeds-Mobile/images/20171212-095443-3.jpg,8,8,8,8,1,0.97677976,0.012444443,0.00042038944,5.8971192e-08,0.005081384,2.0768127e-06,5.5398028e-05,3.929505e-06,0.005212588,0.97677976
/home/leo/Documentos/mestrado/DeepWeeds-Mobile/images/20170127-101000-0.jpg,1,1,1,1,1,0.4732166,0.0002991424,0.4732166,4.788165e-09,0.00042562975,6.476065e-07,3.2931846e-05,0.21409634,0.0017116258,0.3102171
/home/leo/Documentos/mestrado/DeepWeeds-Mobile/images/20180125-093318-2.jpg,8,8,8,8,1,0.99867445,0.00086769107,1.8948435e-06,4.638793e-06,8.628648e-05,0.00016618615,1.6191367e-05,3.779366e-08,0.00018268313,0.99867445
/home/leo/Documentos/mestrado/DeepWeeds-Mobile/images/20170217-112531-0.jpg,0,0,0,0,1,0.9995695,0.9995695,1.638048e-05,9.131417e-13,1.6313022e-11,1.031222e-12,5.1241676e-07,9.861003e-08,0.00040236895,1.1035977e-05
/home/leo/Documentos/mestrado/DeepWeeds-Mobile/images/20180112-103015-1.jpg,8,8,8,8,1,0.9957158,0.0033563175,1.9662419e-05,1.4294083e-06,4.6757712e-05,2.298035e-07,1.8146962e-05,1.0476911e-06,0.0008406104,0.9957158
/home/leo/Documentos/mestrado/DeepWeeds-Mobile/images/20170906-110733-2.jpg,3,8,3,8,0,0.8833875,6.0147577e-05,9.923159e-05,0.01865275,0.05607898,0.0377188,4.3277004e-07,0.0035491444,0.00045306905,0.8833875
/home/leo/Documentos/mestrado/DeepWeeds-Mobile/images/20171109-085248-2.jpg,5,8,5,8,0,0.88451344,1.51320655e-05,2.9947006e-07,1.940599e-13,8.615325e-08,5.7723396e-12,0.115469895,7.03282e-07,2.99341e-07,0.88451344
/home/leo/Documentos/mestrado/DeepWeeds-Mobile/images/20160928-140747-0.jpg,0,0,0,0,1,0.5419778,0.5419778,0.18254481,9.2684466e-05,0.00015628598,2.4958417e-05,0.017577497,0.011799029,0.05366947,0.19215749
/home/leo/Documentos/mestrado/DeepWeeds-Mobile/images/20180109-095145-1.jpg,8,8,8,8,1,0.9909476,0.00023717948,3.5291563e-05,6.352741e-05,0.008646616,3.280711e-06,4.4322684e-07,2.6469227e-06,6.336169e-05,0.9909476
/home/leo/Documentos/mestrado/DeepWeeds-Mobile/images/20171220-100547-1.jpg,8,8,8,8,1,0.9999274,1.7572122e-05,1.38485975e-05,7.5582715e-14,4.88399e-07,2.557494e-11,3.2135515e-05,7.282962e-07,7.844549e-06,0.9999274
/home/leo/Documentos/mestrado/DeepWeeds-Mobile/images/20170627-103912-0.jpg,0,0,0,0,1,0.770484,0.770484,7.422922e-06,0.018230276,0.004678983,8.923405e-06,1.5075167e-05,6.366392e-10,0.006100182,0.2004752
/home/leo/Documentos/mestrado/DeepWeeds-Mobile/images/20170811-104558-2.jpg,0,0,0,0,1,0.7174608,0.7174608,0.0017509002,2.848035e-07,1.2446167e-05,7.421163e-07,0.0034439086,1.1163435e-06,0.094778776,0.18255101
/home/leo/Documentos/mestrado/DeepWeeds-Mobile/images/20170718-132348-2.jpg,0,3,0,3,0,0.6308934,0.05469448,0.0005944066,0.0140790185,0.6308934,0.0071482323,7.67587e-06,1.169903e-06,0.04473181,0.24784973
/home/leo/Documentos/mestrado/DeepWeeds-Mobile/images/20171212-100832-1.jpg,8,8,8,8,1,0.99420327,0.00080018194,4.690572e-05,1.2108568e-11,0.0045660282,1.9012237e-08,2.2633146e-06,4.4819336e-07,0.00038085252,0.99420327
/home/leo/Documentos/mestrado/DeepWeeds-Mobile/images/20170920-131138-2.jpg,2,2,2,2,1,0.9967528,2.453292e-06,9.559315e-08,0.9967528,0.0010527932,0.0017895008,8.700026e-07,8.020341e-08,3.0410415e-06,0.000398299
/home/leo/Documentos/mestrado/DeepWeeds-Mobile/images/20171205-124230-2.jpg,8,8,8,8,1,0.9930682,0.0010873538,8.937907e-05,2.2390823e-05,0.004069192,0.0005019694,0.0009344314,8.704365e-05,0.00014016611,0.9930682
/home/leo/Documentos/mestrado/DeepWeeds-Mobile/images/20170727-151236-3.jpg,4,4,4,4,1,0.84236765,0.0018178836,7.78244e-06,0.06880004,0.022625837,0.84236765,3.2618118e-06,8.13646e-09,0.010111709,0.054265793
/home/leo/Documentos/mestrado/DeepWeeds-Mobile/images/20170913-111022-1.jpg,3,4,3,4,0,0.83237094,0.0001797266,0.00030785316,0.009524063,0.13238442,0.83237094,6.6708244e-06,0.00010861267,0.0023911546,0.022726504
/home/leo/Documentos/mestrado/DeepWeeds-Mobile/images/20171219-093103-3.jpg,8,8,8,8,1,0.58020145,0.009172676,0.3331437,3.7023796e-07,8.432096e-05,2.4069166e-06,0.029997448,0.024543293,0.022854341,0.58020145
/home/leo/Documentos/mestrado/DeepWeeds-Mobile/images/20170728-125143-2.jpg,4,4,4,4,1,0.9952577,0.0017277239,3.4001337e-07,5.054453e-07,0.0002104952,0.9952577,5.2811696e-08,5.929041e-12,0.0016591408,0.0011441004
/home/leo/Documentos/mestrado/DeepWeeds-Mobile/images/20180105-095832-2.jpg,8,8,8,8,1,0.9758807,1.3201678e-07,6.714879e-07,0.018555209,7.161452e-06,8.958438e-05,2.3362038e-07,0.0054656914,6.774344e-07,0.9758807
/home/leo/Documentos/mestrado/DeepWeeds-Mobile/images/20171220-094738-1.jpg,8,8,8,8,1,0.9998963,1.871264e-05,6.7205724e-06,2.394322e-14,5.471888e-05,4.1455092e-10,1.9197218e-05,1.2147209e-06,3.196444e-06,0.9998963
/home/leo/Documentos/mestrado/DeepWeeds-Mobile/images/20170727-162512-1.jpg,4,4,4,4,1,0.79035044,0.031986825,0.0001382209,2.2715769e-05,0.007742488,0.79035044,4.6863315e-06,8.756726e-09,0.10966484,0.060089797
/home/leo/Documentos/mestrado/DeepWeeds-Mobile/images/20171113-142844-3.jpg,6,6,6,6,1,0.9947353,0.00045738122,0.00035745653,1.707166e-06,6.056647e-05,1.7846289e-05,3.5207864e-05,0.9947353,0.000223239,0.004111264
/home/leo/Documentos/mestrado/DeepWeeds-Mobile/images/20171025-073724-3.jpg,3,3,3,3,1,0.99718887,2.7030623e-05,7.695741e-05,5.3727827e-06,0.99718887,0.0011475093,5.272869e-08,2.944362e-06,0.00010283367,0.0014484312
/home/leo/Documentos/mestrado/DeepWeeds-Mobile/images/20180112-093951-1.jpg,8,8,8,8,1,0.94341886,0.03169007,0.005653891,0.00014295906,0.0019567807,0.00039017494,6.409478e-05,0.0003664942,0.016316673,0.94341886
/home/leo/Documentos/mestrado/DeepWeeds-Mobile/images/20170718-094700-2.jpg,0,8,0,8,0,0.44605553,0.43929443,0.0013574739,0.019651582,0.023614047,0.0020021587,1.3552166e-05,1.4595206e-06,0.068009704,0.44605553
/home/leo/Documentos/mestrado/DeepWeeds-Mobile/images/20171220-092914-2.jpg,8,8,8,8,1,0.9999707,1.8378929e-06,4.5070476e-09,6.0431917e-15,4.652646e-09,3.3880021e-12,2.7482203e-05,7.2004975e-09,1.9685112e-08,0.9999707
/home/leo/Documentos/mestrado/DeepWeeds-Mobile/images/20170210-132528-0.jpg,0,0,0,0,1,0.98589534,0.98589534,3.3481472e-06,8.777961e-11,2.0470979e-07,1.5320588e-10,1.1580475e-05,5.8987638e-08,0.0025191833,0.011570167
/home/leo/Documentos/mestrado/DeepWeeds-Mobile/images/20171220-093207-2.jpg,8,8,8,8,1,0.9984732,4.539109e-05,0.000115893185,5.5213506e-10,0.0011619682,7.3390396e-07,0.00014788497,5.217452e-05,2.8278698e-06,0.9984732
/home/leo/Documentos/mestrado/DeepWeeds-Mobile/images/20180112-074109-1.jpg,8,8,8,8,1,0.90259403,0.0077620065,0.0028957075,0.00398656,0.06306783,0.004177618,4.041447e-06,0.00013874694,0.015373479,0.90259403
/home/leo/Documentos/mestrado/DeepWeeds-Mobile/images/20170714-131037-1.jpg,1,1,1,1,1,0.795893,0.11948695,0.795893,8.6090927e-07,0.00052884914,0.00011602205,0.00016560678,0.0006031137,0.045545347,0.037660286
/home/leo/Documentos/mestrado/DeepWeeds-Mobile/images/20170920-110749-2.jpg,4,3,4,3,0,0.48160967,0.031524543,0.008949613,0.009343893,0.48160967,0.12015028,0.0003975935,0.0003021337,0.06082651,0.28689572
/home/leo/Documentos/mestrado/DeepWeeds-Mobile/images/20171219-092722-2.jpg,8,8,8,8,1,0.9910603,0.0069438545,1.7987786e-05,1.0112322e-07,0.00096323295,2.1927479e-05,8.2553146e-05,2.7254859e-05,0.00088268664,0.9910603
/home/leo/Documentos/mestrado/DeepWeeds-Mobile/images/20171025-082605-1.jpg,3,3,3,3,1,0.9767944,0.00078856427,3.1149098e-06,0.00020322159,0.9767944,0.000722146,1.4330489e-08,7.3190565e-10,0.0003593782,0.021129103
/home/leo/Documentos/mestrado/DeepWeeds-Mobile/images/20171121-072316-1.jpg,6,6,6,6,1,0.99877197,2.2537602e-05,9.979578e-05,4.454485e-11,9.582445e-06,3.046234e-08,5.1649363e-06,0.99877197,0.000123752,0.0009671958
/home/leo/Documentos/mestrado/DeepWeeds-Mobile/images/20180109-105441-1.jpg,8,8,8,8,1,0.91440535,0.013646544,0.00020441985,0.00011433444,0.0675373,2.3627606e-06,4.3326083e-05,1.1387279e-07,0.0040463246,0.91440535
/home/leo/Documentos/mestrado/DeepWeeds-Mobile/images/20180125-132622-3.jpg,8,8,8,8,1,0.96267354,0.00036072484,0.024408361,0.0008283827,0.001365349,0.0044711237,2.5447272e-05,0.00054954365,0.005317617,0.96267354
/home/leo/Documentos/mestrado/DeepWeeds-Mobile/images/20171218-104012-2.jpg,8,8,8,8,1,0.9586007,0.0019191017,0.022503015,2.7624255e-11,2.7355547e-05,5.340343e-09,0.0011378948,0.00011988817,0.015692072,0.9586007
/home/leo/Documentos/mestrado/DeepWeeds-Mobile/images/20171121-090548-3.jpg,6,6,6,6,1,0.61731124,0.0001292522,3.029119e-05,9.494246e-05,0.00022609111,5.043611e-05,3.7994965e-07,0.61731124,0.00015693379,0.38200036
/home/leo/Documentos/mestrado/DeepWeeds-Mobile/images/20171102-095402-2.jpg,4,8,4,8,0,0.59706306,0.0004218039,0.01698059,0.0040502227,0.10284211,0.05428599,1.592436e-05,0.22232965,0.0020108041,0.59706306
/home/leo/Documentos/mestrado/DeepWeeds-Mobile/images/20171113-120206-1.jpg,6,6,6,6,1,0.6212114,6.419559e-05,7.687967e-06,0.00033063142,0.0013340708,0.00015481772,1.2117932e-06,0.6212114,0.00020528275,0.37669072
/home/leo/Documentos/mestrado/DeepWeeds-Mobile/images/20171113-144704-3.jpg,6,8,6,8,0,0.24960028,0.22883855,0.24789837,6.2722e-06,1.4992912e-05,2.954992e-06,0.23942147,0.0202267,0.013990502,0.24960028
/home/leo/Documentos/mestrado/DeepWeeds-Mobile/images/20170405-155257-0.jpg,0,0,0,0,1,0.8994626,0.8994626,0.006900155,3.3616082e-06,0.00022921665,1.968254e-06,0.0002303287,0.0048903977,0.04904762,0.03923459
/home/leo/Documentos/mestrado/DeepWeeds-Mobile/images/20170210-131415-0.jpg,7,7,7,7,1,0.8099568,0.057377394,0.00017833812,0.0020908313,7.00168e-05,0.0067541497,0.016455114,2.5052145e-07,0.8099568,0.10711721
/home/leo/Documentos/mestrado/DeepWeeds-Mobile/images/20170811-132127-1.jpg,0,0,0,0,1,0.872884,0.872884,2.1073326e-07,6.199935e-07,4.4110884e-06,6.243111e-09,0.0003436529,2.6188823e-10,0.005454198,0.12131288
/home/leo/Documentos/mestrado/DeepWeeds-Mobile/images/20171220-092839-2.jpg,8,8,8,8,1,0.999776,2.8561176e-06,1.0651066e-08,7.9586735e-14,5.0633324e-09,2.8574818e-12,0.00022097136,1.5116374e-08,8.749476e-08,0.999776
/home/leo/Documentos/mestrado/DeepWeeds-Mobile/images/20171218-122047-2.jpg,8,8,8,8,1,0.9445302,2.7852891e-05,0.053698484,1.2439344e-11,0.0013992097,1.24475035e-08,6.545945e-07,0.00020830784,0.00013532994,0.9445302
/home/leo/Documentos/mestrado/DeepWeeds-Mobile/images/20170714-150335-1.jpg,1,1,1,1,1,0.99999297,3.1322922e-06,0.99999297,7.3465047e-16,5.6327183e-12,7.140609e-15,8.6248164e-13,3.3255428e-06,4.7595898e-07,9.051744e-08
/home/leo/Documentos/mestrado/DeepWeeds-Mobile/images/20180109-103117-1.jpg,8,8,8,8,1,0.968101,0.00078593654,0.0018314467,0.0008133377,0.027641878,0.00013150738,9.221562e-06,0.0002105319,0.0004750069,0.968101
/home/leo/Documentos/mestrado/DeepWeeds-Mobile/images/20180322-103820-1.jpg,8,8,8,8,1,0.63120013,0.0229791,0.0015015705,0.009793925,0.29297662,0.03374185,2.641577e-05,2.2476006e-06,0.0077781756,0.63120013
/home/leo/Documentos/mestrado/DeepWeeds-Mobile/images/20180322-121001-2.jpg,8,8,8,8,1,0.99131083,0.0031336425,5.9181617e-05,7.015957e-05,0.0042396723,0.000906714,5.817975e-05,1.2310011e-07,0.00022152264,0.99131083
/home/leo/Documentos/mestrado/DeepWeeds-Mobile/images/20171025-075751-1.jpg,3,8,3,8,0,0.98408467,0.00400541,0.0018714152,2.8268158e-05,0.007703475,3.819833e-05,1.9324061e-06,9.24498e-05,0.0021742515,0.98408467
/home/leo/Documentos/mestrado/DeepWeeds-Mobile/images/20180109-072157-1.jpg,8,6,8,6,0,0.9893901,3.8816816e-09,2.1849562e-05,3.1972463e-11,1.842671e-05,2.7670946e-09,1.36403955e-08,0.9893901,1.1686848e-08,0.010569538
/home/leo/Documentos/mestrado/DeepWeeds-Mobile/images/20180109-091622-1.jpg,8,8,8,8,1,0.9944974,0.0050251763,2.851014e-07,1.4939918e-05,0.00038733447,3.5748266e-07,2.1715498e-06,2.2779711e-06,7.002797e-05,0.9944974
/home/leo/Documentos/mestrado/DeepWeeds-Mobile/images/20171113-095009-1.jpg,5,5,5,5,1,0.99844056,0.0005087583,6.715183e-07,2.2404825e-12,7.299248e-08,5.987229e-11,0.99844056,4.8075744e-06,4.6049856e-05,0.000998961
/home/leo/Documentos/mestrado/DeepWeeds-Mobile/images/20180322-110935-2.jpg,8,8,8,8,1,0.9948849,0.0034653698,1.4084277e-05,4.54168e-05,0.00022750585,7.155622e-05,1.2627099e-05,8.015173e-10,0.0012785464,0.9948849
/home/leo/Documentos/mestrado/DeepWeeds-Mobile/images/20171218-111856-3.jpg,8,8,8,8,1,0.99947095,0.0001954392,8.3660685e-05,5.3389326e-10,3.559949e-05,6.682225e-08,5.8779176e-05,3.4057418e-08,0.00015542118,0.99947095
/home/leo/Documentos/mestrado/DeepWeeds-Mobile/images/20180109-074440-1.jpg,8,8,8,8,1,0.9476272,6.9953313e-07,6.6150765e-06,0.00047318905,6.47521e-05,0.00028558934,6.2360414e-08,0.051539462,2.420665e-06,0.9476272
/home/leo/Documentos/mestrado/DeepWeeds-Mobile/images/20171113-120549-1.jpg,6,6,6,6,1,0.8311604,0.004836589,0.082346566,1.0022422e-05,4.4015134e-05,3.421225e-06,1.3260305e-05,0.8311604,0.004048821,0.077536896
/home/leo/Documentos/mestrado/DeepWeeds-Mobile/images/20180322-114034-1.jpg,8,8,8,8,1,0.98329115,0.0058120447,0.00011807631,2.2509568e-05,0.0101703,1.9087752e-06,9.4495015e-05,3.084165e-08,0.00048957655,0.98329115
/home/leo/Documentos/mestrado/DeepWeeds-Mobile/images/20171218-121318-2.jpg,8,8,8,8,1,0.9996053,0.0002131452,6.048765e-06,2.0128742e-12,5.9108246e-05,5.162119e-09,7.0623776e-07,1.1487272e-08,0.00011558107,0.9996053
/home/leo/Documentos/mestrado/DeepWeeds-Mobile/images/20170913-101500-2.jpg,3,5,3,5,0,0.7948964,0.0007515051,0.00023295089,0.00403303,0.18563966,0.0024322274,0.7948964,1.1914039e-05,0.0002399777,0.011762402
/home/leo/Documentos/mestrado/DeepWeeds-Mobile/images/20180112-074953-2.jpg,8,8,8,8,1,0.6190254,0.3403971,0.00064393133,0.0043888316,0.0014480526,0.0005851987,9.822558e-06,4.3924295e-08,0.03350158,0.6190254
/home/leo/Documentos/mestrado/DeepWeeds-Mobile/images/20170728-151316-1.jpg,4,4,4,4,1,0.9997803,4.1780245e-06,1.45874735e-08,2.5426732e-05,5.962185e-06,0.9997803,3.7105547e-08,6.890802e-10,4.618785e-06,0.0001795218
/home/leo/Documentos/mestrado/DeepWeeds-Mobile/images/20180125-131520-3.jpg,8,8,8,8,1,0.5563453,0.14083856,0.063654006,9.081319e-05,0.028982557,0.0022877087,7.298799e-05,0.000588919,0.20713916,0.5563453
/home/leo/Documentos/mestrado/DeepWeeds-Mobile/images/20171109-092320-2.jpg,5,5,5,5,1,0.99718684,2.208362e-05,2.6161995e-05,2.9863302e-12,3.9760917e-10,1.0776303e-11,0.99718684,0.0024070907,4.2412008e-05,0.0003153686
/home/leo/Documentos/mestrado/DeepWeeds-Mobile/images/20170906-094654-1.jpg,3,4,3,4,0,0.5931182,0.002191088,0.0003401362,0.00028166393,0.0075053927,0.5931182,1.2331356e-08,3.4310645e-07,0.27664897,0.11991428
/home/leo/Documentos/mestrado/DeepWeeds-Mobile/images/20171113-123524-3.jpg,6,6,6,6,1,0.97512645,6.7847554e-07,7.711538e-05,5.1653024e-05,0.00038962002,2.4267893e-06,4.3978734e-08,0.97512645,1.1780869e-06,0.024350835
/home/leo/Documentos/mestrado/DeepWeeds-Mobile/images/20170729-092758-2.jpg,4,4,4,4,1,0.95237756,0.00018835004,1.2448114e-05,0.007652101,0.006406234,0.95237756,2.5925683e-06,2.7970006e-07,0.0020827681,0.03127766
/home/leo/Documentos/mestrado/DeepWeeds-Mobile/images/20180322-115441-2.jpg,8,8,8,8,1,0.995025,0.0018320134,8.358908e-05,5.3437145e-07,0.0026536793,0.00021684213,4.0199073e-05,9.595594e-06,0.00013857355,0.995025
/home/leo/Documentos/mestrado/DeepWeeds-Mobile/images/20170304-131039-0.jpg,7,7,7,7,1,0.95960164,0.03882841,0.0001037077,2.3928821e-09,9.319769e-05,1.6081233e-06,0.00036041488,7.045404e-07,0.95960164,0.0010103107
/home/leo/Documentos/mestrado/DeepWeeds-Mobile/images/20170913-103205-1.jpg,3,3,3,3,1,0.99445844,6.020408e-05,4.916561e-06,1.0719153e-05,0.99445844,6.1656814e-05,0.0026275443,3.5217458e-06,1.6967361e-06,0.00277136
/home/leo/Documentos/mestrado/DeepWeeds-Mobile/images/20170705-164337-0.jpg,7,7,7,7,1,0.8027478,0.11016933,0.049743224,0.0005720134,0.0008613441,0.001391188,0.0023083377,4.3006607e-05,0.8027478,0.03216385
/home/leo/Documentos/mestrado/DeepWeeds-Mobile/images/20170714-113240-2.jpg,1,6,1,6,0,0.4446916,4.4274162e-05,0.18227008,1.221503e-07,0.0004948364,3.2454639e-06,0.004957327,0.4446916,0.0014867684,0.36605176
/home/leo/Documentos/mestrado/DeepWeeds-Mobile/images/20180322-114522-1.jpg,8,8,8,8,1,0.93826395,0.0047921287,0.00025555564,0.0014386527,0.052972924,0.00060270145,8.2301385e-06,9.2267356e-08,0.0016658579,0.93826395
/home/leo/Documentos/mestrado/DeepWeeds-Mobile/images/20180109-102947-1.jpg,8,8,8,8,1,0.9868869,0.0022990874,0.0001782123,3.7974758e-05,0.009492287,0.0001943919,2.940875e-05,5.1987666e-07,0.0008812908,0.9868869
/home/leo/Documentos/mestrado/DeepWeeds-Mobile/images/20180125-133236-3.jpg,8,8,8,8,1,0.9022128,0.013856949,0.012698207,0.0011332206,0.0133495275,0.009969265,4.5494494e-06,0.008386825,0.038388696,0.9022128
/home/leo/Documentos/mestrado/DeepWeeds-Mobile/images/20170727-130230-1.jpg,4,4,4,4,1,0.9954915,1.2942382e-07,1.1345932e-07,0.0034736423,9.447174e-06,0.9954915,1.881078e-08,3.6407066e-06,4.697386e-08,0.0010214043
/home/leo/Documentos/mestrado/DeepWeeds-Mobile/images/20180105-095544-2.jpg,8,8,8,8,1,0.997341,5.0176805e-09,3.2640338e-07,8.457967e-06,2.5320091e-06,2.1864994e-06,5.2685606e-10,0.0026455258,3.798673e-08,0.997341
/home/leo/Documentos/mestrado/DeepWeeds-Mobile/images/20170704-150456-0.jpg,7,8,7,8,0,0.6310454,0.09597548,0.040467944,9.996092e-05,0.0024618765,0.00042665188,0.0036248586,0.0010308077,0.22486696,0.6310454
/home/leo/Documentos/mestrado/DeepWeeds-Mobile/images/20170728-153202-3.jpg,8,4,8,4,0,0.6213474,0.014796524,0.0008101564,0.010498671,0.005982695,0.6213474,0.30131558,0.00010017433,0.011910975,0.033237785
/home/leo/Documentos/mestrado/DeepWeeds-Mobile/images/20170920-192834-1.jpg,2,2,2,2,1,0.9855152,6.4159576e-07,2.7176876e-07,0.9855152,0.002712208,0.009000046,9.761801e-08,1.1069195e-06,6.7473925e-06,0.0027637216
/home/leo/Documentos/mestrado/DeepWeeds-Mobile/images/20170913-105822-2.jpg,3,3,3,3,1,0.8354924,0.0026321893,0.0008667359,0.001342375,0.8354924,0.07625652,0.002267593,0.0005862632,0.0010453784,0.0795106
/home/leo/Documentos/mestrado/DeepWeeds-Mobile/images/20180125-095207-2.jpg,8,8,8,8,1,0.9237262,2.0096482e-05,1.9335963e-05,0.0038960052,0.0691553,0.002825238,9.5123585e-05,0.00024766297,1.4924301e-05,0.9237262
/home/leo/Documentos/mestrado/DeepWeeds-Mobile/images/20171113-144620-1.jpg,6,6,6,6,1,0.9350438,4.2011184e-06,0.0024167034,1.889997e-06,1.9474217e-06,9.154414e-07,2.0041834e-06,0.9350438,1.5337655e-05,0.06251322
/home/leo/Documentos/mestrado/DeepWeeds-Mobile/images/20180109-100010-2.jpg,8,8,8,8,1,0.8100245,0.005853911,0.0021606677,0.0009456017,0.16852137,0.0070336726,1.652794e-05,9.901507e-06,0.0054338067,0.8100245
/home/leo/Documentos/mestrado/DeepWeeds-Mobile/images/20170811-163711-1.jpg,0,0,0,0,1,0.6116949,0.6116949,0.00013515144,2.1866346e-12,3.4875127e-09,1.5123469e-10,0.017611116,1.8108463e-05,0.0912777,0.27926317
/home/leo/Documentos/mestrado/DeepWeeds-Mobile/images/20170728-150452-1.jpg,8,4,8,4,0,0.45894405,0.013189706,0.007918468,0.10865379,0.019299118,0.45894405,0.0022538037,0.00049363484,0.10645521,0.28279227
/home/leo/Documentos/mestrado/DeepWeeds-Mobile/images/20171212-100418-3.jpg,8,8,8,8,1,0.98451453,0.0005362908,0.0032194057,2.4873647e-11,1.4186928e-05,8.895669e-09,0.0017062227,0.009389116,0.0006203736,0.98451453
/home/leo/Documentos/mestrado/DeepWeeds-Mobile/images/20171113-092250-1.jpg,5,8,5,8,0,0.6796883,0.031366333,0.00047421135,7.0892056e-11,1.1308497e-06,2.678544e-09,0.26796013,0.01995099,0.0005589337,0.6796883
/home/leo/Documentos/mestrado/DeepWeeds-Mobile/images/20171102-104838-3.jpg,2,2,2,2,1,0.63412803,0.00087516836,0.0016463038,0.63412803,0.014970481,0.0034391312,4.281909e-06,7.994626e-06,0.00056235865,0.34436625
/home/leo/Documentos/mestrado/DeepWeeds-Mobile/images/20170130-102702-0.jpg,1,1,1,1,1,0.62276,0.040966243,0.62276,2.3799505e-07,0.00023455602,4.107179e-06,0.012905028,0.0066758855,0.29625696,0.020197012
/home/leo/Documentos/mestrado/DeepWeeds-Mobile/images/20180125-092541-2.jpg,8,8,8,8,1,0.9905372,0.0016315031,0.00049526646,3.5055384e-06,0.0016035581,0.0013292397,7.963779e-06,6.332442e-08,0.004391665,0.9905372
/home/leo/Documentos/mestrado/DeepWeeds-Mobile/images/20170727-121854-3.jpg,4,4,4,4,1,0.64827883,0.00018077999,3.761074e-07,0.34855133,0.00034487632,0.64827883,0.0003054928,3.423723e-07,7.392267e-05,0.0022640903
/home/leo/Documentos/mestrado/DeepWeeds-Mobile/images/20180109-092127-2.jpg,7,7,7,7,1,0.998857,0.0010589769,2.13765e-06,2.2386325e-11,8.29533e-08,1.7723252e-09,1.2324612e-05,5.4332004e-06,0.998857,6.402152e-05
/home/leo/Documentos/mestrado/DeepWeeds-Mobile/images/20180125-100139-2.jpg,8,8,8,8,1,0.9936068,2.855132e-05,1.462266e-06,3.15367e-06,0.004742057,8.356608e-05,1.1349027e-05,0.0015127556,1.0318104e-05,0.9936068
/home/leo/Documentos/mestrado/DeepWeeds-Mobile/images/20171109-085122-3.jpg,5,5,5,5,1,0.91693896,0.00011182,2.94634e-06,1.3418705e-12,4.9491018e-08,2.1732002e-11,0.91693896,0.0002597306,1.6514975e-06,0.082684815
/home/leo/Documentos/mestrado/DeepWeeds-Mobile/images/20180105-095125-2.jpg,8,8,8,8,1,0.9994388,1.8087754e-09,6.9769794e-09,3.9047838e-05,2.7259482e-06,1.5987906e-07,1.3033078e-11,0.000519242,1.6420667e-08,0.9994388
/home/leo/Documentos/mestrado/DeepWeeds-Mobile/images/20170913-103628-2.jpg,3,3,3,3,1,0.99539196,4.064432e-06,2.8219367e-07,0.0023756032,0.99539196,0.0013738949,0.00023243709,1.2618349e-09,1.7840173e-06,0.0006199469
/home/leo/Documentos/mestrado/DeepWeeds-Mobile/images/20170906-094622-1.jpg,3,3,3,3,1,0.9742941,0.00011279138,0.0003534683,2.654207e-07,0.9742941,5.654209e-05,3.152081e-07,2.2033928e-05,0.00035370383,0.024806853
/home/leo/Documentos/mestrado/DeepWeeds-Mobile/images/20171102-121145-3.jpg,2,2,2,2,1,0.99996364,4.0665675e-08,5.2394084e-10,0.99996364,1.9033807e-06,1.7761334e-06,2.4189503e-10,1.0400126e-10,5.6400653e-09,3.2637246e-05
/home/leo/Documentos/mestrado/DeepWeeds-Mobile/images/20171219-114710-2.jpg,8,8,8,8,1,0.7939391,7.0246715e-05,0.0003846825,0.10864209,0.021511745,0.07462331,1.9442948e-06,0.0006431912,0.00018373714,0.7939391
/home/leo/Documentos/mestrado/DeepWeeds-Mobile/images/20180109-085302-2.jpg,8,8,8,8,1,0.9753734,0.0013223444,0.012176416,6.756561e-05,0.010176833,3.4474073e-05,2.6678703e-05,0.00012975349,0.00069258746,0.9753734
/home/leo/Documentos/mestrado/DeepWeeds-Mobile/images/20180125-091510-2.jpg,8,8,8,8,1,0.9945533,2.0252395e-05,9.397155e-06,2.180094e-05,0.0018776753,0.0034577607,2.582967e-09,6.749025e-06,5.295863e-05,0.9945533
/home/leo/Documentos/mestrado/DeepWeeds-Mobile/images/20171025-081255-1.jpg,3,3,3,3,1,0.84702796,0.0033504725,1.0083999e-05,2.4195793e-05,0.84702796,0.0002644453,5.9966794e-08,1.3990019e-09,0.008930688,0.14039214
/home/leo/Documentos/mestrado/DeepWeeds-Mobile/images/20180112-092520-2.jpg,8,8,8,8,1,0.99864537,0.0012533418,6.339744e-08,5.0285194e-05,6.0307225e-06,1.7550116e-08,7.1983237e-09,1.6442433e-12,4.5024488e-05,0.99864537
/home/leo/Documentos/mestrado/DeepWeeds-Mobile/images/20180322-125629-1.jpg,8,8,8,8,1,0.98876065,0.0018226346,0.0010078958,0.0001232449,0.00030421367,4.632155e-05,0.0066052917,1.0831664e-05,0.0013188057,0.98876065
/home/leo/Documentos/mestrado/DeepWeeds-Mobile/images/20180125-091550-2.jpg,8,2,8,2,0,0.80651903,1.5588452e-05,9.924988e-07,0.80651903,0.0002762144,0.10571415,9.908703e-07,1.2819336e-05,6.7595174e-06,0.08745337
/home/leo/Documentos/mestrado/DeepWeeds-Mobile/images/20170304-132038-0.jpg,7,7,7,7,1,0.95447534,0.037934754,0.0052727493,4.7447584e-11,1.7582728e-08,1.1886205e-08,9.805385e-07,6.120987e-05,0.95447534,0.00225497
/home/leo/Documentos/mestrado/DeepWeeds-Mobile/images/20170217-100726-0.jpg,7,7,7,7,1,0.61246383,0.31155652,0.0002811973,3.0876985e-05,2.3742328e-05,3.9421707e-07,2.1954043e-05,2.366453e-08,0.61246383,0.0756215
/home/leo/Documentos/mestrado/DeepWeeds-Mobile/images/20170501-144424-0.jpg,1,8,1,8,0,0.8510846,0.012956986,0.1110621,4.3697406e-09,0.00024770322,4.6294396e-08,0.00028690387,0.0050295824,0.019332182,0.8510846
/home/leo/Documentos/mestrado/DeepWeeds-Mobile/images/20171113-123824-1.jpg,6,6,6,6,1,0.85584646,7.928717e-05,0.014447927,2.7450477e-07,4.9906463e-05,1.3389546e-06,1.0516188e-05,0.85584646,8.483176e-05,0.12947938
/home/leo/Documentos/mestrado/DeepWeeds-Mobile/images/20180322-124504-1.jpg,8,8,8,8,1,0.9830813,0.0020451203,0.0071854102,2.6165102e-07,0.0045438814,4.7586916e-05,0.00054464967,0.0004058605,0.0021460317,0.9830813
/home/leo/Documentos/mestrado/DeepWeeds-Mobile/images/20180125-134805-2.jpg,8,8,8,8,1,0.9929437,0.004145992,0.00023120362,1.04806395e-05,0.00026530694,0.00071900204,2.6574944e-05,3.161262e-07,0.0016575264,0.9929437
/home/leo/Documentos/mestrado/DeepWeeds-Mobile/images/20171025-074102-1.jpg,3,1,3,1,0,0.5414364,1.2146594e-05,0.5414364,2.7792228e-06,0.010428364,0.0016044347,1.7227383e-06,0.0114708785,0.00042160688,0.43462175
/home/leo/Documentos/mestrado/DeepWeeds-Mobile/images/20180119-111450-1.jpg,8,8,8,8,1,0.9420921,0.0035271356,0.00865768,2.548625e-05,0.011824938,5.8269212e-05,0.00010771266,0.0004109493,0.03329571,0.9420921
/home/leo/Documentos/mestrado/DeepWeeds-Mobile/images/20171025-075258-1.jpg,3,8,3,8,0,0.6651721,0.0039610597,0.02437038,2.16214e-08,0.3014298,2.085367e-06,3.3223587e-05,1.5247059e-05,0.0050160573,0.6651721
/home/leo/Documentos/mestrado/DeepWeeds-Mobile/images/20170714-111357-1.jpg,1,1,1,1,1,0.7251466,0.0015296498,0.7251466,1.2721354e-08,0.0006713679,5.7907573e-07,0.0010843583,0.13689327,0.006564647,0.12810959
/home/leo/Documentos/mestrado/DeepWeeds-Mobile/images/20180109-092108-2.jpg,7,7,7,7,1,0.59120375,0.123941,2.5833197e-05,2.2846368e-10,2.8087472e-06,2.295409e-09,0.00013857512,0.00016902713,0.59120375,0.28451896
/home/leo/Documentos/mestrado/DeepWeeds-Mobile/images/20180109-101230-2.jpg,8,8,8,8,1,0.9967444,1.6708163e-05,0.0007943791,6.3004104e-06,7.6501354e-05,2.204192e-06,6.21591e-05,0.0022388445,5.8372694e-05,0.9967444
/home/leo/Documentos/mestrado/DeepWeeds-Mobile/images/20170714-115818-3.jpg,1,1,1,1,1,0.837426,0.006207208,0.837426,8.026969e-11,3.052468e-08,7.0707546e-09,3.5881424e-06,0.00018614132,0.15566047,0.0005164821
/home/leo/Documentos/mestrado/DeepWeeds-Mobile/images/20171113-101323-0.jpg,6,6,6,6,1,0.9520423,4.988948e-06,0.006539086,1.2986068e-08,0.005922453,2.901548e-06,1.633438e-08,0.9520423,2.140157e-06,0.035486154
/home/leo/Documentos/mestrado/DeepWeeds-Mobile/images/20170715-174216-1.jpg,1,6,1,6,0,0.8374611,2.9959656e-07,0.1617459,5.526722e-13,1.3787823e-07,6.205035e-10,4.442399e-08,0.8374611,3.0899346e-06,0.00078936876
/home/leo/Documentos/mestrado/DeepWeeds-Mobile/images/20171113-120355-1.jpg,6,6,6,6,1,0.99729365,3.2823593e-08,9.877224e-05,4.61033e-08,2.1804101e-07,6.983339e-08,1.5172461e-06,0.99729365,2.1644037e-07,0.0026055423
/home/leo/Documentos/mestrado/DeepWeeds-Mobile/images/20180105-101708-2.jpg,8,8,8,8,1,0.72686523,8.143011e-07,7.454106e-05,1.185416e-06,1.9172321e-05,0.00016783018,9.0748806e-08,0.27287018,9.995426e-07,0.72686523
/home/leo/Documentos/mestrado/DeepWeeds-Mobile/images/20170714-142520-2.jpg,1,1,1,1,1,0.75751066,0.0025929725,0.75751066,3.331381e-10,0.0037914582,7.359112e-07,0.00060724246,0.005816028,0.060368218,0.1693126
/home/leo/Documentos/mestrado/DeepWeeds-Mobile/images/20180322-111601-2.jpg,8,8,8,8,1,0.9888888,0.0039508143,0.00031243873,0.0006240172,0.002387831,0.0003362805,0.00022174075,2.8564833e-07,0.0032777302,0.9888888
/home/leo/Documentos/mestrado/DeepWeeds-Mobile/images/20170304-131904-0.jpg,7,8,7,8,0,0.46645468,0.28647467,0.0011085542,1.0688004e-09,3.6648211e-09,3.0145422e-09,0.00016217123,1.2113447e-06,0.24579874,0.46645468
/home/leo/Documentos/mestrado/DeepWeeds-Mobile/images/20180125-093622-1.jpg,8,8,8,8,1,0.9987478,8.216775e-05,1.9351455e-05,4.5099608e-08,1.0233282e-05,5.9027695e-07,0.0010999314,3.0577085e-05,9.255843e-06,0.9987478
/home/leo/Documentos/mestrado/DeepWeeds-Mobile/images/20170811-111114-2.jpg,0,8,0,8,0,0.87505454,0.052538496,0.00024475643,2.5059637e-09,8.3584755e-06,1.3285192e-07,5.629156e-05,0.01977444,0.052323088,0.87505454
/home/leo/Documentos/mestrado/DeepWeeds-Mobile/images/20170217-143741-0.jpg,7,0,7,0,0,0.61355704,0.61355704,0.00025427566,2.125408e-06,1.7154027e-05,1.2150089e-07,1.9181502e-05,3.8854395e-08,0.23458877,0.1515613
/home/leo/Documentos/mestrado/DeepWeeds-Mobile/images/20180322-112503-2.jpg,8,8,8,8,1,0.96440953,0.018259013,0.0001432471,0.00073445414,0.0038229201,0.0031332597,1.0798653e-05,3.0653425e-08,0.009486703,0.96440953
/home/leo/Documentos/mestrado/DeepWeeds-Mobile/images/20170920-115421-3.jpg,2,2,2,2,1,0.9904887,3.3466629e-06,1.3102853e-07,0.9904887,0.00019239982,0.008488216,9.55936e-07,8.3026003e-07,2.8333877e-06,0.00082255
/home/leo/Documentos/mestrado/DeepWeeds-Mobile/images/20171109-074707-3.jpg,5,5,5,5,1,0.9999789,1.3045888e-08,2.535315e-09,3.9401434e-16,3.3817404e-13,2.0563211e-15,0.9999789,1.7559104e-07,3.0590822e-10,2.0950742e-05
/home/leo/Documentos/mestrado/DeepWeeds-Mobile/images/20170727-143855-1.jpg,4,5,4,5,0,0.935955,0.0011192254,0.00013873524,0.0005219299,0.0010360916,0.05490352,0.935955,6.569295e-05,0.004920037,0.0013398103
/home/leo/Documentos/mestrado/DeepWeeds-Mobile/images/20180105-101758-2.jpg,8,8,8,8,1,0.98379797,4.852178e-07,9.0682965e-07,3.2290496e-05,0.0051749297,0.00021176596,1.5605485e-08,0.010781253,4.070783e-07,0.98379797
/home/leo/Documentos/mestrado/DeepWeeds-Mobile/images/20170727-170933-3.jpg,4,4,4,4,1,0.7215828,0.00040296075,7.767809e-05,0.0013598799,0.015900673,0.7215828,4.607496e-07,1.1829785e-06,0.009856619,0.2508178
/home/leo/Documentos/mestrado/DeepWeeds-Mobile/images/20170704-152454-0.jpg,0,0,0,0,1,0.7902399,0.7902399,0.013344395,1.4625155e-06,3.9463917e-05,4.225226e-06,0.00052342436,0.00015591322,0.17717835,0.01851288
/home/leo/Documentos/mestrado/DeepWeeds-Mobile/images/20161207-111013-0.jpg,0,0,0,0,1,0.9771153,0.9771153,0.0015570167,3.995608e-07,2.5580815e-07,1.9289003e-07,0.008278675,2.5922724e-05,0.008599369,0.004422841
/home/leo/Documentos/mestrado/DeepWeeds-Mobile/images/20171113-132416-3.jpg,6,6,6,6,1,0.9776519,2.8254858e-06,4.9815655e-05,8.273289e-05,0.0001660262,6.0546718e-06,1.8016543e-08,0.9776519,3.261653e-06,0.022037346
/home/leo/Documentos/mestrado/DeepWeeds-Mobile/images/20180112-091323-2.jpg,8,8,8,8,1,0.9959981,0.0013087298,3.953067e-08,0.002421222,0.00017730829,4.4548183e-06,3.7128544e-08,3.4687765e-12,9.000057e-05,0.9959981
/home/leo/Documentos/mestrado/DeepWeeds-Mobile/images/20180112-072402-1.jpg,8,3,8,3,0,0.5351088,0.009919884,0.0051474874,0.0005078123,0.5351088,0.030198831,8.504263e-06,3.2065505e-05,0.076604255,0.3424724
/home/leo/Documentos/mestrado/DeepWeeds-Mobile/images/20180109-071941-2.jpg,8,8,8,8,1,0.85486156,5.9345816e-06,0.0002637846,0.010089478,0.00032208825,5.09078e-05,1.9737006e-06,0.13437085,3.336282e-05,0.85486156
/home/leo/Documentos/mestrado/DeepWeeds-Mobile/images/20180112-072427-2.jpg,8,0,8,0,0,0.8843925,0.8843925,0.004487603,0.0012242227,0.0028446906,2.4023535e-05,1.39701715e-05,3.8900207e-06,0.06053572,0.046473324
/home/leo/Documentos/mestrado/DeepWeeds-Mobile/images/20170718-094410-2.jpg,0,3,0,3,0,0.7086637,0.066534914,8.9038025e-05,0.00963584,0.7086637,0.0048518213,8.2178785e-06,2.6066608e-08,0.02804092,0.18217553
/home/leo/Documentos/mestrado/DeepWeeds-Mobile/images/20170913-121846-2.jpg,5,5,5,5,1,0.9917368,0.0036556679,3.9410654e-05,1.2701173e-06,4.7232543e-06,0.00017177429,0.9917368,2.736995e-05,0.00021682458,0.0041461233
/home/leo/Documentos/mestrado/DeepWeeds-Mobile/images/20180109-074604-1.jpg,8,8,8,8,1,0.7941981,0.00014231319,0.0014867148,0.0010868239,0.00047897818,0.0014922789,6.871104e-06,0.20082597,0.00028192136,0.7941981
/home/leo/Documentos/mestrado/DeepWeeds-Mobile/images/20170718-102545-2.jpg,7,7,7,7,1,0.760736,0.011942671,0.17924748,3.1587333e-06,0.009634334,0.0009937047,9.8541226e-05,0.00020287759,0.760736,0.037141312
/home/leo/Documentos/mestrado/DeepWeeds-Mobile/images/20180119-111314-1.jpg,8,6,8,6,0,0.4151933,0.00012949134,0.34462333,2.1133174e-07,7.780554e-05,3.900988e-06,9.4058734e-05,0.4151933,0.0008658632,0.23901212
/home/leo/Documentos/mestrado/DeepWeeds-Mobile/images/20170728-151857-1.jpg,8,1,8,1,0,0.33857307,0.00593044,0.33857307,0.00409246,0.3027295,0.05051804,0.002129651,0.07102807,0.02986847,0.1951303
/home/leo/Documentos/mestrado/DeepWeeds-Mobile/images/20171217-183506-2.jpg,8,8,8,8,1,0.6822974,0.07460531,0.0059344918,5.3447895e-09,3.3521505e-05,1.2115792e-07,0.029382573,1.5475645e-05,0.20773116,0.6822974
/home/leo/Documentos/mestrado/DeepWeeds-Mobile/images/20171113-120122-3.jpg,6,6,6,6,1,0.8622985,1.48105455e-05,2.4096584e-05,0.0032529708,0.00091787725,0.04071957,0.001086299,0.8622985,1.527905e-05,0.091670595
/home/leo/Documentos/mestrado/DeepWeeds-Mobile/images/20170129-103622-0.jpg,8,1,8,1,0,0.80364484,0.0029027746,0.80364484,1.3934732e-07,0.00059026905,1.7309108e-05,0.0017990165,0.056128908,0.010321198,0.12459564
/home/leo/Documentos/mestrado/DeepWeeds-Mobile/images/20171205-123747-2.jpg,8,8,8,8,1,0.5507161,0.01605994,0.25874943,6.2173933e-07,0.055016622,0.00017148645,0.0014152909,0.0029146231,0.11495592,0.5507161
/home/leo/Documentos/mestrado/DeepWeeds-Mobile/images/20171025-090759-2.jpg,3,3,3,3,1,0.99625975,9.160878e-05,6.9408698e-06,2.0433568e-05,0.99625975,0.00085729064,3.472341e-09,5.7796488e-09,0.00012020875,0.0026437782
/home/leo/Documentos/mestrado/DeepWeeds-Mobile/images/20171102-102451-2.jpg,2,2,2,2,1,0.38246965,0.049838986,9.727667e-06,0.38246965,0.18114315,0.054287508,5.206646e-06,3.537449e-08,0.004198344,0.32804745
/home/leo/Documentos/mestrado/DeepWeeds-Mobile/images/20171109-072219-1.jpg,5,1,5,1,0,0.6222704,0.017647354,0.6222704,2.3784261e-09,3.4956105e-05,7.914924e-08,0.20170677,0.011146526,0.034722723,0.11247119
/home/leo/Documentos/mestrado/DeepWeeds-Mobile/images/20170920-095144-1.jpg,2,2,2,2,1,0.985381,8.540781e-09,1.11435465e-05,0.985381,1.7234469e-06,3.286651e-05,5.9809615e-08,0.0007518366,5.189129e-08,0.013821365
/home/leo/Documentos/mestrado/DeepWeeds-Mobile/images/20171220-083313-3.jpg,8,8,8,8,1,0.9991605,0.0007051408,3.783031e-08,2.9184524e-12,7.140033e-06,5.6441523e-09,8.110669e-05,3.7759067e-09,4.6115816e-05,0.9991605
/home/leo/Documentos/mestrado/DeepWeeds-Mobile/images/20171113-135754-1.jpg,6,8,6,8,0,0.96130514,9.522744e-07,0.00048374996,0.0023156295,5.2858218e-06,3.846372e-06,8.578774e-05,0.03579924,3.6110904e-07,0.96130514
/home/leo/Documentos/mestrado/DeepWeeds-Mobile/images/20171212-095603-3.jpg,8,8,8,8,1,0.9973222,7.321986e-05,0.00048603144,7.823886e-10,0.0016949998,4.8956133e-07,3.26859e-06,1.3889071e-06,0.0004183267,0.9973222
/home/leo/Documentos/mestrado/DeepWeeds-Mobile/images/20171113-142815-2.jpg,6,6,6,6,1,0.94077873,0.0021132375,0.04361349,1.0205541e-06,0.00035211336,2.6271886e-05,1.09861785e-05,0.94077873,0.0012761139,0.0118280575
/home/leo/Documentos/mestrado/DeepWeeds-Mobile/images/20170913-105957-3.jpg,5,5,5,5,1,0.9996876,1.7614193e-05,7.973891e-07,1.5071871e-06,0.0002174483,4.0786937e-05,0.9996876,3.703296e-08,7.823947e-06,2.6285548e-05
/home/leo/Documentos/mestrado/DeepWeeds-Mobile/images/20170217-100534-0.jpg,7,8,7,8,0,0.96832675,0.0077041844,3.2705328e-05,5.591634e-07,3.4583064e-07,2.9268746e-08,5.0614824e-05,3.252238e-07,0.023884485,0.96832675
/home/leo/Documentos/mestrado/DeepWeeds-Mobile/images/20180322-112421-1.jpg,8,8,8,8,1,0.9887938,0.0011698004,0.00014981985,7.0048736e-05,0.009338081,9.18871e-06,2.1361159e-06,4.0257778e-08,0.00046707818,0.9887938
/home/leo/Documentos/mestrado/DeepWeeds-Mobile/images/20170811-122845-2.jpg,0,0,0,0,1,0.99089795,0.99089795,0.0005119189,5.4504678e-08,4.630203e-07,3.2282504e-05,8.379243e-07,1.03874754e-07,0.0017655782,0.006790794
/home/leo/Documentos/mestrado/DeepWeeds-Mobile/images/20171109-093449-2.jpg,5,5,5,5,1,0.9701034,0.0010096281,0.0011867016,2.8192423e-10,3.6096953e-08,1.8385733e-09,0.9701034,0.0077890763,0.0013428439,0.018568298
/home/leo/Documentos/mestrado/DeepWeeds-Mobile/images/20180119-113149-1.jpg,8,8,8,8,1,0.9871421,0.0001591981,0.002966548,4.1004055e-06,0.0035379399,6.714191e-06,0.00043506324,0.0046471865,0.0011011335,0.9871421
/home/leo/Documentos/mestrado/DeepWeeds-Mobile/images/20170906-105056-1.jpg,3,4,3,4,0,0.60008407,0.0014888123,0.00068328326,0.0083324155,0.17802788,0.60008407,6.218595e-05,4.2720338e-05,0.035590254,0.17568834
/home/leo/Documentos/mestrado/DeepWeeds-Mobile/images/20171025-095617-2.jpg,3,3,3,3,1,0.9219164,0.00012311275,4.446493e-06,8.567054e-05,0.9219164,0.0013536575,1.8266427e-08,7.449078e-09,0.00053776597,0.07597884
/home/leo/Documentos/mestrado/DeepWeeds-Mobile/images/20180109-103550-2.jpg,8,8,8,8,1,0.9034305,0.030836385,4.8249462e-06,0.039174765,0.02327416,0.00062497,0.0001912542,9.76538e-06,0.0024533826,0.9034305
/home/leo/Documentos/mestrado/DeepWeeds-Mobile/images/20170920-183330-1.jpg,2,2,2,2,1,0.6084055,0.00026954387,5.421567e-06,0.6084055,0.0012714702,0.35917872,7.521202e-06,1.2837206e-06,0.0005118384,0.030348774
/home/leo/Documentos/mestrado/DeepWeeds-Mobile/images/20180109-070345-2.jpg,8,8,8,8,1,0.69616926,3.514011e-07,1.8483925e-07,0.00015095835,4.772856e-05,0.0006726061,1.7501389e-08,0.30295867,1.8268788e-07,0.69616926
/home/leo/Documentos/mestrado/DeepWeeds-Mobile/images/20180119-113900-2.jpg,8,8,8,8,1,0.94693315,0.017638866,0.02522832,3.6587107e-06,0.0012955711,1.7902774e-05,0.001820859,0.001900829,0.0051607834,0.94693315
/home/leo/Documentos/mestrado/DeepWeeds-Mobile/images/20171102-122358-1.jpg,2,2,2,2,1,0.997422,6.9161906e-05,8.077764e-10,0.997422,0.00065938797,8.5073276e-05,3.0737624e-09,9.532311e-12,1.300433e-06,0.0017630425
/home/leo/Documentos/mestrado/DeepWeeds-Mobile/images/20171217-100549-2.jpg,8,8,8,8,1,0.8619754,0.0009062239,5.684392e-05,0.0016672086,0.07273812,0.060062267,1.2899633e-05,2.069526e-05,0.0025604183,0.8619754
/home/leo/Documentos/mestrado/DeepWeeds-Mobile/images/20171212-094144-1.jpg,8,8,8,8,1,0.99227417,0.0042197416,6.2457206e-05,1.3834348e-07,0.0019055532,1.1691672e-05,6.159719e-05,1.3780631e-06,0.0014632862,0.99227417
/home/leo/Documentos/mestrado/DeepWeeds-Mobile/images/20180125-125946-2.jpg,8,8,8,8,1,0.8067355,0.00020535824,0.014574945,4.0107055e-09,0.00071430346,9.465208e-06,0.0021805146,0.17490485,0.0006751281,0.8067355
/home/leo/Documentos/mestrado/DeepWeeds-Mobile/images/20171102-120936-1.jpg,2,2,2,2,1,0.99998975,1.0492231e-06,1.5249857e-11,0.99998975,6.105199e-07,1.6883966e-07,1.4452003e-10,2.111328e-12,1.10754215e-08,8.48475e-06
/home/leo/Documentos/mestrado/DeepWeeds-Mobile/images/20180112-082753-1.jpg,8,8,8,8,1,0.75603014,0.08330957,1.949668e-06,0.008365498,0.13246393,0.0002860622,2.0322198e-06,1.9868932e-10,0.019540789,0.75603014
/home/leo/Documentos/mestrado/DeepWeeds-Mobile/images/20161207-111955-0.jpg,0,0,0,0,1,0.3165921,0.3165921,0.2042753,0.00011755522,0.036127634,0.00029666076,0.013034699,0.004764414,0.2077249,0.2170667
/home/leo/Documentos/mestrado/DeepWeeds-Mobile/images/20161207-144425-0.jpg,7,8,7,8,0,0.58122784,0.15930544,0.0025165232,2.0234507e-05,0.059771005,0.00027724516,0.0030233248,5.399328e-05,0.19380443,0.58122784
/home/leo/Documentos/mestrado/DeepWeeds-Mobile/images/20180109-071737-2.jpg,8,8,8,8,1,0.9990885,5.656937e-09,1.4045287e-05,1.8047787e-05,3.501183e-08,2.461854e-08,2.0132502e-08,0.00087922136,3.8455322e-08,0.9990885
/home/leo/Documentos/mestrado/DeepWeeds-Mobile/images/20180322-120934-2.jpg,8,8,8,8,1,0.9801713,0.0037940831,0.004929824,2.3165067e-06,0.007756326,6.299593e-05,0.00066736166,4.5648925e-05,0.0025701032,0.9801713
/home/leo/Documentos/mestrado/DeepWeeds-Mobile/images/20170728-151807-1.jpg,8,4,8,4,0,0.7114783,0.023303058,0.004599764,0.0031293654,0.07124224,0.7114783,0.07164441,7.497813e-05,0.017742958,0.09678496
/home/leo/Documentos/mestrado/DeepWeeds-Mobile/images/20171121-090927-3.jpg,6,6,6,6,1,0.98482114,8.197858e-06,0.014481933,2.2020896e-09,9.4642314e-07,6.6661265e-08,3.1924424e-06,0.98482114,4.115001e-06,0.0006804172
/home/leo/Documentos/mestrado/DeepWeeds-Mobile/images/20171212-094815-1.jpg,8,8,8,8,1,0.998977,0.00065055676,2.7060196e-05,2.2963976e-11,0.00027640988,1.22269554e-08,9.167464e-06,4.321032e-07,5.9320668e-05,0.998977
/home/leo/Documentos/mestrado/DeepWeeds-Mobile/images/20170207-153455-0.jpg,0,0,0,0,1,0.52263826,0.52263826,0.00010433875,4.30323e-09,4.2914317e-07,1.1079195e-07,0.0003728694,2.1121034e-06,0.47632703,0.0005548531
/home/leo/Documentos/mestrado/DeepWeeds-Mobile/images/20180125-100756-2.jpg,8,8,8,8,1,0.9427185,0.001984116,2.027073e-05,0.0047807004,0.038523924,0.010151565,0.00024773425,0.0010946749,0.0004785054,0.9427185
/home/leo/Documentos/mestrado/DeepWeeds-Mobile/images/20171025-085901-1.jpg,3,3,3,3,1,0.99239975,0.00085605204,1.0344583e-05,3.0257186e-05,0.99239975,2.9974348e-05,3.7601716e-08,3.5431424e-09,0.00045224102,0.0062213284
/home/leo/Documentos/mestrado/DeepWeeds-Mobile/images/20180119-115303-1.jpg,8,8,8,8,1,0.9561342,0.0005607483,0.00057425495,0.0012653685,0.027051076,0.0125364605,1.9808374e-07,2.7498294e-05,0.0018502136,0.9561342
/home/leo/Documentos/mestrado/DeepWeeds-Mobile/images/20180109-085417-1.jpg,8,8,8,8,1,0.8387952,0.022695502,0.0014339703,2.9067654e-05,6.0094965e-07,1.8111556e-05,0.12940347,0.0023445364,0.005279474,0.8387952
/home/leo/Documentos/mestrado/DeepWeeds-Mobile/images/20180125-131649-2.jpg,8,8,8,8,1,0.9936208,0.0013954403,0.0025745574,8.5988654e-07,3.65211e-05,2.012891e-06,0.00024171468,1.4208181e-06,0.0021266297,0.9936208
/home/leo/Documentos/mestrado/DeepWeeds-Mobile/images/20180105-100017-3.jpg,8,8,8,8,1,0.99681383,8.70253e-08,7.0731807e-07,8.354659e-06,0.00022176717,1.2872446e-06,1.7796546e-08,0.0029535727,3.613954e-07,0.99681383
/home/leo/Documentos/mestrado/DeepWeeds-Mobile/images/20180125-100650-1.jpg,8,8,8,8,1,0.9988109,0.00031106232,0.00010938127,5.702741e-06,8.0181875e-05,6.376984e-05,0.00015609708,0.00017901894,0.00028401148,0.9988109
/home/leo/Documentos/mestrado/DeepWeeds-Mobile/images/20171201-115724-1.jpg,8,8,8,8,1,0.9983601,7.2442206e-05,1.8795095e-06,8.076013e-12,8.0402107e-10,1.475036e-11,0.0010473744,3.846341e-09,0.0005181995,0.9983601
/home/leo/Documentos/mestrado/DeepWeeds-Mobile/images/20180109-095505-1.jpg,8,8,8,8,1,0.7130084,0.18746631,4.795474e-05,0.0069388035,0.08090139,0.0009276471,8.05336e-06,1.1645969e-07,0.010701329,0.7130084
/home/leo/Documentos/mestrado/DeepWeeds-Mobile/images/20170920-114851-3.jpg,2,2,2,2,1,0.99931514,4.4379043e-08,3.4673128e-10,0.99931514,4.8989136e-06,0.00064647605,2.5200748e-09,2.3422573e-09,2.6910886e-08,3.3472155e-05
/home/leo/Documentos/mestrado/DeepWeeds-Mobile/images/20180322-111632-1.jpg,8,8,8,8,1,0.9096655,0.06413653,0.00078434485,0.0018429273,0.00080286915,0.0006369075,1.4166287e-05,3.307757e-08,0.022116723,0.9096655
/home/leo/Documentos/mestrado/DeepWeeds-Mobile/images/20180125-135041-3.jpg,8,8,8,8,1,0.94497347,0.00052309985,0.0012412647,0.004791693,0.015648864,0.030634757,7.983203e-07,0.00013617067,0.0020498612,0.94497347
/home/leo/Documentos/mestrado/DeepWeeds-Mobile/images/20170714-133204-1.jpg,1,1,1,1,1,0.92361736,0.0008086588,0.92361736,8.584668e-07,0.003203346,4.803087e-05,0.0011035225,0.008603528,0.047336623,0.015278039
/home/leo/Documentos/mestrado/DeepWeeds-Mobile/images/20170705-163349-0.jpg,7,7,7,7,1,0.55609,0.28504342,0.0049567893,0.00037188435,0.0034697086,0.0023663526,0.002980739,2.8376019e-06,0.55609,0.14471826
/home/leo/Documentos/mestrado/DeepWeeds-Mobile/images/20180322-105511-1.jpg,8,8,8,8,1,0.9367779,0.0046567577,0.046619523,3.589788e-05,0.0022600333,0.00037735872,0.00027007065,0.00010673391,0.008895824,0.9367779
/home/leo/Documentos/mestrado/DeepWeeds-Mobile/images/20171109-094316-3.jpg,5,5,5,5,1,0.9998412,6.524992e-05,1.6584625e-08,1.171688e-10,1.3567978e-08,3.978925e-11,0.9998412,2.4292409e-05,4.0486633e-05,2.8741979e-05
/home/leo/Documentos/mestrado/DeepWeeds-Mobile/images/20171212-095907-3.jpg,8,8,8,8,1,0.9461823,0.007095091,0.006561439,0.0009702202,0.015176478,0.020160278,0.0001533294,0.00080534973,0.0028955508,0.9461823
/home/leo/Documentos/mestrado/DeepWeeds-Mobile/images/20171205-142853-2.jpg,8,1,8,1,0,0.537475,0.007085697,0.537475,1.7704949e-09,0.00015200778,2.2483391e-07,0.09896837,0.08061435,0.0011018325,0.27460256
/home/leo/Documentos/mestrado/DeepWeeds-Mobile/images/20171205-123605-2.jpg,8,8,8,8,1,0.6292413,0.018120928,0.28765294,3.4139774e-07,7.712757e-05,3.3142792e-06,0.06157804,0.0005414839,0.0027844748,0.6292413
/home/leo/Documentos/mestrado/DeepWeeds-Mobile/images/20180322-131925-1.jpg,8,8,8,8,1,0.9590555,0.018861609,0.009353249,0.00059234723,0.0007316982,0.0012006895,5.0144226e-05,4.2728013e-07,0.010154279,0.9590555
/home/leo/Documentos/mestrado/DeepWeeds-Mobile/images/20180109-094859-2.jpg,8,8,8,8,1,0.992802,0.0039043769,0.00018894824,4.355641e-06,0.0013039145,1.3641812e-06,2.1445736e-07,0.00058672647,0.0012080554,0.992802
/home/leo/Documentos/mestrado/DeepWeeds-Mobile/images/20170718-101135-2.jpg,0,8,0,8,0,0.9403822,0.0034963316,0.008274562,5.135857e-06,0.025344564,0.00037460274,8.893056e-05,0.0016057325,0.02042781,0.9403822
/home/leo/Documentos/mestrado/DeepWeeds-Mobile/images/20171113-143153-2.jpg,6,6,6,6,1,0.9957288,7.0584533e-06,0.0021278746,8.329038e-09,2.932643e-05,5.558044e-07,5.561442e-07,0.9957288,5.9278984e-05,0.0020464596
/home/leo/Documentos/mestrado/DeepWeeds-Mobile/images/20171113-121009-2.jpg,6,6,6,6,1,0.990504,1.684034e-05,0.009139133,3.8558103e-09,7.388852e-06,1.475493e-06,1.3768595e-06,0.990504,0.000116067655,0.00021367072
/home/leo/Documentos/mestrado/DeepWeeds-Mobile/images/20170906-092211-1.jpg,3,7,3,7,0,0.5180685,0.016082643,0.0025224837,0.00014178101,0.3755115,0.0129637085,9.121653e-05,1.7925733e-05,0.5180685,0.07460025
/home/leo/Documentos/mestrado/DeepWeeds-Mobile/images/20170718-101848-2.jpg,0,1,0,1,0,0.88045806,0.019851346,0.88045806,1.1039215e-06,9.607341e-05,1.3913726e-05,0.0023253968,0.004094483,0.062444463,0.03071518
/home/leo/Documentos/mestrado/DeepWeeds-Mobile/images/20170920-094121-1.jpg,4,1,4,1,0,0.6415267,0.0049200407,0.6415267,0.0005595658,0.0027164323,0.034810986,0.000109317865,0.2514259,0.009690039,0.05424107
/home/leo/Documentos/mestrado/DeepWeeds-Mobile/images/20170728-125650-2.jpg,4,4,4,4,1,0.9942193,3.1961745e-06,2.1820254e-07,0.0045959405,0.00026287782,0.9942193,3.686608e-07,4.3934932e-07,1.5185744e-06,0.0009161623
/home/leo/Documentos/mestrado/DeepWeeds-Mobile/images/20171113-141550-2.jpg,6,6,6,6,1,0.9820265,8.1413855e-05,0.0011276003,1.40498705e-05,3.636847e-05,3.4157147e-06,5.2718155e-05,0.9820265,4.0226252e-05,0.016617632
/home/leo/Documentos/mestrado/DeepWeeds-Mobile/images/20180105-101120-3.jpg,8,8,8,8,1,0.6827419,1.00602665e-05,0.00042427608,0.30293903,0.0009453983,0.00064409844,2.9477317e-07,0.0122627895,3.2150143e-05,0.6827419
/home/leo/Documentos/mestrado/DeepWeeds-Mobile/images/20171025-093959-3.jpg,7,7,7,7,1,0.38136107,0.026821593,0.087450854,0.00389094,0.19724742,0.0039731227,0.00025577194,0.0038084986,0.38136107,0.29519072
/home/leo/Documentos/mestrado/DeepWeeds-Mobile/images/20170315-090101-0.jpg,8,8,8,8,1,0.97750056,0.014784112,0.002760503,3.051036e-10,0.00043200352,3.7401726e-08,0.00015398522,4.4858905e-05,0.00432393,0.97750056
/home/leo/Documentos/mestrado/DeepWeeds-Mobile/images/20171212-095130-1.jpg,8,8,8,8,1,0.9998703,6.0903544e-06,4.9750706e-06,1.2142257e-12,0.00011402835,1.9984856e-09,2.4046262e-06,2.5431918e-08,2.1989438e-06,0.9998703
/home/leo/Documentos/mestrado/DeepWeeds-Mobile/images/20170706-130316-3.jpg,1,1,1,1,1,0.9998944,2.8328107e-06,0.9998944,2.2524944e-14,1.11055645e-08,4.429963e-11,5.2544422e-08,7.669124e-07,6.2275794e-05,3.9682796e-05
/home/leo/Documentos/mestrado/DeepWeeds-Mobile/images/20170728-124953-2.jpg,4,4,4,4,1,0.977746,0.0009850692,2.290421e-06,2.826425e-05,0.0006182053,0.977746,4.5773696e-09,1.533732e-10,0.010870813,0.009749424
/home/leo/Documentos/mestrado/DeepWeeds-Mobile/images/20170920-134120-2.jpg,2,2,2,2,1,0.99991715,1.1195164e-08,5.2088893e-08,0.99991715,6.112015e-07,2.0279733e-06,3.2822706e-10,1.665327e-09,5.8438694e-08,8.009581e-05
/home/leo/Documentos/mestrado/DeepWeeds-Mobile/images/20171113-145039-3.jpg,6,6,6,6,1,0.9994085,5.1855e-07,1.4985285e-05,3.0434293e-08,2.1905276e-05,2.0380124e-07,3.0219635e-08,0.9994085,4.711367e-07,0.0005534442
/home/leo/Documentos/mestrado/DeepWeeds-Mobile/images/20170217-115752-0.jpg,0,0,0,0,1,0.9989648,0.9989648,1.27952e-05,4.521184e-11,1.2121681e-09,3.2763875e-10,0.00026132184,4.4166412e-05,0.00031897923,0.00039803426
/home/leo/Documentos/mestrado/DeepWeeds-Mobile/images/20180109-075210-1.jpg,8,8,8,8,1,0.9966162,2.878026e-06,3.1626664e-06,0.00033516515,0.00017921391,0.0024944171,9.77198e-09,0.00035721128,1.1730464e-05,0.9966162
/home/leo/Documentos/mestrado/DeepWeeds-Mobile/images/20170210-131249-0.jpg,7,8,7,8,0,0.5431455,0.28402704,0.0031233723,0.0046020476,0.0030943628,5.3920703e-05,0.00015349056,0.0001639161,0.1616364,0.5431455
/home/leo/Documentos/mestrado/DeepWeeds-Mobile/images/20170217-152300-0.jpg,0,0,0,0,1,0.99773836,0.99773836,2.3821694e-05,1.4189625e-11,2.3425894e-08,1.4452287e-10,0.00017898931,0.00018631069,0.00041033427,0.0014621973
/home/leo/Documentos/mestrado/DeepWeeds-Mobile/images/20171113-124335-1.jpg,6,6,6,6,1,0.99986327,9.084498e-09,5.4068663e-05,1.2049354e-07,1.900973e-06,1.2647587e-07,5.837589e-10,0.99986327,7.0904287e-09,8.049772e-05
/home/leo/Documentos/mestrado/DeepWeeds-Mobile/images/20180125-132508-2.jpg,8,8,8,8,1,0.9717846,0.013868454,0.0011078004,3.778925e-08,0.00015822705,2.7304357e-05,0.0013818515,2.552697e-06,0.011669147,0.9717846
/home/leo/Documentos/mestrado/DeepWeeds-Mobile/images/20171025-091240-2.jpg,3,3,3,3,1,0.9450363,0.007059345,1.5044301e-05,0.0015152474,0.9450363,0.001807013,2.5880462e-07,1.3202968e-08,0.0014042364,0.043162458
/home/leo/Documentos/mestrado/DeepWeeds-Mobile/images/20180125-092755-1.jpg,8,8,8,8,1,0.99979544,9.360393e-05,1.250915e-06,6.3213356e-08,8.08584e-05,1.4157708e-05,3.411777e-06,1.8058103e-06,9.386311e-06,0.99979544
/home/leo/Documentos/mestrado/DeepWeeds-Mobile/images/20180109-065918-2.jpg,8,8,8,8,1,0.73782074,1.6323926e-05,0.018789288,7.247764e-05,0.00018005662,4.4134767e-06,0.0006667202,0.2423069,0.00014299848,0.73782074
/home/leo/Documentos/mestrado/DeepWeeds-Mobile/images/20180105-092231-2.jpg,8,8,8,8,1,0.79969585,0.00010065887,0.0008690079,2.8717943e-05,0.001885279,0.00019660933,4.8891696e-05,0.19689436,0.00028057068,0.79969585
/home/leo/Documentos/mestrado/DeepWeeds-Mobile/images/20171109-093513-1.jpg,5,8,5,8,0,0.9701192,0.0019004183,1.5884829e-05,1.7903524e-08,4.183357e-06,1.3370391e-06,0.027675474,0.00020491095,7.850331e-05,0.9701192
/home/leo/Documentos/mestrado/DeepWeeds-Mobile/images/20171220-101919-2.jpg,8,8,8,8,1,0.993515,0.00015850272,6.961006e-05,3.389164e-14,3.6676553e-08,9.118655e-13,0.0062311124,3.8908033e-06,2.1884276e-05,0.993515
/home/leo/Documentos/mestrado/DeepWeeds-Mobile/images/20170913-100221-3.jpg,5,5,5,5,1,0.7543767,0.00083858805,0.0007286571,0.018829845,0.09158862,0.008336025,0.7543767,0.0011663006,0.0025300789,0.12160518
/home/leo/Documentos/mestrado/DeepWeeds-Mobile/images/20171219-093321-2.jpg,8,8,8,8,1,0.98755264,0.008643614,0.00012028586,3.6506863e-06,0.0018077207,1.9963982e-05,0.00021053084,4.2347627e-05,0.0015991824,0.98755264
/home/leo/Documentos/mestrado/DeepWeeds-Mobile/images/20171212-103728-3.jpg,8,8,8,8,1,0.99901986,4.201622e-05,0.0008252894,5.0509416e-16,3.5192048e-07,1.009834e-12,2.1836804e-05,4.5316065e-06,8.6074746e-05,0.99901986
/home/leo/Documentos/mestrado/DeepWeeds-Mobile/images/20171217-183714-2.jpg,8,0,8,0,0,0.9478592,0.9478592,0.016177233,4.611346e-08,7.813106e-08,3.2502108e-08,0.0020643359,2.019952e-06,0.009051543,0.024845613
/home/leo/Documentos/mestrado/DeepWeeds-Mobile/images/20171025-100715-2.jpg,3,3,3,3,1,0.91843766,0.00042400882,6.334461e-05,9.354965e-06,0.91843766,2.8344446e-06,3.2511556e-07,1.04215275e-07,8.814293e-05,0.08097426
/home/leo/Documentos/mestrado/DeepWeeds-Mobile/images/20170913-115222-2.jpg,5,5,5,5,1,0.9990138,2.6678004e-05,4.2527859e-07,7.673426e-07,9.300197e-05,0.0005010383,0.9990138,6.766082e-05,1.9999823e-06,0.00029454016
/home/leo/Documentos/mestrado/DeepWeeds-Mobile/images/20171220-082206-2.jpg,8,8,8,8,1,0.9152762,0.015131193,0.00010272273,8.642609e-05,0.060958795,0.0033030894,4.4468317e-05,1.289827e-06,0.0050958632,0.9152762
/home/leo/Documentos/mestrado/DeepWeeds-Mobile/images/20170714-130748-1.jpg,1,1,1,1,1,0.79862535,0.04597473,0.79862535,1.7997752e-07,7.194345e-05,6.0206756e-05,4.9393926e-05,0.0015694874,0.14592701,0.0077217445
/home/leo/Documentos/mestrado/DeepWeeds-Mobile/images/20171109-090822-1.jpg,5,5,5,5,1,0.71854746,0.0010934072,3.9577684e-05,1.3375153e-09,1.2215729e-05,1.1001755e-07,0.71854746,0.00013430417,0.0001025701,0.28007033
/home/leo/Documentos/mestrado/DeepWeeds-Mobile/images/20171113-133118-3.jpg,6,6,6,6,1,0.994426,1.7716191e-05,6.331408e-06,6.6039365e-07,0.00026450332,1.987821e-06,1.145254e-08,0.994426,5.865448e-06,0.0052768327
/home/leo/Documentos/mestrado/DeepWeeds-Mobile/images/20170727-143325-3.jpg,4,4,4,4,1,0.8363947,7.638233e-05,5.153364e-07,0.15640111,0.000589103,0.8363947,1.9718057e-07,1.4537858e-08,0.00018802304,0.0063499883
/home/leo/Documentos/mestrado/DeepWeeds-Mobile/images/20171113-102401-1.jpg,5,5,5,5,1,0.92826927,3.3851615e-05,6.458171e-05,9.694284e-08,4.7550343e-06,3.9779593e-07,0.92826927,8.8967616e-05,7.7968036e-07,0.07153728
/home/leo/Documentos/mestrado/DeepWeeds-Mobile/images/20170130-102603-0.jpg,1,7,1,7,0,0.7116515,0.020063607,0.24112973,1.905588e-06,0.012447605,2.7385422e-05,0.000100121484,0.00029280593,0.7116515,0.014285336
/home/leo/Documentos/mestrado/DeepWeeds-Mobile/images/20171220-094903-2.jpg,8,8,8,8,1,0.8789814,0.05647205,0.011643512,7.3619746e-09,0.023932843,1.2305694e-06,0.00093051797,0.0022878814,0.025750551,0.8789814
/home/leo/Documentos/mestrado/DeepWeeds-Mobile/images/20170707-113201-0.jpg,7,8,7,8,0,0.358993,0.053290237,0.14289024,0.001504971,0.051551808,0.0028309706,0.013612559,0.2579883,0.11733792,0.358993
/home/leo/Documentos/mestrado/DeepWeeds-Mobile/images/20170217-114604-0.jpg,7,7,7,7,1,0.96682155,0.015625605,0.0022371411,2.6150014e-05,9.16082e-06,4.407137e-06,0.00032962635,2.2146155e-06,0.96682155,0.014944088
/home/leo/Documentos/mestrado/DeepWeeds-Mobile/images/20180109-091833-1.jpg,8,8,8,8,1,0.98339444,0.013012946,0.0002553128,1.7270221e-06,0.00092429074,1.1883615e-06,0.00020125226,0.0010266639,0.0011821977,0.98339444
/home/leo/Documentos/mestrado/DeepWeeds-Mobile/images/20170707-112442-0.jpg,0,0,0,0,1,0.75022805,0.75022805,0.0002524138,0.0011474158,0.0067067565,0.00016973856,1.1012939e-05,0.00019006696,0.054060373,0.18723412
/home/leo/Documentos/mestrado/DeepWeeds-Mobile/images/20170718-100208-2.jpg,0,0,0,0,1,0.9941777,0.9941777,0.00025819414,3.535352e-11,5.5286313e-09,6.404464e-08,3.34186e-06,4.5462297e-08,0.003968949,0.0015917137
/home/leo/Documentos/mestrado/DeepWeeds-Mobile/images/20180322-133110-1.jpg,8,8,8,8,1,0.9984528,0.0006537386,0.00022832457,4.033325e-05,5.5002194e-05,9.972494e-06,0.00025285062,1.2261006e-07,0.0003068575,0.9984528
/home/leo/Documentos/mestrado/DeepWeeds-Mobile/images/20170728-152734-2.jpg,4,7,4,7,0,0.8456427,0.018382493,0.07578581,4.9623806e-05,0.01294444,0.009155824,0.00013478797,1.4204178e-05,0.8456427,0.03789024
/home/leo/Documentos/mestrado/DeepWeeds-Mobile/images/20180322-125948-1.jpg,8,8,8,8,1,0.95080656,0.016175969,0.0010873213,0.0011299477,0.0050640567,0.0070471996,1.5931691e-05,3.5078128e-07,0.018672662,0.95080656
/home/leo/Documentos/mestrado/DeepWeeds-Mobile/images/20170920-112602-3.jpg,2,2,2,2,1,0.99911565,4.3037307e-06,8.4307044e-07,0.99911565,7.0963288e-06,0.00031531093,2.303733e-06,2.4524984e-06,3.7041048e-06,0.0005483117
/home/leo/Documentos/mestrado/DeepWeeds-Mobile/images/20180322-115857-2.jpg,8,8,8,8,1,0.89879644,0.00029246495,0.00017190175,0.00034911392,0.08970636,0.009812965,2.9584254e-07,5.627155e-08,0.0008703594,0.89879644
/home/leo/Documentos/mestrado/DeepWeeds-Mobile/images/20180125-134757-3.jpg,8,8,8,8,1,0.89702046,0.00055239926,0.024819262,0.0028994363,0.019119183,0.004267532,1.4470673e-05,0.043603636,0.0077036177,0.89702046
/home/leo/Documentos/mestrado/DeepWeeds-Mobile/images/20171102-122249-3.jpg,2,2,2,2,1,0.8006615,0.056283817,3.1495608e-06,0.8006615,0.0055402867,4.0599738e-05,1.8789151e-05,1.1392542e-09,0.0015867716,0.13586512
/home/leo/Documentos/mestrado/DeepWeeds-Mobile/images/20170404-154201-0.jpg,7,7,7,7,1,0.9974516,0.002313723,0.00018347132,2.4164015e-10,4.5223478e-12,3.4530316e-11,5.013856e-07,6.6950134e-09,0.9974516,5.0728173e-05
/home/leo/Documentos/mestrado/DeepWeeds-Mobile/images/20171212-104904-3.jpg,8,8,8,8,1,0.82796156,0.0016285512,0.08283462,1.1504499e-05,0.086058915,2.6652535e-05,1.3295096e-05,3.8248294e-05,0.0014266483,0.82796156
/home/leo/Documentos/mestrado/DeepWeeds-Mobile/images/20171109-194817-1.jpg,5,5,5,5,1,0.9921686,0.00017557171,0.00020345127,3.7862433e-09,2.2068193e-06,9.971884e-09,0.9921686,0.0007104995,0.0011397154,0.005599963
/home/leo/Documentos/mestrado/DeepWeeds-Mobile/images/20170127-102832-0.jpg,1,1,1,1,1,0.9629868,0.00011718994,0.9629868,1.09032776e-10,1.7078357e-06,1.3886109e-09,1.0415373e-05,0.00010654921,0.0003972824,0.036379967
/home/leo/Documentos/mestrado/DeepWeeds-Mobile/images/20171217-184005-2.jpg,8,8,8,8,1,0.9718438,0.0034045598,0.00026930677,7.241497e-12,1.770106e-08,3.1151798e-10,0.023906603,0.0004991414,7.65398e-05,0.9718438
/home/leo/Documentos/mestrado/DeepWeeds-Mobile/images/20170217-143757-0.jpg,7,7,7,7,1,0.86076814,0.13435017,0.0011303027,2.04366e-06,1.0280584e-07,2.0635678e-08,7.610638e-05,2.8927149e-08,0.86076814,0.003673139
/home/leo/Documentos/mestrado/DeepWeeds-Mobile/images/20180112-094807-2.jpg,8,8,8,8,1,0.96729684,0.030736068,1.679325e-05,5.7810623e-09,7.523593e-07,3.2738905e-11,7.877083e-05,1.235527e-07,0.0018706606,0.96729684
/home/leo/Documentos/mestrado/DeepWeeds-Mobile/images/20171220-100356-1.jpg,8,8,8,8,1,0.9999187,6.681236e-06,2.135049e-07,2.4793758e-16,3.6549487e-08,1.0457365e-13,7.4036085e-05,5.2138147e-09,3.1092674e-07,0.9999187
/home/leo/Documentos/mestrado/DeepWeeds-Mobile/images/20171220-100230-2.jpg,8,8,8,8,1,0.89592147,0.058807507,0.0040011303,1.8244158e-08,4.489844e-05,1.5556385e-07,0.036510047,0.0026822805,0.002032462,0.89592147
/home/leo/Documentos/mestrado/DeepWeeds-Mobile/images/20170727-170810-3.jpg,4,4,4,4,1,0.6397136,0.012672473,0.00022818119,0.0010464058,0.009010092,0.6397136,2.503968e-06,1.0331938e-05,0.31730592,0.020010572
/home/leo/Documentos/mestrado/DeepWeeds-Mobile/images/20170501-145300-0.jpg,8,8,8,8,1,0.980123,0.0024642285,0.0016950791,3.7842796e-08,0.0004652969,9.019581e-07,0.0025808827,3.9872706e-05,0.012630567,0.980123
/home/leo/Documentos/mestrado/DeepWeeds-Mobile/images/20180109-072732-1.jpg,8,8,8,8,1,0.79154676,6.9038244e-08,6.7038616e-07,2.1108594e-08,1.5370346e-05,1.7817715e-08,1.3297092e-07,0.20843673,1.8919607e-07,0.79154676
/home/leo/Documentos/mestrado/DeepWeeds-Mobile/images/20180112-072250-1.jpg,8,8,8,8,1,0.5896029,0.00424865,0.00067852094,0.008389134,0.39425835,0.0013406301,1.7858131e-06,2.6614389e-05,0.0014534463,0.5896029
/home/leo/Documentos/mestrado/DeepWeeds-Mobile/images/20171212-105238-3.jpg,8,8,8,8,1,0.9964953,0.0017734099,0.00053925015,2.0182557e-10,1.3712529e-06,6.692206e-09,1.0569994e-05,6.4698696e-07,0.0011794578,0.9964953
/home/leo/Documentos/mestrado/DeepWeeds-Mobile/images/20171113-133727-3.jpg,6,6,6,6,1,0.9996837,3.0724455e-06,1.0916143e-05,5.093511e-09,1.4090565e-06,1.6056855e-08,1.9669546e-09,0.9996837,3.07073e-07,0.00030058614
/home/leo/Documentos/mestrado/DeepWeeds-Mobile/images/20180109-072341-1.jpg,8,8,8,8,1,0.7389783,2.162263e-07,0.000437079,3.5380223e-09,0.0008508671,4.7806006e-06,5.9734255e-08,0.2597271,1.5665652e-06,0.7389783
/home/leo/Documentos/mestrado/DeepWeeds-Mobile/images/20180125-094113-2.jpg,8,8,8,8,1,0.93785286,5.9298595e-06,7.373867e-07,0.008138851,7.405601e-05,0.05375346,6.4601827e-06,0.00016082816,6.8213485e-06,0.93785286
/home/leo/Documentos/mestrado/DeepWeeds-Mobile/images/20180109-071753-1.jpg,8,8,8,8,1,0.5056899,2.758199e-07,0.007359738,3.2143444e-11,0.009291536,2.6906847e-07,1.054673e-06,0.477655,2.1964217e-06,0.5056899
/home/leo/Documentos/mestrado/DeepWeeds-Mobile/images/20180322-114353-1.jpg,8,8,8,8,1,0.98047125,0.0031219823,1.36278395e-05,0.00013850932,0.015705599,2.5206533e-05,7.320902e-05,4.1336573e-08,0.00045060078,0.98047125
/home/leo/Documentos/mestrado/DeepWeeds-Mobile/images/20180125-095559-2.jpg,8,8,8,8,1,0.9979912,8.331456e-06,4.8889115e-06,1.2851216e-07,0.0016813203,1.5489717e-07,8.425245e-06,0.0002938018,1.1697584e-05,0.9979912
/home/leo/Documentos/mestrado/DeepWeeds-Mobile/images/20180105-092305-2.jpg,8,8,8,8,1,0.9833685,5.3843245e-09,6.511046e-07,1.8865317e-07,0.00019584013,4.4616553e-07,5.655802e-10,0.016434386,3.6037e-08,0.9833685
/home/leo/Documentos/mestrado/DeepWeeds-Mobile/images/20170127-102141-0.jpg,1,1,1,1,1,0.9906066,4.6887167e-06,0.9906066,5.6783536e-12,1.7528176e-06,5.8202065e-10,7.749674e-06,0.00050052564,0.00026381633,0.0086148
/home/leo/Documentos/mestrado/DeepWeeds-Mobile/images/20170130-102504-0.jpg,1,1,1,1,1,0.879096,0.044614192,0.879096,8.392708e-06,0.0011463446,7.7723904e-05,0.002740254,0.011050045,0.024983786,0.036283314
/home/leo/Documentos/mestrado/DeepWeeds-Mobile/images/20180109-101630-1.jpg,8,8,8,8,1,0.9045683,0.089212656,1.536467e-06,0.00030067938,0.003843533,1.0261505e-06,3.1793934e-07,3.2404566e-09,0.0020719166,0.9045683
/home/leo/Documentos/mestrado/DeepWeeds-Mobile/images/20171113-120908-2.jpg,6,6,6,6,1,0.7028989,0.009220621,0.007957714,1.5441977e-07,7.235005e-06,3.5502106e-07,8.210998e-05,0.7028989,0.013652827,0.26618004
/home/leo/Documentos/mestrado/DeepWeeds-Mobile/images/20180125-095318-1.jpg,8,8,8,8,1,0.9782823,6.561577e-05,0.00018153831,0.018226618,0.0012812875,0.0008049908,2.2906734e-05,0.0007331361,0.00040150242,0.9782823
/home/leo/Documentos/mestrado/DeepWeeds-Mobile/images/20180105-091904-2.jpg,8,8,8,8,1,0.5614963,2.2890056e-06,0.0016220997,2.9555618e-08,2.281302e-06,4.8497544e-08,5.997956e-05,0.4367949,2.2013457e-05,0.5614963
/home/leo/Documentos/mestrado/DeepWeeds-Mobile/images/20180119-113519-2.jpg,8,8,8,8,1,0.96869624,0.0006963915,0.026992762,2.2583965e-06,0.0015157323,3.406279e-05,2.8840615e-05,0.00044976073,0.0015839196,0.96869624
/home/leo/Documentos/mestrado/DeepWeeds-Mobile/images/20180112-081449-2.jpg,8,8,8,8,1,0.58494806,0.016725635,3.6627441e-06,0.041166876,0.34666467,0.0047704177,2.0042028e-06,1.97157e-09,0.0057186843,0.58494806
/home/leo/Documentos/mestrado/DeepWeeds-Mobile/images/20171205-141306-2.jpg,8,8,8,8,1,0.98228663,0.013210412,0.0013660621,1.8618277e-08,0.00017074864,5.7160094e-07,0.001517139,0.00085133506,0.000597178,0.98228663
/home/leo/Documentos/mestrado/DeepWeeds-Mobile/images/20180125-093430-2.jpg,8,8,8,8,1,0.9958048,0.00020259584,0.00022489416,1.8936877e-05,0.0008992958,0.0025515778,6.633359e-06,1.25358865e-05,0.0002787766,0.9958048
/home/leo/Documentos/mestrado/DeepWeeds-Mobile/images/20180322-124924-1.jpg,8,1,8,1,0,0.58599955,0.004738534,0.58599955,9.0901485e-06,0.00015546592,0.0001388071,0.022221187,0.012522102,0.0135425525,0.36067268
/home/leo/Documentos/mestrado/DeepWeeds-Mobile/images/20170627-105017-0.jpg,7,7,7,7,1,0.3484595,0.1174736,0.32277742,3.8164427e-09,1.4563015e-05,6.122975e-08,0.00015197936,0.14547424,0.3484595,0.06564865
/home/leo/Documentos/mestrado/DeepWeeds-Mobile/images/20171109-073553-1.jpg,5,5,5,5,1,0.83675003,0.0004605198,0.03769392,3.2537997e-11,1.4671082e-08,3.946001e-10,0.83675003,0.068210684,0.04443399,0.012450832
/home/leo/Documentos/mestrado/DeepWeeds-Mobile/images/20180112-100647-2.jpg,8,8,8,8,1,0.9929437,0.0063584787,2.1910543e-07,0.00031906922,4.4671342e-05,2.4115038e-06,5.697527e-05,7.527648e-10,0.00027437575,0.9929437
/home/leo/Documentos/mestrado/DeepWeeds-Mobile/images/20170127-101933-0.jpg,1,1,1,1,1,0.9969374,0.0003213963,0.9969374,1.7257477e-10,1.3505409e-06,2.0013229e-09,1.7979885e-06,0.0007006087,2.2221186e-05,0.0020153145
/home/leo/Documentos/mestrado/DeepWeeds-Mobile/images/20180109-074924-1.jpg,8,8,8,8,1,0.96817,0.0018415042,0.0026865988,0.015843641,0.00030039065,0.0009263375,6.630917e-05,0.0031007759,0.007064474,0.96817
/home/leo/Documentos/mestrado/DeepWeeds-Mobile/images/20180125-092422-1.jpg,8,8,8,8,1,0.9987878,2.313839e-06,3.5723556e-07,1.5978385e-06,4.8570557e-05,1.2410479e-07,3.355351e-07,0.0011550571,3.7953348e-06,0.9987878
/home/leo/Documentos/mestrado/DeepWeeds-Mobile/images/20171102-102717-3.jpg,2,2,2,2,1,0.99998057,1.0638925e-09,2.7345803e-10,0.99998057,3.9037565e-07,3.9865563e-07,1.0539825e-11,2.924707e-11,2.088526e-09,1.8670544e-05
/home/leo/Documentos/mestrado/DeepWeeds-Mobile/images/20180105-101147-2.jpg,8,8,8,8,1,0.99946314,1.3625907e-08,3.549891e-08,5.389169e-07,6.2974677e-06,0.00012673641,3.0540643e-11,0.00040321713,1.5746508e-08,0.99946314
/home/leo/Documentos/mestrado/DeepWeeds-Mobile/images/20180105-095900-2.jpg,8,8,8,8,1,0.98711455,1.4580203e-08,1.1732143e-07,0.00026257738,1.8603761e-06,3.4984364e-06,3.9342734e-09,0.01261722,1.3899749e-07,0.98711455
/home/leo/Documentos/mestrado/DeepWeeds-Mobile/images/20180112-070805-2.jpg,8,2,8,2,0,0.6919888,0.04998391,0.0017532394,0.6919888,0.04700639,0.10317853,0.0011384094,1.9296875e-05,0.006762206,0.098169215
/home/leo/Documentos/mestrado/DeepWeeds-Mobile/images/20180322-130856-1.jpg,8,8,8,8,1,0.9875845,0.00061210344,0.0007707215,0.002195597,0.00018474399,0.0070346966,5.1817595e-05,5.9352482e-05,0.0015064594,0.9875845
/home/leo/Documentos/mestrado/DeepWeeds-Mobile/images/20171219-094406-3.jpg,8,8,8,8,1,0.99593365,0.0021082154,0.0002779843,1.2468482e-07,0.00013574917,1.1705261e-05,0.0007364453,3.5084206e-05,0.0007609078,0.99593365
/home/leo/Documentos/mestrado/DeepWeeds-Mobile/images/20171205-134529-2.jpg,8,8,8,8,1,0.9842263,0.009016449,0.00047207682,3.921352e-07,0.0009370037,1.03455895e-05,5.655559e-05,0.00249807,0.0027826913,0.9842263
/home/leo/Documentos/mestrado/DeepWeeds-Mobile/images/20180112-080040-2.jpg,8,8,8,8,1,0.5566246,0.28782377,0.0023761229,0.00544087,0.0037317562,7.436755e-05,2.1537327e-05,1.8841447e-06,0.14390513,0.5566246
/home/leo/Documentos/mestrado/DeepWeeds-Mobile/images/20170315-085825-0.jpg,8,8,8,8,1,0.99692124,0.0029178946,2.2823256e-06,3.1112453e-09,3.6006813e-07,3.1290288e-08,0.00011106218,2.757795e-06,4.4343833e-05,0.99692124
/home/leo/Documentos/mestrado/DeepWeeds-Mobile/images/20171025-081510-3.jpg,3,7,3,7,0,0.32288572,0.022119842,0.114243455,0.00024527448,0.29557502,0.016165795,0.0013261278,0.0008820177,0.32288572,0.22655676
/home/leo/Documentos/mestrado/DeepWeeds-Mobile/images/20180105-095750-2.jpg,8,8,8,8,1,0.67385584,2.486698e-07,1.32429395e-05,9.260146e-07,0.00043665207,6.106482e-06,1.3231255e-08,0.32568577,1.1904878e-06,0.67385584
/home/leo/Documentos/mestrado/DeepWeeds-Mobile/images/20171122-102134-1.jpg,5,5,5,5,1,0.99031305,0.00010107498,0.00046950227,9.780955e-10,6.126459e-08,2.2915394e-09,0.99031305,0.004061774,7.245768e-05,0.0049821716
/home/leo/Documentos/mestrado/DeepWeeds-Mobile/images/20171218-103746-2.jpg,8,5,8,5,0,0.5398405,0.06530351,0.015182935,4.2801068e-11,6.984868e-07,8.873367e-11,0.5398405,0.00014802374,0.30680317,0.07272121
/home/leo/Documentos/mestrado/DeepWeeds-Mobile/images/20171220-093056-2.jpg,8,8,8,8,1,0.9932823,1.6393416e-05,1.8809811e-07,4.5088613e-11,1.8800845e-05,1.0029028e-09,0.006672857,8.987769e-06,4.5336293e-07,0.9932823
/home/leo/Documentos/mestrado/DeepWeeds-Mobile/images/20171025-095851-1.jpg,3,3,3,3,1,0.6810632,0.0073839994,2.7775407e-06,0.03255248,0.6810632,0.0006220736,6.238918e-07,1.5613962e-09,0.0007755031,0.27759936
/home/leo/Documentos/mestrado/DeepWeeds-Mobile/images/20171109-074141-3.jpg,5,5,5,5,1,0.86831367,8.25944e-05,0.001264098,7.4707594e-11,5.7577895e-06,1.4482859e-08,0.86831367,0.02703502,0.00081443036,0.102484375
/home/leo/Documentos/mestrado/DeepWeeds-Mobile/images/20171220-093639-3.jpg,8,8,8,8,1,0.997667,0.0015558257,6.912393e-06,1.4473866e-07,0.00018268028,3.4979996e-06,0.0002940629,0.00013202339,0.00015783132,0.997667
/home/leo/Documentos/mestrado/DeepWeeds-Mobile/images/20171109-092023-1.jpg,5,5,5,5,1,0.9977785,5.459819e-05,0.00029102835,5.363997e-13,7.0240502e-09,6.64777e-11,0.9977785,1.8883968e-05,4.4806864e-05,0.0018121315
/home/leo/Documentos/mestrado/DeepWeeds-Mobile/images/20180125-094205-1.jpg,8,8,8,8,1,0.9744839,0.00012530961,1.488755e-05,0.0001554839,0.019139443,0.005472143,1.0059235e-08,1.5216054e-05,0.00059353176,0.9744839
/home/leo/Documentos/mestrado/DeepWeeds-Mobile/images/20171113-142841-2.jpg,6,6,6,6,1,0.92032987,0.00038468646,0.07558426,9.741894e-08,6.713553e-05,1.6519238e-06,1.5351385e-05,0.92032987,0.0014070957,0.0022099302
/home/leo/Documentos/mestrado/DeepWeeds-Mobile/images/20171218-104320-2.jpg,8,8,8,8,1,0.99821943,0.00085793895,0.00013178695,6.9300577e-12,2.8230234e-06,2.3237496e-09,0.00038623693,1.86554e-06,0.00039979507,0.99821943
/home/leo/Documentos/mestrado/DeepWeeds-Mobile/images/20180105-101455-2.jpg,8,8,8,8,1,0.9947452,1.9311e-08,2.6047385e-07,0.00012619734,1.20856275e-05,7.0814835e-06,2.321929e-09,0.0051088803,2.6687775e-07,0.9947452
/home/leo/Documentos/mestrado/DeepWeeds-Mobile/images/20171212-100234-3.jpg,8,8,8,8,1,0.9605526,0.00022669038,8.576989e-05,1.6043923e-10,0.038950786,2.1950397e-07,4.1041335e-07,1.3093621e-06,0.00018227511,0.9605526
/home/leo/Documentos/mestrado/DeepWeeds-Mobile/images/20171113-115910-0.jpg,6,6,6,6,1,0.999572,8.900314e-06,3.4372213e-05,7.4073137e-10,4.7846e-05,4.6509168e-08,2.106935e-08,0.999572,3.3154365e-06,0.00033346305
/home/leo/Documentos/mestrado/DeepWeeds-Mobile/images/20180109-072008-2.jpg,8,8,8,8,1,0.761599,1.1940651e-05,0.00056309515,0.004590207,0.00020219131,3.8342267e-05,1.9331076e-06,0.2329554,3.7910384e-05,0.761599
/home/leo/Documentos/mestrado/DeepWeeds-Mobile/images/20171219-094927-2.jpg,8,8,8,8,1,0.8669912,0.040518254,0.028143773,0.00048824446,0.019051092,0.001731862,0.014231154,0.005708322,0.023136104,0.8669912
/home/leo/Documentos/mestrado/DeepWeeds-Mobile/images/20171025-172200-3.jpg,3,3,3,3,1,0.724997,0.00088635425,0.0006152095,0.00013635891,0.724997,0.0007467058,7.753286e-07,0.0009364802,0.00084333913,0.27083787
/home/leo/Documentos/mestrado/DeepWeeds-Mobile/images/20180112-071211-2.jpg,8,0,8,0,0,0.55993253,0.55993253,0.0002330148,0.00017276732,0.02465108,0.0054270495,1.23581685e-05,1.212166e-05,0.01953141,0.39002767
/home/leo/Documentos/mestrado/DeepWeeds-Mobile/images/20180109-103722-2.jpg,8,8,8,8,1,0.9988048,0.00019313114,0.000113529546,8.094748e-05,0.0007178855,7.471771e-06,5.474645e-06,1.1946935e-06,7.549425e-05,0.9988048
/home/leo/Documentos/mestrado/DeepWeeds-Mobile/images/20170210-142739-0.jpg,7,7,7,7,1,0.57535094,0.24564698,5.1734118e-05,2.8263853e-08,8.2024085e-09,4.3158468e-10,1.3111276e-06,9.184237e-11,0.57535094,0.17894904
/home/leo/Documentos/mestrado/DeepWeeds-Mobile/images/20180125-100152-1.jpg,8,8,8,8,1,0.99366164,1.006744e-05,3.248539e-05,0.0015604586,0.00028921984,0.00011787358,8.838799e-06,0.00427481,4.4573844e-05,0.99366164
/home/leo/Documentos/mestrado/DeepWeeds-Mobile/images/20170727-152620-3.jpg,4,4,4,4,1,0.6810679,0.0060184696,6.157232e-05,0.12140314,0.011386476,0.6810679,1.3282059e-05,1.0472335e-06,0.04571788,0.13433026
/home/leo/Documentos/mestrado/DeepWeeds-Mobile/images/20170811-130259-1.jpg,0,0,0,0,1,0.8612442,0.8612442,0.011154281,5.300344e-06,2.052402e-06,1.70583e-05,0.00012369397,9.630576e-07,0.12481764,0.0026348527
/home/leo/Documentos/mestrado/DeepWeeds-Mobile/images/20170714-141300-2.jpg,1,6,1,6,0,0.8769144,0.00035692455,0.042677037,2.8314415e-05,3.9257025e-05,3.565085e-05,0.00023033653,0.8769144,0.000551328,0.079166666
/home/leo/Documentos/mestrado/DeepWeeds-Mobile/images/20180119-113541-2.jpg,8,8,8,8,1,0.98481596,0.0035538203,0.0066623334,1.9401531e-09,0.0001196541,1.00226515e-07,0.0011261058,0.00028903916,0.00343307,0.98481596
/home/leo/Documentos/mestrado/DeepWeeds-Mobile/images/20180112-092157-1.jpg,8,8,8,8,1,0.65653384,0.028679922,0.15721558,3.198224e-06,0.11784201,7.332329e-06,7.0076e-05,3.5063353e-05,0.039612923,0.65653384
/home/leo/Documentos/mestrado/DeepWeeds-Mobile/images/20170315-091035-0.jpg,8,8,8,8,1,0.9850562,0.006718595,0.001746097,3.1302682e-12,1.4981592e-07,7.5505754e-11,0.0061616525,5.3338717e-05,0.00026391377,0.9850562
/home/leo/Documentos/mestrado/DeepWeeds-Mobile/images/20171220-092615-3.jpg,8,8,8,8,1,0.99490047,0.0015809244,3.9246547e-07,1.6366739e-06,0.0014377543,0.0019947253,9.772706e-06,6.906965e-08,7.4189695e-05,0.99490047
/home/leo/Documentos/mestrado/DeepWeeds-Mobile/images/20171113-092453-3.jpg,5,5,5,5,1,0.9991317,0.0006487893,8.368617e-10,1.9322632e-16,1.1081595e-11,2.602974e-15,0.9991317,2.0315367e-08,8.713492e-05,0.00013228758
/home/leo/Documentos/mestrado/DeepWeeds-Mobile/images/20171218-105931-3.jpg,8,8,8,8,1,0.9124245,0.060212873,0.0109638,4.0900153e-07,3.6215493e-05,3.8364652e-07,0.0038837532,3.6343055e-05,0.012441761,0.9124245
/home/leo/Documentos/mestrado/DeepWeeds-Mobile/images/20180109-071546-1.jpg,8,6,8,6,0,0.5704851,0.00011720159,0.00027714364,0.0031920588,0.0013088736,0.0012257785,9.702422e-06,0.5704851,0.00025351843,0.4231306
/home/leo/Documentos/mestrado/DeepWeeds-Mobile/images/20180322-113018-2.jpg,8,8,8,8,1,0.96257764,1.9180976e-05,0.00021206669,0.00039284435,0.0367102,2.871894e-05,2.6756666e-07,3.6382803e-06,5.5547538e-05,0.96257764
/home/leo/Documentos/mestrado/DeepWeeds-Mobile/images/20180125-093121-1.jpg,8,8,8,8,1,0.9867018,0.00010829452,0.00042708355,1.3109861e-06,0.012421702,1.2819058e-05,9.628443e-05,0.00010150158,0.00012917486,0.9867018
/home/leo/Documentos/mestrado/DeepWeeds-Mobile/images/20170718-132228-2.jpg,7,7,7,7,1,0.99653375,0.00095538807,0.0021743733,8.293855e-09,0.00016743701,2.979394e-05,2.4297346e-06,5.1981356e-06,0.99653375,0.00013160857
/home/leo/Documentos/mestrado/DeepWeeds-Mobile/images/20171122-102213-1.jpg,5,5,5,5,1,0.9994443,7.896508e-06,0.00010979301,4.758366e-13,4.974509e-09,8.9112615e-12,0.9994443,1.5117055e-06,0.00011726974,0.00031922912
/home/leo/Documentos/mestrado/DeepWeeds-Mobile/images/20171109-092940-1.jpg,5,5,5,5,1,0.97954464,0.00047170144,0.00029103935,2.9082675e-10,6.1578163e-07,2.1812165e-08,0.97954464,3.305772e-05,0.002179939,0.017478948
/home/leo/Documentos/mestrado/DeepWeeds-Mobile/images/20171113-134157-3.jpg,6,6,6,6,1,0.95319545,2.5761233e-07,0.0025447626,4.6755437e-07,9.929957e-06,4.873392e-07,1.7258654e-06,0.95319545,1.0458325e-06,0.04424589
/home/leo/Documentos/mestrado/DeepWeeds-Mobile/images/20180119-110050-1.jpg,8,8,8,8,1,0.995057,1.4447557e-05,0.0002510171,1.8330492e-06,0.004269524,2.4140345e-05,9.591789e-09,0.00014159101,0.0002403659,0.995057
/home/leo/Documentos/mestrado/DeepWeeds-Mobile/images/20171102-121318-1.jpg,2,2,2,2,1,0.9609646,0.0003692661,1.2775205e-07,0.9609646,0.027277267,0.0037692292,1.2047259e-07,4.659254e-10,2.1195909e-05,0.0075981696
/home/leo/Documentos/mestrado/DeepWeeds-Mobile/images/20170913-101102-3.jpg,5,5,5,5,1,0.9123094,0.004440289,0.00038611764,0.007227633,0.028901124,0.009117453,0.9123094,0.0010239069,0.002027329,0.034566734
/home/leo/Documentos/mestrado/DeepWeeds-Mobile/images/20180109-092549-2.jpg,8,8,8,8,1,0.99399626,0.0047187195,2.0215951e-07,1.2727537e-06,6.415619e-08,3.240485e-09,1.6593924e-05,5.568617e-09,0.0012667626,0.99399626
/home/leo/Documentos/mestrado/DeepWeeds-Mobile/images/20180112-094256-1.jpg,8,8,8,8,1,0.7333722,0.110764936,0.0007339266,0.00061775005,0.056731485,3.3420165e-05,1.0326765e-05,5.9183257e-08,0.097735964,0.7333722
/home/leo/Documentos/mestrado/DeepWeeds-Mobile/images/20180125-132637-2.jpg,8,8,8,8,1,0.9935915,0.0029814,0.0005176436,8.6543645e-07,0.0008545479,0.0004465266,6.720924e-05,3.678331e-06,0.0015367054,0.9935915
/home/leo/Documentos/mestrado/DeepWeeds-Mobile/images/20170706-113540-0.jpg,7,7,7,7,1,0.48714593,0.32661358,0.01137846,1.25825545e-05,0.00045490492,4.4150285e-05,0.0002045192,6.4988744e-05,0.48714593,0.17408097
/home/leo/Documentos/mestrado/DeepWeeds-Mobile/images/20170714-122030-2.jpg,1,1,1,1,1,0.40412295,0.065843664,0.40412295,1.3356446e-07,5.6237994e-05,4.197533e-06,0.063446976,0.12269725,0.06351881,0.28030974
/home/leo/Documentos/mestrado/DeepWeeds-Mobile/images/20180109-071259-1.jpg,8,6,8,6,0,0.9954146,1.2796089e-05,5.6747955e-05,9.697034e-09,9.3080525e-05,7.2844205e-07,2.3320686e-06,0.9954146,2.611311e-05,0.0043936525
/home/leo/Documentos/mestrado/DeepWeeds-Mobile/images/20171220-100930-1.jpg,8,8,8,8,1,0.99866045,0.00095062604,1.4489856e-05,7.866274e-11,0.00026452666,1.4318222e-08,6.191374e-05,2.824338e-06,4.5114055e-05,0.99866045
/home/leo/Documentos/mestrado/DeepWeeds-Mobile/images/20180105-104800-1.jpg,8,8,8,8,1,0.68849045,3.8111756e-07,0.0018080411,4.048063e-05,5.1269467e-07,4.4760134e-07,1.5591604e-05,0.30964258,1.491043e-06,0.68849045
/home/leo/Documentos/mestrado/DeepWeeds-Mobile/images/20170920-115656-2.jpg,2,2,2,2,1,0.8624642,0.00019892189,4.819247e-07,0.8624642,0.00242081,0.1189366,2.9920704e-07,1.2691856e-08,0.00028381916,0.01569487
/home/leo/Documentos/mestrado/DeepWeeds-Mobile/images/20170304-130909-0.jpg,7,7,7,7,1,0.9749439,0.022476096,8.235948e-05,4.836944e-10,1.6638631e-07,6.78996e-08,3.720689e-05,1.10473955e-07,0.9749439,0.0024601873
/home/leo/Documentos/mestrado/DeepWeeds-Mobile/images/20170714-141314-3.jpg,1,1,1,1,1,0.805141,0.0027817006,0.805141,6.5190825e-06,0.0070080557,0.0011548108,0.0006820053,0.029389454,0.011351789,0.14248468
/home/leo/Documentos/mestrado/DeepWeeds-Mobile/images/20170913-102830-2.jpg,3,2,3,2,0,0.85369754,4.184985e-06,1.542997e-05,0.85369754,0.10620274,0.029416338,4.10701e-07,9.295927e-07,5.6372115e-05,0.010605963
/home/leo/Documentos/mestrado/DeepWeeds-Mobile/images/20180112-101611-2.jpg,8,8,8,8,1,0.99999094,3.7612028e-06,6.8071806e-09,3.4618147e-08,5.9698363e-10,1.3788373e-10,1.2307625e-07,4.586526e-12,5.0716494e-06,0.99999094
/home/leo/Documentos/mestrado/DeepWeeds-Mobile/images/20171219-105531-3.jpg,8,8,8,8,1,0.99625003,0.0009837962,0.0001527412,3.7013018e-10,1.3140638e-05,4.8477855e-08,0.0021814557,1.0113119e-05,0.00040862296,0.99625003
/home/leo/Documentos/mestrado/DeepWeeds-Mobile/images/20170714-120008-1.jpg,1,1,1,1,1,0.95853454,0.0041576107,0.95853454,2.584884e-09,1.2500798e-06,1.1057142e-08,0.00033513716,0.002264182,0.020622673,0.014084634
/home/leo/Documentos/mestrado/DeepWeeds-Mobile/images/20171212-100705-1.jpg,8,8,8,8,1,0.90901357,0.025626214,0.011710375,5.306209e-07,0.008467162,1.6708564e-05,0.0007297201,2.844842e-05,0.044407338,0.90901357
/home/leo/Documentos/mestrado/DeepWeeds-Mobile/images/20171218-122016-2.jpg,8,8,8,8,1,0.9986318,0.0007337476,4.9045477e-05,1.510482e-10,0.00029263765,2.1358556e-08,1.1361194e-05,3.765922e-08,0.00028137778,0.9986318
/home/leo/Documentos/mestrado/DeepWeeds-Mobile/images/20170913-130341-3.jpg,5,5,5,5,1,0.723799,0.0024643089,0.00020632606,0.024455799,0.13588446,0.0852233,0.723799,0.0043384866,0.0018876527,0.021740641
/home/leo/Documentos/mestrado/DeepWeeds-Mobile/images/20170729-092913-3.jpg,4,4,4,4,1,0.9924586,0.0007693981,2.3940314e-07,3.1149805e-06,0.000938244,0.9924586,2.0915342e-08,8.087753e-12,0.0034704455,0.002359996
/home/leo/Documentos/mestrado/DeepWeeds-Mobile/images/20180109-104616-2.jpg,8,8,8,8,1,0.9969236,0.00046433686,1.8756235e-05,9.710341e-06,0.002471109,3.77009e-06,1.0641682e-05,1.1945575e-07,9.7833894e-05,0.9969236
/home/leo/Documentos/mestrado/DeepWeeds-Mobile/images/20171113-060523-1.jpg,5,8,5,8,0,0.7789632,0.006916296,0.0053077247,1.0789566e-05,8.644385e-05,6.333662e-05,0.16276449,0.045046445,0.0008412096,0.7789632
/home/leo/Documentos/mestrado/DeepWeeds-Mobile/images/20170727-162730-3.jpg,4,3,4,3,0,0.44538498,0.029593755,0.0076107676,0.00029269594,0.44538498,0.08110146,0.00018934357,1.1524979e-05,0.3449669,0.09084864
/home/leo/Documentos/mestrado/DeepWeeds-Mobile/images/20180322-130253-1.jpg,8,8,8,8,1,0.99441725,0.0032729055,0.00037380154,6.1595844e-09,0.00044398103,1.03179755e-05,0.00022191608,6.492675e-06,0.0012533328,0.99441725
/home/leo/Documentos/mestrado/DeepWeeds-Mobile/images/20170811-124924-2.jpg,0,0,0,0,1,0.96199226,0.96199226,8.260634e-06,7.056463e-06,1.410385e-05,3.2483385e-07,7.5939583e-06,2.0107004e-08,0.0024069608,0.035563383
/home/leo/Documentos/mestrado/DeepWeeds-Mobile/images/20180125-133410-3.jpg,8,8,8,8,1,0.956927,0.0022782197,0.004427278,0.00787477,0.008512927,0.008423206,5.379812e-06,0.0053084204,0.0062428964,0.956927
/home/leo/Documentos/mestrado/DeepWeeds-Mobile/images/20180322-113720-1.jpg,8,8,8,8,1,0.9726565,0.0024150142,0.0011089356,1.8440328e-07,0.0004278397,1.515019e-06,0.020433644,0.0018213696,0.0011350199,0.9726565
/home/leo/Documentos/mestrado/DeepWeeds-Mobile/images/20180112-103609-2.jpg,8,8,8,8,1,0.9951035,0.00021913506,0.0029173684,4.5904522e-05,3.7467216e-05,1.6684452e-06,0.00015711247,0.0009738728,0.0005439809,0.9951035
/home/leo/Documentos/mestrado/DeepWeeds-Mobile/images/20170714-135350-3.jpg,1,1,1,1,1,0.99885046,3.5196084e-05,0.99885046,4.033772e-13,1.9360872e-08,5.053763e-10,4.7295766e-06,0.00039553325,0.00016785748,0.0005461965
/home/leo/Documentos/mestrado/DeepWeeds-Mobile/images/20180109-092552-1.jpg,8,8,8,8,1,0.97836316,0.018895509,0.0001275414,6.2409167e-06,0.00031598035,8.082907e-07,1.37780835e-05,2.3643026e-06,0.0022746387,0.97836316
/home/leo/Documentos/mestrado/DeepWeeds-Mobile/images/20180105-095321-2.jpg,8,8,8,8,1,0.99770325,6.9037793e-07,0.000114195835,1.8472423e-06,0.0008036891,0.00014558822,8.873991e-09,0.0012159725,1.4754077e-05,0.99770325
/home/leo/Documentos/mestrado/DeepWeeds-Mobile/images/20180125-101600-1.jpg,8,8,8,8,1,0.99925417,3.448607e-07,1.0821506e-06,4.4010258e-06,0.0001390901,3.3350977e-07,1.6209047e-07,0.0006000252,3.8360722e-07,0.99925417
/home/leo/Documentos/mestrado/DeepWeeds-Mobile/images/20180125-094953-2.jpg,8,8,8,8,1,0.9996064,3.351175e-05,6.950115e-07,8.501151e-06,1.6944166e-05,0.00022654662,2.8205894e-05,7.360729e-05,5.591415e-06,0.9996064
/home/leo/Documentos/mestrado/DeepWeeds-Mobile/images/20180119-105359-2.jpg,8,8,8,8,1,0.95767033,0.00028715603,0.039751742,3.107621e-05,0.0007425884,4.3053715e-05,4.120798e-05,0.00036971635,0.0010631023,0.95767033
/home/leo/Documentos/mestrado/DeepWeeds-Mobile/images/20180112-082416-1.jpg,8,8,8,8,1,0.82929885,0.07333132,3.8148308e-05,0.0011527358,0.06739673,0.0004810985,4.6399705e-06,9.848766e-09,0.02829659,0.82929885
/home/leo/Documentos/mestrado/DeepWeeds-Mobile/images/20180125-133357-2.jpg,8,8,8,8,1,0.9954903,0.00023759625,0.0014752104,4.8791396e-08,0.001064539,0.00056822377,1.6286429e-05,1.3036687e-05,0.0011348117,0.9954903
/home/leo/Documentos/mestrado/DeepWeeds-Mobile/images/20180322-125142-1.jpg,8,8,8,8,1,0.999019,8.646381e-07,8.518134e-06,1.1763871e-11,3.6266476e-10,1.6739345e-09,0.0009696981,1.8117398e-06,1.2641004e-07,0.999019
/home/leo/Documentos/mestrado/DeepWeeds-Mobile/images/20170920-100519-2.jpg,2,2,2,2,1,0.9713088,1.2083665e-07,2.3032177e-05,0.9713088,9.7354925e-05,0.0008705087,1.35360505e-08,0.0023683172,3.464654e-06,0.025328211
/home/leo/Documentos/mestrado/DeepWeeds-Mobile/images/20171121-081427-2.jpg,6,8,6,8,0,0.9025934,1.2109583e-05,0.0011529133,0.00078458834,0.0001396975,0.0008702941,1.5857107e-05,0.09438435,4.6834182e-05,0.9025934
/home/leo/Documentos/mestrado/DeepWeeds-Mobile/images/20171113-104328-0.jpg,6,6,6,6,1,0.9879468,0.0003261022,0.0012136144,9.334727e-09,5.961906e-06,3.7564547e-07,5.4956713e-06,0.9879468,6.851534e-05,0.0104330955
/home/leo/Documentos/mestrado/DeepWeeds-Mobile/images/20170405-154756-0.jpg,0,8,0,8,0,0.6290622,0.28832817,0.035905533,3.271485e-08,0.0031717517,1.2952806e-06,0.0040423716,0.0038388208,0.035649803,0.6290622
/home/leo/Documentos/mestrado/DeepWeeds-Mobile/images/20170920-100219-3.jpg,2,8,2,8,0,0.77931905,5.1814714e-05,0.0001759696,0.1234678,0.07974929,0.015951678,1.2957775e-06,0.00077816745,0.0005049965,0.77931905
/home/leo/Documentos/mestrado/DeepWeeds-Mobile/images/20180125-102109-2.jpg,8,8,8,8,1,0.94806147,0.00016546488,1.7988288e-05,5.0208287e-06,0.0127279265,1.2559347e-05,0.00084801996,0.038130235,3.1403386e-05,0.94806147
/home/leo/Documentos/mestrado/DeepWeeds-Mobile/images/20171219-101010-2.jpg,8,8,8,8,1,0.8635368,0.00013030898,0.006273526,0.025013354,0.043402474,0.061139233,1.4142827e-06,0.000121546254,0.0003812176,0.8635368
/home/leo/Documentos/mestrado/DeepWeeds-Mobile/images/20170728-120233-2.jpg,4,4,4,4,1,0.997477,3.5685505e-06,7.282269e-07,0.00031475627,0.0008965472,0.997477,0.00024876982,6.606285e-06,1.468918e-06,0.0010505582
/home/leo/Documentos/mestrado/DeepWeeds-Mobile/images/20180125-092713-1.jpg,8,8,8,8,1,0.99763584,2.2517675e-05,0.0009680794,6.694661e-05,0.0006362703,5.9966904e-05,2.8357213e-06,0.00031717983,0.00029039654,0.99763584
/home/leo/Documentos/mestrado/DeepWeeds-Mobile/images/20180119-111602-2.jpg,8,8,8,8,1,0.9864102,0.00018476821,0.010992595,3.6573392e-06,0.0014367576,3.4504199e-06,6.751434e-06,0.0008500962,0.00011182267,0.9864102
/home/leo/Documentos/mestrado/DeepWeeds-Mobile/images/20170714-111501-2.jpg,1,1,1,1,1,0.98531485,4.254721e-05,0.98531485,8.496194e-13,9.918121e-09,3.6386844e-10,6.0249663e-06,0.001968569,0.012544811,0.00012321898
/home/leo/Documentos/mestrado/DeepWeeds-Mobile/images/20171113-145319-3.jpg,6,6,6,6,1,0.9911073,2.041368e-05,0.008019027,4.3981224e-08,8.45722e-06,4.960536e-07,1.0166049e-06,0.9911073,3.3097564e-05,0.00081032224
/home/leo/Documentos/mestrado/DeepWeeds-Mobile/images/20170718-102030-2.jpg,7,7,7,7,1,0.83374155,0.045493662,0.012309498,8.109985e-06,0.0022595536,0.00035115954,0.006967021,5.942983e-05,0.83374155,0.09881003
/home/leo/Documentos/mestrado/DeepWeeds-Mobile/images/20171218-104928-2.jpg,8,8,8,8,1,0.9916152,0.00026509524,0.006610045,9.173654e-12,3.1228478e-07,5.831959e-10,0.0005432802,6.7278165e-06,0.00095929136,0.9916152
/home/leo/Documentos/mestrado/DeepWeeds-Mobile/images/20170811-112559-1.jpg,0,0,0,0,1,0.5394234,0.5394234,0.0012714199,0.0009402777,0.0005474542,3.5769637e-05,0.000110148925,1.0133415e-05,0.04316846,0.41449293
/home/leo/Documentos/mestrado/DeepWeeds-Mobile/images/20180125-130207-2.jpg,8,8,8,8,1,0.98434097,0.000116448755,0.002145317,4.0684682e-09,6.158931e-05,4.395438e-06,0.0004551557,0.01179416,0.0010819503,0.98434097
/home/leo/Documentos/mestrado/DeepWeeds-Mobile/images/20171220-091804-3.jpg,8,8,8,8,1,0.98023176,0.011096776,3.8810253e-05,3.05997e-06,0.00076595764,0.00023575632,0.00012815185,0.00086877926,0.0066308025,0.98023176
/home/leo/Documentos/mestrado/DeepWeeds-Mobile/images/20170217-145312-0.jpg,7,7,7,7,1,0.93798584,0.061931986,1.8490721e-09,4.470457e-17,3.4927194e-15,1.6218315e-16,5.6343504e-07,5.368011e-12,0.93798584,8.161619e-05
/home/leo/Documentos/mestrado/DeepWeeds-Mobile/images/20171121-082850-2.jpg,6,8,6,8,0,0.90974355,3.8943995e-06,0.0013748532,1.956742e-05,4.3500836e-06,6.5474546e-06,7.780891e-07,0.088808134,3.829456e-05,0.90974355
/home/leo/Documentos/mestrado/DeepWeeds-Mobile/images/20180125-092521-2.jpg,8,8,8,8,1,0.78059196,0.0063646534,1.1476195e-05,0.18036737,0.0022724604,0.028845342,1.3416667e-06,5.537881e-07,0.0015448027,0.78059196
/home/leo/Documentos/mestrado/DeepWeeds-Mobile/images/20170718-101402-2.jpg,0,7,0,7,0,0.6214489,0.18802345,0.051934693,6.0390932e-09,0.0007927512,1.3570784e-05,0.00071633107,4.725305e-06,0.6214489,0.13706556
/home/leo/Documentos/mestrado/DeepWeeds-Mobile/images/20171218-110654-3.jpg,8,8,8,8,1,0.8807993,0.028175525,0.04430812,5.3636155e-05,0.044029865,4.714911e-05,1.4419627e-05,5.7318795e-07,0.0025714743,0.8807993
/home/leo/Documentos/mestrado/DeepWeeds-Mobile/images/20170714-142112-2.jpg,1,1,1,1,1,0.95835316,0.00013624632,0.95835316,1.4279682e-09,8.208145e-06,4.4345984e-07,0.00015098939,0.029654043,0.0040574092,0.0076394114
/home/leo/Documentos/mestrado/DeepWeeds-Mobile/images/20170811-115130-2.jpg,0,8,0,8,0,0.5111989,0.4483361,0.011473075,5.6744687e-10,8.1235285e-06,1.2376663e-07,7.488239e-05,0.015355855,0.0135529945,0.5111989
/home/leo/Documentos/mestrado/DeepWeeds-Mobile/images/20170727-172057-3.jpg,4,4,4,4,1,0.4701248,0.009881989,0.0044696173,0.0063620317,0.08275163,0.4701248,4.4430275e-05,0.0005050954,0.042013306,0.383847
/home/leo/Documentos/mestrado/DeepWeeds-Mobile/images/20180112-080831-2.jpg,8,3,8,3,0,0.62954295,0.008733464,2.069485e-05,0.00021231659,0.62954295,0.0010857715,1.8785653e-07,2.0891078e-09,0.013284904,0.3471198
/home/leo/Documentos/mestrado/DeepWeeds-Mobile/images/20180109-080409-1.jpg,8,8,8,8,1,0.81276953,1.7666786e-06,4.1736206e-05,4.552862e-07,1.3143442e-05,8.71635e-07,2.842516e-07,0.18715729,1.501492e-05,0.81276953
/home/leo/Documentos/mestrado/DeepWeeds-Mobile/images/20171218-104341-2.jpg,8,8,8,8,1,0.84357697,0.0010727332,0.011048287,1.2870408e-10,0.0042676465,1.6012046e-06,0.014716352,0.12232635,0.0029899883,0.84357697
/home/leo/Documentos/mestrado/DeepWeeds-Mobile/images/20170718-132427-2.jpg,7,7,7,7,1,0.96226704,0.002364187,0.01348722,3.80697e-05,0.0031854252,0.009053845,1.6294629e-05,5.4509033e-05,0.96226704,0.009533365
/home/leo/Documentos/mestrado/DeepWeeds-Mobile/images/20180105-092221-3.jpg,8,8,8,8,1,0.9506199,7.511835e-07,0.0005400172,3.9780585e-07,0.00019220142,3.5451046e-06,4.7030976e-06,0.0486326,5.923586e-06,0.9506199
/home/leo/Documentos/mestrado/DeepWeeds-Mobile/images/20170727-145602-3.jpg,4,4,4,4,1,0.9662408,0.0040784264,5.2872783e-06,0.00073069835,0.0019488803,0.9662408,3.4178393e-07,2.5046496e-09,0.0041789236,0.022816498
/home/leo/Documentos/mestrado/DeepWeeds-Mobile/images/20180109-074002-2.jpg,8,8,8,8,1,0.9940145,1.6376987e-07,0.00031205514,5.3869517e-08,2.6790016e-07,9.973838e-08,1.5616431e-06,0.0056704306,8.84631e-07,0.9940145
/home/leo/Documentos/mestrado/DeepWeeds-Mobile/images/20170714-142121-3.jpg,1,1,1,1,1,0.9934116,2.9780696e-05,0.9934116,3.4102743e-10,4.7629595e-07,5.5209075e-08,1.0947641e-05,0.005630451,0.00068283954,0.00023392138
/home/leo/Documentos/mestrado/DeepWeeds-Mobile/images/20171025-094114-2.jpg,3,3,3,3,1,0.98656493,0.00039446488,3.0377163e-07,0.0017208597,0.98656493,0.00047453982,4.085422e-09,2.2256484e-10,3.857814e-05,0.010806215
/home/leo/Documentos/mestrado/DeepWeeds-Mobile/images/20171220-100600-2.jpg,8,8,8,8,1,0.93591875,9.661484e-05,0.00010320477,9.134183e-10,0.063817814,3.403738e-07,5.153258e-07,3.275741e-07,6.246763e-05,0.93591875
/home/leo/Documentos/mestrado/DeepWeeds-Mobile/images/20170811-134322-1.jpg,0,0,0,0,1,0.37092012,0.37092012,0.00263423,6.3420305e-07,0.0006174715,0.00016412746,9.1662485e-05,0.00043760496,0.34588316,0.27925092
/home/leo/Documentos/mestrado/DeepWeeds-Mobile/images/20180125-131503-2.jpg,8,8,8,8,1,0.9970087,0.00014449489,0.002567254,4.553683e-08,4.228496e-06,1.101393e-07,0.000218702,3.7784314e-06,5.261402e-05,0.9970087
/home/leo/Documentos/mestrado/DeepWeeds-Mobile/images/20180125-133255-2.jpg,8,8,8,8,1,0.9943279,8.287851e-05,0.0027960502,1.7682121e-05,0.0014853355,0.000645041,3.4020131e-06,5.785789e-06,0.00063586864,0.9943279
/home/leo/Documentos/mestrado/DeepWeeds-Mobile/images/20180125-100845-1.jpg,8,8,8,8,1,0.99999654,2.0323115e-07,3.9759527e-08,6.849024e-09,1.4683981e-07,5.103141e-08,2.3859027e-06,6.0894706e-07,9.163841e-08,0.99999654
/home/leo/Documentos/mestrado/DeepWeeds-Mobile/images/20171212-105227-1.jpg,8,8,8,8,1,0.74156487,0.048123352,0.10896207,1.4288487e-06,0.007976794,2.9943758e-05,0.004331189,0.0063480474,0.08266224,0.74156487
/home/leo/Documentos/mestrado/DeepWeeds-Mobile/images/20180112-092231-1.jpg,8,8,8,8,1,0.98197436,0.012487612,5.23028e-06,0.0031623936,0.0017824016,4.7759368e-06,4.1912827e-07,4.8128554e-09,0.0005827628,0.98197436
/home/leo/Documentos/mestrado/DeepWeeds-Mobile/images/20170920-095212-2.jpg,2,2,2,2,1,0.99463224,1.4263135e-08,1.148945e-05,0.99463224,4.0974833e-06,6.8757945e-06,1.1304135e-08,1.2362758e-05,5.2922377e-07,0.0053323633
/home/leo/Documentos/mestrado/DeepWeeds-Mobile/images/20180125-092639-1.jpg,8,8,8,8,1,0.99890256,1.5552524e-07,8.651607e-09,4.7360427e-06,3.217204e-08,0.0010916292,9.0329837e-07,3.596273e-08,8.123775e-09,0.99890256
/home/leo/Documentos/mestrado/DeepWeeds-Mobile/images/20170803-133045-1.jpg,0,7,0,7,0,0.33064127,0.021964055,0.05818115,0.00022411138,0.27596265,0.0049708746,0.00044702855,0.079570666,0.33064127,0.22803824
/home/leo/Documentos/mestrado/DeepWeeds-Mobile/images/20170913-104650-2.jpg,3,3,3,3,1,0.99616003,3.31799e-05,3.3832905e-06,0.00020139053,0.99616003,7.568844e-05,2.3775598e-05,3.1290651e-06,9.95561e-06,0.0034894047
/home/leo/Documentos/mestrado/DeepWeeds-Mobile/images/20180105-104604-1.jpg,8,8,8,8,1,0.9029034,1.098203e-06,0.00035495896,0.0066103158,0.00016507202,0.00015198636,5.779482e-06,0.0897988,8.630534e-06,0.9029034
/home/leo/Documentos/mestrado/DeepWeeds-Mobile/images/20171205-134707-2.jpg,8,8,8,8,1,0.9963659,0.00074176496,0.0017091804,4.2911326e-12,3.9117276e-05,3.919126e-10,0.0009444145,1.0144086e-05,0.00018945208,0.9963659
/home/leo/Documentos/mestrado/DeepWeeds-Mobile/images/20170920-135837-2.jpg,2,2,2,2,1,0.96269715,6.5688e-05,4.5024913e-06,0.96269715,0.0011236949,0.018325692,9.554667e-07,8.4776656e-07,0.00017809845,0.017603362
/home/leo/Documentos/mestrado/DeepWeeds-Mobile/images/20170714-114743-3.jpg,1,1,1,1,1,0.9999745,7.877057e-08,0.9999745,5.4888635e-16,1.8281192e-08,1.6536578e-12,5.171576e-09,6.0001753e-07,7.3285905e-06,1.7450151e-05
/home/leo/Documentos/mestrado/DeepWeeds-Mobile/images/20171113-131321-2.jpg,6,6,6,6,1,0.84640783,0.0033766574,0.034323443,1.048237e-05,0.005354247,0.012074079,0.0030578708,0.84640783,0.029221274,0.06617416
/home/leo/Documentos/mestrado/DeepWeeds-Mobile/images/20180119-111123-2.jpg,8,8,8,8,1,0.98374397,0.00068679306,0.0008479343,1.5948859e-05,0.012777945,2.0200087e-05,1.8324807e-05,2.1352314e-05,0.001867646,0.98374397
/home/leo/Documentos/mestrado/DeepWeeds-Mobile/images/20180125-092015-2.jpg,8,8,8,8,1,0.9502202,0.000367138,1.1424143e-05,0.0017670308,0.0020328735,0.043838684,2.4448815e-07,1.5663647e-07,0.0017622346,0.9502202
/home/leo/Documentos/mestrado/DeepWeeds-Mobile/images/20170728-152311-1.jpg,8,4,8,4,0,0.68416864,0.012686458,0.02822008,1.0836438e-05,0.008179224,0.68416864,0.13766071,1.3975305e-05,0.04549178,0.08356827
/home/leo/Documentos/mestrado/DeepWeeds-Mobile/images/20171220-093232-3.jpg,8,8,8,8,1,0.9949065,0.001580796,1.7056321e-06,1.491235e-07,9.962432e-05,2.0712998e-06,0.0033231108,7.6353075e-07,8.527832e-05,0.9949065
/home/leo/Documentos/mestrado/DeepWeeds-Mobile/images/20171122-101719-1.jpg,5,5,5,5,1,0.5976153,0.00051624153,0.0013175412,1.8909828e-12,5.2115205e-08,1.1536429e-10,0.5976153,0.0007736294,4.0347688e-05,0.3997369
/home/leo/Documentos/mestrado/DeepWeeds-Mobile/images/20180119-104517-1.jpg,8,8,8,8,1,0.6862239,0.00025060147,0.029676925,0.0021555177,0.00068820606,0.0028080987,1.1323924e-06,0.27511376,0.0030818705,0.6862239
/home/leo/Documentos/mestrado/DeepWeeds-Mobile/images/20170704-152032-0.jpg,0,0,0,0,1,0.9654428,0.9654428,6.57733e-06,1.4992575e-10,1.7402637e-07,1.1147329e-08,0.0071976325,4.8736088e-06,0.00078634795,0.026561666
/home/leo/Documentos/mestrado/DeepWeeds-Mobile/images/20171025-091829-2.jpg,3,3,3,3,1,0.99828833,5.4554715e-05,2.509599e-09,0.00010637988,0.99828833,5.7215177e-05,5.312856e-11,3.2362288e-13,8.860185e-06,0.0014846504
/home/leo/Documentos/mestrado/DeepWeeds-Mobile/images/20170920-095354-1.jpg,2,2,2,2,1,0.9975938,1.0762497e-11,2.0436444e-08,0.9975938,1.2766823e-07,1.0289201e-06,1.0851275e-11,5.2528826e-06,1.3936703e-09,0.0023997477
/home/leo/Documentos/mestrado/DeepWeeds-Mobile/images/20170920-130628-2.jpg,2,2,2,2,1,0.99980533,4.737453e-08,6.3942174e-08,0.99980533,2.9007401e-06,2.184695e-05,6.632933e-09,2.4992445e-08,1.523433e-07,0.00016959722
/home/leo/Documentos/mestrado/DeepWeeds-Mobile/images/20180109-095930-2.jpg,8,8,8,8,1,0.93905896,0.019239854,0.006717109,0.0002080268,0.011953235,0.0006151241,0.00014865687,0.0013615333,0.020697467,0.93905896
/home/leo/Documentos/mestrado/DeepWeeds-Mobile/images/20170129-102040-0.jpg,8,8,8,8,1,0.90834,8.808711e-05,0.06796532,5.879357e-08,0.00095844426,9.1642664e-07,0.00013066293,0.021471264,0.0010453397,0.90834
/home/leo/Documentos/mestrado/DeepWeeds-Mobile/images/20171025-094245-2.jpg,3,8,3,8,0,0.98955965,0.00030937826,6.2934065e-05,1.3304192e-05,0.009975006,2.0485033e-06,6.020421e-06,2.2967315e-05,4.870841e-05,0.98955965
/home/leo/Documentos/mestrado/DeepWeeds-Mobile/images/20171220-095237-1.jpg,8,8,8,8,1,0.93523407,0.026024213,2.6992184e-05,2.6948823e-12,1.6590725e-08,2.8974155e-11,0.03667518,1.8282025e-06,0.002037789,0.93523407
/home/leo/Documentos/mestrado/DeepWeeds-Mobile/images/20171219-095001-2.jpg,8,8,8,8,1,0.7957982,0.054680586,0.0053980565,9.992025e-06,0.00090307835,7.20456e-06,0.079669975,0.055205725,0.008327212,0.7957982
/home/leo/Documentos/mestrado/DeepWeeds-Mobile/images/20171109-091828-2.jpg,5,5,5,5,1,0.7384814,0.03321473,0.07691081,2.3022562e-07,9.973548e-08,2.4429859e-08,0.7384814,1.4468411e-05,0.070987545,0.080390684
/home/leo/Documentos/mestrado/DeepWeeds-Mobile/images/20170920-172903-1.jpg,2,2,2,2,1,0.9999273,8.485461e-09,1.691216e-07,0.9999273,1.728215e-06,1.419123e-06,3.771805e-09,3.058675e-09,2.6718125e-08,6.936512e-05
/home/leo/Documentos/mestrado/DeepWeeds-Mobile/images/20170714-133924-1.jpg,1,1,1,1,1,0.96053857,0.00012991871,0.96053857,7.773348e-10,3.121012e-05,1.15311046e-07,0.00012410167,0.0255023,0.006520866,0.0071528587
/home/leo/Documentos/mestrado/DeepWeeds-Mobile/images/20170217-115511-0.jpg,7,7,7,7,1,0.999779,0.00021681027,2.3357284e-08,2.7585413e-15,5.463642e-13,2.656723e-14,1.8962292e-07,1.9118052e-09,0.999779,3.9329907e-06
/home/leo/Documentos/mestrado/DeepWeeds-Mobile/images/20170129-103811-0.jpg,8,8,8,8,1,0.8775625,0.04937191,0.05164312,2.1191418e-08,8.4755695e-05,1.0166624e-07,0.0009822957,0.000116149975,0.020239223,0.8775625
/home/leo/Documentos/mestrado/DeepWeeds-Mobile/images/20180125-102143-1.jpg,8,6,8,6,0,0.7520577,0.018045356,0.01215191,6.8710947e-06,4.2010717e-05,1.070885e-06,0.09063085,0.7520577,0.0025656158,0.1244987
/home/leo/Documentos/mestrado/DeepWeeds-Mobile/images/20171220-084352-2.jpg,8,8,8,8,1,0.999815,0.00011909429,1.2793626e-05,1.062228e-13,1.1825379e-05,1.2322032e-10,1.819342e-05,1.1805333e-05,1.1272906e-05,0.999815
/home/leo/Documentos/mestrado/DeepWeeds-Mobile/images/20171205-133832-2.jpg,8,8,8,8,1,0.94926775,0.032046862,0.000748149,1.2009688e-08,3.0224552e-05,7.583715e-08,0.0074150614,1.02065815e-05,0.010481614,0.94926775
/home/leo/Documentos/mestrado/DeepWeeds-Mobile/images/20170920-094910-1.jpg,2,2,2,2,1,0.99856496,5.069616e-10,1.580607e-07,0.99856496,7.9104245e-07,1.2904549e-05,1.044532e-09,8.372554e-06,1.0897943e-08,0.0014128161
/home/leo/Documentos/mestrado/DeepWeeds-Mobile/images/20180125-132123-3.jpg,8,8,8,8,1,0.61468714,0.09239427,0.07125981,4.883851e-05,0.00070829946,0.00022938609,0.007904331,0.003660287,0.2091078,0.61468714
/home/leo/Documentos/mestrado/DeepWeeds-Mobile/images/20180109-092308-1.jpg,8,8,8,8,1,0.9938641,0.0004297812,0.0027777532,1.5918939e-05,0.001017607,0.00020713311,6.0783677e-06,0.00025450974,0.0014269456,0.9938641
/home/leo/Documentos/mestrado/DeepWeeds-Mobile/images/20180109-110200-2.jpg,8,8,8,8,1,0.89839107,0.004129776,6.189351e-06,0.033876702,0.05477048,0.007284716,7.431048e-06,1.3369979e-07,0.0015334968,0.89839107
/home/leo/Documentos/mestrado/DeepWeeds-Mobile/images/20170304-132713-0.jpg,7,7,7,7,1,0.91679364,0.07664785,0.00330227,3.5889411e-09,2.8734715e-10,9.259811e-09,2.2522812e-05,5.0596213e-07,0.91679364,0.0032330817
/home/leo/Documentos/mestrado/DeepWeeds-Mobile/images/20171220-090858-2.jpg,8,8,8,8,1,0.945527,0.0026035975,0.00016685142,2.4429833e-10,3.398666e-08,4.2227716e-10,0.051622815,7.7973425e-07,7.883818e-05,0.945527
/home/leo/Documentos/mestrado/DeepWeeds-Mobile/images/20180109-104607-2.jpg,8,8,8,8,1,0.99450344,0.004760518,7.2923837e-07,0.000104736595,0.00044067315,1.3663888e-06,7.890262e-06,3.2065977e-09,0.00018053231,0.99450344
/home/leo/Documentos/mestrado/DeepWeeds-Mobile/images/20170727-153212-1.jpg,4,4,4,4,1,0.98999375,5.3051117e-05,1.2288223e-06,0.00040348253,0.0006358304,0.98999375,3.541086e-08,3.377251e-09,0.0018353998,0.007077298
/home/leo/Documentos/mestrado/DeepWeeds-Mobile/images/20170714-143030-2.jpg,1,8,1,8,0,0.67838305,0.00015832135,0.3144308,1.1990951e-08,0.0029718282,4.253968e-06,0.00011647061,0.0011750424,0.0027602215,0.67838305
/home/leo/Documentos/mestrado/DeepWeeds-Mobile/images/20171219-112408-3.jpg,8,8,8,8,1,0.91413695,0.00013886989,4.6549492e-05,0.029079081,0.030415993,0.025707902,9.319002e-08,8.511457e-07,0.00047372043,0.91413695
/home/leo/Documentos/mestrado/DeepWeeds-Mobile/images/20171201-120058-1.jpg,8,5,8,5,0,0.776001,0.0003206696,0.00046004227,8.224805e-11,6.0449136e-05,7.4126913e-09,0.776001,0.0044391598,0.04849851,0.17022015
/home/leo/Documentos/mestrado/DeepWeeds-Mobile/images/20170207-142634-0.jpg,7,7,7,7,1,0.87740564,0.109219834,3.1933734e-05,5.280525e-11,7.0168105e-10,1.5174373e-09,1.0994698e-05,9.133555e-08,0.87740564,0.013331554
/home/leo/Documentos/mestrado/DeepWeeds-Mobile/images/20171113-121733-2.jpg,6,6,6,6,1,0.99874985,3.2501186e-05,0.0005161784,8.8954355e-10,2.442972e-06,1.5930542e-07,4.373917e-07,0.99874985,0.0002718238,0.0004265182
/home/leo/Documentos/mestrado/DeepWeeds-Mobile/images/20180109-085819-1.jpg,8,8,8,8,1,0.94760674,0.043496247,4.3103744e-05,0.0020540254,0.00045106473,2.0970845e-06,6.868732e-07,2.8226785e-10,0.006346036,0.94760674
/home/leo/Documentos/mestrado/DeepWeeds-Mobile/images/20171121-085911-1.jpg,6,6,6,6,1,0.92486703,0.000742184,4.0116403e-05,2.5071571e-05,0.0019303974,0.0015186488,8.6673945e-06,0.92486703,0.0013011612,0.0695667
/home/leo/Documentos/mestrado/DeepWeeds-Mobile/images/20170729-091846-2.jpg,4,4,4,4,1,0.9623178,0.0009304817,1.6197436e-06,0.0007609878,0.0036880085,0.9623178,8.370418e-08,9.1847013e-10,0.0046615712,0.02763934
/home/leo/Documentos/mestrado/DeepWeeds-Mobile/images/20170128-103926-0.jpg,8,8,8,8,1,0.9697507,2.3052087e-06,0.01621116,1.4752258e-07,0.00252901,0.0001583877,1.6164304e-08,0.011284742,6.361721e-05,0.9697507
/home/leo/Documentos/mestrado/DeepWeeds-Mobile/images/20180112-095053-2.jpg,8,8,8,8,1,0.99911517,0.00022255449,4.1319043e-05,1.9741514e-05,7.887841e-08,7.288009e-08,4.5546826e-06,2.7878533e-08,0.0005963255,0.99911517
/home/leo/Documentos/mestrado/DeepWeeds-Mobile/images/20171212-103115-3.jpg,8,8,8,8,1,0.78948134,0.0043218564,0.17880777,2.5889841e-08,0.00034054575,1.2508114e-06,5.075252e-05,0.021512011,0.0054844855,0.78948134
/home/leo/Documentos/mestrado/DeepWeeds-Mobile/images/20180112-074356-1.jpg,8,8,8,8,1,0.78184235,0.031077288,0.007893142,0.0001578371,0.06433236,0.011710631,1.644265e-06,1.0462813e-06,0.102983594,0.78184235
/home/leo/Documentos/mestrado/DeepWeeds-Mobile/images/20171109-070638-1.jpg,5,5,5,5,1,0.9987513,1.25806555e-05,1.8165087e-05,1.1684859e-10,5.1348998e-08,3.3743486e-10,0.9987513,0.00010004538,6.4331034e-05,0.0010534322
/home/leo/Documentos/mestrado/DeepWeeds-Mobile/images/20180125-101121-2.jpg,8,8,8,8,1,0.93898296,5.9318467e-05,3.7582442e-05,0.036435083,0.0075744735,0.0165283,1.5625363e-05,0.00016967811,0.00019699267,0.93898296
/home/leo/Documentos/mestrado/DeepWeeds-Mobile/images/20180109-094720-2.jpg,8,8,8,8,1,0.9635162,0.0131044425,0.0009958645,0.0003349432,0.0185918,0.00020185966,2.2254457e-05,0.00096758286,0.0022651777,0.9635162
/home/leo/Documentos/mestrado/DeepWeeds-Mobile/images/20180109-100749-2.jpg,8,8,8,8,1,0.9782667,1.5291757e-06,0.008734213,2.2663067e-05,0.00019269505,2.1290043e-05,1.7463436e-06,0.0127184875,4.0608644e-05,0.9782667
/home/leo/Documentos/mestrado/DeepWeeds-Mobile/images/20170404-154046-0.jpg,7,7,7,7,1,0.9750071,0.024905337,3.9856245e-06,7.877512e-12,1.9537552e-09,3.424294e-09,2.950271e-07,4.077327e-07,0.9750071,8.2917766e-05
/home/leo/Documentos/mestrado/DeepWeeds-Mobile/images/20170130-102142-0.jpg,1,1,1,1,1,0.544017,0.25183895,0.544017,1.5702345e-07,1.60335e-05,3.9991406e-07,5.6945e-05,8.1445105e-05,0.19812334,0.0058657373
/home/leo/Documentos/mestrado/DeepWeeds-Mobile/images/20180105-092846-2.jpg,8,8,8,8,1,0.7969902,1.1800387e-05,5.307869e-05,2.575675e-05,0.0001876346,9.964857e-05,1.7512817e-06,0.20260279,2.7389846e-05,0.7969902
/home/leo/Documentos/mestrado/DeepWeeds-Mobile/images/20180322-114811-1.jpg,8,8,8,8,1,0.9999074,2.3772856e-05,7.9691155e-08,6.26878e-11,9.6614126e-11,1.2924206e-10,6.778796e-05,6.026089e-10,1.077826e-06,0.9999074
/home/leo/Documentos/mestrado/DeepWeeds-Mobile/images/20180105-095030-2.jpg,8,8,8,8,1,0.99930215,5.226733e-10,6.5894206e-08,7.483962e-07,0.00051098556,6.181247e-07,1.1567196e-11,0.00018543965,7.031048e-09,0.99930215
/home/leo/Documentos/mestrado/DeepWeeds-Mobile/images/20170920-133931-2.jpg,2,2,2,2,1,0.9663354,6.5325934e-05,6.11829e-07,0.9663354,0.0016351525,0.021458857,5.227582e-06,2.949626e-08,0.00020431406,0.010295105
/home/leo/Documentos/mestrado/DeepWeeds-Mobile/images/20180322-102908-1.jpg,8,8,8,8,1,0.67517436,0.002571632,4.2085805e-05,0.11143148,0.020833071,0.18845727,5.9563128e-05,4.5604547e-06,0.0014259566,0.67517436
/home/leo/Documentos/mestrado/DeepWeeds-Mobile/images/20180125-125757-2.jpg,8,8,8,8,1,0.9236971,0.00050554,0.009869794,1.3696769e-07,0.00038154575,8.283742e-05,0.0056459457,0.058408357,0.001408799,0.9236971
/home/leo/Documentos/mestrado/DeepWeeds-Mobile/images/20170501-144018-0.jpg,1,8,1,8,0,0.44065103,0.17292419,0.094180554,4.968699e-07,1.4625333e-05,4.7267217e-06,0.008810843,0.045669533,0.23774402,0.44065103
/home/leo/Documentos/mestrado/DeepWeeds-Mobile/images/20170217-103940-0.jpg,0,0,0,0,1,0.9693851,0.9693851,2.1073065e-05,1.1074137e-09,3.0500707e-06,2.584897e-09,0.0046077347,4.4276726e-06,0.014424627,0.011554048
/home/leo/Documentos/mestrado/DeepWeeds-Mobile/images/20171113-142659-3.jpg,6,6,6,6,1,0.97379726,0.00018868622,9.5659016e-05,5.6914923e-06,0.001073654,1.6131624e-05,6.429897e-05,0.97379726,0.00010462803,0.024653975
/home/leo/Documentos/mestrado/DeepWeeds-Mobile/images/20171203-170255-3.jpg,8,8,8,8,1,0.9898823,0.00010339189,2.338825e-05,2.0603612e-09,0.009754109,6.579692e-08,1.9226588e-06,2.844355e-06,0.00023202202,0.9898823
/home/leo/Documentos/mestrado/DeepWeeds-Mobile/images/20171212-103609-3.jpg,8,8,8,8,1,0.6022583,0.29685482,0.0013630931,6.382851e-11,1.7567494e-07,1.1408395e-09,0.090352364,0.0007466592,0.0084246015,0.6022583
/home/leo/Documentos/mestrado/DeepWeeds-Mobile/images/20170920-115819-2.jpg,2,2,2,2,1,0.9802035,2.6239873e-05,1.2784766e-07,0.9802035,0.0010539596,0.01264804,2.8513819e-07,9.36731e-08,1.686418e-05,0.00605078
/home/leo/Documentos/mestrado/DeepWeeds-Mobile/images/20170920-111322-3.jpg,4,4,4,4,1,0.43287975,0.023384737,0.00021477761,0.42533913,0.012778456,0.43287975,0.006414837,0.00021030733,0.03173919,0.06703889
/home/leo/Documentos/mestrado/DeepWeeds-Mobile/images/20170906-114354-1.jpg,3,3,3,3,1,0.9399188,0.00023669815,6.764056e-05,8.187423e-10,0.9399188,3.9956254e-07,8.9226546e-07,5.0385417e-05,0.0008523136,0.05887277
/home/leo/Documentos/mestrado/DeepWeeds-Mobile/images/20180109-075949-1.jpg,8,8,8,8,1,0.993381,2.4983703e-07,1.3984381e-06,0.0004298772,4.797395e-05,0.00044439943,7.79318e-09,0.005694704,3.6826881e-07,0.993381
/home/leo/Documentos/mestrado/DeepWeeds-Mobile/images/20170906-140117-1.jpg,3,8,3,8,0,0.6199827,0.066187024,0.00047376478,0.002397673,0.2894036,0.0011164787,9.702864e-07,7.9135157e-07,0.02043713,0.6199827
/home/leo/Documentos/mestrado/DeepWeeds-Mobile/images/20180119-111050-2.jpg,8,8,8,8,1,0.99122274,0.0008877927,0.0036660447,7.4995964e-06,0.0009274258,0.00034931707,1.968231e-06,0.00058301655,0.0023543108,0.99122274
/home/leo/Documentos/mestrado/DeepWeeds-Mobile/images/20170727-114855-3.jpg,4,4,4,4,1,0.92118955,1.4771217e-06,1.0991299e-09,0.078447826,2.3554812e-05,0.92118955,5.3749336e-06,1.276781e-07,1.6305255e-07,0.00033197185
/home/leo/Documentos/mestrado/DeepWeeds-Mobile/images/20171212-104939-3.jpg,8,8,8,8,1,0.96708864,0.013017337,0.010979671,0.00010105949,0.0022380846,2.5945314e-05,0.0005100074,1.0016633e-05,0.0060293297,0.96708864
/home/leo/Documentos/mestrado/DeepWeeds-Mobile/images/20171113-132227-1.jpg,6,6,6,6,1,0.9720461,0.0004495653,0.010913146,9.586976e-07,3.994223e-06,4.2080097e-07,2.6223697e-06,0.9720461,0.00067015673,0.015913103
/home/leo/Documentos/mestrado/DeepWeeds-Mobile/images/20180112-094441-2.jpg,8,8,8,8,1,0.9931431,0.0012398061,0.0008900605,1.0720237e-05,1.3426412e-06,1.6849754e-07,5.603039e-07,5.2976284e-06,0.0047090235,0.9931431
/home/leo/Documentos/mestrado/DeepWeeds-Mobile/images/20180112-083122-1.jpg,8,8,8,8,1,0.7836283,0.074347794,3.3752206e-06,0.0013664118,0.12783374,2.5564684e-06,1.5481672e-07,2.0580328e-10,0.012817706,0.7836283
/home/leo/Documentos/mestrado/DeepWeeds-Mobile/images/20180109-110145-2.jpg,8,8,8,8,1,0.78983027,0.0025070119,1.0226656e-05,0.11367412,0.06657174,0.02610875,1.1378968e-06,3.8068176e-08,0.0012967526,0.78983027
/home/leo/Documentos/mestrado/DeepWeeds-Mobile/images/20171109-093159-1.jpg,5,5,5,5,1,0.97781086,0.00014294777,6.3423264e-05,2.0340634e-09,3.3130086e-06,5.5351116e-08,0.97781086,0.0009970056,2.4935896e-05,0.02095747
/home/leo/Documentos/mestrado/DeepWeeds-Mobile/images/20171102-121656-3.jpg,2,2,2,2,1,0.9999989,1.1331652e-10,9.17674e-11,0.9999989,2.2605876e-08,1.1716501e-07,1.9435365e-12,1.858233e-11,4.727963e-11,9.809722e-07
/home/leo/Documentos/mestrado/DeepWeeds-Mobile/images/20180112-075237-2.jpg,8,3,8,3,0,0.6302545,0.051784456,0.00027481612,0.018457957,0.6302545,0.005049554,9.748076e-06,1.6250174e-06,0.038248274,0.25591907
/home/leo/Documentos/mestrado/DeepWeeds-Mobile/images/20171121-075015-1.jpg,6,6,6,6,1,0.9280185,4.989373e-07,0.068774365,1.1498024e-09,0.00017820646,2.2541612e-06,1.4387788e-06,0.9280185,7.129081e-06,0.00301765
/home/leo/Documentos/mestrado/DeepWeeds-Mobile/images/20171220-085209-3.jpg,8,8,8,8,1,0.9985221,0.0011772603,6.0247476e-06,4.387663e-12,1.7425471e-05,5.2564914e-10,1.038143e-06,2.607151e-09,0.0002761984,0.9985221
/home/leo/Documentos/mestrado/DeepWeeds-Mobile/images/20171220-082846-2.jpg,8,8,8,8,1,0.99756277,0.0018643395,1.1858285e-06,1.5007268e-08,0.00023009731,4.497531e-06,2.4577148e-06,5.8919564e-10,0.00033470822,0.99756277
/home/leo/Documentos/mestrado/DeepWeeds-Mobile/images/20170913-115242-3.jpg,3,5,3,5,0,0.9112664,0.0005771055,0.0027864529,9.42648e-06,0.023470629,0.032030616,0.9112664,1.3190822e-05,1.6856891e-05,0.029829297
/home/leo/Documentos/mestrado/DeepWeeds-Mobile/images/20180112-071857-1.jpg,8,8,8,8,1,0.8933429,0.0015199048,0.05760558,0.002243865,0.020111376,0.004019096,8.109735e-05,0.0076531996,0.013422955,0.8933429
/home/leo/Documentos/mestrado/DeepWeeds-Mobile/images/20170207-142214-0.jpg,7,7,7,7,1,0.916897,0.077972956,0.0021964053,4.6354089e-07,6.857482e-07,2.0748088e-08,2.283839e-05,7.6677276e-07,0.916897,0.002908853
/home/leo/Documentos/mestrado/DeepWeeds-Mobile/images/20171220-095109-1.jpg,8,8,8,8,1,0.99969476,2.0087908e-05,1.7980548e-05,2.8434977e-14,1.4887837e-06,7.2016447e-12,0.00025992352,3.0882077e-06,2.6047683e-06,0.99969476
/home/leo/Documentos/mestrado/DeepWeeds-Mobile/images/20170315-090124-0.jpg,8,8,8,8,1,0.9921646,0.0025341415,0.00021771934,2.4475874e-08,4.2843156e-05,7.3065758e-06,2.066144e-05,2.979677e-05,0.004982802,0.9921646
/home/leo/Documentos/mestrado/DeepWeeds-Mobile/images/20170728-152937-1.jpg,4,4,4,4,1,0.98740155,5.6257665e-08,5.78582e-09,0.012529093,3.222414e-05,0.98740155,7.187328e-07,9.591241e-08,1.5216676e-08,3.6297595e-05
/home/leo/Documentos/mestrado/DeepWeeds-Mobile/images/20170728-151751-3.jpg,8,4,8,4,0,0.9786829,6.880857e-07,5.5466245e-08,0.006937095,0.013902137,0.9786829,0.00011694212,1.5541353e-08,4.5257212e-07,0.00035979133
/home/leo/Documentos/mestrado/DeepWeeds-Mobile/images/20180322-113516-1.jpg,8,8,8,8,1,0.964782,0.0010618508,0.0003103544,0.00082829985,0.032332595,4.0429175e-05,2.3569044e-05,3.7819646e-07,0.00062041794,0.964782
/home/leo/Documentos/mestrado/DeepWeeds-Mobile/images/20171102-120206-1.jpg,2,2,2,2,1,0.99979794,4.7123535e-07,2.4083544e-09,0.99979794,4.3555738e-06,3.0580492e-07,5.45352e-10,5.2863144e-11,3.4177837e-08,0.00019685355
/home/leo/Documentos/mestrado/DeepWeeds-Mobile/images/20171219-093358-2.jpg,8,8,8,8,1,0.9621367,0.02220876,0.00021464044,1.8068014e-05,0.010410443,3.151295e-05,0.0013752016,6.494193e-05,0.003539739,0.9621367
/home/leo/Documentos/mestrado/DeepWeeds-Mobile/images/20170920-175309-1.jpg,2,8,2,8,0,0.4865722,0.0012336649,0.41069266,0.034269053,0.0048863613,0.0033654645,0.0005825503,0.05681325,0.0015847641,0.4865722
/home/leo/Documentos/mestrado/DeepWeeds-Mobile/images/20171102-123253-1.jpg,2,2,2,2,1,0.9728804,0.00010712681,1.2434414e-07,0.9728804,0.019723536,0.00022776239,1.6302943e-07,1.4884923e-09,5.932605e-06,0.007054885
/home/leo/Documentos/mestrado/DeepWeeds-Mobile/images/20170707-112534-0.jpg,0,8,0,8,0,0.5843236,0.2058132,0.0037734895,0.02993062,0.16096322,0.0031131215,7.63558e-05,6.0694438e-06,0.012000334,0.5843236
/home/leo/Documentos/mestrado/DeepWeeds-Mobile/images/20171113-120638-3.jpg,6,6,6,6,1,0.9682881,8.145396e-08,7.980184e-06,2.674597e-10,6.140639e-06,2.6479499e-09,4.477632e-07,0.9682881,1.3998152e-07,0.031697117
/home/leo/Documentos/mestrado/DeepWeeds-Mobile/images/20180112-104225-2.jpg,8,8,8,8,1,0.99182105,0.0051892027,4.941422e-07,0.0023071363,0.00023048281,5.916192e-06,5.4337847e-06,4.3264264e-10,0.000440306,0.99182105
/home/leo/Documentos/mestrado/DeepWeeds-Mobile/images/20171218-103140-2.jpg,8,8,8,8,1,0.85882056,0.1354961,0.0006300525,1.0752381e-07,0.00028652613,3.9499053e-05,0.00024159419,2.1973068e-05,0.0044636056,0.85882056
/home/leo/Documentos/mestrado/DeepWeeds-Mobile/images/20171220-083340-2.jpg,8,8,8,8,1,0.99897444,0.00025555067,2.2615133e-08,3.9415217e-15,1.0870061e-08,1.147214e-12,0.00076247286,1.9518112e-09,7.4792e-06,0.99897444
/home/leo/Documentos/mestrado/DeepWeeds-Mobile/images/20180109-072410-2.jpg,8,8,8,8,1,0.9937913,9.9253804e-05,0.00026511942,0.0015451999,0.0017624301,0.0014116279,2.2482558e-05,0.0007216263,0.0003809413,0.9937913
/home/leo/Documentos/mestrado/DeepWeeds-Mobile/images/20170920-113530-3.jpg,2,2,2,2,1,0.9998952,4.8941686e-09,2.2808312e-10,0.9998952,2.9782466e-05,5.841571e-05,8.120999e-09,1.9288768e-09,5.67042e-09,1.649672e-05
/home/leo/Documentos/mestrado/DeepWeeds-Mobile/images/20170920-173813-1.jpg,4,8,4,8,0,0.33924404,0.29125574,0.009620804,0.11165619,0.10495301,0.10049752,0.000724781,0.00087706966,0.04117082,0.33924404
/home/leo/Documentos/mestrado/DeepWeeds-Mobile/images/20171220-093224-2.jpg,8,8,8,8,1,0.9995714,5.4190305e-06,1.2706995e-07,3.886208e-11,7.5964147e-07,6.558274e-09,0.00041637942,5.773156e-06,2.130407e-07,0.9995714
/home/leo/Documentos/mestrado/DeepWeeds-Mobile/images/20170718-133830-2.jpg,7,7,7,7,1,0.9332855,0.044384148,0.013017649,1.1277926e-07,0.000101371246,5.7258994e-06,0.0017365497,1.6296107e-06,0.9332855,0.007467263
/home/leo/Documentos/mestrado/DeepWeeds-Mobile/images/20171220-093619-2.jpg,8,8,8,8,1,0.9568862,0.005261431,0.000112639216,6.075244e-08,0.0010718104,1.4600255e-05,0.036197875,0.00018152324,0.00027381236,0.9568862
/home/leo/Documentos/mestrado/DeepWeeds-Mobile/images/20180112-075444-2.jpg,8,3,8,3,0,0.7150931,0.016561726,3.833091e-06,0.004689046,0.7150931,0.00414872,4.5716323e-08,2.1233348e-09,0.004623963,0.2548795
/home/leo/Documentos/mestrado/DeepWeeds-Mobile/images/20170920-171224-3.jpg,2,2,2,2,1,0.9996802,2.5536473e-09,8.392695e-08,0.9996802,8.344391e-07,8.6334757e-07,5.779271e-10,4.7507218e-08,3.9848437e-08,0.00031787952
/home/leo/Documentos/mestrado/DeepWeeds-Mobile/images/20170304-123805-0.jpg,0,7,0,7,0,0.41763657,0.40719628,0.038119502,0.0012220835,0.022405725,0.0023533383,0.00038313208,0.009014882,0.41763657,0.10166846
/home/leo/Documentos/mestrado/DeepWeeds-Mobile/images/20180109-103926-2.jpg,8,3,8,3,0,0.6190134,0.00025946985,5.587535e-06,0.002210809,0.6190134,0.0032908048,1.7498594e-07,5.1052996e-07,0.00011614529,0.37510312
/home/leo/Documentos/mestrado/DeepWeeds-Mobile/images/20180109-105213-2.jpg,8,8,8,8,1,0.8646919,0.0031667203,3.559385e-05,0.078881174,0.04029397,0.0103335185,6.770607e-06,2.3696872e-07,0.0025900844,0.8646919
/home/leo/Documentos/mestrado/DeepWeeds-Mobile/images/20170913-100934-2.jpg,3,3,3,3,1,0.8218238,0.00020820186,9.258518e-05,0.017002044,0.8218238,0.0062849666,0.028177805,2.5004138e-05,5.538123e-05,0.12633015
/home/leo/Documentos/mestrado/DeepWeeds-Mobile/images/20180125-093645-1.jpg,8,8,8,8,1,0.76906383,0.00061173184,0.0056371903,2.6821428e-07,1.5993559e-06,7.664571e-07,0.22288069,0.0015223804,0.00028174435,0.76906383
/home/leo/Documentos/mestrado/DeepWeeds-Mobile/images/20171113-141831-2.jpg,6,6,6,6,1,0.91638684,0.00096136297,0.0015654395,8.90533e-06,0.0018379448,2.358855e-05,6.3424545e-06,0.91638684,0.0013823257,0.07782727
/home/leo/Documentos/mestrado/DeepWeeds-Mobile/images/20180109-070909-1.jpg,8,6,8,6,0,0.9029572,2.0406048e-08,1.566224e-06,1.2607094e-09,7.680293e-07,4.4501745e-09,9.2860624e-08,0.9029572,3.9074074e-08,0.09704029
/home/leo/Documentos/mestrado/DeepWeeds-Mobile/images/20180125-132933-2.jpg,8,8,8,8,1,0.98882735,0.0020312022,0.0017660455,2.3293597e-07,0.0045150225,0.0010059832,3.1699342e-06,8.830352e-07,0.00185019,0.98882735
/home/leo/Documentos/mestrado/DeepWeeds-Mobile/images/20180322-114255-1.jpg,8,8,8,8,1,0.99612314,0.0019608524,2.2573126e-05,2.4756087e-06,0.00020613454,5.808342e-06,0.0012948088,5.121063e-07,0.00038367414,0.99612314
/home/leo/Documentos/mestrado/DeepWeeds-Mobile/images/20170130-102352-0.jpg,1,1,1,1,1,0.9833741,0.0043181786,0.9833741,6.7410795e-08,5.168602e-05,2.1991626e-07,2.2087366e-05,2.8671138e-05,0.010298033,0.0019068985
/home/leo/Documentos/mestrado/DeepWeeds-Mobile/images/20180125-135202-3.jpg,8,8,8,8,1,0.8613832,0.0072656893,0.0313663,0.00090175297,0.058893662,0.018117622,0.00013964078,0.0010341926,0.02089794,0.8613832
/home/leo/Documentos/mestrado/DeepWeeds-Mobile/images/20180109-103504-1.jpg,8,8,8,8,1,0.86041373,0.0016862832,4.869694e-05,0.055335302,0.076873235,0.0050101597,2.70419e-06,8.8949974e-07,0.00062890584,0.86041373
/home/leo/Documentos/mestrado/DeepWeeds-Mobile/images/20171025-091402-1.jpg,3,3,3,3,1,0.9670115,0.0012498929,3.718439e-05,0.0010417347,0.9670115,0.000919975,5.5731782e-08,8.609639e-09,0.00032093597,0.029418796
/home/leo/Documentos/mestrado/DeepWeeds-Mobile/images/20171220-094540-2.jpg,8,8,8,8,1,0.89495283,0.044310793,0.008967871,3.4479812e-09,0.00084725517,1.6881245e-06,0.0016452272,5.2955973e-05,0.049221277,0.89495283
/home/leo/Documentos/mestrado/DeepWeeds-Mobile/images/20171218-120628-2.jpg,8,8,8,8,1,0.9983516,0.0014502667,7.039985e-07,2.0329241e-14,2.2774721e-07,3.311393e-11,4.1384126e-05,1.3031112e-09,0.00015589278,0.9983516
/home/leo/Documentos/mestrado/DeepWeeds-Mobile/images/20171219-101115-3.jpg,8,8,8,8,1,0.9769825,0.003139659,0.010119375,1.6920291e-08,0.0014898218,2.6101357e-06,0.00023498337,1.5816861e-06,0.008029512,0.9769825
/home/leo/Documentos/mestrado/DeepWeeds-Mobile/images/20171220-084230-3.jpg,8,8,8,8,1,0.98950326,0.007712593,2.0132271e-05,1.7994397e-07,0.0015393994,1.6192835e-05,5.0133192e-05,3.4266955e-07,0.0011579181,0.98950326
/home/leo/Documentos/mestrado/DeepWeeds-Mobile/images/20171025-100402-2.jpg,3,3,3,3,1,0.97083235,0.00018689489,6.1083665e-06,0.0016558444,0.97083235,0.004656004,1.132458e-07,1.04982846e-07,0.00026993835,0.022392664
/home/leo/Documentos/mestrado/DeepWeeds-Mobile/images/20171113-144009-2.jpg,6,6,6,6,1,0.99676704,2.8577645e-06,1.9388497e-05,2.0655555e-08,4.6892656e-06,1.2546497e-08,1.4503489e-07,0.99676704,1.3726736e-06,0.0032045532
/home/leo/Documentos/mestrado/DeepWeeds-Mobile/images/20180322-113157-2.jpg,8,8,8,8,1,0.9574256,0.02149008,2.3062494e-05,0.00038811765,0.0123213995,0.0016880485,4.0853793e-06,2.755587e-09,0.0066595385,0.9574256
/home/leo/Documentos/mestrado/DeepWeeds-Mobile/images/20170304-131421-0.jpg,7,1,7,1,0,0.52484787,0.15560764,0.52484787,1.191258e-05,0.0006620442,1.9742098e-05,0.00026186544,0.0005871756,0.27938706,0.03861474
/home/leo/Documentos/mestrado/DeepWeeds-Mobile/images/20180322-113553-2.jpg,8,8,8,8,1,0.9919408,0.003779354,3.745991e-06,1.4751378e-05,0.003938622,1.1278865e-05,4.6433855e-05,2.831176e-08,0.0002650498,0.9919408
/home/leo/Documentos/mestrado/DeepWeeds-Mobile/images/20170714-145855-1.jpg,1,1,1,1,1,0.963197,0.0008981986,0.963197,3.2449923e-09,5.105825e-05,5.2430446e-06,8.722521e-05,0.023574928,0.0046683936,0.0075179073
/home/leo/Documentos/mestrado/DeepWeeds-Mobile/images/20171220-095434-1.jpg,8,8,8,8,1,0.999594,0.00028251053,1.033835e-05,5.0177186e-13,2.0545474e-06,4.130556e-10,2.880622e-06,4.5155385e-08,0.00010820078,0.999594
/home/leo/Documentos/mestrado/DeepWeeds-Mobile/images/20180112-102905-1.jpg,8,8,8,8,1,0.9852556,0.012523151,5.0417875e-06,2.504034e-06,3.1048774e-05,1.384167e-07,3.2165637e-05,3.5538385e-08,0.00215029,0.9852556
/home/leo/Documentos/mestrado/DeepWeeds-Mobile/images/20170630-152604-0.jpg,7,1,7,1,0,0.5752099,0.097601004,0.5752099,5.020113e-05,0.0035072623,0.00022511606,0.000257908,0.054989405,0.11423855,0.1539207
/home/leo/Documentos/mestrado/DeepWeeds-Mobile/images/20170728-152034-2.jpg,4,4,4,4,1,0.7943182,0.00049058854,6.634663e-05,8.8876215e-05,0.1843485,0.7943182,0.004636065,2.7409606e-06,0.00029533755,0.015753323
/home/leo/Documentos/mestrado/DeepWeeds-Mobile/images/20170714-115620-3.jpg,1,1,1,1,1,0.98551416,0.00010133455,0.98551416,3.2995712e-10,0.00071608607,4.3629356e-07,1.9270261e-05,0.0008595278,0.007705231,0.0050839987
/home/leo/Documentos/mestrado/DeepWeeds-Mobile/images/20180322-130320-1.jpg,8,8,8,8,1,0.99338067,0.0043287757,0.0003142251,5.5143715e-07,0.0005192859,0.0002750686,8.766226e-05,2.314947e-06,0.0010914496,0.99338067
/home/leo/Documentos/mestrado/DeepWeeds-Mobile/images/20170217-102349-0.jpg,0,0,0,0,1,0.99919814,0.99919814,1.3892798e-08,1.6885316e-16,8.589448e-15,3.2457796e-15,2.3069224e-06,4.751552e-10,0.0007339576,6.563596e-05
/home/leo/Documentos/mestrado/DeepWeeds-Mobile/images/20170906-103921-1.jpg,3,3,3,3,1,0.6044999,0.01251124,0.00039716173,0.00030281223,0.6044999,0.010613633,8.34259e-07,1.0272062e-07,0.04568646,0.32598802
/home/leo/Documentos/mestrado/DeepWeeds-Mobile/images/20171121-072857-1.jpg,6,6,6,6,1,0.9897401,8.520588e-10,0.009092296,7.5780826e-13,7.524935e-07,3.923562e-09,3.7835082e-07,0.9897401,2.6356943e-08,0.0011664873
/home/leo/Documentos/mestrado/DeepWeeds-Mobile/images/20171121-084355-1.jpg,6,6,6,6,1,0.8329542,0.00018575432,0.022295576,2.919848e-05,0.00018891288,7.024989e-05,1.8531702e-05,0.8329542,0.001487981,0.14276953
/home/leo/Documentos/mestrado/DeepWeeds-Mobile/images/20171219-104556-3.jpg,8,8,8,8,1,0.56410134,0.0006985056,0.0009796415,6.033308e-13,4.630873e-07,4.081533e-12,0.4294155,6.671132e-06,0.004797932,0.56410134
/home/leo/Documentos/mestrado/DeepWeeds-Mobile/images/20171219-112304-2.jpg,8,3,8,3,0,0.8135109,0.00040116213,3.0787498e-05,0.00061128923,0.8135109,0.002367033,1.503962e-06,0.00035320703,0.0007438669,0.18198031
/home/leo/Documentos/mestrado/DeepWeeds-Mobile/images/20180125-132051-3.jpg,8,1,8,1,0,0.3722319,0.026556004,0.3722319,2.3769753e-07,0.0007472457,0.00042419115,0.0006402649,0.0021811088,0.29141474,0.30580428
/home/leo/Documentos/mestrado/DeepWeeds-Mobile/images/20170906-103601-1.jpg,3,3,3,3,1,0.85701704,0.0019828822,0.0041154926,2.1488868e-06,0.85701704,0.0019502193,4.238145e-07,1.9521227e-05,0.018811746,0.11610051
/home/leo/Documentos/mestrado/DeepWeeds-Mobile/images/20171109-091605-3.jpg,5,5,5,5,1,0.9997454,5.701801e-07,1.0345682e-06,6.8896406e-14,9.803705e-10,1.7000496e-12,0.9997454,9.249815e-06,1.6993214e-07,0.00024354066
/home/leo/Documentos/mestrado/DeepWeeds-Mobile/images/20171025-075925-1.jpg,3,8,3,8,0,0.71148264,0.00058545003,0.0015838824,6.7251597e-07,0.28486937,3.770815e-05,6.8902386e-07,8.680172e-06,0.0014308859,0.71148264
/home/leo/Documentos/mestrado/DeepWeeds-Mobile/images/20180322-125714-1.jpg,8,8,8,8,1,0.96687305,0.008977249,0.00237509,0.00012988779,0.0016532438,0.00010905027,0.00067895313,6.2595245e-07,0.019202845,0.96687305
/home/leo/Documentos/mestrado/DeepWeeds-Mobile/images/20171113-130955-2.jpg,6,6,6,6,1,0.9916397,9.966906e-06,0.006416608,1.2734621e-07,4.315948e-06,3.888295e-06,0.00016532079,0.9916397,1.5683703e-05,0.001744452
/home/leo/Documentos/mestrado/DeepWeeds-Mobile/images/20180125-101152-2.jpg,8,8,8,8,1,0.9995596,7.105894e-05,1.8520079e-07,4.7495956e-08,0.00024674158,4.0304587e-07,2.0231275e-05,9.285252e-05,8.9340665e-06,0.9995596
/home/leo/Documentos/mestrado/DeepWeeds-Mobile/images/20180109-071252-2.jpg,8,8,8,8,1,0.9993005,2.3582373e-07,1.874681e-05,0.00016976977,5.2740315e-06,8.105085e-07,9.254603e-05,0.00040994684,2.161195e-06,0.9993005
/home/leo/Documentos/mestrado/DeepWeeds-Mobile/images/20180125-092911-1.jpg,8,8,8,8,1,0.99998105,1.630347e-05,1.890815e-09,1.8988936e-12,1.3868239e-09,1.9983486e-09,1.6261039e-06,7.9832196e-10,9.9377e-07,0.99998105
/home/leo/Documentos/mestrado/DeepWeeds-Mobile/images/20170128-102233-0.jpg,8,8,8,8,1,0.85367966,0.0017116745,0.13696781,2.009556e-08,0.0054,0.00014628649,2.8824986e-06,0.00039702456,0.0016946257,0.85367966
/home/leo/Documentos/mestrado/DeepWeeds-Mobile/images/20171217-183811-2.jpg,8,8,8,8,1,0.8256783,0.0024058127,0.016742522,0.0011077017,0.0068511544,0.09580637,5.344395e-06,9.61976e-05,0.051306646,0.8256783
/home/leo/Documentos/mestrado/DeepWeeds-Mobile/images/20171109-075107-3.jpg,5,5,5,5,1,0.9999765,5.3816855e-08,1.0246823e-08,2.0751902e-14,2.7468784e-11,1.5347802e-13,0.9999765,6.2479694e-06,7.7573686e-10,1.7226454e-05
/home/leo/Documentos/mestrado/DeepWeeds-Mobile/images/20161207-144724-0.jpg,7,8,7,8,0,0.6617513,0.26273242,0.00063646276,0.0005349443,0.00061726134,1.4029586e-05,0.00047675543,1.0122002e-07,0.073236786,0.6617513
/home/leo/Documentos/mestrado/DeepWeeds-Mobile/images/20170913-122153-3.jpg,3,2,3,2,0,0.65493596,0.0014164428,0.00012167124,0.65493596,0.19694333,0.05181061,4.5691963e-06,1.625323e-07,0.0014237663,0.0933435
/home/leo/Documentos/mestrado/DeepWeeds-Mobile/images/20171113-122417-3.jpg,6,6,6,6,1,0.92084783,3.0320568e-06,3.3685842e-06,7.1126756e-06,0.00019603616,1.2451116e-05,1.6365153e-07,0.92084783,4.596622e-06,0.078925386
/home/leo/Documentos/mestrado/DeepWeeds-Mobile/images/20171109-090925-1.jpg,5,5,5,5,1,0.99868804,1.2165813e-05,0.00012669405,2.1124017e-14,4.0442746e-11,7.1818853e-13,0.99868804,0.000105911786,7.705918e-06,0.0010594244
/home/leo/Documentos/mestrado/DeepWeeds-Mobile/images/20171113-143802-3.jpg,6,6,6,6,1,0.9771922,0.00028781348,0.0049625793,1.6187523e-07,3.28038e-05,4.2791958e-06,6.546014e-05,0.9771922,0.00027953467,0.01717512
/home/leo/Documentos/mestrado/DeepWeeds-Mobile/images/20171219-094720-2.jpg,8,8,8,8,1,0.97736645,0.0071062106,0.00016940832,8.5418295e-09,0.00036995456,2.971869e-07,0.014837052,2.060553e-05,0.00012989061,0.97736645
/home/leo/Documentos/mestrado/DeepWeeds-Mobile/images/20170727-163054-1.jpg,4,4,4,4,1,0.95980847,0.0012112709,7.095944e-05,0.00062880974,0.005935415,0.95980847,2.1307644e-06,4.3796499e-07,0.015835555,0.016506921
/home/leo/Documentos/mestrado/DeepWeeds-Mobile/images/20171218-112608-3.jpg,8,8,8,8,1,0.9977997,7.604785e-05,0.00033275597,1.7762575e-08,0.0013377875,3.36648e-07,0.00038832257,2.1254999e-05,4.3743596e-05,0.9977997
/home/leo/Documentos/mestrado/DeepWeeds-Mobile/images/20180322-132854-1.jpg,8,8,8,8,1,0.981987,0.0069968803,0.003253566,6.1659215e-05,0.0017915104,0.00017835459,0.0022543047,4.1448973e-05,0.0034352397,0.981987
/home/leo/Documentos/mestrado/DeepWeeds-Mobile/images/20171113-131054-1.jpg,6,6,6,6,1,0.83601964,0.14026232,0.007310013,7.5368434e-10,1.0824303e-06,1.05369224e-07,0.00076269516,0.83601964,0.0046146163,0.01102964
/home/leo/Documentos/mestrado/DeepWeeds-Mobile/images/20171220-101008-1.jpg,8,8,8,8,1,0.99772924,0.001020361,2.0600872e-05,1.0339417e-12,8.2804705e-05,3.5052303e-10,0.0010357352,1.6227586e-05,9.5129195e-05,0.99772924
/home/leo/Documentos/mestrado/DeepWeeds-Mobile/images/20170718-104940-2.jpg,7,7,7,7,1,0.95713526,0.010728723,0.025037926,3.236484e-07,0.00021725592,2.648961e-05,1.2644303e-05,7.4438816e-07,0.95713526,0.0068407278
/home/leo/Documentos/mestrado/DeepWeeds-Mobile/images/20170706-105228-0.jpg,7,7,7,7,1,0.9198418,0.0014692645,0.07555106,4.7126636e-10,1.2841381e-05,3.2012272e-07,0.00026115886,0.00073017913,0.9198418,0.0021332684
/home/leo/Documentos/mestrado/DeepWeeds-Mobile/images/20180109-075938-1.jpg,8,8,8,8,1,0.99634594,7.460061e-10,3.7238976e-08,0.00017591221,1.9297903e-07,4.55384e-07,2.8099523e-09,0.0034775028,4.878713e-09,0.99634594
/home/leo/Documentos/mestrado/DeepWeeds-Mobile/images/20180109-092204-2.jpg,8,8,8,8,1,0.9996425,8.59928e-05,4.182974e-06,4.1142976e-05,0.00010128515,1.2573714e-05,5.1854113e-06,8.318349e-05,2.393691e-05,0.9996425
/home/leo/Documentos/mestrado/DeepWeeds-Mobile/images/20171220-101709-1.jpg,8,8,8,8,1,0.9997373,5.9133246e-05,5.8598553e-06,7.73216e-14,1.4050502e-06,2.35862e-11,0.00018726669,2.8129003e-08,8.996141e-06,0.9997373
/home/leo/Documentos/mestrado/DeepWeeds-Mobile/images/20170920-115735-2.jpg,2,2,2,2,1,0.99961686,1.01153915e-07,2.8287108e-09,0.99961686,4.9968232e-05,0.0002608115,1.1961876e-09,2.91197e-09,1.0302277e-07,7.21062e-05
/home/leo/Documentos/mestrado/DeepWeeds-Mobile/images/20180322-104603-2.jpg,8,8,8,8,1,0.9827647,0.007214739,3.119012e-05,5.471203e-05,0.0009016219,0.0004583602,1.5131671e-05,3.880122e-09,0.00855967,0.9827647
/home/leo/Documentos/mestrado/DeepWeeds-Mobile/images/20171212-095750-3.jpg,8,8,8,8,1,0.9969944,0.000103502854,6.6702305e-05,3.0752925e-10,0.0027274976,9.204124e-08,1.4335981e-07,2.837101e-05,7.922387e-05,0.9969944
/home/leo/Documentos/mestrado/DeepWeeds-Mobile/images/20180322-110853-2.jpg,8,8,8,8,1,0.9940308,0.0023864496,1.0184485e-05,0.00077732047,0.0022791866,0.00011488368,8.270761e-07,1.6452929e-09,0.0004003207,0.9940308
/home/leo/Documentos/mestrado/DeepWeeds-Mobile/images/20170714-120228-3.jpg,1,1,1,1,1,0.96507347,2.0509753e-05,0.96507347,1.4731594e-11,1.0670179e-06,5.4427694e-08,1.6828326e-07,0.034582417,2.23641e-05,0.00029998666
/home/leo/Documentos/mestrado/DeepWeeds-Mobile/images/20180125-094401-2.jpg,8,8,8,8,1,0.99885213,2.6453959e-06,5.261317e-05,7.9974177e-07,0.0008721516,0.00020321117,1.5452677e-08,2.9296581e-08,1.637505e-05,0.99885213
/home/leo/Documentos/mestrado/DeepWeeds-Mobile/images/20171220-101655-2.jpg,8,8,8,8,1,0.9958787,0.00038509557,0.0011640365,5.61897e-11,1.8206072e-06,1.4123213e-09,0.002265305,3.0641447e-06,0.00030186976,0.9958787
/home/leo/Documentos/mestrado/DeepWeeds-Mobile/images/20180109-074954-2.jpg,8,8,8,8,1,0.66492987,0.00021765375,0.0038669321,0.00067013025,0.00092658726,0.001496735,8.915326e-05,0.32692885,0.00087415637,0.66492987
/home/leo/Documentos/mestrado/DeepWeeds-Mobile/images/20170727-113622-3.jpg,4,4,4,4,1,0.83313245,0.0001846852,1.000103e-06,0.1490708,1.7046455e-05,0.83313245,2.2632246e-06,2.5325707e-07,6.835575e-05,0.017523114
/home/leo/Documentos/mestrado/DeepWeeds-Mobile/images/20171025-081512-1.jpg,3,3,3,3,1,0.39386258,0.0909604,0.0020962306,0.00016540723,0.39386258,3.0010207e-05,6.2476305e-05,1.9594073e-07,0.15681599,0.35600677
/home/leo/Documentos/mestrado/DeepWeeds-Mobile/images/20170920-163121-3.jpg,2,2,2,2,1,0.78113246,7.056028e-05,7.7489466e-07,0.78113246,0.0017363066,0.2116874,6.9448756e-06,1.6751751e-07,1.7429053e-05,0.005347916
/home/leo/Documentos/mestrado/DeepWeeds-Mobile/images/20180322-114454-1.jpg,8,8,8,8,1,0.9968194,0.0011645627,3.2980257e-05,1.607894e-08,0.00010685991,2.9441102e-08,0.0007399732,4.80925e-07,0.0011357385,0.9968194
/home/leo/Documentos/mestrado/DeepWeeds-Mobile/images/20170718-101439-2.jpg,0,8,0,8,0,0.6397548,0.10333226,0.010748754,0.0007055577,0.029431412,0.0025848155,3.5250843e-05,5.3507006e-07,0.21340661,0.6397548
/home/leo/Documentos/mestrado/DeepWeeds-Mobile/images/20170920-160503-3.jpg,2,2,2,2,1,0.8515284,9.805204e-06,8.88178e-08,0.8515284,0.00043176636,0.14593741,5.520308e-07,9.449539e-08,3.3461308e-06,0.0020885118
/home/leo/Documentos/mestrado/DeepWeeds-Mobile/images/20170906-094526-2.jpg,3,2,3,2,0,0.75629926,0.0074774544,1.7652625e-05,0.75629926,0.108576454,0.099957995,2.347477e-05,2.4008435e-07,0.00076626835,0.026881145
/home/leo/Documentos/mestrado/DeepWeeds-Mobile/images/20180105-101602-2.jpg,8,8,8,8,1,0.9966089,2.0250242e-08,1.8398296e-07,8.1424344e-07,7.17982e-06,5.8688347e-06,3.3039377e-10,0.0033769482,8.792295e-08,0.9966089
/home/leo/Documentos/mestrado/DeepWeeds-Mobile/images/20180112-095026-2.jpg,8,8,8,8,1,0.9998487,0.00011473295,1.180974e-07,1.0152447e-05,7.8016384e-08,8.131305e-08,3.4528493e-06,9.3137394e-11,2.2566806e-05,0.9998487
/home/leo/Documentos/mestrado/DeepWeeds-Mobile/images/20171220-092357-2.jpg,8,8,8,8,1,0.9966208,0.00029768527,0.0008478469,2.0026223e-06,5.6660638e-06,4.8950283e-06,0.0020677103,3.412557e-05,0.00011930513,0.9966208
/home/leo/Documentos/mestrado/DeepWeeds-Mobile/images/20170920-112118-3.jpg,4,8,4,8,0,0.27619594,0.057756066,0.018498901,0.0413685,0.13763185,0.21417558,0.0013282195,0.00046132284,0.25258368,0.27619594
/home/leo/Documentos/mestrado/DeepWeeds-Mobile/images/20170210-133806-0.jpg,0,0,0,0,1,0.99428046,0.99428046,6.9051595e-05,9.092055e-11,9.647671e-09,1.7736382e-09,0.0002655681,1.4365745e-05,0.0048838574,0.00048667454
/home/leo/Documentos/mestrado/DeepWeeds-Mobile/images/20180322-105440-1.jpg,8,8,8,8,1,0.9634352,0.022403551,5.643502e-05,0.002584158,0.004957209,0.002403141,0.00010430279,4.3551186e-08,0.004055911,0.9634352
/home/leo/Documentos/mestrado/DeepWeeds-Mobile/images/20180125-092849-2.jpg,8,8,8,8,1,0.9995647,9.1751965e-05,4.855327e-06,7.888094e-08,0.0002894367,1.4095804e-05,2.3158135e-08,4.9423454e-07,3.4536683e-05,0.9995647
/home/leo/Documentos/mestrado/DeepWeeds-Mobile/images/20171219-110403-2.jpg,8,8,8,8,1,0.99916536,0.0007357367,2.1426362e-07,2.1329325e-12,1.0059541e-07,7.339925e-11,3.0294037e-05,3.6032516e-10,6.820451e-05,0.99916536
/home/leo/Documentos/mestrado/DeepWeeds-Mobile/images/20180125-133054-2.jpg,8,8,8,8,1,0.9952279,0.0013905369,0.0006402185,1.604193e-06,0.00045090448,0.0002975693,1.9290004e-05,2.990801e-07,0.0019716555,0.9952279
/home/leo/Documentos/mestrado/DeepWeeds-Mobile/images/20180109-091942-1.jpg,8,8,8,8,1,0.9980532,2.1283522e-05,0.00044968858,0.00015059132,0.00082142797,0.00026701874,6.218115e-07,0.00013997647,9.6317985e-05,0.9980532
/home/leo/Documentos/mestrado/DeepWeeds-Mobile/images/20171203-164754-3.jpg,8,8,8,8,1,0.44944796,0.068575725,0.17342535,4.4433556e-08,9.585406e-05,1.6197608e-06,0.0036916477,0.00043977462,0.30432203,0.44944796
/home/leo/Documentos/mestrado/DeepWeeds-Mobile/images/20171212-094839-3.jpg,8,8,8,8,1,0.9987613,0.00066017424,2.3006934e-05,1.6967394e-10,0.00040818492,4.1613458e-08,5.998828e-06,3.8548404e-07,0.00014102062,0.9987613
/home/leo/Documentos/mestrado/DeepWeeds-Mobile/images/20171220-092248-2.jpg,8,8,8,8,1,0.8917759,6.0131947e-06,1.3974726e-05,1.3741837e-14,1.48238355e-08,1.5620513e-13,0.10820305,3.447816e-08,9.372533e-07,0.8917759
/home/leo/Documentos/mestrado/DeepWeeds-Mobile/images/20170706-112935-0.jpg,7,8,7,8,0,0.55726963,0.08763557,7.716131e-06,0.006639629,0.31203356,0.0066030514,6.1183287e-06,1.4491565e-09,0.029804692,0.55726963
/home/leo/Documentos/mestrado/DeepWeeds-Mobile/images/20170707-110403-0.jpg,7,7,7,7,1,0.8295455,0.030576766,0.0039782883,5.8193073e-05,0.056217704,0.0015091556,9.545455e-06,1.3432509e-07,0.8295455,0.07810472
/home/leo/Documentos/mestrado/DeepWeeds-Mobile/images/20180125-130442-2.jpg,8,8,8,8,1,0.992438,0.0014877267,0.000844883,1.7327407e-07,0.00020553557,3.841787e-05,0.0037084485,0.0008394489,0.00043728112,0.992438
/home/leo/Documentos/mestrado/DeepWeeds-Mobile/images/20170728-151236-1.jpg,4,4,4,4,1,0.9889178,8.230452e-06,2.0761117e-06,0.003336374,6.028242e-05,0.9889178,6.719444e-07,2.8157878e-05,3.4336308e-06,0.0076429527
/home/leo/Documentos/mestrado/DeepWeeds-Mobile/images/20180109-080539-2.jpg,8,8,8,8,1,0.97080344,1.6337232e-07,1.0590228e-06,0.0029360252,3.4256278e-05,3.6716523e-05,1.5295232e-07,0.026186308,1.9514516e-06,0.97080344
/home/leo/Documentos/mestrado/DeepWeeds-Mobile/images/20170707-114211-0.jpg,0,8,0,8,0,0.49273902,0.2565558,0.0008315034,0.018233905,0.20351382,0.0029230956,1.2862951e-05,2.7730487e-06,0.025187176,0.49273902
/home/leo/Documentos/mestrado/DeepWeeds-Mobile/images/20171218-105746-3.jpg,8,8,8,8,1,0.99071175,0.00010958796,0.0002533386,8.746158e-11,0.0086962655,1.3746859e-07,1.1266195e-06,1.3705638e-07,0.00022772887,0.99071175
/home/leo/Documentos/mestrado/DeepWeeds-Mobile/images/20170714-141757-3.jpg,1,1,1,1,1,0.9249666,0.009570619,0.9249666,4.0155663e-07,7.066144e-06,8.842882e-07,0.0015844206,0.00018810114,0.004635649,0.059046324
/home/leo/Documentos/mestrado/DeepWeeds-Mobile/images/20170728-150511-3.jpg,8,4,8,4,0,0.70615804,0.005301026,0.00043998208,4.0903757e-05,0.011921765,0.70615804,0.002535653,9.690653e-05,0.0019687775,0.271537
/home/leo/Documentos/mestrado/DeepWeeds-Mobile/images/20170727-143918-3.jpg,4,4,4,4,1,0.97117954,0.0036231796,8.34379e-06,0.0023666194,0.009570396,0.97117954,0.00045920728,4.6131962e-07,0.0032527414,0.009539433
/home/leo/Documentos/mestrado/DeepWeeds-Mobile/images/20180105-093909-3.jpg,8,8,8,8,1,0.9582533,6.790216e-06,0.00037952745,0.000119115015,0.001031644,0.00024310264,2.378043e-06,0.039938167,2.5964579e-05,0.9582533
/home/leo/Documentos/mestrado/DeepWeeds-Mobile/images/20180112-071549-2.jpg,8,4,8,4,0,0.52334124,2.1730928e-05,7.640585e-06,0.0037853504,0.0024302604,0.52334124,5.6744387e-08,4.780987e-06,0.00040293057,0.47000605
/home/leo/Documentos/mestrado/DeepWeeds-Mobile/images/20180109-091345-2.jpg,8,8,8,8,1,0.9894349,1.856632e-05,0.008747901,1.1793273e-08,0.0012353301,1.9144645e-07,1.3808229e-05,0.0004636101,8.5663974e-05,0.9894349
/home/leo/Documentos/mestrado/DeepWeeds-Mobile/images/20171219-112429-3.jpg,8,8,8,8,1,0.91669106,0.00089632603,9.731991e-05,0.020133017,0.0046498524,0.053691834,3.4223933e-07,4.7489542e-07,0.0038397522,0.91669106
/home/leo/Documentos/mestrado/DeepWeeds-Mobile/images/20180112-073139-1.jpg,8,8,8,8,1,0.7478128,0.0005826491,0.011431729,0.00084793614,0.22654565,0.006349132,0.0002128395,0.002098062,0.0041191136,0.7478128
/home/leo/Documentos/mestrado/DeepWeeds-Mobile/images/20180105-104242-1.jpg,8,8,8,8,1,0.87666184,1.8814172e-06,0.0038714658,1.0779961e-05,7.254275e-06,2.580968e-06,4.671545e-05,0.119368315,2.9178771e-05,0.87666184
/home/leo/Documentos/mestrado/DeepWeeds-Mobile/images/20180125-100109-2.jpg,8,8,8,8,1,0.973464,2.5479738e-05,1.4455042e-05,1.0720574e-05,0.017369261,0.00014556285,6.3839343e-06,0.008924663,3.9411472e-05,0.973464
/home/leo/Documentos/mestrado/DeepWeeds-Mobile/images/20180112-102332-2.jpg,8,8,8,8,1,0.9341323,0.059779875,1.0426717e-05,4.231894e-06,4.5970977e-05,7.6706826e-08,0.000115214265,1.7001024e-07,0.0059116073,0.9341323
/home/leo/Documentos/mestrado/DeepWeeds-Mobile/images/20180112-072748-2.jpg,8,8,8,8,1,0.49704096,0.3023633,7.623173e-05,0.0032835894,0.16824903,0.002422586,3.7619848e-06,2.5396798e-07,0.02656034,0.49704096
/home/leo/Documentos/mestrado/DeepWeeds-Mobile/images/20171220-091854-2.jpg,8,8,8,8,1,0.98243827,0.0006699179,4.8908074e-05,1.1490903e-08,0.00042140376,9.662673e-07,0.014877232,0.0015242567,1.9072733e-05,0.98243827
/home/leo/Documentos/mestrado/DeepWeeds-Mobile/images/20171219-114321-2.jpg,8,2,8,2,0,0.45560503,0.00089179055,5.2964428e-05,0.45560503,0.006052845,0.13789909,1.6223112e-05,0.001806688,0.0012263694,0.3964491
/home/leo/Documentos/mestrado/DeepWeeds-Mobile/images/20170711-114210-0.jpg,0,8,0,8,0,0.90221184,0.05564794,0.00028587208,0.0030491988,0.011046912,0.008974187,6.024932e-06,1.408409e-06,0.018776603,0.90221184
/home/leo/Documentos/mestrado/DeepWeeds-Mobile/images/20170920-191932-1.jpg,2,2,2,2,1,0.9770453,3.024188e-07,5.5936953e-06,0.9770453,0.0026200088,0.00016327713,1.1592317e-07,5.9485978e-05,5.170787e-06,0.020100754
/home/leo/Documentos/mestrado/DeepWeeds-Mobile/images/20171220-095534-2.jpg,8,8,8,8,1,0.9993567,0.00048329783,6.0680927e-06,1.1496632e-10,0.00012245435,9.6466755e-09,1.6014923e-06,7.646371e-06,2.2192839e-05,0.9993567
/home/leo/Documentos/mestrado/DeepWeeds-Mobile/images/20171122-103945-1.jpg,5,5,5,5,1,0.99996984,3.721068e-08,3.8928926e-07,6.8370213e-15,3.671697e-11,8.785983e-14,0.99996984,3.9571e-06,1.4348807e-07,2.5709429e-05
/home/leo/Documentos/mestrado/DeepWeeds-Mobile/images/20171025-093030-1.jpg,3,3,3,3,1,0.99591583,2.1897245e-06,2.4469333e-07,4.1383537e-08,0.99591583,2.731423e-07,8.031849e-11,7.5763444e-11,2.1121773e-06,0.0040793447
/home/leo/Documentos/mestrado/DeepWeeds-Mobile/images/20180109-070208-2.jpg,8,8,8,8,1,0.98938775,6.55021e-06,0.00021596327,0.0019109497,0.00025845473,0.00027806024,3.603724e-06,0.007740676,0.00019797088,0.98938775
/home/leo/Documentos/mestrado/DeepWeeds-Mobile/images/20171102-103736-2.jpg,2,2,2,2,1,0.93697613,0.00014949149,3.0376468e-06,0.93697613,0.019762259,0.0025240493,1.897132e-07,2.1246274e-06,3.4371144e-05,0.040548284
/home/leo/Documentos/mestrado/DeepWeeds-Mobile/images/20171113-132333-3.jpg,6,6,6,6,1,0.80414444,7.60237e-05,0.0011073237,0.0010542256,0.004528427,0.017762052,4.9513794e-05,0.80414444,0.0005141458,0.17076385
/home/leo/Documentos/mestrado/DeepWeeds-Mobile/images/20171203-173549-3.jpg,8,8,8,8,1,0.9938041,0.0002060691,0.0034727135,7.1412244e-11,0.002422476,2.0831074e-08,1.5459176e-05,3.902256e-06,7.530994e-05,0.9938041
/home/leo/Documentos/mestrado/DeepWeeds-Mobile/images/20170210-131343-0.jpg,7,7,7,7,1,0.9995776,0.00036867172,2.4400992e-05,2.6282437e-10,1.4277513e-12,1.8414643e-10,6.723356e-07,9.942267e-09,0.9995776,2.872429e-05
/home/leo/Documentos/mestrado/DeepWeeds-Mobile/images/20170727-144652-1.jpg,4,4,4,4,1,0.9800197,0.00021675853,1.4015511e-06,0.0057277814,0.0017679316,0.9800197,9.3805033e-07,4.8677986e-09,0.00032330828,0.011942141
/home/leo/Documentos/mestrado/DeepWeeds-Mobile/images/20171122-101845-1.jpg,5,1,5,1,0,0.6876547,0.05301856,0.6876547,4.8497566e-07,0.00019928101,1.4621022e-06,0.012439242,0.00064510584,0.1751745,0.0708667
/home/leo/Documentos/mestrado/DeepWeeds-Mobile/images/20170727-121247-3.jpg,4,4,4,4,1,0.5814608,1.8529632e-05,3.4107725e-06,0.41468903,0.0011406015,0.5814608,4.19224e-07,4.398406e-07,2.6935244e-05,0.002659883
/home/leo/Documentos/mestrado/DeepWeeds-Mobile/images/20180322-105420-1.jpg,8,8,8,8,1,0.9674014,0.0251118,2.0038417e-05,0.0019067293,0.0012111601,0.00042064697,1.9417306e-05,4.448863e-09,0.0039088503,0.9674014
/home/leo/Documentos/mestrado/DeepWeeds-Mobile/images/20180112-092848-2.jpg,8,8,8,8,1,0.9377407,0.05845952,8.0217376e-07,0.0034991368,2.9196266e-07,4.593737e-08,7.7408984e-08,9.386368e-13,0.00029943662,0.9377407
/home/leo/Documentos/mestrado/DeepWeeds-Mobile/images/20170126-100535-0.jpg,1,1,1,1,1,0.7761416,0.0016281958,0.7761416,8.7210505e-09,1.9937259e-05,4.138288e-07,0.00090919057,0.15406509,0.025205426,0.04203008
/home/leo/Documentos/mestrado/DeepWeeds-Mobile/images/20171220-083729-2.jpg,8,8,8,8,1,0.9871354,0.010421768,2.3195114e-05,7.655574e-07,0.00058470527,3.292653e-05,1.475184e-05,2.4354793e-07,0.001786182,0.9871354
/home/leo/Documentos/mestrado/DeepWeeds-Mobile/images/20171102-103210-2.jpg,2,2,2,2,1,0.8313954,0.010390842,8.010962e-08,0.8313954,0.07904371,0.0012021792,8.640828e-08,5.7670263e-10,0.0002148779,0.07775289
/home/leo/Documentos/mestrado/DeepWeeds-Mobile/images/20170405-155147-0.jpg,0,0,0,0,1,0.50476825,0.50476825,7.95486e-07,7.8430554e-11,2.010758e-08,1.3092063e-12,0.0026075337,1.0938642e-08,0.25455493,0.23806846
/home/leo/Documentos/mestrado/DeepWeeds-Mobile/images/20170920-164924-3.jpg,2,2,2,2,1,0.8403517,0.0005728872,9.933959e-05,0.8403517,0.0088497605,0.09557001,6.498178e-06,1.2207981e-06,0.00050445145,0.054044195
/home/leo/Documentos/mestrado/DeepWeeds-Mobile/images/20170728-150830-1.jpg,4,4,4,4,1,0.9840142,1.625774e-06,5.1267797e-08,0.013954373,8.397588e-05,0.9840142,3.999706e-08,1.8297231e-07,2.5009504e-06,0.0019430753
/home/leo/Documentos/mestrado/DeepWeeds-Mobile/images/20180322-125442-1.jpg,8,8,8,8,1,0.99985766,3.596519e-05,8.6854714e-05,2.034357e-10,2.378163e-07,8.840258e-08,3.1063491e-06,7.7325313e-10,1.5967356e-05,0.99985766
/home/leo/Documentos/mestrado/DeepWeeds-Mobile/images/20170920-100839-3.jpg,4,8,4,8,0,0.9848097,0.004264606,0.0006542905,1.6815655e-06,0.0075983284,0.0010529178,1.3403842e-05,4.341246e-07,0.0016046215,0.9848097
/home/leo/Documentos/mestrado/DeepWeeds-Mobile/images/20171113-101111-1.jpg,5,5,5,5,1,0.9967393,1.0341876e-06,1.1618279e-05,9.4985224e-15,1.9609096e-10,1.2850794e-13,0.9967393,7.597805e-05,8.0456476e-07,0.0031711624
/home/leo/Documentos/mestrado/DeepWeeds-Mobile/images/20180125-094059-2.jpg,8,8,8,8,1,0.7945195,0.0012243178,0.00020664414,0.045905944,0.107637145,0.045992427,1.0715449e-05,0.00062761846,0.0038757145,0.7945195
/home/leo/Documentos/mestrado/DeepWeeds-Mobile/images/20170920-130336-2.jpg,2,2,2,2,1,0.9945814,5.219163e-07,5.1267428e-08,0.9945814,0.004679751,0.00018372244,2.2929685e-09,1.6816337e-09,5.4005227e-07,0.00055409153
/home/leo/Documentos/mestrado/DeepWeeds-Mobile/images/20180109-073038-2.jpg,8,8,8,8,1,0.980393,1.1932768e-07,6.9643056e-06,0.017772833,2.85594e-05,4.4449557e-06,1.5226594e-07,0.0017907178,3.186871e-06,0.980393
/home/leo/Documentos/mestrado/DeepWeeds-Mobile/images/20180112-073804-1.jpg,8,8,8,8,1,0.977108,0.0019414579,0.0020178698,7.272101e-05,0.013088599,0.0009428267,3.3143783e-07,1.0541168e-05,0.0048175845,0.977108
/home/leo/Documentos/mestrado/DeepWeeds-Mobile/images/20170706-110326-0.jpg,7,7,7,7,1,0.5772547,0.4016623,0.0028497772,1.0630693e-11,5.5836455e-08,4.654598e-09,4.4916866e-05,0.0008848035,0.5772547,0.017303403
/home/leo/Documentos/mestrado/DeepWeeds-Mobile/images/20170728-123708-2.jpg,4,4,4,4,1,0.9908291,1.9597815e-05,4.705459e-06,0.0006742557,0.0013738507,0.9908291,7.032189e-07,8.8352937e-07,0.00032043,0.006776491
/home/leo/Documentos/mestrado/DeepWeeds-Mobile/images/20171025-093132-1.jpg,3,8,3,8,0,0.8358081,0.00016647503,0.02950734,1.6733615e-08,0.024556356,1.3522397e-05,9.721133e-05,0.108869724,0.0009812319,0.8358081
/home/leo/Documentos/mestrado/DeepWeeds-Mobile/images/20171113-132950-1.jpg,6,6,6,6,1,0.9942549,8.524591e-06,0.0031998071,1.4281518e-07,1.3410221e-05,5.988428e-07,1.1839484e-06,0.9942549,5.7499083e-06,0.0025156867
/home/leo/Documentos/mestrado/DeepWeeds-Mobile/images/20171025-081051-3.jpg,3,3,3,3,1,0.920854,0.002071634,0.00021654199,0.00012195563,0.920854,0.032597996,1.3655365e-07,8.070085e-08,0.015457048,0.028680589
/home/leo/Documentos/mestrado/DeepWeeds-Mobile/images/20180125-100559-1.jpg,8,8,8,8,1,0.93191296,0.00091164664,0.0004202057,7.615857e-05,0.024653787,4.532028e-05,0.002965342,0.03878671,0.00022786655,0.93191296
/home/leo/Documentos/mestrado/DeepWeeds-Mobile/images/20171205-143028-2.jpg,8,8,8,8,1,0.9485128,0.0012304019,0.00253474,5.152782e-10,4.9859515e-05,3.7715285e-08,0.04733703,3.9047572e-05,0.0002961284,0.9485128
/home/leo/Documentos/mestrado/DeepWeeds-Mobile/images/20180112-101923-2.jpg,8,8,8,8,1,0.99908733,0.0007312689,5.9336866e-08,0.0001132815,6.2740037e-06,8.3807015e-07,1.5700019e-06,9.0722124e-11,5.943884e-05,0.99908733
/home/leo/Documentos/mestrado/DeepWeeds-Mobile/images/20170210-132618-0.jpg,0,0,0,0,1,0.85498494,0.85498494,0.0017143171,2.0138933e-07,7.739186e-05,2.9880073e-07,2.3771784e-06,0.0044793473,0.018367426,0.12037364
/home/leo/Documentos/mestrado/DeepWeeds-Mobile/images/20180112-101443-2.jpg,8,8,8,8,1,0.9988426,0.0005945311,2.2362705e-07,0.00040842316,2.9714933e-05,1.3504533e-06,1.4565082e-06,3.766122e-11,0.000121712874,0.9988426
/home/leo/Documentos/mestrado/DeepWeeds-Mobile/images/20170920-112835-3.jpg,2,8,2,8,0,0.2900825,0.012268996,0.02041079,0.2746013,0.24108438,0.07016412,0.0026442364,0.035499915,0.05324372,0.2900825
/home/leo/Documentos/mestrado/DeepWeeds-Mobile/images/20170729-154215-3.jpg,4,4,4,4,1,0.9545971,0.0018838875,8.459225e-06,0.00013524128,0.024664244,0.9545971,8.159464e-09,1.7864245e-08,0.014381498,0.0043294835
/home/leo/Documentos/mestrado/DeepWeeds-Mobile/images/20170906-114413-4.jpg,3,3,3,3,1,0.49823716,0.007630541,0.00066963595,0.00037726722,0.49823716,0.0013393,2.1441726e-07,5.1569285e-05,0.0069966214,0.48469776
/home/leo/Documentos/mestrado/DeepWeeds-Mobile/images/20170906-134121-1.jpg,3,3,3,3,1,0.43974227,0.009448095,0.00059725996,0.021573866,0.43974227,0.08803569,4.9878574e-05,1.2428026e-06,0.08725775,0.3532939
/home/leo/Documentos/mestrado/DeepWeeds-Mobile/images/20180109-103801-2.jpg,8,8,8,8,1,0.99811786,1.9704194e-05,9.715987e-06,0.0010282587,0.000801824,6.7547453e-06,2.5597617e-06,3.8862295e-06,9.30415e-06,0.99811786
/home/leo/Documentos/mestrado/DeepWeeds-Mobile/images/20170705-162239-0.jpg,7,8,7,8,0,0.4737133,0.21096665,0.0007437989,0.0013008406,0.0061180405,0.015522636,0.0001829945,7.386235e-07,0.29145095,0.4737133
/home/leo/Documentos/mestrado/DeepWeeds-Mobile/images/20170210-131722-0.jpg,7,7,7,7,1,0.99963844,0.00020721147,0.00013870571,3.26681e-11,6.357721e-10,1.8362065e-10,2.872735e-07,6.6714506e-06,0.99963844,8.731703e-06
/home/leo/Documentos/mestrado/DeepWeeds-Mobile/images/20180119-110236-1.jpg,8,8,8,8,1,0.96966153,0.0006893667,0.0095540155,3.6642254e-05,0.0029022107,0.00028825487,0.000117159085,0.012833633,0.0039170748,0.96966153
/home/leo/Documentos/mestrado/DeepWeeds-Mobile/images/20170811-134414-2.jpg,0,0,0,0,1,0.99022573,0.99022573,0.005944596,8.593449e-10,1.7818751e-05,5.764753e-05,7.6706364e-08,2.4124267e-07,0.0012052401,0.0025486723
/home/leo/Documentos/mestrado/DeepWeeds-Mobile/images/20180105-092837-2.jpg,8,8,8,8,1,0.99533087,1.2976448e-06,3.4882465e-05,0.00051120686,0.0015021171,0.0016504566,2.1162094e-08,0.00096527045,3.7873783e-06,0.99533087
/home/leo/Documentos/mestrado/DeepWeeds-Mobile/images/20171109-091242-2.jpg,5,1,5,1,0,0.42535692,0.032894935,0.42535692,2.8112923e-05,0.000113607995,3.5187197e-05,0.00079259556,0.16607344,0.046589058,0.32811612
/home/leo/Documentos/mestrado/DeepWeeds-Mobile/images/20171220-091239-2.jpg,8,8,8,8,1,0.9062105,0.027798299,0.007347336,4.1019675e-08,0.00015484156,9.960721e-07,0.056377746,0.00077229424,0.0013381068,0.9062105
/home/leo/Documentos/mestrado/DeepWeeds-Mobile/images/20180112-091855-1.jpg,8,8,8,8,1,0.8145349,0.10383249,2.2434394e-06,0.0018272279,0.06067651,0.0006005004,6.079753e-06,1.3775739e-10,0.018520169,0.8145349
/home/leo/Documentos/mestrado/DeepWeeds-Mobile/images/20170811-133854-2.jpg,0,0,0,0,1,0.8527764,0.8527764,0.0012555452,1.4307425e-09,1.0998205e-06,6.420211e-08,1.3489702e-05,0.00020058744,0.012201311,0.13355145
/home/leo/Documentos/mestrado/DeepWeeds-Mobile/images/20170727-135734-1.jpg,4,4,4,4,1,0.9826802,8.22331e-05,7.1414797e-06,5.788382e-05,0.006165089,0.9826802,4.8461244e-09,5.655229e-10,0.0028939138,0.008113527
/home/leo/Documentos/mestrado/DeepWeeds-Mobile/images/20170811-104503-2.jpg,0,8,0,8,0,0.7050768,0.2299133,0.022723494,1.8968288e-07,9.933016e-05,1.5268697e-05,0.0003772397,0.024784146,0.017010234,0.7050768
/home/leo/Documentos/mestrado/DeepWeeds-Mobile/images/20170521-153419-0.jpg,1,7,1,7,0,0.9507297,0.014141912,0.03377172,3.371882e-12,1.1705777e-08,1.2877822e-09,1.08785725e-05,0.0011164838,0.9507297,0.00022932094
/home/leo/Documentos/mestrado/DeepWeeds-Mobile/images/20170405-155115-0.jpg,0,0,0,0,1,0.49422643,0.49422643,0.0013526585,3.0668118e-10,5.9983113e-06,1.1171837e-08,0.00048797188,0.0026566614,0.4586287,0.042641595
/home/leo/Documentos/mestrado/DeepWeeds-Mobile/images/20171113-145156-3.jpg,6,6,6,6,1,0.9893449,8.091296e-06,0.0012783181,8.6709014e-07,0.00032637035,0.00035054417,3.1937961e-06,0.9893449,3.089937e-05,0.00865684
/home/leo/Documentos/mestrado/DeepWeeds-Mobile/images/20180109-101035-2.jpg,8,6,8,6,0,0.8518688,1.0433004e-06,0.0072963214,2.5089056e-08,5.6024064e-06,3.1590325e-08,9.3141236e-05,0.8518688,4.386284e-06,0.14073057
/home/leo/Documentos/mestrado/DeepWeeds-Mobile/images/20180109-071804-1.jpg,8,8,8,8,1,0.9890323,4.0994628e-08,2.8274012e-06,3.4969488e-10,0.00045381626,1.038233e-06,2.0206002e-10,0.010509846,1.459201e-07,0.9890323
/home/leo/Documentos/mestrado/DeepWeeds-Mobile/images/20180125-094416-2.jpg,8,8,8,8,1,0.97461843,0.00053577893,3.704699e-05,1.07554e-05,0.016612995,0.00690839,3.6935756e-07,2.2189168e-07,0.0012760812,0.97461843
/home/leo/Documentos/mestrado/DeepWeeds-Mobile/images/20180125-132451-3.jpg,8,8,8,8,1,0.945392,0.00017818506,5.1820105e-05,0.009776743,0.008772696,0.03034204,5.6317305e-08,1.8342758e-06,0.005484538,0.945392
/home/leo/Documentos/mestrado/DeepWeeds-Mobile/images/20170906-112604-2.jpg,3,8,3,8,0,0.8498306,0.0019126432,0.0020572748,4.1595354e-07,0.14261535,0.00037167408,2.0165523e-07,2.5324343e-07,0.0032113695,0.8498306
/home/leo/Documentos/mestrado/DeepWeeds-Mobile/images/20180112-094059-2.jpg,8,8,8,8,1,0.9972041,0.0015745298,8.0467835e-05,3.7262612e-07,3.7095095e-08,1.0680388e-09,1.0628795e-08,1.403751e-07,0.0011402979,0.9972041
/home/leo/Documentos/mestrado/DeepWeeds-Mobile/images/20170714-114948-2.jpg,1,7,1,7,0,0.5259993,0.015315107,0.25136772,2.4133638e-05,0.0025761628,4.316576e-05,0.001563909,0.00028102682,0.5259993,0.20282939
/home/leo/Documentos/mestrado/DeepWeeds-Mobile/images/20170714-135825-2.jpg,1,1,1,1,1,0.92513156,0.00041524056,0.92513156,1.3602992e-09,9.67483e-06,6.939776e-08,1.6744068e-05,0.063526385,0.0052545643,0.0056458386
/home/leo/Documentos/mestrado/DeepWeeds-Mobile/images/20171217-184330-2.jpg,8,8,8,8,1,0.9925418,1.5011227e-05,0.00013116802,6.6740097e-10,1.6838476e-07,5.808022e-10,0.007123298,0.0001870373,1.4144096e-06,0.9925418
/home/leo/Documentos/mestrado/DeepWeeds-Mobile/images/20170704-155311-0.jpg,7,8,7,8,0,0.535787,0.00044021258,0.46101078,1.8924648e-10,4.7001814e-07,2.8645695e-09,4.8485326e-06,0.00014677853,0.002609945,0.535787
/home/leo/Documentos/mestrado/DeepWeeds-Mobile/images/20180112-080825-1.jpg,8,8,8,8,1,0.86514014,0.0071190624,0.001635137,0.00014510244,0.11052549,0.00013535668,4.859354e-07,8.6554184e-07,0.015298506,0.86514014
/home/leo/Documentos/mestrado/DeepWeeds-Mobile/images/20171121-085538-1.jpg,6,6,6,6,1,0.79427826,2.3215995e-05,2.3794157e-06,0.00018402119,0.00064819155,0.00010745649,9.4013785e-08,0.79427826,2.74689e-05,0.2047288
/home/leo/Documentos/mestrado/DeepWeeds-Mobile/images/20180322-133720-1.jpg,8,8,8,8,1,0.48207408,0.004753428,1.2494781e-05,0.45521164,0.007528156,0.04938431,1.0573646e-05,4.0373337e-08,0.0010252361,0.48207408
/home/leo/Documentos/mestrado/DeepWeeds-Mobile/images/20170920-095406-2.jpg,4,8,4,8,0,0.5724015,0.00016242286,0.0034854668,0.016946066,0.014242348,0.004221284,1.2605178e-06,0.38702768,0.0015120114,0.5724015
/home/leo/Documentos/mestrado/DeepWeeds-Mobile/images/20170127-103011-0.jpg,1,6,1,6,0,0.4624527,0.0003723952,0.454451,8.296507e-10,3.7174854e-05,6.9353305e-08,8.297481e-06,0.4624527,0.0003829601,0.08229537
/home/leo/Documentos/mestrado/DeepWeeds-Mobile/images/20171212-102128-3.jpg,8,8,8,8,1,0.82082343,0.00031230485,0.14002086,3.2761772e-08,0.00057200633,2.9050703e-05,4.045379e-05,0.03536126,0.0028405865,0.82082343
/home/leo/Documentos/mestrado/DeepWeeds-Mobile/images/20171113-101351-1.jpg,5,5,5,5,1,0.9116276,0.00011246516,0.00013387755,1.5645146e-13,2.386449e-05,4.8150154e-11,0.9116276,0.0003923178,3.9908996e-06,0.08770595
/home/leo/Documentos/mestrado/DeepWeeds-Mobile/images/20170714-142536-3.jpg,1,1,1,1,1,0.95045245,0.0024754894,0.95045245,3.1091798e-07,0.00010323322,9.054605e-07,8.716702e-05,0.0008948788,0.0025790785,0.043406438
/home/leo/Documentos/mestrado/DeepWeeds-Mobile/images/20180322-103350-1.jpg,8,8,8,8,1,0.9259288,0.029940346,0.006146292,7.3427886e-06,0.00012492058,3.1376247e-05,0.0030760984,5.853854e-07,0.034744207,0.9259288
/home/leo/Documentos/mestrado/DeepWeeds-Mobile/images/20180105-092757-3.jpg,8,6,8,6,0,0.59356946,2.7070232e-07,1.4618288e-05,5.858891e-09,6.840847e-05,1.6923722e-06,1.2013769e-06,0.59356946,7.099415e-07,0.4063437
/home/leo/Documentos/mestrado/DeepWeeds-Mobile/images/20171109-090224-1.jpg,5,5,5,5,1,0.99112195,3.3883563e-05,0.00041743787,3.569852e-13,5.8528125e-09,1.0497868e-11,0.99112195,0.00012786915,3.3350072e-05,0.008265601
/home/leo/Documentos/mestrado/DeepWeeds-Mobile/images/20171219-114148-2.jpg,8,8,8,8,1,0.77579546,4.6368525e-05,1.5101913e-05,0.119606994,0.08393478,0.02032346,1.9966146e-07,6.2450505e-05,0.00021519272,0.77579546
/home/leo/Documentos/mestrado/DeepWeeds-Mobile/images/20170920-191809-1.jpg,2,2,2,2,1,0.99972266,4.812241e-10,2.0313587e-08,0.99972266,6.344921e-07,1.200246e-06,7.5011754e-11,1.0404837e-07,4.643292e-09,0.00027530902
/home/leo/Documentos/mestrado/DeepWeeds-Mobile/images/20170704-154449-0.jpg,7,7,7,7,1,0.62096864,0.1316976,0.0003518664,8.132872e-09,8.529532e-06,1.0440774e-06,0.00011810465,2.813624e-06,0.62096864,0.24685143
/home/leo/Documentos/mestrado/DeepWeeds-Mobile/images/20171113-132119-3.jpg,6,6,6,6,1,0.9923185,4.161326e-06,5.8373867e-06,6.5912327e-06,4.3498323e-05,3.9469174e-07,8.260884e-09,0.9923185,2.389464e-06,0.007618694
/home/leo/Documentos/mestrado/DeepWeeds-Mobile/images/20171113-123657-3.jpg,6,6,6,6,1,0.9773745,4.7784386e-05,9.6209034e-05,2.1449598e-07,0.00041158102,2.7794067e-06,8.445134e-06,0.9773745,0.00014033941,0.021918163
/home/leo/Documentos/mestrado/DeepWeeds-Mobile/images/20171212-103305-3.jpg,8,8,8,8,1,0.77163374,0.012160313,0.15952304,2.0818694e-08,0.00011658535,2.0562713e-06,0.0027201774,0.027188603,0.026655393,0.77163374
/home/leo/Documentos/mestrado/DeepWeeds-Mobile/images/20171212-094427-3.jpg,8,8,8,8,1,0.99051887,0.0008998247,0.0003133461,3.9588284e-09,0.007763399,1.0253937e-06,2.88421e-05,8.689821e-07,0.00047378967,0.99051887
/home/leo/Documentos/mestrado/DeepWeeds-Mobile/images/20180109-070211-1.jpg,8,8,8,8,1,0.5320941,1.2648102e-06,0.0015038275,4.3061448e-09,0.0001608068,3.015487e-06,2.0717162e-07,0.46619943,3.741015e-05,0.5320941
/home/leo/Documentos/mestrado/DeepWeeds-Mobile/images/20171201-120010-1.jpg,8,8,8,8,1,0.5559396,0.0018050601,4.157729e-06,3.3475313e-11,1.626868e-06,1.1977441e-09,0.42216888,5.1442366e-06,0.020075561,0.5559396
/home/leo/Documentos/mestrado/DeepWeeds-Mobile/images/20170714-110657-1.jpg,1,6,1,6,0,0.8702184,0.013564214,0.05755263,1.2985166e-05,0.0008155046,0.00050698477,0.00019111065,0.8702184,0.037162613,0.019975523
/home/leo/Documentos/mestrado/DeepWeeds-Mobile/images/20170920-162211-3.jpg,2,2,2,2,1,0.98655033,8.242806e-06,7.9667174e-08,0.98655033,0.0003457667,0.011863044,3.478223e-07,9.029576e-08,4.357137e-06,0.0012277049
/home/leo/Documentos/mestrado/DeepWeeds-Mobile/images/20170728-152926-3.jpg,8,4,8,4,0,0.9376199,0.0052275667,0.00024457302,0.00065232976,0.02376644,0.9376199,0.0036506462,2.7738054e-06,0.00514535,0.023690365
/home/leo/Documentos/mestrado/DeepWeeds-Mobile/images/20170714-134219-1.jpg,1,1,1,1,1,0.9997989,1.2696634e-05,0.9997989,1.0184149e-14,2.5927166e-08,2.0629314e-11,2.380798e-09,1.5584961e-05,4.0682016e-06,0.0001687599
/home/leo/Documentos/mestrado/DeepWeeds-Mobile/images/20180109-101342-2.jpg,8,8,8,8,1,0.72441673,2.5275126e-06,0.019384474,9.305814e-08,2.5402294e-05,3.0844598e-07,0.00079055456,0.2552969,8.2972365e-05,0.72441673
/home/leo/Documentos/mestrado/DeepWeeds-Mobile/images/20171220-082227-2.jpg,8,8,8,8,1,0.8605432,0.119037464,0.00021614006,2.1652428e-07,0.014945222,6.355854e-06,7.8750905e-05,2.2372626e-07,0.005172354,0.8605432
/home/leo/Documentos/mestrado/DeepWeeds-Mobile/images/20171113-131205-1.jpg,6,6,6,6,1,0.9965509,5.817005e-07,0.0006231693,1.3538031e-09,2.3489997e-06,9.681568e-09,5.6267513e-08,0.9965509,2.693795e-07,0.0028226965
/home/leo/Documentos/mestrado/DeepWeeds-Mobile/images/20180112-072128-2.jpg,8,8,8,8,1,0.5210816,0.12573288,0.026856354,0.016822398,0.23091473,0.008274495,0.00016174938,0.00024598418,0.06990973,0.5210816
/home/leo/Documentos/mestrado/DeepWeeds-Mobile/images/20170128-103152-0.jpg,8,8,8,8,1,0.6250217,0.10369694,0.12288413,0.00044186506,0.010730831,0.0017389378,0.0034421152,0.0013259884,0.1307175,0.6250217
/home/leo/Documentos/mestrado/DeepWeeds-Mobile/images/20171102-122100-1.jpg,2,8,2,8,0,0.68944615,0.079938814,2.3307304e-05,0.044905998,0.18061456,0.0015213911,2.6582211e-05,4.501398e-08,0.003523145,0.68944615
/home/leo/Documentos/mestrado/DeepWeeds-Mobile/images/20180105-094832-2.jpg,8,8,8,8,1,0.99876535,3.2160198e-08,5.779607e-08,0.0005061023,0.00010896794,0.00045313078,2.2191371e-10,0.00016572629,5.9081503e-07,0.99876535
/home/leo/Documentos/mestrado/DeepWeeds-Mobile/images/20180109-074258-2.jpg,8,8,8,8,1,0.99914634,0.00031380716,6.8700385e-05,8.525855e-11,7.3549174e-08,9.878711e-09,3.2000833e-06,0.000372754,9.505259e-05,0.99914634
/home/leo/Documentos/mestrado/DeepWeeds-Mobile/images/20170127-101639-0.jpg,1,1,1,1,1,0.9033162,6.5546105e-06,0.9033162,1.804168e-11,1.4552417e-07,1.1461222e-09,0.0002677609,0.08601708,0.00035855765,0.010033712
/home/leo/Documentos/mestrado/DeepWeeds-Mobile/images/20180109-100309-2.jpg,8,8,8,8,1,0.9975926,0.0001512511,0.0008603903,3.751497e-05,0.00016535878,8.106631e-06,0.00083344587,0.0001339134,0.00021731731,0.9975926
/home/leo/Documentos/mestrado/DeepWeeds-Mobile/images/20180322-112610-1.jpg,8,8,8,8,1,0.99711835,0.0009260376,2.6494403e-05,2.6286352e-06,0.0016812802,1.6125141e-06,6.546942e-05,4.5841634e-08,0.00017806994,0.99711835
/home/leo/Documentos/mestrado/DeepWeeds-Mobile/images/20171121-084031-1.jpg,6,6,6,6,1,0.99900395,1.6781563e-07,0.00039575816,1.1917706e-09,1.0658524e-06,2.801289e-08,1.5283722e-07,0.99900395,2.682791e-07,0.00059861795
/home/leo/Documentos/mestrado/DeepWeeds-Mobile/images/20180112-074135-1.jpg,8,8,8,8,1,0.63606584,0.17266129,0.0008092189,0.0011251683,0.09993083,0.000115457726,2.7599299e-05,1.6760225e-06,0.08926284,0.63606584
/home/leo/Documentos/mestrado/DeepWeeds-Mobile/images/20170128-102415-0.jpg,8,8,8,8,1,0.58318347,0.0018911737,0.38596672,4.385234e-07,0.02508925,9.730742e-06,1.1065541e-05,0.0011322068,0.0027159448,0.58318347
/home/leo/Documentos/mestrado/DeepWeeds-Mobile/images/20180105-100929-2.jpg,8,8,8,8,1,0.99960554,3.2076184e-09,1.2247789e-07,3.641773e-05,2.2756672e-06,1.7153509e-06,4.1403847e-10,0.00035390657,2.669374e-08,0.99960554
/home/leo/Documentos/mestrado/DeepWeeds-Mobile/images/20171102-121558-3.jpg,2,2,2,2,1,0.99899966,4.0919876e-05,1.8223284e-08,0.99899966,4.0202838e-05,1.5559356e-06,2.1020259e-07,2.856268e-10,8.778335e-07,0.00091659016
/home/leo/Documentos/mestrado/DeepWeeds-Mobile/images/20170920-175019-1.jpg,4,4,4,4,1,0.8668776,0.0019464784,0.00015273517,0.0002800942,0.005822744,0.8668776,5.8404623e-07,1.2582265e-07,0.045158993,0.079760686
/home/leo/Documentos/mestrado/DeepWeeds-Mobile/images/20180109-100555-1.jpg,8,8,8,8,1,0.97703063,0.00062926754,4.106289e-05,0.0005314387,0.018878642,0.002281534,5.4281224e-07,1.3782564e-07,0.00060669804,0.97703063
/home/leo/Documentos/mestrado/DeepWeeds-Mobile/images/20171218-103405-3.jpg,8,8,8,8,1,0.94626087,0.002448821,0.000120686746,0.0022107447,0.03548346,0.009762249,2.7938304e-05,4.0678437e-06,0.0036812641,0.94626087
/home/leo/Documentos/mestrado/DeepWeeds-Mobile/images/20170704-152003-0.jpg,0,0,0,0,1,0.97316587,0.97316587,0.00011499845,1.9396751e-13,7.1533135e-10,2.3293312e-11,4.767894e-06,9.100306e-06,0.0014890855,0.025216198
/home/leo/Documentos/mestrado/DeepWeeds-Mobile/images/20171219-093925-3.jpg,8,8,8,8,1,0.95352864,0.022283493,0.0011894818,0.00011170024,0.006147915,0.00025127977,0.00020581625,3.6755227e-06,0.016277986,0.95352864
/home/leo/Documentos/mestrado/DeepWeeds-Mobile/images/20171025-075917-3.jpg,3,8,3,8,0,0.87647927,1.0309179e-05,5.0131865e-05,9.557371e-14,0.12345184,5.076553e-09,2.6092684e-07,3.0002966e-06,5.048019e-06,0.87647927
/home/leo/Documentos/mestrado/DeepWeeds-Mobile/images/20171025-074659-3.jpg,7,7,7,7,1,0.5736887,0.08858001,0.09173499,2.1956882e-06,0.0042169457,0.00011020659,0.007966375,0.033935342,0.5736887,0.19976522
/home/leo/Documentos/mestrado/DeepWeeds-Mobile/images/20180322-115620-2.jpg,8,8,8,8,1,0.9608424,0.0020088719,0.0011411329,0.0009201883,0.02821848,0.0048870714,7.021016e-05,1.713477e-05,0.0018947591,0.9608424
/home/leo/Documentos/mestrado/DeepWeeds-Mobile/images/20170811-123145-2.jpg,0,0,0,0,1,0.996165,0.996165,0.00021916203,2.9364225e-10,3.4054928e-09,2.880157e-08,7.672959e-06,2.7202077e-08,0.0028402356,0.0007678838
/home/leo/Documentos/mestrado/DeepWeeds-Mobile/images/20170410-124359-0.jpg,0,0,0,0,1,0.92192733,0.92192733,0.002402844,0.0034821585,0.009718307,0.0004557716,0.0002885743,1.3245697e-05,0.030145401,0.031566225
/home/leo/Documentos/mestrado/DeepWeeds-Mobile/images/20171219-112509-2.jpg,8,8,8,8,1,0.99846125,0.0004249652,8.2292127e-07,1.9555987e-06,0.00030456472,6.890919e-06,6.315601e-05,0.00071111764,2.5310646e-05,0.99846125
/home/leo/Documentos/mestrado/DeepWeeds-Mobile/images/20170718-101808-2.jpg,0,7,0,7,0,0.7969799,0.05142867,0.09338528,6.3757585e-07,9.020858e-05,6.299364e-05,0.005974169,0.037222333,0.7969799,0.014855872
/home/leo/Documentos/mestrado/DeepWeeds-Mobile/images/20180125-092159-2.jpg,8,8,8,8,1,0.9931363,0.00013737443,1.13589385e-05,0.000121709796,0.001407383,0.004823704,7.8482276e-07,4.729599e-08,0.00036145895,0.9931363
/home/leo/Documentos/mestrado/DeepWeeds-Mobile/images/20171102-123238-3.jpg,2,2,2,2,1,0.9601049,0.002866621,6.12753e-07,0.9601049,0.001456529,4.6048563e-06,1.0210432e-06,5.9280864e-10,7.185697e-05,0.03549393
/home/leo/Documentos/mestrado/DeepWeeds-Mobile/images/20170705-165136-0.jpg,7,7,7,7,1,0.80218506,0.12112794,0.00876616,6.591637e-05,0.0009887329,0.008391887,0.00053147494,4.4368974e-07,0.80218506,0.057942446
/home/leo/Documentos/mestrado/DeepWeeds-Mobile/images/20171025-090755-1.jpg,3,3,3,3,1,0.6057183,0.011741321,0.0064506917,0.0017828238,0.6057183,0.008458348,5.1461748e-06,7.1048475e-05,0.0173616,0.3484108
/home/leo/Documentos/mestrado/DeepWeeds-Mobile/images/20170210-142523-0.jpg,7,7,7,7,1,0.9834954,0.005595505,0.0010754085,2.17368e-08,1.277957e-09,1.9703347e-10,4.5619376e-07,3.6061991e-09,0.9834954,0.009833302
/home/leo/Documentos/mestrado/DeepWeeds-Mobile/images/20171220-101708-2.jpg,8,8,8,8,1,0.9926622,0.00019635675,0.0012266318,3.5686173e-11,1.537086e-05,1.636338e-09,0.0015391193,0.0043423786,1.796453e-05,0.9926622
/home/leo/Documentos/mestrado/DeepWeeds-Mobile/images/20170210-131552-0.jpg,7,8,7,8,0,0.50310785,0.10114917,0.13938937,3.3967095e-07,5.2185925e-07,2.3548925e-07,1.129025e-05,0.00014084786,0.25620034,0.50310785
/home/leo/Documentos/mestrado/DeepWeeds-Mobile/images/20171219-105039-3.jpg,8,8,8,8,1,0.98114765,0.00907492,0.0008824086,1.5757704e-06,0.005562989,0.00029330564,0.00010283652,8.223133e-05,0.0028519891,0.98114765
/home/leo/Documentos/mestrado/DeepWeeds-Mobile/images/20171109-194100-1.jpg,5,5,5,5,1,0.9797863,0.0025329723,0.00014120564,9.9307555e-11,8.0636295e-07,3.2483798e-09,0.9797863,0.0010261262,0.0001589331,0.016353616
/home/leo/Documentos/mestrado/DeepWeeds-Mobile/images/20180125-100907-1.jpg,8,8,8,8,1,0.9890833,0.0010038441,0.0010869032,2.986695e-08,0.0018380882,7.8001295e-07,0.0018892616,0.004946638,0.0001510426,0.9890833
/home/leo/Documentos/mestrado/DeepWeeds-Mobile/images/20170913-105849-2.jpg,3,3,3,3,1,0.46115983,4.3511795e-05,2.6968331e-05,0.38221887,0.46115983,0.019238658,9.94317e-05,5.3676173e-05,0.00018487558,0.13697422
/home/leo/Documentos/mestrado/DeepWeeds-Mobile/images/20180109-095915-1.jpg,8,8,8,8,1,0.82185817,0.10271004,5.506785e-07,0.005073786,0.068459444,6.0415905e-06,0.00011309573,5.1377097e-10,0.0017788038,0.82185817
/home/leo/Documentos/mestrado/DeepWeeds-Mobile/images/20180125-095419-2.jpg,8,8,8,8,1,0.99884003,7.3011734e-06,4.0412164e-05,5.44724e-08,0.000113974646,1.15222655e-07,0.00013334621,0.0008442663,2.0565909e-05,0.99884003
/home/leo/Documentos/mestrado/DeepWeeds-Mobile/images/20171219-095132-2.jpg,8,8,8,8,1,0.9986401,9.95139e-06,0.00060868764,7.218301e-06,0.00066524657,1.5049355e-05,3.373238e-07,7.4824893e-06,4.5995985e-05,0.9986401
/home/leo/Documentos/mestrado/DeepWeeds-Mobile/images/20170315-085848-0.jpg,8,8,8,8,1,0.996247,0.0014680104,0.0008959722,2.284637e-08,4.3391115e-06,1.5229222e-07,0.0009326331,0.0002635745,0.00018828253,0.996247
/home/leo/Documentos/mestrado/DeepWeeds-Mobile/images/20170718-132718-2.jpg,7,7,7,7,1,0.95487386,0.004425061,0.03650412,3.838091e-08,0.00097250065,1.48739655e-05,4.4323565e-06,0.00090202736,0.95487386,0.0023031011
/home/leo/Documentos/mestrado/DeepWeeds-Mobile/images/20170127-100724-0.jpg,1,1,1,1,1,0.38653895,0.0001954989,0.38653895,1.0648513e-10,8.586645e-06,3.749825e-08,0.0008678492,0.30591413,0.00063670566,0.3058383
/home/leo/Documentos/mestrado/DeepWeeds-Mobile/images/20180112-103948-2.jpg,8,8,8,8,1,0.99863476,0.0009747639,3.1257443e-08,0.00033445368,1.0927367e-06,2.127873e-07,5.477546e-06,1.05274324e-10,4.9227772e-05,0.99863476
/home/leo/Documentos/mestrado/DeepWeeds-Mobile/images/20171205-142930-2.jpg,8,8,8,8,1,0.96836096,0.006428124,0.0022117107,7.086462e-09,0.00014717363,4.0283177e-07,0.02075771,0.00013406729,0.0019599046,0.96836096
/home/leo/Documentos/mestrado/DeepWeeds-Mobile/images/20171220-100138-2.jpg,8,8,8,8,1,0.9806464,0.015254014,3.2641747e-05,1.5244469e-12,6.981345e-07,2.5199381e-10,0.00012027889,0.00067710615,0.0032689816,0.9806464
/home/leo/Documentos/mestrado/DeepWeeds-Mobile/images/20180109-095028-2.jpg,8,8,8,8,1,0.9964522,0.0018463845,0.00020546278,8.080654e-06,0.0008929316,3.5635248e-06,4.1165984e-07,0.00019788413,0.0003930411,0.9964522
/home/leo/Documentos/mestrado/DeepWeeds-Mobile/images/20170728-122058-3.jpg,4,4,4,4,1,0.89097214,0.0029276728,0.00017602679,0.033789005,0.04134033,0.89097214,0.00018621839,0.00022387033,0.0028071196,0.027577637
/home/leo/Documentos/mestrado/DeepWeeds-Mobile/images/20170920-162022-3.jpg,2,4,2,4,0,0.47795737,0.00021216359,5.825142e-05,0.47386584,0.0050437436,0.47795737,8.472052e-06,0.00132591,0.00022088955,0.04130732
/home/leo/Documentos/mestrado/DeepWeeds-Mobile/images/20171218-121857-3.jpg,8,8,8,8,1,0.97024417,5.9752515e-06,1.5326562e-07,1.6408529e-10,3.973115e-05,6.639843e-08,0.029663913,4.584796e-05,1.12555576e-07,0.97024417
/home/leo/Documentos/mestrado/DeepWeeds-Mobile/images/20170127-101203-0.jpg,1,1,1,1,1,0.9760676,3.1186594e-06,0.9760676,2.7170093e-13,1.1698202e-07,1.2013449e-10,1.8025976e-07,0.023394812,1.6789029e-06,0.0005324477
/home/leo/Documentos/mestrado/DeepWeeds-Mobile/images/20171219-095437-3.jpg,8,8,8,8,1,0.9731426,0.020647444,3.5541983e-05,5.521049e-05,0.00086552434,0.00035305912,0.00030371707,3.8523433e-07,0.004596677,0.9731426
/home/leo/Documentos/mestrado/DeepWeeds-Mobile/images/20170714-115554-2.jpg,1,1,1,1,1,0.9209412,0.0215558,0.9209412,1.2057436e-10,1.4666834e-07,1.5629761e-09,1.03342586e-07,0.000192403,0.01061661,0.046693847
/home/leo/Documentos/mestrado/DeepWeeds-Mobile/images/20171113-145805-1.jpg,6,6,6,6,1,0.99473387,2.9098977e-05,0.004580851,1.8699528e-11,1.0913318e-06,3.6915984e-09,4.7974174e-07,0.99473387,2.692227e-05,0.0006276071
/home/leo/Documentos/mestrado/DeepWeeds-Mobile/images/20171220-092229-2.jpg,8,8,8,8,1,0.67703617,0.00036762192,5.263568e-05,3.1448377e-12,2.2893975e-05,2.1212845e-10,0.32223302,0.00027817217,9.436959e-06,0.67703617
/home/leo/Documentos/mestrado/DeepWeeds-Mobile/images/20180119-110526-2.jpg,8,8,8,8,1,0.9578674,0.0031482035,0.015740762,0.0021695432,0.0063877096,0.0014606087,0.0009368904,0.0045146775,0.007774224,0.9578674
/home/leo/Documentos/mestrado/DeepWeeds-Mobile/images/20171218-121638-2.jpg,8,8,8,8,1,0.9980373,0.0004037458,0.00032790858,2.2058669e-11,0.00042653008,3.1258693e-09,0.00060420483,1.3118163e-06,0.00019900764,0.9980373
/home/leo/Documentos/mestrado/DeepWeeds-Mobile/images/20170718-133349-2.jpg,7,7,7,7,1,0.4669626,0.29714534,0.002738243,0.0015754901,0.02937351,5.4089567e-05,0.00032019897,2.150042e-06,0.4669626,0.20182842
/home/leo/Documentos/mestrado/DeepWeeds-Mobile/images/20171102-100741-2.jpg,4,8,4,8,0,0.6068063,0.00043842354,0.0006618741,0.123343736,0.20822561,0.059757784,2.6354587e-06,3.8506925e-05,0.0007252238,0.6068063
/home/leo/Documentos/mestrado/DeepWeeds-Mobile/images/20180322-125512-1.jpg,8,8,8,8,1,0.99754494,0.00057650416,0.0006940386,7.787661e-07,1.0578303e-05,1.1710481e-06,0.00031640838,1.610625e-07,0.00085539464,0.99754494
/home/leo/Documentos/mestrado/DeepWeeds-Mobile/images/20180125-094244-1.jpg,8,8,8,8,1,0.9993238,0.00037369554,8.213077e-06,2.5232112e-07,0.00014900135,6.7017586e-06,5.3253312e-05,2.5612344e-06,8.242742e-05,0.9993238
/home/leo/Documentos/mestrado/DeepWeeds-Mobile/images/20171109-091730-2.jpg,5,5,5,5,1,0.99811256,0.00014986815,0.0006171356,7.608361e-12,4.5799417e-10,5.644529e-12,0.99811256,2.5465111e-05,0.00010256765,0.0009923215
/home/leo/Documentos/mestrado/DeepWeeds-Mobile/images/20180112-075900-2.jpg,8,8,8,8,1,0.8570463,0.030739315,0.022930065,0.0012678329,0.059037097,5.184989e-05,2.2698638e-05,7.350909e-05,0.028831303,0.8570463
/home/leo/Documentos/mestrado/DeepWeeds-Mobile/images/20180112-102837-2.jpg,8,8,8,8,1,0.95934415,0.0006783951,0.0008889341,2.4559324e-06,0.00016826259,2.0482366e-06,0.0004249501,0.00012698388,0.03836372,0.95934415
/home/leo/Documentos/mestrado/DeepWeeds-Mobile/images/20171102-122320-3.jpg,2,2,2,2,1,0.9996408,3.111191e-05,3.261442e-09,0.9996408,0.00012561293,4.5983993e-06,2.2379623e-08,5.3757446e-12,1.2100037e-06,0.00019665976
/home/leo/Documentos/mestrado/DeepWeeds-Mobile/images/20170718-094308-2.jpg,0,0,0,0,1,0.33202723,0.33202723,0.3095006,0.008602245,0.0075640464,0.004016568,0.006152381,0.00022023263,0.16866001,0.16325665
/home/leo/Documentos/mestrado/DeepWeeds-Mobile/images/20170129-103517-0.jpg,8,5,8,5,0,0.45536053,0.06786426,0.16818096,6.841281e-07,7.279332e-05,3.1150278e-06,0.45536053,0.0046408665,0.026678361,0.27719837
/home/leo/Documentos/mestrado/DeepWeeds-Mobile/images/20171212-103306-3.jpg,8,8,8,8,1,0.8193036,0.05601037,0.026877241,3.722865e-07,0.00047053464,5.5334926e-06,0.0020228615,0.068204656,0.02710483,0.8193036
/home/leo/Documentos/mestrado/DeepWeeds-Mobile/images/20180112-073055-2.jpg,8,8,8,8,1,0.97103673,0.000997441,0.018092126,1.2136263e-05,0.0064074276,5.876402e-06,8.115869e-05,2.2870212e-05,0.0033441966,0.97103673
/home/leo/Documentos/mestrado/DeepWeeds-Mobile/images/20171113-095624-3.jpg,5,5,5,5,1,0.6096136,0.028984,0.04191413,5.44944e-08,1.4452027e-05,4.004731e-07,0.6096136,0.007040203,0.013115948,0.2993172
/home/leo/Documentos/mestrado/DeepWeeds-Mobile/images/20180125-092249-2.jpg,8,8,8,8,1,0.9838871,0.00050024927,4.240468e-05,0.0001178482,0.0072575207,0.006894594,1.8633023e-06,3.5281218e-08,0.0012984987,0.9838871
/home/leo/Documentos/mestrado/DeepWeeds-Mobile/images/20180322-114119-1.jpg,8,8,8,8,1,0.7873715,0.0035514466,2.953268e-05,2.4898686e-06,1.0483828e-05,2.739455e-07,0.20804219,0.00012683589,0.0008652079,0.7873715
/home/leo/Documentos/mestrado/DeepWeeds-Mobile/images/20180322-102617-2.jpg,8,8,8,8,1,0.92153895,0.009318564,0.0015121605,0.0005075003,0.0073354254,0.041170333,1.1932964e-05,1.9854969e-07,0.018605012,0.92153895
/home/leo/Documentos/mestrado/DeepWeeds-Mobile/images/20171025-090101-2.jpg,3,3,3,3,1,0.9923792,0.00057376194,9.4954494e-08,0.00037107826,0.9923792,0.0008181902,2.5660338e-09,2.2672288e-11,0.00021847265,0.005639204
/home/leo/Documentos/mestrado/DeepWeeds-Mobile/images/20180109-074844-1.jpg,8,6,8,6,0,0.83473676,7.8030155e-08,8.113865e-05,6.495549e-07,1.5002186e-05,1.3096906e-06,3.5897176e-06,0.83473676,5.920614e-07,0.1651608
/home/leo/Documentos/mestrado/DeepWeeds-Mobile/images/20171102-122541-2.jpg,2,2,2,2,1,0.99993527,2.8419276e-09,8.811537e-11,0.99993527,2.3428079e-07,5.279438e-07,2.5639072e-11,1.3386953e-10,1.0988376e-09,6.394814e-05
/home/leo/Documentos/mestrado/DeepWeeds-Mobile/images/20180112-101055-2.jpg,8,8,8,8,1,0.9929757,0.0059165005,2.7901002e-08,0.0008064859,7.524494e-05,9.483089e-06,1.6996575e-05,1.9674418e-10,0.00019960574,0.9929757
/home/leo/Documentos/mestrado/DeepWeeds-Mobile/images/20171212-102928-3.jpg,8,8,8,8,1,0.9969722,0.00012014029,0.001568253,7.562097e-10,0.0012630895,1.3161318e-07,4.1660414e-07,6.7210436e-07,7.503718e-05,0.9969722
/home/leo/Documentos/mestrado/DeepWeeds-Mobile/images/20180109-080111-1.jpg,8,8,8,8,1,0.94514394,6.178928e-05,7.9519596e-05,0.00033862496,0.0014454764,0.00033843255,8.154377e-06,0.052504305,7.987606e-05,0.94514394
/home/leo/Documentos/mestrado/DeepWeeds-Mobile/images/20170727-140142-1.jpg,4,4,4,4,1,0.98741883,0.0004522649,1.2313346e-07,5.6222216e-05,0.0012174961,0.98741883,9.5168e-09,5.9470436e-11,0.0002461557,0.0106088035
/home/leo/Documentos/mestrado/DeepWeeds-Mobile/images/20170727-114704-3.jpg,4,4,4,4,1,0.5529898,0.006012151,0.0029093071,0.0024630795,0.025544748,0.5529898,0.3084997,0.00015968953,0.00075077434,0.10067072
/home/leo/Documentos/mestrado/DeepWeeds-Mobile/images/20171217-183611-2.jpg,8,8,8,8,1,0.9837203,0.006705438,0.0036052514,7.0645584e-15,1.7728609e-06,8.276034e-12,0.0032308018,2.1516587e-06,0.0027343393,0.9837203
/home/leo/Documentos/mestrado/DeepWeeds-Mobile/images/20170714-115904-1.jpg,1,1,1,1,1,0.9887438,0.0012063396,0.9887438,5.4328826e-09,4.148576e-05,3.5314283e-06,3.602062e-06,9.81277e-06,0.008014761,0.0019766623
/home/leo/Documentos/mestrado/DeepWeeds-Mobile/images/20170630-151331-0.jpg,7,7,7,7,1,0.53166914,0.05107745,0.04030608,0.00014677797,0.0043384754,0.0008968383,3.9682716e-05,0.2196684,0.53166914,0.15185712
/home/leo/Documentos/mestrado/DeepWeeds-Mobile/images/20180109-071252-1.jpg,8,6,8,6,0,0.97666353,0.0006314045,0.00013524125,2.8605012e-07,0.000813575,2.450273e-05,4.8337115e-06,0.97666353,0.00078241643,0.02094425
/home/leo/Documentos/mestrado/DeepWeeds-Mobile/images/20170210-133946-0.jpg,0,0,0,0,1,0.9958477,0.9958477,0.0002805005,3.755607e-09,4.141416e-09,1.6108843e-10,1.18424424e-07,9.911958e-08,0.0015924128,0.002279069
/home/leo/Documentos/mestrado/DeepWeeds-Mobile/images/20180112-070412-2.jpg,8,8,8,8,1,0.4929098,0.34380504,0.0020131287,0.030312227,0.10712726,0.0041165184,3.996805e-05,7.710232e-07,0.019675292,0.4929098
/home/leo/Documentos/mestrado/DeepWeeds-Mobile/images/20180109-074039-1.jpg,8,8,8,8,1,0.8892158,9.09158e-08,8.238415e-07,3.5917317e-05,1.4027047e-05,0.00010188416,2.4733128e-08,0.11063092,5.007881e-07,0.8892158
/home/leo/Documentos/mestrado/DeepWeeds-Mobile/images/20171025-100802-2.jpg,3,3,3,3,1,0.979267,0.0004636508,2.6279242e-06,9.685288e-06,0.979267,5.795046e-07,1.2073446e-06,6.950574e-09,9.515833e-05,0.020160107
/home/leo/Documentos/mestrado/DeepWeeds-Mobile/images/20180119-110931-2.jpg,8,8,8,8,1,0.9837876,0.0003794476,0.0017809548,0.00043294,0.009652618,0.00029408588,3.819802e-05,2.3193008e-05,0.0036110466,0.9837876
/home/leo/Documentos/mestrado/DeepWeeds-Mobile/images/20180322-115245-2.jpg,8,8,8,8,1,0.9802161,0.0023334965,0.01450253,1.1371126e-06,0.00023237838,1.4249094e-05,0.0013701086,4.646872e-05,0.0012835748,0.9802161
/home/leo/Documentos/mestrado/DeepWeeds-Mobile/images/20170217-115656-0.jpg,0,0,0,0,1,0.9916523,0.9916523,0.0017779887,4.639748e-12,2.3323735e-10,2.4376194e-11,1.4161141e-06,3.9268718e-05,0.0006328164,0.005896198
/home/leo/Documentos/mestrado/DeepWeeds-Mobile/images/20170714-110406-1.jpg,1,1,1,1,1,0.5945032,1.0851494e-05,0.5945032,1.7376021e-10,3.113624e-05,3.969891e-07,0.0030720273,0.39125434,0.0028762652,0.008251782
/home/leo/Documentos/mestrado/DeepWeeds-Mobile/images/20171113-172027-0.jpg,6,6,6,6,1,0.9999634,1.779242e-10,2.1751419e-05,4.0579286e-11,2.7335766e-08,8.99754e-10,2.6316251e-11,0.9999634,1.05140494e-10,1.4838682e-05
/home/leo/Documentos/mestrado/DeepWeeds-Mobile/images/20171108-124115-3.jpg,5,7,5,7,0,0.38512078,0.03452933,0.08079538,7.0427454e-08,0.00020536246,2.0398584e-06,0.32541162,0.014865461,0.38512078,0.15906994
/home/leo/Documentos/mestrado/DeepWeeds-Mobile/images/20171102-121121-1.jpg,2,2,2,2,1,0.9941267,0.0006882227,1.2151477e-07,0.9941267,0.00021300807,2.5303332e-05,1.0082002e-07,6.0124056e-10,1.7005099e-05,0.004929565
/home/leo/Documentos/mestrado/DeepWeeds-Mobile/images/20170727-162925-1.jpg,4,4,4,4,1,0.9790126,0.0003330638,3.7064586e-07,0.0021451146,0.0039404756,0.9790126,1.29396e-06,8.0931983e-10,0.001425973,0.013141115
/home/leo/Documentos/mestrado/DeepWeeds-Mobile/images/20170714-144230-3.jpg,1,1,1,1,1,0.9999093,2.647159e-07,0.9999093,4.1886605e-16,1.7137396e-08,7.308089e-12,1.8760494e-08,1.017119e-06,7.423745e-07,8.866886e-05
/home/leo/Documentos/mestrado/DeepWeeds-Mobile/images/20170920-190113-1.jpg,2,2,2,2,1,0.9942082,7.5375155e-08,6.0777927e-10,0.9942082,2.4425257e-05,0.0057552014,4.6553286e-08,3.3236294e-10,3.3700534e-08,1.1970516e-05
/home/leo/Documentos/mestrado/DeepWeeds-Mobile/images/20170811-125920-1.jpg,0,0,0,0,1,0.91999215,0.91999215,0.0027385373,3.0359219e-05,3.350539e-05,0.00012485345,0.010993808,2.6330286e-08,0.04462676,0.02146005
/home/leo/Documentos/mestrado/DeepWeeds-Mobile/images/20170304-130647-0.jpg,7,7,7,7,1,0.9848638,0.007878669,0.0044025187,1.3658233e-11,1.6008858e-08,2.7311884e-08,2.9466725e-07,0.000105868734,0.9848638,0.0027488272
/home/leo/Documentos/mestrado/DeepWeeds-Mobile/images/20171219-095801-3.jpg,8,8,8,8,1,0.7553979,0.18027845,0.00029990094,1.2849346e-06,0.0003791398,0.0001241964,0.0004044801,4.1188525e-07,0.063114144,0.7553979
/home/leo/Documentos/mestrado/DeepWeeds-Mobile/images/20170627-103733-0.jpg,0,0,0,0,1,0.90546256,0.90546256,3.7234495e-05,3.5629975e-05,8.445495e-06,1.6814734e-05,0.00014603428,3.4768544e-09,0.040684603,0.0536087
/home/leo/Documentos/mestrado/DeepWeeds-Mobile/images/20171219-110229-2.jpg,8,8,8,8,1,0.91261935,0.0038186375,0.00018520388,2.3394328e-08,0.0004473447,6.2149006e-08,0.0827176,9.109549e-05,0.000120619676,0.91261935
/home/leo/Documentos/mestrado/DeepWeeds-Mobile/images/20180109-073844-2.jpg,8,8,8,8,1,0.90677184,0.0001717573,0.018294895,9.587318e-10,0.04789589,4.765456e-06,2.170517e-05,0.024288634,0.002550533,0.90677184
/home/leo/Documentos/mestrado/DeepWeeds-Mobile/images/20180125-135555-3.jpg,8,8,8,8,1,0.76322013,0.005973756,0.016336571,0.00088127307,0.08745281,0.07114,8.101204e-06,0.00027564736,0.054711737,0.76322013
/home/leo/Documentos/mestrado/DeepWeeds-Mobile/images/20180109-085526-2.jpg,8,8,8,8,1,0.99102986,1.6765369e-05,0.0032712999,1.3241481e-07,0.0055898055,3.042279e-07,2.7364224e-06,3.5143414e-05,5.3831787e-05,0.99102986
/home/leo/Documentos/mestrado/DeepWeeds-Mobile/images/20170727-165644-1.jpg,4,4,4,4,1,0.98886335,0.0003647221,1.241883e-06,0.0008151003,0.0005882403,0.98886335,1.9067618e-06,7.4274342e-09,0.0035102025,0.0058551985
/home/leo/Documentos/mestrado/DeepWeeds-Mobile/images/20180109-101307-2.jpg,8,8,8,8,1,0.8994943,5.5475903e-06,0.06935746,0.0016901811,0.00046606731,0.00017205639,3.973403e-05,0.028595388,0.00017914732,0.8994943
/home/leo/Documentos/mestrado/DeepWeeds-Mobile/images/20170920-190229-1.jpg,2,2,2,2,1,0.9969976,1.681195e-07,5.8338205e-09,0.9969976,4.346754e-05,0.002903162,1.830795e-08,3.6942522e-09,1.4919085e-07,5.550217e-05
/home/leo/Documentos/mestrado/DeepWeeds-Mobile/images/20180109-071204-2.jpg,8,8,8,8,1,0.948975,2.206585e-07,0.000226654,0.0027852159,6.397601e-05,1.5874002e-05,1.4588832e-06,0.04792917,2.3772805e-06,0.948975
/home/leo/Documentos/mestrado/DeepWeeds-Mobile/images/20180125-093050-1.jpg,8,8,8,8,1,0.9992093,5.4817403e-05,5.319475e-06,4.595724e-07,0.0002180915,0.00040022147,2.83062e-07,7.3776616e-09,0.000111533955,0.9992093
/home/leo/Documentos/mestrado/DeepWeeds-Mobile/images/20171025-094322-2.jpg,3,3,3,3,1,0.5266675,0.0026739556,0.00013121615,0.028694533,0.5266675,0.0057596113,1.2009007e-06,7.242865e-07,0.0013880385,0.43468326
/home/leo/Documentos/mestrado/DeepWeeds-Mobile/images/20180109-073929-1.jpg,8,8,8,8,1,0.6180278,2.388924e-06,6.811593e-06,0.00018388857,0.0011332076,0.0014859155,4.7203088e-08,0.37915376,6.2056997e-06,0.6180278
/home/leo/Documentos/mestrado/DeepWeeds-Mobile/images/20171203-174141-3.jpg,8,8,8,8,1,0.9965161,6.924277e-05,0.0030187953,5.346103e-10,8.1572674e-05,4.558201e-08,1.1600383e-06,7.897538e-05,0.00023412379,0.9965161
/home/leo/Documentos/mestrado/DeepWeeds-Mobile/images/20180322-132325-1.jpg,8,8,8,8,1,0.9974599,0.001217275,5.9450775e-07,0.00022944342,0.0006121953,0.00023606529,6.6517327e-06,9.892968e-10,0.00023789931,0.9974599
/home/leo/Documentos/mestrado/DeepWeeds-Mobile/images/20170920-120333-2.jpg,2,2,2,2,1,0.951718,1.1455646e-05,1.1042595e-06,0.951718,0.000636786,0.04476147,1.2395829e-07,4.547505e-07,1.7663855e-05,0.0028530199
/home/leo/Documentos/mestrado/DeepWeeds-Mobile/images/20171212-100753-3.jpg,8,8,8,8,1,0.99868184,1.1355113e-05,5.2367886e-07,1.9237721e-12,0.0013007192,5.7478244e-09,1.416633e-07,1.4978582e-08,5.4128445e-06,0.99868184
/home/leo/Documentos/mestrado/DeepWeeds-Mobile/images/20170727-162821-1.jpg,4,4,4,4,1,0.97473204,0.0004179621,9.1732164e-07,0.0023443548,0.005301912,0.97473204,1.3545957e-06,3.2876264e-09,0.0019823837,0.015218994
/home/leo/Documentos/mestrado/DeepWeeds-Mobile/images/20180125-100345-2.jpg,8,5,8,5,0,0.90398216,0.00056475366,0.00032994375,1.7327824e-07,8.486216e-05,4.5174684e-07,0.90398216,0.04412353,9.4068484e-05,0.050820105
/home/leo/Documentos/mestrado/DeepWeeds-Mobile/images/20170210-133828-0.jpg,0,0,0,0,1,0.9782187,0.9782187,4.483741e-06,6.117341e-14,2.3026478e-10,5.183987e-12,0.00033500424,2.2656683e-05,0.011846723,0.00957241
/home/leo/Documentos/mestrado/DeepWeeds-Mobile/images/20171218-110407-2.jpg,8,8,8,8,1,0.9122692,0.005991251,0.03502982,2.6671733e-08,0.0004492646,4.3288142e-07,0.026906226,0.015907919,0.0034458402,0.9122692
/home/leo/Documentos/mestrado/DeepWeeds-Mobile/images/20171109-090954-1.jpg,5,5,5,5,1,0.999213,5.48804e-06,6.9002645e-06,1.003676e-13,5.388516e-10,1.5734729e-12,0.999213,3.6896329e-06,2.2183942e-06,0.00076863036
/home/leo/Documentos/mestrado/DeepWeeds-Mobile/images/20170210-142001-0.jpg,7,7,7,7,1,0.99280316,0.0010060653,4.027728e-05,3.5292855e-11,3.86263e-09,1.3030766e-09,1.0485205e-05,7.1473023e-06,0.99280316,0.006132808
/home/leo/Documentos/mestrado/DeepWeeds-Mobile/images/20171109-085205-2.jpg,5,5,5,5,1,0.981358,0.00057891256,0.0014251661,4.1584677e-10,2.2224729e-05,3.9279118e-09,0.981358,0.0012613226,3.4036293e-05,0.015320403
/home/leo/Documentos/mestrado/DeepWeeds-Mobile/images/20171121-081850-2.jpg,6,1,6,1,0,0.5578812,0.0051832055,0.5578812,1.3934564e-06,1.9766354e-05,1.1968383e-05,0.009574624,0.36209056,0.036688786,0.028548509
/home/leo/Documentos/mestrado/DeepWeeds-Mobile/images/20171113-133925-3.jpg,6,6,6,6,1,0.9866675,0.0004268869,0.00052935863,8.929422e-08,0.0004380741,1.0405146e-06,1.7244854e-07,0.9866675,0.00013601551,0.011800746
/home/leo/Documentos/mestrado/DeepWeeds-Mobile/images/20170727-165545-3.jpg,4,4,4,4,1,0.912944,0.004284642,2.3868042e-05,3.49806e-06,0.007906321,0.912944,6.370777e-08,2.1597789e-10,0.04715044,0.027687177
/home/leo/Documentos/mestrado/DeepWeeds-Mobile/images/20170920-094900-2.jpg,2,8,2,8,0,0.6267311,5.9142216e-09,1.315091e-05,0.36104718,2.6189673e-05,3.0189587e-05,1.8365349e-09,0.012152135,1.1117062e-07,0.6267311
/home/leo/Documentos/mestrado/DeepWeeds-Mobile/images/20170727-155543-1.jpg,4,4,4,4,1,0.82304627,0.011638518,0.0003585345,0.055147946,0.005609134,0.82304627,0.0010940448,5.3270387e-06,0.027516698,0.075583555
/home/leo/Documentos/mestrado/DeepWeeds-Mobile/images/20180109-101429-2.jpg,8,8,8,8,1,0.92275614,1.7723346e-06,0.008503402,0.00025785717,0.00033665186,7.540352e-06,4.4596465e-05,0.06803025,6.173523e-05,0.92275614
/home/leo/Documentos/mestrado/DeepWeeds-Mobile/images/20180105-095241-2.jpg,8,6,8,6,0,0.8580975,2.0733007e-07,0.00043552107,4.102067e-09,6.729755e-05,3.0459745e-07,2.4409392e-06,0.8580975,5.8735486e-07,0.14139616
/home/leo/Documentos/mestrado/DeepWeeds-Mobile/images/20171113-124455-1.jpg,6,6,6,6,1,0.9967817,1.8185368e-05,0.0015708482,6.767553e-08,3.03097e-06,3.4903036e-07,5.7896136e-07,0.9967817,9.754e-06,0.0016154186
/home/leo/Documentos/mestrado/DeepWeeds-Mobile/images/20170126-095221-0.jpg,1,1,1,1,1,0.9628929,0.0004496459,0.9628929,5.7632576e-08,0.00084706495,1.8169501e-06,0.0002114012,0.010428684,0.006646844,0.018521592
/home/leo/Documentos/mestrado/DeepWeeds-Mobile/images/20180112-081708-1.jpg,8,3,8,3,0,0.8544623,0.0012009977,3.5354146e-06,0.002576956,0.8544623,0.0086197695,1.791641e-07,8.086906e-09,0.0010602319,0.132076
/home/leo/Documentos/mestrado/DeepWeeds-Mobile/images/20171025-082743-1.jpg,0,8,0,8,0,0.84804094,0.1442893,3.3943232e-07,0.0017018499,0.0016666874,3.2234216e-06,1.9843901e-07,2.3771686e-12,0.0042974898,0.84804094
/home/leo/Documentos/mestrado/DeepWeeds-Mobile/images/20180322-132846-1.jpg,8,1,8,1,0,0.71348745,0.0029377544,0.71348745,3.6203962e-06,0.011517233,0.0015171,0.0025108804,0.0033287657,0.16732417,0.09737299
/home/leo/Documentos/mestrado/DeepWeeds-Mobile/images/20180112-082107-2.jpg,8,8,8,8,1,0.92122304,0.0035544704,0.00030920835,0.040994477,0.030764583,0.0021776056,1.52341145e-05,2.793566e-06,0.000958634,0.92122304
/home/leo/Documentos/mestrado/DeepWeeds-Mobile/images/20171121-091114-3.jpg,6,6,6,6,1,0.9979697,0.0003114754,0.00013151759,8.501377e-13,5.855073e-07,1.2464587e-09,0.0012003598,0.9979697,0.00028263713,0.000103660444
/home/leo/Documentos/mestrado/DeepWeeds-Mobile/images/20171218-110513-2.jpg,8,8,8,8,1,0.99873024,0.0001699923,9.776455e-05,6.091008e-12,2.1059252e-05,2.3821656e-10,0.000956308,6.7188453e-06,1.7986291e-05,0.99873024
/home/leo/Documentos/mestrado/DeepWeeds-Mobile/images/20180112-082845-1.jpg,8,8,8,8,1,0.5955739,0.24081866,6.2004547e-06,0.024024889,0.1279388,3.45919e-05,2.1635221e-06,3.5024916e-10,0.011600882,0.5955739
/home/leo/Documentos/mestrado/DeepWeeds-Mobile/images/20170906-113342-2.jpg,3,3,3,3,1,0.45452505,0.0010779363,0.12185654,2.3206508e-06,0.45452505,0.00011611141,4.879856e-06,0.0122450655,0.0012555693,0.40891653
/home/leo/Documentos/mestrado/DeepWeeds-Mobile/images/20170714-111906-2.jpg,1,1,1,1,1,0.9955767,0.00031249432,0.9955767,3.253296e-10,2.4920303e-06,9.470747e-09,4.4798057e-06,0.0008446847,0.0010963768,0.0021626889
/home/leo/Documentos/mestrado/DeepWeeds-Mobile/images/20180322-131610-1.jpg,8,8,8,8,1,0.95375514,0.00383284,2.4198514e-05,0.021083016,0.0033917793,0.015023053,3.678756e-06,8.066305e-08,0.0028863258,0.95375514
/home/leo/Documentos/mestrado/DeepWeeds-Mobile/images/20170728-145825-1.jpg,4,4,4,4,1,0.9981627,1.5186623e-06,5.8133114e-08,8.266469e-05,8.2552506e-05,0.9981627,5.5553353e-09,1.9022606e-08,4.9496457e-06,0.0016655236
/home/leo/Documentos/mestrado/DeepWeeds-Mobile/images/20180322-104727-1.jpg,8,8,8,8,1,0.8685924,0.022561109,0.0009971355,0.0003292244,0.017235246,0.0008811686,4.609211e-05,1.6930613e-07,0.08935752,0.8685924
/home/leo/Documentos/mestrado/DeepWeeds-Mobile/images/20180109-090446-1.jpg,8,8,8,8,1,0.88464004,0.019638978,0.00028246694,0.00047687328,0.09003615,5.7658813e-06,1.6197315e-05,1.3737144e-06,0.0049020536,0.88464004
/home/leo/Documentos/mestrado/DeepWeeds-Mobile/images/20170714-122636-3.jpg,1,0,1,0,0,0.4347785,0.4347785,0.1315382,1.3310262e-06,3.329762e-05,5.3831576e-05,0.00087279006,0.00032320022,0.33841637,0.09398245
/home/leo/Documentos/mestrado/DeepWeeds-Mobile/images/20180322-113434-1.jpg,8,8,8,8,1,0.9953115,0.002731797,0.0003775687,1.4095693e-05,0.00027028212,4.2076626e-05,0.00042720858,3.0606946e-06,0.00082228234,0.9953115
/home/leo/Documentos/mestrado/DeepWeeds-Mobile/images/20171219-114201-2.jpg,8,8,8,8,1,0.75604373,9.760846e-05,8.4971325e-06,6.360875e-05,0.24329899,0.00018820661,2.895693e-07,2.2093716e-05,0.00027705953,0.75604373
/home/leo/Documentos/mestrado/DeepWeeds-Mobile/images/20180119-110358-2.jpg,8,8,8,8,1,0.95973885,0.0073990915,0.0101183755,1.154664e-05,0.008149797,0.0006783811,5.1760886e-05,0.00047188014,0.013380378,0.95973885
/home/leo/Documentos/mestrado/DeepWeeds-Mobile/images/20171220-101018-1.jpg,8,8,8,8,1,0.9999876,3.5870057e-06,7.124937e-08,4.0894184e-18,9.30127e-08,4.230761e-15,8.562384e-06,1.6701873e-09,1.5256023e-07,0.9999876
/home/leo/Documentos/mestrado/DeepWeeds-Mobile/images/20180112-102811-2.jpg,8,8,8,8,1,0.99635595,0.0030091375,3.4791676e-05,9.97404e-08,5.7774605e-06,3.6302555e-07,2.8535007e-06,6.6407185e-05,0.00052457093,0.99635595
/home/leo/Documentos/mestrado/DeepWeeds-Mobile/images/20180112-080634-2.jpg,8,3,8,3,0,0.69520813,0.0037654685,0.0024297277,0.0078088203,0.69520813,0.014137425,7.1984023e-06,4.9440383e-05,0.0051556793,0.27143812
/home/leo/Documentos/mestrado/DeepWeeds-Mobile/images/20171220-092406-2.jpg,8,8,8,8,1,0.9995697,0.00020856493,7.937327e-06,2.7314542e-07,2.2766137e-05,6.6133107e-06,0.00014950422,3.9536153e-06,3.074333e-05,0.9995697
/home/leo/Documentos/mestrado/DeepWeeds-Mobile/images/20170129-102319-0.jpg,8,8,8,8,1,0.98530143,0.000105819054,0.01332584,3.1877865e-09,0.0006700569,1.1238149e-07,0.00018823492,0.00010735638,0.00030111568,0.98530143
/home/leo/Documentos/mestrado/DeepWeeds-Mobile/images/20170920-173342-1.jpg,4,4,4,4,1,0.69191974,0.009942737,0.00019279802,0.0008108164,0.010328213,0.69191974,8.8102917e-07,3.0029787e-07,0.015542778,0.27126166
/home/leo/Documentos/mestrado/DeepWeeds-Mobile/images/20170920-115912-2.jpg,2,2,2,2,1,0.9709566,6.143115e-06,1.5973114e-07,0.9709566,3.9643593e-05,0.028595582,7.946004e-07,2.9786602e-07,1.6614298e-06,0.00039900094
/home/leo/Documentos/mestrado/DeepWeeds-Mobile/images/20171102-120924-1.jpg,2,2,2,2,1,0.99954146,2.3185405e-07,2.5526403e-09,0.99954146,9.131599e-07,3.7574905e-06,3.4083703e-10,3.2056027e-09,9.055358e-08,0.0004535746
/home/leo/Documentos/mestrado/DeepWeeds-Mobile/images/20180109-103836-2.jpg,8,8,8,8,1,0.95629036,0.01535364,0.00016645076,0.00088286534,0.021301845,0.00086029735,9.426669e-06,2.0271025e-07,0.0051348265,0.95629036
/home/leo/Documentos/mestrado/DeepWeeds-Mobile/images/20171212-102739-3.jpg,8,8,8,8,1,0.99190676,1.0969897e-05,0.005311069,1.3150719e-06,0.0025995555,1.0990358e-05,2.4695407e-07,2.5726544e-05,0.00013335641,0.99190676
/home/leo/Documentos/mestrado/DeepWeeds-Mobile/images/20171109-084949-3.jpg,5,5,5,5,1,0.9977609,6.2660856e-06,1.4575849e-06,3.168194e-11,5.8808234e-09,4.6851006e-11,0.9977609,0.00026711295,1.0891952e-06,0.0019632475
/home/leo/Documentos/mestrado/DeepWeeds-Mobile/images/20170210-130840-0.jpg,7,7,7,7,1,0.9999951,4.7612684e-06,1.687741e-07,3.7538515e-17,3.253462e-17,3.7692337e-17,3.3588718e-09,1.1069418e-12,0.9999951,4.0500836e-08
/home/leo/Documentos/mestrado/DeepWeeds-Mobile/images/20171113-115634-1.jpg,6,6,6,6,1,0.9985505,1.1479999e-06,0.00078930584,3.8824226e-08,9.884493e-07,8.865589e-08,9.805215e-07,0.9985505,4.2824317e-06,0.00065278733
/home/leo/Documentos/mestrado/DeepWeeds-Mobile/images/20170729-090502-2.jpg,4,4,4,4,1,0.94824153,4.7182995e-05,2.7840904e-06,0.030622719,0.0015647364,0.94824153,2.2144438e-06,9.353172e-07,0.00023422936,0.019283595
/home/leo/Documentos/mestrado/DeepWeeds-Mobile/images/20170501-142429-0.jpg,1,1,1,1,1,0.6489727,0.014234614,0.6489727,4.102992e-09,0.0006513002,1.60766e-06,0.00029883688,0.05004045,0.026389133,0.25941136
/home/leo/Documentos/mestrado/DeepWeeds-Mobile/images/20180119-115524-1.jpg,8,8,8,8,1,0.9852882,1.8511902e-05,4.84933e-05,0.0036134315,0.008154463,0.000856143,2.737129e-07,0.0019225841,9.782902e-05,0.9852882
/home/leo/Documentos/mestrado/DeepWeeds-Mobile/images/20171219-094611-3.jpg,8,8,8,8,1,0.98745126,0.0057872874,9.208556e-06,1.1820519e-08,1.4464203e-05,2.9584993e-07,0.0056053707,1.3937946e-05,0.0011180195,0.98745126
/home/leo/Documentos/mestrado/DeepWeeds-Mobile/images/20180109-070837-1.jpg,8,8,8,8,1,0.7659127,1.6555747e-05,0.000108190376,0.00013602557,1.0609126e-05,4.4805423e-05,4.800928e-05,0.2334796,0.00024354467,0.7659127
/home/leo/Documentos/mestrado/DeepWeeds-Mobile/images/20171025-073717-2.jpg,3,8,3,8,0,0.5902512,0.0056950776,0.16318513,1.0863428e-05,0.16750172,0.0010832547,0.000452838,0.0006786448,0.07114133,0.5902512
/home/leo/Documentos/mestrado/DeepWeeds-Mobile/images/20180109-071617-1.jpg,8,8,8,8,1,0.9353031,9.197969e-08,5.3865617e-05,3.4842937e-10,0.0022447766,9.1982207e-07,2.572381e-08,0.062395353,1.8560585e-06,0.9353031
/home/leo/Documentos/mestrado/DeepWeeds-Mobile/images/20171203-173412-3.jpg,8,8,8,8,1,0.9014519,0.020279052,0.037670497,2.414455e-07,0.0060105845,6.1146907e-06,0.0011712903,0.025494732,0.007915583,0.9014519
/home/leo/Documentos/mestrado/DeepWeeds-Mobile/images/20180322-120003-2.jpg,8,8,8,8,1,0.9860972,0.011763551,2.265803e-05,3.436764e-05,0.000720731,2.7849368e-05,0.00040534622,8.6534067e-07,0.00092734164,0.9860972
/home/leo/Documentos/mestrado/DeepWeeds-Mobile/images/20171025-094308-1.jpg,3,3,3,3,1,0.99810046,1.6684195e-05,2.3138296e-07,3.5339963e-06,0.99810046,4.0813233e-05,2.7079242e-10,8.3122766e-11,2.7580718e-05,0.0018106792
/home/leo/Documentos/mestrado/DeepWeeds-Mobile/images/20170128-103446-0.jpg,8,1,8,1,0,0.98046964,1.4093961e-05,0.98046964,2.5412337e-08,0.0005474728,6.5645654e-06,5.0388658e-06,0.0022487498,0.0015447424,0.015163777
/home/leo/Documentos/mestrado/DeepWeeds-Mobile/images/20171203-165115-3.jpg,8,8,8,8,1,0.99622804,0.00042679734,0.0008569218,9.396716e-10,0.002146119,2.3428643e-07,1.2655981e-05,1.6926935e-05,0.000312161,0.99622804
/home/leo/Documentos/mestrado/DeepWeeds-Mobile/images/20180105-093818-2.jpg,8,8,8,8,1,0.98115003,1.5370497e-07,1.0691435e-06,0.01709917,4.2685126e-05,0.00014791908,4.7653894e-09,0.0015567619,2.1864068e-06,0.98115003
/home/leo/Documentos/mestrado/DeepWeeds-Mobile/images/20170729-092410-1.jpg,4,4,4,4,1,0.98178,5.433415e-05,1.0598081e-06,0.00022180229,0.00045345855,0.98178,1.836219e-08,2.4880065e-09,0.0011379585,0.016351378
/home/leo/Documentos/mestrado/DeepWeeds-Mobile/images/20180109-075410-2.jpg,8,8,8,8,1,0.51790506,2.801692e-07,2.3302237e-05,0.00020998831,3.852599e-05,2.7974859e-06,7.9958755e-07,0.4818166,2.6196371e-06,0.51790506
/home/leo/Documentos/mestrado/DeepWeeds-Mobile/images/20180125-131046-3.jpg,8,8,8,8,1,0.999156,8.0215395e-05,0.00035671168,2.6427378e-08,8.614264e-05,2.567031e-05,4.9857795e-06,0.00017415322,0.00011619662,0.999156
/home/leo/Documentos/mestrado/DeepWeeds-Mobile/images/20171219-112328-2.jpg,8,8,8,8,1,0.8379895,0.00011531909,2.6308575e-05,0.011295588,0.038323555,0.111609094,2.1021363e-07,0.0001324952,0.00050797075,0.8379895
/home/leo/Documentos/mestrado/DeepWeeds-Mobile/images/20171113-151310-1.jpg,6,6,6,6,1,0.4942307,0.12586646,0.007355039,0.00024523903,0.023036608,0.001132821,1.205182e-05,0.4942307,0.09236935,0.2557518
/home/leo/Documentos/mestrado/DeepWeeds-Mobile/images/20180322-125223-1.jpg,8,8,8,8,1,0.99946266,0.000109470915,2.608684e-05,5.8409125e-08,5.342625e-07,1.3526706e-07,0.00028174405,1.2727022e-08,0.00011929316,0.99946266
/home/leo/Documentos/mestrado/DeepWeeds-Mobile/images/20171219-095902-2.jpg,8,8,8,8,1,0.9873147,0.0011326215,0.00024913668,7.511347e-06,0.004617488,0.00050684484,1.9419278e-06,2.260574e-06,0.0061675217,0.9873147
/home/leo/Documentos/mestrado/DeepWeeds-Mobile/images/20170920-181851-1.jpg,2,4,2,4,0,0.8351183,1.3240931e-06,5.811193e-08,0.16425489,0.00039307986,0.8351183,2.0956611e-05,4.8969633e-07,4.346267e-07,0.00021042314
/home/leo/Documentos/mestrado/DeepWeeds-Mobile/images/20170217-111104-0.jpg,0,0,0,0,1,0.98826236,0.98826236,3.919582e-08,1.6486205e-14,1.1966407e-13,7.579681e-13,9.0755e-07,4.512293e-10,0.009160509,0.0025761856
/home/leo/Documentos/mestrado/DeepWeeds-Mobile/images/20170727-152727-3.jpg,4,4,4,4,1,0.9624361,8.698451e-05,6.753161e-06,0.014964115,0.003595277,0.9624361,1.6128363e-06,1.2007105e-07,0.00022159968,0.018687395
/home/leo/Documentos/mestrado/DeepWeeds-Mobile/images/20170129-102627-0.jpg,8,1,8,1,0,0.4874971,0.0030912096,0.4874971,7.902846e-08,0.00016097649,6.104997e-07,7.671149e-06,0.028520383,0.0009186187,0.47980347
/home/leo/Documentos/mestrado/DeepWeeds-Mobile/images/20180112-094017-2.jpg,8,8,8,8,1,0.9859336,0.012741795,6.098398e-05,0.00016046668,0.00023665167,1.5802015e-06,2.0842235e-06,7.787361e-06,0.0008550216,0.9859336
/home/leo/Documentos/mestrado/DeepWeeds-Mobile/images/20170610-123247-0.jpg,1,8,1,8,0,0.95957154,0.0013647387,0.012302813,3.1062415e-09,0.016133001,8.1518726e-07,1.339575e-06,0.007151623,0.0034740353,0.95957154
/home/leo/Documentos/mestrado/DeepWeeds-Mobile/images/20170906-133106-1.jpg,3,3,3,3,1,0.94812286,0.0034401468,3.3141907e-06,0.00048038532,0.94812286,0.011057597,5.8763835e-08,1.8956847e-09,0.0019356862,0.034959964
/home/leo/Documentos/mestrado/DeepWeeds-Mobile/images/20171025-090316-1.jpg,3,3,3,3,1,0.9152606,0.003186463,0.0014288896,0.0039580152,0.9152606,0.010765221,8.480463e-06,3.5752877e-05,0.0040840884,0.061272442
/home/leo/Documentos/mestrado/DeepWeeds-Mobile/images/20170729-090216-1.jpg,4,8,4,8,0,0.57456297,0.0081625385,0.00019574113,0.0018920747,0.0152910855,0.3811037,8.819388e-06,5.6144454e-06,0.01877741,0.57456297
/home/leo/Documentos/mestrado/DeepWeeds-Mobile/images/20180112-083355-1.jpg,8,8,8,8,1,0.91901267,0.01794331,0.0013638724,0.00014580264,0.031846795,0.00013468848,8.616067e-07,1.6713109e-07,0.029551927,0.91901267
/home/leo/Documentos/mestrado/DeepWeeds-Mobile/images/20171219-113244-2.jpg,8,8,8,8,1,0.8974001,0.0018979551,0.0004821146,2.3761957e-05,0.09717419,0.00082442345,7.423619e-05,0.0013117745,0.0008116133,0.8974001
/home/leo/Documentos/mestrado/DeepWeeds-Mobile/images/20170210-131230-0.jpg,7,7,7,7,1,0.98565626,0.0075426213,0.00013501338,6.629039e-06,1.6061119e-06,2.1083984e-07,6.1347887e-06,6.540147e-06,0.98565626,0.006645012
/home/leo/Documentos/mestrado/DeepWeeds-Mobile/images/20171220-095456-2.jpg,8,8,8,8,1,0.98957133,0.00053714943,7.380557e-06,1.7863899e-09,0.0001721513,1.96686e-08,0.0096900705,1.4059808e-05,7.941284e-06,0.98957133
/home/leo/Documentos/mestrado/DeepWeeds-Mobile/images/20180112-072148-2.jpg,8,8,8,8,1,0.3929742,0.13972391,0.040399496,0.001567725,0.21829978,0.018414835,0.00015790085,0.00496973,0.18349238,0.3929742
/home/leo/Documentos/mestrado/DeepWeeds-Mobile/images/20180105-094335-3.jpg,8,8,8,8,1,0.9684627,6.5255645e-06,0.009565655,4.843375e-06,0.0005207618,2.248373e-05,1.5210626e-05,0.021323875,7.7801975e-05,0.9684627
/home/leo/Documentos/mestrado/DeepWeeds-Mobile/images/20170627-104603-0.jpg,7,7,7,7,1,0.53230673,0.17377141,0.19118139,2.304969e-08,2.6320636e-06,1.6196887e-07,0.00047965112,0.014584606,0.53230673,0.08767343
/home/leo/Documentos/mestrado/DeepWeeds-Mobile/images/20171113-094803-1.jpg,5,8,5,8,0,0.44581392,0.41263282,0.02783001,6.586864e-08,8.663473e-06,1.591439e-06,0.03818723,0.0030522994,0.07247336,0.44581392
/home/leo/Documentos/mestrado/DeepWeeds-Mobile/images/20170913-105317-2.jpg,3,2,3,2,0,0.78195083,1.9048177e-05,4.88126e-05,0.78195083,0.12316552,0.0053020865,0.000360304,1.5131191e-05,0.0003966412,0.08874173
/home/leo/Documentos/mestrado/DeepWeeds-Mobile/images/20180125-132804-2.jpg,8,8,8,8,1,0.9793813,0.0047331927,0.0031685159,3.6230261e-07,0.0010161316,0.0008995385,3.907877e-05,2.5588076e-06,0.010759174,0.9793813
/home/leo/Documentos/mestrado/DeepWeeds-Mobile/images/20180109-070847-1.jpg,8,6,8,6,0,0.79926574,4.9940448e-11,3.6876123e-08,2.098594e-09,7.159667e-07,6.5933186e-08,3.3044147e-11,0.79926574,5.63472e-10,0.20073341
/home/leo/Documentos/mestrado/DeepWeeds-Mobile/images/20171219-095426-2.jpg,8,8,8,8,1,0.9880122,0.001890221,0.00076000235,7.129963e-05,0.0063667847,0.00011877942,0.00010150251,0.0019092531,0.000769898,0.9880122
/home/leo/Documentos/mestrado/DeepWeeds-Mobile/images/20171025-091144-3.jpg,3,3,3,3,1,0.8067956,0.018424585,0.00012181935,0.024849785,0.8067956,0.0633913,4.1951043e-06,2.6599633e-07,0.0076780478,0.0787344
/home/leo/Documentos/mestrado/DeepWeeds-Mobile/images/20180105-101202-2.jpg,8,8,8,8,1,0.86197215,4.9930946e-07,4.224151e-06,0.00040169674,1.5105915e-05,0.0002834317,5.8677905e-08,0.1373214,1.4793501e-06,0.86197215
/home/leo/Documentos/mestrado/DeepWeeds-Mobile/images/20170913-103518-2.jpg,3,3,3,3,1,0.9859447,7.174041e-07,5.5726453e-08,0.006553854,0.9859447,0.007171094,2.7707224e-06,7.5662165e-10,4.797307e-07,0.00032626948
/home/leo/Documentos/mestrado/DeepWeeds-Mobile/images/20171219-095621-2.jpg,8,8,8,8,1,0.8480314,0.10498683,0.0053966623,2.2933285e-05,0.003924241,0.00046877484,0.005643781,0.01830755,0.013217745,0.8480314
/home/leo/Documentos/mestrado/DeepWeeds-Mobile/images/20180109-092255-2.jpg,8,8,8,8,1,0.9963067,0.00043787478,0.00010638054,3.6076643e-05,8.775729e-05,1.5878031e-05,1.968009e-05,0.0026938238,0.00029564387,0.9963067
/home/leo/Documentos/mestrado/DeepWeeds-Mobile/images/20170630-154315-0.jpg,7,7,7,7,1,0.9930253,0.006113742,0.00032819825,7.2398016e-12,5.4233885e-07,2.4807886e-10,0.00010805267,0.00013222425,0.9930253,0.0002919103
/home/leo/Documentos/mestrado/DeepWeeds-Mobile/images/20180322-104305-1.jpg,8,8,8,8,1,0.91649026,0.05180571,7.7916404e-05,0.0022229673,0.00042613538,0.00012805426,5.1508196e-05,2.5877378e-09,0.028797427,0.91649026
/home/leo/Documentos/mestrado/DeepWeeds-Mobile/images/20180109-090204-2.jpg,8,8,8,8,1,0.9705328,0.005832108,4.4845463e-05,0.002691648,0.020113539,5.2288524e-06,0.00016262883,5.6651874e-07,0.00061660435,0.9705328
/home/leo/Documentos/mestrado/DeepWeeds-Mobile/images/20171121-073533-1.jpg,6,8,6,8,0,0.9565384,1.1590172e-06,0.0033243827,8.384567e-09,0.00012309224,3.84307e-06,4.980733e-07,0.040004317,4.308305e-06,0.9565384
/home/leo/Documentos/mestrado/DeepWeeds-Mobile/images/20170920-171149-3.jpg,2,2,2,2,1,0.9705277,8.567016e-05,0.00012058235,0.9705277,0.00034376048,0.00035165975,1.3068342e-05,0.000103134436,0.0002145619,0.028239867
/home/leo/Documentos/mestrado/DeepWeeds-Mobile/images/20180112-071116-2.jpg,8,8,8,8,1,0.9417319,0.0037100792,0.0012407405,9.2298265e-05,0.028099902,0.017561393,6.4667205e-07,5.0893664e-06,0.007557884,0.9417319
/home/leo/Documentos/mestrado/DeepWeeds-Mobile/images/20171109-073544-3.jpg,5,5,5,5,1,0.9790085,0.0001857424,6.5855847e-06,5.0176627e-13,1.07366304e-07,4.9444077e-12,0.9790085,0.00015834357,0.0014975508,0.019143155
/home/leo/Documentos/mestrado/DeepWeeds-Mobile/images/20171219-112256-3.jpg,8,8,8,8,1,0.83914894,6.772176e-05,1.6815693e-05,0.15504067,0.0034442146,0.0020641908,5.3411235e-08,6.4078818e-06,0.00021094027,0.83914894
/home/leo/Documentos/mestrado/DeepWeeds-Mobile/images/20180322-111544-2.jpg,8,8,8,8,1,0.95431155,0.0062123286,0.00010137823,0.00065255945,0.034852933,0.0016578395,1.5141622e-05,8.779048e-08,0.0021961203,0.95431155
/home/leo/Documentos/mestrado/DeepWeeds-Mobile/images/20171025-092954-1.jpg,3,3,3,3,1,0.5057645,0.00037382802,3.164851e-05,1.5111631e-05,0.5057645,0.0003632602,3.8109235e-08,8.389967e-09,8.253335e-05,0.49336907
/home/leo/Documentos/mestrado/DeepWeeds-Mobile/images/20170410-124122-0.jpg,0,0,0,0,1,0.91743255,0.91743255,4.2127438e-05,1.4235269e-08,9.43427e-10,8.3076784e-10,7.8241914e-07,3.032037e-09,0.04956638,0.032958176
/home/leo/Documentos/mestrado/DeepWeeds-Mobile/images/20171102-120305-2.jpg,2,2,2,2,1,0.99983346,1.4018376e-06,5.084877e-09,0.99983346,7.636215e-06,2.1665733e-06,7.103415e-09,2.9405334e-09,1.3231619e-07,0.00015522035
/home/leo/Documentos/mestrado/DeepWeeds-Mobile/images/20171113-145604-3.jpg,6,6,6,6,1,0.82162225,3.5423213e-06,0.00020794645,0.13560422,9.710992e-06,0.0002533392,2.2745517e-05,0.82162225,6.369062e-06,0.04226992
/home/leo/Documentos/mestrado/DeepWeeds-Mobile/images/20180322-102937-2.jpg,8,8,8,8,1,0.8285148,0.0037258423,0.00012932057,7.1130517e-06,0.16146898,0.0017941203,1.6284413e-06,2.7840208e-08,0.004358141,0.8285148
/home/leo/Documentos/mestrado/DeepWeeds-Mobile/images/20171102-115412-2.jpg,2,8,2,8,0,0.5477653,0.2723238,0.00687819,0.1183059,0.0179122,0.0027398595,0.0013881067,0.00042930304,0.032257356,0.5477653
/home/leo/Documentos/mestrado/DeepWeeds-Mobile/images/20171220-091248-2.jpg,8,8,8,8,1,0.972661,0.00029483935,1.0003507e-06,1.0853277e-12,4.002643e-08,6.773802e-12,0.027034031,4.255439e-08,9.0828335e-06,0.972661
/home/leo/Documentos/mestrado/DeepWeeds-Mobile/images/20170906-105749-2.jpg,3,3,3,3,1,0.3895326,0.000917623,0.0005039803,0.0830793,0.3895326,0.19268018,3.751951e-05,0.0012175889,0.0023365368,0.32969463
/home/leo/Documentos/mestrado/DeepWeeds-Mobile/images/20170727-135035-1.jpg,4,4,4,4,1,0.736555,0.0002920383,0.00011922026,0.039975263,0.20772044,0.736555,0.00018818026,0.00010263785,0.00015185766,0.014895345
/home/leo/Documentos/mestrado/DeepWeeds-Mobile/images/20170706-105522-0.jpg,7,7,7,7,1,0.93888414,0.0055767484,0.050535012,1.4681077e-06,0.0007159467,0.00022381403,0.00061275327,0.00016067522,0.93888414,0.0032893105
/home/leo/Documentos/mestrado/DeepWeeds-Mobile/images/20171025-074611-2.jpg,3,3,3,3,1,0.9865524,0.0007453983,0.0012544395,1.2573977e-06,0.9865524,2.1505846e-06,2.5600983e-08,4.0528876e-06,0.0008815085,0.010558741
/home/leo/Documentos/mestrado/DeepWeeds-Mobile/images/20180119-104346-1.jpg,8,3,8,3,0,0.79647243,3.956778e-06,0.00017253752,1.1005928e-08,0.79647243,2.868479e-07,4.6716883e-07,0.00016479306,4.740358e-05,0.20313814
/home/leo/Documentos/mestrado/DeepWeeds-Mobile/images/20180112-081051-2.jpg,8,8,8,8,1,0.72356844,0.0011410669,0.0030381477,0.13774674,0.09916767,0.02843814,5.926536e-05,0.0020339468,0.0048066718,0.72356844
/home/leo/Documentos/mestrado/DeepWeeds-Mobile/images/20180109-072742-1.jpg,8,8,8,8,1,0.9785672,5.0115506e-08,2.3114286e-07,2.3619882e-07,3.8231152e-05,7.239946e-08,4.6319366e-09,0.021393774,1.2307977e-07,0.9785672
/home/leo/Documentos/mestrado/DeepWeeds-Mobile/images/20170714-133112-1.jpg,1,1,1,1,1,0.9794239,0.00022990716,0.9794239,3.8417987e-08,1.3007711e-05,3.1487113e-07,0.002520714,0.0037429263,0.002428645,0.011640567
/home/leo/Documentos/mestrado/DeepWeeds-Mobile/images/20171025-091225-3.jpg,3,3,3,3,1,0.9301892,0.0005175199,4.282862e-06,0.0029766122,0.9301892,0.04280316,4.9444974e-08,2.220983e-08,0.0005578865,0.022951266
/home/leo/Documentos/mestrado/DeepWeeds-Mobile/images/20180109-095331-1.jpg,8,8,8,8,1,0.7088713,0.2124145,1.4047026e-05,0.03573729,0.033517405,0.0002014877,2.0023788e-05,2.040198e-09,0.009223997,0.7088713
/home/leo/Documentos/mestrado/DeepWeeds-Mobile/images/20170715-115848-1.jpg,1,6,1,6,0,0.65371907,1.0774751e-05,0.34600523,8.346572e-11,6.6336986e-07,1.5284833e-08,1.1060065e-07,0.65371907,9.773225e-06,0.00025437656
/home/leo/Documentos/mestrado/DeepWeeds-Mobile/images/20171113-144510-3.jpg,6,8,6,8,0,0.7436686,0.0023485122,0.001782458,1.013362e-07,2.0859017e-05,1.4657357e-06,0.21953043,0.01928495,0.013362605,0.7436686
/home/leo/Documentos/mestrado/DeepWeeds-Mobile/images/20171212-104332-3.jpg,8,8,8,8,1,0.98234004,0.0056382674,0.0028221798,1.5895128e-07,0.0060376953,1.8042133e-06,0.000119999495,1.704305e-05,0.0030229532,0.98234004
/home/leo/Documentos/mestrado/DeepWeeds-Mobile/images/20171220-092148-2.jpg,8,8,8,8,1,0.99976546,1.4383369e-07,1.1441456e-09,8.786399e-14,3.3860736e-08,9.3695815e-12,0.00023436047,3.1692444e-09,3.0121232e-09,0.99976546
/home/leo/Documentos/mestrado/DeepWeeds-Mobile/images/20180112-101151-2.jpg,8,8,8,8,1,0.9993731,0.00035321285,2.1445211e-07,6.587978e-08,8.785156e-08,3.9364617e-10,8.029812e-05,3.2608671e-09,0.00019296845,0.9993731
/home/leo/Documentos/mestrado/DeepWeeds-Mobile/images/20171205-133817-2.jpg,8,8,8,8,1,0.66934097,0.012568726,0.013703872,1.5114183e-06,0.2617198,9.909345e-05,6.433399e-05,3.3133433e-06,0.042498477,0.66934097
/home/leo/Documentos/mestrado/DeepWeeds-Mobile/images/20170705-161808-0.jpg,7,1,7,1,0,0.39498058,0.3514139,0.39498058,4.4680477e-05,0.002370948,2.4568066e-05,5.4024673e-05,0.00010154639,0.1314669,0.11954278
/home/leo/Documentos/mestrado/DeepWeeds-Mobile/images/20180112-073652-1.jpg,8,8,8,8,1,0.85045797,0.018425133,0.0005116777,0.0009141448,0.11862346,0.0003375719,7.517176e-07,1.6375848e-06,0.010727635,0.85045797
/home/leo/Documentos/mestrado/DeepWeeds-Mobile/images/20180105-095305-2.jpg,8,8,8,8,1,0.95341694,2.7896636e-05,3.9031955e-05,7.142635e-05,0.0007397709,5.9478436e-05,1.913217e-06,0.045608312,3.529281e-05,0.95341694
/home/leo/Documentos/mestrado/DeepWeeds-Mobile/images/20171218-120204-2.jpg,8,8,8,8,1,0.9999218,5.4933345e-05,2.8340918e-07,1.9553544e-13,4.8058387e-06,3.9828013e-10,9.864214e-08,1.003436e-10,1.8084938e-05,0.9999218
/home/leo/Documentos/mestrado/DeepWeeds-Mobile/images/20171102-120624-1.jpg,2,2,2,2,1,0.9768361,0.0020445117,2.0215691e-07,0.9768361,0.0133955255,3.3645763e-05,1.1056297e-08,1.1035308e-09,1.0172081e-05,0.0076797805
/home/leo/Documentos/mestrado/DeepWeeds-Mobile/images/20170920-102119-1.jpg,2,2,2,2,1,0.9992021,5.0973723e-09,1.8943429e-06,0.9992021,2.537345e-05,0.00010525241,5.1417504e-10,3.1283867e-07,4.4257376e-08,0.0006650803
/home/leo/Documentos/mestrado/DeepWeeds-Mobile/images/20170714-122619-3.jpg,1,1,1,1,1,0.5591263,0.10103387,0.5591263,5.285478e-07,9.2250075e-06,4.1348403e-06,1.3325373e-05,0.08536629,0.13171522,0.122731134
/home/leo/Documentos/mestrado/DeepWeeds-Mobile/images/20170920-185502-1.jpg,2,2,2,2,1,0.99929845,3.0009355e-07,1.3483342e-08,0.99929845,6.262133e-05,0.00046488136,1.3540169e-08,7.409317e-09,6.303722e-07,0.00017309655
/home/leo/Documentos/mestrado/DeepWeeds-Mobile/images/20170210-132316-0.jpg,0,0,0,0,1,0.47675142,0.47675142,0.000664463,2.29001e-05,0.0028489376,5.1630293e-05,0.00016918399,8.72821e-05,0.055343106,0.4640611
/home/leo/Documentos/mestrado/DeepWeeds-Mobile/images/20180125-094345-2.jpg,8,8,8,8,1,0.8155103,0.0003681432,4.8207974e-05,0.032411497,0.009616562,0.13858578,2.8096235e-06,7.757778e-05,0.0033791114,0.8155103
/home/leo/Documentos/mestrado/DeepWeeds-Mobile/images/20171102-120725-1.jpg,2,2,2,2,1,0.83532315,0.037824605,1.546255e-05,0.83532315,0.00013996915,4.5855445e-06,5.1142734e-07,1.5730768e-07,0.00015805048,0.12653351
/home/leo/Documentos/mestrado/DeepWeeds-Mobile/images/20170711-120643-0.jpg,0,0,0,0,1,0.48861843,0.48861843,4.024712e-05,0.0002054139,7.995257e-06,6.8732074e-06,0.0007306246,9.744819e-08,0.02292566,0.48746464
/home/leo/Documentos/mestrado/DeepWeeds-Mobile/images/20170405-155554-0.jpg,0,0,0,0,1,0.90537375,0.90537375,9.17345e-05,6.46559e-05,0.0004579878,2.9123844e-06,9.687459e-05,6.2832314e-08,0.026259176,0.067652784
/home/leo/Documentos/mestrado/DeepWeeds-Mobile/images/20171220-083917-2.jpg,8,8,8,8,1,0.9883726,0.0069820327,7.797129e-05,1.3983913e-06,0.00033201725,5.8975847e-06,0.0017303026,2.2742846e-05,0.0024749313,0.9883726
/home/leo/Documentos/mestrado/DeepWeeds-Mobile/images/20170714-111632-2.jpg,1,1,1,1,1,0.9849113,2.5741983e-06,0.9849113,1.7971954e-11,2.8786147e-07,1.0016599e-09,2.1932894e-05,0.01168995,2.0426127e-05,0.0033535464
/home/leo/Documentos/mestrado/DeepWeeds-Mobile/images/20180105-095255-2.jpg,8,8,8,8,1,0.9515733,0.0018742852,0.002714395,3.7788006e-08,0.001775339,6.469697e-06,1.4102025e-05,0.040881667,0.0011603662,0.9515733
/home/leo/Documentos/mestrado/DeepWeeds-Mobile/images/20170920-095752-3.jpg,2,8,2,8,0,0.8084003,2.334843e-05,0.019345043,0.14053498,0.0010615175,0.000582062,3.4834044e-05,0.029883033,0.00013489876,0.8084003
/home/leo/Documentos/mestrado/DeepWeeds-Mobile/images/20180125-133532-2.jpg,8,8,8,8,1,0.99995923,2.183698e-05,1.3823148e-07,1.8712387e-09,6.553593e-08,2.1182299e-08,4.8217844e-06,8.1218976e-11,1.3976199e-05,0.99995923
/home/leo/Documentos/mestrado/DeepWeeds-Mobile/images/20170627-105033-0.jpg,8,8,8,8,1,0.92056566,0.051530145,0.0037005276,7.170738e-07,0.0005521105,1.1714212e-06,0.00032067802,0.000106096086,0.023222785,0.92056566
/home/leo/Documentos/mestrado/DeepWeeds-Mobile/images/20180322-104029-1.jpg,8,8,8,8,1,0.991876,0.005194455,2.699678e-05,1.584887e-05,3.9376286e-05,0.00051780033,1.9969133e-05,7.593379e-09,0.0023095713,0.991876
/home/leo/Documentos/mestrado/DeepWeeds-Mobile/images/20170501-142839-0.jpg,1,1,1,1,1,0.4874606,0.14325951,0.4874606,3.4383014e-08,3.664237e-08,1.7390033e-08,0.10560998,0.0009025438,0.24690843,0.015858883
/home/leo/Documentos/mestrado/DeepWeeds-Mobile/images/20170920-183139-1.jpg,2,2,2,2,1,0.9984061,9.655771e-07,2.0845787e-08,0.9984061,4.9634593e-05,0.0013677928,1.6077138e-07,3.2066936e-08,2.1729297e-06,0.00017316527
/home/leo/Documentos/mestrado/DeepWeeds-Mobile/images/20180109-104749-2.jpg,8,8,8,8,1,0.9799653,0.0012031607,4.3565287e-06,0.0005594827,0.017933728,2.1597369e-05,1.8377985e-05,5.454309e-08,0.0002939241,0.9799653
/home/leo/Documentos/mestrado/DeepWeeds-Mobile/images/20171219-101509-2.jpg,8,8,8,8,1,0.9192168,0.00056536327,4.187626e-05,5.451396e-05,0.07745259,0.000825092,1.0135066e-06,7.446702e-08,0.0018426514,0.9192168
/home/leo/Documentos/mestrado/DeepWeeds-Mobile/images/20170714-143747-1.jpg,1,1,1,1,1,0.99373204,1.1705422e-05,0.99373204,2.0849573e-10,6.2877734e-05,6.120234e-08,4.5002153e-06,0.0034646816,0.00014489911,0.0025792574
/home/leo/Documentos/mestrado/DeepWeeds-Mobile/images/20170714-112957-2.jpg,1,1,1,1,1,0.52927047,0.006738526,0.52927047,2.3557734e-06,0.0003165182,1.076996e-05,0.0024232515,0.31354612,0.012689082,0.13500288
/home/leo/Documentos/mestrado/DeepWeeds-Mobile/images/20171220-090512-2.jpg,8,8,8,8,1,0.9155978,0.042072993,0.0055718,0.0006764906,0.009228322,0.00040784903,0.005067478,0.0055740345,0.0158032,0.9155978
/home/leo/Documentos/mestrado/DeepWeeds-Mobile/images/20180322-114927-2.jpg,8,8,8,8,1,0.9639833,0.00201165,0.01979302,0.00043459723,0.00662536,0.0016933549,4.2865562e-05,4.065373e-06,0.0054117898,0.9639833
/home/leo/Documentos/mestrado/DeepWeeds-Mobile/images/20170913-104008-1.jpg,3,3,3,3,1,0.83221775,0.00021714946,0.003989629,0.00047366784,0.83221775,0.09292845,0.0009150672,0.0010879477,0.00031198256,0.06785835
/home/leo/Documentos/mestrado/DeepWeeds-Mobile/images/20180109-071924-2.jpg,8,8,8,8,1,0.92763215,6.0675643e-06,0.00064880005,0.040243406,0.00048233886,0.00012186587,2.3653272e-05,0.030813362,2.8340299e-05,0.92763215
/home/leo/Documentos/mestrado/DeepWeeds-Mobile/images/20180109-070124-1.jpg,8,8,8,8,1,0.63490945,1.2583122e-05,4.889673e-05,3.695637e-06,0.0024226296,0.00012663183,4.0652276e-06,0.36244652,2.559938e-05,0.63490945
/home/leo/Documentos/mestrado/DeepWeeds-Mobile/images/20180109-070434-1.jpg,8,8,8,8,1,0.92845,1.0712028e-07,7.8370576e-08,1.7036026e-06,2.309178e-05,2.9014598e-06,7.178281e-09,0.0715221,7.611992e-08,0.92845
/home/leo/Documentos/mestrado/DeepWeeds-Mobile/images/20171113-144252-3.jpg,6,6,6,6,1,0.9999654,6.264241e-08,2.3466917e-05,5.0733258e-11,6.544215e-08,8.8984853e-10,1.6550652e-09,0.9999654,1.3318604e-08,1.0878194e-05
/home/leo/Documentos/mestrado/DeepWeeds-Mobile/images/20171113-135152-1.jpg,6,6,6,6,1,0.94898015,0.03481652,0.010242019,1.02016624e-10,6.945419e-08,4.155714e-09,1.6149028e-05,0.94898015,0.0005647569,0.0053802542
/home/leo/Documentos/mestrado/DeepWeeds-Mobile/images/20170217-150454-0.jpg,0,8,0,8,0,0.73646086,0.07199822,0.00085645454,5.316193e-10,3.3857348e-05,3.6060104e-07,0.13135704,0.034233082,0.025060134,0.73646086
/home/leo/Documentos/mestrado/DeepWeeds-Mobile/images/20171205-134345-2.jpg,8,8,8,8,1,0.91796416,0.05568723,0.005212995,9.7307595e-05,0.00058878615,3.1451094e-05,9.221986e-05,0.009233727,0.011092144,0.91796416
/home/leo/Documentos/mestrado/DeepWeeds-Mobile/images/20180105-091755-2.jpg,8,8,8,8,1,0.9064204,3.416409e-06,0.00089104485,3.9317334e-12,1.5654466e-07,5.179026e-10,0.085481755,0.007199314,3.9335982e-06,0.9064204
/home/leo/Documentos/mestrado/DeepWeeds-Mobile/images/20170906-113410-4.jpg,3,8,3,8,0,0.5055489,0.15263025,4.254092e-05,0.029055687,0.24583505,0.011750435,3.121563e-05,4.6493565e-08,0.05510594,0.5055489
/home/leo/Documentos/mestrado/DeepWeeds-Mobile/images/20180112-073337-2.jpg,8,8,8,8,1,0.45093736,0.010569185,1.0768197e-05,0.007917851,0.43177798,0.084689684,3.3223404e-07,3.1008636e-09,0.014096884,0.45093736
/home/leo/Documentos/mestrado/DeepWeeds-Mobile/images/20180322-102751-1.jpg,8,8,8,8,1,0.9084734,0.031373564,0.004044145,4.130111e-05,0.00023720975,0.0009769961,0.00011218554,2.427805e-07,0.054740965,0.9084734
/home/leo/Documentos/mestrado/DeepWeeds-Mobile/images/20171121-074740-1.jpg,6,6,6,6,1,0.98542225,2.956438e-09,0.009496906,6.1959843e-12,4.6083645e-05,9.608159e-08,1.16104e-08,0.98542225,1.1677299e-07,0.005034477
/home/leo/Documentos/mestrado/DeepWeeds-Mobile/images/20171109-093053-3.jpg,5,5,5,5,1,0.9973023,2.160024e-05,1.3462726e-06,4.029089e-12,4.912405e-08,9.840628e-11,0.9973023,4.6011983e-06,6.553416e-07,0.0026694194
/home/leo/Documentos/mestrado/DeepWeeds-Mobile/images/20171219-095320-2.jpg,8,8,8,8,1,0.85537153,0.0062156464,0.010423788,2.5172346e-07,0.00025104632,8.2593795e-07,0.12404252,0.0012487287,0.0024456512,0.85537153
/home/leo/Documentos/mestrado/DeepWeeds-Mobile/images/20170729-093442-2.jpg,4,4,4,4,1,0.99266,4.062396e-05,4.2779882e-07,1.569222e-05,0.0007313223,0.99266,1.4592537e-07,1.4379384e-10,0.004134661,0.0024170224
/home/leo/Documentos/mestrado/DeepWeeds-Mobile/images/20180112-092114-2.jpg,8,8,8,8,1,0.9751589,0.01811362,2.7316862e-06,0.005362021,0.00066902867,6.243045e-05,3.9486963e-06,1.4397121e-09,0.0006272583,0.9751589
/home/leo/Documentos/mestrado/DeepWeeds-Mobile/images/20180112-103511-2.jpg,8,8,8,8,1,0.9860424,4.9871738e-05,0.0030623053,0.005325624,0.00023443563,6.695442e-05,2.6411715e-05,0.0047936924,0.00039818665,0.9860424
/home/leo/Documentos/mestrado/DeepWeeds-Mobile/images/20180109-105815-1.jpg,8,8,8,8,1,0.86686987,0.0017279458,1.9314866e-05,5.695675e-05,0.13047929,8.647803e-06,0.00020154883,7.722531e-06,0.00062864774,0.86686987
/home/leo/Documentos/mestrado/DeepWeeds-Mobile/images/20180112-102634-2.jpg,8,8,8,8,1,0.9998945,6.480601e-05,7.677888e-08,4.4037874e-06,1.3662901e-07,2.9612922e-08,3.337617e-07,3.0452806e-12,3.5733414e-05,0.9998945
/home/leo/Documentos/mestrado/DeepWeeds-Mobile/images/20171220-092804-2.jpg,8,8,8,8,1,0.9487509,2.8362929e-06,7.77443e-07,7.851258e-12,1.7593452e-06,5.8780275e-10,0.05124122,2.7896663e-08,2.4467402e-06,0.9487509
/home/leo/Documentos/mestrado/DeepWeeds-Mobile/images/20180105-093035-2.jpg,8,8,8,8,1,0.9994749,3.0277827e-09,5.251276e-08,0.00014830338,5.0418694e-06,2.8802997e-05,1.7538732e-10,0.00034278483,1.399082e-08,0.9994749
/home/leo/Documentos/mestrado/DeepWeeds-Mobile/images/20171121-085745-1.jpg,6,6,6,6,1,0.9937411,3.4580615e-05,1.3019516e-05,6.3121846e-08,5.8565192e-06,4.914022e-08,1.1945947e-08,0.9937411,3.3244847e-05,0.006171997
/home/leo/Documentos/mestrado/DeepWeeds-Mobile/images/20170913-121615-1.jpg,5,5,5,5,1,0.9718651,7.1344766e-05,6.7577284e-06,0.0014209428,0.023090655,0.0028277612,0.9718651,2.0525447e-06,2.9981504e-05,0.0006853472
/home/leo/Documentos/mestrado/DeepWeeds-Mobile/images/20170410-124556-0.jpg,0,8,0,8,0,0.790583,0.11535255,6.175504e-06,0.003212237,0.08135494,3.096679e-05,3.885975e-06,1.2495984e-09,0.009456121,0.790583
/home/leo/Documentos/mestrado/DeepWeeds-Mobile/images/20180112-075717-2.jpg,8,2,8,2,0,0.46837088,0.0033830192,0.00058880163,0.46837088,0.17286973,0.07680606,8.824354e-06,1.3522051e-05,0.00157209,0.27638704
/home/leo/Documentos/mestrado/DeepWeeds-Mobile/images/20171217-184806-2.jpg,8,8,8,8,1,0.94889504,0.0022403277,0.010975874,1.541979e-10,1.297309e-05,5.8578924e-09,0.035675373,0.0018311345,0.00036930913,0.94889504
/home/leo/Documentos/mestrado/DeepWeeds-Mobile/images/20180119-113809-2.jpg,8,8,8,8,1,0.9869286,0.0050089615,0.001637431,6.5192176e-09,4.5077493e-05,9.682756e-08,0.0052015986,1.8110624e-05,0.0011601063,0.9869286
/home/leo/Documentos/mestrado/DeepWeeds-Mobile/images/20171102-104906-1.jpg,2,8,2,8,0,0.32527462,0.024509301,0.00023983397,0.2959706,0.28088152,0.0678322,3.3046654e-05,1.4448804e-05,0.0052444143,0.32527462
/home/leo/Documentos/mestrado/DeepWeeds-Mobile/images/20180105-091805-2.jpg,8,8,8,8,1,0.9880987,0.00037341195,0.0005060804,1.1756681e-07,0.0016237999,1.42347735e-05,0.00093900115,0.008159702,0.00028493532,0.9880987
/home/leo/Documentos/mestrado/DeepWeeds-Mobile/images/20170210-145007-0.jpg,7,0,7,0,0,0.506977,0.506977,9.137507e-05,4.818527e-09,2.3928033e-09,5.2296634e-09,2.2782611e-05,4.0957474e-08,0.4851182,0.0077905715
/home/leo/Documentos/mestrado/DeepWeeds-Mobile/images/20180112-073011-1.jpg,8,8,8,8,1,0.90434283,0.0015225721,0.008190738,3.671245e-05,0.0020994828,0.029148052,4.5014673e-07,5.154126e-07,0.054658715,0.90434283
/home/leo/Documentos/mestrado/DeepWeeds-Mobile/images/20170630-151031-0.jpg,7,7,7,7,1,0.9755486,0.024256533,9.083534e-05,2.4441284e-11,4.8683058e-09,5.370797e-09,1.3937068e-05,1.31353845e-05,0.9755486,7.689689e-05
/home/leo/Documentos/mestrado/DeepWeeds-Mobile/images/20171220-100413-2.jpg,8,8,8,8,1,0.98942554,0.0028606406,0.0045304815,2.4115978e-12,3.3159526e-05,5.391612e-10,0.0003707797,0.00023941413,0.0025400263,0.98942554
/home/leo/Documentos/mestrado/DeepWeeds-Mobile/images/20170714-150055-1.jpg,1,1,1,1,1,0.9992499,7.397329e-07,0.9992499,5.97308e-12,8.8173886e-07,5.2887633e-10,2.1934112e-09,0.0005862755,1.6972589e-06,0.00016049675
/home/leo/Documentos/mestrado/DeepWeeds-Mobile/images/20180105-092717-2.jpg,8,8,8,8,1,0.9329933,0.0013619618,0.0029042119,1.7433309e-05,0.018828627,2.6572103e-05,0.00031295125,0.040065154,0.0034898405,0.9329933
/home/leo/Documentos/mestrado/DeepWeeds-Mobile/images/20170803-131528-1.jpg,0,1,0,1,0,0.6847058,0.05393942,0.6847058,1.8568917e-06,0.00012916386,2.7039332e-05,0.00057212386,0.001460872,0.2043146,0.0548492
/home/leo/Documentos/mestrado/DeepWeeds-Mobile/images/20170729-085707-2.jpg,4,4,4,4,1,0.7686083,0.0014785987,0.00084907317,0.0001021485,0.028212735,0.7686083,7.761805e-07,6.774713e-07,0.12384318,0.076904565
/home/leo/Documentos/mestrado/DeepWeeds-Mobile/images/20170811-130122-1.jpg,0,0,0,0,1,0.7325506,0.7325506,0.00020953696,0.002227218,0.0002609568,6.576405e-05,1.8356797e-05,8.8523375e-09,0.1029943,0.16167329
/home/leo/Documentos/mestrado/DeepWeeds-Mobile/images/20171109-073310-1.jpg,5,5,5,5,1,0.99994254,6.0552615e-08,2.9918372e-08,1.1902212e-18,1.293532e-13,2.6518794e-16,0.99994254,3.4023387e-06,2.5657007e-08,5.400585e-05
/home/leo/Documentos/mestrado/DeepWeeds-Mobile/images/20170714-120336-3.jpg,1,1,1,1,1,0.9990859,2.7202848e-05,0.9990859,6.284754e-14,3.0528405e-08,5.2491442e-11,1.6946715e-09,0.0007979156,2.4833045e-05,6.4097054e-05
/home/leo/Documentos/mestrado/DeepWeeds-Mobile/images/20170217-104234-0.jpg,0,0,0,0,1,0.9983663,0.9983663,6.4398066e-08,1.0529695e-15,2.4482454e-12,4.499679e-13,6.5125305e-06,4.9276525e-09,0.0013987633,0.0002283501
/home/leo/Documentos/mestrado/DeepWeeds-Mobile/images/20170129-102700-0.jpg,8,8,8,8,1,0.8344826,0.018798279,0.043778837,7.8362133e-10,0.0007200903,6.4107684e-07,2.2728843e-06,3.86643e-05,0.102178656,0.8344826
/home/leo/Documentos/mestrado/DeepWeeds-Mobile/images/20180105-101032-3.jpg,8,8,8,8,1,0.98088866,1.9382234e-08,8.280242e-07,0.01817431,0.00029226058,0.00043711925,4.2963224e-09,0.00020635159,5.3136813e-07,0.98088866
/home/leo/Documentos/mestrado/DeepWeeds-Mobile/images/20171219-114123-2.jpg,8,8,8,8,1,0.9354613,0.00033107054,5.3403037e-05,0.03886234,0.012648174,0.010749774,3.8008134e-06,0.00030123338,0.0015888992,0.9354613
/home/leo/Documentos/mestrado/DeepWeeds-Mobile/images/20170707-114040-0.jpg,0,7,0,7,0,0.36122644,0.059505288,0.00017370115,0.008458995,0.30290693,0.23497352,5.33299e-06,4.8114194e-05,0.36122644,0.03270167
/home/leo/Documentos/mestrado/DeepWeeds-Mobile/images/20170207-154442-0.jpg,0,0,0,0,1,0.45959002,0.45959002,0.4364325,1.4780719e-05,0.00011233672,5.4120923e-05,0.0014404504,0.0002170821,0.086825,0.0153136635
/home/leo/Documentos/mestrado/DeepWeeds-Mobile/images/20180109-103257-2.jpg,8,8,8,8,1,0.9836682,0.0018231561,3.0243784e-05,0.0077928957,0.0062917606,6.9214315e-05,0.00016249916,5.0986077e-06,0.00015697595,0.9836682
/home/leo/Documentos/mestrado/DeepWeeds-Mobile/images/20180109-074141-2.jpg,8,8,8,8,1,0.98234254,0.014864282,0.0005310083,7.567493e-12,7.6012434e-08,4.9652554e-10,0.0007971386,0.00024795957,0.0012169858,0.98234254
/home/leo/Documentos/mestrado/DeepWeeds-Mobile/images/20171218-105238-3.jpg,8,8,8,8,1,0.908455,0.0018869512,5.9849995e-06,2.4856584e-12,1.7307156e-07,8.042347e-11,0.08882272,5.5355547e-05,0.0007738395,0.908455
/home/leo/Documentos/mestrado/DeepWeeds-Mobile/images/20170920-155944-3.jpg,2,8,2,8,0,0.66653866,0.025681539,0.00016912055,0.28722888,0.0024049433,0.0076504205,9.9351564e-05,1.6946282e-06,0.010225435,0.66653866
/home/leo/Documentos/mestrado/DeepWeeds-Mobile/images/20171205-143421-2.jpg,8,8,8,8,1,0.75408113,5.099373e-06,3.2653513e-06,2.4142923e-12,3.068491e-06,6.6671246e-10,0.24589789,9.0977965e-06,4.3495936e-07,0.75408113
/home/leo/Documentos/mestrado/DeepWeeds-Mobile/images/20171109-085336-3.jpg,5,5,5,5,1,0.950334,1.2540574e-05,2.859211e-05,7.6780426e-14,2.312573e-05,1.2454104e-11,0.950334,7.327458e-05,6.7750585e-07,0.049527824
/home/leo/Documentos/mestrado/DeepWeeds-Mobile/images/20171025-095009-1.jpg,3,8,3,8,0,0.8756004,0.045362484,0.004347618,1.2644467e-06,0.057425078,3.7033603e-06,3.1752512e-05,0.0011925511,0.016035208,0.8756004
/home/leo/Documentos/mestrado/DeepWeeds-Mobile/images/20180322-130923-1.jpg,8,8,8,8,1,0.9988293,0.00012694529,0.00033428665,0.00034912422,9.857277e-05,0.00015232185,5.6154357e-05,5.285832e-06,4.816012e-05,0.9988293
/home/leo/Documentos/mestrado/DeepWeeds-Mobile/images/20180105-095534-3.jpg,8,8,8,8,1,0.8833278,2.3202231e-09,8.7236614e-08,8.6834007e-07,1.0605305e-05,1.0062796e-07,1.1006863e-09,0.1166605,6.4065e-09,0.8833278
/home/leo/Documentos/mestrado/DeepWeeds-Mobile/images/20180322-113356-2.jpg,8,8,8,8,1,0.9207044,0.008278442,0.0003978279,0.0024889584,0.022379894,0.042961832,2.3504137e-05,2.7413157e-07,0.0027646418,0.9207044
/home/leo/Documentos/mestrado/DeepWeeds-Mobile/images/20171212-101621-3.jpg,8,8,8,8,1,0.8386967,0.045624606,0.09607491,4.8831034e-06,0.012905769,4.4926687e-06,9.413026e-05,0.0014499451,0.0051444867,0.8386967
/home/leo/Documentos/mestrado/DeepWeeds-Mobile/images/20171025-083335-3.jpg,3,3,3,3,1,0.80929846,0.0013203913,1.0136611e-05,0.0024888548,0.80929846,0.0037180076,1.7653157e-07,1.8186128e-08,0.0013746558,0.1817893
/home/leo/Documentos/mestrado/DeepWeeds-Mobile/images/20171113-131134-1.jpg,6,6,6,6,1,0.99885523,4.7166463e-07,0.00043998146,6.2320024e-11,3.4207771e-06,3.6266933e-08,2.507876e-08,0.99885523,1.3507486e-06,0.00069953693
/home/leo/Documentos/mestrado/DeepWeeds-Mobile/images/20170811-113519-1.jpg,0,0,0,0,1,0.9379228,0.9379228,0.0060485825,0.0010767934,0.00027686142,0.00017355179,0.012986064,3.0051027e-05,0.011896691,0.029588718
/home/leo/Documentos/mestrado/DeepWeeds-Mobile/images/20180322-114650-1.jpg,8,8,8,8,1,0.9971564,0.00059109874,0.00028618757,1.0190026e-06,0.0017232117,6.1096625e-06,0.00010989734,1.0151564e-05,0.00011588724,0.9971564
/home/leo/Documentos/mestrado/DeepWeeds-Mobile/images/20180105-095735-2.jpg,8,8,8,8,1,0.9187871,3.1911788e-06,3.2543644e-06,0.0027307305,0.00011725986,0.0046870406,8.7985103e-07,0.0736675,3.039059e-06,0.9187871
/home/leo/Documentos/mestrado/DeepWeeds-Mobile/images/20180112-101425-1.jpg,8,8,8,8,1,0.48152652,0.3575399,0.048632056,0.0003435817,0.008547284,5.862611e-05,0.00021021425,0.03965443,0.06348745,0.48152652
/home/leo/Documentos/mestrado/DeepWeeds-Mobile/images/20171220-084732-3.jpg,8,0,8,0,0,0.6321662,0.6321662,0.004162931,2.455116e-08,7.623583e-07,4.151847e-06,0.00018815936,6.584009e-05,0.26766554,0.09574635
/home/leo/Documentos/mestrado/DeepWeeds-Mobile/images/20170913-095836-2.jpg,3,3,3,3,1,0.6109791,0.0006247848,1.3334215e-05,0.30727684,0.6109791,0.06363082,0.00018044365,1.805767e-06,8.27804e-05,0.017210064
/home/leo/Documentos/mestrado/DeepWeeds-Mobile/images/20180109-090737-2.jpg,8,8,8,8,1,0.95743984,0.0018703305,0.00041941484,9.6119575e-06,0.035036556,5.924746e-07,0.0043838066,4.315202e-05,0.00079676695,0.95743984
/home/leo/Documentos/mestrado/DeepWeeds-Mobile/images/20171113-150735-3.jpg,6,6,6,6,1,0.83509445,2.4735255e-05,0.00027249695,4.4769257e-07,0.00026285168,9.145859e-06,4.455323e-05,0.83509445,2.6806623e-05,0.16426462
/home/leo/Documentos/mestrado/DeepWeeds-Mobile/images/20180119-115044-1.jpg,8,8,8,8,1,0.5810249,0.1949631,0.0010606152,0.12021988,0.0050845053,0.009649602,0.00027366035,3.838384e-05,0.08768538,0.5810249
/home/leo/Documentos/mestrado/DeepWeeds-Mobile/images/20171113-132425-1.jpg,6,6,6,6,1,0.9911137,4.232798e-05,0.002287063,2.1268085e-10,1.2694568e-05,1.9988342e-08,5.0278445e-06,0.9911137,9.477519e-06,0.0065296483
/home/leo/Documentos/mestrado/DeepWeeds-Mobile/images/20170727-130417-1.jpg,4,4,4,4,1,0.91070604,1.7998132e-06,4.0418146e-07,0.08828979,6.555123e-05,0.91070604,1.3176225e-07,4.929941e-07,8.414616e-07,0.00093504385
/home/leo/Documentos/mestrado/DeepWeeds-Mobile/images/20170811-110642-2.jpg,0,0,0,0,1,0.9528687,0.9528687,0.00010000568,1.1245436e-07,2.4817234e-06,1.0991134e-06,0.0036636891,1.36655e-05,0.026086189,0.01726414
/home/leo/Documentos/mestrado/DeepWeeds-Mobile/images/20171102-094731-1.jpg,4,3,4,3,0,0.6052282,0.0011051357,0.0050715865,6.885829e-05,0.6052282,0.01843145,4.656008e-07,2.7577178e-05,0.0016302308,0.36843657
/home/leo/Documentos/mestrado/DeepWeeds-Mobile/images/20171203-164956-3.jpg,8,8,8,8,1,0.9965359,5.0113507e-05,0.001844447,9.222819e-08,0.001283364,2.385234e-06,1.1197344e-06,1.8650659e-05,0.00026388364,0.9965359
/home/leo/Documentos/mestrado/DeepWeeds-Mobile/images/20171113-145415-3.jpg,6,6,6,6,1,0.9983512,7.9629723e-07,4.1100398e-06,3.8912994e-08,5.5206506e-06,7.1653255e-07,8.29445e-08,0.9983512,5.939856e-07,0.0016369444
/home/leo/Documentos/mestrado/DeepWeeds-Mobile/images/20170811-114958-2.jpg,0,0,0,0,1,0.49114424,0.49114424,0.0003404291,5.491685e-05,3.592534e-05,9.13556e-06,0.06130561,4.3499895e-05,0.013178077,0.4338882
/home/leo/Documentos/mestrado/DeepWeeds-Mobile/images/20180125-102010-2.jpg,8,3,8,3,0,0.6695996,4.0037853e-06,2.1305565e-05,0.0010904196,0.6695996,0.000690352,7.496595e-06,0.0005411261,1.04203755e-05,0.32803532
/home/leo/Documentos/mestrado/DeepWeeds-Mobile/images/20171219-110233-3.jpg,8,8,8,8,1,0.98405945,0.0035215628,0.0041183196,1.4604585e-07,0.0006968632,7.493843e-05,5.9031932e-05,0.00014720518,0.0073223645,0.98405945
/home/leo/Documentos/mestrado/DeepWeeds-Mobile/images/20180109-074203-1.jpg,8,8,8,8,1,0.9816125,1.9924291e-06,2.801112e-06,0.017218292,0.00014871234,0.00012056733,1.5952702e-07,0.00088262756,1.2355763e-05,0.9816125
/home/leo/Documentos/mestrado/DeepWeeds-Mobile/images/20170714-141527-3.jpg,1,1,1,1,1,0.8423418,2.622463e-05,0.8423418,2.3412465e-06,0.0005281482,0.000103503226,0.00027466763,0.04334746,0.0006201831,0.11275574
/home/leo/Documentos/mestrado/DeepWeeds-Mobile/images/20170913-100850-1.jpg,3,3,3,3,1,0.9645484,0.00016662054,1.8699156e-05,0.0003753926,0.9645484,0.0034767315,0.025848001,4.694384e-08,9.528879e-06,0.005556548
/home/leo/Documentos/mestrado/DeepWeeds-Mobile/images/20180109-100358-2.jpg,8,8,8,8,1,0.99318093,1.7801605e-05,0.00022733919,0.0027485597,0.0027214882,0.0010553824,4.0550706e-08,9.205796e-06,3.9183542e-05,0.99318093
/home/leo/Documentos/mestrado/DeepWeeds-Mobile/images/20170811-122637-2.jpg,0,0,0,0,1,0.8510879,0.8510879,0.002430581,1.176955e-05,4.3822843e-06,0.0013879159,3.0471403e-05,1.485143e-08,0.108280905,0.03676605
/home/leo/Documentos/mestrado/DeepWeeds-Mobile/images/20170501-143529-0.jpg,1,1,1,1,1,0.80684876,0.014013003,0.80684876,8.746548e-07,7.04138e-05,1.22847705e-05,0.004376068,0.026054347,0.03344269,0.11518164
/home/leo/Documentos/mestrado/DeepWeeds-Mobile/images/20170727-171958-1.jpg,4,4,4,4,1,0.7299975,0.0063157063,0.00011159693,0.00017243621,0.023181073,0.7299975,8.576116e-08,2.309731e-07,0.046875156,0.19334625
/home/leo/Documentos/mestrado/DeepWeeds-Mobile/images/20171025-075340-2.jpg,3,3,3,3,1,0.972158,0.0003157196,0.00040031265,2.6652955e-09,0.972158,5.509396e-07,1.2053421e-07,1.521383e-08,0.0008385838,0.026286645
/home/leo/Documentos/mestrado/DeepWeeds-Mobile/images/20170727-125856-1.jpg,4,2,4,2,0,0.77227944,2.8483505e-06,1.310235e-07,0.77227944,0.0041004946,0.22105983,9.298008e-07,7.433545e-08,9.373942e-06,0.0025469307
/home/leo/Documentos/mestrado/DeepWeeds-Mobile/images/20170729-154133-3.jpg,4,4,4,4,1,0.9203553,0.00029821272,4.714974e-05,0.028598895,0.0094678905,0.9203553,0.0014300274,3.2803914e-07,1.0686723e-05,0.03979141
/home/leo/Documentos/mestrado/DeepWeeds-Mobile/images/20180105-100126-2.jpg,8,8,8,8,1,0.98016995,8.784173e-09,4.4620947e-08,0.019677328,3.872198e-06,6.766029e-06,1.467157e-09,0.00014193085,1.811038e-08,0.98016995
/home/leo/Documentos/mestrado/DeepWeeds-Mobile/images/20170704-153703-0.jpg,0,8,0,8,0,0.4609498,0.034843966,0.2094223,3.6008318e-05,0.08690557,0.0067947283,0.0007033724,0.04738654,0.15295766,0.4609498
/home/leo/Documentos/mestrado/DeepWeeds-Mobile/images/20180322-112424-2.jpg,8,8,8,8,1,0.9927331,0.0044630617,5.3974654e-06,0.00012981384,0.0017936114,0.00028773225,4.489439e-05,1.3259325e-08,0.00054242235,0.9927331
/home/leo/Documentos/mestrado/DeepWeeds-Mobile/images/20171102-105848-2.jpg,2,8,2,8,0,0.93917584,0.0006548767,0.0017692611,0.048230298,0.0071780034,0.0009825666,1.6034209e-06,0.00077887776,0.0012287052,0.93917584
/home/leo/Documentos/mestrado/DeepWeeds-Mobile/images/20171217-184732-2.jpg,8,1,8,1,0,0.5802918,0.021960476,0.5802918,2.2308672e-08,4.3754873e-05,6.492485e-07,0.06863928,0.009608628,0.08048916,0.23896627
/home/leo/Documentos/mestrado/DeepWeeds-Mobile/images/20180105-095713-2.jpg,8,8,8,8,1,0.99932534,1.4144107e-10,1.856916e-09,1.3442824e-06,1.0181549e-08,8.143072e-09,1.3986098e-10,0.0006732775,2.3696278e-10,0.99932534
/home/leo/Documentos/mestrado/DeepWeeds-Mobile/images/20170727-111748-3.jpg,4,4,4,4,1,0.70071244,1.0735508e-05,1.378922e-08,0.29818842,2.6770547e-06,0.70071244,1.5277154e-06,8.6607116e-08,8.7907284e-07,0.0010831659
/home/leo/Documentos/mestrado/DeepWeeds-Mobile/images/20180125-092316-1.jpg,8,8,8,8,1,0.99791545,1.6828967e-07,8.653698e-07,3.0513513e-07,1.6901844e-05,1.1829867e-07,2.065979e-09,0.002065658,5.970964e-07,0.99791545
/home/leo/Documentos/mestrado/DeepWeeds-Mobile/images/20180322-113636-2.jpg,8,8,8,8,1,0.9958983,0.0025971667,0.00013060271,2.8304798e-06,0.00068326073,9.924678e-05,4.8360813e-05,5.72515e-07,0.00053957634,0.9958983
/home/leo/Documentos/mestrado/DeepWeeds-Mobile/images/20180109-104207-2.jpg,8,8,8,8,1,0.74726564,0.001883425,1.232716e-05,0.23963019,0.005981033,0.0045815916,1.45033e-06,1.3793353e-07,0.00064423325,0.74726564
/home/leo/Documentos/mestrado/DeepWeeds-Mobile/images/20171220-095519-2.jpg,8,8,8,8,1,0.9999584,5.4897205e-06,3.5268303e-07,5.4669836e-15,4.705304e-07,3.1848686e-12,3.4729004e-05,4.457691e-08,5.917656e-07,0.9999584
/home/leo/Documentos/mestrado/DeepWeeds-Mobile/images/20180112-073335-1.jpg,8,8,8,8,1,0.88629025,0.0036640854,0.070319615,0.00044791165,0.003716776,0.00031820952,6.7433853e-06,0.00012196873,0.035114367,0.88629025
/home/leo/Documentos/mestrado/DeepWeeds-Mobile/images/20170913-122837-3.jpg,3,8,3,8,0,0.45963424,0.08313827,0.04890502,0.00056672626,0.018818887,0.02101502,0.00033459786,1.01732285e-05,0.36757696,0.45963424
/home/leo/Documentos/mestrado/DeepWeeds-Mobile/images/20180109-095652-1.jpg,8,8,8,8,1,0.98541033,7.124016e-05,9.064865e-05,1.4485358e-05,0.014134182,4.657508e-06,1.4867866e-05,7.8261706e-07,0.00025881562,0.98541033
/home/leo/Documentos/mestrado/DeepWeeds-Mobile/images/20170727-170549-1.jpg,4,4,4,4,1,0.98040247,1.2900714e-05,6.5855573e-07,0.0008225508,0.0024204904,0.98040247,8.995269e-09,1.5342215e-07,0.0004173968,0.015923498
/home/leo/Documentos/mestrado/DeepWeeds-Mobile/images/20170727-150211-3.jpg,4,4,4,4,1,0.98793644,0.00024504322,2.2801344e-06,0.00059657026,0.0026776243,0.98793644,1.8895767e-06,7.173289e-09,0.0027296145,0.0058104703
/home/leo/Documentos/mestrado/DeepWeeds-Mobile/images/20171220-083237-2.jpg,8,8,8,8,1,0.984165,0.000257388,2.572426e-05,5.9534996e-06,0.01387684,0.001557239,9.460479e-07,5.670866e-06,0.00010529508,0.984165
/home/leo/Documentos/mestrado/DeepWeeds-Mobile/images/20171113-132706-3.jpg,6,6,6,6,1,0.92325413,0.003956381,0.00840917,4.5188808e-05,0.005689563,0.00040991177,5.447521e-05,0.92325413,0.029560478,0.028620593
/home/leo/Documentos/mestrado/DeepWeeds-Mobile/images/20180112-083452-1.jpg,8,8,8,8,1,0.8881502,0.06813429,0.0001135003,0.010579553,0.01740998,0.0003853282,1.0626987e-06,3.7250146e-08,0.015225963,0.8881502
/home/leo/Documentos/mestrado/DeepWeeds-Mobile/images/20180119-105336-1.jpg,8,8,8,8,1,0.96070975,0.001111112,0.022435926,1.4886864e-07,0.0047219605,4.7705667e-05,0.00096957566,0.00092011783,0.009083759,0.96070975
/home/leo/Documentos/mestrado/DeepWeeds-Mobile/images/20170727-171924-3.jpg,4,4,4,4,1,0.8003425,0.007916786,0.0005434048,0.011926194,0.012468394,0.8003425,4.365577e-05,0.00025605116,0.053153127,0.11334993
/home/leo/Documentos/mestrado/DeepWeeds-Mobile/images/20170210-145749-0.jpg,0,0,0,0,1,0.8939507,0.8939507,0.0010416271,0.0005984526,2.9028419e-05,7.141794e-06,3.6234927e-05,1.3417272e-07,0.02726876,0.077067964
/home/leo/Documentos/mestrado/DeepWeeds-Mobile/images/20180119-113707-1.jpg,8,8,8,8,1,0.9788057,0.002952272,0.004260627,5.842578e-08,0.0016636862,1.6528871e-06,3.8044418e-06,0.00838992,0.003922232,0.9788057
/home/leo/Documentos/mestrado/DeepWeeds-Mobile/images/20171220-101129-1.jpg,8,8,8,8,1,0.9986841,0.001279811,1.3376937e-06,1.929914e-12,3.2886167e-06,2.847496e-10,3.2498442e-06,2.4540563e-08,2.817756e-05,0.9986841
/home/leo/Documentos/mestrado/DeepWeeds-Mobile/images/20171205-144519-2.jpg,8,8,8,8,1,0.6855413,0.0044888803,0.10056355,8.986115e-07,0.0011420435,1.2620694e-05,0.055396926,0.14907485,0.0037789203,0.6855413
/home/leo/Documentos/mestrado/DeepWeeds-Mobile/images/20170811-110742-1.jpg,0,0,0,0,1,0.999242,0.999242,4.2044445e-05,2.287202e-10,1.3128048e-08,5.1420426e-07,9.8895235e-08,6.071842e-08,0.00026408923,0.00045109497
/home/leo/Documentos/mestrado/DeepWeeds-Mobile/images/20170811-112931-2.jpg,0,0,0,0,1,0.88618183,0.88618183,0.00024833466,2.096516e-05,0.00013009069,2.0914917e-05,4.7264602e-05,3.0780677e-06,0.012382377,0.1009651
/home/leo/Documentos/mestrado/DeepWeeds-Mobile/images/20170718-131745-2.jpg,7,7,7,7,1,0.5143032,0.04948957,0.027192857,0.000110938396,0.38862613,0.00032622923,3.7880585e-05,3.5193564e-06,0.5143032,0.019909685
/home/leo/Documentos/mestrado/DeepWeeds-Mobile/images/20171212-093940-3.jpg,8,8,8,8,1,0.6085321,0.02638176,0.0064751925,0.062197044,0.1933648,0.0921959,0.00013326059,9.870763e-05,0.010621254,0.6085321
/home/leo/Documentos/mestrado/DeepWeeds-Mobile/images/20171025-090526-1.jpg,3,3,3,3,1,0.8845918,0.00938417,0.0018771626,0.00017872959,0.8845918,0.0025385076,2.6652835e-06,1.8099062e-06,0.046984896,0.0544403
/home/leo/Documentos/mestrado/DeepWeeds-Mobile/images/20180109-074135-1.jpg,8,8,8,8,1,0.996203,2.2508655e-07,9.582897e-06,0.00050427794,3.9781306e-05,2.7326276e-05,7.0671035e-08,0.0032154787,2.1857433e-07,0.996203
/home/leo/Documentos/mestrado/DeepWeeds-Mobile/images/20170630-155212-0.jpg,7,0,7,0,0,0.44492203,0.44492203,0.014290195,9.579559e-09,1.2490652e-05,3.0894972e-07,1.0909617e-05,0.15167652,0.23527318,0.15381438
/home/leo/Documentos/mestrado/DeepWeeds-Mobile/images/20171212-094924-3.jpg,8,8,8,8,1,0.9851413,0.0025431393,0.002477468,9.879369e-06,0.0071720392,0.0006381685,1.3648371e-05,3.326515e-05,0.0019711787,0.9851413
/home/leo/Documentos/mestrado/DeepWeeds-Mobile/images/20180112-082237-1.jpg,8,3,8,3,0,0.8662075,0.0018643633,3.1079995e-07,0.00083512586,0.8662075,0.006883887,2.684593e-09,1.755323e-11,0.00042507783,0.12378372
/home/leo/Documentos/mestrado/DeepWeeds-Mobile/images/20180112-073544-1.jpg,8,8,8,8,1,0.93413085,0.00056045386,0.00016520866,0.013695373,0.05092546,0.0002754787,3.0960086e-06,0.00012134197,0.0001226851,0.93413085
/home/leo/Documentos/mestrado/DeepWeeds-Mobile/images/20171109-092912-1.jpg,5,5,5,5,1,0.6919331,0.0038518615,0.0010313081,3.713693e-10,6.464895e-05,9.965435e-08,0.6919331,0.0022350883,0.0005378391,0.3003461
/home/leo/Documentos/mestrado/DeepWeeds-Mobile/images/20170217-113546-0.jpg,0,0,0,0,1,0.9414863,0.9414863,4.882996e-09,1.4393914e-13,1.3516738e-11,1.1351362e-11,1.1731962e-05,1.2099295e-09,0.058464315,3.7682923e-05
/home/leo/Documentos/mestrado/DeepWeeds-Mobile/images/20170715-164251-1.jpg,1,1,1,1,1,0.98452824,1.9945252e-05,0.98452824,2.613507e-08,9.975774e-07,4.1018716e-08,3.7310036e-07,0.01529735,1.6665858e-06,0.00015128315
/home/leo/Documentos/mestrado/DeepWeeds-Mobile/images/20180125-100138-2.jpg,8,3,8,3,0,0.60292584,0.0051339455,2.5200936e-05,9.654373e-05,0.60292584,0.0052971016,0.001493337,0.0011223834,0.00017974548,0.38372594
/home/leo/Documentos/mestrado/DeepWeeds-Mobile/images/20180322-103138-1.jpg,8,4,8,4,0,0.96966386,2.6527532e-06,2.0809427e-06,0.017539348,1.7509581e-06,0.96966386,2.1776455e-05,4.0885403e-05,3.7760992e-07,0.0127272485
/home/leo/Documentos/mestrado/DeepWeeds-Mobile/images/20171212-102000-3.jpg,8,8,8,8,1,0.9972727,0.00063596526,0.00082647597,7.381985e-08,5.644066e-07,5.542133e-08,3.080464e-06,3.9115346e-08,0.001261189,0.9972727
/home/leo/Documentos/mestrado/DeepWeeds-Mobile/images/20171219-114909-2.jpg,8,8,8,8,1,0.7282692,0.0010453071,0.0008316388,0.13844891,0.012990382,0.115319565,3.4068635e-05,0.0013194075,0.0017414942,0.7282692
/home/leo/Documentos/mestrado/DeepWeeds-Mobile/images/20180109-105722-1.jpg,8,8,8,8,1,0.9738333,0.0098932935,3.3470984e-05,0.011182199,0.0014066079,0.00051617005,0.00037028288,1.6116446e-05,0.0027486533,0.9738333
/home/leo/Documentos/mestrado/DeepWeeds-Mobile/images/20170405-155159-0.jpg,0,0,0,0,1,0.43759775,0.43759775,2.3147722e-06,1.5098882e-08,1.17030005e-07,1.9135309e-10,9.486498e-05,4.8204583e-08,0.14790596,0.4143989
/home/leo/Documentos/mestrado/DeepWeeds-Mobile/images/20180112-071912-2.jpg,8,3,8,3,0,0.40864483,0.017800033,0.002283272,0.012400838,0.40864483,0.17850487,1.4111117e-05,2.4649676e-06,0.066259325,0.31409028
/home/leo/Documentos/mestrado/DeepWeeds-Mobile/images/20180119-110216-1.jpg,8,8,8,8,1,0.9744723,0.0013343816,0.001078139,0.0004099044,0.018595008,0.0011925207,1.918168e-06,5.0937077e-05,0.0028648856,0.9744723
/home/leo/Documentos/mestrado/DeepWeeds-Mobile/images/20170210-132217-0.jpg,7,1,7,1,0,0.41436782,0.057393756,0.41436782,8.156147e-10,4.994174e-07,9.7900237e-11,5.724973e-06,1.6478796e-05,0.22314584,0.30506983
/home/leo/Documentos/mestrado/DeepWeeds-Mobile/images/20180109-095038-2.jpg,8,8,8,8,1,0.69639254,0.04919995,0.0063703554,0.023102688,0.1965185,0.012862748,0.0006755563,0.00019438197,0.014683239,0.69639254
/home/leo/Documentos/mestrado/DeepWeeds-Mobile/images/20171212-093654-1.jpg,8,8,8,8,1,0.99848676,0.00018506158,1.8064737e-05,3.751603e-12,0.0011698958,1.2080559e-08,1.2794261e-05,2.3485513e-06,0.00012503278,0.99848676
/home/leo/Documentos/mestrado/DeepWeeds-Mobile/images/20170711-121335-0.jpg,0,0,0,0,1,0.40725812,0.40725812,0.081543215,0.0022626098,0.00027928245,0.00026085193,0.010116026,1.5909582e-05,0.16068386,0.33758023
/home/leo/Documentos/mestrado/DeepWeeds-Mobile/images/20171219-104900-2.jpg,8,8,8,8,1,0.995385,0.0025445998,5.9933656e-05,7.971231e-07,0.00086054904,5.712941e-05,2.8246013e-05,2.2705075e-07,0.001063494,0.995385
/home/leo/Documentos/mestrado/DeepWeeds-Mobile/images/20170727-145939-3.jpg,4,4,4,4,1,0.5195297,0.019903058,0.0017809069,0.11521419,0.058066245,0.5195297,0.00048612352,0.0014202446,0.02813328,0.25546625
/home/leo/Documentos/mestrado/DeepWeeds-Mobile/images/20171113-134654-1.jpg,6,6,6,6,1,0.9931995,2.929421e-08,0.0056070276,1.4779337e-11,4.9916654e-08,9.262506e-10,6.905672e-08,0.9931995,5.205439e-07,0.0011927035
/home/leo/Documentos/mestrado/DeepWeeds-Mobile/images/20180109-091736-2.jpg,8,8,8,8,1,0.9994781,0.0003520339,3.2006728e-06,1.9795016e-05,5.9626145e-05,3.5246874e-06,1.1455613e-05,4.4364428e-05,2.7848651e-05,0.9994781
/home/leo/Documentos/mestrado/DeepWeeds-Mobile/images/20180112-083655-1.jpg,8,8,8,8,1,0.8361696,0.028698444,2.58313e-06,0.0025249626,0.12429624,0.0012760962,2.7351558e-07,8.0123e-10,0.0070318324,0.8361696
/home/leo/Documentos/mestrado/DeepWeeds-Mobile/images/20170913-105239-1.jpg,3,3,3,3,1,0.9945927,5.568294e-05,2.9389464e-06,0.00050114933,0.9945927,0.0023156607,1.1332241e-05,9.227453e-09,4.633914e-06,0.0025159596
/home/leo/Documentos/mestrado/DeepWeeds-Mobile/images/20180112-081137-2.jpg,8,8,8,8,1,0.47772712,0.009865762,0.0010719025,0.029363878,0.43578255,0.035532165,3.086918e-05,0.0003019521,0.010323772,0.47772712
/home/leo/Documentos/mestrado/DeepWeeds-Mobile/images/20170913-102751-2.jpg,3,3,3,3,1,0.9969779,5.5617907e-05,1.4032969e-06,0.00031652814,0.9969779,0.0006519813,0.00020111502,2.3499658e-06,3.462227e-06,0.001789638
/home/leo/Documentos/mestrado/DeepWeeds-Mobile/images/20171109-071411-1.jpg,5,5,5,5,1,0.9272431,0.0010028598,0.0065951464,6.9367817e-10,1.6151691e-06,1.7282847e-08,0.9272431,0.02804258,0.0017015238,0.03541318
/home/leo/Documentos/mestrado/DeepWeeds-Mobile/images/20180109-092557-2.jpg,8,8,8,8,1,0.999361,0.0005754636,7.178385e-08,1.3927369e-06,4.6881393e-08,1.5355062e-10,1.0768514e-05,2.2872069e-11,5.1274885e-05,0.999361
/home/leo/Documentos/mestrado/DeepWeeds-Mobile/images/20180112-072511-1.jpg,8,8,8,8,1,0.85488814,0.038309928,0.063141085,0.0009191447,0.028202659,0.00043100977,1.5547866e-05,0.00011752704,0.013974982,0.85488814
/home/leo/Documentos/mestrado/DeepWeeds-Mobile/images/20180112-094544-2.jpg,8,8,8,8,1,0.90484715,0.0022600177,0.031675186,1.5362409e-07,0.0018558477,1.4154505e-06,5.8590012e-06,0.05924197,0.00011239695,0.90484715
/home/leo/Documentos/mestrado/DeepWeeds-Mobile/images/20171113-095542-3.jpg,5,5,5,5,1,0.98493296,0.0016273642,0.00029404493,1.2982173e-09,5.559205e-07,6.276925e-08,0.98493296,0.00018119437,0.00020306358,0.012760848
/home/leo/Documentos/mestrado/DeepWeeds-Mobile/images/20180125-092128-2.jpg,8,8,8,8,1,0.99594986,0.00016374726,0.0013275911,5.2904807e-06,0.0011214634,0.00012707415,4.294251e-05,3.797954e-06,0.001258225,0.99594986
/home/leo/Documentos/mestrado/DeepWeeds-Mobile/images/20170906-091615-1.jpg,3,3,3,3,1,0.8476309,0.00030047493,0.0013833335,6.0957927e-06,0.8476309,0.0012574601,1.0551038e-06,6.4991505e-06,0.007413852,0.14200035
/home/leo/Documentos/mestrado/DeepWeeds-Mobile/images/20180109-105705-2.jpg,8,8,8,8,1,0.9953629,0.00076531025,1.323485e-05,2.8963974e-05,0.0036540574,1.3488735e-06,2.1492915e-05,1.5533695e-07,0.00015260969,0.9953629
/home/leo/Documentos/mestrado/DeepWeeds-Mobile/images/20170315-090024-0.jpg,8,8,8,8,1,0.94347084,0.00031226999,0.03655684,9.2727066e-07,0.015300596,1.6199636e-05,0.00057392917,0.0012642263,0.002504146,0.94347084
/home/leo/Documentos/mestrado/DeepWeeds-Mobile/images/20170521-153455-0.jpg,1,7,1,7,0,0.6065866,0.010936743,0.34960398,1.6032111e-11,7.160694e-07,2.342636e-08,9.5824835e-06,0.03263954,0.6065866,0.00022292184
/home/leo/Documentos/mestrado/DeepWeeds-Mobile/images/20180109-095111-1.jpg,8,8,8,8,1,0.95824677,0.0048634205,1.0502498e-05,3.3643108e-05,0.035577964,1.2773373e-06,6.901663e-05,4.364448e-08,0.0011973972,0.95824677
/home/leo/Documentos/mestrado/DeepWeeds-Mobile/images/20170727-113134-3.jpg,4,4,4,4,1,0.99127233,2.0761398e-05,2.8330534e-08,0.0076538133,8.995328e-05,0.99127233,0.00052749045,2.1344698e-07,3.3655635e-06,0.00043201857
/home/leo/Documentos/mestrado/DeepWeeds-Mobile/images/20180109-075519-1.jpg,8,8,8,8,1,0.9015187,0.0009425363,0.024979727,1.165942e-06,0.057250354,0.00045105754,8.965731e-07,0.0035584366,0.011297186,0.9015187
/home/leo/Documentos/mestrado/DeepWeeds-Mobile/images/20171218-121510-3.jpg,8,8,8,8,1,0.939156,0.02807647,0.006817105,2.9474013e-08,2.1322082e-06,1.1977434e-07,0.008169814,0.0017840082,0.015994348,0.939156
/home/leo/Documentos/mestrado/DeepWeeds-Mobile/images/20180109-071243-2.jpg,8,8,8,8,1,0.99079347,3.613452e-08,6.502753e-05,1.4562607e-06,3.6148027e-08,1.8176404e-08,1.622903e-05,0.009123543,3.335651e-07,0.99079347
/home/leo/Documentos/mestrado/DeepWeeds-Mobile/images/20170714-114326-2.jpg,1,1,1,1,1,0.98065084,5.387284e-05,0.98065084,5.347669e-11,1.522662e-05,2.9343892e-09,3.3835626e-08,0.004180544,1.8517201e-05,0.015080972
/home/leo/Documentos/mestrado/DeepWeeds-Mobile/images/20180109-071108-2.jpg,8,8,8,8,1,0.95592666,9.19004e-07,0.0013383123,0.002533876,4.55952e-05,6.7633526e-05,6.5984786e-06,0.04005655,2.384901e-05,0.95592666
/home/leo/Documentos/mestrado/DeepWeeds-Mobile/images/20171113-133059-3.jpg,6,6,6,6,1,0.9913685,3.8317478e-07,3.0777262e-06,2.925043e-07,1.9775567e-05,4.1076714e-07,5.193011e-08,0.9913685,9.976754e-07,0.008606605
/home/leo/Documentos/mestrado/DeepWeeds-Mobile/images/20171102-120219-3.jpg,2,2,2,2,1,0.99936736,0.00021600933,6.334433e-09,0.99936736,3.0429983e-05,9.131459e-06,7.322443e-08,3.8949198e-11,1.7554535e-06,0.00037521656
/home/leo/Documentos/mestrado/DeepWeeds-Mobile/images/20170920-162519-3.jpg,2,2,2,2,1,0.77165294,0.00018437202,4.096863e-06,0.77165294,0.0009040483,0.22004735,2.3765613e-06,4.9936335e-07,0.00012046846,0.0070839287
/home/leo/Documentos/mestrado/DeepWeeds-Mobile/images/20171113-131307-2.jpg,6,6,6,6,1,0.63142145,6.676502e-05,0.008100555,3.0485967e-07,0.039811157,0.001824202,2.9042902e-05,0.63142145,0.0006251674,0.31812137
/home/leo/Documentos/mestrado/DeepWeeds-Mobile/images/20170913-104038-2.jpg,3,3,3,3,1,0.6611159,4.8592126e-05,8.83623e-06,0.11796032,0.6611159,0.022797493,0.00036381008,1.6549584e-05,7.771416e-05,0.19761081
/home/leo/Documentos/mestrado/DeepWeeds-Mobile/images/20171025-075137-1.jpg,3,8,3,8,0,0.75947976,0.01569607,0.0068203346,8.287579e-07,0.20760913,6.7892684e-06,8.527348e-05,7.980557e-06,0.010293935,0.75947976
/home/leo/Documentos/mestrado/DeepWeeds-Mobile/images/20170304-124411-0.jpg,0,0,0,0,1,0.9704315,0.9704315,3.597767e-05,4.8496655e-05,2.1758244e-05,9.933842e-08,1.4998132e-06,1.8432697e-08,0.004336964,0.025123663
/home/leo/Documentos/mestrado/DeepWeeds-Mobile/images/20170913-103303-3.jpg,5,5,5,5,1,0.9943028,2.1248203e-05,3.0805043e-06,2.7690374e-05,0.0012013476,0.0039502755,0.9943028,3.869349e-06,2.8195332e-06,0.00048684794
/home/leo/Documentos/mestrado/DeepWeeds-Mobile/images/20170727-162343-1.jpg,4,4,4,4,1,0.9188657,0.001896777,5.3711237e-06,0.012844116,0.02614341,0.9188657,4.0645805e-06,4.233922e-08,0.004974197,0.035266392
/home/leo/Documentos/mestrado/DeepWeeds-Mobile/images/20171220-082758-3.jpg,8,8,8,8,1,0.98502743,0.013627475,8.861306e-06,3.721577e-11,1.41644205e-05,1.6040742e-08,1.7875256e-05,2.2398758e-08,0.0013042444,0.98502743
/home/leo/Documentos/mestrado/DeepWeeds-Mobile/images/20180105-093204-3.jpg,8,6,8,6,0,0.5148077,8.32485e-06,0.014054779,1.284637e-06,9.139897e-05,3.1022041e-06,0.00042519093,0.5148077,2.3349421e-05,0.47058493
/home/leo/Documentos/mestrado/DeepWeeds-Mobile/images/20180125-095742-2.jpg,8,8,8,8,1,0.9999968,2.1871146e-07,1.6226359e-10,1.0145544e-10,1.4279081e-09,5.557537e-08,3.0109115e-06,3.0537521e-09,1.34305775e-08,0.9999968
/home/leo/Documentos/mestrado/DeepWeeds-Mobile/images/20170920-095716-2.jpg,4,8,4,8,0,0.74099684,0.0036389998,0.008360729,0.0015278812,0.058250073,0.030967206,8.092096e-06,0.14187549,0.014374667,0.74099684
/home/leo/Documentos/mestrado/DeepWeeds-Mobile/images/20171102-115438-1.jpg,2,2,2,2,1,0.9999565,6.5968386e-09,3.687884e-10,0.9999565,2.2743093e-08,3.2310194e-07,9.9360145e-11,5.8175162e-09,6.8922135e-10,4.3150147e-05
/home/leo/Documentos/mestrado/DeepWeeds-Mobile/images/20171220-100814-1.jpg,8,8,8,8,1,0.99992955,4.873815e-05,1.5955763e-07,2.2921929e-13,1.599449e-05,5.182615e-11,1.1968466e-06,1.8744948e-09,4.2876263e-06,0.99992955
/home/leo/Documentos/mestrado/DeepWeeds-Mobile/images/20180105-093654-3.jpg,8,8,8,8,1,0.9913726,6.6915945e-08,8.622825e-07,3.743458e-05,7.3091345e-05,2.2002025e-06,1.697544e-08,0.008513354,4.028945e-07,0.9913726
/home/leo/Documentos/mestrado/DeepWeeds-Mobile/images/20170913-121836-1.jpg,5,0,5,0,0,0.54716986,0.54716986,0.017471349,0.0030109556,0.0039995587,0.0045715175,0.11132541,0.0022037143,0.27313128,0.037116345
/home/leo/Documentos/mestrado/DeepWeeds-Mobile/images/20180105-101024-2.jpg,8,8,8,8,1,0.9873618,1.7859175e-08,7.0318386e-08,0.008320615,1.1090824e-06,7.3503875e-06,2.3822352e-08,0.004309151,2.2791664e-08,0.9873618
/home/leo/Documentos/mestrado/DeepWeeds-Mobile/images/20171113-144236-2.jpg,6,6,6,6,1,0.99706537,4.5128353e-08,0.00014561243,4.0980317e-09,1.2291791e-06,2.7881045e-08,1.193189e-09,0.99706537,4.226547e-08,0.0027876534
/home/leo/Documentos/mestrado/DeepWeeds-Mobile/images/20180125-095732-2.jpg,8,8,8,8,1,0.99993336,1.1534554e-06,1.805535e-07,1.3138816e-07,2.5968445e-06,3.0083556e-06,2.6259586e-05,3.1653784e-05,1.6188425e-06,0.99993336
/home/leo/Documentos/mestrado/DeepWeeds-Mobile/images/20180109-072110-1.jpg,8,6,8,6,0,0.78566056,6.260418e-06,0.0027831444,5.6895218e-11,0.005242844,1.6787541e-07,5.84271e-07,0.78566056,1.8901816e-05,0.20628749
/home/leo/Documentos/mestrado/DeepWeeds-Mobile/images/20170129-102537-0.jpg,8,3,8,3,0,0.3646912,0.0016676472,0.24682666,1.5727575e-07,0.3646912,3.7638612e-05,9.088393e-05,0.042112567,0.0047762543,0.339797
/home/leo/Documentos/mestrado/DeepWeeds-Mobile/images/20170714-150422-1.jpg,1,1,1,1,1,0.7834995,0.00016746692,0.7834995,1.729723e-08,0.0011787231,9.205635e-07,0.0001953796,0.0052700075,0.0063258307,0.20336224
/home/leo/Documentos/mestrado/DeepWeeds-Mobile/images/20180125-093109-2.jpg,8,8,8,8,1,0.9964419,0.00024292928,0.00010347619,2.3641513e-05,0.0008543628,0.0014447619,6.984556e-07,2.5318025e-06,0.0008856635,0.9964419
/home/leo/Documentos/mestrado/DeepWeeds-Mobile/images/20171113-132342-3.jpg,6,6,6,6,1,0.99060094,3.6476482e-05,0.0001858266,6.197058e-07,2.2598408e-05,0.002829302,0.00015327794,0.99060094,9.016909e-05,0.0060807485
/home/leo/Documentos/mestrado/DeepWeeds-Mobile/images/20170920-184503-1.jpg,2,2,2,2,1,0.9069208,1.6284338e-07,5.064766e-09,0.9069208,1.2042719e-05,0.09259629,1.2303186e-08,1.7648325e-08,1.17779834e-07,0.00047059738
/home/leo/Documentos/mestrado/DeepWeeds-Mobile/images/20180322-110945-2.jpg,8,8,8,8,1,0.52224183,0.009782644,0.0002829436,0.4393102,0.024052517,0.0023153264,6.2745195e-05,3.8258304e-07,0.0019513372,0.52224183
/home/leo/Documentos/mestrado/DeepWeeds-Mobile/images/20180105-093533-3.jpg,8,8,8,8,1,0.9572539,9.086086e-08,1.6403455e-05,6.0855342e-05,0.00022485116,1.4780206e-05,1.8487091e-08,0.04242879,3.5755085e-07,0.9572539
/home/leo/Documentos/mestrado/DeepWeeds-Mobile/images/20171025-100236-2.jpg,3,3,3,3,1,0.9617922,8.3840845e-05,2.4925228e-06,2.3242406e-05,0.9617922,7.976373e-05,1.468054e-09,2.6627822e-10,3.4448596e-05,0.037984047
/home/leo/Documentos/mestrado/DeepWeeds-Mobile/images/20180125-134026-2.jpg,8,8,8,8,1,0.8703881,0.017072024,0.011135295,7.467225e-06,0.006811356,0.002227695,0.018395074,0.0003724226,0.07359068,0.8703881
/home/leo/Documentos/mestrado/DeepWeeds-Mobile/images/20171220-095231-2.jpg,8,8,8,8,1,0.90937805,0.06610798,0.0038501488,1.8722587e-10,0.00016630729,3.6988446e-08,0.0006862378,1.7917902e-05,0.01979329,0.90937805
/home/leo/Documentos/mestrado/DeepWeeds-Mobile/images/20170714-132657-1.jpg,1,1,1,1,1,0.98082846,0.0055562705,0.98082846,7.229198e-12,2.9451714e-09,8.4414656e-11,6.8391984e-07,0.0007017286,0.011440983,0.0014718791
/home/leo/Documentos/mestrado/DeepWeeds-Mobile/images/20180322-133840-1.jpg,8,8,8,8,1,0.93909353,0.0010936739,0.00014795191,0.009250034,0.040816955,0.00853751,8.30161e-06,7.439804e-08,0.001052004,0.93909353
/home/leo/Documentos/mestrado/DeepWeeds-Mobile/images/20170811-162821-1.jpg,0,0,0,0,1,0.99980044,0.99980044,1.4479326e-06,1.3070417e-10,2.8910485e-08,3.8464195e-06,4.631175e-08,1.947796e-09,7.818508e-05,0.00011593806
/home/leo/Documentos/mestrado/DeepWeeds-Mobile/images/20180322-121232-2.jpg,8,8,8,8,1,0.99244237,0.0003749798,6.090713e-05,1.8983732e-09,3.713614e-05,4.3589274e-08,0.006923179,3.3205406e-06,0.00015803245,0.99244237
/home/leo/Documentos/mestrado/DeepWeeds-Mobile/images/20171219-100558-2.jpg,8,8,8,8,1,0.9729041,0.005198291,0.008662898,7.867126e-05,0.0040890495,0.0020603696,2.060334e-05,5.6705274e-05,0.0069292444,0.9729041
/home/leo/Documentos/mestrado/DeepWeeds-Mobile/images/20180109-091145-2.jpg,8,8,8,8,1,0.9972113,2.6329864e-05,0.000702026,2.2900643e-07,0.0017696029,3.010045e-06,1.60812e-06,9.9584555e-05,0.00018638727,0.9972113
/home/leo/Documentos/mestrado/DeepWeeds-Mobile/images/20170718-102043-2.jpg,7,7,7,7,1,0.84108716,0.05339597,0.0105249705,9.689604e-06,0.0051362873,0.00031592802,0.0024952774,7.100666e-05,0.84108716,0.08696367
/home/leo/Documentos/mestrado/DeepWeeds-Mobile/images/20180119-110317-2.jpg,8,8,8,8,1,0.83950025,0.001363812,0.00033830467,0.015721029,0.076807804,0.064323924,8.194969e-06,1.989355e-05,0.0019167957,0.83950025
/home/leo/Documentos/mestrado/DeepWeeds-Mobile/images/20180322-104606-1.jpg,8,8,8,8,1,0.87066805,0.06298039,0.0010157854,0.0060808575,0.025526635,0.0033472667,3.5587876e-05,1.5270479e-07,0.030345252,0.87066805
/home/leo/Documentos/mestrado/DeepWeeds-Mobile/images/20171212-093708-1.jpg,8,8,8,8,1,0.99926513,0.00015663568,2.751026e-05,3.942887e-11,0.00038553748,2.5285598e-07,1.6891294e-05,4.0658124e-06,0.00014393986,0.99926513
/home/leo/Documentos/mestrado/DeepWeeds-Mobile/images/20180119-105118-2.jpg,8,8,8,8,1,0.9930131,0.00019105828,0.0013729152,1.2756869e-05,0.0042660316,2.9715793e-05,7.7433564e-05,6.715628e-05,0.00096981885,0.9930131
/home/leo/Documentos/mestrado/DeepWeeds-Mobile/images/20180105-100342-2.jpg,8,8,8,8,1,0.9460393,1.6314662e-08,1.3248865e-07,0.052853767,2.6404146e-06,1.1066843e-05,2.5744866e-08,0.0010931097,4.8502816e-08,0.9460393
/home/leo/Documentos/mestrado/DeepWeeds-Mobile/images/20171220-101924-1.jpg,8,8,8,8,1,0.9996957,0.0002288601,1.3405296e-06,1.2662468e-13,4.5558777e-06,4.9171595e-10,2.9854804e-05,2.0759649e-07,3.9473416e-05,0.9996957
/home/leo/Documentos/mestrado/DeepWeeds-Mobile/images/20180125-123155-2.jpg,8,8,8,8,1,0.9726955,0.0037536693,0.0035922835,1.8527004e-05,0.0005981854,0.0011435491,0.00013555157,0.013389534,0.004673141,0.9726955
/home/leo/Documentos/mestrado/DeepWeeds-Mobile/images/20180322-124950-1.jpg,8,8,8,8,1,0.999698,2.6319121e-06,1.3987761e-05,5.298472e-08,3.758991e-09,5.133568e-07,0.00028260378,1.6264345e-06,6.0763074e-07,0.999698
/home/leo/Documentos/mestrado/DeepWeeds-Mobile/images/20170913-125708-3.jpg,5,5,5,5,1,0.52671015,0.09169247,0.056397248,0.0041339193,0.0003429557,0.043595858,0.52671015,0.0017141418,0.05393137,0.22148196
/home/leo/Documentos/mestrado/DeepWeeds-Mobile/images/20170920-164431-3.jpg,2,3,2,3,0,0.33746427,0.016235631,0.00024142946,0.10763036,0.33746427,0.19576485,0.00012004617,3.7899773e-07,0.014363968,0.3281791
/home/leo/Documentos/mestrado/DeepWeeds-Mobile/images/20180105-102455-1.jpg,8,8,8,8,1,0.9965065,1.3693831e-07,2.780316e-07,0.0030330333,5.086163e-05,8.987399e-05,1.0480565e-09,0.00031804683,1.3018191e-06,0.9965065
/home/leo/Documentos/mestrado/DeepWeeds-Mobile/images/20180109-094749-1.jpg,8,8,8,8,1,0.9966106,1.23368545e-05,0.0001246406,0.000103399594,0.0030963486,9.784711e-07,7.9588744e-07,3.5128392e-06,4.731943e-05,0.9966106
/home/leo/Documentos/mestrado/DeepWeeds-Mobile/images/20180119-115546-1.jpg,8,3,8,3,0,0.5293475,0.004636025,0.022317598,4.5636607e-05,0.5293475,0.0021473356,0.00014763151,0.0015258703,0.021381404,0.41845092
/home/leo/Documentos/mestrado/DeepWeeds-Mobile/images/20171218-102923-2.jpg,8,8,8,8,1,0.49077404,0.44595507,0.0004468548,0.0014206665,0.0019452191,0.00010523029,8.9128764e-05,5.077532e-07,0.059263267,0.49077404
/home/leo/Documentos/mestrado/DeepWeeds-Mobile/images/20170207-155207-0.jpg,0,0,0,0,1,0.8648513,0.8648513,0.03321635,4.036427e-08,5.2535597e-08,1.1167627e-07,0.00030588257,2.193607e-06,0.09424579,0.007378195
/home/leo/Documentos/mestrado/DeepWeeds-Mobile/images/20170127-102426-0.jpg,1,1,1,1,1,0.8445279,0.00037074785,0.8445279,1.0139103e-09,7.7523655e-05,2.8005601e-08,0.0002618543,0.012360442,0.0013737315,0.14102781
/home/leo/Documentos/mestrado/DeepWeeds-Mobile/images/20170704-152155-0.jpg,7,8,7,8,0,0.9282514,0.010928299,0.006339633,8.381897e-08,4.8400005e-05,1.1896899e-05,4.0900686e-05,9.926539e-05,0.054279983,0.9282514
/home/leo/Documentos/mestrado/DeepWeeds-Mobile/images/20180322-104913-1.jpg,8,8,8,8,1,0.9958037,0.0023309519,0.00024083848,8.440188e-06,4.4297205e-05,3.3386048e-05,4.178748e-05,8.250148e-09,0.0014965808,0.9958037
/home/leo/Documentos/mestrado/DeepWeeds-Mobile/images/20180322-125956-1.jpg,8,8,8,8,1,0.99955267,0.00016981376,0.00011521271,1.2860925e-06,9.155272e-05,3.5630474e-06,1.7570579e-05,1.8074923e-08,4.8274578e-05,0.99955267
/home/leo/Documentos/mestrado/DeepWeeds-Mobile/images/20180112-094652-2.jpg,8,8,8,8,1,0.99947774,0.00017843836,0.00017538469,2.4649646e-05,8.5496125e-05,1.5278405e-07,1.09054554e-07,2.4322978e-07,5.7749414e-05,0.99947774
/home/leo/Documentos/mestrado/DeepWeeds-Mobile/images/20180119-105930-1.jpg,8,8,8,8,1,0.98993814,7.746229e-05,0.0015968474,7.499912e-06,0.00030057944,1.5337482e-05,8.859038e-06,0.007177173,0.0008781702,0.98993814
/home/leo/Documentos/mestrado/DeepWeeds-Mobile/images/20171218-121336-2.jpg,8,8,8,8,1,0.99949193,0.00023211591,5.5966513e-05,3.523655e-13,1.6498874e-05,4.6941007e-10,4.0788986e-05,1.2631627e-06,0.00016135373,0.99949193
/home/leo/Documentos/mestrado/DeepWeeds-Mobile/images/20170920-102030-1.jpg,2,2,2,2,1,0.8322863,7.040903e-07,0.00017227075,0.8322863,0.0002030349,0.00017480482,1.0360636e-06,0.00021394344,1.6220585e-05,0.1669317
/home/leo/Documentos/mestrado/DeepWeeds-Mobile/images/20180112-071800-1.jpg,8,8,8,8,1,0.8037479,0.011157343,0.0002619534,0.0007595524,0.1689595,0.0028459565,1.3029552e-06,4.9784563e-07,0.012265899,0.8037479
/home/leo/Documentos/mestrado/DeepWeeds-Mobile/images/20180105-094850-3.jpg,8,8,8,8,1,0.99857175,4.4643681e-07,4.4378016e-08,1.3364435e-05,5.6694862e-05,7.27688e-06,5.493846e-10,0.0013489978,1.3298595e-06,0.99857175
/home/leo/Documentos/mestrado/DeepWeeds-Mobile/images/20171212-094357-1.jpg,8,8,8,8,1,0.9999893,1.2931432e-06,1.7914605e-08,4.5439384e-16,6.7214987e-06,7.6415185e-12,1.8310935e-06,2.7575464e-09,8.650083e-07,0.9999893
/home/leo/Documentos/mestrado/DeepWeeds-Mobile/images/20180125-132608-3.jpg,8,8,8,8,1,0.7309989,0.0017569487,0.23968983,0.0002460759,0.000660346,0.00071085716,0.0011170285,0.020374818,0.0044453437,0.7309989
/home/leo/Documentos/mestrado/DeepWeeds-Mobile/images/20170501-143226-0.jpg,1,1,1,1,1,0.59089607,0.26442832,0.59089607,6.18033e-05,0.0009107064,2.1596057e-05,0.00017652575,0.00046787495,0.09834288,0.044694114
/home/leo/Documentos/mestrado/DeepWeeds-Mobile/images/20170728-153651-3.jpg,8,4,8,4,0,0.9179315,0.0017561358,5.8013473e-05,0.00087580987,0.00947395,0.9179315,1.3950765e-06,3.2493514e-07,0.033153698,0.03674909
/home/leo/Documentos/mestrado/DeepWeeds-Mobile/images/20170210-144941-0.jpg,7,0,7,0,0,0.9769157,0.9769157,8.6156815e-06,5.6843588e-09,1.3126317e-08,1.9826205e-09,1.6722821e-06,1.892206e-08,0.021593936,0.0014800461
/home/leo/Documentos/mestrado/DeepWeeds-Mobile/images/20171203-174225-3.jpg,8,8,8,8,1,0.9934335,8.19459e-06,0.0054944833,1.0813903e-10,0.0004422662,7.053374e-08,2.2792674e-06,0.000368517,0.00025062903,0.9934335
/home/leo/Documentos/mestrado/DeepWeeds-Mobile/images/20171212-100154-3.jpg,8,8,8,8,1,0.94882756,0.00017648652,0.00012021787,2.5421276e-10,0.050822183,1.615968e-07,5.859714e-06,1.6889547e-06,4.59514e-05,0.94882756
/home/leo/Documentos/mestrado/DeepWeeds-Mobile/images/20170217-112200-0.jpg,0,0,0,0,1,0.7752377,0.7752377,5.241224e-05,2.2379707e-07,8.554852e-07,4.951435e-08,0.011598794,4.8856587e-06,0.1305404,0.08256467
/home/leo/Documentos/mestrado/DeepWeeds-Mobile/images/20180109-101309-1.jpg,8,8,8,8,1,0.9850391,0.002314354,0.00086157286,4.2091782e-05,0.0030348704,0.0009394285,7.672383e-07,0.00018575521,0.0075821197,0.9850391
/home/leo/Documentos/mestrado/DeepWeeds-Mobile/images/20170217-145329-0.jpg,7,7,7,7,1,0.99996483,3.3738015e-05,5.994629e-08,7.443331e-17,2.1384445e-13,2.270204e-14,1.0167376e-07,1.07031e-08,0.99996483,1.3420355e-06
/home/leo/Documentos/mestrado/DeepWeeds-Mobile/images/20170913-105750-2.jpg,3,8,3,8,0,0.8346056,0.0010137362,0.00020292783,0.0012161941,0.14225885,0.009398208,3.6178368e-05,0.00011063161,0.011157695,0.8346056
/home/leo/Documentos/mestrado/DeepWeeds-Mobile/images/20180109-080101-2.jpg,7,6,7,6,0,0.9668378,0.00016935325,2.8074717e-05,6.0991124e-07,0.00025802312,2.0212428e-06,5.5584522e-08,0.9668378,0.00024239745,0.032461695
/home/leo/Documentos/mestrado/DeepWeeds-Mobile/images/20180322-114731-1.jpg,8,5,8,5,0,0.6597428,0.05479024,7.363159e-06,5.406e-07,6.8023446e-06,4.2586134e-08,0.6597428,1.958485e-06,0.00208977,0.28336054
/home/leo/Documentos/mestrado/DeepWeeds-Mobile/images/20180109-070835-2.jpg,8,8,8,8,1,0.99665856,5.8375598e-08,3.1994376e-05,6.649791e-05,2.2166073e-06,2.8449479e-06,3.5670897e-07,0.003235902,1.6789485e-06,0.99665856
/home/leo/Documentos/mestrado/DeepWeeds-Mobile/images/20171212-094409-1.jpg,8,8,8,8,1,0.99994123,1.3411855e-05,4.4535628e-07,2.9245722e-13,3.118347e-05,4.1590487e-10,8.42142e-06,1.856732e-09,5.215015e-06,0.99994123
/home/leo/Documentos/mestrado/DeepWeeds-Mobile/images/20171205-133727-2.jpg,8,8,8,8,1,0.9851772,0.009539117,0.00047687898,1.656274e-08,0.0030948208,1.0438154e-06,6.140255e-05,6.330363e-06,0.0016430991,0.9851772
/home/leo/Documentos/mestrado/DeepWeeds-Mobile/images/20180125-125955-2.jpg,8,8,8,8,1,0.9972541,0.00016198642,0.0010741273,1.6052354e-09,0.00036806933,2.1419997e-05,2.2437818e-05,0.0007734215,0.000324438,0.9972541
/home/leo/Documentos/mestrado/DeepWeeds-Mobile/images/20170705-161916-0.jpg,7,0,7,0,0,0.49527943,0.49527943,0.107128605,2.361038e-05,1.6716229e-05,3.7986576e-06,7.7030956e-05,4.2054885e-06,0.3627696,0.03469704
/home/leo/Documentos/mestrado/DeepWeeds-Mobile/images/20171113-120832-1.jpg,6,6,6,6,1,0.8211716,2.56031e-06,0.00038394987,9.58407e-06,0.00026017454,0.000101160054,1.6835899e-06,0.8211716,1.5686357e-05,0.1780536
/home/leo/Documentos/mestrado/DeepWeeds-Mobile/images/20170304-132637-0.jpg,7,7,7,7,1,0.9888438,0.005071189,0.0050175954,5.274553e-14,1.0380395e-09,4.5748717e-11,7.1824634e-06,0.000289417,0.9888438,0.0007709372
/home/leo/Documentos/mestrado/DeepWeeds-Mobile/images/20170714-110918-3.jpg,1,1,1,1,1,0.9734605,0.0002969709,0.9734605,5.0778476e-10,2.0429788e-06,5.5393173e-08,7.224443e-05,0.010442869,0.013024664,0.0027005917
/home/leo/Documentos/mestrado/DeepWeeds-Mobile/images/20171203-170121-3.jpg,8,8,8,8,1,0.998586,0.0006655611,0.0001095415,5.222877e-10,4.111004e-05,2.53931e-08,1.1720053e-06,3.4142106e-06,0.00059313263,0.998586
/home/leo/Documentos/mestrado/DeepWeeds-Mobile/images/20171220-090906-2.jpg,8,8,8,8,1,0.77096623,0.118844785,0.011652484,1.18346094e-07,1.755458e-06,1.5610902e-07,0.016200539,0.00018081,0.08215307,0.77096623
/home/leo/Documentos/mestrado/DeepWeeds-Mobile/images/20170217-104514-0.jpg,0,0,0,0,1,0.99241745,0.99241745,4.0449057e-05,1.666038e-13,5.998247e-10,2.762828e-12,4.0484407e-05,1.5056291e-06,0.0053593502,0.0021407746
/home/leo/Documentos/mestrado/DeepWeeds-Mobile/images/20171109-092315-3.jpg,5,5,5,5,1,0.99991655,2.1561211e-06,1.1301216e-06,4.0246195e-14,2.5963285e-11,6.24259e-14,0.99991655,1.2734229e-07,7.669568e-06,7.23968e-05
/home/leo/Documentos/mestrado/DeepWeeds-Mobile/images/20171108-124937-3.jpg,5,5,5,5,1,0.99778473,0.0003531033,1.9852876e-06,2.9938045e-11,2.913428e-08,1.16439245e-11,0.99778473,1.9233928e-05,1.0373269e-06,0.0018397823
/home/leo/Documentos/mestrado/DeepWeeds-Mobile/images/20171122-103613-1.jpg,5,5,5,5,1,0.9992825,2.5920594e-06,6.460539e-07,1.84959e-13,8.8160074e-10,1.9841169e-12,0.9992825,7.01627e-06,3.349945e-07,0.00070689205
/home/leo/Documentos/mestrado/DeepWeeds-Mobile/images/20170315-090602-0.jpg,8,8,8,8,1,0.9856477,0.0017055892,0.0035180815,0.00036658128,0.001581418,0.00016720298,0.0022442513,0.0040353374,0.0007338195,0.9856477
/home/leo/Documentos/mestrado/DeepWeeds-Mobile/images/20170304-131546-0.jpg,7,7,7,7,1,0.909233,0.09039076,2.617195e-05,2.6236882e-10,4.3522885e-10,3.8091543e-09,9.027906e-05,4.2404964e-09,0.909233,0.00025985905
/home/leo/Documentos/mestrado/DeepWeeds-Mobile/images/20171109-070321-1.jpg,5,5,5,5,1,0.95095146,0.00036194746,5.9561586e-05,1.5732268e-09,1.26218265e-05,4.6604878e-08,0.95095146,7.1047194e-05,0.0034828554,0.045060452
/home/leo/Documentos/mestrado/DeepWeeds-Mobile/images/20171025-100416-2.jpg,3,3,3,3,1,0.9904688,0.0001335008,1.4159612e-06,4.0370098e-05,0.9904688,0.00031482434,3.1418588e-09,4.6383006e-10,0.00013346414,0.008907671
/home/leo/Documentos/mestrado/DeepWeeds-Mobile/images/20170920-155806-3.jpg,2,2,2,2,1,0.95250934,0.00010395073,1.7176817e-06,0.95250934,0.0078379,0.032236338,0.0022439314,3.7952193e-06,0.00010700191,0.00495604
/home/leo/Documentos/mestrado/DeepWeeds-Mobile/images/20170913-104356-3.jpg,5,5,5,5,1,0.6528084,0.00089112454,0.00011623513,0.019815937,0.22648743,0.020698052,0.6528084,1.9386956e-05,0.00045092127,0.07871249
/home/leo/Documentos/mestrado/DeepWeeds-Mobile/images/20171220-100247-1.jpg,8,8,8,8,1,0.9936793,0.003054123,0.0006683132,3.6968302e-14,2.1649176e-07,1.288317e-12,0.0016744743,2.88651e-06,0.0009206521,0.9936793
/home/leo/Documentos/mestrado/DeepWeeds-Mobile/images/20180109-095531-2.jpg,8,8,8,8,1,0.9458473,0.0013002405,9.2566355e-05,0.0015912453,0.04570523,0.0012470493,4.412799e-05,8.449581e-07,0.004171352,0.9458473
/home/leo/Documentos/mestrado/DeepWeeds-Mobile/images/20170715-164836-1.jpg,1,1,1,1,1,0.9993961,0.00014695844,0.9993961,2.3442023e-10,3.075731e-09,1.4879299e-10,2.042348e-08,0.00041133445,3.1609034e-05,1.4074205e-05
/home/leo/Documentos/mestrado/DeepWeeds-Mobile/images/20180109-103054-1.jpg,8,8,8,8,1,0.7556163,0.019727187,0.008554101,0.0023108828,0.19917624,0.002660614,4.4038236e-05,0.0025598372,0.00935081,0.7556163
/home/leo/Documentos/mestrado/DeepWeeds-Mobile/images/20171205-123507-2.jpg,8,8,8,8,1,0.7988938,0.012171271,0.0055089374,4.647957e-09,3.062357e-05,7.557187e-08,0.16932917,0.009168128,0.004897891,0.7988938
/home/leo/Documentos/mestrado/DeepWeeds-Mobile/images/20180105-092154-2.jpg,8,8,8,8,1,0.75135845,1.3160353e-06,0.001357407,2.8301542e-07,0.0016521264,6.401381e-06,1.2418187e-05,0.24559702,1.4643492e-05,0.75135845
/home/leo/Documentos/mestrado/DeepWeeds-Mobile/images/20180125-093946-2.jpg,8,8,8,8,1,0.9990839,3.3703276e-05,2.1145066e-05,5.4145096e-07,0.0008071063,2.3946095e-06,2.687094e-06,2.1001244e-06,4.652427e-05,0.9990839
/home/leo/Documentos/mestrado/DeepWeeds-Mobile/images/20180109-103937-2.jpg,8,8,8,8,1,0.9984094,5.740358e-05,2.0966769e-07,0.00011996895,0.0013951012,5.9054753e-07,7.729104e-06,2.7569694e-08,9.573706e-06,0.9984094
/home/leo/Documentos/mestrado/DeepWeeds-Mobile/images/20170913-100044-1.jpg,3,3,3,3,1,0.99866164,1.8672013e-06,1.8782197e-07,9.374044e-05,0.99866164,0.00040890253,0.00029650182,4.963638e-10,5.4209796e-08,0.00053722574
/home/leo/Documentos/mestrado/DeepWeeds-Mobile/images/20171113-122323-0.jpg,6,6,6,6,1,0.87624073,0.00042469325,0.12146466,3.0825316e-08,1.519375e-05,2.2544673e-06,4.2678803e-06,0.87624073,0.00020846876,0.0016396674
/home/leo/Documentos/mestrado/DeepWeeds-Mobile/images/20170711-121408-0.jpg,0,8,0,8,0,0.5740979,0.2851337,0.012426922,0.0015979948,0.056867108,0.00092400465,0.03146892,0.00020093612,0.037282623,0.5740979
/home/leo/Documentos/mestrado/DeepWeeds-Mobile/images/20170913-123102-1.jpg,5,5,5,5,1,0.9999149,3.2231915e-07,9.6736095e-09,1.9861664e-06,1.4478283e-05,6.489466e-05,0.9999149,7.902861e-08,8.248785e-08,3.2798607e-06
/home/leo/Documentos/mestrado/DeepWeeds-Mobile/images/20180112-094541-1.jpg,8,8,8,8,1,0.8840959,0.010968649,0.0071933335,0.0014483222,0.0011619786,0.019002827,4.926378e-05,0.012882192,0.06319752,0.8840959
/home/leo/Documentos/mestrado/DeepWeeds-Mobile/images/20170217-115029-0.jpg,0,0,0,0,1,0.9794398,0.9794398,0.0020821958,1.578128e-07,1.591982e-07,7.3428588e-09,2.2207057e-06,7.3929127e-06,0.0035197071,0.0149482805
/home/leo/Documentos/mestrado/DeepWeeds-Mobile/images/20171109-194934-1.jpg,5,5,5,5,1,0.9925734,2.1528884e-05,4.3296368e-05,4.136874e-15,2.7621019e-09,3.720786e-13,0.9925734,2.072799e-05,8.921334e-06,0.007332148
/home/leo/Documentos/mestrado/DeepWeeds-Mobile/images/20170207-141852-0.jpg,7,7,7,7,1,0.91894364,0.0672035,0.003117189,1.6931004e-07,2.2112877e-07,7.2703554e-09,1.6188412e-06,3.57183e-08,0.91894364,0.010733724
/home/leo/Documentos/mestrado/DeepWeeds-Mobile/images/20170728-124050-3.jpg,4,4,4,4,1,0.47844097,0.22320555,0.0023585695,0.018933123,0.013259067,0.47844097,0.00048062258,1.244261e-05,0.032547902,0.2307617
/home/leo/Documentos/mestrado/DeepWeeds-Mobile/images/20171218-120217-2.jpg,8,8,8,8,1,0.99930346,0.00028081218,7.5216514e-07,8.331684e-14,1.4429222e-05,1.0857285e-09,1.28418915e-05,1.976901e-09,0.00038777085,0.99930346
/home/leo/Documentos/mestrado/DeepWeeds-Mobile/images/20171102-120721-3.jpg,2,2,2,2,1,0.99928653,5.5005927e-05,1.3914501e-08,0.99928653,2.7646955e-05,1.1189043e-06,1.5081678e-08,3.077616e-10,3.6475643e-07,0.0006292592
/home/leo/Documentos/mestrado/DeepWeeds-Mobile/images/20171220-083759-2.jpg,8,8,8,8,1,0.9573056,0.034626633,2.0523958e-05,3.244982e-09,1.4412327e-05,2.0595739e-07,6.485383e-05,1.3737906e-07,0.007967534,0.9573056
/home/leo/Documentos/mestrado/DeepWeeds-Mobile/images/20171217-184132-2.jpg,8,8,8,8,1,0.4079867,0.27901778,0.006664638,0.000297487,0.006769623,0.0019884517,0.04912374,3.653829e-05,0.24811508,0.4079867
/home/leo/Documentos/mestrado/DeepWeeds-Mobile/images/20180119-113258-1.jpg,8,8,8,8,1,0.86854786,4.6552454e-06,0.0063591846,3.6211914e-05,5.1829385e-05,3.6397055e-06,9.584735e-07,0.12491659,7.911801e-05,0.86854786
/home/leo/Documentos/mestrado/DeepWeeds-Mobile/images/20180119-104505-1.jpg,8,8,8,8,1,0.9933999,2.554166e-05,0.0037697728,4.0868195e-05,0.0010467742,0.00011131451,8.661914e-08,0.0012764456,0.0003292122,0.9933999
/home/leo/Documentos/mestrado/DeepWeeds-Mobile/images/20180105-101617-2.jpg,8,8,8,8,1,0.7794152,6.220608e-05,1.015133e-05,0.041595537,0.055192906,0.012227386,8.7228347e-07,0.11114638,0.00034925714,0.7794152
/home/leo/Documentos/mestrado/DeepWeeds-Mobile/images/20171220-101409-2.jpg,8,8,8,8,1,0.7403144,0.18709691,0.00028217965,1.3558379e-07,5.5387495e-06,1.4278338e-07,0.02824135,4.4886492e-05,0.044014387,0.7403144
/home/leo/Documentos/mestrado/DeepWeeds-Mobile/images/20170920-130713-2.jpg,2,2,2,2,1,0.7219247,5.291065e-07,1.649651e-07,0.7219247,0.0016195524,0.27445397,4.5340772e-07,8.040934e-07,5.0009356e-07,0.001999335
/home/leo/Documentos/mestrado/DeepWeeds-Mobile/images/20180125-094216-2.jpg,8,8,8,8,1,0.9834679,1.6293938e-05,1.0127475e-05,0.003022188,0.00075541664,0.009078137,1.6987346e-05,0.0036272435,5.7787715e-06,0.9834679
/home/leo/Documentos/mestrado/DeepWeeds-Mobile/images/20180125-092712-2.jpg,8,8,8,8,1,0.9922044,0.00038413776,0.00064339646,3.0264837e-06,0.0024248343,0.0004515339,1.2975193e-05,4.8662873e-06,0.003870675,0.9922044
/home/leo/Documentos/mestrado/DeepWeeds-Mobile/images/20171121-074016-1.jpg,6,6,6,6,1,0.9744217,0.0003213919,0.0042186826,1.09459876e-07,0.00039861427,0.000116277726,0.00020543947,0.9744217,0.004854537,0.015463229
/home/leo/Documentos/mestrado/DeepWeeds-Mobile/images/20171102-115030-2.jpg,2,2,2,2,1,0.993523,1.931122e-06,4.5676907e-06,0.993523,0.002776764,0.00041449998,3.8190935e-09,6.721399e-08,1.3154221e-06,0.0032777158
/home/leo/Documentos/mestrado/DeepWeeds-Mobile/images/20171121-074015-1.jpg,6,6,6,6,1,0.98324287,0.00023431552,0.0014347293,1.6879198e-07,0.0002778138,6.941067e-05,0.00013023925,0.98324287,0.0020421264,0.012568434
/home/leo/Documentos/mestrado/DeepWeeds-Mobile/images/20171109-070737-3.jpg,5,5,5,5,1,0.9864277,1.9348026e-06,3.2851378e-05,6.76242e-13,1.3509587e-06,1.0471808e-11,0.9864277,1.9940291e-05,2.8320119e-05,0.013487961
/home/leo/Documentos/mestrado/DeepWeeds-Mobile/images/20180322-114132-2.jpg,8,8,8,8,1,0.99333066,0.0003808192,0.0010403148,6.960766e-08,0.0040178685,9.196334e-05,8.478513e-06,0.00016673321,0.0009629384,0.99333066
/home/leo/Documentos/mestrado/DeepWeeds-Mobile/images/20180112-100842-1.jpg,8,8,8,8,1,0.53616625,0.03120469,0.009492645,0.001952167,0.08599327,0.008851031,0.0002026844,0.29871693,0.027420409,0.53616625
/home/leo/Documentos/mestrado/DeepWeeds-Mobile/images/20170130-102111-0.jpg,1,1,1,1,1,0.98362553,0.006185326,0.98362553,6.1863012e-09,8.993615e-06,1.4499552e-07,5.2170667e-06,0.00061203697,0.008162906,0.0013999429
/home/leo/Documentos/mestrado/DeepWeeds-Mobile/images/20170727-150018-3.jpg,4,4,4,4,1,0.9761036,0.00028504644,3.223737e-06,0.014023978,0.000468826,0.9761036,3.7015811e-06,2.339413e-07,0.00053825957,0.008573172
/home/leo/Documentos/mestrado/DeepWeeds-Mobile/images/20171218-112823-3.jpg,8,8,8,8,1,0.945199,6.7523874e-06,0.05216267,3.388569e-08,0.0014650107,2.6689036e-06,2.9240755e-06,0.0011285396,3.2327433e-05,0.945199
/home/leo/Documentos/mestrado/DeepWeeds-Mobile/images/20170913-124640-1.jpg,5,3,5,3,0,0.4256671,1.1506472e-05,8.4331117e-07,0.20996614,0.4256671,0.26662806,0.09120631,2.0045034e-05,8.727705e-06,0.0064912545
/home/leo/Documentos/mestrado/DeepWeeds-Mobile/images/20170811-113014-2.jpg,0,0,0,0,1,0.96224725,0.96224725,2.7467884e-05,2.5244775e-05,2.0100513e-05,5.6960575e-06,5.7906045e-06,8.772094e-09,0.0005883633,0.037080094
/home/leo/Documentos/mestrado/DeepWeeds-Mobile/images/20171212-105430-3.jpg,8,8,8,8,1,0.8304704,0.05763198,0.056499053,3.5694568e-06,0.00056679454,1.3630432e-05,8.412599e-06,8.990796e-06,0.054797165,0.8304704
/home/leo/Documentos/mestrado/DeepWeeds-Mobile/images/20180105-092814-2.jpg,8,8,8,8,1,0.78940666,3.621165e-08,0.00010708646,2.6913204e-07,6.456376e-05,2.5706647e-06,9.611768e-08,0.21041842,3.5322526e-07,0.78940666
/home/leo/Documentos/mestrado/DeepWeeds-Mobile/images/20171025-080846-1.jpg,3,3,3,3,1,0.9343574,0.0017379109,1.5597926e-06,1.7604087e-05,0.9343574,0.00012776705,4.8705065e-08,6.8041595e-10,0.0007921704,0.06296564
/home/leo/Documentos/mestrado/DeepWeeds-Mobile/images/20180109-075750-2.jpg,8,8,8,8,1,0.98811495,4.069767e-05,0.00011365683,0.008865898,0.00032507023,0.0013795892,5.688814e-07,0.0010988733,6.0559254e-05,0.98811495
/home/leo/Documentos/mestrado/DeepWeeds-Mobile/images/20171109-091628-2.jpg,5,5,5,5,1,0.9999894,3.8802145e-07,1.5820527e-07,1.3541536e-17,1.2913032e-12,2.224998e-15,0.9999894,2.7773595e-07,2.0528016e-06,7.784022e-06
/home/leo/Documentos/mestrado/DeepWeeds-Mobile/images/20170913-130528-2.jpg,5,5,5,5,1,0.99793375,2.6401397e-06,5.3048623e-08,2.9482942e-07,0.00019231474,0.001860352,0.99793375,6.9427647e-10,1.1661831e-06,9.573746e-06
/home/leo/Documentos/mestrado/DeepWeeds-Mobile/images/20180322-133508-1.jpg,8,8,8,8,1,0.9008602,0.00593752,0.0051689288,9.974056e-07,2.2073327e-05,6.546731e-05,1.2522617e-05,1.586834e-07,0.0879321,0.9008602
/home/leo/Documentos/mestrado/DeepWeeds-Mobile/images/20170727-151306-3.jpg,4,4,4,4,1,0.9803155,9.309772e-05,1.2915419e-06,0.0035020758,0.0008950111,0.9803155,1.4101727e-06,3.0782704e-08,0.00031479148,0.014876783
/home/leo/Documentos/mestrado/DeepWeeds-Mobile/images/20170727-162650-1.jpg,4,4,4,4,1,0.8645028,0.044579487,1.8367045e-05,0.00012664056,0.0041046315,0.8645028,1.0196434e-05,6.5432433e-09,0.05923194,0.027425863
/home/leo/Documentos/mestrado/DeepWeeds-Mobile/images/20171025-081404-1.jpg,3,3,3,3,1,0.76393193,0.031160768,5.1681294e-05,0.001230438,0.76393193,0.00014933656,5.929834e-07,4.674404e-08,0.010411761,0.19306347
/home/leo/Documentos/mestrado/DeepWeeds-Mobile/images/20170210-145719-0.jpg,0,0,0,0,1,0.97471106,0.97471106,0.004924438,3.598273e-08,2.8982393e-08,1.0628652e-07,4.2072068e-05,8.098871e-06,0.008567483,0.011746735
/home/leo/Documentos/mestrado/DeepWeeds-Mobile/images/20170920-093909-1.jpg,2,8,2,8,0,0.52556854,2.05466e-06,0.00026739715,0.31054196,0.0026895213,0.0064724903,2.7392747e-07,0.15442213,3.5579724e-05,0.52556854
/home/leo/Documentos/mestrado/DeepWeeds-Mobile/images/20171025-075546-1.jpg,3,3,3,3,1,0.70285743,0.000917899,0.17299795,2.1127921e-06,0.70285743,0.00019835962,6.8697614e-06,0.0033848207,0.007529783,0.112104684
/home/leo/Documentos/mestrado/DeepWeeds-Mobile/images/20170913-115431-2.jpg,5,0,5,0,0,0.9136556,0.9136556,0.010431737,7.3178155e-05,0.0001665593,3.658009e-05,0.0017862169,2.3179877e-05,0.065941505,0.007885424
/home/leo/Documentos/mestrado/DeepWeeds-Mobile/images/20170630-154236-0.jpg,7,8,7,8,0,0.866013,0.09448299,0.012890395,2.6595608e-05,0.0010478622,2.107656e-06,0.00014194261,0.00095139036,0.024443762,0.866013
/home/leo/Documentos/mestrado/DeepWeeds-Mobile/images/20170727-125535-1.jpg,4,4,4,4,1,0.9821905,9.274596e-05,2.608673e-07,0.00817591,0.0017672996,0.9821905,9.3778914e-07,2.3048325e-07,0.00013154243,0.007640576
/home/leo/Documentos/mestrado/DeepWeeds-Mobile/images/20171220-082855-3.jpg,8,8,8,8,1,0.94484067,0.005790431,3.3444598e-05,1.250248e-11,1.2291084e-06,9.558303e-09,0.04390861,0.004525665,0.0009000659,0.94484067
/home/leo/Documentos/mestrado/DeepWeeds-Mobile/images/20171205-133754-2.jpg,8,8,8,8,1,0.98922896,0.0035227737,2.6575748e-05,2.479057e-06,0.006225508,4.066163e-06,4.5884277e-05,6.962009e-08,0.00094367453,0.98922896
/home/leo/Documentos/mestrado/DeepWeeds-Mobile/images/20170906-095536-1.jpg,3,3,3,3,1,0.95894694,2.5693345e-05,0.0005027312,1.2211002e-09,0.95894694,3.5067953e-06,7.045376e-08,0.00026167725,0.00010646337,0.04015302
/home/leo/Documentos/mestrado/DeepWeeds-Mobile/images/20171121-073257-1.jpg,6,6,6,6,1,0.88074744,0.0012015953,0.059720617,4.177228e-09,0.00027530405,1.3306144e-06,0.012507176,0.88074744,0.022962952,0.022583602
/home/leo/Documentos/mestrado/DeepWeeds-Mobile/images/20170706-112750-0.jpg,7,0,7,0,0,0.5074823,0.5074823,0.0011548414,0.0018557328,0.0012199138,0.00017291763,0.0003539047,1.2768623e-07,0.21654786,0.27121246
/home/leo/Documentos/mestrado/DeepWeeds-Mobile/images/20180112-075044-2.jpg,8,8,8,8,1,0.4280426,0.35051438,0.00037868205,0.038542964,0.07933292,0.0025939634,1.26193045e-05,1.4290954e-07,0.10058184,0.4280426
/home/leo/Documentos/mestrado/DeepWeeds-Mobile/images/20180112-074411-1.jpg,8,8,8,8,1,0.6703638,0.06682174,4.504044e-05,0.006413909,0.23594092,0.0012821135,9.610395e-07,7.652566e-09,0.019131461,0.6703638
/home/leo/Documentos/mestrado/DeepWeeds-Mobile/images/20171113-150022-3.jpg,6,8,6,8,0,0.66482204,0.000861111,0.002797847,0.0064199897,0.00191972,0.022465322,0.00017202516,0.2958927,0.004649357,0.66482204
/home/leo/Documentos/mestrado/DeepWeeds-Mobile/images/20171219-101145-2.jpg,8,8,8,8,1,0.7439443,0.004504139,0.00044991547,0.027042087,0.021738242,0.20147923,0.0002339881,0.00010585162,0.00050230726,0.7439443
/home/leo/Documentos/mestrado/DeepWeeds-Mobile/images/20170405-155617-0.jpg,0,0,0,0,1,0.46195656,0.46195656,0.0002740678,5.4054977e-05,0.046140827,1.4683396e-06,0.00030635518,4.9966577e-08,0.09023419,0.4010325
/home/leo/Documentos/mestrado/DeepWeeds-Mobile/images/20180125-100328-2.jpg,8,8,8,8,1,0.9996881,4.407262e-07,2.5939636e-07,3.362189e-05,0.00022249234,2.8559343e-06,1.6003864e-06,4.9666534e-05,9.320738e-07,0.9996881
/home/leo/Documentos/mestrado/DeepWeeds-Mobile/images/20171219-113222-3.jpg,8,3,8,3,0,0.6113031,0.0075524594,0.012863766,0.00026771656,0.6113031,0.006834511,7.6990385e-05,0.14023145,0.023366224,0.19750379
/home/leo/Documentos/mestrado/DeepWeeds-Mobile/images/20180109-072137-1.jpg,8,8,8,8,1,0.9138158,0.0004423231,0.008299631,1.3088152e-05,0.004984359,0.000102005644,9.97429e-05,0.071582615,0.0006604938,0.9138158
/home/leo/Documentos/mestrado/DeepWeeds-Mobile/images/20171025-074804-2.jpg,3,3,3,3,1,0.98126113,7.267404e-05,0.0048010796,1.5775269e-08,0.98126113,8.103224e-05,1.4941659e-07,0.00018075143,0.00059993693,0.013003237
/home/leo/Documentos/mestrado/DeepWeeds-Mobile/images/20180109-075623-2.jpg,8,8,8,8,1,0.7408483,0.100921124,0.013862181,0.0005615959,0.13206506,0.00010603532,2.000129e-05,0.00033935736,0.01127626,0.7408483
/home/leo/Documentos/mestrado/DeepWeeds-Mobile/images/20171113-124442-3.jpg,6,6,6,6,1,0.9989365,2.0218386e-06,8.79074e-07,1.8766871e-06,6.517754e-06,3.4376083e-07,7.989607e-09,0.9989365,4.0745834e-07,0.0010514267
/home/leo/Documentos/mestrado/DeepWeeds-Mobile/images/20180109-101445-2.jpg,8,8,8,8,1,0.9757481,1.8898705e-06,0.004064078,3.6752997e-05,9.8283366e-05,4.1309995e-06,0.0001408333,0.019894276,1.158425e-05,0.9757481
/home/leo/Documentos/mestrado/DeepWeeds-Mobile/images/20180119-110435-1.jpg,8,8,8,8,1,0.9302245,0.0031054607,0.028874675,1.7897365e-06,0.0009888309,1.7478033e-05,1.9050403e-05,0.012236004,0.024532154,0.9302245
/home/leo/Documentos/mestrado/DeepWeeds-Mobile/images/20171109-074508-3.jpg,5,5,5,5,1,0.9938193,1.548822e-05,3.2711428e-06,1.219445e-11,2.7213355e-07,1.9801448e-10,0.9938193,4.9316345e-06,1.569308e-06,0.00615508
/home/leo/Documentos/mestrado/DeepWeeds-Mobile/images/20170715-131418-1.jpg,1,1,1,1,1,0.9827078,1.2609567e-06,0.9827078,1.4526618e-14,4.4137747e-09,1.5230789e-11,2.357204e-08,0.017105326,2.6745454e-07,0.00018540007
/home/leo/Documentos/mestrado/DeepWeeds-Mobile/images/20171102-123036-3.jpg,2,2,2,2,1,0.9998188,1.2111411e-05,8.332977e-10,0.9998188,9.832362e-05,5.4851807e-06,2.5032034e-09,2.3209613e-12,7.5637324e-08,6.511356e-05
/home/leo/Documentos/mestrado/DeepWeeds-Mobile/images/20171219-100149-2.jpg,8,8,8,8,1,0.7444652,0.04362727,0.028848633,8.022579e-05,0.009400955,9.999841e-05,0.1402655,0.008627937,0.024584321,0.7444652
/home/leo/Documentos/mestrado/DeepWeeds-Mobile/images/20171109-091644-3.jpg,5,5,5,5,1,0.999892,1.2040197e-06,4.8358643e-08,6.28264e-15,5.605267e-10,3.0426472e-13,0.999892,1.6692453e-06,1.2965749e-06,0.000103766564
/home/leo/Documentos/mestrado/DeepWeeds-Mobile/images/20170405-155646-0.jpg,0,8,0,8,0,0.91131145,0.027582431,0.00013969184,2.7579279e-06,0.037545294,5.3389285e-06,2.872114e-07,3.248124e-08,0.023412684,0.91131145
/home/leo/Documentos/mestrado/DeepWeeds-Mobile/images/20171219-114357-2.jpg,8,3,8,3,0,0.602671,0.0011744046,3.972259e-05,0.00030325766,0.602671,0.001907117,6.7518117e-06,9.286456e-05,0.0008073786,0.39299744
/home/leo/Documentos/mestrado/DeepWeeds-Mobile/images/20180322-105116-1.jpg,8,8,8,8,1,0.9976427,0.001170179,0.0001225379,0.00046228294,5.1807634e-05,0.00037695994,6.0877515e-05,2.0598829e-07,0.000112421345,0.9976427
/home/leo/Documentos/mestrado/DeepWeeds-Mobile/images/20170811-133548-1.jpg,0,0,0,0,1,0.9962124,0.9962124,2.981295e-07,1.45006975e-11,2.2256085e-08,2.1236053e-08,1.3565869e-05,1.1348807e-06,0.0018180757,0.0019544251
/home/leo/Documentos/mestrado/DeepWeeds-Mobile/images/20170728-123735-2.jpg,4,4,4,4,1,0.9495729,1.631782e-05,7.7596974e-07,0.0015072158,0.0016260233,0.9495729,1.03306654e-07,1.0068568e-06,9.6120326e-05,0.047179528
/home/leo/Documentos/mestrado/DeepWeeds-Mobile/images/20180109-094947-2.jpg,8,8,8,8,1,0.9649872,0.008839227,0.00019581443,0.00016652617,0.024830727,5.0148187e-06,5.1586557e-07,0.00046312268,0.000511768,0.9649872
/home/leo/Documentos/mestrado/DeepWeeds-Mobile/images/20180105-093118-2.jpg,8,6,8,6,0,0.5356557,7.638167e-05,0.00016624226,7.1743852e-06,0.00027477977,9.559476e-06,3.553572e-05,0.5356557,0.00044644866,0.46332824
/home/leo/Documentos/mestrado/DeepWeeds-Mobile/images/20170906-114333-2.jpg,3,8,3,8,0,0.7930831,0.003974022,0.0036662535,4.5964793e-08,0.19644754,8.688079e-05,5.1748186e-05,0.0006810584,0.002009338,0.7930831
/home/leo/Documentos/mestrado/DeepWeeds-Mobile/images/20171113-143404-2.jpg,6,6,6,6,1,0.99745387,0.00096943864,0.0005074278,1.0182517e-13,4.9929884e-08,3.82583e-10,1.205191e-05,0.99745387,0.0009807417,7.642224e-05
/home/leo/Documentos/mestrado/DeepWeeds-Mobile/images/20171113-100556-3.jpg,5,5,5,5,1,0.99468696,0.001703615,3.3000284e-05,7.867599e-09,4.2445777e-08,6.183458e-09,0.99468696,6.261606e-05,0.00022249448,0.0032912844
/home/leo/Documentos/mestrado/DeepWeeds-Mobile/images/20180125-131649-3.jpg,8,8,8,8,1,0.8685615,0.00637575,0.08440875,0.00017916027,0.0024617785,0.012485029,5.0850067e-05,0.00053920044,0.024938013,0.8685615
/home/leo/Documentos/mestrado/DeepWeeds-Mobile/images/20171220-093020-3.jpg,8,8,8,8,1,0.9985488,2.4815765e-05,1.2725407e-06,5.9089156e-10,0.0014131031,1.5308713e-07,5.5231335e-06,5.435945e-06,8.8233867e-07,0.9985488
/home/leo/Documentos/mestrado/DeepWeeds-Mobile/images/20180322-103032-2.jpg,8,8,8,8,1,0.9892297,0.00056578434,2.1730573e-05,3.4873885e-06,0.008860335,0.0011596073,5.306826e-08,5.3287696e-10,0.00015934257,0.9892297
/home/leo/Documentos/mestrado/DeepWeeds-Mobile/images/20180105-093417-2.jpg,8,8,8,8,1,0.93169403,6.96097e-05,6.161886e-05,0.01515764,0.0022135014,0.002534217,8.658805e-07,0.047964297,0.00030420366,0.93169403
/home/leo/Documentos/mestrado/DeepWeeds-Mobile/images/20170630-155757-0.jpg,7,7,7,7,1,0.99622536,0.0022565196,0.0013932714,9.074535e-10,3.6896625e-07,1.0197298e-07,3.4237128e-06,4.5953515e-05,0.99622536,7.504035e-05
/home/leo/Documentos/mestrado/DeepWeeds-Mobile/images/20170714-144408-2.jpg,1,8,1,8,0,0.7427904,0.008300892,0.032240383,2.350846e-08,0.18251552,1.5743282e-06,0.0022242733,0.0023432348,0.029583704,0.7427904
/home/leo/Documentos/mestrado/DeepWeeds-Mobile/images/20171113-130008-2.jpg,6,8,6,8,0,0.8948005,1.8142531e-05,5.5360542e-05,0.00022593855,0.00017830377,0.00027924392,1.4935257e-05,0.104412585,1.4999948e-05,0.8948005
/home/leo/Documentos/mestrado/DeepWeeds-Mobile/images/20180105-100302-3.jpg,8,8,8,8,1,0.76337016,3.4741169e-07,1.0512131e-07,0.2323103,0.0019843194,0.0022726809,4.7232485e-09,5.9080718e-05,3.0368137e-06,0.76337016
/home/leo/Documentos/mestrado/DeepWeeds-Mobile/images/20170630-152017-0.jpg,7,7,7,7,1,0.8210268,0.025882639,0.0321834,6.3948546e-06,0.0068563675,0.0008099751,1.0419982e-05,4.0563074e-05,0.8210268,0.11318344
/home/leo/Documentos/mestrado/DeepWeeds-Mobile/images/20170729-085730-2.jpg,4,4,4,4,1,0.95671105,0.0007319055,2.2423266e-05,0.0010829883,0.01588006,0.95671105,1.6998245e-05,6.317969e-07,0.00472031,0.02083372
/home/leo/Documentos/mestrado/DeepWeeds-Mobile/images/20170210-131153-0.jpg,7,7,7,7,1,0.97376955,0.023147082,0.00045135632,1.2745379e-09,9.793586e-10,2.9457732e-09,2.266149e-06,1.3883069e-06,0.97376955,0.002628289
/home/leo/Documentos/mestrado/DeepWeeds-Mobile/images/20170630-154652-0.jpg,7,7,7,7,1,0.7532084,0.03725833,0.15359867,2.0044133e-09,3.4934e-05,4.0601665e-07,0.00019181384,4.5041106e-05,0.7532084,0.05566242
/home/leo/Documentos/mestrado/DeepWeeds-Mobile/images/20180109-074146-1.jpg,8,8,8,8,1,0.98030007,8.613256e-07,4.342662e-06,5.337398e-05,0.00025820296,4.2530846e-05,8.2411916e-08,0.019336527,4.105394e-06,0.98030007
/home/leo/Documentos/mestrado/DeepWeeds-Mobile/images/20171218-103142-3.jpg,8,8,8,8,1,0.9754672,0.0023996423,0.0002030558,0.0030192118,0.0015329972,0.009192139,8.442631e-07,8.3375824e-05,0.008101481,0.9754672
/home/leo/Documentos/mestrado/DeepWeeds-Mobile/images/20171113-115831-1.jpg,6,6,6,6,1,0.99957937,8.176183e-08,0.0003982364,3.5927167e-11,1.7468034e-08,7.3052103e-10,1.4666242e-07,0.99957937,1.490722e-07,2.191803e-05
/home/leo/Documentos/mestrado/DeepWeeds-Mobile/images/20171102-123554-3.jpg,2,2,2,2,1,0.9999088,3.526174e-09,3.1106686e-09,0.9999088,1.8477876e-06,1.1696401e-05,1.5012623e-10,2.3280696e-08,2.2442943e-09,7.75318e-05
/home/leo/Documentos/mestrado/DeepWeeds-Mobile/images/20180109-092502-1.jpg,8,8,8,8,1,0.9994275,7.3861274e-06,2.0220172e-05,8.441077e-05,0.00026982068,0.000108752414,8.956911e-09,4.1893954e-06,7.7646575e-05,0.9994275
/home/leo/Documentos/mestrado/DeepWeeds-Mobile/images/20170129-102202-0.jpg,8,8,8,8,1,0.98102486,8.348166e-05,0.015082615,4.998716e-10,0.0035647627,4.565899e-08,1.0874079e-05,5.5025674e-05,0.00017838132,0.98102486
/home/leo/Documentos/mestrado/DeepWeeds-Mobile/images/20170610-123827-0.jpg,1,8,1,8,0,0.69029206,0.1139202,0.12856612,2.3412406e-07,0.025236173,3.2689704e-06,0.0024541467,0.00014721848,0.039380506,0.69029206
/home/leo/Documentos/mestrado/DeepWeeds-Mobile/images/20171219-100626-3.jpg,8,8,8,8,1,0.99275655,0.0040086205,0.00013377241,1.612354e-10,3.8974904e-05,1.2575981e-07,0.0006833551,0.0015031389,0.000875494,0.99275655
/home/leo/Documentos/mestrado/DeepWeeds-Mobile/images/20170727-143957-1.jpg,4,5,4,5,0,0.43280324,0.29644287,0.008278666,0.0012474793,0.009224306,0.21578734,0.43280324,0.0007579228,0.024767317,0.010690913
/home/leo/Documentos/mestrado/DeepWeeds-Mobile/images/20170714-170028-1.jpg,1,1,1,1,1,0.50670236,0.0009860947,0.50670236,1.4815363e-06,0.008579027,0.00024805576,5.4010656e-05,0.02418054,0.005311443,0.45393702
/home/leo/Documentos/mestrado/DeepWeeds-Mobile/images/20171218-110452-2.jpg,8,8,8,8,1,0.96028787,0.00082351075,0.00041415117,1.366993e-12,3.7942773e-05,3.621804e-10,0.038301975,2.945499e-05,0.000105082654,0.96028787
/home/leo/Documentos/mestrado/DeepWeeds-Mobile/images/20170913-155520-3.jpg,3,5,3,5,0,0.7954825,0.004440983,0.00018215027,0.00027898254,0.04358145,0.05009893,0.7954825,1.4453677e-07,0.00121866,0.1047162
/home/leo/Documentos/mestrado/DeepWeeds-Mobile/images/20180112-104311-2.jpg,8,8,8,8,1,0.9199291,0.05699018,2.9616747e-05,0.011150979,0.00657285,0.0006510163,3.7880433e-05,2.2491593e-06,0.004636097,0.9199291
/home/leo/Documentos/mestrado/DeepWeeds-Mobile/images/20180322-114954-1.jpg,8,8,8,8,1,0.93865705,0.000692809,0.05391999,1.2190246e-08,5.1035888e-05,1.1377338e-06,0.002001564,4.822911e-05,0.004628198,0.93865705
/home/leo/Documentos/mestrado/DeepWeeds-Mobile/images/20171220-084624-2.jpg,8,8,8,8,1,0.99313354,0.0019859402,0.001595604,6.948445e-11,9.529185e-06,1.5355814e-10,0.0024795,1.136628e-06,0.0007947515,0.99313354
/home/leo/Documentos/mestrado/DeepWeeds-Mobile/images/20170728-151426-1.jpg,4,4,4,4,1,0.9031116,3.475886e-05,1.5423988e-07,0.09374955,1.6019869e-05,0.9031116,1.2664924e-06,8.509329e-08,3.6065217e-06,0.0030830705
/home/leo/Documentos/mestrado/DeepWeeds-Mobile/images/20170207-142840-0.jpg,7,7,7,7,1,0.9025519,0.09257471,0.00011605519,1.980836e-09,1.9493701e-10,8.147244e-11,8.2953625e-07,2.1182553e-09,0.9025519,0.00475657
/home/leo/Documentos/mestrado/DeepWeeds-Mobile/images/20171220-095355-1.jpg,8,8,8,8,1,0.9999616,1.7028542e-05,6.854705e-09,4.6945636e-16,5.4841537e-10,1.4493642e-13,1.9733705e-05,1.4701647e-10,1.612054e-06,0.9999616
/home/leo/Documentos/mestrado/DeepWeeds-Mobile/images/20180109-091220-1.jpg,8,8,8,8,1,0.99958533,5.2033683e-06,7.253716e-06,4.009249e-08,2.3440014e-05,3.1135453e-08,0.00019029384,0.00016771445,2.0716201e-05,0.99958533
/home/leo/Documentos/mestrado/DeepWeeds-Mobile/images/20170920-134228-2.jpg,2,2,2,2,1,0.6028633,0.00071522896,0.00012126796,0.6028633,0.052715637,0.018588996,4.1558007e-05,0.00026224524,0.00067421736,0.3240176
/home/leo/Documentos/mestrado/DeepWeeds-Mobile/images/20170210-130453-0.jpg,7,7,7,7,1,0.99990547,4.4719047e-05,3.8261318e-05,4.2037176e-11,1.40360995e-11,4.143237e-11,1.7629704e-06,1.3914087e-07,0.99990547,9.629196e-06
/home/leo/Documentos/mestrado/DeepWeeds-Mobile/images/20170217-150428-0.jpg,0,7,0,7,0,0.8568022,0.113284804,9.933008e-06,7.6498066e-14,2.8487654e-10,1.0641439e-11,0.012082416,1.5903805e-06,0.8568022,0.01781904
/home/leo/Documentos/mestrado/DeepWeeds-Mobile/images/20180109-102823-2.jpg,8,3,8,3,0,0.55329347,0.00064634543,0.0013914676,0.011787465,0.55329347,0.014456417,6.6947773e-06,3.781108e-05,0.0028699762,0.41551045
/home/leo/Documentos/mestrado/DeepWeeds-Mobile/images/20180109-071419-2.jpg,8,8,8,8,1,0.999311,3.3088285e-10,1.9720073e-05,6.2998704e-05,6.2392303e-07,1.1994359e-08,4.960473e-07,0.00060513517,6.7516224e-09,0.999311
/home/leo/Documentos/mestrado/DeepWeeds-Mobile/images/20170706-111609-0.jpg,7,8,7,8,0,0.835913,0.008426752,0.0008683922,0.0010165068,0.03263603,0.056878317,3.842175e-06,4.076586e-06,0.06425304,0.835913
/home/leo/Documentos/mestrado/DeepWeeds-Mobile/images/20180125-095658-2.jpg,8,8,8,8,1,0.97404045,3.5390858e-07,1.4507063e-05,0.008923089,0.016696947,0.00022388798,9.191592e-06,8.731466e-05,4.2642146e-06,0.97404045
/home/leo/Documentos/mestrado/DeepWeeds-Mobile/images/20170728-152745-1.jpg,8,4,8,4,0,0.6850768,0.023238953,0.0053816307,0.008528235,0.016256124,0.6850768,0.005930072,0.0001402788,0.10092585,0.15452206
/home/leo/Documentos/mestrado/DeepWeeds-Mobile/images/20170128-103649-0.jpg,8,1,8,1,0,0.6866235,0.0003494152,0.6866235,1.8679272e-07,0.058672287,0.00019694588,0.00035766515,0.021460658,0.0025154883,0.22982387
/home/leo/Documentos/mestrado/DeepWeeds-Mobile/images/20171113-093918-3.jpg,5,6,5,6,0,0.4651973,0.1562848,0.0027674849,3.235827e-09,0.0005972468,1.638137e-07,0.307887,0.4651973,0.0070130643,0.06025292
/home/leo/Documentos/mestrado/DeepWeeds-Mobile/images/20171219-100748-2.jpg,8,8,8,8,1,0.9903859,0.0025986987,0.000118194446,3.9598224e-05,0.0027941535,0.0010509285,3.0473345e-06,3.4590528e-09,0.0030096371,0.9903859
/home/leo/Documentos/mestrado/DeepWeeds-Mobile/images/20180109-085716-1.jpg,8,8,8,8,1,0.96738774,0.0004468576,0.019710334,5.4267517e-08,0.009907301,7.56769e-06,6.318943e-06,0.00044315503,0.0020906965,0.96738774
/home/leo/Documentos/mestrado/DeepWeeds-Mobile/images/20170610-123110-0.jpg,1,6,1,6,0,0.843686,7.692547e-06,0.13689661,1.3715317e-07,0.0005632992,1.6228363e-05,0.00021852306,0.843686,1.5341951e-05,0.018596169
/home/leo/Documentos/mestrado/DeepWeeds-Mobile/images/20171102-103606-1.jpg,2,2,2,2,1,0.99958557,4.826838e-07,1.9851166e-08,0.99958557,0.00016231868,9.426876e-06,2.8101987e-09,9.676525e-10,1.402095e-07,0.00024204703
/home/leo/Documentos/mestrado/DeepWeeds-Mobile/images/20171109-090520-3.jpg,5,5,5,5,1,0.99012196,0.0006250677,5.736373e-05,1.4011662e-09,4.5468005e-06,1.3354023e-08,0.99012196,0.0012810727,0.000119577715,0.007790382
/home/leo/Documentos/mestrado/DeepWeeds-Mobile/images/20170704-151121-0.jpg,7,7,7,7,1,0.47156045,0.3052895,0.0656775,0.00057930883,0.00074307347,0.0030205722,0.0005667212,0.09663137,0.47156045,0.05593139
/home/leo/Documentos/mestrado/DeepWeeds-Mobile/images/20180112-072117-2.jpg,8,8,8,8,1,0.37471345,0.1638595,0.10838593,0.006344552,0.017167283,0.0015825246,0.0009636,0.008431053,0.31855214,0.37471345
/home/leo/Documentos/mestrado/DeepWeeds-Mobile/images/20180109-092447-2.jpg,8,8,8,8,1,0.9906012,0.008718247,2.251776e-07,2.4278317e-05,2.9996177e-06,1.38231915e-08,0.00037211948,1.8362279e-08,0.0002808402,0.9906012
/home/leo/Documentos/mestrado/DeepWeeds-Mobile/images/20171219-094023-3.jpg,8,8,8,8,1,0.67642826,0.011209629,0.2893363,2.438582e-06,0.016841229,1.1683389e-05,0.00020968191,0.000758896,0.005201869,0.67642826
/home/leo/Documentos/mestrado/DeepWeeds-Mobile/images/20180125-132133-3.jpg,8,8,8,8,1,0.9286418,0.0010312092,0.05183831,3.417504e-05,0.00420983,0.008221757,1.5914798e-05,0.0010755879,0.004931382,0.9286418
/home/leo/Documentos/mestrado/DeepWeeds-Mobile/images/20180322-102714-2.jpg,8,8,8,8,1,0.9064545,0.06645979,0.0009282668,0.010754568,0.00043109112,0.001749652,0.0006821034,2.4430092e-05,0.012515694,0.9064545
/home/leo/Documentos/mestrado/DeepWeeds-Mobile/images/20171121-073501-1.jpg,6,6,6,6,1,0.97513384,2.1437663e-07,0.01658008,2.8034555e-09,1.225989e-06,1.2556748e-07,1.1697263e-06,0.97513384,6.332805e-06,0.008276982
/home/leo/Documentos/mestrado/DeepWeeds-Mobile/images/20170920-184010-1.jpg,2,2,2,2,1,0.8245195,5.631438e-05,9.0956036e-07,0.8245195,0.06514759,0.07936578,1.6739797e-08,5.927807e-07,0.0010918562,0.029817397
/home/leo/Documentos/mestrado/DeepWeeds-Mobile/images/20170715-161925-1.jpg,1,1,1,1,1,0.7650837,3.3325934e-05,0.7650837,8.2560647e-10,1.8825487e-05,2.4445657e-07,0.00032620193,0.21725404,0.00037240997,0.01691131
/home/leo/Documentos/mestrado/DeepWeeds-Mobile/images/20180112-081801-1.jpg,8,3,8,3,0,0.5719131,0.022155017,3.816688e-06,5.7511374e-05,0.5719131,7.46276e-05,2.882125e-08,2.2298887e-11,0.031283297,0.37451255
/home/leo/Documentos/mestrado/DeepWeeds-Mobile/images/20171220-091649-3.jpg,8,8,8,8,1,0.95346147,0.022459488,0.002227815,0.00021886415,0.012459531,0.0018062087,0.00033412443,0.00010277452,0.006929706,0.95346147
/home/leo/Documentos/mestrado/DeepWeeds-Mobile/images/20170906-092947-1.jpg,3,3,3,3,1,0.30671653,0.08692224,0.008221599,0.0039254786,0.30671653,0.049178813,0.00083719305,0.0015409488,0.24320276,0.29945448
/home/leo/Documentos/mestrado/DeepWeeds-Mobile/images/20171219-092910-2.jpg,8,8,8,8,1,0.99868387,0.0004975636,1.701512e-05,1.2269407e-08,0.00039436566,7.143361e-08,0.00033162077,3.564817e-05,3.9816605e-05,0.99868387
/home/leo/Documentos/mestrado/DeepWeeds-Mobile/images/20170704-150829-0.jpg,7,8,7,8,0,0.40403518,0.21431094,0.15196227,3.5587198e-06,0.0016891623,0.00010229154,0.0033212006,0.12845042,0.096124955,0.40403518
/home/leo/Documentos/mestrado/DeepWeeds-Mobile/images/20171218-104702-3.jpg,8,5,8,5,0,0.9427683,0.0014852626,4.9327118e-05,9.666496e-11,1.6403412e-05,6.7175137e-09,0.9427683,0.0005123381,0.0017793854,0.053388923
/home/leo/Documentos/mestrado/DeepWeeds-Mobile/images/20170920-114706-2.jpg,2,2,2,2,1,0.9990214,2.5142194e-07,1.9461567e-08,0.9990214,1.6467895e-05,0.0009308755,7.777881e-08,6.0951177e-09,2.4643654e-07,3.0643154e-05
/home/leo/Documentos/mestrado/DeepWeeds-Mobile/images/20170811-112833-2.jpg,0,0,0,0,1,0.9196049,0.9196049,6.0828846e-05,4.6085556e-06,1.6176209e-06,2.2498602e-07,2.1790285e-05,3.7582556e-08,0.0034609193,0.07684514
/home/leo/Documentos/mestrado/DeepWeeds-Mobile/images/20170729-153638-3.jpg,4,4,4,4,1,0.99593085,2.6358224e-05,2.1027866e-08,0.0017931404,0.00122146,0.99593085,4.3580853e-06,1.7767408e-10,8.975283e-06,0.0010148394
/home/leo/Documentos/mestrado/DeepWeeds-Mobile/images/20180109-105459-2.jpg,8,8,8,8,1,0.9897541,0.003960222,3.016455e-07,7.399679e-05,0.005264807,2.2233485e-07,0.00011038661,5.519306e-09,0.0008360162,0.9897541
/home/leo/Documentos/mestrado/DeepWeeds-Mobile/images/20170811-131509-2.jpg,0,0,0,0,1,0.9033775,0.9033775,2.8074032e-06,7.8302634e-07,9.887612e-06,9.670975e-07,3.509731e-05,1.5957969e-09,0.0039985795,0.092574455
/home/leo/Documentos/mestrado/DeepWeeds-Mobile/images/20170714-170434-1.jpg,1,1,1,1,1,0.9846355,0.00048884435,0.9846355,1.2676482e-08,9.614911e-06,7.7131205e-08,5.6240184e-05,0.0071644546,0.00049985835,0.0071454304
/home/leo/Documentos/mestrado/DeepWeeds-Mobile/images/20171025-091416-1.jpg,3,3,3,3,1,0.7175796,0.0019115463,0.002917284,1.2393951e-05,0.7175796,0.00047573188,1.0387099e-06,8.934842e-07,0.013817285,0.26328424
/home/leo/Documentos/mestrado/DeepWeeds-Mobile/images/20180125-100400-1.jpg,8,6,8,6,0,0.68064064,0.00038416352,0.00035782045,4.7852086e-06,0.0014194456,3.4294399e-06,0.0013148048,0.68064064,0.00020931543,0.3156656
/home/leo/Documentos/mestrado/DeepWeeds-Mobile/images/20170217-095426-0.jpg,7,7,7,7,1,0.9986285,0.0012633764,2.2974968e-06,2.803947e-18,1.7567451e-14,1.2404883e-14,2.4304416e-09,7.481738e-08,0.9986285,0.000105866784
/home/leo/Documentos/mestrado/DeepWeeds-Mobile/images/20170728-115920-2.jpg,4,4,4,4,1,0.98241115,0.0018380305,1.8094575e-05,0.00066827907,0.005730725,0.98241115,4.4663073e-05,4.004643e-06,0.0015529827,0.007732131
/home/leo/Documentos/mestrado/DeepWeeds-Mobile/images/20171113-121536-1.jpg,6,6,6,6,1,0.99162525,0.00025166656,0.0001495032,1.4780117e-06,8.1689446e-05,2.6105665e-06,2.3519804e-07,0.99162525,1.8208286e-05,0.007869307
/home/leo/Documentos/mestrado/DeepWeeds-Mobile/images/20180109-105210-1.jpg,8,8,8,8,1,0.94770604,0.00069628964,0.00029036467,0.0004573762,0.05058965,4.914608e-05,1.0588856e-05,1.1970126e-05,0.00018863151,0.94770604
/home/leo/Documentos/mestrado/DeepWeeds-Mobile/images/20180112-082221-1.jpg,8,3,8,3,0,0.87167597,0.00612042,2.1367562e-06,0.0009784453,0.87167597,0.0031756866,1.2043124e-07,3.963194e-10,0.005280587,0.112766564
/home/leo/Documentos/mestrado/DeepWeeds-Mobile/images/20170727-143554-1.jpg,4,4,4,4,1,0.96921945,9.288378e-05,5.137994e-07,0.018603431,4.14359e-05,0.96921945,8.0303915e-05,0.0002508903,2.0550735e-05,0.011690526
/home/leo/Documentos/mestrado/DeepWeeds-Mobile/images/20180322-112908-2.jpg,8,8,8,8,1,0.99439734,0.0012155646,0.0008777015,8.329162e-08,0.00017816263,6.4094124e-06,0.0025475132,0.00018585548,0.00059134635,0.99439734
/home/leo/Documentos/mestrado/DeepWeeds-Mobile/images/20171203-172940-3.jpg,8,8,8,8,1,0.96652925,0.00018696673,0.021340394,3.3891234e-09,5.506996e-05,8.1014167e-07,4.4708588e-05,0.010837066,0.001005703,0.96652925
/home/leo/Documentos/mestrado/DeepWeeds-Mobile/images/20170906-135839-1.jpg,3,3,3,3,1,0.90036416,0.009405678,7.0117814e-05,0.0035146452,0.90036416,0.010180783,5.5439014e-06,5.8305596e-07,0.009910147,0.0665483
/home/leo/Documentos/mestrado/DeepWeeds-Mobile/images/20171220-085211-3.jpg,8,7,8,7,0,0.98964196,0.009069045,2.3854873e-05,5.7832545e-12,4.6854527e-11,6.738753e-12,8.0495755e-07,1.6615603e-08,0.98964196,0.0012643012
/home/leo/Documentos/mestrado/DeepWeeds-Mobile/images/20180112-080611-2.jpg,8,8,8,8,1,0.4701015,0.008855938,0.005753918,0.19989324,0.29495242,0.015923228,1.1019101e-05,0.00020333884,0.0043053445,0.4701015
/home/leo/Documentos/mestrado/DeepWeeds-Mobile/images/20170630-155611-0.jpg,7,7,7,7,1,0.9932492,0.004176767,0.002125111,7.670871e-13,3.1732885e-09,4.6401383e-10,1.1685851e-05,0.00029856112,0.9932492,0.00013866002
/home/leo/Documentos/mestrado/DeepWeeds-Mobile/images/20180109-070000-1.jpg,8,8,8,8,1,0.77227193,7.193623e-07,2.6105705e-05,1.2785326e-07,9.5879615e-05,1.0308109e-05,6.984167e-08,0.22759187,2.9474954e-06,0.77227193
/home/leo/Documentos/mestrado/DeepWeeds-Mobile/images/20171220-101346-1.jpg,8,8,8,8,1,0.99974257,7.4989875e-05,5.3673866e-05,7.600945e-15,0.000104335384,2.1404684e-11,1.1444534e-05,7.7181674e-08,1.2913375e-05,0.99974257
/home/leo/Documentos/mestrado/DeepWeeds-Mobile/images/20171113-150406-3.jpg,6,6,6,6,1,0.65042627,0.10198068,0.007139302,3.7122103e-07,3.2057796e-05,3.2957764e-06,0.00013045875,0.65042627,0.12190972,0.11837782
/home/leo/Documentos/mestrado/DeepWeeds-Mobile/images/20171109-071849-1.jpg,5,5,5,5,1,0.99550784,0.002570555,8.537707e-07,2.7491637e-14,5.1295097e-09,4.0610757e-12,0.99550784,4.5236543e-06,0.0005108428,0.0014054087
/home/leo/Documentos/mestrado/DeepWeeds-Mobile/images/20170729-092523-1.jpg,4,4,4,4,1,0.99080163,0.00020389652,9.120895e-07,5.5440305e-06,0.0011300717,0.99080163,2.3110638e-07,6.587052e-10,0.004457289,0.00340049
/home/leo/Documentos/mestrado/DeepWeeds-Mobile/images/20180112-094329-1.jpg,8,8,8,8,1,0.85201854,0.041467894,0.0001326863,0.005397344,0.0005101287,2.2443917e-05,0.006036892,2.7460062e-06,0.09441138,0.85201854
/home/leo/Documentos/mestrado/DeepWeeds-Mobile/images/20171218-105735-2.jpg,8,8,8,8,1,0.99919266,9.203343e-05,0.00016025142,1.6240176e-10,0.0004677486,3.499607e-07,2.3716984e-06,3.5100873e-06,8.108517e-05,0.99919266
/home/leo/Documentos/mestrado/DeepWeeds-Mobile/images/20170920-094709-2.jpg,4,1,4,1,0,0.60026944,0.002196248,0.60026944,0.00011388515,0.00788439,0.02015542,0.00023702634,0.01787076,0.007738856,0.343534
/home/leo/Documentos/mestrado/DeepWeeds-Mobile/images/20180119-110622-1.jpg,8,8,8,8,1,0.780931,0.00045196858,0.049525786,2.2853737e-06,0.0015455605,2.8629862e-05,2.5216968e-05,0.16495952,0.0025299569,0.780931
/home/leo/Documentos/mestrado/DeepWeeds-Mobile/images/20180109-085325-2.jpg,8,8,8,8,1,0.5634165,0.08873294,0.15450321,0.00011740344,0.1289001,0.00051783986,0.00086838304,0.00034268832,0.0626009,0.5634165
/home/leo/Documentos/mestrado/DeepWeeds-Mobile/images/20170714-190005-1.jpg,1,1,1,1,1,0.9973188,7.3716965e-06,0.9973188,1.2379037e-12,5.690878e-06,1.729653e-08,2.3325888e-06,0.0005087296,0.00026911023,0.0018879509
/home/leo/Documentos/mestrado/DeepWeeds-Mobile/images/20170920-120020-2.jpg,2,2,2,2,1,0.8860223,0.0007165514,3.1623687e-05,0.8860223,0.017050022,0.053705398,3.525622e-06,2.3168928e-05,0.00055830256,0.041889098
/home/leo/Documentos/mestrado/DeepWeeds-Mobile/images/20180109-070508-1.jpg,8,8,8,8,1,0.9730726,1.569733e-07,4.4121342e-07,8.5104206e-05,4.2600816e-05,8.629178e-05,1.8028729e-08,0.026712531,2.703532e-07,0.9730726
/home/leo/Documentos/mestrado/DeepWeeds-Mobile/images/20180322-120115-2.jpg,8,8,8,8,1,0.9991854,2.6800384e-05,2.6785267e-06,5.5779097e-08,0.0007783467,4.4571643e-06,5.39588e-08,6.5122845e-09,2.2156605e-06,0.9991854
/home/leo/Documentos/mestrado/DeepWeeds-Mobile/images/20171218-103116-2.jpg,8,8,8,8,1,0.7538014,0.022057358,0.17496121,8.658689e-06,0.018224588,1.0180035e-05,0.0001854812,5.181277e-06,0.030746032,0.7538014
/home/leo/Documentos/mestrado/DeepWeeds-Mobile/images/20180112-073147-2.jpg,8,8,8,8,1,0.8321654,0.0073249554,0.00023147005,0.00027525343,0.047487803,0.07866906,4.5230925e-07,2.2675154e-08,0.033845548,0.8321654
/home/leo/Documentos/mestrado/DeepWeeds-Mobile/images/20170727-140450-1.jpg,4,4,4,4,1,0.95806444,0.00020074834,3.7125023e-06,0.00036418563,0.0021018723,0.95806444,1.0307388e-08,6.24719e-10,0.025260888,0.014004166
/home/leo/Documentos/mestrado/DeepWeeds-Mobile/images/20171109-093204-2.jpg,5,5,5,5,1,0.96046203,6.8627205e-06,0.031662587,1.8694875e-13,8.411333e-06,1.14024484e-10,0.96046203,0.00039131742,9.1232745e-05,0.007377554
/home/leo/Documentos/mestrado/DeepWeeds-Mobile/images/20170913-122716-1.jpg,5,5,5,5,1,0.97312963,0.00011699781,1.6691104e-06,0.00033057228,0.02015214,0.0056680734,0.97312963,6.8799864e-07,2.9189292e-05,0.0005711281
/home/leo/Documentos/mestrado/DeepWeeds-Mobile/images/20171109-093142-2.jpg,5,5,5,5,1,0.87374955,0.00016321734,0.00027750677,1.5004596e-12,1.8358551e-07,2.3612355e-11,0.87374955,1.0575359e-05,9.760612e-06,0.12578927
/home/leo/Documentos/mestrado/DeepWeeds-Mobile/images/20170405-155046-0.jpg,0,0,0,0,1,0.4753774,0.4753774,0.00023859485,1.5581419e-06,7.794935e-05,1.0253624e-07,0.048499566,2.5174502e-06,0.053331036,0.42247126
/home/leo/Documentos/mestrado/DeepWeeds-Mobile/images/20170714-110726-3.jpg,1,1,1,1,1,0.39801636,0.09281311,0.39801636,5.8079553e-07,0.000116975134,2.073932e-05,0.04154645,0.007162668,0.3962726,0.06405054
/home/leo/Documentos/mestrado/DeepWeeds-Mobile/images/20180125-095232-2.jpg,8,3,8,3,0,0.87138796,0.00011803557,1.08212125e-05,0.0018371218,0.87138796,0.005813991,0.005127875,9.814478e-06,3.6031102e-05,0.11565833
/home/leo/Documentos/mestrado/DeepWeeds-Mobile/images/20170706-130147-3.jpg,1,1,1,1,1,0.99107414,0.0011948373,0.99107414,3.7569416e-11,1.5028577e-07,1.18851995e-08,1.958704e-05,0.000118943404,0.0037436076,0.0038486517
/home/leo/Documentos/mestrado/DeepWeeds-Mobile/images/20180322-130624-1.jpg,8,8,8,8,1,0.9975484,0.0005923219,0.0006299708,3.19031e-08,0.00046791014,2.9377761e-06,0.00065167283,1.3395772e-05,9.325791e-05,0.9975484
/home/leo/Documentos/mestrado/DeepWeeds-Mobile/images/20180109-072219-2.jpg,8,6,8,6,0,0.571012,9.283729e-08,2.620547e-06,0.0017154742,9.74909e-05,9.103302e-05,6.608127e-08,0.571012,6.26038e-07,0.4270805
/home/leo/Documentos/mestrado/DeepWeeds-Mobile/images/20170210-132327-0.jpg,0,0,0,0,1,0.74778026,0.74778026,0.0034368772,4.064149e-05,1.4423018e-05,9.012925e-07,3.5048888e-05,3.728781e-06,0.012917601,0.23577043
/home/leo/Documentos/mestrado/DeepWeeds-Mobile/images/20170217-152111-0.jpg,0,0,0,0,1,0.98642784,0.98642784,4.618327e-07,1.03100944e-10,2.5793236e-09,2.2089746e-09,0.00014909181,3.6762375e-09,0.011217235,0.002205384
/home/leo/Documentos/mestrado/DeepWeeds-Mobile/images/20171219-110355-3.jpg,8,8,8,8,1,0.99916434,0.00021167866,4.1541873e-05,2.9293734e-11,0.00052300113,4.65824e-09,2.183763e-05,3.0385568e-08,3.76508e-05,0.99916434
/home/leo/Documentos/mestrado/DeepWeeds-Mobile/images/20171212-093821-1.jpg,8,8,8,8,1,0.9753743,0.0017000895,0.00011123889,2.7553687e-10,0.022207357,4.115733e-07,5.205695e-06,1.9467413e-07,0.0006011665,0.9753743
/home/leo/Documentos/mestrado/DeepWeeds-Mobile/images/20180109-095016-2.jpg,8,8,8,8,1,0.9989204,0.00020475511,1.2387094e-05,0.00035899997,5.5094217e-05,2.983212e-06,7.241135e-07,0.00040162384,4.3079956e-05,0.9989204
/home/leo/Documentos/mestrado/DeepWeeds-Mobile/images/20171219-094851-2.jpg,8,8,8,8,1,0.984624,0.0069115795,0.00040102316,8.132775e-06,0.0021949238,9.004183e-05,0.0005028919,2.572379e-05,0.0052416883,0.984624
/home/leo/Documentos/mestrado/DeepWeeds-Mobile/images/20170906-112042-4.jpg,3,3,3,3,1,0.5364196,0.02243626,9.24149e-05,0.035233628,0.5364196,0.16179183,5.1951884e-06,1.0694556e-07,0.018339945,0.22568095
/home/leo/Documentos/mestrado/DeepWeeds-Mobile/images/20180125-094400-1.jpg,8,8,8,8,1,0.90494144,0.00064839306,5.4944132e-05,6.3084267e-06,0.093432516,4.146586e-05,0.00031063842,8.1504666e-05,0.0004828789,0.90494144
/home/leo/Documentos/mestrado/DeepWeeds-Mobile/images/20171102-103043-3.jpg,2,2,2,2,1,0.99467444,0.0006312521,1.8626591e-06,0.99467444,0.00022465282,0.002453865,1.6729962e-05,1.01963096e-07,8.445636e-05,0.0019126062
/home/leo/Documentos/mestrado/DeepWeeds-Mobile/images/20171205-141149-2.jpg,8,8,8,8,1,0.9965197,0.00010358004,0.0027330427,3.9021016e-15,0.00045446164,6.193306e-12,0.00010441902,5.3525742e-05,3.119278e-05,0.9965197
/home/leo/Documentos/mestrado/DeepWeeds-Mobile/images/20170217-120132-0.jpg,0,0,0,0,1,0.99477214,0.99477214,0.0003006588,2.864302e-10,2.0895506e-07,4.6229326e-10,2.526985e-05,1.5783825e-06,0.0020880678,0.002812136
/home/leo/Documentos/mestrado/DeepWeeds-Mobile/images/20170727-130016-3.jpg,4,4,4,4,1,0.971,0.00046110398,1.4338238e-05,0.004796054,0.0032335673,0.971,0.00040804356,1.8922351e-06,0.0007855943,0.019299386
/home/leo/Documentos/mestrado/DeepWeeds-Mobile/images/20180112-103542-2.jpg,8,2,8,2,0,0.9273605,9.35029e-06,0.0001798534,0.9273605,0.00033324235,0.00065980037,2.2177735e-06,0.00022762374,3.2998858e-05,0.071194455
/home/leo/Documentos/mestrado/DeepWeeds-Mobile/images/20170217-095626-0.jpg,7,7,7,7,1,0.97884196,0.012872783,5.8592017e-05,2.0311794e-11,1.3099385e-10,5.1911128e-11,1.072063e-06,2.3583429e-07,0.97884196,0.008225373
/home/leo/Documentos/mestrado/DeepWeeds-Mobile/images/20180112-071308-2.jpg,8,3,8,3,0,0.6725697,0.003145932,0.00048206697,0.0002121543,0.6725697,0.0034409203,3.6761907e-07,1.0852389e-06,0.006350147,0.3137977
/home/leo/Documentos/mestrado/DeepWeeds-Mobile/images/20171113-101853-3.jpg,5,5,5,5,1,0.9937784,0.00033826972,3.2212716e-05,4.4677837e-08,3.0243356e-07,3.1944857e-08,0.9937784,2.9503577e-05,0.00025238577,0.005568765
/home/leo/Documentos/mestrado/DeepWeeds-Mobile/images/20171219-100345-2.jpg,8,8,8,8,1,0.7144857,0.02976322,0.023782825,2.2186628e-05,0.009706261,3.4848854e-05,0.19091432,0.02321062,0.008080039,0.7144857
/home/leo/Documentos/mestrado/DeepWeeds-Mobile/images/20171121-181146-2.jpg,6,6,6,6,1,0.9872845,0.00012095307,0.009998486,1.4129945e-09,2.0700762e-05,1.0539366e-06,6.3883384e-08,0.9872845,9.468245e-05,0.002479488
/home/leo/Documentos/mestrado/DeepWeeds-Mobile/images/20171205-123723-2.jpg,8,8,8,8,1,0.9928773,0.0022972587,0.0002500768,9.337341e-10,0.0002594796,5.9609796e-08,0.0035966302,0.00046473282,0.00025443942,0.9928773
/home/leo/Documentos/mestrado/DeepWeeds-Mobile/images/20170728-120037-2.jpg,4,4,4,4,1,0.9989353,3.6273283e-05,1.3856102e-07,1.8308398e-05,2.9552331e-05,0.9989353,3.6432912e-08,3.610456e-10,4.1225183e-05,0.0009391272
/home/leo/Documentos/mestrado/DeepWeeds-Mobile/images/20170705-162324-0.jpg,7,0,7,0,0,0.6266541,0.6266541,0.11634092,7.744323e-05,7.5027738e-06,4.758722e-06,0.00024736003,2.9418547e-06,0.23779424,0.018870804
/home/leo/Documentos/mestrado/DeepWeeds-Mobile/images/20180125-091537-1.jpg,8,8,8,8,1,0.9827565,3.9505226e-06,1.1562854e-05,0.00010040537,0.00092903635,0.015973952,2.913712e-09,4.422285e-09,0.00022461967,0.9827565
/home/leo/Documentos/mestrado/DeepWeeds-Mobile/images/20171219-112206-3.jpg,8,8,8,8,1,0.91175896,2.8787004e-05,9.73278e-07,0.033445574,2.8242115e-05,0.05470353,7.921894e-08,1.3285833e-05,2.0622057e-05,0.91175896
/home/leo/Documentos/mestrado/DeepWeeds-Mobile/images/20171205-140925-2.jpg,8,8,8,8,1,0.9485653,0.00078663876,7.212419e-06,9.970604e-11,0.0003577984,1.7408813e-09,0.049269192,0.0010099676,3.7765824e-06,0.9485653
/home/leo/Documentos/mestrado/DeepWeeds-Mobile/images/20180112-091209-2.jpg,8,8,8,8,1,0.9957795,0.001316057,5.7189368e-08,0.0019828035,0.0007119424,3.8214865e-05,2.8605854e-08,1.4835567e-12,0.00017134001,0.9957795
/home/leo/Documentos/mestrado/DeepWeeds-Mobile/images/20180112-101411-1.jpg,8,8,8,8,1,0.69736445,0.10462896,0.029715555,3.807244e-05,0.00016978623,4.2235493e-05,0.017047439,0.00017350058,0.1508201,0.69736445
/home/leo/Documentos/mestrado/DeepWeeds-Mobile/images/20170913-105021-1.jpg,3,3,3,3,1,0.98851293,7.378575e-05,4.325514e-06,0.00024298856,0.98851293,0.003653245,1.4027844e-06,1.04540504e-07,2.8908835e-05,0.007482298
/home/leo/Documentos/mestrado/DeepWeeds-Mobile/images/20180105-095140-2.jpg,8,8,8,8,1,0.81326073,0.004117311,0.0015856907,0.07005716,0.007922478,0.063016064,4.7463022e-06,0.010721689,0.029314173,0.81326073
/home/leo/Documentos/mestrado/DeepWeeds-Mobile/images/20180105-091529-2.jpg,8,8,8,8,1,0.99041384,1.3147698e-07,3.479334e-06,7.727862e-05,0.00033009512,6.724733e-05,1.5223144e-07,0.0091064945,1.2007492e-06,0.99041384
/home/leo/Documentos/mestrado/DeepWeeds-Mobile/images/20170920-182700-1.jpg,2,2,2,2,1,0.99964654,2.5109723e-09,9.1922824e-11,0.99964654,2.2217277e-05,0.00032912087,1.2175431e-09,1.4662967e-10,9.817142e-10,2.1194749e-06
/home/leo/Documentos/mestrado/DeepWeeds-Mobile/images/20171220-091832-3.jpg,8,8,8,8,1,0.9944188,0.003541333,9.848309e-05,2.6415896e-07,0.00057217287,2.4309298e-05,0.00024564588,0.0002973149,0.00080164673,0.9944188
/home/leo/Documentos/mestrado/DeepWeeds-Mobile/images/20171102-100358-2.jpg,4,8,4,8,0,0.645214,0.00029025105,0.00012722895,0.09571483,0.23378435,0.024216313,3.3997887e-07,8.923755e-06,0.0006437877,0.645214
/home/leo/Documentos/mestrado/DeepWeeds-Mobile/images/20170718-100046-2.jpg,0,1,0,1,0,0.374642,0.35003734,0.374642,6.4159946e-07,0.00024205261,2.9700773e-06,0.015815046,0.083269075,0.077520736,0.09847011
/home/leo/Documentos/mestrado/DeepWeeds-Mobile/images/20180105-092741-2.jpg,8,8,8,8,1,0.96973187,3.96359e-05,0.00399867,2.0378776e-07,0.00028036846,1.3226339e-06,8.173292e-05,0.025752926,0.00011333032,0.96973187
/home/leo/Documentos/mestrado/DeepWeeds-Mobile/images/20170906-105324-1.jpg,3,8,3,8,0,0.79224604,8.052533e-05,4.1848184e-06,0.011666955,0.10073315,0.09374626,5.299333e-09,3.6868132e-05,0.0014858545,0.79224604
/home/leo/Documentos/mestrado/DeepWeeds-Mobile/images/20170704-151310-0.jpg,7,7,7,7,1,0.81645745,0.105005115,0.033610567,5.2766275e-08,0.0018238949,8.701784e-05,3.4356883e-05,0.00029477183,0.81645745,0.04268681
/home/leo/Documentos/mestrado/DeepWeeds-Mobile/images/20170811-130004-1.jpg,0,0,0,0,1,0.99839145,0.99839145,0.0010610397,5.012498e-06,4.2569434e-07,2.5014546e-05,0.00022573912,1.229459e-06,0.000110316934,0.00017987694
/home/leo/Documentos/mestrado/DeepWeeds-Mobile/images/20170714-135413-3.jpg,1,1,1,1,1,0.9850396,7.428915e-06,0.9850396,5.8921006e-09,2.3527835e-05,3.1928928e-07,1.29594955e-05,0.0032212485,3.4843455e-05,0.011660089
/home/leo/Documentos/mestrado/DeepWeeds-Mobile/images/20180322-130759-1.jpg,8,8,8,8,1,0.99618524,0.0019464472,2.8163468e-06,0.0002854569,0.0008929014,0.00040744906,3.5650917e-06,8.809593e-10,0.00027599884,0.99618524
/home/leo/Documentos/mestrado/DeepWeeds-Mobile/images/20170913-102722-2.jpg,3,3,3,3,1,0.9987173,2.3337832e-07,2.695487e-08,0.0005206121,0.9987173,0.00033072763,0.00025285082,2.3024598e-09,3.815709e-08,0.00017824546
/home/leo/Documentos/mestrado/DeepWeeds-Mobile/images/20170727-164636-1.jpg,4,4,4,4,1,0.92237127,0.0016215342,1.9359615e-05,5.5018132e-05,0.0011116947,0.92237127,3.4067054e-07,9.158916e-09,0.050920933,0.023899838
/home/leo/Documentos/mestrado/DeepWeeds-Mobile/images/20171102-103158-3.jpg,2,2,2,2,1,0.87794095,3.5331987e-06,7.1277304e-09,0.87794095,3.2916203e-06,0.119181134,4.205554e-07,2.4961784e-08,5.5444326e-07,0.002870065
/home/leo/Documentos/mestrado/DeepWeeds-Mobile/images/20171109-093025-1.jpg,5,5,5,5,1,0.8539538,3.6630532e-05,4.9222313e-06,4.324694e-14,2.2418488e-08,1.8002529e-12,0.8539538,5.515467e-06,5.5314113e-06,0.14599358
/home/leo/Documentos/mestrado/DeepWeeds-Mobile/images/20180125-092056-1.jpg,8,8,8,8,1,0.9996427,2.1981361e-05,9.712871e-06,7.272648e-08,0.00016445272,4.7268837e-05,3.9204846e-07,7.2335893e-09,0.00011330805,0.9996427
/home/leo/Documentos/mestrado/DeepWeeds-Mobile/images/20180112-080753-1.jpg,8,8,8,8,1,0.9510748,0.0013648022,0.0040748785,0.0009935788,0.027159743,0.005808607,2.2592446e-06,3.255887e-05,0.0094886515,0.9510748
/home/leo/Documentos/mestrado/DeepWeeds-Mobile/images/20171102-121155-1.jpg,2,2,2,2,1,0.99951136,6.366976e-05,1.07733955e-08,0.99951136,4.579414e-05,0.00014820613,6.6672314e-08,3.2879363e-10,2.6854045e-06,0.0002280963
/home/leo/Documentos/mestrado/DeepWeeds-Mobile/images/20180322-130245-1.jpg,8,8,8,8,1,0.99204355,0.0042824615,7.95926e-05,4.3657025e-08,0.0030074266,9.655799e-06,0.00019286879,1.564986e-05,0.0003687242,0.99204355
/home/leo/Documentos/mestrado/DeepWeeds-Mobile/images/20180109-090947-2.jpg,8,8,8,8,1,0.9878201,0.00021508484,6.649535e-05,4.0153445e-08,0.0111862,3.211439e-08,0.0003257306,6.1102046e-06,0.00038021928,0.9878201
/home/leo/Documentos/mestrado/DeepWeeds-Mobile/images/20171113-112836-0.jpg,6,6,6,6,1,0.9970986,1.5993548e-07,9.422511e-05,5.501603e-07,4.311388e-06,3.0690114e-07,3.4891063e-09,0.9970986,1.9528487e-07,0.0028014798
/home/leo/Documentos/mestrado/DeepWeeds-Mobile/images/20171219-112706-2.jpg,8,8,8,8,1,0.94863504,0.00041919312,4.426008e-05,0.021418704,0.0025199305,0.0032487263,2.937637e-06,0.023066081,0.0006451277,0.94863504
/home/leo/Documentos/mestrado/DeepWeeds-Mobile/images/20171220-101330-1.jpg,8,8,8,8,1,0.99959564,0.00015607722,2.1266587e-05,1.229821e-12,0.00016878353,4.7516563e-10,2.6744887e-05,3.0223376e-07,3.105054e-05,0.99959564
/home/leo/Documentos/mestrado/DeepWeeds-Mobile/images/20180112-081228-2.jpg,8,3,8,3,0,0.82967365,0.0022598186,0.0003307929,0.028523358,0.82967365,0.02286912,2.823277e-07,6.9068744e-07,0.0015340914,0.11480824
/home/leo/Documentos/mestrado/DeepWeeds-Mobile/images/20170127-101805-0.jpg,1,1,1,1,1,0.95493674,4.9720657e-05,0.95493674,8.470085e-09,0.0012998487,9.141527e-06,4.665799e-06,0.010330793,0.0016078444,0.031761263
/home/leo/Documentos/mestrado/DeepWeeds-Mobile/images/20171025-075115-2.jpg,3,3,3,3,1,0.95741034,0.0012839617,0.0062229806,2.1144906e-08,0.95741034,8.4233534e-07,3.966293e-06,5.9928794e-07,0.001494172,0.033583127
/home/leo/Documentos/mestrado/DeepWeeds-Mobile/images/20180109-104520-1.jpg,8,8,8,8,1,0.5426407,0.012745722,6.263542e-05,0.0042090416,0.42541105,0.009423981,3.1594025e-06,6.979235e-07,0.0055031413,0.5426407
/home/leo/Documentos/mestrado/DeepWeeds-Mobile/images/20180119-110426-1.jpg,8,8,8,8,1,0.996786,0.00023488684,0.001569267,5.89938e-06,0.00023751264,1.17460995e-05,3.1779002e-06,0.0001556685,0.0009957432,0.996786
/home/leo/Documentos/mestrado/DeepWeeds-Mobile/images/20180119-111634-2.jpg,8,8,8,8,1,0.93062156,0.0012627225,0.008176889,0.0001752393,0.0055312985,0.0006769108,7.727836e-06,0.05132749,0.0022200597,0.93062156
/home/leo/Documentos/mestrado/DeepWeeds-Mobile/images/20170217-113329-0.jpg,0,0,0,0,1,0.99943143,0.99943143,5.405551e-07,2.0612587e-13,1.2902142e-11,2.8952114e-12,2.8790746e-06,9.6397514e-08,0.00017130285,0.00039361216
/home/leo/Documentos/mestrado/DeepWeeds-Mobile/images/20171109-071206-1.jpg,5,8,5,8,0,0.3862047,0.00037518854,0.034191683,3.779579e-07,5.5820485e-05,2.1711223e-06,0.37838444,0.19686814,0.0039174724,0.3862047
/home/leo/Documentos/mestrado/DeepWeeds-Mobile/images/20171113-095154-1.jpg,5,0,5,0,0,0.38363066,0.38363066,1.8162831e-05,4.3407303e-10,3.695551e-07,2.4498057e-08,0.26991144,0.00019723043,0.33953145,0.0067105233
/home/leo/Documentos/mestrado/DeepWeeds-Mobile/images/20180119-115419-1.jpg,8,8,8,8,1,0.7762805,8.821133e-05,0.00037068615,0.04315817,0.15145196,0.026031144,1.3404616e-07,0.0024464505,0.00017261719,0.7762805
/home/leo/Documentos/mestrado/DeepWeeds-Mobile/images/20171220-083350-2.jpg,8,8,8,8,1,0.9992437,9.2656635e-05,5.8612585e-08,8.266518e-12,8.4696467e-07,5.6701494e-10,0.00064931955,1.8910297e-08,1.3353496e-05,0.9992437
/home/leo/Documentos/mestrado/DeepWeeds-Mobile/images/20180109-101610-2.jpg,8,8,8,8,1,0.9962864,0.00017181448,0.001908601,9.435884e-06,0.00079344143,3.137279e-06,0.00039408662,0.00029569733,0.00013739588,0.9962864
/home/leo/Documentos/mestrado/DeepWeeds-Mobile/images/20170714-113918-2.jpg,1,8,1,8,0,0.788553,0.00038542633,0.14705649,4.4281373e-07,1.40978245e-05,1.9676304e-06,0.0003098057,0.062707454,0.00097135204,0.788553
/home/leo/Documentos/mestrado/DeepWeeds-Mobile/images/20170913-105705-3.jpg,5,5,5,5,1,0.54637,0.28557596,0.014377755,0.00068344496,0.00019481876,0.00030309253,0.54637,9.932843e-06,0.11899972,0.033485267
/home/leo/Documentos/mestrado/DeepWeeds-Mobile/images/20171113-150538-3.jpg,6,6,6,6,1,0.9782471,3.7077325e-06,9.837532e-06,1.486909e-06,0.00030840837,3.65536e-06,1.1764134e-08,0.9782471,3.5145242e-06,0.021422233
/home/leo/Documentos/mestrado/DeepWeeds-Mobile/images/20170304-131916-0.jpg,7,7,7,7,1,0.94573873,0.0017265405,0.0018595598,2.521441e-11,5.0255532e-11,5.1254844e-11,0.00023146515,2.4846523e-07,0.94573873,0.050443433
/home/leo/Documentos/mestrado/DeepWeeds-Mobile/images/20171113-123150-1.jpg,6,6,6,6,1,0.7576979,9.368895e-06,0.006924637,0.00031334322,3.08955e-05,6.191372e-05,0.0006213936,0.7576979,0.00011707518,0.23422351
/home/leo/Documentos/mestrado/DeepWeeds-Mobile/images/20171102-103143-1.jpg,2,8,2,8,0,0.61870855,3.384228e-05,0.00010847122,0.06876237,0.28658083,0.025673999,2.3486267e-08,8.345684e-06,0.00012345896,0.61870855
/home/leo/Documentos/mestrado/DeepWeeds-Mobile/images/20171109-071641-1.jpg,5,5,5,5,1,0.9214921,0.00062639464,0.0029414997,2.0183407e-07,0.00017546215,1.423582e-06,0.9214921,0.012857578,0.017352061,0.04455337
/home/leo/Documentos/mestrado/DeepWeeds-Mobile/images/20171219-094001-2.jpg,8,8,8,8,1,0.97992057,0.007403257,0.005423146,1.7610304e-05,0.0046293684,0.00025327044,0.000894581,4.1882886e-05,0.0014163733,0.97992057
/home/leo/Documentos/mestrado/DeepWeeds-Mobile/images/20170913-104022-2.jpg,3,3,3,3,1,0.99469346,9.004776e-05,4.5356405e-06,0.00021214824,0.99469346,0.0020509555,3.853023e-05,7.681814e-07,8.404575e-06,0.0029011124
/home/leo/Documentos/mestrado/DeepWeeds-Mobile/images/20170410-124528-0.jpg,0,0,0,0,1,0.85912526,0.85912526,2.5605395e-05,8.657705e-06,2.9693996e-05,9.74598e-08,2.4015294e-06,1.9915214e-09,0.008560697,0.13224755
/home/leo/Documentos/mestrado/DeepWeeds-Mobile/images/20170707-112142-0.jpg,0,3,0,3,0,0.82347524,0.052752268,3.5573242e-07,0.006476177,0.82347524,0.0007645657,9.035901e-08,4.2542223e-11,0.0038333447,0.11269792
/home/leo/Documentos/mestrado/DeepWeeds-Mobile/images/20170501-144442-0.jpg,1,0,1,0,0,0.56399786,0.56399786,0.029830134,0.000106278756,0.0055985213,2.257236e-05,0.0001942256,4.3945558e-05,0.13016175,0.27004462
/home/leo/Documentos/mestrado/DeepWeeds-Mobile/images/20170913-101243-2.jpg,3,3,3,3,1,0.56384945,6.105865e-05,1.4770691e-06,0.00057385175,0.56384945,0.4100727,0.020857915,2.1403817e-07,8.3714593e-07,0.004582516
/home/leo/Documentos/mestrado/DeepWeeds-Mobile/images/20180105-100415-2.jpg,8,2,8,2,0,0.7615644,1.1210619e-09,2.4847333e-09,0.7615644,2.2630306e-06,2.9154498e-05,2.2233053e-10,2.9620649e-05,2.930547e-09,0.23837458
/home/leo/Documentos/mestrado/DeepWeeds-Mobile/images/20171113-151802-1.jpg,6,6,6,6,1,0.99616134,1.1337386e-06,0.00047043772,3.814379e-09,2.1828669e-07,1.8475703e-08,6.895513e-08,0.99616134,3.4088096e-06,0.0033633641
/home/leo/Documentos/mestrado/DeepWeeds-Mobile/images/20170728-153615-3.jpg,8,8,8,8,1,0.4950484,0.014304257,0.01437163,0.05648279,0.015637156,0.3704386,0.00046880587,0.010299398,0.022948975,0.4950484
/home/leo/Documentos/mestrado/DeepWeeds-Mobile/images/20170718-132324-2.jpg,7,7,7,7,1,0.7810866,0.07708866,0.05476419,0.00038377737,0.022134416,0.0005175057,0.0003445379,0.00021347315,0.7810866,0.06346686
/home/leo/Documentos/mestrado/DeepWeeds-Mobile/images/20170920-180224-1.jpg,2,2,2,2,1,0.9999808,3.3840212e-11,4.096992e-12,0.9999808,7.031711e-07,8.836585e-06,6.4826616e-11,3.1360797e-10,1.2084525e-11,9.627067e-06
/home/leo/Documentos/mestrado/DeepWeeds-Mobile/images/20180125-134626-3.jpg,8,8,8,8,1,0.92870635,0.000981512,0.0176821,0.00012211711,0.0040473803,0.009010987,4.4812563e-07,0.032330044,0.0071191373,0.92870635
/home/leo/Documentos/mestrado/DeepWeeds-Mobile/images/20171025-093500-3.jpg,3,3,3,3,1,0.89393044,0.009519865,2.0135253e-06,0.0388895,0.89393044,0.016520862,3.5042385e-07,2.7031308e-09,0.001648699,0.039488334
/home/leo/Documentos/mestrado/DeepWeeds-Mobile/images/20170714-142244-3.jpg,1,1,1,1,1,0.9985587,1.3356246e-05,0.9985587,9.5143546e-11,2.981351e-07,1.4448687e-08,3.446241e-06,0.00027636002,0.00063375983,0.0005139875
/home/leo/Documentos/mestrado/DeepWeeds-Mobile/images/20170727-143818-1.jpg,4,4,4,4,1,0.78594613,0.004940929,0.00025194013,4.6639674e-05,0.025703892,0.78594613,1.6105024e-07,6.503507e-08,0.033150833,0.14995939
/home/leo/Documentos/mestrado/DeepWeeds-Mobile/images/20170920-162231-3.jpg,2,2,2,2,1,0.8704814,3.5158196e-06,2.8111495e-07,0.8704814,0.00089309335,0.12658913,2.4233395e-07,6.1749944e-08,1.0637298e-05,0.002021665
/home/leo/Documentos/mestrado/DeepWeeds-Mobile/images/20170126-095525-0.jpg,1,1,1,1,1,0.9642478,0.0005380756,0.9642478,4.21636e-09,1.2777161e-05,2.081118e-07,9.820719e-05,0.02381393,0.0057184356,0.0055706147
/home/leo/Documentos/mestrado/DeepWeeds-Mobile/images/20180109-074204-2.jpg,8,8,8,8,1,0.9672831,0.022139203,0.00039989527,5.2000192e-12,2.0410347e-08,2.3243856e-09,0.00022686551,0.0018294491,0.008121427,0.9672831
/home/leo/Documentos/mestrado/DeepWeeds-Mobile/images/20180109-100222-2.jpg,8,8,8,8,1,0.8487561,5.3503106e-07,0.08730726,1.2105058e-05,0.0002088992,7.185223e-06,8.237793e-05,0.06360676,1.8801036e-05,0.8487561
/home/leo/Documentos/mestrado/DeepWeeds-Mobile/images/20180125-132605-2.jpg,8,8,8,8,1,0.9840236,0.0052220095,0.00011050028,3.410366e-05,0.0013193451,0.002694064,0.0003333785,3.211157e-07,0.00626282,0.9840236
/home/leo/Documentos/mestrado/DeepWeeds-Mobile/images/20170920-183814-1.jpg,2,2,2,2,1,0.9938063,1.1964947e-07,6.1164315e-08,0.9938063,0.00032061065,0.0058284034,6.8694396e-07,3.5726967e-07,4.047637e-08,4.3425247e-05
/home/leo/Documentos/mestrado/DeepWeeds-Mobile/images/20180125-135154-3.jpg,8,8,8,8,1,0.844359,0.016241502,0.023118364,0.00017460318,0.011736914,0.06012439,8.005227e-06,5.4953645e-05,0.04418228,0.844359
/home/leo/Documentos/mestrado/DeepWeeds-Mobile/images/20171220-093231-2.jpg,8,8,8,8,1,0.99957114,1.7650023e-05,9.624604e-07,2.4387417e-10,2.9428322e-06,2.3284734e-08,0.0002194645,0.0001871556,6.9796675e-07,0.99957114
/home/leo/Documentos/mestrado/DeepWeeds-Mobile/images/20170715-100013-1.jpg,1,1,1,1,1,0.9998493,3.4004452e-06,0.9998493,3.9414596e-12,8.047571e-09,5.2882705e-11,1.2168783e-08,9.624933e-05,9.0123756e-08,5.090276e-05
/home/leo/Documentos/mestrado/DeepWeeds-Mobile/images/20171203-173105-3.jpg,8,8,8,8,1,0.91168225,7.916565e-05,0.08745496,2.271405e-12,1.741209e-05,1.7915209e-09,0.00012852771,0.00046244942,0.00017530534,0.91168225
/home/leo/Documentos/mestrado/DeepWeeds-Mobile/images/20170405-155128-0.jpg,0,0,0,0,1,0.4019808,0.4019808,2.4426981e-05,1.8403608e-08,1.4304646e-07,7.221234e-10,0.0010345827,6.7990136e-08,0.19636151,0.4005985
/home/leo/Documentos/mestrado/DeepWeeds-Mobile/images/20170501-143522-0.jpg,1,1,1,1,1,0.95625377,0.0012934762,0.95625377,1.02879465e-08,2.7958022e-06,1.23458666e-08,0.0075710155,0.0028626912,0.0068648094,0.025151385
/home/leo/Documentos/mestrado/DeepWeeds-Mobile/images/20180109-085320-1.jpg,8,8,8,8,1,0.81055224,0.041777853,0.061193943,1.3496168e-07,0.0014156497,3.4309875e-07,0.022487763,0.047534656,0.0150374845,0.81055224
/home/leo/Documentos/mestrado/DeepWeeds-Mobile/images/20180105-095619-2.jpg,8,8,8,8,1,0.7705482,5.3968797e-06,2.6418631e-06,0.1993764,0.0010900333,0.0019942678,2.0075026e-07,0.026962109,2.0738209e-05,0.7705482
/home/leo/Documentos/mestrado/DeepWeeds-Mobile/images/20170610-121905-0.jpg,1,1,1,1,1,0.85752124,0.074353,0.85752124,1.9636407e-07,0.0003601715,2.7011393e-07,2.7093049e-05,4.9636044e-05,0.060751826,0.0069366447
/home/leo/Documentos/mestrado/DeepWeeds-Mobile/images/20180322-104436-1.jpg,8,8,8,8,1,0.9843365,0.003779262,0.00017134943,0.00028980573,0.0035339524,0.0014514076,4.506171e-06,3.891349e-09,0.0064332555,0.9843365
/home/leo/Documentos/mestrado/DeepWeeds-Mobile/images/20180125-094105-1.jpg,8,8,8,8,1,0.9911225,0.00041163943,1.3485082e-05,3.7348156e-05,0.0076076104,0.0005537363,5.691132e-06,6.977182e-05,0.00017816824,0.9911225
/home/leo/Documentos/mestrado/DeepWeeds-Mobile/images/20170714-143722-2.jpg,1,1,1,1,1,0.96996975,0.007405937,0.96996975,1.742755e-09,3.805297e-07,2.7903635e-10,2.9481924e-08,0.00019934113,0.00022959805,0.022194996
/home/leo/Documentos/mestrado/DeepWeeds-Mobile/images/20170906-134454-2.jpg,3,3,3,3,1,0.97407305,0.00077115616,5.8587734e-06,0.00012167114,0.97407305,0.00015026987,1.8811448e-08,4.0131183e-09,0.00048418972,0.024393676
/home/leo/Documentos/mestrado/DeepWeeds-Mobile/images/20171025-100813-3.jpg,3,3,3,3,1,0.9890671,0.00025307777,6.562472e-08,0.002684438,0.9890671,0.0051485742,2.2466082e-09,7.362657e-11,5.7472873e-05,0.0027893472
/home/leo/Documentos/mestrado/DeepWeeds-Mobile/images/20171113-133026-3.jpg,6,6,6,6,1,0.9690948,5.3472345e-06,2.417901e-05,3.3907458e-05,1.4014371e-05,0.00013638317,3.316749e-06,0.9690948,1.6450673e-05,0.030671438
/home/leo/Documentos/mestrado/DeepWeeds-Mobile/images/20180105-104550-1.jpg,8,8,8,8,1,0.7982105,8.171772e-06,0.0013782103,0.003117537,4.0607254e-05,4.2707852e-05,8.290985e-05,0.19709417,2.5104664e-05,0.7982105
/home/leo/Documentos/mestrado/DeepWeeds-Mobile/images/20180112-100852-1.jpg,8,6,8,6,0,0.98143893,5.8863618e-05,0.00023115308,1.3160428e-05,0.0022799005,9.412993e-05,1.6349763e-07,0.98143893,0.000189326,0.015694467
/home/leo/Documentos/mestrado/DeepWeeds-Mobile/images/20171102-121802-2.jpg,2,2,2,2,1,0.97429,0.0013783539,1.2330932e-07,0.97429,0.012428002,0.001542555,1.3178226e-07,1.5426503e-09,3.8700353e-05,0.010322113
/home/leo/Documentos/mestrado/DeepWeeds-Mobile/images/20170714-121158-2.jpg,1,1,1,1,1,0.69460845,0.018736864,0.69460845,9.867734e-07,0.0014584673,3.2502405e-05,2.8773657e-05,0.15251428,0.078844324,0.053775486
/home/leo/Documentos/mestrado/DeepWeeds-Mobile/images/20171109-091742-1.jpg,5,5,5,5,1,0.9406713,0.008866613,0.0005583552,7.5768036e-10,4.9651144e-06,4.19027e-08,0.9406713,5.660951e-05,0.0027485094,0.047093503
/home/leo/Documentos/mestrado/DeepWeeds-Mobile/images/20170210-150136-0.jpg,0,0,0,0,1,0.9995886,0.9995886,2.0973043e-07,2.244026e-12,7.822276e-10,4.6608002e-11,9.052582e-06,6.1966614e-07,0.000120500044,0.00028100962
/home/leo/Documentos/mestrado/DeepWeeds-Mobile/images/20170501-145604-0.jpg,8,8,8,8,1,0.99797624,0.00019570922,0.00026563986,4.729269e-06,0.00026313736,4.65067e-05,2.3096693e-08,3.7689597e-06,0.0012443115,0.99797624
/home/leo/Documentos/mestrado/DeepWeeds-Mobile/images/20170811-125945-1.jpg,0,0,0,0,1,0.983633,0.983633,0.0009647857,2.409194e-06,4.7858293e-06,0.00023123786,0.00782406,3.754848e-07,0.0031737997,0.004165512
/home/leo/Documentos/mestrado/DeepWeeds-Mobile/images/20171025-095741-3.jpg,3,3,3,3,1,0.6780876,0.016783621,1.5640711e-05,0.021073,0.6780876,0.012733144,8.0054815e-07,2.0934701e-08,0.002383913,0.26892236
/home/leo/Documentos/mestrado/DeepWeeds-Mobile/images/20170630-154345-0.jpg,7,7,7,7,1,0.63859236,0.27369946,0.003363565,2.8983324e-08,0.0002674037,2.1508374e-07,0.000719263,0.0010570254,0.63859236,0.08230068
/home/leo/Documentos/mestrado/DeepWeeds-Mobile/images/20180109-092239-2.jpg,8,8,8,8,1,0.99993455,4.8688224e-05,2.8568452e-08,6.404797e-08,1.0880483e-05,1.5639419e-08,8.1252773e-07,2.1048572e-06,2.971321e-06,0.99993455
/home/leo/Documentos/mestrado/DeepWeeds-Mobile/images/20180125-092957-1.jpg,8,8,8,8,1,0.9970853,3.2441912e-05,6.7902342e-06,3.0483997e-07,0.00274999,0.00011896991,2.1570328e-07,1.3538524e-09,5.940768e-06,0.9970853
/home/leo/Documentos/mestrado/DeepWeeds-Mobile/images/20171122-101630-1.jpg,5,5,5,5,1,0.99987805,1.3834028e-05,1.7734459e-06,9.2124015e-15,3.969806e-12,3.373834e-14,0.99987805,2.7953673e-08,1.2419874e-06,0.00010512472
/home/leo/Documentos/mestrado/DeepWeeds-Mobile/images/20161207-111917-0.jpg,0,8,0,8,0,0.99720675,0.00019760686,7.35462e-06,1.576559e-12,4.492294e-07,3.335967e-11,0.002584369,2.5343923e-07,3.2274786e-06,0.99720675
/home/leo/Documentos/mestrado/DeepWeeds-Mobile/images/20171102-120436-1.jpg,2,2,2,2,1,0.99975854,1.4206315e-06,1.271101e-09,0.99975854,1.8164721e-05,2.885464e-07,6.4265193e-10,5.0894416e-10,6.861426e-08,0.00022147445
/home/leo/Documentos/mestrado/DeepWeeds-Mobile/images/20171220-090700-2.jpg,8,8,8,8,1,0.7477819,0.03398124,0.00478857,0.01045354,0.10951608,0.07603444,0.0022928847,0.0044002985,0.010751173,0.7477819
/home/leo/Documentos/mestrado/DeepWeeds-Mobile/images/20171218-114714-2.jpg,8,8,8,8,1,0.9780055,0.0072296145,0.0012434365,2.0175344e-06,0.010776576,4.1072948e-05,1.1534125e-05,2.6010418e-06,0.0026876435,0.9780055
/home/leo/Documentos/mestrado/DeepWeeds-Mobile/images/20180112-081243-1.jpg,8,8,8,8,1,0.9424522,0.002453941,4.0089864e-05,0.0015302418,0.039236,0.0075644925,5.2108777e-07,1.9560659e-08,0.006722445,0.9424522
/home/leo/Documentos/mestrado/DeepWeeds-Mobile/images/20180322-115701-2.jpg,8,8,8,8,1,0.98036397,0.00082399766,0.0013011104,2.6012654e-05,0.014861316,0.00010538522,0.0003991088,0.00026224338,0.0018568357,0.98036397
/home/leo/Documentos/mestrado/DeepWeeds-Mobile/images/20180105-092708-2.jpg,8,8,8,8,1,0.67166865,5.6732138e-06,0.00014596709,1.7842447e-05,0.00012038755,2.1582135e-05,4.2007077e-06,0.3279889,2.6796411e-05,0.67166865
/home/leo/Documentos/mestrado/DeepWeeds-Mobile/images/20170217-114526-0.jpg,7,7,7,7,1,0.99159193,0.0031506277,0.00013336164,7.074081e-09,7.809885e-10,1.5976921e-10,2.0083248e-06,4.686291e-08,0.99159193,0.0051220735
/home/leo/Documentos/mestrado/DeepWeeds-Mobile/images/20170727-144045-3.jpg,4,4,4,4,1,0.98756194,3.411194e-05,1.0896455e-06,0.00038187156,0.004820487,0.98756194,1.8838234e-06,1.0587153e-08,0.00016105101,0.0070375088
/home/leo/Documentos/mestrado/DeepWeeds-Mobile/images/20171218-103327-3.jpg,8,2,8,2,0,0.49474132,0.0013366541,2.907933e-06,0.49474132,0.0034638043,0.31411552,2.3849734e-06,5.051235e-07,0.0020311975,0.1843058
/home/leo/Documentos/mestrado/DeepWeeds-Mobile/images/20171219-113011-3.jpg,8,8,8,8,1,0.80245596,8.494291e-05,8.845709e-06,0.16735746,0.022270162,0.005753684,6.338952e-07,0.0019665675,0.00010181675,0.80245596
/home/leo/Documentos/mestrado/DeepWeeds-Mobile/images/20171113-092616-3.jpg,5,5,5,5,1,0.99530256,5.5160588e-05,1.6211068e-06,1.558175e-10,1.4940781e-07,2.8152977e-10,0.99530256,9.060863e-05,7.8476725e-05,0.004471331
/home/leo/Documentos/mestrado/DeepWeeds-Mobile/images/20170217-115735-0.jpg,0,0,0,0,1,0.9986589,0.9986589,7.4035765e-06,9.3371274e-14,9.343128e-11,1.7381918e-12,3.6844318e-05,1.1579032e-06,0.0008251143,0.00047052687
/home/leo/Documentos/mestrado/DeepWeeds-Mobile/images/20171109-195110-1.jpg,5,5,5,5,1,0.98533994,0.00029656693,0.003036737,2.4435686e-11,9.074593e-08,2.7882727e-09,0.98533994,0.0026349004,0.00069976115,0.007991999
/home/leo/Documentos/mestrado/DeepWeeds-Mobile/images/20180125-133750-3.jpg,8,8,8,8,1,0.6011773,0.06322884,0.09563777,3.552362e-05,0.01312476,0.00237754,6.371012e-05,0.008742157,0.21561244,0.6011773
/home/leo/Documentos/mestrado/DeepWeeds-Mobile/images/20180125-132807-3.jpg,8,8,8,8,1,0.71409345,0.002578425,0.22950956,2.3214965e-05,0.0025993567,0.00068282866,6.1687635e-05,0.041559882,0.008891606,0.71409345
/home/leo/Documentos/mestrado/DeepWeeds-Mobile/images/20170727-113341-1.jpg,4,2,4,2,0,0.477449,0.00018463795,2.27375e-05,0.477449,0.043873068,0.46840525,0.0033771119,7.496899e-05,6.2750856e-05,0.006550496
/home/leo/Documentos/mestrado/DeepWeeds-Mobile/images/20171220-085256-2.jpg,8,8,8,8,1,0.9763096,0.006894542,0.00014761992,6.2943486e-09,0.00015482273,2.468711e-07,0.013844459,6.2085264e-06,0.0026426115,0.9763096
/home/leo/Documentos/mestrado/DeepWeeds-Mobile/images/20170727-120128-3.jpg,4,4,4,4,1,0.98544675,3.5546924e-07,6.667429e-10,0.014352057,9.5286905e-06,0.98544675,2.0552727e-05,5.485464e-07,6.195856e-08,0.00017011426
/home/leo/Documentos/mestrado/DeepWeeds-Mobile/images/20180125-131311-3.jpg,8,8,8,8,1,0.65337807,0.0013667587,0.29081205,9.699277e-06,0.0034127869,0.0026881304,0.0001391286,0.009716623,0.038476728,0.65337807
/home/leo/Documentos/mestrado/DeepWeeds-Mobile/images/20170217-113901-0.jpg,0,0,0,0,1,0.9927772,0.9927772,0.00025498462,8.8154175e-13,4.891697e-10,1.6740605e-11,2.195735e-06,0.00014211697,0.006791505,3.194506e-05
/home/leo/Documentos/mestrado/DeepWeeds-Mobile/images/20170920-095829-1.jpg,2,2,2,2,1,0.985061,4.8056883e-08,9.275619e-06,0.985061,1.0912914e-05,4.0746065e-05,2.4785984e-07,0.0037429759,2.0019539e-07,0.011134566
/home/leo/Documentos/mestrado/DeepWeeds-Mobile/images/20180109-101318-2.jpg,8,8,8,8,1,0.96559215,5.5282303e-06,0.020040374,0.0007279356,0.00046876783,0.00030431422,1.6700065e-05,0.012739618,0.000104526844,0.96559215
/home/leo/Documentos/mestrado/DeepWeeds-Mobile/images/20171220-100330-2.jpg,8,8,8,8,1,0.9930248,0.0022723605,0.00021953865,4.1089168e-10,3.8313334e-05,8.744894e-09,0.0042726737,0.00010317889,6.908736e-05,0.9930248
/home/leo/Documentos/mestrado/DeepWeeds-Mobile/images/20171203-165600-3.jpg,8,8,8,8,1,0.9932241,0.00015783988,0.0049129417,1.4808253e-08,0.0008581537,1.2851882e-07,1.2884943e-05,0.00043716782,0.00039685162,0.9932241
/home/leo/Documentos/mestrado/DeepWeeds-Mobile/images/20180125-130415-3.jpg,8,8,8,8,1,0.96626896,0.00075819343,0.016998867,8.6292775e-06,0.011095848,0.0018247019,7.500075e-05,0.00022821262,0.0027416246,0.96626896
/home/leo/Documentos/mestrado/DeepWeeds-Mobile/images/20171219-094201-2.jpg,8,8,8,8,1,0.9842776,0.0006626949,0.0003484324,4.1559645e-07,0.0005135701,7.344592e-07,0.0013188572,0.012760124,0.00011758899,0.9842776
/home/leo/Documentos/mestrado/DeepWeeds-Mobile/images/20171122-100643-1.jpg,5,5,5,5,1,0.9862273,0.00028368435,0.00010302771,1.2204012e-09,1.7259218e-07,3.735058e-09,0.9862273,2.3751409e-06,4.4224257e-06,0.013379065
/home/leo/Documentos/mestrado/DeepWeeds-Mobile/images/20170920-120103-2.jpg,2,2,2,2,1,0.9999199,7.727934e-08,3.767944e-09,0.9999199,1.7177405e-06,1.1512117e-05,7.588391e-10,6.1688152e-09,8.993778e-08,6.668071e-05
/home/leo/Documentos/mestrado/DeepWeeds-Mobile/images/20171025-081851-3.jpg,3,3,3,3,1,0.87039614,0.010269534,0.00087777746,0.0011532353,0.87039614,0.009394774,4.48636e-06,2.7715153e-06,0.02043918,0.08746215
/home/leo/Documentos/mestrado/DeepWeeds-Mobile/images/20170728-153408-1.jpg,4,4,4,4,1,0.9908865,2.8237728e-05,6.323229e-07,6.676394e-05,0.0053035044,0.9908865,5.3661856e-06,2.6262498e-08,6.528303e-06,0.0037025344
/home/leo/Documentos/mestrado/DeepWeeds-Mobile/images/20180119-111517-2.jpg,8,8,8,8,1,0.98063606,0.0022080648,0.002364097,1.0902867e-05,0.0011066517,4.809699e-05,9.959058e-07,0.011399045,0.0022261234,0.98063606
/home/leo/Documentos/mestrado/DeepWeeds-Mobile/images/20170714-135001-3.jpg,1,1,1,1,1,0.84182674,0.037210643,0.84182674,1.327417e-07,7.168719e-05,1.2222407e-05,0.00082420383,0.0014866807,0.015057302,0.10351034
/home/leo/Documentos/mestrado/DeepWeeds-Mobile/images/20170729-092214-2.jpg,4,4,4,4,1,0.9968916,0.00017255913,6.203458e-08,3.7084767e-05,9.8311575e-05,0.9968916,3.0240045e-08,1.2318409e-10,0.0015945906,0.0012057
/home/leo/Documentos/mestrado/DeepWeeds-Mobile/images/20170705-162951-0.jpg,0,7,0,7,0,0.46637392,0.14854239,0.01817899,0.00097515044,0.08831824,0.00062091596,0.0007179835,3.137867e-06,0.46637392,0.27626926
/home/leo/Documentos/mestrado/DeepWeeds-Mobile/images/20170207-142452-0.jpg,7,7,7,7,1,0.89719987,0.0968579,0.003343274,1.4940264e-10,1.1433891e-08,5.928069e-09,7.9103855e-05,0.00029111968,0.89719987,0.0022288088
/home/leo/Documentos/mestrado/DeepWeeds-Mobile/images/20180125-094825-1.jpg,8,8,8,8,1,0.99719477,1.6775344e-05,1.5569394e-05,9.448919e-06,0.00032128897,1.2066056e-06,3.108664e-05,0.002388388,2.1447911e-05,0.99719477
/home/leo/Documentos/mestrado/DeepWeeds-Mobile/images/20180125-100528-2.jpg,8,3,8,3,0,0.5478903,2.573189e-06,2.7645385e-06,0.012664667,0.5478903,0.00039586425,3.853522e-05,1.049285e-05,8.716908e-06,0.43898615
/home/leo/Documentos/mestrado/DeepWeeds-Mobile/images/20171220-091842-3.jpg,8,8,8,8,1,0.99164164,0.0014971977,2.7146347e-05,3.483129e-08,0.00039221006,1.8231713e-05,0.006278995,9.841582e-05,4.6199428e-05,0.99164164
/home/leo/Documentos/mestrado/DeepWeeds-Mobile/images/20171212-105011-3.jpg,8,8,8,8,1,0.77957624,0.027078837,0.16337883,2.1528624e-06,0.0106728235,3.8487856e-06,0.00016984271,4.3494805e-05,0.019074045,0.77957624
/home/leo/Documentos/mestrado/DeepWeeds-Mobile/images/20170714-111510-1.jpg,1,7,1,7,0,0.45977286,0.029237472,0.2264687,1.2594964e-05,0.00048242148,3.200946e-05,0.011933415,0.00020012239,0.45977286,0.27186042
/home/leo/Documentos/mestrado/DeepWeeds-Mobile/images/20170729-092929-2.jpg,4,4,4,4,1,0.915957,0.00012790094,2.2967758e-06,0.043236364,0.0053408393,0.915957,2.3073854e-07,3.6671306e-08,0.0003308878,0.03500435
/home/leo/Documentos/mestrado/DeepWeeds-Mobile/images/20171219-112327-2.jpg,8,3,8,3,0,0.900033,0.0007353502,5.6192137e-05,1.1781096e-05,0.900033,2.9672803e-05,1.2598487e-05,0.0075271167,0.00020308935,0.09139122
/home/leo/Documentos/mestrado/DeepWeeds-Mobile/images/20180109-105537-1.jpg,8,8,8,8,1,0.91846627,0.0057721133,1.4847323e-06,0.023956139,0.04867498,0.0021578933,9.122686e-06,6.187263e-08,0.00096182904,0.91846627
/home/leo/Documentos/mestrado/DeepWeeds-Mobile/images/20180119-110505-1.jpg,8,8,8,8,1,0.9741377,0.0013286412,0.013986052,7.0236633e-06,0.0011277634,2.1603935e-05,7.096802e-05,0.005069201,0.0042510903,0.9741377
/home/leo/Documentos/mestrado/DeepWeeds-Mobile/images/20180109-070719-2.jpg,8,6,8,6,0,0.6608504,1.1019719e-05,1.9139898e-05,0.00072837493,0.0009273572,0.00022660894,7.9023226e-07,0.6608504,2.3454473e-05,0.33721277
/home/leo/Documentos/mestrado/DeepWeeds-Mobile/images/20171220-100527-1.jpg,8,8,8,8,1,0.9975163,6.306736e-05,0.0001269553,2.1349572e-14,2.3081589e-07,1.7855545e-12,0.0022017995,3.2184387e-05,5.9464972e-05,0.9975163
/home/leo/Documentos/mestrado/DeepWeeds-Mobile/images/20180109-074114-2.jpg,8,8,8,8,1,0.7919455,0.14362836,0.009001956,3.6210628e-09,5.9637982e-06,1.2364798e-07,0.017138546,0.007163654,0.031115862,0.7919455
/home/leo/Documentos/mestrado/DeepWeeds-Mobile/images/20180109-102917-1.jpg,8,8,8,8,1,0.94038,0.0018726379,0.001661174,0.00042037966,0.046760432,0.0041906876,1.3086709e-06,1.2529995e-05,0.0047007743,0.94038
/home/leo/Documentos/mestrado/DeepWeeds-Mobile/images/20170706-112654-0.jpg,7,7,7,7,1,0.46597943,0.17986168,0.10356694,9.5133604e-05,0.0067588277,0.00094400754,0.00050317135,0.0064052497,0.46597943,0.2358856
/home/leo/Documentos/mestrado/DeepWeeds-Mobile/images/20171218-105607-2.jpg,8,8,8,8,1,0.8752211,0.119976036,1.20213435e-05,2.8402705e-10,9.067478e-07,3.9736565e-09,0.0023841339,2.9643659e-06,0.0024029016,0.8752211
/home/leo/Documentos/mestrado/DeepWeeds-Mobile/images/20170217-145137-0.jpg,7,7,7,7,1,0.99715436,0.0028421145,2.4703537e-08,8.1980825e-16,4.2579368e-13,5.4925906e-14,5.113225e-07,1.9382107e-09,0.99715436,2.9303603e-06
/home/leo/Documentos/mestrado/DeepWeeds-Mobile/images/20170714-143358-3.jpg,1,1,1,1,1,0.6385219,0.003841384,0.6385219,7.8163e-07,0.004222145,6.3668635e-06,2.7029238e-05,0.1932392,0.00053914834,0.15960202
/home/leo/Documentos/mestrado/DeepWeeds-Mobile/images/20180109-102956-2.jpg,8,8,8,8,1,0.9734143,0.0018225149,5.0852345e-06,0.0099782515,0.008110912,0.00527463,1.3981023e-06,2.7443171e-08,0.0013929068,0.9734143
/home/leo/Documentos/mestrado/DeepWeeds-Mobile/images/20171109-090359-1.jpg,5,5,5,5,1,0.99750984,1.4684196e-05,0.00013934501,9.382444e-14,8.936026e-09,6.241794e-12,0.99750984,2.9850102e-05,1.1366183e-05,0.0022948391
/home/leo/Documentos/mestrado/DeepWeeds-Mobile/images/20171102-103717-2.jpg,2,3,2,3,0,0.6308607,0.00023377789,0.00011011569,0.1012773,0.6308607,0.018551737,3.5402755e-07,2.0639906e-07,0.0005089858,0.24845679
/home/leo/Documentos/mestrado/DeepWeeds-Mobile/images/20171109-085222-3.jpg,5,8,5,8,0,0.5410251,0.0031966572,0.0007018488,1.8207565e-10,3.115748e-06,1.4902968e-09,0.45422614,0.00040788017,0.00043934945,0.5410251
/home/leo/Documentos/mestrado/DeepWeeds-Mobile/images/20161207-112006-0.jpg,0,0,0,0,1,0.47952983,0.47952983,0.37467328,7.4338765e-05,0.00031957478,1.36947e-05,0.0012700852,0.0017260307,0.045235723,0.09715741
/home/leo/Documentos/mestrado/DeepWeeds-Mobile/images/20180109-100212-1.jpg,8,8,8,8,1,0.99645895,0.00042694065,3.9662977e-05,0.00053374865,0.0015103305,0.00037558546,4.1344768e-07,1.7182734e-06,0.00065261335,0.99645895
/home/leo/Documentos/mestrado/DeepWeeds-Mobile/images/20170728-145927-1.jpg,8,2,8,2,0,0.6718867,0.009777059,0.0012197465,0.6718867,0.019233622,0.17966564,0.0019209731,0.00056253397,0.012217798,0.103515975
/home/leo/Documentos/mestrado/DeepWeeds-Mobile/images/20171212-095017-1.jpg,8,8,8,8,1,0.9996604,1.8737427e-06,3.1126078e-07,1.2876611e-13,0.0003349316,1.1525686e-10,1.986163e-06,6.960713e-09,4.9562055e-07,0.9996604
/home/leo/Documentos/mestrado/DeepWeeds-Mobile/images/20170727-170217-1.jpg,4,4,4,4,1,0.9018687,0.0026347754,1.0128398e-05,0.00096941524,0.017444078,0.9018687,7.472418e-07,3.7264e-09,0.026780793,0.05029133
/home/leo/Documentos/mestrado/DeepWeeds-Mobile/images/20170714-134152-1.jpg,1,1,1,1,1,0.98406655,1.2378299e-06,0.98406655,1.4018262e-12,2.861686e-07,6.7252637e-10,3.3630843e-07,0.01290663,1.8195295e-05,0.0030067821
/home/leo/Documentos/mestrado/DeepWeeds-Mobile/images/20180112-103611-1.jpg,8,8,8,8,1,0.9855995,0.013124037,1.0496088e-05,0.00015120143,7.784893e-06,2.3572031e-07,0.00018507292,4.4828454e-07,0.00092112646,0.9855995
/home/leo/Documentos/mestrado/DeepWeeds-Mobile/images/20180105-102209-1.jpg,8,6,8,6,0,0.6091734,4.4733783e-06,0.00016825927,1.04939545e-05,0.00033829137,2.8920504e-06,9.265016e-06,0.6091734,9.540759e-06,0.39028335
/home/leo/Documentos/mestrado/DeepWeeds-Mobile/images/20171102-093416-3.jpg,4,8,4,8,0,0.6362548,0.000104742125,0.04419873,1.0813189e-05,0.30608472,0.008753703,3.9157078e-07,0.00024819854,0.0043438612,0.6362548
/home/leo/Documentos/mestrado/DeepWeeds-Mobile/images/20170217-113124-0.jpg,7,7,7,7,1,0.99971026,0.00026711106,1.8485038e-05,6.537714e-13,6.422236e-11,6.646706e-11,9.9598395e-08,4.7018358e-07,0.99971026,3.5087419e-06
/home/leo/Documentos/mestrado/DeepWeeds-Mobile/images/20171113-131834-2.jpg,6,6,6,6,1,0.9997203,4.157727e-09,0.0001456643,8.237372e-11,5.677739e-09,1.6188839e-09,3.207944e-07,0.9997203,2.3972524e-08,0.00013366691
/home/leo/Documentos/mestrado/DeepWeeds-Mobile/images/20180112-101635-2.jpg,8,8,8,8,1,0.99996126,2.6652498e-05,3.2284109e-09,1.2692594e-07,1.8344687e-09,8.2939494e-10,1.4413646e-06,2.2158078e-12,1.0509883e-05,0.99996126
/home/leo/Documentos/mestrado/DeepWeeds-Mobile/images/20171220-093046-2.jpg,8,8,8,8,1,0.9734293,0.022373548,3.7106797e-06,1.5678303e-09,0.0007840196,3.6047226e-05,2.3614255e-05,6.1874066e-06,0.0033434853,0.9734293
/home/leo/Documentos/mestrado/DeepWeeds-Mobile/images/20170405-160035-0.jpg,0,8,0,8,0,0.48024085,0.42222038,0.00025525168,0.0009005993,0.06675574,3.7057755e-05,0.00051702914,1.4634773e-07,0.02907288,0.48024085
/home/leo/Documentos/mestrado/DeepWeeds-Mobile/images/20170217-120051-0.jpg,0,0,0,0,1,0.9996538,0.9996538,4.9716715e-09,4.9430423e-16,3.6697487e-13,1.2244424e-14,5.0852974e-05,8.708077e-10,3.9764844e-05,0.0002556596
/home/leo/Documentos/mestrado/DeepWeeds-Mobile/images/20170714-142512-3.jpg,1,1,1,1,1,0.997633,8.071564e-06,0.997633,8.604586e-11,3.777062e-07,5.77608e-09,3.2972614e-06,0.0021025306,2.5156723e-05,0.0002274671
/home/leo/Documentos/mestrado/DeepWeeds-Mobile/images/20170729-092158-1.jpg,4,4,4,4,1,0.9378653,0.0005275721,4.395753e-05,5.642159e-05,0.002729648,0.9378653,1.2091105e-06,2.6216327e-08,0.04394177,0.014834041
/home/leo/Documentos/mestrado/DeepWeeds-Mobile/images/20180125-133844-3.jpg,8,8,8,8,1,0.6259676,0.028843291,0.2141001,3.7995105e-05,0.0045025176,0.0018680944,0.0011080335,0.0030839264,0.120488524,0.6259676
/home/leo/Documentos/mestrado/DeepWeeds-Mobile/images/20180125-092702-2.jpg,8,8,8,8,1,0.99749976,0.00010846846,3.2343487e-05,8.06452e-07,0.0018589632,5.8338715e-05,1.6376482e-06,4.9985715e-07,0.00043911254,0.99749976
/home/leo/Documentos/mestrado/DeepWeeds-Mobile/images/20171220-095157-2.jpg,8,8,8,8,1,0.99969333,0.00014904024,2.731555e-07,1.445483e-10,1.8360004e-05,5.194021e-09,0.00011603414,1.800159e-05,4.8622724e-06,0.99969333
/home/leo/Documentos/mestrado/DeepWeeds-Mobile/images/20170728-124749-2.jpg,4,4,4,4,1,0.9987477,0.00010083651,1.2489631e-06,0.00012733454,3.85262e-05,0.9987477,4.539359e-06,7.387378e-08,6.6462e-05,0.0009133581
/home/leo/Documentos/mestrado/DeepWeeds-Mobile/images/20170728-152727-1.jpg,8,4,8,4,0,0.8602128,0.0041665896,6.94426e-05,0.017088465,0.01086922,0.8602128,1.8890853e-05,1.4340965e-07,0.03951684,0.0680576
/home/leo/Documentos/mestrado/DeepWeeds-Mobile/images/20180105-101131-2.jpg,8,8,8,8,1,0.9982439,5.7892824e-09,1.2393972e-08,0.00040785325,3.9015285e-07,5.341961e-05,4.19061e-09,0.0012942712,1.23856525e-08,0.9982439
/home/leo/Documentos/mestrado/DeepWeeds-Mobile/images/20171220-091520-3.jpg,8,8,8,8,1,0.5749043,0.09489114,0.106597155,4.049457e-05,0.0076003433,0.00018747192,0.060133114,0.05438044,0.101265624,0.5749043
/home/leo/Documentos/mestrado/DeepWeeds-Mobile/images/20171109-071344-3.jpg,5,8,5,8,0,0.78501695,3.0518007e-05,8.3569874e-05,2.7337887e-14,1.0357387e-05,1.0976385e-11,0.21478511,3.7958474e-05,3.55362e-05,0.78501695
/home/leo/Documentos/mestrado/DeepWeeds-Mobile/images/20171113-061420-1.jpg,6,6,6,6,1,0.99155796,1.1278108e-06,0.00026849512,2.1324608e-08,1.7258764e-05,2.0406159e-07,1.265726e-07,0.99155796,3.901552e-07,0.0081544425
/home/leo/Documentos/mestrado/DeepWeeds-Mobile/images/20170920-192007-1.jpg,2,4,2,4,0,0.54326075,0.0006603051,6.8350473e-06,0.44533128,0.0023469736,0.54326075,8.502639e-06,1.4468951e-07,0.00037280226,0.008012531
/home/leo/Documentos/mestrado/DeepWeeds-Mobile/images/20171121-085247-1.jpg,6,6,6,6,1,0.8626515,0.00055244553,0.0040843682,0.0005997438,0.006359956,0.00016348483,1.3290519e-05,0.8626515,0.0013503988,0.12422478
/home/leo/Documentos/mestrado/DeepWeeds-Mobile/images/20170727-144459-1.jpg,4,5,4,5,0,0.5639373,1.425593e-05,6.8854473e-07,3.648181e-05,0.0005670282,0.43513536,0.5639373,3.1697264e-06,6.8994977e-06,0.0002988533
/home/leo/Documentos/mestrado/DeepWeeds-Mobile/images/20171113-132859-3.jpg,6,6,6,6,1,0.6099501,2.4242752e-05,0.00021266346,2.6003718e-05,0.0025930542,0.00043453116,4.796787e-06,0.6099501,0.00016318845,0.38659137
/home/leo/Documentos/mestrado/DeepWeeds-Mobile/images/20180119-111543-2.jpg,8,8,8,8,1,0.9841291,4.0806128e-05,0.004028014,2.3836124e-05,0.011197718,5.4419765e-05,2.914321e-06,0.00028319177,0.00024004806,0.9841291
/home/leo/Documentos/mestrado/DeepWeeds-Mobile/images/20180322-113626-2.jpg,8,8,8,8,1,0.99054295,0.0017095943,0.000104931736,0.00012389015,0.0066359737,0.00042958258,2.1468281e-06,4.660131e-08,0.00045090378,0.99054295
/home/leo/Documentos/mestrado/DeepWeeds-Mobile/images/20170714-120236-2.jpg,1,1,1,1,1,0.76556027,0.0013084257,0.76556027,3.1621983e-08,0.0065394873,7.0247595e-05,1.337894e-05,0.009920668,0.20097579,0.0156117575
/home/leo/Documentos/mestrado/DeepWeeds-Mobile/images/20171113-094840-3.jpg,5,5,5,5,1,0.98551905,4.1945907e-05,7.043518e-06,5.7663275e-12,9.437618e-08,1.225482e-10,0.98551905,1.9770547e-05,2.829639e-06,0.0144092385
/home/leo/Documentos/mestrado/DeepWeeds-Mobile/images/20180119-105847-1.jpg,8,8,8,8,1,0.95162094,0.00045958304,0.036790866,2.017392e-06,9.991503e-05,7.1205063e-06,9.709179e-06,0.0029465393,0.008063334,0.95162094
/home/leo/Documentos/mestrado/DeepWeeds-Mobile/images/20170913-102531-3.jpg,5,5,5,5,1,0.8152188,0.030411676,0.00020252544,0.00028379835,0.0044947774,0.13625087,0.8152188,1.9516348e-05,0.0010753568,0.012042628
/home/leo/Documentos/mestrado/DeepWeeds-Mobile/images/20171219-101912-3.jpg,8,8,8,8,1,0.9990057,0.00034963255,7.714951e-06,1.3973673e-11,0.0004248856,1.0729689e-08,1.047137e-05,3.2359008e-08,0.00020154349,0.9990057
/home/leo/Documentos/mestrado/DeepWeeds-Mobile/images/20180112-093144-2.jpg,8,8,8,8,1,0.99989605,9.4668605e-05,4.4128075e-08,2.0474918e-06,5.646659e-07,3.5766723e-10,8.65013e-08,2.1415332e-10,6.6056036e-06,0.99989605
/home/leo/Documentos/mestrado/DeepWeeds-Mobile/images/20180112-070825-2.jpg,8,0,8,0,0,0.6787979,0.6787979,0.066157624,0.003031305,0.0010621406,0.0059331283,0.10765651,3.808237e-05,0.03861668,0.09870663
/home/leo/Documentos/mestrado/DeepWeeds-Mobile/images/20171121-181023-2.jpg,6,8,6,8,0,0.65083617,0.01081054,0.003832404,9.410044e-06,0.032342035,0.0006891739,6.5469544e-06,0.29656878,0.004904834,0.65083617
/home/leo/Documentos/mestrado/DeepWeeds-Mobile/images/20170128-103458-0.jpg,8,3,8,3,0,0.5738415,0.0029865454,0.016956875,0.00070760865,0.5738415,0.0005536188,3.382186e-05,0.011580933,0.0014822562,0.3918568
/home/leo/Documentos/mestrado/DeepWeeds-Mobile/images/20180112-101558-2.jpg,8,8,8,8,1,0.9999863,4.69687e-06,6.227129e-09,1.7166458e-08,3.443895e-10,3.1190106e-11,6.9423686e-07,1.0349796e-11,8.299498e-06,0.9999863
/home/leo/Documentos/mestrado/DeepWeeds-Mobile/images/20180322-105411-1.jpg,8,8,8,8,1,0.9330484,0.022885585,9.969962e-05,0.0009467019,0.0009906078,0.0003561372,2.484149e-05,3.1124054e-09,0.04164802,0.9330484
/home/leo/Documentos/mestrado/DeepWeeds-Mobile/images/20171109-091647-1.jpg,5,5,5,5,1,0.99925214,6.4462406e-06,6.609586e-05,3.6497676e-12,7.54194e-10,1.9485124e-11,0.99925214,0.00015933122,0.0001417501,0.0003742076
/home/leo/Documentos/mestrado/DeepWeeds-Mobile/images/20170920-181043-1.jpg,2,2,2,2,1,0.6182389,5.137311e-05,3.958572e-06,0.6182389,0.003609383,0.36241147,7.400437e-05,2.4892453e-05,1.8448201e-05,0.0155676175
/home/leo/Documentos/mestrado/DeepWeeds-Mobile/images/20170728-120134-2.jpg,4,4,4,4,1,0.9989409,3.405217e-05,3.4229465e-08,0.00033367323,0.000106741885,0.9989409,3.2002276e-06,4.5578954e-09,2.8533016e-06,0.00057868235
/home/leo/Documentos/mestrado/DeepWeeds-Mobile/images/20180105-101350-2.jpg,8,8,8,8,1,0.9790891,4.2525565e-07,1.8560875e-06,2.7000533e-06,8.877115e-05,1.0099957e-05,8.570817e-09,0.020806009,9.687985e-07,0.9790891
/home/leo/Documentos/mestrado/DeepWeeds-Mobile/images/20170129-102119-0.jpg,8,8,8,8,1,0.3963159,0.0007880137,0.30215868,1.0993759e-08,0.004994998,1.2862167e-06,0.000116014984,0.29371545,0.0019096097,0.3963159
/home/leo/Documentos/mestrado/DeepWeeds-Mobile/images/20180125-093721-2.jpg,8,8,8,8,1,0.97128916,0.0017993328,1.3380638e-05,1.702433e-06,0.018292857,0.006018461,4.0898254e-08,1.1651077e-06,0.0025838413,0.97128916
/home/leo/Documentos/mestrado/DeepWeeds-Mobile/images/20170913-103603-3.jpg,5,5,5,5,1,0.99585116,0.0008150503,1.5493888e-05,1.1061667e-05,0.0006422081,0.0017280469,0.99585116,1.1548118e-06,0.0003480185,0.0005877404
/home/leo/Documentos/mestrado/DeepWeeds-Mobile/images/20170127-101244-0.jpg,1,1,1,1,1,0.97170544,0.009634781,0.97170544,4.627206e-11,3.5329716e-08,5.8761657e-10,2.8977065e-05,0.0005438517,0.009558603,0.00852831
/home/leo/Documentos/mestrado/DeepWeeds-Mobile/images/20171220-085013-3.jpg,8,8,8,8,1,0.99987614,1.126017e-06,9.9905765e-06,2.5020934e-15,5.6361447e-08,5.9183903e-12,7.4263806e-07,1.7769268e-06,0.00011018195,0.99987614
/home/leo/Documentos/mestrado/DeepWeeds-Mobile/images/20180105-092927-2.jpg,8,8,8,8,1,0.99825424,2.4542157e-09,9.0092414e-07,0.00019841637,2.6256097e-05,2.2503975e-05,8.874113e-10,0.0014976112,1.5241828e-07,0.99825424
/home/leo/Documentos/mestrado/DeepWeeds-Mobile/images/20180112-072312-1.jpg,8,8,8,8,1,0.4541313,0.0144819515,0.015036549,0.00016108422,0.44882444,0.0037795943,3.3354463e-06,1.9400488e-05,0.06356242,0.4541313
/home/leo/Documentos/mestrado/DeepWeeds-Mobile/images/20170130-102315-0.jpg,1,1,1,1,1,0.9850007,0.006792574,0.9850007,1.8224362e-07,0.00065916206,5.837246e-06,8.510761e-06,0.0002503814,0.004913367,0.002369249
/home/leo/Documentos/mestrado/DeepWeeds-Mobile/images/20180125-101413-2.jpg,8,8,8,8,1,0.9185,1.9181676e-05,6.313061e-06,6.319732e-07,0.080609374,7.1651855e-05,4.9215896e-06,0.0007752542,1.2735342e-05,0.9185
/home/leo/Documentos/mestrado/DeepWeeds-Mobile/images/20171205-144929-2.jpg,8,8,8,8,1,0.7946381,0.0009347711,0.12579106,3.293461e-09,0.00058832474,2.7159075e-07,0.0026220616,0.07453747,0.00088791735,0.7946381
/home/leo/Documentos/mestrado/DeepWeeds-Mobile/images/20171218-113049-3.jpg,8,8,8,8,1,0.9968387,2.4740923e-05,0.0029759721,1.2882086e-10,0.00010702404,1.9210534e-08,7.774155e-06,4.0578183e-05,5.3138947e-06,0.9968387
/home/leo/Documentos/mestrado/DeepWeeds-Mobile/images/20180105-091612-3.jpg,8,8,8,8,1,0.9947911,2.6515412e-08,5.9622544e-06,4.99303e-05,0.00046667067,5.0677536e-06,1.4132304e-08,0.0046802894,8.3723387e-07,0.9947911
/home/leo/Documentos/mestrado/DeepWeeds-Mobile/images/20180109-110049-1.jpg,8,8,8,8,1,0.82750773,0.12812686,0.00026564623,0.0065945946,0.023379842,0.00076919614,8.576742e-06,1.2560744e-07,0.0133474795,0.82750773
/home/leo/Documentos/mestrado/DeepWeeds-Mobile/images/20180125-130032-3.jpg,8,1,8,1,0,0.72212595,0.007404603,0.72212595,2.6006124e-09,0.00040343223,3.223645e-05,4.287681e-05,0.10380754,0.021584177,0.14459918
/home/leo/Documentos/mestrado/DeepWeeds-Mobile/images/20170728-153128-1.jpg,4,4,4,4,1,0.7487357,0.075802885,0.0036533969,0.03795512,0.037508313,0.7487357,0.024927992,0.019581951,0.01457509,0.037259534
/home/leo/Documentos/mestrado/DeepWeeds-Mobile/images/20171218-115503-3.jpg,8,8,8,8,1,0.9735486,0.002261485,0.000165706,4.8925832e-09,7.6286215e-06,9.219943e-08,0.023417955,8.1310296e-05,0.0005171291,0.9735486
/home/leo/Documentos/mestrado/DeepWeeds-Mobile/images/20170727-113318-1.jpg,4,4,4,4,1,0.97858995,1.7811886e-06,4.176262e-08,0.017141145,0.0034720453,0.97858995,0.0005662893,3.9911953e-07,1.7969546e-07,0.00022816214
/home/leo/Documentos/mestrado/DeepWeeds-Mobile/images/20180109-090929-2.jpg,8,8,8,8,1,0.9549052,6.621238e-05,0.00036157886,8.529294e-07,0.044382725,1.0097164e-06,1.4077658e-06,4.1739037e-07,0.0002806162,0.9549052
/home/leo/Documentos/mestrado/DeepWeeds-Mobile/images/20180322-115058-1.jpg,8,8,8,8,1,0.9989475,0.00011655101,1.0824114e-05,5.4479428e-11,0.00011280664,9.000756e-09,0.00018029784,9.740754e-09,0.00063190324,0.9989475
/home/leo/Documentos/mestrado/DeepWeeds-Mobile/images/20171113-133259-3.jpg,6,6,6,6,1,0.88471156,4.1085346e-05,0.00023237617,0.00025285757,0.00076743297,0.0011195688,2.3655227e-06,0.88471156,0.00010354112,0.1127691
/home/leo/Documentos/mestrado/DeepWeeds-Mobile/images/20180109-103551-1.jpg,8,8,8,8,1,0.60064024,0.02755669,7.900496e-06,0.11933071,0.23430201,0.013598115,2.1276092e-06,8.852757e-09,0.0045621754,0.60064024
/home/leo/Documentos/mestrado/DeepWeeds-Mobile/images/20180125-123243-2.jpg,8,8,8,8,1,0.9996943,7.690559e-06,3.1742381e-06,1.378736e-06,2.2850722e-05,3.5121127e-05,7.843965e-09,0.00022930502,5.9969466e-06,0.9996943
/home/leo/Documentos/mestrado/DeepWeeds-Mobile/images/20170729-154609-3.jpg,4,4,4,4,1,0.8996058,0.0019852251,1.30790595e-05,0.0044421414,0.026556449,0.8996058,3.4382788e-06,1.2637935e-07,0.046223797,0.021169981
/home/leo/Documentos/mestrado/DeepWeeds-Mobile/images/20180105-094917-3.jpg,8,8,8,8,1,0.9840096,3.395441e-07,0.00012242017,0.0019206653,0.00010801233,0.00020989841,7.795956e-08,0.013619252,9.686259e-06,0.9840096
/home/leo/Documentos/mestrado/DeepWeeds-Mobile/images/20180119-115650-2.jpg,8,8,8,8,1,0.99462706,0.00015913414,7.545933e-05,3.5039573e-09,8.806748e-05,4.9550284e-09,0.004976074,6.3092775e-05,1.1124924e-05,0.99462706
/home/leo/Documentos/mestrado/DeepWeeds-Mobile/images/20171102-094000-1.jpg,4,3,4,3,0,0.7562928,0.0007546598,0.00010741995,0.035714336,0.7562928,0.053222056,5.8042076e-07,4.80491e-07,0.0003930552,0.15351455
/home/leo/Documentos/mestrado/DeepWeeds-Mobile/images/20170130-102342-0.jpg,1,1,1,1,1,0.98489547,6.214465e-05,0.98489547,1.4391043e-10,6.411636e-05,5.716994e-08,1.9198574e-06,0.008389917,0.00034526852,0.006241128
/home/leo/Documentos/mestrado/DeepWeeds-Mobile/images/20180109-085529-1.jpg,8,3,8,3,0,0.65610474,0.00034097832,0.021697324,1.1536686e-09,0.65610474,1.6073123e-07,8.740469e-05,0.002424255,0.00014707174,0.3191981
/home/leo/Documentos/mestrado/DeepWeeds-Mobile/images/20180109-101406-2.jpg,8,8,8,8,1,0.9633939,2.7007003e-05,0.031792715,4.821482e-06,0.0013511502,8.260888e-05,3.2272757e-05,0.0027028637,0.00061272556,0.9633939
/home/leo/Documentos/mestrado/DeepWeeds-Mobile/images/20170811-154839-2.jpg,0,0,0,0,1,0.8556716,0.8556716,5.1146933e-05,1.28926995e-05,4.7721423e-06,1.5371579e-06,0.0009981713,1.1239519e-07,0.0065667173,0.1366931
/home/leo/Documentos/mestrado/DeepWeeds-Mobile/images/20170210-145104-0.jpg,7,7,7,7,1,0.8795853,0.12031974,3.977487e-06,6.7677797e-15,2.171937e-13,1.7138134e-13,2.4015171e-05,5.2758975e-09,0.8795853,6.696e-05
/home/leo/Documentos/mestrado/DeepWeeds-Mobile/images/20170811-162648-1.jpg,0,0,0,0,1,0.9817328,0.9817328,0.00030871964,9.133721e-08,5.663339e-06,3.5979858e-05,1.6488378e-06,2.5110767e-06,0.014787519,0.003125238
/home/leo/Documentos/mestrado/DeepWeeds-Mobile/images/20180112-072933-2.jpg,8,8,8,8,1,0.71694386,0.083730265,6.7514975e-06,0.0025799356,0.17129406,0.0004666677,1.6419865e-06,3.446328e-10,0.02497677,0.71694386
/home/leo/Documentos/mestrado/DeepWeeds-Mobile/images/20171113-150347-1.jpg,6,6,6,6,1,0.82421577,0.0081692,0.0018139196,0.002619938,0.004755845,0.09610717,0.009752324,0.82421577,0.01120859,0.04135711
/home/leo/Documentos/mestrado/DeepWeeds-Mobile/images/20170913-103729-2.jpg,3,3,3,3,1,0.928863,1.1492941e-06,4.9551494e-07,0.060958743,0.928863,9.821897e-05,5.4252864e-06,5.245343e-07,1.0905305e-06,0.010071463
/home/leo/Documentos/mestrado/DeepWeeds-Mobile/images/20170128-102246-0.jpg,8,8,8,8,1,0.7541557,0.0003571906,0.19260786,8.096689e-07,0.02989522,0.0010812402,4.1872246e-07,0.018352073,0.0035494738,0.7541557
/home/leo/Documentos/mestrado/DeepWeeds-Mobile/images/20180125-130453-3.jpg,8,8,8,8,1,0.8832143,0.008128198,0.012846961,3.7138705e-06,0.0075274482,0.014911534,1.68274e-05,6.0949096e-06,0.073344946,0.8832143
/home/leo/Documentos/mestrado/DeepWeeds-Mobile/images/20180109-080137-2.jpg,7,6,7,6,0,0.79673624,0.009926252,0.021183724,2.2200068e-06,0.01419847,5.49078e-05,4.3120406e-05,0.79673624,0.0134533895,0.1444017
/home/leo/Documentos/mestrado/DeepWeeds-Mobile/images/20171219-094345-2.jpg,8,8,8,8,1,0.99971193,6.913887e-05,2.490557e-05,2.4790056e-08,8.3030594e-05,1.2115012e-07,1.2073285e-05,7.2165276e-05,2.6533064e-05,0.99971193
/home/leo/Documentos/mestrado/DeepWeeds-Mobile/images/20180322-114403-2.jpg,8,8,8,8,1,0.9901862,0.0024059343,0.0012982533,2.4953385e-06,0.0031798368,0.0001954863,4.8618174e-05,6.7073306e-05,0.002616164,0.9901862
/home/leo/Documentos/mestrado/DeepWeeds-Mobile/images/20180109-070154-2.jpg,8,8,8,8,1,0.99373615,4.1673087e-07,0.0011851498,7.422505e-06,1.372706e-06,4.1890206e-07,0.00028232523,0.0047677113,1.888507e-05,0.99373615
/home/leo/Documentos/mestrado/DeepWeeds-Mobile/images/20171109-074543-1.jpg,5,5,5,5,1,0.979494,7.551162e-05,8.647605e-07,1.9860895e-14,3.1282952e-11,1.3688297e-14,0.979494,7.4829086e-07,0.019801235,0.000627769
/home/leo/Documentos/mestrado/DeepWeeds-Mobile/images/20180125-092007-1.jpg,8,8,8,8,1,0.99740356,0.00018952787,1.680919e-05,8.5809115e-05,0.0005700156,0.0014967141,4.213741e-07,2.1211474e-07,0.00023696,0.99740356
/home/leo/Documentos/mestrado/DeepWeeds-Mobile/images/20180109-074021-2.jpg,8,6,8,6,0,0.7193047,2.9730287e-05,0.0010429408,6.607133e-09,7.278897e-07,1.44983e-07,3.74263e-07,0.7193047,6.461224e-05,0.27955687
