filename,y_true_idx,y_pred_idx,y_true,y_pred,correct,pred_confidence,prob_0,prob_1,prob_2,prob_3,prob_4,prob_5,prob_6,prob_7,prob_8
/home/leo/Documentos/mestrado/DeepWeeds-Mobile/images/20171218-121618-3.jpg,8,8,8,8,1,0.9853096,6.630467e-05,8.8735334e-07,1.1670374e-11,3.8601174e-05,4.9362633e-08,0.01458384,7.669701e-10,8.336469e-07,0.9853096
/home/leo/Documentos/mestrado/DeepWeeds-Mobile/images/20180322-114426-2.jpg,8,8,8,8,1,0.9999782,7.49398e-06,8.832736e-06,1.0707095e-09,1.3716865e-06,6.3416854e-07,2.4537308e-06,3.845581e-08,1.0656554e-06,0.9999782
/home/leo/Documentos/mestrado/DeepWeeds-Mobile/images/20171220-093510-2.jpg,8,8,8,8,1,0.99498636,3.7574908e-05,4.2316137e-06,1.06532504e-07,5.7920144e-05,1.3118665e-07,0.004633881,0.00027476772,5.0412646e-06,0.99498636
/home/leo/Documentos/mestrado/DeepWeeds-Mobile/images/20171113-144443-3.jpg,6,6,6,6,1,0.9532637,0.005956472,0.022741186,2.0547597e-11,3.164964e-06,3.5096437e-09,1.7518249e-05,0.9532637,0.009906169,0.008111825
/home/leo/Documentos/mestrado/DeepWeeds-Mobile/images/20180112-070836-2.jpg,8,0,8,0,0,0.6318483,0.6318483,0.0058748126,0.042933207,0.030685363,0.01782209,0.011520993,1.6207584e-06,0.03991325,0.21940039
/home/leo/Documentos/mestrado/DeepWeeds-Mobile/images/20171025-091930-2.jpg,3,3,3,3,1,0.9983789,7.0670962e-06,5.5594116e-09,1.6350254e-05,0.9983789,2.8502569e-05,1.4418205e-11,1.712219e-09,1.7437975e-06,0.0015674606
/home/leo/Documentos/mestrado/DeepWeeds-Mobile/images/20180125-094804-2.jpg,8,8,8,8,1,0.99999297,2.8522398e-10,3.215605e-14,2.6192796e-14,9.132858e-07,4.052047e-11,6.0730104e-06,1.1513395e-13,8.2426965e-12,0.99999297
/home/leo/Documentos/mestrado/DeepWeeds-Mobile/images/20180112-092406-2.jpg,8,8,8,8,1,0.97940373,0.018682437,6.015369e-10,6.8123646e-11,7.1062902e-09,4.555022e-13,2.2272686e-06,3.3437663e-15,0.0019115893,0.97940373
/home/leo/Documentos/mestrado/DeepWeeds-Mobile/images/20180322-114426-1.jpg,8,8,8,8,1,0.9999999,1.0002261e-09,1.1085233e-12,9.003631e-15,1.05307096e-10,3.9302925e-14,1.17478514e-07,6.9010057e-15,3.0241465e-10,0.9999999
/home/leo/Documentos/mestrado/DeepWeeds-Mobile/images/20170610-123316-0.jpg,1,1,1,1,1,0.55568177,0.09520235,0.55568177,9.7124575e-09,4.963023e-05,1.8013574e-07,0.006346723,2.555524e-06,0.25924653,0.08347027
/home/leo/Documentos/mestrado/DeepWeeds-Mobile/images/20180125-130949-2.jpg,8,8,8,8,1,0.9833204,0.01545017,2.6214688e-05,0.00024475038,0.0002618831,0.00010314931,9.936071e-06,1.1388953e-08,0.0005835258,0.9833204
/home/leo/Documentos/mestrado/DeepWeeds-Mobile/images/20170714-134129-1.jpg,1,1,1,1,1,0.99993694,7.782419e-06,0.99993694,3.399095e-14,4.4257473e-09,9.1299246e-11,1.9358508e-08,9.4434506e-07,2.8315199e-05,2.591499e-05
/home/leo/Documentos/mestrado/DeepWeeds-Mobile/images/20180109-071302-2.jpg,8,8,8,8,1,0.9772752,1.9399704e-07,7.307215e-06,1.1838445e-06,3.0541667e-08,1.135229e-09,0.0006120401,0.022103908,9.9344376e-08,0.9772752
/home/leo/Documentos/mestrado/DeepWeeds-Mobile/images/20180105-091609-2.jpg,8,8,8,8,1,0.999992,1.6650895e-09,1.3021274e-08,3.96816e-09,2.3184977e-07,7.0463904e-07,4.279233e-10,6.940406e-06,5.4124662e-08,0.999992
/home/leo/Documentos/mestrado/DeepWeeds-Mobile/images/20180105-093450-2.jpg,8,8,8,8,1,0.92506224,8.554667e-05,6.521499e-05,0.07162449,0.000114413946,0.00021086416,8.179617e-06,0.0022921255,0.00053691166,0.92506224
/home/leo/Documentos/mestrado/DeepWeeds-Mobile/images/20170729-090828-1.jpg,4,4,4,4,1,0.99981105,7.859578e-06,8.252571e-08,2.0527772e-05,0.00010760565,0.99981105,1.0599188e-09,2.4603845e-12,1.1907265e-05,4.1003874e-05
/home/leo/Documentos/mestrado/DeepWeeds-Mobile/images/20170501-143023-0.jpg,1,1,1,1,1,0.5936608,0.008398195,0.5936608,6.170051e-07,5.282522e-06,3.6557879e-07,0.00041840156,0.00053308863,0.36053976,0.036443483
/home/leo/Documentos/mestrado/DeepWeeds-Mobile/images/20171220-085247-2.jpg,8,8,8,8,1,0.99999094,6.3632756e-06,1.426693e-10,4.982799e-19,4.5632376e-08,1.3437646e-12,2.902587e-10,2.710667e-15,2.6805865e-06,0.99999094
/home/leo/Documentos/mestrado/DeepWeeds-Mobile/images/20180105-095012-2.jpg,8,8,8,8,1,0.98388773,5.254085e-07,5.703652e-07,4.1187885e-08,1.4635477e-06,2.5304457e-08,1.5479735e-07,0.016109603,5.279377e-08,0.98388773
/home/leo/Documentos/mestrado/DeepWeeds-Mobile/images/20171220-092859-2.jpg,8,8,8,8,1,0.999143,2.5388314e-05,3.1224655e-08,5.7600083e-16,5.50996e-11,9.6202085e-14,0.0008315878,1.0167796e-08,8.210812e-09,0.999143
/home/leo/Documentos/mestrado/DeepWeeds-Mobile/images/20171113-165113-0.jpg,6,6,6,6,1,0.99799615,0.00012907924,0.00051999587,2.0422384e-09,1.7975427e-06,5.1249502e-09,3.2926615e-05,0.99799615,0.00010234132,0.0012176525
/home/leo/Documentos/mestrado/DeepWeeds-Mobile/images/20170906-134722-1.jpg,3,3,3,3,1,0.88880485,0.029534636,0.0001498875,0.0018531022,0.88880485,0.004980076,1.8660177e-05,7.0310075e-06,0.0008819263,0.07376976
/home/leo/Documentos/mestrado/DeepWeeds-Mobile/images/20171219-094353-3.jpg,8,8,8,8,1,0.99982727,7.350213e-05,1.0919605e-05,1.1337476e-16,1.0274811e-07,9.937947e-12,8.333085e-05,1.2315986e-09,4.8263414e-06,0.99982727
/home/leo/Documentos/mestrado/DeepWeeds-Mobile/images/20171218-114955-3.jpg,8,8,8,8,1,0.9999672,4.9271455e-07,4.7551687e-08,3.1183994e-10,2.6980593e-05,1.7186288e-07,4.596529e-06,9.114815e-08,4.2219776e-07,0.9999672
/home/leo/Documentos/mestrado/DeepWeeds-Mobile/images/20180119-110514-2.jpg,8,8,8,8,1,0.9984157,0.0006303198,0.00075015693,2.2671957e-06,6.6554912e-06,1.4338386e-07,4.161039e-05,0.00010672404,4.6405006e-05,0.9984157
/home/leo/Documentos/mestrado/DeepWeeds-Mobile/images/20170920-163653-3.jpg,2,2,2,2,1,0.9870985,2.7507937e-07,3.2539376e-09,0.9870985,3.1284742e-06,0.009963914,1.7850532e-08,4.583609e-09,3.3744357e-08,0.0029341062
/home/leo/Documentos/mestrado/DeepWeeds-Mobile/images/20171219-104654-2.jpg,8,8,8,8,1,0.98858917,0.0001796474,0.0007566771,4.980958e-06,0.0070449333,0.003413792,2.4444048e-06,4.044108e-07,7.888392e-06,0.98858917
/home/leo/Documentos/mestrado/DeepWeeds-Mobile/images/20171121-090747-1.jpg,6,6,6,6,1,0.98465073,5.611619e-06,0.010256499,6.6589845e-09,5.50227e-05,3.3578678e-07,3.477845e-07,0.98465073,1.6557577e-05,0.005014822
/home/leo/Documentos/mestrado/DeepWeeds-Mobile/images/20171219-103101-2.jpg,8,8,8,8,1,0.99950707,0.00038549883,4.2118972e-07,3.5739814e-12,8.625867e-05,2.1019094e-08,6.4108012e-06,7.520557e-11,1.4417951e-05,0.99950707
/home/leo/Documentos/mestrado/DeepWeeds-Mobile/images/20171220-083447-3.jpg,8,8,8,8,1,0.9914984,0.0016021334,0.00023959423,2.4248248e-10,6.476572e-05,5.110973e-06,0.005211925,2.6008614e-05,0.0013521282,0.9914984
/home/leo/Documentos/mestrado/DeepWeeds-Mobile/images/20170207-141541-0.jpg,7,7,7,7,1,0.993497,0.0064226887,2.1718031e-05,1.2312745e-09,1.2188584e-08,2.9299546e-10,8.197764e-06,3.313591e-07,0.993497,4.9995055e-05
/home/leo/Documentos/mestrado/DeepWeeds-Mobile/images/20171220-084929-2.jpg,8,8,8,8,1,0.99999845,6.267116e-07,4.3613482e-10,1.5905899e-17,1.8911557e-08,7.753233e-14,3.1772664e-08,2.5218158e-14,9.439988e-07,0.99999845
/home/leo/Documentos/mestrado/DeepWeeds-Mobile/images/20171113-093244-3.jpg,5,5,5,5,1,0.99985325,1.533084e-06,1.661775e-07,4.0721113e-15,6.691768e-13,7.2665716e-14,0.99985325,6.608916e-05,3.2353215e-10,7.8989964e-05
/home/leo/Documentos/mestrado/DeepWeeds-Mobile/images/20180125-131248-3.jpg,8,8,8,8,1,0.84281695,0.0031692486,0.00910359,0.0067988723,0.095917426,0.03802462,2.1075014e-06,0.00012709829,0.004040013,0.84281695
/home/leo/Documentos/mestrado/DeepWeeds-Mobile/images/20171218-120806-3.jpg,8,8,8,8,1,0.9841405,1.807154e-05,1.0716277e-07,5.5982573e-14,2.5898691e-08,1.30934924e-11,0.015840027,1.2773442e-06,1.5593214e-08,0.9841405
/home/leo/Documentos/mestrado/DeepWeeds-Mobile/images/20180125-092311-2.jpg,8,8,8,8,1,0.9999999,9.6841845e-08,2.744789e-08,1.90533e-11,2.5152302e-09,7.0468315e-10,2.2921938e-08,4.3067832e-12,5.7451657e-09,0.9999999
/home/leo/Documentos/mestrado/DeepWeeds-Mobile/images/20171113-142629-3.jpg,6,6,6,6,1,0.7941049,0.00014588976,0.0027764428,1.534556e-08,3.072896e-05,4.2427622e-08,0.00042859337,0.7941049,0.00027914782,0.20223425
/home/leo/Documentos/mestrado/DeepWeeds-Mobile/images/20180105-102301-1.jpg,8,8,8,8,1,0.9897423,0.0029864248,0.0007728392,7.434518e-05,0.00017370036,0.000108690096,3.1472646e-05,0.0045241956,0.0015860677,0.9897423
/home/leo/Documentos/mestrado/DeepWeeds-Mobile/images/20171218-112736-3.jpg,8,8,8,8,1,0.9967955,3.6828358e-05,0.00024921418,3.1209424e-10,0.0028158356,4.2470733e-06,6.2574594e-07,1.7042662e-06,9.605021e-05,0.9967955
/home/leo/Documentos/mestrado/DeepWeeds-Mobile/images/20171218-115215-2.jpg,8,8,8,8,1,0.97870487,0.01786076,0.00067964674,3.3716482e-08,0.000119759236,2.2322947e-06,2.8657973e-05,1.746118e-08,0.002604063,0.97870487
/home/leo/Documentos/mestrado/DeepWeeds-Mobile/images/20171113-132039-3.jpg,6,6,6,6,1,0.85664254,0.00029918185,0.00019794788,0.003576441,0.00037385806,3.751127e-05,1.9335816e-06,0.85664254,0.00026354683,0.13860705
/home/leo/Documentos/mestrado/DeepWeeds-Mobile/images/20171113-133644-1.jpg,6,6,6,6,1,0.96601796,1.2417981e-05,9.500331e-05,8.843065e-08,2.507133e-07,1.625607e-08,9.9802214e-08,0.96601796,5.741105e-06,0.033868354
/home/leo/Documentos/mestrado/DeepWeeds-Mobile/images/20180119-104315-1.jpg,8,8,8,8,1,0.9825416,0.0019023229,0.0026384075,0.005624465,0.000643242,0.0043101455,1.03792845e-05,0.001991355,0.00033814396,0.9825416
/home/leo/Documentos/mestrado/DeepWeeds-Mobile/images/20180105-100545-3.jpg,8,8,8,8,1,0.9801404,5.9945753e-05,1.8488634e-05,0.011739625,1.2992719e-05,5.4477274e-05,3.3813354e-05,0.007884027,5.616922e-05,0.9801404
/home/leo/Documentos/mestrado/DeepWeeds-Mobile/images/20171218-103241-3.jpg,8,8,8,8,1,0.99865806,0.00077675935,0.00019795052,2.035387e-05,7.838743e-05,3.1513584e-06,0.0001382555,9.922499e-05,2.7867178e-05,0.99865806
/home/leo/Documentos/mestrado/DeepWeeds-Mobile/images/20171109-073733-3.jpg,5,5,5,5,1,0.9989458,2.1380643e-08,8.142642e-11,1.4514275e-18,8.553748e-12,7.2294447e-16,0.9989458,7.200876e-12,4.7989646e-10,0.0010541932
/home/leo/Documentos/mestrado/DeepWeeds-Mobile/images/20171113-144604-3.jpg,6,6,6,6,1,0.95552504,0.00032669195,0.00028201297,5.9528385e-12,2.0354565e-07,8.2617864e-11,0.005515241,0.95552504,0.000105193285,0.03824556
/home/leo/Documentos/mestrado/DeepWeeds-Mobile/images/20171218-111152-2.jpg,8,8,8,8,1,0.996165,0.0016049589,0.0005895995,1.3572068e-05,0.0006915042,0.00019312633,1.011173e-06,6.8293775e-05,0.0006730217,0.996165
/home/leo/Documentos/mestrado/DeepWeeds-Mobile/images/20170210-133245-0.jpg,0,0,0,0,1,0.6761596,0.6761596,0.00013000073,8.654299e-13,4.301814e-11,3.4397645e-13,4.259603e-07,2.7920712e-06,0.322688,0.0010191348
/home/leo/Documentos/mestrado/DeepWeeds-Mobile/images/20180322-132753-1.jpg,8,8,8,8,1,0.9998895,8.1881936e-08,3.985332e-10,5.965682e-09,6.3555686e-05,6.065497e-07,4.6226192e-05,2.9844285e-12,5.4226543e-09,0.9998895
/home/leo/Documentos/mestrado/DeepWeeds-Mobile/images/20170920-184209-1.jpg,2,2,2,2,1,0.99999297,9.902052e-12,4.975443e-10,0.99999297,3.1089155e-06,8.0145384e-08,5.12913e-11,3.972718e-11,5.5845367e-12,3.888102e-06
/home/leo/Documentos/mestrado/DeepWeeds-Mobile/images/20171205-143356-2.jpg,8,8,8,8,1,0.99959385,3.836081e-07,2.510513e-10,1.2549253e-14,1.271265e-09,5.16856e-10,0.00040570024,2.0224229e-11,2.9991898e-09,0.99959385
/home/leo/Documentos/mestrado/DeepWeeds-Mobile/images/20180125-134135-2.jpg,8,8,8,8,1,0.9617222,0.0002853543,0.00037312406,4.677369e-07,0.0009006804,0.034090985,3.344187e-07,3.5102474e-07,0.0026266144,0.9617222
/home/leo/Documentos/mestrado/DeepWeeds-Mobile/images/20171212-093905-1.jpg,8,8,8,8,1,0.9999962,1.282468e-07,4.5561038e-08,1.6139358e-15,3.5805838e-06,2.5697966e-11,3.170443e-08,1.295386e-10,7.0226576e-09,0.9999962
/home/leo/Documentos/mestrado/DeepWeeds-Mobile/images/20170728-150555-1.jpg,4,4,4,4,1,0.99731714,1.9349864e-07,4.652598e-10,2.0968182e-06,0.00018847885,0.99731714,1.07592065e-07,6.508531e-13,1.6325155e-09,0.0024919128
/home/leo/Documentos/mestrado/DeepWeeds-Mobile/images/20180125-101026-1.jpg,8,8,8,8,1,0.9999993,8.771416e-08,1.6309815e-07,6.4881562e-09,3.53408e-10,4.904531e-08,8.3660254e-08,3.17565e-09,3.7234867e-07,0.9999993
/home/leo/Documentos/mestrado/DeepWeeds-Mobile/images/20180112-091618-1.jpg,8,8,8,8,1,0.9164534,0.0065041645,0.038975537,0.00020920187,0.014295031,0.0074430746,1.5444692e-05,0.00782995,0.008274201,0.9164534
/home/leo/Documentos/mestrado/DeepWeeds-Mobile/images/20171113-134655-3.jpg,6,8,6,8,0,0.6781914,5.7594384e-06,3.8537714e-06,8.0162536e-08,1.6960856e-08,7.050432e-09,1.0953003e-05,0.3217824,5.5881246e-06,0.6781914
/home/leo/Documentos/mestrado/DeepWeeds-Mobile/images/20171113-140645-2.jpg,6,6,6,6,1,0.999951,9.836597e-07,4.674097e-05,3.461011e-11,3.2706518e-10,3.8144407e-10,1.2946737e-09,0.999951,2.8988876e-07,8.685586e-07
/home/leo/Documentos/mestrado/DeepWeeds-Mobile/images/20171109-093346-1.jpg,5,5,5,5,1,0.99620664,0.00012392268,2.7757234e-05,5.5500526e-14,5.4071556e-09,3.786725e-12,0.99620664,7.7200575e-06,2.8421368e-06,0.0036310882
/home/leo/Documentos/mestrado/DeepWeeds-Mobile/images/20180322-121034-2.jpg,8,8,8,8,1,0.99627787,0.002749779,0.000116856856,1.3161472e-09,0.00026511724,3.7278717e-06,4.3511906e-07,7.697319e-08,0.00058615505,0.99627787
/home/leo/Documentos/mestrado/DeepWeeds-Mobile/images/20171109-094205-3.jpg,5,5,5,5,1,0.9998938,8.142423e-05,3.9445797e-10,5.2814513e-14,3.2271289e-12,3.614189e-14,0.9998938,1.6401983e-06,4.8384468e-08,2.3165418e-05
/home/leo/Documentos/mestrado/DeepWeeds-Mobile/images/20171205-124105-2.jpg,8,8,8,8,1,0.98720527,0.00010067471,5.5060877e-06,4.82248e-09,0.0072851186,3.2699416e-05,0.005361952,2.8272261e-08,8.852714e-06,0.98720527
/home/leo/Documentos/mestrado/DeepWeeds-Mobile/images/20180125-132659-2.jpg,8,8,8,8,1,0.9949401,0.0019362736,0.00038800982,2.0277927e-08,0.00011184619,0.0020057498,1.7969917e-07,7.32076e-07,0.0006171205,0.9949401
/home/leo/Documentos/mestrado/DeepWeeds-Mobile/images/20171217-103537-2.jpg,8,8,8,8,1,0.97615063,0.0020074383,0.017701952,2.4556137e-09,7.4490754e-06,6.591133e-07,0.0029247422,2.0274501e-05,0.0011868314,0.97615063
/home/leo/Documentos/mestrado/DeepWeeds-Mobile/images/20170714-133626-1.jpg,1,1,1,1,1,0.9653998,0.00010394145,0.9653998,9.463637e-10,7.671594e-10,8.51893e-11,1.1287876e-05,0.0308065,0.0014662519,0.002212176
/home/leo/Documentos/mestrado/DeepWeeds-Mobile/images/20180125-131541-3.jpg,8,3,8,3,0,0.48776752,0.023334498,0.00046253117,0.024072621,0.48776752,0.035519548,2.713961e-06,2.9027015e-05,0.0069003724,0.4219112
/home/leo/Documentos/mestrado/DeepWeeds-Mobile/images/20170315-085159-0.jpg,8,8,8,8,1,0.40381938,0.0904428,0.21444948,3.5210075e-08,2.9343323e-06,4.873077e-07,0.0042702355,9.635148e-05,0.2869183,0.40381938
/home/leo/Documentos/mestrado/DeepWeeds-Mobile/images/20170715-162427-1.jpg,1,1,1,1,1,0.9999702,1.4684267e-07,0.9999702,5.96275e-13,1.583112e-09,4.247074e-12,1.1311169e-08,1.29266045e-05,2.1767231e-07,1.6543994e-05
/home/leo/Documentos/mestrado/DeepWeeds-Mobile/images/20180119-104945-2.jpg,8,8,8,8,1,0.99994063,8.609267e-06,3.5095458e-05,2.258089e-09,9.623421e-06,5.556737e-08,7.4117037e-07,4.867169e-06,4.1767206e-07,0.99994063
/home/leo/Documentos/mestrado/DeepWeeds-Mobile/images/20171219-093801-3.jpg,8,0,8,0,0,0.5262863,0.5262863,0.0004340748,1.5231611e-05,0.0033369914,2.2794487e-07,0.0854392,5.4014326e-06,0.003251884,0.3812307
/home/leo/Documentos/mestrado/DeepWeeds-Mobile/images/20180125-131203-2.jpg,8,8,8,8,1,0.99502295,0.0035898162,8.8763816e-05,6.981205e-05,0.00060735265,4.2266856e-05,1.2668815e-05,1.4266459e-07,0.0005661759,0.99502295
/home/leo/Documentos/mestrado/DeepWeeds-Mobile/images/20180322-115539-2.jpg,8,8,8,8,1,0.9999045,9.836023e-06,3.8136147e-07,3.241988e-07,1.9857851e-05,5.9733447e-05,3.5383906e-07,8.7515224e-11,4.907865e-06,0.9999045
/home/leo/Documentos/mestrado/DeepWeeds-Mobile/images/20180322-111858-2.jpg,8,8,8,8,1,0.9999938,1.6757718e-06,1.382192e-08,6.309347e-07,2.5859415e-06,5.213187e-07,7.7458714e-07,1.9501436e-12,1.2985811e-07,0.9999938
/home/leo/Documentos/mestrado/DeepWeeds-Mobile/images/20171113-091334-3.jpg,5,5,5,5,1,0.7442675,0.0016575209,0.00017829204,9.379676e-10,8.5475244e-07,3.4657725e-07,0.7442675,0.00018997834,4.4456694e-05,0.25366092
/home/leo/Documentos/mestrado/DeepWeeds-Mobile/images/20180119-105825-2.jpg,8,8,8,8,1,0.99589026,0.002114337,0.0012514185,1.9036248e-05,0.00017814021,8.384429e-05,0.00027792447,1.3641821e-06,0.00018356656,0.99589026
/home/leo/Documentos/mestrado/DeepWeeds-Mobile/images/20171205-143340-2.jpg,8,5,8,5,0,0.9197646,1.2647739e-06,1.2394045e-09,7.6414156e-14,6.526073e-06,1.1424834e-09,0.9197646,9.797074e-10,4.2569845e-10,0.08022753
/home/leo/Documentos/mestrado/DeepWeeds-Mobile/images/20170630-155405-0.jpg,7,7,7,7,1,0.99712116,0.0014609925,0.0011210806,3.0984781e-09,9.090667e-10,5.399066e-09,4.4135063e-06,5.2811043e-05,0.99712116,0.00023946325
/home/leo/Documentos/mestrado/DeepWeeds-Mobile/images/20180105-093622-2.jpg,8,8,8,8,1,0.99938834,4.5459064e-08,6.511664e-07,8.694502e-05,2.7150953e-08,3.2007758e-08,5.0673097e-09,0.000518923,5.119105e-06,0.99938834
/home/leo/Documentos/mestrado/DeepWeeds-Mobile/images/20170729-090939-1.jpg,4,4,4,4,1,0.98958653,3.493816e-05,8.650267e-06,0.0027295945,0.0027390302,0.98958653,1.2816449e-06,1.0201407e-08,2.1804148e-05,0.004878151
/home/leo/Documentos/mestrado/DeepWeeds-Mobile/images/20180109-103437-1.jpg,8,8,8,8,1,0.92747766,0.01959566,0.0005013865,4.6634897e-05,0.030806327,0.00028320006,7.265206e-07,0.021234006,5.4378295e-05,0.92747766
/home/leo/Documentos/mestrado/DeepWeeds-Mobile/images/20170727-113909-1.jpg,4,5,4,5,0,0.95308,5.5326356e-05,4.714712e-06,2.2607752e-05,8.352533e-05,0.045351777,0.95308,2.5221956e-08,1.3376024e-05,0.0013886883
/home/leo/Documentos/mestrado/DeepWeeds-Mobile/images/20171205-145132-2.jpg,8,5,8,5,0,0.6905754,1.529067e-05,5.1624032e-05,3.855834e-05,6.8970025e-06,8.4849905e-09,0.6905754,0.000118191354,5.2957085e-07,0.30919352
/home/leo/Documentos/mestrado/DeepWeeds-Mobile/images/20180125-133116-2.jpg,8,8,8,8,1,0.9998369,1.4257452e-05,9.047662e-05,3.546744e-08,3.3511853e-06,1.9141025e-06,4.2215265e-06,8.1297696e-07,4.7953665e-05,0.9998369
/home/leo/Documentos/mestrado/DeepWeeds-Mobile/images/20170217-115640-0.jpg,7,7,7,7,1,0.75461394,0.24167955,6.0984303e-06,1.6854946e-11,2.626273e-10,7.7111326e-13,2.2733866e-07,2.0366208e-07,0.75461394,0.003699956
/home/leo/Documentos/mestrado/DeepWeeds-Mobile/images/20171201-115840-1.jpg,8,8,8,8,1,0.9992612,0.0006120501,5.4701536e-07,3.1492834e-13,5.2619026e-08,2.7164462e-10,1.8572362e-05,3.014456e-11,0.000107582986,0.9992612
/home/leo/Documentos/mestrado/DeepWeeds-Mobile/images/20171113-123737-1.jpg,6,6,6,6,1,0.7973224,9.483623e-06,6.212064e-05,4.751671e-05,3.1051075e-06,3.2515763e-07,9.898658e-07,0.7973224,6.219476e-06,0.2025479
/home/leo/Documentos/mestrado/DeepWeeds-Mobile/images/20170706-113725-0.jpg,7,8,7,8,0,0.55444336,0.10190915,0.004903544,0.00015134705,0.2850565,0.011246521,3.2699256e-06,2.1706286e-07,0.042286213,0.55444336
/home/leo/Documentos/mestrado/DeepWeeds-Mobile/images/20170714-133517-1.jpg,1,1,1,1,1,0.9986695,1.1490175e-06,0.9986695,4.589109e-14,9.179353e-12,2.6959993e-13,6.684787e-10,0.0012812101,4.5549896e-05,2.5195052e-06
/home/leo/Documentos/mestrado/DeepWeeds-Mobile/images/20170126-095805-0.jpg,1,1,1,1,1,0.9951252,1.1307931e-05,0.9951252,1.4269628e-16,1.5857995e-10,9.703629e-13,2.5779041e-09,0.004712789,5.823384e-06,0.00014487797
/home/leo/Documentos/mestrado/DeepWeeds-Mobile/images/20170920-113921-2.jpg,2,2,2,2,1,0.97982466,4.1605428e-05,4.8468297e-07,0.97982466,0.00086002867,0.006202118,3.7037976e-06,1.4839449e-06,4.625493e-06,0.013061338
/home/leo/Documentos/mestrado/DeepWeeds-Mobile/images/20180112-102550-1.jpg,8,8,8,8,1,0.9736602,0.02231134,6.4755754e-06,0.00010457319,0.000840174,1.2728954e-06,0.0004516113,3.4953953e-07,0.002624037,0.9736602
/home/leo/Documentos/mestrado/DeepWeeds-Mobile/images/20171218-112942-3.jpg,8,8,8,8,1,0.9996789,0.00026590104,1.2548034e-05,9.733738e-11,1.8436598e-06,4.291292e-08,3.9043935e-06,4.5456364e-10,3.6855155e-05,0.9996789
/home/leo/Documentos/mestrado/DeepWeeds-Mobile/images/20171220-095147-2.jpg,8,8,8,8,1,0.99966073,0.0002919168,1.6407021e-09,1.492699e-14,2.346748e-09,7.1198326e-13,4.6334157e-05,5.7259325e-10,9.904387e-07,0.99966073
/home/leo/Documentos/mestrado/DeepWeeds-Mobile/images/20171220-100200-2.jpg,8,0,8,0,0,0.89539886,0.89539886,0.076403536,1.4534515e-10,5.244686e-07,3.3224812e-10,0.0016139919,0.010421327,0.0024695382,0.013692189
/home/leo/Documentos/mestrado/DeepWeeds-Mobile/images/20170217-121703-0.jpg,0,0,0,0,1,0.99466205,0.99466205,0.0012436045,3.3400843e-10,2.6817684e-08,9.846194e-10,0.00027178347,2.6339787e-05,0.0035662039,0.00023005904
/home/leo/Documentos/mestrado/DeepWeeds-Mobile/images/20170210-131355-0.jpg,7,7,7,7,1,0.9474343,0.052372783,3.660525e-08,5.66147e-08,1.1116412e-07,7.190421e-10,1.5143659e-05,1.6796438e-13,0.9474343,0.00017756753
/home/leo/Documentos/mestrado/DeepWeeds-Mobile/images/20171217-184035-2.jpg,8,0,8,0,0,0.5654651,0.5654651,0.0063853236,7.574509e-06,0.0032424813,3.464159e-05,0.08217747,4.6146273e-05,0.037629087,0.30501223
/home/leo/Documentos/mestrado/DeepWeeds-Mobile/images/20170128-103322-0.jpg,8,3,8,3,0,0.60724515,0.00021638058,0.27508932,4.6667353e-10,0.60724515,1.7786398e-06,3.7630973e-06,0.00049610634,0.0010481003,0.1158994
/home/leo/Documentos/mestrado/DeepWeeds-Mobile/images/20170714-143523-1.jpg,1,1,1,1,1,0.98968565,0.00030845037,0.98968565,2.6765333e-11,1.986507e-06,1.095097e-09,0.0002650064,3.667929e-05,0.0010019674,0.008700247
/home/leo/Documentos/mestrado/DeepWeeds-Mobile/images/20171113-143650-0.jpg,6,6,6,6,1,0.9973711,2.4125333e-05,0.0022244977,2.9785978e-09,5.832304e-06,3.7330086e-08,5.6398064e-09,0.9973711,1.1567249e-05,0.00036282354
/home/leo/Documentos/mestrado/DeepWeeds-Mobile/images/20170304-132112-0.jpg,7,7,7,7,1,0.99996173,2.029241e-05,1.5536666e-07,1.746716e-11,3.0850024e-15,7.840692e-13,1.3098253e-07,4.9610266e-10,0.99996173,1.7755718e-05
/home/leo/Documentos/mestrado/DeepWeeds-Mobile/images/20170127-101918-0.jpg,1,1,1,1,1,0.947653,6.628427e-05,0.947653,3.1273255e-11,2.1391663e-06,4.51437e-09,8.581435e-06,5.4997785e-05,0.00092233694,0.051292773
/home/leo/Documentos/mestrado/DeepWeeds-Mobile/images/20170715-111253-1.jpg,1,1,1,1,1,0.5646602,0.0013355999,0.5646602,2.9971503e-08,2.6072483e-05,6.880966e-07,0.00029505856,0.21015437,0.013632093,0.20989597
/home/leo/Documentos/mestrado/DeepWeeds-Mobile/images/20180112-101955-2.jpg,8,8,8,8,1,0.99993336,1.6425824e-05,1.2668567e-06,1.6675649e-05,1.1471502e-05,1.03339225e-07,5.326646e-08,1.4181636e-05,6.4565065e-06,0.99993336
/home/leo/Documentos/mestrado/DeepWeeds-Mobile/images/20170706-105615-0.jpg,7,8,7,8,0,0.3676387,0.026224643,0.2225596,0.0015855931,0.03921874,0.0028900937,0.00042749385,0.079356395,0.26009876,0.3676387
/home/leo/Documentos/mestrado/DeepWeeds-Mobile/images/20170210-132642-0.jpg,0,0,0,0,1,0.9997323,0.9997323,4.9346895e-08,1.209156e-13,1.0546005e-13,1.1652757e-14,9.473237e-09,5.5542313e-09,0.0002632188,4.3748914e-06
/home/leo/Documentos/mestrado/DeepWeeds-Mobile/images/20170217-115828-0.jpg,0,0,0,0,1,0.97213143,0.97213143,3.1853988e-06,2.0201132e-09,4.6159542e-08,2.7744764e-09,0.00019738794,4.7560917e-11,0.02167427,0.005993636
/home/leo/Documentos/mestrado/DeepWeeds-Mobile/images/20170210-141514-0.jpg,7,7,7,7,1,0.9552873,0.011014443,0.032231525,4.0700943e-06,1.5845206e-08,2.7947292e-08,1.3272305e-05,8.8243775e-07,0.9552873,0.0014484626
/home/leo/Documentos/mestrado/DeepWeeds-Mobile/images/20180125-100328-1.jpg,8,8,8,8,1,0.9995275,3.1947724e-07,3.858484e-06,1.4450806e-10,6.3288394e-06,1.3937268e-09,0.00034049377,0.000121422425,1.4700858e-08,0.9995275
/home/leo/Documentos/mestrado/DeepWeeds-Mobile/images/20180109-080221-1.jpg,8,8,8,8,1,0.9983626,4.8111477e-08,7.578279e-06,2.0294117e-08,6.1835976e-07,8.098969e-09,1.0857003e-08,0.001626654,2.4834255e-06,0.9983626
/home/leo/Documentos/mestrado/DeepWeeds-Mobile/images/20171212-095412-3.jpg,8,8,8,8,1,0.99513155,0.003307412,0.0004407553,7.01585e-08,0.00029631465,4.089557e-07,5.484514e-06,0.0007143428,0.00010379178,0.99513155
/home/leo/Documentos/mestrado/DeepWeeds-Mobile/images/20171201-120820-1.jpg,8,5,8,5,0,0.8656821,4.831924e-08,1.197106e-07,8.802668e-18,4.118341e-09,1.3277901e-15,0.8656821,6.036751e-09,1.946294e-09,0.13431771
/home/leo/Documentos/mestrado/DeepWeeds-Mobile/images/20180112-074902-2.jpg,8,4,8,4,0,0.95400614,4.755454e-06,1.5549395e-07,0.007208138,0.0020427194,0.95400614,4.2057884e-08,4.8481627e-07,4.097298e-07,0.036737118
/home/leo/Documentos/mestrado/DeepWeeds-Mobile/images/20171113-131730-1.jpg,6,6,6,6,1,0.9800581,0.00012771339,0.0002510928,4.699578e-10,1.3606373e-07,4.687591e-10,4.3109103e-06,0.9800581,8.021509e-06,0.019550623
/home/leo/Documentos/mestrado/DeepWeeds-Mobile/images/20170727-171042-1.jpg,4,4,4,4,1,0.99927974,3.6746336e-05,2.323214e-07,0.00020294948,0.0003190573,0.99927974,3.350297e-09,1.711306e-11,1.4393338e-05,0.00014681176
/home/leo/Documentos/mestrado/DeepWeeds-Mobile/images/20171109-093715-3.jpg,5,5,5,5,1,0.99991477,7.8898076e-05,3.092738e-09,2.8545184e-15,2.968882e-14,3.1372782e-14,0.99991477,2.313702e-11,7.163992e-11,6.295887e-06
/home/leo/Documentos/mestrado/DeepWeeds-Mobile/images/20170128-102642-0.jpg,8,3,8,3,0,0.6516182,0.012110286,0.04971595,2.2925963e-09,0.6516182,8.362658e-07,0.000118986056,0.00019834083,0.007962626,0.27827483
/home/leo/Documentos/mestrado/DeepWeeds-Mobile/images/20180125-091254-1.jpg,8,8,8,8,1,1.0,2.4433133e-10,1.704141e-09,4.2537564e-17,1.7462155e-12,7.747835e-14,4.553866e-10,5.26346e-13,1.4129786e-10,1.0
/home/leo/Documentos/mestrado/DeepWeeds-Mobile/images/20170714-120717-2.jpg,1,1,1,1,1,0.5208019,0.009770783,0.5208019,9.597235e-07,0.020446815,0.0001058551,0.0008930009,9.076515e-06,0.2859007,0.16207087
/home/leo/Documentos/mestrado/DeepWeeds-Mobile/images/20180105-092404-2.jpg,8,8,8,8,1,0.9999988,2.1436658e-10,7.274901e-09,3.9058033e-08,5.6337024e-10,4.297472e-07,1.3794301e-09,6.35456e-07,8.9809395e-09,0.9999988
/home/leo/Documentos/mestrado/DeepWeeds-Mobile/images/20170920-101109-2.jpg,2,2,2,2,1,0.9957527,6.659313e-07,3.109226e-07,0.9957527,0.0004889159,0.00083500653,9.036429e-08,1.5612216e-06,2.1966086e-06,0.002918488
/home/leo/Documentos/mestrado/DeepWeeds-Mobile/images/20180105-100147-3.jpg,8,8,8,8,1,0.9995255,6.7857936e-06,6.1093147e-06,1.4144865e-06,3.316321e-05,2.5824529e-05,4.7182386e-08,0.0003990633,2.027202e-06,0.9995255
/home/leo/Documentos/mestrado/DeepWeeds-Mobile/images/20171113-151334-3.jpg,6,6,6,6,1,0.9542951,5.7904268e-05,1.712777e-05,6.213969e-07,7.1694575e-07,4.5296488e-07,1.3809807e-06,0.9542951,0.00011500845,0.045511764
/home/leo/Documentos/mestrado/DeepWeeds-Mobile/images/20171113-101452-1.jpg,5,5,5,5,1,0.93020165,1.3883768e-05,1.9001641e-08,2.467941e-16,5.5144707e-08,9.9137664e-14,0.93020165,5.2177627e-11,1.4185014e-08,0.06978429
/home/leo/Documentos/mestrado/DeepWeeds-Mobile/images/20170410-154425-0.jpg,0,8,0,8,0,0.5990058,0.36796263,0.0003428446,2.995896e-05,0.0033938577,0.00016251575,4.7178288e-05,3.9212427e-08,0.02905517,0.5990058
/home/leo/Documentos/mestrado/DeepWeeds-Mobile/images/20170715-165431-1.jpg,1,1,1,1,1,0.9999999,2.789379e-09,0.9999999,7.877503e-14,2.8259217e-13,1.0878323e-14,1.5162422e-11,6.1331957e-09,2.2542592e-09,6.142963e-08
/home/leo/Documentos/mestrado/DeepWeeds-Mobile/images/20170727-171448-1.jpg,4,4,4,4,1,0.9993445,8.265813e-05,5.3069056e-07,2.82706e-06,8.041576e-05,0.9993445,7.165481e-11,3.8828797e-12,0.0001314398,0.00035758165
/home/leo/Documentos/mestrado/DeepWeeds-Mobile/images/20171102-120141-2.jpg,2,8,2,8,0,0.54212147,0.033798777,5.4329263e-05,0.42262983,0.00083953235,0.0001477131,4.6624988e-05,5.4427693e-07,0.00036113948,0.54212147
/home/leo/Documentos/mestrado/DeepWeeds-Mobile/images/20180322-115336-2.jpg,8,8,8,8,1,0.99996483,6.549147e-07,1.2769133e-06,1.3658742e-07,3.8400985e-06,2.9213945e-05,1.7355589e-08,7.1384965e-09,1.6050876e-07,0.99996483
/home/leo/Documentos/mestrado/DeepWeeds-Mobile/images/20180109-090140-2.jpg,8,8,8,8,1,0.9956522,3.341728e-05,6.771399e-07,2.5047455e-06,0.00068050466,1.8029342e-08,2.0082318e-05,0.0035846687,2.5860827e-05,0.9956522
/home/leo/Documentos/mestrado/DeepWeeds-Mobile/images/20171218-114652-3.jpg,8,8,8,8,1,0.9865457,0.00031624179,0.0002835541,2.3442533e-08,0.00013960742,5.122064e-06,0.0054129404,0.0069608768,0.0003358081,0.9865457
/home/leo/Documentos/mestrado/DeepWeeds-Mobile/images/20171220-100335-1.jpg,8,8,8,8,1,0.99962866,0.00012767107,6.683188e-05,1.6034479e-13,7.108919e-07,1.0920652e-11,0.00017245204,4.2444665e-08,3.7319226e-06,0.99962866
/home/leo/Documentos/mestrado/DeepWeeds-Mobile/images/20180119-112911-2.jpg,8,8,8,8,1,0.99374604,0.0027498992,0.0011626004,0.0009585619,0.00090217637,3.6947764e-05,2.731272e-05,0.00015863833,0.00025774114,0.99374604
/home/leo/Documentos/mestrado/DeepWeeds-Mobile/images/20171220-092332-2.jpg,8,8,8,8,1,0.9996702,0.00012138535,8.128283e-09,1.1880037e-14,1.0404597e-09,2.4911284e-10,0.00020824088,9.471936e-11,1.44549785e-08,0.9996702
/home/leo/Documentos/mestrado/DeepWeeds-Mobile/images/20171109-072549-1.jpg,5,5,5,5,1,0.87972176,0.0030468737,0.00017260421,2.6072309e-09,9.867098e-06,3.153673e-09,0.87972176,6.64721e-05,0.020046696,0.096935645
/home/leo/Documentos/mestrado/DeepWeeds-Mobile/images/20171113-142008-2.jpg,6,6,6,6,1,0.9972863,1.143963e-05,9.4341056e-05,7.79511e-10,1.5523474e-08,1.6778666e-08,1.18448106e-07,0.9972863,1.1512189e-05,0.002596155
/home/leo/Documentos/mestrado/DeepWeeds-Mobile/images/20171212-100328-1.jpg,8,8,8,8,1,0.99502933,0.0035014427,3.034578e-05,2.789509e-09,8.973322e-05,1.2292138e-10,0.0010781608,4.4688135e-05,0.00022627944,0.99502933
/home/leo/Documentos/mestrado/DeepWeeds-Mobile/images/20180105-094901-2.jpg,8,8,8,8,1,0.9901239,8.683797e-07,1.5679156e-05,1.2473468e-07,4.835085e-06,5.254442e-07,4.478284e-07,0.009831539,2.217104e-05,0.9901239
/home/leo/Documentos/mestrado/DeepWeeds-Mobile/images/20180119-111122-2.jpg,8,8,8,8,1,0.99853826,0.0010064251,0.00020611042,2.0106634e-07,0.00011395281,5.4138656e-07,4.7181416e-05,4.3690972e-07,8.689734e-05,0.99853826
/home/leo/Documentos/mestrado/DeepWeeds-Mobile/images/20180109-094713-2.jpg,8,8,8,8,1,0.9985536,4.6596753e-05,0.00010050472,0.0009387308,0.00023728686,8.941411e-05,2.2917786e-05,8.289102e-06,2.6915855e-06,0.9985536
/home/leo/Documentos/mestrado/DeepWeeds-Mobile/images/20180125-133152-3.jpg,8,8,8,8,1,0.65174574,0.02060678,0.014391584,0.00025910305,0.0849093,0.009401961,0.00030553946,0.00015172397,0.21822827,0.65174574
/home/leo/Documentos/mestrado/DeepWeeds-Mobile/images/20180109-105414-1.jpg,8,8,8,8,1,0.99260795,0.0028119143,1.1729555e-08,0.0005186781,0.003950212,9.75862e-07,4.4918445e-07,3.917744e-09,0.000109855326,0.99260795
/home/leo/Documentos/mestrado/DeepWeeds-Mobile/images/20171121-084307-1.jpg,6,6,6,6,1,0.9274954,1.4394998e-05,7.612888e-06,8.001988e-10,4.153763e-09,1.6457672e-09,4.1996755e-06,0.9274954,4.7126516e-05,0.072431214
/home/leo/Documentos/mestrado/DeepWeeds-Mobile/images/20170714-111854-2.jpg,1,1,1,1,1,0.90342486,2.73104e-06,0.90342486,6.982503e-11,1.3715562e-09,2.8181704e-10,3.788462e-09,9.580527e-09,3.7473815e-06,0.09656862
/home/leo/Documentos/mestrado/DeepWeeds-Mobile/images/20171212-095237-1.jpg,8,8,8,8,1,0.99903876,0.0002101895,1.9107752e-06,4.1812565e-12,0.00010759515,2.707458e-10,0.00044406185,4.094015e-08,0.00019741936,0.99903876
/home/leo/Documentos/mestrado/DeepWeeds-Mobile/images/20180109-102800-1.jpg,8,6,8,6,0,0.7044652,0.01242769,0.04873664,1.4288368e-06,0.0067399344,3.6236346e-05,0.0018760923,0.7044652,0.035600074,0.1901167
/home/leo/Documentos/mestrado/DeepWeeds-Mobile/images/20171102-095451-1.jpg,8,3,8,3,0,0.6907787,0.0031669128,1.1093715e-05,0.0002528529,0.6907787,0.29143062,3.4259928e-09,2.2115192e-09,0.00041653952,0.0139433695
/home/leo/Documentos/mestrado/DeepWeeds-Mobile/images/20180112-080211-2.jpg,8,8,8,8,1,0.96875685,0.0017031406,0.00042868778,8.5251486e-05,0.02635619,0.00044649316,2.263296e-08,2.3013642e-06,0.002221048,0.96875685
/home/leo/Documentos/mestrado/DeepWeeds-Mobile/images/20171220-084545-2.jpg,8,8,8,8,1,0.44842747,0.011311041,0.36688367,1.09672764e-10,0.00073069776,2.0442408e-07,0.00614658,0.009759587,0.15674075,0.44842747
/home/leo/Documentos/mestrado/DeepWeeds-Mobile/images/20170920-155952-3.jpg,2,2,2,2,1,0.97728693,0.00013141967,5.8291545e-07,0.97728693,0.0008968452,0.011750634,8.5572697e-07,1.7727533e-07,1.6409922e-06,0.009930732
/home/leo/Documentos/mestrado/DeepWeeds-Mobile/images/20171113-122649-3.jpg,6,8,6,8,0,0.8450713,2.7937582e-05,6.3607265e-05,0.00941108,1.7090013e-06,1.110592e-06,9.42018e-05,0.14509887,0.00023020804,0.8450713
/home/leo/Documentos/mestrado/DeepWeeds-Mobile/images/20180112-080904-2.jpg,8,3,8,3,0,0.51419,0.0035132226,1.0092502e-07,1.937995e-06,0.51419,1.6123967e-06,5.531772e-09,1.5291042e-10,0.00096756406,0.4813255
/home/leo/Documentos/mestrado/DeepWeeds-Mobile/images/20180125-130507-3.jpg,8,8,8,8,1,0.8423547,0.0035837647,0.016984543,0.008445574,0.0990818,0.006650102,4.6243225e-05,0.017906029,0.004947218,0.8423547
/home/leo/Documentos/mestrado/DeepWeeds-Mobile/images/20180119-111134-2.jpg,8,8,8,8,1,0.9998201,0.0001622184,5.121302e-06,2.7338247e-09,1.0293097e-05,1.9378288e-09,4.0792767e-07,6.9109956e-07,1.0909414e-06,0.9998201
/home/leo/Documentos/mestrado/DeepWeeds-Mobile/images/20171102-093644-3.jpg,4,4,4,4,1,0.9732626,1.2240303e-05,0.000115772156,0.0010712359,0.015231422,0.9732626,3.3831866e-09,7.048538e-07,2.1172402e-06,0.010303875
/home/leo/Documentos/mestrado/DeepWeeds-Mobile/images/20170811-154918-2.jpg,0,7,0,7,0,0.31339926,0.28557462,0.15127566,0.00010420939,1.3594291e-06,6.523757e-05,0.0006806578,0.0002665563,0.31339926,0.2486325
/home/leo/Documentos/mestrado/DeepWeeds-Mobile/images/20171219-114339-3.jpg,8,0,8,0,0,0.6527454,0.6527454,2.1864178e-06,0.0025396426,0.014014001,1.6490678e-05,2.422097e-06,2.6797004e-08,0.0040745344,0.3266053
/home/leo/Documentos/mestrado/DeepWeeds-Mobile/images/20170913-104940-2.jpg,3,3,3,3,1,0.9913967,5.2356103e-05,1.4399039e-07,0.00043247308,0.9913967,0.0026158062,0.0010911184,5.7073886e-12,2.2416494e-07,0.0044111474
/home/leo/Documentos/mestrado/DeepWeeds-Mobile/images/20180322-125940-1.jpg,8,8,8,8,1,0.9999161,6.0226066e-05,9.793155e-06,1.1677393e-05,1.0380721e-07,1.6958502e-07,1.4945166e-06,1.0967897e-09,5.261438e-07,0.9999161
/home/leo/Documentos/mestrado/DeepWeeds-Mobile/images/20180322-130517-1.jpg,8,8,8,8,1,0.9998925,6.3960615e-06,4.9134655e-07,1.1130625e-09,9.2661816e-05,7.331002e-06,3.9127676e-07,1.5811844e-09,1.6882002e-07,0.9998925
/home/leo/Documentos/mestrado/DeepWeeds-Mobile/images/20170729-090408-1.jpg,4,4,4,4,1,0.99990094,2.7563307e-05,2.1387537e-08,4.5108724e-08,9.777777e-06,0.99990094,7.133164e-10,8.144288e-15,5.018622e-06,5.668404e-05
/home/leo/Documentos/mestrado/DeepWeeds-Mobile/images/20170405-155929-0.jpg,0,0,0,0,1,0.8282251,0.8282251,0.0007027151,2.8669386e-10,2.7363697e-08,1.4965489e-09,1.0597407e-05,2.7759432e-08,0.1580677,0.012993897
/home/leo/Documentos/mestrado/DeepWeeds-Mobile/images/20180322-103048-1.jpg,8,8,8,8,1,0.99999785,4.2751813e-07,5.2203006e-08,3.0167934e-11,1.6221976e-07,1.0819557e-06,2.0911385e-08,5.554641e-11,4.1457903e-07,0.99999785
/home/leo/Documentos/mestrado/DeepWeeds-Mobile/images/20170126-095308-0.jpg,1,1,1,1,1,0.9934503,0.005268303,0.9934503,1.7600011e-12,1.0573038e-09,1.3792542e-10,2.1492058e-07,0.00078197086,0.00028607395,0.00021300773
/home/leo/Documentos/mestrado/DeepWeeds-Mobile/images/20170630-155323-0.jpg,7,7,7,7,1,0.9808415,0.016501423,0.0024414724,1.0838839e-08,9.415403e-09,4.3354078e-08,5.4152874e-06,4.8493253e-05,0.9808415,0.00016155648
/home/leo/Documentos/mestrado/DeepWeeds-Mobile/images/20180322-104116-1.jpg,8,8,8,8,1,0.98123705,0.014637227,2.1047585e-07,6.732109e-06,0.00029290078,2.3762994e-05,3.200505e-06,3.5304753e-13,0.0037988876,0.98123705
/home/leo/Documentos/mestrado/DeepWeeds-Mobile/images/20170714-121755-2.jpg,1,1,1,1,1,0.7471346,0.0011025765,0.7471346,1.6737876e-07,0.0041806265,5.507869e-05,0.0037108846,0.0003926552,0.008837414,0.23458594
/home/leo/Documentos/mestrado/DeepWeeds-Mobile/images/20171121-082948-2.jpg,6,6,6,6,1,0.9986191,1.7335613e-07,0.0006342208,1.12972326e-10,1.5559621e-07,9.443157e-10,4.7214108e-08,0.9986191,1.8355838e-06,0.00074446335
/home/leo/Documentos/mestrado/DeepWeeds-Mobile/images/20171102-122909-1.jpg,2,2,2,2,1,0.9998568,1.8770838e-06,2.8027969e-09,0.9998568,1.2810639e-06,3.1268803e-05,1.4090398e-08,1.1228003e-07,5.6887508e-08,0.00010856675
/home/leo/Documentos/mestrado/DeepWeeds-Mobile/images/20171220-083405-2.jpg,8,8,8,8,1,0.9999958,4.2114698e-07,1.0479808e-11,1.9369973e-17,2.6858404e-06,1.5044013e-12,1.0318176e-06,1.1539222e-12,9.782478e-09,0.9999958
/home/leo/Documentos/mestrado/DeepWeeds-Mobile/images/20171109-193914-1.jpg,5,5,5,5,1,0.99819946,2.8572103e-06,4.316432e-08,2.0722521e-15,3.6663277e-12,2.6756563e-14,0.99819946,2.038451e-07,2.6528146e-10,0.001797435
/home/leo/Documentos/mestrado/DeepWeeds-Mobile/images/20180105-101555-2.jpg,8,8,8,8,1,0.9999851,1.09817265e-07,3.948209e-07,3.9429335e-07,5.139106e-08,1.482329e-07,1.7482965e-11,1.36488625e-05,1.851892e-07,0.9999851
/home/leo/Documentos/mestrado/DeepWeeds-Mobile/images/20171220-085131-2.jpg,8,8,8,8,1,0.930824,2.176545e-05,0.06393321,4.385679e-08,4.3290507e-05,3.844344e-06,1.11969275e-05,0.0048575494,0.00030502267,0.930824
/home/leo/Documentos/mestrado/DeepWeeds-Mobile/images/20180322-103426-1.jpg,8,8,8,8,1,0.8663207,0.024987634,1.3235006e-08,1.1127442e-05,0.10796598,2.115978e-05,1.0853282e-06,1.891376e-13,0.0006921846,0.8663207
/home/leo/Documentos/mestrado/DeepWeeds-Mobile/images/20161207-111620-0.jpg,0,0,0,0,1,0.7333831,0.7333831,0.0013380523,5.368666e-13,3.890049e-07,1.5474379e-10,0.011883928,1.6897377e-06,2.2350372e-05,0.25337055
/home/leo/Documentos/mestrado/DeepWeeds-Mobile/images/20170906-112622-1.jpg,3,8,3,8,0,0.38471022,0.13325109,0.12900472,0.00011805725,0.18697372,0.0006765313,0.01106006,0.0018440825,0.15236151,0.38471022
/home/leo/Documentos/mestrado/DeepWeeds-Mobile/images/20180109-091152-2.jpg,8,8,8,8,1,0.999964,1.3690578e-05,4.749884e-07,8.5058294e-10,2.3613736e-06,6.0863057e-09,1.8337724e-07,9.0061814e-10,1.9248604e-05,0.999964
/home/leo/Documentos/mestrado/DeepWeeds-Mobile/images/20170721-115458-1.jpg,1,0,1,0,0,0.92458874,0.92458874,0.026460301,5.8928716e-08,0.002851147,4.0462453e-07,2.2008164e-05,1.0450855e-08,0.04027093,0.0058062337
/home/leo/Documentos/mestrado/DeepWeeds-Mobile/images/20170405-154714-0.jpg,0,7,0,7,0,0.55782884,0.4392443,0.00016253997,2.5863506e-11,2.9807552e-09,4.4498457e-11,1.00163725e-05,1.532312e-06,0.55782884,0.002752717
/home/leo/Documentos/mestrado/DeepWeeds-Mobile/images/20171122-102506-1.jpg,5,5,5,5,1,0.99978423,1.0283765e-06,1.2861935e-09,2.2530799e-14,1.4897994e-11,8.86186e-15,0.99978423,2.9390317e-09,7.773971e-11,0.00021464832
/home/leo/Documentos/mestrado/DeepWeeds-Mobile/images/20170811-133931-1.jpg,0,8,0,8,0,0.79452646,0.201579,4.169528e-08,2.2045687e-10,1.4404666e-12,3.9318193e-12,1.9044478e-07,1.9452708e-12,0.0038943551,0.79452646
/home/leo/Documentos/mestrado/DeepWeeds-Mobile/images/20170210-141655-0.jpg,7,7,7,7,1,0.99980414,0.000118032636,7.467825e-05,5.1100613e-14,8.6729486e-14,9.749617e-15,1.6319411e-10,2.1138584e-11,0.99980414,3.0423562e-06
/home/leo/Documentos/mestrado/DeepWeeds-Mobile/images/20171212-104215-3.jpg,8,8,8,8,1,0.9493261,0.045825846,0.0007405771,8.222456e-07,0.00034444517,0.00023243667,6.401763e-05,2.9829647e-07,0.0034654303,0.9493261
/home/leo/Documentos/mestrado/DeepWeeds-Mobile/images/20180109-075302-1.jpg,8,8,8,8,1,0.90335786,0.0001624728,0.01002264,1.8028566e-05,0.01675642,0.00039773455,8.039002e-06,0.069137804,0.0001390353,0.90335786
/home/leo/Documentos/mestrado/DeepWeeds-Mobile/images/20180112-074923-2.jpg,8,8,8,8,1,0.94778174,0.00053237675,0.00014767583,0.0033604791,0.02704499,0.021040685,6.7072667e-09,2.7276723e-05,6.480498e-05,0.94778174
/home/leo/Documentos/mestrado/DeepWeeds-Mobile/images/20180109-092413-2.jpg,8,8,8,8,1,0.9972767,0.001170427,1.46092e-05,0.0010720594,0.00015862122,1.0471396e-05,3.9213573e-05,1.1295765e-06,0.00025680923,0.9972767
/home/leo/Documentos/mestrado/DeepWeeds-Mobile/images/20171219-113025-3.jpg,8,8,8,8,1,0.9997018,8.1045204e-07,5.976167e-07,0.00015180363,6.267633e-08,0.00012127971,1.1246986e-07,2.0231684e-05,3.1551094e-06,0.9997018
/home/leo/Documentos/mestrado/DeepWeeds-Mobile/images/20180119-113430-2.jpg,8,8,8,8,1,0.9907172,0.00044977546,0.00074160536,0.0006567064,0.0030267944,8.607827e-05,0.00013021786,0.0041222074,6.948218e-05,0.9907172
/home/leo/Documentos/mestrado/DeepWeeds-Mobile/images/20180125-100826-2.jpg,8,8,8,8,1,0.9999629,3.5042056e-09,5.2378405e-12,2.0589583e-10,5.678246e-07,1.9027168e-06,3.456013e-05,7.354985e-10,7.790057e-11,0.9999629
/home/leo/Documentos/mestrado/DeepWeeds-Mobile/images/20171203-165059-3.jpg,8,8,8,8,1,0.9373139,0.042051584,0.0037519396,6.2692045e-08,0.00016022258,2.637075e-06,0.00029482823,1.3717665e-06,0.016423354,0.9373139
/home/leo/Documentos/mestrado/DeepWeeds-Mobile/images/20171109-092200-1.jpg,5,5,5,5,1,0.9980711,1.0702439e-06,9.906695e-07,1.360376e-16,1.3445876e-10,1.04258406e-14,0.9980711,1.1735356e-06,5.900049e-08,0.0019256576
/home/leo/Documentos/mestrado/DeepWeeds-Mobile/images/20170704-151911-0.jpg,0,0,0,0,1,0.99975806,0.99975806,8.311617e-09,1.0342061e-12,3.2163403e-14,5.9752403e-12,5.1746984e-09,2.9894157e-11,0.00023742631,4.5314014e-06
/home/leo/Documentos/mestrado/DeepWeeds-Mobile/images/20170630-154427-0.jpg,7,7,7,7,1,0.9997978,0.00012661151,5.4076695e-06,9.017945e-12,2.7844962e-11,2.7275422e-11,4.231325e-06,6.257493e-05,0.9997978,3.2383932e-06
/home/leo/Documentos/mestrado/DeepWeeds-Mobile/images/20180109-104335-1.jpg,8,8,8,8,1,0.9687112,0.0028153325,6.556687e-06,0.02751451,0.0006797853,0.0002195949,1.6660285e-06,2.335342e-05,2.7845848e-05,0.9687112
/home/leo/Documentos/mestrado/DeepWeeds-Mobile/images/20180112-072620-1.jpg,8,8,8,8,1,0.9947948,0.00096092524,1.6875234e-05,8.5875e-05,0.0040256022,7.487572e-05,3.585727e-09,1.582494e-06,3.9565784e-05,0.9947948
/home/leo/Documentos/mestrado/DeepWeeds-Mobile/images/20180109-091440-1.jpg,8,8,8,8,1,0.99799937,4.3221917e-07,1.648042e-06,1.1777098e-09,1.5656263e-06,4.776582e-10,3.5399019e-06,0.00199287,5.0026733e-07,0.99799937
/home/leo/Documentos/mestrado/DeepWeeds-Mobile/images/20170727-124715-1.jpg,4,2,4,2,0,0.8663234,1.83264e-05,2.3896262e-06,0.8663234,0.0004580015,0.11557865,1.2031315e-07,1.4643646e-06,1.2994471e-05,0.017604625
/home/leo/Documentos/mestrado/DeepWeeds-Mobile/images/20180109-073211-1.jpg,8,8,8,8,1,0.9997441,3.290012e-07,1.5392356e-05,8.635509e-09,2.902848e-06,1.7662556e-09,1.9746293e-09,0.00022839716,8.845825e-06,0.9997441
/home/leo/Documentos/mestrado/DeepWeeds-Mobile/images/20171109-095205-2.jpg,5,5,5,5,1,0.9984371,9.467428e-07,1.3295083e-07,9.263776e-16,1.4137367e-09,7.1369386e-12,0.9984371,1.4116551e-07,2.6386937e-10,0.0015617184
/home/leo/Documentos/mestrado/DeepWeeds-Mobile/images/20170210-133043-0.jpg,0,0,0,0,1,0.99696475,0.99696475,5.7158745e-06,4.955548e-12,3.4212497e-11,8.515546e-12,1.6798102e-06,6.8955307e-13,0.0021265892,0.00090117997
/home/leo/Documentos/mestrado/DeepWeeds-Mobile/images/20171219-093257-2.jpg,8,8,8,8,1,0.9795094,0.01990273,4.4619916e-05,9.878815e-08,0.0002158385,1.9846898e-06,6.894213e-05,6.117369e-06,0.00025023476,0.9795094
/home/leo/Documentos/mestrado/DeepWeeds-Mobile/images/20170705-160802-0.jpg,7,0,7,0,0,0.7106016,0.7106016,0.009708587,5.620771e-06,0.000576731,1.6885511e-05,8.677815e-05,4.3320338e-07,0.113264814,0.16573864
/home/leo/Documentos/mestrado/DeepWeeds-Mobile/images/20180112-070337-2.jpg,8,8,8,8,1,0.9904963,0.0021956107,0.00010086891,9.4954237e-07,0.0048967344,0.00020617839,2.4117087e-08,1.0260937e-09,0.0021034048,0.9904963
/home/leo/Documentos/mestrado/DeepWeeds-Mobile/images/20170920-112729-3.jpg,2,2,2,2,1,0.99088216,0.00013371532,1.1942001e-07,0.99088216,0.0078036087,0.00039333326,4.363899e-06,6.023605e-08,5.3191043e-06,0.00077731704
/home/leo/Documentos/mestrado/DeepWeeds-Mobile/images/20170501-144852-0.jpg,8,8,8,8,1,0.98938864,0.0058375043,0.0004506546,7.750506e-07,0.000111706744,1.5277153e-06,2.3124101e-05,2.8410057e-05,0.0041576847,0.98938864
/home/leo/Documentos/mestrado/DeepWeeds-Mobile/images/20171113-100926-1.jpg,5,5,5,5,1,0.9504735,3.7996913e-05,0.00017997467,1.9183204e-09,9.309408e-07,4.8902193e-09,0.9504735,0.00025571557,1.516746e-06,0.049050428
/home/leo/Documentos/mestrado/DeepWeeds-Mobile/images/20180109-091130-2.jpg,8,8,8,8,1,0.9997626,5.10919e-05,1.2550963e-05,1.17410534e-11,1.3405452e-06,7.612996e-11,1.1546245e-05,1.8667051e-06,0.0001589928,0.9997626
/home/leo/Documentos/mestrado/DeepWeeds-Mobile/images/20180125-132330-2.jpg,8,8,8,8,1,0.9994561,1.7320237e-05,3.5348177e-05,2.071133e-07,0.00028215308,0.00011845901,6.862554e-05,4.6232884e-08,2.1833259e-05,0.9994561
/home/leo/Documentos/mestrado/DeepWeeds-Mobile/images/20171212-095400-3.jpg,8,8,8,8,1,0.999918,2.8952669e-05,5.784812e-07,7.751904e-09,4.988152e-05,3.714293e-09,5.96225e-08,1.96628e-06,4.6669763e-07,0.999918
/home/leo/Documentos/mestrado/DeepWeeds-Mobile/images/20171122-101744-1.jpg,5,5,5,5,1,0.916696,3.6143087e-05,0.0005288534,2.751937e-09,2.3892628e-07,2.4105788e-08,0.916696,0.002157848,3.4668167e-06,0.080577515
/home/leo/Documentos/mestrado/DeepWeeds-Mobile/images/20171121-084619-1.jpg,6,6,6,6,1,0.99897844,5.1961717e-05,0.0009275797,3.123157e-14,1.9999521e-11,1.9215924e-12,4.690575e-08,0.99897844,3.5260466e-05,6.6291955e-06
/home/leo/Documentos/mestrado/DeepWeeds-Mobile/images/20180109-071520-2.jpg,8,8,8,8,1,0.980784,8.0837737e-07,6.899396e-06,7.034009e-07,1.9965789e-08,4.2582973e-09,4.158577e-06,0.019196024,7.370309e-06,0.980784
/home/leo/Documentos/mestrado/DeepWeeds-Mobile/images/20170729-090727-2.jpg,4,4,4,4,1,0.96920455,2.2635251e-05,1.6791463e-06,5.3120177e-05,0.0027622539,0.96920455,6.70292e-07,2.6691096e-09,0.00014146224,0.027813587
/home/leo/Documentos/mestrado/DeepWeeds-Mobile/images/20171219-113753-2.jpg,8,8,8,8,1,0.5490342,4.3556465e-06,8.256063e-08,0.23593041,2.5224216e-07,0.21426927,0.0005734587,0.00012398436,6.392871e-05,0.5490342
/home/leo/Documentos/mestrado/DeepWeeds-Mobile/images/20171220-084909-3.jpg,8,8,8,8,1,0.99999416,2.3800271e-06,6.2250234e-07,3.5208183e-19,3.458178e-07,2.5141436e-11,2.1495744e-08,2.3766902e-12,2.4222588e-06,0.99999416
/home/leo/Documentos/mestrado/DeepWeeds-Mobile/images/20170913-102124-2.jpg,3,3,3,3,1,0.99998355,7.6165234e-11,6.0394077e-12,3.76591e-11,0.99998355,4.790794e-07,4.8307893e-06,1.4198109e-15,3.0723365e-13,1.1038179e-05
/home/leo/Documentos/mestrado/DeepWeeds-Mobile/images/20170729-091350-1.jpg,4,4,4,4,1,0.9997267,2.60817e-06,7.9030926e-08,2.470638e-06,1.1042282e-05,0.9997267,1.2573322e-07,1.5442095e-12,2.3179027e-05,0.00023372174
/home/leo/Documentos/mestrado/DeepWeeds-Mobile/images/20170913-100453-2.jpg,3,3,3,3,1,0.93194747,5.8629576e-06,9.617258e-07,0.0034848435,0.93194747,0.00034245983,0.06237114,1.4825674e-08,1.7950294e-08,0.0018473256
/home/leo/Documentos/mestrado/DeepWeeds-Mobile/images/20170715-160253-1.jpg,1,1,1,1,1,0.670151,0.0006378129,0.670151,7.888506e-08,5.142637e-05,1.4203271e-06,0.00083907595,0.1656166,0.0012020703,0.16150045
/home/leo/Documentos/mestrado/DeepWeeds-Mobile/images/20180112-093539-2.jpg,8,8,8,8,1,0.99999,7.768445e-06,2.7153169e-11,1.8893748e-10,3.52966e-11,1.9482057e-13,3.8456173e-07,1.0742184e-12,1.9318757e-06,0.99999
/home/leo/Documentos/mestrado/DeepWeeds-Mobile/images/20180125-093547-2.jpg,8,8,8,8,1,0.99658513,2.5859138e-06,4.056885e-06,1.3389608e-08,0.003393874,6.0025695e-06,8.141429e-06,1.3941187e-07,3.0816178e-08,0.99658513
/home/leo/Documentos/mestrado/DeepWeeds-Mobile/images/20170913-105051-1.jpg,3,3,3,3,1,0.9965832,3.6505654e-09,2.318513e-08,7.593347e-11,0.9965832,2.8808458e-05,3.8686295e-08,1.5987221e-12,3.080691e-11,0.0033877995
/home/leo/Documentos/mestrado/DeepWeeds-Mobile/images/20170630-150716-0.jpg,7,0,7,0,0,0.87364364,0.87364364,0.00051086297,1.0449938e-05,0.00018185838,1.482272e-06,0.0030890224,1.0438379e-06,0.048864763,0.07369692
/home/leo/Documentos/mestrado/DeepWeeds-Mobile/images/20180109-110120-2.jpg,8,8,8,8,1,0.97506815,0.006734745,9.09924e-05,0.003959515,0.006130567,0.0028507817,7.482261e-07,1.07354645e-05,0.0051536798,0.97506815
/home/leo/Documentos/mestrado/DeepWeeds-Mobile/images/20170920-163212-3.jpg,2,2,2,2,1,0.99969333,2.7846596e-09,3.4195222e-10,0.99969333,1.9662688e-05,0.00024489698,4.422003e-09,2.0125429e-10,2.070401e-10,4.2019976e-05
/home/leo/Documentos/mestrado/DeepWeeds-Mobile/images/20170217-122030-0.jpg,0,0,0,0,1,0.9993643,0.9993643,6.096971e-07,7.282192e-13,9.921942e-13,5.2829308e-12,4.128468e-05,8.1632874e-11,1.1716685e-05,0.00058208045
/home/leo/Documentos/mestrado/DeepWeeds-Mobile/images/20171203-170504-3.jpg,8,8,8,8,1,0.57013637,0.024618002,0.0053063137,1.6171008e-08,0.00013643676,1.2222505e-07,0.39714327,7.613825e-06,0.0026518733,0.57013637
/home/leo/Documentos/mestrado/DeepWeeds-Mobile/images/20170610-123940-0.jpg,1,1,1,1,1,0.67583984,0.012216912,0.67583984,1.4256633e-09,4.0561696e-05,8.2610434e-08,6.35161e-05,0.0004639551,0.027426213,0.28394893
/home/leo/Documentos/mestrado/DeepWeeds-Mobile/images/20171218-105401-3.jpg,8,8,8,8,1,0.9995802,0.00016551356,7.3342994e-06,4.0939273e-13,3.113767e-08,2.1750514e-10,2.9099512e-05,2.4454155e-10,0.00021780346,0.9995802
/home/leo/Documentos/mestrado/DeepWeeds-Mobile/images/20180109-080233-1.jpg,8,8,8,8,1,0.94562256,3.7752336e-05,0.00034982726,1.4991821e-06,0.00048586453,1.7109356e-05,5.9494482e-08,0.05345122,3.4085093e-05,0.94562256
/home/leo/Documentos/mestrado/DeepWeeds-Mobile/images/20171102-121702-2.jpg,2,2,2,2,1,0.9999132,2.2420443e-06,2.6577964e-09,0.9999132,2.1197038e-05,2.9299488e-05,1.7848238e-08,4.3482458e-09,8.555389e-08,3.392828e-05
/home/leo/Documentos/mestrado/DeepWeeds-Mobile/images/20171121-083217-1.jpg,6,6,6,6,1,0.9992563,2.3059798e-05,0.0006466991,8.736571e-09,8.603387e-09,4.209321e-08,2.1442358e-07,0.9992563,1.4403135e-05,5.917721e-05
/home/leo/Documentos/mestrado/DeepWeeds-Mobile/images/20171025-093745-2.jpg,3,3,3,3,1,0.9340908,0.0010312507,3.2842334e-07,2.9318924e-05,0.9340908,7.022982e-05,8.480369e-09,8.686527e-09,0.00013499869,0.06464315
/home/leo/Documentos/mestrado/DeepWeeds-Mobile/images/20171108-124659-3.jpg,5,5,5,5,1,0.98414534,0.0008439584,1.6151065e-05,7.156281e-12,3.349246e-10,4.95887e-10,0.98414534,5.4551894e-08,9.620588e-06,0.014984836
/home/leo/Documentos/mestrado/DeepWeeds-Mobile/images/20171109-092301-2.jpg,5,5,5,5,1,0.9988236,5.4704683e-06,1.0983055e-06,6.657462e-15,3.485885e-11,3.399756e-14,0.9988236,2.8575905e-06,3.2246454e-09,0.0011670114
/home/leo/Documentos/mestrado/DeepWeeds-Mobile/images/20171025-082709-2.jpg,3,3,3,3,1,0.54650027,0.03668863,1.1600555e-06,8.978592e-06,0.54650027,1.185879e-06,6.5429776e-07,4.3418393e-09,0.0064953244,0.41030386
/home/leo/Documentos/mestrado/DeepWeeds-Mobile/images/20171109-070713-3.jpg,5,8,5,8,0,0.6158336,0.20741218,8.187377e-05,2.6509663e-09,5.355579e-09,1.0968141e-08,0.15264298,1.93968e-06,0.024027407,0.6158336
/home/leo/Documentos/mestrado/DeepWeeds-Mobile/images/20171205-134905-2.jpg,8,8,8,8,1,0.9940541,0.0046150936,1.4925811e-05,7.556487e-07,2.7727545e-05,1.00160435e-07,0.0012671179,1.545036e-05,4.603926e-06,0.9940541
/home/leo/Documentos/mestrado/DeepWeeds-Mobile/images/20171218-110305-2.jpg,8,8,8,8,1,0.9999695,1.9551684e-05,4.1406484e-08,1.2088316e-17,1.5032597e-09,4.017663e-13,3.3241522e-06,5.3372338e-11,7.63255e-06,0.9999695
/home/leo/Documentos/mestrado/DeepWeeds-Mobile/images/20180112-073200-1.jpg,8,8,8,8,1,0.9704654,0.013733714,0.00919722,0.0013872595,0.0020688477,5.4723987e-05,0.00020566824,0.0007622266,0.002124901,0.9704654
/home/leo/Documentos/mestrado/DeepWeeds-Mobile/images/20171109-071508-1.jpg,5,8,5,8,0,0.52778333,0.0066893874,0.00016014128,2.0962602e-12,2.4178512e-06,5.9703034e-11,0.46474797,3.4977347e-07,0.00061646564,0.52778333
/home/leo/Documentos/mestrado/DeepWeeds-Mobile/images/20170906-113518-1.jpg,3,3,3,3,1,0.45891684,0.025676372,9.96458e-07,1.7712195e-13,0.45891684,2.5057282e-08,4.980777e-07,3.6513297e-09,0.42547104,0.08993419
/home/leo/Documentos/mestrado/DeepWeeds-Mobile/images/20171219-094325-2.jpg,8,8,8,8,1,0.99869424,0.0009685128,9.774564e-07,5.212416e-10,0.00027249052,1.2954176e-07,3.4027595e-05,3.3055744e-07,2.9362114e-05,0.99869424
/home/leo/Documentos/mestrado/DeepWeeds-Mobile/images/20170304-130308-0.jpg,7,7,7,7,1,0.9722919,0.027323578,0.00019908015,1.7358993e-10,2.021957e-10,3.706656e-09,2.556192e-07,6.240335e-05,0.9722919,0.00012272787
/home/leo/Documentos/mestrado/DeepWeeds-Mobile/images/20170727-120834-3.jpg,4,4,4,4,1,0.87768686,0.0074611986,0.0005582948,0.013605481,0.073757604,0.87768686,6.743379e-05,7.5007724e-06,0.0018620621,0.024993613
/home/leo/Documentos/mestrado/DeepWeeds-Mobile/images/20180125-093851-2.jpg,8,8,8,8,1,0.9999633,9.853327e-07,2.6925912e-07,3.902323e-11,3.4891444e-05,3.275265e-08,2.395222e-07,2.760162e-10,3.1606857e-07,0.9999633
/home/leo/Documentos/mestrado/DeepWeeds-Mobile/images/20170913-101606-1.jpg,3,3,3,3,1,0.9996036,1.1555612e-07,2.8517576e-08,2.1178643e-08,0.9996036,1.2060723e-05,0.00034413926,9.104859e-13,3.6034709e-10,4.0012575e-05
/home/leo/Documentos/mestrado/DeepWeeds-Mobile/images/20170906-104114-2.jpg,3,3,3,3,1,0.73485273,0.08007838,9.393093e-05,0.00021326318,0.73485273,0.007606787,1.7281872e-07,4.190709e-08,0.0023329218,0.17482182
/home/leo/Documentos/mestrado/DeepWeeds-Mobile/images/20180112-092057-1.jpg,8,8,8,8,1,0.9986229,1.1058159e-05,3.1618634e-05,2.7568218e-05,0.0011831268,0.00010708245,5.053688e-11,1.3198494e-05,3.4130217e-06,0.9986229
/home/leo/Documentos/mestrado/DeepWeeds-Mobile/images/20180112-071700-2.jpg,8,8,8,8,1,0.81861275,0.11530742,0.013270799,0.0028209593,0.0126861725,0.030732982,0.00026618782,6.854614e-05,0.0062341834,0.81861275
/home/leo/Documentos/mestrado/DeepWeeds-Mobile/images/20180322-113657-1.jpg,8,8,8,8,1,0.9245683,0.0044571604,0.0051371986,3.007083e-05,0.0046056923,2.0120446e-05,0.00030835226,0.060292743,0.00058028474,0.9245683
/home/leo/Documentos/mestrado/DeepWeeds-Mobile/images/20171212-095844-1.jpg,8,8,8,8,1,0.99999976,6.263106e-08,1.1254684e-09,2.0488753e-18,7.797342e-08,1.4932906e-14,1.3445893e-08,4.087691e-14,1.7702827e-09,0.99999976
/home/leo/Documentos/mestrado/DeepWeeds-Mobile/images/20170727-125357-1.jpg,4,4,4,4,1,0.99762124,1.2423512e-05,1.6394033e-07,9.576966e-06,9.3710005e-06,0.99762124,9.178042e-09,2.4225641e-09,0.00026250098,0.0020846354
/home/leo/Documentos/mestrado/DeepWeeds-Mobile/images/20171220-091755-2.jpg,8,8,8,8,1,0.9805235,0.0019784793,6.118219e-05,2.2396027e-07,0.00013997585,1.8058026e-06,0.017284647,1.0852586e-06,9.175958e-06,0.9805235
/home/leo/Documentos/mestrado/DeepWeeds-Mobile/images/20170729-092115-1.jpg,4,4,4,4,1,0.8910986,0.0020209283,1.6945616e-05,0.016235966,0.07407926,0.8910986,6.110708e-07,6.0696195e-08,0.002454557,0.014093095
/home/leo/Documentos/mestrado/DeepWeeds-Mobile/images/20180125-134928-3.jpg,8,1,8,1,0,0.38708577,0.00022488844,0.38708577,2.2185513e-05,0.32416707,0.052461438,1.2372852e-05,0.008396283,0.002086714,0.2255434
/home/leo/Documentos/mestrado/DeepWeeds-Mobile/images/20170217-120512-0.jpg,7,7,7,7,1,0.9208259,0.07811322,3.9671086e-11,5.9372934e-10,2.0244355e-11,5.2784525e-14,2.8103225e-06,2.0117389e-13,0.9208259,0.0010580614
/home/leo/Documentos/mestrado/DeepWeeds-Mobile/images/20170727-144243-1.jpg,4,2,4,2,0,0.60033286,2.1875432e-05,1.1242304e-06,0.60033286,0.0004968352,0.3302078,8.409985e-07,0.00011908545,1.38861715e-05,0.06880564
/home/leo/Documentos/mestrado/DeepWeeds-Mobile/images/20180105-093646-2.jpg,8,8,8,8,1,0.7727434,2.7370273e-08,1.5778844e-05,6.3536827e-06,5.9133264e-08,3.1888976e-09,2.139633e-05,0.22721235,5.9030236e-07,0.7727434
/home/leo/Documentos/mestrado/DeepWeeds-Mobile/images/20180125-090927-1.jpg,8,8,8,8,1,0.99999905,1.1369054e-08,9.092217e-07,1.1114598e-14,3.85268e-08,5.484364e-12,5.0061275e-09,9.442821e-09,1.115192e-08,0.99999905
/home/leo/Documentos/mestrado/DeepWeeds-Mobile/images/20170714-115344-2.jpg,1,1,1,1,1,0.95388526,0.0013654304,0.95388526,6.0687635e-11,8.4503896e-05,4.4887338e-07,1.6347542e-05,1.7512143e-07,0.017394623,0.027253259
/home/leo/Documentos/mestrado/DeepWeeds-Mobile/images/20170920-101817-2.jpg,2,2,2,2,1,0.9971867,7.3658505e-08,1.7301076e-07,0.9971867,4.4916123e-07,9.2177896e-07,1.8207451e-06,3.4821118e-05,4.665556e-07,0.002774649
/home/leo/Documentos/mestrado/DeepWeeds-Mobile/images/20180105-094853-2.jpg,8,8,8,8,1,0.98522514,8.0710124e-05,4.7816204e-05,1.8637306e-06,0.000111950554,1.1392719e-05,2.7973135e-06,0.01448817,3.0190047e-05,0.98522514
/home/leo/Documentos/mestrado/DeepWeeds-Mobile/images/20180105-101044-2.jpg,8,8,8,8,1,0.999943,1.1127537e-09,4.020511e-08,8.392715e-06,6.8243255e-09,6.371976e-08,3.0146968e-10,4.8343798e-05,3.5117182e-08,0.999943
/home/leo/Documentos/mestrado/DeepWeeds-Mobile/images/20180322-125704-1.jpg,8,8,8,8,1,0.9995864,2.3338425e-06,6.200954e-08,4.0475e-09,0.00036698155,1.4572036e-06,4.2796382e-05,6.991898e-11,4.0626595e-09,0.9995864
/home/leo/Documentos/mestrado/DeepWeeds-Mobile/images/20180125-094154-2.jpg,8,8,8,8,1,0.9982961,8.663338e-06,1.5876086e-07,2.935798e-06,8.3178793e-07,0.0012921097,0.00024695907,0.00014283,9.330321e-06,0.9982961
/home/leo/Documentos/mestrado/DeepWeeds-Mobile/images/20180322-125303-1.jpg,8,8,8,8,1,0.99999,7.703217e-09,2.6835418e-09,2.5293063e-16,2.3525242e-12,2.0627384e-12,8.599836e-06,2.7913494e-11,1.3618861e-06,0.99999
/home/leo/Documentos/mestrado/DeepWeeds-Mobile/images/20180109-091432-1.jpg,8,8,8,8,1,0.99191874,0.0005420094,2.1791744e-05,2.012586e-06,0.0073556784,2.081725e-06,1.7747371e-07,1.531738e-05,0.00014208673,0.99191874
/home/leo/Documentos/mestrado/DeepWeeds-Mobile/images/20180119-111626-2.jpg,8,8,8,8,1,0.9739579,0.025001865,0.00013497018,7.135406e-05,0.000113731214,3.8080435e-07,0.00049507903,9.773465e-05,0.00012703046,0.9739579
/home/leo/Documentos/mestrado/DeepWeeds-Mobile/images/20180105-092426-2.jpg,8,8,8,8,1,0.9996745,1.469843e-07,3.859951e-05,1.3687458e-06,7.899636e-08,5.369391e-07,5.4612308e-08,0.00024169902,4.2876178e-05,0.9996745
/home/leo/Documentos/mestrado/DeepWeeds-Mobile/images/20180119-113517-2.jpg,8,8,8,8,1,0.9988066,0.0010159757,1.5224628e-05,1.8141186e-08,7.236527e-05,1.7067302e-09,9.150528e-06,3.9382645e-05,4.1295018e-05,0.9988066
/home/leo/Documentos/mestrado/DeepWeeds-Mobile/images/20180112-080444-1.jpg,8,3,8,3,0,0.59132093,0.011012448,0.0126960045,0.0048544435,0.59132093,0.02130846,2.7581944e-05,0.0011501968,0.058017716,0.2996121
/home/leo/Documentos/mestrado/DeepWeeds-Mobile/images/20171102-093348-1.jpg,4,3,4,3,0,0.6312553,0.0007687088,0.00039590726,0.013012448,0.6312553,0.22061817,4.360303e-08,2.7079755e-06,0.00021087103,0.13373585
/home/leo/Documentos/mestrado/DeepWeeds-Mobile/images/20171212-103320-3.jpg,8,7,8,7,0,0.38453156,0.22369403,0.0012695187,2.8129892e-07,3.8501956e-05,4.967255e-07,0.016680619,9.568894e-05,0.38453156,0.3736893
/home/leo/Documentos/mestrado/DeepWeeds-Mobile/images/20171203-164902-3.jpg,8,8,8,8,1,0.9883011,0.009211174,0.0007985079,7.6212775e-10,9.944753e-06,8.917419e-10,0.0016677231,2.3671564e-07,1.1214944e-05,0.9883011
/home/leo/Documentos/mestrado/DeepWeeds-Mobile/images/20180322-111645-2.jpg,8,8,8,8,1,0.99968404,0.00025723648,1.9922739e-07,1.7514179e-07,1.3225465e-05,2.2991677e-05,1.2102711e-07,4.8737656e-11,2.2014114e-05,0.99968404
/home/leo/Documentos/mestrado/DeepWeeds-Mobile/images/20180105-091853-3.jpg,8,8,8,8,1,0.9999995,7.904001e-11,8.359324e-09,3.7106344e-07,1.532995e-10,7.699369e-09,1.3704863e-12,1.3327056e-07,7.92972e-10,0.9999995
/home/leo/Documentos/mestrado/DeepWeeds-Mobile/images/20171109-073455-1.jpg,5,5,5,5,1,0.9978695,3.4094974e-06,1.5190753e-06,2.2753627e-11,6.0176086e-09,1.14408774e-10,0.9978695,1.6241342e-05,5.6484885e-07,0.0021086633
/home/leo/Documentos/mestrado/DeepWeeds-Mobile/images/20170811-122609-2.jpg,0,0,0,0,1,0.99999285,0.99999285,2.6433554e-06,8.2853125e-13,1.5180125e-13,2.7516076e-10,2.0696715e-09,1.3239785e-13,9.472333e-08,4.3627174e-06
/home/leo/Documentos/mestrado/DeepWeeds-Mobile/images/20170913-100512-3.jpg,5,5,5,5,1,0.9997428,0.00025116876,7.8262553e-07,2.0062832e-07,8.5912967e-07,1.4934413e-06,0.9997428,1.2550239e-10,1.0732088e-06,1.6162543e-06
/home/leo/Documentos/mestrado/DeepWeeds-Mobile/images/20180112-101705-2.jpg,8,8,8,8,1,0.9997632,0.00019030992,2.6922386e-08,1.5156616e-06,3.6142435e-05,1.1938765e-06,4.885297e-09,6.814277e-10,7.555281e-06,0.9997632
/home/leo/Documentos/mestrado/DeepWeeds-Mobile/images/20170217-104651-0.jpg,0,0,0,0,1,0.7619543,0.7619543,0.00018454589,6.3459886e-08,4.8147576e-06,1.6685953e-09,0.0018985472,2.9406668e-09,0.017818581,0.21813917
/home/leo/Documentos/mestrado/DeepWeeds-Mobile/images/20180119-110226-2.jpg,8,8,8,8,1,0.97743237,0.006419986,0.004018732,0.004523238,0.0011848607,0.0007744122,4.618305e-05,0.0041229846,0.0014773171,0.97743237
/home/leo/Documentos/mestrado/DeepWeeds-Mobile/images/20170130-102215-0.jpg,1,1,1,1,1,0.82184017,0.15904711,0.82184017,5.284092e-08,0.00045236055,9.928676e-07,6.8923575e-05,9.53839e-06,0.004118016,0.014462848
/home/leo/Documentos/mestrado/DeepWeeds-Mobile/images/20170920-115556-2.jpg,2,2,2,2,1,0.9933775,6.489571e-05,1.0953037e-06,0.9933775,0.00038473663,0.0030610787,9.923045e-07,3.1972713e-06,1.8528508e-06,0.0031046837
/home/leo/Documentos/mestrado/DeepWeeds-Mobile/images/20171220-101811-2.jpg,8,8,8,8,1,0.9968345,0.0024190652,2.455532e-06,1.5554359e-13,6.582621e-08,1.757021e-10,0.0006361693,6.836216e-05,3.932772e-05,0.9968345
/home/leo/Documentos/mestrado/DeepWeeds-Mobile/images/20171121-071821-1.jpg,6,6,6,6,1,0.9974099,2.3258733e-06,0.000543662,2.8222686e-11,5.421367e-06,7.071439e-09,3.5267567e-05,0.9974099,4.126103e-05,0.0019621023
/home/leo/Documentos/mestrado/DeepWeeds-Mobile/images/20171121-075157-1.jpg,6,6,6,6,1,0.99991715,7.49607e-07,7.3914554e-05,3.7741086e-15,1.0368175e-09,1.6120274e-11,4.9159072e-09,0.99991715,2.3031814e-06,5.8910123e-06
/home/leo/Documentos/mestrado/DeepWeeds-Mobile/images/20171121-073120-1.jpg,6,6,6,6,1,0.96220237,0.0005306776,0.034774013,2.809705e-14,3.5795025e-09,2.589512e-11,7.463747e-07,0.96220237,0.00027499194,0.002217286
/home/leo/Documentos/mestrado/DeepWeeds-Mobile/images/20180105-100612-2.jpg,8,8,8,8,1,0.9997391,4.6255084e-07,7.470387e-07,1.8055494e-05,1.5690915e-08,2.863055e-05,7.266357e-07,0.00020568221,6.6446905e-06,0.9997391
/home/leo/Documentos/mestrado/DeepWeeds-Mobile/images/20180112-081931-1.jpg,8,8,8,8,1,0.98257893,2.1365554e-06,1.7809885e-05,0.010876017,4.2519177e-06,3.2618695e-07,0.00038091268,0.006136426,3.1861732e-06,0.98257893
/home/leo/Documentos/mestrado/DeepWeeds-Mobile/images/20170127-101855-0.jpg,1,1,1,1,1,0.99955696,3.1038576e-06,0.99955696,1.5523917e-13,3.815366e-07,5.474953e-10,3.994623e-09,1.5270367e-05,1.1503211e-05,0.00041270844
/home/leo/Documentos/mestrado/DeepWeeds-Mobile/images/20171025-093715-3.jpg,3,3,3,3,1,0.96271294,0.0040194294,1.0345169e-06,0.02041025,0.96271294,0.0038164298,1.5921364e-07,7.3810504e-09,0.0003701677,0.008669701
/home/leo/Documentos/mestrado/DeepWeeds-Mobile/images/20180112-091552-1.jpg,8,8,8,8,1,0.8530068,0.09888887,0.0011249504,0.0033531399,0.009362467,0.0044093495,0.00010981637,4.922076e-07,0.029744145,0.8530068
/home/leo/Documentos/mestrado/DeepWeeds-Mobile/images/20180109-094911-1.jpg,8,8,8,8,1,0.93721575,0.004310668,1.9828651e-06,0.044122234,0.01333332,0.0009843039,1.1223883e-06,1.9224188e-07,3.0345622e-05,0.93721575
/home/leo/Documentos/mestrado/DeepWeeds-Mobile/images/20171203-174841-3.jpg,8,8,8,8,1,0.39658386,0.09961698,0.26217258,0.00086313667,0.0016510395,0.00082204456,0.002846951,0.17464148,0.06080203,0.39658386
/home/leo/Documentos/mestrado/DeepWeeds-Mobile/images/20180109-070708-1.jpg,8,8,8,8,1,0.9994867,1.852317e-08,2.005443e-06,5.851629e-10,1.3249584e-08,5.552334e-10,7.0721877e-09,0.00051069475,6.4065244e-07,0.9994867
/home/leo/Documentos/mestrado/DeepWeeds-Mobile/images/20171220-091421-2.jpg,8,8,8,8,1,0.99952525,6.4900305e-05,8.101999e-09,1.05594366e-13,3.2604419e-06,1.2796945e-09,0.00040625973,2.2030038e-11,2.4271463e-07,0.99952525
/home/leo/Documentos/mestrado/DeepWeeds-Mobile/images/20170727-162942-1.jpg,4,4,4,4,1,0.99918014,1.257722e-06,6.43453e-08,5.22118e-07,0.00012794998,0.99918014,5.5441557e-10,1.9188221e-13,3.551847e-05,0.0006546184
/home/leo/Documentos/mestrado/DeepWeeds-Mobile/images/20170920-112429-2.jpg,2,2,2,2,1,0.9998163,2.2628448e-08,1.1982442e-09,0.9998163,2.058573e-07,5.2948082e-05,8.272092e-08,1.6132143e-08,3.7043947e-08,0.00013032452
/home/leo/Documentos/mestrado/DeepWeeds-Mobile/images/20180125-092500-2.jpg,8,8,8,8,1,0.99809176,0.00015173863,5.0052004e-06,0.00043027822,4.92309e-07,0.0012493321,4.0964624e-06,6.494353e-05,2.4616202e-06,0.99809176
/home/leo/Documentos/mestrado/DeepWeeds-Mobile/images/20170705-161748-0.jpg,7,7,7,7,1,0.60975075,0.35741898,0.003266407,4.323559e-06,0.0011515755,0.0028265163,6.6688604e-05,2.8083994e-06,0.60975075,0.02551196
/home/leo/Documentos/mestrado/DeepWeeds-Mobile/images/20180322-111216-2.jpg,8,8,8,8,1,0.8983005,0.016592676,3.375782e-07,0.054088034,0.02929503,0.00020719344,2.9695891e-05,1.0405427e-09,0.0014864432,0.8983005
/home/leo/Documentos/mestrado/DeepWeeds-Mobile/images/20171113-120003-1.jpg,6,6,6,6,1,0.91228545,0.00011459079,0.014325304,1.7741161e-06,8.937034e-06,3.6407062e-07,5.5143784e-05,0.91228545,0.00020808527,0.07300038
/home/leo/Documentos/mestrado/DeepWeeds-Mobile/images/20170920-160641-3.jpg,2,2,2,2,1,0.9889332,1.930907e-05,4.841044e-07,0.9889332,7.5306416e-05,0.0027138635,3.1111227e-08,6.0721254e-06,5.165142e-07,0.008251092
/home/leo/Documentos/mestrado/DeepWeeds-Mobile/images/20180109-075640-2.jpg,8,8,8,8,1,0.911355,0.0043428834,0.006577594,0.0014070419,0.00017405137,1.7389068e-05,0.00030154194,0.07394201,0.0018824828,0.911355
/home/leo/Documentos/mestrado/DeepWeeds-Mobile/images/20171217-183635-2.jpg,8,8,8,8,1,0.901835,0.04813499,0.039329253,3.5782273e-07,3.3264343e-05,8.649025e-05,0.00792673,1.29908e-07,0.0026536058,0.901835
/home/leo/Documentos/mestrado/DeepWeeds-Mobile/images/20171219-114203-2.jpg,8,8,8,8,1,0.8069642,0.00084421126,3.48677e-05,0.1872968,0.0017079677,0.002209069,2.1928133e-06,0.000402235,0.00053845654,0.8069642
/home/leo/Documentos/mestrado/DeepWeeds-Mobile/images/20170920-160348-3.jpg,2,2,2,2,1,0.9612284,5.2281313e-05,7.472408e-07,0.9612284,0.00030591356,0.015908083,1.1015129e-07,7.245822e-07,5.732991e-06,0.022498185
/home/leo/Documentos/mestrado/DeepWeeds-Mobile/images/20180109-091017-2.jpg,8,8,8,8,1,0.96726775,0.009837202,1.2211822e-05,3.0287245e-07,0.01935964,2.5129896e-07,2.725924e-05,9.944482e-07,0.0034944925,0.96726775
/home/leo/Documentos/mestrado/DeepWeeds-Mobile/images/20171212-105828-3.jpg,8,8,8,8,1,0.724574,0.036374226,0.08222817,7.642322e-08,0.00041064984,2.260104e-05,0.0022765566,0.00092942914,0.15318422,0.724574
/home/leo/Documentos/mestrado/DeepWeeds-Mobile/images/20180112-081013-1.jpg,8,8,8,8,1,0.934167,0.005843691,7.888178e-05,0.008915852,0.046251655,0.0033583906,2.503337e-07,8.6216795e-07,0.0013833189,0.934167
/home/leo/Documentos/mestrado/DeepWeeds-Mobile/images/20170714-185950-1.jpg,1,1,1,1,1,0.9997778,1.8126871e-06,0.9997778,3.3607574e-12,1.212459e-08,4.496526e-10,2.2216812e-08,2.9760602e-05,2.7254158e-05,0.00016331955
/home/leo/Documentos/mestrado/DeepWeeds-Mobile/images/20180112-102519-1.jpg,8,8,8,8,1,0.8599199,0.007420569,0.00032834857,0.007138763,0.021782339,0.0007322833,0.00020400016,0.100227475,0.00224637,0.8599199
/home/leo/Documentos/mestrado/DeepWeeds-Mobile/images/20171102-121420-2.jpg,2,2,2,2,1,0.9986968,9.464564e-05,2.0984478e-08,0.9986968,9.978398e-05,4.8231726e-05,6.1812564e-09,3.4333098e-08,3.2611413e-07,0.0010601057
/home/leo/Documentos/mestrado/DeepWeeds-Mobile/images/20170126-095912-0.jpg,1,1,1,1,1,0.99663806,1.5566431e-05,0.99663806,2.597757e-14,1.2926932e-08,1.2846458e-12,7.194427e-07,1.0809945e-08,2.5682007e-06,0.0033430185
/home/leo/Documentos/mestrado/DeepWeeds-Mobile/images/20180119-113734-2.jpg,8,8,8,8,1,0.9998071,6.655935e-05,3.7958453e-05,2.7169602e-07,7.873033e-05,7.024816e-08,3.4155346e-06,3.579043e-06,2.2735878e-06,0.9998071
/home/leo/Documentos/mestrado/DeepWeeds-Mobile/images/20180125-093235-1.jpg,8,8,8,8,1,0.9999993,1.2183098e-07,8.418063e-08,2.6445318e-10,5.7151098e-08,4.9631655e-07,2.0498307e-08,1.3386098e-10,7.186229e-09,0.9999993
/home/leo/Documentos/mestrado/DeepWeeds-Mobile/images/20170727-152818-3.jpg,4,4,4,4,1,0.9881471,1.62842e-05,8.2794264e-07,0.0072654234,0.0036192655,0.9881471,3.7992997e-08,1.4593943e-09,5.8409887e-06,0.000945117
/home/leo/Documentos/mestrado/DeepWeeds-Mobile/images/20171113-133946-1.jpg,6,6,6,6,1,0.79680026,0.022320867,0.12963231,5.5295122e-06,3.1738437e-05,1.1456903e-05,0.0012389645,0.79680026,0.004534373,0.045424476
/home/leo/Documentos/mestrado/DeepWeeds-Mobile/images/20180322-115048-1.jpg,8,8,8,8,1,1.0,1.1415935e-08,5.4647203e-11,7.728853e-14,4.9912874e-09,1.2241058e-09,2.3991527e-09,1.1293601e-14,3.6379044e-09,1.0
/home/leo/Documentos/mestrado/DeepWeeds-Mobile/images/20171212-105206-3.jpg,8,0,8,0,0,0.54817873,0.54817873,0.006789903,1.8680673e-09,3.5772027e-06,1.6716774e-06,4.655454e-06,8.809819e-05,0.048351947,0.39658144
/home/leo/Documentos/mestrado/DeepWeeds-Mobile/images/20180112-103023-2.jpg,8,8,8,8,1,0.999851,4.556859e-06,2.7749936e-08,1.270375e-05,1.9220839e-05,1.3527283e-08,3.5851137e-06,0.000108478045,4.6441676e-07,0.999851
/home/leo/Documentos/mestrado/DeepWeeds-Mobile/images/20171220-093010-2.jpg,8,8,8,8,1,0.99987006,1.4436583e-06,5.089107e-10,1.4886021e-13,5.4791013e-07,2.714915e-10,0.0001279723,1.1230995e-08,1.5767647e-08,0.99987006
/home/leo/Documentos/mestrado/DeepWeeds-Mobile/images/20180109-104251-1.jpg,8,8,8,8,1,0.99885035,9.384547e-05,3.160349e-05,6.0534006e-05,5.6991415e-05,1.5677917e-05,1.4678695e-07,0.0008877128,3.042049e-06,0.99885035
/home/leo/Documentos/mestrado/DeepWeeds-Mobile/images/20161207-144807-0.jpg,7,0,7,0,0,0.4764743,0.4764743,0.2471823,6.0529887e-10,0.0019572794,4.903681e-07,0.002305721,4.134572e-06,0.20596963,0.066106156
/home/leo/Documentos/mestrado/DeepWeeds-Mobile/images/20180109-100433-1.jpg,8,8,8,8,1,0.987153,0.0100617455,9.478859e-06,7.256093e-06,0.0022920857,1.1332198e-05,1.0305185e-06,3.9039674e-06,0.0004602859,0.987153
/home/leo/Documentos/mestrado/DeepWeeds-Mobile/images/20171113-135112-3.jpg,6,6,6,6,1,0.9966821,0.00010837624,3.6834357e-05,1.9633057e-07,2.2983477e-06,7.179371e-07,4.781095e-06,0.9966821,6.103971e-05,0.0031036872
/home/leo/Documentos/mestrado/DeepWeeds-Mobile/images/20171203-082219-3.jpg,8,8,8,8,1,0.995158,7.4675605e-05,0.00021556628,1.121382e-05,0.0033458066,0.00044767436,8.2963277e-07,0.00049181806,0.00025441052,0.995158
/home/leo/Documentos/mestrado/DeepWeeds-Mobile/images/20170913-102316-3.jpg,5,5,5,5,1,0.99323905,0.0063345954,0.00011423991,6.7174087e-06,2.4654897e-05,1.2536566e-05,0.99323905,5.3814765e-06,7.238285e-05,0.0001903402
/home/leo/Documentos/mestrado/DeepWeeds-Mobile/images/20170217-113113-0.jpg,7,7,7,7,1,0.99973017,0.00026965645,1.7735219e-10,1.9792281e-13,3.859394e-16,6.7904157e-13,2.5329687e-09,7.4194306e-14,0.99973017,2.03246e-07
/home/leo/Documentos/mestrado/DeepWeeds-Mobile/images/20180119-114225-1.jpg,8,8,8,8,1,0.9218381,0.031065945,0.040074967,2.1524127e-07,5.3556567e-05,6.225484e-06,7.304282e-05,2.703046e-05,0.0068608816,0.9218381
/home/leo/Documentos/mestrado/DeepWeeds-Mobile/images/20180322-112452-2.jpg,8,8,8,8,1,0.9713013,0.018855087,3.5218327e-06,1.016767e-06,0.00048827843,0.00020707383,2.370536e-06,2.845207e-12,0.009141341,0.9713013
/home/leo/Documentos/mestrado/DeepWeeds-Mobile/images/20171121-082716-2.jpg,6,6,6,6,1,0.7175985,0.00069664716,0.24061161,1.2329801e-07,9.204199e-06,1.6727026e-06,9.363237e-05,0.7175985,0.0056119864,0.03537671
/home/leo/Documentos/mestrado/DeepWeeds-Mobile/images/20171113-123650-1.jpg,6,6,6,6,1,0.9637493,7.627985e-05,0.0061281277,1.726023e-07,6.2627037e-06,2.7880796e-07,2.658303e-06,0.9637493,2.475063e-05,0.030012125
/home/leo/Documentos/mestrado/DeepWeeds-Mobile/images/20171109-074955-1.jpg,5,5,5,5,1,0.8977171,1.6561943e-08,2.0299977e-08,5.2609617e-17,5.2968425e-11,3.4546733e-14,0.8977171,5.5571746e-08,3.153425e-08,0.102282815
/home/leo/Documentos/mestrado/DeepWeeds-Mobile/images/20171219-100954-3.jpg,8,8,8,8,1,0.95095026,0.040229928,0.0022386464,6.005437e-07,0.00038071192,1.5106178e-08,0.0022166255,1.2259792e-05,0.00397095,0.95095026
/home/leo/Documentos/mestrado/DeepWeeds-Mobile/images/20171212-103416-3.jpg,8,8,8,8,1,0.84553427,0.0032534515,0.089097284,6.509704e-11,1.3994417e-05,3.2456434e-08,0.00039716315,0.021566294,0.040137447,0.84553427
/home/leo/Documentos/mestrado/DeepWeeds-Mobile/images/20170304-124621-0.jpg,0,0,0,0,1,0.99949265,0.99949265,9.671393e-08,1.5175448e-10,3.1949762e-10,2.5607445e-11,1.6936739e-06,3.9404705e-14,0.00035841827,0.00014713587
/home/leo/Documentos/mestrado/DeepWeeds-Mobile/images/20180112-091612-2.jpg,8,8,8,8,1,0.9999994,4.2866927e-07,1.4670115e-12,4.3774953e-10,1.3688646e-11,1.7874927e-11,9.659359e-10,2.7129273e-13,7.7069394e-08,0.9999994
/home/leo/Documentos/mestrado/DeepWeeds-Mobile/images/20180112-093216-2.jpg,8,8,8,8,1,0.9628073,0.014651531,7.758723e-07,0.00013241643,0.019330341,1.3525472e-07,5.403669e-06,2.074953e-09,0.0030720006,0.9628073
/home/leo/Documentos/mestrado/DeepWeeds-Mobile/images/20180322-133743-1.jpg,8,2,8,2,0,0.92032826,2.1207334e-05,4.0326543e-07,0.92032826,0.00027697126,0.008759826,5.7296444e-07,4.6822436e-08,1.1941394e-05,0.07060087
/home/leo/Documentos/mestrado/DeepWeeds-Mobile/images/20180112-081522-2.jpg,8,8,8,8,1,0.8534233,0.017949522,0.00024477244,0.041976728,0.015227842,0.06894344,3.811381e-06,1.9503546e-05,0.0022112262,0.8534233
/home/leo/Documentos/mestrado/DeepWeeds-Mobile/images/20170705-161257-0.jpg,7,0,7,0,0,0.6193194,0.6193194,0.014804555,3.7367117e-06,0.004958719,0.0016779377,0.0008929623,2.402224e-07,0.3380285,0.02031404
/home/leo/Documentos/mestrado/DeepWeeds-Mobile/images/20170714-122717-3.jpg,1,1,1,1,1,0.8241018,0.07677574,0.8241018,6.099053e-07,2.5017018e-06,0.00010132343,9.459733e-05,0.0064704046,0.03414366,0.058309387
/home/leo/Documentos/mestrado/DeepWeeds-Mobile/images/20180109-072534-1.jpg,8,8,8,8,1,0.94889903,0.006392485,0.02431219,2.0168695e-08,0.00012318183,1.282256e-06,3.0350591e-05,0.006643178,0.013598367,0.94889903
/home/leo/Documentos/mestrado/DeepWeeds-Mobile/images/20170207-155248-0.jpg,0,0,0,0,1,0.9999999,0.9999999,6.6185664e-12,2.9104525e-17,1.201912e-16,1.6789294e-18,3.766588e-08,3.3282772e-20,4.799442e-09,8.8830305e-08
/home/leo/Documentos/mestrado/DeepWeeds-Mobile/images/20170727-114732-3.jpg,4,4,4,4,1,0.7069435,6.384284e-05,3.9058197e-08,0.20479654,0.0021465444,0.7069435,5.3937714e-07,7.70399e-06,1.9307359e-07,0.086041085
/home/leo/Documentos/mestrado/DeepWeeds-Mobile/images/20171219-112206-2.jpg,8,8,8,8,1,0.78026015,0.017425394,0.0003105102,0.0031613163,0.19138417,0.0067045973,1.6542122e-05,0.0005301398,0.00020724433,0.78026015
/home/leo/Documentos/mestrado/DeepWeeds-Mobile/images/20171219-113328-3.jpg,8,8,8,8,1,0.89574707,0.052733358,0.0031733266,0.008522538,0.022219926,0.0017114945,7.3167707e-06,0.013168149,0.0027168156,0.89574707
/home/leo/Documentos/mestrado/DeepWeeds-Mobile/images/20170913-100725-3.jpg,5,5,5,5,1,0.99987066,4.8272028e-05,2.9685596e-06,5.4374485e-08,1.6649107e-08,4.5402476e-08,0.99987066,1.8468441e-07,4.959009e-08,7.770797e-05
/home/leo/Documentos/mestrado/DeepWeeds-Mobile/images/20170304-131847-0.jpg,7,7,7,7,1,0.98963636,0.010360841,2.7566986e-07,8.9123365e-13,6.596863e-13,4.29204e-12,1.5173125e-08,6.1117395e-15,0.98963636,2.602686e-06
/home/leo/Documentos/mestrado/DeepWeeds-Mobile/images/20180109-100916-2.jpg,8,8,8,8,1,0.93276775,7.21825e-05,0.00062271743,2.431224e-05,1.1069048e-05,5.9257438e-08,0.02182578,0.044667445,8.621833e-06,0.93276775
/home/leo/Documentos/mestrado/DeepWeeds-Mobile/images/20170811-112814-2.jpg,0,0,0,0,1,0.90690047,0.90690047,1.7902729e-06,2.1049546e-07,1.3271213e-07,8.515722e-09,0.0005270227,1.1222397e-11,0.018510332,0.074060045
/home/leo/Documentos/mestrado/DeepWeeds-Mobile/images/20180109-071747-2.jpg,8,8,8,8,1,0.9865262,5.6743076e-05,0.0017668564,0.0014188734,4.4402836e-06,3.3186648e-06,5.1945142e-05,0.010098159,7.354712e-05,0.9865262
/home/leo/Documentos/mestrado/DeepWeeds-Mobile/images/20170714-150319-1.jpg,1,1,1,1,1,0.99962306,2.2421581e-07,0.99962306,3.1731877e-14,8.907901e-10,4.7020797e-11,5.54344e-10,0.00035834525,8.356046e-06,1.0039341e-05
/home/leo/Documentos/mestrado/DeepWeeds-Mobile/images/20170811-131532-2.jpg,0,8,0,8,0,0.5486446,0.43393475,0.00042521834,4.044548e-09,7.496418e-08,2.433963e-06,5.7359407e-06,1.303269e-09,0.016987126,0.5486446
/home/leo/Documentos/mestrado/DeepWeeds-Mobile/images/20171109-092733-1.jpg,5,8,5,8,0,0.78213376,0.00012580304,3.3949657e-06,2.8997011e-11,0.00024174314,5.4957154e-06,0.21748969,1.4655687e-09,1.283798e-07,0.78213376
/home/leo/Documentos/mestrado/DeepWeeds-Mobile/images/20170501-143240-0.jpg,1,1,1,1,1,0.69950247,0.0033708976,0.69950247,1.4752524e-09,2.4708385e-08,1.897669e-08,6.6454018e-06,7.876524e-05,0.28737712,0.009664086
/home/leo/Documentos/mestrado/DeepWeeds-Mobile/images/20170501-145057-0.jpg,8,8,8,8,1,0.99918014,0.0007342118,1.7348928e-05,2.0911964e-10,1.4795094e-05,2.258852e-09,1.2486016e-05,8.1389703e-07,4.018185e-05,0.99918014
/home/leo/Documentos/mestrado/DeepWeeds-Mobile/images/20170913-095654-2.jpg,3,3,3,3,1,0.99983597,1.651355e-08,8.5556323e-10,3.8558684e-07,0.99983597,4.3230615e-05,8.100469e-05,8.6356215e-14,4.058787e-12,3.9337978e-05
/home/leo/Documentos/mestrado/DeepWeeds-Mobile/images/20171218-120017-3.jpg,8,8,8,8,1,0.9991749,3.8890284e-06,5.5196534e-08,1.1953826e-13,1.7473777e-06,6.702613e-10,0.0008193608,2.7209797e-08,3.658707e-08,0.9991749
/home/leo/Documentos/mestrado/DeepWeeds-Mobile/images/20171203-165213-3.jpg,8,5,8,5,0,0.46108052,0.02961187,0.06234683,1.4609876e-08,5.800088e-06,5.0197133e-07,0.46108052,0.0007918588,0.011733436,0.43442917
/home/leo/Documentos/mestrado/DeepWeeds-Mobile/images/20170630-150606-0.jpg,7,7,7,7,1,0.95279986,0.03607311,0.004818512,1.4557163e-05,2.274342e-07,4.8615493e-07,0.0007087856,0.0005985143,0.95279986,0.004986024
/home/leo/Documentos/mestrado/DeepWeeds-Mobile/images/20180112-072715-1.jpg,8,8,8,8,1,0.99904984,0.00015775238,8.660278e-06,9.015455e-06,0.0007386474,1.1192834e-05,7.39007e-10,5.993992e-07,2.4208244e-05,0.99904984
/home/leo/Documentos/mestrado/DeepWeeds-Mobile/images/20180109-103842-1.jpg,8,8,8,8,1,0.97000474,5.08804e-05,5.115176e-08,0.0007036367,0.029216267,7.887176e-06,1.9347192e-07,3.9809574e-06,1.2418166e-05,0.97000474
/home/leo/Documentos/mestrado/DeepWeeds-Mobile/images/20171219-105935-2.jpg,8,8,8,8,1,0.93156916,0.0037971495,0.0011316703,1.07155316e-07,0.045298997,1.9791207e-05,0.00075677835,9.4960103e-07,0.017425269,0.93156916
/home/leo/Documentos/mestrado/DeepWeeds-Mobile/images/20171212-095519-1.jpg,8,8,8,8,1,0.96479166,0.00018304231,0.00928858,1.9135296e-13,0.019428162,4.053646e-06,1.03987524e-07,1.854305e-05,0.0062857824,0.96479166
/home/leo/Documentos/mestrado/DeepWeeds-Mobile/images/20170714-110545-3.jpg,1,1,1,1,1,0.7997155,0.010258609,0.7997155,1.138822e-06,1.0684207e-05,3.6229136e-05,2.1231312e-05,0.0009905729,0.021220768,0.16774526
/home/leo/Documentos/mestrado/DeepWeeds-Mobile/images/20171102-122505-2.jpg,2,2,2,2,1,0.9999734,1.2957113e-08,1.33199346e-11,0.9999734,7.491883e-09,1.4283965e-07,2.0510331e-08,5.1249255e-10,7.085136e-10,2.6401309e-05
/home/leo/Documentos/mestrado/DeepWeeds-Mobile/images/20180112-075718-2.jpg,8,8,8,8,1,0.9311105,0.024425602,2.8178474e-07,0.0006784352,0.042408228,0.0005981765,5.4878303e-08,1.1793157e-10,0.00077882665,0.9311105
/home/leo/Documentos/mestrado/DeepWeeds-Mobile/images/20171205-144059-2.jpg,8,8,8,8,1,0.9756177,9.7210694e-05,4.9519776e-06,1.2877678e-05,0.00046722358,0.023058474,0.0006353601,2.9265513e-07,0.00010580921,0.9756177
/home/leo/Documentos/mestrado/DeepWeeds-Mobile/images/20171113-144817-0.jpg,6,6,6,6,1,0.6260595,0.00030914656,0.21232171,1.3523738e-09,6.4683722e-06,5.073001e-09,5.566158e-07,0.6260595,2.3586058e-06,0.16130026
/home/leo/Documentos/mestrado/DeepWeeds-Mobile/images/20171102-122525-2.jpg,2,2,2,2,1,0.99999774,1.2642207e-09,3.1869808e-12,0.99999774,7.9802015e-10,3.4819493e-08,3.7541705e-07,4.7615686e-11,2.6914724e-09,1.8497805e-06
/home/leo/Documentos/mestrado/DeepWeeds-Mobile/images/20171218-115150-2.jpg,8,8,8,8,1,0.9918493,0.0011092564,0.0007748527,3.073499e-11,0.0016135877,2.5381175e-09,5.416423e-07,4.845827e-07,0.00465191,0.9918493
/home/leo/Documentos/mestrado/DeepWeeds-Mobile/images/20170913-100633-3.jpg,5,5,5,5,1,0.9998126,0.00017475562,2.4955986e-07,6.9889e-09,9.547508e-06,9.458489e-09,0.9998126,8.5568656e-11,6.704803e-07,2.0544321e-06
/home/leo/Documentos/mestrado/DeepWeeds-Mobile/images/20170728-124656-2.jpg,4,4,4,4,1,0.92837405,5.532688e-07,2.10899e-08,6.2649037e-09,0.0003469115,0.92837405,5.941092e-06,3.048519e-11,5.516208e-07,0.07127196
/home/leo/Documentos/mestrado/DeepWeeds-Mobile/images/20180109-072720-2.jpg,8,8,8,8,1,0.9439912,3.569519e-06,3.886132e-05,0.052026827,4.977347e-06,3.0732892e-07,2.7533633e-05,0.0038769795,2.968695e-05,0.9439912
/home/leo/Documentos/mestrado/DeepWeeds-Mobile/images/20170920-171035-3.jpg,2,2,2,2,1,0.9965702,3.0753913e-10,2.0438502e-08,0.9965702,0.0010542193,0.00023740868,5.9423266e-10,1.8291844e-07,5.94167e-10,0.002137834
/home/leo/Documentos/mestrado/DeepWeeds-Mobile/images/20170906-104727-1.jpg,3,3,3,3,1,0.34807715,0.080016464,0.0015920616,7.428811e-05,0.34807715,0.19300228,4.2462358e-07,2.883842e-07,0.3201631,0.057073902
/home/leo/Documentos/mestrado/DeepWeeds-Mobile/images/20171205-123651-2.jpg,8,8,8,8,1,0.9991762,0.00011708096,6.256588e-06,7.8183724e-15,3.9910952e-07,2.116887e-11,0.00069980946,2.618625e-09,1.8837845e-07,0.9991762
/home/leo/Documentos/mestrado/DeepWeeds-Mobile/images/20180105-095929-2.jpg,8,8,8,8,1,0.9999925,2.7741014e-11,1.7564198e-09,5.5937424e-09,1.5602727e-11,1.89448e-12,3.1909176e-12,7.5424623e-06,3.976208e-09,0.9999925
/home/leo/Documentos/mestrado/DeepWeeds-Mobile/images/20170729-092907-1.jpg,4,4,4,4,1,0.99968857,7.8802327e-07,6.7493865e-08,4.058081e-08,2.2523333e-05,0.99968857,2.3679672e-10,5.2111303e-14,7.328368e-06,0.0002807519
/home/leo/Documentos/mestrado/DeepWeeds-Mobile/images/20171122-103028-1.jpg,5,5,5,5,1,0.9973031,0.0025049371,2.9334524e-07,2.0171218e-08,8.6568e-10,3.758048e-09,0.9973031,0.00016510439,6.3248524e-07,2.600313e-05
/home/leo/Documentos/mestrado/DeepWeeds-Mobile/images/20180105-093058-3.jpg,8,6,8,6,0,0.9059203,4.9211206e-07,2.5130215e-05,3.8247654e-09,7.1806307e-06,2.9812997e-09,3.8389226e-07,0.9059203,5.2509347e-07,0.09404601
/home/leo/Documentos/mestrado/DeepWeeds-Mobile/images/20180105-094101-3.jpg,8,8,8,8,1,0.95752627,1.5140587e-05,9.344553e-05,0.03607235,5.4523345e-05,2.053276e-05,7.1095405e-06,0.006192704,1.7897843e-05,0.95752627
/home/leo/Documentos/mestrado/DeepWeeds-Mobile/images/20171205-133648-2.jpg,8,8,8,8,1,0.98769975,0.010899474,0.00022792489,2.8360609e-11,0.0008947724,6.647364e-08,6.2362174e-06,1.7357031e-08,0.00027172663,0.98769975
/home/leo/Documentos/mestrado/DeepWeeds-Mobile/images/20170405-155225-0.jpg,0,0,0,0,1,0.98579943,0.98579943,0.00014111352,1.6824214e-11,1.0125842e-07,8.12313e-12,0.00013297527,8.198952e-08,0.00013435246,0.01379192
/home/leo/Documentos/mestrado/DeepWeeds-Mobile/images/20180125-095715-1.jpg,8,8,8,8,1,0.99999046,1.2476623e-11,2.950226e-07,4.518234e-12,8.97619e-09,3.3046205e-12,1.3468844e-08,9.176406e-06,2.1413596e-10,0.99999046
/home/leo/Documentos/mestrado/DeepWeeds-Mobile/images/20171122-102101-1.jpg,5,5,5,5,1,0.99512553,0.0001262904,4.7579842e-06,6.0913596e-12,4.915546e-09,5.4721236e-12,0.99512553,2.0086525e-06,5.0870472e-08,0.004741406
/home/leo/Documentos/mestrado/DeepWeeds-Mobile/images/20171203-174248-3.jpg,8,8,8,8,1,0.9906942,0.0012730807,0.00608715,7.9395164e-07,0.00023416219,3.6971687e-07,0.0008440933,0.00068803,0.0001780471,0.9906942
/home/leo/Documentos/mestrado/DeepWeeds-Mobile/images/20171218-122147-2.jpg,8,8,8,8,1,0.9999974,3.8815963e-07,1.1763703e-10,6.613626e-20,1.2388651e-09,4.7401695e-16,1.2142493e-10,8.036864e-15,2.2509832e-06,0.9999974
/home/leo/Documentos/mestrado/DeepWeeds-Mobile/images/20180112-072137-2.jpg,8,8,8,8,1,0.7411607,0.18863644,0.00041845618,9.296467e-05,0.025319606,0.0041356403,6.0183997e-06,1.7662568e-08,0.04023015,0.7411607
/home/leo/Documentos/mestrado/DeepWeeds-Mobile/images/20180109-072154-2.jpg,8,8,8,8,1,0.9990365,3.9452555e-08,6.0947016e-08,6.038639e-08,9.2997904e-10,3.8429867e-11,1.3302602e-08,0.0009627676,5.619558e-07,0.9990365
/home/leo/Documentos/mestrado/DeepWeeds-Mobile/images/20180322-120318-2.jpg,8,8,8,8,1,0.9994106,8.329274e-06,7.9783666e-07,1.2014463e-09,0.0002720205,0.00030063846,8.059244e-09,1.2294914e-10,7.639837e-06,0.9994106
/home/leo/Documentos/mestrado/DeepWeeds-Mobile/images/20171203-172738-3.jpg,8,8,8,8,1,0.9871246,0.0035212555,0.0028999194,2.4067381e-08,0.00012064828,1.6730212e-07,0.00086283934,1.358879e-06,0.005469166,0.9871246
/home/leo/Documentos/mestrado/DeepWeeds-Mobile/images/20170920-095837-2.jpg,2,8,2,8,0,0.63840693,2.5937285e-05,0.00027549508,0.2286643,1.5465412e-05,9.8902665e-06,0.0010633825,0.1313131,0.00022547356,0.63840693
/home/leo/Documentos/mestrado/DeepWeeds-Mobile/images/20180109-073104-2.jpg,8,6,8,6,0,0.9483738,2.559555e-07,3.4080244e-06,9.42052e-07,3.928289e-09,1.0643811e-08,1.3951639e-08,0.9483738,1.950825e-06,0.05161963
/home/leo/Documentos/mestrado/DeepWeeds-Mobile/images/20171109-093232-1.jpg,5,5,5,5,1,0.9988531,1.052729e-05,1.1894517e-05,1.0976431e-11,1.4909507e-09,4.766746e-10,0.9988531,5.824827e-06,7.889773e-08,0.0011185269
/home/leo/Documentos/mestrado/DeepWeeds-Mobile/images/20170705-165029-0.jpg,7,7,7,7,1,0.9874598,0.008537223,0.00049823255,6.853364e-07,0.0001356675,0.000273891,4.14178e-06,7.4809636e-10,0.9874598,0.0030902883
/home/leo/Documentos/mestrado/DeepWeeds-Mobile/images/20171218-103259-3.jpg,8,8,8,8,1,0.99787164,0.00076217257,7.0108126e-07,1.2605468e-09,0.0012354739,5.152422e-08,8.671609e-05,9.412768e-06,3.3954948e-05,0.99787164
/home/leo/Documentos/mestrado/DeepWeeds-Mobile/images/20180112-101704-2.jpg,8,8,8,8,1,0.9917779,0.0077010104,5.4326277e-09,6.69387e-08,5.5922985e-08,3.101752e-10,8.3360965e-07,1.8211858e-12,0.0005200954,0.9917779
/home/leo/Documentos/mestrado/DeepWeeds-Mobile/images/20170913-123421-2.jpg,5,5,5,5,1,0.9999976,2.2709025e-06,8.7323244e-08,5.0628434e-12,1.1430995e-10,4.7051096e-10,0.9999976,1.4250367e-12,9.0112655e-09,1.6624183e-08
/home/leo/Documentos/mestrado/DeepWeeds-Mobile/images/20170714-111219-1.jpg,1,8,1,8,0,0.9964914,0.001649045,0.0012809688,1.445442e-06,6.8704634e-05,3.7214178e-07,0.0004931152,1.2857683e-06,1.363259e-05,0.9964914
/home/leo/Documentos/mestrado/DeepWeeds-Mobile/images/20180109-100022-1.jpg,8,8,8,8,1,0.984061,0.0031565132,1.5012794e-06,0.0023477513,0.009982321,0.00041900357,2.687462e-07,5.048817e-08,3.153615e-05,0.984061
/home/leo/Documentos/mestrado/DeepWeeds-Mobile/images/20180125-095634-1.jpg,8,8,8,8,1,0.9999863,1.3496729e-10,9.846193e-10,1.7780494e-12,1.3753566e-07,8.305784e-12,1.3617948e-05,7.4402214e-11,3.635416e-11,0.9999863
/home/leo/Documentos/mestrado/DeepWeeds-Mobile/images/20171121-082352-2.jpg,6,6,6,6,1,0.95939016,3.2415498e-06,0.03083221,7.1922956e-10,2.4754867e-05,5.5337697e-08,0.0001287392,0.95939016,3.2806944e-05,0.009588075
/home/leo/Documentos/mestrado/DeepWeeds-Mobile/images/20170906-111240-1.jpg,3,3,3,3,1,0.7378162,6.9419402e-06,0.000110472276,1.509604e-08,0.7378162,8.44379e-05,3.3876236e-07,1.4564766e-05,8.914712e-05,0.26187783
/home/leo/Documentos/mestrado/DeepWeeds-Mobile/images/20180112-070129-2.jpg,8,8,8,8,1,0.62574196,0.034196295,0.015321094,0.017597977,0.20025168,0.094986916,0.0014139947,7.55353e-06,0.010482513,0.62574196
/home/leo/Documentos/mestrado/DeepWeeds-Mobile/images/20171218-104510-3.jpg,8,8,8,8,1,0.98969114,0.0018030895,0.0010194089,6.1366268e-09,1.3757826e-05,5.0972453e-08,0.0029329576,0.0037274456,0.0008121996,0.98969114
/home/leo/Documentos/mestrado/DeepWeeds-Mobile/images/20180125-135417-3.jpg,8,8,8,8,1,0.98041224,9.454246e-05,0.0008968096,0.013191567,0.003345395,0.0006565721,5.511522e-05,0.0009087054,0.0004390158,0.98041224
/home/leo/Documentos/mestrado/DeepWeeds-Mobile/images/20170811-134426-1.jpg,0,0,0,0,1,0.5403979,0.5403979,0.26044136,7.534606e-08,5.4348743e-07,4.8543563e-07,0.00020202235,0.00037584594,0.00754639,0.1910354
/home/leo/Documentos/mestrado/DeepWeeds-Mobile/images/20180322-120838-2.jpg,8,8,8,8,1,0.9997409,6.788393e-05,5.7936227e-06,1.0654843e-07,0.00016021951,2.3376006e-06,6.0534003e-06,1.2527557e-08,1.6591608e-05,0.9997409
/home/leo/Documentos/mestrado/DeepWeeds-Mobile/images/20171219-100437-3.jpg,8,8,8,8,1,0.99987185,5.0072296e-05,2.1236474e-08,2.2505325e-14,1.178503e-08,1.9716783e-13,7.249774e-05,1.7024211e-10,5.5475866e-06,0.99987185
/home/leo/Documentos/mestrado/DeepWeeds-Mobile/images/20170207-142523-0.jpg,7,7,7,7,1,0.9920848,0.007909189,1.5410393e-06,1.3010617e-12,1.488664e-13,1.2841588e-12,1.0416106e-09,8.933982e-12,0.9920848,4.4915732e-06
/home/leo/Documentos/mestrado/DeepWeeds-Mobile/images/20170906-135522-1.jpg,3,3,3,3,1,0.95054495,0.010596958,0.00023999468,0.0003739186,0.95054495,0.013445265,2.1929787e-07,1.4793851e-06,0.0042618304,0.020535287
/home/leo/Documentos/mestrado/DeepWeeds-Mobile/images/20171212-093714-3.jpg,8,8,8,8,1,0.9977985,0.0006924664,0.00054547086,5.493122e-06,0.00077117974,1.787102e-05,5.2780135e-05,0.00010174549,1.4368426e-05,0.9977985
/home/leo/Documentos/mestrado/DeepWeeds-Mobile/images/20171121-090957-3.jpg,6,6,6,6,1,0.95919883,0.0014080114,0.034237035,1.9085222e-08,2.1941185e-06,1.7180648e-07,4.3973587e-06,0.95919883,0.001094617,0.004054738
/home/leo/Documentos/mestrado/DeepWeeds-Mobile/images/20161207-143344-0.jpg,7,7,7,7,1,0.62153715,0.030145552,0.014824391,4.364409e-13,0.0002795426,3.8904863e-10,0.00089442806,0.030552099,0.62153715,0.3017669
/home/leo/Documentos/mestrado/DeepWeeds-Mobile/images/20180109-092228-1.jpg,8,8,8,8,1,0.9998989,3.7977672e-06,1.4946278e-06,8.5465865e-05,4.151586e-06,5.134827e-06,1.2559918e-09,7.047623e-07,2.823996e-07,0.9998989
/home/leo/Documentos/mestrado/DeepWeeds-Mobile/images/20180125-131120-2.jpg,8,8,8,8,1,0.98742974,0.00588971,4.0425217e-05,0.0013280965,6.651643e-05,1.0982076e-05,0.00032398436,1.418476e-06,0.0049090837,0.98742974
/home/leo/Documentos/mestrado/DeepWeeds-Mobile/images/20170913-103543-2.jpg,3,3,3,3,1,0.99998903,5.6753886e-09,3.9453316e-10,4.7154145e-08,0.99998903,2.9317878e-06,2.1864814e-08,2.4879951e-14,1.4432758e-11,8.024121e-06
/home/leo/Documentos/mestrado/DeepWeeds-Mobile/images/20170727-134755-1.jpg,4,4,4,4,1,0.8514078,0.0062384643,8.5676234e-05,5.26071e-05,0.010216899,0.8514078,1.861299e-06,4.032534e-09,0.081963286,0.050033405
/home/leo/Documentos/mestrado/DeepWeeds-Mobile/images/20170913-110502-3.jpg,5,5,5,5,1,0.9999685,1.4630008e-05,1.3260377e-07,6.395266e-10,1.5065565e-05,1.6811251e-08,0.9999685,1.0638512e-09,1.5651835e-07,1.4636308e-06
/home/leo/Documentos/mestrado/DeepWeeds-Mobile/images/20180112-080443-2.jpg,8,8,8,8,1,0.9942542,0.00015020679,5.7901758e-05,0.00016969343,0.0043576313,0.0008781202,1.8786578e-08,5.8244045e-06,0.00012641626,0.9942542
/home/leo/Documentos/mestrado/DeepWeeds-Mobile/images/20170920-111146-2.jpg,2,2,2,2,1,0.9998822,7.522903e-08,1.5438388e-10,0.9998822,4.102774e-06,1.8483368e-05,8.4535024e-08,6.54329e-10,6.1326384e-09,9.50622e-05
/home/leo/Documentos/mestrado/DeepWeeds-Mobile/images/20180109-100809-2.jpg,8,8,8,8,1,0.96926636,0.0020464228,0.0022587613,0.00439235,0.00078349496,7.8005454e-05,7.19202e-05,0.021023786,7.888003e-05,0.96926636
/home/leo/Documentos/mestrado/DeepWeeds-Mobile/images/20170920-110919-2.jpg,2,2,2,2,1,0.99262625,1.415436e-05,6.676715e-07,0.99262625,0.0015373377,0.002839105,1.3486897e-06,1.3476431e-06,2.0407759e-05,0.002959531
/home/leo/Documentos/mestrado/DeepWeeds-Mobile/images/20171205-143444-2.jpg,8,8,8,8,1,0.998869,5.507909e-07,8.26349e-10,5.872742e-16,1.0558027e-08,3.2095587e-11,0.0011304062,1.8507927e-10,4.1029766e-10,0.998869
/home/leo/Documentos/mestrado/DeepWeeds-Mobile/images/20171025-172226-3.jpg,3,3,3,3,1,0.8702354,0.004081596,0.023728615,0.0004617227,0.8702354,0.011752049,8.108507e-05,0.0039695594,0.00058277504,0.085107125
/home/leo/Documentos/mestrado/DeepWeeds-Mobile/images/20180109-074546-2.jpg,8,8,8,8,1,0.9965263,0.0034548733,2.1484482e-06,1.7310486e-13,3.261202e-11,2.4180805e-11,5.173446e-07,9.072612e-08,1.5977892e-05,0.9965263
/home/leo/Documentos/mestrado/DeepWeeds-Mobile/images/20171109-074050-1.jpg,5,8,5,8,0,0.7274574,0.0145136295,0.019795073,1.1071779e-06,0.00086142163,1.2346687e-05,0.21568564,0.019423457,0.0022499212,0.7274574
/home/leo/Documentos/mestrado/DeepWeeds-Mobile/images/20170714-170622-1.jpg,1,1,1,1,1,0.98659754,0.00096041564,0.98659754,9.516209e-10,4.1234753e-07,7.3247e-08,4.4929534e-06,5.145192e-06,0.009025725,0.0034061738
/home/leo/Documentos/mestrado/DeepWeeds-Mobile/images/20180109-080510-2.jpg,8,8,8,8,1,0.8293066,9.2405735e-06,0.000121571604,8.07211e-06,5.667357e-06,4.3552678e-05,0.0029522625,0.16729343,0.00025963737,0.8293066
/home/leo/Documentos/mestrado/DeepWeeds-Mobile/images/20180112-074642-2.jpg,8,8,8,8,1,0.92408013,0.053581256,2.9340535e-07,5.6335844e-05,0.019545898,5.7156683e-07,1.1457798e-06,3.672051e-12,0.0027343996,0.92408013
/home/leo/Documentos/mestrado/DeepWeeds-Mobile/images/20171218-121303-2.jpg,8,8,8,8,1,0.9998716,3.3202434e-06,3.7295198e-08,8.036704e-17,3.744488e-08,1.7014312e-13,1.14834515e-08,8.091109e-12,0.00012492877,0.9998716
/home/leo/Documentos/mestrado/DeepWeeds-Mobile/images/20180119-114305-1.jpg,8,8,8,8,1,0.80304617,0.032752626,0.06856708,2.4888348e-06,0.01926673,1.1399221e-05,0.00010563102,0.016254326,0.059993625,0.80304617
/home/leo/Documentos/mestrado/DeepWeeds-Mobile/images/20171113-123859-3.jpg,6,8,6,8,0,0.7348987,0.000103177954,0.000659411,1.5717334e-05,0.0005790704,4.205463e-05,6.7286026e-05,0.263414,0.00022058516,0.7348987
/home/leo/Documentos/mestrado/DeepWeeds-Mobile/images/20171102-094349-2.jpg,4,2,4,2,0,0.774757,0.0095923785,3.1665597e-05,0.774757,0.16226831,0.021202572,8.976617e-06,1.7696872e-06,0.00055748865,0.03157986
/home/leo/Documentos/mestrado/DeepWeeds-Mobile/images/20171218-105147-2.jpg,8,8,8,8,1,0.9978017,2.1288777e-05,0.0014866379,2.5523114e-10,3.857025e-07,3.899495e-09,1.3895517e-05,0.0006473223,2.8761937e-05,0.9978017
/home/leo/Documentos/mestrado/DeepWeeds-Mobile/images/20180112-101454-2.jpg,8,8,8,8,1,0.9996851,0.0003137375,3.3338782e-10,4.2702997e-09,1.2374234e-08,1.7312492e-11,3.8185015e-09,6.1817576e-13,1.0907786e-06,0.9996851
/home/leo/Documentos/mestrado/DeepWeeds-Mobile/images/20180105-095936-2.jpg,8,8,8,8,1,0.9990219,4.315994e-08,5.956875e-07,5.6034376e-05,1.1873727e-08,3.1674567e-08,8.533094e-06,0.0009084762,4.46167e-06,0.9990219
/home/leo/Documentos/mestrado/DeepWeeds-Mobile/images/20171220-092121-2.jpg,8,8,8,8,1,0.9999001,3.154473e-05,3.5261604e-07,7.0242117e-15,1.092564e-07,4.7595578e-12,6.343313e-05,4.4466387e-06,1.2162927e-08,0.9999001
/home/leo/Documentos/mestrado/DeepWeeds-Mobile/images/20171212-100247-1.jpg,8,8,8,8,1,0.99999774,1.9398294e-06,1.7630312e-07,4.7731697e-19,2.7083075e-08,1.5323607e-14,8.135153e-08,1.0482972e-10,6.836754e-08,0.99999774
/home/leo/Documentos/mestrado/DeepWeeds-Mobile/images/20170217-144601-0.jpg,7,7,7,7,1,0.9945971,0.005335272,6.524713e-10,1.1063613e-09,1.0266599e-12,6.145901e-12,3.979059e-08,4.5484784e-15,0.9945971,6.766823e-05
/home/leo/Documentos/mestrado/DeepWeeds-Mobile/images/20171109-090842-1.jpg,5,5,5,5,1,0.9993969,2.350718e-07,3.509231e-08,4.3666894e-17,2.2522276e-11,9.205828e-15,0.9993969,5.419893e-08,1.4156834e-10,0.0006027525
/home/leo/Documentos/mestrado/DeepWeeds-Mobile/images/20180109-090317-2.jpg,8,8,8,8,1,0.99747556,0.0010909579,2.3160887e-07,1.0333524e-07,0.00091610395,8.0869125e-09,2.920075e-07,7.778298e-08,0.00051660923,0.99747556
/home/leo/Documentos/mestrado/DeepWeeds-Mobile/images/20170127-101745-0.jpg,1,1,1,1,1,0.9945504,2.178673e-06,0.9945504,1.4152535e-12,0.00032363835,2.3863558e-09,8.799356e-08,2.4471536e-05,2.8523884e-06,0.005096268
/home/leo/Documentos/mestrado/DeepWeeds-Mobile/images/20170705-160229-0.jpg,7,0,7,0,0,0.66431385,0.66431385,0.004577352,4.4655394e-06,0.00019927922,0.0016588044,2.4255933e-05,5.3382723e-07,0.31707335,0.012148062
/home/leo/Documentos/mestrado/DeepWeeds-Mobile/images/20170728-151210-1.jpg,4,4,4,4,1,0.98968655,3.3130384e-06,3.7108072e-09,0.003218224,7.899564e-05,0.98968655,1.8303724e-07,1.6581849e-07,2.8009584e-08,0.007012629
/home/leo/Documentos/mestrado/DeepWeeds-Mobile/images/20171025-091659-1.jpg,3,3,3,3,1,0.9978429,0.00024213738,2.4421657e-05,3.0664744e-12,0.9978429,1.9739412e-08,2.6844587e-09,6.4689254e-11,0.0012980206,0.000592589
/home/leo/Documentos/mestrado/DeepWeeds-Mobile/images/20170811-103652-1.jpg,0,0,0,0,1,0.56054366,0.56054366,0.15471992,1.0360038e-07,2.816066e-06,9.556338e-06,0.00014461415,0.0053454405,0.2323349,0.046898976
/home/leo/Documentos/mestrado/DeepWeeds-Mobile/images/20171220-092732-2.jpg,8,8,8,8,1,0.94710034,3.7806934e-05,1.4011222e-09,1.255894e-19,1.4108473e-11,1.4985305e-16,0.052861802,1.2460222e-09,7.353779e-11,0.94710034
/home/leo/Documentos/mestrado/DeepWeeds-Mobile/images/20171102-093753-3.jpg,4,8,4,8,0,0.5667186,0.019511906,0.00026832573,0.0033211836,0.32582265,0.0599557,1.1593041e-06,4.970722e-07,0.024399891,0.5667186
/home/leo/Documentos/mestrado/DeepWeeds-Mobile/images/20171218-112810-3.jpg,8,8,8,8,1,0.9959454,6.278958e-05,0.0017542677,6.302551e-06,0.000656261,1.658684e-05,0.001173924,0.00038003788,4.3976243e-06,0.9959454
/home/leo/Documentos/mestrado/DeepWeeds-Mobile/images/20170711-114901-0.jpg,7,7,7,7,1,0.6331473,0.112331286,0.053485706,4.7022437e-05,0.052214596,0.0008857478,0.0016859832,0.0017032697,0.6331473,0.14449911
/home/leo/Documentos/mestrado/DeepWeeds-Mobile/images/20170728-121259-3.jpg,4,4,4,4,1,0.99838436,1.8431338e-05,9.931337e-07,5.0113373e-05,0.0003270499,0.99838436,4.6040213e-06,3.6831973e-09,3.094126e-06,0.0012114126
/home/leo/Documentos/mestrado/DeepWeeds-Mobile/images/20171025-082114-2.jpg,3,3,3,3,1,0.9992986,7.687211e-05,3.393361e-08,2.4003148e-06,0.9992986,2.707004e-05,2.9674657e-10,3.9506145e-11,1.6994123e-05,0.0005779832
/home/leo/Documentos/mestrado/DeepWeeds-Mobile/images/20180322-114050-2.jpg,8,8,8,8,1,0.9996981,5.0116782e-06,4.9025816e-06,9.674307e-11,0.0002692911,1.0322992e-05,3.9594813e-08,2.1892959e-08,1.2297299e-05,0.9996981
/home/leo/Documentos/mestrado/DeepWeeds-Mobile/images/20171220-101611-2.jpg,8,8,8,8,1,0.9853829,0.00018032895,0.014020336,3.6237877e-10,4.6477053e-06,1.2916647e-07,2.3787461e-05,4.1823367e-07,0.00038737606,0.9853829
/home/leo/Documentos/mestrado/DeepWeeds-Mobile/images/20180119-114837-2.jpg,8,8,8,8,1,0.9927005,0.0021394482,0.00308601,1.432537e-12,3.189609e-08,6.4090486e-13,0.0020678558,7.9987996e-07,5.382068e-06,0.9927005
/home/leo/Documentos/mestrado/DeepWeeds-Mobile/images/20180109-101335-2.jpg,8,8,8,8,1,0.94954,0.0071004624,0.0003426041,7.885912e-06,0.00016822276,1.7292949e-07,0.0006954771,0.04211661,2.8509432e-05,0.94954
/home/leo/Documentos/mestrado/DeepWeeds-Mobile/images/20170217-102857-0.jpg,0,0,0,0,1,0.9992762,0.9992762,2.8256889e-06,9.639484e-12,5.8219282e-08,2.8980653e-12,1.7809374e-05,2.3682213e-12,0.0002211201,0.00048192884
/home/leo/Documentos/mestrado/DeepWeeds-Mobile/images/20171219-102156-2.jpg,8,8,8,8,1,0.99806434,1.06589905e-05,2.3316907e-05,9.4012165e-08,0.0017340383,0.00012199813,3.1600677e-05,1.0841553e-08,1.3976694e-05,0.99806434
/home/leo/Documentos/mestrado/DeepWeeds-Mobile/images/20180112-081306-1.jpg,8,8,8,8,1,0.9770075,0.001880149,5.6513472e-05,0.0012825998,0.012247328,0.007042095,1.0130186e-08,4.4465935e-07,0.00048333948,0.9770075
/home/leo/Documentos/mestrado/DeepWeeds-Mobile/images/20180109-075232-2.jpg,8,8,8,8,1,0.8604088,5.9685794e-05,0.0016136041,3.1706924e-05,6.12917e-05,3.7958628e-06,4.8546676e-06,0.13763238,0.00018378945,0.8604088
/home/leo/Documentos/mestrado/DeepWeeds-Mobile/images/20180105-092612-2.jpg,8,8,8,8,1,0.9978097,1.4570131e-09,9.769441e-08,1.0461647e-05,7.096663e-10,1.7427781e-10,1.17015475e-07,0.002179402,2.1428127e-07,0.9978097
/home/leo/Documentos/mestrado/DeepWeeds-Mobile/images/20180119-114542-1.jpg,8,8,8,8,1,0.9982376,0.00033007862,0.0010421275,3.4657666e-07,9.185449e-05,8.8239474e-08,3.2685577e-05,0.0002468405,1.8327726e-05,0.9982376
/home/leo/Documentos/mestrado/DeepWeeds-Mobile/images/20170217-095216-0.jpg,7,7,7,7,1,0.9996234,0.0003764485,8.276363e-09,6.0061236e-14,1.723595e-14,2.4397078e-13,1.5329375e-08,8.926702e-13,0.9996234,1.5285326e-07
/home/leo/Documentos/mestrado/DeepWeeds-Mobile/images/20180119-111113-1.jpg,8,8,8,8,1,0.9574834,0.00058951124,0.016519848,6.084912e-06,9.089994e-05,6.057881e-07,0.00047077838,0.024791334,4.7446847e-05,0.9574834
/home/leo/Documentos/mestrado/DeepWeeds-Mobile/images/20171212-100437-3.jpg,8,8,8,8,1,0.9999869,1.2954143e-05,4.0231165e-09,6.5241225e-21,1.145734e-08,1.1979016e-14,1.532331e-08,2.8692187e-14,9.374464e-08,0.9999869
/home/leo/Documentos/mestrado/DeepWeeds-Mobile/images/20180125-134135-3.jpg,8,8,8,8,1,0.93205595,0.002430779,0.0069141686,1.0369067e-06,0.0045168335,6.504214e-06,0.04931996,0.003886482,0.0008682237,0.93205595
/home/leo/Documentos/mestrado/DeepWeeds-Mobile/images/20171113-145500-3.jpg,6,6,6,6,1,0.9592144,6.1988458e-06,0.008040247,1.05779e-07,3.1331209e-07,8.115355e-08,3.1673728e-05,0.9592144,1.843051e-05,0.032688595
/home/leo/Documentos/mestrado/DeepWeeds-Mobile/images/20171102-120236-2.jpg,2,2,2,2,1,0.9999995,7.2806185e-11,3.56669e-12,0.9999995,2.7758039e-11,4.6113704e-09,4.1174307e-11,6.449723e-09,2.7390848e-10,4.888685e-07
/home/leo/Documentos/mestrado/DeepWeeds-Mobile/images/20171025-093205-2.jpg,3,3,3,3,1,0.93850935,0.0017253918,3.876694e-08,1.9302144e-05,0.93850935,7.68345e-06,7.6051176e-10,3.117505e-10,0.00014228742,0.059595913
/home/leo/Documentos/mestrado/DeepWeeds-Mobile/images/20171219-094002-2.jpg,8,8,8,8,1,0.99880993,0.000165667,0.00011264727,3.3727517e-06,0.00056974875,0.00021948674,9.039511e-06,1.12428054e-07,0.00011009007,0.99880993
/home/leo/Documentos/mestrado/DeepWeeds-Mobile/images/20180112-102644-2.jpg,8,8,8,8,1,0.970983,0.023458706,9.679748e-06,2.4094636e-06,2.8844877e-06,2.761061e-07,2.314034e-06,2.4246969e-09,0.005540699,0.970983
/home/leo/Documentos/mestrado/DeepWeeds-Mobile/images/20180112-091809-2.jpg,8,8,8,8,1,0.9995877,0.00029544614,1.8766322e-10,1.2290178e-06,9.05332e-09,2.0690898e-09,2.101029e-08,3.8692563e-13,0.00011569141,0.9995877
/home/leo/Documentos/mestrado/DeepWeeds-Mobile/images/20170920-171751-1.jpg,2,2,2,2,1,0.99963856,9.3978514e-08,1.6665358e-07,0.99963856,8.033806e-07,6.427949e-06,5.014561e-07,4.145872e-06,1.7188407e-07,0.0003490675
/home/leo/Documentos/mestrado/DeepWeeds-Mobile/images/20171220-085416-3.jpg,8,8,8,8,1,0.9997149,1.4482583e-07,2.126016e-05,1.0055922e-18,3.8005277e-10,8.2800676e-14,5.7062727e-05,6.001641e-08,0.00020651845,0.9997149
/home/leo/Documentos/mestrado/DeepWeeds-Mobile/images/20180112-081429-1.jpg,8,8,8,8,1,0.9364268,0.06029772,9.3768314e-05,0.00063572224,0.0006806363,2.7436772e-05,3.4689895e-06,1.03581286e-07,0.001834231,0.9364268
/home/leo/Documentos/mestrado/DeepWeeds-Mobile/images/20170811-163543-1.jpg,0,0,0,0,1,0.9982951,0.9982951,1.3871001e-05,3.3165688e-09,2.743904e-10,7.940874e-09,2.9204492e-05,1.6444414e-08,0.00056697073,0.0010948406
/home/leo/Documentos/mestrado/DeepWeeds-Mobile/images/20171203-174204-3.jpg,8,8,8,8,1,0.99102217,0.00032453236,0.005451615,6.0778476e-08,2.7860604e-05,5.3707762e-08,0.0030532023,4.927639e-05,7.127031e-05,0.99102217
/home/leo/Documentos/mestrado/DeepWeeds-Mobile/images/20180109-070732-1.jpg,8,8,8,8,1,0.99999547,3.2166845e-08,1.6241745e-06,1.16561104e-07,2.294418e-07,1.5296294e-07,2.8737732e-10,2.1783867e-06,2.8152817e-07,0.99999547
/home/leo/Documentos/mestrado/DeepWeeds-Mobile/images/20180322-132124-1.jpg,8,8,8,8,1,0.9999927,1.5646864e-06,1.2347141e-06,8.9609764e-11,4.109756e-06,1.3486542e-07,1.4582456e-07,8.737904e-10,7.110379e-08,0.9999927
/home/leo/Documentos/mestrado/DeepWeeds-Mobile/images/20180125-132255-2.jpg,8,8,8,8,1,0.9956515,0.0002783886,3.5158995e-05,1.2634767e-09,4.007209e-06,5.5477576e-05,2.5430884e-06,7.66807e-09,0.003973034,0.9956515
/home/leo/Documentos/mestrado/DeepWeeds-Mobile/images/20180105-095642-3.jpg,8,8,8,8,1,0.9806706,4.2167917e-06,1.1552758e-05,1.7803583e-06,9.781495e-07,9.637963e-08,1.1857109e-06,0.019303799,5.819727e-06,0.9806706
/home/leo/Documentos/mestrado/DeepWeeds-Mobile/images/20171220-084136-3.jpg,8,8,8,8,1,0.9999511,3.1937503e-05,4.5195733e-08,4.5503786e-14,1.5431437e-05,2.8163532e-08,1.3264896e-08,1.6173847e-12,1.3943927e-06,0.9999511
/home/leo/Documentos/mestrado/DeepWeeds-Mobile/images/20170913-100846-2.jpg,3,3,3,3,1,0.98911184,7.6755634e-05,9.767019e-07,0.00064025435,0.98911184,0.0013602817,0.005147619,3.3862664e-09,5.0368136e-08,0.0036622644
/home/leo/Documentos/mestrado/DeepWeeds-Mobile/images/20171220-082743-2.jpg,8,8,8,8,1,0.9999877,1.36923e-07,2.858034e-11,1.5737137e-20,2.0479193e-08,2.1808418e-13,1.2154688e-05,5.8628646e-14,9.2106067e-10,0.9999877
/home/leo/Documentos/mestrado/DeepWeeds-Mobile/images/20170728-124723-3.jpg,4,4,4,4,1,0.9272061,0.039699048,5.240855e-06,4.501698e-08,5.6304536e-05,0.9272061,3.3654461e-09,6.0098146e-14,0.00057163043,0.032461677
/home/leo/Documentos/mestrado/DeepWeeds-Mobile/images/20180322-131657-1.jpg,8,8,8,8,1,0.99978256,1.9910772e-06,3.4675375e-07,0.00018001234,7.6064475e-06,1.4578921e-05,7.050436e-06,1.6405013e-09,5.8734586e-06,0.99978256
/home/leo/Documentos/mestrado/DeepWeeds-Mobile/images/20171121-074216-1.jpg,6,6,6,6,1,0.9984509,8.4444855e-06,0.0010000966,1.4505697e-11,2.2976664e-08,1.1949838e-09,1.1817942e-07,0.9984509,5.3445005e-05,0.00048692402
/home/leo/Documentos/mestrado/DeepWeeds-Mobile/images/20170920-115351-2.jpg,2,2,2,2,1,0.46086928,0.011466945,0.00018518201,0.46086928,0.048227973,0.06658997,1.182572e-05,0.00016348195,0.00095064903,0.4115348
/home/leo/Documentos/mestrado/DeepWeeds-Mobile/images/20180125-130452-2.jpg,8,8,8,8,1,0.9990584,1.61505e-05,0.0003509194,1.7281109e-13,2.0115017e-07,2.447745e-10,0.00022275758,7.5738586e-05,0.00027570812,0.9990584
/home/leo/Documentos/mestrado/DeepWeeds-Mobile/images/20170714-122007-2.jpg,1,1,1,1,1,0.9694708,0.008111603,0.9694708,2.801787e-07,1.5626585e-05,3.5134814e-05,4.368759e-05,0.00024800724,0.013427678,0.008647141
/home/leo/Documentos/mestrado/DeepWeeds-Mobile/images/20180109-074521-2.jpg,8,8,8,8,1,0.9999552,4.4613327e-05,1.6256702e-07,4.874878e-13,1.2384477e-11,1.5834035e-11,4.3120405e-08,9.139765e-10,8.747089e-08,0.9999552
/home/leo/Documentos/mestrado/DeepWeeds-Mobile/images/20180105-095458-2.jpg,8,8,8,8,1,0.9937975,9.601572e-07,3.6599163e-06,0.0012752046,2.091095e-06,2.1246103e-06,3.8670044e-07,0.0048036748,0.00011439171,0.9937975
/home/leo/Documentos/mestrado/DeepWeeds-Mobile/images/20180112-075756-2.jpg,8,8,8,8,1,0.6938144,0.19134772,8.99321e-05,0.00022256178,0.0022695286,2.8500895e-05,1.5587533e-05,1.97877e-09,0.112211734,0.6938144
/home/leo/Documentos/mestrado/DeepWeeds-Mobile/images/20170714-115607-2.jpg,1,1,1,1,1,0.8746895,0.046056315,0.8746895,7.0547135e-10,2.5295158e-08,1.955892e-09,1.2191331e-06,0.015653651,0.061485425,0.0021138205
/home/leo/Documentos/mestrado/DeepWeeds-Mobile/images/20180322-125058-1.jpg,8,8,8,8,1,0.99997663,7.327969e-08,3.3243295e-09,3.0963478e-12,6.588182e-09,3.1713802e-07,2.172055e-05,1.4886643e-09,1.1566855e-06,0.99997663
/home/leo/Documentos/mestrado/DeepWeeds-Mobile/images/20180112-080408-1.jpg,8,8,8,8,1,0.8477689,0.059003018,0.0026395582,0.0014879111,0.060401596,0.0019646976,2.0302336e-05,1.1858363e-05,0.026702141,0.8477689
/home/leo/Documentos/mestrado/DeepWeeds-Mobile/images/20180105-102406-1.jpg,8,8,8,8,1,0.99985373,2.878551e-09,1.9754044e-08,1.0846784e-05,4.2846974e-08,9.357121e-08,2.926056e-10,0.00013281542,2.4691449e-06,0.99985373
/home/leo/Documentos/mestrado/DeepWeeds-Mobile/images/20171212-093216-3.jpg,8,8,8,8,1,0.99459237,0.0007478981,8.276816e-05,2.2919871e-06,0.004157895,9.806167e-06,4.2541324e-05,0.00019908098,0.00016536897,0.99459237
/home/leo/Documentos/mestrado/DeepWeeds-Mobile/images/20180109-074714-1.jpg,8,8,8,8,1,0.9990293,5.571977e-06,1.1269506e-05,7.809901e-05,9.578454e-06,7.6378365e-07,4.097771e-07,0.0007050209,0.00016004531,0.9990293
/home/leo/Documentos/mestrado/DeepWeeds-Mobile/images/20170811-134054-2.jpg,0,0,0,0,1,0.9702581,0.9702581,0.0013684952,8.093961e-07,1.235968e-05,6.9352514e-05,3.3395558e-05,1.1782878e-08,0.014385184,0.013872304
/home/leo/Documentos/mestrado/DeepWeeds-Mobile/images/20171102-114726-1.jpg,2,2,2,2,1,0.99999976,2.8210854e-09,2.025984e-13,0.99999976,2.2694028e-08,2.4520702e-07,2.8677133e-10,5.6370234e-12,1.8686389e-10,4.255577e-08
/home/leo/Documentos/mestrado/DeepWeeds-Mobile/images/20170217-114633-0.jpg,7,7,7,7,1,0.9194963,0.07715216,2.871068e-10,1.2109043e-12,7.323101e-14,2.477965e-12,5.20741e-07,4.1957828e-15,0.9194963,0.0033509566
/home/leo/Documentos/mestrado/DeepWeeds-Mobile/images/20170920-160548-3.jpg,2,2,2,2,1,0.9565062,9.550872e-06,2.7564072e-06,0.9565062,0.0008104051,0.029398948,1.3732429e-07,7.939665e-07,4.7631625e-06,0.0132664945
/home/leo/Documentos/mestrado/DeepWeeds-Mobile/images/20180109-071502-2.jpg,8,8,8,8,1,0.97711,2.455908e-06,5.999568e-05,0.0001423013,6.185019e-06,1.5642048e-07,2.1058839e-05,0.02262341,3.4426113e-05,0.97711
/home/leo/Documentos/mestrado/DeepWeeds-Mobile/images/20170920-185359-1.jpg,2,2,2,2,1,0.99939966,7.235256e-08,6.208013e-10,0.99939966,2.1138349e-06,0.0004491711,4.7624285e-06,8.346048e-08,2.2925358e-08,0.00014405345
/home/leo/Documentos/mestrado/DeepWeeds-Mobile/images/20171113-151910-1.jpg,6,6,6,6,1,0.98192817,1.265535e-05,0.00033719756,0.0005892678,9.9930294e-05,2.4331302e-05,2.5721386e-07,0.98192817,2.8748252e-06,0.017005363
/home/leo/Documentos/mestrado/DeepWeeds-Mobile/images/20171122-100943-1.jpg,5,5,5,5,1,0.99975497,2.416318e-08,1.4825517e-09,1.7618011e-15,7.989067e-16,6.0087644e-16,0.99975497,3.9595767e-09,1.0065725e-11,0.0002450221
/home/leo/Documentos/mestrado/DeepWeeds-Mobile/images/20180112-091750-2.jpg,8,8,8,8,1,0.9996617,0.00023863006,1.0094572e-10,5.3281224e-09,4.279488e-12,5.3983797e-12,4.6261537e-08,3.8061975e-12,9.96433e-05,0.9996617
/home/leo/Documentos/mestrado/DeepWeeds-Mobile/images/20171025-073923-2.jpg,3,3,3,3,1,0.99905807,0.00024287356,6.160162e-05,2.2933164e-13,0.99905807,6.1964087e-09,9.384648e-10,4.6918145e-09,0.00015142346,0.0004860771
/home/leo/Documentos/mestrado/DeepWeeds-Mobile/images/20171113-061405-1.jpg,6,6,6,6,1,0.9394134,6.611092e-05,0.008232119,4.299061e-07,6.743741e-05,1.502437e-06,3.905804e-07,0.9394134,2.3404975e-05,0.05219513
/home/leo/Documentos/mestrado/DeepWeeds-Mobile/images/20170729-090107-2.jpg,4,4,4,4,1,0.9746924,0.0001745852,2.2582697e-05,0.009571796,0.007403381,0.9746924,7.4674466e-07,7.561641e-07,0.00021885656,0.007915013
/home/leo/Documentos/mestrado/DeepWeeds-Mobile/images/20180112-093758-2.jpg,8,8,8,8,1,0.9758695,0.02137133,4.1614618e-07,1.7908127e-07,1.9896333e-07,1.4770564e-09,2.0177784e-05,1.4136049e-07,0.0027380656,0.9758695
/home/leo/Documentos/mestrado/DeepWeeds-Mobile/images/20171218-121152-3.jpg,8,8,8,8,1,0.7020355,0.0024551384,0.00096206425,1.5714081e-09,5.420001e-07,8.762717e-10,0.29321206,0.0012810407,5.3696076e-05,0.7020355
/home/leo/Documentos/mestrado/DeepWeeds-Mobile/images/20170913-101306-2.jpg,3,5,3,5,0,0.8679258,0.00014821386,3.6167145e-05,5.9357e-08,0.089921966,0.022359442,0.8679258,3.829856e-11,9.316671e-05,0.019515133
/home/leo/Documentos/mestrado/DeepWeeds-Mobile/images/20170217-114340-0.jpg,7,7,7,7,1,0.9968728,0.0030423433,7.812482e-06,7.197034e-11,4.0561107e-11,1.227495e-10,1.9489712e-06,4.4170342e-06,0.9968728,7.073526e-05
/home/leo/Documentos/mestrado/DeepWeeds-Mobile/images/20170217-113008-0.jpg,0,0,0,0,1,0.98869073,0.98869073,3.816714e-07,5.8820943e-16,9.087749e-13,3.0704265e-15,5.0924673e-06,5.1279453e-10,0.009518724,0.0017850256
/home/leo/Documentos/mestrado/DeepWeeds-Mobile/images/20171212-094042-1.jpg,8,8,8,8,1,0.99165946,0.0013663917,1.945632e-06,9.2112445e-10,0.006102824,7.761479e-06,2.7761807e-05,3.2357586e-06,0.0008305921,0.99165946
/home/leo/Documentos/mestrado/DeepWeeds-Mobile/images/20180109-101542-2.jpg,8,8,8,8,1,0.57126045,0.009360708,8.9159045e-07,0.07376337,0.34534144,0.00018297041,1.5915994e-06,4.7053422e-07,8.8032204e-05,0.57126045
/home/leo/Documentos/mestrado/DeepWeeds-Mobile/images/20180109-075919-1.jpg,8,8,8,8,1,0.86808306,0.005311282,0.007282663,1.5125868e-06,5.0808972e-05,3.3689093e-06,5.750801e-06,0.1050503,0.014211099,0.86808306
/home/leo/Documentos/mestrado/DeepWeeds-Mobile/images/20170913-104338-2.jpg,3,3,3,3,1,0.9997392,4.0403872e-10,8.838253e-11,1.2069933e-10,0.9997392,9.600947e-05,3.2433548e-10,2.5867143e-15,8.432148e-12,0.0001647053
/home/leo/Documentos/mestrado/DeepWeeds-Mobile/images/20180112-081209-2.jpg,8,8,8,8,1,0.9971197,0.00030177762,1.998157e-05,0.00048982364,0.0016230849,0.00036660736,4.411446e-08,1.2841372e-06,7.7609264e-05,0.9971197
/home/leo/Documentos/mestrado/DeepWeeds-Mobile/images/20171113-060840-1.jpg,6,6,6,6,1,0.9999573,7.804474e-06,6.4456544e-06,5.2772885e-13,3.0325606e-10,4.1552894e-12,2.589265e-06,0.9999573,1.6027925e-06,2.4306008e-05
/home/leo/Documentos/mestrado/DeepWeeds-Mobile/images/20180322-132456-1.jpg,8,8,8,8,1,0.9999949,1.2612132e-06,1.5053013e-08,6.713915e-09,2.3364735e-06,9.373247e-07,2.2881059e-07,3.1398432e-12,3.0767788e-07,0.9999949
/home/leo/Documentos/mestrado/DeepWeeds-Mobile/images/20171102-120950-3.jpg,2,2,2,2,1,0.9992235,9.3043394e-07,6.3748334e-10,0.9992235,3.0559953e-05,1.2541801e-07,1.7202781e-07,1.0801959e-07,1.3164677e-06,0.0007433009
/home/leo/Documentos/mestrado/DeepWeeds-Mobile/images/20171025-082205-2.jpg,3,3,3,3,1,0.95760345,0.009746316,4.6423887e-07,6.259374e-05,0.95760345,4.8940524e-07,7.6664395e-07,1.5134348e-10,0.003203913,0.029382024
/home/leo/Documentos/mestrado/DeepWeeds-Mobile/images/20180322-114014-1.jpg,8,8,8,8,1,0.99999905,1.09150555e-07,1.08848695e-07,2.402257e-11,4.260205e-07,4.4449582e-08,2.1545097e-07,1.2729809e-10,1.0331763e-07,0.99999905
/home/leo/Documentos/mestrado/DeepWeeds-Mobile/images/20180322-115004-1.jpg,8,8,8,8,1,0.99999917,4.4980047e-07,1.9111343e-07,3.2908946e-11,4.6050687e-08,1.7257692e-07,1.045925e-08,6.2521277e-10,3.6240586e-08,0.99999917
/home/leo/Documentos/mestrado/DeepWeeds-Mobile/images/20170718-100427-2.jpg,0,0,0,0,1,0.64181674,0.64181674,0.0017267395,0.0005979187,0.14318576,0.0072146943,1.7963486e-05,1.267833e-07,0.040253077,0.16518699
/home/leo/Documentos/mestrado/DeepWeeds-Mobile/images/20180109-100402-1.jpg,8,8,8,8,1,0.99504834,9.538707e-05,2.570167e-07,0.00021052881,0.004621993,1.9788584e-05,2.9603083e-08,1.1872261e-07,3.478784e-06,0.99504834
/home/leo/Documentos/mestrado/DeepWeeds-Mobile/images/20171203-164647-3.jpg,8,8,8,8,1,0.9981882,0.00013246197,0.0015952894,5.9568755e-08,1.678674e-05,2.8722999e-08,2.7657052e-05,7.1605726e-08,3.9504353e-05,0.9981882
/home/leo/Documentos/mestrado/DeepWeeds-Mobile/images/20170705-163946-0.jpg,7,7,7,7,1,0.9177065,0.07251705,0.0018893096,4.445341e-07,8.607375e-05,9.8064855e-05,3.9594374e-06,9.923905e-09,0.9177065,0.0076986155
/home/leo/Documentos/mestrado/DeepWeeds-Mobile/images/20180109-094759-1.jpg,8,8,8,8,1,0.9921549,0.00028335457,9.483657e-08,0.00010527123,0.0073832218,3.0485603e-07,1.7328751e-06,4.3481255e-06,6.670745e-05,0.9921549
/home/leo/Documentos/mestrado/DeepWeeds-Mobile/images/20170729-093222-1.jpg,4,4,4,4,1,0.9997959,3.6687402e-06,1.1569949e-08,1.0062773e-08,8.713411e-06,0.9997959,2.0757957e-08,1.3312761e-16,1.5320365e-05,0.00017629856
/home/leo/Documentos/mestrado/DeepWeeds-Mobile/images/20171201-123949-3.jpg,8,7,8,7,0,0.53096956,0.13358411,0.00048545422,1.1526056e-08,4.5608704e-06,8.450386e-09,0.03401842,3.0575284e-05,0.53096956,0.30090725
/home/leo/Documentos/mestrado/DeepWeeds-Mobile/images/20170920-112633-3.jpg,2,2,2,2,1,0.9939334,2.7182407e-06,6.6878115e-08,0.9939334,0.00017570931,0.0012426554,2.4520165e-08,8.518251e-08,2.8081544e-07,0.0046450924
/home/leo/Documentos/mestrado/DeepWeeds-Mobile/images/20180119-113758-2.jpg,8,8,8,8,1,0.99938357,0.000121805395,0.00035453882,6.48337e-09,1.6503145e-05,1.4757361e-09,8.135157e-05,3.7134414e-05,5.124097e-06,0.99938357
/home/leo/Documentos/mestrado/DeepWeeds-Mobile/images/20180322-130558-1.jpg,8,8,8,8,1,0.99995625,1.8100002e-07,2.822851e-06,1.3796977e-13,4.724109e-08,5.417325e-11,4.065357e-05,6.163767e-10,1.1300165e-08,0.99995625
/home/leo/Documentos/mestrado/DeepWeeds-Mobile/images/20171205-133603-2.jpg,8,8,8,8,1,0.99993443,1.2690988e-06,1.0675352e-08,2.1508341e-10,1.8007247e-06,9.8756445e-06,5.2545704e-05,2.9319698e-09,1.34293305e-08,0.99993443
/home/leo/Documentos/mestrado/DeepWeeds-Mobile/images/20180109-102721-2.jpg,8,8,8,8,1,0.99887234,0.00045576095,5.6150484e-06,5.6286426e-05,0.00014633949,2.7895242e-06,0.00013228567,0.00014362308,0.0001849474,0.99887234
/home/leo/Documentos/mestrado/DeepWeeds-Mobile/images/20170920-114402-2.jpg,2,2,2,2,1,0.99968785,7.089827e-07,4.7186877e-09,0.99968785,2.1472804e-05,5.23652e-06,1.2622499e-05,7.862732e-08,2.3227179e-07,0.00027175364
/home/leo/Documentos/mestrado/DeepWeeds-Mobile/images/20170210-134117-0.jpg,0,0,0,0,1,0.9774303,0.9774303,6.0479706e-05,7.181583e-08,1.7478908e-07,7.7754615e-11,0.0036928009,1.6645058e-07,0.01593527,0.0028807516
/home/leo/Documentos/mestrado/DeepWeeds-Mobile/images/20170811-112803-1.jpg,0,0,0,0,1,0.7904655,0.7904655,0.081608966,2.6740154e-06,1.0270521e-05,1.7923538e-05,0.0001903566,0.0034644566,0.0032421798,0.120997645
/home/leo/Documentos/mestrado/DeepWeeds-Mobile/images/20180125-092322-2.jpg,8,8,8,8,1,0.9999993,3.286229e-07,3.109286e-07,1.0215984e-09,8.8482784e-11,4.9432587e-09,6.613729e-08,3.275061e-10,2.5345413e-08,0.9999993
/home/leo/Documentos/mestrado/DeepWeeds-Mobile/images/20180125-135018-3.jpg,8,8,8,8,1,0.8131737,0.0035937137,0.0028888586,0.10465707,0.012632313,0.06127931,7.476357e-06,0.00039331397,0.0013743367,0.8131737
/home/leo/Documentos/mestrado/DeepWeeds-Mobile/images/20170130-102503-0.jpg,1,1,1,1,1,0.91946405,0.0060001113,0.91946405,0.00013771771,0.007117223,0.00024850256,3.0174065e-06,0.0014883155,0.014629906,0.050911102
/home/leo/Documentos/mestrado/DeepWeeds-Mobile/images/20180109-085911-1.jpg,8,8,8,8,1,0.9403594,0.039177325,4.0952993e-05,1.4440495e-06,0.016462674,8.7233246e-07,1.6044122e-07,2.7524416e-09,0.003957085,0.9403594
/home/leo/Documentos/mestrado/DeepWeeds-Mobile/images/20180322-133752-1.jpg,8,8,8,8,1,0.99618876,3.0736169e-06,2.0319969e-07,0.0019899183,3.4050063e-05,0.0017771164,2.41022e-07,3.1793734e-09,6.440252e-06,0.99618876
/home/leo/Documentos/mestrado/DeepWeeds-Mobile/images/20170714-133342-1.jpg,1,1,1,1,1,0.9614767,3.215007e-05,0.9614767,3.6067422e-06,1.6078538e-05,1.2085845e-06,1.1172288e-05,0.010365648,0.00072988885,0.027363654
/home/leo/Documentos/mestrado/DeepWeeds-Mobile/images/20170728-150657-1.jpg,4,4,4,4,1,0.950279,6.777207e-05,7.811158e-06,0.017581068,0.024079049,0.950279,4.4336545e-08,2.682223e-07,2.764483e-05,0.007957211
/home/leo/Documentos/mestrado/DeepWeeds-Mobile/images/20171121-072546-1.jpg,6,6,6,6,1,0.99426323,2.9168193e-06,0.0013235329,5.3531206e-16,4.850274e-09,8.284074e-12,6.477967e-09,0.99426323,0.00036898366,0.004041256
/home/leo/Documentos/mestrado/DeepWeeds-Mobile/images/20180119-113355-1.jpg,8,8,8,8,1,0.9984676,6.8993235e-05,0.000526615,1.9104631e-09,7.975834e-05,3.8973987e-08,0.0008185996,2.2199225e-05,1.6026828e-05,0.9984676
/home/leo/Documentos/mestrado/DeepWeeds-Mobile/images/20170404-154324-0.jpg,7,7,7,7,1,0.89049,0.0133160455,5.562044e-06,1.2380222e-07,2.376674e-08,7.536156e-09,1.667592e-06,1.2153436e-06,0.89049,0.09618544
/home/leo/Documentos/mestrado/DeepWeeds-Mobile/images/20180119-111654-2.jpg,8,8,8,8,1,0.9999095,7.877631e-05,1.76319e-07,9.715498e-12,4.773573e-06,1.4078895e-11,6.4535398e-06,5.9550813e-09,2.6999595e-07,0.9999095
/home/leo/Documentos/mestrado/DeepWeeds-Mobile/images/20180109-074809-1.jpg,8,8,8,8,1,0.92988694,7.919301e-06,0.001291549,5.6089215e-07,3.4701035e-05,2.886957e-06,8.6759455e-06,0.068526335,0.00024044009,0.92988694
/home/leo/Documentos/mestrado/DeepWeeds-Mobile/images/20180125-093802-1.jpg,8,8,8,8,1,0.9997759,2.9249703e-09,6.6285824e-11,3.482334e-11,3.8877655e-08,0.00022381626,1.750951e-07,7.412284e-11,9.847244e-09,0.9997759
/home/leo/Documentos/mestrado/DeepWeeds-Mobile/images/20170210-145509-0.jpg,0,0,0,0,1,0.9999807,0.9999807,5.509072e-07,3.7002024e-15,2.1854754e-15,1.9409431e-14,4.3116033e-10,8.4893655e-12,2.3122423e-07,1.8517654e-05
/home/leo/Documentos/mestrado/DeepWeeds-Mobile/images/20180119-105930-2.jpg,8,1,8,1,0,0.65432715,0.0018155267,0.65432715,2.272436e-05,0.0010340313,0.0002214206,0.00012469801,0.07788186,0.004569857,0.2600027
/home/leo/Documentos/mestrado/DeepWeeds-Mobile/images/20180109-100632-2.jpg,8,8,8,8,1,0.905137,0.041769143,1.3465403e-05,0.00013771633,0.05020637,1.1305393e-05,4.075896e-06,1.5322994e-06,0.0027193148,0.905137
/home/leo/Documentos/mestrado/DeepWeeds-Mobile/images/20180322-120954-2.jpg,8,8,8,8,1,0.9998779,3.101157e-05,5.691837e-07,9.179932e-08,2.971922e-05,3.4631492e-05,5.500928e-06,8.841368e-11,2.0460016e-05,0.9998779
/home/leo/Documentos/mestrado/DeepWeeds-Mobile/images/20171212-094323-1.jpg,8,8,8,8,1,0.9999372,6.0737577e-05,1.4313386e-08,1.2120029e-15,4.6256127e-07,1.9811755e-13,8.73068e-08,2.9380994e-11,1.467406e-06,0.9999372
/home/leo/Documentos/mestrado/DeepWeeds-Mobile/images/20170315-085020-0.jpg,8,8,8,8,1,0.9532724,0.044572305,0.0013426344,6.403062e-11,9.628975e-08,5.2999705e-10,0.00080560637,3.583996e-08,6.996229e-06,0.9532724
/home/leo/Documentos/mestrado/DeepWeeds-Mobile/images/20170714-143808-1.jpg,1,8,1,8,0,0.9976507,7.184759e-05,0.002269075,5.169841e-17,2.0720321e-07,2.2516267e-11,1.06164755e-07,1.2691474e-12,8.100665e-06,0.9976507
/home/leo/Documentos/mestrado/DeepWeeds-Mobile/images/20171025-090348-1.jpg,3,2,3,2,0,0.804715,0.11233588,0.0004189961,0.804715,0.07492189,0.00080729614,2.031741e-05,8.6104556e-05,7.386761e-05,0.0066205533
/home/leo/Documentos/mestrado/DeepWeeds-Mobile/images/20171109-090929-2.jpg,5,5,5,5,1,0.98172003,0.00019076493,0.00037124314,1.10234325e-14,2.628721e-09,5.333965e-13,0.98172003,0.0003361155,1.3097932e-06,0.017380621
/home/leo/Documentos/mestrado/DeepWeeds-Mobile/images/20161207-111718-0.jpg,0,0,0,0,1,0.7623887,0.7623887,0.2084048,2.3205765e-13,2.3969505e-08,4.55894e-12,3.3162967e-05,1.7386934e-07,0.028051876,0.0011212572
/home/leo/Documentos/mestrado/DeepWeeds-Mobile/images/20180125-095132-2.jpg,8,8,8,8,1,0.98185295,6.857762e-06,7.294565e-08,4.569554e-11,4.887847e-07,1.5545599e-09,0.018139439,1.0870364e-07,4.1690534e-08,0.98185295
/home/leo/Documentos/mestrado/DeepWeeds-Mobile/images/20170210-133931-0.jpg,0,0,0,0,1,0.6489491,0.6489491,1.5763462e-05,1.5621907e-08,3.6464692e-07,1.0202814e-09,3.3040167e-05,4.9941498e-08,0.32582605,0.025175676
/home/leo/Documentos/mestrado/DeepWeeds-Mobile/images/20171109-085143-3.jpg,5,8,5,8,0,0.99474394,0.00043797042,3.2894988e-07,1.1818788e-14,7.613558e-05,4.0342694e-11,0.0047250804,2.060762e-06,1.4534775e-05,0.99474394
/home/leo/Documentos/mestrado/DeepWeeds-Mobile/images/20180112-093134-2.jpg,8,8,8,8,1,0.9996487,0.00034264082,1.1902135e-08,2.4162407e-08,2.074338e-08,4.3840997e-09,5.600999e-07,6.588964e-12,8.120968e-06,0.9996487
/home/leo/Documentos/mestrado/DeepWeeds-Mobile/images/20180105-095313-2.jpg,8,8,8,8,1,0.9655896,7.596836e-05,0.0014447181,7.431252e-05,0.00019988808,5.434565e-05,2.2119906e-05,0.032100204,0.00043881914,0.9655896
/home/leo/Documentos/mestrado/DeepWeeds-Mobile/images/20170913-104750-1.jpg,3,8,3,8,0,0.93352866,0.000575229,5.0476687e-05,7.049947e-06,0.050587546,0.015225215,3.56444e-07,4.5849768e-10,2.558378e-05,0.93352866
/home/leo/Documentos/mestrado/DeepWeeds-Mobile/images/20171220-084407-3.jpg,8,8,8,8,1,0.99992347,7.150152e-05,2.8605885e-07,5.572465e-16,3.5248995e-06,4.2837296e-08,8.337006e-08,2.7198384e-14,1.0877982e-06,0.99992347
/home/leo/Documentos/mestrado/DeepWeeds-Mobile/images/20170920-131212-2.jpg,2,4,2,4,0,0.64705634,1.9953966e-05,1.1730717e-06,0.21074376,0.018376494,0.64705634,0.0007932312,2.0795481e-08,2.743439e-06,0.12300628
/home/leo/Documentos/mestrado/DeepWeeds-Mobile/images/20171113-130542-2.jpg,6,6,6,6,1,0.74050313,3.8631497e-05,0.22262357,2.0765343e-08,0.00022219446,3.968005e-06,6.7625e-05,0.74050313,0.00010325949,0.03643756
/home/leo/Documentos/mestrado/DeepWeeds-Mobile/images/20171025-073152-1.jpg,3,3,3,3,1,0.8494235,0.0022553958,0.08170069,5.793779e-09,0.8494235,0.00034921544,1.0095886e-05,3.7338028e-05,0.03945795,0.026765767
/home/leo/Documentos/mestrado/DeepWeeds-Mobile/images/20170718-133234-2.jpg,7,7,7,7,1,0.88292027,0.081865504,0.000990609,2.5784158e-07,0.00033583966,4.6883932e-07,2.2530283e-05,2.5770146e-07,0.88292027,0.033864226
/home/leo/Documentos/mestrado/DeepWeeds-Mobile/images/20170811-131340-1.jpg,0,0,0,0,1,0.99994063,0.99994063,1.4308324e-05,8.0687274e-14,8.6879835e-12,7.3617823e-10,8.3255134e-07,1.2668729e-14,3.712688e-05,7.103151e-06
/home/leo/Documentos/mestrado/DeepWeeds-Mobile/images/20170210-131858-0.jpg,0,7,0,7,0,0.58453524,0.41371283,0.0016816889,3.408453e-08,1.0879212e-10,1.2365494e-09,4.148465e-06,3.1969822e-09,0.58453524,6.604671e-05
/home/leo/Documentos/mestrado/DeepWeeds-Mobile/images/20180112-083043-1.jpg,8,8,8,8,1,0.9919246,0.0052492023,3.2688239e-09,2.0947946e-05,0.0025448576,3.843507e-09,1.5192668e-08,5.380785e-12,0.00026038947,0.9919246
/home/leo/Documentos/mestrado/DeepWeeds-Mobile/images/20171102-095824-1.jpg,4,2,4,2,0,0.9532707,0.00078150886,3.2129494e-06,0.9532707,0.0024194424,0.026187444,2.8883042e-08,4.308988e-07,9.403567e-05,0.017243171
/home/leo/Documentos/mestrado/DeepWeeds-Mobile/images/20171102-123144-3.jpg,2,2,2,2,1,0.9999769,5.1743162e-11,1.4535842e-12,0.9999769,4.246896e-10,4.5067122e-10,3.6719312e-12,7.28822e-11,4.0643273e-11,2.3116207e-05
/home/leo/Documentos/mestrado/DeepWeeds-Mobile/images/20171220-091311-2.jpg,8,8,8,8,1,0.9826011,0.0062054163,0.0013705381,3.4726576e-11,0.00039800766,4.951944e-08,0.00937875,2.2189262e-07,4.5921835e-05,0.9826011
/home/leo/Documentos/mestrado/DeepWeeds-Mobile/images/20180105-091702-3.jpg,8,8,8,8,1,0.9999119,6.207802e-08,1.0788202e-06,4.290076e-07,8.1929475e-06,9.4968965e-07,4.142288e-09,7.708746e-05,2.0339193e-07,0.9999119
/home/leo/Documentos/mestrado/DeepWeeds-Mobile/images/20180125-094330-1.jpg,8,8,8,8,1,0.99994564,5.045487e-09,1.7269304e-08,3.157081e-11,2.8455614e-07,5.3045864e-05,1.5522657e-07,1.7422062e-07,7.2239294e-07,0.99994564
/home/leo/Documentos/mestrado/DeepWeeds-Mobile/images/20171220-092024-2.jpg,8,6,8,6,0,0.57486725,0.11323781,0.10731062,9.911806e-09,0.0001248997,1.3999052e-07,0.01936034,0.57486725,0.016477969,0.168621
/home/leo/Documentos/mestrado/DeepWeeds-Mobile/images/20171203-173903-3.jpg,8,8,8,8,1,0.7492048,0.0031753837,0.095126554,7.535995e-05,0.00040970018,2.1310293e-06,0.0024484354,0.14814165,0.0014159048,0.7492048
/home/leo/Documentos/mestrado/DeepWeeds-Mobile/images/20180119-110438-2.jpg,8,8,8,8,1,0.9311538,0.019784112,0.033939824,0.00094407215,0.00086780486,0.00022820153,0.0015082877,0.002621729,0.008952153,0.9311538
/home/leo/Documentos/mestrado/DeepWeeds-Mobile/images/20171113-092559-3.jpg,5,5,5,5,1,0.9987778,8.1417423e-10,1.5739133e-08,2.0739614e-13,7.943988e-12,2.389151e-13,0.9987778,1.2907835e-06,3.1712552e-10,0.0012209438
/home/leo/Documentos/mestrado/DeepWeeds-Mobile/images/20180119-114937-2.jpg,8,0,8,0,0,0.8677284,0.8677284,0.0077465824,6.861981e-08,0.000667334,1.5280204e-07,0.0004716104,1.5773664e-06,0.014052313,0.10933203
/home/leo/Documentos/mestrado/DeepWeeds-Mobile/images/20170920-191441-1.jpg,2,2,2,2,1,0.997621,1.4881628e-06,3.7290047e-08,0.997621,4.3533103e-07,0.000338248,3.6007375e-06,4.6800687e-07,2.0730447e-06,0.0020326434
/home/leo/Documentos/mestrado/DeepWeeds-Mobile/images/20180112-071911-2.jpg,8,8,8,8,1,0.9698821,0.0037340024,0.00016735443,0.0064288774,0.0074338685,0.011741736,3.771771e-08,2.8780973e-06,0.0006091393,0.9698821
/home/leo/Documentos/mestrado/DeepWeeds-Mobile/images/20171212-095443-3.jpg,8,8,8,8,1,0.9971559,0.0021078498,7.3759594e-07,3.3471795e-11,8.6793014e-05,3.3397904e-10,6.015543e-07,1.535555e-07,0.00064805214,0.9971559
/home/leo/Documentos/mestrado/DeepWeeds-Mobile/images/20170127-101000-0.jpg,1,1,1,1,1,0.9825477,7.791998e-05,0.9825477,5.132151e-08,2.7590084e-05,5.4793837e-08,3.87257e-06,0.00021910276,6.2980085e-05,0.017060827
/home/leo/Documentos/mestrado/DeepWeeds-Mobile/images/20180125-093318-2.jpg,8,8,8,8,1,0.99999976,6.8747546e-08,3.4016733e-08,4.2303344e-12,4.6311066e-09,7.4896184e-10,5.2967568e-08,1.4310955e-11,1.3653051e-08,0.99999976
/home/leo/Documentos/mestrado/DeepWeeds-Mobile/images/20170217-112531-0.jpg,0,0,0,0,1,0.99993014,0.99993014,5.8660775e-05,2.766346e-15,4.1299852e-13,2.3770375e-15,2.9138343e-08,1.1048462e-10,1.9883591e-06,9.1216e-06
/home/leo/Documentos/mestrado/DeepWeeds-Mobile/images/20180112-103015-1.jpg,8,8,8,8,1,0.99765456,0.0016811675,4.2256497e-06,5.9651913e-05,0.00039037928,2.1168275e-06,1.5744764e-06,1.65058e-08,0.0002062578,0.99765456
/home/leo/Documentos/mestrado/DeepWeeds-Mobile/images/20170906-110733-2.jpg,3,8,3,8,0,0.47664356,0.002137467,0.001389467,0.16999848,0.1544067,0.17637765,1.6753339e-06,0.0065778056,0.012467224,0.47664356
/home/leo/Documentos/mestrado/DeepWeeds-Mobile/images/20171109-085248-2.jpg,5,5,5,5,1,0.95940673,3.1569063e-05,1.0565239e-07,2.9055622e-14,3.0388057e-07,1.7357733e-12,0.95940673,1.2896929e-09,1.3314781e-08,0.04056126
/home/leo/Documentos/mestrado/DeepWeeds-Mobile/images/20160928-140747-0.jpg,0,0,0,0,1,0.68926674,0.68926674,0.12695602,1.8944593e-08,2.9032204e-05,8.213726e-08,0.03928113,0.00065829145,0.03329586,0.11051278
/home/leo/Documentos/mestrado/DeepWeeds-Mobile/images/20180109-095145-1.jpg,8,8,8,8,1,0.63805324,0.024390645,5.2686746e-06,0.24353124,0.09305933,3.4546124e-06,0.00015089278,3.292454e-05,0.0007731169,0.63805324
/home/leo/Documentos/mestrado/DeepWeeds-Mobile/images/20171220-100547-1.jpg,8,8,8,8,1,0.999948,4.3192023e-05,1.6826682e-07,3.793433e-17,6.035408e-07,6.512769e-13,5.972245e-06,2.363665e-12,2.1253998e-06,0.999948
/home/leo/Documentos/mestrado/DeepWeeds-Mobile/images/20170627-103912-0.jpg,0,0,0,0,1,0.94644076,0.94644076,2.601533e-05,5.2464526e-07,4.80694e-06,1.0080419e-08,7.8274046e-05,5.0127923e-11,0.030607486,0.022842081
/home/leo/Documentos/mestrado/DeepWeeds-Mobile/images/20170811-104558-2.jpg,0,0,0,0,1,0.9265471,0.9265471,0.0005457023,1.4816792e-09,1.0305555e-07,1.153076e-07,1.6720502e-05,7.3142237e-10,0.03594255,0.03694779
/home/leo/Documentos/mestrado/DeepWeeds-Mobile/images/20170718-132348-2.jpg,0,3,0,3,0,0.52806354,0.2136413,0.0038565223,0.0002624634,0.52806354,0.0011559768,1.3819979e-05,9.6622825e-06,0.19290555,0.060091127
/home/leo/Documentos/mestrado/DeepWeeds-Mobile/images/20171212-100832-1.jpg,8,8,8,8,1,0.9789088,0.0009888588,7.24303e-05,1.2604545e-10,0.015536999,1.4537237e-07,2.7315025e-06,2.4161882e-06,0.0044876384,0.9789088
/home/leo/Documentos/mestrado/DeepWeeds-Mobile/images/20170920-131138-2.jpg,2,2,2,2,1,0.99670357,3.1073805e-06,1.0190344e-08,0.99670357,0.0021583706,0.00086120353,1.6289671e-06,2.5477196e-09,4.959188e-07,0.00027154593
/home/leo/Documentos/mestrado/DeepWeeds-Mobile/images/20171205-124230-2.jpg,8,8,8,8,1,0.998182,8.163387e-05,2.1124286e-05,2.6955215e-07,1.779634e-05,0.0005629728,0.0011281602,1.3940554e-06,4.627199e-06,0.998182
/home/leo/Documentos/mestrado/DeepWeeds-Mobile/images/20170727-151236-3.jpg,4,4,4,4,1,0.9992324,2.511932e-05,1.1511192e-07,2.2744664e-06,0.00012438234,0.9992324,2.4899056e-09,5.1139355e-13,1.2033925e-05,0.000603752
/home/leo/Documentos/mestrado/DeepWeeds-Mobile/images/20170913-111022-1.jpg,3,3,3,3,1,0.59725857,0.00022136692,5.8276633e-05,0.00024506872,0.59725857,0.3957563,1.8858204e-07,6.5393007e-09,1.2231847e-05,0.0064479443
/home/leo/Documentos/mestrado/DeepWeeds-Mobile/images/20171219-093103-3.jpg,8,8,8,8,1,0.69854945,0.07788176,0.00982778,8.907842e-07,0.00025842767,1.9210922e-06,0.19613086,0.0117355045,0.005613326,0.69854945
/home/leo/Documentos/mestrado/DeepWeeds-Mobile/images/20170728-125143-2.jpg,4,4,4,4,1,0.9987286,1.962566e-05,2.651849e-09,2.5600745e-12,1.6740921e-06,0.9987286,1.7494951e-09,2.436057e-19,1.6269514e-05,0.0012338051
/home/leo/Documentos/mestrado/DeepWeeds-Mobile/images/20180105-095832-2.jpg,8,8,8,8,1,0.9995616,2.6202547e-09,1.4104809e-07,3.7070943e-06,9.667955e-10,1.9570162e-08,1.09004226e-07,0.00043411003,3.791256e-07,0.9995616
/home/leo/Documentos/mestrado/DeepWeeds-Mobile/images/20171220-094738-1.jpg,8,8,8,8,1,0.99998605,4.4394656e-06,1.0217691e-07,2.5227138e-17,7.16599e-06,6.135586e-11,2.5993856e-09,9.607295e-12,2.2193103e-06,0.99998605
/home/leo/Documentos/mestrado/DeepWeeds-Mobile/images/20170727-162512-1.jpg,4,4,4,4,1,0.99681807,2.5595373e-05,5.7049213e-08,1.6515876e-09,0.00013039015,0.99681807,1.6410548e-10,1.1924482e-15,3.4819433e-05,0.0029910614
/home/leo/Documentos/mestrado/DeepWeeds-Mobile/images/20171113-142844-3.jpg,6,6,6,6,1,0.99574757,5.869786e-05,2.0475387e-05,5.137825e-09,1.674723e-07,4.0876302e-09,3.0631513e-06,0.99574757,2.618336e-06,0.004167322
/home/leo/Documentos/mestrado/DeepWeeds-Mobile/images/20171025-073724-3.jpg,3,3,3,3,1,0.9996146,8.334185e-06,3.6591375e-06,5.367838e-08,0.9996146,4.4647066e-05,1.774303e-08,3.3435012e-06,3.2548332e-06,0.00032209168
/home/leo/Documentos/mestrado/DeepWeeds-Mobile/images/20180112-093951-1.jpg,8,8,8,8,1,0.9945208,0.0023503245,0.00021642802,0.001739773,0.00038576446,9.777742e-05,3.8070211e-06,6.349291e-05,0.0006217842,0.9945208
/home/leo/Documentos/mestrado/DeepWeeds-Mobile/images/20170718-094700-2.jpg,0,0,0,0,1,0.9178138,0.9178138,0.0005429179,0.004810947,0.022249233,0.0026643297,5.421971e-06,1.9222665e-07,0.0040140008,0.047899157
/home/leo/Documentos/mestrado/DeepWeeds-Mobile/images/20171220-092914-2.jpg,8,8,8,8,1,0.9998512,1.187083e-06,4.68172e-10,8.4104104e-16,1.8785677e-09,1.4155315e-12,0.00014761208,1.10026e-08,7.404128e-10,0.9998512
/home/leo/Documentos/mestrado/DeepWeeds-Mobile/images/20170210-132528-0.jpg,0,0,0,0,1,0.9953689,0.9953689,3.3451654e-06,6.4579067e-12,4.9971843e-10,2.1191023e-11,2.083987e-06,4.1804837e-10,0.00013585071,0.004489749
/home/leo/Documentos/mestrado/DeepWeeds-Mobile/images/20171220-093207-2.jpg,8,8,8,8,1,0.99999666,5.686281e-08,1.1612729e-09,3.1425058e-14,2.881127e-07,2.4174494e-09,3.0997198e-06,5.24474e-10,1.2800588e-09,0.99999666
/home/leo/Documentos/mestrado/DeepWeeds-Mobile/images/20180112-074109-1.jpg,8,8,8,8,1,0.99834895,0.00010447759,0.00016556402,0.000106304804,0.0010890496,3.2015767e-05,3.9963474e-08,5.8894326e-05,9.475227e-05,0.99834895
/home/leo/Documentos/mestrado/DeepWeeds-Mobile/images/20170714-131037-1.jpg,1,1,1,1,1,0.94295937,0.017310089,0.94295937,1.0367334e-07,7.339398e-05,6.971763e-05,2.4316387e-05,8.819419e-06,0.0021850755,0.037369154
/home/leo/Documentos/mestrado/DeepWeeds-Mobile/images/20170920-110749-2.jpg,4,3,4,3,0,0.54551923,0.0076659857,0.006241949,2.6091353e-05,0.54551923,0.019449186,5.0639187e-06,2.2991924e-05,0.4033606,0.017708879
/home/leo/Documentos/mestrado/DeepWeeds-Mobile/images/20171219-092722-2.jpg,8,8,8,8,1,0.9996895,0.00020674652,7.288249e-08,1.9652006e-12,6.50124e-05,4.5009187e-09,3.6714562e-05,1.7141334e-09,1.8326319e-06,0.9996895
/home/leo/Documentos/mestrado/DeepWeeds-Mobile/images/20171025-082605-1.jpg,3,3,3,3,1,0.9948016,5.0402305e-05,3.241719e-09,2.1614333e-06,0.9948016,1.6168215e-07,3.4733914e-11,1.9868966e-11,1.0917861e-06,0.0051445547
/home/leo/Documentos/mestrado/DeepWeeds-Mobile/images/20171121-072316-1.jpg,6,6,6,6,1,0.99778205,2.7724607e-07,0.0021522131,2.1254231e-15,1.870941e-08,8.013017e-12,6.305881e-06,0.99778205,1.2697805e-05,4.646928e-05
/home/leo/Documentos/mestrado/DeepWeeds-Mobile/images/20180109-105441-1.jpg,8,8,8,8,1,0.992965,0.0013082804,3.50781e-09,6.426943e-05,0.0055346363,3.1942386e-07,1.9415117e-07,9.451345e-09,0.00012733492,0.992965
/home/leo/Documentos/mestrado/DeepWeeds-Mobile/images/20180125-132622-3.jpg,8,8,8,8,1,0.9637804,0.009141086,0.0061595878,0.00043997949,0.00055381015,0.0032673946,0.00048620725,1.2687702e-05,0.01615878,0.9637804
/home/leo/Documentos/mestrado/DeepWeeds-Mobile/images/20171218-104012-2.jpg,8,8,8,8,1,0.97370017,0.017445657,0.0077606747,4.2948176e-10,1.1672689e-05,4.4222972e-08,9.897596e-06,6.112702e-08,0.0010717164,0.97370017
/home/leo/Documentos/mestrado/DeepWeeds-Mobile/images/20171121-090548-3.jpg,6,6,6,6,1,0.85537213,7.278615e-05,0.00024043465,0.003477539,2.5257732e-05,4.4029017e-05,4.3015134e-06,0.85537213,0.00019863031,0.14056484
/home/leo/Documentos/mestrado/DeepWeeds-Mobile/images/20171102-095402-2.jpg,4,8,4,8,0,0.98547316,0.00058332307,0.0020642774,0.0027309093,0.0015386186,0.0024574725,1.3084525e-06,0.004028556,0.0011223992,0.98547316
/home/leo/Documentos/mestrado/DeepWeeds-Mobile/images/20171113-120206-1.jpg,6,6,6,6,1,0.92519325,8.541192e-06,2.6782968e-06,7.7487226e-07,8.895123e-08,1.0838933e-07,2.5591426e-05,0.92519325,1.257409e-05,0.07475642
/home/leo/Documentos/mestrado/DeepWeeds-Mobile/images/20171113-144704-3.jpg,6,1,6,1,0,0.36325657,0.26990625,0.36325657,2.629763e-08,1.6703036e-05,4.9135593e-08,0.014587278,0.2894059,0.004091462,0.058735777
/home/leo/Documentos/mestrado/DeepWeeds-Mobile/images/20170405-155257-0.jpg,0,0,0,0,1,0.95225626,0.95225626,5.7570996e-05,9.368124e-11,2.1153538e-08,2.0689383e-12,5.0607014e-06,3.862471e-06,0.04764888,2.8405282e-05
/home/leo/Documentos/mestrado/DeepWeeds-Mobile/images/20170210-131415-0.jpg,7,7,7,7,1,0.9854455,0.013842988,9.653514e-09,7.2638926e-08,4.2729392e-10,5.7485225e-09,0.00024517527,5.6321923e-15,0.9854455,0.00046619406
/home/leo/Documentos/mestrado/DeepWeeds-Mobile/images/20170811-132127-1.jpg,0,0,0,0,1,0.9990037,0.9990037,1.2767351e-06,2.0271939e-11,1.0128119e-11,9.648282e-11,9.420602e-07,3.2399793e-14,9.66321e-05,0.0008974293
/home/leo/Documentos/mestrado/DeepWeeds-Mobile/images/20171220-092839-2.jpg,8,8,8,8,1,0.99983346,1.3945372e-06,2.5124033e-10,8.477347e-18,6.562709e-09,1.1523268e-13,0.00016510204,2.1448234e-11,1.8547974e-09,0.99983346
/home/leo/Documentos/mestrado/DeepWeeds-Mobile/images/20171218-122047-2.jpg,8,8,8,8,1,0.99986184,1.3310685e-06,5.9315204e-05,9.622679e-12,1.2437043e-05,3.088941e-10,1.3231149e-05,2.5097585e-05,2.6676904e-05,0.99986184
/home/leo/Documentos/mestrado/DeepWeeds-Mobile/images/20170714-150335-1.jpg,1,1,1,1,1,0.99982,0.00017940208,0.99982,1.4618046e-16,2.076069e-14,1.0038902e-15,7.2171824e-11,3.7030166e-08,4.7001146e-07,4.5499235e-09
/home/leo/Documentos/mestrado/DeepWeeds-Mobile/images/20180109-103117-1.jpg,8,8,8,8,1,0.98460674,0.0008304304,0.0001335475,0.0099903,0.0027236827,0.00038908573,7.4276195e-06,0.0005336815,0.00078508066,0.98460674
/home/leo/Documentos/mestrado/DeepWeeds-Mobile/images/20180322-103820-1.jpg,8,8,8,8,1,0.9767927,0.011538384,6.615779e-05,0.0063813347,0.0021515368,0.0028420228,4.183788e-05,3.5846561e-09,0.00018594445,0.9767927
/home/leo/Documentos/mestrado/DeepWeeds-Mobile/images/20180322-121001-2.jpg,8,8,8,8,1,0.9999988,2.3898855e-07,4.0962924e-08,2.7996028e-10,3.470365e-07,3.2248178e-07,3.1459404e-08,9.770092e-12,1.9276314e-07,0.9999988
/home/leo/Documentos/mestrado/DeepWeeds-Mobile/images/20171025-075751-1.jpg,3,8,3,8,0,0.9695146,0.011872511,0.0005421009,0.00019579838,0.015232472,4.2529162e-05,1.97073e-06,0.0001398929,0.0024580972,0.9695146
/home/leo/Documentos/mestrado/DeepWeeds-Mobile/images/20180109-072157-1.jpg,8,6,8,6,0,0.84443575,1.3355683e-06,0.00050543604,5.6363736e-10,3.7306298e-05,1.5104195e-08,2.4812905e-06,0.84443575,3.1796417e-06,0.15501444
/home/leo/Documentos/mestrado/DeepWeeds-Mobile/images/20180109-091622-1.jpg,8,8,8,8,1,0.9829753,4.2392625e-05,7.5644646e-10,7.309732e-08,0.016980054,9.1160715e-09,6.032005e-08,1.1687755e-06,9.013485e-07,0.9829753
/home/leo/Documentos/mestrado/DeepWeeds-Mobile/images/20171113-095009-1.jpg,5,5,5,5,1,0.98278403,0.0042542634,7.1175484e-05,3.403597e-08,4.0691248e-07,2.0350038e-07,0.98278403,6.0325085e-05,2.0840473e-05,0.012808755
/home/leo/Documentos/mestrado/DeepWeeds-Mobile/images/20180322-110935-2.jpg,8,8,8,8,1,0.99928725,0.00036869067,2.6888663e-06,2.6199078e-07,0.000107629916,0.00011153766,4.1952635e-08,2.1236954e-10,0.0001219487,0.99928725
/home/leo/Documentos/mestrado/DeepWeeds-Mobile/images/20171218-111856-3.jpg,8,8,8,8,1,0.9999143,1.2469828e-06,4.9224707e-07,8.8353795e-12,5.0263978e-05,8.7954936e-07,2.9623552e-05,3.5090358e-10,3.243054e-06,0.9999143
/home/leo/Documentos/mestrado/DeepWeeds-Mobile/images/20180109-074440-1.jpg,8,8,8,8,1,0.99082667,6.0930455e-07,7.038704e-06,4.6622617e-06,9.1344345e-09,7.6067494e-08,3.1329403e-08,0.009125272,3.572661e-05,0.99082667
/home/leo/Documentos/mestrado/DeepWeeds-Mobile/images/20171113-120549-1.jpg,6,1,6,1,0,0.40012017,0.002503069,0.40012017,5.769375e-06,4.5355726e-05,5.0283893e-07,0.00022440414,0.38176674,0.0038630334,0.21147098
/home/leo/Documentos/mestrado/DeepWeeds-Mobile/images/20180322-114034-1.jpg,8,8,8,8,1,0.9741663,8.8306704e-05,6.591607e-05,1.5219944e-09,1.2675168e-06,8.268554e-09,3.0180577e-06,1.04903e-08,0.025675274,0.9741663
/home/leo/Documentos/mestrado/DeepWeeds-Mobile/images/20171218-121318-2.jpg,8,8,8,8,1,0.99999654,2.4020462e-06,2.315549e-09,4.0571666e-18,1.1398402e-08,1.4326107e-13,5.410919e-09,1.439299e-13,1.0662748e-06,0.99999654
/home/leo/Documentos/mestrado/DeepWeeds-Mobile/images/20170913-101500-2.jpg,3,5,3,5,0,0.97698337,0.00029747936,1.3500709e-05,2.9879826e-05,0.019871641,0.00018813068,0.97698337,2.6459421e-08,5.280408e-06,0.0026106397
/home/leo/Documentos/mestrado/DeepWeeds-Mobile/images/20180112-074953-2.jpg,8,8,8,8,1,0.92256105,0.062290944,0.00033274855,0.00018415716,0.0022897136,0.0004729987,1.5373698e-05,1.4401135e-08,0.011852958,0.92256105
/home/leo/Documentos/mestrado/DeepWeeds-Mobile/images/20170728-151316-1.jpg,4,4,4,4,1,0.9374785,0.003282903,7.915393e-05,0.00049947,0.022064641,0.9374785,5.879993e-07,4.3646565e-08,0.0008898891,0.03570482
/home/leo/Documentos/mestrado/DeepWeeds-Mobile/images/20180125-131520-3.jpg,8,8,8,8,1,0.9308468,0.0044616726,0.025924701,5.462048e-06,0.014851721,1.4084355e-05,0.0048526702,0.013981363,0.005061469,0.9308468
/home/leo/Documentos/mestrado/DeepWeeds-Mobile/images/20171109-092320-2.jpg,5,5,5,5,1,0.99943346,9.748993e-08,1.870281e-08,1.376506e-13,1.7637217e-12,2.1542918e-14,0.99943346,3.4182864e-07,3.2269695e-10,0.00056604855
/home/leo/Documentos/mestrado/DeepWeeds-Mobile/images/20170906-094654-1.jpg,3,4,3,4,0,0.59947515,0.009091327,0.00045251468,0.0001821193,0.1982466,0.59947515,1.578334e-08,7.1713046e-08,0.17632064,0.0162316
/home/leo/Documentos/mestrado/DeepWeeds-Mobile/images/20171113-123524-3.jpg,6,6,6,6,1,0.674879,0.00029090207,0.00024557955,0.00084570074,0.0013189687,5.641078e-05,3.1247089e-06,0.674879,0.00018045907,0.32217976
/home/leo/Documentos/mestrado/DeepWeeds-Mobile/images/20170729-092758-2.jpg,4,4,4,4,1,0.97401434,0.0005588393,4.1867388e-05,0.0038089603,0.010932021,0.97401434,1.623871e-07,5.9593717e-08,0.0007140956,0.009929593
/home/leo/Documentos/mestrado/DeepWeeds-Mobile/images/20180322-115441-2.jpg,8,8,8,8,1,0.99999344,1.6330497e-07,3.523538e-07,6.0902845e-12,5.9281415e-06,8.071795e-08,7.661239e-08,2.3117061e-10,2.0408889e-08,0.99999344
/home/leo/Documentos/mestrado/DeepWeeds-Mobile/images/20170304-131039-0.jpg,7,7,7,7,1,0.99280715,0.006793754,1.047184e-06,3.4806538e-10,2.1178082e-08,1.9570168e-08,1.3790708e-07,8.6089846e-10,0.99280715,0.00039785635
/home/leo/Documentos/mestrado/DeepWeeds-Mobile/images/20170913-103205-1.jpg,3,3,3,3,1,0.9978169,5.349971e-07,2.8022598e-08,1.3010136e-08,0.9978169,4.55219e-07,0.0004374012,7.707431e-12,4.0525427e-10,0.0017446794
/home/leo/Documentos/mestrado/DeepWeeds-Mobile/images/20170705-164337-0.jpg,7,7,7,7,1,0.834811,0.15536487,0.0014422918,1.696381e-08,0.00023793547,8.41037e-06,0.00017689083,3.4043143e-08,0.834811,0.007958646
/home/leo/Documentos/mestrado/DeepWeeds-Mobile/images/20170714-113240-2.jpg,1,1,1,1,1,0.92522407,2.8757657e-05,0.92522407,3.095223e-10,5.7003645e-06,1.5438496e-07,0.000102779275,0.008476033,0.000109737346,0.06605267
/home/leo/Documentos/mestrado/DeepWeeds-Mobile/images/20180322-114522-1.jpg,8,8,8,8,1,0.99960065,6.7332585e-05,7.388443e-08,3.7116524e-07,0.00032262024,1.457544e-06,5.6925757e-09,1.4515013e-10,7.5178305e-06,0.99960065
/home/leo/Documentos/mestrado/DeepWeeds-Mobile/images/20180109-102947-1.jpg,8,8,8,8,1,0.99995315,3.1142367e-06,6.3591287e-06,3.789476e-09,1.5325799e-05,1.3843752e-05,3.52432e-09,3.1536008e-08,8.19857e-06,0.99995315
/home/leo/Documentos/mestrado/DeepWeeds-Mobile/images/20180125-133236-3.jpg,8,8,8,8,1,0.9854058,0.0013200252,0.00396652,0.00028163893,0.00029895655,0.00021303525,3.798119e-06,0.0072382926,0.0012719068,0.9854058
/home/leo/Documentos/mestrado/DeepWeeds-Mobile/images/20170727-130230-1.jpg,4,4,4,4,1,0.9991779,1.7283977e-08,7.606825e-09,0.00026980502,2.467842e-05,0.9991779,1.2505936e-09,9.396011e-08,2.6473161e-08,0.0005274688
/home/leo/Documentos/mestrado/DeepWeeds-Mobile/images/20180105-095544-2.jpg,8,8,8,8,1,0.9930228,1.09866704e-07,4.3507675e-06,2.3273556e-07,2.1661357e-09,1.495236e-09,1.275425e-06,0.006969711,1.4597684e-06,0.9930228
/home/leo/Documentos/mestrado/DeepWeeds-Mobile/images/20170704-150456-0.jpg,7,8,7,8,0,0.88163346,0.023991201,0.0051412396,1.3369851e-06,0.038128257,0.00026937408,0.0142562175,0.00015534773,0.036423575,0.88163346
/home/leo/Documentos/mestrado/DeepWeeds-Mobile/images/20170728-153202-3.jpg,8,4,8,4,0,0.865133,1.5868122e-07,2.177459e-08,1.7840609e-08,6.889992e-05,0.865133,4.4331693e-05,5.748965e-12,5.461577e-07,0.13475311
/home/leo/Documentos/mestrado/DeepWeeds-Mobile/images/20170920-192834-1.jpg,2,2,2,2,1,0.9958619,3.8909755e-07,5.4383436e-06,0.9958619,0.00039951762,0.00063597626,1.2580333e-07,1.5392387e-05,1.2475488e-06,0.0030799622
/home/leo/Documentos/mestrado/DeepWeeds-Mobile/images/20170913-105822-2.jpg,3,3,3,3,1,0.97767353,2.4310395e-07,1.7002682e-08,3.9831e-06,0.97767353,0.0067189196,2.0031735e-05,2.6857377e-10,2.8082612e-08,0.015583268
/home/leo/Documentos/mestrado/DeepWeeds-Mobile/images/20180125-095207-2.jpg,8,8,8,8,1,0.9980699,1.7209305e-09,2.9002826e-11,8.268554e-07,0.0019247934,1.0335967e-08,4.5048246e-06,7.166295e-12,3.032024e-11,0.9980699
/home/leo/Documentos/mestrado/DeepWeeds-Mobile/images/20171113-144620-1.jpg,6,6,6,6,1,0.84665453,9.8693745e-06,0.0022953178,6.783393e-08,7.0708313e-07,1.7367679e-08,6.1539584e-05,0.84665453,1.5145537e-05,0.15096278
/home/leo/Documentos/mestrado/DeepWeeds-Mobile/images/20180109-100010-2.jpg,8,8,8,8,1,0.93725157,0.0051027676,0.0002410163,6.383617e-05,0.0568229,0.0003023434,9.386862e-05,1.49585285e-05,0.00010669473,0.93725157
/home/leo/Documentos/mestrado/DeepWeeds-Mobile/images/20170811-163711-1.jpg,0,8,0,8,0,0.9821108,0.00956379,0.0022326084,7.312914e-10,2.0191932e-07,2.9508744e-08,0.0015053079,0.00014196297,0.004445296,0.9821108
/home/leo/Documentos/mestrado/DeepWeeds-Mobile/images/20170728-150452-1.jpg,8,4,8,4,0,0.99049795,0.00024197051,3.970816e-06,0.0047522457,0.00037374083,0.99049795,1.0722871e-05,2.5623923e-08,0.00039336755,0.003726148
/home/leo/Documentos/mestrado/DeepWeeds-Mobile/images/20171212-100418-3.jpg,8,8,8,8,1,0.99961376,0.00015251142,4.4471376e-06,3.5194663e-11,1.5090131e-06,6.9776246e-10,0.00022388244,1.3196227e-07,3.7241412e-06,0.99961376
/home/leo/Documentos/mestrado/DeepWeeds-Mobile/images/20171113-092250-1.jpg,5,8,5,8,0,0.8004991,0.051857993,0.00083503406,2.5955274e-11,5.4357194e-08,9.2081814e-10,0.13747208,0.008835074,0.00050071883,0.8004991
/home/leo/Documentos/mestrado/DeepWeeds-Mobile/images/20171102-104838-3.jpg,2,8,2,8,0,0.6356584,5.545463e-05,0.00030442947,0.35221136,0.0018103896,0.009579181,2.5140316e-06,0.00036938547,8.884637e-06,0.6356584
/home/leo/Documentos/mestrado/DeepWeeds-Mobile/images/20170130-102702-0.jpg,1,1,1,1,1,0.9621848,0.010994926,0.9621848,5.946055e-13,4.197913e-07,5.3571786e-10,1.2456612e-05,0.00050141633,0.004178906,0.022126947
/home/leo/Documentos/mestrado/DeepWeeds-Mobile/images/20180125-092541-2.jpg,8,8,8,8,1,0.9992844,0.00018009516,7.30402e-05,4.398713e-06,4.4430428e-05,0.00034407334,6.264875e-07,3.1265667e-08,6.8978596e-05,0.9992844
/home/leo/Documentos/mestrado/DeepWeeds-Mobile/images/20170727-121854-3.jpg,4,4,4,4,1,0.9973369,3.5610853e-07,3.6718808e-09,0.00016132029,3.066132e-05,0.9973369,2.3816676e-05,1.5602927e-08,7.5768995e-08,0.002446817
/home/leo/Documentos/mestrado/DeepWeeds-Mobile/images/20180109-092127-2.jpg,7,7,7,7,1,0.99795926,0.0020295442,6.4649734e-09,6.01931e-09,1.3458897e-09,5.565674e-10,1.0392354e-06,7.250035e-08,0.99795926,1.0055824e-05
/home/leo/Documentos/mestrado/DeepWeeds-Mobile/images/20180125-100139-2.jpg,8,8,8,8,1,0.9998045,7.3979234e-10,1.5402356e-11,1.6104766e-09,0.00019501321,3.515871e-07,9.2359485e-08,3.7789225e-10,4.057622e-12,0.9998045
/home/leo/Documentos/mestrado/DeepWeeds-Mobile/images/20171109-085122-3.jpg,5,5,5,5,1,0.95849466,8.987503e-05,1.0573108e-07,3.8628146e-15,5.719707e-10,3.0447785e-14,0.95849466,1.8878702e-05,4.2721908e-08,0.041396488
/home/leo/Documentos/mestrado/DeepWeeds-Mobile/images/20180105-095125-2.jpg,8,8,8,8,1,0.9563086,9.506407e-07,7.2608527e-06,4.836543e-07,3.1555935e-08,1.013154e-08,2.0716234e-06,0.04367301,7.6025112e-06,0.9563086
/home/leo/Documentos/mestrado/DeepWeeds-Mobile/images/20170913-103628-2.jpg,3,3,3,3,1,0.9999682,4.158197e-08,2.567835e-10,2.7355037e-08,0.9999682,1.0173836e-06,9.457333e-06,3.7941647e-15,9.610715e-12,2.1375487e-05
/home/leo/Documentos/mestrado/DeepWeeds-Mobile/images/20170906-094622-1.jpg,3,3,3,3,1,0.9531842,0.0006335285,0.0006317234,2.177424e-08,0.9531842,0.0032606358,6.420308e-08,1.3153839e-06,0.033928618,0.0083598625
/home/leo/Documentos/mestrado/DeepWeeds-Mobile/images/20171102-121145-3.jpg,2,2,2,2,1,0.9912736,6.867873e-06,1.5150538e-07,0.9912736,2.029703e-05,2.7220663e-05,1.4351828e-06,2.862203e-07,5.817018e-07,0.008669593
/home/leo/Documentos/mestrado/DeepWeeds-Mobile/images/20171219-114710-2.jpg,8,8,8,8,1,0.997479,2.8873292e-05,1.746312e-05,0.0023816163,1.3110606e-05,3.8781815e-05,1.2138946e-07,3.9413317e-05,1.7019839e-06,0.997479
/home/leo/Documentos/mestrado/DeepWeeds-Mobile/images/20180109-085302-2.jpg,8,8,8,8,1,0.9677766,0.0020935852,0.00033427012,0.0011755083,0.028280234,7.78203e-05,1.5765705e-05,3.8494276e-05,0.0002077085,0.9677766
/home/leo/Documentos/mestrado/DeepWeeds-Mobile/images/20180125-091510-2.jpg,8,8,8,8,1,0.9999813,4.033032e-07,1.26482955e-05,2.1736188e-09,2.3881428e-06,2.765196e-07,1.4905956e-08,1.3804365e-07,2.901231e-06,0.9999813
/home/leo/Documentos/mestrado/DeepWeeds-Mobile/images/20171025-081255-1.jpg,3,3,3,3,1,0.9991547,2.369804e-06,4.217135e-09,7.503602e-09,0.9991547,5.394449e-08,4.850609e-12,1.015988e-10,4.5383402e-07,0.0008424348
/home/leo/Documentos/mestrado/DeepWeeds-Mobile/images/20180112-092520-2.jpg,8,8,8,8,1,0.98476577,0.014017289,4.509589e-10,1.75537e-12,1.9613322e-09,1.0701981e-14,5.5808542e-08,4.490634e-15,0.0012168486,0.98476577
/home/leo/Documentos/mestrado/DeepWeeds-Mobile/images/20180322-125629-1.jpg,8,8,8,8,1,0.99916005,1.8766158e-07,9.781127e-09,9.435684e-10,1.9661363e-07,3.9090117e-10,0.0008394847,9.112049e-11,2.411873e-09,0.99916005
/home/leo/Documentos/mestrado/DeepWeeds-Mobile/images/20180125-091550-2.jpg,8,8,8,8,1,0.9980313,1.4677496e-06,2.2231686e-06,0.0015980579,4.609802e-05,0.00031405807,2.697516e-07,6.2120134e-06,2.5591746e-07,0.9980313
/home/leo/Documentos/mestrado/DeepWeeds-Mobile/images/20170304-132038-0.jpg,7,7,7,7,1,0.99456996,0.004860093,0.0005483419,4.439314e-12,1.3344888e-11,7.2652665e-12,3.611776e-07,7.548572e-07,0.99456996,2.0513073e-05
/home/leo/Documentos/mestrado/DeepWeeds-Mobile/images/20170217-100726-0.jpg,7,7,7,7,1,0.93718207,0.062333737,4.5669069e-07,1.933787e-05,2.0767228e-09,2.0003311e-07,3.0350928e-05,3.0491645e-10,0.93718207,0.00043375313
/home/leo/Documentos/mestrado/DeepWeeds-Mobile/images/20170501-144424-0.jpg,1,8,1,8,0,0.8273053,0.00072696473,0.16987307,1.2684093e-08,1.3537521e-05,7.651734e-08,2.9796623e-05,0.0010891833,0.00096203166,0.8273053
/home/leo/Documentos/mestrado/DeepWeeds-Mobile/images/20171113-123824-1.jpg,6,6,6,6,1,0.94463956,1.6980596e-06,0.00068553037,2.9659921e-05,0.0008292834,0.00013378692,1.4772074e-06,0.94463956,1.7166868e-06,0.05367741
/home/leo/Documentos/mestrado/DeepWeeds-Mobile/images/20180322-124504-1.jpg,8,8,8,8,1,0.9999726,1.09079e-05,4.829255e-07,1.247292e-12,5.9726966e-07,7.3341133e-10,1.5303649e-05,8.282806e-09,3.4504065e-08,0.9999726
/home/leo/Documentos/mestrado/DeepWeeds-Mobile/images/20180125-134805-2.jpg,8,8,8,8,1,0.9999764,6.473277e-06,2.2067507e-06,7.582678e-08,8.468529e-07,2.646004e-07,3.1860413e-06,1.4881361e-09,1.0512788e-05,0.9999764
/home/leo/Documentos/mestrado/DeepWeeds-Mobile/images/20171025-074102-1.jpg,3,3,3,3,1,0.7162995,0.00090769463,0.13979912,3.5434172e-05,0.7162995,0.013172282,6.945525e-05,0.0006823999,0.0036678289,0.12536633
/home/leo/Documentos/mestrado/DeepWeeds-Mobile/images/20180119-111450-1.jpg,8,8,8,8,1,0.99542475,0.00080671353,0.0011553324,2.3439787e-08,8.062163e-05,1.0264886e-07,0.0010730468,0.0007364001,0.00072299753,0.99542475
/home/leo/Documentos/mestrado/DeepWeeds-Mobile/images/20171025-075258-1.jpg,3,8,3,8,0,0.91103023,0.0031056204,0.015489919,2.3895828e-08,0.055889238,4.4479975e-06,0.0003644016,0.00015598266,0.013960145,0.91103023
/home/leo/Documentos/mestrado/DeepWeeds-Mobile/images/20170714-111357-1.jpg,1,8,1,8,0,0.605258,0.11264581,0.20158052,1.150586e-08,0.0015844418,2.376335e-07,0.016790433,0.0001917319,0.061948944,0.605258
/home/leo/Documentos/mestrado/DeepWeeds-Mobile/images/20180109-092108-2.jpg,7,7,7,7,1,0.9967014,0.003170407,1.5896912e-09,4.8667446e-12,3.1456622e-11,9.43426e-12,5.1652637e-07,2.8075883e-10,0.9967014,0.00012771928
/home/leo/Documentos/mestrado/DeepWeeds-Mobile/images/20180109-101230-2.jpg,8,8,8,8,1,0.9969723,2.7428348e-05,1.0347921e-05,5.0926086e-05,0.00071459205,1.0743989e-06,4.6000205e-05,0.0021714626,5.8894248e-06,0.9969723
/home/leo/Documentos/mestrado/DeepWeeds-Mobile/images/20170714-115818-3.jpg,1,1,1,1,1,0.99874234,1.6720896e-05,0.99874234,3.9426038e-16,1.3443811e-10,1.0763052e-12,1.7741103e-09,0.001036836,0.0002012787,2.7778394e-06
/home/leo/Documentos/mestrado/DeepWeeds-Mobile/images/20171113-101323-0.jpg,6,6,6,6,1,0.88571054,2.5359784e-06,0.0020761583,1.5639876e-07,0.037040163,1.4948523e-06,5.401866e-07,0.88571054,2.688777e-06,0.075165756
/home/leo/Documentos/mestrado/DeepWeeds-Mobile/images/20170715-174216-1.jpg,1,1,1,1,1,0.9926164,2.9027457e-05,0.9926164,5.782465e-12,4.655745e-08,8.047739e-11,2.0058562e-05,0.0070455004,2.136505e-06,0.000286877
/home/leo/Documentos/mestrado/DeepWeeds-Mobile/images/20171113-120355-1.jpg,6,6,6,6,1,0.9964549,5.2002378e-08,0.0019463847,3.5676989e-12,5.7218443e-08,1.890075e-10,7.315112e-08,0.9964549,1.0088277e-06,0.0015975117
/home/leo/Documentos/mestrado/DeepWeeds-Mobile/images/20180105-101708-2.jpg,8,8,8,8,1,0.99990726,5.421156e-10,1.2585599e-05,4.028902e-12,1.1887781e-09,6.489703e-12,1.5147129e-09,7.9936515e-05,1.430348e-07,0.99990726
/home/leo/Documentos/mestrado/DeepWeeds-Mobile/images/20170714-142520-2.jpg,1,1,1,1,1,0.9288581,0.002007002,0.9288581,1.2621439e-13,9.951089e-05,4.8568893e-08,7.107105e-05,0.00077637384,0.052855637,0.015332211
/home/leo/Documentos/mestrado/DeepWeeds-Mobile/images/20180322-111601-2.jpg,8,8,8,8,1,0.9999374,1.440751e-05,3.2111583e-08,2.5177633e-11,4.8022855e-08,4.448484e-08,1.8216888e-08,1.7985021e-12,4.8102316e-05,0.9999374
/home/leo/Documentos/mestrado/DeepWeeds-Mobile/images/20170304-131904-0.jpg,7,7,7,7,1,0.99832994,0.0011408658,5.5266533e-08,4.230963e-12,2.5756122e-13,1.8797915e-10,3.8127233e-08,1.671901e-11,0.99832994,0.0005290372
/home/leo/Documentos/mestrado/DeepWeeds-Mobile/images/20180125-093622-1.jpg,8,8,8,8,1,0.99998546,5.9249903e-08,5.5053768e-08,3.1212797e-12,1.1459744e-09,2.5250113e-11,1.4529325e-05,6.379564e-09,1.7115465e-09,0.99998546
/home/leo/Documentos/mestrado/DeepWeeds-Mobile/images/20170811-111114-2.jpg,0,0,0,0,1,0.6068142,0.6068142,0.008871185,1.1493025e-06,9.083069e-06,1.94181e-05,0.0011099624,0.00016866787,0.061922494,0.32108384
/home/leo/Documentos/mestrado/DeepWeeds-Mobile/images/20170217-143741-0.jpg,7,7,7,7,1,0.99546635,0.0045127347,2.5732998e-09,3.9036992e-11,9.222149e-12,2.487539e-12,1.9563831e-07,1.7571714e-14,0.99546635,2.061646e-05
/home/leo/Documentos/mestrado/DeepWeeds-Mobile/images/20180322-112503-2.jpg,8,8,8,8,1,0.9977703,0.0020478275,8.8858343e-07,3.4657638e-05,1.2663213e-05,1.258512e-06,3.5421876e-05,1.4877366e-12,9.698465e-05,0.9977703
/home/leo/Documentos/mestrado/DeepWeeds-Mobile/images/20170920-115421-3.jpg,2,2,2,2,1,0.99998057,6.636851e-10,1.0687075e-11,0.99998057,5.819693e-07,1.4525652e-05,1.8312223e-08,2.477996e-10,8.390769e-11,4.258422e-06
/home/leo/Documentos/mestrado/DeepWeeds-Mobile/images/20171109-074707-3.jpg,5,5,5,5,1,0.9999093,1.1593818e-08,4.6918944e-11,3.9577818e-15,1.88707e-16,4.1979061e-16,0.9999093,1.9991572e-10,3.596896e-13,9.072321e-05
/home/leo/Documentos/mestrado/DeepWeeds-Mobile/images/20170727-143855-1.jpg,4,4,4,4,1,0.65813017,1.7434686e-05,6.026241e-07,5.948977e-05,6.864249e-05,0.65813017,0.33997115,3.2611229e-07,6.4024225e-06,0.001745844
/home/leo/Documentos/mestrado/DeepWeeds-Mobile/images/20180105-101758-2.jpg,8,8,8,8,1,0.98548,1.647529e-05,1.7090215e-06,8.405178e-08,1.8487504e-05,1.3909486e-05,1.7795526e-07,0.014416839,5.2331656e-05,0.98548
/home/leo/Documentos/mestrado/DeepWeeds-Mobile/images/20170727-170933-3.jpg,4,4,4,4,1,0.99951136,4.573799e-06,1.9448163e-07,9.127271e-06,0.00038177654,0.99951136,5.7208717e-11,1.3614671e-11,9.375593e-06,8.36344e-05
/home/leo/Documentos/mestrado/DeepWeeds-Mobile/images/20170704-152454-0.jpg,0,8,0,8,0,0.37451702,0.13044144,0.31013292,7.299311e-08,3.2111642e-05,2.9609786e-05,0.00075553573,1.6369823e-06,0.1840896,0.37451702
/home/leo/Documentos/mestrado/DeepWeeds-Mobile/images/20161207-111013-0.jpg,0,0,0,0,1,0.99936694,0.99936694,0.00011438396,5.458672e-13,1.9527473e-11,9.43424e-13,0.00037378186,6.0187815e-09,2.3633545e-05,0.00012124603
/home/leo/Documentos/mestrado/DeepWeeds-Mobile/images/20171113-132416-3.jpg,6,6,6,6,1,0.99500185,1.0980937e-05,0.00027597768,1.9299513e-07,9.612777e-07,4.593931e-08,3.3836585e-08,0.99500185,7.5788157e-06,0.0047022817
/home/leo/Documentos/mestrado/DeepWeeds-Mobile/images/20180112-091323-2.jpg,8,8,8,8,1,0.9984933,0.0014096355,7.776824e-12,2.5839581e-08,1.1721139e-07,2.1178463e-11,4.1884782e-08,6.177712e-16,9.683231e-05,0.9984933
/home/leo/Documentos/mestrado/DeepWeeds-Mobile/images/20180112-072402-1.jpg,8,8,8,8,1,0.9669944,0.0038543271,0.00027484758,0.00021763204,0.0030412944,0.0052844104,1.2980531e-07,3.0499336e-06,0.020329935,0.9669944
/home/leo/Documentos/mestrado/DeepWeeds-Mobile/images/20180109-071941-2.jpg,8,8,8,8,1,0.8432928,0.00033167473,0.001068404,4.0095533e-06,8.207873e-05,3.2243653e-07,0.00046365114,0.15307508,0.001682022,0.8432928
/home/leo/Documentos/mestrado/DeepWeeds-Mobile/images/20180112-072427-2.jpg,8,8,8,8,1,0.8817743,0.10936114,0.00019655903,0.0001843227,0.0022333825,4.7591926e-05,4.0089913e-07,5.251648e-07,0.0062017497,0.8817743
/home/leo/Documentos/mestrado/DeepWeeds-Mobile/images/20170718-094410-2.jpg,0,0,0,0,1,0.74352634,0.74352634,8.594626e-05,0.012319954,0.20150632,0.0031128044,8.06448e-06,1.2391967e-08,0.0034738812,0.035966747
/home/leo/Documentos/mestrado/DeepWeeds-Mobile/images/20170913-121846-2.jpg,5,5,5,5,1,0.9999918,1.2017822e-06,3.7373173e-08,1.1731958e-09,4.4621418e-09,1.6984656e-06,0.9999918,2.3069616e-11,2.0694999e-07,5.077732e-06
/home/leo/Documentos/mestrado/DeepWeeds-Mobile/images/20180109-074604-1.jpg,8,8,8,8,1,0.9969764,4.8649918e-06,1.0898578e-05,1.2995595e-06,3.171219e-06,4.089487e-07,1.6929282e-07,0.0029854234,1.7537981e-05,0.9969764
/home/leo/Documentos/mestrado/DeepWeeds-Mobile/images/20170718-102545-2.jpg,7,7,7,7,1,0.9084346,0.02855703,0.0068448195,1.2226246e-06,0.014633893,0.00041998137,2.1729611e-05,4.6958968e-07,0.9084346,0.041086197
/home/leo/Documentos/mestrado/DeepWeeds-Mobile/images/20180119-111314-1.jpg,8,8,8,8,1,0.9901881,0.0014018749,0.0054352866,1.2379579e-08,6.160549e-05,6.710334e-08,0.0011853209,0.0009988077,0.0007289389,0.9901881
/home/leo/Documentos/mestrado/DeepWeeds-Mobile/images/20170728-151857-1.jpg,8,8,8,8,1,0.9297768,6.0484417e-05,8.916455e-05,0.00035440022,0.0058729495,0.06366231,4.0282066e-06,1.6126315e-08,0.00017978612,0.9297768
/home/leo/Documentos/mestrado/DeepWeeds-Mobile/images/20171217-183506-2.jpg,8,8,8,8,1,0.7289052,0.0018932965,1.30238195e-05,2.844932e-09,0.00084288034,3.4100938e-06,0.26825374,2.8032854e-08,8.850777e-05,0.7289052
/home/leo/Documentos/mestrado/DeepWeeds-Mobile/images/20171113-120122-3.jpg,6,5,6,5,0,0.5223493,2.9737424e-05,0.00010366442,6.911898e-05,4.5328957e-08,0.0008143316,0.5223493,0.17930701,0.07165215,0.22567464
/home/leo/Documentos/mestrado/DeepWeeds-Mobile/images/20170129-103622-0.jpg,8,1,8,1,0,0.59043336,0.00797803,0.59043336,1.9457909e-09,0.0009709237,7.0905793e-07,0.00021255802,0.0054783816,0.041181367,0.35374466
/home/leo/Documentos/mestrado/DeepWeeds-Mobile/images/20171205-123747-2.jpg,8,8,8,8,1,0.9811312,0.0003086393,0.009500538,6.1270356e-08,0.0007308761,1.0945025e-06,0.008303438,5.836303e-06,1.8437877e-05,0.9811312
/home/leo/Documentos/mestrado/DeepWeeds-Mobile/images/20171025-090759-2.jpg,3,3,3,3,1,0.9942103,0.0015732229,4.3695443e-05,2.9226076e-05,0.9942103,0.0013168363,1.5470192e-08,3.090177e-08,9.83351e-05,0.0027281996
/home/leo/Documentos/mestrado/DeepWeeds-Mobile/images/20171102-102451-2.jpg,2,2,2,2,1,0.9787915,0.0011041078,3.992206e-08,0.9787915,0.0017767801,0.00021542232,1.1653402e-08,3.9359365e-09,1.0823053e-05,0.018101333
/home/leo/Documentos/mestrado/DeepWeeds-Mobile/images/20171109-072219-1.jpg,5,8,5,8,0,0.35558093,0.0044950196,0.017349642,5.821651e-10,2.1340073e-05,2.5488066e-07,0.29937747,0.30569935,0.017475983,0.35558093
/home/leo/Documentos/mestrado/DeepWeeds-Mobile/images/20170920-095144-1.jpg,2,2,2,2,1,0.73093826,8.908505e-08,0.00023282107,0.73093826,0.00016480713,5.049044e-05,4.2892316e-06,0.032230143,1.1611974e-06,0.2363779
/home/leo/Documentos/mestrado/DeepWeeds-Mobile/images/20171220-083313-3.jpg,8,8,8,8,1,0.9999802,1.6229482e-06,6.0560035e-10,7.2294537e-16,4.516568e-06,1.16240235e-08,1.355134e-05,9.603239e-13,1.203297e-08,0.9999802
/home/leo/Documentos/mestrado/DeepWeeds-Mobile/images/20171113-135754-1.jpg,6,6,6,6,1,0.9464857,7.5973304e-07,0.00095040526,1.01647565e-07,1.4773839e-06,1.5908174e-07,0.00010366203,0.9464857,1.2296559e-06,0.052456543
/home/leo/Documentos/mestrado/DeepWeeds-Mobile/images/20171212-095603-3.jpg,8,8,8,8,1,0.99996984,2.384903e-05,6.6779245e-07,2.4271939e-12,2.7657785e-07,5.4512717e-11,1.6309313e-06,4.4007265e-08,3.6860665e-06,0.99996984
/home/leo/Documentos/mestrado/DeepWeeds-Mobile/images/20171113-142815-2.jpg,6,6,6,6,1,0.9725193,0.0006040294,0.024245752,7.604732e-09,5.5387636e-07,2.0692643e-07,8.463453e-06,0.9725193,0.00020369573,0.002418009
/home/leo/Documentos/mestrado/DeepWeeds-Mobile/images/20170913-105957-3.jpg,5,5,5,5,1,0.9999999,4.4616105e-08,1.5048653e-10,4.4881771e-13,4.2212176e-09,2.0809428e-10,0.9999999,2.501537e-13,1.1161884e-09,1.744561e-08
/home/leo/Documentos/mestrado/DeepWeeds-Mobile/images/20170217-100534-0.jpg,7,7,7,7,1,0.9965192,0.0015560436,1.8057455e-06,2.2635135e-13,1.590524e-11,3.9701662e-13,1.3167237e-07,4.0648086e-07,0.9965192,0.0019224802
/home/leo/Documentos/mestrado/DeepWeeds-Mobile/images/20180322-112421-1.jpg,8,8,8,8,1,0.9948653,0.0003592146,1.4073593e-07,0.0043915794,0.0003538673,7.640437e-06,2.4707451e-06,2.8315765e-09,1.9809904e-05,0.9948653
/home/leo/Documentos/mestrado/DeepWeeds-Mobile/images/20170811-122845-2.jpg,0,0,0,0,1,0.9426796,0.9426796,0.015289806,5.4501462e-11,1.1957315e-08,4.1904892e-07,2.4672048e-07,2.773585e-09,0.0018610434,0.040168915
/home/leo/Documentos/mestrado/DeepWeeds-Mobile/images/20171109-093449-2.jpg,5,5,5,5,1,0.99623954,1.6713028e-06,1.0203771e-06,4.223273e-15,2.3950034e-10,7.644344e-14,0.99623954,8.205825e-08,1.2813552e-08,0.0037576517
/home/leo/Documentos/mestrado/DeepWeeds-Mobile/images/20180119-113149-1.jpg,8,8,8,8,1,0.99975616,1.3400189e-06,0.00020805311,2.1144484e-09,2.1077385e-05,1.4621662e-08,1.1881135e-05,7.758675e-07,6.3732494e-07,0.99975616
/home/leo/Documentos/mestrado/DeepWeeds-Mobile/images/20170906-105056-1.jpg,3,3,3,3,1,0.7923963,0.016219463,0.0017124274,0.009286049,0.7923963,0.08341217,9.635655e-06,2.949959e-05,0.05328242,0.04365199
/home/leo/Documentos/mestrado/DeepWeeds-Mobile/images/20171025-095617-2.jpg,3,3,3,3,1,0.9847344,2.4835008e-06,3.551457e-08,1.4693873e-07,0.9847344,1.2196354e-05,1.7252099e-11,1.3901209e-08,1.0962324e-06,0.015249689
/home/leo/Documentos/mestrado/DeepWeeds-Mobile/images/20180109-103550-2.jpg,8,8,8,8,1,0.92399174,0.018213252,2.9681347e-05,0.030281292,0.026596632,0.00016877353,0.00032201273,0.00021686456,0.00017981362,0.92399174
/home/leo/Documentos/mestrado/DeepWeeds-Mobile/images/20170920-183330-1.jpg,2,2,2,2,1,0.9332178,0.00014581722,7.2919875e-06,0.9332178,0.0017731532,0.038420197,1.6021771e-05,4.8046063e-06,1.3047973e-05,0.026401818
/home/leo/Documentos/mestrado/DeepWeeds-Mobile/images/20180109-070345-2.jpg,8,8,8,8,1,0.9954655,1.1835142e-07,1.5300776e-07,1.9929995e-07,3.58549e-09,2.0611311e-07,8.717695e-10,0.004532725,1.0531219e-06,0.9954655
/home/leo/Documentos/mestrado/DeepWeeds-Mobile/images/20180119-113900-2.jpg,8,8,8,8,1,0.99106616,0.006971375,0.00058963156,4.1212053e-07,1.7587691e-06,7.558008e-08,0.001091203,0.00019835852,8.108857e-05,0.99106616
/home/leo/Documentos/mestrado/DeepWeeds-Mobile/images/20171102-122358-1.jpg,2,2,2,2,1,0.99990976,5.4395027e-06,6.5028843e-10,0.99990976,2.4748437e-05,4.4904627e-05,6.943988e-09,2.5471006e-10,4.6983338e-08,1.50656715e-05
/home/leo/Documentos/mestrado/DeepWeeds-Mobile/images/20171217-100549-2.jpg,8,8,8,8,1,0.99372214,4.6362187e-05,2.5142463e-05,0.00010753811,0.003476672,0.0025266637,9.7716875e-09,1.0816933e-06,9.4372626e-05,0.99372214
/home/leo/Documentos/mestrado/DeepWeeds-Mobile/images/20171212-094144-1.jpg,8,8,8,8,1,0.99307996,0.0037720066,3.3818612e-06,1.8599214e-10,0.0010285627,3.8567954e-08,4.653617e-06,1.2386877e-08,0.002111517,0.99307996
/home/leo/Documentos/mestrado/DeepWeeds-Mobile/images/20180125-125946-2.jpg,8,8,8,8,1,0.9996757,6.605297e-07,0.00018921563,3.021687e-12,1.6650029e-07,8.26876e-10,1.35186e-05,8.435318e-05,3.628819e-05,0.9996757
/home/leo/Documentos/mestrado/DeepWeeds-Mobile/images/20171102-120936-1.jpg,2,2,2,2,1,0.9999995,1.9100104e-09,2.1927685e-12,0.9999995,2.2454132e-10,1.991302e-08,1.1327127e-09,2.0945037e-11,4.747723e-10,4.709565e-07
/home/leo/Documentos/mestrado/DeepWeeds-Mobile/images/20180112-082753-1.jpg,8,8,8,8,1,0.96878356,0.011493342,5.591952e-07,0.00031634557,0.015972054,2.013126e-05,1.7527427e-07,3.9793283e-10,0.0034138386,0.96878356
/home/leo/Documentos/mestrado/DeepWeeds-Mobile/images/20161207-111955-0.jpg,0,0,0,0,1,0.9973558,0.9973558,0.00017675846,1.1683397e-12,2.6917844e-06,1.5218627e-11,1.1830756e-05,1.2201795e-06,0.002168502,0.00028324037
/home/leo/Documentos/mestrado/DeepWeeds-Mobile/images/20161207-144425-0.jpg,7,0,7,0,0,0.40830374,0.40830374,0.022084083,7.0998323e-09,0.0007200912,1.0241579e-06,0.3658214,0.005486374,0.009677567,0.18790565
/home/leo/Documentos/mestrado/DeepWeeds-Mobile/images/20180109-071737-2.jpg,8,8,8,8,1,0.9106161,1.1965386e-05,0.0026285409,1.8820694e-05,1.5256551e-06,1.8477468e-07,0.00022723331,0.08636035,0.0001353077,0.9106161
/home/leo/Documentos/mestrado/DeepWeeds-Mobile/images/20180322-120934-2.jpg,8,8,8,8,1,0.99999595,2.53955e-07,7.761815e-09,7.3537156e-13,3.3208116e-06,4.0244737e-07,2.1647482e-08,9.781637e-13,1.1222906e-07,0.99999595
/home/leo/Documentos/mestrado/DeepWeeds-Mobile/images/20170728-151807-1.jpg,8,8,8,8,1,0.5864683,0.000109884175,4.5946362e-07,1.895294e-06,0.0033658375,0.40985975,4.4606066e-05,8.6695527e-13,0.00014930399,0.5864683
/home/leo/Documentos/mestrado/DeepWeeds-Mobile/images/20171121-090927-3.jpg,6,6,6,6,1,0.9436405,4.340321e-05,0.052597966,6.497276e-09,2.894265e-05,6.66686e-06,1.4436024e-06,0.9436405,0.0001034656,0.0035776147
/home/leo/Documentos/mestrado/DeepWeeds-Mobile/images/20171212-094815-1.jpg,8,8,8,8,1,0.99998164,1.01144715e-05,1.18409034e-07,3.0745004e-16,6.9070484e-06,4.5148256e-12,4.0307786e-08,3.5454835e-09,1.1610956e-06,0.99998164
/home/leo/Documentos/mestrado/DeepWeeds-Mobile/images/20170207-153455-0.jpg,0,7,0,7,0,0.8662377,0.13335173,5.354797e-07,6.8131603e-12,7.416641e-14,1.0516502e-11,2.3410114e-07,4.159431e-10,0.8662377,0.00040983467
/home/leo/Documentos/mestrado/DeepWeeds-Mobile/images/20180125-100756-2.jpg,8,8,8,8,1,0.9999801,1.3033933e-09,2.9737223e-11,2.8648824e-08,1.7054224e-05,1.3427934e-06,1.5144024e-06,5.0842236e-10,2.614927e-11,0.9999801
/home/leo/Documentos/mestrado/DeepWeeds-Mobile/images/20171025-085901-1.jpg,3,3,3,3,1,0.95852125,0.009071915,4.8592e-06,3.2843316e-05,0.95852125,0.00035092907,4.5762164e-08,1.8791932e-08,0.0011568352,0.030861264
/home/leo/Documentos/mestrado/DeepWeeds-Mobile/images/20180119-115303-1.jpg,8,8,8,8,1,0.93002033,0.0040349374,0.00031724427,0.005986282,0.047136486,0.012282352,2.0531357e-07,4.0556253e-05,0.00018164632,0.93002033
/home/leo/Documentos/mestrado/DeepWeeds-Mobile/images/20180109-085417-1.jpg,8,8,8,8,1,0.61406744,0.06952443,0.0008774104,8.550527e-05,1.2694312e-05,3.7970228e-06,0.07973494,0.23124795,0.0044459375,0.61406744
/home/leo/Documentos/mestrado/DeepWeeds-Mobile/images/20180125-131649-2.jpg,8,8,8,8,1,0.99607277,0.003178955,0.00012027723,1.4582102e-07,2.1882073e-08,7.74505e-08,0.0002410589,6.159166e-08,0.00038662375,0.99607277
/home/leo/Documentos/mestrado/DeepWeeds-Mobile/images/20180105-100017-3.jpg,8,8,8,8,1,0.9998727,2.0263924e-08,2.328381e-06,1.5777077e-06,7.372626e-05,1.3225312e-05,7.1271764e-08,3.6318157e-05,9.508336e-08,0.9998727
/home/leo/Documentos/mestrado/DeepWeeds-Mobile/images/20180125-100650-1.jpg,8,8,8,8,1,0.99999726,6.263859e-07,3.9454756e-07,4.678723e-11,7.3320736e-09,3.6135623e-07,1.8484047e-09,3.807771e-09,1.4247213e-06,0.99999726
/home/leo/Documentos/mestrado/DeepWeeds-Mobile/images/20171201-115724-1.jpg,8,8,8,8,1,0.9986872,3.5922334e-05,2.4850075e-10,1.4456452e-11,5.7934333e-09,5.5203377e-12,5.368428e-05,2.5015124e-11,0.0012231824,0.9986872
/home/leo/Documentos/mestrado/DeepWeeds-Mobile/images/20180109-095505-1.jpg,8,8,8,8,1,0.9035503,0.026215652,4.1468006e-06,0.00042523784,0.06779336,1.1883622e-05,2.670227e-07,1.5613428e-07,0.0019990697,0.9035503
/home/leo/Documentos/mestrado/DeepWeeds-Mobile/images/20170920-114851-3.jpg,2,2,2,2,1,0.9873574,3.4130403e-06,1.9939999e-07,0.9873574,0.0001286058,0.0043829093,3.5110302e-06,9.651613e-07,4.75994e-07,0.008122547
/home/leo/Documentos/mestrado/DeepWeeds-Mobile/images/20180322-111632-1.jpg,8,8,8,8,1,0.9973816,0.0011037734,0.00012420275,4.0743715e-09,0.0001438749,9.115961e-07,1.4007978e-05,5.7070626e-10,0.0012316494,0.9973816
/home/leo/Documentos/mestrado/DeepWeeds-Mobile/images/20180125-135041-3.jpg,8,8,8,8,1,0.9688385,0.0020876718,0.0010636008,0.0039656754,0.011436684,0.0026823448,2.4922962e-05,0.00021897712,0.009681633,0.9688385
/home/leo/Documentos/mestrado/DeepWeeds-Mobile/images/20170714-133204-1.jpg,1,1,1,1,1,0.996397,6.453242e-05,0.996397,1.7293648e-10,0.00013890858,3.3384282e-07,1.7891878e-05,0.0010008196,0.0002678378,0.0021126247
/home/leo/Documentos/mestrado/DeepWeeds-Mobile/images/20170705-163349-0.jpg,7,7,7,7,1,0.8825844,0.10823348,0.00049917045,4.255754e-09,0.00042539,1.4405531e-06,5.6177537e-06,2.0994172e-10,0.8825844,0.008250492
/home/leo/Documentos/mestrado/DeepWeeds-Mobile/images/20180322-105511-1.jpg,8,8,8,8,1,0.9589578,0.007963368,0.0026624445,2.609336e-06,0.0015941338,0.007233883,0.00052071316,1.0289732e-06,0.02106396,0.9589578
/home/leo/Documentos/mestrado/DeepWeeds-Mobile/images/20171109-094316-3.jpg,5,5,5,5,1,0.99998116,2.8593174e-06,8.020369e-10,2.236088e-11,4.715059e-13,4.7887356e-13,0.99998116,1.2480235e-05,6.092446e-10,3.5203325e-06
/home/leo/Documentos/mestrado/DeepWeeds-Mobile/images/20171212-095907-3.jpg,8,8,8,8,1,0.9895215,0.0039078356,0.00015030692,4.0138974e-07,0.0029778732,4.4965846e-06,5.102512e-05,0.0012621933,0.002124402,0.9895215
/home/leo/Documentos/mestrado/DeepWeeds-Mobile/images/20171205-142853-2.jpg,8,8,8,8,1,0.76670814,0.0038140074,0.13272691,2.1687147e-07,0.00047457917,2.0872892e-06,0.05973199,0.035748996,0.00079309876,0.76670814
/home/leo/Documentos/mestrado/DeepWeeds-Mobile/images/20171205-123605-2.jpg,8,5,8,5,0,0.7377433,0.018285312,0.00044041363,1.6114667e-10,2.4070246e-07,5.962507e-09,0.7377433,1.4093234e-06,0.0001599567,0.2433693
/home/leo/Documentos/mestrado/DeepWeeds-Mobile/images/20180322-131925-1.jpg,8,8,8,8,1,0.9999292,3.4806835e-05,4.999547e-07,2.1107927e-09,1.7345292e-06,2.1387143e-06,6.7057676e-06,4.8796956e-11,2.492025e-05,0.9999292
/home/leo/Documentos/mestrado/DeepWeeds-Mobile/images/20180109-094859-2.jpg,8,8,8,8,1,0.994837,0.0032799342,4.31722e-05,0.00028410787,0.0014632732,2.3608276e-05,1.2313186e-05,1.7708864e-07,5.6423487e-05,0.994837
/home/leo/Documentos/mestrado/DeepWeeds-Mobile/images/20170718-101135-2.jpg,0,8,0,8,0,0.91564775,0.015948707,0.009741025,2.001308e-09,0.0022877848,4.4286648e-07,0.0002873816,9.3411865e-05,0.055993512,0.91564775
/home/leo/Documentos/mestrado/DeepWeeds-Mobile/images/20171113-143153-2.jpg,6,6,6,6,1,0.99994886,5.309912e-07,3.9886778e-05,8.093251e-11,9.095679e-09,1.3998897e-08,3.211261e-09,0.99994886,8.448658e-06,2.2438976e-06
/home/leo/Documentos/mestrado/DeepWeeds-Mobile/images/20171113-121009-2.jpg,6,6,6,6,1,0.9743421,1.3008786e-06,0.025623703,1.2142248e-11,4.6159798e-08,4.0697103e-09,1.2135876e-08,0.9743421,6.294074e-06,2.660745e-05
/home/leo/Documentos/mestrado/DeepWeeds-Mobile/images/20170906-092211-1.jpg,3,7,3,7,0,0.69055647,0.018276813,0.00083904807,2.060111e-06,0.27004617,0.011620098,2.3708803e-07,3.0072047e-06,0.69055647,0.008656044
/home/leo/Documentos/mestrado/DeepWeeds-Mobile/images/20170718-101848-2.jpg,0,1,0,1,0,0.4724834,0.0860296,0.4724834,6.7198102e-06,0.008736247,0.00012408619,0.008268399,0.020793494,0.27120766,0.13235034
/home/leo/Documentos/mestrado/DeepWeeds-Mobile/images/20170920-094121-1.jpg,4,4,4,4,1,0.59311867,0.040490378,0.012484155,0.04847376,0.007907864,0.59311867,0.0015266737,0.012486731,0.0070359185,0.27647594
/home/leo/Documentos/mestrado/DeepWeeds-Mobile/images/20170728-125650-2.jpg,4,4,4,4,1,0.99956614,4.840467e-09,3.5748582e-10,0.00025264683,2.6676328e-06,0.99956614,6.993254e-10,1.3915216e-07,3.272987e-10,0.00017847898
/home/leo/Documentos/mestrado/DeepWeeds-Mobile/images/20171113-141550-2.jpg,6,6,6,6,1,0.9945891,9.30374e-05,0.001877178,1.1921038e-10,1.3140479e-07,6.688771e-10,0.00019570997,0.9945891,0.00032109217,0.0029236933
/home/leo/Documentos/mestrado/DeepWeeds-Mobile/images/20180105-101120-3.jpg,8,8,8,8,1,0.90000594,0.0019776693,0.0014969566,0.08938161,0.00034705317,0.004533155,9.186303e-06,0.0017524085,0.0004959636,0.90000594
/home/leo/Documentos/mestrado/DeepWeeds-Mobile/images/20171025-093959-3.jpg,7,7,7,7,1,0.4965213,0.27048346,0.1336812,0.00035913897,0.01909158,0.0006951422,0.00915841,0.015007578,0.4965213,0.055002127
/home/leo/Documentos/mestrado/DeepWeeds-Mobile/images/20170315-090101-0.jpg,8,8,8,8,1,0.9987031,0.0005449882,0.00021208984,1.3335169e-08,2.1664223e-06,1.1868903e-07,0.00022673316,2.0570962e-08,0.00031077498,0.9987031
/home/leo/Documentos/mestrado/DeepWeeds-Mobile/images/20171212-095130-1.jpg,8,8,8,8,1,0.99874145,5.330403e-06,0.00024082513,6.507251e-14,0.0009853558,7.585536e-10,4.7355473e-07,1.9861518e-07,2.6317985e-05,0.99874145
/home/leo/Documentos/mestrado/DeepWeeds-Mobile/images/20170706-130316-3.jpg,1,1,1,1,1,0.99999154,2.2198244e-06,0.99999154,5.3723966e-14,1.279766e-10,2.3506305e-12,2.1461614e-07,4.1994278e-07,2.8014686e-06,2.764445e-06
/home/leo/Documentos/mestrado/DeepWeeds-Mobile/images/20170728-124953-2.jpg,4,4,4,4,1,0.9886175,1.3242029e-05,7.668171e-09,9.135331e-10,1.6846361e-07,0.9886175,5.562751e-12,3.6262116e-16,3.7851628e-06,0.011365307
/home/leo/Documentos/mestrado/DeepWeeds-Mobile/images/20170920-134120-2.jpg,2,2,2,2,1,0.9999285,5.5071456e-07,2.8060802e-08,0.9999285,1.4255353e-06,1.9367142e-05,3.1747317e-07,3.3507344e-08,3.777901e-07,4.9398703e-05
/home/leo/Documentos/mestrado/DeepWeeds-Mobile/images/20171113-145039-3.jpg,6,6,6,6,1,0.9951283,1.0193941e-05,0.00010333436,3.9048493e-09,1.1548351e-07,4.7809734e-09,4.8597843e-07,0.9951283,2.898241e-06,0.0047546886
/home/leo/Documentos/mestrado/DeepWeeds-Mobile/images/20170217-115752-0.jpg,0,0,0,0,1,0.99999976,0.99999976,1.3953823e-10,5.148986e-18,9.931293e-18,6.5855025e-18,7.73175e-08,1.09341425e-16,1.263582e-09,1.4370559e-07
/home/leo/Documentos/mestrado/DeepWeeds-Mobile/images/20180109-075210-1.jpg,8,8,8,8,1,0.9934437,0.001466301,3.802044e-05,7.4593086e-06,0.002327144,3.0689716e-05,1.5975154e-07,0.0024352223,0.00025135837,0.9934437
/home/leo/Documentos/mestrado/DeepWeeds-Mobile/images/20170210-131249-0.jpg,7,7,7,7,1,0.9889404,0.010813501,3.4609304e-08,1.0483482e-06,1.0742464e-08,3.5010952e-10,2.3827824e-05,5.2290438e-12,0.9889404,0.00022124451
/home/leo/Documentos/mestrado/DeepWeeds-Mobile/images/20170217-152300-0.jpg,0,0,0,0,1,0.99986136,0.99986136,3.116234e-05,2.0934013e-13,1.8900369e-13,2.841002e-13,5.6281124e-06,3.722572e-07,9.240276e-05,9.116911e-06
/home/leo/Documentos/mestrado/DeepWeeds-Mobile/images/20171113-124335-1.jpg,6,6,6,6,1,0.9965057,1.9208869e-07,0.00014006153,3.4276937e-07,6.149999e-07,4.9987094e-08,4.8809312e-08,0.9965057,1.3104096e-07,0.0033527699
/home/leo/Documentos/mestrado/DeepWeeds-Mobile/images/20180125-132508-2.jpg,8,8,8,8,1,0.9990685,7.0989285e-05,1.1982367e-05,3.329497e-10,8.526553e-08,1.4777324e-05,3.696109e-07,7.480103e-10,0.00083323574,0.9990685
/home/leo/Documentos/mestrado/DeepWeeds-Mobile/images/20171025-091240-2.jpg,3,3,3,3,1,0.9447537,0.011972564,0.0019237008,7.233257e-06,0.9447537,0.0057055186,1.4954353e-06,1.8717799e-07,0.029901985,0.005733626
/home/leo/Documentos/mestrado/DeepWeeds-Mobile/images/20180125-092755-1.jpg,8,8,8,8,1,0.9999999,5.5372156e-09,9.970318e-10,7.642448e-15,7.8522056e-08,3.954398e-11,1.7832091e-08,6.7839744e-13,1.1271371e-10,0.9999999
/home/leo/Documentos/mestrado/DeepWeeds-Mobile/images/20180109-065918-2.jpg,8,8,8,8,1,0.98170245,1.4585935e-06,0.0016972158,0.00050015445,0.00012051285,2.8396664e-06,0.0017422603,0.014172854,6.0348873e-05,0.98170245
/home/leo/Documentos/mestrado/DeepWeeds-Mobile/images/20180105-092231-2.jpg,8,8,8,8,1,0.9995196,4.0079995e-06,1.35405e-05,7.7849877e-10,2.5951647e-05,8.1264614e-07,7.601949e-07,0.0003850996,5.020912e-05,0.9995196
/home/leo/Documentos/mestrado/DeepWeeds-Mobile/images/20171109-093513-1.jpg,5,8,5,8,0,0.9760065,0.0021350964,0.00020279543,1.0553747e-08,5.496766e-06,1.7790779e-05,0.010248413,0.0003528295,0.011031024,0.9760065
/home/leo/Documentos/mestrado/DeepWeeds-Mobile/images/20171220-101919-2.jpg,8,8,8,8,1,0.9985696,0.0012768349,1.1471339e-07,1.6476674e-18,7.104981e-10,1.9315802e-17,0.0001520631,2.1854598e-09,1.3646626e-06,0.9985696
/home/leo/Documentos/mestrado/DeepWeeds-Mobile/images/20170913-100221-3.jpg,5,5,5,5,1,0.9997823,9.876252e-06,2.0651838e-08,1.595356e-06,4.044847e-05,8.964541e-08,0.9997823,4.6745406e-08,7.27039e-08,0.00016549652
/home/leo/Documentos/mestrado/DeepWeeds-Mobile/images/20171219-093321-2.jpg,8,8,8,8,1,0.7901537,0.20805778,3.5512145e-05,4.087397e-08,0.0007231842,2.1510525e-07,0.00017924627,8.810601e-08,0.00085034827,0.7901537
/home/leo/Documentos/mestrado/DeepWeeds-Mobile/images/20171212-103728-3.jpg,8,8,8,8,1,0.97906184,0.0015216055,0.01857373,6.910861e-14,2.0825099e-05,3.1233058e-09,1.1624977e-05,3.8186143e-05,0.00077213824,0.97906184
/home/leo/Documentos/mestrado/DeepWeeds-Mobile/images/20171217-183714-2.jpg,8,0,8,0,0,0.7232821,0.7232821,0.11888529,3.3180659e-12,2.0670898e-09,1.827201e-10,0.0028525083,9.0617425e-05,0.0010208889,0.15386859
/home/leo/Documentos/mestrado/DeepWeeds-Mobile/images/20171025-100715-2.jpg,3,3,3,3,1,0.99914455,4.9959243e-07,1.13765e-10,2.909465e-05,0.99914455,5.586868e-07,9.379099e-12,1.6026195e-09,4.70975e-09,0.0008252381
/home/leo/Documentos/mestrado/DeepWeeds-Mobile/images/20170913-115222-2.jpg,5,5,5,5,1,0.9963947,0.00043710775,3.722232e-05,1.3200517e-07,3.942147e-08,2.8367776e-06,0.9963947,7.610683e-06,0.001931181,0.0011892164
/home/leo/Documentos/mestrado/DeepWeeds-Mobile/images/20171220-082206-2.jpg,8,0,8,0,0,0.56824845,0.56824845,4.9093096e-06,1.3742458e-09,0.0025710366,1.109165e-06,1.8424263e-06,4.4622e-06,0.074894436,0.3542739
/home/leo/Documentos/mestrado/DeepWeeds-Mobile/images/20170714-130748-1.jpg,1,1,1,1,1,0.99968106,1.0179353e-05,0.99968106,1.8614366e-12,1.0873476e-08,4.3095222e-10,3.7816026e-08,1.0882995e-09,2.6907357e-05,0.00028182255
/home/leo/Documentos/mestrado/DeepWeeds-Mobile/images/20171109-090822-1.jpg,5,5,5,5,1,0.9870716,5.030685e-07,4.2248097e-08,2.0939055e-17,1.239437e-09,1.4485931e-12,0.9870716,1.4123934e-09,9.905939e-10,0.0129279
/home/leo/Documentos/mestrado/DeepWeeds-Mobile/images/20171113-133118-3.jpg,6,6,6,6,1,0.97166085,0.00028742064,0.00043771506,6.217413e-05,8.295692e-05,4.590531e-05,1.5513469e-07,0.97166085,0.00015111663,0.027271662
/home/leo/Documentos/mestrado/DeepWeeds-Mobile/images/20170727-143325-3.jpg,4,4,4,4,1,0.9724152,7.49431e-05,4.7741996e-06,0.011365243,0.011579333,0.9724152,8.399166e-08,7.1231514e-09,0.00027314457,0.0042872983
/home/leo/Documentos/mestrado/DeepWeeds-Mobile/images/20171113-102401-1.jpg,5,5,5,5,1,0.78973746,0.00064539246,0.00021573517,6.7125585e-09,2.8854833e-05,4.545054e-06,0.78973746,0.007704087,4.0735787e-05,0.20162316
/home/leo/Documentos/mestrado/DeepWeeds-Mobile/images/20170130-102603-0.jpg,1,0,1,0,0,0.47166616,0.47166616,0.20701566,3.5441003e-06,0.0027876166,4.1131643e-05,0.0047121947,0.00036234633,0.2597254,0.053685933
/home/leo/Documentos/mestrado/DeepWeeds-Mobile/images/20171220-094903-2.jpg,8,8,8,8,1,0.9971174,0.0021845351,4.9652237e-05,8.5920915e-14,3.2879714e-05,2.1240358e-11,1.3741e-05,0.0003872478,0.0002145178,0.9971174
/home/leo/Documentos/mestrado/DeepWeeds-Mobile/images/20170707-113201-0.jpg,7,0,7,0,0,0.5715611,0.5715611,0.00032605566,1.618558e-09,0.00067442853,1.6937539e-06,0.0002490886,1.9177778e-06,0.3598838,0.06730193
/home/leo/Documentos/mestrado/DeepWeeds-Mobile/images/20170217-114604-0.jpg,7,7,7,7,1,0.9990883,0.0008997537,2.4265674e-08,2.318601e-09,7.0994773e-12,5.609014e-10,1.5987368e-06,2.4093787e-12,0.9990883,1.0251161e-05
/home/leo/Documentos/mestrado/DeepWeeds-Mobile/images/20180109-091833-1.jpg,8,8,8,8,1,0.99532884,0.0030795336,7.499483e-05,4.838107e-07,0.00050168624,1.0253351e-05,4.722714e-06,0.00090005784,9.944084e-05,0.99532884
/home/leo/Documentos/mestrado/DeepWeeds-Mobile/images/20170707-112442-0.jpg,0,0,0,0,1,0.46679237,0.46679237,0.00043022676,4.973337e-06,1.3151485e-05,1.2094071e-05,0.00088144897,6.9586185e-06,0.29489473,0.23696415
/home/leo/Documentos/mestrado/DeepWeeds-Mobile/images/20170718-100208-2.jpg,0,0,0,0,1,0.9921646,0.9921646,4.1022545e-06,3.4557815e-12,5.714621e-12,3.0381547e-10,7.752345e-09,2.442306e-10,0.00755061,0.0002806805
/home/leo/Documentos/mestrado/DeepWeeds-Mobile/images/20180322-133110-1.jpg,8,8,8,8,1,0.9999881,3.1051698e-06,1.1469571e-07,1.4303251e-08,7.514551e-06,2.4785237e-07,8.239871e-07,1.1478465e-11,1.7844307e-07,0.9999881
/home/leo/Documentos/mestrado/DeepWeeds-Mobile/images/20170728-152734-2.jpg,4,8,4,8,0,0.67061424,0.0011153127,0.00024088053,1.2147677e-06,0.00029421982,0.30944812,1.8406696e-05,5.957766e-09,0.018267576,0.67061424
/home/leo/Documentos/mestrado/DeepWeeds-Mobile/images/20180322-125948-1.jpg,8,8,8,8,1,0.9998791,7.3323485e-05,8.129566e-08,2.4067755e-05,1.3455964e-05,8.336581e-06,2.1809298e-07,9.054494e-12,1.3736044e-06,0.9998791
/home/leo/Documentos/mestrado/DeepWeeds-Mobile/images/20170920-112602-3.jpg,2,2,2,2,1,0.9678408,0.007023,2.0455205e-05,0.9678408,0.00021566416,0.0006668144,0.021687942,0.00017057965,0.0015423563,0.0008324921
/home/leo/Documentos/mestrado/DeepWeeds-Mobile/images/20180322-115857-2.jpg,8,8,8,8,1,0.99943155,4.5903175e-06,4.717714e-08,1.0184186e-06,0.0005374149,2.4383495e-05,3.737495e-09,5.1736576e-10,8.629896e-07,0.99943155
/home/leo/Documentos/mestrado/DeepWeeds-Mobile/images/20180125-134757-3.jpg,8,8,8,8,1,0.81434834,0.02231689,0.013529399,0.009101653,0.01764815,0.015244615,0.0005485835,0.00017389123,0.10708858,0.81434834
/home/leo/Documentos/mestrado/DeepWeeds-Mobile/images/20171102-122249-3.jpg,2,2,2,2,1,0.9995577,1.15821895e-05,2.0685401e-11,0.9995577,2.2062275e-05,1.3852363e-07,7.060806e-08,4.461213e-11,2.2950599e-06,0.0004061912
/home/leo/Documentos/mestrado/DeepWeeds-Mobile/images/20170404-154201-0.jpg,7,7,7,7,1,0.9996662,0.0003303862,2.5640955e-07,9.161926e-13,1.1803681e-12,3.6039368e-14,3.0722582e-09,1.0245124e-09,0.9996662,3.1317286e-06
/home/leo/Documentos/mestrado/DeepWeeds-Mobile/images/20171212-104904-3.jpg,8,8,8,8,1,0.9881528,0.010378305,0.00050408504,4.78116e-07,0.00035404458,1.09305065e-05,8.760469e-05,1.7435336e-06,0.0005100163,0.9881528
/home/leo/Documentos/mestrado/DeepWeeds-Mobile/images/20171109-194817-1.jpg,5,5,5,5,1,0.9962023,1.2378625e-05,3.4709427e-07,8.5499785e-09,1.9275651e-08,3.0988645e-10,0.9962023,6.069656e-06,7.106907e-08,0.0037787706
/home/leo/Documentos/mestrado/DeepWeeds-Mobile/images/20170127-102832-0.jpg,1,1,1,1,1,0.7304751,0.0004591081,0.7304751,9.408995e-09,0.00010553979,1.2527663e-06,1.4251711e-06,2.2667496e-06,0.0011308705,0.26782444
/home/leo/Documentos/mestrado/DeepWeeds-Mobile/images/20171217-184005-2.jpg,8,8,8,8,1,0.9979018,0.0002951183,9.265645e-05,2.2763435e-11,2.3790834e-09,1.140917e-10,0.001528997,8.592898e-05,9.5529875e-05,0.9979018
/home/leo/Documentos/mestrado/DeepWeeds-Mobile/images/20170217-143757-0.jpg,7,7,7,7,1,0.9956268,0.004285798,3.9450018e-07,2.7760721e-10,4.410379e-09,2.4334902e-11,1.375182e-05,3.1299005e-11,0.9956268,7.324667e-05
/home/leo/Documentos/mestrado/DeepWeeds-Mobile/images/20180112-094807-2.jpg,8,8,8,8,1,0.77731746,0.07596741,0.00029658785,1.5141717e-07,6.2011095e-05,1.1116688e-08,0.00031424063,1.5129292e-05,0.14602701,0.77731746
/home/leo/Documentos/mestrado/DeepWeeds-Mobile/images/20171220-100356-1.jpg,8,8,8,8,1,0.9999993,5.563795e-07,8.46718e-11,3.6085129e-19,3.989896e-08,2.969354e-14,6.2144345e-08,8.4739846e-14,4.0456996e-08,0.9999993
/home/leo/Documentos/mestrado/DeepWeeds-Mobile/images/20171220-100230-2.jpg,8,8,8,8,1,0.9875047,0.012235817,1.1544998e-06,4.5912947e-14,1.7816705e-05,1.0825495e-10,0.00019738765,2.2193651e-06,4.0909872e-05,0.9875047
/home/leo/Documentos/mestrado/DeepWeeds-Mobile/images/20170727-170810-3.jpg,4,4,4,4,1,0.99672914,2.584378e-05,9.0663667e-07,5.1217212e-05,0.0021594109,0.99672914,5.889476e-08,5.4645878e-11,0.00010343458,0.00092994
/home/leo/Documentos/mestrado/DeepWeeds-Mobile/images/20170501-145300-0.jpg,8,8,8,8,1,0.99882346,0.0003134686,0.0003041242,1.3050928e-09,5.644816e-05,2.5137858e-09,0.00022397035,8.361689e-06,0.0002701052,0.99882346
/home/leo/Documentos/mestrado/DeepWeeds-Mobile/images/20180109-072732-1.jpg,8,8,8,8,1,0.8571741,6.636847e-07,1.752304e-06,2.1604639e-10,3.4920188e-08,1.4586908e-09,8.483475e-06,0.14276823,4.6814886e-05,0.8571741
/home/leo/Documentos/mestrado/DeepWeeds-Mobile/images/20180112-072250-1.jpg,8,8,8,8,1,0.63860816,0.001226724,0.00025110334,0.35348254,0.0056078956,0.0006193927,7.461102e-07,4.840123e-05,0.00015506333,0.63860816
/home/leo/Documentos/mestrado/DeepWeeds-Mobile/images/20171212-105238-3.jpg,8,8,8,8,1,0.98098755,0.0013847137,0.017364861,1.5717409e-13,1.6678248e-06,3.6233093e-08,2.7452751e-09,7.940923e-05,0.00018183472,0.98098755
/home/leo/Documentos/mestrado/DeepWeeds-Mobile/images/20171113-133727-3.jpg,6,6,6,6,1,0.99843043,1.2093786e-05,0.00040649527,1.9248622e-08,4.8634087e-07,6.8094814e-09,4.0775285e-07,0.99843043,2.3729583e-06,0.001147613
/home/leo/Documentos/mestrado/DeepWeeds-Mobile/images/20180109-072341-1.jpg,8,8,8,8,1,0.9977664,8.9295815e-09,1.1957783e-07,1.2187432e-11,4.7049692e-08,1.00892586e-10,1.4724211e-09,0.0022333094,2.3780233e-07,0.9977664
/home/leo/Documentos/mestrado/DeepWeeds-Mobile/images/20180125-094113-2.jpg,8,8,8,8,1,0.9984579,1.537651e-07,2.1997932e-09,6.154013e-07,3.671846e-05,0.0015037472,5.624043e-07,3.105563e-07,1.0968549e-08,0.9984579
/home/leo/Documentos/mestrado/DeepWeeds-Mobile/images/20180109-071753-1.jpg,8,8,8,8,1,0.9445791,1.3174531e-07,0.00021818596,3.4238904e-13,0.00015456173,2.9270159e-10,2.9855363e-07,0.05504458,3.1690602e-06,0.9445791
/home/leo/Documentos/mestrado/DeepWeeds-Mobile/images/20180322-114353-1.jpg,8,8,8,8,1,0.99984217,1.8292438e-05,6.035019e-08,2.7534672e-09,3.0135553e-07,5.4945466e-09,0.00012705197,2.5618943e-11,1.2145619e-05,0.99984217
/home/leo/Documentos/mestrado/DeepWeeds-Mobile/images/20180125-095559-2.jpg,8,8,8,8,1,0.9993649,8.874359e-08,3.190788e-09,3.6822168e-10,8.088832e-06,3.553991e-09,0.0006269256,5.595502e-09,6.57311e-09,0.9993649
/home/leo/Documentos/mestrado/DeepWeeds-Mobile/images/20180105-092305-2.jpg,8,8,8,8,1,0.9995262,3.8837783e-08,2.643325e-07,1.0288784e-09,1.3120415e-08,1.2310546e-08,5.6311425e-08,0.0004732264,1.7280203e-07,0.9995262
/home/leo/Documentos/mestrado/DeepWeeds-Mobile/images/20170127-102141-0.jpg,1,1,1,1,1,0.99735117,8.687572e-06,0.99735117,4.0159443e-12,8.650097e-08,8.46061e-10,5.7018894e-08,6.287096e-05,4.306026e-05,0.002534149
/home/leo/Documentos/mestrado/DeepWeeds-Mobile/images/20170130-102504-0.jpg,1,1,1,1,1,0.9948878,0.00132979,0.9948878,1.550362e-10,8.8891014e-05,1.47253205e-08,6.118013e-07,1.0164581e-05,0.001751445,0.0019313017
/home/leo/Documentos/mestrado/DeepWeeds-Mobile/images/20180109-101630-1.jpg,8,8,8,8,1,0.97558165,0.022071635,4.1175092e-08,0.00016238858,0.0018875267,2.114865e-07,9.807424e-08,1.7355689e-09,0.00029644868,0.97558165
/home/leo/Documentos/mestrado/DeepWeeds-Mobile/images/20171113-120908-2.jpg,6,6,6,6,1,0.994329,1.1371061e-05,1.817607e-05,4.849452e-11,1.8549526e-08,3.3362872e-09,5.024586e-06,0.994329,0.000116020004,0.0055202786
/home/leo/Documentos/mestrado/DeepWeeds-Mobile/images/20180125-095318-1.jpg,8,8,8,8,1,0.99636227,5.0183105e-05,5.047832e-06,1.3522045e-06,0.0035081967,1.4366186e-07,5.6398872e-05,1.2157371e-05,4.145207e-06,0.99636227
/home/leo/Documentos/mestrado/DeepWeeds-Mobile/images/20180105-091904-2.jpg,8,8,8,8,1,0.9621228,6.2921868e-06,0.000602511,6.23538e-11,3.7832215e-06,9.138568e-09,1.6440525e-05,0.037169237,7.893326e-05,0.9621228
/home/leo/Documentos/mestrado/DeepWeeds-Mobile/images/20180119-113519-2.jpg,8,8,8,8,1,0.9952907,0.00022327567,0.0042059864,1.6219438e-08,4.3994405e-05,2.2799291e-08,0.0001663084,4.7239995e-05,2.2401375e-05,0.9952907
/home/leo/Documentos/mestrado/DeepWeeds-Mobile/images/20180112-081449-2.jpg,8,8,8,8,1,0.9214186,0.0076714256,3.3805762e-07,2.0478612e-05,0.0681867,1.2728581e-06,2.0169773e-07,1.0311221e-10,0.0027009016,0.9214186
/home/leo/Documentos/mestrado/DeepWeeds-Mobile/images/20171205-141306-2.jpg,8,8,8,8,1,0.99813026,0.00076229917,3.3754843e-06,2.75404e-11,9.566714e-06,2.8481995e-09,0.0010918368,1.008152e-06,1.7121235e-06,0.99813026
/home/leo/Documentos/mestrado/DeepWeeds-Mobile/images/20180125-093430-2.jpg,8,8,8,8,1,0.99999535,4.4809173e-07,3.7917926e-06,1.7745541e-10,1.4479573e-07,1.6273908e-07,5.5048325e-08,2.3792468e-08,7.6877626e-08,0.99999535
/home/leo/Documentos/mestrado/DeepWeeds-Mobile/images/20180322-124924-1.jpg,8,8,8,8,1,0.958439,2.4851017e-05,0.00013080743,1.5508401e-09,4.203453e-07,1.8162389e-06,0.0411369,2.3838507e-05,0.00024223785,0.958439
/home/leo/Documentos/mestrado/DeepWeeds-Mobile/images/20170627-105017-0.jpg,7,7,7,7,1,0.8832752,0.0032570618,0.045962457,2.5042236e-11,7.881078e-08,3.862056e-09,3.2793825e-05,0.000148327,0.8832752,0.067324
/home/leo/Documentos/mestrado/DeepWeeds-Mobile/images/20171109-073553-1.jpg,5,5,5,5,1,0.98312914,1.4016195e-05,2.6627355e-05,5.746507e-13,3.079501e-12,9.234191e-14,0.98312914,4.187311e-08,5.3441704e-07,0.016829632
/home/leo/Documentos/mestrado/DeepWeeds-Mobile/images/20180112-100647-2.jpg,8,8,8,8,1,0.8756857,0.1125702,9.700089e-06,0.00012597936,9.610708e-06,3.1536663e-06,0.0005169231,1.9426828e-07,0.011078639,0.8756857
/home/leo/Documentos/mestrado/DeepWeeds-Mobile/images/20170127-101933-0.jpg,1,1,1,1,1,0.99781406,4.4733268e-05,0.99781406,9.5906464e-17,1.0166933e-07,1.1142483e-12,3.1421208e-09,3.358574e-08,3.1067615e-05,0.0021100056
/home/leo/Documentos/mestrado/DeepWeeds-Mobile/images/20180109-074924-1.jpg,8,8,8,8,1,0.8185181,0.005633326,0.002118171,0.00018496567,9.003149e-05,0.00032603217,0.001149933,0.1237135,0.048266005,0.8185181
/home/leo/Documentos/mestrado/DeepWeeds-Mobile/images/20180125-092422-1.jpg,8,8,8,8,1,0.999168,4.467666e-10,7.635167e-09,4.848607e-10,0.00083122804,6.4345715e-09,6.0672505e-07,1.1319015e-07,3.743382e-11,0.999168
/home/leo/Documentos/mestrado/DeepWeeds-Mobile/images/20171102-102717-3.jpg,2,2,2,2,1,0.9999409,2.4566982e-09,5.6106e-10,0.9999409,5.290306e-08,9.28051e-08,1.1398001e-09,7.789313e-09,3.0824185e-09,5.897564e-05
/home/leo/Documentos/mestrado/DeepWeeds-Mobile/images/20180105-101147-2.jpg,8,8,8,8,1,0.9999883,1.381565e-08,2.1498674e-06,5.5784617e-09,9.7198054e-08,5.2003852e-08,3.47445e-10,9.444724e-06,6.1303446e-08,0.9999883
/home/leo/Documentos/mestrado/DeepWeeds-Mobile/images/20180105-095900-2.jpg,8,8,8,8,1,0.9997266,1.1580594e-10,1.9712118e-07,6.462315e-10,1.1830012e-10,4.0270398e-11,1.0740396e-09,0.0002730991,5.1582795e-08,0.9997266
/home/leo/Documentos/mestrado/DeepWeeds-Mobile/images/20180112-070805-2.jpg,8,8,8,8,1,0.42671415,0.27480823,0.006930351,0.00028636062,0.0012668559,0.26184648,0.012927538,1.0617717e-06,0.015219068,0.42671415
/home/leo/Documentos/mestrado/DeepWeeds-Mobile/images/20180322-130856-1.jpg,8,8,8,8,1,0.9921217,1.05099525e-05,1.4382612e-06,0.0003813631,0.0005463717,0.0069348495,1.4364147e-08,3.584565e-06,8.763849e-08,0.9921217
/home/leo/Documentos/mestrado/DeepWeeds-Mobile/images/20171219-094406-3.jpg,8,8,8,8,1,0.9891862,0.003293797,0.0012798938,8.447653e-09,8.322473e-06,2.5805122e-07,0.0053621177,3.0817225e-07,0.0008690409,0.9891862
/home/leo/Documentos/mestrado/DeepWeeds-Mobile/images/20171205-134529-2.jpg,8,8,8,8,1,0.99657637,0.0032937585,4.225075e-06,1.961961e-11,8.505154e-06,7.762467e-09,4.4672288e-05,8.9459286e-07,7.146914e-05,0.99657637
/home/leo/Documentos/mestrado/DeepWeeds-Mobile/images/20180112-080040-2.jpg,8,8,8,8,1,0.97341585,0.022177678,3.3365377e-05,0.001237587,0.00222198,2.6123707e-05,9.2662174e-07,2.1520684e-07,0.00088617497,0.97341585
/home/leo/Documentos/mestrado/DeepWeeds-Mobile/images/20170315-085825-0.jpg,8,8,8,8,1,0.9920935,0.0005285471,0.0073373974,1.3698401e-11,3.3337838e-07,4.8622127e-08,6.480703e-06,4.412886e-06,2.9319428e-05,0.9920935
/home/leo/Documentos/mestrado/DeepWeeds-Mobile/images/20171025-081510-3.jpg,3,3,3,3,1,0.9567237,0.0045934604,0.00062439934,7.337155e-05,0.9567237,0.0022471559,1.3742629e-05,3.1067775e-06,0.002234897,0.033486135
/home/leo/Documentos/mestrado/DeepWeeds-Mobile/images/20180105-095750-2.jpg,8,8,8,8,1,0.97932565,1.32573e-08,1.9512623e-07,4.595358e-09,6.872115e-10,3.6966485e-11,1.3629978e-08,0.020673547,5.7811513e-07,0.97932565
/home/leo/Documentos/mestrado/DeepWeeds-Mobile/images/20171122-102134-1.jpg,5,5,5,5,1,0.99981034,2.3514238e-05,2.6101236e-07,3.731993e-13,1.0060563e-11,9.927164e-13,0.99981034,1.3312526e-06,5.476272e-09,0.00016450508
/home/leo/Documentos/mestrado/DeepWeeds-Mobile/images/20171218-103746-2.jpg,8,0,8,0,0,0.63778985,0.63778985,0.003030806,9.778307e-13,2.1836405e-07,1.3547784e-10,6.4266205e-05,8.898159e-05,0.040334225,0.31869167
/home/leo/Documentos/mestrado/DeepWeeds-Mobile/images/20171220-093056-2.jpg,8,8,8,8,1,0.99869585,4.2349566e-06,3.659004e-08,3.9572677e-13,1.1927446e-05,5.7491985e-09,0.0012878553,8.5472784e-10,4.2710752e-08,0.99869585
/home/leo/Documentos/mestrado/DeepWeeds-Mobile/images/20171025-095851-1.jpg,3,3,3,3,1,0.9869515,5.0470404e-05,1.8316326e-10,0.00039697383,0.9869515,3.3860626e-06,1.5106473e-11,5.085794e-11,1.0960548e-06,0.012596622
/home/leo/Documentos/mestrado/DeepWeeds-Mobile/images/20171109-074141-3.jpg,5,5,5,5,1,0.7942098,1.1517213e-05,8.425543e-05,2.4421638e-13,1.2185222e-09,9.166564e-12,0.7942098,0.0018426515,8.488192e-07,0.20385094
/home/leo/Documentos/mestrado/DeepWeeds-Mobile/images/20171220-093639-3.jpg,8,8,8,8,1,0.9941103,0.005449971,4.4264088e-08,4.593396e-12,0.00040441944,1.4668585e-08,3.9523798e-06,1.4175866e-06,2.9767582e-05,0.9941103
/home/leo/Documentos/mestrado/DeepWeeds-Mobile/images/20171109-092023-1.jpg,5,5,5,5,1,0.9986358,2.3094566e-05,2.5716288e-06,1.7518419e-11,3.6076548e-09,3.0871358e-11,0.9986358,3.404065e-06,4.1171354e-08,0.0013350059
/home/leo/Documentos/mestrado/DeepWeeds-Mobile/images/20180125-094205-1.jpg,8,8,8,8,1,0.9991277,5.763089e-07,1.2616258e-05,9.581105e-08,0.00080600026,4.8283244e-05,2.6114067e-08,2.9767506e-08,4.761986e-06,0.9991277
/home/leo/Documentos/mestrado/DeepWeeds-Mobile/images/20171113-142841-2.jpg,6,6,6,6,1,0.9946729,0.00022918254,0.004782573,1.5288219e-10,6.619812e-08,1.7261437e-08,7.118273e-07,0.9946729,0.0001733804,0.00014105423
/home/leo/Documentos/mestrado/DeepWeeds-Mobile/images/20171218-104320-2.jpg,8,8,8,8,1,0.9991634,2.858328e-06,0.000618194,1.474855e-15,2.1762386e-07,9.912693e-11,7.397889e-05,2.3666122e-05,0.000117682386,0.9991634
/home/leo/Documentos/mestrado/DeepWeeds-Mobile/images/20180105-101455-2.jpg,8,8,8,8,1,0.99958944,1.2583338e-07,1.3114428e-06,6.677438e-06,2.1665693e-08,3.6528303e-09,1.2144876e-07,0.00040101132,1.2415295e-06,0.99958944
/home/leo/Documentos/mestrado/DeepWeeds-Mobile/images/20171212-100234-3.jpg,8,8,8,8,1,0.9984534,0.0003293861,2.1368504e-07,1.1528622e-14,0.0011595098,2.5540756e-10,1.3731809e-08,3.5272256e-09,5.749635e-05,0.9984534
/home/leo/Documentos/mestrado/DeepWeeds-Mobile/images/20171113-115910-0.jpg,6,6,6,6,1,0.9999765,1.0211642e-05,3.5968726e-06,2.9325056e-10,7.592075e-07,2.2715834e-09,1.3915235e-09,0.9999765,3.580187e-07,8.493681e-06
/home/leo/Documentos/mestrado/DeepWeeds-Mobile/images/20180109-072008-2.jpg,8,8,8,8,1,0.7872128,3.6511772e-06,5.9078942e-05,4.5910485e-05,1.4084088e-06,4.081521e-09,2.3840612e-05,0.212647,6.3552866e-06,0.7872128
/home/leo/Documentos/mestrado/DeepWeeds-Mobile/images/20171219-094927-2.jpg,8,8,8,8,1,0.8488851,0.11067291,0.0016877451,5.1518396e-06,0.005705766,4.172051e-06,0.029699769,6.336378e-05,0.0032760443,0.8488851
/home/leo/Documentos/mestrado/DeepWeeds-Mobile/images/20171025-172200-3.jpg,3,3,3,3,1,0.64062107,0.14552696,0.008891182,0.005080531,0.64062107,0.0077468003,5.629497e-05,0.0008692995,0.011404453,0.17980336
/home/leo/Documentos/mestrado/DeepWeeds-Mobile/images/20180112-071211-2.jpg,8,4,8,4,0,0.81889147,0.06250795,6.972179e-05,0.00021276473,0.015405716,0.81889147,1.3021994e-06,4.1248384e-08,0.00061219814,0.1022988
/home/leo/Documentos/mestrado/DeepWeeds-Mobile/images/20180109-103722-2.jpg,8,8,8,8,1,0.99687636,0.0015100153,1.1586961e-06,0.00060141354,0.0008982323,1.9491243e-05,7.3099443e-07,2.6281714e-07,9.224154e-05,0.99687636
/home/leo/Documentos/mestrado/DeepWeeds-Mobile/images/20170210-142739-0.jpg,7,7,7,7,1,0.9824438,0.017547708,9.4140745e-08,1.7396099e-15,3.1199232e-13,1.6377828e-14,3.3957197e-09,3.205273e-17,0.9824438,8.368142e-06
/home/leo/Documentos/mestrado/DeepWeeds-Mobile/images/20180125-100152-1.jpg,8,8,8,8,1,0.9991572,8.021495e-07,3.649989e-06,3.426927e-07,1.8924331e-05,5.44151e-09,6.9482744e-06,0.0008109854,1.1252663e-06,0.9991572
/home/leo/Documentos/mestrado/DeepWeeds-Mobile/images/20170727-152620-3.jpg,4,4,4,4,1,0.9950174,6.9406255e-05,8.8901396e-07,0.00010359901,0.00081983896,0.9950174,7.429942e-06,3.0274144e-10,2.1584281e-05,0.003959803
/home/leo/Documentos/mestrado/DeepWeeds-Mobile/images/20170811-130259-1.jpg,0,0,0,0,1,0.99421954,0.99421954,0.00034566576,2.6183335e-09,5.721945e-09,4.209103e-07,0.0001444236,1.694784e-10,0.0050732833,0.00021662403
/home/leo/Documentos/mestrado/DeepWeeds-Mobile/images/20170714-141300-2.jpg,1,1,1,1,1,0.5697386,8.642934e-05,0.5697386,3.8430765e-09,2.8088976e-05,1.03708516e-07,9.974142e-06,0.41134256,0.00027056542,0.018523626
/home/leo/Documentos/mestrado/DeepWeeds-Mobile/images/20180119-113541-2.jpg,8,8,8,8,1,0.99949133,3.1427033e-05,5.2408614e-06,4.2014593e-13,6.9976716e-07,8.849887e-12,0.00047027553,7.464549e-07,2.8353773e-07,0.99949133
/home/leo/Documentos/mestrado/DeepWeeds-Mobile/images/20180112-092157-1.jpg,8,7,8,7,0,0.37862378,0.32365617,0.0010886856,4.2586905e-07,0.00070512184,6.583288e-07,7.113468e-05,4.236827e-09,0.37862378,0.29585412
/home/leo/Documentos/mestrado/DeepWeeds-Mobile/images/20170315-091035-0.jpg,8,8,8,8,1,0.99884176,0.00013070831,3.434583e-05,1.6594138e-12,6.172936e-10,1.0087668e-08,0.000985593,1.9901426e-08,7.4712775e-06,0.99884176
/home/leo/Documentos/mestrado/DeepWeeds-Mobile/images/20171220-092615-3.jpg,8,8,8,8,1,0.9999062,2.7092249e-06,3.3770409e-09,1.6183497e-11,8.7267355e-05,2.0825793e-07,2.9159387e-06,4.3512142e-11,6.123966e-07,0.9999062
/home/leo/Documentos/mestrado/DeepWeeds-Mobile/images/20171113-092453-3.jpg,5,5,5,5,1,0.9809698,0.0136925755,4.60096e-06,9.573712e-11,7.432856e-07,6.0491137e-09,0.9809698,5.4671996e-06,0.0032097618,0.0021171563
/home/leo/Documentos/mestrado/DeepWeeds-Mobile/images/20171218-105931-3.jpg,8,8,8,8,1,0.99370164,0.005805698,0.00044654563,1.5105705e-12,5.781634e-09,5.662803e-13,7.3883343e-06,2.63266e-07,3.8489463e-05,0.99370164
/home/leo/Documentos/mestrado/DeepWeeds-Mobile/images/20180109-071546-1.jpg,8,6,8,6,0,0.9581311,4.840173e-06,8.916554e-06,3.4825256e-09,1.1205696e-09,3.3091472e-09,1.5068167e-06,0.9581311,9.6088215e-06,0.041844092
/home/leo/Documentos/mestrado/DeepWeeds-Mobile/images/20180322-113018-2.jpg,8,8,8,8,1,0.99506676,1.965197e-06,6.1050366e-07,0.0013623433,0.003563221,3.7135028e-06,5.318685e-09,1.3192224e-06,3.206715e-08,0.99506676
/home/leo/Documentos/mestrado/DeepWeeds-Mobile/images/20180125-093121-1.jpg,8,8,8,8,1,0.9998559,9.947047e-09,6.426655e-10,1.8079717e-08,1.24983335e-05,0.00013144712,1.2391683e-07,8.96793e-13,1.1473938e-09,0.9998559
/home/leo/Documentos/mestrado/DeepWeeds-Mobile/images/20170718-132228-2.jpg,7,7,7,7,1,0.99572927,0.0025951304,9.3454495e-05,1.6267235e-09,2.3699771e-05,1.077381e-05,6.376362e-07,1.6054987e-08,0.99572927,0.0015469535
/home/leo/Documentos/mestrado/DeepWeeds-Mobile/images/20171122-102213-1.jpg,5,5,5,5,1,0.9589963,8.108736e-06,2.1333079e-05,4.899976e-10,1.2596519e-07,3.1653422e-09,0.9589963,0.0001635599,3.9325364e-06,0.04080658
/home/leo/Documentos/mestrado/DeepWeeds-Mobile/images/20171109-092940-1.jpg,5,5,5,5,1,0.9989141,1.101101e-07,1.649774e-10,1.7501986e-19,4.8331776e-13,4.150772e-16,0.9989141,1.9157079e-13,9.168148e-11,0.0010857611
/home/leo/Documentos/mestrado/DeepWeeds-Mobile/images/20171113-134157-3.jpg,6,6,6,6,1,0.9952962,5.767081e-09,0.0007187106,1.2623196e-10,2.989056e-07,2.0570574e-09,5.1613186e-10,0.9952962,9.205848e-08,0.003984669
/home/leo/Documentos/mestrado/DeepWeeds-Mobile/images/20180119-110050-1.jpg,8,8,8,8,1,0.9984201,0.0003269537,9.722753e-05,6.3373375e-07,0.0009668034,3.2710477e-07,5.025149e-06,3.6676265e-05,0.00014625398,0.9984201
/home/leo/Documentos/mestrado/DeepWeeds-Mobile/images/20171102-121318-1.jpg,2,2,2,2,1,0.99936575,0.00018816916,6.1475686e-10,0.99936575,0.00015351361,6.8526692e-06,4.7310524e-09,2.576999e-11,6.418077e-07,0.00028512097
/home/leo/Documentos/mestrado/DeepWeeds-Mobile/images/20170913-101102-3.jpg,5,5,5,5,1,0.99974316,0.00014529303,2.399112e-06,7.79745e-09,8.542782e-06,5.741876e-08,0.99974316,8.20438e-08,1.6673407e-06,9.869881e-05
/home/leo/Documentos/mestrado/DeepWeeds-Mobile/images/20180109-092549-2.jpg,8,8,8,8,1,0.99959993,0.0003401011,6.214906e-11,3.5477229e-12,7.136227e-14,4.3999956e-12,1.0606708e-07,2.4549517e-13,5.9848317e-05,0.99959993
/home/leo/Documentos/mestrado/DeepWeeds-Mobile/images/20180112-094256-1.jpg,8,8,8,8,1,0.8818374,0.07041577,0.00036350338,0.009950614,0.0033279893,0.0012586096,0.00017809357,6.47785e-05,0.032603275,0.8818374
/home/leo/Documentos/mestrado/DeepWeeds-Mobile/images/20180125-132637-2.jpg,8,8,8,8,1,0.99852437,0.0004071652,0.00031954265,3.422921e-09,4.6300706e-06,6.056442e-05,1.5730285e-07,1.5783323e-06,0.00068200444,0.99852437
/home/leo/Documentos/mestrado/DeepWeeds-Mobile/images/20170706-113540-0.jpg,7,8,7,8,0,0.78459114,0.14655733,0.025240166,9.783698e-05,0.00033074914,5.70684e-05,0.00077064754,1.2488664e-05,0.042342626,0.78459114
/home/leo/Documentos/mestrado/DeepWeeds-Mobile/images/20170714-122030-2.jpg,1,8,1,8,0,0.44791582,0.0046982397,0.16652499,2.984855e-09,3.4066975e-06,6.013353e-08,0.2982241,0.07807668,0.0045567267,0.44791582
/home/leo/Documentos/mestrado/DeepWeeds-Mobile/images/20180109-071259-1.jpg,8,8,8,8,1,0.56539005,0.0008104382,0.0005898988,4.4048068e-07,0.000493801,2.7731178e-06,5.333127e-05,0.4321859,0.0004735183,0.56539005
/home/leo/Documentos/mestrado/DeepWeeds-Mobile/images/20171220-100930-1.jpg,8,8,8,8,1,0.99991596,7.6275755e-05,8.650244e-10,2.9502025e-17,6.836489e-06,6.247342e-13,7.4023166e-07,9.951205e-14,1.8303263e-07,0.99991596
/home/leo/Documentos/mestrado/DeepWeeds-Mobile/images/20180105-104800-1.jpg,8,8,8,8,1,0.9972475,1.8042554e-07,0.0005098651,1.6542432e-07,7.136639e-08,1.4208334e-08,7.855643e-06,0.00222523,9.037377e-06,0.9972475
/home/leo/Documentos/mestrado/DeepWeeds-Mobile/images/20170920-115656-2.jpg,2,2,2,2,1,0.92005944,2.620334e-05,3.7748822e-07,0.92005944,7.6565295e-05,0.010452021,1.633723e-08,8.088364e-07,2.1018632e-06,0.069382496
/home/leo/Documentos/mestrado/DeepWeeds-Mobile/images/20170304-130909-0.jpg,7,7,7,7,1,0.95339775,0.045293123,3.8389985e-08,2.2617267e-11,9.826404e-11,4.926882e-11,1.6958053e-06,8.33166e-11,0.95339775,0.0013074166
/home/leo/Documentos/mestrado/DeepWeeds-Mobile/images/20170714-141314-3.jpg,1,1,1,1,1,0.63845533,0.030549452,0.63845533,4.324724e-07,0.01590897,5.6139877e-05,0.00042446778,0.009520807,0.2501197,0.05496471
/home/leo/Documentos/mestrado/DeepWeeds-Mobile/images/20170913-102830-2.jpg,3,3,3,3,1,0.9851093,1.6049358e-06,2.249811e-05,0.005703539,0.9851093,0.008320536,3.5160374e-05,5.7134493e-08,1.5274621e-07,0.0008071719
/home/leo/Documentos/mestrado/DeepWeeds-Mobile/images/20180112-101611-2.jpg,8,8,8,8,1,0.9973906,0.0025891557,3.9360426e-09,2.2861832e-11,1.4289934e-11,1.2816924e-10,1.5634251e-07,8.361318e-14,2.0098742e-05,0.9973906
/home/leo/Documentos/mestrado/DeepWeeds-Mobile/images/20171219-105531-3.jpg,8,8,8,8,1,0.99963677,0.00022129399,3.3488213e-06,5.4745027e-14,2.1655026e-06,2.790787e-09,4.4725425e-06,1.7298635e-09,0.00013189456,0.99963677
/home/leo/Documentos/mestrado/DeepWeeds-Mobile/images/20170714-120008-1.jpg,1,1,1,1,1,0.9905522,0.0012916247,0.9905522,3.490399e-10,2.8282618e-06,5.5433935e-07,6.9728616e-05,0.000112455964,0.0029679376,0.0050027245
/home/leo/Documentos/mestrado/DeepWeeds-Mobile/images/20171212-100705-1.jpg,8,8,8,8,1,0.95733786,0.004959338,0.0015536052,2.7542781e-09,0.0039765467,1.7102982e-08,0.026716208,3.160785e-05,0.005424748,0.95733786
/home/leo/Documentos/mestrado/DeepWeeds-Mobile/images/20171218-122016-2.jpg,8,8,8,8,1,0.99984527,9.707573e-05,2.3571502e-07,1.3583366e-15,4.4673638e-07,1.7779715e-12,1.3000032e-08,2.5420816e-11,5.7043177e-05,0.99984527
/home/leo/Documentos/mestrado/DeepWeeds-Mobile/images/20170913-130341-3.jpg,5,5,5,5,1,0.9768985,0.016151184,3.2349628e-05,4.717327e-05,0.0018876842,0.0005098317,0.9768985,0.00040317103,0.00045852337,0.0036115507
/home/leo/Documentos/mestrado/DeepWeeds-Mobile/images/20170729-092913-3.jpg,4,4,4,4,1,0.99447423,0.00031480388,1.0476888e-06,6.8144834e-07,3.2323587e-05,0.99447423,8.052512e-09,6.389351e-12,0.0011194367,0.004057487
/home/leo/Documentos/mestrado/DeepWeeds-Mobile/images/20180109-104616-2.jpg,8,8,8,8,1,0.9985664,9.828937e-05,2.346624e-07,0.00026863068,0.0010302244,3.883851e-06,2.0347644e-08,6.012453e-07,3.1615276e-05,0.9985664
/home/leo/Documentos/mestrado/DeepWeeds-Mobile/images/20171113-060523-1.jpg,5,5,5,5,1,0.94198793,1.1732449e-05,3.884286e-08,1.2047154e-11,5.5851797e-06,3.2994157e-10,0.94198793,2.9355635e-06,2.605052e-08,0.05799178
/home/leo/Documentos/mestrado/DeepWeeds-Mobile/images/20170727-162730-3.jpg,4,4,4,4,1,0.99065983,1.3626385e-05,2.4102766e-08,9.314448e-09,0.001127744,0.99065983,1.1576827e-10,3.144792e-16,5.7635574e-05,0.008141166
/home/leo/Documentos/mestrado/DeepWeeds-Mobile/images/20180322-130253-1.jpg,8,8,8,8,1,0.9999976,1.867022e-07,1.7409047e-07,2.0625336e-16,1.3322844e-08,2.6610106e-11,1.9483912e-06,3.2643332e-11,5.5669913e-09,0.9999976
/home/leo/Documentos/mestrado/DeepWeeds-Mobile/images/20170811-124924-2.jpg,0,0,0,0,1,0.9956114,0.9956114,4.5085434e-07,4.979105e-10,5.1076943e-09,6.4428257e-10,2.0788073e-06,8.567701e-14,0.0029371209,0.0014489555
/home/leo/Documentos/mestrado/DeepWeeds-Mobile/images/20180125-133410-3.jpg,8,8,8,8,1,0.9709281,0.0011582233,0.005230496,0.0037068021,0.0042010522,0.0020920646,7.5022735e-06,0.005341431,0.007334232,0.9709281
/home/leo/Documentos/mestrado/DeepWeeds-Mobile/images/20180322-113720-1.jpg,8,8,8,8,1,0.7977217,9.757358e-05,0.00016276483,9.595197e-09,2.6668786e-06,1.0645454e-08,0.20085728,0.0010560865,0.00010193551,0.7977217
/home/leo/Documentos/mestrado/DeepWeeds-Mobile/images/20180112-103609-2.jpg,8,8,8,8,1,0.9969753,7.571069e-06,1.0738423e-05,9.357703e-06,5.388181e-05,3.8944545e-08,6.627096e-05,0.0028715953,5.1687452e-06,0.9969753
/home/leo/Documentos/mestrado/DeepWeeds-Mobile/images/20170714-135350-3.jpg,1,1,1,1,1,0.9997935,4.9928162e-06,0.9997935,4.858524e-13,9.680851e-09,4.3921985e-10,1.9359472e-07,4.2186046e-05,5.291679e-05,0.00010606715
/home/leo/Documentos/mestrado/DeepWeeds-Mobile/images/20180109-092552-1.jpg,8,8,8,8,1,0.99619365,0.003460205,4.3827413e-06,3.212273e-06,0.00021884835,3.6720152e-07,1.3125215e-05,2.051941e-06,0.00010423286,0.99619365
/home/leo/Documentos/mestrado/DeepWeeds-Mobile/images/20180105-095321-2.jpg,8,8,8,8,1,0.9828673,9.799414e-05,0.00036392212,1.7093319e-06,1.8490877e-05,6.0513867e-06,1.1718897e-05,0.01652729,0.00010560355,0.9828673
/home/leo/Documentos/mestrado/DeepWeeds-Mobile/images/20180125-101600-1.jpg,8,8,8,8,1,0.9996789,2.640885e-08,1.501949e-07,6.7502484e-08,0.00031202164,2.2808404e-08,7.715571e-06,1.0783507e-06,7.056892e-09,0.9996789
/home/leo/Documentos/mestrado/DeepWeeds-Mobile/images/20180125-094953-2.jpg,8,8,8,8,1,0.9999627,3.420284e-08,1.8177693e-10,3.7384137e-08,4.6595176e-07,3.5474626e-05,1.351519e-06,5.02857e-12,3.0070855e-09,0.9999627
/home/leo/Documentos/mestrado/DeepWeeds-Mobile/images/20180119-105359-2.jpg,8,8,8,8,1,0.966674,0.012244489,0.002363473,0.001626377,0.0014266112,3.752939e-05,0.007791585,0.00022640415,0.0076096235,0.966674
/home/leo/Documentos/mestrado/DeepWeeds-Mobile/images/20180112-082416-1.jpg,8,8,8,8,1,0.97902346,0.013428933,2.2869015e-07,1.9331523e-05,0.003223033,1.7821392e-06,6.962979e-08,1.1389053e-09,0.0043031434,0.97902346
/home/leo/Documentos/mestrado/DeepWeeds-Mobile/images/20180125-133357-2.jpg,8,8,8,8,1,0.9938208,5.0515282e-05,0.0038774062,9.97021e-10,4.734922e-06,2.0215872e-07,1.31587985e-05,0.0021497747,8.337414e-05,0.9938208
/home/leo/Documentos/mestrado/DeepWeeds-Mobile/images/20180322-125142-1.jpg,8,8,8,8,1,0.9999764,2.2817181e-09,2.8262262e-10,1.4442404e-15,4.5393458e-10,2.303064e-09,2.3531738e-05,1.9183862e-12,1.1499188e-08,0.9999764
/home/leo/Documentos/mestrado/DeepWeeds-Mobile/images/20170920-100519-2.jpg,2,2,2,2,1,0.9962354,2.4971794e-08,8.094597e-08,0.9962354,8.700356e-05,0.0002871124,1.8729711e-08,4.311445e-06,8.463393e-09,0.0033860405
/home/leo/Documentos/mestrado/DeepWeeds-Mobile/images/20171121-081427-2.jpg,6,6,6,6,1,0.67689526,0.009931031,0.008765977,2.817505e-07,1.9091229e-07,1.5482357e-07,0.00060391944,0.67689526,0.0066099367,0.29719326
/home/leo/Documentos/mestrado/DeepWeeds-Mobile/images/20171113-104328-0.jpg,6,6,6,6,1,0.9998964,2.7291422e-08,9.639538e-06,3.0049823e-13,1.830115e-08,6.762278e-10,1.2079969e-09,0.9998964,5.8592388e-08,9.373049e-05
/home/leo/Documentos/mestrado/DeepWeeds-Mobile/images/20170405-154756-0.jpg,0,0,0,0,1,0.51609004,0.51609004,2.1215688e-05,1.0475311e-12,8.215725e-07,5.520357e-12,1.5497952e-06,6.4377496e-11,0.15629973,0.3275866
/home/leo/Documentos/mestrado/DeepWeeds-Mobile/images/20170920-100219-3.jpg,2,2,2,2,1,0.95902216,3.440151e-05,1.0353181e-05,0.95902216,0.00076893973,0.0017259772,6.9578965e-07,7.272708e-05,3.0102636e-05,0.0383347
/home/leo/Documentos/mestrado/DeepWeeds-Mobile/images/20180125-102109-2.jpg,8,8,8,8,1,0.99999106,2.2638814e-10,3.3106887e-10,1.7428226e-12,9.910494e-07,3.1974534e-10,7.999518e-06,2.691047e-10,4.513895e-12,0.99999106
/home/leo/Documentos/mestrado/DeepWeeds-Mobile/images/20171219-101010-2.jpg,8,8,8,8,1,0.96996677,0.008410204,0.0032208445,0.00011817791,0.01494295,0.0027652327,0.0002756924,1.6575857e-05,0.00028363225,0.96996677
/home/leo/Documentos/mestrado/DeepWeeds-Mobile/images/20170728-120233-2.jpg,4,4,4,4,1,0.9981661,8.411454e-07,9.719717e-10,0.00080961286,2.8548231e-05,0.9981661,9.105621e-08,1.29274795e-08,3.9749455e-07,0.0009944489
/home/leo/Documentos/mestrado/DeepWeeds-Mobile/images/20180125-092713-1.jpg,8,8,8,8,1,0.9998417,7.133167e-05,2.5997297e-05,2.2357807e-07,7.496702e-06,4.8005097e-07,3.97818e-05,7.6766185e-08,1.29132395e-05,0.9998417
/home/leo/Documentos/mestrado/DeepWeeds-Mobile/images/20180119-111602-2.jpg,8,8,8,8,1,0.99911577,0.00036989764,0.00030579354,6.158984e-05,0.00011761877,1.2739044e-06,1.1897758e-05,6.4615965e-06,9.696509e-06,0.99911577
/home/leo/Documentos/mestrado/DeepWeeds-Mobile/images/20170714-111501-2.jpg,1,1,1,1,1,0.99724907,0.0023989938,0.99724907,1.2040255e-11,7.142441e-11,9.789783e-11,3.3239128e-06,0.00020832296,0.00013044852,9.829651e-06
/home/leo/Documentos/mestrado/DeepWeeds-Mobile/images/20171113-145319-3.jpg,6,6,6,6,1,0.99840635,3.6229344e-06,0.0015397435,2.6655549e-09,8.616987e-08,1.1311957e-08,1.6126141e-07,0.99840635,1.2348599e-05,3.7667294e-05
/home/leo/Documentos/mestrado/DeepWeeds-Mobile/images/20170718-102030-2.jpg,7,7,7,7,1,0.8448054,0.032573674,0.00029060314,2.230455e-06,0.00019521579,1.9678715e-05,0.0012363124,2.0388436e-06,0.8448054,0.12087483
/home/leo/Documentos/mestrado/DeepWeeds-Mobile/images/20171218-104928-2.jpg,8,8,8,8,1,0.99952847,1.4678115e-07,0.00045023178,5.0815022e-17,1.5839657e-08,1.9557331e-10,5.667581e-06,3.624404e-07,1.514366e-05,0.99952847
/home/leo/Documentos/mestrado/DeepWeeds-Mobile/images/20170811-112559-1.jpg,0,0,0,0,1,0.95280725,0.95280725,6.458237e-06,4.244935e-09,3.8996482e-08,5.6193263e-09,7.4056334e-06,6.076841e-10,0.0013665662,0.045812335
/home/leo/Documentos/mestrado/DeepWeeds-Mobile/images/20180125-130207-2.jpg,8,8,8,8,1,0.9978107,1.939865e-06,0.00015178128,2.425846e-12,1.4230383e-08,1.5732148e-11,0.0013152022,0.0007187403,1.6697279e-06,0.9978107
/home/leo/Documentos/mestrado/DeepWeeds-Mobile/images/20171220-091804-3.jpg,8,8,8,8,1,0.99953336,5.1390754e-05,1.0864698e-08,1.3397103e-13,5.477988e-05,5.1906085e-08,4.5198876e-06,1.0729328e-06,0.0003548941,0.99953336
/home/leo/Documentos/mestrado/DeepWeeds-Mobile/images/20170217-145312-0.jpg,7,7,7,7,1,0.9999044,9.55461e-05,3.0240767e-14,4.0203426e-18,1.7156846e-18,6.276363e-17,2.6678546e-09,8.3666295e-17,0.9999044,4.9375725e-08
/home/leo/Documentos/mestrado/DeepWeeds-Mobile/images/20171121-082850-2.jpg,6,6,6,6,1,0.9991923,5.2157225e-06,0.0005670248,1.9688216e-12,3.6110753e-10,6.828566e-11,3.1830115e-08,0.9991923,0.00012025337,0.00011518622
/home/leo/Documentos/mestrado/DeepWeeds-Mobile/images/20180125-092521-2.jpg,8,2,8,2,0,0.8057925,0.000106089654,1.5645918e-06,0.8057925,1.9517816e-05,0.01768665,1.65157e-07,1.3229696e-05,4.468258e-06,0.17637572
/home/leo/Documentos/mestrado/DeepWeeds-Mobile/images/20170718-101402-2.jpg,0,7,0,7,0,0.7872732,0.17882484,0.00059750787,1.4123396e-10,0.00012107083,3.6304605e-06,0.0019185861,1.1998849e-08,0.7872732,0.031261064
/home/leo/Documentos/mestrado/DeepWeeds-Mobile/images/20171218-110654-3.jpg,8,8,8,8,1,0.99258786,0.0073184683,4.9854098e-06,9.2622724e-07,1.9337373e-05,1.4445461e-05,4.282202e-06,2.798314e-08,4.9682592e-05,0.99258786
/home/leo/Documentos/mestrado/DeepWeeds-Mobile/images/20170714-142112-2.jpg,1,1,1,1,1,0.95173335,0.0005478612,0.95173335,1.3945918e-08,3.4797307e-05,9.4189295e-07,2.5978352e-05,0.028066805,0.0121663315,0.007423899
/home/leo/Documentos/mestrado/DeepWeeds-Mobile/images/20170811-115130-2.jpg,0,8,0,8,0,0.41364777,0.15522668,0.33763587,1.1946616e-07,5.4182583e-05,7.237991e-06,5.3703796e-05,0.002235407,0.09113895,0.41364777
/home/leo/Documentos/mestrado/DeepWeeds-Mobile/images/20170727-172057-3.jpg,4,8,4,8,0,0.3200736,0.0064108754,0.002641087,0.00023770453,0.275715,0.31378037,6.776758e-07,2.3597955e-05,0.08111705,0.3200736
/home/leo/Documentos/mestrado/DeepWeeds-Mobile/images/20180112-080831-2.jpg,8,8,8,8,1,0.87022114,0.0070735114,4.3872515e-06,0.001399911,0.117742926,0.0016099128,1.0983181e-08,8.107112e-09,0.0019482159,0.87022114
/home/leo/Documentos/mestrado/DeepWeeds-Mobile/images/20180109-080409-1.jpg,8,8,8,8,1,0.96788543,1.1942815e-05,1.9557965e-05,4.8895754e-06,2.349082e-06,2.9205634e-07,6.1817746e-06,0.03201651,5.2644846e-05,0.96788543
/home/leo/Documentos/mestrado/DeepWeeds-Mobile/images/20171218-104341-2.jpg,8,8,8,8,1,0.99271786,1.2675209e-05,0.0068437746,8.665232e-12,0.00014655908,3.824511e-08,4.4132867e-05,0.00015431261,8.071161e-05,0.99271786
/home/leo/Documentos/mestrado/DeepWeeds-Mobile/images/20170718-132427-2.jpg,7,7,7,7,1,0.9405528,0.0143724205,0.016575187,2.1086937e-07,0.0024961676,0.0002904462,0.00022484647,3.8910352e-06,0.9405528,0.025483986
/home/leo/Documentos/mestrado/DeepWeeds-Mobile/images/20180105-092221-3.jpg,8,8,8,8,1,0.99899524,1.4388637e-07,4.2961456e-05,2.706185e-07,1.860558e-07,2.3560368e-08,9.858506e-06,0.00094329886,8.060693e-06,0.99899524
/home/leo/Documentos/mestrado/DeepWeeds-Mobile/images/20170727-145602-3.jpg,4,4,4,4,1,0.99881005,4.3057266e-06,5.1514867e-08,1.3054913e-05,0.00017171222,0.99881005,1.47601e-08,4.7001352e-12,1.9098759e-07,0.0010005913
/home/leo/Documentos/mestrado/DeepWeeds-Mobile/images/20180109-074002-2.jpg,8,8,8,8,1,0.95095885,0.000102119644,0.009258798,9.0122285e-08,5.978337e-07,1.4472377e-07,4.42037e-05,0.03948562,0.00014947631,0.95095885
/home/leo/Documentos/mestrado/DeepWeeds-Mobile/images/20170714-142121-3.jpg,1,1,1,1,1,0.9974746,0.00026390635,0.9974746,1.1754364e-10,1.8015771e-06,9.30682e-08,3.6955582e-05,0.001497034,0.0005809003,0.00014468173
/home/leo/Documentos/mestrado/DeepWeeds-Mobile/images/20171025-094114-2.jpg,3,3,3,3,1,0.99990785,1.2984788e-06,1.9300181e-11,3.887133e-06,0.99990785,3.219163e-07,1.9695393e-13,3.969589e-13,3.7012855e-09,8.668761e-05
/home/leo/Documentos/mestrado/DeepWeeds-Mobile/images/20171220-100600-2.jpg,8,8,8,8,1,0.9997166,0.00022398065,2.1819492e-08,9.179675e-12,2.538429e-05,7.479785e-11,2.0474862e-07,7.133308e-09,3.390327e-05,0.9997166
/home/leo/Documentos/mestrado/DeepWeeds-Mobile/images/20170811-134322-1.jpg,0,0,0,0,1,0.940682,0.940682,0.00843526,4.0558684e-06,1.601857e-05,2.720566e-05,2.8153765e-05,6.630408e-05,0.023257863,0.027483134
/home/leo/Documentos/mestrado/DeepWeeds-Mobile/images/20180125-131503-2.jpg,8,8,8,8,1,0.9790207,0.013511927,0.0011101271,1.3827248e-06,0.00043229444,0.00033638146,0.0021392964,1.6788592e-06,0.0034461985,0.9790207
/home/leo/Documentos/mestrado/DeepWeeds-Mobile/images/20180125-133255-2.jpg,8,8,8,8,1,0.9989936,0.00010110556,0.00055354903,1.5325745e-07,5.3901935e-05,0.00012340264,9.81039e-07,6.4523545e-07,0.00017261946,0.9989936
/home/leo/Documentos/mestrado/DeepWeeds-Mobile/images/20180125-100845-1.jpg,8,8,8,8,1,0.99999774,5.0469433e-09,1.9230444e-07,3.0058562e-08,2.930498e-11,4.7190163e-09,2.222912e-08,2.8252126e-07,1.6928627e-06,0.99999774
/home/leo/Documentos/mestrado/DeepWeeds-Mobile/images/20171212-105227-1.jpg,8,8,8,8,1,0.9441034,0.042989627,0.00021899119,1.595772e-08,0.0037080199,3.9385932e-07,1.9229763e-05,1.4412923e-07,0.008960346,0.9441034
/home/leo/Documentos/mestrado/DeepWeeds-Mobile/images/20180112-092231-1.jpg,8,8,8,8,1,0.99912816,0.0007817881,7.060622e-09,2.129893e-09,3.0123629e-05,1.328094e-10,7.0289885e-10,1.6194926e-10,5.9866754e-05,0.99912816
/home/leo/Documentos/mestrado/DeepWeeds-Mobile/images/20170920-095212-2.jpg,2,2,2,2,1,0.9955964,2.3215335e-08,8.354843e-07,0.9955964,1.5274838e-05,0.00014955337,7.276664e-08,4.5579588e-07,2.4339826e-07,0.004237165
/home/leo/Documentos/mestrado/DeepWeeds-Mobile/images/20180125-092639-1.jpg,8,8,8,8,1,0.9999958,3.15691e-10,1.8337553e-13,3.0981473e-10,3.4312698e-12,4.129893e-06,1.9411023e-10,7.0072845e-12,4.9555027e-10,0.9999958
/home/leo/Documentos/mestrado/DeepWeeds-Mobile/images/20170803-133045-1.jpg,0,8,0,8,0,0.899962,0.03580784,0.01586522,3.128495e-07,0.008378359,6.434879e-05,0.0005328184,0.0002561182,0.039132997,0.899962
/home/leo/Documentos/mestrado/DeepWeeds-Mobile/images/20170913-104650-2.jpg,3,3,3,3,1,0.99916434,2.8323218e-08,8.112582e-10,7.869099e-08,0.99916434,1.8686946e-05,6.012216e-05,2.98503e-12,1.3551281e-10,0.0007567048
/home/leo/Documentos/mestrado/DeepWeeds-Mobile/images/20180105-104604-1.jpg,8,8,8,8,1,0.95455116,3.9638876e-06,0.0032573931,0.0013262853,7.2421685e-06,1.37796005e-05,3.6921358e-06,0.04076643,7.011506e-05,0.95455116
/home/leo/Documentos/mestrado/DeepWeeds-Mobile/images/20171205-134707-2.jpg,8,8,8,8,1,0.9948488,0.00013509736,2.0752199e-05,5.7143527e-16,6.551036e-09,4.9677994e-14,0.004956524,1.2690907e-08,3.882216e-05,0.9948488
/home/leo/Documentos/mestrado/DeepWeeds-Mobile/images/20170920-135837-2.jpg,2,2,2,2,1,0.9289713,0.00039900828,9.439123e-06,0.9289713,0.0025521102,0.03687129,2.529925e-06,4.3768537e-06,4.6310182e-05,0.031143611
/home/leo/Documentos/mestrado/DeepWeeds-Mobile/images/20170714-114743-3.jpg,1,1,1,1,1,0.9999876,1.124612e-08,0.9999876,5.559952e-17,5.6144595e-10,1.2717655e-13,6.6258804e-10,1.4526076e-08,1.2993944e-07,1.2303404e-05
/home/leo/Documentos/mestrado/DeepWeeds-Mobile/images/20171113-131321-2.jpg,6,6,6,6,1,0.99904305,1.7286566e-05,0.0001771813,2.1529599e-12,6.3977836e-07,6.0195973e-09,6.708002e-06,0.99904305,0.00034533787,0.00040979005
/home/leo/Documentos/mestrado/DeepWeeds-Mobile/images/20180119-111123-2.jpg,8,8,8,8,1,0.9996455,0.00032759734,3.6949739e-06,1.2351649e-08,9.565214e-06,3.1520337e-09,4.514436e-06,2.2241015e-07,8.882152e-06,0.9996455
/home/leo/Documentos/mestrado/DeepWeeds-Mobile/images/20180125-092015-2.jpg,8,8,8,8,1,0.9997129,5.6856625e-05,0.00013506415,6.9318907e-07,1.7190654e-05,4.738581e-05,1.5790924e-07,1.3143739e-07,2.9609284e-05,0.9997129
/home/leo/Documentos/mestrado/DeepWeeds-Mobile/images/20170728-152311-1.jpg,8,4,8,4,0,0.8085149,6.812996e-05,2.4607225e-06,2.9636152e-10,5.3805717e-05,0.8085149,8.1616185e-05,5.9029036e-12,0.0010184794,0.19026057
/home/leo/Documentos/mestrado/DeepWeeds-Mobile/images/20171220-093232-3.jpg,8,8,8,8,1,0.9990006,0.00094331516,2.8249145e-08,1.967273e-12,2.093961e-05,1.8004495e-09,3.1408275e-05,1.3909425e-09,3.707145e-06,0.9990006
/home/leo/Documentos/mestrado/DeepWeeds-Mobile/images/20171122-101719-1.jpg,5,5,5,5,1,0.99256027,8.426665e-07,1.2099482e-05,1.4395629e-15,2.5463117e-12,3.0289562e-13,0.99256027,2.3630405e-07,2.698014e-10,0.0074266125
/home/leo/Documentos/mestrado/DeepWeeds-Mobile/images/20180119-104517-1.jpg,8,8,8,8,1,0.98008746,0.0001475097,0.002249014,0.0011631019,0.00013134192,0.00046967267,2.4170222e-06,0.015620911,0.00012854743,0.98008746
/home/leo/Documentos/mestrado/DeepWeeds-Mobile/images/20170704-152032-0.jpg,0,0,0,0,1,0.93483216,0.93483216,0.0019135814,2.1628238e-10,5.3289855e-11,5.312178e-08,7.2962285e-07,6.047748e-09,0.00017650724,0.06307696
/home/leo/Documentos/mestrado/DeepWeeds-Mobile/images/20171025-091829-2.jpg,3,3,3,3,1,0.99798226,6.0218834e-05,1.1837181e-09,1.482012e-07,0.99798226,4.759608e-08,1.4053769e-11,5.8309477e-12,7.672141e-06,0.0019497408
/home/leo/Documentos/mestrado/DeepWeeds-Mobile/images/20170920-095354-1.jpg,2,2,2,2,1,0.99943227,1.14797425e-08,1.0397213e-07,0.99943227,1.9596288e-05,2.1356109e-05,1.8838863e-07,2.4874178e-05,4.202248e-08,0.0005015386
/home/leo/Documentos/mestrado/DeepWeeds-Mobile/images/20170920-130628-2.jpg,2,2,2,2,1,0.99843603,5.0263243e-05,9.603741e-07,0.99843603,0.00060774724,0.00043633647,4.6356517e-06,2.2977957e-07,7.7114964e-05,0.00038670798
/home/leo/Documentos/mestrado/DeepWeeds-Mobile/images/20180109-095930-2.jpg,8,8,8,8,1,0.9305842,0.06889384,5.7987407e-05,4.4302314e-07,0.00022415776,4.3037236e-08,0.00018064237,1.1667815e-05,4.706791e-05,0.9305842
/home/leo/Documentos/mestrado/DeepWeeds-Mobile/images/20170129-102040-0.jpg,8,8,8,8,1,0.9085028,0.020244759,0.048929136,9.179213e-11,3.299993e-06,3.285294e-08,9.619041e-06,0.019405168,0.0029051977,0.9085028
/home/leo/Documentos/mestrado/DeepWeeds-Mobile/images/20171025-094245-2.jpg,3,8,3,8,0,0.95735663,0.004235844,0.00092963385,0.00039403755,0.018026484,1.3788504e-05,2.101697e-06,0.018845057,0.00019636037,0.95735663
/home/leo/Documentos/mestrado/DeepWeeds-Mobile/images/20171220-095237-1.jpg,8,8,8,8,1,0.98053575,0.014108838,1.1671692e-07,5.8244246e-13,2.4338412e-10,2.086292e-12,3.7095644e-05,1.0093831e-11,0.0053181564,0.98053575
/home/leo/Documentos/mestrado/DeepWeeds-Mobile/images/20171219-095001-2.jpg,8,8,8,8,1,0.94479054,0.018795684,6.25501e-06,6.4372006e-12,0.00015938665,8.888982e-10,0.03616911,2.0171985e-06,7.7031946e-05,0.94479054
/home/leo/Documentos/mestrado/DeepWeeds-Mobile/images/20171109-091828-2.jpg,5,5,5,5,1,0.8829507,0.017752044,0.00023627812,1.2497e-11,6.099341e-08,7.512117e-10,0.8829507,2.7748598e-08,0.0029579473,0.09610283
/home/leo/Documentos/mestrado/DeepWeeds-Mobile/images/20170920-172903-1.jpg,2,2,2,2,1,0.98397994,1.4691964e-06,7.0188166e-06,0.98397994,3.52093e-05,0.0001065655,9.576391e-06,9.593329e-06,1.2731579e-06,0.015849454
/home/leo/Documentos/mestrado/DeepWeeds-Mobile/images/20170714-133924-1.jpg,1,1,1,1,1,0.999984,1.1073446e-06,0.999984,9.516737e-13,3.846111e-11,2.4282982e-12,8.684249e-09,7.2141755e-09,1.3385953e-05,1.4774731e-06
/home/leo/Documentos/mestrado/DeepWeeds-Mobile/images/20170217-115511-0.jpg,7,7,7,7,1,0.99987113,4.451277e-05,7.079774e-11,7.510575e-16,3.0575666e-15,7.383817e-16,2.5304092e-09,9.125424e-11,0.99987113,8.433918e-05
/home/leo/Documentos/mestrado/DeepWeeds-Mobile/images/20170129-103811-0.jpg,8,8,8,8,1,0.85060966,0.10529036,0.043742143,5.804697e-11,5.8751915e-08,3.4531076e-09,2.3634095e-05,7.609766e-06,0.00032648008,0.85060966
/home/leo/Documentos/mestrado/DeepWeeds-Mobile/images/20180125-102143-1.jpg,8,8,8,8,1,0.3238683,0.31615517,0.049315073,1.15819585e-05,0.00020843103,4.6356868e-07,0.0767029,0.19005077,0.043687355,0.3238683
/home/leo/Documentos/mestrado/DeepWeeds-Mobile/images/20171220-084352-2.jpg,8,8,8,8,1,0.97272766,0.024834424,0.00030103952,4.5052016e-13,0.00020208216,5.7130356e-10,6.203669e-07,6.027951e-08,0.0019340754,0.97272766
/home/leo/Documentos/mestrado/DeepWeeds-Mobile/images/20171205-133832-2.jpg,8,8,8,8,1,0.99299824,0.004995097,7.288719e-05,8.5473046e-13,5.8372922e-08,3.1905728e-11,0.0019274928,2.3701737e-07,6.0252937e-06,0.99299824
/home/leo/Documentos/mestrado/DeepWeeds-Mobile/images/20170920-094910-1.jpg,2,2,2,2,1,0.9999912,2.9420558e-10,4.1631787e-09,0.9999912,6.024267e-08,4.8983347e-06,6.0715597e-09,1.0516519e-08,7.13023e-10,3.8443804e-06
/home/leo/Documentos/mestrado/DeepWeeds-Mobile/images/20180125-132123-3.jpg,8,8,8,8,1,0.9020019,0.024797147,0.0012617381,0.015048403,0.04288037,0.007508647,0.00064265454,0.0010644555,0.004794767,0.9020019
/home/leo/Documentos/mestrado/DeepWeeds-Mobile/images/20180109-092308-1.jpg,8,8,8,8,1,0.9856627,2.2704315e-05,0.012914004,5.121935e-05,0.00052852737,0.00024190215,5.9824833e-06,0.0001826891,0.0003901659,0.9856627
/home/leo/Documentos/mestrado/DeepWeeds-Mobile/images/20180109-110200-2.jpg,8,8,8,8,1,0.9939357,0.0006253838,1.5506454e-05,0.002526202,0.0014206006,0.0009408953,5.517082e-08,9.003156e-06,0.0005266179,0.9939357
/home/leo/Documentos/mestrado/DeepWeeds-Mobile/images/20170304-132713-0.jpg,7,7,7,7,1,0.99792033,1.4783486e-05,4.9660236e-09,1.2331505e-16,1.3694548e-14,4.368271e-13,5.5129097e-09,4.7415235e-13,0.99792033,0.0020649494
/home/leo/Documentos/mestrado/DeepWeeds-Mobile/images/20171220-090858-2.jpg,8,8,8,8,1,0.88472956,0.10886849,0.0010921289,9.616989e-13,3.3111163e-09,9.773868e-11,0.0040386585,2.3541966e-06,0.001268781,0.88472956
/home/leo/Documentos/mestrado/DeepWeeds-Mobile/images/20180109-104607-2.jpg,8,8,8,8,1,0.9960865,0.0026789429,3.405408e-08,3.0843104e-05,0.0010777008,1.9575289e-07,4.9038925e-07,7.850517e-08,0.00012528898,0.9960865
/home/leo/Documentos/mestrado/DeepWeeds-Mobile/images/20170727-153212-1.jpg,4,4,4,4,1,0.9997522,1.053232e-06,2.4661643e-08,1.975595e-05,0.00015553861,0.9997522,1.2347878e-08,7.629994e-12,2.2698387e-06,6.910315e-05
/home/leo/Documentos/mestrado/DeepWeeds-Mobile/images/20170714-143030-2.jpg,1,1,1,1,1,0.8591534,0.0030821383,0.8591534,2.2189972e-09,0.032912593,2.679744e-06,0.00095808646,0.0011703917,0.019670699,0.08305001
/home/leo/Documentos/mestrado/DeepWeeds-Mobile/images/20171219-112408-3.jpg,8,2,8,2,0,0.9218782,0.00033991534,3.6267832e-07,0.9218782,0.0034753166,0.00755825,3.7702275e-08,1.2334779e-07,1.551543e-05,0.06673226
/home/leo/Documentos/mestrado/DeepWeeds-Mobile/images/20171201-120058-1.jpg,8,8,8,8,1,0.9986425,4.3069488e-07,4.4865857e-05,8.656831e-13,1.09457105e-05,6.9924646e-08,0.0012890337,2.469644e-06,9.512527e-06,0.9986425
/home/leo/Documentos/mestrado/DeepWeeds-Mobile/images/20170207-142634-0.jpg,7,7,7,7,1,0.99971884,0.00026872611,5.4503766e-09,1.6098563e-13,1.4452695e-13,2.8939691e-11,3.9788382e-08,3.2189713e-13,0.99971884,1.2401051e-05
/home/leo/Documentos/mestrado/DeepWeeds-Mobile/images/20171113-121733-2.jpg,6,6,6,6,1,0.9998671,1.2586396e-06,0.00012448507,3.0112384e-14,1.15092845e-10,5.0495884e-12,5.6144813e-09,0.9998671,6.4424858e-06,7.1751646e-07
/home/leo/Documentos/mestrado/DeepWeeds-Mobile/images/20180109-085819-1.jpg,8,8,8,8,1,0.9700566,0.022621678,2.8579436e-08,2.4905424e-08,1.1551818e-06,2.5810726e-10,7.174335e-09,4.744916e-12,0.00732058,0.9700566
/home/leo/Documentos/mestrado/DeepWeeds-Mobile/images/20171121-085911-1.jpg,6,6,6,6,1,0.5232695,0.000118524906,5.031321e-05,7.4791e-07,2.1333248e-07,4.044141e-07,1.4877529e-06,0.5232695,0.003621862,0.47293705
/home/leo/Documentos/mestrado/DeepWeeds-Mobile/images/20170729-091846-2.jpg,4,4,4,4,1,0.9991669,2.9503726e-05,7.356079e-08,3.2607122e-06,0.00061399874,0.9991669,1.0997995e-10,1.06049115e-13,2.0005951e-05,0.0001663236
/home/leo/Documentos/mestrado/DeepWeeds-Mobile/images/20170128-103926-0.jpg,8,8,8,8,1,0.975779,1.2481252e-05,0.019863412,1.8021248e-07,0.0033884738,7.618719e-05,4.5251005e-07,4.7712892e-05,0.00083207723,0.975779
/home/leo/Documentos/mestrado/DeepWeeds-Mobile/images/20180112-095053-2.jpg,8,8,8,8,1,0.9993013,0.00054815627,4.9049396e-09,5.599285e-10,4.3203656e-11,9.159525e-13,2.3188038e-07,1.964505e-12,0.00015038358,0.9993013
/home/leo/Documentos/mestrado/DeepWeeds-Mobile/images/20171212-103115-3.jpg,8,8,8,8,1,0.6643846,0.29781133,0.013939452,8.094689e-09,2.2952688e-06,9.0102056e-08,5.7387137e-05,3.2945583e-05,0.023771888,0.6643846
/home/leo/Documentos/mestrado/DeepWeeds-Mobile/images/20180112-074356-1.jpg,8,8,8,8,1,0.9704826,0.00919217,0.0002174442,8.177919e-05,0.007132986,0.0073028463,2.0375637e-07,1.9952498e-07,0.0055896807,0.9704826
/home/leo/Documentos/mestrado/DeepWeeds-Mobile/images/20171109-070638-1.jpg,5,5,5,5,1,0.9552242,2.6518924e-06,7.371516e-07,5.038647e-11,7.899323e-09,1.1027997e-08,0.9552242,1.750401e-07,2.758325e-05,0.0447447
/home/leo/Documentos/mestrado/DeepWeeds-Mobile/images/20180125-101121-2.jpg,8,8,8,8,1,0.9999064,1.768933e-07,3.8213667e-08,6.5422535e-07,9.155281e-05,2.4354583e-07,8.3815587e-07,2.8984266e-09,4.024714e-08,0.9999064
/home/leo/Documentos/mestrado/DeepWeeds-Mobile/images/20180109-094720-2.jpg,8,8,8,8,1,0.9857506,0.00069646095,7.964559e-06,0.0015259058,0.010139189,0.0018672091,1.030506e-06,2.707294e-06,8.902011e-06,0.9857506
/home/leo/Documentos/mestrado/DeepWeeds-Mobile/images/20180109-100749-2.jpg,8,8,8,8,1,0.9846295,4.668547e-05,3.304896e-05,0.00035254058,0.0001692729,3.71075e-06,2.9652261e-05,0.014734314,1.2490592e-06,0.9846295
/home/leo/Documentos/mestrado/DeepWeeds-Mobile/images/20170404-154046-0.jpg,7,7,7,7,1,0.9999987,1.3351223e-06,2.7282203e-11,1.7059704e-12,3.319309e-20,2.3977068e-14,1.710558e-12,8.355279e-14,0.9999987,2.0423286e-08
/home/leo/Documentos/mestrado/DeepWeeds-Mobile/images/20170130-102142-0.jpg,1,1,1,1,1,0.600602,0.38004112,0.600602,1.0103579e-09,1.3254935e-06,3.483751e-08,6.723498e-05,2.8780445e-05,0.017331516,0.0019280035
/home/leo/Documentos/mestrado/DeepWeeds-Mobile/images/20180105-092846-2.jpg,8,8,8,8,1,0.9944182,3.2677107e-07,6.390946e-05,3.3006973e-09,1.0825851e-08,1.6630053e-10,4.164329e-06,0.005507919,5.4299367e-06,0.9944182
/home/leo/Documentos/mestrado/DeepWeeds-Mobile/images/20180322-114811-1.jpg,8,8,8,8,1,1.0,3.5247097e-11,8.029837e-15,2.8487587e-21,8.674379e-15,1.4942362e-15,5.5182924e-12,1.1045937e-19,3.1250003e-12,1.0
/home/leo/Documentos/mestrado/DeepWeeds-Mobile/images/20180105-095030-2.jpg,8,8,8,8,1,0.9994598,4.846308e-09,2.3895714e-06,5.079349e-10,2.282684e-06,5.7536074e-09,3.8769756e-09,0.00053539255,5.1387186e-08,0.9994598
/home/leo/Documentos/mestrado/DeepWeeds-Mobile/images/20170920-133931-2.jpg,2,2,2,2,1,0.7844391,0.00025935328,9.958548e-06,0.7844391,0.003754058,0.13368507,0.00021692543,4.6736352e-07,7.2699563e-06,0.07762783
/home/leo/Documentos/mestrado/DeepWeeds-Mobile/images/20180322-102908-1.jpg,8,8,8,8,1,0.9991804,9.228339e-05,3.263203e-07,1.0965008e-06,0.00023168801,0.00048272344,1.3889407e-07,1.6547337e-10,1.1365832e-05,0.9991804
/home/leo/Documentos/mestrado/DeepWeeds-Mobile/images/20180125-125757-2.jpg,8,8,8,8,1,0.9999999,6.663108e-10,3.3226144e-08,8.173118e-12,4.718207e-09,4.4627315e-09,6.025147e-08,1.6020346e-09,1.2068627e-08,0.9999999
/home/leo/Documentos/mestrado/DeepWeeds-Mobile/images/20170501-144018-0.jpg,1,1,1,1,1,0.62922144,0.024617476,0.62922144,6.889905e-08,5.319594e-06,1.4755184e-06,0.009271625,0.12107408,0.08905377,0.12675478
/home/leo/Documentos/mestrado/DeepWeeds-Mobile/images/20170217-103940-0.jpg,0,0,0,0,1,0.99950373,0.99950373,2.2799439e-07,9.3638285e-11,3.776885e-10,1.6260514e-10,7.22248e-05,6.8210836e-12,5.4685395e-05,0.00036914702
/home/leo/Documentos/mestrado/DeepWeeds-Mobile/images/20171113-142659-3.jpg,6,6,6,6,1,0.8609273,0.00060027966,0.00048025235,3.2182555e-07,4.328401e-06,2.7945614e-06,0.027082698,0.8609273,0.00045105186,0.110450976
/home/leo/Documentos/mestrado/DeepWeeds-Mobile/images/20171203-170255-3.jpg,8,8,8,8,1,0.99614716,0.0022284323,0.00039647784,4.9563673e-09,0.000494041,8.153017e-09,4.4810164e-05,4.199665e-05,0.00064696604,0.99614716
/home/leo/Documentos/mestrado/DeepWeeds-Mobile/images/20171212-103609-3.jpg,8,8,8,8,1,0.87610453,0.11767377,0.0003302139,3.5437076e-12,9.307743e-09,2.2783547e-10,0.00012283458,8.9677e-06,0.0057596145,0.87610453
/home/leo/Documentos/mestrado/DeepWeeds-Mobile/images/20170920-115819-2.jpg,2,2,2,2,1,0.971001,2.4139737e-05,1.583482e-07,0.971001,0.0002172788,0.0028134678,2.7415646e-07,1.3520732e-06,2.7481795e-07,0.02594202
/home/leo/Documentos/mestrado/DeepWeeds-Mobile/images/20170920-111322-3.jpg,4,8,4,8,0,0.50822127,0.0044981698,0.0017930389,3.1603457e-05,0.021280425,0.38817212,0.060720794,5.505628e-06,0.0152771305,0.50822127
/home/leo/Documentos/mestrado/DeepWeeds-Mobile/images/20170906-114354-1.jpg,3,3,3,3,1,0.87396175,0.0027705608,0.00017495551,4.1794793e-11,0.87396175,3.0386898e-06,1.1978849e-06,3.7785682e-07,0.024147604,0.09894051
/home/leo/Documentos/mestrado/DeepWeeds-Mobile/images/20180109-075949-1.jpg,8,8,8,8,1,0.99721825,4.293145e-06,1.313443e-05,2.0682612e-06,4.0315734e-07,1.4102278e-07,1.5836818e-07,0.0027333798,2.8149136e-05,0.99721825
/home/leo/Documentos/mestrado/DeepWeeds-Mobile/images/20170906-140117-1.jpg,3,8,3,8,0,0.6508642,0.018607073,0.00016020855,0.0097687505,0.30811492,0.011513744,4.2595528e-07,1.7638335e-05,0.0009531035,0.6508642
/home/leo/Documentos/mestrado/DeepWeeds-Mobile/images/20180119-111050-2.jpg,8,8,8,8,1,0.995124,0.0032796683,0.0006895609,3.4616354e-05,0.00034505528,2.9168748e-05,0.00016749892,4.633059e-05,0.0002840056,0.995124
/home/leo/Documentos/mestrado/DeepWeeds-Mobile/images/20170727-114855-3.jpg,4,4,4,4,1,0.66863817,3.360021e-05,2.505974e-08,0.31413698,7.023243e-05,0.66863817,0.00029104203,1.2752349e-05,1.5745644e-06,0.016815621
/home/leo/Documentos/mestrado/DeepWeeds-Mobile/images/20171212-104939-3.jpg,8,8,8,8,1,0.994471,0.0054670954,2.8047234e-07,1.0910854e-09,1.0957906e-05,5.4846016e-08,6.2803986e-07,2.3171032e-10,4.996662e-05,0.994471
/home/leo/Documentos/mestrado/DeepWeeds-Mobile/images/20171113-132227-1.jpg,6,6,6,6,1,0.7516386,0.08084319,0.10369916,5.0907994e-07,6.7971055e-06,4.3819776e-07,0.0002711557,0.7516386,0.02033256,0.043207645
/home/leo/Documentos/mestrado/DeepWeeds-Mobile/images/20180112-094441-2.jpg,8,8,8,8,1,0.99995065,3.259213e-05,2.174559e-06,4.1144162e-07,2.952374e-07,5.0306205e-08,2.5120585e-08,8.5730454e-07,1.2985821e-05,0.99995065
/home/leo/Documentos/mestrado/DeepWeeds-Mobile/images/20180112-083122-1.jpg,8,8,8,8,1,0.99402857,0.0037734606,5.2708335e-09,1.2617957e-06,0.001391418,1.6129557e-09,1.8190651e-09,1.0022588e-11,0.00080523954,0.99402857
/home/leo/Documentos/mestrado/DeepWeeds-Mobile/images/20180109-110145-2.jpg,8,8,8,8,1,0.91802686,0.004933327,2.176742e-05,0.058635175,0.013401551,0.0033662554,1.2459066e-06,7.190768e-06,0.0016066262,0.91802686
/home/leo/Documentos/mestrado/DeepWeeds-Mobile/images/20171109-093159-1.jpg,5,5,5,5,1,0.9976144,2.5760115e-05,8.2797545e-05,3.892965e-10,6.2584204e-09,5.168175e-09,0.9976144,0.00012670578,8.0491253e-07,0.002149524
/home/leo/Documentos/mestrado/DeepWeeds-Mobile/images/20171102-121656-3.jpg,2,2,2,2,1,0.999215,1.544073e-08,2.7651684e-08,0.999215,1.7270532e-06,1.769858e-06,1.8627092e-07,6.0380797e-05,1.2551453e-08,0.0007209217
/home/leo/Documentos/mestrado/DeepWeeds-Mobile/images/20180112-075237-2.jpg,8,8,8,8,1,0.61297363,0.091552936,6.45864e-05,0.0030547716,0.28011155,0.0033378068,5.687804e-07,4.048155e-07,0.008903777,0.61297363
/home/leo/Documentos/mestrado/DeepWeeds-Mobile/images/20171121-075015-1.jpg,6,6,6,6,1,0.9100436,0.00036786025,0.07348734,2.1120554e-08,0.0006656903,1.5612118e-06,0.0001502616,0.9100436,0.0013252444,0.013958492
/home/leo/Documentos/mestrado/DeepWeeds-Mobile/images/20171220-085209-3.jpg,8,8,8,8,1,0.9999566,7.734905e-06,2.553288e-08,2.2647572e-18,1.550267e-08,3.4132844e-15,1.2871982e-07,2.637787e-12,3.543536e-05,0.9999566
/home/leo/Documentos/mestrado/DeepWeeds-Mobile/images/20171220-082846-2.jpg,8,8,8,8,1,0.9999391,3.097424e-05,2.0410844e-09,4.833573e-12,2.0756903e-05,8.616942e-06,5.384433e-07,1.8420221e-13,8.711484e-08,0.9999391
/home/leo/Documentos/mestrado/DeepWeeds-Mobile/images/20170913-115242-3.jpg,3,5,3,5,0,0.8303528,6.1617214e-08,4.3990333e-08,4.455235e-09,0.040270295,0.12597053,0.8303528,9.985459e-10,1.1252685e-08,0.0034064092
/home/leo/Documentos/mestrado/DeepWeeds-Mobile/images/20180112-071857-1.jpg,8,8,8,8,1,0.83938485,0.0059789796,0.0019056387,0.07867841,0.07002433,0.0027955049,2.8415495e-06,0.00024985615,0.0009796454,0.83938485
/home/leo/Documentos/mestrado/DeepWeeds-Mobile/images/20170207-142214-0.jpg,7,7,7,7,1,0.9577997,0.04177365,2.6304848e-05,1.6898952e-08,2.6770747e-08,1.3559143e-09,1.4494864e-05,4.4945347e-07,0.9577997,0.0003854036
/home/leo/Documentos/mestrado/DeepWeeds-Mobile/images/20171220-095109-1.jpg,8,8,8,8,1,0.9981212,0.0018714282,3.0852951e-09,1.818473e-20,1.9309668e-10,4.2373977e-18,5.6050394e-06,7.928189e-12,1.8080895e-06,0.9981212
/home/leo/Documentos/mestrado/DeepWeeds-Mobile/images/20170315-090124-0.jpg,8,8,8,8,1,0.9941752,0.004585731,0.00031096712,3.4300033e-08,4.2774172e-06,3.444893e-06,3.1647498e-06,2.5590984e-07,0.0009170351,0.9941752
/home/leo/Documentos/mestrado/DeepWeeds-Mobile/images/20170728-152937-1.jpg,4,4,4,4,1,0.9860615,2.456606e-07,3.9173016e-09,0.0038058027,1.6942186e-05,0.9860615,1.5662641e-05,3.0137958e-06,3.5078465e-08,0.010096792
/home/leo/Documentos/mestrado/DeepWeeds-Mobile/images/20170728-151751-3.jpg,8,4,8,4,0,0.9704304,6.5855026e-08,2.480585e-09,1.5052558e-07,0.004164163,0.9704304,0.0071908403,1.6380052e-11,3.7022274e-09,0.01821439
/home/leo/Documentos/mestrado/DeepWeeds-Mobile/images/20180322-113516-1.jpg,8,8,8,8,1,0.99991405,1.8687201e-07,2.944197e-07,1.866292e-06,2.4157913e-05,5.898654e-05,3.0690634e-07,2.6099936e-09,8.467489e-08,0.99991405
/home/leo/Documentos/mestrado/DeepWeeds-Mobile/images/20171102-120206-1.jpg,2,2,2,2,1,0.9999993,1.1065555e-09,2.4704682e-13,0.9999993,1.2002775e-09,7.7334056e-10,5.678061e-11,1.3343259e-12,2.081533e-10,7.683897e-07
/home/leo/Documentos/mestrado/DeepWeeds-Mobile/images/20171219-093358-2.jpg,8,8,8,8,1,0.9743012,0.023264503,0.000103125494,2.4314463e-06,0.0011713527,2.467396e-06,4.555848e-05,9.2562484e-05,0.0010167809,0.9743012
/home/leo/Documentos/mestrado/DeepWeeds-Mobile/images/20170920-175309-1.jpg,2,8,2,8,0,0.64859873,0.018771665,0.04075809,0.20371243,0.07291847,0.010524222,0.003119082,0.00023035578,0.0013670345,0.64859873
/home/leo/Documentos/mestrado/DeepWeeds-Mobile/images/20171102-123253-1.jpg,2,2,2,2,1,0.99984896,4.4448934e-06,8.976006e-11,0.99984896,0.00012646362,6.4462783e-06,1.0969781e-08,4.6814035e-11,3.6985924e-08,1.3717885e-05
/home/leo/Documentos/mestrado/DeepWeeds-Mobile/images/20170707-112534-0.jpg,0,0,0,0,1,0.9108907,0.9108907,0.0013570923,9.883533e-05,0.056144323,0.0001790542,8.976533e-05,2.11917e-05,0.010168695,0.021050412
/home/leo/Documentos/mestrado/DeepWeeds-Mobile/images/20171113-120638-3.jpg,6,6,6,6,1,0.9400003,1.5783267e-05,0.0021539999,9.387396e-11,1.978241e-06,4.0582002e-10,0.00029316978,0.9400003,2.222338e-05,0.057512492
/home/leo/Documentos/mestrado/DeepWeeds-Mobile/images/20180112-104225-2.jpg,8,8,8,8,1,0.9989379,0.0009913081,3.256826e-08,1.467036e-06,1.8092126e-07,1.1497993e-07,3.447505e-09,2.3474564e-11,6.9007634e-05,0.9989379
/home/leo/Documentos/mestrado/DeepWeeds-Mobile/images/20171218-103140-2.jpg,8,8,8,8,1,0.57754016,0.19610709,0.049438376,2.2392546e-06,0.019726118,0.00052781095,0.00045127468,2.980632e-05,0.1561772,0.57754016
/home/leo/Documentos/mestrado/DeepWeeds-Mobile/images/20171220-083340-2.jpg,8,8,8,8,1,0.9999927,2.1969217e-06,2.4074972e-12,1.00891025e-20,1.2438505e-09,2.6386732e-15,5.141396e-06,9.092824e-15,7.6217416e-10,0.9999927
/home/leo/Documentos/mestrado/DeepWeeds-Mobile/images/20180109-072410-2.jpg,8,8,8,8,1,0.8150845,0.016658334,0.012323534,0.009498537,0.013710927,0.009503868,0.00016999422,0.090274215,0.032775983,0.8150845
/home/leo/Documentos/mestrado/DeepWeeds-Mobile/images/20170920-113530-3.jpg,2,2,2,2,1,0.99994636,5.412289e-09,3.428199e-10,0.99994636,2.1775288e-07,2.1807343e-06,3.1394788e-06,5.051249e-09,4.775848e-08,4.7947848e-05
/home/leo/Documentos/mestrado/DeepWeeds-Mobile/images/20170920-173813-1.jpg,4,8,4,8,0,0.26322305,0.12626283,0.010642779,0.19869202,0.19937763,0.18234639,0.001679961,0.0002915937,0.017483752,0.26322305
/home/leo/Documentos/mestrado/DeepWeeds-Mobile/images/20171220-093224-2.jpg,8,8,8,8,1,0.9999398,5.2759697e-05,8.003568e-09,1.0995481e-11,1.4474716e-06,6.25862e-09,5.7000575e-06,3.5744624e-10,1.7968804e-07,0.9999398
/home/leo/Documentos/mestrado/DeepWeeds-Mobile/images/20170718-133830-2.jpg,7,7,7,7,1,0.97741187,0.013219161,0.0011757493,4.77316e-07,0.0005799849,0.00034456069,9.873519e-05,2.2879716e-09,0.97741187,0.007169457
/home/leo/Documentos/mestrado/DeepWeeds-Mobile/images/20171220-093619-2.jpg,8,8,8,8,1,0.78246725,0.00076135196,0.0013690438,6.7022485e-09,0.0007566763,1.715685e-05,0.21459638,8.094589e-06,2.4096344e-05,0.78246725
/home/leo/Documentos/mestrado/DeepWeeds-Mobile/images/20180112-075444-2.jpg,8,8,8,8,1,0.7809747,0.03798792,1.9855655e-05,0.008537503,0.16437964,0.0048040682,1.7157157e-07,2.1205666e-07,0.0032960144,0.7809747
/home/leo/Documentos/mestrado/DeepWeeds-Mobile/images/20170920-171224-3.jpg,2,2,2,2,1,0.9999958,6.517513e-10,2.2619284e-10,0.9999958,1.3640225e-07,1.1371804e-06,3.1667655e-09,3.0345174e-10,6.061656e-10,2.9107543e-06
/home/leo/Documentos/mestrado/DeepWeeds-Mobile/images/20170304-123805-0.jpg,0,0,0,0,1,0.6555465,0.6555465,0.13972646,6.768367e-06,8.824135e-05,7.532958e-06,0.00022273438,0.0037411107,0.017251767,0.18340898
/home/leo/Documentos/mestrado/DeepWeeds-Mobile/images/20180109-103926-2.jpg,8,8,8,8,1,0.97159165,0.0003887671,3.716901e-06,0.0052048224,0.021116965,0.0014197669,4.21279e-09,5.461183e-06,0.0002687185,0.97159165
/home/leo/Documentos/mestrado/DeepWeeds-Mobile/images/20180109-105213-2.jpg,8,8,8,8,1,0.9860635,0.0021845384,9.744016e-07,0.009804447,0.00143593,0.00027770406,1.14150446e-07,1.8085692e-07,0.00023260224,0.9860635
/home/leo/Documentos/mestrado/DeepWeeds-Mobile/images/20170913-100934-2.jpg,3,5,3,5,0,0.7600301,4.7014596e-06,6.29011e-07,0.0012578459,0.23370779,0.000760639,0.7600301,8.750277e-09,2.140283e-08,0.004238252
/home/leo/Documentos/mestrado/DeepWeeds-Mobile/images/20180125-093645-1.jpg,8,8,8,8,1,0.97518855,5.297693e-08,4.260311e-07,1.2677751e-12,6.375026e-10,2.2106669e-11,0.024810927,1.7233678e-07,6.3336643e-09,0.97518855
/home/leo/Documentos/mestrado/DeepWeeds-Mobile/images/20171113-141831-2.jpg,6,6,6,6,1,0.83126605,0.0038161022,0.0004898722,5.1537696e-05,5.9394417e-05,7.881696e-06,0.0004887024,0.83126605,0.0066868635,0.15713367
/home/leo/Documentos/mestrado/DeepWeeds-Mobile/images/20180109-070909-1.jpg,8,6,8,6,0,0.89747477,1.2806893e-06,9.566053e-06,4.8672656e-11,8.443803e-09,3.4637124e-12,7.649507e-06,0.89747477,1.2629822e-06,0.102505445
/home/leo/Documentos/mestrado/DeepWeeds-Mobile/images/20180125-132933-2.jpg,8,8,8,8,1,0.9998367,5.547381e-06,0.0001225369,4.423616e-09,2.9712003e-06,1.1238833e-05,2.1710726e-08,4.7898734e-08,2.092007e-05,0.9998367
/home/leo/Documentos/mestrado/DeepWeeds-Mobile/images/20180322-114255-1.jpg,8,8,8,8,1,0.99999976,5.7110153e-08,9.20837e-09,1.0968373e-13,7.0597395e-08,3.2543845e-09,1.2160497e-08,3.062449e-11,1.341813e-07,0.99999976
/home/leo/Documentos/mestrado/DeepWeeds-Mobile/images/20170130-102352-0.jpg,1,0,1,0,0,0.4831205,0.4831205,0.4459488,2.658326e-06,0.0002635979,5.694195e-07,0.01739566,4.962971e-07,0.021959536,0.031308126
/home/leo/Documentos/mestrado/DeepWeeds-Mobile/images/20180125-135202-3.jpg,8,8,8,8,1,0.7019737,0.0011270527,0.0018445265,0.0016180043,0.28616402,0.0021640474,2.8439707e-05,0.00053744426,0.0045427717,0.7019737
/home/leo/Documentos/mestrado/DeepWeeds-Mobile/images/20180109-103504-1.jpg,8,8,8,8,1,0.4053152,0.021672914,0.00023169286,0.24055418,0.27942845,0.05182594,1.9339345e-06,1.4151118e-05,0.0009555294,0.4053152
/home/leo/Documentos/mestrado/DeepWeeds-Mobile/images/20171025-091402-1.jpg,3,3,3,3,1,0.7548135,0.07881371,0.0007956085,8.947502e-06,0.7548135,0.00014801379,0.00011464068,4.6499085e-08,0.1240745,0.041231025
/home/leo/Documentos/mestrado/DeepWeeds-Mobile/images/20171220-094540-2.jpg,8,8,8,8,1,0.9961347,0.0025750475,0.00028602607,5.7704887e-12,0.00019145996,2.986677e-07,3.2898174e-06,9.751356e-10,0.000809074,0.9961347
/home/leo/Documentos/mestrado/DeepWeeds-Mobile/images/20171218-120628-2.jpg,8,8,8,8,1,0.99983835,1.1769569e-05,4.0632436e-08,1.2577078e-18,2.1428681e-10,3.0854926e-15,8.5897874e-08,1.1289597e-11,0.00014966997,0.99983835
/home/leo/Documentos/mestrado/DeepWeeds-Mobile/images/20171219-101115-3.jpg,8,8,8,8,1,0.9984536,0.0002644676,0.00015527452,1.4145138e-11,2.7165952e-06,2.1746585e-08,6.6011395e-08,2.944494e-10,0.0011238904,0.9984536
/home/leo/Documentos/mestrado/DeepWeeds-Mobile/images/20171220-084230-3.jpg,8,8,8,8,1,0.9840285,0.007178779,9.091345e-07,2.5966925e-11,0.007034674,4.2651502e-07,0.0003596443,1.3364588e-11,0.00139705,0.9840285
/home/leo/Documentos/mestrado/DeepWeeds-Mobile/images/20171025-100402-2.jpg,3,3,3,3,1,0.94126284,0.0010717846,3.1889627e-05,2.5997462e-05,0.94126284,0.0007505685,7.161203e-08,4.6410107e-05,0.0024245179,0.05438595
/home/leo/Documentos/mestrado/DeepWeeds-Mobile/images/20171113-144009-2.jpg,6,6,6,6,1,0.99660504,3.7050156e-06,2.107702e-05,8.1938095e-10,3.2416374e-08,3.7825243e-10,2.2135426e-07,0.99660504,7.7266486e-07,0.0033691714
/home/leo/Documentos/mestrado/DeepWeeds-Mobile/images/20180322-113157-2.jpg,8,8,8,8,1,0.9843215,0.012811516,0.0001375246,1.649075e-05,0.00065159425,0.00086660933,9.17127e-07,8.9737044e-09,0.001193884,0.9843215
/home/leo/Documentos/mestrado/DeepWeeds-Mobile/images/20170304-131421-0.jpg,7,1,7,1,0,0.42845201,0.10900781,0.42845201,2.8189499e-05,0.00036627124,0.00095226854,0.0020604045,0.00018740694,0.38810724,0.07083841
/home/leo/Documentos/mestrado/DeepWeeds-Mobile/images/20180322-113553-2.jpg,8,8,8,8,1,0.9999051,7.002298e-05,1.06629976e-07,5.5676552e-09,8.199129e-06,1.4160511e-06,7.347907e-08,4.343448e-11,1.5044022e-05,0.9999051
/home/leo/Documentos/mestrado/DeepWeeds-Mobile/images/20170714-145855-1.jpg,1,1,1,1,1,0.99993515,3.9318606e-06,0.99993515,1.1395082e-14,1.9578438e-07,2.037089e-10,2.146072e-08,5.577567e-06,1.1233177e-05,4.3945463e-05
/home/leo/Documentos/mestrado/DeepWeeds-Mobile/images/20171220-095434-1.jpg,8,8,8,8,1,0.9999924,2.2114377e-06,2.3346578e-09,1.126749e-20,1.4540997e-09,7.729292e-15,1.4910635e-09,5.328888e-13,5.411178e-06,0.9999924
/home/leo/Documentos/mestrado/DeepWeeds-Mobile/images/20180112-102905-1.jpg,8,8,8,8,1,0.92715836,0.054439787,9.3793693e-07,1.9332401e-05,2.6122535e-07,7.041618e-09,6.3927746e-06,5.242091e-11,0.018374996,0.92715836
/home/leo/Documentos/mestrado/DeepWeeds-Mobile/images/20170630-152604-0.jpg,7,7,7,7,1,0.73913753,0.1333163,0.05504021,4.6820023e-05,0.011618622,0.00041748822,0.0009776874,0.0008121945,0.73913753,0.058633197
/home/leo/Documentos/mestrado/DeepWeeds-Mobile/images/20170728-152034-2.jpg,4,4,4,4,1,0.9642371,5.1331032e-08,3.7734263e-10,5.004048e-08,0.034600392,0.9642371,3.0231133e-05,4.799462e-14,3.9302686e-09,0.0011323207
/home/leo/Documentos/mestrado/DeepWeeds-Mobile/images/20170714-115620-3.jpg,1,1,1,1,1,0.999464,4.2311144e-06,0.999464,3.1054497e-13,1.13402194e-07,4.34851e-11,9.0761176e-07,3.6299384e-06,0.00025078832,0.00027625993
/home/leo/Documentos/mestrado/DeepWeeds-Mobile/images/20180322-130320-1.jpg,8,8,8,8,1,0.9999994,5.190011e-07,3.205312e-08,9.743648e-13,4.1411116e-08,4.031463e-09,2.211548e-08,4.2229163e-12,6.3487238e-09,0.9999994
/home/leo/Documentos/mestrado/DeepWeeds-Mobile/images/20170217-102349-0.jpg,0,0,0,0,1,0.99891734,0.99891734,1.2231385e-07,1.5178238e-13,1.1107464e-11,1.2226877e-12,2.747663e-06,2.3417275e-12,0.00032850087,0.00075132295
/home/leo/Documentos/mestrado/DeepWeeds-Mobile/images/20170906-103921-1.jpg,3,3,3,3,1,0.6486537,0.08872991,0.0005444692,0.00069943536,0.6486537,0.050126474,9.552952e-08,3.602612e-08,0.03862447,0.17262141
/home/leo/Documentos/mestrado/DeepWeeds-Mobile/images/20171121-072857-1.jpg,6,6,6,6,1,0.98444414,1.2122732e-08,0.015306592,8.500265e-18,2.8088536e-07,3.5084238e-12,5.694468e-10,0.98444414,4.1017657e-07,0.0002484884
/home/leo/Documentos/mestrado/DeepWeeds-Mobile/images/20171121-084355-1.jpg,6,6,6,6,1,0.99994636,3.911557e-07,2.7027234e-05,6.3064814e-10,1.7873663e-08,1.8810743e-08,5.762071e-07,0.99994636,1.4992e-06,2.4157589e-05
/home/leo/Documentos/mestrado/DeepWeeds-Mobile/images/20171219-104556-3.jpg,8,8,8,8,1,0.9985031,0.000408519,0.00013826518,2.8192832e-12,1.3720953e-07,1.4275596e-10,0.00039685218,9.154764e-08,0.00055301725,0.9985031
/home/leo/Documentos/mestrado/DeepWeeds-Mobile/images/20171219-112304-2.jpg,8,8,8,8,1,0.70462817,0.036361918,0.00075554516,0.018613975,0.15128455,0.08606379,1.0451669e-05,0.0003144035,0.0019671323,0.70462817
/home/leo/Documentos/mestrado/DeepWeeds-Mobile/images/20180125-132051-3.jpg,8,8,8,8,1,0.92011607,0.015681254,0.011209613,9.713732e-08,0.0001938723,2.50167e-05,0.011498243,1.4345394e-06,0.04127444,0.92011607
/home/leo/Documentos/mestrado/DeepWeeds-Mobile/images/20170906-103601-1.jpg,3,3,3,3,1,0.9472656,0.0029918188,0.000101743804,2.2869999e-07,0.9472656,6.1337974e-05,1.3843709e-07,8.057909e-06,0.026416983,0.023154171
/home/leo/Documentos/mestrado/DeepWeeds-Mobile/images/20171109-091605-3.jpg,5,5,5,5,1,0.99996746,7.8877775e-07,8.2116286e-10,3.0237323e-17,7.187682e-14,5.8556097e-16,0.99996746,2.0114482e-10,2.1275154e-12,3.1798372e-05
/home/leo/Documentos/mestrado/DeepWeeds-Mobile/images/20171025-075925-1.jpg,3,3,3,3,1,0.9456467,2.214873e-05,4.607375e-06,8.9334907e-07,0.9456467,3.3022727e-05,1.6272181e-09,2.8009154e-06,6.889143e-06,0.05428287
/home/leo/Documentos/mestrado/DeepWeeds-Mobile/images/20180322-125714-1.jpg,8,8,8,8,1,0.99989307,7.051603e-05,9.076911e-06,1.0466108e-07,1.5377283e-06,1.6732332e-06,1.2304489e-06,5.1776833e-11,2.2703198e-05,0.99989307
/home/leo/Documentos/mestrado/DeepWeeds-Mobile/images/20171113-130955-2.jpg,6,6,6,6,1,0.94493556,7.86292e-07,0.016833076,4.0094065e-08,1.1957212e-05,1.6943367e-06,0.0029425446,0.94493556,1.5087171e-06,0.035272907
/home/leo/Documentos/mestrado/DeepWeeds-Mobile/images/20180125-101152-2.jpg,8,8,8,8,1,0.9999989,2.662319e-11,1.5067649e-14,2.5451648e-15,2.7337688e-07,2.053472e-13,7.7571764e-07,1.8363613e-13,8.5617765e-14,0.9999989
/home/leo/Documentos/mestrado/DeepWeeds-Mobile/images/20180109-071252-2.jpg,8,8,8,8,1,0.84082425,0.00019480607,0.00010547092,4.014899e-08,9.858342e-08,2.0627752e-07,0.011390654,0.14745389,3.061357e-05,0.84082425
/home/leo/Documentos/mestrado/DeepWeeds-Mobile/images/20180125-092911-1.jpg,8,8,8,8,1,1.0,2.9024127e-11,1.7425091e-12,2.8565955e-20,1.64005e-14,4.779513e-15,2.0436425e-10,6.483214e-16,6.295561e-13,1.0
/home/leo/Documentos/mestrado/DeepWeeds-Mobile/images/20170128-102233-0.jpg,8,8,8,8,1,0.99722314,4.6765344e-05,0.0017961368,7.474527e-09,0.00080278236,3.0889303e-06,1.7086151e-07,3.7263624e-06,0.00012433184,0.99722314
/home/leo/Documentos/mestrado/DeepWeeds-Mobile/images/20171217-183811-2.jpg,8,8,8,8,1,0.66716737,0.00610944,0.013970987,0.0067947046,0.032768425,0.21972644,2.779715e-06,5.135022e-05,0.05340855,0.66716737
/home/leo/Documentos/mestrado/DeepWeeds-Mobile/images/20171109-075107-3.jpg,5,5,5,5,1,0.9999722,2.663871e-07,9.962154e-10,2.452139e-14,2.3158403e-14,1.1646271e-13,0.9999722,1.5607756e-09,6.7679846e-12,2.7475144e-05
/home/leo/Documentos/mestrado/DeepWeeds-Mobile/images/20161207-144724-0.jpg,7,7,7,7,1,0.71757984,0.14230455,0.033457305,1.6453312e-08,6.368424e-05,2.1808442e-05,0.018508162,9.109127e-08,0.71757984,0.08806453
/home/leo/Documentos/mestrado/DeepWeeds-Mobile/images/20170913-122153-3.jpg,3,3,3,3,1,0.8954291,0.007869191,1.3438782e-05,0.015081262,0.8954291,0.024402,1.1233059e-06,2.09787e-07,1.7362887e-05,0.057186343
/home/leo/Documentos/mestrado/DeepWeeds-Mobile/images/20171113-122417-3.jpg,6,6,6,6,1,0.85675246,0.001066455,0.0002996436,1.9310082e-06,3.0736862e-06,6.6897945e-07,3.2980556e-06,0.85675246,0.0012099914,0.14066257
/home/leo/Documentos/mestrado/DeepWeeds-Mobile/images/20171109-090925-1.jpg,5,5,5,5,1,0.99233186,3.227731e-05,0.0003050589,4.280262e-15,2.6764274e-10,2.3723796e-12,0.99233186,0.0012921857,5.392346e-06,0.006033167
/home/leo/Documentos/mestrado/DeepWeeds-Mobile/images/20171113-143802-3.jpg,6,6,6,6,1,0.99621683,8.32448e-05,7.6782155e-05,1.367515e-08,2.1403737e-07,3.3887841e-09,8.500983e-06,0.99621683,1.0422827e-05,0.003603952
/home/leo/Documentos/mestrado/DeepWeeds-Mobile/images/20171219-094720-2.jpg,8,8,8,8,1,0.97270906,0.000852105,1.9122217e-05,5.6523974e-12,1.1608608e-06,5.0400125e-11,0.026415756,2.8021628e-07,2.5227669e-06,0.97270906
/home/leo/Documentos/mestrado/DeepWeeds-Mobile/images/20170727-163054-1.jpg,4,4,4,4,1,0.9982198,2.727646e-05,2.3106263e-07,2.0047262e-06,0.0014184363,0.9982198,4.505816e-11,3.554288e-13,0.00010017702,0.00023207023
/home/leo/Documentos/mestrado/DeepWeeds-Mobile/images/20171218-112608-3.jpg,8,8,8,8,1,0.9999205,1.0909781e-08,2.5763075e-06,9.198229e-13,7.2768795e-05,8.396609e-10,3.6518998e-06,4.335971e-07,2.63818e-08,0.9999205
/home/leo/Documentos/mestrado/DeepWeeds-Mobile/images/20180322-132854-1.jpg,8,8,8,8,1,0.99970835,0.00011014403,1.4875626e-07,4.509696e-07,1.9095602e-05,3.6272178e-07,0.00011446811,7.500303e-09,4.70154e-05,0.99970835
/home/leo/Documentos/mestrado/DeepWeeds-Mobile/images/20171113-131054-1.jpg,6,6,6,6,1,0.9850872,0.014108737,0.0006158336,1.636086e-11,1.9834183e-10,7.752573e-10,2.4315947e-05,0.9850872,8.289365e-05,8.096632e-05
/home/leo/Documentos/mestrado/DeepWeeds-Mobile/images/20171220-101008-1.jpg,8,8,8,8,1,0.99995387,4.4077195e-05,1.2125823e-08,2.4951378e-16,6.4468246e-08,1.2502268e-12,1.1634331e-06,3.5985168e-10,7.4495506e-07,0.99995387
/home/leo/Documentos/mestrado/DeepWeeds-Mobile/images/20170718-104940-2.jpg,7,7,7,7,1,0.47039774,0.16306321,0.0311978,0.00018319733,0.01760993,0.005074337,8.4422914e-05,8.0567514e-07,0.47039774,0.31238857
/home/leo/Documentos/mestrado/DeepWeeds-Mobile/images/20170706-105228-0.jpg,7,7,7,7,1,0.9416963,0.010307416,0.01587475,4.192133e-08,6.985812e-08,3.3814652e-07,8.440602e-05,0.02501054,0.9416963,0.0070261117
/home/leo/Documentos/mestrado/DeepWeeds-Mobile/images/20180109-075938-1.jpg,8,8,8,8,1,0.9999465,5.4063306e-11,9.284947e-09,6.3882834e-07,1.2286909e-12,9.185285e-13,3.566372e-08,5.283694e-05,2.9009544e-09,0.9999465
/home/leo/Documentos/mestrado/DeepWeeds-Mobile/images/20180109-092204-2.jpg,8,8,8,8,1,0.9999598,2.3340945e-05,1.0764917e-06,7.3412906e-08,4.6920227e-06,1.0499058e-07,1.5734829e-06,9.00435e-08,9.185063e-06,0.9999598
/home/leo/Documentos/mestrado/DeepWeeds-Mobile/images/20171220-101709-1.jpg,8,8,8,8,1,0.999987,8.484492e-06,7.2505216e-08,1.7662269e-16,1.761593e-06,1.1027856e-12,2.4991555e-06,4.4425928e-11,1.9545685e-07,0.999987
/home/leo/Documentos/mestrado/DeepWeeds-Mobile/images/20170920-115735-2.jpg,2,2,2,2,1,0.99965715,7.194195e-08,2.321763e-09,0.99965715,1.4887837e-05,0.0001897926,3.9651834e-08,2.2325377e-08,4.1326807e-08,0.00013793742
/home/leo/Documentos/mestrado/DeepWeeds-Mobile/images/20180322-104603-2.jpg,8,8,8,8,1,0.99996185,3.1860272e-05,1.9888889e-08,1.0743506e-11,1.2997408e-08,1.1786648e-07,1.149566e-09,3.196643e-16,6.1738806e-06,0.99996185
/home/leo/Documentos/mestrado/DeepWeeds-Mobile/images/20171212-095750-3.jpg,8,8,8,8,1,0.9998113,1.0170072e-05,1.4459441e-07,2.8160892e-11,0.00016891802,3.7823228e-10,3.679643e-07,1.2822221e-07,8.954223e-06,0.9998113
/home/leo/Documentos/mestrado/DeepWeeds-Mobile/images/20180322-110853-2.jpg,8,8,8,8,1,0.99607277,0.0023881248,1.3747414e-06,1.1922139e-05,0.0009385134,0.0001659685,2.155129e-08,7.7845376e-11,0.00042136328,0.99607277
/home/leo/Documentos/mestrado/DeepWeeds-Mobile/images/20170714-120228-3.jpg,1,1,1,1,1,0.99968165,5.8806845e-06,0.99968165,3.2536528e-13,3.3439072e-08,3.2815997e-09,4.4278218e-07,0.00026342826,2.9679912e-05,1.888876e-05
/home/leo/Documentos/mestrado/DeepWeeds-Mobile/images/20180125-094401-2.jpg,8,8,8,8,1,0.9982261,1.1443423e-05,0.00033774218,4.7976664e-06,0.0004980415,4.168142e-06,0.0009014648,2.5381505e-06,1.3719517e-05,0.9982261
/home/leo/Documentos/mestrado/DeepWeeds-Mobile/images/20171220-101655-2.jpg,8,8,8,8,1,0.99999225,3.6644703e-06,4.998585e-07,5.19426e-19,4.485311e-09,1.6198817e-15,3.546247e-06,5.197576e-13,7.177699e-09,0.99999225
/home/leo/Documentos/mestrado/DeepWeeds-Mobile/images/20180109-074954-2.jpg,8,8,8,8,1,0.9956645,3.6032245e-05,0.00011449933,0.0005407578,0.00050762587,3.8318758e-05,4.28078e-05,0.0028345683,0.00022072597,0.9956645
/home/leo/Documentos/mestrado/DeepWeeds-Mobile/images/20170727-113622-3.jpg,4,4,4,4,1,0.9889066,3.3786666e-06,4.1999354e-07,0.005019747,4.7162343e-06,0.9889066,4.1576768e-05,2.851514e-08,6.5564227e-06,0.006016939
/home/leo/Documentos/mestrado/DeepWeeds-Mobile/images/20171025-081512-1.jpg,3,3,3,3,1,0.9355146,0.017110731,1.189738e-06,2.0278145e-05,0.9355146,3.9966244e-07,1.5769505e-05,5.101428e-10,0.0010068858,0.04633006
/home/leo/Documentos/mestrado/DeepWeeds-Mobile/images/20170920-163121-3.jpg,2,2,2,2,1,0.9909848,2.2012746e-06,3.535313e-08,0.9909848,0.00039810757,0.007584453,2.1607835e-07,7.850706e-09,3.3881363e-07,0.0010298195
/home/leo/Documentos/mestrado/DeepWeeds-Mobile/images/20180322-114454-1.jpg,8,8,8,8,1,0.99999833,1.3518869e-06,2.4121063e-09,1.4751305e-15,1.1062337e-09,2.771715e-12,2.3274833e-08,4.5353627e-13,3.5324982e-07,0.99999833
/home/leo/Documentos/mestrado/DeepWeeds-Mobile/images/20170718-101439-2.jpg,0,7,0,7,0,0.49954396,0.040071487,0.02096849,2.746906e-07,0.39252192,0.00044977953,1.0575036e-05,1.78837e-07,0.49954396,0.04643324
/home/leo/Documentos/mestrado/DeepWeeds-Mobile/images/20170920-160503-3.jpg,2,2,2,2,1,0.98782593,3.635221e-05,3.8428004e-07,0.98782593,0.0001572327,0.0026683295,1.61927e-08,4.0161513e-07,7.48724e-07,0.009310685
/home/leo/Documentos/mestrado/DeepWeeds-Mobile/images/20170906-094526-2.jpg,3,3,3,3,1,0.8901806,0.011683183,2.1333688e-05,0.028157197,0.8901806,0.03955526,5.3210156e-06,1.4842306e-06,0.0008086621,0.029587047
/home/leo/Documentos/mestrado/DeepWeeds-Mobile/images/20180105-101602-2.jpg,8,8,8,8,1,0.9978988,3.6166594e-07,6.311772e-07,9.231759e-10,4.0934037e-07,3.6338559e-09,2.2914518e-08,0.00204949,5.0258674e-05,0.9978988
/home/leo/Documentos/mestrado/DeepWeeds-Mobile/images/20180112-095026-2.jpg,8,8,8,8,1,0.9983393,0.0016114222,1.4785884e-07,5.975007e-08,1.7894122e-08,1.997437e-08,8.1779837e-07,3.2499456e-10,4.8122634e-05,0.9983393
/home/leo/Documentos/mestrado/DeepWeeds-Mobile/images/20171220-092357-2.jpg,8,8,8,8,1,0.9817983,0.017125258,2.3245679e-05,7.296708e-11,0.00021984725,1.2568825e-07,5.6868143e-05,5.0550375e-06,0.00077143515,0.9817983
/home/leo/Documentos/mestrado/DeepWeeds-Mobile/images/20170920-112118-3.jpg,4,4,4,4,1,0.49249613,0.010000657,0.0023477878,0.009066285,0.28690365,0.49249613,2.8395893e-06,1.2643792e-06,0.1561142,0.04306726
/home/leo/Documentos/mestrado/DeepWeeds-Mobile/images/20170210-133806-0.jpg,0,0,0,0,1,0.9989844,0.9989844,6.7138412e-06,1.1837445e-11,3.520469e-09,3.1222676e-12,4.0183906e-05,2.2985247e-09,8.450912e-05,0.00088420906
/home/leo/Documentos/mestrado/DeepWeeds-Mobile/images/20180322-105440-1.jpg,8,8,8,8,1,0.99241054,0.0052861515,1.07077796e-08,4.7481763e-06,0.001975202,7.058537e-05,2.051617e-06,2.5098855e-13,0.0002505905,0.99241054
/home/leo/Documentos/mestrado/DeepWeeds-Mobile/images/20180125-092849-2.jpg,8,8,8,8,1,0.99999917,9.469141e-08,3.6431526e-08,1.0504848e-13,1.3752393e-07,1.7696461e-10,3.6669724e-07,6.025637e-08,6.7514283e-09,0.99999917
/home/leo/Documentos/mestrado/DeepWeeds-Mobile/images/20171219-110403-2.jpg,8,8,8,8,1,0.9998193,0.00017910195,3.1025083e-10,1.4674418e-15,2.2283217e-08,6.3715054e-11,6.7405335e-07,1.2102628e-13,8.5746166e-07,0.9998193
/home/leo/Documentos/mestrado/DeepWeeds-Mobile/images/20180125-133054-2.jpg,8,8,8,8,1,0.99968773,1.136629e-05,1.1286821e-05,8.8256105e-09,6.8556033e-06,4.5760175e-05,6.483667e-07,1.9577391e-10,0.00023631945,0.99968773
/home/leo/Documentos/mestrado/DeepWeeds-Mobile/images/20180109-091942-1.jpg,8,8,8,8,1,0.9997607,2.258707e-06,3.0979957e-06,0.00020812689,1.0607331e-05,6.9441753e-06,2.4094042e-09,5.2696114e-06,2.9504022e-06,0.9997607
/home/leo/Documentos/mestrado/DeepWeeds-Mobile/images/20171203-164754-3.jpg,8,8,8,8,1,0.9302677,0.0024827584,0.06005157,1.3400093e-08,1.31552015e-05,1.0426936e-07,0.0012862576,7.087842e-05,0.005827632,0.9302677
/home/leo/Documentos/mestrado/DeepWeeds-Mobile/images/20171212-094839-3.jpg,8,8,8,8,1,0.9997172,0.0002778102,8.123337e-08,2.3414288e-14,3.4276934e-07,4.5465988e-14,3.076671e-06,1.751247e-09,1.4672777e-06,0.9997172
/home/leo/Documentos/mestrado/DeepWeeds-Mobile/images/20171220-092248-2.jpg,8,8,8,8,1,0.8566683,0.00031253757,4.6429884e-07,1.212966e-14,2.3993553e-07,1.2010547e-10,0.14301845,4.9289517e-10,7.302472e-08,0.8566683
/home/leo/Documentos/mestrado/DeepWeeds-Mobile/images/20170706-112935-0.jpg,7,7,7,7,1,0.6993789,0.19404528,5.3430044e-06,1.5878163e-06,0.0007228579,9.837046e-05,4.152177e-06,9.187782e-12,0.6993789,0.10574349
/home/leo/Documentos/mestrado/DeepWeeds-Mobile/images/20170707-110403-0.jpg,7,7,7,7,1,0.99811506,0.0008743455,3.7306415e-06,2.1088469e-07,0.00020673515,2.1683092e-05,3.1065665e-07,4.1350926e-11,0.99811506,0.0007780414
/home/leo/Documentos/mestrado/DeepWeeds-Mobile/images/20180125-130442-2.jpg,8,8,8,8,1,0.9992857,4.1495954e-07,2.6173307e-06,3.9659316e-09,5.394284e-07,1.5806289e-09,0.00070957333,4.278069e-07,6.930693e-07,0.9992857
/home/leo/Documentos/mestrado/DeepWeeds-Mobile/images/20170728-151236-1.jpg,4,4,4,4,1,0.99521667,6.9407676e-08,4.014212e-08,4.6368634e-05,3.4636912e-05,0.99521667,9.840177e-09,1.3228141e-06,1.3493411e-07,0.004700703
/home/leo/Documentos/mestrado/DeepWeeds-Mobile/images/20180109-080539-2.jpg,8,8,8,8,1,0.99127877,7.784093e-09,3.7166708e-07,8.6794664e-08,1.5885258e-10,4.1505223e-11,5.275593e-05,0.008667316,7.1783296e-07,0.99127877
/home/leo/Documentos/mestrado/DeepWeeds-Mobile/images/20170707-114211-0.jpg,0,0,0,0,1,0.58637726,0.58637726,0.00010922077,0.004667249,0.02421203,0.0038817811,3.422662e-06,3.3969255e-07,0.0027091347,0.37803954
/home/leo/Documentos/mestrado/DeepWeeds-Mobile/images/20171218-105746-3.jpg,8,8,8,8,1,0.9976915,0.0019480756,5.4248198e-05,7.416693e-11,0.00011117343,4.621413e-09,3.4902412e-06,5.9057834e-09,0.00019161822,0.9976915
/home/leo/Documentos/mestrado/DeepWeeds-Mobile/images/20170714-141757-3.jpg,1,8,1,8,0,0.48879352,0.124000266,0.3667441,4.887095e-07,0.0009163052,1.0017705e-05,0.007354326,0.0007553904,0.011425557,0.48879352
/home/leo/Documentos/mestrado/DeepWeeds-Mobile/images/20170728-150511-3.jpg,8,8,8,8,1,0.982505,3.0598574e-05,1.7149117e-06,5.775187e-07,0.003867637,0.013429918,2.3705483e-05,5.294921e-09,0.00014093478,0.982505
/home/leo/Documentos/mestrado/DeepWeeds-Mobile/images/20170727-143918-3.jpg,4,4,4,4,1,0.76235676,0.00029232228,1.3182678e-05,1.6265974e-05,0.1980424,0.76235676,7.400001e-05,2.4509104e-09,4.2093867e-05,0.03916296
/home/leo/Documentos/mestrado/DeepWeeds-Mobile/images/20180105-093909-3.jpg,8,8,8,8,1,0.98099744,5.3251706e-06,7.524975e-05,6.0447983e-05,1.5621605e-05,4.714727e-06,6.3003014e-08,0.018837655,3.4766538e-06,0.98099744
/home/leo/Documentos/mestrado/DeepWeeds-Mobile/images/20180112-071549-2.jpg,8,8,8,8,1,0.9728108,0.00015721592,0.00011426395,0.00025449955,0.006680059,0.01952176,8.8123615e-09,6.6472916e-05,0.00039490583,0.9728108
/home/leo/Documentos/mestrado/DeepWeeds-Mobile/images/20180109-091345-2.jpg,8,8,8,8,1,0.99978495,2.5738427e-05,4.2047835e-05,6.975576e-07,3.5055105e-05,3.85478e-08,4.4523284e-05,3.2511423e-05,3.441306e-05,0.99978495
/home/leo/Documentos/mestrado/DeepWeeds-Mobile/images/20171219-112429-3.jpg,8,8,8,8,1,0.9447914,0.0008364853,0.00017206166,0.0021608304,0.016791068,0.034890845,1.4269983e-07,1.1214672e-05,0.00034595036,0.9447914
/home/leo/Documentos/mestrado/DeepWeeds-Mobile/images/20180112-073139-1.jpg,8,8,8,8,1,0.98833245,0.00018168474,0.00016222063,0.00077700336,0.010096727,0.00023235615,5.69433e-08,0.0001767059,4.081197e-05,0.98833245
/home/leo/Documentos/mestrado/DeepWeeds-Mobile/images/20180105-104242-1.jpg,8,8,8,8,1,0.8773568,1.079112e-05,0.021301795,5.3341194e-07,2.0101626e-05,1.5903301e-07,0.00622551,0.095036626,4.7628917e-05,0.8773568
/home/leo/Documentos/mestrado/DeepWeeds-Mobile/images/20180125-100109-2.jpg,8,8,8,8,1,0.9661709,5.63371e-09,5.265164e-10,1.1936814e-07,6.1892916e-07,0.033700667,0.00012688126,8.0154683e-07,1.4509674e-11,0.9661709
/home/leo/Documentos/mestrado/DeepWeeds-Mobile/images/20180112-102332-2.jpg,8,8,8,8,1,0.96391386,0.019005833,2.1332734e-07,0.00087878876,0.016069958,4.9075186e-07,7.815154e-06,2.5597317e-06,0.0001204968,0.96391386
/home/leo/Documentos/mestrado/DeepWeeds-Mobile/images/20180112-072748-2.jpg,8,8,8,8,1,0.6785716,0.2954461,0.00019219564,0.002298028,0.003312946,0.018547408,1.2123256e-06,4.242858e-07,0.0016300525,0.6785716
/home/leo/Documentos/mestrado/DeepWeeds-Mobile/images/20171220-091854-2.jpg,8,8,8,8,1,0.9986515,6.145072e-05,8.511416e-07,2.838578e-08,0.0010231013,8.8791996e-05,0.0001723265,2.5564129e-08,1.9045431e-06,0.9986515
/home/leo/Documentos/mestrado/DeepWeeds-Mobile/images/20171219-114321-2.jpg,8,8,8,8,1,0.95932037,8.0664926e-05,1.0362991e-05,0.026332611,0.00049308676,0.013129196,1.0812364e-06,0.0005893161,4.3362103e-05,0.95932037
/home/leo/Documentos/mestrado/DeepWeeds-Mobile/images/20170711-114210-0.jpg,0,8,0,8,0,0.8968203,0.04213616,3.6441492e-05,0.047275733,0.0056965714,0.0074256007,4.1944097e-07,1.8197945e-06,0.0006069523,0.8968203
/home/leo/Documentos/mestrado/DeepWeeds-Mobile/images/20170920-191932-1.jpg,2,2,2,2,1,0.92135245,2.7710486e-05,0.00015799615,0.92135245,0.014485843,0.022141125,1.6677863e-05,5.5260658e-05,4.433667e-05,0.04171859
/home/leo/Documentos/mestrado/DeepWeeds-Mobile/images/20171220-095534-2.jpg,8,8,8,8,1,0.9999236,7.301204e-05,5.5274724e-10,7.202015e-16,6.9081455e-07,2.8438096e-12,8.6339884e-07,5.911646e-07,1.2050813e-06,0.9999236
/home/leo/Documentos/mestrado/DeepWeeds-Mobile/images/20171122-103945-1.jpg,5,5,5,5,1,0.9999329,1.9203128e-08,2.0489237e-09,1.3013696e-16,6.163e-14,2.5831707e-16,0.9999329,3.1050529e-09,5.0415965e-12,6.7117326e-05
/home/leo/Documentos/mestrado/DeepWeeds-Mobile/images/20171025-093030-1.jpg,3,3,3,3,1,0.9879589,0.00011281982,7.509234e-08,1.4019773e-07,0.9879589,7.7522185e-07,1.3771957e-10,1.2712376e-09,4.4399715e-07,0.011926699
/home/leo/Documentos/mestrado/DeepWeeds-Mobile/images/20180109-070208-2.jpg,8,8,8,8,1,0.72054714,9.67437e-05,0.2545999,5.7773123e-06,4.0548595e-05,5.0071692e-05,1.3210042e-05,0.009643742,0.015002886,0.72054714
/home/leo/Documentos/mestrado/DeepWeeds-Mobile/images/20171102-103736-2.jpg,2,2,2,2,1,0.9997383,5.3798753e-06,1.9680614e-08,0.9997383,3.408224e-05,6.2187435e-05,1.9039629e-08,1.7218792e-08,7.2917794e-07,0.0001593361
/home/leo/Documentos/mestrado/DeepWeeds-Mobile/images/20171113-132333-3.jpg,6,6,6,6,1,0.8539844,0.0003164703,0.001758513,0.0005796199,1.3683477e-05,0.00032857124,0.00011647406,0.8539844,0.0009665054,0.14193566
/home/leo/Documentos/mestrado/DeepWeeds-Mobile/images/20171203-173549-3.jpg,8,8,8,8,1,0.9858817,0.00019734308,0.001259907,6.624654e-09,0.012569961,3.633658e-07,1.2717808e-05,7.497291e-06,7.0583e-05,0.9858817
/home/leo/Documentos/mestrado/DeepWeeds-Mobile/images/20170210-131343-0.jpg,7,7,7,7,1,0.998995,0.0010049791,1.8499698e-11,2.3350831e-14,3.8180265e-17,3.4841e-13,6.418149e-09,6.944585e-17,0.998995,3.072112e-08
/home/leo/Documentos/mestrado/DeepWeeds-Mobile/images/20170727-144652-1.jpg,4,4,4,4,1,0.9902262,0.00037153423,4.36828e-05,5.825754e-05,0.0029440376,0.9902262,3.063269e-08,1.1184912e-09,0.002498241,0.0038579307
/home/leo/Documentos/mestrado/DeepWeeds-Mobile/images/20171122-101845-1.jpg,5,5,5,5,1,0.9760751,0.00064278516,2.416545e-05,6.2365594e-12,3.306588e-08,6.55773e-10,0.9760751,7.915456e-07,4.203304e-06,0.023252968
/home/leo/Documentos/mestrado/DeepWeeds-Mobile/images/20170727-121247-3.jpg,4,4,4,4,1,0.73091066,0.0001511168,7.2855415e-05,0.17558014,0.04060913,0.73091066,3.3676451e-07,5.1816965e-05,0.00020820036,0.052415762
/home/leo/Documentos/mestrado/DeepWeeds-Mobile/images/20180322-105420-1.jpg,8,8,8,8,1,0.97620666,0.010793489,1.1023419e-06,4.73605e-08,0.00035142648,3.328802e-05,5.4461098e-06,3.5167212e-12,0.012608589,0.97620666
/home/leo/Documentos/mestrado/DeepWeeds-Mobile/images/20180112-092848-2.jpg,8,8,8,8,1,0.95034385,0.046351317,2.0320783e-08,3.003008e-06,6.300422e-06,2.2611066e-10,6.525424e-08,5.5898324e-12,0.0032953944,0.95034385
/home/leo/Documentos/mestrado/DeepWeeds-Mobile/images/20170126-100535-0.jpg,1,1,1,1,1,0.99113643,3.5022524e-05,0.99113643,3.3745112e-10,2.7523162e-10,3.6029537e-11,4.141864e-09,2.2692118e-06,0.005622428,0.0032039217
/home/leo/Documentos/mestrado/DeepWeeds-Mobile/images/20171220-083729-2.jpg,8,8,8,8,1,0.99747235,0.002479508,1.36531355e-08,4.056644e-12,3.4255034e-05,7.6464063e-10,6.0532784e-06,6.11817e-10,7.856485e-06,0.99747235
/home/leo/Documentos/mestrado/DeepWeeds-Mobile/images/20171102-103210-2.jpg,2,2,2,2,1,0.9333508,0.004025294,5.7184604e-07,0.9333508,0.0008953615,0.0009862812,2.9053009e-08,4.621256e-06,4.496434e-06,0.060732458
/home/leo/Documentos/mestrado/DeepWeeds-Mobile/images/20170405-155147-0.jpg,0,0,0,0,1,0.76450807,0.76450807,1.34023646e-08,1.1344543e-11,3.4944701e-12,2.5002519e-14,2.0667489e-05,1.8986542e-11,0.22330058,0.012170695
/home/leo/Documentos/mestrado/DeepWeeds-Mobile/images/20170920-164924-3.jpg,2,2,2,2,1,0.87894195,0.00086936605,1.8335071e-05,0.87894195,0.010644437,0.050024755,5.7445045e-06,2.8239479e-06,9.220521e-05,0.059400342
/home/leo/Documentos/mestrado/DeepWeeds-Mobile/images/20170728-150830-1.jpg,4,4,4,4,1,0.9912113,5.1105724e-07,9.9141765e-08,0.005536716,0.00019271414,0.9912113,7.465343e-10,9.641291e-09,1.2330505e-06,0.00305756
/home/leo/Documentos/mestrado/DeepWeeds-Mobile/images/20180322-125442-1.jpg,8,8,8,8,1,0.9999876,8.233995e-08,3.4196044e-09,2.8522486e-12,9.919647e-06,2.349555e-06,1.0576279e-09,3.9835868e-14,2.9727964e-08,0.9999876
/home/leo/Documentos/mestrado/DeepWeeds-Mobile/images/20170920-100839-3.jpg,4,8,4,8,0,0.95766085,0.016966777,0.00016026103,4.8866553e-07,0.02344847,0.0008297366,1.892656e-06,2.6132874e-10,0.00093164115,0.95766085
/home/leo/Documentos/mestrado/DeepWeeds-Mobile/images/20171113-101111-1.jpg,5,5,5,5,1,0.9848994,1.6215534e-05,7.5336386e-05,1.6161033e-11,4.2423885e-08,5.5699258e-11,0.9848994,4.82914e-05,1.1269259e-06,0.014959566
/home/leo/Documentos/mestrado/DeepWeeds-Mobile/images/20180125-094059-2.jpg,8,8,8,8,1,0.9991429,9.129146e-06,3.9987135e-06,1.1505607e-05,0.0003427051,0.0004734502,2.3698892e-06,4.7528483e-06,9.028496e-06,0.9991429
/home/leo/Documentos/mestrado/DeepWeeds-Mobile/images/20170920-130336-2.jpg,2,2,2,2,1,0.97584075,0.0004091003,1.3040853e-06,0.97584075,0.007051857,0.0138200065,1.6940868e-07,1.9755353e-08,6.954028e-05,0.002807287
/home/leo/Documentos/mestrado/DeepWeeds-Mobile/images/20180109-073038-2.jpg,8,8,8,8,1,0.92188007,1.8394307e-05,3.4419307e-05,0.07612194,4.7663583e-05,9.143569e-07,2.913366e-05,0.0017714298,9.6195254e-05,0.92188007
/home/leo/Documentos/mestrado/DeepWeeds-Mobile/images/20180112-073804-1.jpg,8,8,8,8,1,0.9924237,0.0015924993,0.00015472835,0.0003349291,0.0026068029,0.0024796564,2.2775891e-08,2.1086636e-05,0.0003865281,0.9924237
/home/leo/Documentos/mestrado/DeepWeeds-Mobile/images/20170706-110326-0.jpg,7,7,7,7,1,0.9775253,0.016897878,0.00012273523,1.2579807e-08,4.799844e-11,1.0603449e-08,9.16079e-07,1.3788272e-06,0.9775253,0.005451748
/home/leo/Documentos/mestrado/DeepWeeds-Mobile/images/20170728-123708-2.jpg,4,4,4,4,1,0.99713326,3.7350987e-06,1.1519988e-07,3.6777616e-05,0.000235779,0.99713326,1.0792848e-09,6.691776e-10,1.560152e-05,0.0025747984
/home/leo/Documentos/mestrado/DeepWeeds-Mobile/images/20171025-093132-1.jpg,3,3,3,3,1,0.53453904,9.583998e-05,8.421228e-05,1.844607e-08,0.53453904,1.8977546e-06,5.3196265e-05,0.00038116533,3.1867196e-05,0.4648128
/home/leo/Documentos/mestrado/DeepWeeds-Mobile/images/20171113-132950-1.jpg,6,6,6,6,1,0.96080065,0.00089461403,0.0072953803,6.013279e-06,0.000569518,3.9746727e-05,0.00036507304,0.96080065,0.0005812012,0.02944783
/home/leo/Documentos/mestrado/DeepWeeds-Mobile/images/20171025-081051-3.jpg,3,3,3,3,1,0.9364694,0.002800161,0.0005602135,1.75417e-05,0.9364694,0.023214234,4.5851493e-07,6.6717223e-07,0.0025810169,0.034356404
/home/leo/Documentos/mestrado/DeepWeeds-Mobile/images/20180125-100559-1.jpg,8,8,8,8,1,0.9936089,3.9626984e-06,0.00010230056,5.2915294e-09,0.00010021593,4.541047e-08,0.0061516087,3.066302e-05,2.3561224e-06,0.9936089
/home/leo/Documentos/mestrado/DeepWeeds-Mobile/images/20171205-143028-2.jpg,8,5,8,5,0,0.53034884,0.00026862702,0.0001568606,4.1230372e-14,8.7789405e-05,1.4326886e-10,0.53034884,3.0547067e-08,7.3163455e-06,0.46913052
/home/leo/Documentos/mestrado/DeepWeeds-Mobile/images/20180112-101923-2.jpg,8,8,8,8,1,0.9942192,0.0057245586,5.350895e-08,2.1116136e-06,4.860297e-07,1.6135026e-08,8.7038046e-07,1.4337662e-11,5.2709598e-05,0.9942192
/home/leo/Documentos/mestrado/DeepWeeds-Mobile/images/20170210-132618-0.jpg,0,7,0,7,0,0.5713382,0.42583796,3.708184e-06,7.655591e-09,3.428347e-09,1.5026075e-08,4.1417206e-06,9.3586735e-08,0.5713382,0.0028159418
/home/leo/Documentos/mestrado/DeepWeeds-Mobile/images/20180112-101443-2.jpg,8,8,8,8,1,0.99926835,0.00072190067,4.3986417e-10,2.7975284e-08,1.226898e-08,8.5929534e-11,4.754433e-10,3.1775738e-13,9.801327e-06,0.99926835
/home/leo/Documentos/mestrado/DeepWeeds-Mobile/images/20170920-112835-3.jpg,2,2,2,2,1,0.93182033,0.000936396,4.5109588e-05,0.93182033,0.038522508,0.011304753,3.8840266e-05,1.4350919e-05,0.0013348631,0.015982902
/home/leo/Documentos/mestrado/DeepWeeds-Mobile/images/20170729-154215-3.jpg,4,4,4,4,1,0.58240503,1.5295819e-06,3.0970432e-07,7.3647566e-06,0.41147205,0.58240503,2.3282182e-08,1.748688e-11,1.0847499e-06,0.006112575
/home/leo/Documentos/mestrado/DeepWeeds-Mobile/images/20170906-114413-4.jpg,3,3,3,3,1,0.8661719,0.0033541196,0.00013069353,0.0015468664,0.8661719,0.027573625,9.9129046e-08,0.00011266197,0.00049837714,0.10061165
/home/leo/Documentos/mestrado/DeepWeeds-Mobile/images/20170906-134121-1.jpg,3,3,3,3,1,0.41183704,0.11481001,0.002941162,0.047909208,0.41183704,0.21579742,0.00015777753,2.7759128e-05,0.066823415,0.13969623
/home/leo/Documentos/mestrado/DeepWeeds-Mobile/images/20180109-103801-2.jpg,8,8,8,8,1,0.828853,9.215428e-05,6.4131323e-06,0.16846494,0.00095011963,9.624752e-05,6.121441e-07,0.0015264666,1.0072325e-05,0.828853
/home/leo/Documentos/mestrado/DeepWeeds-Mobile/images/20170705-162239-0.jpg,7,0,7,0,0,0.50716925,0.50716925,0.018248515,9.2528164e-05,0.0014456003,0.016242828,6.7655164e-05,5.98853e-06,0.38924843,0.06747926
/home/leo/Documentos/mestrado/DeepWeeds-Mobile/images/20170210-131722-0.jpg,7,7,7,7,1,0.9998064,0.00014595398,2.809067e-09,2.7658116e-09,1.1559081e-09,5.395435e-12,2.6356298e-07,2.6286518e-05,0.9998064,2.1017764e-05
/home/leo/Documentos/mestrado/DeepWeeds-Mobile/images/20180119-110236-1.jpg,8,8,8,8,1,0.9990552,0.0003017619,0.0002233101,1.7333236e-10,1.3624102e-06,8.9290975e-10,8.103223e-06,0.0003387207,7.156197e-05,0.9990552
/home/leo/Documentos/mestrado/DeepWeeds-Mobile/images/20170811-134414-2.jpg,0,0,0,0,1,0.9994024,0.9994024,1.5491325e-05,2.1082012e-12,1.07757145e-08,4.8809202e-08,1.2980989e-13,9.771581e-13,0.00020187403,0.00038011017
/home/leo/Documentos/mestrado/DeepWeeds-Mobile/images/20180105-092837-2.jpg,8,8,8,8,1,0.9998617,5.288233e-08,7.134919e-06,5.078149e-09,1.5298676e-08,2.5498068e-10,2.3351299e-07,0.00012947699,1.4028495e-06,0.9998617
/home/leo/Documentos/mestrado/DeepWeeds-Mobile/images/20171109-091242-2.jpg,5,8,5,8,0,0.4504509,0.040793855,0.13030636,5.1902843e-10,2.3927082e-06,2.1193206e-10,0.37503904,0.00057899,0.0028285384,0.4504509
/home/leo/Documentos/mestrado/DeepWeeds-Mobile/images/20171220-091239-2.jpg,8,8,8,8,1,0.93616533,0.004420205,0.0077059832,8.5866503e-10,3.9209868e-07,9.239709e-09,0.050770704,0.00041469253,0.0005226086,0.93616533
/home/leo/Documentos/mestrado/DeepWeeds-Mobile/images/20180112-091855-1.jpg,8,8,8,8,1,0.9639576,0.00793644,1.2220337e-06,0.00036756936,0.027129814,1.5266603e-05,1.8308972e-07,2.9597027e-09,0.00059185654,0.9639576
/home/leo/Documentos/mestrado/DeepWeeds-Mobile/images/20170811-133854-2.jpg,0,0,0,0,1,0.9942438,0.9942438,0.00013634902,1.9887316e-11,1.3163844e-09,2.97839e-09,4.268052e-07,1.5605656e-07,2.0534017e-05,0.005598807
/home/leo/Documentos/mestrado/DeepWeeds-Mobile/images/20170727-135734-1.jpg,4,4,4,4,1,0.999833,1.7788914e-06,5.9471375e-08,3.1063271e-07,4.5402844e-06,0.999833,4.6102965e-12,5.3996185e-14,6.5053786e-07,0.00015960014
/home/leo/Documentos/mestrado/DeepWeeds-Mobile/images/20170811-104503-2.jpg,0,8,0,8,0,0.5378972,0.3937957,0.01726611,1.6091042e-07,5.04509e-06,7.811232e-06,3.510413e-05,0.00010781859,0.050884992,0.5378972
/home/leo/Documentos/mestrado/DeepWeeds-Mobile/images/20170521-153419-0.jpg,1,7,1,7,0,0.759564,0.10860249,0.069877155,7.074291e-11,3.091117e-08,1.5381283e-09,5.9462777e-06,0.059406023,0.759564,0.0025444704
/home/leo/Documentos/mestrado/DeepWeeds-Mobile/images/20170405-155115-0.jpg,0,0,0,0,1,0.7833855,0.7833855,3.1509506e-05,3.66966e-06,1.232172e-05,7.641199e-08,0.0025358642,1.2991873e-05,0.20634864,0.007669374
/home/leo/Documentos/mestrado/DeepWeeds-Mobile/images/20171113-145156-3.jpg,6,6,6,6,1,0.9769925,3.194112e-06,0.00034528322,7.12459e-10,2.8877027e-09,1.2967749e-09,3.592605e-07,0.9769925,0.0001260025,0.02253266
/home/leo/Documentos/mestrado/DeepWeeds-Mobile/images/20180109-101035-2.jpg,8,8,8,8,1,0.69851273,0.0040264227,0.0025529305,1.8961113e-07,0.0001537073,1.2965627e-08,0.056919437,0.23782477,9.841127e-06,0.69851273
/home/leo/Documentos/mestrado/DeepWeeds-Mobile/images/20180109-071804-1.jpg,8,8,8,8,1,0.96167576,2.6938158e-08,1.3267409e-05,8.175409e-12,1.2528298e-07,2.2290196e-10,1.39488625e-08,0.03830884,2.1152657e-06,0.96167576
/home/leo/Documentos/mestrado/DeepWeeds-Mobile/images/20180125-094416-2.jpg,8,8,8,8,1,0.9989292,4.2196676e-05,1.9070594e-06,9.583053e-09,0.00087761646,0.00012382367,5.198892e-08,2.4902505e-10,2.5152081e-05,0.9989292
/home/leo/Documentos/mestrado/DeepWeeds-Mobile/images/20180125-132451-3.jpg,8,8,8,8,1,0.94714963,0.0028428663,0.004692665,0.021451786,0.0049025714,0.0087067485,1.3522679e-05,0.0004436196,0.009796629,0.94714963
/home/leo/Documentos/mestrado/DeepWeeds-Mobile/images/20170906-112604-2.jpg,3,3,3,3,1,0.9818326,0.0011389907,0.00023190503,1.4854184e-06,0.9818326,0.0036361758,5.043054e-07,4.0273844e-07,0.0006643196,0.012493492
/home/leo/Documentos/mestrado/DeepWeeds-Mobile/images/20180112-094059-2.jpg,8,8,8,8,1,0.9992807,0.00014858796,1.3208258e-07,2.1123145e-09,3.159087e-08,1.0702887e-10,2.2692366e-09,1.7386417e-07,0.0005704496,0.9992807
/home/leo/Documentos/mestrado/DeepWeeds-Mobile/images/20170714-114948-2.jpg,1,1,1,1,1,0.55962837,0.0433762,0.55962837,8.5800175e-06,0.0073038316,5.720906e-06,0.00681515,2.0680456e-05,0.020003691,0.36283782
/home/leo/Documentos/mestrado/DeepWeeds-Mobile/images/20170714-135825-2.jpg,1,1,1,1,1,0.9826383,0.00016582217,0.9826383,1.4752255e-10,2.4531726e-05,3.1388566e-08,4.800421e-06,0.010405145,0.0024167527,0.0043446096
/home/leo/Documentos/mestrado/DeepWeeds-Mobile/images/20171217-184330-2.jpg,8,5,8,5,0,0.54155487,1.0270041e-05,1.7586799e-06,9.745648e-10,2.3197885e-10,3.241493e-11,0.54155487,1.2143198e-06,4.887729e-08,0.4584319
/home/leo/Documentos/mestrado/DeepWeeds-Mobile/images/20170704-155311-0.jpg,7,1,7,1,0,0.9348654,0.0033667784,0.9348654,8.88603e-11,1.3750649e-06,2.1457232e-08,4.370026e-08,3.5179525e-07,0.030790584,0.03097547
/home/leo/Documentos/mestrado/DeepWeeds-Mobile/images/20180112-080825-1.jpg,8,8,8,8,1,0.68155736,0.16586865,0.09166337,9.519463e-05,0.008704503,0.0011282009,0.00050377415,0.00022776281,0.050251197,0.68155736
/home/leo/Documentos/mestrado/DeepWeeds-Mobile/images/20171121-085538-1.jpg,6,8,6,8,0,0.51654756,8.3298465e-07,4.53976e-07,7.77817e-10,3.821121e-10,1.4881665e-10,8.323221e-08,0.48343807,1.2919291e-05,0.51654756
/home/leo/Documentos/mestrado/DeepWeeds-Mobile/images/20180322-133720-1.jpg,8,8,8,8,1,0.99600697,0.0002185573,1.0028742e-06,0.0025188678,0.00026997336,0.00096664124,3.8065557e-06,1.25945e-08,1.4108608e-05,0.99600697
/home/leo/Documentos/mestrado/DeepWeeds-Mobile/images/20170920-095406-2.jpg,4,8,4,8,0,0.59192115,0.008647004,0.03707716,0.040024266,0.041106377,0.008213785,0.00020362061,0.043263562,0.22954315,0.59192115
/home/leo/Documentos/mestrado/DeepWeeds-Mobile/images/20170127-103011-0.jpg,1,1,1,1,1,0.74211746,0.00020771376,0.74211746,5.980644e-09,1.6260574e-05,4.353556e-07,3.306341e-06,0.007487533,0.0006337955,0.2495335
/home/leo/Documentos/mestrado/DeepWeeds-Mobile/images/20171212-102128-3.jpg,8,8,8,8,1,0.96637696,0.001133514,0.024860293,7.229739e-06,0.0064531625,0.00033279374,2.2320362e-05,0.0002765875,0.00053712487,0.96637696
/home/leo/Documentos/mestrado/DeepWeeds-Mobile/images/20171113-101351-1.jpg,5,5,5,5,1,0.864432,5.8280716e-06,3.818323e-05,1.7025541e-12,1.2265367e-06,8.06259e-12,0.864432,2.3033724e-07,3.2890706e-09,0.13552251
/home/leo/Documentos/mestrado/DeepWeeds-Mobile/images/20170714-142536-3.jpg,1,1,1,1,1,0.9971892,0.0004949275,0.9971892,2.0629833e-13,1.5336739e-06,6.1158145e-10,2.6268096e-06,6.733514e-08,0.00051407714,0.0017976548
/home/leo/Documentos/mestrado/DeepWeeds-Mobile/images/20180322-103350-1.jpg,8,8,8,8,1,0.98339856,0.0071685337,5.023067e-07,2.5336586e-08,0.000100985286,4.0689156e-06,0.000232739,9.363002e-13,0.009094616,0.98339856
/home/leo/Documentos/mestrado/DeepWeeds-Mobile/images/20180105-092757-3.jpg,8,8,8,8,1,0.7154157,1.8956028e-07,0.00038458756,8.922556e-11,3.8087147e-09,3.700595e-11,8.849554e-06,0.28418952,1.2849559e-06,0.7154157
/home/leo/Documentos/mestrado/DeepWeeds-Mobile/images/20171109-090224-1.jpg,5,5,5,5,1,0.97123575,2.2979328e-05,0.00039071278,2.0175563e-12,2.0481843e-07,3.674036e-11,0.97123575,0.00016026932,1.9795204e-06,0.028188001
/home/leo/Documentos/mestrado/DeepWeeds-Mobile/images/20171219-114148-2.jpg,8,8,8,8,1,0.90214974,0.0004361997,2.646996e-05,0.094786584,0.0011695863,0.00061607483,2.971601e-06,0.000491907,0.00032040826,0.90214974
/home/leo/Documentos/mestrado/DeepWeeds-Mobile/images/20170920-191809-1.jpg,2,2,2,2,1,0.99992,5.8916e-07,1.1908635e-08,0.99992,1.4574988e-05,1.3099557e-05,2.4812982e-06,2.8165555e-08,1.6595276e-07,4.901634e-05
/home/leo/Documentos/mestrado/DeepWeeds-Mobile/images/20170704-154449-0.jpg,7,7,7,7,1,0.88716733,0.014085327,9.333689e-05,3.1102132e-09,2.1139378e-05,1.6178856e-07,3.0668846e-06,1.4314506e-09,0.88716733,0.09862958
/home/leo/Documentos/mestrado/DeepWeeds-Mobile/images/20171113-132119-3.jpg,6,6,6,6,1,0.9733917,2.7960254e-05,0.00028113474,4.6225555e-06,1.1704578e-05,1.468314e-07,5.0749503e-07,0.9733917,2.0228983e-05,0.026262045
/home/leo/Documentos/mestrado/DeepWeeds-Mobile/images/20171113-123657-3.jpg,6,6,6,6,1,0.9971758,0.00045796495,0.0002393483,4.718162e-10,9.912473e-06,9.640973e-08,3.0973453e-05,0.9971758,0.00024295409,0.0018429772
/home/leo/Documentos/mestrado/DeepWeeds-Mobile/images/20171212-103305-3.jpg,8,8,8,8,1,0.9287903,0.005204355,0.04158403,5.0793665e-07,3.547393e-05,9.811073e-07,0.003711738,0.000492635,0.02018004,0.9287903
/home/leo/Documentos/mestrado/DeepWeeds-Mobile/images/20171212-094427-3.jpg,8,8,8,8,1,0.99970657,0.00023263032,3.8803418e-07,1.9768799e-13,3.2128082e-05,4.24356e-11,2.9138555e-06,5.993569e-09,2.530459e-05,0.99970657
/home/leo/Documentos/mestrado/DeepWeeds-Mobile/images/20180109-070211-1.jpg,8,8,8,8,1,0.50582033,6.768177e-05,0.00013128016,1.147868e-09,7.103884e-08,4.83763e-09,9.703616e-05,0.49372903,0.00015459792,0.50582033
/home/leo/Documentos/mestrado/DeepWeeds-Mobile/images/20171201-120010-1.jpg,8,8,8,8,1,0.994632,2.1807962e-07,1.9071276e-06,5.930913e-15,2.6681748e-06,7.5003137e-10,0.005361678,2.8822702e-08,1.4618705e-06,0.994632
/home/leo/Documentos/mestrado/DeepWeeds-Mobile/images/20170714-110657-1.jpg,1,1,1,1,1,0.5901912,0.00047437122,0.5901912,2.6660407e-09,3.618615e-06,9.3142006e-08,1.2894839e-05,0.39689577,0.005309353,0.0071127936
/home/leo/Documentos/mestrado/DeepWeeds-Mobile/images/20170920-162211-3.jpg,2,2,2,2,1,0.99502736,1.6828742e-05,1.40289e-07,0.99502736,0.0019120697,0.00039439907,1.2267545e-06,4.6683684e-07,2.1777075e-07,0.0026473096
/home/leo/Documentos/mestrado/DeepWeeds-Mobile/images/20170728-152926-3.jpg,8,4,8,4,0,0.98522073,1.7195437e-06,4.7746695e-08,1.531007e-07,0.00012647273,0.98522073,6.221547e-05,4.53298e-13,1.8386816e-06,0.014586789
/home/leo/Documentos/mestrado/DeepWeeds-Mobile/images/20170714-134219-1.jpg,1,1,1,1,1,0.9999628,7.2641405e-06,0.9999628,1.2093558e-14,6.088164e-10,3.514563e-11,1.794863e-09,6.8945916e-08,5.2089636e-06,2.4555766e-05
/home/leo/Documentos/mestrado/DeepWeeds-Mobile/images/20180109-101342-2.jpg,8,8,8,8,1,0.95792437,6.0147e-05,0.00013950921,4.8847212e-08,5.7442353e-06,7.080852e-09,0.011393808,0.030471656,4.5912093e-06,0.95792437
/home/leo/Documentos/mestrado/DeepWeeds-Mobile/images/20171220-082227-2.jpg,8,8,8,8,1,0.991227,0.006637425,1.2262823e-06,1.1673574e-13,0.00020307896,8.871638e-08,3.7661189e-06,4.21577e-10,0.0019273438,0.991227
/home/leo/Documentos/mestrado/DeepWeeds-Mobile/images/20171113-131205-1.jpg,6,6,6,6,1,0.99676335,3.7945563e-07,0.0028991052,1.11535e-10,3.492247e-07,5.077363e-09,4.227153e-08,0.99676335,6.736916e-07,0.0003361786
/home/leo/Documentos/mestrado/DeepWeeds-Mobile/images/20180112-072128-2.jpg,8,8,8,8,1,0.8547367,0.043254275,6.7099536e-05,0.09064763,0.0045471974,0.0059277746,6.830065e-05,8.85637e-07,0.0007500837,0.8547367
/home/leo/Documentos/mestrado/DeepWeeds-Mobile/images/20170128-103152-0.jpg,8,8,8,8,1,0.7619952,0.09247465,0.06386486,0.010317914,0.039118636,0.00070767174,0.0038879544,0.00023289915,0.027400203,0.7619952
/home/leo/Documentos/mestrado/DeepWeeds-Mobile/images/20171102-122100-1.jpg,2,2,2,2,1,0.6552203,0.0015425942,4.6222308e-07,0.6552203,0.00042317293,0.00025924735,4.7378407e-07,9.5399685e-08,8.947962e-05,0.34246427
/home/leo/Documentos/mestrado/DeepWeeds-Mobile/images/20180105-094832-2.jpg,8,8,8,8,1,0.9982692,3.9636532e-08,4.902963e-07,1.6389317e-06,6.862697e-09,5.271526e-07,9.140321e-08,0.001725153,2.9343753e-06,0.9982692
/home/leo/Documentos/mestrado/DeepWeeds-Mobile/images/20180109-074258-2.jpg,8,8,8,8,1,0.9999573,3.2247597e-06,3.4129964e-06,1.6163701e-13,5.460538e-11,9.150975e-12,1.0651429e-05,2.0232184e-05,5.091105e-06,0.9999573
/home/leo/Documentos/mestrado/DeepWeeds-Mobile/images/20170127-101639-0.jpg,1,1,1,1,1,0.74352986,0.023081241,0.74352986,1.5833545e-07,9.5185555e-05,3.6015285e-07,0.0039316732,0.0005282464,0.001647744,0.22718547
/home/leo/Documentos/mestrado/DeepWeeds-Mobile/images/20180109-100309-2.jpg,8,8,8,8,1,0.99904126,0.00023143999,4.2172964e-05,1.8657276e-05,0.00012352417,1.3619947e-08,0.00020399065,0.0003122738,2.6644184e-05,0.99904126
/home/leo/Documentos/mestrado/DeepWeeds-Mobile/images/20180322-112610-1.jpg,8,8,8,8,1,0.99999976,2.3628397e-09,2.7815166e-12,3.2038216e-08,5.496395e-10,9.9389844e-11,2.2985539e-07,5.994331e-13,7.769724e-09,0.99999976
/home/leo/Documentos/mestrado/DeepWeeds-Mobile/images/20171121-084031-1.jpg,6,6,6,6,1,0.9709692,2.2281827e-05,0.001267514,6.1749455e-07,1.3790425e-06,4.884707e-08,4.010574e-06,0.9709692,7.481685e-06,0.027727472
/home/leo/Documentos/mestrado/DeepWeeds-Mobile/images/20180112-074135-1.jpg,8,8,8,8,1,0.9196106,0.034953997,0.0027452116,5.221343e-06,0.0030078955,3.876177e-05,4.1347344e-06,4.1112444e-06,0.039630022,0.9196106
/home/leo/Documentos/mestrado/DeepWeeds-Mobile/images/20170128-102415-0.jpg,8,3,8,3,0,0.5430803,0.0033149899,0.03325714,2.2017791e-06,0.5430803,0.00014069458,4.0701408e-07,0.00033277963,0.0024452633,0.41742626
/home/leo/Documentos/mestrado/DeepWeeds-Mobile/images/20180105-100929-2.jpg,8,8,8,8,1,0.9999993,8.57735e-12,8.395685e-10,5.264702e-07,1.5563192e-10,4.6756505e-09,3.3464925e-13,2.3665936e-07,1.296579e-10,0.9999993
/home/leo/Documentos/mestrado/DeepWeeds-Mobile/images/20171102-121558-3.jpg,2,2,2,2,1,0.9982917,2.8449409e-05,4.1355147e-08,0.9982917,5.8634283e-05,3.0747372e-06,3.0183135e-06,1.1611591e-08,8.014915e-05,0.0015349339
/home/leo/Documentos/mestrado/DeepWeeds-Mobile/images/20170920-175019-1.jpg,4,4,4,4,1,0.97945684,0.00046930488,2.68201e-05,0.0006520757,0.005195153,0.97945684,6.6471095e-09,1.2575165e-10,0.0035872273,0.010612554
/home/leo/Documentos/mestrado/DeepWeeds-Mobile/images/20180109-100555-1.jpg,8,8,8,8,1,0.99532545,0.00017315875,1.1310276e-06,0.00051091093,0.0032496217,0.00052859134,2.98591e-09,5.3580237e-08,0.00021111044,0.99532545
/home/leo/Documentos/mestrado/DeepWeeds-Mobile/images/20171218-103405-3.jpg,8,8,8,8,1,0.9971589,0.0007934671,3.9463466e-05,3.4658883e-06,0.0007676171,2.02446e-05,1.6935653e-06,2.933441e-06,0.0012122148,0.9971589
/home/leo/Documentos/mestrado/DeepWeeds-Mobile/images/20170704-152003-0.jpg,0,0,0,0,1,0.9970668,0.9970668,0.00015970504,4.2593277e-12,6.7602065e-13,5.6001267e-12,4.1705746e-09,9.506594e-07,0.000111417045,0.0026611036
/home/leo/Documentos/mestrado/DeepWeeds-Mobile/images/20171219-093925-3.jpg,8,8,8,8,1,0.925211,0.020807905,7.398886e-05,6.3046384e-05,0.05320588,6.642598e-05,0.00015609652,2.1559467e-06,0.00041353848,0.925211
/home/leo/Documentos/mestrado/DeepWeeds-Mobile/images/20171025-075917-3.jpg,3,8,3,8,0,0.6034718,3.3129076e-05,0.0001305187,1.6935934e-14,0.3962688,1.2191904e-08,9.424916e-08,3.3039292e-08,9.559293e-05,0.6034718
/home/leo/Documentos/mestrado/DeepWeeds-Mobile/images/20171025-074659-3.jpg,7,0,7,0,0,0.43817458,0.43817458,0.063828364,7.99932e-09,0.0014931118,2.6767796e-06,0.0006999522,0.0024132454,0.17760588,0.3157822
/home/leo/Documentos/mestrado/DeepWeeds-Mobile/images/20180322-115620-2.jpg,8,8,8,8,1,0.9997773,2.5720714e-05,2.594783e-06,5.3058757e-06,2.2434882e-05,9.870369e-05,1.8108027e-06,1.1119525e-08,6.602197e-05,0.9997773
/home/leo/Documentos/mestrado/DeepWeeds-Mobile/images/20170811-123145-2.jpg,0,0,0,0,1,0.99983644,0.99983644,2.7967697e-05,2.2356792e-11,3.7641355e-11,4.5664195e-10,3.6108543e-06,3.7256184e-13,3.027736e-06,0.00012891153
/home/leo/Documentos/mestrado/DeepWeeds-Mobile/images/20170410-124359-0.jpg,0,0,0,0,1,0.8418999,0.8418999,7.140607e-05,2.814829e-06,1.6255844e-06,1.2095662e-06,0.0005984245,2.1517153e-09,0.110146716,0.04727783
/home/leo/Documentos/mestrado/DeepWeeds-Mobile/images/20171219-112509-2.jpg,8,8,8,8,1,0.9813882,0.0012134677,1.7064885e-07,8.098794e-11,0.0043979455,3.1924314e-06,0.011958646,0.000967978,7.051793e-05,0.9813882
/home/leo/Documentos/mestrado/DeepWeeds-Mobile/images/20170718-101808-2.jpg,0,0,0,0,1,0.44191885,0.44191885,0.04721028,1.5593899e-07,3.2535056e-05,1.007322e-05,0.24708839,0.004511139,0.047604058,0.21162459
/home/leo/Documentos/mestrado/DeepWeeds-Mobile/images/20180125-092159-2.jpg,8,8,8,8,1,0.9998491,3.1747826e-05,2.4710298e-06,7.492212e-06,1.7214956e-06,8.610249e-05,4.272192e-08,4.3801966e-09,2.1353382e-05,0.9998491
/home/leo/Documentos/mestrado/DeepWeeds-Mobile/images/20171102-123238-3.jpg,2,8,2,8,0,0.78324664,0.019477015,9.779108e-06,0.1748474,0.000664425,6.9749176e-06,1.6502694e-05,6.1751807e-06,0.021725023,0.78324664
/home/leo/Documentos/mestrado/DeepWeeds-Mobile/images/20170705-165136-0.jpg,7,7,7,7,1,0.97356963,0.001830269,0.00023505365,1.7785505e-08,1.1517312e-05,0.00054333336,2.1725582e-06,6.4450556e-10,0.97356963,0.023808049
/home/leo/Documentos/mestrado/DeepWeeds-Mobile/images/20171025-090755-1.jpg,3,3,3,3,1,0.7377161,0.03755904,0.00093263114,0.000875912,0.7377161,0.0060253968,9.75646e-07,4.897214e-05,0.00525655,0.21158442
/home/leo/Documentos/mestrado/DeepWeeds-Mobile/images/20170210-142523-0.jpg,7,7,7,7,1,0.99999464,5.2937453e-06,9.065378e-11,6.837482e-14,2.564898e-17,9.171287e-16,1.0081599e-09,2.9932209e-15,0.99999464,1.45386805e-08
/home/leo/Documentos/mestrado/DeepWeeds-Mobile/images/20171220-101708-2.jpg,8,8,8,8,1,0.9991462,0.0006856286,6.539375e-05,4.6254017e-15,1.7704891e-06,7.2255747e-12,3.8703045e-05,5.98466e-05,2.5158927e-06,0.9991462
/home/leo/Documentos/mestrado/DeepWeeds-Mobile/images/20170210-131552-0.jpg,7,7,7,7,1,0.9992081,0.0001775572,1.8924057e-06,8.000137e-09,8.079115e-11,3.6628467e-10,1.5338659e-05,1.2860046e-08,0.9992081,0.00059699075
/home/leo/Documentos/mestrado/DeepWeeds-Mobile/images/20171219-105039-3.jpg,8,8,8,8,1,0.9833331,0.013700545,0.00026123197,1.3698035e-07,0.0008039002,9.0500806e-05,2.509949e-06,8.780685e-07,0.0018072547,0.9833331
/home/leo/Documentos/mestrado/DeepWeeds-Mobile/images/20171109-194100-1.jpg,5,5,5,5,1,0.9837105,0.0009566636,1.5684496e-05,1.682061e-12,2.792937e-09,2.5628475e-11,0.9837105,2.0482353e-06,9.128944e-06,0.015305976
/home/leo/Documentos/mestrado/DeepWeeds-Mobile/images/20180125-100907-1.jpg,8,8,8,8,1,0.9999747,2.1758497e-08,1.2757543e-07,3.876346e-10,1.9636715e-07,3.1238239e-09,2.4209638e-05,6.925439e-07,4.27704e-09,0.9999747
/home/leo/Documentos/mestrado/DeepWeeds-Mobile/images/20170913-105849-2.jpg,3,3,3,3,1,0.9991486,6.205741e-07,2.1409633e-08,3.1900614e-05,0.9991486,0.00036400094,0.0002808128,7.082732e-11,7.3868406e-10,0.00017403836
/home/leo/Documentos/mestrado/DeepWeeds-Mobile/images/20180109-095915-1.jpg,8,8,8,8,1,0.97800136,0.010310295,7.202136e-08,1.5527088e-05,0.0113280285,1.1092626e-07,2.7273572e-08,6.5492785e-09,0.000344719,0.97800136
/home/leo/Documentos/mestrado/DeepWeeds-Mobile/images/20180125-095419-2.jpg,8,8,8,8,1,0.99614936,1.4769874e-06,1.3681856e-06,1.9833086e-09,0.0005311605,8.354466e-10,0.0033149952,1.5645329e-06,8.540484e-08,0.99614936
/home/leo/Documentos/mestrado/DeepWeeds-Mobile/images/20171219-095132-2.jpg,8,8,8,8,1,0.99947894,5.104984e-05,0.00027997443,1.574037e-07,0.00015480895,5.564391e-07,1.8019833e-05,1.0853353e-05,5.6550984e-06,0.99947894
/home/leo/Documentos/mestrado/DeepWeeds-Mobile/images/20170315-085848-0.jpg,8,8,8,8,1,0.9302512,0.014387093,0.053257126,2.4782999e-08,6.2189947e-06,6.4470446e-06,4.7963193e-05,1.8666921e-07,0.002043713,0.9302512
/home/leo/Documentos/mestrado/DeepWeeds-Mobile/images/20170718-132718-2.jpg,7,8,7,8,0,0.570618,0.009137248,0.013739357,2.7914942e-07,0.0003635331,1.254078e-05,6.0024962e-05,0.00020631496,0.40586275,0.570618
/home/leo/Documentos/mestrado/DeepWeeds-Mobile/images/20170127-100724-0.jpg,1,1,1,1,1,0.9453693,1.4410464e-05,0.9453693,2.7997044e-11,3.6182928e-06,7.6206597e-10,2.8447962e-06,0.026010588,1.850582e-05,0.028580818
/home/leo/Documentos/mestrado/DeepWeeds-Mobile/images/20180112-103948-2.jpg,8,8,8,8,1,0.9999224,7.618507e-05,2.3164486e-11,1.2112203e-07,2.7183967e-08,8.866354e-10,1.228033e-09,7.365154e-15,1.3369353e-06,0.9999224
/home/leo/Documentos/mestrado/DeepWeeds-Mobile/images/20171205-142930-2.jpg,8,8,8,8,1,0.9696009,0.0015123114,9.4956566e-05,7.911234e-09,6.697884e-05,8.802136e-09,0.02870235,4.0299616e-07,2.2046093e-05,0.9696009
/home/leo/Documentos/mestrado/DeepWeeds-Mobile/images/20171220-100138-2.jpg,8,8,8,8,1,0.99248546,0.0065470967,3.366772e-06,1.2920341e-13,1.2954234e-07,1.4321133e-10,0.00019595836,9.798688e-07,0.0007670269,0.99248546
/home/leo/Documentos/mestrado/DeepWeeds-Mobile/images/20180109-095028-2.jpg,8,8,8,8,1,0.99446726,0.00096685305,3.615432e-05,0.0032388067,0.0010684425,0.00017467396,8.580494e-06,2.4479677e-06,3.6728215e-05,0.99446726
/home/leo/Documentos/mestrado/DeepWeeds-Mobile/images/20170728-122058-3.jpg,4,4,4,4,1,0.99775815,5.8023385e-08,6.0057355e-09,6.277559e-08,8.612309e-05,0.99775815,1.4094279e-08,4.2535506e-12,1.16856434e-07,0.002155368
/home/leo/Documentos/mestrado/DeepWeeds-Mobile/images/20170920-162022-3.jpg,2,2,2,2,1,0.8684581,3.1812153e-05,7.539202e-05,0.8684581,0.0017808924,0.023399044,7.20967e-07,3.240582e-05,8.967558e-05,0.10613202
/home/leo/Documentos/mestrado/DeepWeeds-Mobile/images/20171218-121857-3.jpg,8,8,8,8,1,0.99997795,1.7344224e-09,2.1400782e-11,2.3689757e-16,1.3533389e-06,2.466152e-08,2.0680607e-05,7.893567e-12,4.0963047e-10,0.99997795
/home/leo/Documentos/mestrado/DeepWeeds-Mobile/images/20170127-101203-0.jpg,1,1,1,1,1,0.99650735,4.7020785e-05,0.99650735,6.1645676e-12,7.5656004e-05,1.0278063e-08,1.451535e-06,0.001449217,5.2979045e-05,0.0018662929
/home/leo/Documentos/mestrado/DeepWeeds-Mobile/images/20171219-095437-3.jpg,8,8,8,8,1,0.99606353,0.003663247,1.0465902e-05,7.209082e-08,1.7111892e-06,1.7081295e-07,0.00015753122,6.7060797e-09,0.00010331545,0.99606353
/home/leo/Documentos/mestrado/DeepWeeds-Mobile/images/20170714-115554-2.jpg,1,1,1,1,1,0.99954087,9.123085e-06,0.99954087,1.7836443e-13,9.353639e-12,9.618227e-13,2.7599595e-10,1.0551718e-06,0.00043752344,1.1410362e-05
/home/leo/Documentos/mestrado/DeepWeeds-Mobile/images/20171113-145805-1.jpg,6,6,6,6,1,0.9684068,9.727775e-05,0.030564617,2.7517057e-13,7.6336113e-07,5.702336e-09,2.4467155e-07,0.9684068,5.8809586e-05,0.00087153696
/home/leo/Documentos/mestrado/DeepWeeds-Mobile/images/20171220-092229-2.jpg,8,8,8,8,1,0.8388541,1.438286e-05,1.1817191e-07,2.8877742e-14,1.7942115e-06,1.2990967e-11,0.16112956,4.5785997e-10,1.1546864e-08,0.8388541
/home/leo/Documentos/mestrado/DeepWeeds-Mobile/images/20180119-110526-2.jpg,8,8,8,8,1,0.9922839,0.000988544,0.0020767695,0.0010324975,0.0011389253,0.0004505914,0.00021450281,0.0001148349,0.0016995722,0.9922839
/home/leo/Documentos/mestrado/DeepWeeds-Mobile/images/20171218-121638-2.jpg,8,8,8,8,1,0.99990976,8.2388025e-05,1.8884009e-07,7.6203095e-14,9.198535e-09,8.576213e-14,9.875376e-07,3.5436248e-10,6.698249e-06,0.99990976
/home/leo/Documentos/mestrado/DeepWeeds-Mobile/images/20170718-133349-2.jpg,7,0,7,0,0,0.5074436,0.5074436,9.722575e-07,4.5626466e-10,2.9986218e-06,6.9345907e-10,1.498975e-05,8.6690725e-14,0.49110848,0.0014289917
/home/leo/Documentos/mestrado/DeepWeeds-Mobile/images/20171102-100741-2.jpg,4,2,4,2,0,0.61072665,0.004287381,0.00047838956,0.61072665,0.032568436,0.0597646,6.4263013e-06,0.0005217611,0.0013257099,0.2903207
/home/leo/Documentos/mestrado/DeepWeeds-Mobile/images/20180322-125512-1.jpg,8,8,8,8,1,0.9996011,8.493428e-05,2.3368935e-07,1.6915465e-09,1.1934443e-07,1.9458222e-09,0.0003117172,1.5793299e-11,1.855075e-06,0.9996011
/home/leo/Documentos/mestrado/DeepWeeds-Mobile/images/20180125-094244-1.jpg,8,8,8,8,1,1.0,8.459204e-09,3.0999885e-09,7.845221e-14,7.94047e-10,6.721759e-11,2.1901492e-08,3.3056166e-12,8.188263e-10,1.0
/home/leo/Documentos/mestrado/DeepWeeds-Mobile/images/20171109-091730-2.jpg,5,5,5,5,1,0.999928,1.2622647e-06,2.4886955e-08,2.916413e-16,2.5192356e-13,8.448032e-17,0.999928,1.928473e-09,1.4733624e-11,7.073072e-05
/home/leo/Documentos/mestrado/DeepWeeds-Mobile/images/20180112-075900-2.jpg,8,8,8,8,1,0.96345633,0.021145634,0.00079439074,0.0009406874,0.0034721575,0.001268916,9.126175e-06,0.00012275077,0.008790002,0.96345633
/home/leo/Documentos/mestrado/DeepWeeds-Mobile/images/20180112-102837-2.jpg,8,8,8,8,1,0.9950888,0.0026008894,0.00023863767,8.173628e-07,8.120035e-05,2.490941e-07,0.001107344,0.00014355483,0.00073840475,0.9950888
/home/leo/Documentos/mestrado/DeepWeeds-Mobile/images/20171102-122320-3.jpg,2,2,2,2,1,0.9841157,8.3521045e-05,3.9088965e-11,0.9841157,0.0010590315,1.2561517e-07,7.0805925e-08,2.5448985e-10,4.135295e-06,0.014737464
/home/leo/Documentos/mestrado/DeepWeeds-Mobile/images/20170718-094308-2.jpg,0,0,0,0,1,0.53051335,0.53051335,0.32467484,1.112258e-05,0.0028979825,0.00015091458,0.002585105,6.212623e-07,0.1161435,0.02302253
/home/leo/Documentos/mestrado/DeepWeeds-Mobile/images/20170129-103517-0.jpg,8,8,8,8,1,0.5446839,0.050632965,0.39612633,5.5287626e-07,0.00013635802,4.5360866e-06,0.0045525534,1.431163e-05,0.0038485047,0.5446839
/home/leo/Documentos/mestrado/DeepWeeds-Mobile/images/20171212-103306-3.jpg,8,8,8,8,1,0.9529749,0.021579936,0.0035128435,3.9322302e-08,9.6404634e-05,1.5280939e-06,0.0001745048,0.0002554065,0.021404527,0.9529749
/home/leo/Documentos/mestrado/DeepWeeds-Mobile/images/20180112-073055-2.jpg,8,8,8,8,1,0.9736969,0.002393759,8.3017454e-05,0.0015640899,0.021987466,0.00020364659,1.7547179e-06,2.4767965e-06,6.691425e-05,0.9736969
/home/leo/Documentos/mestrado/DeepWeeds-Mobile/images/20171113-095624-3.jpg,5,5,5,5,1,0.9302646,0.0009979387,0.0009560647,9.845511e-09,4.4288956e-07,4.6537444e-08,0.9302646,0.0020094048,1.5174525e-05,0.06575632
/home/leo/Documentos/mestrado/DeepWeeds-Mobile/images/20180125-092249-2.jpg,8,8,8,8,1,0.99147654,0.0007220574,0.00014240328,1.8242712e-05,0.0010897071,0.004822513,2.4862563e-06,3.1004458e-08,0.0017260015,0.99147654
/home/leo/Documentos/mestrado/DeepWeeds-Mobile/images/20180322-114119-1.jpg,8,8,8,8,1,0.99953336,3.6321934e-09,3.8067288e-10,1.9603324e-14,3.151784e-08,2.1262592e-12,0.0004666158,2.7517268e-11,8.621046e-10,0.99953336
/home/leo/Documentos/mestrado/DeepWeeds-Mobile/images/20180322-102617-2.jpg,8,8,8,8,1,0.97927535,0.0009133518,6.4722866e-05,8.324628e-05,0.00074987387,0.018322952,2.627043e-07,7.568041e-10,0.0005902179,0.97927535
/home/leo/Documentos/mestrado/DeepWeeds-Mobile/images/20171025-090101-2.jpg,3,3,3,3,1,0.7047603,0.029199002,9.792238e-06,0.0011859757,0.7047603,0.002230997,1.2735704e-07,5.783217e-09,0.014551264,0.2480625
/home/leo/Documentos/mestrado/DeepWeeds-Mobile/images/20180109-074844-1.jpg,8,6,8,6,0,0.8429642,1.1519546e-06,0.021542815,1.6388025e-08,4.324168e-06,2.1755747e-08,5.415435e-05,0.8429642,4.164046e-05,0.13539168
/home/leo/Documentos/mestrado/DeepWeeds-Mobile/images/20171102-122541-2.jpg,2,2,2,2,1,0.9998795,5.3251195e-08,5.002568e-10,0.9998795,1.0823905e-07,4.485847e-06,3.6748548e-07,2.6453362e-09,1.4755233e-08,0.00011544377
/home/leo/Documentos/mestrado/DeepWeeds-Mobile/images/20180112-101055-2.jpg,8,8,8,8,1,0.99042964,0.0091066,1.0524361e-08,1.8764047e-06,2.4512406e-06,7.539088e-09,7.937643e-06,2.6158595e-10,0.00045143644,0.99042964
/home/leo/Documentos/mestrado/DeepWeeds-Mobile/images/20171212-102928-3.jpg,8,8,8,8,1,0.9238657,0.0029079206,0.059494495,3.0086054e-09,0.009578167,1.6498814e-06,2.552668e-06,0.000468247,0.0036812462,0.9238657
/home/leo/Documentos/mestrado/DeepWeeds-Mobile/images/20180109-080111-1.jpg,8,8,8,8,1,0.9959215,3.301355e-05,2.7261167e-05,8.598107e-06,8.973803e-06,9.313125e-08,6.924383e-07,0.0026072643,0.0013926545,0.9959215
/home/leo/Documentos/mestrado/DeepWeeds-Mobile/images/20170727-140142-1.jpg,4,4,4,4,1,0.99885154,3.5463456e-06,1.08550715e-08,1.0369901e-08,2.3209366e-05,0.99885154,1.2917993e-11,1.7364599e-15,2.5249824e-06,0.0011192267
/home/leo/Documentos/mestrado/DeepWeeds-Mobile/images/20170727-114704-3.jpg,4,4,4,4,1,0.8828933,1.3892873e-05,2.9233602e-06,2.8171355e-06,0.0027562433,0.8828933,0.002821992,1.6627979e-08,1.2751906e-05,0.11149605
/home/leo/Documentos/mestrado/DeepWeeds-Mobile/images/20171217-183611-2.jpg,8,8,8,8,1,0.9420201,0.014049972,1.288964e-05,1.8456396e-14,1.11995995e-07,1.507699e-09,0.023427714,4.0196202e-08,0.02048917,0.9420201
/home/leo/Documentos/mestrado/DeepWeeds-Mobile/images/20170714-115904-1.jpg,1,1,1,1,1,0.9999436,2.6785344e-07,0.9999436,1.280837e-15,1.0544291e-09,2.5256186e-11,8.1006113e-10,3.6110717e-12,1.8676443e-05,3.7348913e-05
/home/leo/Documentos/mestrado/DeepWeeds-Mobile/images/20170630-151331-0.jpg,7,8,7,8,0,0.48747313,0.033841413,0.075289935,5.720232e-05,0.00010812207,0.000114631206,0.0001760402,0.00096993364,0.4019696,0.48747313
/home/leo/Documentos/mestrado/DeepWeeds-Mobile/images/20180109-071252-1.jpg,8,8,8,8,1,0.60803795,2.4970393e-05,0.00012503462,1.7197598e-09,3.3884996e-07,4.0962354e-09,3.4301433e-05,0.39174217,3.520836e-05,0.60803795
/home/leo/Documentos/mestrado/DeepWeeds-Mobile/images/20170210-133946-0.jpg,0,0,0,0,1,0.63489753,0.63489753,0.0001281462,1.5332804e-10,4.1605275e-09,9.546001e-13,1.224555e-07,1.5524324e-09,0.36462507,0.00034914032
/home/leo/Documentos/mestrado/DeepWeeds-Mobile/images/20180112-070412-2.jpg,8,8,8,8,1,0.863772,0.06070842,0.002203877,0.003292409,0.020838669,0.009670199,1.0192207e-05,3.821259e-07,0.0395039,0.863772
/home/leo/Documentos/mestrado/DeepWeeds-Mobile/images/20180109-074039-1.jpg,8,8,8,8,1,0.9936947,3.2996187e-08,5.6454746e-06,2.4093055e-08,2.1995452e-09,4.983368e-10,1.2208927e-08,0.0062967427,2.9018595e-06,0.9936947
/home/leo/Documentos/mestrado/DeepWeeds-Mobile/images/20171025-100802-2.jpg,3,3,3,3,1,0.99583256,1.6962733e-06,4.441144e-12,4.9775645e-07,0.99583256,3.171539e-09,3.2201807e-13,1.3043382e-09,1.620399e-08,0.004165248
/home/leo/Documentos/mestrado/DeepWeeds-Mobile/images/20180119-110931-2.jpg,8,8,8,8,1,0.9995079,0.00033112805,1.7871478e-05,1.5150347e-06,9.000208e-05,2.7022543e-07,1.7963058e-06,1.4798338e-05,3.4795623e-05,0.9995079
/home/leo/Documentos/mestrado/DeepWeeds-Mobile/images/20180322-115245-2.jpg,8,8,8,8,1,0.9995972,7.3292567e-06,2.3723012e-06,4.1726306e-11,7.4466095e-07,2.2744875e-06,8.659359e-05,6.32019e-08,0.00030323333,0.9995972
/home/leo/Documentos/mestrado/DeepWeeds-Mobile/images/20170217-115656-0.jpg,0,0,0,0,1,0.99984777,0.99984777,1.5645148e-06,7.9530454e-16,2.953361e-14,7.163278e-15,6.309015e-09,4.821712e-13,1.7782877e-05,0.00013286746
/home/leo/Documentos/mestrado/DeepWeeds-Mobile/images/20170714-110406-1.jpg,1,1,1,1,1,0.9911272,2.8548282e-06,0.9911272,1.9423688e-12,6.3269727e-07,2.963091e-09,9.1511413e-07,0.0019810598,0.00011267524,0.0067746267
/home/leo/Documentos/mestrado/DeepWeeds-Mobile/images/20171113-172027-0.jpg,6,6,6,6,1,0.99655044,1.7478253e-09,0.0034459736,5.6167168e-14,2.9461239e-08,2.8072579e-11,1.8177045e-12,0.99655044,1.08503055e-08,3.5316289e-06
/home/leo/Documentos/mestrado/DeepWeeds-Mobile/images/20171108-124115-3.jpg,5,5,5,5,1,0.5651246,0.0030265988,0.007382594,9.055116e-08,1.75608e-05,6.0478947e-06,0.5651246,0.0018705834,0.000884941,0.42168704
/home/leo/Documentos/mestrado/DeepWeeds-Mobile/images/20171102-121121-1.jpg,2,2,2,2,1,1.0,1.6502616e-09,8.225905e-15,1.0,3.9712633e-10,2.4007216e-10,1.6864907e-11,3.163746e-14,6.114666e-11,5.055166e-08
/home/leo/Documentos/mestrado/DeepWeeds-Mobile/images/20170727-162925-1.jpg,4,4,4,4,1,0.99941254,3.3978545e-06,2.425106e-08,9.610012e-08,8.193267e-05,0.99941254,2.2760013e-11,1.39732645e-14,6.695961e-05,0.00043504857
/home/leo/Documentos/mestrado/DeepWeeds-Mobile/images/20170714-144230-3.jpg,1,1,1,1,1,0.99999976,1.9084369e-10,0.99999976,9.973529e-22,8.2261156e-13,8.581521e-17,3.3790913e-12,2.9566495e-11,2.360951e-10,2.0030168e-07
/home/leo/Documentos/mestrado/DeepWeeds-Mobile/images/20170920-190113-1.jpg,2,2,2,2,1,0.98900056,1.5514584e-05,1.9553038e-08,0.98900056,0.0003808445,0.008194565,7.863792e-05,1.604003e-07,3.5448838e-07,0.002329427
/home/leo/Documentos/mestrado/DeepWeeds-Mobile/images/20170811-125920-1.jpg,0,0,0,0,1,0.8426864,0.8426864,0.029686946,1.7180964e-06,4.927941e-06,0.00039009258,0.023619985,3.3525305e-09,0.10030307,0.0033069036
/home/leo/Documentos/mestrado/DeepWeeds-Mobile/images/20170304-130647-0.jpg,7,7,7,7,1,0.999943,5.6854908e-05,1.8874296e-08,5.8244586e-15,2.0609356e-15,4.4567672e-14,8.9026106e-11,2.1847175e-08,0.999943,4.8775007e-08
/home/leo/Documentos/mestrado/DeepWeeds-Mobile/images/20171219-095801-3.jpg,8,8,8,8,1,0.8961987,0.101610005,2.2373277e-05,6.3273013e-09,6.316917e-06,3.8040624e-09,0.0008538744,5.839207e-10,0.0013087409,0.8961987
/home/leo/Documentos/mestrado/DeepWeeds-Mobile/images/20170627-103733-0.jpg,0,0,0,0,1,0.74543494,0.74543494,1.4433759e-06,1.575812e-11,2.7069118e-09,1.3616652e-10,3.9670398e-05,2.848268e-14,0.23413643,0.020387504
/home/leo/Documentos/mestrado/DeepWeeds-Mobile/images/20171219-110229-2.jpg,8,8,8,8,1,0.93211955,0.06502156,7.978127e-05,5.7923183e-10,0.0010995349,2.1439661e-09,0.0012773301,9.101141e-08,0.0004021692,0.93211955
/home/leo/Documentos/mestrado/DeepWeeds-Mobile/images/20180109-073844-2.jpg,8,8,8,8,1,0.9047205,8.983667e-05,0.0055545745,9.237145e-08,4.768455e-07,1.4965673e-08,2.7840348e-05,0.0894309,0.00017586531,0.9047205
/home/leo/Documentos/mestrado/DeepWeeds-Mobile/images/20180125-135555-3.jpg,8,8,8,8,1,0.97800976,0.0007317421,0.003780849,5.227206e-05,0.01178123,0.0003063703,6.234669e-05,0.0004937881,0.004781636,0.97800976
/home/leo/Documentos/mestrado/DeepWeeds-Mobile/images/20180109-085526-2.jpg,8,8,8,8,1,0.9989752,0.00010058245,0.00037066586,3.8247303e-09,0.0004796839,2.6016478e-06,2.0438112e-05,2.1335698e-05,2.9433073e-05,0.9989752
/home/leo/Documentos/mestrado/DeepWeeds-Mobile/images/20170727-165644-1.jpg,4,4,4,4,1,0.99992645,2.8698041e-06,1.7889261e-09,7.2742814e-08,8.0949285e-06,0.99992645,3.2457724e-12,2.9752246e-15,2.6265165e-05,3.6179754e-05
/home/leo/Documentos/mestrado/DeepWeeds-Mobile/images/20180109-101307-2.jpg,8,8,8,8,1,0.99712557,8.795662e-06,0.0003859138,7.04542e-06,4.3715292e-05,7.602717e-06,8.634563e-05,0.0023336557,1.2860896e-06,0.99712557
/home/leo/Documentos/mestrado/DeepWeeds-Mobile/images/20170920-190229-1.jpg,2,2,2,2,1,0.99663544,6.5834945e-07,1.7989889e-08,0.99663544,1.0928056e-05,0.0021984563,5.4883465e-08,2.3290948e-08,1.1707054e-07,0.0011541987
/home/leo/Documentos/mestrado/DeepWeeds-Mobile/images/20180109-071204-2.jpg,8,8,8,8,1,0.9918106,1.0925205e-07,1.8178155e-06,0.0015829154,6.647349e-07,1.9996257e-08,1.542685e-06,0.0066019194,4.6495902e-07,0.9918106
/home/leo/Documentos/mestrado/DeepWeeds-Mobile/images/20180125-093050-1.jpg,8,8,8,8,1,0.9999999,1.4751888e-08,2.6990927e-08,7.468224e-13,3.5992723e-10,6.7160594e-10,4.5113186e-08,6.5428985e-14,2.1181128e-09,0.9999999
/home/leo/Documentos/mestrado/DeepWeeds-Mobile/images/20171025-094322-2.jpg,3,3,3,3,1,0.98062414,0.00013755698,1.618528e-08,0.0007034684,0.98062414,0.00010752868,1.4178976e-09,1.7307796e-08,1.2576586e-05,0.018414658
/home/leo/Documentos/mestrado/DeepWeeds-Mobile/images/20180109-073929-1.jpg,8,8,8,8,1,0.9427917,1.9089807e-06,8.7712515e-06,1.8771414e-07,2.9150401e-08,1.3038557e-08,4.2613567e-07,0.05716976,2.7217731e-05,0.9427917
/home/leo/Documentos/mestrado/DeepWeeds-Mobile/images/20171203-174141-3.jpg,8,8,8,8,1,0.8761401,0.033579197,0.020084819,2.9436458e-07,0.008020094,3.8596238e-05,0.0046476657,0.00027518574,0.05721395,0.8761401
/home/leo/Documentos/mestrado/DeepWeeds-Mobile/images/20180322-132325-1.jpg,8,8,8,8,1,0.99997365,6.7062697e-06,4.651304e-08,1.4228212e-07,3.0687033e-06,1.587375e-05,4.276034e-08,1.5276802e-11,4.88185e-07,0.99997365
/home/leo/Documentos/mestrado/DeepWeeds-Mobile/images/20170920-120333-2.jpg,2,2,2,2,1,0.99083614,1.8187818e-06,4.5777287e-07,0.99083614,9.105499e-05,0.001720342,2.0605046e-07,8.521033e-06,9.299002e-07,0.0073406007
/home/leo/Documentos/mestrado/DeepWeeds-Mobile/images/20171212-100753-3.jpg,8,8,8,8,1,0.9999995,2.2305352e-08,1.1704133e-09,1.4585069e-17,4.42863e-07,1.8671577e-12,3.126317e-08,5.561175e-13,2.3345686e-08,0.9999995
/home/leo/Documentos/mestrado/DeepWeeds-Mobile/images/20170727-162821-1.jpg,4,4,4,4,1,0.9999124,2.036591e-07,2.7273894e-09,3.882814e-07,5.4501124e-05,0.9999124,3.0167216e-10,6.4655096e-15,9.947447e-07,3.1481675e-05
/home/leo/Documentos/mestrado/DeepWeeds-Mobile/images/20180125-100345-2.jpg,8,8,8,8,1,0.8519489,0.025341919,0.0018659489,1.1827854e-10,1.8837794e-05,8.389957e-11,0.06861926,0.051591977,0.00061310374,0.8519489
/home/leo/Documentos/mestrado/DeepWeeds-Mobile/images/20170210-133828-0.jpg,0,0,0,0,1,0.99389297,0.99389297,4.2906126e-05,1.0764743e-11,2.1664982e-11,6.8507436e-11,9.590707e-07,1.3798466e-06,0.005151815,0.0009098981
/home/leo/Documentos/mestrado/DeepWeeds-Mobile/images/20171218-110407-2.jpg,8,8,8,8,1,0.99847263,0.0012043022,3.3392436e-05,1.3041037e-14,2.9130953e-09,2.0358899e-11,0.00028798808,2.9420267e-08,1.6095736e-06,0.99847263
/home/leo/Documentos/mestrado/DeepWeeds-Mobile/images/20171109-090954-1.jpg,5,5,5,5,1,0.9994258,2.137021e-07,5.6607465e-09,8.627006e-15,4.618362e-12,9.8406306e-15,0.9994258,4.749427e-10,1.1190826e-10,0.0005739309
/home/leo/Documentos/mestrado/DeepWeeds-Mobile/images/20170210-142001-0.jpg,7,7,7,7,1,0.99994683,1.0097351e-05,2.639551e-06,4.185025e-12,1.8794575e-12,6.2673353e-13,1.4324283e-08,8.0668286e-07,0.99994683,3.9638733e-05
/home/leo/Documentos/mestrado/DeepWeeds-Mobile/images/20171109-085205-2.jpg,5,5,5,5,1,0.9995565,5.033592e-07,1.5354979e-06,3.666939e-15,2.3814424e-09,5.384952e-14,0.9995565,1.1474247e-07,8.938448e-11,0.00044133546
/home/leo/Documentos/mestrado/DeepWeeds-Mobile/images/20171121-081850-2.jpg,6,1,6,1,0,0.5142579,0.0064851996,0.5142579,8.8294666e-10,1.2040747e-05,2.128676e-07,0.00070280157,0.29690757,0.078786545,0.10284766
/home/leo/Documentos/mestrado/DeepWeeds-Mobile/images/20171113-133925-3.jpg,6,6,6,6,1,0.9967943,0.00016166548,0.0028827,6.224342e-11,8.311454e-08,1.2536938e-08,3.3432934e-07,0.9967943,0.00012728114,3.3678545e-05
/home/leo/Documentos/mestrado/DeepWeeds-Mobile/images/20170727-165545-3.jpg,4,4,4,4,1,0.99963665,2.5076024e-05,1.4047752e-07,3.1171365e-10,1.931113e-05,0.99963665,9.54249e-13,3.354489e-15,7.0484793e-06,0.00031184603
/home/leo/Documentos/mestrado/DeepWeeds-Mobile/images/20170920-094900-2.jpg,2,2,2,2,1,0.9834305,1.1427014e-06,1.7254368e-05,0.9834305,6.8790528e-06,7.5618475e-05,7.1767215e-07,9.78405e-05,1.8459534e-06,0.01636814
/home/leo/Documentos/mestrado/DeepWeeds-Mobile/images/20170727-155543-1.jpg,4,4,4,4,1,0.99427325,0.00036795952,2.3372227e-06,0.0027439478,0.0014843717,0.99427325,0.0005729023,3.8841177e-10,2.0112882e-05,0.0005351911
/home/leo/Documentos/mestrado/DeepWeeds-Mobile/images/20180109-101429-2.jpg,8,8,8,8,1,0.9540678,4.9544647e-05,0.00012831322,0.0016710303,0.00040492654,3.6852707e-05,1.4996076e-05,0.043616075,1.0402072e-05,0.9540678
/home/leo/Documentos/mestrado/DeepWeeds-Mobile/images/20180105-095241-2.jpg,8,6,8,6,0,0.89832133,4.942697e-05,0.001189502,3.5725658e-09,3.8422077e-06,4.8014407e-08,0.00014503956,0.89832133,5.9995033e-05,0.100230806
/home/leo/Documentos/mestrado/DeepWeeds-Mobile/images/20171113-124455-1.jpg,6,6,6,6,1,0.9989486,3.5742903e-07,0.00065605546,1.657758e-10,5.729491e-07,1.6448253e-07,6.25139e-09,0.9989486,2.458838e-07,0.0003940134
/home/leo/Documentos/mestrado/DeepWeeds-Mobile/images/20170126-095221-0.jpg,1,1,1,1,1,0.97846925,0.0018128346,0.97846925,1.7197012e-09,0.00012828464,3.536643e-07,0.0014001415,0.00090881885,0.0039947783,0.013285427
/home/leo/Documentos/mestrado/DeepWeeds-Mobile/images/20180112-081708-1.jpg,8,8,8,8,1,0.7463598,0.00188803,3.9566407e-06,3.0950814e-05,0.24920097,0.0009846919,2.001202e-08,9.1820445e-09,0.0015316119,0.7463598
/home/leo/Documentos/mestrado/DeepWeeds-Mobile/images/20171025-082743-1.jpg,0,0,0,0,1,0.98083717,0.98083717,1.3697552e-07,3.8123758e-07,1.5590462e-05,1.4440308e-08,2.9292187e-06,9.176654e-15,0.0040574875,0.015086331
/home/leo/Documentos/mestrado/DeepWeeds-Mobile/images/20180322-132846-1.jpg,8,8,8,8,1,0.5881782,0.014096114,0.26381543,6.520729e-05,0.012496661,0.0028796843,0.013471407,0.002504514,0.10249285,0.5881782
/home/leo/Documentos/mestrado/DeepWeeds-Mobile/images/20180112-082107-2.jpg,8,8,8,8,1,0.9841748,0.0012194207,1.5690415e-05,0.0005393874,0.01331165,0.00046180445,9.375207e-08,5.092727e-06,0.0002720401,0.9841748
/home/leo/Documentos/mestrado/DeepWeeds-Mobile/images/20171121-091114-3.jpg,6,6,6,6,1,0.9995679,8.763834e-05,0.00015388198,3.0354481e-13,3.172065e-07,4.208373e-10,1.5364785e-07,0.9995679,0.00013484266,5.5249355e-05
/home/leo/Documentos/mestrado/DeepWeeds-Mobile/images/20171218-110513-2.jpg,8,8,8,8,1,0.9999064,8.2051134e-05,5.367654e-08,4.941764e-16,7.438631e-06,2.0752676e-13,3.250714e-06,9.84673e-12,8.6382295e-07,0.9999064
/home/leo/Documentos/mestrado/DeepWeeds-Mobile/images/20180112-082845-1.jpg,8,8,8,8,1,0.99206334,0.0061502075,2.8759444e-09,1.39044805e-05,0.0015557763,1.1620891e-08,1.1178665e-08,8.6638145e-12,0.00021673965,0.99206334
/home/leo/Documentos/mestrado/DeepWeeds-Mobile/images/20170906-113342-2.jpg,3,0,3,0,0,0.4906379,0.4906379,0.00037687973,6.372768e-08,0.3348115,4.0049636e-06,1.8678743e-06,1.4595943e-05,0.110481,0.063672155
/home/leo/Documentos/mestrado/DeepWeeds-Mobile/images/20170714-111906-2.jpg,1,1,1,1,1,0.99999917,4.0718675e-07,0.99999917,7.8280705e-14,3.6945744e-14,5.439826e-16,4.0869384e-11,5.3413924e-08,3.4815213e-07,7.473824e-08
/home/leo/Documentos/mestrado/DeepWeeds-Mobile/images/20180322-131610-1.jpg,8,8,8,8,1,0.98760086,0.0004334339,1.7107348e-05,0.0019066464,0.001977336,0.0079904245,2.9723734e-07,2.2191082e-07,7.3605275e-05,0.98760086
/home/leo/Documentos/mestrado/DeepWeeds-Mobile/images/20170728-145825-1.jpg,4,4,4,4,1,0.99905914,4.771894e-07,2.9637604e-08,5.0687167e-06,7.511513e-05,0.99905914,2.4603192e-10,1.1269884e-09,2.190141e-06,0.0008579456
/home/leo/Documentos/mestrado/DeepWeeds-Mobile/images/20180322-104727-1.jpg,8,8,8,8,1,0.98762214,0.0045560254,5.5779706e-06,5.309054e-09,9.266457e-06,3.4587965e-06,6.2148356e-06,9.906342e-14,0.0077973036,0.98762214
/home/leo/Documentos/mestrado/DeepWeeds-Mobile/images/20180109-090446-1.jpg,8,8,8,8,1,0.7536859,0.00281172,1.1318561e-05,1.2611784e-05,0.24325311,4.482522e-06,1.7662126e-07,1.7146947e-06,0.00021890721,0.7536859
/home/leo/Documentos/mestrado/DeepWeeds-Mobile/images/20170714-122636-3.jpg,1,1,1,1,1,0.973769,0.0026892829,0.973769,2.3864583e-10,1.1327556e-06,2.3738608e-06,1.3556216e-07,1.7543058e-06,0.011824554,0.011711819
/home/leo/Documentos/mestrado/DeepWeeds-Mobile/images/20180322-113434-1.jpg,8,8,8,8,1,0.99999857,6.4073696e-08,1.905693e-09,1.3955689e-11,7.5731305e-07,1.4865754e-08,2.7254947e-07,3.5323753e-12,2.8494654e-07,0.99999857
/home/leo/Documentos/mestrado/DeepWeeds-Mobile/images/20171219-114201-2.jpg,8,8,8,8,1,0.9984823,0.00027728,1.1993464e-05,6.574989e-05,0.00095041015,1.0943025e-05,9.179669e-07,0.00019164487,8.803549e-06,0.9984823
/home/leo/Documentos/mestrado/DeepWeeds-Mobile/images/20180119-110358-2.jpg,8,8,8,8,1,0.99698263,0.0015965851,0.0003308015,5.4879474e-05,0.00086253515,4.7665428e-05,8.929426e-06,9.379308e-05,2.2138996e-05,0.99698263
/home/leo/Documentos/mestrado/DeepWeeds-Mobile/images/20171220-101018-1.jpg,8,8,8,8,1,0.9999902,6.247733e-06,1.6792956e-09,2.1585297e-20,1.7264574e-08,1.4853106e-15,3.5683963e-06,6.188234e-13,9.272681e-09,0.9999902
/home/leo/Documentos/mestrado/DeepWeeds-Mobile/images/20180112-102811-2.jpg,8,8,8,8,1,0.9891467,0.006510018,0.00031189105,1.3734753e-07,6.76713e-06,2.677334e-06,5.230973e-06,0.00068569294,0.003330895,0.9891467
/home/leo/Documentos/mestrado/DeepWeeds-Mobile/images/20180112-080634-2.jpg,8,8,8,8,1,0.96729916,0.012271633,0.00011822584,0.005058644,0.011176956,0.0037259804,7.3866875e-07,3.038902e-06,0.0003456619,0.96729916
/home/leo/Documentos/mestrado/DeepWeeds-Mobile/images/20171220-092406-2.jpg,8,8,8,8,1,0.99954206,0.00022183126,5.6930375e-08,1.3179174e-10,5.163772e-07,3.8743568e-07,0.00022693053,7.502765e-08,8.020535e-06,0.99954206
/home/leo/Documentos/mestrado/DeepWeeds-Mobile/images/20170129-102319-0.jpg,8,8,8,8,1,0.9699257,0.008113688,0.021736298,9.199299e-10,2.12289e-05,2.666765e-08,9.911585e-05,2.9921815e-05,7.3974334e-05,0.9699257
/home/leo/Documentos/mestrado/DeepWeeds-Mobile/images/20170920-173342-1.jpg,4,4,4,4,1,0.96348894,0.004438135,0.00027068655,0.0015995955,0.0031352432,0.96348894,9.11571e-07,5.877726e-07,0.0022704501,0.0247954
/home/leo/Documentos/mestrado/DeepWeeds-Mobile/images/20170920-115912-2.jpg,2,2,2,2,1,0.98168534,1.5157779e-05,6.772914e-07,0.98168534,3.844034e-05,0.008262296,3.125282e-07,6.4849023e-06,6.7676575e-07,0.009990602
/home/leo/Documentos/mestrado/DeepWeeds-Mobile/images/20171102-120924-1.jpg,2,2,2,2,1,0.99991715,7.119531e-08,8.472239e-10,0.99991715,3.1701726e-09,8.675681e-07,2.1822911e-08,1.2326458e-07,4.2529205e-08,8.1689344e-05
/home/leo/Documentos/mestrado/DeepWeeds-Mobile/images/20180109-103836-2.jpg,8,8,8,8,1,0.978979,0.0015451926,4.5209432e-05,4.3940214e-05,0.018431073,0.0006020947,8.034978e-07,3.7520095e-07,0.00035232873,0.978979
/home/leo/Documentos/mestrado/DeepWeeds-Mobile/images/20171212-102739-3.jpg,8,8,8,8,1,0.99412113,0.00060382916,0.0007762292,1.0906076e-06,0.0027345943,1.0961492e-05,8.862151e-06,0.00015348836,0.0015899263,0.99412113
/home/leo/Documentos/mestrado/DeepWeeds-Mobile/images/20171109-084949-3.jpg,5,5,5,5,1,0.99991405,3.4368095e-06,2.460304e-07,1.6418354e-12,3.1273551e-12,1.3858107e-13,0.99991405,7.0782867e-06,1.5613451e-10,7.520658e-05
/home/leo/Documentos/mestrado/DeepWeeds-Mobile/images/20170210-130840-0.jpg,7,7,7,7,1,1.0,1.0905343e-08,1.2864996e-14,1.1325936e-18,1.0695868e-22,6.317506e-19,1.9416341e-12,2.3526346e-18,1.0,1.4358553e-12
/home/leo/Documentos/mestrado/DeepWeeds-Mobile/images/20171113-115634-1.jpg,6,6,6,6,1,0.99564326,3.0395254e-06,0.0043065185,3.0903244e-12,9.9277395e-09,3.086181e-10,2.5208826e-07,0.99564326,2.3939194e-06,4.4507622e-05
/home/leo/Documentos/mestrado/DeepWeeds-Mobile/images/20170729-090502-2.jpg,4,4,4,4,1,0.999322,1.1518595e-05,3.4464998e-07,5.8925427e-05,0.00017386483,0.999322,5.9130468e-08,3.8261583e-10,1.2126387e-05,0.00042105516
/home/leo/Documentos/mestrado/DeepWeeds-Mobile/images/20170501-142429-0.jpg,1,1,1,1,1,0.5805273,0.051328402,0.5805273,1.622088e-11,8.2716135e-05,6.9413744e-08,4.2787415e-06,0.062015783,0.07920695,0.22683446
/home/leo/Documentos/mestrado/DeepWeeds-Mobile/images/20180119-115524-1.jpg,8,8,8,8,1,0.9960887,0.000107649976,0.000110764406,0.00038255492,0.00019379581,7.316425e-05,1.0324796e-05,0.0030192838,1.3697479e-05,0.9960887
/home/leo/Documentos/mestrado/DeepWeeds-Mobile/images/20171219-094611-3.jpg,8,8,8,8,1,0.99631244,0.0005245851,1.1699589e-05,2.5282483e-15,1.3301289e-09,1.8359444e-12,0.0029178627,7.4481515e-10,0.00023343567,0.99631244
/home/leo/Documentos/mestrado/DeepWeeds-Mobile/images/20180109-070837-1.jpg,8,8,8,8,1,0.99997425,7.1281533e-13,1.8191195e-09,2.3498954e-08,2.2306677e-14,2.4438095e-14,1.9027955e-09,2.567901e-05,2.590571e-08,0.99997425
/home/leo/Documentos/mestrado/DeepWeeds-Mobile/images/20171025-073717-2.jpg,3,3,3,3,1,0.5671726,0.0067341207,0.1345085,2.5404523e-07,0.5671726,0.0002703693,0.00018023915,0.00047735422,0.011939757,0.27871683
/home/leo/Documentos/mestrado/DeepWeeds-Mobile/images/20180109-071617-1.jpg,8,8,8,8,1,0.9721891,2.302454e-08,4.0417226e-06,2.0424177e-13,9.988451e-10,3.8945244e-13,1.6681403e-07,0.027806586,1.2880129e-07,0.9721891
/home/leo/Documentos/mestrado/DeepWeeds-Mobile/images/20171203-173412-3.jpg,8,8,8,8,1,0.92454994,0.02937208,0.015401753,3.2400492e-06,0.00069039327,1.3453043e-06,0.0019079519,0.021331737,0.006741608,0.92454994
/home/leo/Documentos/mestrado/DeepWeeds-Mobile/images/20180322-120003-2.jpg,8,8,8,8,1,0.99996436,1.8649196e-06,2.4525397e-07,1.2036249e-11,3.168793e-05,1.2471367e-08,2.0446586e-07,3.7414336e-10,1.544764e-06,0.99996436
/home/leo/Documentos/mestrado/DeepWeeds-Mobile/images/20171025-094308-1.jpg,3,3,3,3,1,0.9999893,3.848375e-08,6.9697824e-12,2.6037492e-10,0.9999893,3.4001682e-10,2.6387245e-15,8.407094e-13,3.1702724e-10,1.0693479e-05
/home/leo/Documentos/mestrado/DeepWeeds-Mobile/images/20170128-103446-0.jpg,8,8,8,8,1,0.7450155,0.007974428,0.23576759,4.4221386e-07,0.009962603,3.168795e-05,7.844242e-07,1.08001e-06,0.001245829,0.7450155
/home/leo/Documentos/mestrado/DeepWeeds-Mobile/images/20171203-165115-3.jpg,8,8,8,8,1,0.9970452,0.00070175616,7.064676e-05,2.0376623e-10,0.0001903314,4.4585677e-09,2.231874e-05,4.9594314e-07,0.0019693084,0.9970452
/home/leo/Documentos/mestrado/DeepWeeds-Mobile/images/20180105-093818-2.jpg,8,8,8,8,1,0.9850679,6.585347e-06,0.00024247287,4.4886347e-05,9.945313e-06,4.604702e-06,7.007846e-06,0.01415684,0.00045972518,0.9850679
/home/leo/Documentos/mestrado/DeepWeeds-Mobile/images/20170729-092410-1.jpg,4,4,4,4,1,0.99989104,2.5100137e-05,6.3523025e-08,2.941794e-07,8.634979e-06,0.99989104,5.639158e-10,5.6370636e-13,7.0985457e-06,6.771275e-05
/home/leo/Documentos/mestrado/DeepWeeds-Mobile/images/20180109-075410-2.jpg,8,8,8,8,1,0.72121197,5.152504e-07,1.0087271e-05,2.8459228e-05,1.0383672e-07,8.462206e-09,5.193235e-06,0.2787412,2.510444e-06,0.72121197
/home/leo/Documentos/mestrado/DeepWeeds-Mobile/images/20180125-131046-3.jpg,8,8,8,8,1,0.99683005,2.820104e-05,0.0023848482,3.2980088e-10,3.5786168e-06,1.2283734e-08,9.432487e-05,0.00043712067,0.00022198386,0.99683005
/home/leo/Documentos/mestrado/DeepWeeds-Mobile/images/20171219-112328-2.jpg,8,8,8,8,1,0.74628955,0.00019812126,6.5772314e-05,0.08016641,0.030748826,0.14200069,3.0522113e-08,0.00026633826,0.00026429936,0.74628955
/home/leo/Documentos/mestrado/DeepWeeds-Mobile/images/20171113-151310-1.jpg,6,6,6,6,1,0.7660396,0.032656312,0.038752817,4.01019e-06,0.00040735202,0.00022148699,0.00016128802,0.7660396,0.01731879,0.14443833
/home/leo/Documentos/mestrado/DeepWeeds-Mobile/images/20180322-125223-1.jpg,8,8,8,8,1,0.9999908,5.22943e-09,3.2832435e-11,2.9292782e-13,3.3066252e-09,6.351715e-11,9.171552e-06,1.249972e-13,4.062474e-09,0.9999908
/home/leo/Documentos/mestrado/DeepWeeds-Mobile/images/20171219-095902-2.jpg,8,8,8,8,1,0.99745125,0.0014876961,0.00027149034,4.2802926e-06,0.0001831218,1.1810926e-06,0.00056524464,6.150952e-07,3.506479e-05,0.99745125
/home/leo/Documentos/mestrado/DeepWeeds-Mobile/images/20170920-181851-1.jpg,2,4,2,4,0,0.45645568,4.719306e-05,2.4657982e-07,0.44063744,4.317705e-05,0.45645568,3.2565837e-05,1.0444916e-06,7.0962284e-07,0.10278192
/home/leo/Documentos/mestrado/DeepWeeds-Mobile/images/20170217-111104-0.jpg,0,0,0,0,1,0.98994786,0.98994786,8.764764e-09,7.262724e-13,3.248147e-13,2.4952822e-12,7.8823734e-07,2.7537327e-14,0.009901291,0.00015007099
/home/leo/Documentos/mestrado/DeepWeeds-Mobile/images/20170727-152727-3.jpg,4,4,4,4,1,0.9995789,2.0204634e-05,1.0943003e-07,0.00012307958,0.000101392645,0.9995789,5.6272276e-09,1.14986846e-10,1.5508244e-06,0.00017471943
/home/leo/Documentos/mestrado/DeepWeeds-Mobile/images/20170129-102627-0.jpg,8,8,8,8,1,0.99773276,6.33631e-07,0.002166558,1.34629605e-08,6.203718e-07,2.1421163e-09,5.6521838e-08,9.896114e-05,4.4247562e-07,0.99773276
/home/leo/Documentos/mestrado/DeepWeeds-Mobile/images/20180112-094017-2.jpg,8,8,8,8,1,0.99342537,0.005144836,9.039884e-07,3.1408817e-08,9.758342e-05,7.4398283e-09,7.989467e-08,7.8598805e-06,0.0013232948,0.99342537
/home/leo/Documentos/mestrado/DeepWeeds-Mobile/images/20170610-123247-0.jpg,1,8,1,8,0,0.93147296,0.016241038,0.044403706,1.1858259e-09,0.00057472585,3.3439942e-08,0.0006724521,0.0058770464,0.0007580501,0.93147296
/home/leo/Documentos/mestrado/DeepWeeds-Mobile/images/20170906-133106-1.jpg,3,3,3,3,1,0.93835294,6.6952416e-05,3.8565137e-08,0.0021331408,0.93835294,0.031729482,4.2990386e-11,2.7084351e-10,1.2440179e-06,0.027716255
/home/leo/Documentos/mestrado/DeepWeeds-Mobile/images/20171025-090316-1.jpg,3,3,3,3,1,0.7527365,0.016219832,0.0041874284,0.002636257,0.7527365,0.00791571,1.5748228e-06,0.022738142,0.030059144,0.16350536
/home/leo/Documentos/mestrado/DeepWeeds-Mobile/images/20170729-090216-1.jpg,4,4,4,4,1,0.99129456,0.00061030744,2.0064726e-06,1.8405257e-05,0.0002794383,0.99129456,6.642449e-10,2.085656e-09,3.6056026e-05,0.0077591706
/home/leo/Documentos/mestrado/DeepWeeds-Mobile/images/20180112-083355-1.jpg,8,8,8,8,1,0.9919612,0.0062539084,2.2567738e-05,2.841309e-05,0.00028409983,1.0508944e-05,4.1349074e-07,7.5247414e-08,0.001438735,0.9919612
/home/leo/Documentos/mestrado/DeepWeeds-Mobile/images/20171219-113244-2.jpg,8,8,8,8,1,0.97163206,0.005116744,3.026206e-05,6.3950715e-08,0.022144992,8.073126e-06,3.292854e-05,0.000815938,0.00021885207,0.97163206
/home/leo/Documentos/mestrado/DeepWeeds-Mobile/images/20170210-131230-0.jpg,7,7,7,7,1,0.99275416,0.0055686096,2.1995486e-08,2.2725633e-05,7.985877e-09,7.874032e-08,8.0890995e-06,1.3646937e-09,0.99275416,0.001646227
/home/leo/Documentos/mestrado/DeepWeeds-Mobile/images/20171220-095456-2.jpg,8,8,8,8,1,0.9652259,0.0024095243,1.2782012e-05,2.099928e-11,0.00033637552,8.5613685e-08,0.031838637,1.1777717e-06,0.00017552749,0.9652259
/home/leo/Documentos/mestrado/DeepWeeds-Mobile/images/20180112-072148-2.jpg,8,0,8,0,0,0.3467794,0.3467794,0.006848441,0.012870515,0.09687304,0.08876947,0.00053081993,6.076233e-05,0.101257004,0.34601063
/home/leo/Documentos/mestrado/DeepWeeds-Mobile/images/20180105-094335-3.jpg,8,8,8,8,1,0.9821516,0.000108199994,0.000901297,2.3309152e-05,0.00015092775,9.366461e-06,1.0673998e-05,0.016354946,0.0002896035,0.9821516
/home/leo/Documentos/mestrado/DeepWeeds-Mobile/images/20170627-104603-0.jpg,7,7,7,7,1,0.82545066,0.004140896,0.12651333,3.7558814e-10,1.7809585e-07,3.4091766e-08,0.00012026624,9.239896e-06,0.82545066,0.043765333
/home/leo/Documentos/mestrado/DeepWeeds-Mobile/images/20171113-094803-1.jpg,5,8,5,8,0,0.4083829,0.1003696,0.03602219,1.9730764e-07,0.0001728469,1.0715391e-06,0.4016123,0.0011488453,0.05228989,0.4083829
/home/leo/Documentos/mestrado/DeepWeeds-Mobile/images/20170913-105317-2.jpg,3,3,3,3,1,0.96532506,0.00041050575,4.0377754e-06,0.0050243963,0.96532506,0.00020339218,0.009852875,1.470837e-07,5.0461387e-07,0.019179182
/home/leo/Documentos/mestrado/DeepWeeds-Mobile/images/20180125-132804-2.jpg,8,8,8,8,1,0.99819165,8.724921e-06,0.00095621485,7.8141825e-12,6.1465835e-07,1.6678345e-06,3.2763666e-08,4.6479352e-07,0.0008406718,0.99819165
/home/leo/Documentos/mestrado/DeepWeeds-Mobile/images/20180109-070847-1.jpg,8,8,8,8,1,0.9640108,1.490633e-08,8.188474e-06,2.0316958e-11,7.258339e-09,4.2228197e-11,1.1152657e-05,0.035961572,8.278062e-06,0.9640108
/home/leo/Documentos/mestrado/DeepWeeds-Mobile/images/20171219-095426-2.jpg,8,8,8,8,1,0.98775965,5.0393366e-05,3.2392003e-05,2.869545e-07,0.012067121,2.1278982e-05,4.627417e-05,2.0756917e-05,1.8302328e-06,0.98775965
/home/leo/Documentos/mestrado/DeepWeeds-Mobile/images/20171025-091144-3.jpg,3,3,3,3,1,0.81698036,0.13863134,0.0003346796,0.0009807906,0.81698036,0.0011544719,1.597255e-05,1.3588848e-07,0.021505617,0.020396644
/home/leo/Documentos/mestrado/DeepWeeds-Mobile/images/20180105-101202-2.jpg,8,8,8,8,1,0.9999379,1.4981845e-07,2.2709987e-06,8.1475555e-06,2.5570646e-09,1.3884376e-06,3.8836645e-09,4.728582e-05,2.8620282e-06,0.9999379
/home/leo/Documentos/mestrado/DeepWeeds-Mobile/images/20170913-103518-2.jpg,3,3,3,3,1,0.9989177,6.547541e-08,4.55315e-09,0.00020639373,0.9989177,0.00022032605,4.32175e-06,9.603952e-12,5.332152e-10,0.0006512717
/home/leo/Documentos/mestrado/DeepWeeds-Mobile/images/20171219-095621-2.jpg,8,8,8,8,1,0.974076,0.0014203354,4.8014103e-06,4.7925133e-11,3.8257058e-05,5.3790905e-09,0.024437524,7.647384e-06,1.5405418e-05,0.974076
/home/leo/Documentos/mestrado/DeepWeeds-Mobile/images/20180109-092255-2.jpg,8,8,8,8,1,0.99981606,4.5254732e-05,1.2533632e-05,1.1470771e-05,8.1956365e-05,5.912028e-06,1.1595065e-05,1.2953067e-05,2.1549051e-06,0.99981606
/home/leo/Documentos/mestrado/DeepWeeds-Mobile/images/20170630-154315-0.jpg,7,7,7,7,1,0.9969969,0.002614548,0.00018786929,5.5995525e-12,2.2041065e-10,1.9617708e-11,7.5257803e-06,0.00015101266,0.9969969,4.215451e-05
/home/leo/Documentos/mestrado/DeepWeeds-Mobile/images/20180322-104305-1.jpg,8,8,8,8,1,0.9979832,0.0007786359,6.277933e-08,3.1537038e-08,2.9773815e-08,2.2606702e-08,9.353139e-06,3.1514678e-15,0.0012286253,0.9979832
/home/leo/Documentos/mestrado/DeepWeeds-Mobile/images/20180109-090204-2.jpg,8,8,8,8,1,0.9991935,0.00036759267,1.1958048e-08,5.375766e-09,0.00032660153,6.092604e-11,2.9693583e-05,3.9602259e-07,8.223767e-05,0.9991935
/home/leo/Documentos/mestrado/DeepWeeds-Mobile/images/20171121-073533-1.jpg,6,6,6,6,1,0.51559407,9.149263e-08,0.006227643,7.1031167e-14,1.33141365e-08,8.2166505e-12,8.1999116e-07,0.51559407,4.255148e-06,0.4781731
/home/leo/Documentos/mestrado/DeepWeeds-Mobile/images/20170920-171149-3.jpg,2,2,2,2,1,0.9955182,1.4032542e-05,1.0295837e-06,0.9955182,0.000544695,0.00021634136,0.00022674433,4.556929e-08,2.9253404e-06,0.0034759294
/home/leo/Documentos/mestrado/DeepWeeds-Mobile/images/20180112-071116-2.jpg,8,8,8,8,1,0.98800313,0.00033257465,0.00035321602,0.00014167235,0.0012193463,0.009919826,2.5194855e-09,2.3901912e-06,2.7832208e-05,0.98800313
/home/leo/Documentos/mestrado/DeepWeeds-Mobile/images/20171109-073544-3.jpg,5,5,5,5,1,0.99895096,3.393279e-09,4.596595e-11,1.2702991e-17,1.2324926e-12,8.478205e-18,0.99895096,3.8982907e-11,4.786908e-12,0.0010490407
/home/leo/Documentos/mestrado/DeepWeeds-Mobile/images/20171219-112256-3.jpg,8,2,8,2,0,0.5798538,4.4837758e-05,2.8126653e-06,0.5798538,0.0011292245,0.0018292827,3.0047676e-08,3.16208e-05,7.573858e-06,0.41710094
/home/leo/Documentos/mestrado/DeepWeeds-Mobile/images/20180322-111544-2.jpg,8,8,8,8,1,0.9999939,1.9681094e-07,1.0579337e-08,2.1784586e-11,5.1127313e-07,4.871854e-06,9.606134e-10,4.819679e-12,3.7512177e-07,0.9999939
/home/leo/Documentos/mestrado/DeepWeeds-Mobile/images/20171025-092954-1.jpg,3,3,3,3,1,0.8665115,0.002298246,0.00037580536,1.725268e-06,0.8665115,5.7557412e-05,3.8971856e-07,0.00011951769,0.002484865,0.12815036
/home/leo/Documentos/mestrado/DeepWeeds-Mobile/images/20170410-124122-0.jpg,0,7,0,7,0,0.96262866,0.03630048,6.1896526e-06,8.044676e-12,1.7376186e-11,4.993912e-11,1.7736754e-07,2.067149e-14,0.96262866,0.0010645307
/home/leo/Documentos/mestrado/DeepWeeds-Mobile/images/20171102-120305-2.jpg,2,2,2,2,1,0.9999999,2.4016233e-10,5.235764e-13,0.9999999,3.0391348e-10,1.4086574e-09,2.4090052e-10,8.008103e-11,7.786631e-11,8.1618566e-08
/home/leo/Documentos/mestrado/DeepWeeds-Mobile/images/20171113-145604-3.jpg,6,6,6,6,1,0.9803656,4.4308226e-08,0.00038518352,9.819148e-07,4.0923553e-09,1.1485567e-09,3.3608944e-07,0.9803656,4.8337375e-07,0.019247444
/home/leo/Documentos/mestrado/DeepWeeds-Mobile/images/20180322-102937-2.jpg,8,8,8,8,1,0.97366613,0.008621516,6.912054e-07,3.5711593e-05,0.01660955,0.0005386566,1.051329e-06,5.227093e-11,0.000526574,0.97366613
/home/leo/Documentos/mestrado/DeepWeeds-Mobile/images/20171102-115412-2.jpg,2,8,2,8,0,0.6335242,0.23874916,0.0013364152,0.06815159,0.043381613,0.0032031278,0.0030299316,2.006125e-06,0.00862202,0.6335242
/home/leo/Documentos/mestrado/DeepWeeds-Mobile/images/20171220-091248-2.jpg,8,8,8,8,1,0.95448947,0.003471097,1.43022535e-05,1.313765e-10,2.9014524e-05,3.804075e-09,0.041987725,2.221809e-07,8.139252e-06,0.95448947
/home/leo/Documentos/mestrado/DeepWeeds-Mobile/images/20170906-105749-2.jpg,3,3,3,3,1,0.7489834,0.0054871417,0.0066396915,0.014162433,0.7489834,0.0517847,6.259598e-06,0.010413486,0.025921073,0.13660175
/home/leo/Documentos/mestrado/DeepWeeds-Mobile/images/20170727-135035-1.jpg,4,4,4,4,1,0.9928242,8.339207e-08,1.5697674e-09,9.418673e-06,0.0032733136,0.9928242,3.5225128e-08,7.0268036e-12,7.9283154e-08,0.0038928285
/home/leo/Documentos/mestrado/DeepWeeds-Mobile/images/20170706-105522-0.jpg,7,7,7,7,1,0.91371655,0.0017803622,0.06775307,1.2761825e-08,0.00014505106,1.0026573e-06,3.7624937e-05,0.0013945102,0.91371655,0.015171691
/home/leo/Documentos/mestrado/DeepWeeds-Mobile/images/20171025-074611-2.jpg,3,3,3,3,1,0.998747,0.00012875388,5.789116e-06,3.2354766e-08,0.998747,0.0004829309,3.1161894e-12,2.623428e-09,6.898326e-07,0.000634715
/home/leo/Documentos/mestrado/DeepWeeds-Mobile/images/20180119-104346-1.jpg,8,8,8,8,1,0.9835757,4.989348e-06,0.0010735431,2.4393063e-10,0.014140902,8.118469e-08,0.00021910932,0.0009839794,1.6151564e-06,0.9835757
/home/leo/Documentos/mestrado/DeepWeeds-Mobile/images/20180112-081051-2.jpg,8,8,8,8,1,0.98616517,0.0012880417,0.0004166018,0.0019362629,0.00061331765,0.0076244227,6.9149144e-07,1.9288582e-05,0.0019362554,0.98616517
/home/leo/Documentos/mestrado/DeepWeeds-Mobile/images/20180109-072742-1.jpg,8,8,8,8,1,0.99381053,1.6350073e-08,1.6695238e-06,1.05339626e-10,5.2985625e-09,3.201379e-11,1.6089382e-07,0.006185799,1.8050582e-06,0.99381053
/home/leo/Documentos/mestrado/DeepWeeds-Mobile/images/20170714-133112-1.jpg,1,1,1,1,1,0.9803289,0.000106863496,0.9803289,1.11419256e-10,0.0005210655,4.0552816e-08,0.00084497855,0.000763625,0.0026592617,0.014775247
/home/leo/Documentos/mestrado/DeepWeeds-Mobile/images/20171025-091225-3.jpg,3,3,3,3,1,0.96019113,0.0035675084,2.1138188e-05,0.002114322,0.96019113,0.006624222,8.9844484e-08,1.9287366e-07,0.0010146084,0.02646681
/home/leo/Documentos/mestrado/DeepWeeds-Mobile/images/20180109-095331-1.jpg,8,8,8,8,1,0.9015607,0.03407743,6.327649e-08,0.009830893,0.054211594,9.722509e-06,1.5341189e-07,2.459886e-10,0.00030942596,0.9015607
/home/leo/Documentos/mestrado/DeepWeeds-Mobile/images/20170715-115848-1.jpg,1,1,1,1,1,0.99995184,1.2849145e-05,0.99995184,2.961206e-13,6.858463e-11,5.632304e-12,2.5058883e-08,3.3866294e-05,6.6651234e-07,7.603148e-07
/home/leo/Documentos/mestrado/DeepWeeds-Mobile/images/20171113-144510-3.jpg,6,8,6,8,0,0.8435322,0.0013955989,0.0026349383,2.6265856e-10,6.79715e-07,6.1643886e-09,0.045318987,0.10710005,1.7589547e-05,0.8435322
/home/leo/Documentos/mestrado/DeepWeeds-Mobile/images/20171212-104332-3.jpg,8,8,8,8,1,0.7145073,0.24194081,2.0960188e-05,3.288689e-08,1.1696336e-05,5.5979497e-09,1.540075e-05,5.4519846e-09,0.043503914,0.7145073
/home/leo/Documentos/mestrado/DeepWeeds-Mobile/images/20171220-092148-2.jpg,8,5,8,5,0,0.5202755,4.7925994e-05,1.7191658e-08,1.2256133e-15,3.2454088e-09,2.6901528e-13,0.5202755,4.3335383e-08,8.238973e-08,0.47967657
/home/leo/Documentos/mestrado/DeepWeeds-Mobile/images/20180112-101151-2.jpg,8,8,8,8,1,0.9816588,0.016612757,1.57085e-07,4.9050833e-08,8.031882e-08,1.5027025e-09,8.975346e-05,3.0339509e-09,0.0016384135,0.9816588
/home/leo/Documentos/mestrado/DeepWeeds-Mobile/images/20171205-133817-2.jpg,8,8,8,8,1,0.9081697,0.07008346,0.0056079933,1.971998e-08,0.005270026,3.2044943e-06,0.001283322,1.7830765e-06,0.0095804585,0.9081697
/home/leo/Documentos/mestrado/DeepWeeds-Mobile/images/20170705-161808-0.jpg,7,7,7,7,1,0.89936745,0.02215379,0.00027466338,3.3137768e-10,0.038444214,1.6186574e-06,5.7378777e-08,3.8933705e-09,0.89936745,0.0397582
/home/leo/Documentos/mestrado/DeepWeeds-Mobile/images/20180112-073652-1.jpg,8,8,8,8,1,0.9922206,0.003609976,0.00086107466,7.6218917e-06,0.0016577265,3.5742014e-05,3.7863876e-07,1.7668828e-05,0.0015892675,0.9922206
/home/leo/Documentos/mestrado/DeepWeeds-Mobile/images/20180105-095305-2.jpg,8,8,8,8,1,0.94194,7.96469e-05,2.597645e-05,1.7673967e-05,1.5663794e-05,1.847399e-06,3.929502e-06,0.057870578,4.4723653e-05,0.94194
/home/leo/Documentos/mestrado/DeepWeeds-Mobile/images/20171218-120204-2.jpg,8,8,8,8,1,0.9999988,1.0294902e-06,1.9665295e-11,5.8115915e-18,6.738744e-08,2.4907314e-13,3.8033167e-11,1.4531307e-16,6.0951756e-08,0.9999988
/home/leo/Documentos/mestrado/DeepWeeds-Mobile/images/20171102-120624-1.jpg,2,2,2,2,1,0.9996451,6.491133e-08,1.9716243e-11,0.9996451,7.0208625e-05,9.358913e-07,1.3253306e-11,9.1884385e-09,8.089471e-10,0.00028372652
/home/leo/Documentos/mestrado/DeepWeeds-Mobile/images/20170920-102119-1.jpg,2,2,2,2,1,0.9997029,6.7673466e-07,5.397481e-08,0.9997029,5.959205e-06,5.73677e-07,1.2542866e-07,1.9990518e-06,1.9277254e-06,0.0002857666
/home/leo/Documentos/mestrado/DeepWeeds-Mobile/images/20170714-122619-3.jpg,1,1,1,1,1,0.941136,0.004920571,0.941136,1.4800512e-06,1.47555465e-05,2.0740326e-05,2.4026e-05,0.0028045126,0.003651067,0.047426842
/home/leo/Documentos/mestrado/DeepWeeds-Mobile/images/20170920-185502-1.jpg,2,2,2,2,1,0.9984548,2.9341286e-06,7.2503845e-08,0.9984548,5.150895e-05,0.0008572189,2.3030877e-06,5.9427922e-08,3.3658324e-07,0.00063070917
/home/leo/Documentos/mestrado/DeepWeeds-Mobile/images/20170210-132316-0.jpg,0,0,0,0,1,0.9675636,0.9675636,0.0003888356,4.6345e-06,0.000119184544,4.602189e-06,0.021177787,8.4064e-09,0.007767084,0.0029743146
/home/leo/Documentos/mestrado/DeepWeeds-Mobile/images/20180125-094345-2.jpg,8,8,8,8,1,0.99863213,6.9216203e-06,1.848634e-08,8.362977e-07,0.00012255278,0.0012221035,2.8327413e-08,1.7461446e-07,1.5294536e-05,0.99863213
/home/leo/Documentos/mestrado/DeepWeeds-Mobile/images/20171102-120725-1.jpg,2,2,2,2,1,0.9569418,5.6119592e-05,6.379781e-11,0.9569418,9.534719e-07,6.03965e-09,4.74607e-08,9.797347e-11,1.6337395e-06,0.04299949
/home/leo/Documentos/mestrado/DeepWeeds-Mobile/images/20170711-120643-0.jpg,0,0,0,0,1,0.82420635,0.82420635,0.00012959525,6.097513e-07,1.0342314e-05,2.5040219e-08,0.00067591807,7.876863e-06,0.0074552353,0.16751406
/home/leo/Documentos/mestrado/DeepWeeds-Mobile/images/20170405-155554-0.jpg,0,0,0,0,1,0.9650387,0.9650387,0.0013407067,2.9935754e-07,1.1748332e-06,2.0915461e-08,0.00013563513,1.0969949e-09,0.032076668,0.0014066997
/home/leo/Documentos/mestrado/DeepWeeds-Mobile/images/20171220-083917-2.jpg,8,8,8,8,1,0.9992819,0.00034410463,2.9871316e-07,3.2786076e-11,0.00010528873,6.693959e-08,0.00025764183,1.15503775e-08,1.05918525e-05,0.9992819
/home/leo/Documentos/mestrado/DeepWeeds-Mobile/images/20170714-111632-2.jpg,1,1,1,1,1,0.9931339,3.1619506e-06,0.9931339,1.0731752e-10,1.3100572e-07,1.0952637e-08,5.767626e-06,0.0007607928,6.180744e-05,0.006034419
/home/leo/Documentos/mestrado/DeepWeeds-Mobile/images/20180105-095255-2.jpg,8,8,8,8,1,0.8874691,0.0005076275,0.00032839173,8.7244194e-07,3.1489937e-05,6.0484524e-07,5.706405e-05,0.11146712,0.00013775333,0.8874691
/home/leo/Documentos/mestrado/DeepWeeds-Mobile/images/20170920-095752-3.jpg,2,2,2,2,1,0.6293364,0.00010133072,0.0010470225,0.6293364,0.0001615566,9.924068e-05,1.4865538e-05,0.0020338024,4.5643636e-05,0.36716008
/home/leo/Documentos/mestrado/DeepWeeds-Mobile/images/20180125-133532-2.jpg,8,8,8,8,1,0.99996936,2.899815e-05,6.411271e-10,8.71626e-10,1.0770326e-10,2.1463379e-08,1.7389565e-08,1.3884431e-13,1.6282263e-06,0.99996936
/home/leo/Documentos/mestrado/DeepWeeds-Mobile/images/20170627-105033-0.jpg,8,8,8,8,1,0.7474986,0.11504808,0.020849193,1.8943067e-05,0.00033805883,1.3803161e-06,0.0044060545,0.0009362222,0.110903576,0.7474986
/home/leo/Documentos/mestrado/DeepWeeds-Mobile/images/20180322-104029-1.jpg,8,8,8,8,1,0.99966085,4.8001362e-05,1.5197521e-07,1.4503449e-08,7.924448e-05,0.00010186066,2.8472085e-08,1.6282797e-12,0.0001097924,0.99966085
/home/leo/Documentos/mestrado/DeepWeeds-Mobile/images/20170501-142839-0.jpg,1,0,1,0,0,0.7281845,0.7281845,0.23327084,2.3607002e-11,1.3456741e-07,9.0383157e-10,0.007324326,0.00014679754,0.0065909694,0.0244824
/home/leo/Documentos/mestrado/DeepWeeds-Mobile/images/20170920-183139-1.jpg,2,2,2,2,1,0.9989919,1.3938146e-05,2.7145362e-08,0.9989919,0.00015848495,0.00023908456,9.405137e-06,2.1513854e-07,2.3000925e-07,0.0005866587
/home/leo/Documentos/mestrado/DeepWeeds-Mobile/images/20180109-104749-2.jpg,8,8,8,8,1,0.9988877,9.639107e-05,2.2940585e-09,0.0005934188,0.00040288258,2.9600335e-07,1.5576362e-08,5.2303206e-09,1.9315572e-05,0.9988877
/home/leo/Documentos/mestrado/DeepWeeds-Mobile/images/20171219-101509-2.jpg,8,8,8,8,1,0.9470722,0.0057029757,7.555904e-05,1.6520215e-05,0.04357307,0.00052600744,9.649007e-07,8.807441e-07,0.003031816,0.9470722
/home/leo/Documentos/mestrado/DeepWeeds-Mobile/images/20170714-143747-1.jpg,1,1,1,1,1,0.9999995,9.961633e-09,0.9999995,8.4518313e-16,1.8685695e-11,4.0028734e-14,1.0993254e-09,1.9100042e-08,8.429017e-09,3.951773e-07
/home/leo/Documentos/mestrado/DeepWeeds-Mobile/images/20170714-112957-2.jpg,1,1,1,1,1,0.9965237,3.001057e-05,0.9965237,1.858654e-11,7.9317935e-08,3.9191352e-09,1.6115945e-07,0.0016089074,0.00046559784,0.0013715844
/home/leo/Documentos/mestrado/DeepWeeds-Mobile/images/20171220-090512-2.jpg,8,8,8,8,1,0.94447833,0.034925893,0.00017144962,1.0818788e-05,0.010377972,0.00023799858,0.0001936037,2.2719007e-05,0.009581099,0.94447833
/home/leo/Documentos/mestrado/DeepWeeds-Mobile/images/20180322-114927-2.jpg,8,8,8,8,1,0.9992229,0.0001425675,6.189219e-06,5.196313e-05,0.000106893465,0.00042461092,1.9324161e-06,8.995491e-10,4.294924e-05,0.9992229
/home/leo/Documentos/mestrado/DeepWeeds-Mobile/images/20170913-104008-1.jpg,3,3,3,3,1,0.61137074,9.4314586e-05,5.7662037e-05,3.325388e-07,0.61137074,0.31716046,9.679208e-05,2.7133338e-09,2.126749e-05,0.07119846
/home/leo/Documentos/mestrado/DeepWeeds-Mobile/images/20180109-071924-2.jpg,8,8,8,8,1,0.75936526,0.0022261473,0.016279178,3.0616395e-06,6.0124457e-06,1.138503e-07,0.0039387722,0.2146875,0.003494001,0.75936526
/home/leo/Documentos/mestrado/DeepWeeds-Mobile/images/20180109-070124-1.jpg,8,8,8,8,1,0.9996375,8.83711e-09,1.5520768e-06,2.2997642e-09,1.1870889e-09,1.1307713e-11,3.9646537e-07,0.00035919758,1.3607661e-06,0.9996375
/home/leo/Documentos/mestrado/DeepWeeds-Mobile/images/20180109-070434-1.jpg,8,8,8,8,1,0.7419369,5.4287084e-06,5.5041623e-06,1.4066791e-06,5.1884644e-08,6.477268e-08,7.5618686e-06,0.25788122,0.00016184401,0.7419369
/home/leo/Documentos/mestrado/DeepWeeds-Mobile/images/20171113-144252-3.jpg,6,6,6,6,1,0.99999857,4.442649e-09,1.413346e-06,3.2688762e-16,2.5142204e-12,1.2311707e-13,9.551468e-12,0.99999857,1.4260607e-08,3.6992638e-09
/home/leo/Documentos/mestrado/DeepWeeds-Mobile/images/20171113-135152-1.jpg,6,6,6,6,1,0.8955383,0.027674608,0.0713303,5.8598248e-12,1.1955849e-10,1.9491951e-10,1.6474797e-06,0.8955383,7.16311e-05,0.005383608
/home/leo/Documentos/mestrado/DeepWeeds-Mobile/images/20170217-150454-0.jpg,0,8,0,8,0,0.6051585,0.047735095,0.004690966,2.8974984e-11,4.5903124e-07,2.0114793e-08,0.01660383,0.000112452326,0.32569867,0.6051585
/home/leo/Documentos/mestrado/DeepWeeds-Mobile/images/20171205-134345-2.jpg,8,8,8,8,1,0.94866616,0.049196325,2.0232446e-05,1.9248942e-07,6.692955e-05,1.0505247e-07,0.0015493048,0.00012359503,0.00037705473,0.94866616
/home/leo/Documentos/mestrado/DeepWeeds-Mobile/images/20180105-091755-2.jpg,8,8,8,8,1,0.5950501,1.2284358e-06,0.0018879846,1.08211515e-13,1.4929276e-07,3.2957408e-11,0.0015419269,0.40151677,1.8421918e-06,0.5950501
/home/leo/Documentos/mestrado/DeepWeeds-Mobile/images/20170906-113410-4.jpg,3,0,3,0,0,0.51381516,0.51381516,6.852668e-05,0.016959587,0.4078626,0.0027779061,1.0201943e-05,1.0654895e-08,0.009534045,0.04897195
/home/leo/Documentos/mestrado/DeepWeeds-Mobile/images/20180112-073337-2.jpg,8,8,8,8,1,0.98142797,0.0021210012,4.556085e-06,0.0016674022,0.01227047,0.0023057468,2.3432394e-08,5.575619e-08,0.00020288954,0.98142797
/home/leo/Documentos/mestrado/DeepWeeds-Mobile/images/20180322-102751-1.jpg,8,8,8,8,1,0.998662,0.00039981236,1.952879e-06,7.890728e-09,3.6536552e-05,0.0008101927,3.154182e-08,1.8113984e-11,8.961036e-05,0.998662
/home/leo/Documentos/mestrado/DeepWeeds-Mobile/images/20171121-074740-1.jpg,6,6,6,6,1,0.99541426,4.074862e-08,0.0034223844,2.5895369e-12,0.00031000038,7.5556606e-08,3.4568572e-09,0.99541426,1.1512392e-06,0.0008520796
/home/leo/Documentos/mestrado/DeepWeeds-Mobile/images/20171109-093053-3.jpg,5,5,5,5,1,0.9998287,5.3572546e-08,1.5370821e-08,3.9438823e-16,4.2569177e-12,7.9325096e-14,0.9998287,8.1852525e-10,5.2650235e-11,0.00017126654
/home/leo/Documentos/mestrado/DeepWeeds-Mobile/images/20171219-095320-2.jpg,8,8,8,8,1,0.9927598,0.0027948876,1.9371826e-05,1.23478e-10,0.0007336564,1.1004004e-09,0.0035817726,1.6596509e-08,0.000110550805,0.9927598
/home/leo/Documentos/mestrado/DeepWeeds-Mobile/images/20170729-093442-2.jpg,4,4,4,4,1,0.9999157,1.0920253e-06,4.0975756e-09,2.8858352e-07,2.8136643e-05,0.9999157,1.4017068e-10,3.622258e-15,5.192901e-06,4.9588663e-05
/home/leo/Documentos/mestrado/DeepWeeds-Mobile/images/20180112-092114-2.jpg,8,8,8,8,1,0.9976851,0.0022698056,5.460689e-10,3.762684e-05,4.734962e-07,5.650674e-08,1.9043746e-07,2.5471633e-11,6.7867677e-06,0.9976851
/home/leo/Documentos/mestrado/DeepWeeds-Mobile/images/20180112-103511-2.jpg,8,8,8,8,1,0.9941677,0.00075337454,0.00039307828,0.0025979278,0.00039320372,1.1508522e-05,0.0001381852,0.0013405465,0.0002044414,0.9941677
/home/leo/Documentos/mestrado/DeepWeeds-Mobile/images/20180109-105815-1.jpg,8,8,8,8,1,0.99195474,0.0027189306,9.30106e-05,2.2615204e-05,0.003965763,5.8742194e-06,0.00037633572,6.389849e-05,0.0007987914,0.99195474
/home/leo/Documentos/mestrado/DeepWeeds-Mobile/images/20180112-102634-2.jpg,8,8,8,8,1,0.9990441,0.00092946226,8.908066e-12,7.806229e-10,5.84368e-12,6.9442114e-13,1.2918588e-07,1.5389378e-15,2.6267475e-05,0.9990441
/home/leo/Documentos/mestrado/DeepWeeds-Mobile/images/20171220-092804-2.jpg,8,8,8,8,1,0.9999558,1.14511444e-07,5.299638e-11,5.526353e-14,2.6085063e-08,1.0884506e-10,4.409935e-05,3.4977396e-11,6.8348566e-10,0.9999558
/home/leo/Documentos/mestrado/DeepWeeds-Mobile/images/20180105-093035-2.jpg,8,8,8,8,1,0.99999046,4.522256e-10,9.373353e-08,1.9141272e-07,2.035222e-09,2.1982547e-09,1.03475936e-10,9.090028e-06,1.0767715e-07,0.99999046
/home/leo/Documentos/mestrado/DeepWeeds-Mobile/images/20171121-085745-1.jpg,6,6,6,6,1,0.9332808,0.00014839073,2.4110841e-05,2.7831434e-06,7.5639255e-06,3.8174932e-07,1.0152485e-06,0.9332808,0.00014760008,0.066387296
/home/leo/Documentos/mestrado/DeepWeeds-Mobile/images/20170913-121615-1.jpg,5,5,5,5,1,0.9929773,0.0011136726,9.1355554e-07,0.00039455586,0.005129702,0.00011620301,0.9929773,6.9362443e-07,2.9089938e-06,0.00026401877
/home/leo/Documentos/mestrado/DeepWeeds-Mobile/images/20170410-124556-0.jpg,0,0,0,0,1,0.483345,0.483345,2.8133554e-05,2.0217934e-07,0.006969168,5.1572968e-08,9.793841e-06,1.4142788e-08,0.031089064,0.47855857
/home/leo/Documentos/mestrado/DeepWeeds-Mobile/images/20180112-075717-2.jpg,8,2,8,2,0,0.8901223,0.00021619504,9.720065e-06,0.8901223,0.0029044417,0.005652306,2.0665281e-07,3.3833396e-05,1.2726533e-05,0.10104827
/home/leo/Documentos/mestrado/DeepWeeds-Mobile/images/20171217-184806-2.jpg,8,8,8,8,1,0.999468,4.1413183e-05,9.196582e-06,4.3741506e-14,9.775435e-12,3.2485183e-13,0.00047863318,2.5215315e-06,1.545648e-07,0.999468
/home/leo/Documentos/mestrado/DeepWeeds-Mobile/images/20180119-113809-2.jpg,8,8,8,8,1,0.99927086,0.00067120953,8.9705225e-08,4.3425853e-13,1.8410836e-08,8.3226335e-13,5.648147e-05,3.8623762e-07,9.2428445e-07,0.99927086
/home/leo/Documentos/mestrado/DeepWeeds-Mobile/images/20171102-104906-1.jpg,2,2,2,2,1,0.84461933,0.0073397686,5.8000194e-05,0.84461933,0.025478043,0.024007307,4.1811186e-06,7.336458e-05,0.0004025065,0.09801741
/home/leo/Documentos/mestrado/DeepWeeds-Mobile/images/20180105-091805-2.jpg,8,8,8,8,1,0.999546,1.3656382e-05,6.263785e-05,5.0089915e-11,5.0954404e-06,5.504668e-08,0.00017326232,0.00013768366,6.170563e-05,0.999546
/home/leo/Documentos/mestrado/DeepWeeds-Mobile/images/20170210-145007-0.jpg,7,7,7,7,1,0.9945104,0.0049711787,1.2395313e-07,5.6278628e-11,4.6732434e-14,6.631968e-10,3.3704797e-08,4.7318198e-11,0.9945104,0.00051825034
/home/leo/Documentos/mestrado/DeepWeeds-Mobile/images/20180112-073011-1.jpg,8,7,8,7,0,0.65445584,0.027061135,0.00040985236,5.447165e-07,1.4842607e-05,3.9724968e-05,9.805575e-06,7.870057e-08,0.65445584,0.31800818
/home/leo/Documentos/mestrado/DeepWeeds-Mobile/images/20170630-151031-0.jpg,7,0,7,0,0,0.9359397,0.9359397,0.00010403877,4.131101e-07,1.538611e-10,4.5248225e-08,0.0005220272,0.005140626,0.058207918,8.527779e-05
/home/leo/Documentos/mestrado/DeepWeeds-Mobile/images/20171220-100413-2.jpg,8,8,8,8,1,0.99964666,0.00033184554,4.609106e-07,1.8778284e-13,2.2374603e-07,2.5170886e-11,7.635988e-06,8.287454e-09,1.3100759e-05,0.99964666
/home/leo/Documentos/mestrado/DeepWeeds-Mobile/images/20170714-150055-1.jpg,1,1,1,1,1,0.99999213,3.8757516e-06,0.99999213,2.6553424e-15,1.1283755e-11,1.0234535e-13,8.028278e-10,2.6282987e-06,1.2565349e-06,1.01295214e-07
/home/leo/Documentos/mestrado/DeepWeeds-Mobile/images/20180105-092717-2.jpg,8,8,8,8,1,0.9171696,0.011146491,0.0010514583,8.6057526e-07,4.2425563e-05,5.2330756e-07,0.0045220633,0.06126372,0.0048028072,0.9171696
/home/leo/Documentos/mestrado/DeepWeeds-Mobile/images/20170803-131528-1.jpg,0,1,0,1,0,0.5767788,0.28573188,0.5767788,6.190222e-09,5.6992973e-05,1.1088623e-06,0.00023980603,0.0004902718,0.026670763,0.110030256
/home/leo/Documentos/mestrado/DeepWeeds-Mobile/images/20170729-085707-2.jpg,4,4,4,4,1,0.99667764,7.648466e-06,1.4159915e-06,4.241876e-06,0.00030576732,0.99667764,9.887486e-11,1.2041851e-11,4.4397602e-05,0.0029589117
/home/leo/Documentos/mestrado/DeepWeeds-Mobile/images/20170811-130122-1.jpg,0,0,0,0,1,0.7861606,0.7861606,5.290843e-05,5.6074987e-07,2.9553868e-05,0.00017658931,9.693442e-06,5.654125e-13,0.17138882,0.042181313
/home/leo/Documentos/mestrado/DeepWeeds-Mobile/images/20171109-073310-1.jpg,5,5,5,5,1,0.9998779,1.3020334e-08,3.4314482e-08,4.677289e-19,5.117357e-13,2.5646475e-17,0.9998779,4.0467135e-08,4.2843284e-11,0.00012205803
/home/leo/Documentos/mestrado/DeepWeeds-Mobile/images/20170714-120336-3.jpg,1,1,1,1,1,0.9977876,8.871443e-05,0.9977876,3.8945985e-14,1.8481366e-10,1.0118684e-11,2.2132856e-09,0.0019667803,0.00015127301,5.5587557e-06
/home/leo/Documentos/mestrado/DeepWeeds-Mobile/images/20170217-104234-0.jpg,0,0,0,0,1,0.9792244,0.9792244,1.0451535e-05,2.300445e-12,3.0501326e-10,1.7118173e-11,2.6356445e-05,3.121028e-11,0.019769749,0.0009689453
/home/leo/Documentos/mestrado/DeepWeeds-Mobile/images/20170129-102700-0.jpg,8,8,8,8,1,0.99926966,0.00021104119,0.00036194755,7.86213e-11,1.4716254e-06,1.8254712e-09,1.4765774e-05,5.8045325e-06,0.00013526293,0.99926966
/home/leo/Documentos/mestrado/DeepWeeds-Mobile/images/20180105-101032-3.jpg,8,8,8,8,1,0.9993199,9.890929e-09,1.0783197e-07,0.00065828866,1.445611e-07,1.2719666e-05,5.6253453e-11,8.678072e-06,5.3392004e-08,0.9993199
/home/leo/Documentos/mestrado/DeepWeeds-Mobile/images/20171219-114123-2.jpg,8,8,8,8,1,0.84749776,0.0020154433,0.00016508486,0.14263798,0.0015348864,0.0017171963,8.982122e-06,0.0039597154,0.00046297073,0.84749776
/home/leo/Documentos/mestrado/DeepWeeds-Mobile/images/20170707-114040-0.jpg,0,8,0,8,0,0.62084085,0.30640703,0.0003596955,3.2266256e-05,0.005766294,0.00021817446,8.150928e-05,0.00058899325,0.065705255,0.62084085
/home/leo/Documentos/mestrado/DeepWeeds-Mobile/images/20170207-154442-0.jpg,0,0,0,0,1,0.92730564,0.92730564,0.039144937,1.6582796e-08,7.2713236e-05,2.0991637e-07,0.0031360816,1.2763122e-05,0.026456622,0.0038709857
/home/leo/Documentos/mestrado/DeepWeeds-Mobile/images/20180109-103257-2.jpg,8,8,8,8,1,0.7270695,0.009501326,5.314972e-05,0.25155622,0.010627416,5.7140707e-05,0.00028891175,0.00022669374,0.0006196414,0.7270695
/home/leo/Documentos/mestrado/DeepWeeds-Mobile/images/20180109-074141-2.jpg,8,8,8,8,1,0.99924296,0.00073374703,1.8332876e-05,1.2441919e-12,1.3161618e-10,2.022276e-11,4.5240438e-07,6.2437397e-07,3.845488e-06,0.99924296
/home/leo/Documentos/mestrado/DeepWeeds-Mobile/images/20171218-105238-3.jpg,8,8,8,8,1,0.99106276,0.005585187,6.700846e-07,7.920034e-15,9.556725e-10,2.6277938e-12,0.0020233677,4.879162e-10,0.0013280691,0.99106276
/home/leo/Documentos/mestrado/DeepWeeds-Mobile/images/20170920-155944-3.jpg,2,2,2,2,1,0.81318617,0.00044797338,9.518898e-06,0.81318617,0.0014959577,0.057579197,1.2907021e-06,2.9057988e-05,5.4824508e-05,0.12719601
/home/leo/Documentos/mestrado/DeepWeeds-Mobile/images/20171205-143421-2.jpg,8,8,8,8,1,0.9141203,2.3636636e-05,7.0424676e-08,3.0054073e-12,2.1788974e-08,1.8027166e-09,0.08585576,1.8405404e-07,1.1009602e-08,0.9141203
/home/leo/Documentos/mestrado/DeepWeeds-Mobile/images/20171109-085336-3.jpg,5,5,5,5,1,0.75659776,0.00011284803,3.465919e-05,3.247689e-15,4.012213e-07,1.611496e-11,0.75659776,2.299777e-05,1.4524824e-06,0.24322988
/home/leo/Documentos/mestrado/DeepWeeds-Mobile/images/20171025-095009-1.jpg,3,3,3,3,1,0.9770349,9.191325e-06,2.8809154e-07,6.4959596e-07,0.9770349,1.2463015e-05,3.8707937e-10,0.00017007467,1.5436889e-06,0.022770977
/home/leo/Documentos/mestrado/DeepWeeds-Mobile/images/20180322-130923-1.jpg,8,8,8,8,1,0.99857736,0.0012029787,9.587548e-05,1.1256444e-08,2.9618711e-06,1.4016076e-06,6.8294765e-05,2.6037746e-05,2.5030276e-05,0.99857736
/home/leo/Documentos/mestrado/DeepWeeds-Mobile/images/20180105-095534-3.jpg,8,8,8,8,1,0.99386424,9.756383e-08,1.3207241e-06,1.18737496e-07,2.0609194e-08,4.709443e-09,9.6993475e-08,0.006133747,3.8362907e-07,0.99386424
/home/leo/Documentos/mestrado/DeepWeeds-Mobile/images/20180322-113356-2.jpg,8,8,8,8,1,0.99185294,0.0009010143,0.0002677456,2.3249287e-07,0.0066629937,0.00018089297,2.5300349e-06,2.915245e-08,0.00013173466,0.99185294
/home/leo/Documentos/mestrado/DeepWeeds-Mobile/images/20171212-101621-3.jpg,8,8,8,8,1,0.75466514,0.18533017,0.016389996,3.7376033e-08,0.015290256,1.4780309e-05,5.7730085e-06,0.000125863,0.028178047,0.75466514
/home/leo/Documentos/mestrado/DeepWeeds-Mobile/images/20171025-083335-3.jpg,3,8,3,8,0,0.73060095,0.0017476408,2.796289e-06,0.0019249421,0.26522905,0.00023109275,1.6512962e-08,1.6942558e-07,0.00026333833,0.73060095
/home/leo/Documentos/mestrado/DeepWeeds-Mobile/images/20171113-131134-1.jpg,6,6,6,6,1,0.99848,7.3939106e-08,0.00089750485,8.604048e-10,1.7356356e-07,2.8266636e-09,2.1865019e-09,0.99848,1.5842987e-06,0.00062064966
/home/leo/Documentos/mestrado/DeepWeeds-Mobile/images/20170811-113519-1.jpg,0,0,0,0,1,0.9702784,0.9702784,0.004070829,1.2474728e-06,1.1992681e-07,4.045576e-06,0.0024449774,2.6121384e-07,0.018351825,0.004848309
/home/leo/Documentos/mestrado/DeepWeeds-Mobile/images/20180322-114650-1.jpg,8,8,8,8,1,0.99847513,0.00019910255,2.490812e-06,3.487507e-06,0.0012975171,2.667121e-06,1.2939989e-05,1.0042879e-06,5.6409453e-06,0.99847513
/home/leo/Documentos/mestrado/DeepWeeds-Mobile/images/20180105-095735-2.jpg,8,8,8,8,1,0.9987432,8.1167535e-08,2.3132504e-06,1.1236485e-06,1.7959534e-08,1.245657e-07,6.334203e-07,0.0012498084,2.673272e-06,0.9987432
/home/leo/Documentos/mestrado/DeepWeeds-Mobile/images/20180112-101425-1.jpg,8,8,8,8,1,0.63949466,0.26695496,0.0029779847,2.0889349e-05,0.0077745887,5.3853822e-05,3.5440742e-05,0.005992181,0.07669552,0.63949466
/home/leo/Documentos/mestrado/DeepWeeds-Mobile/images/20171220-084732-3.jpg,8,8,8,8,1,0.79394346,0.14336455,0.023934625,1.6005542e-05,0.00618711,0.00069638423,0.0033111132,6.2263745e-05,0.028484467,0.79394346
/home/leo/Documentos/mestrado/DeepWeeds-Mobile/images/20170913-095836-2.jpg,3,3,3,3,1,0.8631627,1.4181774e-08,7.881014e-08,3.939525e-06,0.8631627,0.080844864,3.8339203e-06,5.941397e-11,4.2450683e-09,0.055984523
/home/leo/Documentos/mestrado/DeepWeeds-Mobile/images/20180109-090737-2.jpg,8,8,8,8,1,0.9659298,0.0012326607,1.1734988e-05,9.541001e-07,0.013232847,1.2927551e-06,0.019498575,2.4981823e-08,9.209145e-05,0.9659298
/home/leo/Documentos/mestrado/DeepWeeds-Mobile/images/20171113-150735-3.jpg,6,6,6,6,1,0.57810616,6.417844e-05,0.0019850929,1.0923327e-06,1.5569638e-05,4.874324e-07,0.00029653969,0.57810616,2.5993324e-05,0.41950482
/home/leo/Documentos/mestrado/DeepWeeds-Mobile/images/20180119-115044-1.jpg,8,8,8,8,1,0.62842196,0.31145576,0.008642863,0.00029417526,0.03886449,0.00015728816,0.002065273,0.0008493702,0.009248831,0.62842196
/home/leo/Documentos/mestrado/DeepWeeds-Mobile/images/20171113-132425-1.jpg,6,6,6,6,1,0.99864346,8.4439525e-05,0.0002482869,3.6417036e-13,5.8973137e-07,2.9455913e-11,3.8000376e-08,0.99864346,4.471042e-05,0.0009785161
/home/leo/Documentos/mestrado/DeepWeeds-Mobile/images/20170727-130417-1.jpg,4,4,4,4,1,0.97120416,2.5770743e-05,1.5034686e-06,0.011327627,0.0004295083,0.97120416,1.4159865e-07,1.9307422e-06,3.3433296e-06,0.01700595
/home/leo/Documentos/mestrado/DeepWeeds-Mobile/images/20170811-110642-2.jpg,0,0,0,0,1,0.9729082,0.9729082,0.009022625,9.8649885e-08,2.0530737e-07,2.247476e-06,0.00025111632,0.00010217842,0.007694275,0.010019194
/home/leo/Documentos/mestrado/DeepWeeds-Mobile/images/20171102-094731-1.jpg,4,4,4,4,1,0.7605974,0.00017478205,0.0011476006,0.00075058744,0.19912635,0.7605974,8.1732296e-08,6.5839367e-06,0.00025129545,0.037945397
/home/leo/Documentos/mestrado/DeepWeeds-Mobile/images/20171203-164956-3.jpg,8,8,8,8,1,0.9860783,0.0054668095,0.0004902456,1.1364224e-08,0.005175646,2.407228e-09,0.0026745414,3.7900916e-06,0.00011068541,0.9860783
/home/leo/Documentos/mestrado/DeepWeeds-Mobile/images/20171113-145415-3.jpg,6,6,6,6,1,0.9851792,1.6413605e-07,0.00043196307,2.1750787e-10,5.9270118e-09,1.08028246e-10,1.9715253e-05,0.9851792,1.7311565e-06,0.01436722
/home/leo/Documentos/mestrado/DeepWeeds-Mobile/images/20170811-114958-2.jpg,0,0,0,0,1,0.7924086,0.7924086,1.5749835e-06,1.6376298e-06,1.86451e-08,1.0589121e-07,0.0001988941,9.352226e-07,0.023758782,0.18362945
/home/leo/Documentos/mestrado/DeepWeeds-Mobile/images/20180125-102010-2.jpg,8,8,8,8,1,0.9990646,8.14348e-09,3.2637132e-08,1.0505587e-05,0.0008144766,4.1426207e-05,6.860958e-05,2.833905e-07,4.69505e-09,0.9990646
/home/leo/Documentos/mestrado/DeepWeeds-Mobile/images/20171219-110233-3.jpg,8,8,8,8,1,0.9816513,0.0034639,0.0062805545,2.6980492e-06,0.0009993343,4.936457e-05,2.3939678e-05,9.927003e-08,0.007528842,0.9816513
/home/leo/Documentos/mestrado/DeepWeeds-Mobile/images/20180109-074203-1.jpg,8,8,8,8,1,0.99368674,3.4374116e-05,2.0211287e-06,0.0037454935,2.4357285e-05,0.0024077245,2.8427328e-05,8.3158075e-06,6.262108e-05,0.99368674
/home/leo/Documentos/mestrado/DeepWeeds-Mobile/images/20170714-141527-3.jpg,1,1,1,1,1,0.9639038,0.0005888888,0.9639038,5.8203996e-06,0.0020527185,0.00031116884,0.00035609212,0.0015758318,0.0028568457,0.028348766
/home/leo/Documentos/mestrado/DeepWeeds-Mobile/images/20170913-100850-1.jpg,3,3,3,3,1,0.8821339,0.0034223895,2.0032077e-05,4.3535747e-06,0.8821339,0.00073667587,0.04197931,2.9831568e-11,4.2512115e-06,0.07169916
/home/leo/Documentos/mestrado/DeepWeeds-Mobile/images/20180109-100358-2.jpg,8,8,8,8,1,0.7689912,0.00056402606,5.691701e-06,0.021287004,0.20548666,0.0036197258,5.29892e-07,2.0942405e-05,2.4239831e-05,0.7689912
/home/leo/Documentos/mestrado/DeepWeeds-Mobile/images/20170811-122637-2.jpg,0,0,0,0,1,0.82007134,0.82007134,0.00013048433,4.3999335e-06,7.515105e-05,0.00093249255,0.0075689997,1.4558776e-11,0.10806427,0.06315289
/home/leo/Documentos/mestrado/DeepWeeds-Mobile/images/20170501-143529-0.jpg,1,1,1,1,1,0.47325993,0.016704714,0.47325993,2.5543483e-07,0.0010384131,3.730073e-05,0.009963307,0.000591848,0.07366958,0.42473468
/home/leo/Documentos/mestrado/DeepWeeds-Mobile/images/20170727-171958-1.jpg,4,4,4,4,1,0.9837954,0.013355051,2.8100092e-06,1.8358326e-06,0.0002691901,0.9837954,1.1866563e-08,2.4305743e-11,0.0004900428,0.002085592
/home/leo/Documentos/mestrado/DeepWeeds-Mobile/images/20171025-075340-2.jpg,3,8,3,8,0,0.5202776,0.074311204,0.00025856707,3.7529096e-10,0.24507552,1.2010325e-06,3.1385218e-06,3.0779537e-09,0.16007279,0.5202776
/home/leo/Documentos/mestrado/DeepWeeds-Mobile/images/20170727-125856-1.jpg,4,4,4,4,1,0.94944537,7.7010525e-05,2.2957881e-06,0.034764636,0.00038123145,0.94944537,1.1815473e-06,6.369023e-07,3.465717e-06,0.015324111
/home/leo/Documentos/mestrado/DeepWeeds-Mobile/images/20170729-154133-3.jpg,4,4,4,4,1,0.9974516,1.6925031e-07,4.1129276e-08,1.1249819e-09,0.00076797453,0.9974516,0.00056633126,4.8289398e-12,7.8902524e-08,0.001213782
/home/leo/Documentos/mestrado/DeepWeeds-Mobile/images/20180105-100126-2.jpg,8,8,8,8,1,0.9999999,9.54659e-14,1.6100074e-10,9.385154e-09,1.7095417e-13,2.5920347e-13,2.4204177e-14,1.0671191e-07,1.7414509e-10,0.9999999
/home/leo/Documentos/mestrado/DeepWeeds-Mobile/images/20170704-153703-0.jpg,0,8,0,8,0,0.7188278,0.07044465,0.0063168765,0.00010427987,0.017290782,0.0020935694,0.0014384495,0.010178809,0.1733048,0.7188278
/home/leo/Documentos/mestrado/DeepWeeds-Mobile/images/20180322-112424-2.jpg,8,8,8,8,1,0.9999999,3.6535477e-10,1.6329613e-10,6.9319485e-13,1.3358727e-08,1.13230705e-07,1.9220199e-09,7.656309e-15,9.54656e-09,0.9999999
/home/leo/Documentos/mestrado/DeepWeeds-Mobile/images/20171102-105848-2.jpg,2,2,2,2,1,0.8973857,1.9114479e-05,5.0712756e-06,0.8973857,7.876483e-05,0.00016604517,7.72143e-08,0.00043396535,3.0686413e-06,0.10190822
/home/leo/Documentos/mestrado/DeepWeeds-Mobile/images/20171217-184732-2.jpg,8,5,8,5,0,0.6128419,0.012875263,0.0013470066,1.35370755e-08,7.6099377e-07,9.000398e-08,0.6128419,2.0655254e-05,0.00023702289,0.3726773
/home/leo/Documentos/mestrado/DeepWeeds-Mobile/images/20180105-095713-2.jpg,8,8,8,8,1,0.9999584,3.1490623e-11,9.722402e-09,8.7349745e-09,7.957446e-12,2.0091695e-12,2.185102e-11,4.1612173e-05,1.153679e-08,0.9999584
/home/leo/Documentos/mestrado/DeepWeeds-Mobile/images/20170727-111748-3.jpg,4,4,4,4,1,0.99885654,1.7117696e-07,2.0654428e-10,0.000514957,1.1336399e-05,0.99885654,1.12082574e-07,4.5053792e-08,2.6557778e-09,0.0006168945
/home/leo/Documentos/mestrado/DeepWeeds-Mobile/images/20180125-092316-1.jpg,8,8,8,8,1,0.9938769,0.0003675232,0.0014652906,1.2921822e-05,0.00032431274,5.9856807e-06,0.0008605562,0.002994168,9.232323e-05,0.9938769
/home/leo/Documentos/mestrado/DeepWeeds-Mobile/images/20180322-113636-2.jpg,8,8,8,8,1,0.9999466,1.4450181e-06,1.6198398e-06,8.615728e-11,4.6152094e-05,4.112299e-06,4.8410724e-09,5.209514e-10,1.5878616e-07,0.9999466
/home/leo/Documentos/mestrado/DeepWeeds-Mobile/images/20180109-104207-2.jpg,8,8,8,8,1,0.78445846,0.0030212244,1.7062315e-06,0.2037066,0.004754871,0.003908793,4.247687e-08,1.5905458e-07,0.0001481231,0.78445846
/home/leo/Documentos/mestrado/DeepWeeds-Mobile/images/20171220-095519-2.jpg,8,8,8,8,1,0.99988997,1.5262698e-05,5.8350866e-09,5.7241517e-15,1.85074e-08,3.1523156e-10,5.6513123e-05,1.9960137e-06,3.614133e-05,0.99988997
/home/leo/Documentos/mestrado/DeepWeeds-Mobile/images/20180112-073335-1.jpg,8,8,8,8,1,0.8665085,0.02897688,0.016665544,0.001029878,0.0013009104,0.0017789808,4.6578636e-05,0.0011867022,0.082506016,0.8665085
/home/leo/Documentos/mestrado/DeepWeeds-Mobile/images/20170913-122837-3.jpg,3,8,3,8,0,0.5168475,0.15457013,0.05238199,3.2727253e-06,0.008663254,0.0010908336,2.877312e-05,1.5853485e-07,0.266414,0.5168475
/home/leo/Documentos/mestrado/DeepWeeds-Mobile/images/20180109-095652-1.jpg,8,8,8,8,1,0.9991985,0.00021472765,7.809383e-07,6.120015e-06,0.0005471791,1.5883141e-06,7.846437e-06,1.3376318e-07,2.3061895e-05,0.9991985
/home/leo/Documentos/mestrado/DeepWeeds-Mobile/images/20170727-170549-1.jpg,4,4,4,4,1,0.9668268,0.0017080616,8.1310995e-05,0.0049736113,0.0168901,0.9668268,1.1064829e-07,5.2459708e-08,0.002495044,0.0070248847
/home/leo/Documentos/mestrado/DeepWeeds-Mobile/images/20170727-150211-3.jpg,4,4,4,4,1,0.99913263,9.135384e-06,2.2015487e-07,3.293707e-06,0.00019922512,0.99913263,6.344754e-10,4.17276e-11,3.117505e-05,0.0006242397
/home/leo/Documentos/mestrado/DeepWeeds-Mobile/images/20171220-083237-2.jpg,8,8,8,8,1,0.98947585,0.00024651276,1.1189684e-05,1.3778917e-08,0.010000107,3.4957415e-05,6.4998176e-07,7.674486e-07,0.00022990075,0.98947585
/home/leo/Documentos/mestrado/DeepWeeds-Mobile/images/20171113-132706-3.jpg,6,6,6,6,1,0.9982142,0.00028880095,0.0001654203,2.1997704e-07,3.1706614e-07,4.91591e-07,0.000115680945,0.9982142,0.00031902542,0.0008957457
/home/leo/Documentos/mestrado/DeepWeeds-Mobile/images/20180112-083452-1.jpg,8,8,8,8,1,0.5197479,0.01141109,1.1163796e-06,0.0420519,0.42652425,0.00011072304,2.5305049e-08,9.428328e-08,0.00015302368,0.5197479
/home/leo/Documentos/mestrado/DeepWeeds-Mobile/images/20180119-105336-1.jpg,8,8,8,8,1,0.91540885,0.00013619,0.06688813,4.169534e-09,0.0006630624,4.4734625e-07,0.016231906,0.00038561193,0.0002858235,0.91540885
/home/leo/Documentos/mestrado/DeepWeeds-Mobile/images/20170727-171924-3.jpg,4,4,4,4,1,0.9919023,1.5521466e-05,2.591837e-06,0.00010011672,0.0010758,0.9919023,7.43043e-10,5.8039806e-10,0.0014145711,0.0054890686
/home/leo/Documentos/mestrado/DeepWeeds-Mobile/images/20170210-145749-0.jpg,0,0,0,0,1,0.6061781,0.6061781,0.0056988923,4.5250403e-08,4.889104e-05,3.9299685e-08,0.0001520797,2.139556e-06,0.25010478,0.13781512
/home/leo/Documentos/mestrado/DeepWeeds-Mobile/images/20180119-113707-1.jpg,8,8,8,8,1,0.9666892,0.0037896023,0.02022593,2.3862694e-09,0.000923127,1.6388013e-08,0.00017358984,0.0065606907,0.0016377633,0.9666892
/home/leo/Documentos/mestrado/DeepWeeds-Mobile/images/20171220-101129-1.jpg,8,8,8,8,1,0.99999166,6.3021384e-06,7.748831e-11,1.3076605e-18,7.361492e-08,6.2932926e-15,2.0018445e-06,3.0195508e-14,4.1210093e-09,0.99999166
/home/leo/Documentos/mestrado/DeepWeeds-Mobile/images/20171205-144519-2.jpg,8,8,8,8,1,0.9973369,4.3401134e-05,0.0015836908,3.0920524e-12,0.00012511457,2.5503648e-09,0.00086331036,6.6178245e-07,4.688505e-05,0.9973369
/home/leo/Documentos/mestrado/DeepWeeds-Mobile/images/20170811-110742-1.jpg,0,0,0,0,1,0.9999896,0.9999896,4.2923887e-08,1.2239979e-12,5.378274e-13,2.3165879e-10,2.6279499e-09,4.4443094e-14,9.540688e-06,7.9510164e-07
/home/leo/Documentos/mestrado/DeepWeeds-Mobile/images/20170811-112931-2.jpg,0,0,0,0,1,0.9820571,0.9820571,0.0020674767,4.798558e-07,2.0867733e-06,1.786068e-06,7.170029e-05,5.6574944e-08,0.005278701,0.010520607
/home/leo/Documentos/mestrado/DeepWeeds-Mobile/images/20170718-131745-2.jpg,7,7,7,7,1,0.87309885,0.11851692,0.00060225837,1.08426335e-07,0.0008535712,6.1154124e-06,8.9370056e-05,3.000437e-08,0.87309885,0.006832729
/home/leo/Documentos/mestrado/DeepWeeds-Mobile/images/20171212-093940-3.jpg,8,8,8,8,1,0.9962907,0.0030493804,0.00023180028,9.478132e-06,0.0002544775,3.1335817e-06,4.77865e-05,9.5627656e-05,1.7754828e-05,0.9962907
/home/leo/Documentos/mestrado/DeepWeeds-Mobile/images/20171025-090526-1.jpg,3,7,3,7,0,0.48402885,0.039011043,0.0015027139,5.1261744e-05,0.4157096,0.0012125348,2.4217336e-05,2.5227173e-06,0.48402885,0.05845728
/home/leo/Documentos/mestrado/DeepWeeds-Mobile/images/20180109-074135-1.jpg,8,8,8,8,1,0.9999881,4.1578017e-09,4.4219178e-08,1.3749992e-06,5.777509e-11,4.846033e-12,2.0823715e-10,1.0216475e-05,2.595507e-07,0.9999881
/home/leo/Documentos/mestrado/DeepWeeds-Mobile/images/20170630-155212-0.jpg,7,7,7,7,1,0.66309977,0.03856879,0.20828888,1.128695e-09,6.591556e-08,7.882516e-08,6.753114e-05,0.000246748,0.66309977,0.08972818
/home/leo/Documentos/mestrado/DeepWeeds-Mobile/images/20171212-094924-3.jpg,8,8,8,8,1,0.9997846,0.00013386877,7.736001e-06,1.768978e-08,5.3805274e-05,1.610728e-08,9.238715e-06,3.8053233e-06,6.973236e-06,0.9997846
/home/leo/Documentos/mestrado/DeepWeeds-Mobile/images/20180112-082237-1.jpg,8,3,8,3,0,0.8334565,0.0010102579,7.572935e-08,6.0583716e-06,0.8334565,2.2337688e-05,9.1592366e-11,4.7701194e-11,4.8485992e-05,0.16545625
/home/leo/Documentos/mestrado/DeepWeeds-Mobile/images/20180112-073544-1.jpg,8,2,8,2,0,0.595778,0.0006829849,0.001508732,0.595778,0.00048456664,0.0016285091,7.484932e-07,0.0076988963,1.5091032e-05,0.3922025
/home/leo/Documentos/mestrado/DeepWeeds-Mobile/images/20171109-092912-1.jpg,5,5,5,5,1,0.9640869,5.6303666e-06,1.0833421e-06,6.573153e-14,1.4135643e-08,1.0079991e-10,0.9640869,7.629357e-10,2.1098797e-08,0.035906427
/home/leo/Documentos/mestrado/DeepWeeds-Mobile/images/20170217-113546-0.jpg,0,0,0,0,1,0.9999261,0.9999261,4.3198378e-10,2.5043728e-14,2.5228769e-12,9.0481076e-14,3.6382933e-06,7.860667e-18,6.463837e-05,5.5460055e-06
/home/leo/Documentos/mestrado/DeepWeeds-Mobile/images/20170715-164251-1.jpg,1,1,1,1,1,0.99792385,6.0857196e-06,0.99792385,1.40957385e-11,1.4514532e-07,4.3842e-11,9.664136e-08,0.0015014522,9.338652e-06,0.0005589206
/home/leo/Documentos/mestrado/DeepWeeds-Mobile/images/20180125-100138-2.jpg,8,8,8,8,1,0.99986756,2.913437e-07,8.294248e-10,3.5121125e-10,0.00010069044,8.218012e-07,3.0674604e-05,4.662832e-10,1.2849127e-09,0.99986756
/home/leo/Documentos/mestrado/DeepWeeds-Mobile/images/20180322-103138-1.jpg,8,4,8,4,0,0.857624,1.10964294e-07,2.3871336e-09,0.0005305519,6.5615734e-07,0.857624,3.683574e-09,3.3999386e-06,7.512904e-08,0.14184122
/home/leo/Documentos/mestrado/DeepWeeds-Mobile/images/20171212-102000-3.jpg,8,8,8,8,1,0.98742336,0.0012848144,0.01084675,4.951004e-09,3.406381e-06,6.7776506e-07,4.1489725e-06,3.2707057e-08,0.00043674276,0.98742336
/home/leo/Documentos/mestrado/DeepWeeds-Mobile/images/20171219-114909-2.jpg,8,8,8,8,1,0.9870993,0.0011222156,0.00043291185,0.0072488342,0.0014211036,0.00055094314,1.2109513e-05,0.0018183752,0.00029417672,0.9870993
/home/leo/Documentos/mestrado/DeepWeeds-Mobile/images/20180109-105722-1.jpg,8,8,8,8,1,0.99998796,1.2928456e-06,1.4106801e-07,5.845774e-09,2.7511455e-06,6.603193e-08,2.6021378e-06,1.12970975e-08,5.081462e-06,0.99998796
/home/leo/Documentos/mestrado/DeepWeeds-Mobile/images/20170405-155159-0.jpg,0,0,0,0,1,0.563152,0.563152,5.0576787e-09,7.750811e-12,1.4252831e-10,3.539194e-14,1.2027015e-05,4.412162e-12,0.3706989,0.06613708
/home/leo/Documentos/mestrado/DeepWeeds-Mobile/images/20180112-071912-2.jpg,8,8,8,8,1,0.8334353,0.051613264,0.002336052,0.025263611,0.0037269695,0.053980988,3.6150193e-06,1.1833088e-05,0.029628266,0.8334353
/home/leo/Documentos/mestrado/DeepWeeds-Mobile/images/20180119-110216-1.jpg,8,8,8,8,1,0.9892379,0.0008328574,0.0061754384,0.00012042657,0.0015829268,0.0012258497,1.7595271e-06,0.00056891533,0.00025384716,0.9892379
/home/leo/Documentos/mestrado/DeepWeeds-Mobile/images/20170210-132217-0.jpg,7,1,7,1,0,0.612467,0.028671619,0.612467,3.3922917e-10,7.790215e-08,4.5016318e-10,4.4990095e-08,0.00013495961,0.35140747,0.0073188073
/home/leo/Documentos/mestrado/DeepWeeds-Mobile/images/20180109-095038-2.jpg,8,8,8,8,1,0.9964604,0.0017429265,1.1860243e-05,0.00016167914,0.0012640905,0.00024757738,2.83017e-05,4.045447e-08,8.316159e-05,0.9964604
/home/leo/Documentos/mestrado/DeepWeeds-Mobile/images/20171212-093654-1.jpg,8,8,8,8,1,0.9999397,3.3498522e-06,4.2054583e-07,3.728457e-16,5.3180895e-05,1.0620029e-11,3.6992896e-07,1.12651916e-10,3.016229e-06,0.9999397
/home/leo/Documentos/mestrado/DeepWeeds-Mobile/images/20170711-121335-0.jpg,0,0,0,0,1,0.93254894,0.93254894,7.539122e-05,1.5676195e-06,8.054893e-06,2.4942176e-07,0.000726918,9.033837e-06,0.0017526412,0.064877294
/home/leo/Documentos/mestrado/DeepWeeds-Mobile/images/20171219-104900-2.jpg,8,8,8,8,1,0.982729,0.0004478618,5.3767585e-06,1.4033403e-08,0.016767789,4.475388e-06,1.9489447e-05,2.4737283e-09,2.60679e-05,0.982729
/home/leo/Documentos/mestrado/DeepWeeds-Mobile/images/20170727-145939-3.jpg,4,4,4,4,1,0.80964315,0.0043672035,6.5413624e-05,0.009350324,0.13076465,0.80964315,1.4352799e-05,2.8950583e-06,0.0001436109,0.04564843
/home/leo/Documentos/mestrado/DeepWeeds-Mobile/images/20171113-134654-1.jpg,6,6,6,6,1,0.9906505,1.1251808e-06,0.0059489976,9.179074e-12,1.36983745e-05,1.2147104e-08,4.4400404e-06,0.9906505,8.135725e-06,0.0033731505
/home/leo/Documentos/mestrado/DeepWeeds-Mobile/images/20180109-091736-2.jpg,8,8,8,8,1,0.99997663,7.5645225e-06,2.2377913e-07,1.5329643e-08,1.5616626e-05,2.388463e-09,7.35321e-09,2.8766394e-08,2.502621e-08,0.99997663
/home/leo/Documentos/mestrado/DeepWeeds-Mobile/images/20180112-083655-1.jpg,8,8,8,8,1,0.9963517,0.0010412618,1.23614645e-05,0.0001475716,0.001602152,5.7409914e-05,2.9546182e-08,3.102513e-07,0.00078713946,0.9963517
/home/leo/Documentos/mestrado/DeepWeeds-Mobile/images/20170913-105239-1.jpg,3,3,3,3,1,0.9994056,1.5416042e-08,1.9629873e-08,4.8278864e-10,0.9994056,7.558449e-05,3.9539333e-07,9.8704566e-14,1.3442199e-10,0.0005184032
/home/leo/Documentos/mestrado/DeepWeeds-Mobile/images/20180112-081137-2.jpg,8,8,8,8,1,0.925654,0.015326395,0.00025904563,0.002227601,0.016427439,0.03768596,2.3740564e-07,1.187839e-06,0.0024181071,0.925654
/home/leo/Documentos/mestrado/DeepWeeds-Mobile/images/20170913-102751-2.jpg,3,3,3,3,1,0.99983525,1.6387052e-09,1.9420088e-10,1.9656166e-10,0.99983525,5.3297594e-05,7.70491e-06,5.9193725e-14,1.4382616e-11,0.00010371586
/home/leo/Documentos/mestrado/DeepWeeds-Mobile/images/20171109-071411-1.jpg,5,8,5,8,0,0.5145107,0.001757991,0.0006066682,9.8408254e-11,4.1639964e-07,1.2957481e-09,0.48065042,0.0021235389,0.00035030622,0.5145107
/home/leo/Documentos/mestrado/DeepWeeds-Mobile/images/20180109-092557-2.jpg,8,8,8,8,1,0.9999728,1.4284951e-05,3.059567e-09,2.3089955e-11,1.5249345e-10,4.1034034e-12,8.709171e-06,4.220906e-11,4.191993e-06,0.9999728
/home/leo/Documentos/mestrado/DeepWeeds-Mobile/images/20180112-072511-1.jpg,8,8,8,8,1,0.7528072,0.13944311,0.016002318,0.006992398,0.031125072,0.026375813,3.8142585e-05,4.0884162e-05,0.027175052,0.7528072
/home/leo/Documentos/mestrado/DeepWeeds-Mobile/images/20180112-094544-2.jpg,8,8,8,8,1,0.96091896,0.008663906,0.004376607,1.0437411e-06,0.0072199902,2.8081495e-05,1.2886068e-05,0.007597214,0.011181356,0.96091896
/home/leo/Documentos/mestrado/DeepWeeds-Mobile/images/20171113-095542-3.jpg,5,5,5,5,1,0.99050575,0.00043881533,0.00021325274,1.7353757e-09,4.56156e-08,1.1934864e-08,0.99050575,0.00025028086,1.8263223e-06,0.008589969
/home/leo/Documentos/mestrado/DeepWeeds-Mobile/images/20180125-092128-2.jpg,8,8,8,8,1,0.9996414,6.7112414e-05,5.74554e-05,7.5415905e-08,2.6680082e-05,5.025467e-07,0.00018785328,7.180976e-08,1.8953519e-05,0.9996414
/home/leo/Documentos/mestrado/DeepWeeds-Mobile/images/20170906-091615-1.jpg,3,3,3,3,1,0.9796396,0.0005561451,0.00015387264,2.60523e-09,0.9796396,7.073235e-06,1.49010075e-08,1.2679518e-06,0.013729156,0.0059128604
/home/leo/Documentos/mestrado/DeepWeeds-Mobile/images/20180109-105705-2.jpg,8,8,8,8,1,0.9982862,0.00012146354,8.6023664e-07,0.00011998847,0.001449081,3.912572e-06,8.2706606e-07,1.3359919e-06,1.6355238e-05,0.9982862
/home/leo/Documentos/mestrado/DeepWeeds-Mobile/images/20170315-090024-0.jpg,8,8,8,8,1,0.60464287,0.33683273,0.031943124,8.445926e-06,0.00475141,0.0011905362,0.007883714,6.737814e-05,0.01267986,0.60464287
/home/leo/Documentos/mestrado/DeepWeeds-Mobile/images/20170521-153455-0.jpg,1,1,1,1,1,0.64997846,0.31304756,0.64997846,3.924681e-12,1.5702398e-10,2.0078674e-12,2.3936693e-07,4.7212176e-05,0.036906548,2.0035364e-05
/home/leo/Documentos/mestrado/DeepWeeds-Mobile/images/20180109-095111-1.jpg,8,8,8,8,1,0.9773146,0.0017403393,2.9652566e-07,2.4303652e-05,0.02043733,2.991111e-07,2.2256124e-06,7.34144e-07,0.00047979498,0.9773146
/home/leo/Documentos/mestrado/DeepWeeds-Mobile/images/20170727-113134-3.jpg,4,4,4,4,1,0.99881786,8.058262e-08,3.2096916e-09,0.00014110463,6.2712616e-07,0.99881786,0.0003385437,7.656009e-09,1.0218849e-06,0.0007008098
/home/leo/Documentos/mestrado/DeepWeeds-Mobile/images/20180109-075519-1.jpg,8,8,8,8,1,0.94708955,0.0025565256,0.0056022187,1.5852301e-07,0.0010885355,2.65469e-05,1.1486468e-06,0.000875272,0.042759992,0.94708955
/home/leo/Documentos/mestrado/DeepWeeds-Mobile/images/20171218-121510-3.jpg,8,8,8,8,1,0.9820302,0.003990272,9.953714e-06,1.2690086e-10,3.635511e-09,1.4273108e-09,0.013872414,7.214154e-05,2.5141322e-05,0.9820302
/home/leo/Documentos/mestrado/DeepWeeds-Mobile/images/20180109-071243-2.jpg,8,8,8,8,1,0.9604184,2.8129006e-07,1.4543272e-05,3.1667532e-06,1.9422168e-07,1.8729692e-08,0.00052879506,0.039033506,1.1947286e-06,0.9604184
/home/leo/Documentos/mestrado/DeepWeeds-Mobile/images/20170714-114326-2.jpg,1,1,1,1,1,0.99994636,2.2679953e-07,0.99994636,7.483288e-15,9.530003e-09,6.855728e-12,9.6910056e-11,8.2304797e-07,1.3636702e-07,5.24337e-05
/home/leo/Documentos/mestrado/DeepWeeds-Mobile/images/20180109-071108-2.jpg,8,8,8,8,1,0.99462205,3.1738435e-07,0.00019884919,2.3152154e-06,3.8688013e-06,5.1633798e-08,1.6595286e-05,0.005142091,1.3771943e-05,0.99462205
/home/leo/Documentos/mestrado/DeepWeeds-Mobile/images/20171113-133059-3.jpg,6,6,6,6,1,0.99838257,4.5329216e-07,3.765156e-07,1.0312179e-09,7.552211e-10,2.0035171e-09,7.3711256e-08,0.99838257,1.1098772e-06,0.0016154543
/home/leo/Documentos/mestrado/DeepWeeds-Mobile/images/20171102-120219-3.jpg,2,2,2,2,1,0.9999598,1.0063171e-05,1.3953931e-10,0.9999598,3.1031727e-06,1.5105925e-06,2.8211156e-07,1.4724541e-11,1.2531156e-07,2.5184372e-05
/home/leo/Documentos/mestrado/DeepWeeds-Mobile/images/20170920-162519-3.jpg,2,2,2,2,1,0.99246305,1.9144513e-06,7.1463216e-07,0.99246305,7.478041e-05,0.004419241,8.801463e-08,5.2957455e-07,8.619551e-07,0.0030388876
/home/leo/Documentos/mestrado/DeepWeeds-Mobile/images/20171113-131307-2.jpg,6,6,6,6,1,0.99910134,2.5622974e-05,0.00023651037,9.620864e-12,3.324262e-07,2.4955027e-09,3.3099018e-06,0.99910134,0.0001125168,0.000520335
/home/leo/Documentos/mestrado/DeepWeeds-Mobile/images/20170913-104038-2.jpg,3,3,3,3,1,0.9957813,2.169548e-06,6.5153136e-09,1.8202192e-06,0.9957813,2.900482e-05,0.00020459518,1.8396194e-12,2.9905727e-09,0.00398112
/home/leo/Documentos/mestrado/DeepWeeds-Mobile/images/20171025-075137-1.jpg,3,8,3,8,0,0.56176573,0.008086834,0.016751189,2.7650904e-05,0.4066341,0.00039242502,4.2170996e-05,1.5804279e-05,0.006284153,0.56176573
/home/leo/Documentos/mestrado/DeepWeeds-Mobile/images/20170304-124411-0.jpg,0,7,0,7,0,0.67959976,0.23938651,4.674298e-06,8.1338e-10,1.3802571e-07,2.1652973e-09,1.1595774e-05,1.1436531e-12,0.67959976,0.08099735
/home/leo/Documentos/mestrado/DeepWeeds-Mobile/images/20170913-103303-3.jpg,5,5,5,5,1,0.99667984,4.773068e-07,2.7689993e-09,4.4657092e-08,0.0023452865,0.0001117288,0.99667984,6.419132e-10,3.6121721e-09,0.0008626133
/home/leo/Documentos/mestrado/DeepWeeds-Mobile/images/20170727-162343-1.jpg,4,4,4,4,1,0.99718434,3.228938e-05,3.2081823e-07,0.00014093121,0.0015610388,0.99718434,1.8043304e-09,4.757108e-12,0.0001904689,0.0008905059
/home/leo/Documentos/mestrado/DeepWeeds-Mobile/images/20171220-082758-3.jpg,8,8,8,8,1,0.997712,0.0020363808,1.4231045e-07,3.298273e-16,2.0488085e-06,2.6699782e-09,1.8480584e-08,1.2899614e-11,0.00024936223,0.997712
/home/leo/Documentos/mestrado/DeepWeeds-Mobile/images/20180105-093204-3.jpg,8,8,8,8,1,0.8791355,1.9240558e-06,0.0014963143,1.2431579e-07,1.5045678e-06,2.4042913e-07,0.0003814866,0.11898191,1.0268776e-06,0.8791355
/home/leo/Documentos/mestrado/DeepWeeds-Mobile/images/20180125-095742-2.jpg,8,8,8,8,1,0.9999999,1.047017e-09,1.3219274e-15,1.2023356e-13,4.831068e-11,9.344305e-09,1.379537e-07,3.3213368e-14,4.5531856e-11,0.9999999
/home/leo/Documentos/mestrado/DeepWeeds-Mobile/images/20170920-095716-2.jpg,4,3,4,3,0,0.36406574,0.0014870818,0.014905442,0.014289573,0.36406574,0.30518177,6.3102198e-06,0.012438131,0.025965441,0.26166052
/home/leo/Documentos/mestrado/DeepWeeds-Mobile/images/20171102-115438-1.jpg,2,2,2,2,1,0.99999595,9.737693e-08,5.1012226e-11,0.99999595,1.0113054e-07,9.17062e-08,2.145205e-07,4.3987813e-10,3.1205566e-08,3.5249266e-06
/home/leo/Documentos/mestrado/DeepWeeds-Mobile/images/20171220-100814-1.jpg,8,8,8,8,1,0.9996426,0.00030927654,7.748184e-10,7.232604e-18,3.4997174e-05,3.979785e-13,1.7424305e-09,4.4568732e-14,1.3100818e-05,0.9996426
/home/leo/Documentos/mestrado/DeepWeeds-Mobile/images/20180105-093654-3.jpg,8,8,8,8,1,0.9995293,3.9825785e-08,2.51243e-06,2.7524232e-08,2.777099e-07,4.661373e-07,7.1731034e-09,0.00046704712,2.761696e-07,0.9995293
/home/leo/Documentos/mestrado/DeepWeeds-Mobile/images/20170913-121836-1.jpg,5,5,5,5,1,0.99969345,0.00028062076,4.6387657e-07,1.109823e-08,2.3148043e-08,1.7465663e-08,0.99969345,4.3420342e-10,2.774256e-07,2.5076994e-05
/home/leo/Documentos/mestrado/DeepWeeds-Mobile/images/20180105-101024-2.jpg,8,8,8,8,1,0.99990547,1.4717738e-10,8.585401e-08,8.608308e-08,6.036808e-11,2.9878724e-11,4.9609744e-10,9.421753e-05,1.1626364e-07,0.99990547
/home/leo/Documentos/mestrado/DeepWeeds-Mobile/images/20171113-144236-2.jpg,6,6,6,6,1,0.9952672,3.0976202e-07,0.0032842518,1.2785668e-09,7.40854e-06,3.5513304e-07,1.5531237e-09,0.9952672,2.8243358e-06,0.0014375417
/home/leo/Documentos/mestrado/DeepWeeds-Mobile/images/20180125-095732-2.jpg,8,8,8,8,1,1.0,1.5683763e-11,1.2422583e-14,3.4945283e-14,1.3079141e-13,1.2755889e-08,3.2213283e-08,3.1429273e-12,7.106488e-11,1.0
/home/leo/Documentos/mestrado/DeepWeeds-Mobile/images/20180109-072110-1.jpg,8,8,8,8,1,0.9345209,6.6261096e-06,0.000109628534,8.202708e-12,0.0036674081,2.642516e-09,1.0244818e-06,0.061633345,6.116113e-05,0.9345209
/home/leo/Documentos/mestrado/DeepWeeds-Mobile/images/20170129-102537-0.jpg,8,8,8,8,1,0.5868395,0.029527742,0.3605239,7.077183e-07,0.01598832,1.7582448e-05,0.00086360605,0.00032847287,0.0059101386,0.5868395
/home/leo/Documentos/mestrado/DeepWeeds-Mobile/images/20170714-150422-1.jpg,1,1,1,1,1,0.7495457,6.888267e-05,0.7495457,4.0279285e-10,0.00011110989,5.540708e-07,1.2413629e-05,0.13806003,0.0015883256,0.11061305
/home/leo/Documentos/mestrado/DeepWeeds-Mobile/images/20180125-093109-2.jpg,8,8,8,8,1,0.99999917,8.890669e-08,5.555365e-07,2.197457e-12,6.2522055e-08,1.0125679e-09,8.924984e-09,2.5091547e-11,1.0021819e-07,0.99999917
/home/leo/Documentos/mestrado/DeepWeeds-Mobile/images/20171113-132342-3.jpg,6,6,6,6,1,0.9991191,3.1592692e-06,6.380883e-06,1.7287294e-14,1.2977941e-11,1.5248565e-10,0.000695812,0.9991191,3.1139414e-05,0.0001444142
/home/leo/Documentos/mestrado/DeepWeeds-Mobile/images/20170920-184503-1.jpg,2,2,2,2,1,0.99314135,3.9223403e-07,1.6786618e-08,0.99314135,4.3072603e-07,0.002234371,1.7029638e-09,2.4375393e-07,4.2694148e-07,0.004622868
/home/leo/Documentos/mestrado/DeepWeeds-Mobile/images/20180322-110945-2.jpg,8,8,8,8,1,0.972635,0.005918788,4.059395e-06,0.0043510543,0.016712796,0.00016611574,6.305139e-05,4.5223523e-09,0.00014913642,0.972635
/home/leo/Documentos/mestrado/DeepWeeds-Mobile/images/20180105-093533-3.jpg,8,8,8,8,1,0.9950279,4.567595e-06,4.295555e-06,1.5171804e-05,0.00010426926,6.865931e-05,5.2015437e-08,0.0047625587,1.23414375e-05,0.9950279
/home/leo/Documentos/mestrado/DeepWeeds-Mobile/images/20171025-100236-2.jpg,3,3,3,3,1,0.9774509,0.0026586177,7.870814e-06,9.69704e-08,0.9774509,1.573522e-06,2.2422343e-08,9.237458e-09,0.00027447322,0.019606363
/home/leo/Documentos/mestrado/DeepWeeds-Mobile/images/20180125-134026-2.jpg,8,8,8,8,1,0.999871,1.4884747e-05,4.507932e-05,1.2650246e-10,3.019956e-08,5.2841864e-07,1.4776371e-08,1.1340923e-07,6.839197e-05,0.999871
/home/leo/Documentos/mestrado/DeepWeeds-Mobile/images/20171220-095231-2.jpg,8,8,8,8,1,0.9994792,0.00051505084,2.6417075e-08,8.4347515e-15,3.3823403e-07,8.329832e-13,7.6618903e-07,1.3969514e-09,4.5825363e-06,0.9994792
/home/leo/Documentos/mestrado/DeepWeeds-Mobile/images/20170714-132657-1.jpg,1,1,1,1,1,0.99984515,6.7249064e-05,0.99984515,1.931697e-12,2.5290214e-09,3.4378354e-11,4.0382056e-07,1.276394e-06,3.8533715e-05,4.745264e-05
/home/leo/Documentos/mestrado/DeepWeeds-Mobile/images/20180322-133840-1.jpg,8,2,8,2,0,0.6154423,0.00015018183,1.5117996e-06,0.6154423,0.0057561523,0.008431029,1.7021466e-06,3.44486e-08,7.793738e-05,0.37013924
/home/leo/Documentos/mestrado/DeepWeeds-Mobile/images/20170811-162821-1.jpg,0,0,0,0,1,0.99991894,0.99991894,1.933469e-08,1.253987e-09,6.5595224e-11,7.182353e-08,1.1793208e-08,6.4126534e-12,7.6072705e-05,4.8533484e-06
/home/leo/Documentos/mestrado/DeepWeeds-Mobile/images/20180322-121232-2.jpg,8,8,8,8,1,0.99997735,1.5533902e-05,9.957733e-08,1.56665e-13,9.0721244e-07,1.8934335e-11,2.4428633e-07,5.2358985e-12,5.912429e-06,0.99997735
/home/leo/Documentos/mestrado/DeepWeeds-Mobile/images/20171219-100558-2.jpg,8,8,8,8,1,0.827289,0.07718675,0.0056036673,8.72669e-08,0.088254265,0.00012543846,1.7266262e-05,8.494818e-06,0.0015150078,0.827289
/home/leo/Documentos/mestrado/DeepWeeds-Mobile/images/20180109-091145-2.jpg,8,8,8,8,1,0.9999802,7.408665e-06,2.1054814e-06,2.4961228e-08,2.8313927e-06,1.02773235e-07,2.4679963e-07,3.874353e-08,6.935487e-06,0.9999802
/home/leo/Documentos/mestrado/DeepWeeds-Mobile/images/20170718-102043-2.jpg,7,7,7,7,1,0.90874934,0.017638465,0.039780922,8.949991e-07,0.00069947826,5.3997315e-05,0.00036136003,0.0004542754,0.90874934,0.032261204
/home/leo/Documentos/mestrado/DeepWeeds-Mobile/images/20180119-110317-2.jpg,8,8,8,8,1,0.99545926,0.00031975095,2.9565434e-05,1.0328466e-06,0.0041491766,1.1571279e-05,5.389089e-06,9.520409e-06,1.4554094e-05,0.99545926
/home/leo/Documentos/mestrado/DeepWeeds-Mobile/images/20180322-104606-1.jpg,8,8,8,8,1,0.8762982,0.104642674,5.5366865e-05,1.1407607e-08,7.3589686e-06,8.674771e-06,0.00016157542,2.6223218e-12,0.018826187,0.8762982
/home/leo/Documentos/mestrado/DeepWeeds-Mobile/images/20171212-093708-1.jpg,8,8,8,8,1,0.9976567,0.0007512132,7.9915415e-05,2.4243099e-09,0.00033648522,1.4092261e-07,0.0001912083,1.7172908e-05,0.00096730964,0.9976567
/home/leo/Documentos/mestrado/DeepWeeds-Mobile/images/20180119-105118-2.jpg,8,8,8,8,1,0.99951947,0.000305729,5.205284e-06,4.3339054e-07,0.000117076626,2.4173483e-08,3.867204e-05,7.463399e-07,1.2708638e-05,0.99951947
/home/leo/Documentos/mestrado/DeepWeeds-Mobile/images/20180105-100342-2.jpg,8,8,8,8,1,0.9999682,5.6430766e-11,9.8532766e-08,2.4356866e-06,7.454926e-12,5.074956e-11,5.6321003e-10,2.891389e-05,3.2384796e-07,0.9999682
/home/leo/Documentos/mestrado/DeepWeeds-Mobile/images/20171220-101924-1.jpg,8,8,8,8,1,0.9999989,8.252024e-07,3.7738198e-11,1.5358692e-20,1.0816483e-08,1.7332497e-15,2.5798792e-07,2.8536026e-16,5.57044e-09,0.9999989
/home/leo/Documentos/mestrado/DeepWeeds-Mobile/images/20180125-123155-2.jpg,8,8,8,8,1,0.9962244,0.001062699,0.00044959757,4.949202e-06,2.1847236e-05,7.3057e-07,5.777119e-05,0.0016681877,0.00050987396,0.9962244
/home/leo/Documentos/mestrado/DeepWeeds-Mobile/images/20180322-124950-1.jpg,8,8,8,8,1,0.999998,9.239805e-10,6.030619e-12,1.1244277e-13,1.7666694e-10,2.0223044e-06,3.9670727e-08,7.1766985e-13,3.9632345e-10,0.999998
/home/leo/Documentos/mestrado/DeepWeeds-Mobile/images/20170913-125708-3.jpg,5,5,5,5,1,0.99998546,5.9190947e-06,2.8855106e-07,3.0542924e-10,1.9469082e-09,1.69058e-06,0.99998546,1.6024515e-09,1.2785006e-06,5.3862527e-06
/home/leo/Documentos/mestrado/DeepWeeds-Mobile/images/20170920-164431-3.jpg,2,0,2,0,0,0.3140965,0.3140965,0.0009813077,0.06152794,0.017145319,0.2756362,4.6704154e-05,2.0748325e-06,0.021217776,0.3093462
/home/leo/Documentos/mestrado/DeepWeeds-Mobile/images/20180105-102455-1.jpg,8,8,8,8,1,0.99981844,5.113185e-07,4.871257e-07,1.3710247e-05,1.3531024e-06,4.6587106e-06,1.780971e-09,0.00014966298,1.1119755e-05,0.99981844
/home/leo/Documentos/mestrado/DeepWeeds-Mobile/images/20180109-094749-1.jpg,8,8,8,8,1,0.9931865,3.659824e-05,1.1340965e-08,0.004713147,0.0020520536,1.166936e-06,3.4224183e-08,2.1030498e-07,1.0250776e-05,0.9931865
/home/leo/Documentos/mestrado/DeepWeeds-Mobile/images/20180119-115546-1.jpg,8,8,8,8,1,0.9721719,0.0045684935,0.0009452837,1.7907281e-05,0.01705717,4.4818994e-06,1.9836945e-05,0.0002376878,0.0049772654,0.9721719
/home/leo/Documentos/mestrado/DeepWeeds-Mobile/images/20171218-102923-2.jpg,8,0,8,0,0,0.7458099,0.7458099,0.0017141796,0.00037497794,0.0017946337,6.215177e-05,5.8802485e-05,6.857187e-08,0.053436775,0.19674858
/home/leo/Documentos/mestrado/DeepWeeds-Mobile/images/20170207-155207-0.jpg,0,0,0,0,1,0.82693946,0.82693946,0.009312163,2.9091279e-08,1.285471e-07,4.9951353e-08,0.0009865398,9.3256475e-08,0.16217244,0.0005891381
/home/leo/Documentos/mestrado/DeepWeeds-Mobile/images/20170127-102426-0.jpg,1,1,1,1,1,0.8132572,0.002747594,0.8132572,2.8094222e-08,0.00034334752,8.0373474e-07,0.0010457777,0.006210616,0.009358524,0.16703615
/home/leo/Documentos/mestrado/DeepWeeds-Mobile/images/20170704-152155-0.jpg,7,8,7,8,0,0.8337212,0.019174311,0.10664698,2.0931202e-06,0.0033612985,0.00014857172,0.006967064,0.009047761,0.020930756,0.8337212
/home/leo/Documentos/mestrado/DeepWeeds-Mobile/images/20180322-104913-1.jpg,8,8,8,8,1,0.9999193,3.5230383e-05,1.4940296e-08,1.493989e-09,4.621225e-06,2.1635133e-06,2.9243233e-06,2.9230734e-14,3.571161e-05,0.9999193
/home/leo/Documentos/mestrado/DeepWeeds-Mobile/images/20180322-125956-1.jpg,8,8,8,8,1,0.9999931,1.9062599e-06,1.5680293e-07,1.6793035e-09,1.8642442e-06,4.3811646e-08,2.8982456e-06,2.790928e-10,7.8977386e-08,0.9999931
/home/leo/Documentos/mestrado/DeepWeeds-Mobile/images/20180112-094652-2.jpg,8,8,8,8,1,0.99985075,1.1446132e-05,2.6364017e-08,1.6541766e-05,0.00011975276,1.069803e-06,4.468426e-10,2.8380855e-09,3.2794577e-07,0.99985075
/home/leo/Documentos/mestrado/DeepWeeds-Mobile/images/20180119-105930-1.jpg,8,8,8,8,1,0.9980798,0.00018021272,0.0014307082,4.5304622e-09,2.7626886e-06,5.6361387e-07,1.4625558e-06,1.9694969e-07,0.00030415846,0.9980798
/home/leo/Documentos/mestrado/DeepWeeds-Mobile/images/20171218-121336-2.jpg,8,8,8,8,1,0.9999373,5.9467857e-05,2.4860178e-09,1.966276e-16,2.9065895e-08,1.0628377e-14,6.0515265e-07,1.9109235e-12,2.5628092e-06,0.9999373
/home/leo/Documentos/mestrado/DeepWeeds-Mobile/images/20170920-102030-1.jpg,2,2,2,2,1,0.99978673,2.34387e-07,1.2101872e-08,0.99978673,2.1005437e-06,4.3158414e-07,2.988544e-07,1.6464377e-07,2.8550398e-06,0.00020723886
/home/leo/Documentos/mestrado/DeepWeeds-Mobile/images/20180112-071800-1.jpg,8,8,8,8,1,0.93302566,0.010884492,0.00015468092,0.013642119,0.033770703,0.007683497,5.919791e-08,2.6245948e-06,0.0008362004,0.93302566
/home/leo/Documentos/mestrado/DeepWeeds-Mobile/images/20180105-094850-3.jpg,8,8,8,8,1,0.9992706,1.0869205e-07,3.6249037e-07,2.6781207e-05,5.246932e-07,3.3972566e-07,4.982158e-10,0.0006998359,1.4220101e-06,0.9992706
/home/leo/Documentos/mestrado/DeepWeeds-Mobile/images/20171212-094357-1.jpg,8,8,8,8,1,0.9994726,4.8643363e-07,2.5408485e-07,1.1622009e-18,0.00052556884,2.5629115e-11,1.6955353e-08,5.7523636e-13,1.0596921e-06,0.9994726
/home/leo/Documentos/mestrado/DeepWeeds-Mobile/images/20180125-132608-3.jpg,8,8,8,8,1,0.9429015,0.0026553802,0.049793515,3.6844958e-06,4.9148268e-05,0.0002538505,0.00068571966,0.00017612793,0.0034810915,0.9429015
/home/leo/Documentos/mestrado/DeepWeeds-Mobile/images/20170501-143226-0.jpg,1,1,1,1,1,0.82545143,0.058818795,0.82545143,2.5483863e-11,1.9932543e-08,2.7443772e-09,6.9083812e-06,2.0895874e-05,0.1146303,0.0010716772
/home/leo/Documentos/mestrado/DeepWeeds-Mobile/images/20170728-153651-3.jpg,8,4,8,4,0,0.9964438,9.6281234e-05,1.1231301e-06,5.602703e-07,0.0013461449,0.9964438,8.6895724e-10,2.0252224e-11,0.0011741513,0.00093789876
/home/leo/Documentos/mestrado/DeepWeeds-Mobile/images/20170210-144941-0.jpg,7,0,7,0,0,0.94659764,0.94659764,1.8088791e-08,8.794605e-14,5.515143e-15,3.812325e-14,1.4247319e-08,2.1067636e-14,0.053402163,2.268223e-07
/home/leo/Documentos/mestrado/DeepWeeds-Mobile/images/20171203-174225-3.jpg,8,8,8,8,1,0.9970547,0.00041412376,0.0010853686,2.7406907e-08,3.3958095e-05,1.4093996e-07,0.00067218184,3.6862762e-06,0.00073584064,0.9970547
/home/leo/Documentos/mestrado/DeepWeeds-Mobile/images/20171212-100154-3.jpg,8,8,8,8,1,0.99993384,3.9873754e-08,3.3786032e-09,3.6856425e-17,6.619403e-05,3.1337047e-12,4.737364e-09,2.6353873e-13,6.0131398e-09,0.99993384
/home/leo/Documentos/mestrado/DeepWeeds-Mobile/images/20170217-112200-0.jpg,0,0,0,0,1,0.98453313,0.98453313,6.9017987e-09,4.018725e-13,8.114708e-12,3.558967e-13,0.00030004588,1.07621245e-14,7.397153e-05,0.01509284
/home/leo/Documentos/mestrado/DeepWeeds-Mobile/images/20180109-101309-1.jpg,8,8,8,8,1,0.9965484,0.001963714,0.00015458529,0.00015103226,0.00060352875,0.00020256199,4.7835774e-06,1.0099231e-05,0.00036122702,0.9965484
/home/leo/Documentos/mestrado/DeepWeeds-Mobile/images/20170217-145329-0.jpg,7,7,7,7,1,0.99999726,2.7542533e-06,3.7077936e-12,2.5010972e-16,6.5558344e-18,7.145233e-18,3.104219e-11,2.4532305e-13,0.99999726,1.4930864e-08
/home/leo/Documentos/mestrado/DeepWeeds-Mobile/images/20170913-105750-2.jpg,3,3,3,3,1,0.9738254,3.387412e-08,1.9651184e-08,6.0712165e-07,0.9738254,0.00040740983,2.3180291e-08,5.1526986e-12,6.2071046e-09,0.02576656
/home/leo/Documentos/mestrado/DeepWeeds-Mobile/images/20180109-080101-2.jpg,7,6,7,6,0,0.86005336,0.006739026,0.0011982421,2.3280775e-06,5.2782292e-05,9.529782e-06,0.0047991863,0.86005336,0.008075732,0.11906973
/home/leo/Documentos/mestrado/DeepWeeds-Mobile/images/20180322-114731-1.jpg,8,8,8,8,1,0.9812692,0.010349393,8.338866e-05,9.984969e-09,1.4387384e-06,1.2449289e-07,0.007267842,2.7811957e-05,0.0010007995,0.9812692
/home/leo/Documentos/mestrado/DeepWeeds-Mobile/images/20180109-070835-2.jpg,8,8,8,8,1,0.99897087,1.7579378e-06,9.0678084e-05,0.00057772035,8.240109e-06,2.5288823e-06,5.4191014e-06,0.00033597898,6.723143e-06,0.99897087
/home/leo/Documentos/mestrado/DeepWeeds-Mobile/images/20171212-094409-1.jpg,8,8,8,8,1,0.99999785,1.7036662e-07,9.089508e-11,1.1639966e-18,3.9531196e-09,2.7537537e-13,2.0158593e-06,2.9080224e-13,2.2743154e-09,0.99999785
/home/leo/Documentos/mestrado/DeepWeeds-Mobile/images/20171205-133727-2.jpg,8,8,8,8,1,0.9948153,0.0006422995,3.6648404e-07,1.2188953e-13,0.0044543133,4.4639997e-08,7.376048e-09,3.5285876e-08,8.771648e-05,0.9948153
/home/leo/Documentos/mestrado/DeepWeeds-Mobile/images/20180125-125955-2.jpg,8,8,8,8,1,0.99999297,5.4747233e-09,4.454645e-06,2.0086785e-13,3.6691972e-08,6.986662e-11,1.5036644e-06,8.355938e-07,2.248505e-07,0.99999297
/home/leo/Documentos/mestrado/DeepWeeds-Mobile/images/20170705-161916-0.jpg,7,7,7,7,1,0.61409825,0.34324864,0.011720376,3.211868e-08,0.00014866656,4.4225776e-06,3.5139605e-05,2.0290368e-08,0.61409825,0.030744387
/home/leo/Documentos/mestrado/DeepWeeds-Mobile/images/20171113-120832-1.jpg,6,6,6,6,1,0.75205004,7.8037215e-07,5.1685365e-05,1.5480393e-10,3.131383e-07,1.1886505e-08,2.3996625e-05,0.75205004,4.1800402e-05,0.24783143
/home/leo/Documentos/mestrado/DeepWeeds-Mobile/images/20170304-132637-0.jpg,7,7,7,7,1,0.99951375,0.00048243732,3.4482148e-06,3.2672453e-14,6.821479e-15,3.052502e-14,3.5997965e-09,3.8168803e-08,0.99951375,2.9795132e-07
/home/leo/Documentos/mestrado/DeepWeeds-Mobile/images/20170714-110918-3.jpg,1,1,1,1,1,0.9899189,0.0011295071,0.9899189,2.1027827e-10,1.1403406e-06,3.4342953e-08,0.00088127865,0.000617816,0.0019145657,0.0055368
/home/leo/Documentos/mestrado/DeepWeeds-Mobile/images/20171203-170121-3.jpg,8,8,8,8,1,0.83821,0.14636567,0.0019583786,1.0673088e-07,0.00093852374,2.1248663e-06,0.00038115407,0.00029022328,0.011853839,0.83821
/home/leo/Documentos/mestrado/DeepWeeds-Mobile/images/20171220-090906-2.jpg,8,8,8,8,1,0.9023789,0.067460455,0.00019130105,1.5956702e-12,1.00435805e-07,7.440578e-10,0.02983577,1.961231e-07,0.00013334895,0.9023789
/home/leo/Documentos/mestrado/DeepWeeds-Mobile/images/20170217-104514-0.jpg,0,0,0,0,1,0.9725738,0.9725738,3.4464915e-06,2.0354795e-15,4.203928e-12,5.841047e-14,1.4867248e-06,3.9967056e-09,0.010144976,0.017276222
/home/leo/Documentos/mestrado/DeepWeeds-Mobile/images/20171109-092315-3.jpg,5,5,5,5,1,0.9998481,9.674574e-06,9.952325e-08,2.2029527e-13,9.926181e-12,4.4673334e-13,0.9998481,1.8094413e-08,7.9741846e-10,0.00014203144
/home/leo/Documentos/mestrado/DeepWeeds-Mobile/images/20171108-124937-3.jpg,5,5,5,5,1,0.99999917,2.6002692e-08,3.9526833e-11,4.6846497e-16,7.953335e-17,1.5681266e-15,0.99999917,2.671765e-12,2.3218229e-12,7.537095e-07
/home/leo/Documentos/mestrado/DeepWeeds-Mobile/images/20171122-103613-1.jpg,5,5,5,5,1,0.99989974,9.583755e-08,3.174639e-08,1.3540338e-15,2.0551882e-13,2.168317e-15,0.99989974,2.6583601e-08,2.3479415e-12,0.000100101795
/home/leo/Documentos/mestrado/DeepWeeds-Mobile/images/20170315-090602-0.jpg,8,8,8,8,1,0.92118114,0.005759631,0.05847562,3.388341e-07,5.9230792e-06,6.4489086e-06,0.013861325,6.1475e-07,0.00070892455,0.92118114
/home/leo/Documentos/mestrado/DeepWeeds-Mobile/images/20170304-131546-0.jpg,7,7,7,7,1,0.99996567,3.3357832e-05,9.594245e-08,5.7866407e-12,9.295964e-14,6.5180934e-12,9.515094e-09,1.403438e-14,0.99996567,8.7338225e-07
/home/leo/Documentos/mestrado/DeepWeeds-Mobile/images/20171109-070321-1.jpg,5,5,5,5,1,0.8049423,0.00023984339,2.8541855e-05,3.1148073e-10,3.1096297e-07,1.8601963e-09,0.8049423,4.937534e-07,0.00014933685,0.19463913
/home/leo/Documentos/mestrado/DeepWeeds-Mobile/images/20171025-100416-2.jpg,3,3,3,3,1,0.99812657,3.904239e-06,1.8942988e-08,3.564182e-08,0.99812657,2.45992e-06,1.7929864e-12,9.091203e-08,6.032728e-07,0.0018664048
/home/leo/Documentos/mestrado/DeepWeeds-Mobile/images/20170920-155806-3.jpg,2,2,2,2,1,0.45043164,0.0006930833,2.3898618e-05,0.45043164,0.108565055,0.30005372,0.023371607,3.0718393e-06,0.00025181982,0.11660615
/home/leo/Documentos/mestrado/DeepWeeds-Mobile/images/20170913-104356-3.jpg,5,5,5,5,1,0.99992764,7.424051e-07,2.349444e-09,3.5856345e-08,4.3704393e-05,7.6138726e-08,0.99992764,5.0960992e-11,5.558517e-09,2.7756078e-05
/home/leo/Documentos/mestrado/DeepWeeds-Mobile/images/20171220-100247-1.jpg,8,8,8,8,1,0.9971027,0.0021823102,6.4985616e-05,1.8118199e-14,4.5978563e-08,5.6753313e-12,0.00012681918,7.365819e-08,0.0005230049,0.9971027
/home/leo/Documentos/mestrado/DeepWeeds-Mobile/images/20180109-095531-2.jpg,8,8,8,8,1,0.9876745,0.0011986753,2.9780802e-05,0.0016871659,0.0053801727,0.0013075055,3.2292272e-07,1.7506719e-06,0.0027201201,0.9876745
/home/leo/Documentos/mestrado/DeepWeeds-Mobile/images/20170715-164836-1.jpg,1,1,1,1,1,0.9999999,7.107258e-08,0.9999999,1.8170686e-16,6.889068e-14,9.113716e-17,1.8122483e-11,3.107852e-08,4.061178e-09,4.91248e-09
/home/leo/Documentos/mestrado/DeepWeeds-Mobile/images/20180109-103054-1.jpg,8,8,8,8,1,0.59334946,0.19365886,0.0025468704,9.72353e-05,0.16007711,5.511785e-05,0.00022314789,0.006977001,0.043015275,0.59334946
/home/leo/Documentos/mestrado/DeepWeeds-Mobile/images/20171205-123507-2.jpg,8,8,8,8,1,0.9726258,6.12402e-05,1.1874079e-06,1.5317429e-16,7.0576363e-09,1.6563599e-13,0.0273117,2.917341e-08,1.1450432e-08,0.9726258
/home/leo/Documentos/mestrado/DeepWeeds-Mobile/images/20180105-092154-2.jpg,8,8,8,8,1,0.9995602,1.6457214e-08,0.00012411001,1.1711644e-10,1.6986485e-05,4.750199e-07,2.9407688e-06,0.00029502524,2.2220081e-07,0.9995602
/home/leo/Documentos/mestrado/DeepWeeds-Mobile/images/20180125-093946-2.jpg,8,8,8,8,1,0.9946295,0.00013552782,6.4723586e-06,3.016996e-06,0.00039914923,4.33578e-07,0.0048234942,2.2214938e-06,7.940762e-08,0.9946295
/home/leo/Documentos/mestrado/DeepWeeds-Mobile/images/20180109-103937-2.jpg,8,8,8,8,1,0.9971559,0.00047179544,1.5103996e-07,0.0004770146,0.0018127495,1.6493341e-07,8.5307565e-06,7.67019e-06,6.613085e-05,0.9971559
/home/leo/Documentos/mestrado/DeepWeeds-Mobile/images/20170913-100044-1.jpg,3,3,3,3,1,0.9995949,9.074126e-10,1.5738087e-10,8.967857e-11,0.9995949,3.074185e-05,3.1442983e-06,2.0774618e-15,2.94394e-12,0.00037115376
/home/leo/Documentos/mestrado/DeepWeeds-Mobile/images/20171113-122323-0.jpg,6,6,6,6,1,0.99813664,2.3695986e-08,0.0017738347,2.0969117e-11,1.5622676e-08,4.4693645e-11,2.349839e-09,0.99813664,7.244042e-07,8.8708985e-05
/home/leo/Documentos/mestrado/DeepWeeds-Mobile/images/20170711-121408-0.jpg,0,0,0,0,1,0.5308096,0.5308096,0.00012509282,4.40088e-07,0.010082351,1.9593294e-07,0.33279666,6.477869e-07,0.0007247326,0.1254603
/home/leo/Documentos/mestrado/DeepWeeds-Mobile/images/20170913-123102-1.jpg,5,5,5,5,1,0.9999685,1.0763167e-07,2.1522146e-08,1.1799041e-11,2.0969724e-06,4.014795e-07,0.9999685,6.8366257e-10,1.5307484e-07,2.8637613e-05
/home/leo/Documentos/mestrado/DeepWeeds-Mobile/images/20180112-094541-1.jpg,8,8,8,8,1,0.9866165,0.00026497766,0.00023565961,1.1026576e-06,1.2038439e-06,8.584399e-06,3.3464147e-07,0.012328367,0.0005433168,0.9866165
/home/leo/Documentos/mestrado/DeepWeeds-Mobile/images/20170217-115029-0.jpg,0,0,0,0,1,0.9895238,0.9895238,2.3618311e-05,8.074704e-12,2.5761115e-10,2.839811e-13,5.503333e-07,3.3756606e-09,0.010015395,0.00043656235
/home/leo/Documentos/mestrado/DeepWeeds-Mobile/images/20171109-194934-1.jpg,5,5,5,5,1,0.9061067,0.0057081226,8.369921e-06,1.2971715e-14,4.3532722e-07,3.397238e-13,0.9061067,6.1045176e-07,5.6913665e-05,0.08811894
/home/leo/Documentos/mestrado/DeepWeeds-Mobile/images/20170207-141852-0.jpg,7,7,7,7,1,0.9460446,0.053661723,5.1959905e-06,2.0886683e-11,3.9662433e-11,5.1166966e-12,2.4023734e-06,7.639947e-14,0.9460446,0.00028613798
/home/leo/Documentos/mestrado/DeepWeeds-Mobile/images/20170728-124050-3.jpg,4,4,4,4,1,0.99671185,0.00051601947,4.6232444e-06,4.0430103e-05,0.0005484156,0.99671185,2.2110567e-06,1.8725674e-11,9.9491306e-05,0.002077008
/home/leo/Documentos/mestrado/DeepWeeds-Mobile/images/20171218-120217-2.jpg,8,8,8,8,1,0.99940705,0.00016442273,1.0004029e-07,6.9100667e-12,2.8931636e-05,8.644099e-09,1.2133424e-05,3.544972e-10,0.00038734864,0.99940705
/home/leo/Documentos/mestrado/DeepWeeds-Mobile/images/20171102-120721-3.jpg,2,2,2,2,1,0.9999995,7.870319e-11,6.219389e-13,0.9999995,5.685898e-11,4.7976047e-11,2.2786675e-11,1.6425873e-11,1.4413466e-10,4.1864936e-07
/home/leo/Documentos/mestrado/DeepWeeds-Mobile/images/20171220-083759-2.jpg,8,8,8,8,1,0.9996245,0.00037340928,5.2329755e-11,3.2959305e-18,7.8901535e-10,2.1096623e-13,1.7003119e-07,1.04168036e-14,1.9013911e-06,0.9996245
/home/leo/Documentos/mestrado/DeepWeeds-Mobile/images/20171217-184132-2.jpg,8,0,8,0,0,0.68094677,0.68094677,0.07590762,8.589415e-05,0.03261493,0.00047953604,0.016010042,9.326417e-05,0.026238443,0.16762361
/home/leo/Documentos/mestrado/DeepWeeds-Mobile/images/20180119-113258-1.jpg,8,8,8,8,1,0.84213924,0.00035712493,0.0088952165,0.00010805581,0.0003336306,1.0469027e-05,0.00025552098,0.14698175,0.0009190416,0.84213924
/home/leo/Documentos/mestrado/DeepWeeds-Mobile/images/20180119-104505-1.jpg,8,8,8,8,1,0.9776358,0.0008108116,0.00465067,0.0002738698,0.00048739623,0.00011721406,0.0001048552,0.0155386375,0.0003807148,0.9776358
/home/leo/Documentos/mestrado/DeepWeeds-Mobile/images/20180105-101617-2.jpg,8,8,8,8,1,0.94030833,5.677927e-06,2.731956e-06,0.00016674477,6.504023e-06,1.8654155e-05,3.292814e-06,0.05936975,0.00011825339,0.94030833
/home/leo/Documentos/mestrado/DeepWeeds-Mobile/images/20171220-101409-2.jpg,8,8,8,8,1,0.99611884,0.0037061905,2.104784e-05,3.3160941e-12,1.301772e-06,3.9986143e-09,1.0640248e-06,3.288284e-10,0.0001515508,0.99611884
/home/leo/Documentos/mestrado/DeepWeeds-Mobile/images/20170920-130713-2.jpg,2,2,2,2,1,0.98548454,2.4240276e-07,6.932522e-08,0.98548454,1.0018807e-05,0.00281765,7.264285e-10,5.1853283e-07,1.2108869e-07,0.011686829
/home/leo/Documentos/mestrado/DeepWeeds-Mobile/images/20180125-094216-2.jpg,8,8,8,8,1,0.8224448,7.269028e-07,4.8266514e-07,0.0009479254,9.741767e-05,0.17650615,3.1421132e-07,2.218833e-06,1.44604755e-08,0.8224448
/home/leo/Documentos/mestrado/DeepWeeds-Mobile/images/20180125-092712-2.jpg,8,8,8,8,1,0.9999628,7.4775594e-06,6.817531e-06,1.4641403e-08,4.114209e-06,1.3429539e-07,1.677537e-05,8.300514e-10,1.9112078e-06,0.9999628
/home/leo/Documentos/mestrado/DeepWeeds-Mobile/images/20171121-074016-1.jpg,6,6,6,6,1,0.93590724,8.085608e-05,0.002738551,8.688604e-10,3.1264975e-07,2.1059143e-09,0.0008202212,0.93590724,8.9157234e-05,0.06036373
/home/leo/Documentos/mestrado/DeepWeeds-Mobile/images/20171102-115030-2.jpg,2,2,2,2,1,0.9992341,1.7273828e-06,7.070081e-08,0.9992341,9.119733e-05,0.0004735736,3.0754684e-08,7.072171e-08,2.4012884e-08,0.00019909111
/home/leo/Documentos/mestrado/DeepWeeds-Mobile/images/20171121-074015-1.jpg,6,6,6,6,1,0.9760459,1.9560217e-05,0.0005083325,1.6901283e-10,6.718197e-08,2.7156888e-10,0.00023407847,0.9760459,1.34133425e-05,0.023178723
/home/leo/Documentos/mestrado/DeepWeeds-Mobile/images/20171109-070737-3.jpg,5,5,5,5,1,0.7025101,3.3127292e-06,8.992355e-05,4.422915e-09,1.3884643e-07,5.3255076e-09,0.7025101,1.2214712e-05,1.7040738e-07,0.29738405
/home/leo/Documentos/mestrado/DeepWeeds-Mobile/images/20180322-114132-2.jpg,8,8,8,8,1,1.0,1.3699951e-09,3.701591e-09,1.0444982e-16,1.5812993e-10,4.4704546e-11,7.483455e-09,2.9484438e-12,6.9115624e-10,1.0
/home/leo/Documentos/mestrado/DeepWeeds-Mobile/images/20180112-100842-1.jpg,8,8,8,8,1,0.85599446,0.0015737315,0.0002681451,0.00063076545,4.067449e-05,0.00014178132,2.5913421e-05,0.13941981,0.0019047784,0.85599446
/home/leo/Documentos/mestrado/DeepWeeds-Mobile/images/20170130-102111-0.jpg,1,1,1,1,1,0.6327642,0.34742954,0.6327642,7.184709e-09,8.670444e-06,1.3536041e-06,0.00093332544,1.0809843e-05,0.015387741,0.0034643433
/home/leo/Documentos/mestrado/DeepWeeds-Mobile/images/20170727-150018-3.jpg,4,4,4,4,1,0.99606127,1.9750667e-05,4.5025783e-07,0.00018148005,0.002526561,0.99606127,1.5952875e-08,4.315575e-11,5.4436355e-06,0.001205052
/home/leo/Documentos/mestrado/DeepWeeds-Mobile/images/20171218-112823-3.jpg,8,8,8,8,1,0.99930775,5.1905854e-06,0.00020601663,3.8527763e-09,0.0004315957,4.882236e-08,7.137736e-06,2.254322e-05,1.9792433e-05,0.99930775
/home/leo/Documentos/mestrado/DeepWeeds-Mobile/images/20170913-124640-1.jpg,5,5,5,5,1,0.9998133,6.678576e-08,1.5235568e-11,8.797457e-09,0.0001806456,1.2594609e-07,0.9998133,7.821464e-11,5.643368e-10,5.7915345e-06
/home/leo/Documentos/mestrado/DeepWeeds-Mobile/images/20170811-113014-2.jpg,0,0,0,0,1,0.85035247,0.85035247,0.0015870887,7.1775314e-05,0.0010095787,0.00073013845,0.0007070936,3.0602805e-06,0.008210142,0.13732867
/home/leo/Documentos/mestrado/DeepWeeds-Mobile/images/20171212-105430-3.jpg,8,1,8,1,0,0.5717668,0.056323156,0.5717668,8.036613e-08,8.011961e-07,1.2787214e-06,6.7439073e-06,4.601929e-06,0.07996226,0.29193425
/home/leo/Documentos/mestrado/DeepWeeds-Mobile/images/20180105-092814-2.jpg,8,8,8,8,1,0.9715999,6.477365e-08,2.300132e-05,1.0149425e-09,2.5383329e-09,2.4609101e-11,2.2736326e-06,0.028373882,7.666762e-07,0.9715999
/home/leo/Documentos/mestrado/DeepWeeds-Mobile/images/20171025-080846-1.jpg,3,3,3,3,1,0.9965419,7.510031e-06,1.1325297e-08,4.039646e-09,0.9965419,1.4505633e-07,5.6251865e-12,3.0267946e-10,7.599082e-07,0.0034496794
/home/leo/Documentos/mestrado/DeepWeeds-Mobile/images/20180109-075750-2.jpg,8,8,8,8,1,0.8180241,0.00013436367,5.340037e-05,0.17480417,0.00027232955,0.0013276846,3.212398e-05,0.0050043757,0.00034752826,0.8180241
/home/leo/Documentos/mestrado/DeepWeeds-Mobile/images/20171109-091628-2.jpg,5,5,5,5,1,0.99811494,2.2362733e-06,4.1158106e-07,3.5431128e-13,5.0577792e-11,2.606064e-12,0.99811494,5.9377703e-07,2.0818108e-07,0.0018816313
/home/leo/Documentos/mestrado/DeepWeeds-Mobile/images/20170913-130528-2.jpg,5,5,5,5,1,0.9999559,6.7746804e-08,8.1413554e-10,1.4380079e-10,2.6823109e-06,3.8204726e-05,0.9999559,2.7331108e-13,1.8778195e-08,3.0344631e-06
/home/leo/Documentos/mestrado/DeepWeeds-Mobile/images/20180322-133508-1.jpg,8,8,8,8,1,0.9999037,7.160464e-05,1.0273157e-05,5.553231e-10,2.485464e-06,1.8101086e-07,2.163003e-06,1.1054914e-10,9.545037e-06,0.9999037
/home/leo/Documentos/mestrado/DeepWeeds-Mobile/images/20170727-151306-3.jpg,4,4,4,4,1,0.9952005,9.460726e-05,1.3801383e-06,0.00032582605,0.00011200496,0.9952005,3.2169436e-07,2.9767617e-09,0.00020599017,0.004059376
/home/leo/Documentos/mestrado/DeepWeeds-Mobile/images/20170727-162650-1.jpg,4,4,4,4,1,0.99973625,3.879719e-06,7.831707e-09,1.2561557e-10,1.4851641e-06,0.99973625,7.5894395e-11,1.2584005e-17,1.1106648e-06,0.00025718
/home/leo/Documentos/mestrado/DeepWeeds-Mobile/images/20171025-081404-1.jpg,3,3,3,3,1,0.9915064,1.7178474e-05,2.6488003e-09,4.432861e-07,0.9915064,3.6041243e-07,3.7569583e-12,1.6333568e-10,1.2397741e-06,0.008474508
/home/leo/Documentos/mestrado/DeepWeeds-Mobile/images/20170210-145719-0.jpg,0,0,0,0,1,0.99904317,0.99904317,0.0007004618,2.4140605e-14,4.940437e-12,2.3283654e-13,2.0048814e-05,3.2666042e-10,0.00018705922,4.91625e-05
/home/leo/Documentos/mestrado/DeepWeeds-Mobile/images/20170920-093909-1.jpg,2,2,2,2,1,0.8653878,8.832763e-06,0.00017223458,0.8653878,0.00058002636,0.0014443301,5.857734e-07,0.0019114175,2.5163547e-05,0.1304696
/home/leo/Documentos/mestrado/DeepWeeds-Mobile/images/20171025-075546-1.jpg,3,3,3,3,1,0.5052361,0.0018217653,0.29308945,8.267703e-07,0.5052361,0.001003446,9.041298e-07,0.021893946,0.006941261,0.17001227
/home/leo/Documentos/mestrado/DeepWeeds-Mobile/images/20170913-115431-2.jpg,5,0,5,0,0,0.7487856,0.7487856,0.08089418,1.8022966e-08,1.1912977e-06,1.6365353e-06,0.11628294,6.951061e-08,0.03841037,0.015623987
/home/leo/Documentos/mestrado/DeepWeeds-Mobile/images/20170630-154236-0.jpg,7,7,7,7,1,0.44389385,0.3643357,0.02448843,5.1239344e-06,4.438233e-06,4.745259e-08,1.8004095e-05,0.0029959176,0.44389385,0.16425852
/home/leo/Documentos/mestrado/DeepWeeds-Mobile/images/20170727-125535-1.jpg,4,4,4,4,1,0.92506146,6.204056e-05,2.5580302e-06,0.059303414,0.0031818827,0.92506146,7.2092785e-09,8.4405535e-08,2.592152e-05,0.01236268
/home/leo/Documentos/mestrado/DeepWeeds-Mobile/images/20171220-082855-3.jpg,8,8,8,8,1,0.9693448,1.8587452e-05,0.00064101315,2.2564338e-16,1.5121409e-09,1.3113329e-12,0.029279243,0.00071046816,5.880609e-06,0.9693448
/home/leo/Documentos/mestrado/DeepWeeds-Mobile/images/20171205-133754-2.jpg,8,8,8,8,1,0.8840339,0.025309023,0.004695232,1.0828206e-08,0.07609724,1.0747675e-05,0.00020055256,4.608088e-05,0.009607144,0.8840339
/home/leo/Documentos/mestrado/DeepWeeds-Mobile/images/20170906-095536-1.jpg,3,3,3,3,1,0.5778449,0.00798242,0.0011207558,4.718135e-07,0.5778449,4.5854762e-05,1.1504064e-06,3.7472713e-05,0.013388975,0.399578
/home/leo/Documentos/mestrado/DeepWeeds-Mobile/images/20171121-073257-1.jpg,6,6,6,6,1,0.9965682,3.0269007e-06,0.0033238155,7.690612e-15,8.098173e-10,7.6812744e-11,1.5298797e-08,0.9965682,5.9488393e-05,4.547946e-05
/home/leo/Documentos/mestrado/DeepWeeds-Mobile/images/20170706-112750-0.jpg,7,0,7,0,0,0.54207647,0.54207647,0.00022324697,0.00027728514,0.0033523152,0.00022352114,6.979603e-05,1.7691994e-10,0.17048426,0.28329316
/home/leo/Documentos/mestrado/DeepWeeds-Mobile/images/20180112-075044-2.jpg,8,8,8,8,1,0.98880476,0.0042238515,5.4314205e-05,0.00016651592,0.0015841981,2.2020458e-05,8.178495e-07,4.3759883e-07,0.0051432387,0.98880476
/home/leo/Documentos/mestrado/DeepWeeds-Mobile/images/20180112-074411-1.jpg,8,8,8,8,1,0.9083658,0.0662481,6.118328e-06,0.00018123368,0.019093497,1.9387384e-05,6.2950477e-07,5.2486976e-10,0.006085221,0.9083658
/home/leo/Documentos/mestrado/DeepWeeds-Mobile/images/20171113-150022-3.jpg,6,8,6,8,0,0.79603505,1.1689953e-05,0.00018359396,2.1507448e-07,8.756004e-08,3.941384e-07,9.750392e-06,0.20263188,0.001127313,0.79603505
/home/leo/Documentos/mestrado/DeepWeeds-Mobile/images/20171219-101145-2.jpg,8,8,8,8,1,0.9998803,3.84038e-05,3.7794347e-05,3.8409753e-06,2.2339553e-05,7.758621e-06,9.024962e-06,2.1490972e-07,2.769767e-07,0.9998803
/home/leo/Documentos/mestrado/DeepWeeds-Mobile/images/20170405-155617-0.jpg,0,0,0,0,1,0.47852492,0.47852492,3.7736925e-05,1.8900381e-11,0.00024627018,2.8922245e-10,0.00021086684,1.808599e-11,0.40456483,0.116415374
/home/leo/Documentos/mestrado/DeepWeeds-Mobile/images/20180125-100328-2.jpg,8,8,8,8,1,0.99957865,2.118283e-09,5.7956685e-11,6.7956935e-10,0.00026448877,3.4826286e-08,0.00015689834,9.907161e-13,7.0486714e-11,0.99957865
/home/leo/Documentos/mestrado/DeepWeeds-Mobile/images/20171219-113222-3.jpg,8,8,8,8,1,0.7970982,0.15056893,0.005806757,1.0651993e-05,0.022339197,2.0154028e-05,0.00017170324,0.003756902,0.020227605,0.7970982
/home/leo/Documentos/mestrado/DeepWeeds-Mobile/images/20180109-072137-1.jpg,8,8,8,8,1,0.9916664,0.00029794066,7.5999465e-05,5.092839e-07,0.0012819532,2.2968156e-06,1.3605373e-07,0.006467417,0.00020743473,0.9916664
/home/leo/Documentos/mestrado/DeepWeeds-Mobile/images/20171025-074804-2.jpg,3,3,3,3,1,0.9998441,5.673909e-06,4.457524e-05,1.2128861e-12,0.9998441,2.1949827e-06,8.5941164e-11,6.529212e-07,2.641512e-05,7.637857e-05
/home/leo/Documentos/mestrado/DeepWeeds-Mobile/images/20180109-075623-2.jpg,8,8,8,8,1,0.70531267,0.1220776,0.00169189,0.0736319,0.07716103,0.018552653,1.3248122e-05,4.8085483e-05,0.0015109607,0.70531267
/home/leo/Documentos/mestrado/DeepWeeds-Mobile/images/20171113-124442-3.jpg,6,6,6,6,1,0.8283067,2.2065868e-05,3.8356855e-05,4.6153564e-06,2.133585e-06,7.3060505e-07,2.6595532e-07,0.8283067,5.1705883e-05,0.17157348
/home/leo/Documentos/mestrado/DeepWeeds-Mobile/images/20180109-101445-2.jpg,8,8,8,8,1,0.9578726,9.4850134e-07,2.0204768e-06,0.00011909928,1.1995997e-05,1.4603575e-07,5.730143e-06,0.041987248,2.320606e-07,0.9578726
/home/leo/Documentos/mestrado/DeepWeeds-Mobile/images/20180119-110435-1.jpg,8,8,8,8,1,0.998823,0.00029625432,0.0007533613,5.0327937e-08,1.0065444e-06,2.5647389e-09,8.849393e-05,8.481424e-06,2.9309353e-05,0.998823
/home/leo/Documentos/mestrado/DeepWeeds-Mobile/images/20171109-074508-3.jpg,5,5,5,5,1,0.9042464,1.8707431e-05,1.3955826e-08,1.33596205e-14,8.535995e-08,2.934255e-11,0.9042464,1.2716592e-09,7.0988633e-09,0.095734745
/home/leo/Documentos/mestrado/DeepWeeds-Mobile/images/20170715-131418-1.jpg,1,1,1,1,1,0.9999938,5.3415476e-08,0.9999938,1.5540829e-14,1.1250673e-12,1.8055275e-14,1.1836626e-10,4.4414987e-06,7.9578506e-08,1.5395854e-06
/home/leo/Documentos/mestrado/DeepWeeds-Mobile/images/20171102-123036-3.jpg,2,2,2,2,1,0.99991333,3.3573308e-06,7.0401533e-09,0.99991333,1.6529294e-06,1.03969505e-05,3.7558408e-07,2.7695798e-10,2.4115425e-07,7.0592214e-05
/home/leo/Documentos/mestrado/DeepWeeds-Mobile/images/20171219-100149-2.jpg,8,8,8,8,1,0.7420522,0.21673463,0.004447545,5.7606852e-05,0.0023699368,2.3078894e-06,0.029494874,0.00035160352,0.0044892295,0.7420522
/home/leo/Documentos/mestrado/DeepWeeds-Mobile/images/20171109-091644-3.jpg,5,5,5,5,1,0.9998139,2.9860313e-08,1.9634116e-11,1.1551571e-19,1.24198925e-14,4.6638468e-17,0.9998139,9.386134e-12,1.8145934e-13,0.00018606833
/home/leo/Documentos/mestrado/DeepWeeds-Mobile/images/20170405-155646-0.jpg,0,0,0,0,1,0.60487735,0.60487735,0.0006487672,1.2796363e-08,0.012708892,5.381075e-07,1.6099308e-06,1.3175502e-07,0.15900628,0.22275646
/home/leo/Documentos/mestrado/DeepWeeds-Mobile/images/20171219-114357-2.jpg,8,8,8,8,1,0.99223596,0.00068101945,0.00013001388,0.0012559538,0.0037175524,0.00017827947,2.006413e-05,0.0015739546,0.00020707224,0.99223596
/home/leo/Documentos/mestrado/DeepWeeds-Mobile/images/20180322-105116-1.jpg,8,8,8,8,1,0.9999136,1.6643908e-07,3.2744335e-08,1.7817054e-08,2.8326585e-07,5.3911506e-05,2.8007866e-05,2.0623812e-11,4.0681134e-06,0.9999136
/home/leo/Documentos/mestrado/DeepWeeds-Mobile/images/20170811-133548-1.jpg,0,0,0,0,1,0.99999964,0.99999964,8.613261e-11,4.2386787e-15,5.982922e-16,8.162087e-12,5.769446e-12,1.0344826e-14,1.3995556e-07,2.3579571e-07
/home/leo/Documentos/mestrado/DeepWeeds-Mobile/images/20170728-123735-2.jpg,4,4,4,4,1,0.9942313,4.1044723e-06,1.266868e-06,0.00037826857,0.0006356144,0.9942313,1.1270181e-07,6.9292673e-06,1.3278405e-05,0.0047290316
/home/leo/Documentos/mestrado/DeepWeeds-Mobile/images/20180109-094947-2.jpg,8,8,8,8,1,0.83821344,0.10513243,0.00716617,2.7559166e-05,0.017145542,0.00016152133,0.0022462278,6.51115e-05,0.029842066,0.83821344
/home/leo/Documentos/mestrado/DeepWeeds-Mobile/images/20180105-093118-2.jpg,8,8,8,8,1,0.92342824,3.912023e-06,4.9868613e-06,4.6654172e-06,3.2976718e-07,2.4435947e-09,2.7799868e-05,0.07652988,1.5376837e-07,0.92342824
/home/leo/Documentos/mestrado/DeepWeeds-Mobile/images/20170906-114333-2.jpg,3,3,3,3,1,0.9990809,4.563624e-07,2.1618384e-07,2.348838e-13,0.9990809,1.0290314e-07,2.0232234e-09,6.946766e-11,6.388594e-07,0.00091770996
/home/leo/Documentos/mestrado/DeepWeeds-Mobile/images/20171113-143404-2.jpg,6,6,6,6,1,0.94901204,0.046304442,0.0014102294,1.2625686e-12,1.3120614e-10,1.3217519e-10,0.00014356012,0.94901204,0.0024858543,0.0006437919
/home/leo/Documentos/mestrado/DeepWeeds-Mobile/images/20171113-100556-3.jpg,5,5,5,5,1,0.9617667,0.024030069,0.00013047869,1.5506418e-10,1.9678754e-09,9.0705554e-11,0.9617667,9.0086587e-07,2.4505627e-07,0.014071582
/home/leo/Documentos/mestrado/DeepWeeds-Mobile/images/20180125-131649-3.jpg,8,8,8,8,1,0.9444309,0.018952582,0.009872333,0.005525105,0.002851922,0.009027085,0.00021492243,2.6302241e-05,0.00909884,0.9444309
/home/leo/Documentos/mestrado/DeepWeeds-Mobile/images/20171220-093020-3.jpg,8,8,8,8,1,0.9999945,8.7846345e-08,2.1450298e-11,2.5721582e-17,4.171112e-06,4.1422466e-11,1.1923989e-06,1.9488222e-11,8.732658e-09,0.9999945
/home/leo/Documentos/mestrado/DeepWeeds-Mobile/images/20180322-103032-2.jpg,8,8,8,8,1,0.9999907,2.653571e-06,2.0597522e-08,4.8232053e-08,1.2759659e-07,1.2280894e-06,9.7715976e-08,2.7985665e-13,5.1910424e-06,0.9999907
/home/leo/Documentos/mestrado/DeepWeeds-Mobile/images/20180105-093417-2.jpg,8,8,8,8,1,0.93876207,0.00023864598,0.000270747,0.045206707,7.2099254e-05,0.0008494113,6.5791733e-06,0.013414305,0.0011794308,0.93876207
/home/leo/Documentos/mestrado/DeepWeeds-Mobile/images/20170630-155757-0.jpg,7,7,7,7,1,0.9900884,0.009579935,0.00031759785,1.870706e-10,5.2718476e-12,1.4750737e-10,3.7757562e-08,3.7617394e-06,0.9900884,1.0319338e-05
/home/leo/Documentos/mestrado/DeepWeeds-Mobile/images/20170714-144408-2.jpg,1,1,1,1,1,0.5105437,0.011341502,0.5105437,1.0539231e-07,0.011907135,7.2390458e-06,0.00019825106,0.0013477267,0.01631585,0.44833854
/home/leo/Documentos/mestrado/DeepWeeds-Mobile/images/20171113-130008-2.jpg,6,8,6,8,0,0.84174675,2.814343e-05,0.00016896271,1.4615665e-05,2.2457002e-06,4.126394e-07,1.0407658e-05,0.15773813,0.00029042226,0.84174675
/home/leo/Documentos/mestrado/DeepWeeds-Mobile/images/20180105-100302-3.jpg,8,8,8,8,1,0.99443144,4.6078586e-07,3.4729986e-08,0.0022142967,2.5364297e-05,0.0033141784,1.6093784e-11,5.1890206e-06,8.969834e-06,0.99443144
/home/leo/Documentos/mestrado/DeepWeeds-Mobile/images/20170630-152017-0.jpg,7,7,7,7,1,0.99080783,0.004599154,0.00019457066,3.590564e-08,8.153342e-05,4.402769e-06,1.1804329e-05,3.8571213e-07,0.99080783,0.0043003135
/home/leo/Documentos/mestrado/DeepWeeds-Mobile/images/20170729-085730-2.jpg,4,4,4,4,1,0.9975153,8.191602e-06,1.0308368e-06,7.413052e-05,0.0013408257,0.9975153,4.2906354e-09,2.3177728e-10,6.513714e-05,0.0009954161
/home/leo/Documentos/mestrado/DeepWeeds-Mobile/images/20170210-131153-0.jpg,7,7,7,7,1,0.9998752,0.00012068964,1.1488506e-07,6.949405e-13,1.309803e-13,3.1483589e-13,4.2759964e-08,2.2358908e-10,0.9998752,3.949001e-06
/home/leo/Documentos/mestrado/DeepWeeds-Mobile/images/20170630-154652-0.jpg,7,7,7,7,1,0.9762622,0.0069995774,0.005030598,1.0725975e-10,2.4147214e-06,2.2921963e-08,4.0661085e-05,4.5148856e-05,0.9762622,0.0116193285
/home/leo/Documentos/mestrado/DeepWeeds-Mobile/images/20180109-074146-1.jpg,8,8,8,8,1,0.9997964,6.1909844e-07,3.661842e-06,1.1703224e-06,2.665114e-06,4.0274017e-07,7.268911e-08,0.00018778173,7.362139e-06,0.9997964
/home/leo/Documentos/mestrado/DeepWeeds-Mobile/images/20171218-103142-3.jpg,8,8,8,8,1,0.98116666,0.0069238385,0.00012213377,0.002125558,0.00042034066,9.519411e-05,2.8495144e-05,0.008984125,0.00013359716,0.98116666
/home/leo/Documentos/mestrado/DeepWeeds-Mobile/images/20171113-115831-1.jpg,6,6,6,6,1,0.9574051,6.897521e-05,0.04135221,4.4247114e-10,2.1790143e-07,5.3639413e-09,1.9209253e-06,0.9574051,0.00011702873,0.0010545531
/home/leo/Documentos/mestrado/DeepWeeds-Mobile/images/20171102-123554-3.jpg,2,2,2,2,1,0.9355,6.2498184e-05,1.4966578e-06,0.9355,0.0005784573,0.00024130598,1.4879544e-05,1.6526354e-05,3.215991e-06,0.06358155
/home/leo/Documentos/mestrado/DeepWeeds-Mobile/images/20180109-092502-1.jpg,8,8,8,8,1,0.99952406,6.1171536e-06,0.00025751782,6.158535e-05,2.3438468e-05,5.420689e-05,9.514229e-09,4.670645e-05,2.6384212e-05,0.99952406
/home/leo/Documentos/mestrado/DeepWeeds-Mobile/images/20170129-102202-0.jpg,8,8,8,8,1,0.9997571,0.000120476114,0.00012058463,1.5781541e-12,6.507804e-08,2.1937092e-12,4.504805e-07,2.8509541e-09,1.2593848e-06,0.9997571
/home/leo/Documentos/mestrado/DeepWeeds-Mobile/images/20170610-123827-0.jpg,1,1,1,1,1,0.9342855,0.0045580207,0.9342855,2.8290552e-11,0.00012276851,1.1328472e-07,1.2665171e-06,0.0030589127,0.0012458791,0.056727488
/home/leo/Documentos/mestrado/DeepWeeds-Mobile/images/20171219-100626-3.jpg,8,8,8,8,1,0.9994268,0.00033322166,0.00013166416,3.3531136e-11,1.2743291e-06,7.845727e-09,3.048178e-05,3.9187967e-07,7.6205215e-05,0.9994268
/home/leo/Documentos/mestrado/DeepWeeds-Mobile/images/20170727-143957-1.jpg,4,4,4,4,1,0.6943509,0.0005772684,3.0046544e-05,0.001447952,0.0002215488,0.6943509,0.3011219,6.58901e-08,6.770477e-06,0.0022435144
/home/leo/Documentos/mestrado/DeepWeeds-Mobile/images/20170714-170028-1.jpg,1,1,1,1,1,0.45217434,0.004810546,0.45217434,0.0011545783,0.102242514,0.0051831435,0.00017975096,0.009114076,0.008787031,0.4163541
/home/leo/Documentos/mestrado/DeepWeeds-Mobile/images/20171218-110452-2.jpg,8,8,8,8,1,0.9997558,9.296091e-06,2.0310154e-08,6.8052665e-17,5.569351e-09,2.0970366e-13,0.00023487328,8.494008e-10,5.325728e-09,0.9997558
/home/leo/Documentos/mestrado/DeepWeeds-Mobile/images/20170913-155520-3.jpg,3,3,3,3,1,0.7297145,1.0831382e-07,5.583041e-08,1.1347905e-10,0.7297145,0.012807377,0.019944496,1.3828558e-13,1.7952839e-07,0.23753333
/home/leo/Documentos/mestrado/DeepWeeds-Mobile/images/20180112-104311-2.jpg,8,8,8,8,1,0.87631863,0.008459497,8.8678263e-07,0.114813894,4.4081884e-05,0.0003063393,1.2331764e-05,1.6066354e-06,4.2770393e-05,0.87631863
/home/leo/Documentos/mestrado/DeepWeeds-Mobile/images/20180322-114954-1.jpg,8,8,8,8,1,0.99997616,3.377102e-06,1.4251783e-05,4.127452e-12,4.4106702e-08,8.44474e-08,2.9298855e-08,2.1146316e-09,6.1035994e-06,0.99997616
/home/leo/Documentos/mestrado/DeepWeeds-Mobile/images/20171220-084624-2.jpg,8,8,8,8,1,0.9996418,0.00018211886,2.5624329e-06,2.0702386e-14,1.4396218e-07,7.388728e-13,0.00017012894,1.2061976e-09,3.2778926e-06,0.9996418
/home/leo/Documentos/mestrado/DeepWeeds-Mobile/images/20170728-151426-1.jpg,4,4,4,4,1,0.66402566,0.00019399538,6.759783e-07,0.3033969,0.0018283707,0.66402566,2.3377767e-07,2.453771e-07,3.7878272e-06,0.030550104
/home/leo/Documentos/mestrado/DeepWeeds-Mobile/images/20170207-142840-0.jpg,7,7,7,7,1,0.9975568,0.002432265,6.223839e-08,3.5794792e-09,3.4182962e-11,3.829983e-11,2.3230245e-07,2.1938384e-12,0.9975568,1.0723292e-05
/home/leo/Documentos/mestrado/DeepWeeds-Mobile/images/20171220-095355-1.jpg,8,8,8,8,1,0.9999982,1.42359795e-08,2.1553275e-11,2.5582585e-20,2.2469042e-11,1.2784496e-14,5.287273e-07,1.5677065e-15,1.2579405e-06,0.9999982
/home/leo/Documentos/mestrado/DeepWeeds-Mobile/images/20180109-091220-1.jpg,8,8,8,8,1,0.9926305,1.3054968e-05,0.00018302347,3.3521167e-07,2.2417951e-05,3.3972373e-07,0.0002630639,0.0068739634,1.3291054e-05,0.9926305
/home/leo/Documentos/mestrado/DeepWeeds-Mobile/images/20170920-134228-2.jpg,2,2,2,2,1,0.945361,0.00024418932,4.549518e-06,0.945361,0.0036501212,0.012527582,0.00019546569,1.9243341e-06,1.8209426e-05,0.037996847
/home/leo/Documentos/mestrado/DeepWeeds-Mobile/images/20170210-130453-0.jpg,7,7,7,7,1,0.9999809,1.9043295e-05,1.4840531e-12,1.3585612e-13,3.8612728e-17,4.6587617e-15,3.1475526e-08,5.0741585e-15,0.9999809,1.4381296e-09
/home/leo/Documentos/mestrado/DeepWeeds-Mobile/images/20170217-150428-0.jpg,0,0,0,0,1,0.5768994,0.5768994,0.00034832384,3.1054598e-10,1.1825115e-07,1.3174462e-08,0.0011652659,2.0289639e-05,0.061688732,0.35987782
/home/leo/Documentos/mestrado/DeepWeeds-Mobile/images/20180109-102823-2.jpg,8,2,8,2,0,0.6001177,0.0046150344,2.5549085e-05,0.6001177,0.06781756,0.0049278587,1.834291e-06,0.00026575182,0.0005298886,0.32169878
/home/leo/Documentos/mestrado/DeepWeeds-Mobile/images/20180109-071419-2.jpg,8,8,8,8,1,0.6812141,1.3970641e-05,0.0005089325,3.6820707e-06,3.864198e-06,2.541529e-08,9.786719e-05,0.31800687,0.00015072084,0.6812141
/home/leo/Documentos/mestrado/DeepWeeds-Mobile/images/20170706-111609-0.jpg,7,8,7,8,0,0.7406145,0.047062073,0.0041928883,0.0084480215,0.00950688,0.011487654,1.5745403e-05,0.00020826982,0.17846392,0.7406145
/home/leo/Documentos/mestrado/DeepWeeds-Mobile/images/20180125-095658-2.jpg,8,8,8,8,1,0.9984761,4.4182494e-07,2.772727e-08,0.0006100765,0.0004304497,2.1462333e-06,0.00048017432,4.467501e-07,1.3698356e-07,0.9984761
/home/leo/Documentos/mestrado/DeepWeeds-Mobile/images/20170728-152745-1.jpg,8,8,8,8,1,0.7301139,0.020343341,0.007821267,0.0007579649,0.015126262,0.04638152,0.0004281654,7.5771936e-06,0.17901994,0.7301139
/home/leo/Documentos/mestrado/DeepWeeds-Mobile/images/20170128-103649-0.jpg,8,3,8,3,0,0.47550592,0.0005895499,0.45188463,1.8060845e-08,0.47550592,0.0005918757,2.0453779e-06,2.1585167e-06,0.004127846,0.067295976
/home/leo/Documentos/mestrado/DeepWeeds-Mobile/images/20171113-093918-3.jpg,5,5,5,5,1,0.9358797,0.006020164,5.414594e-06,1.660826e-08,4.0416235e-05,1.0182082e-07,0.9358797,0.038318127,0.0057949433,0.013941096
/home/leo/Documentos/mestrado/DeepWeeds-Mobile/images/20171219-100748-2.jpg,8,8,8,8,1,0.99566555,0.0032057744,6.772271e-05,8.059488e-06,0.00093645323,5.8935416e-06,3.7853453e-05,5.89575e-08,7.266341e-05,0.99566555
/home/leo/Documentos/mestrado/DeepWeeds-Mobile/images/20180109-085716-1.jpg,8,8,8,8,1,0.7191222,0.024056273,0.05287068,9.055433e-07,0.007944073,7.277404e-05,0.0002891621,0.00015862798,0.1954852,0.7191222
/home/leo/Documentos/mestrado/DeepWeeds-Mobile/images/20170610-123110-0.jpg,1,1,1,1,1,0.9826984,0.0004163285,0.9826984,1.0324303e-10,1.309546e-05,1.0689257e-06,1.978854e-06,0.012363896,0.0008248546,0.0036804578
/home/leo/Documentos/mestrado/DeepWeeds-Mobile/images/20171102-103606-1.jpg,2,2,2,2,1,0.9999974,2.078286e-08,8.758175e-12,0.9999974,1.3045706e-06,7.403527e-07,3.498706e-11,7.081262e-11,1.0585403e-09,5.3318837e-07
/home/leo/Documentos/mestrado/DeepWeeds-Mobile/images/20171109-090520-3.jpg,5,5,5,5,1,0.9999813,1.1806148e-07,1.9403262e-10,1.1984285e-16,7.598502e-14,1.6323623e-16,0.9999813,2.4074032e-10,2.017618e-12,1.8595585e-05
/home/leo/Documentos/mestrado/DeepWeeds-Mobile/images/20170704-151121-0.jpg,7,1,7,1,0,0.7608745,0.10118639,0.7608745,0.00028376147,1.892639e-05,0.0010675133,3.0357709e-05,0.008389262,0.08292315,0.045226075
/home/leo/Documentos/mestrado/DeepWeeds-Mobile/images/20180112-072117-2.jpg,8,0,8,0,0,0.47598904,0.47598904,0.021756146,0.0035590294,0.00036963998,0.0011247345,0.04388242,1.2426771e-05,0.32729182,0.12601478
/home/leo/Documentos/mestrado/DeepWeeds-Mobile/images/20180109-092447-2.jpg,8,8,8,8,1,0.9999809,1.8213974e-05,3.0101828e-12,8.952589e-10,3.8620898e-10,2.3319573e-12,1.35818885e-08,9.9947385e-12,8.156111e-07,0.9999809
/home/leo/Documentos/mestrado/DeepWeeds-Mobile/images/20171219-094023-3.jpg,8,8,8,8,1,0.8428543,0.06393312,0.07726669,9.780884e-08,4.727826e-05,3.8697797e-07,0.000724088,5.0016104e-05,0.015123916,0.8428543
/home/leo/Documentos/mestrado/DeepWeeds-Mobile/images/20180125-132133-3.jpg,8,8,8,8,1,0.8720636,0.003003015,0.02841743,0.00021009786,0.036037408,0.05818058,4.436801e-05,1.37011075e-05,0.0020298092,0.8720636
/home/leo/Documentos/mestrado/DeepWeeds-Mobile/images/20180322-102714-2.jpg,8,8,8,8,1,0.99998367,6.720987e-06,2.2032454e-07,2.144534e-09,4.1516723e-06,2.3586674e-06,2.809588e-06,8.572122e-10,4.223471e-08,0.99998367
/home/leo/Documentos/mestrado/DeepWeeds-Mobile/images/20171121-073501-1.jpg,6,6,6,6,1,0.83238506,4.083283e-06,0.09157856,1.530876e-12,9.723337e-07,1.1478839e-08,1.0821192e-06,0.83238506,0.00011063091,0.07591955
/home/leo/Documentos/mestrado/DeepWeeds-Mobile/images/20170920-184010-1.jpg,2,3,2,3,0,0.43508592,0.0065808757,0.00066338276,0.21460557,0.43508592,0.14283,1.0867857e-05,4.148745e-05,0.007053048,0.19312885
/home/leo/Documentos/mestrado/DeepWeeds-Mobile/images/20170715-161925-1.jpg,1,6,1,6,0,0.50514436,0.0011874255,0.3489963,1.4715347e-09,7.186091e-05,1.10532326e-07,0.0010090878,0.50514436,0.0071208207,0.13647003
/home/leo/Documentos/mestrado/DeepWeeds-Mobile/images/20180112-081801-1.jpg,8,8,8,8,1,0.94126064,0.010391854,2.246516e-06,8.490801e-05,0.044264108,2.4401696e-05,8.2946725e-09,4.1746573e-10,0.0039719185,0.94126064
/home/leo/Documentos/mestrado/DeepWeeds-Mobile/images/20171220-091649-3.jpg,8,8,8,8,1,0.69391805,0.29286703,0.0004961157,2.5552465e-05,0.008202805,0.00044930325,0.0005418382,5.8800913e-05,0.0034404593,0.69391805
/home/leo/Documentos/mestrado/DeepWeeds-Mobile/images/20170906-092947-1.jpg,3,3,3,3,1,0.8760106,0.009913837,0.0005949178,3.6463367e-05,0.8760106,0.013804673,2.1431915e-06,1.3240432e-05,0.07119413,0.028430136
/home/leo/Documentos/mestrado/DeepWeeds-Mobile/images/20171219-092910-2.jpg,8,8,8,8,1,0.9999051,7.318433e-05,7.5172665e-08,9.309672e-13,1.225597e-05,2.5415176e-10,6.027617e-06,4.8175495e-09,3.2999053e-06,0.9999051
/home/leo/Documentos/mestrado/DeepWeeds-Mobile/images/20170704-150829-0.jpg,7,0,7,0,0,0.46434942,0.46434942,0.105159625,9.559143e-08,0.0014573368,4.366535e-06,0.000662452,1.8694898e-05,0.10692112,0.3214268
/home/leo/Documentos/mestrado/DeepWeeds-Mobile/images/20171218-104702-3.jpg,8,8,8,8,1,0.9913351,1.1813297e-06,3.857758e-05,3.452255e-15,1.4199296e-06,1.503379e-08,0.008605594,9.717849e-06,8.465257e-06,0.9913351
/home/leo/Documentos/mestrado/DeepWeeds-Mobile/images/20170920-114706-2.jpg,2,4,2,4,0,0.7202034,4.393499e-06,2.2282948e-06,0.26296693,0.00014462932,0.7202034,1.9206336e-08,8.839275e-09,7.6730415e-05,0.01660163
/home/leo/Documentos/mestrado/DeepWeeds-Mobile/images/20170811-112833-2.jpg,0,0,0,0,1,0.9228902,0.9228902,0.0016803216,1.9679261e-07,3.9087314e-07,3.426437e-07,0.00047392008,1.1990079e-08,0.025269376,0.049685232
/home/leo/Documentos/mestrado/DeepWeeds-Mobile/images/20170729-153638-3.jpg,4,4,4,4,1,0.98619866,2.6623932e-06,4.7255998e-07,5.4782845e-07,0.0038608569,0.98619866,7.9974694e-07,1.5660134e-12,1.0881419e-05,0.009924994
/home/leo/Documentos/mestrado/DeepWeeds-Mobile/images/20180109-105459-2.jpg,8,8,8,8,1,0.99894893,0.00058388826,1.3345298e-08,1.2005891e-05,0.00035225865,8.785745e-09,4.4840812e-07,5.0958243e-07,0.00010198177,0.99894893
/home/leo/Documentos/mestrado/DeepWeeds-Mobile/images/20170811-131509-2.jpg,0,0,0,0,1,0.9921131,0.9921131,6.7209145e-09,5.978269e-11,1.1289622e-08,1.9279778e-09,3.1472837e-06,2.6542513e-16,0.0014718492,0.006411883
/home/leo/Documentos/mestrado/DeepWeeds-Mobile/images/20170714-170434-1.jpg,1,1,1,1,1,0.9993624,7.3442484e-06,0.9993624,7.0719344e-15,5.686502e-06,2.5663577e-10,2.848323e-07,0.00026653014,0.00016423516,0.00019361377
/home/leo/Documentos/mestrado/DeepWeeds-Mobile/images/20171025-091416-1.jpg,3,3,3,3,1,0.9931458,0.00025575326,9.36134e-06,1.257871e-06,0.9931458,9.314957e-05,1.4040529e-08,8.12481e-09,7.175333e-05,0.006422939
/home/leo/Documentos/mestrado/DeepWeeds-Mobile/images/20180125-100400-1.jpg,8,8,8,8,1,0.98856646,7.4407103e-06,2.820702e-05,2.0293271e-08,0.00014719779,1.2416058e-08,0.008584032,0.00266635,3.368702e-07,0.98856646
/home/leo/Documentos/mestrado/DeepWeeds-Mobile/images/20170217-095426-0.jpg,7,7,7,7,1,0.99994504,3.9834053e-05,1.2380422e-05,1.5642653e-12,7.2004145e-15,2.7272127e-13,1.8003615e-09,5.377058e-10,0.99994504,2.7179583e-06
/home/leo/Documentos/mestrado/DeepWeeds-Mobile/images/20170728-115920-2.jpg,4,4,4,4,1,0.9968484,7.905665e-05,4.2787338e-08,4.845126e-06,5.5577228e-05,0.9968484,6.142909e-07,1.5341622e-11,1.3324611e-05,0.0029981225
/home/leo/Documentos/mestrado/DeepWeeds-Mobile/images/20171113-121536-1.jpg,6,0,6,0,0,0.8668052,0.8668052,0.09429459,1.03101925e-07,4.0213607e-07,6.204452e-08,0.036338422,0.0008141992,0.000120423065,0.0016264955
/home/leo/Documentos/mestrado/DeepWeeds-Mobile/images/20180109-105210-1.jpg,8,8,8,8,1,0.9986154,3.7713537e-05,1.9641558e-07,4.586628e-05,0.0012921409,4.111364e-07,3.7262268e-08,5.494416e-06,2.8614993e-06,0.9986154
/home/leo/Documentos/mestrado/DeepWeeds-Mobile/images/20180112-082221-1.jpg,8,3,8,3,0,0.67527467,0.0046655196,3.791603e-06,4.3762844e-05,0.67527467,0.0010834838,6.75914e-08,6.899459e-09,0.0045731342,0.3143555
/home/leo/Documentos/mestrado/DeepWeeds-Mobile/images/20170727-143554-1.jpg,4,4,4,4,1,0.88605905,5.649919e-05,1.14263315e-07,0.011521048,0.00014249426,0.88605905,1.8560843e-06,5.956984e-07,5.2438536e-06,0.10221319
/home/leo/Documentos/mestrado/DeepWeeds-Mobile/images/20180322-112908-2.jpg,8,8,8,8,1,0.99999857,9.422149e-08,5.6173303e-07,5.8983946e-14,3.4895632e-07,9.211274e-09,9.693264e-08,2.4787317e-09,2.895845e-07,0.99999857
/home/leo/Documentos/mestrado/DeepWeeds-Mobile/images/20171203-172940-3.jpg,8,8,8,8,1,0.9725364,0.0017116892,0.024576383,4.7506347e-08,1.7149383e-05,4.9439865e-07,0.00010389278,3.738603e-05,0.0010165636,0.9725364
/home/leo/Documentos/mestrado/DeepWeeds-Mobile/images/20170906-135839-1.jpg,3,3,3,3,1,0.49942327,0.062014375,8.692848e-06,0.2793263,0.49942327,0.015832976,2.8540526e-07,2.191091e-07,0.0036226811,0.13977115
/home/leo/Documentos/mestrado/DeepWeeds-Mobile/images/20171220-085211-3.jpg,8,7,8,7,0,0.9655657,0.004794869,0.0014493482,1.0722591e-11,1.4635417e-09,6.782667e-11,5.2596736e-08,3.135961e-07,0.9655657,0.028189668
/home/leo/Documentos/mestrado/DeepWeeds-Mobile/images/20180112-080611-2.jpg,8,8,8,8,1,0.924402,0.018003885,0.00062778447,0.015217132,0.02511821,0.0156019535,1.3340756e-06,0.00024683296,0.0007807564,0.924402
/home/leo/Documentos/mestrado/DeepWeeds-Mobile/images/20170630-155611-0.jpg,7,7,7,7,1,0.9986854,0.0012346804,5.7988735e-05,5.442686e-13,2.4008488e-12,3.8048956e-12,3.4929167e-07,2.0938261e-08,0.9986854,2.158437e-05
/home/leo/Documentos/mestrado/DeepWeeds-Mobile/images/20180109-070000-1.jpg,8,8,8,8,1,0.9908069,3.2587774e-08,5.069107e-06,6.1946824e-13,6.330868e-12,1.155124e-13,2.7096048e-08,0.00918625,1.7710014e-06,0.9908069
/home/leo/Documentos/mestrado/DeepWeeds-Mobile/images/20171220-101346-1.jpg,8,8,8,8,1,0.9997296,3.9451998e-06,3.987236e-05,1.6148164e-16,0.0002229793,2.2725985e-10,3.98789e-07,1.4764104e-09,3.1927304e-06,0.9997296
/home/leo/Documentos/mestrado/DeepWeeds-Mobile/images/20171113-150406-3.jpg,6,6,6,6,1,0.67828006,0.1939377,0.0014193663,1.2184722e-07,1.4094372e-05,8.923945e-07,0.01047905,0.67828006,0.004273092,0.11159562
/home/leo/Documentos/mestrado/DeepWeeds-Mobile/images/20171109-071849-1.jpg,5,5,5,5,1,0.99399155,3.0211531e-05,6.3948933e-06,1.8577695e-10,2.0454837e-07,1.2265465e-09,0.99399155,5.337124e-06,1.8218441e-06,0.005964421
/home/leo/Documentos/mestrado/DeepWeeds-Mobile/images/20170729-092523-1.jpg,4,4,4,4,1,0.9932247,1.4831201e-06,2.3456108e-08,4.4626782e-09,3.4019922e-05,0.9932247,1.1640553e-08,8.2844464e-14,0.00021705816,0.006522671
/home/leo/Documentos/mestrado/DeepWeeds-Mobile/images/20180112-094329-1.jpg,8,8,8,8,1,0.885195,0.0020412616,2.1727093e-08,0.0042306012,0.10816796,5.505352e-06,1.2592566e-05,5.4820555e-07,0.0003465427,0.885195
/home/leo/Documentos/mestrado/DeepWeeds-Mobile/images/20171218-105735-2.jpg,8,8,8,8,1,0.9999703,1.7809802e-05,6.6272396e-06,2.2333846e-13,2.1070614e-06,6.569215e-10,1.0472144e-08,1.0962161e-08,3.2134947e-06,0.9999703
/home/leo/Documentos/mestrado/DeepWeeds-Mobile/images/20170920-094709-2.jpg,4,8,4,8,0,0.4746004,0.021917734,0.05372716,0.00070094544,0.15673506,0.121348076,0.00041948693,0.0005889488,0.16996223,0.4746004
/home/leo/Documentos/mestrado/DeepWeeds-Mobile/images/20180119-110622-1.jpg,8,8,8,8,1,0.92340845,0.00017799178,0.016699428,7.6204656e-06,0.0013416518,7.103049e-06,6.4794995e-06,0.058154196,0.00019701406,0.92340845
/home/leo/Documentos/mestrado/DeepWeeds-Mobile/images/20180109-085325-2.jpg,8,3,8,3,0,0.57585734,0.09247614,0.10081572,2.9554194e-08,0.57585734,3.2899607e-06,8.3989136e-05,2.8829889e-05,0.084108785,0.1466259
/home/leo/Documentos/mestrado/DeepWeeds-Mobile/images/20170714-190005-1.jpg,1,1,1,1,1,0.99987614,2.4238698e-06,0.99987614,5.6824836e-12,3.3072682e-09,6.379249e-11,1.02984075e-07,3.0461013e-05,3.622209e-05,5.4661865e-05
/home/leo/Documentos/mestrado/DeepWeeds-Mobile/images/20170920-120020-2.jpg,2,2,2,2,1,0.86633646,0.001611367,1.1245143e-05,0.86633646,0.005507247,0.052459843,1.2738758e-07,6.9607304e-05,2.0228694e-05,0.07398382
/home/leo/Documentos/mestrado/DeepWeeds-Mobile/images/20180109-070508-1.jpg,8,8,8,8,1,0.9994591,6.529213e-07,8.8398365e-06,1.4814192e-07,5.218722e-08,1.752463e-08,9.827881e-08,0.0005243282,6.896273e-06,0.9994591
/home/leo/Documentos/mestrado/DeepWeeds-Mobile/images/20180322-120115-2.jpg,8,8,8,8,1,0.9999938,7.91357e-10,3.0417404e-08,1.9284955e-14,5.797974e-06,3.304438e-07,1.282063e-10,4.4424027e-11,2.5288296e-08,0.9999938
/home/leo/Documentos/mestrado/DeepWeeds-Mobile/images/20171218-103116-2.jpg,8,8,8,8,1,0.8644418,0.10665766,0.00021056588,1.2677787e-09,0.00012902223,5.2456643e-09,0.0002773795,3.326069e-10,0.028283563,0.8644418
/home/leo/Documentos/mestrado/DeepWeeds-Mobile/images/20180112-073147-2.jpg,8,8,8,8,1,0.9713598,0.00077042193,0.00025816288,7.861248e-05,0.011596621,0.0146045005,4.561258e-09,3.7220417e-07,0.0013314547,0.9713598
/home/leo/Documentos/mestrado/DeepWeeds-Mobile/images/20170727-140450-1.jpg,4,4,4,4,1,0.9942486,0.000119671284,3.0834194e-06,0.00042285674,0.0009082275,0.9942486,2.804187e-09,1.2951783e-10,0.000515638,0.0037819184
/home/leo/Documentos/mestrado/DeepWeeds-Mobile/images/20171109-093204-2.jpg,5,5,5,5,1,0.99850416,5.175541e-06,6.4793e-06,3.315534e-14,1.48286335e-05,3.8296935e-12,0.99850416,1.4602246e-07,4.222035e-08,0.0014692486
/home/leo/Documentos/mestrado/DeepWeeds-Mobile/images/20170913-122716-1.jpg,5,5,5,5,1,0.9999597,2.1757127e-05,2.4569472e-08,1.6454851e-11,4.677899e-06,7.576682e-08,0.9999597,1.7837479e-10,1.0559753e-06,1.2778577e-05
/home/leo/Documentos/mestrado/DeepWeeds-Mobile/images/20171109-093142-2.jpg,5,5,5,5,1,0.94448596,2.1913207e-05,1.4079085e-07,6.0223435e-18,2.85809e-10,3.7127537e-16,0.94448596,6.2093447e-10,3.6118777e-09,0.055492043
/home/leo/Documentos/mestrado/DeepWeeds-Mobile/images/20170405-155046-0.jpg,0,0,0,0,1,0.9854747,0.9854747,0.00022429244,2.7025181e-15,3.004964e-10,3.9118475e-14,5.847983e-07,7.333838e-09,0.0098594,0.004441018
/home/leo/Documentos/mestrado/DeepWeeds-Mobile/images/20170714-110726-3.jpg,1,1,1,1,1,0.8117678,0.099304244,0.8117678,1.6048364e-07,3.7423843e-06,1.6036753e-05,0.0006535514,0.009675409,0.014250528,0.06432851
/home/leo/Documentos/mestrado/DeepWeeds-Mobile/images/20180125-095232-2.jpg,8,8,8,8,1,0.9896004,3.2216824e-06,1.7714927e-09,2.1678284e-07,0.010342309,7.616023e-08,5.3767984e-05,3.1113175e-11,5.541728e-09,0.9896004
/home/leo/Documentos/mestrado/DeepWeeds-Mobile/images/20170706-130147-3.jpg,1,1,1,1,1,0.98877573,0.0036750876,0.98877573,8.08885e-11,1.0623801e-09,2.2903082e-10,3.3770505e-06,7.8611487e-07,0.0072287302,0.0003162851
/home/leo/Documentos/mestrado/DeepWeeds-Mobile/images/20180322-130624-1.jpg,8,8,8,8,1,0.99832124,1.1774724e-06,9.416039e-06,3.505701e-12,7.148699e-08,2.7551517e-10,0.0016680424,4.2717538e-08,5.6219516e-08,0.99832124
/home/leo/Documentos/mestrado/DeepWeeds-Mobile/images/20180109-072219-2.jpg,8,8,8,8,1,0.9717167,1.2691521e-08,2.3251455e-06,1.804715e-06,1.9314498e-08,2.0929411e-08,1.6937674e-05,0.028260827,1.333993e-06,0.9717167
/home/leo/Documentos/mestrado/DeepWeeds-Mobile/images/20170210-132327-0.jpg,0,0,0,0,1,0.9864886,0.9864886,0.0076712267,4.161039e-09,8.857954e-08,2.553673e-10,1.7237535e-05,4.618746e-06,0.0024450906,0.0033732436
/home/leo/Documentos/mestrado/DeepWeeds-Mobile/images/20170217-152111-0.jpg,0,0,0,0,1,0.9982017,0.9982017,4.733412e-11,1.9221255e-15,3.3603892e-13,1.5165793e-14,3.558805e-08,4.663627e-19,0.001797926,2.1631188e-07
/home/leo/Documentos/mestrado/DeepWeeds-Mobile/images/20171219-110355-3.jpg,8,8,8,8,1,0.99835616,0.0015263133,9.5363375e-06,5.494058e-12,5.5064993e-05,3.5340925e-10,2.6239803e-05,1.0575567e-10,2.663475e-05,0.99835616
/home/leo/Documentos/mestrado/DeepWeeds-Mobile/images/20171212-093821-1.jpg,8,8,8,8,1,0.99988914,4.9113814e-06,2.455359e-08,3.5717726e-14,0.000103260136,1.34813325e-08,4.4714326e-08,4.8434305e-11,2.669202e-06,0.99988914
/home/leo/Documentos/mestrado/DeepWeeds-Mobile/images/20180109-095016-2.jpg,8,8,8,8,1,0.99428725,2.0718582e-05,2.535519e-06,0.00465605,0.0009665619,4.3129625e-05,5.952362e-06,1.2110517e-05,5.6315102e-06,0.99428725
/home/leo/Documentos/mestrado/DeepWeeds-Mobile/images/20171219-094851-2.jpg,8,8,8,8,1,0.9997841,0.00015293201,9.052621e-07,2.450689e-12,2.1800709e-06,4.0674516e-11,5.918504e-05,7.2771003e-09,6.384488e-07,0.9997841
/home/leo/Documentos/mestrado/DeepWeeds-Mobile/images/20170906-112042-4.jpg,3,3,3,3,1,0.9723588,0.00045311177,8.843279e-06,0.003089905,0.9723588,0.019691927,8.613535e-09,1.6153061e-08,3.5404704e-05,0.004361957
/home/leo/Documentos/mestrado/DeepWeeds-Mobile/images/20180125-094400-1.jpg,8,8,8,8,1,0.99593353,5.6340745e-05,3.2420744e-06,3.766642e-09,0.0036864409,7.0290383e-07,0.00031260034,1.1437079e-06,5.799455e-06,0.99593353
/home/leo/Documentos/mestrado/DeepWeeds-Mobile/images/20171102-103043-3.jpg,2,4,2,4,0,0.57611156,0.00054652634,0.00041269438,0.23257856,0.00018091824,0.57611156,0.16437544,0.0011301418,0.00035855031,0.024305599
/home/leo/Documentos/mestrado/DeepWeeds-Mobile/images/20171205-141149-2.jpg,8,8,8,8,1,0.99991906,1.8875327e-05,4.3611312e-08,1.8213908e-16,1.7928832e-06,2.41771e-12,6.0123006e-05,5.9624317e-10,1.5027067e-07,0.99991906
/home/leo/Documentos/mestrado/DeepWeeds-Mobile/images/20170217-120132-0.jpg,0,0,0,0,1,0.9988237,0.9988237,5.2960377e-07,1.001687e-12,1.8909678e-11,3.891038e-13,1.9250422e-06,1.1489606e-13,0.0001469645,0.0010268718
/home/leo/Documentos/mestrado/DeepWeeds-Mobile/images/20170727-130016-3.jpg,4,4,4,4,1,0.5718181,0.0002115268,1.39091135e-05,0.2755886,0.041358873,0.5718181,7.248369e-06,2.3605398e-06,1.9734627e-05,0.11097969
/home/leo/Documentos/mestrado/DeepWeeds-Mobile/images/20180112-103542-2.jpg,8,8,8,8,1,0.651143,0.00053866586,0.013173263,0.0049755126,0.00031592944,0.00013151142,7.340579e-05,0.32766533,0.0019833718,0.651143
/home/leo/Documentos/mestrado/DeepWeeds-Mobile/images/20170217-095626-0.jpg,7,7,7,7,1,0.99999857,1.2249479e-06,4.4771106e-08,8.790225e-14,7.7554453e-16,3.0544835e-14,1.8890811e-10,7.596032e-12,0.99999857,2.0729173e-07
/home/leo/Documentos/mestrado/DeepWeeds-Mobile/images/20180112-071308-2.jpg,8,8,8,8,1,0.9838769,0.00035830244,3.5427904e-05,8.221687e-05,0.013801801,0.0018072671,5.7941674e-10,2.5479122e-07,3.788703e-05,0.9838769
/home/leo/Documentos/mestrado/DeepWeeds-Mobile/images/20171113-101853-3.jpg,5,5,5,5,1,0.9992168,4.4612367e-05,2.1289578e-08,6.407249e-11,1.0417498e-11,9.198917e-12,0.9992168,2.5369695e-10,5.7740723e-09,0.0007385529
/home/leo/Documentos/mestrado/DeepWeeds-Mobile/images/20171219-100345-2.jpg,8,8,8,8,1,0.63183004,0.35230634,0.00015734731,3.880368e-05,0.0042421366,1.2016193e-06,0.011173419,3.2440057e-05,0.00021828765,0.63183004
/home/leo/Documentos/mestrado/DeepWeeds-Mobile/images/20171121-181146-2.jpg,6,6,6,6,1,0.9990746,7.4276877e-06,0.0001893433,6.0250356e-13,1.2809792e-07,1.1301162e-09,3.701588e-09,0.9990746,4.6919056e-05,0.0006816056
/home/leo/Documentos/mestrado/DeepWeeds-Mobile/images/20171205-123723-2.jpg,8,8,8,8,1,0.9993154,0.0006447916,5.960083e-06,1.3081573e-11,4.8733377e-06,5.2079665e-09,1.8038652e-05,9.0803263e-07,9.93269e-06,0.9993154
/home/leo/Documentos/mestrado/DeepWeeds-Mobile/images/20170728-120037-2.jpg,4,4,4,4,1,0.99743587,5.728275e-08,4.3942616e-10,8.040006e-09,2.1160718e-05,0.99743587,2.1626827e-10,8.4736336e-14,2.5709426e-08,0.0025429763
/home/leo/Documentos/mestrado/DeepWeeds-Mobile/images/20170705-162324-0.jpg,7,7,7,7,1,0.8761827,0.11642536,0.002594385,4.5796384e-08,2.3095322e-06,2.5844577e-06,0.00013212448,8.074477e-10,0.8761827,0.004660441
/home/leo/Documentos/mestrado/DeepWeeds-Mobile/images/20180125-091537-1.jpg,8,8,8,8,1,0.99996567,5.3517842e-06,6.5562235e-06,2.2418743e-07,2.2449094e-06,8.1446515e-06,5.880358e-08,5.301425e-09,1.1795858e-05,0.99996567
/home/leo/Documentos/mestrado/DeepWeeds-Mobile/images/20171219-112206-3.jpg,8,8,8,8,1,0.99891484,0.00023130525,1.18688495e-05,2.6632912e-05,7.4449094e-06,0.00016458721,4.9427797e-07,0.00042643107,0.00021648864,0.99891484
/home/leo/Documentos/mestrado/DeepWeeds-Mobile/images/20171205-140925-2.jpg,8,8,8,8,1,0.9949531,2.3761222e-05,7.4841154e-07,5.344413e-13,1.1633199e-06,2.1135035e-11,0.005017251,3.917326e-06,1.00854e-07,0.9949531
/home/leo/Documentos/mestrado/DeepWeeds-Mobile/images/20180112-091209-2.jpg,8,8,8,8,1,0.9643755,0.033237178,3.3393124e-10,2.4709325e-06,7.633564e-06,2.3511277e-09,1.4848029e-06,1.2473814e-14,0.0023757718,0.9643755
/home/leo/Documentos/mestrado/DeepWeeds-Mobile/images/20180112-101411-1.jpg,8,0,8,0,0,0.52501494,0.52501494,0.03566119,9.782607e-07,4.4351902e-05,4.978628e-06,0.0049160942,0.00022077911,0.21648948,0.21764721
/home/leo/Documentos/mestrado/DeepWeeds-Mobile/images/20170913-105021-1.jpg,3,3,3,3,1,0.9999852,9.491639e-10,7.8070717e-10,3.0730216e-09,0.9999852,2.2304544e-06,4.0255816e-09,1.3971727e-14,7.965571e-12,1.2535251e-05
/home/leo/Documentos/mestrado/DeepWeeds-Mobile/images/20180105-095140-2.jpg,8,8,8,8,1,0.7796829,0.025593942,0.017068699,0.0062394375,0.029319942,0.010901706,0.00026511526,0.10120636,0.029721988,0.7796829
/home/leo/Documentos/mestrado/DeepWeeds-Mobile/images/20180105-091529-2.jpg,8,8,8,8,1,0.99999416,1.510537e-09,4.7596544e-07,1.203316e-08,2.272269e-09,1.0474964e-09,2.286817e-09,5.336076e-06,1.5483423e-08,0.99999416
/home/leo/Documentos/mestrado/DeepWeeds-Mobile/images/20170920-182700-1.jpg,2,2,2,2,1,0.99991834,2.782048e-09,2.4545277e-11,0.99991834,1.8585346e-06,6.819026e-05,3.2661532e-08,5.6132647e-11,5.1017435e-10,1.15239845e-05
/home/leo/Documentos/mestrado/DeepWeeds-Mobile/images/20171220-091832-3.jpg,8,8,8,8,1,0.9997852,7.319455e-05,4.809834e-07,1.4025795e-11,1.5751995e-05,2.0173815e-07,5.244365e-05,6.0705173e-07,7.2102936e-05,0.9997852
/home/leo/Documentos/mestrado/DeepWeeds-Mobile/images/20171102-100358-2.jpg,4,8,4,8,0,0.88102424,0.0014393562,0.0009746502,0.023526672,0.020860048,0.0712681,9.815185e-07,0.00035148746,0.0005545018,0.88102424
/home/leo/Documentos/mestrado/DeepWeeds-Mobile/images/20170718-100046-2.jpg,0,0,0,0,1,0.5928956,0.5928956,0.07126487,1.7254358e-07,3.0945146e-05,6.712936e-07,0.005541737,0.06603476,0.030898908,0.2333323
/home/leo/Documentos/mestrado/DeepWeeds-Mobile/images/20180105-092741-2.jpg,8,8,8,8,1,0.7520087,0.0015320982,0.0070517315,3.8055948e-06,0.00044865854,8.2758737e-07,0.00023616299,0.23736833,0.0013497181,0.7520087
/home/leo/Documentos/mestrado/DeepWeeds-Mobile/images/20170906-105324-1.jpg,3,3,3,3,1,0.4380136,0.006000068,0.0005075625,0.000111281035,0.4380136,0.21435554,5.112275e-07,2.7156473e-05,0.048807662,0.29217663
/home/leo/Documentos/mestrado/DeepWeeds-Mobile/images/20170704-151310-0.jpg,7,7,7,7,1,0.8757088,0.039365564,0.007456657,1.1523005e-09,0.000785498,7.954047e-06,5.821523e-05,4.3085458e-07,0.8757088,0.07661694
/home/leo/Documentos/mestrado/DeepWeeds-Mobile/images/20170811-130004-1.jpg,0,0,0,0,1,0.9987301,0.9987301,0.00011428807,1.7059634e-07,2.8092416e-08,2.623289e-05,0.00061773945,3.655657e-11,0.00036590235,0.00014556081
/home/leo/Documentos/mestrado/DeepWeeds-Mobile/images/20170714-135413-3.jpg,1,1,1,1,1,0.52438194,0.00034356155,0.52438194,7.822713e-07,0.00090622524,4.6623722e-06,4.291058e-05,0.00014672051,7.7342906e-05,0.47409597
/home/leo/Documentos/mestrado/DeepWeeds-Mobile/images/20180322-130759-1.jpg,8,8,8,8,1,0.99867576,0.00091550994,4.6262038e-08,6.4877804e-07,5.1957566e-05,4.863148e-05,3.6209684e-08,2.9543334e-12,0.00030751753,0.99867576
/home/leo/Documentos/mestrado/DeepWeeds-Mobile/images/20170913-102722-2.jpg,3,3,3,3,1,0.99073553,3.6804984e-06,4.1679225e-08,0.0046982327,0.99073553,0.00040728782,0.003140737,1.46988e-09,1.7073665e-08,0.0010145744
/home/leo/Documentos/mestrado/DeepWeeds-Mobile/images/20170727-164636-1.jpg,4,4,4,4,1,0.9929878,0.001598344,5.475602e-06,9.539252e-06,0.002082319,0.9929878,1.171074e-09,7.681006e-12,0.0017918503,0.0015246299
/home/leo/Documentos/mestrado/DeepWeeds-Mobile/images/20171102-103158-3.jpg,2,2,2,2,1,0.9978235,6.5729625e-07,2.5249913e-09,0.9978235,2.1110084e-06,0.001975011,6.507239e-06,8.9994813e-07,1.2550258e-07,0.0001911305
/home/leo/Documentos/mestrado/DeepWeeds-Mobile/images/20171109-093025-1.jpg,5,5,5,5,1,0.9943859,2.2442318e-08,1.4704791e-11,1.1464159e-20,6.66828e-12,4.2928024e-16,0.9943859,6.267329e-12,1.1355827e-12,0.0056139953
/home/leo/Documentos/mestrado/DeepWeeds-Mobile/images/20180125-092056-1.jpg,8,8,8,8,1,0.99965036,8.073418e-05,0.00010139593,2.9851228e-07,6.969798e-05,2.2999675e-05,9.645247e-08,3.269017e-06,7.115451e-05,0.99965036
/home/leo/Documentos/mestrado/DeepWeeds-Mobile/images/20180112-080753-1.jpg,8,8,8,8,1,0.9545426,0.0029847168,0.0010200422,0.0007358269,0.034396425,0.0036833265,9.698324e-07,3.313535e-05,0.0026029474,0.9545426
/home/leo/Documentos/mestrado/DeepWeeds-Mobile/images/20171102-121155-1.jpg,2,2,2,2,1,0.9999534,4.3171497e-07,4.7853933e-11,0.9999534,1.2704597e-06,1.1101414e-06,6.045919e-09,2.413621e-10,1.3899913e-07,4.368243e-05
/home/leo/Documentos/mestrado/DeepWeeds-Mobile/images/20180322-130245-1.jpg,8,8,8,8,1,0.99997044,1.5195641e-06,9.0898664e-07,1.2076842e-11,8.6361797e-07,8.915358e-08,2.5335901e-05,2.0704307e-09,7.360995e-07,0.99997044
/home/leo/Documentos/mestrado/DeepWeeds-Mobile/images/20180109-090947-2.jpg,8,8,8,8,1,0.99654937,1.7402128e-05,6.4320327e-09,6.835524e-09,0.0034145701,4.9987425e-10,1.6093523e-05,4.273774e-07,2.1232988e-06,0.99654937
/home/leo/Documentos/mestrado/DeepWeeds-Mobile/images/20171113-112836-0.jpg,6,6,6,6,1,0.99985814,5.7361216e-08,1.6333368e-05,4.0480324e-11,4.542547e-08,1.1186493e-09,1.1503125e-10,0.99985814,1.13216274e-07,0.00012532325
/home/leo/Documentos/mestrado/DeepWeeds-Mobile/images/20171219-112706-2.jpg,8,8,8,8,1,0.99295855,9.769004e-05,8.658306e-06,0.00035326421,5.1859493e-05,0.0010004595,4.937041e-07,0.005402881,0.00012621011,0.99295855
/home/leo/Documentos/mestrado/DeepWeeds-Mobile/images/20171220-101330-1.jpg,8,8,8,8,1,0.99998057,8.417881e-06,8.738723e-08,6.010896e-17,9.116511e-06,1.4721049e-12,8.658273e-08,4.7535717e-12,1.6421062e-06,0.99998057
/home/leo/Documentos/mestrado/DeepWeeds-Mobile/images/20180112-081228-2.jpg,8,8,8,8,1,0.73303866,0.025888735,0.00010848848,0.010631927,0.22504716,0.0046231677,2.0526453e-07,9.1958884e-07,0.00066066784,0.73303866
/home/leo/Documentos/mestrado/DeepWeeds-Mobile/images/20170127-101805-0.jpg,1,1,1,1,1,0.9356784,0.00024844665,0.9356784,1.3327762e-09,0.0026921877,1.721404e-06,9.660642e-05,0.009475433,0.006575821,0.045231394
/home/leo/Documentos/mestrado/DeepWeeds-Mobile/images/20171025-075115-2.jpg,3,0,3,0,0,0.82660335,0.82660335,0.00048542343,2.0021268e-10,0.023055458,8.4730006e-10,3.4935538e-06,9.427339e-07,0.04462905,0.10522229
/home/leo/Documentos/mestrado/DeepWeeds-Mobile/images/20180109-104520-1.jpg,8,3,8,3,0,0.838031,0.021270765,0.00010374209,0.006445718,0.838031,0.0054098056,1.334502e-06,0.00012395455,0.0015773881,0.12703624
/home/leo/Documentos/mestrado/DeepWeeds-Mobile/images/20180119-110426-1.jpg,8,8,8,8,1,0.9998791,7.231163e-05,3.0266065e-06,5.007504e-09,5.7167915e-07,2.452291e-09,4.3831285e-05,1.8442478e-07,8.0494993e-07,0.9998791
/home/leo/Documentos/mestrado/DeepWeeds-Mobile/images/20180119-111634-2.jpg,8,8,8,8,1,0.99110365,0.0057029803,0.00031821502,7.545849e-06,0.0011315455,6.703941e-07,3.8543403e-06,0.0013860707,0.00034549704,0.99110365
/home/leo/Documentos/mestrado/DeepWeeds-Mobile/images/20170217-113329-0.jpg,0,0,0,0,1,0.99626213,0.99626213,3.3949647e-07,7.08859e-14,1.8212713e-14,3.385313e-13,2.3595096e-06,4.631795e-12,1.432309e-05,0.0037209138
/home/leo/Documentos/mestrado/DeepWeeds-Mobile/images/20171109-071206-1.jpg,5,5,5,5,1,0.9966648,4.7568457e-07,8.143734e-06,8.226267e-13,8.2475236e-09,2.32372e-11,0.9966648,2.7419024e-05,5.022638e-08,0.003299029
/home/leo/Documentos/mestrado/DeepWeeds-Mobile/images/20171113-095154-1.jpg,5,0,5,0,0,0.96063054,0.96063054,0.00036676996,1.1897639e-08,1.7811518e-08,3.8601403e-08,0.009400167,1.1237619e-05,0.016947769,0.012643493
/home/leo/Documentos/mestrado/DeepWeeds-Mobile/images/20180119-115419-1.jpg,8,8,8,8,1,0.89984775,0.015181172,0.00076808385,0.043609995,0.002401376,0.0005097318,5.305361e-05,0.03726453,0.00036432812,0.89984775
/home/leo/Documentos/mestrado/DeepWeeds-Mobile/images/20171220-083350-2.jpg,8,8,8,8,1,0.99973017,2.0316364e-07,6.178919e-11,5.5388566e-17,3.2144143e-08,3.5737074e-13,0.00026952787,3.048312e-13,1.2054778e-10,0.99973017
/home/leo/Documentos/mestrado/DeepWeeds-Mobile/images/20180109-101610-2.jpg,8,8,8,8,1,0.9555439,0.023432095,8.634528e-05,0.012991454,0.005280407,5.8301473e-05,0.00081541523,0.00017381768,0.0016182796,0.9555439
/home/leo/Documentos/mestrado/DeepWeeds-Mobile/images/20170714-113918-2.jpg,1,8,1,8,0,0.5369126,0.0056389254,0.35032994,1.895018e-08,7.313471e-06,7.768269e-06,0.00032859534,0.09291752,0.01385729,0.5369126
/home/leo/Documentos/mestrado/DeepWeeds-Mobile/images/20170913-105705-3.jpg,5,5,5,5,1,0.9002128,0.09174983,0.0014986985,1.6447647e-09,3.360019e-06,5.1992725e-08,0.9002128,8.73975e-09,0.005613245,0.0009218942
/home/leo/Documentos/mestrado/DeepWeeds-Mobile/images/20171113-150538-3.jpg,6,6,6,6,1,0.66783303,0.0002655368,0.0051251063,6.5512395e-05,0.00017005332,1.935673e-05,9.915361e-06,0.66783303,0.0012259262,0.32528558
/home/leo/Documentos/mestrado/DeepWeeds-Mobile/images/20170304-131916-0.jpg,7,7,7,7,1,0.7369832,3.8485134e-05,1.1191409e-07,5.2319162e-09,2.3086e-13,1.344226e-09,3.5373194e-08,9.5411856e-08,0.7369832,0.26297802
/home/leo/Documentos/mestrado/DeepWeeds-Mobile/images/20171113-123150-1.jpg,6,6,6,6,1,0.9999597,1.2160909e-09,1.0140661e-06,8.731051e-10,4.2746368e-08,2.2423376e-09,5.7246723e-07,0.9999597,1.4176796e-08,3.8574606e-05
/home/leo/Documentos/mestrado/DeepWeeds-Mobile/images/20171102-103143-1.jpg,2,2,2,2,1,0.9534995,3.5857713e-05,1.9159775e-06,0.9534995,0.0074428483,0.0031153935,4.7824877e-08,2.2514423e-05,9.881215e-06,0.035872154
/home/leo/Documentos/mestrado/DeepWeeds-Mobile/images/20171109-071641-1.jpg,5,8,5,8,0,0.56806695,7.1780116e-05,3.8246602e-05,4.53469e-05,6.9217185e-06,1.1086426e-06,0.4272141,0.0043779165,0.00017764463,0.56806695
/home/leo/Documentos/mestrado/DeepWeeds-Mobile/images/20171219-094001-2.jpg,8,8,8,8,1,0.94049776,0.010009288,0.007800964,4.9194264e-06,0.041212987,3.85072e-05,0.00029893086,2.4630584e-05,0.00011198143,0.94049776
/home/leo/Documentos/mestrado/DeepWeeds-Mobile/images/20170913-104022-2.jpg,3,3,3,3,1,0.99727374,3.059629e-05,6.534226e-07,4.5864654e-06,0.99727374,1.9519553e-05,0.00014982192,1.5191289e-09,3.2444873e-08,0.002521046
/home/leo/Documentos/mestrado/DeepWeeds-Mobile/images/20170410-124528-0.jpg,0,7,0,7,0,0.5708245,0.42624462,6.5251453e-07,1.1709059e-10,7.8397693e-07,1.6680215e-11,3.3905371e-06,5.232244e-14,0.5708245,0.0029260584
/home/leo/Documentos/mestrado/DeepWeeds-Mobile/images/20170707-112142-0.jpg,0,3,0,3,0,0.43474472,0.182748,1.0185548e-06,0.005193315,0.43474472,0.00048749056,3.5693603e-08,1.4393456e-09,0.0055064484,0.371319
/home/leo/Documentos/mestrado/DeepWeeds-Mobile/images/20170501-144442-0.jpg,1,1,1,1,1,0.64864683,0.03125788,0.64864683,5.5204104e-08,8.642477e-05,1.4984586e-06,0.00021993466,3.2996886e-05,0.041767508,0.2779869
/home/leo/Documentos/mestrado/DeepWeeds-Mobile/images/20170913-101243-2.jpg,3,3,3,3,1,0.9996661,9.808491e-12,1.1509314e-11,1.6236362e-12,0.9996661,1.0924615e-05,6.477093e-07,1.2820839e-16,2.2216848e-14,0.00032237777
/home/leo/Documentos/mestrado/DeepWeeds-Mobile/images/20180105-100415-2.jpg,8,8,8,8,1,0.99998534,2.1857538e-10,1.8749542e-08,3.2977377e-06,1.078168e-10,3.2472072e-09,5.543461e-10,1.1238264e-05,7.036113e-08,0.99998534
/home/leo/Documentos/mestrado/DeepWeeds-Mobile/images/20171113-151802-1.jpg,6,6,6,6,1,0.9999678,5.8631123e-08,2.8685425e-05,6.363276e-13,3.4997857e-10,6.12883e-11,8.7431706e-10,0.9999678,4.3340115e-08,3.3688004e-06
/home/leo/Documentos/mestrado/DeepWeeds-Mobile/images/20170728-153615-3.jpg,8,8,8,8,1,0.92196333,0.0071232556,0.0013451977,0.016545087,0.001942141,0.043602932,0.0001093749,1.3925803e-05,0.0073547885,0.92196333
/home/leo/Documentos/mestrado/DeepWeeds-Mobile/images/20170718-132324-2.jpg,7,7,7,7,1,0.51090133,0.12550768,0.20048039,8.7684304e-05,0.0660382,0.00088932685,0.00042408274,0.00012290834,0.51090133,0.09554847
/home/leo/Documentos/mestrado/DeepWeeds-Mobile/images/20170920-180224-1.jpg,2,2,2,2,1,0.9997421,8.426007e-10,1.2131639e-10,0.9997421,6.916086e-09,1.3856957e-05,4.697546e-08,9.2248514e-10,9.387103e-09,0.00024386872
/home/leo/Documentos/mestrado/DeepWeeds-Mobile/images/20180125-134626-3.jpg,8,8,8,8,1,0.7957919,0.027211685,0.011367526,0.00012699605,0.008652882,0.0390407,0.00014303518,0.00038911315,0.11727617,0.7957919
/home/leo/Documentos/mestrado/DeepWeeds-Mobile/images/20171025-093500-3.jpg,3,3,3,3,1,0.9858675,0.009222622,2.557895e-07,0.0015661309,0.9858675,0.0002670161,5.5957255e-08,1.3839452e-09,0.00050710153,0.0025692175
/home/leo/Documentos/mestrado/DeepWeeds-Mobile/images/20170714-142244-3.jpg,1,1,1,1,1,0.9975569,0.00025149205,0.9975569,2.3168474e-11,1.6710187e-06,2.356067e-06,1.3324797e-06,2.6867065e-05,0.0018413069,0.00031799427
/home/leo/Documentos/mestrado/DeepWeeds-Mobile/images/20170727-143818-1.jpg,4,4,4,4,1,0.9678065,0.00015506752,5.5717633e-06,4.4876793e-07,0.0024994954,0.9678065,1.0229624e-11,5.9814087e-10,2.4165192e-06,0.029530521
/home/leo/Documentos/mestrado/DeepWeeds-Mobile/images/20170920-162231-3.jpg,2,2,2,2,1,0.99167544,1.1561282e-05,2.0738784e-07,0.99167544,0.0009033036,0.0035533332,1.7564682e-08,8.528715e-08,1.6523878e-06,0.0038543728
/home/leo/Documentos/mestrado/DeepWeeds-Mobile/images/20170126-095525-0.jpg,1,1,1,1,1,0.99884427,4.662721e-05,0.99884427,1.8019813e-13,1.2279556e-07,6.358243e-11,1.5953287e-07,0.0005314544,0.00025728944,0.00032007362
/home/leo/Documentos/mestrado/DeepWeeds-Mobile/images/20180109-074204-2.jpg,8,8,8,8,1,0.9979494,0.0019859797,5.3561885e-06,1.192989e-11,1.1847228e-09,1.9008077e-10,1.271527e-06,4.978799e-06,5.292528e-05,0.9979494
/home/leo/Documentos/mestrado/DeepWeeds-Mobile/images/20180109-100222-2.jpg,8,8,8,8,1,0.93244666,4.3842797e-06,0.00053193234,0.00019127892,0.00010931367,2.3138964e-06,0.0016574654,0.06505518,1.5413036e-06,0.93244666
/home/leo/Documentos/mestrado/DeepWeeds-Mobile/images/20180125-132605-2.jpg,8,8,8,8,1,0.9994968,0.00034709647,6.2995186e-06,9.511813e-09,2.4156466e-07,0.00012263819,1.1297818e-08,1.2410462e-10,2.6962758e-05,0.9994968
/home/leo/Documentos/mestrado/DeepWeeds-Mobile/images/20170920-183814-1.jpg,2,2,2,2,1,0.9939959,1.9263928e-06,7.2359114e-08,0.9939959,0.0005032118,0.0052393894,4.9092836e-05,4.2448498e-08,4.9142884e-08,0.00021038936
/home/leo/Documentos/mestrado/DeepWeeds-Mobile/images/20180125-135154-3.jpg,8,8,8,8,1,0.9179247,0.009167694,0.009084079,7.9593694e-05,0.007531818,0.026561746,5.1550647e-05,4.2437396e-06,0.02959465,0.9179247
/home/leo/Documentos/mestrado/DeepWeeds-Mobile/images/20171220-093231-2.jpg,8,8,8,8,1,0.9999223,6.5038034e-06,5.374234e-08,2.2272328e-09,9.154558e-06,1.8465124e-06,5.7360547e-05,2.3649059e-06,4.3745686e-07,0.9999223
/home/leo/Documentos/mestrado/DeepWeeds-Mobile/images/20170715-100013-1.jpg,1,1,1,1,1,0.9999974,6.2135985e-10,0.9999974,5.924811e-16,6.453369e-15,1.7170639e-16,8.428966e-13,1.8845104e-06,5.24886e-09,7.875694e-07
/home/leo/Documentos/mestrado/DeepWeeds-Mobile/images/20171203-173105-3.jpg,8,8,8,8,1,0.7086054,0.0064196903,0.27437988,1.9360015e-11,2.3081534e-06,2.0855886e-08,0.007112312,0.00202113,0.0014592529,0.7086054
/home/leo/Documentos/mestrado/DeepWeeds-Mobile/images/20170405-155128-0.jpg,0,0,0,0,1,0.96769667,0.96769667,5.324125e-09,1.8396307e-10,1.3503284e-09,3.3059833e-12,6.253993e-05,4.2930477e-12,0.025247259,0.0069935946
/home/leo/Documentos/mestrado/DeepWeeds-Mobile/images/20170501-143522-0.jpg,1,1,1,1,1,0.99308574,0.0001394462,0.99308574,6.685686e-13,8.85713e-09,8.5875684e-10,6.853065e-07,0.00063879485,8.32025e-05,0.0060521304
/home/leo/Documentos/mestrado/DeepWeeds-Mobile/images/20180109-085320-1.jpg,8,8,8,8,1,0.743304,0.0077770688,6.041272e-05,1.3425623e-06,2.158106e-05,3.102209e-07,0.07761628,0.17013952,0.0010793937,0.743304
/home/leo/Documentos/mestrado/DeepWeeds-Mobile/images/20180105-095619-2.jpg,8,8,8,8,1,0.9990975,6.151199e-07,5.098935e-07,3.626606e-05,3.9610805e-07,4.426984e-06,9.428407e-09,0.00084946083,1.0719553e-05,0.9990975
/home/leo/Documentos/mestrado/DeepWeeds-Mobile/images/20170610-121905-0.jpg,1,0,1,0,0,0.57711333,0.57711333,0.29039678,2.231072e-09,0.00016159708,1.2706582e-07,0.00010943948,8.2137205e-07,0.11981564,0.012402179
/home/leo/Documentos/mestrado/DeepWeeds-Mobile/images/20180322-104436-1.jpg,8,8,8,8,1,0.99620533,0.00019247203,2.0087887e-08,4.1606e-10,2.5431737e-06,7.2199526e-07,5.5042176e-07,1.10459694e-16,0.0035983005,0.99620533
/home/leo/Documentos/mestrado/DeepWeeds-Mobile/images/20180125-094105-1.jpg,8,8,8,8,1,0.9999852,6.5170873e-09,1.1527701e-09,1.1493987e-11,1.458182e-05,7.0882685e-08,2.210302e-08,2.0465396e-12,2.2289615e-10,0.9999852
/home/leo/Documentos/mestrado/DeepWeeds-Mobile/images/20170714-143722-2.jpg,1,1,1,1,1,0.9241775,0.017948722,0.9241775,1.927292e-10,1.9273058e-07,1.0893645e-08,1.8623685e-05,0.016053198,0.018645758,0.023155935
/home/leo/Documentos/mestrado/DeepWeeds-Mobile/images/20170906-134454-2.jpg,3,8,3,8,0,0.57633835,0.08447422,1.9551857e-05,0.051717352,0.27955797,0.0030616848,2.6430737e-07,2.6582458e-07,0.00483026,0.57633835
/home/leo/Documentos/mestrado/DeepWeeds-Mobile/images/20171025-100813-3.jpg,3,3,3,3,1,0.9965758,0.0008422513,7.581753e-08,0.0009998996,0.9965758,0.0004375918,3.0814582e-09,2.0033883e-09,1.2134907e-05,0.0011322418
/home/leo/Documentos/mestrado/DeepWeeds-Mobile/images/20171113-133026-3.jpg,6,6,6,6,1,0.9986961,7.396149e-07,1.2703468e-06,1.5495912e-09,5.8062144e-10,7.596392e-08,6.669584e-05,0.9986961,8.37319e-06,0.0012267055
/home/leo/Documentos/mestrado/DeepWeeds-Mobile/images/20180105-104550-1.jpg,8,8,8,8,1,0.99140257,2.3759485e-05,0.0012501918,0.0010897812,5.669576e-05,6.008671e-05,9.9633864e-05,0.0054351944,0.0005821697,0.99140257
/home/leo/Documentos/mestrado/DeepWeeds-Mobile/images/20180112-100852-1.jpg,8,6,8,6,0,0.79970247,0.00076071767,0.027474493,0.00039636513,0.0022241587,0.00026397215,0.0002523437,0.79970247,0.0018175851,0.16710782
/home/leo/Documentos/mestrado/DeepWeeds-Mobile/images/20171102-121802-2.jpg,2,2,2,2,1,0.9992206,0.00017616453,5.135784e-08,0.9992206,0.00010297443,4.635688e-05,1.5105509e-07,1.0296611e-09,1.2375917e-06,0.00045240662
/home/leo/Documentos/mestrado/DeepWeeds-Mobile/images/20170714-121158-2.jpg,1,1,1,1,1,0.9540453,0.0007700587,0.9540453,1.5194258e-06,0.003142368,0.0006673575,2.46298e-05,0.027214674,0.0026604168,0.01147372
/home/leo/Documentos/mestrado/DeepWeeds-Mobile/images/20171109-091742-1.jpg,5,5,5,5,1,0.9998189,1.3700673e-05,1.4885518e-07,3.953993e-18,1.6043849e-11,4.7126986e-15,0.9998189,7.829702e-11,1.7331216e-09,0.00016728268
/home/leo/Documentos/mestrado/DeepWeeds-Mobile/images/20170210-150136-0.jpg,0,0,0,0,1,0.9999727,0.9999727,3.7759898e-07,2.501827e-13,3.021216e-14,2.566902e-13,1.099836e-07,8.8443815e-11,2.7890783e-06,2.4125968e-05
/home/leo/Documentos/mestrado/DeepWeeds-Mobile/images/20170501-145604-0.jpg,8,8,8,8,1,0.8826032,0.09419465,0.00072036695,0.010123415,0.0025301406,0.0007561457,6.754284e-05,3.4005778e-05,0.008970426,0.8826032
/home/leo/Documentos/mestrado/DeepWeeds-Mobile/images/20170811-125945-1.jpg,0,0,0,0,1,0.99870586,0.99870586,2.4915919e-06,9.780882e-12,2.2907848e-10,3.6274355e-09,2.976719e-05,1.3675343e-15,0.0011718813,8.997215e-05
/home/leo/Documentos/mestrado/DeepWeeds-Mobile/images/20171025-095741-3.jpg,3,3,3,3,1,0.9724601,0.0016620987,4.059596e-07,0.011967139,0.9724601,0.002011879,7.1606427e-09,1.4634035e-08,4.4357766e-05,0.011853904
/home/leo/Documentos/mestrado/DeepWeeds-Mobile/images/20170630-154345-0.jpg,7,7,7,7,1,0.9828977,0.0011529004,0.015649507,8.7471874e-10,1.5820661e-09,3.6987585e-10,1.3809052e-06,0.00015654543,0.9828977,0.00014192612
/home/leo/Documentos/mestrado/DeepWeeds-Mobile/images/20180109-092239-2.jpg,8,8,8,8,1,0.9999901,6.494935e-08,1.299946e-08,1.9265137e-07,9.39629e-06,1.6271299e-08,7.681683e-08,6.904633e-09,8.726393e-09,0.9999901
/home/leo/Documentos/mestrado/DeepWeeds-Mobile/images/20180125-092957-1.jpg,8,8,8,8,1,0.99994993,1.040746e-07,3.0486305e-07,2.9143758e-08,2.7673674e-05,2.1985368e-05,2.1846825e-08,1.07915024e-10,4.0915477e-08,0.99994993
/home/leo/Documentos/mestrado/DeepWeeds-Mobile/images/20171122-101630-1.jpg,5,5,5,5,1,0.99986815,4.7441395e-06,3.0668246e-09,1.8621454e-14,2.850388e-14,1.4026213e-14,0.99986815,4.074443e-10,4.9268658e-12,0.00012702873
/home/leo/Documentos/mestrado/DeepWeeds-Mobile/images/20161207-111917-0.jpg,0,8,0,8,0,0.9874973,0.0095927175,1.045858e-07,1.0813067e-15,2.5988218e-08,9.563033e-12,0.0029084187,1.5473783e-09,1.4856073e-06,0.9874973
/home/leo/Documentos/mestrado/DeepWeeds-Mobile/images/20171102-120436-1.jpg,2,2,2,2,1,1.0,8.8799926e-13,2.8910788e-16,1.0,2.2964266e-11,7.68992e-13,2.635803e-13,2.3289133e-15,7.2660445e-14,1.9848754e-08
/home/leo/Documentos/mestrado/DeepWeeds-Mobile/images/20171220-090700-2.jpg,8,8,8,8,1,0.8778546,0.10043117,9.765131e-05,2.0573968e-06,0.01809279,0.00034305765,0.0017587171,8.9053765e-06,0.001411052,0.8778546
/home/leo/Documentos/mestrado/DeepWeeds-Mobile/images/20171218-114714-2.jpg,8,8,8,8,1,0.97275984,0.012914029,0.002502486,1.6537409e-09,0.009679611,2.615029e-08,6.838452e-05,1.4397799e-05,0.0020613493,0.97275984
/home/leo/Documentos/mestrado/DeepWeeds-Mobile/images/20180112-081243-1.jpg,8,8,8,8,1,0.9570325,0.002445621,7.8685436e-05,0.0018945257,0.017144319,0.020431781,1.0474005e-07,1.8576882e-06,0.0009707629,0.9570325
/home/leo/Documentos/mestrado/DeepWeeds-Mobile/images/20180322-115701-2.jpg,8,8,8,8,1,0.98149365,5.9970926e-06,7.849143e-08,7.487192e-06,0.018479377,5.683193e-06,8.539688e-08,7.2926823e-06,4.2408442e-07,0.98149365
/home/leo/Documentos/mestrado/DeepWeeds-Mobile/images/20180105-092708-2.jpg,8,8,8,8,1,0.78692394,0.00050761545,0.0009750645,4.0106253e-05,5.887574e-05,1.2404176e-05,8.370061e-05,0.2100529,0.0013453882,0.78692394
/home/leo/Documentos/mestrado/DeepWeeds-Mobile/images/20170217-114526-0.jpg,7,7,7,7,1,0.99980617,0.00011905452,1.743545e-11,7.602307e-13,2.2056772e-13,5.0131145e-15,3.4901912e-08,1.141844e-13,0.99980617,7.473805e-05
/home/leo/Documentos/mestrado/DeepWeeds-Mobile/images/20170727-144045-3.jpg,4,4,4,4,1,0.9999008,7.2639085e-07,2.4401814e-08,3.4170503e-06,1.19617835e-05,0.9999008,1.7247011e-07,7.1482154e-13,6.5740454e-07,8.214486e-05
/home/leo/Documentos/mestrado/DeepWeeds-Mobile/images/20171218-103327-3.jpg,8,8,8,8,1,0.8299093,0.01067261,0.00012544791,0.15389983,0.0019525378,0.0021754918,3.4050605e-05,0.00089432404,0.00033636962,0.8299093
/home/leo/Documentos/mestrado/DeepWeeds-Mobile/images/20171219-113011-3.jpg,8,8,8,8,1,0.98940396,2.8286566e-05,1.6498818e-06,0.0025261892,0.00027241724,0.0010206386,4.4549015e-08,0.0066655218,8.132422e-05,0.98940396
/home/leo/Documentos/mestrado/DeepWeeds-Mobile/images/20171113-092616-3.jpg,5,5,5,5,1,0.9997828,5.2347974e-07,2.7748518e-08,3.2442046e-12,5.7515814e-09,7.579648e-12,0.9997828,8.02736e-05,1.07854355e-07,0.00013626316
/home/leo/Documentos/mestrado/DeepWeeds-Mobile/images/20170217-115735-0.jpg,0,0,0,0,1,0.9999231,0.9999231,2.1402813e-07,4.3123518e-13,1.136897e-12,4.991131e-13,2.2639342e-05,1.16943235e-11,9.800647e-07,5.305651e-05
/home/leo/Documentos/mestrado/DeepWeeds-Mobile/images/20171109-195110-1.jpg,5,5,5,5,1,0.99153954,1.9286733e-06,6.567934e-07,2.3341623e-19,3.079889e-12,2.0381967e-15,0.99153954,2.04825e-09,6.5003922e-09,0.008457849
/home/leo/Documentos/mestrado/DeepWeeds-Mobile/images/20180125-133750-3.jpg,8,8,8,8,1,0.82582027,0.020476462,0.042264767,1.4229749e-05,0.014467938,6.3185005e-05,0.005728962,0.051682383,0.03948175,0.82582027
/home/leo/Documentos/mestrado/DeepWeeds-Mobile/images/20180125-132807-3.jpg,8,8,8,8,1,0.8045143,0.002502787,0.13235529,0.00033995937,0.008974651,0.0005515536,0.0013921721,0.043804135,0.005565152,0.8045143
/home/leo/Documentos/mestrado/DeepWeeds-Mobile/images/20170727-113341-1.jpg,4,4,4,4,1,0.73783773,1.302069e-05,1.9313277e-06,0.22486293,0.018043263,0.73783773,0.014051612,1.038141e-06,1.2225192e-07,0.0051883617
/home/leo/Documentos/mestrado/DeepWeeds-Mobile/images/20171220-085256-2.jpg,8,8,8,8,1,0.99907434,0.00016745119,4.1870404e-08,2.2586415e-14,4.261824e-06,6.35813e-11,1.5995151e-06,4.6511953e-10,0.00075233635,0.99907434
/home/leo/Documentos/mestrado/DeepWeeds-Mobile/images/20170727-120128-3.jpg,4,4,4,4,1,0.967196,4.0740645e-07,1.7022021e-08,0.0028159434,0.00010478066,0.967196,0.023344828,5.5608506e-08,4.7656215e-07,0.006537429
/home/leo/Documentos/mestrado/DeepWeeds-Mobile/images/20180125-131311-3.jpg,8,8,8,8,1,0.826408,0.0048146746,0.09238813,0.00011579638,0.02125076,0.0071936953,0.0008470175,0.00048909313,0.046492744,0.826408
/home/leo/Documentos/mestrado/DeepWeeds-Mobile/images/20170217-113901-0.jpg,0,0,0,0,1,0.99998605,0.99998605,1.3721794e-07,8.8335616e-14,3.370828e-14,3.2734953e-13,6.0233094e-07,5.9616145e-10,1.1750951e-05,1.459926e-06
/home/leo/Documentos/mestrado/DeepWeeds-Mobile/images/20170920-095829-1.jpg,2,2,2,2,1,0.99949074,4.3618537e-10,5.3773785e-08,0.99949074,1.1912313e-06,1.5052997e-05,4.3797797e-09,6.403985e-05,9.529345e-10,0.00042898013
/home/leo/Documentos/mestrado/DeepWeeds-Mobile/images/20180109-101318-2.jpg,8,8,8,8,1,0.9983498,1.9928327e-06,0.00019008653,6.891799e-06,4.9120017e-06,1.1800187e-06,0.00019939791,0.0012446544,1.0420184e-06,0.9983498
/home/leo/Documentos/mestrado/DeepWeeds-Mobile/images/20171220-100330-2.jpg,8,8,8,8,1,0.99991524,1.5887028e-05,3.2348326e-09,7.8796235e-16,5.940926e-08,1.8088058e-13,6.8857975e-05,3.9514791e-10,7.3306055e-09,0.99991524
/home/leo/Documentos/mestrado/DeepWeeds-Mobile/images/20171203-165600-3.jpg,8,8,8,8,1,0.9644712,0.01174553,0.01550143,1.1397556e-06,0.001591316,1.695694e-07,0.00086460204,0.004808294,0.0010163876,0.9644712
/home/leo/Documentos/mestrado/DeepWeeds-Mobile/images/20180125-130415-3.jpg,8,8,8,8,1,0.97111446,0.010665289,0.00014778071,4.2367916e-05,0.0052469615,0.00022337429,0.00014034602,4.651095e-08,0.01241944,0.97111446
/home/leo/Documentos/mestrado/DeepWeeds-Mobile/images/20171219-094201-2.jpg,8,8,8,8,1,0.99591804,0.0026204383,7.3209434e-05,9.702382e-09,5.7473102e-05,1.6235298e-08,0.0013032443,1.8865508e-06,2.567759e-05,0.99591804
/home/leo/Documentos/mestrado/DeepWeeds-Mobile/images/20171122-100643-1.jpg,5,5,5,5,1,0.9803785,0.015417261,1.236214e-05,6.231776e-11,1.2632212e-10,1.7783575e-11,0.9803785,6.157418e-09,3.877991e-07,0.004191505
/home/leo/Documentos/mestrado/DeepWeeds-Mobile/images/20170920-120103-2.jpg,2,2,2,2,1,0.9991591,2.067204e-06,5.564937e-08,0.9991591,1.91175e-05,3.7529648e-05,2.3718415e-07,2.2061869e-07,1.402075e-06,0.00078023504
/home/leo/Documentos/mestrado/DeepWeeds-Mobile/images/20171025-081851-3.jpg,3,3,3,3,1,0.6627198,0.23397094,0.0020273703,0.0017106018,0.6627198,0.0053231684,1.5111291e-05,0.00026436505,0.0039072265,0.090061516
/home/leo/Documentos/mestrado/DeepWeeds-Mobile/images/20170728-153408-1.jpg,4,4,4,4,1,0.9990196,1.582947e-09,7.6169654e-11,7.130381e-11,0.00047353675,0.9990196,3.368618e-10,3.389683e-16,5.330451e-09,0.0005068831
/home/leo/Documentos/mestrado/DeepWeeds-Mobile/images/20180119-111517-2.jpg,8,8,8,8,1,0.9698169,0.020299872,0.0015782169,0.00043399146,0.0044430997,0.00012823417,5.6120556e-05,0.0022453337,0.0009983693,0.9698169
/home/leo/Documentos/mestrado/DeepWeeds-Mobile/images/20170714-135001-3.jpg,1,1,1,1,1,0.5469063,0.12184433,0.5469063,1.0494238e-06,0.001289064,0.000110432586,0.011686473,0.0004340121,0.09384734,0.22388096
/home/leo/Documentos/mestrado/DeepWeeds-Mobile/images/20170729-092214-2.jpg,4,4,4,4,1,0.9996582,1.3132783e-05,1.2778377e-09,4.6335824e-08,1.8852712e-06,0.9996582,1.3931375e-10,3.2250659e-15,0.00029512733,3.1686508e-05
/home/leo/Documentos/mestrado/DeepWeeds-Mobile/images/20170705-162951-0.jpg,0,7,0,7,0,0.87325525,0.0828833,0.013591736,1.2397185e-05,0.00024066963,0.00015656148,0.008517452,5.5419767e-09,0.87325525,0.021342574
/home/leo/Documentos/mestrado/DeepWeeds-Mobile/images/20170207-142452-0.jpg,7,7,7,7,1,0.98559785,0.014155975,7.219518e-05,3.2842958e-11,2.9447483e-11,4.5471394e-11,4.4101992e-07,1.4196315e-06,0.98559785,0.00017211307
/home/leo/Documentos/mestrado/DeepWeeds-Mobile/images/20180125-094825-1.jpg,8,8,8,8,1,0.9999877,8.8596595e-11,2.6840977e-10,6.357506e-13,6.5105282e-06,7.486707e-12,5.7167663e-06,8.711264e-11,3.4626763e-11,0.9999877
/home/leo/Documentos/mestrado/DeepWeeds-Mobile/images/20180125-100528-2.jpg,8,8,8,8,1,0.968368,3.7193903e-08,4.055021e-10,1.4873993e-06,0.03162946,1.3605924e-07,8.776912e-07,7.707722e-11,2.8436595e-10,0.968368
/home/leo/Documentos/mestrado/DeepWeeds-Mobile/images/20171220-091842-3.jpg,8,8,8,8,1,0.99693274,0.0005927622,5.826728e-06,1.4421803e-08,5.660229e-05,0.00013709928,0.002262366,1.1214994e-08,1.2552732e-05,0.99693274
/home/leo/Documentos/mestrado/DeepWeeds-Mobile/images/20171212-105011-3.jpg,8,8,8,8,1,0.99116164,0.006860486,1.0838661e-05,4.16724e-13,2.1975475e-06,1.1420515e-09,2.2326253e-07,1.5505988e-12,0.001964689,0.99116164
/home/leo/Documentos/mestrado/DeepWeeds-Mobile/images/20170714-111510-1.jpg,1,8,1,8,0,0.76219475,0.11906262,0.014897282,1.9472398e-06,0.004701878,3.7701427e-06,0.07233099,7.313747e-07,0.026806159,0.76219475
/home/leo/Documentos/mestrado/DeepWeeds-Mobile/images/20170729-092929-2.jpg,4,4,4,4,1,0.99856263,1.6756514e-05,5.709254e-07,0.00027025648,0.0007000537,0.99856263,1.1090445e-10,1.5014791e-10,2.4740211e-05,0.00042495746
/home/leo/Documentos/mestrado/DeepWeeds-Mobile/images/20171219-112327-2.jpg,8,8,8,8,1,0.98855853,0.0010892291,7.276434e-05,4.1077074e-06,0.009808781,9.180608e-05,4.831625e-05,0.00015696681,0.00016953557,0.98855853
/home/leo/Documentos/mestrado/DeepWeeds-Mobile/images/20180109-105537-1.jpg,8,8,8,8,1,0.99424034,0.00035517273,1.5329999e-05,0.00045766463,0.0041993167,0.00029070163,2.4561598e-07,1.4679098e-06,0.00043957346,0.99424034
/home/leo/Documentos/mestrado/DeepWeeds-Mobile/images/20180119-110505-1.jpg,8,8,8,8,1,0.99169993,0.003143103,0.0010040301,5.12902e-08,4.4116045e-05,1.3542911e-08,0.00207588,0.00014898396,0.0018838288,0.99169993
/home/leo/Documentos/mestrado/DeepWeeds-Mobile/images/20180109-070719-2.jpg,8,8,8,8,1,0.9909441,8.472946e-05,3.8165363e-05,0.0004076205,2.8021024e-05,1.2797226e-05,2.1457856e-06,0.008452145,3.0426487e-05,0.9909441
/home/leo/Documentos/mestrado/DeepWeeds-Mobile/images/20171220-100527-1.jpg,8,8,8,8,1,0.9998518,0.00014318335,2.4849024e-07,1.1058593e-19,7.9539353e-10,2.2767625e-15,4.1303514e-07,8.917785e-12,4.4001113e-06,0.9998518
/home/leo/Documentos/mestrado/DeepWeeds-Mobile/images/20180109-074114-2.jpg,8,8,8,8,1,0.97279865,0.0008478789,0.0016135783,1.3112011e-10,1.9511202e-08,1.6091368e-09,5.02683e-05,0.024439275,0.00025045234,0.97279865
/home/leo/Documentos/mestrado/DeepWeeds-Mobile/images/20180109-102917-1.jpg,8,8,8,8,1,0.9975471,4.9574723e-05,1.9248375e-05,0.00094317686,0.0011383911,0.0002856389,3.1493192e-09,1.3614269e-06,1.5489015e-05,0.9975471
/home/leo/Documentos/mestrado/DeepWeeds-Mobile/images/20170706-112654-0.jpg,7,8,7,8,0,0.87070996,0.023350202,0.008655239,5.2346648e-05,0.005598535,0.00045584573,0.0027123126,0.0021018977,0.0863637,0.87070996
/home/leo/Documentos/mestrado/DeepWeeds-Mobile/images/20171218-105607-2.jpg,8,8,8,8,1,0.988096,0.010622672,2.4892604e-05,2.7503386e-10,2.3848324e-06,9.716752e-09,7.5891905e-05,1.0230503e-06,0.0011771314,0.988096
/home/leo/Documentos/mestrado/DeepWeeds-Mobile/images/20170217-145137-0.jpg,7,7,7,7,1,0.99995315,4.6356457e-05,1.5166521e-10,2.6525057e-15,3.6845348e-16,1.4467101e-15,3.8090273e-09,7.451616e-12,0.99995315,5.2578014e-07
/home/leo/Documentos/mestrado/DeepWeeds-Mobile/images/20170714-143358-3.jpg,1,1,1,1,1,0.7634143,0.00088283676,0.7634143,2.0629871e-09,2.7720738e-05,1.3327112e-06,8.049758e-06,0.23321034,0.0012053951,0.0012500151
/home/leo/Documentos/mestrado/DeepWeeds-Mobile/images/20180109-102956-2.jpg,8,8,8,8,1,0.9156458,0.010044957,2.5442073e-06,0.062086556,0.009884537,0.0014029333,9.2705676e-07,2.641483e-06,0.0009290841,0.9156458
/home/leo/Documentos/mestrado/DeepWeeds-Mobile/images/20171109-090359-1.jpg,5,5,5,5,1,0.9921853,1.7400203e-05,8.786058e-05,2.8730581e-12,4.94625e-09,5.0202026e-10,0.9921853,0.00029239725,7.614656e-07,0.0074163876
/home/leo/Documentos/mestrado/DeepWeeds-Mobile/images/20171102-103717-2.jpg,2,2,2,2,1,0.98539007,3.7311445e-05,9.386851e-09,0.98539007,0.006062614,0.00021875388,1.0497726e-08,4.7198787e-09,1.6498407e-05,0.008274678
/home/leo/Documentos/mestrado/DeepWeeds-Mobile/images/20171109-085222-3.jpg,5,8,5,8,0,0.80760545,0.12758277,3.889229e-06,5.6653155e-14,2.7936976e-06,3.305432e-14,0.06476064,1.0731047e-06,4.3419957e-05,0.80760545
/home/leo/Documentos/mestrado/DeepWeeds-Mobile/images/20161207-112006-0.jpg,0,0,0,0,1,0.9801404,0.9801404,0.015044513,9.17535e-11,1.0343748e-06,1.9793325e-09,0.0006227878,4.7457906e-05,0.0028847116,0.00125903
/home/leo/Documentos/mestrado/DeepWeeds-Mobile/images/20180109-100212-1.jpg,8,8,8,8,1,0.9978551,0.00042382412,6.825441e-07,0.0014259501,8.455112e-05,0.00011573466,4.3080266e-08,3.4968338e-08,9.3958624e-05,0.9978551
/home/leo/Documentos/mestrado/DeepWeeds-Mobile/images/20170728-145927-1.jpg,8,4,8,4,0,0.56894976,0.017358793,0.0017137723,0.15489589,0.02116798,0.56894976,0.0025075257,0.00017010585,0.0016407605,0.23159538
/home/leo/Documentos/mestrado/DeepWeeds-Mobile/images/20171212-095017-1.jpg,8,8,8,8,1,0.99999416,3.4975187e-08,2.9357545e-09,3.1413067e-17,5.4819175e-06,8.766721e-12,2.5460636e-09,3.0743164e-12,3.0195142e-07,0.99999416
/home/leo/Documentos/mestrado/DeepWeeds-Mobile/images/20170727-170217-1.jpg,4,4,4,4,1,0.99975294,7.790406e-05,4.494241e-08,6.123168e-07,3.8328406e-05,0.99975294,2.4579725e-11,3.4053977e-15,8.0758095e-05,4.9397004e-05
/home/leo/Documentos/mestrado/DeepWeeds-Mobile/images/20170714-134152-1.jpg,1,1,1,1,1,0.9965477,1.7426279e-05,0.9965477,9.513104e-11,2.4536866e-05,1.5849521e-07,8.654085e-07,2.538596e-05,0.00016846541,0.003215464
/home/leo/Documentos/mestrado/DeepWeeds-Mobile/images/20180112-103611-1.jpg,8,8,8,8,1,0.9797339,0.019015403,1.125484e-05,0.00023507523,3.4756362e-05,2.1897192e-06,6.719704e-05,0.00014159737,0.00075864076,0.9797339
/home/leo/Documentos/mestrado/DeepWeeds-Mobile/images/20180105-102209-1.jpg,8,8,8,8,1,0.9757866,1.0990425e-06,9.408129e-06,1.1105357e-05,3.794348e-05,2.474987e-07,1.7998564e-05,0.024134869,8.088898e-07,0.9757866
/home/leo/Documentos/mestrado/DeepWeeds-Mobile/images/20171102-093416-3.jpg,4,8,4,8,0,0.35700962,0.0001978922,0.0009032395,7.1109534e-05,0.31085795,0.33087796,5.131856e-09,1.8088215e-06,8.045389e-05,0.35700962
/home/leo/Documentos/mestrado/DeepWeeds-Mobile/images/20170217-113124-0.jpg,7,7,7,7,1,0.9999995,4.7011963e-07,4.871702e-09,9.863719e-16,2.3125674e-17,2.3530141e-15,3.634516e-10,7.630342e-11,0.9999995,1.7903309e-08
/home/leo/Documentos/mestrado/DeepWeeds-Mobile/images/20171113-131834-2.jpg,6,6,6,6,1,0.9994597,2.1884523e-08,0.00046256345,3.4535486e-11,1.5744321e-08,1.4727208e-10,2.0599888e-09,0.9994597,7.667423e-08,7.7668476e-05
/home/leo/Documentos/mestrado/DeepWeeds-Mobile/images/20180112-101635-2.jpg,8,8,8,8,1,0.9999906,9.274663e-06,3.225712e-12,3.4392573e-09,1.3150698e-11,1.2813982e-11,2.033317e-09,1.0570354e-14,1.5020447e-07,0.9999906
/home/leo/Documentos/mestrado/DeepWeeds-Mobile/images/20171220-093046-2.jpg,8,8,8,8,1,0.9915098,0.0057012625,7.110325e-06,6.8571254e-08,0.0020062875,1.696697e-05,6.3001055e-05,0.00012862674,0.00056686887,0.9915098
/home/leo/Documentos/mestrado/DeepWeeds-Mobile/images/20170405-160035-0.jpg,0,8,0,8,0,0.6351983,0.3484008,5.1847965e-05,2.9088397e-07,0.0060953973,1.5964518e-07,1.3675559e-05,1.7596006e-09,0.01023943,0.6351983
/home/leo/Documentos/mestrado/DeepWeeds-Mobile/images/20170217-120051-0.jpg,0,0,0,0,1,0.9999975,0.9999975,9.106876e-11,6.481121e-16,2.7924336e-16,7.003781e-16,6.7399725e-07,4.8134927e-17,7.320156e-09,1.8474916e-06
/home/leo/Documentos/mestrado/DeepWeeds-Mobile/images/20170714-142512-3.jpg,1,1,1,1,1,0.7421507,0.0008985541,0.7421507,1.6364302e-11,1.0844129e-08,5.9877575e-10,6.607648e-06,0.2549927,0.0019307636,2.0593061e-05
/home/leo/Documentos/mestrado/DeepWeeds-Mobile/images/20170729-092158-1.jpg,4,4,4,4,1,0.9989999,4.4612825e-06,3.587607e-08,9.737517e-08,1.2879955e-05,0.9989999,1.4536843e-10,1.4483288e-14,1.10791625e-05,0.00097161275
/home/leo/Documentos/mestrado/DeepWeeds-Mobile/images/20180125-133844-3.jpg,8,8,8,8,1,0.60219216,0.046696175,0.14330406,0.00021648887,0.02527247,0.0005797815,0.087969474,0.013409374,0.08036006,0.60219216
/home/leo/Documentos/mestrado/DeepWeeds-Mobile/images/20180125-092702-2.jpg,8,8,8,8,1,0.99990475,2.4980314e-05,1.1719142e-05,4.887382e-11,3.4460882e-08,2.714172e-09,5.804254e-05,1.6169467e-07,3.0018458e-07,0.99990475
/home/leo/Documentos/mestrado/DeepWeeds-Mobile/images/20171220-095157-2.jpg,8,8,8,8,1,0.9986515,0.0013247291,2.9254853e-08,1.418646e-13,1.4621353e-06,8.098187e-10,2.004361e-05,8.699969e-08,1.97739e-06,0.9986515
/home/leo/Documentos/mestrado/DeepWeeds-Mobile/images/20170728-124749-2.jpg,4,4,4,4,1,0.99579865,3.742664e-06,7.206643e-08,3.9948478e-07,0.00026382576,0.99579865,9.89323e-07,2.48646e-10,4.498235e-06,0.003927869
/home/leo/Documentos/mestrado/DeepWeeds-Mobile/images/20170728-152727-1.jpg,8,4,8,4,0,0.8967559,0.00032354853,2.371257e-06,4.3032473e-05,0.0026687728,0.8967559,1.6077438e-07,6.073385e-11,0.00022962377,0.09997659
/home/leo/Documentos/mestrado/DeepWeeds-Mobile/images/20180105-101131-2.jpg,8,8,8,8,1,0.99999475,1.4144279e-09,1.0449593e-08,1.0400371e-06,9.113558e-11,2.1041389e-08,6.099002e-11,4.174774e-06,1.9661233e-08,0.99999475
/home/leo/Documentos/mestrado/DeepWeeds-Mobile/images/20171220-091520-3.jpg,8,8,8,8,1,0.8780031,0.032955047,0.000734872,2.2768916e-09,0.0015463299,1.4337337e-07,0.0833643,3.7204347e-06,0.0033924235,0.8780031
/home/leo/Documentos/mestrado/DeepWeeds-Mobile/images/20171109-071344-3.jpg,5,5,5,5,1,0.9912812,3.0325693e-05,4.6329733e-06,5.182251e-13,9.486259e-09,2.4222497e-11,0.9912812,3.618984e-08,3.915166e-05,0.008644714
/home/leo/Documentos/mestrado/DeepWeeds-Mobile/images/20171113-061420-1.jpg,6,6,6,6,1,0.9765979,3.7208963e-07,0.00013933847,2.0885238e-07,1.7820234e-06,8.990891e-08,1.1170399e-07,0.9765979,2.6984899e-06,0.023257468
/home/leo/Documentos/mestrado/DeepWeeds-Mobile/images/20170920-192007-1.jpg,2,2,2,2,1,0.9909939,0.00048742475,1.3518647e-07,0.9909939,0.0010274536,0.0017884937,1.248437e-05,2.1000837e-08,2.38614e-06,0.0056876764
/home/leo/Documentos/mestrado/DeepWeeds-Mobile/images/20171121-085247-1.jpg,6,6,6,6,1,0.7127939,0.005159329,0.00074300077,3.8450744e-06,0.00014261663,2.1152155e-06,3.567199e-06,0.7127939,0.004068623,0.277083
/home/leo/Documentos/mestrado/DeepWeeds-Mobile/images/20170727-144459-1.jpg,4,4,4,4,1,0.8087248,1.8310482e-06,4.063191e-08,2.6319778e-05,8.397882e-05,0.8087248,0.1865351,1.208492e-07,1.3296321e-06,0.004626464
/home/leo/Documentos/mestrado/DeepWeeds-Mobile/images/20171113-132859-3.jpg,6,8,6,8,0,0.52070343,9.622504e-06,0.00039052605,9.886787e-10,2.8371028e-08,8.731715e-11,2.7736635e-06,0.47884798,4.5645305e-05,0.52070343
/home/leo/Documentos/mestrado/DeepWeeds-Mobile/images/20180119-111543-2.jpg,8,8,8,8,1,0.99996626,5.0995036e-06,7.385861e-06,6.3190786e-11,1.03222565e-05,1.7067403e-10,8.835579e-06,4.978778e-07,1.618442e-06,0.99996626
/home/leo/Documentos/mestrado/DeepWeeds-Mobile/images/20180322-113626-2.jpg,8,8,8,8,1,0.9999913,3.5047478e-08,7.8013066e-08,4.8045115e-09,4.0140194e-06,4.544673e-06,1.968078e-09,5.302769e-11,3.0709266e-08,0.9999913
/home/leo/Documentos/mestrado/DeepWeeds-Mobile/images/20170714-120236-2.jpg,1,1,1,1,1,0.9904447,4.8350144e-06,0.9904447,1.6444864e-10,2.4457705e-07,4.2299106e-08,1.064722e-08,2.2320098e-06,0.008839797,0.00070820755
/home/leo/Documentos/mestrado/DeepWeeds-Mobile/images/20171113-094840-3.jpg,5,5,5,5,1,0.9954365,1.4702407e-06,6.3875255e-08,6.338042e-13,1.9482353e-10,2.4431696e-13,0.9954365,2.8501956e-08,8.6248897e-10,0.0045619016
/home/leo/Documentos/mestrado/DeepWeeds-Mobile/images/20180119-105847-1.jpg,8,8,8,8,1,0.9938672,0.00024935804,0.005247371,9.181223e-08,6.2321405e-06,2.3313472e-08,0.00016412091,0.00032425052,0.00014123261,0.9938672
/home/leo/Documentos/mestrado/DeepWeeds-Mobile/images/20170913-102531-3.jpg,5,5,5,5,1,0.9995585,2.4775916e-05,2.3183722e-07,4.9804342e-08,6.046126e-05,0.00026988695,0.9995585,4.7308227e-11,8.6769535e-07,8.520885e-05
/home/leo/Documentos/mestrado/DeepWeeds-Mobile/images/20171219-101912-3.jpg,8,8,8,8,1,0.9999976,1.4213033e-06,3.1864749e-09,5.611212e-16,3.7889023e-08,4.4528324e-13,4.1861264e-07,1.03269884e-13,4.785423e-07,0.9999976
/home/leo/Documentos/mestrado/DeepWeeds-Mobile/images/20180112-093144-2.jpg,8,8,8,8,1,0.99999726,2.4656426e-06,9.546288e-11,2.6892195e-08,4.8575016e-10,5.992173e-11,1.4273861e-09,5.9252295e-12,2.7507946e-07,0.99999726
/home/leo/Documentos/mestrado/DeepWeeds-Mobile/images/20180112-070825-2.jpg,8,8,8,8,1,0.3993383,0.3880048,0.02016509,7.698034e-05,7.939707e-05,0.02615189,0.0023293262,1.2712024e-07,0.16385408,0.3993383
/home/leo/Documentos/mestrado/DeepWeeds-Mobile/images/20171121-181023-2.jpg,6,6,6,6,1,0.75042164,0.00525433,3.26535e-05,9.707509e-09,1.6917682e-05,2.7135601e-07,9.891753e-07,0.75042164,0.011992538,0.23228064
/home/leo/Documentos/mestrado/DeepWeeds-Mobile/images/20170128-103458-0.jpg,8,8,8,8,1,0.5185494,0.012004142,0.44925505,0.00017150267,0.0026776849,0.0001022721,0.0004518231,0.0022879806,0.014500138,0.5185494
/home/leo/Documentos/mestrado/DeepWeeds-Mobile/images/20180112-101558-2.jpg,8,8,8,8,1,0.99957377,0.00038671208,2.6782723e-10,9.672218e-11,1.9139852e-12,1.24043345e-11,2.1819821e-07,8.306257e-15,3.9387232e-05,0.99957377
/home/leo/Documentos/mestrado/DeepWeeds-Mobile/images/20180322-105411-1.jpg,8,8,8,8,1,0.9996719,9.1096874e-05,5.524704e-07,4.298077e-08,1.948991e-09,9.7641e-09,7.006893e-06,4.195065e-14,0.00022952129,0.9996719
/home/leo/Documentos/mestrado/DeepWeeds-Mobile/images/20171109-091647-1.jpg,5,5,5,5,1,0.99994886,5.227535e-09,1.048445e-08,4.80194e-18,4.474371e-15,9.068822e-18,0.99994886,1.9724409e-08,1.2259368e-11,5.116955e-05
/home/leo/Documentos/mestrado/DeepWeeds-Mobile/images/20170920-181043-1.jpg,2,2,2,2,1,0.9540219,6.2481486e-05,1.5223408e-07,0.9540219,0.00023865208,0.03706855,0.0038834228,4.2882757e-06,4.6041946e-06,0.0047159907
/home/leo/Documentos/mestrado/DeepWeeds-Mobile/images/20170728-120134-2.jpg,4,4,4,4,1,0.99918276,5.17896e-06,2.314933e-08,9.2573435e-07,0.00019658353,0.99918276,1.2885862e-09,3.389222e-12,7.021678e-07,0.0006137511
/home/leo/Documentos/mestrado/DeepWeeds-Mobile/images/20180105-101350-2.jpg,8,8,8,8,1,0.9818069,1.5899432e-05,4.5989775e-05,7.593148e-07,3.6208905e-07,1.0203792e-06,0.00011600051,0.017933423,7.956443e-05,0.9818069
/home/leo/Documentos/mestrado/DeepWeeds-Mobile/images/20170129-102119-0.jpg,8,8,8,8,1,0.9927296,0.004206864,0.0009621869,2.802024e-09,1.6018463e-05,1.7764199e-09,0.0017975307,0.00012175803,0.00016605931,0.9927296
/home/leo/Documentos/mestrado/DeepWeeds-Mobile/images/20180125-093721-2.jpg,8,8,8,8,1,1.0,4.9607995e-10,3.5550254e-11,7.297582e-19,3.921626e-08,2.864517e-13,1.2797e-08,5.9438145e-14,5.1660312e-12,1.0
/home/leo/Documentos/mestrado/DeepWeeds-Mobile/images/20170913-103603-3.jpg,5,5,5,5,1,0.98658085,0.002809829,0.0003050916,5.946604e-06,0.0023857742,0.0050542853,0.98658085,1.3111297e-07,0.00035201162,0.0025059823
/home/leo/Documentos/mestrado/DeepWeeds-Mobile/images/20170127-101244-0.jpg,1,1,1,1,1,0.98371154,0.012313715,0.98371154,3.4539446e-15,5.6062127e-10,5.0763525e-12,1.6167674e-07,0.0014069115,0.00041044224,0.0021573394
/home/leo/Documentos/mestrado/DeepWeeds-Mobile/images/20171220-085013-3.jpg,8,8,8,8,1,0.99756515,2.9972475e-07,2.6193705e-08,1.2986931e-18,3.0985052e-12,1.4591745e-14,1.470962e-09,5.469002e-12,0.002434541,0.99756515
/home/leo/Documentos/mestrado/DeepWeeds-Mobile/images/20180105-092927-2.jpg,8,8,8,8,1,0.99998903,6.9511383e-09,9.31689e-08,2.7581339e-06,9.181315e-09,1.07388004e-07,1.561888e-10,7.692041e-06,2.5396244e-07,0.99998903
/home/leo/Documentos/mestrado/DeepWeeds-Mobile/images/20180112-072312-1.jpg,8,8,8,8,1,0.8875078,0.0032519568,0.00065473333,0.00022433429,0.104547694,0.0021579347,1.4044646e-07,1.7122575e-05,0.001638349,0.8875078
/home/leo/Documentos/mestrado/DeepWeeds-Mobile/images/20170130-102315-0.jpg,1,1,1,1,1,0.8858473,0.0984693,0.8858473,1.02856575e-07,0.0003084446,2.7167662e-06,2.6022284e-05,0.0009352004,0.008686206,0.005724728
/home/leo/Documentos/mestrado/DeepWeeds-Mobile/images/20180125-101413-2.jpg,8,8,8,8,1,0.9999778,5.062722e-09,1.3601696e-09,1.9672689e-07,1.1495713e-05,8.977982e-06,1.5516608e-06,6.1898376e-08,2.498434e-10,0.9999778
/home/leo/Documentos/mestrado/DeepWeeds-Mobile/images/20171205-144929-2.jpg,8,8,8,8,1,0.9335828,0.0021001855,0.010788624,7.0482244e-08,0.010726659,6.218639e-07,0.02288586,0.019815011,0.0001001632,0.9335828
/home/leo/Documentos/mestrado/DeepWeeds-Mobile/images/20171218-113049-3.jpg,8,8,8,8,1,0.9999796,7.54101e-07,6.9336443e-06,1.6415055e-11,8.264529e-07,1.18748895e-08,1.1118344e-05,3.5791995e-08,8.422124e-07,0.9999796
/home/leo/Documentos/mestrado/DeepWeeds-Mobile/images/20180105-091612-3.jpg,8,8,8,8,1,0.99987924,1.0991734e-07,7.0263345e-06,8.555037e-07,7.3685583e-06,2.3122295e-06,3.9729983e-07,0.00010254157,2.2933834e-07,0.99987924
/home/leo/Documentos/mestrado/DeepWeeds-Mobile/images/20180109-110049-1.jpg,8,8,8,8,1,0.8781642,0.04245835,4.207029e-05,0.0013002154,0.07705032,0.0004339194,1.0506278e-06,1.1806715e-08,0.0005498899,0.8781642
/home/leo/Documentos/mestrado/DeepWeeds-Mobile/images/20180125-130032-3.jpg,8,1,8,1,0,0.9126474,0.0030660352,0.9126474,5.6595855e-08,0.0005490214,0.00016191979,0.00053770887,0.019005207,0.008310609,0.05572206
/home/leo/Documentos/mestrado/DeepWeeds-Mobile/images/20170728-153128-1.jpg,4,4,4,4,1,0.64543587,0.00523,0.000689549,0.25322136,0.014382773,0.64543587,0.00276308,3.0936175e-05,0.00054171064,0.07770472
/home/leo/Documentos/mestrado/DeepWeeds-Mobile/images/20171218-115503-3.jpg,8,8,8,8,1,0.9420737,0.023917694,0.00016700542,3.503173e-08,0.00028627648,3.4469476e-08,0.033473156,1.1692779e-05,7.039956e-05,0.9420737
/home/leo/Documentos/mestrado/DeepWeeds-Mobile/images/20170727-113318-1.jpg,4,4,4,4,1,0.96791774,2.8321517e-07,2.788489e-10,2.5528498e-05,0.0037999754,0.96791774,0.027415931,6.902492e-08,3.087767e-09,0.00084038824
/home/leo/Documentos/mestrado/DeepWeeds-Mobile/images/20180109-090929-2.jpg,8,8,8,8,1,0.9908043,0.00018861407,1.0149197e-06,2.2925396e-06,0.008996306,1.2037042e-06,8.676292e-07,1.1119404e-08,5.289822e-06,0.9908043
/home/leo/Documentos/mestrado/DeepWeeds-Mobile/images/20180322-115058-1.jpg,8,8,8,8,1,0.99999857,1.4570921e-07,2.013266e-09,1.1645137e-16,1.2515301e-09,1.5131337e-12,1.8076848e-08,9.033899e-14,1.2339184e-06,0.99999857
/home/leo/Documentos/mestrado/DeepWeeds-Mobile/images/20171113-133259-3.jpg,6,6,6,6,1,0.975104,0.00027347673,7.8902245e-05,1.9952022e-06,6.933419e-07,5.011338e-06,3.380794e-05,0.975104,0.00040578155,0.024096372
/home/leo/Documentos/mestrado/DeepWeeds-Mobile/images/20180109-103551-1.jpg,8,8,8,8,1,0.56062824,0.03903551,1.9708625e-06,0.32833448,0.06700179,0.0034491639,3.5984358e-06,1.4830353e-07,0.0015451639,0.56062824
/home/leo/Documentos/mestrado/DeepWeeds-Mobile/images/20180125-123243-2.jpg,8,8,8,8,1,0.9992832,1.6782782e-05,8.110466e-05,4.7508983e-09,2.7994865e-06,2.0023633e-08,2.1473303e-07,0.0005451986,7.064575e-05,0.9992832
/home/leo/Documentos/mestrado/DeepWeeds-Mobile/images/20170729-154609-3.jpg,4,4,4,4,1,0.9998503,9.684084e-08,8.694352e-10,4.868147e-07,8.073954e-05,0.9998503,6.503564e-10,4.1317937e-15,3.5167025e-07,6.811269e-05
/home/leo/Documentos/mestrado/DeepWeeds-Mobile/images/20180105-094917-3.jpg,8,8,8,8,1,0.995836,2.8503002e-05,0.00028758886,0.0014295557,5.1573003e-05,1.6414371e-05,1.247755e-05,0.002277278,6.069603e-05,0.995836
/home/leo/Documentos/mestrado/DeepWeeds-Mobile/images/20180119-115650-2.jpg,8,8,8,8,1,0.99904364,0.00063748367,9.996816e-06,2.973486e-09,0.00011581881,1.0596757e-08,0.000116823416,7.2995244e-05,3.163037e-06,0.99904364
/home/leo/Documentos/mestrado/DeepWeeds-Mobile/images/20171102-094000-1.jpg,4,4,4,4,1,0.47661182,0.00041250832,0.00010322902,0.051023383,0.44816276,0.47661182,4.956869e-08,8.648734e-08,0.00023621111,0.02344993
/home/leo/Documentos/mestrado/DeepWeeds-Mobile/images/20170130-102342-0.jpg,1,1,1,1,1,0.99955183,3.1751692e-06,0.99955183,8.0615736e-11,3.3367833e-08,2.1494699e-10,4.862903e-09,3.2872438e-05,4.9040318e-05,0.00036303684
/home/leo/Documentos/mestrado/DeepWeeds-Mobile/images/20180109-085529-1.jpg,8,8,8,8,1,0.9825636,0.00066046545,0.00020377352,2.3012318e-14,0.0064464025,2.4970442e-10,1.7417375e-06,5.2453976e-07,0.010123574,0.9825636
/home/leo/Documentos/mestrado/DeepWeeds-Mobile/images/20180109-101406-2.jpg,8,8,8,8,1,0.99844754,3.2961511e-06,9.956039e-06,5.1046936e-07,0.0005507883,2.2030751e-07,1.6593066e-06,0.0009857921,7.052506e-08,0.99844754
/home/leo/Documentos/mestrado/DeepWeeds-Mobile/images/20170811-154839-2.jpg,0,0,0,0,1,0.9575774,0.9575774,1.02387624e-07,4.7820376e-11,1.7176298e-10,1.6121663e-11,8.610083e-05,9.710654e-11,0.022018936,0.020317512
/home/leo/Documentos/mestrado/DeepWeeds-Mobile/images/20170210-145104-0.jpg,7,7,7,7,1,0.99408543,0.0059115724,6.634871e-08,5.4923805e-14,7.2452737e-13,5.2611604e-13,4.039641e-08,9.778791e-15,0.99408543,2.8866352e-06
/home/leo/Documentos/mestrado/DeepWeeds-Mobile/images/20170811-162648-1.jpg,0,0,0,0,1,0.9943837,0.9943837,7.8962934e-05,3.7360735e-08,2.9690376e-08,1.2342548e-06,6.2312834e-06,7.8803924e-10,0.004466717,0.001063158
/home/leo/Documentos/mestrado/DeepWeeds-Mobile/images/20180112-072933-2.jpg,8,8,8,8,1,0.94475615,0.051262613,3.138504e-08,3.439551e-08,0.00021092453,7.576077e-10,1.0979347e-07,4.2108945e-14,0.0037702154,0.94475615
/home/leo/Documentos/mestrado/DeepWeeds-Mobile/images/20171113-150347-1.jpg,6,6,6,6,1,0.99823415,0.00039653346,2.6830183e-05,3.1158626e-07,4.943068e-07,3.024259e-06,0.00034856814,0.99823415,2.5586089e-05,0.00096445944
/home/leo/Documentos/mestrado/DeepWeeds-Mobile/images/20170913-103729-2.jpg,3,3,3,3,1,0.999812,2.7254203e-09,2.0662279e-10,5.9596905e-06,0.999812,8.769754e-05,8.917806e-06,2.7825423e-13,3.808055e-12,8.540711e-05
/home/leo/Documentos/mestrado/DeepWeeds-Mobile/images/20170128-102246-0.jpg,8,8,8,8,1,0.94528186,0.0030417058,0.019382983,5.337517e-05,0.028806176,0.0003070905,1.5731035e-05,2.2286291e-05,0.0030888722,0.94528186
/home/leo/Documentos/mestrado/DeepWeeds-Mobile/images/20180125-130453-3.jpg,8,8,8,8,1,0.5458584,0.0030939819,0.0036273182,4.0876016e-06,0.001542194,0.0017974911,0.000110104695,1.0040995e-05,0.44395646,0.5458584
/home/leo/Documentos/mestrado/DeepWeeds-Mobile/images/20180109-080137-2.jpg,7,6,7,6,0,0.55887574,0.0051783347,0.006049169,3.2249048e-07,1.2181819e-05,1.4958327e-06,0.0005126796,0.55887574,0.03270866,0.39666146
/home/leo/Documentos/mestrado/DeepWeeds-Mobile/images/20171219-094345-2.jpg,8,8,8,8,1,0.9998373,8.0055725e-05,4.799442e-06,1.2922765e-09,3.0339022e-05,4.799854e-08,1.5296704e-05,1.6584768e-06,3.044255e-05,0.9998373
/home/leo/Documentos/mestrado/DeepWeeds-Mobile/images/20180322-114403-2.jpg,8,8,8,8,1,0.9999999,8.092685e-09,8.576894e-09,7.044755e-12,2.8478103e-08,2.7925355e-09,2.7530994e-08,4.586403e-11,4.3137918e-10,0.9999999
/home/leo/Documentos/mestrado/DeepWeeds-Mobile/images/20180109-070154-2.jpg,8,8,8,8,1,0.9917515,4.6148525e-09,2.423702e-05,5.5079057e-09,2.3860222e-08,5.4528656e-11,2.447975e-05,0.00819947,3.008724e-07,0.9917515
/home/leo/Documentos/mestrado/DeepWeeds-Mobile/images/20171109-074543-1.jpg,5,5,5,5,1,0.96501166,4.835519e-06,6.7708444e-10,5.235424e-15,3.1145837e-12,6.549656e-15,0.96501166,3.736209e-09,0.00018743113,0.034796104
/home/leo/Documentos/mestrado/DeepWeeds-Mobile/images/20180125-092007-1.jpg,8,8,8,8,1,0.999995,3.6427068e-06,3.5192315e-07,5.413099e-09,5.154805e-08,2.7988902e-08,4.459944e-07,1.1308785e-10,5.1314805e-07,0.999995
/home/leo/Documentos/mestrado/DeepWeeds-Mobile/images/20180109-074021-2.jpg,8,8,8,8,1,0.8976036,0.00016889477,0.015265249,7.6158374e-10,1.705026e-08,3.8116754e-09,3.332256e-07,0.08668041,0.00028160337,0.8976036
