Filename,Label,Species
20171025-092037-2.jpg,3,Parthenium
20171219-101153-3.jpg,8,Negative
20171212-100422-1.jpg,8,Negative
20171113-145003-1.jpg,6,Siam weed
20171025-090528-2.jpg,3,Parthenium
20180322-103006-1.jpg,8,Negative
20180105-092418-2.jpg,8,Negative
20171218-104320-2.jpg,8,Negative
20171218-110753-2.jpg,8,Negative
20180109-074346-1.jpg,8,Negative
20170705-164721-0.jpg,7,Snake weed
20180105-095900-2.jpg,8,Negative
20180105-100650-2.jpg,8,Negative
20180112-072956-1.jpg,8,Negative
20170913-103343-1.jpg,3,Parthenium
20171025-082156-1.jpg,3,Parthenium
20180109-074803-2.jpg,8,Negative
20170714-113627-3.jpg,1,Lantana
20180112-072128-2.jpg,8,Negative
20170727-151654-1.jpg,4,Prickly acacia
20180322-112537-1.jpg,8,Negative
20170727-113820-1.jpg,4,Prickly acacia
20180105-100504-2.jpg,8,Negative
20171220-083111-2.jpg,8,Negative
20180125-095941-1.jpg,8,Negative
20180322-111819-2.jpg,8,Negative
20170126-100242-0.jpg,1,Lantana
20171220-090858-2.jpg,8,Negative
20170715-150318-1.jpg,1,Lantana
20180125-134043-2.jpg,8,Negative
20170920-094141-1.jpg,4,Prickly acacia
20171113-092303-3.jpg,5,Rubber vine
20170706-110738-0.jpg,0,Chinee apple
20171025-082655-3.jpg,3,Parthenium
20171113-135026-1.jpg,6,Siam weed
20180109-090228-1.jpg,8,Negative
20170920-114244-3.jpg,2,Parkinsonia
20180109-091459-2.jpg,8,Negative
20180119-115546-1.jpg,8,Negative
20171121-084655-1.jpg,6,Siam weed
20170405-160013-0.jpg,0,Chinee apple
20171025-092501-1.jpg,3,Parthenium
20170704-155537-0.jpg,7,Snake weed
20180105-101423-2.jpg,8,Negative
20171102-093629-3.jpg,4,Prickly acacia
20180112-072402-1.jpg,8,Negative
20171025-080506-1.jpg,3,Parthenium
20180112-093223-1.jpg,8,Negative
20170920-185008-1.jpg,2,Parkinsonia
20180125-094839-1.jpg,8,Negative
20171109-090929-2.jpg,5,Rubber vine
20171220-083324-2.jpg,8,Negative
20171218-111555-2.jpg,8,Negative
20170718-101726-2.jpg,0,Chinee apple
20180125-092006-2.jpg,8,Negative
20170714-142334-3.jpg,1,Lantana
20170714-115505-2.jpg,1,Lantana
20180109-104425-2.jpg,8,Negative
20180119-111344-2.jpg,8,Negative
20170715-153020-1.jpg,1,Lantana
20170715-150136-1.jpg,1,Lantana
20170920-162319-3.jpg,2,Parkinsonia
20171205-143514-2.jpg,8,Negative
20170714-113030-2.jpg,1,Lantana
20170913-123320-1.jpg,5,Rubber vine
20171102-103717-2.jpg,2,Parkinsonia
20170210-131209-0.jpg,7,Snake weed
20180109-103117-1.jpg,8,Negative
20170501-145604-0.jpg,8,Negative
20180109-103846-2.jpg,8,Negative
20171218-103931-3.jpg,8,Negative
20180322-121008-2.jpg,8,Negative
20170727-125856-1.jpg,4,Prickly acacia
20180322-131256-1.jpg,8,Negative
20171113-135853-1.jpg,6,Siam weed
20180109-094922-2.jpg,8,Negative
20171212-100553-3.jpg,8,Negative
20170811-130615-1.jpg,0,Chinee apple
20171219-095504-2.jpg,8,Negative
20180125-093824-1.jpg,8,Negative
20171205-144625-2.jpg,8,Negative
20170728-151920-2.jpg,4,Prickly acacia
20171109-090615-2.jpg,5,Rubber vine
20171205-141242-2.jpg,8,Negative
20170729-085707-2.jpg,4,Prickly acacia
20170501-145057-0.jpg,8,Negative
20171102-120842-2.jpg,2,Parkinsonia
20180109-071635-2.jpg,8,Negative
20171113-143440-3.jpg,6,Siam weed
20170920-185314-1.jpg,2,Parkinsonia
20180119-110550-1.jpg,8,Negative
20180112-081025-2.jpg,8,Negative
20170811-111230-1.jpg,0,Chinee apple
20171203-173613-3.jpg,8,Negative
20170913-110924-1.jpg,3,Parthenium
20180125-134859-3.jpg,8,Negative
20180119-105146-1.jpg,8,Negative
20170217-115451-0.jpg,7,Snake weed
20180109-071220-1.jpg,8,Negative
20171025-172247-3.jpg,3,Parthenium
20171113-124527-3.jpg,6,Siam weed
20171113-165829-0.jpg,6,Siam weed
20171219-103111-3.jpg,8,Negative
20170129-102955-0.jpg,8,Negative
20170130-102539-0.jpg,1,Lantana
20180112-101933-2.jpg,8,Negative
20171219-093534-2.jpg,8,Negative
20170210-132220-0.jpg,0,Chinee apple
20180322-104506-1.jpg,8,Negative
20170728-123508-3.jpg,4,Prickly acacia
20171113-102054-3.jpg,5,Rubber vine
20171220-083131-3.jpg,8,Negative
20171121-090407-3.jpg,6,Siam weed
20170811-111407-2.jpg,0,Chinee apple
20180105-104242-1.jpg,8,Negative
20170210-150618-0.jpg,0,Chinee apple
20171218-105052-2.jpg,8,Negative
20170630-152041-0.jpg,7,Snake weed
20180112-092625-2.jpg,8,Negative
20171212-095831-1.jpg,8,Negative
20171220-092044-2.jpg,8,Negative
20170714-111926-2.jpg,1,Lantana
20180125-091849-1.jpg,8,Negative
20180105-104326-1.jpg,8,Negative
20180109-070024-1.jpg,8,Negative
20171220-083212-3.jpg,8,Negative
20170304-131518-0.jpg,7,Snake weed
20171121-090912-1.jpg,6,Siam weed
20170920-115307-2.jpg,2,Parkinsonia
20170706-130147-3.jpg,1,Lantana
20180119-114102-2.jpg,8,Negative
20170501-144820-0.jpg,8,Negative
20170126-095456-0.jpg,1,Lantana
20180105-102002-2.jpg,8,Negative
20170714-111155-1.jpg,1,Lantana
20171121-083251-1.jpg,6,Siam weed
20171219-095947-2.jpg,8,Negative
20180109-090521-1.jpg,8,Negative
20171218-121328-3.jpg,8,Negative
20170727-154459-1.jpg,4,Prickly acacia
20180105-100554-2.jpg,8,Negative
20170811-124243-2.jpg,0,Chinee apple
20180119-113309-1.jpg,8,Negative
20170728-120101-2.jpg,4,Prickly acacia
20180105-095357-2.jpg,8,Negative
20180125-131420-2.jpg,8,Negative
20180112-074943-2.jpg,8,Negative
20170920-113919-3.jpg,2,Parkinsonia
20170727-171942-1.jpg,4,Prickly acacia
20171219-115114-2.jpg,8,Negative
20180109-072000-2.jpg,8,Negative
20180109-090204-2.jpg,8,Negative
20180119-113120-1.jpg,8,Negative
20180322-103651-1.jpg,8,Negative
20171220-093122-3.jpg,8,Negative
20180112-102338-1.jpg,8,Negative
20180112-094840-2.jpg,8,Negative
20171025-091729-2.jpg,3,Parthenium
20180112-082302-1.jpg,8,Negative
20170217-145358-0.jpg,7,Snake weed
20180125-100600-2.jpg,8,Negative
20171025-094504-2.jpg,3,Parthenium
20180322-113917-1.jpg,8,Negative
20171205-133845-2.jpg,8,Negative
20180109-104002-2.jpg,8,Negative
20170705-170017-0.jpg,7,Snake weed
20180119-113751-1.jpg,8,Negative
20180109-073156-2.jpg,8,Negative
20171220-095028-1.jpg,8,Negative
20171212-093948-1.jpg,8,Negative
20171113-115954-3.jpg,6,Siam weed
20180125-134953-2.jpg,8,Negative
20171220-095453-1.jpg,8,Negative
20180109-105732-1.jpg,8,Negative
20171102-122525-2.jpg,2,Parkinsonia
20180105-093058-2.jpg,8,Negative
20171102-120625-2.jpg,2,Parkinsonia
20170304-124542-0.jpg,0,Chinee apple
20171113-092152-1.jpg,5,Rubber vine
20180105-101926-2.jpg,8,Negative
20170707-110228-0.jpg,7,Snake weed
20171219-094201-2.jpg,8,Negative
20170920-183005-1.jpg,2,Parkinsonia
20171109-092320-2.jpg,5,Rubber vine
20171109-093502-2.jpg,5,Rubber vine
20170217-144455-0.jpg,7,Snake weed
20170727-151511-1.jpg,4,Prickly acacia
20170920-134843-2.jpg,2,Parkinsonia
20171102-120502-2.jpg,2,Parkinsonia
20171025-100655-2.jpg,3,Parthenium
20180109-090442-2.jpg,8,Negative
20170714-135502-3.jpg,1,Lantana
20180109-075808-2.jpg,8,Negative
20180109-074350-2.jpg,8,Negative
20170706-105228-0.jpg,7,Snake weed
20171220-093619-2.jpg,8,Negative
20180125-130414-2.jpg,8,Negative
20170714-114421-2.jpg,1,Lantana
20170729-153920-3.jpg,4,Prickly acacia
20170217-100611-0.jpg,7,Snake weed
20180109-071747-2.jpg,8,Negative
20180125-100611-2.jpg,8,Negative
20171122-103153-1.jpg,5,Rubber vine
20171025-091236-1.jpg,3,Parthenium
20171220-101928-2.jpg,8,Negative
20171218-121137-2.jpg,8,Negative
20171113-163214-0.jpg,6,Siam weed
20180112-081429-1.jpg,8,Negative
20180112-070240-2.jpg,8,Negative
20180109-100310-2.jpg,8,Negative
20170920-172820-1.jpg,2,Parkinsonia
20171109-092020-2.jpg,5,Rubber vine
20171219-112556-2.jpg,8,Negative
20171220-083515-2.jpg,8,Negative
20180125-131130-2.jpg,8,Negative
20180119-110537-2.jpg,8,Negative
20170711-113028-0.jpg,0,Chinee apple
20171113-103414-0.jpg,6,Siam weed
20170920-120234-2.jpg,2,Parkinsonia
20170728-155026-1.jpg,4,Prickly acacia
20171121-090924-1.jpg,6,Siam weed
20171220-090301-3.jpg,8,Negative
20170718-132431-2.jpg,7,Snake weed
20180112-080357-2.jpg,8,Negative
20170410-124126-0.jpg,0,Chinee apple
20171218-104447-3.jpg,8,Negative
20170728-154142-1.jpg,4,Prickly acacia
20170727-111748-3.jpg,4,Prickly acacia
20180322-121141-2.jpg,8,Negative
20171113-120543-3.jpg,6,Siam weed
20171218-115229-3.jpg,8,Negative
20170210-144956-0.jpg,7,Snake weed
20180109-072636-2.jpg,8,Negative
20180125-093902-2.jpg,8,Negative
20180105-100906-2.jpg,8,Negative
20171025-075506-1.jpg,3,Parthenium
20171205-144342-2.jpg,8,Negative
20180125-134338-2.jpg,8,Negative
20180112-100517-1.jpg,8,Negative
20170913-125138-3.jpg,5,Rubber vine
20171218-121113-2.jpg,8,Negative
20180105-092530-2.jpg,8,Negative
20170718-132313-2.jpg,7,Snake weed
20170729-091739-1.jpg,4,Prickly acacia
20171219-103220-3.jpg,8,Negative
20161207-111112-0.jpg,0,Chinee apple
20170718-132207-2.jpg,7,Snake weed
20171109-074050-1.jpg,5,Rubber vine
20180105-095734-3.jpg,8,Negative
20170126-095637-0.jpg,1,Lantana
20180125-091526-1.jpg,8,Negative
20180112-081931-1.jpg,8,Negative
20171025-094140-1.jpg,3,Parthenium
20180125-092848-1.jpg,8,Negative
20170705-164046-0.jpg,7,Snake weed
20180119-110600-1.jpg,8,Negative
20171219-112728-2.jpg,8,Negative
20171113-100858-1.jpg,5,Rubber vine
20180322-112303-1.jpg,8,Negative
20180105-091424-2.jpg,8,Negative
20180322-104310-2.jpg,8,Negative
20171113-134208-3.jpg,6,Siam weed
20170217-143814-0.jpg,7,Snake weed
20171212-095947-3.jpg,8,Negative
20170714-130802-1.jpg,1,Lantana
20170410-124109-0.jpg,8,Negative
20180125-094501-2.jpg,8,Negative
20170630-155611-0.jpg,7,Snake weed
20170920-095021-2.jpg,2,Parkinsonia
20171025-095630-3.jpg,3,Parthenium
20170304-132330-0.jpg,7,Snake weed
20171217-115550-2.jpg,8,Negative
20170610-122817-0.jpg,1,Lantana
20180119-114852-2.jpg,8,Negative
20170727-165301-1.jpg,4,Prickly acacia
20180112-073607-1.jpg,8,Negative
20180105-102455-1.jpg,8,Negative
20171113-142645-0.jpg,6,Siam weed
20170714-122419-2.jpg,1,Lantana
20171109-091443-2.jpg,5,Rubber vine
20180125-134757-3.jpg,8,Negative
20171219-105605-3.jpg,8,Negative
20180112-094819-2.jpg,8,Negative
20180125-131041-2.jpg,8,Negative
20170128-101929-0.jpg,8,Negative
20180112-073521-1.jpg,8,Negative
20171203-170121-3.jpg,8,Negative
20171113-131251-1.jpg,6,Siam weed
20170217-143726-0.jpg,7,Snake weed
20171113-155924-0.jpg,6,Siam weed
20170404-153753-0.jpg,7,Snake weed
20171025-100703-1.jpg,3,Parthenium
20180112-071913-2.jpg,8,Negative
20171025-092832-2.jpg,3,Parthenium
20170714-170406-1.jpg,1,Lantana
20180109-074553-2.jpg,8,Negative
20171212-100257-1.jpg,8,Negative
20180322-113626-2.jpg,8,Negative
20171113-101927-0.jpg,6,Siam weed
20171102-093618-2.jpg,4,Prickly acacia
20180125-092942-2.jpg,8,Negative
20180109-103928-2.jpg,8,Negative
20180109-091822-1.jpg,8,Negative
20171109-091542-3.jpg,5,Rubber vine
20180119-115355-1.jpg,8,Negative
20171220-082927-2.jpg,8,Negative
20171121-101147-1.jpg,6,Siam weed
20170315-085401-0.jpg,8,Negative
20180109-094604-2.jpg,8,Negative
20180112-092231-1.jpg,8,Negative
20180109-105701-1.jpg,8,Negative
20170207-141953-0.jpg,7,Snake weed
20171113-143123-3.jpg,6,Siam weed
20180105-093554-3.jpg,8,Negative
20180105-104406-1.jpg,8,Negative
20170207-153815-0.jpg,0,Chinee apple
20171025-082352-1.jpg,0,Chinee apple
20171113-143207-2.jpg,6,Siam weed
20171025-095557-3.jpg,3,Parthenium
20170128-102246-0.jpg,8,Negative
20170210-133351-0.jpg,0,Chinee apple
20170727-171627-1.jpg,4,Prickly acacia
20171113-145308-3.jpg,6,Siam weed
20171219-113355-3.jpg,8,Negative
20170304-124041-0.jpg,0,Chinee apple
20170705-164347-0.jpg,7,Snake weed
20171109-092545-3.jpg,5,Rubber vine
20170920-095639-1.jpg,2,Parkinsonia
20180105-092651-2.jpg,8,Negative
20170811-104349-1.jpg,0,Chinee apple
20170711-120700-0.jpg,0,Chinee apple
20171220-082632-2.jpg,8,Negative
20180105-100100-2.jpg,8,Negative
20171205-144601-2.jpg,8,Negative
20180322-112847-2.jpg,8,Negative
20170913-123800-1.jpg,5,Rubber vine
20180322-115108-1.jpg,8,Negative
20171212-094702-1.jpg,8,Negative
20170718-100509-2.jpg,0,Chinee apple
20170920-110953-3.jpg,2,Parkinsonia
20180109-095429-1.jpg,8,Negative
20180125-131649-2.jpg,8,Negative
20170906-091113-4.jpg,3,Parthenium
20170715-154245-1.jpg,1,Lantana
20171218-111019-2.jpg,8,Negative
20170811-103904-2.jpg,0,Chinee apple
20170811-162648-1.jpg,0,Chinee apple
20180125-095821-1.jpg,8,Negative
20180322-120945-2.jpg,8,Negative
20171113-092423-3.jpg,5,Rubber vine
20180112-104257-2.jpg,8,Negative
20170210-130805-0.jpg,7,Snake weed
20180125-131215-3.jpg,8,Negative
20170714-111135-1.jpg,1,Lantana
20170811-134806-2.jpg,0,Chinee apple
20170630-150516-0.jpg,7,Snake weed
20170610-123326-0.jpg,1,Lantana
20171102-093833-1.jpg,4,Prickly acacia
20180322-132019-1.jpg,8,Negative
20180112-075622-2.jpg,8,Negative
20180112-091613-2.jpg,8,Negative
20171113-101952-3.jpg,5,Rubber vine
20171219-105511-3.jpg,8,Negative
20171102-093644-3.jpg,4,Prickly acacia
20171219-112623-3.jpg,8,Negative
20170217-143614-0.jpg,7,Snake weed
20180119-115145-1.jpg,8,Negative
20180105-095046-2.jpg,8,Negative
20180119-115301-2.jpg,8,Negative
20180125-091254-1.jpg,8,Negative
20170811-113926-1.jpg,0,Chinee apple
20171220-091955-3.jpg,8,Negative
20170127-102943-0.jpg,1,Lantana
20180109-072154-2.jpg,8,Negative
20171212-094021-1.jpg,8,Negative
20180119-105938-1.jpg,8,Negative
20180125-101907-2.jpg,8,Negative
20170727-171655-1.jpg,4,Prickly acacia
20170920-095000-2.jpg,2,Parkinsonia
20171102-095745-1.jpg,4,Prickly acacia
20171113-115211-3.jpg,6,Siam weed
20171102-104114-1.jpg,2,Parkinsonia
20170718-132205-2.jpg,7,Snake weed
20170714-110330-3.jpg,1,Lantana
20171219-114449-2.jpg,8,Negative
20170315-090238-0.jpg,8,Negative
20171212-095215-1.jpg,8,Negative
20170728-122416-3.jpg,4,Prickly acacia
20180322-103010-2.jpg,8,Negative
20171113-102541-1.jpg,5,Rubber vine
20180105-093205-2.jpg,8,Negative
20171219-105620-3.jpg,8,Negative
20171109-091937-2.jpg,5,Rubber vine
20180109-105903-2.jpg,8,Negative
20180105-091508-3.jpg,8,Negative
20170920-171447-3.jpg,2,Parkinsonia
20171113-095025-3.jpg,5,Rubber vine
20180125-091955-2.jpg,8,Negative
20170804-132430-1.jpg,1,Lantana
20170913-121858-1.jpg,5,Rubber vine
20170718-132748-2.jpg,7,Snake weed
20171219-113556-2.jpg,8,Negative
20180322-120622-2.jpg,8,Negative
20180125-131658-2.jpg,8,Negative
20171113-133848-1.jpg,6,Siam weed
20180105-095628-2.jpg,8,Negative
20170217-101020-0.jpg,7,Snake weed
20180109-075455-2.jpg,8,Negative
20180125-091340-2.jpg,8,Negative
20171220-095444-1.jpg,8,Negative
20171109-085205-2.jpg,5,Rubber vine
20180105-092951-2.jpg,8,Negative
20180105-092822-2.jpg,8,Negative
20170727-145527-1.jpg,4,Prickly acacia
20170920-132131-2.jpg,2,Parkinsonia
20180125-131114-3.jpg,8,Negative
20170727-165715-1.jpg,4,Prickly acacia
20170714-142244-3.jpg,1,Lantana
20171220-084039-2.jpg,8,Negative
20171122-102741-1.jpg,5,Rubber vine
20171220-083440-2.jpg,8,Negative
20180322-111645-2.jpg,8,Negative
20180322-110736-2.jpg,8,Negative
20170210-133616-0.jpg,0,Chinee apple
20180322-111636-2.jpg,8,Negative
20170728-120507-2.jpg,4,Prickly acacia
20171219-114543-2.jpg,8,Negative
20171218-121237-2.jpg,8,Negative
20180109-090308-2.jpg,8,Negative
20180109-091853-2.jpg,8,Negative
20170906-105453-1.jpg,3,Parthenium
20171113-133248-1.jpg,6,Siam weed
20171025-091607-1.jpg,3,Parthenium
20171219-110157-3.jpg,8,Negative
20170811-134147-2.jpg,0,Chinee apple
20170217-101249-0.jpg,0,Chinee apple
20171219-102324-2.jpg,8,Negative
20171025-091214-2.jpg,3,Parthenium
20170727-124737-1.jpg,4,Prickly acacia
20171113-144620-1.jpg,6,Siam weed
20170727-152845-1.jpg,4,Prickly acacia
20170906-115521-1.jpg,3,Parthenium
20170128-103533-0.jpg,8,Negative
20170714-115301-2.jpg,1,Lantana
20170304-131603-0.jpg,7,Snake weed
20171109-090359-1.jpg,5,Rubber vine
20171203-173711-3.jpg,8,Negative
20180112-102654-2.jpg,8,Negative
20171109-093218-3.jpg,5,Rubber vine
20170714-190343-1.jpg,1,Lantana
20180112-071846-1.jpg,8,Negative
20170610-122710-0.jpg,1,Lantana
20180125-100227-1.jpg,8,Negative
20171113-132548-3.jpg,6,Siam weed
20180112-081813-1.jpg,8,Negative
20171121-091305-1.jpg,6,Siam weed
20170728-122324-3.jpg,4,Prickly acacia
20170718-094219-2.jpg,0,Chinee apple
20170728-145825-1.jpg,4,Prickly acacia
20171218-114815-2.jpg,8,Negative
20180322-103820-1.jpg,8,Negative
20171109-072806-3.jpg,5,Rubber vine
20171113-145232-3.jpg,6,Siam weed
20170920-135837-2.jpg,2,Parkinsonia
20180119-105106-2.jpg,8,Negative
20180105-092509-2.jpg,8,Negative
20171025-080031-3.jpg,3,Parthenium
20170404-154222-0.jpg,7,Snake weed
20180322-103028-1.jpg,8,Negative
20170727-151744-1.jpg,4,Prickly acacia
20180109-075403-2.jpg,8,Negative
20170630-152527-0.jpg,7,Snake weed
20171212-094042-1.jpg,8,Negative
20180109-070001-2.jpg,8,Negative
20171025-095337-2.jpg,3,Parthenium
20170405-155500-0.jpg,0,Chinee apple
20170906-113030-1.jpg,3,Parthenium
20171121-082936-1.jpg,6,Siam weed
20180112-072653-1.jpg,8,Negative
20170705-164308-0.jpg,7,Snake weed
20171220-101629-1.jpg,8,Negative
20171113-145717-3.jpg,6,Siam weed
20170714-150337-1.jpg,1,Lantana
20180109-070808-2.jpg,8,Negative
20171219-101116-2.jpg,8,Negative
20170405-155358-0.jpg,0,Chinee apple
20171113-121335-3.jpg,6,Siam weed
20170704-152003-0.jpg,0,Chinee apple
20170727-125535-1.jpg,4,Prickly acacia
20171102-102316-1.jpg,2,Parkinsonia
20170920-171913-1.jpg,2,Parkinsonia
20180322-111943-2.jpg,8,Negative
20170727-144629-1.jpg,4,Prickly acacia
20161207-110850-0.jpg,0,Chinee apple
20180112-081519-1.jpg,8,Negative
20180112-075728-2.jpg,8,Negative
20171205-124423-2.jpg,8,Negative
20180112-094756-2.jpg,8,Negative
20171025-092413-1.jpg,3,Parthenium
20171220-101329-2.jpg,8,Negative
20171113-101211-1.jpg,5,Rubber vine
20171219-093535-2.jpg,8,Negative
20171113-132323-3.jpg,6,Siam weed
20170729-091101-1.jpg,4,Prickly acacia
20180105-093442-3.jpg,8,Negative
20180105-101825-2.jpg,8,Negative
20171217-184441-2.jpg,8,Negative
20171212-101916-3.jpg,8,Negative
20171218-120223-3.jpg,8,Negative
20170714-142944-3.jpg,1,Lantana
20180125-131120-2.jpg,8,Negative
20170727-162512-1.jpg,4,Prickly acacia
20171122-104210-1.jpg,5,Rubber vine
20171220-092954-2.jpg,8,Negative
20180125-095811-1.jpg,8,Negative
20180112-071559-2.jpg,8,Negative
20171205-145117-2.jpg,8,Negative
20180109-101648-2.jpg,8,Negative
20170920-164212-3.jpg,2,Parkinsonia
20171109-084741-3.jpg,5,Rubber vine
20180112-103209-1.jpg,8,Negative
20180109-070051-2.jpg,8,Negative
20180112-091122-2.jpg,8,Negative
20180109-102939-1.jpg,8,Negative
20180109-104318-1.jpg,8,Negative
20170501-143630-0.jpg,1,Lantana
20170920-112120-2.jpg,2,Parkinsonia
20180109-095059-2.jpg,8,Negative
20180119-113441-1.jpg,8,Negative
20180322-112118-1.jpg,8,Negative
20180109-100145-1.jpg,8,Negative
20180119-105722-1.jpg,8,Negative
20171025-095706-3.jpg,3,Parthenium
20170315-090713-0.jpg,8,Negative
20170718-100744-2.jpg,0,Chinee apple
20171102-095505-1.jpg,8,Negative
20180112-072259-2.jpg,8,Negative
20180105-102054-2.jpg,8,Negative
20171220-101734-2.jpg,8,Negative
20171218-120517-2.jpg,8,Negative
20180105-095313-2.jpg,8,Negative
20180112-092330-1.jpg,8,Negative
20170704-154518-0.jpg,0,Chinee apple
20180322-111611-2.jpg,8,Negative
20170129-103217-0.jpg,8,Negative
20180112-094733-1.jpg,8,Negative
20180109-074653-1.jpg,8,Negative
20170906-135901-1.jpg,3,Parthenium
20170715-152433-1.jpg,1,Lantana
20171109-072720-3.jpg,5,Rubber vine
20180322-124504-1.jpg,8,Negative
20170718-131956-2.jpg,7,Snake weed
20170714-132633-1.jpg,1,Lantana
20180125-130809-2.jpg,8,Negative
20170304-132052-0.jpg,7,Snake weed
20180119-105951-2.jpg,8,Negative
20171220-100853-1.jpg,8,Negative
20170210-141645-0.jpg,7,Snake weed
20171113-143603-2.jpg,6,Siam weed
20170906-092043-1.jpg,3,Parthenium
20170728-123815-3.jpg,4,Prickly acacia
20180119-113625-1.jpg,8,Negative
20171121-083217-1.jpg,6,Siam weed
20180119-115102-2.jpg,8,Negative
20170906-092912-1.jpg,3,Parthenium
20171219-100000-2.jpg,8,Negative
20180322-101923-2.jpg,8,Negative
20171113-091334-3.jpg,5,Rubber vine
20171122-101221-1.jpg,5,Rubber vine
20180125-132623-2.jpg,8,Negative
20180112-080151-2.jpg,8,Negative
20180112-093814-1.jpg,8,Negative
20180109-104327-1.jpg,8,Negative
20180105-100729-3.jpg,8,Negative
20170811-104139-1.jpg,0,Chinee apple
20171102-121759-3.jpg,2,Parkinsonia
20171108-125806-3.jpg,5,Rubber vine
20171113-123346-1.jpg,6,Siam weed
20170501-145632-0.jpg,8,Negative
20170811-132926-2.jpg,0,Chinee apple
20170728-150253-1.jpg,4,Prickly acacia
20180112-072035-1.jpg,8,Negative
20180109-095152-2.jpg,8,Negative
20180109-103437-1.jpg,8,Negative
20171218-110920-3.jpg,8,Negative
20171205-143250-2.jpg,8,Negative
20170610-123017-0.jpg,1,Lantana
20180119-110358-2.jpg,8,Negative
20171025-080551-1.jpg,3,Parthenium
20180112-081353-1.jpg,8,Negative
20180125-091855-2.jpg,8,Negative
20170811-134120-2.jpg,0,Chinee apple
20180112-081347-2.jpg,8,Negative
20180125-093037-2.jpg,8,Negative
20171113-123427-3.jpg,6,Siam weed
20171220-101701-2.jpg,8,Negative
20180112-075325-2.jpg,8,Negative
20170210-133211-0.jpg,0,Chinee apple
20170920-095211-3.jpg,2,Parkinsonia
20171108-125635-3.jpg,5,Rubber vine
20170913-123352-1.jpg,5,Rubber vine
20171212-094638-3.jpg,8,Negative
20180109-100243-2.jpg,8,Negative
20170210-132219-0.jpg,0,Chinee apple
20171212-094300-3.jpg,8,Negative
20180109-095111-1.jpg,8,Negative
20171219-113607-3.jpg,8,Negative
20180125-134903-2.jpg,8,Negative
20180112-070403-2.jpg,8,Negative
20171113-173955-0.jpg,6,Siam weed
20170728-154830-1.jpg,4,Prickly acacia
20180109-094638-2.jpg,8,Negative
20180109-075152-2.jpg,8,Negative
20180109-070708-1.jpg,8,Negative
20170906-114659-1.jpg,3,Parthenium
20170727-171030-3.jpg,4,Prickly acacia
20171113-101255-1.jpg,5,Rubber vine
20170920-112459-3.jpg,2,Parkinsonia
20171220-092604-3.jpg,8,Negative
20180119-111602-2.jpg,8,Negative
20171218-120819-3.jpg,8,Negative
20170718-102206-2.jpg,7,Snake weed
20170913-122457-1.jpg,5,Rubber vine
20171219-113121-3.jpg,8,Negative
20171102-120651-3.jpg,2,Parkinsonia
20171109-074721-1.jpg,5,Rubber vine
20170920-133852-2.jpg,2,Parkinsonia
20170610-121905-0.jpg,1,Lantana
20171218-105517-2.jpg,8,Negative
20170913-130414-2.jpg,5,Rubber vine
20180125-100826-2.jpg,8,Negative
20171102-094636-3.jpg,4,Prickly acacia
20180109-092128-1.jpg,8,Negative
20170729-090828-1.jpg,4,Prickly acacia
20171109-091003-3.jpg,5,Rubber vine
20170627-104537-0.jpg,7,Snake weed
20170217-121623-0.jpg,0,Chinee apple
20180109-090415-2.jpg,8,Negative
20171113-143805-2.jpg,6,Siam weed
20180112-082228-2.jpg,8,Negative
20180109-104555-2.jpg,8,Negative
20171205-124539-2.jpg,8,Negative
20170920-162545-3.jpg,2,Parkinsonia
20180125-095907-2.jpg,8,Negative
20170920-114706-2.jpg,2,Parkinsonia
20171212-094623-3.jpg,8,Negative
20170727-171611-1.jpg,4,Prickly acacia
20180109-095047-1.jpg,8,Negative
20171219-114108-2.jpg,8,Negative
20170405-155232-0.jpg,0,Chinee apple
20170714-125937-1.jpg,1,Lantana
20171113-143335-3.jpg,6,Siam weed
20171109-072536-1.jpg,5,Rubber vine
20180109-072019-2.jpg,8,Negative
20171109-092940-1.jpg,5,Rubber vine
20180322-124933-1.jpg,8,Negative
20180109-073123-1.jpg,8,Negative
20170729-092710-1.jpg,4,Prickly acacia
20171219-104448-2.jpg,8,Negative
20170727-165420-1.jpg,4,Prickly acacia
20171025-080643-2.jpg,3,Parthenium
20170920-191724-1.jpg,2,Parkinsonia
20170728-154121-1.jpg,4,Prickly acacia
20171025-095149-2.jpg,3,Parthenium
20171218-120734-2.jpg,8,Negative
20180105-101405-2.jpg,8,Negative
20170811-133806-2.jpg,0,Chinee apple
20180119-113715-1.jpg,8,Negative
20180112-102555-2.jpg,8,Negative
20171219-102155-2.jpg,8,Negative
20171212-093603-1.jpg,8,Negative
20170705-162715-0.jpg,7,Snake weed
20171109-093524-1.jpg,5,Rubber vine
20170728-151512-1.jpg,4,Prickly acacia
20170714-143523-1.jpg,1,Lantana
20170630-154301-0.jpg,7,Snake weed
20171108-125657-3.jpg,5,Rubber vine
20180112-074059-1.jpg,8,Negative
20171220-093311-2.jpg,8,Negative
20170906-131829-2.jpg,3,Parthenium
20171025-073944-1.jpg,3,Parthenium
20171220-083201-2.jpg,8,Negative
20171218-111201-2.jpg,8,Negative
20171205-134545-2.jpg,8,Negative
20170126-100200-0.jpg,1,Lantana
20180119-112938-2.jpg,8,Negative
20171212-102352-3.jpg,8,Negative
20180125-131617-3.jpg,8,Negative
20171102-093414-1.jpg,4,Prickly acacia
20171212-095618-3.jpg,8,Negative
20180119-111217-2.jpg,8,Negative
20170906-133045-1.jpg,3,Parthenium
20180105-095534-3.jpg,8,Negative
20180125-134307-3.jpg,8,Negative
20171113-124047-1.jpg,6,Siam weed
20170920-114043-2.jpg,2,Parkinsonia
20180105-093818-2.jpg,8,Negative
20171113-133153-0.jpg,6,Siam weed
20170130-102729-0.jpg,1,Lantana
20180112-072941-2.jpg,8,Negative
20180105-100246-2.jpg,8,Negative
20180119-110152-1.jpg,8,Negative
20170630-155353-0.jpg,7,Snake weed
20180105-094247-3.jpg,8,Negative
20180105-093450-2.jpg,8,Negative
20180109-070449-1.jpg,8,Negative
20170913-130625-2.jpg,5,Rubber vine
20170718-100650-2.jpg,0,Chinee apple
20180109-105752-1.jpg,8,Negative
20171102-120252-1.jpg,2,Parkinsonia
20180119-115313-2.jpg,8,Negative
20180112-072511-1.jpg,8,Negative
20170913-104513-2.jpg,3,Parthenium
20171025-092445-1.jpg,3,Parthenium
20170714-140201-2.jpg,1,Lantana
20180125-093224-1.jpg,8,Negative
20170727-144828-1.jpg,4,Prickly acacia
20180322-112823-2.jpg,8,Negative
20171219-123742-2.jpg,8,Negative
20180125-093924-1.jpg,8,Negative
20180109-072729-2.jpg,8,Negative
20171219-101736-2.jpg,8,Negative
20170410-124154-0.jpg,0,Chinee apple
20180105-093556-3.jpg,8,Negative
20171218-115100-2.jpg,8,Negative
20171212-110000-3.jpg,8,Negative
20170630-154315-0.jpg,7,Snake weed
20170920-162231-3.jpg,2,Parkinsonia
20180119-110943-1.jpg,8,Negative
20170630-151010-0.jpg,7,Snake weed
20171218-114956-2.jpg,8,Negative
20170217-095912-0.jpg,7,Snake weed
20170130-102525-0.jpg,1,Lantana
20180112-083518-1.jpg,8,Negative
20171212-095750-3.jpg,8,Negative
20171025-082037-1.jpg,3,Parthenium
20170210-133817-0.jpg,0,Chinee apple
20171121-082317-1.jpg,6,Siam weed
20171218-115247-2.jpg,8,Negative
20171212-104533-3.jpg,8,Negative
20180109-103614-2.jpg,8,Negative
20170920-130234-2.jpg,4,Prickly acacia
20170727-143554-1.jpg,4,Prickly acacia
20171205-134624-2.jpg,8,Negative
20180105-100245-3.jpg,8,Negative
20180125-100645-2.jpg,8,Negative
20171121-090927-3.jpg,6,Siam weed
20170714-143829-1.jpg,1,Lantana
20171220-092403-3.jpg,8,Negative
20171113-132431-3.jpg,6,Siam weed
20170207-142001-0.jpg,7,Snake weed
20180119-114151-2.jpg,8,Negative
20180105-093148-2.jpg,8,Negative
20171113-135243-1.jpg,6,Siam weed
20180109-090322-1.jpg,8,Negative
20170920-100248-3.jpg,2,Parkinsonia
20180322-115134-2.jpg,8,Negative
20170920-131138-2.jpg,2,Parkinsonia
20171220-091421-3.jpg,8,Negative
20180105-100301-3.jpg,8,Negative
20170920-120103-2.jpg,2,Parkinsonia
20171113-141224-2.jpg,6,Siam weed
20170728-154926-1.jpg,4,Prickly acacia
20170210-133739-0.jpg,0,Chinee apple
20170404-154046-0.jpg,7,Snake weed
20180109-072936-2.jpg,8,Negative
20170714-115651-2.jpg,1,Lantana
20170714-142445-3.jpg,1,Lantana
20180109-074900-2.jpg,8,Negative
20180109-094907-2.jpg,8,Negative
20171218-121121-3.jpg,8,Negative
20170207-142514-0.jpg,7,Snake weed
20170920-113814-3.jpg,2,Parkinsonia
20170304-123859-0.jpg,0,Chinee apple
20171109-071926-1.jpg,5,Rubber vine
20170718-133118-2.jpg,7,Snake weed
20180119-115228-1.jpg,8,Negative
20171218-111337-3.jpg,8,Negative
20180322-114302-2.jpg,8,Negative
20170315-085227-0.jpg,1,Lantana
20171218-111223-3.jpg,8,Negative
20180125-100954-2.jpg,8,Negative
20180322-125303-1.jpg,8,Negative
20180112-103640-1.jpg,8,Negative
20170920-113838-2.jpg,2,Parkinsonia
20171212-105943-3.jpg,8,Negative
20180112-092406-1.jpg,8,Negative
20180109-103445-1.jpg,8,Negative
20171218-105835-3.jpg,8,Negative
20170126-100620-0.jpg,1,Lantana
20170729-092214-2.jpg,4,Prickly acacia
20171219-100842-2.jpg,8,Negative
20170315-090543-0.jpg,8,Negative
20170217-103747-0.jpg,0,Chinee apple
20180112-080514-1.jpg,8,Negative
20170217-101348-0.jpg,0,Chinee apple
20171219-113552-3.jpg,8,Negative
20170727-135927-1.jpg,4,Prickly acacia
20170126-100115-0.jpg,1,Lantana
20180112-094246-1.jpg,8,Negative
20171212-095153-1.jpg,8,Negative
20180109-104510-1.jpg,8,Negative
20170811-133931-1.jpg,0,Chinee apple
20171212-094724-1.jpg,8,Negative
20170729-093421-2.jpg,4,Prickly acacia
20171219-095232-3.jpg,8,Negative
20170304-132112-0.jpg,7,Snake weed
20180322-113943-2.jpg,8,Negative
20170704-153703-0.jpg,0,Chinee apple
20180322-121633-2.jpg,8,Negative
20170913-120541-2.jpg,5,Rubber vine
20171025-095441-2.jpg,3,Parthenium
20180125-091303-2.jpg,8,Negative
20161207-112812-0.jpg,8,Negative
20171219-095742-2.jpg,8,Negative
20180109-085534-2.jpg,8,Negative
20171102-122300-2.jpg,2,Parkinsonia
20180109-080311-1.jpg,8,Negative
20170705-164435-0.jpg,7,Snake weed
20170906-110845-1.jpg,3,Parthenium
20171109-093645-3.jpg,5,Rubber vine
20180112-092924-1.jpg,8,Negative
20170727-171838-3.jpg,4,Prickly acacia
20170410-153813-0.jpg,7,Snake weed
20170410-123909-0.jpg,0,Chinee apple
20171220-085324-3.jpg,8,Negative
20180109-101246-2.jpg,8,Negative
20170304-131755-0.jpg,7,Snake weed
20180109-095328-2.jpg,8,Negative
20171121-083233-1.jpg,6,Siam weed
20170727-154238-1.jpg,4,Prickly acacia
20180322-103119-2.jpg,8,Negative
20171113-092225-1.jpg,5,Rubber vine
20171219-103149-2.jpg,8,Negative
20171025-081146-1.jpg,3,Parthenium
20180109-080221-1.jpg,8,Negative
20171218-115020-2.jpg,8,Negative
20170811-131045-1.jpg,0,Chinee apple
20180109-102948-2.jpg,8,Negative
20180112-101838-2.jpg,8,Negative
20170217-102546-0.jpg,0,Chinee apple
20180322-111313-2.jpg,8,Negative
20170128-103313-0.jpg,8,Negative
20171205-144647-2.jpg,8,Negative
20170906-133206-1.jpg,3,Parthenium
20180119-114426-2.jpg,8,Negative
20170727-122005-3.jpg,4,Prickly acacia
20170920-100112-3.jpg,2,Parkinsonia
20180119-110243-2.jpg,8,Negative
20170913-104632-3.jpg,5,Rubber vine
20171113-100821-1.jpg,5,Rubber vine
20180125-095340-2.jpg,8,Negative
20170127-101941-0.jpg,1,Lantana
20180112-091731-2.jpg,8,Negative
20170715-153540-1.jpg,1,Lantana
20180112-081119-1.jpg,8,Negative
20180125-093645-1.jpg,8,Negative
20171113-132921-3.jpg,6,Siam weed
20180322-124942-1.jpg,8,Negative
20180112-103801-1.jpg,8,Negative
20170920-101058-1.jpg,2,Parkinsonia
20180105-100830-3.jpg,8,Negative
20171218-114611-3.jpg,8,Negative
20170714-130023-1.jpg,1,Lantana
20170304-131744-0.jpg,7,Snake weed
20170728-155132-1.jpg,4,Prickly acacia
20180125-130158-3.jpg,8,Negative
20171113-141121-2.jpg,6,Siam weed
20180119-115439-1.jpg,8,Negative
20170906-092947-1.jpg,3,Parthenium
20180109-091736-2.jpg,8,Negative
20180105-093252-2.jpg,8,Negative
20180125-093345-2.jpg,8,Negative
20171201-120223-1.jpg,8,Negative
20170727-153017-3.jpg,4,Prickly acacia
20180125-130140-2.jpg,8,Negative
20170128-102823-0.jpg,8,Negative
20170704-155037-0.jpg,7,Snake weed
20180322-102932-1.jpg,8,Negative
20170714-115519-2.jpg,1,Lantana
20170315-090552-0.jpg,8,Negative
20171220-083729-2.jpg,8,Negative
20170718-100551-2.jpg,0,Chinee apple
20170728-150847-1.jpg,4,Prickly acacia
20180112-073426-1.jpg,8,Negative
20171113-060715-1.jpg,5,Rubber vine
20170920-172842-1.jpg,2,Parkinsonia
20171113-145611-1.jpg,6,Siam weed
20170714-115525-3.jpg,1,Lantana
20171212-100701-3.jpg,8,Negative
20180125-134532-2.jpg,8,Negative
20171205-144300-2.jpg,8,Negative
20171102-120236-2.jpg,2,Parkinsonia
20171220-101819-2.jpg,8,Negative
20180112-103034-1.jpg,8,Negative
20171121-083628-1.jpg,6,Siam weed
20170706-113631-0.jpg,7,Snake weed
20170128-103821-0.jpg,8,Negative
20170714-122658-3.jpg,1,Lantana
20170129-103911-0.jpg,8,Negative
20170210-131846-0.jpg,0,Chinee apple
20170714-142847-3.jpg,1,Lantana
20170811-133305-1.jpg,0,Chinee apple
20180105-093606-3.jpg,8,Negative
20170714-121813-2.jpg,1,Lantana
20170130-102233-0.jpg,1,Lantana
20180119-113430-2.jpg,8,Negative
20170920-132702-2.jpg,2,Parkinsonia
20170128-102632-0.jpg,8,Negative
20180109-071234-2.jpg,8,Negative
20171109-093256-2.jpg,5,Rubber vine
20171220-084515-2.jpg,8,Negative
20171220-100537-2.jpg,8,Negative
20171220-101647-2.jpg,8,Negative
20180322-111625-2.jpg,8,Negative
20170727-113842-1.jpg,4,Prickly acacia
20180109-101630-1.jpg,8,Negative
20170715-154735-1.jpg,1,Lantana
20171113-120014-3.jpg,6,Siam weed
20170627-105129-0.jpg,7,Snake weed
20171219-112216-2.jpg,8,Negative
20180125-131150-3.jpg,8,Negative
20180109-071454-2.jpg,8,Negative
20171113-101706-1.jpg,5,Rubber vine
20170727-124617-3.jpg,4,Prickly acacia
20180112-093511-1.jpg,8,Negative
20170705-163910-0.jpg,7,Snake weed
20180119-115712-2.jpg,8,Negative
20171102-123238-1.jpg,2,Parkinsonia
20171220-100356-1.jpg,8,Negative
20171025-074536-3.jpg,3,Parthenium
20171121-091140-3.jpg,6,Siam weed
20180105-092442-2.jpg,8,Negative
20171121-081427-2.jpg,6,Siam weed
20170610-122807-0.jpg,1,Lantana
20170714-110509-3.jpg,1,Lantana
20171102-122334-3.jpg,2,Parkinsonia
20170610-123424-0.jpg,1,Lantana
20170920-171725-1.jpg,2,Parkinsonia
20170210-131513-0.jpg,7,Snake weed
20171102-122318-1.jpg,2,Parkinsonia
20180109-074050-2.jpg,8,Negative
20170727-124908-3.jpg,4,Prickly acacia
20170920-114014-2.jpg,2,Parkinsonia
20170217-100939-0.jpg,7,Snake weed
20170714-170534-1.jpg,1,Lantana
20180105-100328-2.jpg,8,Negative
20171121-101101-1.jpg,6,Siam weed
20171205-141403-2.jpg,8,Negative
20171220-083313-3.jpg,8,Negative
20171218-120009-2.jpg,8,Negative
20170217-102923-0.jpg,0,Chinee apple
20170718-095143-2.jpg,0,Chinee apple
20171219-093256-2.jpg,8,Negative
20171220-095959-2.jpg,8,Negative
20180112-080813-1.jpg,8,Negative
20180109-074938-2.jpg,8,Negative
20171109-071437-1.jpg,5,Rubber vine
20171109-072611-1.jpg,5,Rubber vine
20171025-091240-2.jpg,3,Parthenium
20170920-174644-1.jpg,2,Parkinsonia
20170217-115511-0.jpg,7,Snake weed
20170920-114548-2.jpg,2,Parkinsonia
20171113-134108-3.jpg,6,Siam weed
20171113-132152-1.jpg,6,Siam weed
20180109-071951-2.jpg,8,Negative
20170410-153320-0.jpg,7,Snake weed
20180109-075700-1.jpg,8,Negative
20170920-095458-3.jpg,2,Parkinsonia
20170729-092331-2.jpg,4,Prickly acacia
20180105-094746-2.jpg,8,Negative
20180109-100454-1.jpg,8,Negative
20171109-092035-1.jpg,5,Rubber vine
20171102-103046-2.jpg,2,Parkinsonia
20170913-122734-3.jpg,3,Parthenium
20180109-074833-2.jpg,8,Negative
20171220-090253-2.jpg,8,Negative
20171025-082241-2.jpg,3,Parthenium
20171212-094853-1.jpg,8,Negative
20170718-132456-2.jpg,7,Snake weed
20171217-184402-2.jpg,8,Negative
20170811-112623-1.jpg,0,Chinee apple
20180119-114828-2.jpg,8,Negative
20180109-105519-1.jpg,8,Negative
20180119-114712-2.jpg,8,Negative
20170704-153719-0.jpg,0,Chinee apple
20171121-072757-1.jpg,6,Siam weed
20180109-104628-1.jpg,8,Negative
20171113-121817-1.jpg,6,Siam weed
20170920-130730-2.jpg,2,Parkinsonia
20180125-135018-3.jpg,8,Negative
20170920-133309-2.jpg,2,Parkinsonia
20180125-092944-1.jpg,8,Negative
20180322-112309-2.jpg,8,Negative
20171109-072244-1.jpg,5,Rubber vine
20171102-104513-3.jpg,2,Parkinsonia
20171113-145212-3.jpg,6,Siam weed
20170906-110450-1.jpg,3,Parthenium
20180109-072309-2.jpg,8,Negative
20171113-133637-3.jpg,6,Siam weed
20180119-105736-1.jpg,8,Negative
20171212-105308-3.jpg,8,Negative
20170404-153804-0.jpg,7,Snake weed
20170210-142040-0.jpg,7,Snake weed
20171109-194258-1.jpg,5,Rubber vine
20171109-072658-3.jpg,5,Rubber vine
20180109-075647-2.jpg,8,Negative
20171212-095216-3.jpg,8,Negative
20171203-170242-3.jpg,8,Negative
20171218-120814-2.jpg,8,Negative
20170727-113738-1.jpg,4,Prickly acacia
20180125-131531-3.jpg,8,Negative
20180119-111543-2.jpg,8,Negative
20180119-105007-1.jpg,8,Negative
20170210-132011-0.jpg,7,Snake weed
20171109-074000-1.jpg,5,Rubber vine
20170920-113422-2.jpg,2,Parkinsonia
20171201-115825-1.jpg,8,Negative
20180109-103734-1.jpg,8,Negative
20180119-111050-2.jpg,8,Negative
20171025-095509-2.jpg,3,Parthenium
20170714-150144-1.jpg,1,Lantana
20170501-142305-0.jpg,1,Lantana
20180125-130148-3.jpg,8,Negative
20180112-081459-2.jpg,8,Negative
20171025-095436-1.jpg,3,Parthenium
20170127-102005-0.jpg,1,Lantana
20170217-115719-0.jpg,0,Chinee apple
20170210-132545-0.jpg,0,Chinee apple
20171109-092050-2.jpg,5,Rubber vine
20180119-115505-2.jpg,8,Negative
20170920-133818-2.jpg,2,Parkinsonia
20171220-100651-2.jpg,8,Negative
20180322-132342-1.jpg,8,Negative
20171113-115052-0.jpg,6,Siam weed
20171201-115646-1.jpg,8,Negative
20171218-103204-3.jpg,8,Negative
20171102-120202-3.jpg,2,Parkinsonia
20170913-124014-2.jpg,5,Rubber vine
20171109-095504-2.jpg,5,Rubber vine
20170704-152523-0.jpg,0,Chinee apple
20171218-114829-3.jpg,8,Negative
20180109-091208-2.jpg,8,Negative
20180112-101724-1.jpg,8,Negative
20171219-113838-3.jpg,8,Negative
20171113-061016-1.jpg,6,Siam weed
20171025-074945-3.jpg,3,Parthenium
20180112-092107-2.jpg,8,Negative
20171113-131631-1.jpg,6,Siam weed
20180322-112127-2.jpg,8,Negative
20170315-085450-0.jpg,8,Negative
20170714-111525-2.jpg,1,Lantana
20170920-130336-2.jpg,2,Parkinsonia
20171113-105124-0.jpg,6,Siam weed
20180322-132524-1.jpg,8,Negative
20171109-095229-2.jpg,5,Rubber vine
20171220-091538-2.jpg,8,Negative
20180109-110057-2.jpg,8,Negative
20170210-131200-0.jpg,7,Snake weed
20171220-101618-2.jpg,8,Negative
20171025-082818-1.jpg,0,Chinee apple
20171219-104758-2.jpg,8,Negative
20180125-093013-1.jpg,8,Negative
20180109-073119-2.jpg,8,Negative
20170906-113747-1.jpg,3,Parthenium
20171219-114259-3.jpg,8,Negative
20180112-082239-2.jpg,8,Negative
20180112-101316-2.jpg,8,Negative
20170718-133552-2.jpg,0,Chinee apple
20170727-164613-1.jpg,4,Prickly acacia
20180112-094633-2.jpg,8,Negative
20170920-163450-3.jpg,2,Parkinsonia
20170501-145921-0.jpg,8,Negative
20170727-094012-1.jpg,8,Negative
20170127-103025-0.jpg,1,Lantana
20170811-110920-1.jpg,0,Chinee apple
20171219-095320-2.jpg,8,Negative
20170920-163953-3.jpg,2,Parkinsonia
20180109-085954-2.jpg,8,Negative
20171203-164356-3.jpg,8,Negative
20170913-100116-2.jpg,3,Parthenium
20180112-100705-1.jpg,8,Negative
20180109-102924-2.jpg,8,Negative
20170920-164043-3.jpg,2,Parkinsonia
20180105-091636-2.jpg,8,Negative
20170714-143220-3.jpg,1,Lantana
20170728-124827-2.jpg,4,Prickly acacia
20180109-103414-1.jpg,8,Negative
20170729-092018-1.jpg,4,Prickly acacia
20180125-094326-2.jpg,8,Negative
20170501-143818-0.jpg,1,Lantana
20171219-114909-2.jpg,8,Negative
20180119-114454-2.jpg,8,Negative
20180322-114246-1.jpg,8,Negative
20180109-070837-1.jpg,8,Negative
20171102-100204-2.jpg,4,Prickly acacia
20170920-101901-1.jpg,2,Parkinsonia
20170714-113316-2.jpg,1,Lantana
20171220-094839-2.jpg,8,Negative
20171220-091744-2.jpg,8,Negative
20170410-154040-0.jpg,0,Chinee apple
20180109-095124-1.jpg,8,Negative
20171109-073346-3.jpg,5,Rubber vine
20171203-164941-3.jpg,8,Negative
20180112-083015-1.jpg,8,Negative
20180112-070751-2.jpg,8,Negative
20171109-074226-1.jpg,5,Rubber vine
20180119-105030-1.jpg,8,Negative
20180109-071557-2.jpg,8,Negative
20171203-165636-3.jpg,8,Negative
20171205-124928-2.jpg,8,Negative
20171113-123522-1.jpg,6,Siam weed
20180125-135700-3.jpg,8,Negative
20170217-112936-0.jpg,7,Snake weed
20171025-090526-1.jpg,3,Parthenium
20170728-124020-2.jpg,4,Prickly acacia
20170207-141938-0.jpg,7,Snake weed
20170711-120418-0.jpg,0,Chinee apple
20171109-074615-1.jpg,5,Rubber vine
20171102-123304-1.jpg,2,Parkinsonia
20170906-112409-1.jpg,3,Parthenium
20171220-083717-2.jpg,8,Negative
20171212-094411-3.jpg,8,Negative
20180112-092509-2.jpg,8,Negative
20180119-111143-2.jpg,8,Negative
20170714-120322-2.jpg,1,Lantana
20180105-100017-3.jpg,8,Negative
20171113-143535-2.jpg,6,Siam weed
20180109-103227-2.jpg,8,Negative
20170728-121603-2.jpg,4,Prickly acacia
20170217-101212-0.jpg,0,Chinee apple
20180125-100927-1.jpg,8,Negative
20171113-101657-3.jpg,5,Rubber vine
20170728-153014-2.jpg,4,Prickly acacia
20171109-085426-2.jpg,5,Rubber vine
20171219-094941-3.jpg,8,Negative
20180109-072137-1.jpg,8,Negative
20161207-110822-0.jpg,0,Chinee apple
20171121-071912-1.jpg,6,Siam weed
20170610-122854-0.jpg,1,Lantana
20180125-134059-2.jpg,8,Negative
20171218-122332-3.jpg,8,Negative
20180125-093806-2.jpg,8,Negative
20170404-154120-0.jpg,7,Snake weed
20180322-131747-1.jpg,8,Negative
20170920-094137-2.jpg,2,Parkinsonia
20171121-073316-1.jpg,6,Siam weed
20170913-123917-2.jpg,5,Rubber vine
20171113-135359-3.jpg,6,Siam weed
20180322-105411-1.jpg,8,Negative
20180109-105213-2.jpg,8,Negative
20171219-094517-3.jpg,8,Negative
20171025-074804-2.jpg,3,Parthenium
20180119-113936-1.jpg,8,Negative
20170714-135946-2.jpg,1,Lantana
20180112-073337-2.jpg,8,Negative
20180109-075631-2.jpg,8,Negative
20180105-100335-2.jpg,8,Negative
20170711-113440-0.jpg,7,Snake weed
20171220-093221-3.jpg,8,Negative
20171220-093337-3.jpg,8,Negative
20180322-125611-1.jpg,8,Negative
20170715-161538-1.jpg,1,Lantana
20170217-100222-0.jpg,7,Snake weed
20171219-102036-3.jpg,8,Negative
20171218-121252-2.jpg,8,Negative
20180109-091145-2.jpg,8,Negative
20180109-103818-1.jpg,8,Negative
20170707-114844-0.jpg,0,Chinee apple
20170906-100700-1.jpg,3,Parthenium
20171121-091048-3.jpg,6,Siam weed
20180322-102414-2.jpg,8,Negative
20180109-103237-2.jpg,8,Negative
20170728-153455-1.jpg,8,Negative
20170128-103606-0.jpg,8,Negative
20170217-095449-0.jpg,7,Snake weed
20180125-094401-2.jpg,8,Negative
20171113-120501-1.jpg,6,Siam weed
20170207-142713-0.jpg,7,Snake weed
20180112-101306-2.jpg,8,Negative
20171113-101904-1.jpg,5,Rubber vine
20170906-110802-4.jpg,3,Parthenium
20170803-131611-1.jpg,0,Chinee apple
20180322-113635-1.jpg,8,Negative
20171122-100346-1.jpg,5,Rubber vine
20180322-104019-1.jpg,8,Negative
20171220-091740-3.jpg,8,Negative
20171122-104018-1.jpg,5,Rubber vine
20170811-102345-1.jpg,0,Chinee apple
20180105-101653-2.jpg,8,Negative
20170913-122134-2.jpg,5,Rubber vine
20170718-133003-2.jpg,7,Snake weed
20180105-100924-3.jpg,8,Negative
20171025-075942-2.jpg,3,Parthenium
20180112-073544-1.jpg,8,Negative
20180322-124708-1.jpg,8,Negative
20171109-090801-2.jpg,5,Rubber vine
20180112-101904-2.jpg,8,Negative
20171102-121450-2.jpg,2,Parkinsonia
20171219-105402-2.jpg,8,Negative
20171219-094611-3.jpg,8,Negative
20170706-111743-0.jpg,7,Snake weed
20180112-093133-1.jpg,8,Negative
20180105-095721-3.jpg,8,Negative
20170718-101048-2.jpg,0,Chinee apple
20170920-174352-1.jpg,4,Prickly acacia
20180119-105259-1.jpg,8,Negative
20180109-095847-2.jpg,8,Negative
20180125-091250-2.jpg,8,Negative
20170728-151542-1.jpg,8,Negative
20170920-113634-3.jpg,2,Parkinsonia
20171218-115948-2.jpg,8,Negative
20171219-101129-2.jpg,8,Negative
20171102-115722-3.jpg,2,Parkinsonia
20171219-093258-2.jpg,8,Negative
20171219-105739-3.jpg,8,Negative
20171220-092914-2.jpg,8,Negative
20170718-101439-2.jpg,0,Chinee apple
20171220-100545-2.jpg,8,Negative
20170715-135611-1.jpg,1,Lantana
20161207-112015-0.jpg,0,Chinee apple
20171025-094341-3.jpg,3,Parthenium
20180109-090702-2.jpg,8,Negative
20171203-165115-3.jpg,8,Negative
20180322-111835-2.jpg,8,Negative
20171218-121847-2.jpg,8,Negative
20180109-070225-1.jpg,8,Negative
20171122-100626-1.jpg,5,Rubber vine
20170501-144921-0.jpg,8,Negative
20170217-121807-0.jpg,0,Chinee apple
20171109-194638-1.jpg,5,Rubber vine
20171220-090310-2.jpg,8,Negative
20170627-104050-0.jpg,8,Negative
20180322-115455-1.jpg,8,Negative
20170727-150729-3.jpg,4,Prickly acacia
20170913-101846-1.jpg,3,Parthenium
20180125-095123-1.jpg,8,Negative
20180109-101429-2.jpg,8,Negative
20171218-121218-3.jpg,8,Negative
20180112-082805-1.jpg,8,Negative
20180322-104655-1.jpg,8,Negative
20180125-125923-3.jpg,8,Negative
20180322-113316-1.jpg,8,Negative
20180109-072502-1.jpg,8,Negative
20180119-104609-1.jpg,8,Negative
20171212-101808-3.jpg,8,Negative
20171109-072924-3.jpg,5,Rubber vine
20180112-081607-2.jpg,8,Negative
20180109-074212-2.jpg,8,Negative
20171121-084619-1.jpg,6,Siam weed
20170727-162222-1.jpg,4,Prickly acacia
20180322-121504-2.jpg,8,Negative
20180112-073224-1.jpg,8,Negative
20171218-103954-2.jpg,8,Negative
20171220-082421-2.jpg,8,Negative
20180125-130235-2.jpg,8,Negative
20171113-145845-3.jpg,6,Siam weed
20170705-163531-0.jpg,7,Snake weed
20170729-085856-1.jpg,4,Prickly acacia
20180109-085208-2.jpg,7,Snake weed
20180322-131648-1.jpg,8,Negative
20170630-151147-0.jpg,7,Snake weed
20170727-171545-1.jpg,4,Prickly acacia
20170410-124242-0.jpg,0,Chinee apple
20180109-073929-1.jpg,8,Negative
20180125-132147-3.jpg,8,Negative
20171218-103843-3.jpg,8,Negative
20171212-094144-1.jpg,8,Negative
20170210-131005-0.jpg,7,Snake weed
20171025-080211-2.jpg,3,Parthenium
20170127-101639-0.jpg,1,Lantana
20180109-110013-2.jpg,8,Negative
20171109-094401-3.jpg,5,Rubber vine
20171205-124008-2.jpg,8,Negative
20180112-080634-2.jpg,8,Negative
20170913-122150-2.jpg,5,Rubber vine
20170704-150611-0.jpg,7,Snake weed
20180322-133359-1.jpg,8,Negative
20171212-095358-1.jpg,8,Negative
20180105-093118-2.jpg,8,Negative
20180119-114026-2.jpg,8,Negative
20180119-113317-2.jpg,8,Negative
20170811-104712-2.jpg,0,Chinee apple
20170521-153523-0.jpg,1,Lantana
20171219-114725-2.jpg,8,Negative
20180119-114416-2.jpg,8,Negative
20180109-095211-2.jpg,8,Negative
20171121-073650-1.jpg,6,Siam weed
20171121-074933-1.jpg,6,Siam weed
20180125-125951-3.jpg,8,Negative
20170714-141257-3.jpg,1,Lantana
20170920-112135-2.jpg,2,Parkinsonia
20170130-102322-0.jpg,1,Lantana
20170727-171839-1.jpg,4,Prickly acacia
20171218-104232-3.jpg,8,Negative
20180112-071731-2.jpg,8,Negative
20171121-090842-1.jpg,6,Siam weed
20171217-100824-2.jpg,8,Negative
20170217-095216-0.jpg,7,Snake weed
20170913-123129-3.jpg,3,Parthenium
20171212-103958-3.jpg,8,Negative
20180112-082438-1.jpg,8,Negative
20180112-092826-1.jpg,8,Negative
20171113-143334-0.jpg,6,Siam weed
20170727-170532-1.jpg,4,Prickly acacia
20171220-100613-1.jpg,8,Negative
20171220-093017-3.jpg,8,Negative
20171220-090454-2.jpg,8,Negative
20170210-144906-0.jpg,0,Chinee apple
20171113-091649-3.jpg,5,Rubber vine
20171212-101815-3.jpg,8,Negative
20171220-084657-2.jpg,8,Negative
20171025-075340-3.jpg,3,Parthenium
20170217-102232-0.jpg,0,Chinee apple
20171025-082709-2.jpg,3,Parthenium
20171218-110840-2.jpg,8,Negative
20171219-094001-3.jpg,8,Negative
20170706-112900-0.jpg,7,Snake weed
20170913-104650-2.jpg,3,Parthenium
20171219-095036-2.jpg,8,Negative
20171218-110320-2.jpg,8,Negative
20170920-185119-1.jpg,2,Parkinsonia
20180109-101209-2.jpg,8,Negative
20170706-130127-3.jpg,1,Lantana
20170729-091156-2.jpg,4,Prickly acacia
20171025-075630-3.jpg,3,Parthenium
20171113-100416-3.jpg,5,Rubber vine
20171025-085901-1.jpg,3,Parthenium
20170920-191809-1.jpg,2,Parkinsonia
20170920-114700-3.jpg,2,Parkinsonia
20171102-122804-2.jpg,2,Parkinsonia
20170906-105056-1.jpg,3,Parthenium
20171220-101158-2.jpg,8,Negative
20180105-093059-3.jpg,8,Negative
20170714-133654-1.jpg,1,Lantana
20180125-092149-2.jpg,8,Negative
20170715-150332-1.jpg,1,Lantana
20170217-144804-0.jpg,7,Snake weed
20170727-171755-3.jpg,4,Prickly acacia
20180322-125414-1.jpg,8,Negative
20170920-095541-2.jpg,2,Parkinsonia
20171212-102455-3.jpg,8,Negative
20170304-130647-0.jpg,7,Snake weed
20171113-123317-1.jpg,6,Siam weed
20180119-110802-2.jpg,8,Negative
20170405-155903-0.jpg,0,Chinee apple
20180119-111227-1.jpg,8,Negative
20180109-074852-2.jpg,8,Negative
20180112-091312-2.jpg,8,Negative
20161207-111013-0.jpg,0,Chinee apple
20180109-105621-2.jpg,8,Negative
20171220-100153-2.jpg,8,Negative
20180125-134233-3.jpg,8,Negative
20171219-110445-2.jpg,8,Negative
20180112-101514-2.jpg,8,Negative
20170727-154322-1.jpg,4,Prickly acacia
20170913-122527-2.jpg,5,Rubber vine
20170906-140427-1.jpg,3,Parthenium
20170627-104440-0.jpg,7,Snake weed
20180109-075419-2.jpg,8,Negative
20170217-103852-0.jpg,0,Chinee apple
20180125-131707-2.jpg,8,Negative
20170707-113456-0.jpg,0,Chinee apple
20171025-082205-2.jpg,3,Parthenium
20170913-105753-3.jpg,5,Rubber vine
20171109-072130-1.jpg,5,Rubber vine
20171220-094739-2.jpg,8,Negative
20170130-102215-0.jpg,1,Lantana
20171113-143802-3.jpg,6,Siam weed
20171218-121619-2.jpg,8,Negative
20170727-154540-1.jpg,4,Prickly acacia
20180109-085606-1.jpg,8,Negative
20170920-130842-2.jpg,2,Parkinsonia
20171220-083345-3.jpg,8,Negative
20170920-093909-1.jpg,2,Parkinsonia
20180109-085543-2.jpg,8,Negative
20180109-095818-1.jpg,8,Negative
20171102-103056-1.jpg,2,Parkinsonia
20180322-130419-1.jpg,8,Negative
20170920-162737-3.jpg,2,Parkinsonia
20170727-113316-3.jpg,4,Prickly acacia
20170210-150629-0.jpg,0,Chinee apple
20171220-092404-3.jpg,8,Negative
20170920-132506-2.jpg,2,Parkinsonia
20170217-145842-0.jpg,0,Chinee apple
20180119-110013-1.jpg,8,Negative
20171218-113230-3.jpg,8,Negative
20171220-101348-2.jpg,8,Negative
20171025-091951-2.jpg,3,Parthenium
20180119-113439-2.jpg,8,Negative
20170714-135916-1.jpg,1,Lantana
20170714-135749-2.jpg,1,Lantana
20171121-084234-2.jpg,6,Siam weed
20170718-131944-2.jpg,7,Snake weed
20171102-122536-1.jpg,2,Parkinsonia
20171203-173829-3.jpg,8,Negative
20171113-102401-1.jpg,5,Rubber vine
20180119-115419-1.jpg,8,Negative
20171113-140119-2.jpg,6,Siam weed
20171219-114239-2.jpg,8,Negative
20171217-103623-2.jpg,8,Negative
20170920-183139-1.jpg,2,Parkinsonia
20180112-072435-1.jpg,8,Negative
20171122-100238-1.jpg,5,Rubber vine
20170920-184209-1.jpg,2,Parkinsonia
20171212-093037-3.jpg,8,Negative
20170811-103645-2.jpg,0,Chinee apple
20171220-100805-1.jpg,8,Negative
20180109-085921-1.jpg,8,Negative
20170129-103231-0.jpg,8,Negative
20180105-094846-2.jpg,8,Negative
20180125-102204-1.jpg,8,Negative
20180112-094726-2.jpg,8,Negative
20170920-184751-1.jpg,2,Parkinsonia
20171113-102033-3.jpg,5,Rubber vine
20180322-112116-2.jpg,8,Negative
20180112-101443-2.jpg,8,Negative
20171218-110544-2.jpg,8,Negative
20170714-115325-3.jpg,1,Lantana
20170727-113622-3.jpg,4,Prickly acacia
20171102-120830-1.jpg,2,Parkinsonia
20171219-094335-2.jpg,8,Negative
20170210-141439-0.jpg,7,Snake weed
20180109-074457-2.jpg,8,Negative
20180105-101955-2.jpg,8,Negative
20180322-105321-1.jpg,8,Negative
20170304-132544-0.jpg,7,Snake weed
20170410-153521-0.jpg,7,Snake weed
20170920-094647-2.jpg,4,Prickly acacia
20180109-100308-2.jpg,8,Negative
20170727-112933-3.jpg,4,Prickly acacia
20180322-132235-1.jpg,8,Negative
20171109-071411-1.jpg,5,Rubber vine
20180112-075148-2.jpg,8,Negative
20170727-130016-3.jpg,4,Prickly acacia
20180125-135458-3.jpg,8,Negative
20171220-091903-2.jpg,8,Negative
20171113-133940-3.jpg,6,Siam weed
20170718-132800-2.jpg,7,Snake weed
20170304-124630-0.jpg,0,Chinee apple
20171219-112619-2.jpg,8,Negative
20180109-100935-1.jpg,8,Negative
20171025-095851-1.jpg,3,Parthenium
20171113-120222-1.jpg,6,Siam weed
20171113-132043-0.jpg,6,Siam weed
20180125-133334-2.jpg,8,Negative
20180112-102831-1.jpg,8,Negative
20180112-094600-1.jpg,8,Negative
20170217-152300-0.jpg,0,Chinee apple
20171025-081645-1.jpg,3,Parthenium
20171218-111631-2.jpg,8,Negative
20170315-085127-0.jpg,8,Negative
20180112-102819-1.jpg,8,Negative
20180109-101225-1.jpg,8,Negative
20170405-160203-0.jpg,0,Chinee apple
20170811-134026-1.jpg,0,Chinee apple
20180109-072603-2.jpg,8,Negative
20171218-111405-2.jpg,8,Negative
20180112-071309-2.jpg,8,Negative
20180109-092025-1.jpg,8,Negative
20170906-094834-1.jpg,3,Parthenium
20170811-133356-1.jpg,0,Chinee apple
20171113-122412-1.jpg,6,Siam weed
20170811-125302-1.jpg,0,Chinee apple
20180109-091709-2.jpg,8,Negative
20171025-080130-1.jpg,3,Parthenium
20170727-163819-3.jpg,4,Prickly acacia
20170728-152836-2.jpg,4,Prickly acacia
20171025-092726-2.jpg,3,Parthenium
20180322-133223-1.jpg,8,Negative
20180125-101328-1.jpg,8,Negative
20170129-103116-0.jpg,8,Negative
20180125-134042-3.jpg,8,Negative
20180322-113946-2.jpg,8,Negative
20180125-092106-1.jpg,8,Negative
20180109-074440-1.jpg,8,Negative
20180109-070324-1.jpg,8,Negative
20180109-080137-2.jpg,7,Snake weed
20170727-155330-1.jpg,4,Prickly acacia
20180125-134003-2.jpg,8,Negative
20171113-093016-3.jpg,5,Rubber vine
20171113-130027-2.jpg,6,Siam weed
20171113-140252-1.jpg,6,Siam weed
20171109-075107-3.jpg,5,Rubber vine
20171220-082715-3.jpg,8,Negative
20180125-135132-2.jpg,8,Negative
20170913-103415-2.jpg,3,Parthenium
20171219-101935-3.jpg,8,Negative
20170728-124723-3.jpg,4,Prickly acacia
20180125-101013-1.jpg,8,Negative
20180109-072650-2.jpg,8,Negative
20180105-095929-2.jpg,8,Negative
20180112-073844-1.jpg,8,Negative
20171203-173340-3.jpg,8,Negative
20171025-091502-1.jpg,3,Parthenium
20171220-084338-3.jpg,8,Negative
20170811-130737-2.jpg,0,Chinee apple
20170727-144559-1.jpg,4,Prickly acacia
20180125-093859-1.jpg,8,Negative
20180109-074530-2.jpg,8,Negative
20170404-153812-0.jpg,7,Snake weed
20171219-094937-2.jpg,8,Negative
20171203-172120-3.jpg,8,Negative
20170920-163318-3.jpg,2,Parkinsonia
20180125-095657-2.jpg,8,Negative
20171220-085235-2.jpg,8,Negative
20180125-130522-3.jpg,8,Negative
20170718-132445-2.jpg,7,Snake weed
20171025-095238-2.jpg,3,Parthenium
20180109-071627-2.jpg,8,Negative
20161207-111955-0.jpg,0,Chinee apple
20170728-124629-3.jpg,4,Prickly acacia
20171109-095253-3.jpg,5,Rubber vine
20171219-113516-2.jpg,8,Negative
20170715-144230-1.jpg,1,Lantana
20171205-123706-2.jpg,8,Negative
20171212-093022-3.jpg,8,Negative
20180322-112407-1.jpg,8,Negative
20171220-095200-1.jpg,8,Negative
20170728-124854-2.jpg,4,Prickly acacia
20170729-153538-3.jpg,4,Prickly acacia
20170920-171139-3.jpg,2,Parkinsonia
20171203-164647-3.jpg,8,Negative
20171109-093826-3.jpg,5,Rubber vine
20170207-142420-0.jpg,7,Snake weed
20180105-091833-2.jpg,8,Negative
20170704-151344-0.jpg,7,Snake weed
20170128-102117-0.jpg,8,Negative
20170920-101121-1.jpg,2,Parkinsonia
20180125-134211-3.jpg,8,Negative
20170728-155152-1.jpg,4,Prickly acacia
20170728-121252-2.jpg,4,Prickly acacia
20171025-081740-1.jpg,0,Chinee apple
20170913-095446-2.jpg,3,Parthenium
20180112-072832-1.jpg,8,Negative
20171102-123549-2.jpg,2,Parkinsonia
20180119-111351-2.jpg,8,Negative
20171203-170201-3.jpg,8,Negative
20180125-132051-3.jpg,8,Negative
20180112-080027-2.jpg,8,Negative
20180109-104729-2.jpg,8,Negative
20180112-102908-2.jpg,8,Negative
20180119-104919-2.jpg,8,Negative
20171218-114857-2.jpg,8,Negative
20171102-123554-3.jpg,2,Parkinsonia
20170728-145958-1.jpg,4,Prickly acacia
20180112-093313-2.jpg,8,Negative
20180119-110900-2.jpg,8,Negative
20171113-123343-3.jpg,6,Siam weed
20171113-130523-2.jpg,6,Siam weed
20180112-094433-2.jpg,8,Negative
20180112-091133-2.jpg,8,Negative
20170727-135349-1.jpg,4,Prickly acacia
20171218-122252-3.jpg,8,Negative
20170920-130713-2.jpg,2,Parkinsonia
20171212-095920-1.jpg,8,Negative
20180322-114525-2.jpg,8,Negative
20171220-082648-2.jpg,8,Negative
20180112-074124-1.jpg,8,Negative
20171219-092756-2.jpg,8,Negative
20171025-092853-2.jpg,3,Parthenium
20171219-094213-2.jpg,8,Negative
20171108-124115-3.jpg,5,Rubber vine
20180105-104452-1.jpg,8,Negative
20171121-073846-1.jpg,6,Siam weed
20171220-093302-2.jpg,8,Negative
20171220-082412-2.jpg,8,Negative
20170630-150254-0.jpg,7,Snake weed
20160928-142056-0.jpg,0,Chinee apple
20171113-132048-2.jpg,6,Siam weed
20170210-131608-0.jpg,7,Snake weed
20171113-132950-1.jpg,6,Siam weed
20180109-103515-1.jpg,8,Negative
20170728-152532-1.jpg,4,Prickly acacia
20171102-121834-3.jpg,2,Parkinsonia
20170714-170224-1.jpg,1,Lantana
20171218-111140-3.jpg,8,Negative
20171219-105333-3.jpg,8,Negative
20170920-113335-3.jpg,2,Parkinsonia
20180125-133104-3.jpg,8,Negative
20180112-071920-1.jpg,8,Negative
20180109-072632-1.jpg,8,Negative
20170920-101109-2.jpg,2,Parkinsonia
20171113-132050-3.jpg,6,Siam weed
20180125-130141-3.jpg,8,Negative
20180119-104839-1.jpg,8,Negative
20171113-135316-3.jpg,6,Siam weed
20171217-100931-2.jpg,8,Negative
20170714-112649-2.jpg,1,Lantana
20170913-104050-2.jpg,3,Parthenium
20170920-111322-3.jpg,4,Prickly acacia
20171113-102057-1.jpg,5,Rubber vine
20180109-091901-1.jpg,8,Negative
20170920-111202-2.jpg,2,Parkinsonia
20170727-115212-1.jpg,4,Prickly acacia
20170906-103848-1.jpg,3,Parthenium
20171113-123243-1.jpg,6,Siam weed
20171217-183611-2.jpg,8,Negative
20171219-112439-2.jpg,8,Negative
20180322-132607-1.jpg,8,Negative
20180119-115404-1.jpg,8,Negative
20180119-114849-1.jpg,8,Negative
20171203-172811-3.jpg,8,Negative
20170217-100027-0.jpg,7,Snake weed
20171218-111251-2.jpg,8,Negative
20180109-072019-1.jpg,8,Negative
20170920-112622-3.jpg,2,Parkinsonia
20180125-095213-1.jpg,8,Negative
20170610-123642-0.jpg,1,Lantana
20180112-092142-2.jpg,8,Negative
20180112-093208-1.jpg,8,Negative
20170315-085005-0.jpg,8,Negative
20180105-095021-3.jpg,8,Negative
20170920-192308-1.jpg,2,Parkinsonia
20170315-090113-0.jpg,8,Negative
20170714-140623-1.jpg,1,Lantana
20171219-100402-2.jpg,8,Negative
20180125-131723-3.jpg,8,Negative
20180125-091239-1.jpg,8,Negative
20170728-151846-1.jpg,8,Negative
20180322-104606-1.jpg,8,Negative
20170804-132513-1.jpg,1,Lantana
20170729-092641-1.jpg,4,Prickly acacia
20170728-125832-3.jpg,4,Prickly acacia
20180112-082416-1.jpg,8,Negative
20180119-111450-1.jpg,8,Negative
20171220-090328-2.jpg,8,Negative
20171212-101605-3.jpg,8,Negative
20170630-153456-0.jpg,8,Negative
20170210-130913-0.jpg,7,Snake weed
20180105-091601-2.jpg,8,Negative
20171218-105735-2.jpg,8,Negative
20171218-121708-3.jpg,8,Negative
20180109-074512-1.jpg,8,Negative
20171109-095556-2.jpg,5,Rubber vine
20180125-095351-2.jpg,8,Negative
20170714-120502-3.jpg,1,Lantana
20170727-164023-1.jpg,4,Prickly acacia
20180109-095254-2.jpg,8,Negative
20170920-180951-1.jpg,2,Parkinsonia
20170128-103904-0.jpg,8,Negative
20170210-150136-0.jpg,0,Chinee apple
20170715-134501-1.jpg,1,Lantana
20180119-110933-1.jpg,8,Negative
20170913-123856-1.jpg,5,Rubber vine
20180109-101629-2.jpg,8,Negative
20171220-101529-1.jpg,8,Negative
20170727-171504-1.jpg,4,Prickly acacia
20171121-074310-1.jpg,6,Siam weed
20170410-160232-0.jpg,7,Snake weed
20170920-163212-3.jpg,2,Parkinsonia
20180105-101933-2.jpg,8,Negative
20180109-101600-1.jpg,8,Negative
20170920-132804-2.jpg,2,Parkinsonia
20180112-102111-2.jpg,8,Negative
20180322-125040-1.jpg,8,Negative
20171113-093142-1.jpg,5,Rubber vine
20180109-075809-2.jpg,8,Negative
20171203-082036-3.jpg,8,Negative
20180105-093747-2.jpg,8,Negative
20180322-103313-1.jpg,8,Negative
20171219-105131-2.jpg,8,Negative
20180322-104107-1.jpg,8,Negative
20171121-083458-1.jpg,6,Siam weed
20170906-112804-2.jpg,3,Parthenium
20171102-120336-2.jpg,2,Parkinsonia
20180125-130231-3.jpg,8,Negative
20171212-100638-1.jpg,8,Negative
20180109-094849-2.jpg,8,Negative
20171219-093002-2.jpg,8,Negative
20180112-092012-1.jpg,8,Negative
20170727-171857-1.jpg,4,Prickly acacia
20171205-123947-2.jpg,8,Negative
20170714-150631-1.jpg,1,Lantana
20180322-102743-1.jpg,8,Negative
20170304-131055-0.jpg,7,Snake weed
20180109-074358-1.jpg,8,Negative
20170704-152136-0.jpg,7,Snake weed
20170210-142553-0.jpg,7,Snake weed
20170811-134145-1.jpg,0,Chinee apple
20170501-143248-0.jpg,1,Lantana
20171212-100359-1.jpg,8,Negative
20170410-124425-0.jpg,0,Chinee apple
20171121-091025-3.jpg,6,Siam weed
20180125-134458-3.jpg,8,Negative
20170729-093144-3.jpg,4,Prickly acacia
20180119-113809-1.jpg,8,Negative
20171025-092207-1.jpg,3,Parthenium
20170727-114626-3.jpg,4,Prickly acacia
20180322-125451-1.jpg,8,Negative
20180105-093755-2.jpg,8,Negative
20180112-075208-2.jpg,8,Negative
20170920-175608-1.jpg,4,Prickly acacia
20171219-110013-3.jpg,8,Negative
20171218-111744-3.jpg,8,Negative
20170129-102937-0.jpg,8,Negative
20171113-132144-3.jpg,6,Siam weed
20170715-105922-1.jpg,1,Lantana
20170705-162239-0.jpg,7,Snake weed
20170728-152608-1.jpg,8,Negative
20170706-105306-0.jpg,7,Snake weed
20180112-074049-1.jpg,8,Negative
20171212-094211-3.jpg,8,Negative
20170913-105841-3.jpg,5,Rubber vine
20180112-101246-2.jpg,8,Negative
20171025-073528-1.jpg,3,Parthenium
20180119-115206-2.jpg,8,Negative
20180109-104900-2.jpg,8,Negative
20170610-123827-0.jpg,1,Lantana
20171113-130918-1.jpg,6,Siam weed
20170714-150539-1.jpg,1,Lantana
20170501-145105-0.jpg,8,Negative
20170126-095331-0.jpg,1,Lantana
20170729-092100-1.jpg,4,Prickly acacia
20180112-074748-2.jpg,8,Negative
20171113-092801-3.jpg,5,Rubber vine
20180105-092305-2.jpg,8,Negative
20171217-103334-2.jpg,8,Negative
20171113-123546-3.jpg,6,Siam weed
20180112-102936-2.jpg,8,Negative
20180105-100659-2.jpg,8,Negative
20170920-112642-2.jpg,2,Parkinsonia
20171113-123016-3.jpg,6,Siam weed
20180109-110142-1.jpg,8,Negative
20171025-094805-2.jpg,3,Parthenium
20170920-115054-2.jpg,2,Parkinsonia
20180112-095026-2.jpg,8,Negative
20171121-091325-3.jpg,6,Siam weed
20170920-180928-1.jpg,2,Parkinsonia
20170727-140424-1.jpg,4,Prickly acacia
20171212-094841-3.jpg,8,Negative
20180112-101035-2.jpg,8,Negative
20180112-094058-1.jpg,8,Negative
20170727-163144-1.jpg,4,Prickly acacia
20171113-120539-2.jpg,6,Siam weed
20180322-132105-1.jpg,8,Negative
20171113-092503-1.jpg,5,Rubber vine
20180105-100119-2.jpg,8,Negative
20171203-165130-3.jpg,8,Negative
20171113-133925-3.jpg,6,Siam weed
20170630-154558-0.jpg,7,Snake weed
20180109-104042-2.jpg,8,Negative
20180112-074029-1.jpg,8,Negative
20171220-092414-2.jpg,8,Negative
20171220-085315-3.jpg,8,Negative
20180112-082206-2.jpg,8,Negative
20180112-103102-2.jpg,8,Negative
20171220-085211-3.jpg,8,Negative
20171113-144428-2.jpg,6,Siam weed
20180125-091842-2.jpg,8,Negative
20171205-141445-2.jpg,8,Negative
20171219-113356-2.jpg,8,Negative
20171102-115733-1.jpg,2,Parkinsonia
20180109-105459-2.jpg,8,Negative
20171113-140705-2.jpg,6,Siam weed
20180322-103102-2.jpg,8,Negative
20171212-104626-3.jpg,8,Negative
20170127-102032-0.jpg,1,Lantana
20171218-122318-3.jpg,8,Negative
20180112-075044-2.jpg,8,Negative
20170501-145328-0.jpg,8,Negative
20170714-110726-3.jpg,1,Lantana
20171113-142323-0.jpg,6,Siam weed
20171109-072905-3.jpg,5,Rubber vine
20180322-113644-2.jpg,8,Negative
20171113-140251-1.jpg,6,Siam weed
20170217-100235-0.jpg,7,Snake weed
20171219-113609-2.jpg,8,Negative
20180119-104845-2.jpg,8,Negative
20171219-094807-3.jpg,8,Negative
20171218-120144-2.jpg,8,Negative
20180109-103631-1.jpg,8,Negative
20171109-085222-3.jpg,5,Rubber vine
20170715-170425-1.jpg,1,Lantana
20170217-143454-0.jpg,7,Snake weed
20170404-153716-0.jpg,7,Snake weed
20170727-144146-3.jpg,4,Prickly acacia
20171220-085300-3.jpg,8,Negative
20180112-082218-2.jpg,8,Negative
20170217-103031-0.jpg,0,Chinee apple
20171220-091805-3.jpg,8,Negative
20180125-092015-2.jpg,8,Negative
20170913-103816-1.jpg,3,Parthenium
20170727-145816-3.jpg,4,Prickly acacia
20180322-130706-1.jpg,8,Negative
20170210-132327-0.jpg,0,Chinee apple
20180112-072559-2.jpg,8,Negative
20170217-114728-0.jpg,0,Chinee apple
20180105-093654-2.jpg,8,Negative
20170920-114148-3.jpg,2,Parkinsonia
20180125-100520-1.jpg,8,Negative
20180109-074419-1.jpg,8,Negative
20170920-113250-2.jpg,2,Parkinsonia
20180112-103618-2.jpg,8,Negative
20180112-070544-2.jpg,8,Negative
20180112-094746-2.jpg,8,Negative
20180109-100706-2.jpg,8,Negative
20170410-154812-0.jpg,0,Chinee apple
20171218-111605-2.jpg,8,Negative
20171212-092953-3.jpg,8,Negative
20170704-155206-0.jpg,7,Snake weed
20171113-145131-1.jpg,6,Siam weed
20180322-131639-1.jpg,8,Negative
20171220-100957-1.jpg,8,Negative
20170217-122330-0.jpg,0,Chinee apple
20171220-084728-3.jpg,8,Negative
20170304-130214-0.jpg,7,Snake weed
20170906-112446-2.jpg,3,Parthenium
20171212-095826-3.jpg,8,Negative
20170315-084815-0.jpg,8,Negative
20170704-152423-0.jpg,0,Chinee apple
20170811-115202-1.jpg,0,Chinee apple
20170501-143529-0.jpg,1,Lantana
20171109-090738-2.jpg,5,Rubber vine
20180125-101536-1.jpg,8,Negative
20171113-162247-0.jpg,6,Siam weed
20180125-125843-2.jpg,8,Negative
20170128-102642-0.jpg,8,Negative
20170210-133518-0.jpg,0,Chinee apple
20180119-114902-1.jpg,8,Negative
20180322-113159-2.jpg,8,Negative
20180112-102528-1.jpg,8,Negative
20171219-113813-3.jpg,8,Negative
20180109-085648-2.jpg,8,Negative
20180322-112610-1.jpg,8,Negative
20170718-131826-2.jpg,7,Snake weed
20180109-091448-1.jpg,8,Negative
20171102-095843-1.jpg,4,Prickly acacia
20171102-121101-2.jpg,2,Parkinsonia
20171220-094850-1.jpg,8,Negative
20170304-132246-0.jpg,7,Snake weed
20171218-110527-2.jpg,8,Negative
20171212-104643-3.jpg,8,Negative
20180112-091928-2.jpg,8,Negative
20171025-081315-1.jpg,3,Parthenium
20170217-120417-0.jpg,7,Snake weed
20180125-093623-2.jpg,8,Negative
20180322-111950-1.jpg,8,Negative
20170718-132658-2.jpg,7,Snake weed
20171219-112726-3.jpg,8,Negative
20180109-095645-1.jpg,8,Negative
20171113-092712-3.jpg,5,Rubber vine
20180112-082845-1.jpg,8,Negative
20170714-112640-2.jpg,1,Lantana
20170217-112856-0.jpg,7,Snake weed
20180119-105930-2.jpg,8,Negative
20180112-072618-2.jpg,8,Negative
20180112-072631-1.jpg,8,Negative
20171109-091124-2.jpg,5,Rubber vine
20170729-092523-1.jpg,4,Prickly acacia
20171219-104932-3.jpg,8,Negative
20170210-130330-0.jpg,7,Snake weed
20171025-080027-2.jpg,3,Parthenium
20180112-075258-2.jpg,8,Negative
20180322-111238-2.jpg,8,Negative
20180109-090332-1.jpg,8,Negative
20170217-115950-0.jpg,0,Chinee apple
20180322-114339-2.jpg,8,Negative
20171203-165847-3.jpg,8,Negative
20161207-110753-0.jpg,0,Chinee apple
20170130-102647-0.jpg,1,Lantana
20171102-103606-1.jpg,2,Parkinsonia
20170126-095258-0.jpg,1,Lantana
20180109-073042-1.jpg,8,Negative
20180112-101411-1.jpg,8,Negative
20171219-114421-2.jpg,8,Negative
20180125-092658-1.jpg,8,Negative
20170920-134714-2.jpg,2,Parkinsonia
20180112-080825-1.jpg,8,Negative
20170920-183557-1.jpg,2,Parkinsonia
20171113-143038-3.jpg,6,Siam weed
20171102-093324-3.jpg,4,Prickly acacia
20170811-103929-2.jpg,0,Chinee apple
20171102-102120-1.jpg,2,Parkinsonia
20170410-124543-0.jpg,0,Chinee apple
20170906-104940-1.jpg,3,Parthenium
20180112-101020-2.jpg,8,Negative
20171109-093513-1.jpg,5,Rubber vine
20180119-115255-1.jpg,8,Negative
20180125-135211-3.jpg,8,Negative
20180112-080029-2.jpg,8,Negative
20170711-114320-0.jpg,0,Chinee apple
20180112-095104-2.jpg,8,Negative
20170217-144231-0.jpg,7,Snake weed
20170715-131423-1.jpg,1,Lantana
20171220-082304-2.jpg,8,Negative
20170714-110804-3.jpg,1,Lantana
20171203-165621-3.jpg,8,Negative
20180109-085705-1.jpg,8,Negative
20180109-102832-2.jpg,8,Negative
20170728-122736-2.jpg,4,Prickly acacia
20170718-132824-2.jpg,7,Snake weed
20180125-135214-2.jpg,8,Negative
20171220-101617-1.jpg,8,Negative
20171113-141533-2.jpg,6,Siam weed
20180112-082155-2.jpg,8,Negative
20170705-161139-0.jpg,7,Snake weed
20180322-114250-2.jpg,8,Negative
20171201-123743-3.jpg,8,Negative
20170706-110944-0.jpg,7,Snake weed
20171219-100221-2.jpg,8,Negative
20171113-135453-3.jpg,6,Siam weed
20171219-113109-3.jpg,8,Negative
20171220-093436-3.jpg,8,Negative
20170715-161925-1.jpg,1,Lantana
20170126-095150-0.jpg,1,Lantana
20170906-105900-4.jpg,3,Parthenium
20171109-084821-3.jpg,5,Rubber vine
20171113-092852-3.jpg,5,Rubber vine
20171218-105717-2.jpg,8,Negative
20180105-095816-3.jpg,8,Negative
20170715-124544-1.jpg,1,Lantana
20170913-123231-3.jpg,3,Parthenium
20171113-131024-1.jpg,6,Siam weed
20180119-113758-2.jpg,8,Negative
20180322-132811-1.jpg,8,Negative
20170920-094840-3.jpg,8,Negative
20170129-103949-0.jpg,8,Negative
20171203-173011-3.jpg,8,Negative
20170920-130458-2.jpg,2,Parkinsonia
20170913-124200-1.jpg,5,Rubber vine
20180109-101420-2.jpg,8,Negative
20170217-100103-0.jpg,7,Snake weed
20171113-140302-2.jpg,6,Siam weed
20170727-171055-1.jpg,4,Prickly acacia
20171220-100453-2.jpg,8,Negative
20171218-115155-3.jpg,8,Negative
20170630-155427-0.jpg,7,Snake weed
20171109-194331-1.jpg,5,Rubber vine
20171109-092552-1.jpg,5,Rubber vine
20170705-163051-0.jpg,7,Snake weed
20171025-093337-3.jpg,3,Parthenium
20180109-090849-2.jpg,8,Negative
20170920-111217-2.jpg,2,Parkinsonia
20171203-172940-3.jpg,8,Negative
20180109-101136-1.jpg,8,Negative
20180125-130335-3.jpg,8,Negative
20171219-113651-2.jpg,8,Negative
20180109-104634-2.jpg,8,Negative
20171113-144745-1.jpg,6,Siam weed
20180119-113141-1.jpg,8,Negative
20180112-082353-1.jpg,8,Negative
20170405-154527-0.jpg,0,Chinee apple
20180109-104616-1.jpg,8,Negative
20180105-095825-2.jpg,8,Negative
20170630-152316-0.jpg,0,Chinee apple
20171113-111125-0.jpg,6,Siam weed
20170811-110129-2.jpg,0,Chinee apple
20171220-083322-3.jpg,8,Negative
20170315-090401-0.jpg,8,Negative
20171113-152255-0.jpg,6,Siam weed
20180109-070134-1.jpg,8,Negative
20180112-091700-1.jpg,8,Negative
20171220-082953-2.jpg,8,Negative
20170728-153034-1.jpg,8,Negative
20171205-123836-2.jpg,8,Negative
20180112-072445-1.jpg,8,Negative
20170715-152856-1.jpg,1,Lantana
20171121-083337-1.jpg,6,Siam weed
20180119-112904-2.jpg,8,Negative
20180125-123225-2.jpg,8,Negative
20180109-100843-1.jpg,8,Negative
20171218-111729-2.jpg,8,Negative
20180112-081228-2.jpg,8,Negative
20171121-082006-2.jpg,6,Siam weed
20180105-095635-2.jpg,8,Negative
20180119-114745-2.jpg,8,Negative
20180125-130909-2.jpg,8,Negative
20171219-095803-2.jpg,8,Negative
20180109-105731-2.jpg,8,Negative
20170705-164416-0.jpg,7,Snake weed
20170714-115130-2.jpg,1,Lantana
20171212-102536-3.jpg,8,Negative
20170906-105922-1.jpg,3,Parthenium
20171102-115350-1.jpg,2,Parkinsonia
20171113-152939-0.jpg,6,Siam weed
20171220-101337-2.jpg,8,Negative
20170727-145342-3.jpg,4,Prickly acacia
20171102-122003-2.jpg,2,Parkinsonia
20171219-111732-3.jpg,8,Negative
20161207-111134-0.jpg,0,Chinee apple
20170913-115431-2.jpg,5,Rubber vine
20171121-085247-1.jpg,6,Siam weed
20170715-113813-1.jpg,1,Lantana
20171121-073258-1.jpg,6,Siam weed
20180112-072125-1.jpg,8,Negative
20180109-101333-2.jpg,8,Negative
20170718-132007-2.jpg,7,Snake weed
20180112-092459-2.jpg,8,Negative
20170811-114143-2.jpg,0,Chinee apple
20171219-095055-2.jpg,8,Negative
20170217-151542-0.jpg,0,Chinee apple
20170130-102315-0.jpg,1,Lantana
20180109-091351-1.jpg,8,Negative
20170920-095927-1.jpg,2,Parkinsonia
20170811-134322-1.jpg,0,Chinee apple
20180112-094401-2.jpg,8,Negative
20170127-101628-0.jpg,1,Lantana
20170704-153838-0.jpg,7,Snake weed
20171113-134326-3.jpg,6,Siam weed
20170501-143839-0.jpg,1,Lantana
20180119-114007-1.jpg,8,Negative
20170610-122928-0.jpg,1,Lantana
20180109-085911-2.jpg,8,Negative
20170729-092410-1.jpg,4,Prickly acacia
20180109-103117-2.jpg,8,Negative
20171212-103320-3.jpg,8,Negative
20170913-104352-2.jpg,3,Parthenium
20180109-095025-1.jpg,8,Negative
20180119-105849-2.jpg,8,Negative
20170718-101608-2.jpg,0,Chinee apple
20170728-151857-1.jpg,8,Negative
20180112-083043-1.jpg,8,Negative
20180109-094738-2.jpg,8,Negative
20171217-103537-2.jpg,8,Negative
20171203-165600-3.jpg,8,Negative
20170913-124425-1.jpg,5,Rubber vine
20170714-141732-2.jpg,1,Lantana
20171113-131014-2.jpg,6,Siam weed
20170711-115029-0.jpg,7,Snake weed
20171102-121749-2.jpg,2,Parkinsonia
20171220-090930-2.jpg,8,Negative
20171212-100503-1.jpg,8,Negative
20180322-111909-2.jpg,8,Negative
20170410-123806-0.jpg,0,Chinee apple
20170128-101959-0.jpg,8,Negative
20171113-145156-3.jpg,6,Siam weed
20170714-143353-1.jpg,1,Lantana
20170811-133329-2.jpg,0,Chinee apple
20170727-164359-3.jpg,4,Prickly acacia
20170522-093417-0.jpg,1,Lantana
20170920-095702-1.jpg,2,Parkinsonia
20171109-072202-1.jpg,5,Rubber vine
20170920-190826-1.jpg,2,Parkinsonia
20171025-094751-1.jpg,3,Parthenium
20170920-101234-1.jpg,2,Parkinsonia
20180125-131813-2.jpg,8,Negative
20171102-104707-1.jpg,2,Parkinsonia
20180109-080141-1.jpg,8,Negative
20180322-130217-1.jpg,8,Negative
20180119-114016-1.jpg,8,Negative
20171217-184749-2.jpg,8,Negative
20171212-102523-3.jpg,8,Negative
20171025-073848-1.jpg,3,Parthenium
20170210-131016-0.jpg,7,Snake weed
20180105-091846-2.jpg,8,Negative
20170727-124229-3.jpg,4,Prickly acacia
20180109-094707-1.jpg,8,Negative
20170913-104531-3.jpg,5,Rubber vine
20170304-131008-0.jpg,7,Snake weed
20180119-114711-2.jpg,8,Negative
20170128-102406-0.jpg,8,Negative
20170727-170734-1.jpg,4,Prickly acacia
20171219-095838-3.jpg,8,Negative
20170610-122247-0.jpg,1,Lantana
20171102-095154-1.jpg,4,Prickly acacia
20180109-100113-1.jpg,8,Negative
20180112-070545-2.jpg,8,Negative
20170207-141604-0.jpg,7,Snake weed
20171113-150257-3.jpg,6,Siam weed
20171109-093128-1.jpg,5,Rubber vine
20170630-160037-0.jpg,7,Snake weed
20171113-101436-1.jpg,5,Rubber vine
20161207-111122-0.jpg,0,Chinee apple
20170811-100812-2.jpg,0,Chinee apple
20171220-083141-2.jpg,8,Negative
20180105-091634-3.jpg,8,Negative
20180119-113956-1.jpg,8,Negative
20180125-092339-1.jpg,8,Negative
20170715-113141-1.jpg,1,Lantana
20180105-093538-2.jpg,8,Negative
20180109-090058-2.jpg,8,Negative
20180112-072500-1.jpg,8,Negative
20170711-114223-0.jpg,0,Chinee apple
20180125-101406-1.jpg,8,Negative
20170405-155646-0.jpg,0,Chinee apple
20171219-113301-3.jpg,8,Negative
20170127-102546-0.jpg,1,Lantana
20171122-100606-1.jpg,5,Rubber vine
20171212-093840-1.jpg,8,Negative
20171109-073228-3.jpg,5,Rubber vine
20170920-180729-1.jpg,2,Parkinsonia
20180112-071828-1.jpg,8,Negative
20171109-175921-2.jpg,5,Rubber vine
20170729-091223-1.jpg,4,Prickly acacia
20170207-153656-0.jpg,0,Chinee apple
20180105-091800-3.jpg,8,Negative
20171219-100606-2.jpg,8,Negative
20171113-115453-1.jpg,6,Siam weed
20170127-102955-0.jpg,1,Lantana
20180109-072518-2.jpg,8,Negative
20170217-113234-0.jpg,7,Snake weed
20170210-133023-0.jpg,0,Chinee apple
20170920-163436-3.jpg,2,Parkinsonia
20170210-141621-0.jpg,7,Snake weed
20171109-071105-3.jpg,5,Rubber vine
20171113-122134-0.jpg,6,Siam weed
20180112-094610-1.jpg,8,Negative
20171113-140203-1.jpg,6,Siam weed
20180109-090435-1.jpg,8,Negative
20180125-134310-2.jpg,8,Negative
20180125-131915-2.jpg,8,Negative
20180109-090820-2.jpg,8,Negative
20170315-090831-0.jpg,8,Negative
20180119-105101-1.jpg,8,Negative
20170728-121913-3.jpg,4,Prickly acacia
20170811-154858-2.jpg,0,Chinee apple
20171212-100115-1.jpg,8,Negative
20180119-115131-1.jpg,8,Negative
20171218-105456-3.jpg,8,Negative
20171121-071925-1.jpg,6,Siam weed
20171102-094349-2.jpg,4,Prickly acacia
20171025-073724-3.jpg,3,Parthenium
20170410-124556-0.jpg,0,Chinee apple
20170728-124106-2.jpg,4,Prickly acacia
20170913-110054-2.jpg,3,Parthenium
20171220-091002-2.jpg,8,Negative
20171113-143224-3.jpg,6,Siam weed
20171113-150713-1.jpg,6,Siam weed
20180109-074324-2.jpg,8,Negative
20180109-071446-2.jpg,8,Negative
20170410-124637-0.jpg,0,Chinee apple
20170207-141713-0.jpg,7,Snake weed
20171109-090520-3.jpg,5,Rubber vine
20171203-164511-3.jpg,8,Negative
20180322-131830-1.jpg,8,Negative
20170714-141340-3.jpg,1,Lantana
20180322-112621-1.jpg,8,Negative
20170210-131031-0.jpg,7,Snake weed
20170920-133722-2.jpg,2,Parkinsonia
20171220-090832-2.jpg,8,Negative
20170811-125245-1.jpg,0,Chinee apple
20171212-092936-3.jpg,8,Negative
20180109-095457-1.jpg,8,Negative
20170920-163812-3.jpg,2,Parkinsonia
20170728-121037-2.jpg,4,Prickly acacia
20170727-143325-3.jpg,4,Prickly acacia
20170705-165759-0.jpg,7,Snake weed
20171113-143028-3.jpg,6,Siam weed
20180109-105803-1.jpg,8,Negative
20171218-111334-2.jpg,8,Negative
20171218-121303-2.jpg,8,Negative
20170913-102124-2.jpg,3,Parthenium
20180125-102010-2.jpg,8,Negative
20180125-092652-2.jpg,8,Negative
20180112-101535-2.jpg,8,Negative
20171220-092621-2.jpg,8,Negative
20170715-125535-1.jpg,1,Lantana
20180112-093116-1.jpg,8,Negative
20180322-111710-2.jpg,8,Negative
20171113-115831-1.jpg,6,Siam weed
20171219-102454-2.jpg,8,Negative
20170727-115911-3.jpg,4,Prickly acacia
20171220-101611-2.jpg,8,Negative
20171121-073257-1.jpg,6,Siam weed
20180125-131813-3.jpg,8,Negative
20171219-112552-3.jpg,8,Negative
20170128-102128-0.jpg,8,Negative
20171025-081432-3.jpg,3,Parthenium
20170913-122111-1.jpg,5,Rubber vine
20171218-110809-3.jpg,8,Negative
20170410-124729-0.jpg,0,Chinee apple
20171217-183807-2.jpg,8,Negative
20180109-085932-1.jpg,8,Negative
20180119-113819-2.jpg,8,Negative
20180109-092334-2.jpg,8,Negative
20171113-135239-0.jpg,6,Siam weed
20180125-123305-2.jpg,8,Negative
20180322-114004-1.jpg,8,Negative
20170130-102331-0.jpg,1,Lantana
20180125-093606-1.jpg,8,Negative
20180112-093743-1.jpg,8,Negative
20180109-071455-1.jpg,8,Negative
20180119-105910-1.jpg,8,Negative
20171218-102911-2.jpg,8,Negative
20180109-070145-2.jpg,8,Negative
20180112-075012-2.jpg,8,Negative
20171220-084817-2.jpg,8,Negative
20171203-165247-3.jpg,8,Negative
20170210-130209-0.jpg,7,Snake weed
20170906-111904-1.jpg,3,Parthenium
20170210-131333-0.jpg,7,Snake weed
20171113-100323-3.jpg,5,Rubber vine
20171109-093614-2.jpg,5,Rubber vine
20170811-113501-1.jpg,0,Chinee apple
20170727-150254-1.jpg,4,Prickly acacia
20180119-110416-1.jpg,8,Negative
20171113-131833-3.jpg,6,Siam weed
20170920-094037-2.jpg,2,Parkinsonia
20171220-090823-2.jpg,8,Negative
20180109-070211-1.jpg,8,Negative
20171212-093927-3.jpg,8,Negative
20180112-080217-1.jpg,8,Negative
20170210-131804-0.jpg,0,Chinee apple
20180105-101445-2.jpg,8,Negative
20180322-111659-2.jpg,8,Negative
20180109-080258-2.jpg,7,Snake weed
20170217-144005-0.jpg,7,Snake weed
20180125-093847-1.jpg,8,Negative
20170920-114717-3.jpg,2,Parkinsonia
20170920-095509-1.jpg,2,Parkinsonia
20170714-115847-3.jpg,1,Lantana
20180109-070059-2.jpg,8,Negative
20180109-101602-2.jpg,8,Negative
20180109-105417-2.jpg,8,Negative
20171220-095011-1.jpg,8,Negative
20180109-072236-2.jpg,8,Negative
20171109-071008-3.jpg,5,Rubber vine
20171121-083608-2.jpg,6,Siam weed
20171220-084505-3.jpg,8,Negative
20180109-103135-1.jpg,8,Negative
20180125-134531-3.jpg,8,Negative
20180105-095116-2.jpg,8,Negative
20170920-185539-1.jpg,2,Parkinsonia
20180105-092131-3.jpg,8,Negative
20170718-101932-2.jpg,7,Snake weed
20180109-092502-1.jpg,8,Negative
20180112-093704-2.jpg,8,Negative
20171218-110710-3.jpg,8,Negative
20170501-145245-0.jpg,8,Negative
20170913-122047-1.jpg,5,Rubber vine
20170906-112718-1.jpg,3,Parthenium
20170727-113933-1.jpg,4,Prickly acacia
20171025-074849-2.jpg,3,Parthenium
20171220-100924-2.jpg,8,Negative
20170129-103330-0.jpg,8,Negative
20171218-110958-2.jpg,8,Negative
20171113-131631-2.jpg,6,Siam weed
20180105-092246-3.jpg,8,Negative
20171025-093715-3.jpg,3,Parthenium
20180322-114050-2.jpg,8,Negative
20180112-072200-2.jpg,8,Negative
20170729-090602-1.jpg,4,Prickly acacia
20180125-092901-1.jpg,8,Negative
20171109-093630-1.jpg,5,Rubber vine
20170705-164732-0.jpg,7,Snake weed
20171109-074209-3.jpg,5,Rubber vine
20180119-105746-1.jpg,8,Negative
20180109-075509-2.jpg,8,Negative
20171113-165238-0.jpg,6,Siam weed
20171220-083300-3.jpg,8,Negative
20170714-115729-3.jpg,1,Lantana
20171218-111318-2.jpg,8,Negative
20171205-124230-2.jpg,8,Negative
20170729-091033-2.jpg,4,Prickly acacia
20171219-114530-3.jpg,8,Negative
20170920-114126-3.jpg,2,Parkinsonia
20170714-190330-1.jpg,1,Lantana
20170210-142258-0.jpg,7,Snake weed
20180322-112931-2.jpg,8,Negative
20180105-092154-2.jpg,8,Negative
20171219-112351-2.jpg,8,Negative
20171205-145217-2.jpg,8,Negative
20170811-104119-2.jpg,0,Chinee apple
20171109-074543-1.jpg,5,Rubber vine
20170728-153152-2.jpg,4,Prickly acacia
20180125-134744-3.jpg,8,Negative
20180112-100949-1.jpg,8,Negative
20180119-105231-1.jpg,8,Negative
20180109-065914-1.jpg,8,Negative
20171113-162820-0.jpg,6,Siam weed
20170727-170339-1.jpg,4,Prickly acacia
20171113-151323-3.jpg,6,Siam weed
20171218-120446-2.jpg,8,Negative
20180322-132514-1.jpg,8,Negative
20171109-095615-2.jpg,5,Rubber vine
20170207-155248-0.jpg,0,Chinee apple
20171102-122633-3.jpg,2,Parkinsonia
20170913-102058-1.jpg,3,Parthenium
20171218-104150-2.jpg,8,Negative
20171218-121706-3.jpg,8,Negative
20170126-095106-0.jpg,1,Lantana
20170630-152150-0.jpg,7,Snake weed
20180105-101035-2.jpg,8,Negative
20171121-084016-1.jpg,6,Siam weed
20170727-165826-1.jpg,4,Prickly acacia
20170727-113709-1.jpg,4,Prickly acacia
20170501-145358-0.jpg,8,Negative
20180109-085739-1.jpg,8,Negative
20180105-100546-3.jpg,8,Negative
20161207-111440-0.jpg,0,Chinee apple
20180112-081320-1.jpg,8,Negative
20170707-112402-0.jpg,0,Chinee apple
20171219-094547-3.jpg,8,Negative
20170913-104009-2.jpg,3,Parthenium
20171121-074626-1.jpg,6,Siam weed
20171203-173928-3.jpg,8,Negative
20180125-131458-3.jpg,8,Negative
20171109-071127-1.jpg,5,Rubber vine
20171122-103056-1.jpg,5,Rubber vine
20180119-114840-1.jpg,8,Negative
20171025-093048-2.jpg,3,Parthenium
20180112-071307-2.jpg,8,Negative
20171102-115337-2.jpg,2,Parkinsonia
20171113-134619-1.jpg,6,Siam weed
20180105-093204-3.jpg,8,Negative
20180112-070845-2.jpg,8,Negative
20180109-070508-1.jpg,8,Negative
20171102-122856-2.jpg,2,Parkinsonia
20171205-133700-2.jpg,8,Negative
20170315-085020-0.jpg,8,Negative
20170913-124146-2.jpg,5,Rubber vine
20171109-092137-2.jpg,5,Rubber vine
20171102-102508-3.jpg,2,Parkinsonia
20171220-085134-3.jpg,8,Negative
20170410-153913-0.jpg,0,Chinee apple
20171219-095132-2.jpg,8,Negative
20180112-080307-2.jpg,8,Negative
20180322-121846-2.jpg,8,Negative
20170129-103957-0.jpg,8,Negative
20171220-084259-2.jpg,8,Negative
20170715-151444-1.jpg,1,Lantana
20171219-102443-2.jpg,8,Negative
20171109-193720-1.jpg,5,Rubber vine
20171212-103905-3.jpg,8,Negative
20170705-165148-0.jpg,7,Snake weed
20180112-071938-1.jpg,8,Negative
20171205-133754-2.jpg,8,Negative
20170217-112250-0.jpg,0,Chinee apple
20171219-102923-3.jpg,8,Negative
20180109-074626-2.jpg,8,Negative
20171025-083347-3.jpg,3,Parthenium
20171220-101301-2.jpg,8,Negative
20171122-103752-1.jpg,5,Rubber vine
20170727-165337-1.jpg,4,Prickly acacia
20170906-112228-1.jpg,3,Parthenium
20171220-092318-3.jpg,8,Negative
20171025-075034-2.jpg,3,Parthenium
20180109-080148-2.jpg,7,Snake weed
20170706-111547-0.jpg,7,Snake weed
20171121-091256-3.jpg,6,Siam weed
20171113-095022-1.jpg,5,Rubber vine
20170906-132050-2.jpg,3,Parthenium
20170913-104029-3.jpg,5,Rubber vine
20170913-124246-1.jpg,5,Rubber vine
20170610-123546-0.jpg,1,Lantana
20171109-085310-2.jpg,5,Rubber vine
20171218-105319-3.jpg,8,Negative
20171205-140908-2.jpg,8,Negative
20170811-111301-2.jpg,0,Chinee apple
20170207-154653-0.jpg,0,Chinee apple
20180322-124754-1.jpg,8,Negative
20170727-130230-1.jpg,4,Prickly acacia
20170920-121137-2.jpg,2,Parkinsonia
20180119-110920-2.jpg,8,Negative
20171113-145923-1.jpg,6,Siam weed
20180112-081407-2.jpg,8,Negative
20171218-115553-3.jpg,8,Negative
20170913-102014-3.jpg,5,Rubber vine
20170718-100708-2.jpg,0,Chinee apple
20171219-094839-2.jpg,8,Negative
20171203-164956-3.jpg,8,Negative
20170811-132853-1.jpg,0,Chinee apple
20171220-101008-1.jpg,8,Negative
20171218-121432-2.jpg,8,Negative
20170728-122731-3.jpg,4,Prickly acacia
20171113-122331-3.jpg,6,Siam weed
20171113-115844-1.jpg,6,Siam weed
20170727-120502-3.jpg,4,Prickly acacia
20180109-085529-1.jpg,8,Negative
20180109-072622-1.jpg,8,Negative
20170405-155840-0.jpg,0,Chinee apple
20180109-101216-2.jpg,8,Negative
20170718-133234-2.jpg,7,Snake weed
20171121-074249-1.jpg,6,Siam weed
20180109-070147-1.jpg,8,Negative
20171219-114148-2.jpg,8,Negative
20170811-115153-2.jpg,0,Chinee apple
20171212-092846-1.jpg,8,Negative
20180112-094022-1.jpg,8,Negative
20170920-115351-2.jpg,2,Parkinsonia
20170217-104135-0.jpg,0,Chinee apple
20180112-080831-2.jpg,8,Negative
20170727-112520-3.jpg,4,Prickly acacia
20180322-130649-1.jpg,8,Negative
20170705-165935-0.jpg,7,Snake weed
20171113-121340-1.jpg,6,Siam weed
20180119-115347-1.jpg,8,Negative
20171203-173221-3.jpg,8,Negative
20171220-093525-2.jpg,8,Negative
20170728-150407-1.jpg,8,Negative
20170217-122112-0.jpg,0,Chinee apple
20170217-110641-0.jpg,0,Chinee apple
20180109-091402-2.jpg,8,Negative
20180112-091352-2.jpg,8,Negative
20180322-114650-1.jpg,8,Negative
20171218-121917-2.jpg,8,Negative
20180109-071605-2.jpg,8,Negative
20180109-091833-1.jpg,8,Negative
20171025-091347-2.jpg,3,Parthenium
20171205-144227-2.jpg,8,Negative
20171220-085325-2.jpg,8,Negative
20170315-085800-0.jpg,8,Negative
20171212-102147-3.jpg,8,Negative
20171025-092722-1.jpg,3,Parthenium
20170715-134602-1.jpg,1,Lantana
20180322-103953-2.jpg,8,Negative
20180112-101104-2.jpg,8,Negative
20180125-091858-1.jpg,8,Negative
20171025-095149-1.jpg,3,Parthenium
20171113-092559-3.jpg,5,Rubber vine
20171113-094843-1.jpg,5,Rubber vine
20170727-170702-1.jpg,4,Prickly acacia
20170714-120236-2.jpg,1,Lantana
20180112-103118-2.jpg,8,Negative
20171109-091149-1.jpg,5,Rubber vine
20180112-094305-1.jpg,8,Negative
20171205-123533-2.jpg,8,Negative
20170718-101215-2.jpg,0,Chinee apple
20180112-071750-1.jpg,8,Negative
20170304-132609-0.jpg,7,Snake weed
20171219-113826-3.jpg,8,Negative
20170714-190022-1.jpg,1,Lantana
20180322-111115-2.jpg,8,Negative
20180112-081156-1.jpg,8,Negative
20171122-100023-1.jpg,5,Rubber vine
20180125-101321-2.jpg,8,Negative
20170715-111729-1.jpg,1,Lantana
20171122-101744-1.jpg,5,Rubber vine
20180322-132617-1.jpg,8,Negative
20171212-093714-3.jpg,8,Negative
20171113-092801-1.jpg,5,Rubber vine
20170714-142422-2.jpg,1,Lantana
20171113-111748-0.jpg,6,Siam weed
20170714-190212-1.jpg,1,Lantana
20171109-094157-2.jpg,5,Rubber vine
20171220-095328-2.jpg,8,Negative
20171220-094931-1.jpg,8,Negative
20180112-071336-2.jpg,8,Negative
20170705-162924-0.jpg,0,Chinee apple
20171219-113902-3.jpg,8,Negative
20171113-132747-1.jpg,6,Siam weed
20180109-092557-2.jpg,8,Negative
20170718-100427-2.jpg,0,Chinee apple
20180109-075053-2.jpg,8,Negative
20180125-101625-1.jpg,8,Negative
20180109-071039-2.jpg,8,Negative
20180112-080336-1.jpg,8,Negative
20170728-152252-1.jpg,8,Negative
20171025-092104-2.jpg,3,Parthenium
20170728-121823-2.jpg,4,Prickly acacia
20170714-111610-1.jpg,1,Lantana
20180112-092446-1.jpg,8,Negative
20171102-115510-3.jpg,2,Parkinsonia
20171220-100553-2.jpg,8,Negative
20171219-105429-2.jpg,8,Negative
20171113-142823-0.jpg,6,Siam weed
20171025-073923-2.jpg,3,Parthenium
20170728-125143-2.jpg,4,Prickly acacia
20170714-142641-3.jpg,1,Lantana
20171212-095853-3.jpg,8,Negative
20170210-134009-0.jpg,0,Chinee apple
20171219-095012-3.jpg,8,Negative
20171109-084412-3.jpg,5,Rubber vine
20171220-101639-1.jpg,8,Negative
20180112-072023-2.jpg,8,Negative
20170718-102020-2.jpg,0,Chinee apple
20171113-150751-3.jpg,6,Siam weed
20180109-071502-2.jpg,8,Negative
20170913-101502-3.jpg,5,Rubber vine
20170501-143209-0.jpg,1,Lantana
20180322-124735-1.jpg,8,Negative
20171102-104737-1.jpg,2,Parkinsonia
20170627-104419-0.jpg,7,Snake weed
20170920-192550-1.jpg,2,Parkinsonia
20180119-113715-2.jpg,8,Negative
20170729-154215-3.jpg,4,Prickly acacia
20180125-094934-2.jpg,8,Negative
20180322-124839-1.jpg,8,Negative
20171220-085411-3.jpg,8,Negative
20180322-103725-1.jpg,8,Negative
20170128-103723-0.jpg,8,Negative
20171203-174313-3.jpg,8,Negative
20171122-100436-1.jpg,5,Rubber vine
20170906-133145-1.jpg,3,Parthenium
20180109-075750-2.jpg,8,Negative
20171113-131234-1.jpg,6,Siam weed
20180125-092801-2.jpg,8,Negative
20180322-113005-2.jpg,8,Negative
20180109-072200-2.jpg,8,Negative
20171121-084509-2.jpg,6,Siam weed
20180105-101003-3.jpg,8,Negative
20170711-115511-0.jpg,0,Chinee apple
20170920-113018-2.jpg,2,Parkinsonia
20170217-110700-0.jpg,0,Chinee apple
20170714-150233-1.jpg,1,Lantana
20170210-142158-0.jpg,7,Snake weed
20170920-135932-2.jpg,2,Parkinsonia
20180109-092549-2.jpg,8,Negative
20180125-100454-2.jpg,8,Negative
20171113-142600-2.jpg,6,Siam weed
20171203-170450-3.jpg,8,Negative
20180125-094923-2.jpg,8,Negative
20170714-170504-1.jpg,1,Lantana
20180119-113908-2.jpg,8,Negative
20170410-160329-0.jpg,7,Snake weed
20180125-134154-2.jpg,8,Negative
20180109-105226-2.jpg,8,Negative
20171113-133354-1.jpg,6,Siam weed
20171102-122305-3.jpg,2,Parkinsonia
20171113-120812-3.jpg,6,Siam weed
20180322-114954-1.jpg,8,Negative
20171113-132227-1.jpg,6,Siam weed
20180125-101231-1.jpg,8,Negative
20170405-155257-0.jpg,0,Chinee apple
20170217-102141-0.jpg,0,Chinee apple
20180125-135642-3.jpg,8,Negative
20180112-080743-1.jpg,8,Negative
20170811-105029-2.jpg,0,Chinee apple
20171219-094023-3.jpg,8,Negative
20170920-114127-2.jpg,2,Parkinsonia
20171219-104859-2.jpg,8,Negative
20170811-103830-2.jpg,0,Chinee apple
20180322-113248-1.jpg,8,Negative
20170906-092311-1.jpg,3,Parthenium
20170128-103005-0.jpg,8,Negative
20170906-105952-1.jpg,3,Parthenium
20170714-150034-1.jpg,1,Lantana
20171121-073442-1.jpg,6,Siam weed
20170610-121741-0.jpg,1,Lantana
20171113-134727-1.jpg,6,Siam weed
20171113-123718-3.jpg,6,Siam weed
20170811-103503-2.jpg,0,Chinee apple
20170811-104558-2.jpg,0,Chinee apple
20180119-113452-1.jpg,8,Negative
20180119-110315-1.jpg,8,Negative
20170126-095604-0.jpg,1,Lantana
20180109-074311-1.jpg,8,Negative
20180109-073400-2.jpg,8,Negative
20170210-142607-0.jpg,7,Snake weed
20171113-121025-1.jpg,6,Siam weed
20171113-124246-3.jpg,6,Siam weed
20170906-135435-1.jpg,3,Parthenium
20170210-144659-0.jpg,0,Chinee apple
20180112-073156-2.jpg,8,Negative
20170920-113533-2.jpg,2,Parkinsonia
20180109-070000-2.jpg,8,Negative
20171219-113507-3.jpg,8,Negative
20170811-103554-2.jpg,0,Chinee apple
20180322-103330-1.jpg,8,Negative
20180125-132850-2.jpg,8,Negative
20171220-100913-1.jpg,8,Negative
20171219-094510-2.jpg,8,Negative
20180125-095703-1.jpg,8,Negative
20171203-174656-3.jpg,8,Negative
20180125-131353-2.jpg,8,Negative
20171220-090501-2.jpg,8,Negative
20180105-091251-3.jpg,8,Negative
20180112-101001-2.jpg,8,Negative
20180105-101323-2.jpg,8,Negative
20180125-091445-1.jpg,8,Negative
20171220-101924-1.jpg,8,Negative
20170126-100427-0.jpg,1,Lantana
20180109-080723-2.jpg,8,Negative
20170721-114858-1.jpg,0,Chinee apple
20171113-124416-1.jpg,6,Siam weed
20180105-093421-3.jpg,8,Negative
20171218-105602-3.jpg,8,Negative
20170718-094738-2.jpg,0,Chinee apple
20170920-095743-2.jpg,2,Parkinsonia
20171113-120426-1.jpg,6,Siam weed
20170217-120141-0.jpg,0,Chinee apple
20180119-111347-1.jpg,8,Negative
20180105-101014-2.jpg,8,Negative
20170627-104522-0.jpg,7,Snake weed
20180112-080657-2.jpg,8,Negative
20180322-115118-1.jpg,8,Negative
20180112-093306-1.jpg,8,Negative
20180109-103353-1.jpg,8,Negative
20180119-110046-2.jpg,8,Negative
20180322-114006-2.jpg,8,Negative
20180109-092533-2.jpg,8,Negative
20170130-102448-0.jpg,1,Lantana
20170729-090909-2.jpg,4,Prickly acacia
20180112-074507-2.jpg,8,Negative
20170210-130903-0.jpg,7,Snake weed
20170811-124841-2.jpg,0,Chinee apple
20171121-085834-1.jpg,6,Siam weed
20171205-133832-2.jpg,8,Negative
20170728-121202-2.jpg,4,Prickly acacia
20171217-184150-2.jpg,8,Negative
20170128-102526-0.jpg,8,Negative
20171121-073022-1.jpg,6,Siam weed
20171109-092757-1.jpg,5,Rubber vine
20170920-140103-2.jpg,2,Parkinsonia
20170718-101226-2.jpg,0,Chinee apple
20180105-100134-3.jpg,8,Negative
20170727-114216-3.jpg,4,Prickly acacia
20170704-151427-0.jpg,7,Snake weed
20180322-114739-1.jpg,8,Negative
20171220-094911-2.jpg,8,Negative
20180105-092255-2.jpg,8,Negative
20180322-103348-2.jpg,8,Negative
20180109-075703-2.jpg,8,Negative
20180112-092320-1.jpg,8,Negative
20171025-080507-2.jpg,3,Parthenium
20171113-104328-0.jpg,6,Siam weed
20170913-102554-2.jpg,3,Parthenium
20170714-141938-3.jpg,1,Lantana
20170501-145625-0.jpg,8,Negative
20171217-100745-2.jpg,8,Negative
20171218-111415-2.jpg,8,Negative
20170811-154839-2.jpg,0,Chinee apple
20170304-153004-0.jpg,7,Snake weed
20171219-101321-3.jpg,8,Negative
20170501-143023-0.jpg,1,Lantana
20170715-121327-1.jpg,1,Lantana
20170210-132216-0.jpg,7,Snake weed
20171113-144009-2.jpg,6,Siam weed
20170217-151952-0.jpg,0,Chinee apple
20171220-095436-2.jpg,8,Negative
20180119-115209-1.jpg,8,Negative
20170129-104051-0.jpg,8,Negative
20180109-095352-2.jpg,8,Negative
20180112-093710-1.jpg,8,Negative
20170913-102856-1.jpg,3,Parthenium
20180322-130050-1.jpg,8,Negative
20171121-073501-1.jpg,6,Siam weed
20170729-092214-1.jpg,4,Prickly acacia
20171122-100437-1.jpg,5,Rubber vine
20171102-115518-1.jpg,2,Parkinsonia
20180125-091914-2.jpg,8,Negative
20180105-100718-2.jpg,8,Negative
20180322-113403-1.jpg,8,Negative
20170913-124629-3.jpg,5,Rubber vine
20170913-095437-1.jpg,3,Parthenium
20170217-122236-0.jpg,0,Chinee apple
20171121-073140-1.jpg,6,Siam weed
20180112-092810-2.jpg,8,Negative
20180109-092204-2.jpg,8,Negative
20180109-103028-2.jpg,8,Negative
20171025-095720-2.jpg,3,Parthenium
20170714-140605-1.jpg,1,Lantana
20170811-134256-1.jpg,0,Chinee apple
20180125-095718-2.jpg,8,Negative
20170920-190044-1.jpg,2,Parkinsonia
20170920-130542-2.jpg,2,Parkinsonia
20170714-110855-2.jpg,1,Lantana
20170705-163616-0.jpg,7,Snake weed
20180322-112358-2.jpg,8,Negative
20170913-103128-2.jpg,3,Parthenium
20170913-120206-2.jpg,5,Rubber vine
20171102-115408-3.jpg,2,Parkinsonia
20170728-153202-3.jpg,8,Negative
20180109-104955-2.jpg,8,Negative
20180112-073312-1.jpg,8,Negative
20171212-094444-3.jpg,8,Negative
20180112-101527-1.jpg,8,Negative
20171212-103625-3.jpg,8,Negative
20171218-120436-2.jpg,8,Negative
20170210-133424-0.jpg,0,Chinee apple
20170913-123421-1.jpg,5,Rubber vine
20171025-092430-1.jpg,3,Parthenium
20180125-093556-1.jpg,8,Negative
20170501-145751-0.jpg,8,Negative
20180125-134952-3.jpg,8,Negative
20171113-093226-1.jpg,5,Rubber vine
20180112-081407-1.jpg,8,Negative
20180322-125604-1.jpg,8,Negative
20170210-130844-0.jpg,7,Snake weed
20170913-100559-2.jpg,3,Parthenium
20170920-162949-3.jpg,2,Parkinsonia
20180322-104522-1.jpg,8,Negative
20180322-125424-1.jpg,8,Negative
20180322-133525-1.jpg,8,Negative
20171220-100324-1.jpg,8,Negative
20170920-113554-2.jpg,2,Parkinsonia
20171122-102230-1.jpg,5,Rubber vine
20170811-113249-1.jpg,0,Chinee apple
20180125-100437-1.jpg,8,Negative
20171220-082111-2.jpg,8,Negative
20171102-093339-2.jpg,4,Prickly acacia
20170811-114212-2.jpg,0,Chinee apple
20171109-085908-2.jpg,5,Rubber vine
20170714-190106-1.jpg,1,Lantana
20170920-112347-3.jpg,2,Parkinsonia
20171025-093423-1.jpg,3,Parthenium
20180112-071634-2.jpg,8,Negative
20180125-101613-1.jpg,8,Negative
20171220-084339-3.jpg,8,Negative
20171212-094343-1.jpg,8,Negative
20170714-143440-3.jpg,1,Lantana
20171109-071907-1.jpg,5,Rubber vine
20180112-081631-1.jpg,8,Negative
20170913-121815-1.jpg,5,Rubber vine
20171025-091722-1.jpg,3,Parthenium
20171212-105549-3.jpg,8,Negative
20170920-112915-3.jpg,2,Parkinsonia
20180125-132018-3.jpg,8,Negative
20170727-120723-3.jpg,4,Prickly acacia
20180109-071048-2.jpg,8,Negative
20170210-131944-0.jpg,7,Snake weed
20170714-150245-1.jpg,1,Lantana
20180322-114353-1.jpg,8,Negative
20170811-114956-1.jpg,0,Chinee apple
20180322-113838-1.jpg,8,Negative
20180125-100512-2.jpg,8,Negative
20180105-095620-3.jpg,8,Negative
20171203-165228-3.jpg,8,Negative
20170729-154654-3.jpg,4,Prickly acacia
20180109-072157-1.jpg,8,Negative
20180125-132657-3.jpg,8,Negative
20170714-111256-2.jpg,1,Lantana
20170501-143847-0.jpg,1,Lantana
20170610-123110-0.jpg,1,Lantana
20171219-094130-2.jpg,8,Negative
20171218-111715-2.jpg,8,Negative
20170728-122159-2.jpg,4,Prickly acacia
20171205-145132-2.jpg,8,Negative
20171113-060913-1.jpg,6,Siam weed
20170920-094910-1.jpg,2,Parkinsonia
20171113-123534-3.jpg,6,Siam weed
20171113-151844-1.jpg,6,Siam weed
20171102-120638-1.jpg,2,Parkinsonia
20170217-114633-0.jpg,7,Snake weed
20180125-131446-3.jpg,8,Negative
20170405-155317-0.jpg,0,Chinee apple
20170728-152722-2.jpg,4,Prickly acacia
20180119-113418-2.jpg,8,Negative
20180109-072524-1.jpg,8,Negative
20180125-093047-2.jpg,8,Negative
20180105-100109-2.jpg,8,Negative
20171109-090159-3.jpg,5,Rubber vine
20180125-091822-2.jpg,8,Negative
20171212-095934-3.jpg,8,Negative
20170811-100750-2.jpg,0,Chinee apple
20171121-082716-2.jpg,6,Siam weed
20180109-100103-2.jpg,8,Negative
20170217-102857-0.jpg,0,Chinee apple
20180109-105824-1.jpg,8,Negative
20180109-100338-2.jpg,8,Negative
20180105-092919-2.jpg,8,Negative
20170811-130954-2.jpg,0,Chinee apple
20170906-130553-1.jpg,3,Parthenium
20170727-120450-3.jpg,4,Prickly acacia
20171220-101319-2.jpg,8,Negative
20180109-103937-2.jpg,8,Negative
20180109-073202-1.jpg,8,Negative
20171121-083607-1.jpg,6,Siam weed
20170706-113027-0.jpg,7,Snake weed
20170913-105051-1.jpg,3,Parthenium
20180112-092725-2.jpg,8,Negative
20170913-124346-1.jpg,5,Rubber vine
20180125-100222-2.jpg,8,Negative
20171218-111752-2.jpg,8,Negative
20171121-091252-1.jpg,6,Siam weed
20170705-160924-0.jpg,7,Snake weed
20170913-102032-2.jpg,3,Parthenium
20171113-095216-3.jpg,5,Rubber vine
20180105-095059-2.jpg,8,Negative
20180119-110134-2.jpg,8,Negative
20180112-070303-2.jpg,8,Negative
20170811-132732-1.jpg,0,Chinee apple
20170207-141531-0.jpg,7,Snake weed
20180109-072313-1.jpg,8,Negative
20171220-094816-1.jpg,8,Negative
20170920-114250-2.jpg,2,Parkinsonia
20170913-095529-1.jpg,3,Parthenium
20180322-113756-1.jpg,8,Negative
20180109-085953-1.jpg,8,Negative
20170811-130352-2.jpg,0,Chinee apple
20171212-094139-3.jpg,8,Negative
20170501-142803-0.jpg,1,Lantana
20171113-094803-1.jpg,5,Rubber vine
20180322-125058-1.jpg,8,Negative
20170920-112513-2.jpg,2,Parkinsonia
20170711-114826-0.jpg,7,Snake weed
20170630-155415-0.jpg,7,Snake weed
20180112-094331-2.jpg,8,Negative
20180105-101224-2.jpg,8,Negative
20171102-120130-3.jpg,2,Parkinsonia
20180109-072144-2.jpg,8,Negative
20171109-093217-1.jpg,5,Rubber vine
20180112-092019-2.jpg,8,Negative
20180112-102302-1.jpg,8,Negative
20170727-165228-1.jpg,4,Prickly acacia
20170501-145448-0.jpg,8,Negative
20171219-113248-3.jpg,8,Negative
20171203-170407-3.jpg,8,Negative
20170920-192249-1.jpg,2,Parkinsonia
20170811-110944-1.jpg,0,Chinee apple
20171109-090242-2.jpg,5,Rubber vine
20180119-105041-2.jpg,8,Negative
20170913-123504-2.jpg,5,Rubber vine
20180112-081721-1.jpg,8,Negative
20170130-102426-0.jpg,1,Lantana
20171025-093113-3.jpg,3,Parthenium
20180109-090811-2.jpg,8,Negative
20171109-084949-3.jpg,5,Rubber vine
20171219-112740-2.jpg,8,Negative
20180322-112013-2.jpg,8,Negative
20180125-094055-1.jpg,8,Negative
20171205-123548-2.jpg,8,Negative
20170906-093038-4.jpg,3,Parthenium
20170210-150605-0.jpg,0,Chinee apple
20171113-133752-1.jpg,6,Siam weed
20171113-095542-3.jpg,5,Rubber vine
20180322-112034-1.jpg,8,Negative
20180109-091208-1.jpg,8,Negative
20170727-140013-1.jpg,4,Prickly acacia
20180112-092331-2.jpg,8,Negative
20171109-092335-1.jpg,5,Rubber vine
20170718-101628-2.jpg,7,Snake weed
20180322-125857-1.jpg,8,Negative
20180125-135613-3.jpg,8,Negative
20180112-092752-1.jpg,8,Negative
20180119-113100-1.jpg,8,Negative
20171113-124335-1.jpg,6,Siam weed
20170906-133126-1.jpg,3,Parthenium
20171220-100359-2.jpg,8,Negative
20170705-164000-0.jpg,7,Snake weed
20170906-110556-4.jpg,3,Parthenium
20171102-122946-2.jpg,2,Parkinsonia
20171203-165314-3.jpg,8,Negative
20171109-092340-2.jpg,5,Rubber vine
20180109-072246-2.jpg,8,Negative
20180119-113724-2.jpg,8,Negative
20180119-114745-1.jpg,8,Negative
20180322-132536-1.jpg,8,Negative
20170906-134443-2.jpg,3,Parthenium
20171025-095456-2.jpg,3,Parthenium
20170913-110258-1.jpg,3,Parthenium
20170715-150502-1.jpg,1,Lantana
20170920-171224-3.jpg,2,Parkinsonia
20180112-100714-2.jpg,8,Negative
20171220-091648-3.jpg,8,Negative
20180125-100421-2.jpg,8,Negative
20180322-115038-1.jpg,8,Negative
20170610-122906-0.jpg,1,Lantana
20171113-132641-3.jpg,6,Siam weed
20171218-111345-2.jpg,8,Negative
20170906-132554-1.jpg,3,Parthenium
20171025-082212-1.jpg,3,Parthenium
20171113-092415-1.jpg,5,Rubber vine
20180112-080527-1.jpg,8,Negative
20170404-154247-0.jpg,7,Snake weed
20171025-090145-2.jpg,3,Parthenium
20171218-112810-3.jpg,8,Negative
20171220-095131-1.jpg,8,Negative
20171219-110049-3.jpg,8,Negative
20170714-110704-3.jpg,1,Lantana
20170714-170028-1.jpg,1,Lantana
20170207-153455-0.jpg,0,Chinee apple
20171102-122709-2.jpg,2,Parkinsonia
20180125-102050-2.jpg,8,Negative
20180109-095652-1.jpg,8,Negative
20170714-115750-2.jpg,1,Lantana
20180105-100658-3.jpg,8,Negative
20170906-134722-1.jpg,3,Parthenium
20170630-154236-0.jpg,7,Snake weed
20180119-114736-1.jpg,8,Negative
20171218-104904-3.jpg,8,Negative
20180112-072908-1.jpg,8,Negative
20171102-120816-1.jpg,2,Parkinsonia
20170210-132204-0.jpg,0,Chinee apple
20171220-092522-3.jpg,8,Negative
20180125-131533-2.jpg,8,Negative
20180109-071214-2.jpg,8,Negative
20170210-133731-0.jpg,0,Chinee apple
20170913-123102-1.jpg,5,Rubber vine
20170405-155749-0.jpg,0,Chinee apple
20180112-092613-2.jpg,8,Negative
20171113-092650-1.jpg,5,Rubber vine
20170920-155952-3.jpg,2,Parkinsonia
20170705-164107-0.jpg,7,Snake weed
20170718-100046-2.jpg,0,Chinee apple
20180119-113946-1.jpg,8,Negative
20170210-145503-0.jpg,0,Chinee apple
20171218-120837-3.jpg,8,Negative
20170729-153701-3.jpg,4,Prickly acacia
20171025-075205-3.jpg,3,Parthenium
20171109-073258-3.jpg,5,Rubber vine
20180109-071314-2.jpg,8,Negative
20180119-113500-2.jpg,8,Negative
20170715-141041-1.jpg,1,Lantana
20171203-165821-3.jpg,8,Negative
20171113-115254-1.jpg,6,Siam weed
20171218-122237-3.jpg,8,Negative
20171201-120249-1.jpg,8,Negative
20171113-122340-1.jpg,6,Siam weed
20180322-112924-2.jpg,8,Negative
20170727-112159-3.jpg,4,Prickly acacia
20170920-115406-3.jpg,2,Parkinsonia
20170128-102943-0.jpg,8,Negative
20170920-101734-3.jpg,4,Prickly acacia
20180119-115218-1.jpg,8,Negative
20171025-090420-1.jpg,3,Parthenium
20180105-095558-2.jpg,8,Negative
20170729-093609-2.jpg,4,Prickly acacia
20180112-093104-2.jpg,8,Negative
20171220-083421-2.jpg,8,Negative
20170718-132418-2.jpg,7,Snake weed
20171025-092008-2.jpg,3,Parthenium
20180109-094509-2.jpg,8,Negative
20171113-134928-3.jpg,6,Siam weed
20171109-085612-2.jpg,5,Rubber vine
20170727-140142-1.jpg,4,Prickly acacia
20171220-094659-1.jpg,8,Negative
20170714-120613-2.jpg,1,Lantana
20171109-071224-3.jpg,5,Rubber vine
20171113-101836-0.jpg,6,Siam weed
20170920-162827-3.jpg,2,Parkinsonia
20170304-123805-0.jpg,0,Chinee apple
20171220-082253-2.jpg,8,Negative
20171109-090638-3.jpg,5,Rubber vine
20180105-101120-3.jpg,8,Negative
20180125-093256-1.jpg,8,Negative
20170913-095526-2.jpg,3,Parthenium
20171218-115947-3.jpg,8,Negative
20180112-103333-2.jpg,8,Negative
20170210-142658-0.jpg,7,Snake weed
20171102-115918-3.jpg,2,Parkinsonia
20170707-114040-0.jpg,0,Chinee apple
20180125-100401-1.jpg,8,Negative
20171219-095133-2.jpg,8,Negative
20170920-162530-3.jpg,2,Parkinsonia
20180112-072450-2.jpg,8,Negative
20180322-124648-1.jpg,8,Negative
20171203-172110-3.jpg,8,Negative
20170217-122151-0.jpg,0,Chinee apple
20171109-090345-1.jpg,5,Rubber vine
20170715-160802-1.jpg,1,Lantana
20170727-152815-1.jpg,4,Prickly acacia
20170129-102604-0.jpg,8,Negative
20170304-132429-0.jpg,7,Snake weed
20170714-111219-1.jpg,1,Lantana
20170714-134246-1.jpg,1,Lantana
20170906-105405-1.jpg,3,Parthenium
20171205-123841-2.jpg,8,Negative
20171102-115333-3.jpg,2,Parkinsonia
20180125-131520-3.jpg,8,Negative
20170610-121802-0.jpg,1,Lantana
20170727-140230-1.jpg,4,Prickly acacia
20180322-114255-1.jpg,8,Negative
20171212-100740-3.jpg,8,Negative
20180112-101010-2.jpg,8,Negative
20171113-144439-1.jpg,6,Siam weed
20170217-113535-0.jpg,7,Snake weed
20171025-091659-1.jpg,3,Parthenium
20171109-095101-3.jpg,5,Rubber vine
20171025-090045-2.jpg,3,Parthenium
20180112-072900-2.jpg,8,Negative
20170128-101948-0.jpg,8,Negative
20170129-103822-0.jpg,8,Negative
20171121-073829-1.jpg,6,Siam weed
20180322-124907-1.jpg,8,Negative
20180109-072956-2.jpg,8,Negative
20170729-090051-2.jpg,4,Prickly acacia
20171025-095632-2.jpg,3,Parthenium
20170715-174706-1.jpg,1,Lantana
20171220-090155-2.jpg,8,Negative
20171102-103255-2.jpg,2,Parkinsonia
20180119-113132-1.jpg,8,Negative
20180109-095809-1.jpg,8,Negative
20180112-100952-2.jpg,8,Negative
20170727-145620-3.jpg,4,Prickly acacia
20170404-154009-0.jpg,7,Snake weed
20170501-145436-0.jpg,8,Negative
20180109-071511-2.jpg,8,Negative
20170217-122047-0.jpg,0,Chinee apple
20180322-113040-1.jpg,8,Negative
20180112-071959-1.jpg,8,Negative
20180112-092820-2.jpg,8,Negative
20171220-092320-3.jpg,8,Negative
20170127-102221-0.jpg,1,Lantana
20180109-070434-1.jpg,8,Negative
20180105-093310-2.jpg,8,Negative
20170128-103152-0.jpg,8,Negative
20170920-114907-3.jpg,2,Parkinsonia
20171220-101729-1.jpg,8,Negative
20180109-100749-2.jpg,8,Negative
20171220-101356-2.jpg,8,Negative
20180125-100539-2.jpg,8,Negative
20170811-114813-2.jpg,0,Chinee apple
20180112-091449-2.jpg,8,Negative
20171121-083724-1.jpg,6,Siam weed
20180322-112640-2.jpg,8,Negative
20170727-143818-1.jpg,4,Prickly acacia
20171219-102135-3.jpg,8,Negative
20180109-104623-2.jpg,8,Negative
20170714-143808-1.jpg,1,Lantana
20180112-081230-2.jpg,8,Negative
20170920-160218-3.jpg,2,Parkinsonia
20171219-105245-2.jpg,8,Negative
20170714-121542-3.jpg,1,Lantana
20180322-104109-2.jpg,8,Negative
20180112-102419-2.jpg,8,Negative
20180125-131034-3.jpg,8,Negative
20180322-121352-2.jpg,8,Negative
20170727-171518-1.jpg,4,Prickly acacia
20171220-100451-1.jpg,8,Negative
20170727-125810-3.jpg,4,Prickly acacia
20170129-103151-0.jpg,8,Negative
20171203-170534-3.jpg,8,Negative
20180109-104859-1.jpg,8,Negative
20170913-105801-2.jpg,3,Parthenium
20171025-093155-1.jpg,3,Parthenium
20180105-091401-3.jpg,8,Negative
20170728-154055-1.jpg,4,Prickly acacia
20171121-083516-1.jpg,6,Siam weed
20170913-103543-2.jpg,3,Parthenium
20180109-091450-2.jpg,8,Negative
20180109-090921-2.jpg,8,Negative
20170127-101327-0.jpg,1,Lantana
20171219-113001-3.jpg,8,Negative
20180125-094911-2.jpg,8,Negative
20171025-094858-1.jpg,3,Parthenium
20180109-095059-1.jpg,8,Negative
20180322-103830-1.jpg,8,Negative
20171113-092435-1.jpg,5,Rubber vine
20180125-093719-2.jpg,8,Negative
20170128-103131-0.jpg,8,Negative
20170704-154722-0.jpg,0,Chinee apple
20171205-144424-2.jpg,8,Negative
20171109-093053-3.jpg,5,Rubber vine
20180109-071031-2.jpg,8,Negative
20180125-133822-3.jpg,8,Negative
20170217-150733-0.jpg,0,Chinee apple
20170315-085646-0.jpg,8,Negative
20180109-090103-1.jpg,8,Negative
20170803-131649-1.jpg,0,Chinee apple
20170718-132348-2.jpg,0,Chinee apple
20180322-115336-2.jpg,8,Negative
20170920-100719-1.jpg,2,Parkinsonia
20170501-145545-0.jpg,8,Negative
20171102-121720-2.jpg,2,Parkinsonia
20170714-175930-1.jpg,1,Lantana
20171218-103342-2.jpg,8,Negative
20171025-100726-1.jpg,3,Parthenium
20170207-142550-0.jpg,7,Snake weed
20170727-170437-1.jpg,8,Negative
20180105-093019-2.jpg,8,Negative
20170714-133342-1.jpg,1,Lantana
20170705-162525-0.jpg,7,Snake weed
20170728-124840-2.jpg,4,Prickly acacia
20180109-080259-2.jpg,7,Snake weed
20180105-092658-2.jpg,8,Negative
20180109-090838-2.jpg,8,Negative
20180112-092841-1.jpg,8,Negative
20171109-074847-1.jpg,5,Rubber vine
20180119-114631-1.jpg,8,Negative
20171025-075914-2.jpg,3,Parthenium
20171109-073510-1.jpg,5,Rubber vine
20180125-102132-2.jpg,8,Negative
20170728-152145-1.jpg,4,Prickly acacia
20171220-093038-3.jpg,8,Negative
20180109-065843-1.jpg,8,Negative
20180125-132744-3.jpg,8,Negative
20171220-085247-2.jpg,8,Negative
20180322-113208-2.jpg,8,Negative
20170727-111920-1.jpg,4,Prickly acacia
20170727-130315-1.jpg,4,Prickly acacia
20171218-114933-3.jpg,8,Negative
20180125-135227-3.jpg,8,Negative
20180109-100348-2.jpg,8,Negative
20170727-144821-1.jpg,4,Prickly acacia
20170727-153128-3.jpg,4,Prickly acacia
20170718-101114-2.jpg,0,Chinee apple
20171025-075029-3.jpg,3,Parthenium
20171219-113407-3.jpg,8,Negative
20180125-101006-2.jpg,8,Negative
20170913-100725-1.jpg,3,Parthenium
20170610-122621-0.jpg,1,Lantana
20170728-122447-3.jpg,4,Prickly acacia
20171025-081718-1.jpg,0,Chinee apple
20171218-121347-2.jpg,8,Negative
20180112-073045-1.jpg,8,Negative
20170811-162821-1.jpg,0,Chinee apple
20171113-144114-0.jpg,6,Siam weed
20170210-131820-0.jpg,7,Snake weed
20171109-093358-1.jpg,5,Rubber vine
20171025-090440-1.jpg,3,Parthenium
20180112-080317-2.jpg,8,Negative
20171122-101627-1.jpg,5,Rubber vine
20180125-100950-1.jpg,8,Negative
20180322-114023-1.jpg,8,Negative
20180109-092454-2.jpg,8,Negative
20170127-102403-0.jpg,1,Lantana
20180105-100126-2.jpg,8,Negative
20171220-091126-2.jpg,8,Negative
20180105-102220-1.jpg,8,Negative
20180112-092133-2.jpg,8,Negative
20180112-091651-1.jpg,8,Negative
20171219-114633-2.jpg,8,Negative
20170718-132251-2.jpg,7,Snake weed
20180119-113249-1.jpg,8,Negative
20180125-095158-2.jpg,8,Negative
20180105-094925-2.jpg,8,Negative
20170127-101055-0.jpg,1,Lantana
20170706-112512-0.jpg,7,Snake weed
20170811-155029-2.jpg,0,Chinee apple
20180322-120236-2.jpg,8,Negative
20171113-144959-3.jpg,6,Siam weed
20180109-070700-2.jpg,8,Negative
20170913-102640-2.jpg,3,Parthenium
20170727-162807-1.jpg,4,Prickly acacia
20180119-114953-1.jpg,8,Negative
20171212-101511-3.jpg,8,Negative
20180105-102115-2.jpg,8,Negative
20171220-101825-2.jpg,8,Negative
20170729-092913-3.jpg,4,Prickly acacia
20171113-135712-1.jpg,6,Siam weed
20171113-132859-3.jpg,6,Siam weed
20180109-100212-1.jpg,8,Negative
20180322-113444-1.jpg,8,Negative
20170729-090519-1.jpg,4,Prickly acacia
20180112-075747-2.jpg,8,Negative
20170718-101243-2.jpg,0,Chinee apple
20171212-100754-1.jpg,8,Negative
20171025-073905-1.jpg,3,Parthenium
20180322-132135-1.jpg,8,Negative
20170811-133606-2.jpg,0,Chinee apple
20171220-092629-2.jpg,8,Negative
20180112-102800-2.jpg,8,Negative
20171205-134137-2.jpg,8,Negative
20170920-160627-3.jpg,2,Parkinsonia
20180109-103229-2.jpg,8,Negative
20171109-093715-3.jpg,5,Rubber vine
20171217-185021-2.jpg,8,Negative
20171212-100234-3.jpg,8,Negative
20171205-144028-2.jpg,8,Negative
20180125-100713-1.jpg,8,Negative
20170913-105416-3.jpg,5,Rubber vine
20171113-135825-1.jpg,6,Siam weed
20180112-092341-2.jpg,8,Negative
20180109-072347-2.jpg,8,Negative
20171220-090611-2.jpg,8,Negative
20170718-095057-2.jpg,0,Chinee apple
20171113-133808-1.jpg,6,Siam weed
20171219-101319-2.jpg,8,Negative
20170714-120930-3.jpg,1,Lantana
20180119-115455-2.jpg,8,Negative
20171102-115047-2.jpg,2,Parkinsonia
20180322-130734-1.jpg,8,Negative
20180125-132354-3.jpg,8,Negative
20170727-163200-1.jpg,4,Prickly acacia
20170906-111827-1.jpg,3,Parthenium
20180112-101033-2.jpg,8,Negative
20170920-192152-1.jpg,2,Parkinsonia
20170727-170256-1.jpg,4,Prickly acacia
20170501-145528-0.jpg,8,Negative
20170728-153140-2.jpg,4,Prickly acacia
20180125-131237-3.jpg,8,Negative
20180112-094216-1.jpg,8,Negative
20170210-131113-0.jpg,7,Snake weed
20170707-111548-0.jpg,7,Snake weed
20180322-111657-1.jpg,8,Negative
20180109-070918-1.jpg,8,Negative
20180322-113506-2.jpg,8,Negative
20171113-112032-0.jpg,6,Siam weed
20171102-122723-1.jpg,2,Parkinsonia
20171219-093357-2.jpg,8,Negative
20170920-101814-3.jpg,2,Parkinsonia
20170920-112729-3.jpg,2,Parkinsonia
20170315-090641-0.jpg,8,Negative
20170217-120132-0.jpg,0,Chinee apple
20171220-091103-3.jpg,8,Negative
20171113-060610-1.jpg,5,Rubber vine
20171025-093853-2.jpg,3,Parthenium
20180322-112546-1.jpg,8,Negative
20171205-134006-2.jpg,8,Negative
20171102-100358-2.jpg,4,Prickly acacia
20170210-142122-0.jpg,7,Snake weed
20170706-130237-3.jpg,1,Lantana
20170727-154134-1.jpg,4,Prickly acacia
20170728-121815-3.jpg,4,Prickly acacia
20171219-114817-3.jpg,8,Negative
20170718-101939-2.jpg,0,Chinee apple
20171102-094216-1.jpg,4,Prickly acacia
20170920-112118-3.jpg,4,Prickly acacia
20171025-091838-1.jpg,3,Parthenium
20180125-100158-2.jpg,8,Negative
20180112-092859-2.jpg,8,Negative
20180105-100544-3.jpg,8,Negative
20180109-080646-2.jpg,8,Negative
20171219-095245-2.jpg,8,Negative
20171025-073958-2.jpg,3,Parthenium
20170727-113637-3.jpg,4,Prickly acacia
20170129-103700-0.jpg,8,Negative
20180112-094653-2.jpg,8,Negative
20170920-095313-3.jpg,2,Parkinsonia
20171219-112824-3.jpg,8,Negative
20170501-145617-0.jpg,8,Negative
20180105-093335-2.jpg,8,Negative
20170727-130258-1.jpg,4,Prickly acacia
20180119-113406-2.jpg,8,Negative
20171218-103327-3.jpg,8,Negative
20180105-100155-2.jpg,8,Negative
20171220-093403-2.jpg,8,Negative
20171219-112408-3.jpg,8,Negative
20170217-111200-0.jpg,0,Chinee apple
20170714-144408-2.jpg,1,Lantana
20170304-124411-0.jpg,0,Chinee apple
20171122-104333-1.jpg,5,Rubber vine
20171113-120122-3.jpg,6,Siam weed
20180109-094731-1.jpg,8,Negative
20170920-162211-3.jpg,2,Parkinsonia
20171203-172543-3.jpg,8,Negative
20170811-125006-2.jpg,0,Chinee apple
20170727-150645-3.jpg,4,Prickly acacia
20180109-075329-2.jpg,8,Negative
20171219-113759-3.jpg,8,Negative
20171203-172251-3.jpg,8,Negative
20170714-141527-3.jpg,1,Lantana
20180112-080609-2.jpg,8,Negative
20171109-085627-2.jpg,5,Rubber vine
20170714-121934-2.jpg,1,Lantana
20170920-162141-3.jpg,2,Parkinsonia
20170727-114157-3.jpg,4,Prickly acacia
20180112-094355-1.jpg,8,Negative
20171220-095217-1.jpg,8,Negative
20180322-113344-2.jpg,8,Negative
20170913-100403-3.jpg,5,Rubber vine
20180109-100105-1.jpg,8,Negative
20180109-074251-2.jpg,8,Negative
20170906-113929-2.jpg,3,Parthenium
20180322-104456-1.jpg,8,Negative
20170217-143640-0.jpg,7,Snake weed
20171102-122552-2.jpg,2,Parkinsonia
20180125-132821-3.jpg,8,Negative
20180109-090433-2.jpg,8,Negative
20170714-142715-2.jpg,1,Lantana
20180322-105249-1.jpg,8,Negative
20170727-165544-1.jpg,4,Prickly acacia
20170129-102050-0.jpg,8,Negative
20171113-132837-1.jpg,6,Siam weed
20170729-090036-1.jpg,4,Prickly acacia
20180119-105049-1.jpg,8,Negative
20170920-164451-3.jpg,2,Parkinsonia
20170217-121139-0.jpg,0,Chinee apple
20170920-140039-2.jpg,2,Parkinsonia
20180109-074156-2.jpg,8,Negative
20171219-105223-3.jpg,8,Negative
20170727-140028-1.jpg,4,Prickly acacia
20170217-115044-0.jpg,7,Snake weed
20171102-120120-1.jpg,2,Parkinsonia
20170210-132736-0.jpg,0,Chinee apple
20180112-092211-2.jpg,8,Negative
20171109-071710-3.jpg,5,Rubber vine
20171025-082829-3.jpg,3,Parthenium
20180119-105357-1.jpg,8,Negative
20170705-162116-0.jpg,8,Negative
20171219-100605-2.jpg,8,Negative
20180109-095854-1.jpg,8,Negative
20171212-095632-3.jpg,8,Negative
20180112-092559-1.jpg,8,Negative
20170715-154418-1.jpg,1,Lantana
20170728-123035-2.jpg,4,Prickly acacia
20180109-071843-2.jpg,8,Negative
20180109-091255-2.jpg,8,Negative
20171212-095749-1.jpg,8,Negative
20171203-172149-3.jpg,8,Negative
20170217-143504-0.jpg,7,Snake weed
20180109-080430-1.jpg,8,Negative
20180105-100717-3.jpg,8,Negative
20170811-133114-1.jpg,0,Chinee apple
20180125-131343-3.jpg,8,Negative
20180322-114435-1.jpg,8,Negative
20180125-092745-1.jpg,8,Negative
20171220-101709-1.jpg,8,Negative
20180322-130742-1.jpg,8,Negative
20180109-070217-2.jpg,8,Negative
20171218-111034-2.jpg,8,Negative
20170217-150828-0.jpg,0,Chinee apple
20170804-131944-1.jpg,0,Chinee apple
20180112-074454-1.jpg,8,Negative
20171113-141720-2.jpg,6,Siam weed
20180119-115425-2.jpg,8,Negative
20180125-091454-1.jpg,8,Negative
20170714-134040-1.jpg,1,Lantana
20180125-094007-1.jpg,8,Negative
20180109-090938-2.jpg,8,Negative
20171113-121137-1.jpg,6,Siam weed
20171121-072315-1.jpg,6,Siam weed
20171122-100838-1.jpg,5,Rubber vine
20180112-100920-2.jpg,8,Negative
20180322-113506-1.jpg,8,Negative
20180112-094723-1.jpg,8,Negative
20180105-095411-2.jpg,8,Negative
20180125-100444-2.jpg,8,Negative
20171219-105403-2.jpg,8,Negative
20170913-105901-3.jpg,5,Rubber vine
20170714-170749-1.jpg,1,Lantana
20180105-092803-2.jpg,8,Negative
20180119-105107-2.jpg,8,Negative
20171113-153033-0.jpg,6,Siam weed
20171203-171008-3.jpg,8,Negative
20171121-090906-3.jpg,6,Siam weed
20170210-133205-0.jpg,0,Chinee apple
20180112-094541-1.jpg,8,Negative
20180125-092254-1.jpg,8,Negative
20170906-110330-1.jpg,3,Parthenium
20180112-102638-1.jpg,8,Negative
20180125-133255-2.jpg,8,Negative
20170410-160127-0.jpg,7,Snake weed
20180109-104716-2.jpg,8,Negative
20180119-111301-2.jpg,8,Negative
20180109-104802-1.jpg,8,Negative
20171113-141633-2.jpg,6,Siam weed
20170706-130345-3.jpg,1,Lantana
20180112-101334-1.jpg,8,Negative
20170714-120513-2.jpg,1,Lantana
20180112-091722-1.jpg,8,Negative
20171102-115324-2.jpg,2,Parkinsonia
20171218-111047-3.jpg,8,Negative
20171212-102858-3.jpg,8,Negative
20170920-164757-3.jpg,2,Parkinsonia
20171113-131618-2.jpg,6,Siam weed
20171113-163111-0.jpg,6,Siam weed
20171201-115746-1.jpg,8,Negative
20171218-105943-3.jpg,8,Negative
20171220-090639-2.jpg,8,Negative
20170217-151206-0.jpg,0,Chinee apple
20171113-121009-2.jpg,6,Siam weed
20171025-074320-3.jpg,3,Parthenium
20170811-134426-1.jpg,0,Chinee apple
20180119-113650-2.jpg,8,Negative
20180322-103056-1.jpg,8,Negative
20180125-130531-3.jpg,8,Negative
20171203-170822-3.jpg,8,Negative
20180125-133844-3.jpg,8,Negative
20170718-101355-2.jpg,0,Chinee apple
20171220-091406-2.jpg,8,Negative
20170727-143034-1.jpg,4,Prickly acacia
20171220-091421-2.jpg,8,Negative
20170727-093941-1.jpg,4,Prickly acacia
20171219-094648-3.jpg,8,Negative
20171218-102859-2.jpg,8,Negative
20170913-101757-1.jpg,3,Parthenium
20170729-153313-3.jpg,4,Prickly acacia
20171212-095727-1.jpg,8,Negative
20170210-133803-0.jpg,0,Chinee apple
20170217-095739-0.jpg,7,Snake weed
20171212-100020-1.jpg,8,Negative
20180109-103711-1.jpg,8,Negative
20170217-111344-0.jpg,0,Chinee apple
20171220-082807-2.jpg,8,Negative
20180322-113536-1.jpg,8,Negative
20170210-144941-0.jpg,7,Snake weed
20171025-090155-1.jpg,3,Parthenium
20180109-090122-2.jpg,8,Negative
20170920-163055-3.jpg,2,Parkinsonia
20170920-165528-1.jpg,2,Parkinsonia
20171219-112905-3.jpg,8,Negative
20171025-093218-2.jpg,3,Parthenium
20180112-074519-1.jpg,8,Negative
20170727-125701-1.jpg,4,Prickly acacia
20170127-101454-0.jpg,1,Lantana
20180125-101200-2.jpg,8,Negative
20180112-080327-2.jpg,8,Negative
20180119-114044-2.jpg,8,Negative
20170727-171642-1.jpg,4,Prickly acacia
20171102-121401-2.jpg,2,Parkinsonia
20171217-100920-2.jpg,8,Negative
20170920-173017-1.jpg,4,Prickly acacia
20170729-090812-1.jpg,4,Prickly acacia
20180322-112455-1.jpg,8,Negative
20170920-185332-1.jpg,2,Parkinsonia
20171113-101521-1.jpg,5,Rubber vine
20170906-112821-2.jpg,3,Parthenium
20170920-112429-3.jpg,2,Parkinsonia
20171113-134639-1.jpg,6,Siam weed
20170217-115214-0.jpg,7,Snake weed
20180109-075337-2.jpg,8,Negative
20171025-092711-3.jpg,7,Snake weed
20180112-070959-2.jpg,8,Negative
20180125-125831-2.jpg,8,Negative
20170210-141430-0.jpg,7,Snake weed
20171113-120059-3.jpg,6,Siam weed
20171113-151947-1.jpg,6,Siam weed
20180112-072312-1.jpg,8,Negative
20170714-115955-3.jpg,1,Lantana
20171025-095444-3.jpg,3,Parthenium
20180322-113656-2.jpg,8,Negative
20180125-095330-2.jpg,8,Negative
20171109-091313-3.jpg,5,Rubber vine
20180322-104603-2.jpg,8,Negative
20170913-122841-1.jpg,5,Rubber vine
20180112-101955-2.jpg,8,Negative
20170714-132728-1.jpg,1,Lantana
20180322-103903-2.jpg,8,Negative
20170913-110113-1.jpg,3,Parthenium
20171205-123651-2.jpg,8,Negative
20171218-115135-3.jpg,8,Negative
20180109-105430-1.jpg,8,Negative
20180125-095521-2.jpg,8,Negative
20170714-142832-3.jpg,1,Lantana
20180125-095154-1.jpg,8,Negative
20171219-114952-2.jpg,8,Negative
20171113-122323-0.jpg,6,Siam weed
20170811-111506-1.jpg,0,Chinee apple
20170715-143923-1.jpg,1,Lantana
20171219-095452-2.jpg,8,Negative
20171203-173154-3.jpg,8,Negative
20170410-124539-0.jpg,0,Chinee apple
20170610-123122-0.jpg,1,Lantana
20180109-072510-2.jpg,8,Negative
20180322-104408-1.jpg,8,Negative
20171212-101904-3.jpg,8,Negative
20170304-124353-0.jpg,0,Chinee apple
20170501-145418-0.jpg,8,Negative
20171113-132425-1.jpg,6,Siam weed
20171219-095437-3.jpg,8,Negative
20171113-135112-3.jpg,6,Siam weed
20180109-095136-2.jpg,8,Negative
20170410-124652-0.jpg,0,Chinee apple
20171219-113829-2.jpg,8,Negative
20171109-194843-1.jpg,5,Rubber vine
20180125-132815-2.jpg,8,Negative
20170920-192007-1.jpg,2,Parkinsonia
20180112-081035-1.jpg,8,Negative
20171109-090410-3.jpg,5,Rubber vine
20171212-100831-1.jpg,8,Negative
20180125-092625-1.jpg,8,Negative
20170210-131628-0.jpg,7,Snake weed
20170210-132316-0.jpg,0,Chinee apple
20171220-100502-1.jpg,8,Negative
20180119-114435-1.jpg,8,Negative
20170728-122058-3.jpg,4,Prickly acacia
20170705-163829-0.jpg,7,Snake weed
20170913-102301-2.jpg,3,Parthenium
20170727-144038-1.jpg,4,Prickly acacia
20171219-094840-2.jpg,8,Negative
20180109-092223-2.jpg,8,Negative
20180119-114446-2.jpg,8,Negative
20170913-100530-2.jpg,3,Parthenium
20171025-074453-2.jpg,3,Parthenium
20170714-112256-2.jpg,1,Lantana
20170217-103346-0.jpg,0,Chinee apple
20180112-102712-2.jpg,8,Negative
20170217-100111-0.jpg,7,Snake weed
20180109-072927-2.jpg,8,Negative
20171102-121407-1.jpg,2,Parkinsonia
20171113-134843-3.jpg,6,Siam weed
20180105-093817-3.jpg,8,Negative
20171121-085507-1.jpg,6,Siam weed
20171113-112228-0.jpg,6,Siam weed
20171113-121757-0.jpg,6,Siam weed
20171102-103326-3.jpg,2,Parkinsonia
20180322-125629-1.jpg,8,Negative
20170714-111315-1.jpg,1,Lantana
20171109-093725-1.jpg,5,Rubber vine
20171025-092819-3.jpg,7,Snake weed
20180112-101235-2.jpg,8,Negative
20170811-130450-2.jpg,0,Chinee apple
20170627-103419-0.jpg,0,Chinee apple
20180125-132010-3.jpg,8,Negative
20171217-184642-2.jpg,8,Negative
20180119-115445-2.jpg,8,Negative
20170714-122557-2.jpg,1,Lantana
20171122-102359-1.jpg,5,Rubber vine
20170714-113838-2.jpg,1,Lantana
20170217-143757-0.jpg,7,Snake weed
20171109-073423-1.jpg,5,Rubber vine
20180119-114919-2.jpg,8,Negative
20170217-102914-0.jpg,0,Chinee apple
20171219-105547-2.jpg,8,Negative
20170920-183909-1.jpg,2,Parkinsonia
20170130-102601-0.jpg,1,Lantana
20180109-104231-1.jpg,8,Negative
20171121-101113-1.jpg,6,Siam weed
20170714-130820-1.jpg,1,Lantana
20171025-090551-2.jpg,3,Parthenium
20180125-093655-1.jpg,8,Negative
20170718-100410-2.jpg,0,Chinee apple
20180112-093255-1.jpg,8,Negative
20180322-133443-1.jpg,8,Negative
20180109-072534-1.jpg,8,Negative
20180109-072211-1.jpg,8,Negative
20180109-090648-2.jpg,8,Negative
20180119-111123-2.jpg,8,Negative
20180112-103136-2.jpg,8,Negative
20171220-091912-2.jpg,8,Negative
20171113-153310-0.jpg,6,Siam weed
20170913-095721-1.jpg,3,Parthenium
20180125-132908-3.jpg,8,Negative
20170727-154601-1.jpg,4,Prickly acacia
20180119-104600-1.jpg,8,Negative
20180109-090509-2.jpg,8,Negative
20170715-155256-1.jpg,1,Lantana
20171102-120417-1.jpg,2,Parkinsonia
20180112-093241-2.jpg,8,Negative
20180112-083224-1.jpg,8,Negative
20180112-082623-1.jpg,8,Negative
20170714-111546-1.jpg,1,Lantana
20171219-112823-2.jpg,8,Negative
20171109-074255-1.jpg,5,Rubber vine
20170715-133401-1.jpg,1,Lantana
20180109-074505-2.jpg,8,Negative
20171220-084939-2.jpg,8,Negative
20170811-125149-2.jpg,0,Chinee apple
20171203-170954-3.jpg,8,Negative
20180125-095830-1.jpg,8,Negative
20170727-140504-1.jpg,4,Prickly acacia
20180112-101437-1.jpg,8,Negative
20170217-122057-0.jpg,0,Chinee apple
20171212-095237-1.jpg,8,Negative
20170501-143151-0.jpg,1,Lantana
20170727-171730-1.jpg,4,Prickly acacia
20170727-143840-1.jpg,4,Prickly acacia
20170811-125631-1.jpg,0,Chinee apple
20180322-114634-1.jpg,8,Negative
20180112-101551-1.jpg,8,Negative
20170207-141840-0.jpg,7,Snake weed
20180322-112105-1.jpg,8,Negative
20171218-120408-2.jpg,8,Negative
20171218-115310-2.jpg,8,Negative
20180109-071910-1.jpg,8,Negative
20171102-094112-2.jpg,4,Prickly acacia
20171113-164837-0.jpg,6,Siam weed
20170718-132237-2.jpg,7,Snake weed
20180322-113708-1.jpg,8,Negative
20161207-111342-0.jpg,0,Chinee apple
20171217-185041-2.jpg,8,Negative
20180112-093237-1.jpg,8,Negative
20170906-112157-1.jpg,3,Parthenium
20180119-113924-1.jpg,8,Negative
20180125-135349-3.jpg,8,Negative
20170811-114044-1.jpg,0,Chinee apple
20170727-121830-3.jpg,4,Prickly acacia
20180125-135621-3.jpg,8,Negative
20180119-113704-2.jpg,8,Negative
20170727-165446-3.jpg,4,Prickly acacia
20171113-123042-3.jpg,6,Siam weed
20170207-142033-0.jpg,7,Snake weed
20171113-150110-1.jpg,6,Siam weed
20180125-093056-2.jpg,8,Negative
20180112-075456-2.jpg,8,Negative
20180322-113056-2.jpg,8,Negative
20171220-101523-2.jpg,8,Negative
20171102-123047-1.jpg,2,Parkinsonia
20170707-113650-0.jpg,0,Chinee apple
20170727-125722-3.jpg,4,Prickly acacia
20171109-090028-1.jpg,5,Rubber vine
20180119-114049-1.jpg,8,Negative
20180112-101953-2.jpg,8,Negative
20180119-105812-1.jpg,8,Negative
20180112-094422-2.jpg,8,Negative
20180109-092615-2.jpg,8,Negative
20180109-100704-2.jpg,8,Negative
20170315-090619-0.jpg,8,Negative
20171113-061031-1.jpg,6,Siam weed
20170501-144442-0.jpg,1,Lantana
20170811-154918-2.jpg,0,Chinee apple
20171220-084353-3.jpg,8,Negative
20180109-072402-1.jpg,8,Negative
20180322-114426-1.jpg,8,Negative
20170920-133242-2.jpg,2,Parkinsonia
20171025-093737-3.jpg,3,Parthenium
20180112-082025-1.jpg,8,Negative
20171113-123607-3.jpg,6,Siam weed
20180125-131935-3.jpg,8,Negative
20180105-092433-2.jpg,8,Negative
20171109-090822-1.jpg,5,Rubber vine
20170217-103631-0.jpg,0,Chinee apple
20170207-142622-0.jpg,7,Snake weed
20171220-094955-1.jpg,8,Negative
20180109-073157-2.jpg,8,Negative
20170714-121022-2.jpg,1,Lantana
20170714-122230-2.jpg,1,Lantana
20161207-111327-0.jpg,0,Chinee apple
20180112-072707-2.jpg,8,Negative
20171025-080026-1.jpg,3,Parthenium
20170920-114105-3.jpg,2,Parkinsonia
20171113-141611-2.jpg,6,Siam weed
20171220-090336-2.jpg,8,Negative
20171212-095503-1.jpg,8,Negative
20180105-101539-2.jpg,8,Negative
20180119-110456-1.jpg,8,Negative
20171109-195028-1.jpg,5,Rubber vine
20170210-134222-0.jpg,0,Chinee apple
20180112-091629-1.jpg,8,Negative
20170718-132453-2.jpg,7,Snake weed
20170727-165631-1.jpg,4,Prickly acacia
20171109-071541-3.jpg,5,Rubber vine
20171218-115026-3.jpg,8,Negative
20171218-104940-3.jpg,8,Negative
20180112-081357-2.jpg,8,Negative
20171109-092707-2.jpg,5,Rubber vine
20170727-163038-1.jpg,4,Prickly acacia
20171201-123729-3.jpg,8,Negative
20171113-135658-1.jpg,6,Siam weed
20180112-083728-1.jpg,8,Negative
20171218-110512-3.jpg,8,Negative
20180112-082137-2.jpg,8,Negative
20180112-071131-2.jpg,8,Negative
20180112-093145-1.jpg,8,Negative
20171113-134314-1.jpg,6,Siam weed
20171113-142826-3.jpg,6,Siam weed
20170728-154037-3.jpg,8,Negative
20170501-144018-0.jpg,1,Lantana
20171220-095110-1.jpg,8,Negative
20171220-094554-2.jpg,8,Negative
20171025-075224-3.jpg,3,Parthenium
20170315-084914-0.jpg,8,Negative
20180119-110115-1.jpg,8,Negative
20171219-112038-2.jpg,8,Negative
20171113-142841-2.jpg,6,Siam weed
20170129-102855-0.jpg,8,Negative
20171218-120702-2.jpg,8,Negative
20180105-104532-1.jpg,8,Negative
20180105-095140-2.jpg,8,Negative
20170920-100810-1.jpg,2,Parkinsonia
20170714-111132-2.jpg,1,Lantana
20171113-133809-3.jpg,6,Siam weed
20170130-102305-0.jpg,1,Lantana
20170210-142409-0.jpg,7,Snake weed
20170210-142009-0.jpg,7,Snake weed
20171218-112608-3.jpg,8,Negative
20180112-074923-2.jpg,8,Negative
20170727-145434-1.jpg,4,Prickly acacia
20180119-111701-2.jpg,8,Negative
20180109-094515-2.jpg,7,Snake weed
20180112-094316-1.jpg,8,Negative
20180322-105450-1.jpg,8,Negative
20171113-133536-1.jpg,6,Siam weed
20171203-173509-3.jpg,8,Negative
20170714-121932-3.jpg,1,Lantana
20171122-103638-1.jpg,5,Rubber vine
20171203-082049-3.jpg,8,Negative
20180322-103359-1.jpg,8,Negative
20180125-102041-2.jpg,8,Negative
20170920-190306-1.jpg,2,Parkinsonia
20170129-103622-0.jpg,8,Negative
20171113-145705-3.jpg,6,Siam weed
20180125-100223-2.jpg,8,Negative
20171219-105632-2.jpg,8,Negative
20171025-100830-3.jpg,3,Parthenium
20180112-093540-2.jpg,8,Negative
20171217-184511-2.jpg,8,Negative
20171025-092421-2.jpg,3,Parthenium
20180119-113207-1.jpg,8,Negative
20170714-142520-2.jpg,1,Lantana
20170129-103031-0.jpg,8,Negative
20180112-080139-2.jpg,8,Negative
20171220-090815-3.jpg,8,Negative
20180119-114710-2.jpg,8,Negative
20170128-103744-0.jpg,8,Negative
20171219-112917-2.jpg,8,Negative
20180112-081632-2.jpg,8,Negative
20180125-131751-2.jpg,8,Negative
20180125-135555-3.jpg,8,Negative
20180109-073359-2.jpg,8,Negative
20180322-104635-1.jpg,8,Negative
20170727-152746-1.jpg,4,Prickly acacia
20171102-122608-3.jpg,2,Parkinsonia
20171102-121948-1.jpg,2,Parkinsonia
20170217-144722-0.jpg,7,Snake weed
20180119-105825-2.jpg,8,Negative
20171219-094440-3.jpg,8,Negative
20171220-100640-1.jpg,8,Negative
20180125-125934-3.jpg,8,Negative
20171025-081611-2.jpg,3,Parthenium
20180322-125525-1.jpg,8,Negative
20171212-095133-3.jpg,8,Negative
20170715-103504-1.jpg,1,Lantana
20171220-083357-3.jpg,8,Negative
20170913-123332-2.jpg,5,Rubber vine
20171220-095159-1.jpg,8,Negative
20171212-105828-3.jpg,8,Negative
20171109-074032-1.jpg,5,Rubber vine
20171102-120320-1.jpg,2,Parkinsonia
20171109-090149-1.jpg,5,Rubber vine
20180125-135034-2.jpg,8,Negative
20171113-123809-3.jpg,6,Siam weed
20180109-065926-2.jpg,8,Negative
20171025-074337-3.jpg,3,Parthenium
20180109-073916-2.jpg,8,Negative
20180112-073953-1.jpg,8,Negative
20171220-093157-2.jpg,8,Negative
20171203-170055-3.jpg,8,Negative
20180322-130411-1.jpg,8,Negative
20170727-164539-1.jpg,4,Prickly acacia
20171219-112849-3.jpg,8,Negative
20171218-115821-3.jpg,8,Negative
20180109-074555-1.jpg,8,Negative
20180125-095732-2.jpg,8,Negative
20171113-060650-1.jpg,5,Rubber vine
20180112-080109-2.jpg,8,Negative
20170718-133513-2.jpg,7,Snake weed
20170913-103910-2.jpg,3,Parthenium
20170630-151604-0.jpg,7,Snake weed
20170714-133204-1.jpg,1,Lantana
20180109-073915-1.jpg,8,Negative
20171025-075649-2.jpg,3,Parthenium
20171217-184519-2.jpg,8,Negative
20171113-115832-3.jpg,6,Siam weed
20171113-134655-3.jpg,6,Siam weed
20180112-104202-2.jpg,8,Negative
20180105-092837-2.jpg,8,Negative
20171220-083646-3.jpg,8,Negative
20180105-100646-3.jpg,8,Negative
20171218-115150-2.jpg,8,Negative
20170304-131712-0.jpg,7,Snake weed
20171205-124014-2.jpg,8,Negative
20180119-114533-1.jpg,8,Negative
20171212-093547-3.jpg,8,Negative
20170920-112533-2.jpg,2,Parkinsonia
20171203-170641-3.jpg,8,Negative
20180109-074011-2.jpg,8,Negative
20171025-074113-2.jpg,3,Parthenium
20170811-134743-2.jpg,0,Chinee apple
20180125-094224-1.jpg,8,Negative
20170803-132255-1.jpg,7,Snake weed
20180109-092017-1.jpg,8,Negative
20170410-160245-0.jpg,7,Snake weed
20171109-091812-1.jpg,5,Rubber vine
20170630-152655-0.jpg,7,Snake weed
20170718-132653-2.jpg,7,Snake weed
20171217-183506-2.jpg,8,Negative
20180105-101521-2.jpg,8,Negative
20171113-095558-1.jpg,5,Rubber vine
20171025-090913-3.jpg,3,Parthenium
20170727-151903-1.jpg,4,Prickly acacia
20170304-130821-0.jpg,7,Snake weed
20180109-071546-2.jpg,8,Negative
20180119-114749-2.jpg,8,Negative
20171220-094530-2.jpg,8,Negative
20171212-093214-3.jpg,8,Negative
20170304-131039-0.jpg,7,Snake weed
20171102-121802-2.jpg,2,Parkinsonia
20180125-095908-1.jpg,8,Negative
20180109-075255-2.jpg,8,Negative
20171113-143501-2.jpg,6,Siam weed
20171219-114459-2.jpg,8,Negative
20170210-142444-0.jpg,7,Snake weed
20170718-131906-2.jpg,7,Snake weed
20171218-110726-3.jpg,8,Negative
20171212-101651-3.jpg,8,Negative
20171109-091146-3.jpg,5,Rubber vine
20170610-123517-0.jpg,1,Lantana
20170920-112901-3.jpg,2,Parkinsonia
20170727-163124-1.jpg,4,Prickly acacia
20171102-122425-1.jpg,2,Parkinsonia
20171113-134143-3.jpg,6,Siam weed
20171219-112340-2.jpg,8,Negative
20171025-092405-2.jpg,3,Parthenium
20180109-100555-1.jpg,8,Negative
20170714-142040-1.jpg,1,Lantana
20180125-090952-1.jpg,8,Negative
20180112-081509-1.jpg,8,Negative
20171220-100500-2.jpg,8,Negative
20170127-102920-0.jpg,1,Lantana
20180125-095749-1.jpg,8,Negative
20171218-120102-3.jpg,8,Negative
20180119-114052-2.jpg,8,Negative
20180109-075430-2.jpg,8,Negative
20180109-075623-2.jpg,8,Negative
20170304-125014-0.jpg,0,Chinee apple
20180322-112608-2.jpg,8,Negative
20170920-115000-3.jpg,2,Parkinsonia
20180125-101824-2.jpg,8,Negative
20171203-174215-3.jpg,8,Negative
20171113-134706-3.jpg,6,Siam weed
20170610-124209-0.jpg,1,Lantana
20171121-085220-1.jpg,6,Siam weed
20171205-123733-2.jpg,8,Negative
20171109-091037-2.jpg,5,Rubber vine
20171121-074807-1.jpg,6,Siam weed
20180125-131949-3.jpg,8,Negative
20171113-101156-1.jpg,5,Rubber vine
20180109-071157-2.jpg,8,Negative
20170920-112429-2.jpg,2,Parkinsonia
20170718-133726-2.jpg,7,Snake weed
20170728-121147-2.jpg,4,Prickly acacia
20170315-090007-0.jpg,8,Negative
20171219-113042-3.jpg,8,Negative
20171121-090439-3.jpg,6,Siam weed
20171203-174908-3.jpg,8,Negative
20171219-092731-3.jpg,8,Negative
20180322-130024-1.jpg,8,Negative
20170913-105740-1.jpg,3,Parthenium
20180125-092322-2.jpg,8,Negative
20170210-130321-0.jpg,7,Snake weed
20180322-115953-2.jpg,8,Negative
20180105-093353-2.jpg,8,Negative
20170728-152925-1.jpg,8,Negative
20171219-095213-3.jpg,8,Negative
20180109-080550-2.jpg,8,Negative
20180322-104336-2.jpg,8,Negative
20171220-101235-2.jpg,8,Negative
20170920-192229-1.jpg,2,Parkinsonia
20170811-125344-1.jpg,0,Chinee apple
20180125-091003-1.jpg,8,Negative
20171121-075130-1.jpg,6,Siam weed
20171212-094806-1.jpg,8,Negative
20180125-101231-2.jpg,8,Negative
20180112-091938-2.jpg,8,Negative
20171102-121141-1.jpg,2,Parkinsonia
20171121-075533-1.jpg,6,Siam weed
20170217-112946-0.jpg,0,Chinee apple
20180125-101713-1.jpg,8,Negative
20170920-112446-3.jpg,2,Parkinsonia
20170210-141829-0.jpg,7,Snake weed
20171025-100510-2.jpg,3,Parthenium
20171109-084852-3.jpg,5,Rubber vine
20171121-083544-1.jpg,6,Siam weed
20170727-115633-3.jpg,4,Prickly acacia
20171109-072340-3.jpg,5,Rubber vine
20171025-091538-3.jpg,3,Parthenium
20170729-091939-2.jpg,4,Prickly acacia
20180125-134236-2.jpg,8,Negative
20180125-091609-2.jpg,8,Negative
20170913-101104-1.jpg,3,Parthenium
20170913-101406-2.jpg,3,Parthenium
20171203-174248-3.jpg,8,Negative
20171203-170655-3.jpg,8,Negative
20180322-112747-2.jpg,8,Negative
20171203-171022-3.jpg,8,Negative
20180322-131952-1.jpg,8,Negative
20180125-093246-1.jpg,8,Negative
20171113-123900-1.jpg,6,Siam weed
20180125-132122-2.jpg,8,Negative
20170714-120244-3.jpg,1,Lantana
20180119-113346-1.jpg,8,Negative
20171212-103045-3.jpg,8,Negative
20171109-072135-3.jpg,5,Rubber vine
20180125-101916-2.jpg,8,Negative
20170920-100234-1.jpg,2,Parkinsonia
20180109-092059-2.jpg,7,Snake weed
20171220-084602-2.jpg,8,Negative
20170714-131052-1.jpg,1,Lantana
20170913-104738-3.jpg,5,Rubber vine
20180322-125826-1.jpg,8,Negative
20180112-070149-2.jpg,8,Negative
20180119-113318-1.jpg,8,Negative
20180119-115552-2.jpg,8,Negative
20171121-085809-1.jpg,6,Siam weed
20171113-061120-1.jpg,6,Siam weed
20171109-071046-1.jpg,5,Rubber vine
20180125-132513-3.jpg,8,Negative
20170714-142055-2.jpg,1,Lantana
20171212-105638-3.jpg,8,Negative
20180109-071004-2.jpg,8,Negative
20180125-100545-1.jpg,8,Negative
20180109-100812-1.jpg,8,Negative
20170521-153505-0.jpg,1,Lantana
20171220-101451-1.jpg,8,Negative
20180322-130311-1.jpg,8,Negative
20180119-113746-2.jpg,8,Negative
20180112-074153-1.jpg,8,Negative
20180109-070050-1.jpg,8,Negative
20171201-115840-1.jpg,8,Negative
20171113-143414-3.jpg,6,Siam weed
20170705-161037-0.jpg,7,Snake weed
20180125-091731-2.jpg,8,Negative
20180109-090402-1.jpg,8,Negative
20180125-132524-3.jpg,8,Negative
20180125-134135-3.jpg,8,Negative
20180125-134952-2.jpg,8,Negative
20180125-092239-2.jpg,8,Negative
20170501-144805-0.jpg,8,Negative
20170728-150426-3.jpg,8,Negative
20171025-090203-2.jpg,3,Parthenium
20180322-104140-2.jpg,8,Negative
20180322-120923-2.jpg,8,Negative
20170404-154343-0.jpg,7,Snake weed
20171102-103043-3.jpg,2,Parkinsonia
20170404-153959-0.jpg,7,Snake weed
20180119-110911-2.jpg,8,Negative
20171212-094942-1.jpg,8,Negative
20180119-110301-2.jpg,8,Negative
20170404-154037-0.jpg,7,Snake weed
20180112-103228-2.jpg,8,Negative
20180112-072137-2.jpg,8,Negative
20171219-114425-3.jpg,8,Negative
20171219-110213-3.jpg,8,Negative
20180125-134055-3.jpg,8,Negative
20180322-120149-2.jpg,8,Negative
20180125-094020-2.jpg,8,Negative
20170404-154138-0.jpg,7,Snake weed
20171113-142034-2.jpg,6,Siam weed
20171113-060712-1.jpg,6,Siam weed
20171102-102535-3.jpg,2,Parkinsonia
20171109-093528-3.jpg,5,Rubber vine
20180112-091750-2.jpg,8,Negative
20180119-115551-2.jpg,8,Negative
20180112-092254-1.jpg,8,Negative
20170718-133419-2.jpg,7,Snake weed
20180109-070720-1.jpg,8,Negative
20180125-093220-2.jpg,8,Negative
20170728-120256-2.jpg,4,Prickly acacia
20170127-102630-0.jpg,1,Lantana
20170920-185917-1.jpg,2,Parkinsonia
20171113-121115-1.jpg,6,Siam weed
20180109-102721-2.jpg,8,Negative
20171212-101643-3.jpg,8,Negative
20171121-071754-1.jpg,6,Siam weed
20180109-100536-1.jpg,8,Negative
20171025-081726-2.jpg,3,Parthenium
20180322-121833-2.jpg,8,Negative
20171025-092321-2.jpg,3,Parthenium
20171217-184207-2.jpg,8,Negative
20171219-092837-2.jpg,8,Negative
20180109-100713-1.jpg,8,Negative
20171219-113750-2.jpg,8,Negative
20170217-145044-0.jpg,7,Snake weed
20180109-090551-2.jpg,8,Negative
20180109-095302-2.jpg,8,Negative
20171220-082206-2.jpg,8,Negative
20180112-091907-1.jpg,8,Negative
20170610-122608-0.jpg,1,Lantana
20180109-073051-1.jpg,8,Negative
20171025-074834-2.jpg,3,Parthenium
20170920-183535-1.jpg,2,Parkinsonia
20171220-082908-3.jpg,8,Negative
20180109-072244-1.jpg,8,Negative
20180322-131342-1.jpg,8,Negative
20180322-115506-2.jpg,8,Negative
20170728-151946-1.jpg,8,Negative
20170728-124711-2.jpg,4,Prickly acacia
20180112-075810-2.jpg,8,Negative
20170913-121131-3.jpg,3,Parthenium
20180125-101750-1.jpg,8,Negative
20171025-092922-2.jpg,3,Parthenium
20170920-183940-1.jpg,2,Parkinsonia
20170913-100131-2.jpg,3,Parthenium
20180322-104829-1.jpg,8,Negative
20180119-111218-1.jpg,8,Negative
20171212-105600-3.jpg,8,Negative
20170714-120203-3.jpg,1,Lantana
20171113-133859-3.jpg,6,Siam weed
20171102-103242-2.jpg,2,Parkinsonia
20180109-080130-1.jpg,8,Negative
20171025-095109-2.jpg,3,Parthenium
20180125-133355-3.jpg,8,Negative
20180109-073935-2.jpg,8,Negative
20171109-092149-1.jpg,5,Rubber vine
20170217-114747-0.jpg,7,Snake weed
20171113-132033-1.jpg,6,Siam weed
20180322-115511-1.jpg,8,Negative
20180125-093037-1.jpg,8,Negative
20170705-165136-0.jpg,7,Snake weed
20170920-100054-1.jpg,2,Parkinsonia
20170704-153425-0.jpg,0,Chinee apple
20180125-093913-2.jpg,8,Negative
20170913-102152-1.jpg,3,Parthenium
20180109-101545-2.jpg,8,Negative
20180109-090722-2.jpg,8,Negative
20171109-094234-3.jpg,5,Rubber vine
20180109-073129-2.jpg,8,Negative
20180109-072335-2.jpg,8,Negative
20170706-112528-0.jpg,7,Snake weed
20171220-084830-2.jpg,8,Negative
20180125-093757-2.jpg,8,Negative
20170217-113429-0.jpg,0,Chinee apple
20180109-101038-2.jpg,8,Negative
20170728-122027-2.jpg,4,Prickly acacia
20171220-093457-3.jpg,8,Negative
20171212-100616-1.jpg,8,Negative
20180109-105842-1.jpg,8,Negative
20170729-090707-1.jpg,4,Prickly acacia
20170217-151558-0.jpg,0,Chinee apple
20180112-080517-2.jpg,8,Negative
20171212-095958-3.jpg,8,Negative
20170920-191417-1.jpg,2,Parkinsonia
20171220-093517-3.jpg,8,Negative
20170129-102119-0.jpg,8,Negative
20180112-081620-1.jpg,8,Negative
20180105-093454-3.jpg,8,Negative
20180112-103523-2.jpg,8,Negative
20170501-144548-0.jpg,8,Negative
20171220-101311-2.jpg,8,Negative
20170210-132725-0.jpg,0,Chinee apple
20170727-162309-1.jpg,4,Prickly acacia
20170913-095627-2.jpg,3,Parthenium
20180112-072730-1.jpg,8,Negative
20180119-111439-1.jpg,8,Negative
20171219-100604-2.jpg,8,Negative
20170811-123636-2.jpg,0,Chinee apple
20171113-115907-3.jpg,6,Siam weed
20171218-103937-2.jpg,8,Negative
20171220-100432-1.jpg,8,Negative
20180112-070631-2.jpg,8,Negative
20171220-092633-3.jpg,8,Negative
20170704-151748-0.jpg,7,Snake weed
20171218-104122-3.jpg,8,Negative
20171102-104308-1.jpg,2,Parkinsonia
20180109-101026-1.jpg,8,Negative
20170704-153451-0.jpg,0,Chinee apple
20171102-120900-2.jpg,2,Parkinsonia
20171219-095453-2.jpg,8,Negative
20171025-082800-1.jpg,0,Chinee apple
20171102-102951-1.jpg,2,Parkinsonia
20180109-072900-1.jpg,8,Negative
20170217-150305-0.jpg,0,Chinee apple
20180125-095855-1.jpg,8,Negative
20180112-083452-1.jpg,8,Negative
20180109-070738-2.jpg,8,Negative
20171025-095559-2.jpg,3,Parthenium
20180109-095520-2.jpg,8,Negative
20170704-154200-0.jpg,7,Snake weed
20171219-104802-3.jpg,8,Negative
20180109-090154-1.jpg,8,Negative
20180109-085344-2.jpg,8,Negative
20170920-163134-3.jpg,2,Parkinsonia
20180112-091554-2.jpg,8,Negative
20180322-121001-2.jpg,8,Negative
20180112-094620-1.jpg,8,Negative
20170727-115706-3.jpg,4,Prickly acacia
20170718-101638-2.jpg,7,Snake weed
20180112-100850-2.jpg,8,Negative
20171102-120916-2.jpg,2,Parkinsonia
20180322-120051-2.jpg,8,Negative
20170727-144459-1.jpg,4,Prickly acacia
20171220-093557-2.jpg,8,Negative
20171212-100306-1.jpg,8,Negative
20180109-095946-1.jpg,8,Negative
20170913-103628-2.jpg,3,Parthenium
20171102-102116-2.jpg,2,Parkinsonia
20171113-132010-1.jpg,6,Siam weed
20180109-101517-2.jpg,8,Negative
20171212-104850-3.jpg,8,Negative
20180119-104936-1.jpg,8,Negative
20170714-142304-3.jpg,1,Lantana
20180112-080936-2.jpg,8,Negative
20180119-114649-1.jpg,8,Negative
20180109-095819-2.jpg,8,Negative
20180112-080937-1.jpg,8,Negative
20170304-124121-0.jpg,0,Chinee apple
20180322-125406-1.jpg,8,Negative
20170715-100156-1.jpg,1,Lantana
20171102-120414-2.jpg,2,Parkinsonia
20170704-155256-0.jpg,7,Snake weed
20171205-133606-2.jpg,8,Negative
20170630-155212-0.jpg,7,Snake weed
20171218-120916-3.jpg,8,Negative
20171113-115546-0.jpg,6,Siam weed
20171113-060628-1.jpg,6,Siam weed
20170210-130453-0.jpg,7,Snake weed
20170718-101313-2.jpg,0,Chinee apple
20180322-112301-2.jpg,8,Negative
20170217-144656-0.jpg,7,Snake weed
20171102-120607-1.jpg,2,Parkinsonia
20170304-131732-0.jpg,7,Snake weed
20171203-171929-3.jpg,8,Negative
20170729-091105-2.jpg,4,Prickly acacia
20171219-100748-2.jpg,8,Negative
20171203-170559-3.jpg,8,Negative
20171113-150418-3.jpg,6,Siam weed
20180322-124718-1.jpg,8,Negative
20171212-094332-1.jpg,8,Negative
20180105-101341-2.jpg,8,Negative
20180109-092305-2.jpg,8,Negative
20170727-162652-3.jpg,4,Prickly acacia
20171025-095034-3.jpg,3,Parthenium
20170127-103129-0.jpg,1,Lantana
20170906-103921-1.jpg,3,Parthenium
20171109-071938-3.jpg,5,Rubber vine
20171212-094227-1.jpg,8,Negative
20180322-120353-2.jpg,8,Negative
20171113-135754-1.jpg,6,Siam weed
20180105-095612-2.jpg,8,Negative
20170706-111324-0.jpg,7,Snake weed
20171121-090747-1.jpg,6,Siam weed
20170627-103439-0.jpg,0,Chinee apple
20170920-190248-1.jpg,2,Parkinsonia
20171113-124224-1.jpg,6,Siam weed
20180109-085617-1.jpg,8,Negative
20180125-092733-1.jpg,8,Negative
20170913-122258-2.jpg,5,Rubber vine
20170130-102100-0.jpg,1,Lantana
20180125-131150-2.jpg,8,Negative
20171212-100412-1.jpg,8,Negative
20171102-114650-1.jpg,2,Parkinsonia
20171109-093438-2.jpg,5,Rubber vine
20180119-110526-2.jpg,8,Negative
20171025-082414-1.jpg,0,Chinee apple
20171121-090705-3.jpg,6,Siam weed
20180112-092849-2.jpg,8,Negative
20170501-145850-0.jpg,8,Negative
20171113-154421-0.jpg,6,Siam weed
20171220-091821-2.jpg,8,Negative
20180109-090543-2.jpg,8,Negative
20180109-071852-2.jpg,8,Negative
20180105-092823-3.jpg,8,Negative
20180322-112421-1.jpg,8,Negative
20180125-092921-2.jpg,8,Negative
20170714-142615-3.jpg,1,Lantana
20171203-170015-3.jpg,8,Negative
20171025-095706-2.jpg,3,Parthenium
20171102-115846-1.jpg,2,Parkinsonia
20170913-120450-1.jpg,5,Rubber vine
20180112-081459-1.jpg,8,Negative
20170129-102840-0.jpg,8,Negative
20171212-094244-3.jpg,8,Negative
20170811-112814-2.jpg,0,Chinee apple
20171219-101412-3.jpg,8,Negative
20171102-095239-1.jpg,4,Prickly acacia
20171102-102141-3.jpg,2,Parkinsonia
20180112-093105-2.jpg,8,Negative
20170906-113158-2.jpg,3,Parthenium
20170217-113444-0.jpg,7,Snake weed
20180105-102302-1.jpg,8,Negative
20180125-135054-2.jpg,8,Negative
20170706-113058-0.jpg,7,Snake weed
20170906-112915-4.jpg,3,Parthenium
20171102-100130-1.jpg,8,Negative
20171109-095002-2.jpg,5,Rubber vine
20170410-155936-0.jpg,7,Snake weed
20171219-113431-3.jpg,8,Negative
20170729-153213-3.jpg,4,Prickly acacia
20171219-101702-2.jpg,8,Negative
20171113-145836-3.jpg,6,Siam weed
20170811-124824-2.jpg,0,Chinee apple
20171109-095312-3.jpg,5,Rubber vine
20171218-110851-2.jpg,8,Negative
20180109-103527-2.jpg,8,Negative
20170714-121303-2.jpg,1,Lantana
20170217-120434-0.jpg,7,Snake weed
20180109-072007-1.jpg,8,Negative
20180125-094105-1.jpg,8,Negative
20171109-071344-3.jpg,5,Rubber vine
20171205-124157-2.jpg,8,Negative
20180125-133145-2.jpg,8,Negative
20170913-100755-3.jpg,5,Rubber vine
20170906-103730-1.jpg,3,Parthenium
20170920-100851-2.jpg,2,Parkinsonia
20170129-103249-0.jpg,8,Negative
20180322-103253-1.jpg,8,Negative
20180322-103417-1.jpg,8,Negative
20170920-171241-3.jpg,2,Parkinsonia
20180119-104643-1.jpg,8,Negative
20180125-131512-2.jpg,8,Negative
20171218-122156-2.jpg,8,Negative
20180322-120543-2.jpg,8,Negative
20170304-132450-0.jpg,7,Snake weed
20171217-184005-2.jpg,8,Negative
20180112-081439-1.jpg,8,Negative
20171220-083114-3.jpg,8,Negative
20171109-090442-3.jpg,5,Rubber vine
20171203-165438-3.jpg,8,Negative
20171109-073641-3.jpg,5,Rubber vine
20180125-092229-2.jpg,8,Negative
20180119-115103-2.jpg,8,Negative
20170210-132214-0.jpg,0,Chinee apple
20170913-104753-2.jpg,3,Parthenium
20171109-095710-3.jpg,5,Rubber vine
20171220-091810-2.jpg,8,Negative
20170913-103508-2.jpg,3,Parthenium
20171212-102312-3.jpg,8,Negative
20180322-132304-1.jpg,8,Negative
20170707-110140-0.jpg,0,Chinee apple
20171218-111840-2.jpg,8,Negative
20180105-095922-2.jpg,8,Negative
20180109-105210-1.jpg,8,Negative
20180112-072058-1.jpg,8,Negative
20180105-100605-2.jpg,8,Negative
20170129-103735-0.jpg,8,Negative
20180105-093725-3.jpg,8,Negative
20170729-153422-3.jpg,4,Prickly acacia
20180112-070805-2.jpg,8,Negative
20180119-104741-1.jpg,8,Negative
20171025-100024-1.jpg,3,Parthenium
20170127-102832-0.jpg,1,Lantana
20171219-094115-2.jpg,8,Negative
20171219-094601-2.jpg,8,Negative
20170729-154632-3.jpg,4,Prickly acacia
20171218-121857-3.jpg,8,Negative
20170210-131452-0.jpg,7,Snake weed
20180125-095020-2.jpg,8,Negative
20170906-113231-4.jpg,3,Parthenium
20180322-114402-1.jpg,8,Negative
20170304-124131-0.jpg,0,Chinee apple
20170718-095159-2.jpg,0,Chinee apple
20171218-103405-3.jpg,8,Negative
20180125-091422-1.jpg,8,Negative
20171113-141059-2.jpg,6,Siam weed
20180112-102916-1.jpg,8,Negative
20180125-101344-2.jpg,8,Negative
20171218-104302-3.jpg,8,Negative
20171212-093813-3.jpg,8,Negative
20170630-151331-0.jpg,7,Snake weed
20170913-101108-2.jpg,3,Parthenium
20180112-081803-2.jpg,8,Negative
20171113-100926-1.jpg,5,Rubber vine
20170811-131023-1.jpg,0,Chinee apple
20171113-101809-1.jpg,5,Rubber vine
20170920-160318-3.jpg,2,Parkinsonia
20170727-120210-3.jpg,4,Prickly acacia
20171113-100359-3.jpg,5,Rubber vine
20170728-124028-3.jpg,4,Prickly acacia
20171220-084725-3.jpg,8,Negative
20170714-120748-3.jpg,1,Lantana
20171113-143857-2.jpg,6,Siam weed
20170405-155438-0.jpg,0,Chinee apple
20180125-100650-1.jpg,8,Negative
20170920-094516-2.jpg,2,Parkinsonia
20170727-152935-1.jpg,4,Prickly acacia
20180105-093704-3.jpg,8,Negative
20180109-090524-2.jpg,8,Negative
20180109-103821-2.jpg,8,Negative
20180125-093622-1.jpg,8,Negative
20180109-070345-2.jpg,8,Negative
20180125-100150-2.jpg,8,Negative
20180322-112736-2.jpg,8,Negative
20180322-125801-1.jpg,8,Negative
20170410-160223-0.jpg,7,Snake weed
20171212-105515-3.jpg,8,Negative
20170714-113205-2.jpg,1,Lantana
20170718-132355-2.jpg,7,Snake weed
20170210-142433-0.jpg,7,Snake weed
20170714-140532-1.jpg,1,Lantana
20170714-115830-2.jpg,1,Lantana
20171219-114436-3.jpg,8,Negative
20171220-083802-3.jpg,8,Negative
20180109-080102-1.jpg,8,Negative
20170207-141552-0.jpg,7,Snake weed
20180125-132123-3.jpg,8,Negative
20171219-123949-2.jpg,8,Negative
20170129-102342-0.jpg,8,Negative
20180112-075445-2.jpg,8,Negative
20170714-143259-3.jpg,1,Lantana
20180109-104520-1.jpg,8,Negative
20180125-133315-2.jpg,8,Negative
20171219-095150-2.jpg,8,Negative
20171212-093654-1.jpg,8,Negative
20170210-131528-0.jpg,7,Snake weed
20171212-095118-1.jpg,8,Negative
20180125-133946-3.jpg,8,Negative
20180112-091701-2.jpg,8,Negative
20170501-145343-0.jpg,8,Negative
20171109-071508-1.jpg,5,Rubber vine
20170920-113041-3.jpg,2,Parkinsonia
20170714-112114-3.jpg,1,Lantana
20180119-110307-1.jpg,8,Negative
20170410-124328-0.jpg,0,Chinee apple
20170714-185914-1.jpg,1,Lantana
20171217-184528-2.jpg,8,Negative
20170811-124944-1.jpg,0,Chinee apple
20171212-104214-3.jpg,8,Negative
20180322-132325-1.jpg,8,Negative
20171113-115634-1.jpg,6,Siam weed
20180109-080111-1.jpg,8,Negative
20170410-155917-0.jpg,7,Snake weed
20170714-150511-1.jpg,1,Lantana
20171218-111618-3.jpg,8,Negative
20180125-093152-2.jpg,8,Negative
20171109-093025-1.jpg,5,Rubber vine
20171122-100508-1.jpg,5,Rubber vine
20160928-142103-0.jpg,0,Chinee apple
20171218-121532-2.jpg,8,Negative
20171121-090736-3.jpg,6,Siam weed
20180125-135306-3.jpg,8,Negative
20170906-113112-4.jpg,3,Parthenium
20170727-154759-1.jpg,4,Prickly acacia
20170630-152017-0.jpg,7,Snake weed
20180109-104116-2.jpg,8,Negative
20171113-105433-0.jpg,6,Siam weed
20180105-100226-2.jpg,8,Negative
20170210-132033-0.jpg,0,Chinee apple
20170128-102307-0.jpg,8,Negative
20170130-102134-0.jpg,1,Lantana
20171220-084433-2.jpg,8,Negative
20180112-101604-1.jpg,8,Negative
20170727-152854-3.jpg,4,Prickly acacia
20170920-172057-1.jpg,2,Parkinsonia
20180125-092209-2.jpg,8,Negative
20170714-135108-2.jpg,1,Lantana
20170920-113109-3.jpg,2,Parkinsonia
20170913-100913-3.jpg,5,Rubber vine
20170711-113916-0.jpg,0,Chinee apple
20170405-155239-0.jpg,0,Chinee apple
20170920-130746-2.jpg,2,Parkinsonia
20170718-094410-2.jpg,0,Chinee apple
20171217-184341-2.jpg,8,Negative
20171121-075511-1.jpg,6,Siam weed
20170811-132411-1.jpg,0,Chinee apple
20171025-095141-3.jpg,3,Parthenium
20171109-092540-1.jpg,5,Rubber vine
20170920-101006-2.jpg,2,Parkinsonia
20170913-101407-1.jpg,3,Parthenium
20170217-150428-0.jpg,0,Chinee apple
20170727-164223-1.jpg,4,Prickly acacia
20180112-075128-2.jpg,8,Negative
20171212-104232-3.jpg,8,Negative
20180322-113827-1.jpg,8,Negative
20180112-081826-1.jpg,8,Negative
20180125-131432-2.jpg,8,Negative
20171113-101034-1.jpg,5,Rubber vine
20171102-122654-1.jpg,2,Parkinsonia
20171025-090845-3.jpg,3,Parthenium
20171113-134940-1.jpg,6,Siam weed
20170913-123452-1.jpg,5,Rubber vine
20171218-122135-2.jpg,8,Negative
20171121-083845-1.jpg,6,Siam weed
20180109-103138-2.jpg,8,Negative
20171212-094001-3.jpg,8,Negative
20171220-092859-2.jpg,8,Negative
20171102-102854-1.jpg,2,Parkinsonia
20171109-093542-2.jpg,5,Rubber vine
20171220-091924-2.jpg,8,Negative
20170210-144758-0.jpg,7,Snake weed
20180109-074235-2.jpg,8,Negative
20180112-102945-2.jpg,8,Negative
20170728-125157-2.jpg,4,Prickly acacia
20180112-093823-2.jpg,8,Negative
20171121-090324-3.jpg,6,Siam weed
20180105-092143-2.jpg,8,Negative
20180125-091817-1.jpg,8,Negative
20170920-114939-3.jpg,2,Parkinsonia
20180105-100047-2.jpg,8,Negative
20171201-120058-1.jpg,8,Negative
20180112-081046-1.jpg,8,Negative
20180322-125459-1.jpg,8,Negative
20170920-132532-2.jpg,2,Parkinsonia
20171121-071258-1.jpg,6,Siam weed
20171102-100741-2.jpg,4,Prickly acacia
20180125-100834-1.jpg,8,Negative
20171109-090704-3.jpg,5,Rubber vine
20170304-124139-0.jpg,0,Chinee apple
20171109-090749-1.jpg,5,Rubber vine
20170718-131912-2.jpg,7,Snake weed
20180112-083355-1.jpg,8,Negative
20171113-101344-3.jpg,5,Rubber vine
20180109-091546-1.jpg,8,Negative
20180125-095134-1.jpg,8,Negative
20170920-112633-3.jpg,2,Parkinsonia
20170217-122257-0.jpg,0,Chinee apple
20170714-142931-2.jpg,1,Lantana
20170210-132816-0.jpg,0,Chinee apple
20170811-131447-2.jpg,0,Chinee apple
20171113-143315-2.jpg,6,Siam weed
20171220-084214-2.jpg,8,Negative
20180125-133322-3.jpg,8,Negative
20171219-114357-2.jpg,8,Negative
20180109-105837-2.jpg,8,Negative
20180125-131057-3.jpg,8,Negative
20180125-131905-2.jpg,8,Negative
20180105-100210-3.jpg,8,Negative
20170920-110609-3.jpg,2,Parkinsonia
20180125-134413-3.jpg,8,Negative
20170906-113859-1.jpg,3,Parthenium
20171220-094737-1.jpg,8,Negative
20171109-093142-2.jpg,5,Rubber vine
20170501-145700-0.jpg,8,Negative
20171220-101437-1.jpg,8,Negative
20171218-103016-2.jpg,8,Negative
20171212-104428-3.jpg,8,Negative
20171203-165519-3.jpg,8,Negative
20171109-092120-1.jpg,5,Rubber vine
20180109-072134-2.jpg,8,Negative
20180112-072025-2.jpg,8,Negative
20170126-100338-0.jpg,1,Lantana
20180112-094555-2.jpg,8,Negative
20170913-095554-2.jpg,3,Parthenium
20170920-155806-3.jpg,2,Parkinsonia
20171113-093822-3.jpg,5,Rubber vine
20170727-152915-1.jpg,4,Prickly acacia
20171212-104822-3.jpg,8,Negative
20170913-102702-1.jpg,3,Parthenium
20170714-135050-2.jpg,1,Lantana
20170207-142157-0.jpg,7,Snake weed
20171219-095525-2.jpg,8,Negative
20170913-100801-2.jpg,3,Parthenium
20170920-115819-2.jpg,2,Parkinsonia
20171220-083152-2.jpg,8,Negative
20180109-074521-2.jpg,8,Negative
20171109-072053-1.jpg,5,Rubber vine
20171220-085108-2.jpg,8,Negative
20171218-114855-3.jpg,8,Negative
20170811-133320-1.jpg,0,Chinee apple
20180322-133029-1.jpg,8,Negative
20170129-102319-0.jpg,8,Negative
20171122-102653-1.jpg,5,Rubber vine
20170210-142345-0.jpg,7,Snake weed
20180119-105329-2.jpg,8,Negative
20180112-091552-1.jpg,8,Negative
20170728-125632-2.jpg,4,Prickly acacia
20180119-110255-1.jpg,8,Negative
20170714-144010-2.jpg,1,Lantana
20170727-115726-3.jpg,4,Prickly acacia
20180105-095907-2.jpg,8,Negative
20171025-075448-2.jpg,3,Parthenium
20171109-070949-3.jpg,5,Rubber vine
20180109-110039-1.jpg,8,Negative
20180125-101952-2.jpg,8,Negative
20180125-100756-2.jpg,8,Negative
20171121-072834-1.jpg,6,Siam weed
20171113-101422-3.jpg,5,Rubber vine
20170913-103745-3.jpg,5,Rubber vine
20171025-073358-1.jpg,3,Parthenium
20170714-115409-3.jpg,1,Lantana
20171212-105905-3.jpg,8,Negative
20170210-141629-0.jpg,7,Snake weed
20180119-113517-2.jpg,8,Negative
20171109-092513-2.jpg,5,Rubber vine
20180109-080120-1.jpg,8,Negative
20180322-104854-1.jpg,8,Negative
20170714-111311-2.jpg,1,Lantana
20180109-105127-1.jpg,8,Negative
20180112-074017-1.jpg,8,Negative
20171109-071248-3.jpg,5,Rubber vine
20180112-082558-1.jpg,8,Negative
20170128-103338-0.jpg,8,Negative
20170501-143807-0.jpg,1,Lantana
20171218-120217-2.jpg,8,Negative
20180109-101131-2.jpg,8,Negative
20170920-095711-3.jpg,2,Parkinsonia
20170714-135825-2.jpg,1,Lantana
20171220-084443-2.jpg,8,Negative
20180119-105948-1.jpg,8,Negative
20170705-170149-0.jpg,8,Negative
20170727-121854-3.jpg,4,Prickly acacia
20171218-103536-2.jpg,8,Negative
20180112-092418-2.jpg,8,Negative
20180105-092119-3.jpg,8,Negative
20170718-133607-2.jpg,7,Snake weed
20170906-114254-2.jpg,3,Parthenium
20170705-161223-0.jpg,7,Snake weed
20180112-102843-1.jpg,8,Negative
20180109-070018-2.jpg,8,Negative
20180322-113447-2.jpg,8,Negative
20170718-100208-2.jpg,0,Chinee apple
20180109-072257-2.jpg,8,Negative
20180125-092311-2.jpg,8,Negative
20171102-123535-3.jpg,2,Parkinsonia
20171219-092908-2.jpg,8,Negative
20170127-101855-0.jpg,1,Lantana
20171113-131307-2.jpg,6,Siam weed
20170920-155827-3.jpg,2,Parkinsonia
20180125-134928-3.jpg,8,Negative
20171025-075728-1.jpg,3,Parthenium
20171113-101410-3.jpg,5,Rubber vine
20171218-110743-3.jpg,8,Negative
20171220-084120-2.jpg,8,Negative
20171220-094601-2.jpg,8,Negative
20170217-114244-0.jpg,0,Chinee apple
20171205-144436-2.jpg,8,Negative
20161207-111718-0.jpg,0,Chinee apple
20171220-092719-2.jpg,8,Negative
20170728-125433-3.jpg,4,Prickly acacia
20180112-102745-1.jpg,8,Negative
20180109-103757-1.jpg,8,Negative
20180109-105827-2.jpg,8,Negative
20180125-092039-1.jpg,8,Negative
20171113-115508-1.jpg,6,Siam weed
20170501-144305-0.jpg,1,Lantana
20180112-100544-1.jpg,8,Negative
20170714-110651-3.jpg,1,Lantana
20170920-112234-2.jpg,2,Parkinsonia
20170714-140428-2.jpg,1,Lantana
20180322-124831-1.jpg,8,Negative
20180105-100512-2.jpg,8,Negative
20171218-113319-3.jpg,8,Negative
20170729-154255-3.jpg,4,Prickly acacia
20180322-133812-1.jpg,8,Negative
20170920-100056-3.jpg,2,Parkinsonia
20170210-131325-0.jpg,7,Snake weed
20170728-120815-2.jpg,4,Prickly acacia
20180125-131738-2.jpg,8,Negative
20170705-162217-0.jpg,7,Snake weed
20180322-113840-2.jpg,8,Negative
20171113-145039-3.jpg,6,Siam weed
20171220-095449-2.jpg,8,Negative
20170501-143827-0.jpg,1,Lantana
20180109-071956-1.jpg,8,Negative
20170707-113402-0.jpg,0,Chinee apple
20180112-071420-2.jpg,8,Negative
20171219-100147-3.jpg,8,Negative
20170501-145612-0.jpg,8,Negative
20171219-114138-3.jpg,8,Negative
20180109-074227-2.jpg,8,Negative
20171113-133312-1.jpg,6,Siam weed
20171109-085130-2.jpg,5,Rubber vine
20170404-154108-0.jpg,7,Snake weed
20171220-095043-2.jpg,8,Negative
20180125-101241-2.jpg,8,Negative
20170920-160607-3.jpg,2,Parkinsonia
20170920-110655-2.jpg,2,Parkinsonia
20170501-143127-0.jpg,1,Lantana
20170920-180512-1.jpg,2,Parkinsonia
20180109-072110-1.jpg,8,Negative
20171109-070618-1.jpg,5,Rubber vine
20170906-113951-1.jpg,3,Parthenium
20171113-131411-1.jpg,6,Siam weed
20171113-123106-1.jpg,6,Siam weed
20180119-104958-1.jpg,8,Negative
20180109-085436-1.jpg,8,Negative
20180119-111533-2.jpg,8,Negative
20171220-091228-2.jpg,8,Negative
20170521-153455-0.jpg,1,Lantana
20180105-091416-2.jpg,8,Negative
20180322-102518-2.jpg,8,Negative
20180112-080711-2.jpg,8,Negative
20171121-085524-1.jpg,6,Siam weed
20180112-101515-1.jpg,8,Negative
20171025-081358-2.jpg,3,Parthenium
20180109-103551-1.jpg,8,Negative
20180119-105225-2.jpg,8,Negative
20180112-092705-2.jpg,8,Negative
20171113-140455-2.jpg,6,Siam weed
20161207-111232-0.jpg,0,Chinee apple
20171102-094906-1.jpg,4,Prickly acacia
20170727-143411-3.jpg,4,Prickly acacia
20180322-112441-2.jpg,8,Negative
20170207-142810-0.jpg,7,Snake weed
20171025-093500-3.jpg,3,Parthenium
20171219-111719-3.jpg,8,Negative
20180125-100620-2.jpg,8,Negative
20180109-080211-1.jpg,8,Negative
20171219-111743-3.jpg,8,Negative
20170128-103245-0.jpg,8,Negative
20171109-092455-2.jpg,5,Rubber vine
20170630-154442-0.jpg,7,Snake weed
20171212-095418-1.jpg,8,Negative
20170920-163354-3.jpg,2,Parkinsonia
20170217-111728-0.jpg,0,Chinee apple
20180105-101817-2.jpg,8,Negative
20180322-130458-1.jpg,8,Negative
20180109-091907-2.jpg,8,Negative
20180322-121546-2.jpg,8,Negative
20170714-142043-3.jpg,1,Lantana
20170304-124656-0.jpg,0,Chinee apple
20180109-073313-2.jpg,8,Negative
20170906-104356-1.jpg,3,Parthenium
20170210-141728-0.jpg,7,Snake weed
20171212-094152-3.jpg,8,Negative
20180119-114459-1.jpg,8,Negative
20171219-115112-2.jpg,8,Negative
20170728-153206-1.jpg,8,Negative
20171109-073645-1.jpg,5,Rubber vine
20170920-183310-1.jpg,2,Parkinsonia
20170920-181127-1.jpg,2,Parkinsonia
20170210-130746-0.jpg,7,Snake weed
20170715-141336-1.jpg,1,Lantana
20170210-131954-0.jpg,7,Snake weed
20171109-094232-2.jpg,5,Rubber vine
20170217-102058-0.jpg,0,Chinee apple
20180322-104033-2.jpg,8,Negative
20170501-142614-0.jpg,1,Lantana
20170210-142512-0.jpg,7,Snake weed
20180105-095030-2.jpg,8,Negative
20180125-132535-3.jpg,8,Negative
20170715-114315-1.jpg,1,Lantana
20180125-095232-2.jpg,8,Negative
20171109-073214-3.jpg,5,Rubber vine
20170729-092309-2.jpg,4,Prickly acacia
20180112-101546-2.jpg,8,Negative
20171025-101302-1.jpg,3,Parthenium
20171220-090156-3.jpg,8,Negative
20170906-113917-2.jpg,3,Parthenium
20171212-100546-1.jpg,8,Negative
20170315-090222-0.jpg,8,Negative
20170729-090502-2.jpg,4,Prickly acacia
20171025-075049-3.jpg,3,Parthenium
20170920-111114-3.jpg,2,Parkinsonia
20170913-100707-2.jpg,3,Parthenium
20170811-130404-1.jpg,0,Chinee apple
20171109-092315-3.jpg,5,Rubber vine
20170729-085955-3.jpg,4,Prickly acacia
20171219-113011-3.jpg,8,Negative
20170704-154038-0.jpg,8,Negative
20171205-144118-2.jpg,8,Negative
20170913-130436-2.jpg,5,Rubber vine
20171025-074818-2.jpg,3,Parthenium
20180105-091619-2.jpg,8,Negative
20170811-134444-1.jpg,0,Chinee apple
20170706-110654-0.jpg,0,Chinee apple
20180112-071911-2.jpg,8,Negative
20180119-114449-1.jpg,8,Negative
20180109-092548-2.jpg,8,Negative
20171109-070659-3.jpg,5,Rubber vine
20171205-123635-2.jpg,8,Negative
20180105-093004-2.jpg,8,Negative
20171212-100123-3.jpg,8,Negative
20170913-100613-2.jpg,3,Parthenium
20180112-100547-2.jpg,8,Negative
20180105-091855-2.jpg,8,Negative
20180112-092119-1.jpg,8,Negative
20180109-092109-1.jpg,8,Negative
20171219-114408-2.jpg,8,Negative
20171102-115858-1.jpg,2,Parkinsonia
20170728-120050-2.jpg,4,Prickly acacia
20180322-115048-1.jpg,8,Negative
20161207-144824-0.jpg,0,Chinee apple
20171113-124314-1.jpg,6,Siam weed
20171113-141253-2.jpg,6,Siam weed
20180105-093530-2.jpg,8,Negative
20180109-071343-1.jpg,8,Negative
20180125-100745-2.jpg,8,Negative
20170811-104353-2.jpg,0,Chinee apple
20170129-102218-0.jpg,8,Negative
20180109-103853-1.jpg,8,Negative
20170714-113958-2.jpg,1,Lantana
20180119-105032-2.jpg,8,Negative
20180322-113110-2.jpg,8,Negative
20170811-125529-1.jpg,0,Chinee apple
20171203-172058-3.jpg,8,Negative
20170803-132744-1.jpg,0,Chinee apple
20171220-095135-2.jpg,8,Negative
20170718-102555-2.jpg,7,Snake weed
20180109-074122-2.jpg,8,Negative
20171109-072715-1.jpg,5,Rubber vine
20180125-133800-3.jpg,8,Negative
20171219-113014-2.jpg,8,Negative
20170210-130133-0.jpg,7,Snake weed
20171113-140138-1.jpg,6,Siam weed
20171113-123052-0.jpg,6,Siam weed
20180112-074738-2.jpg,8,Negative
20180109-072841-2.jpg,8,Negative
20170129-102006-0.jpg,8,Negative
20180125-100956-2.jpg,8,Negative
20170920-131847-2.jpg,2,Parkinsonia
20170210-132651-0.jpg,0,Chinee apple
20180109-071537-2.jpg,8,Negative
20161207-111058-0.jpg,0,Chinee apple
20171109-090939-3.jpg,5,Rubber vine
20180109-091922-1.jpg,8,Negative
20170728-152937-1.jpg,4,Prickly acacia
20170714-141510-3.jpg,1,Lantana
20170811-132023-1.jpg,0,Chinee apple
20171113-121536-1.jpg,6,Siam weed
20170913-102920-1.jpg,3,Parthenium
20170715-174805-1.jpg,1,Lantana
20180109-090112-1.jpg,8,Negative
20171219-112050-3.jpg,8,Negative
20180125-131226-3.jpg,8,Negative
20170715-112159-1.jpg,1,Lantana
20171109-092528-3.jpg,5,Rubber vine
20171113-121149-3.jpg,6,Siam weed
20180125-134614-3.jpg,8,Negative
20180112-082312-2.jpg,8,Negative
20170714-143104-1.jpg,1,Lantana
20170906-103601-1.jpg,3,Parthenium
20171205-144549-2.jpg,8,Negative
20171025-091407-2.jpg,3,Parthenium
20180119-115331-2.jpg,8,Negative
20180109-094837-1.jpg,8,Negative
20170501-142713-0.jpg,1,Lantana
20180119-115602-2.jpg,8,Negative
20170707-114013-0.jpg,0,Chinee apple
20171025-092336-2.jpg,3,Parthenium
20180109-090024-2.jpg,8,Negative
20170913-123428-3.jpg,3,Parthenium
20170714-190053-1.jpg,1,Lantana
20180105-104551-1.jpg,8,Negative
20170727-124429-3.jpg,4,Prickly acacia
20180119-114640-1.jpg,8,Negative
20170714-122801-3.jpg,1,Lantana
20171102-122550-3.jpg,2,Parkinsonia
20171218-112942-3.jpg,8,Negative
20180112-100649-2.jpg,8,Negative
20171219-112749-2.jpg,8,Negative
20180125-100138-2.jpg,8,Negative
20180322-113434-1.jpg,8,Negative
20170404-153936-0.jpg,7,Snake weed
20171113-134644-3.jpg,6,Siam weed
20180322-131324-1.jpg,8,Negative
20161207-112802-0.jpg,8,Negative
20171203-165944-3.jpg,8,Negative
20180109-071922-1.jpg,8,Negative
20170718-132810-2.jpg,7,Snake weed
20171205-124137-2.jpg,8,Negative
20171102-100219-2.jpg,4,Prickly acacia
20180109-092317-1.jpg,8,Negative
20180322-133310-1.jpg,8,Negative
20180109-075506-1.jpg,8,Negative
20170811-112723-2.jpg,0,Chinee apple
20170714-140404-1.jpg,1,Lantana
20170714-110520-3.jpg,1,Lantana
20180125-095506-2.jpg,8,Negative
20180105-100612-2.jpg,8,Negative
20170714-143138-1.jpg,1,Lantana
20170920-134448-2.jpg,2,Parkinsonia
20171201-120840-1.jpg,8,Negative
20170715-135906-1.jpg,1,Lantana
20170729-093431-2.jpg,4,Prickly acacia
20170501-145720-0.jpg,8,Negative
20171220-100547-1.jpg,8,Negative
20170727-125316-3.jpg,4,Prickly acacia
20180112-083544-1.jpg,8,Negative
20170126-100451-0.jpg,1,Lantana
20171113-102132-1.jpg,5,Rubber vine
20170127-101726-0.jpg,1,Lantana
20170128-102208-0.jpg,8,Negative
20171219-113343-2.jpg,8,Negative
20171102-121344-1.jpg,2,Parkinsonia
20170501-145047-0.jpg,8,Negative
20180109-105810-2.jpg,8,Negative
20171113-091531-3.jpg,5,Rubber vine
20171102-120545-2.jpg,2,Parkinsonia
20171102-094521-1.jpg,4,Prickly acacia
20180322-103111-1.jpg,8,Negative
20180322-112333-2.jpg,8,Negative
20171219-114924-2.jpg,8,Negative
20171220-090621-2.jpg,8,Negative
20171113-103847-0.jpg,6,Siam weed
20171220-092319-3.jpg,8,Negative
20171220-093233-3.jpg,8,Negative
20171102-102346-3.jpg,2,Parkinsonia
20180112-081137-2.jpg,8,Negative
20170217-110631-0.jpg,0,Chinee apple
20170210-130441-0.jpg,7,Snake weed
20171109-092817-2.jpg,5,Rubber vine
20171218-120600-2.jpg,8,Negative
20170210-130559-0.jpg,7,Snake weed
20170210-141449-0.jpg,7,Snake weed
20170210-133828-0.jpg,0,Chinee apple
20171220-100427-2.jpg,8,Negative
20171113-143231-2.jpg,6,Siam weed
20171219-102803-3.jpg,8,Negative
20180109-072008-2.jpg,8,Negative
20171219-100242-3.jpg,8,Negative
20171025-100346-2.jpg,3,Parthenium
20171203-165914-3.jpg,8,Negative
20171113-134315-0.jpg,6,Siam weed
20170210-141602-0.jpg,7,Snake weed
20170127-103109-0.jpg,1,Lantana
20171203-174458-3.jpg,8,Negative
20171220-085032-2.jpg,8,Negative
20171113-123847-1.jpg,6,Siam weed
20170404-154324-0.jpg,7,Snake weed
20171102-115409-1.jpg,2,Parkinsonia
20180119-113405-1.jpg,8,Negative
20180109-074524-1.jpg,8,Negative
20170404-153902-0.jpg,7,Snake weed
20171212-093708-1.jpg,8,Negative
20170630-152420-0.jpg,7,Snake weed
20171212-092815-1.jpg,8,Negative
20171109-072431-3.jpg,5,Rubber vine
20170714-141314-3.jpg,1,Lantana
20171218-104905-3.jpg,8,Negative
20170727-170038-3.jpg,4,Prickly acacia
20171212-094611-3.jpg,8,Negative
20180112-080638-1.jpg,8,Negative
20171121-091109-1.jpg,6,Siam weed
20170210-132618-0.jpg,0,Chinee apple
20171212-094741-1.jpg,8,Negative
20171113-144513-1.jpg,6,Siam weed
20171219-102113-3.jpg,8,Negative
20170304-131415-0.jpg,7,Snake weed
20171220-084937-3.jpg,8,Negative
20171220-083100-2.jpg,8,Negative
20180125-091620-1.jpg,8,Negative
20180112-080913-1.jpg,8,Negative
20170729-090408-1.jpg,4,Prickly acacia
20171113-115949-1.jpg,6,Siam weed
20170727-163018-1.jpg,4,Prickly acacia
20180322-113720-2.jpg,8,Negative
20171113-102023-1.jpg,5,Rubber vine
20170728-120448-2.jpg,4,Prickly acacia
20170315-085159-0.jpg,8,Negative
20180109-085406-1.jpg,8,Negative
20171212-094824-1.jpg,8,Negative
20170811-115016-2.jpg,0,Chinee apple
20170704-154139-0.jpg,0,Chinee apple
20171113-121021-2.jpg,6,Siam weed
20180109-080602-2.jpg,8,Negative
20170906-113518-1.jpg,3,Parthenium
20180112-101611-2.jpg,8,Negative
20171217-103510-2.jpg,8,Negative
20180112-080901-1.jpg,8,Negative
20171102-123242-2.jpg,2,Parkinsonia
20171219-101538-3.jpg,8,Negative
20180105-100405-2.jpg,8,Negative
20180125-093308-2.jpg,8,Negative
20171121-084334-1.jpg,6,Siam weed
20171113-132332-1.jpg,6,Siam weed
20170906-114105-1.jpg,3,Parthenium
20180112-073349-2.jpg,8,Negative
20170718-132839-2.jpg,7,Snake weed
20180125-134340-3.jpg,8,Negative
20171218-110701-2.jpg,8,Negative
20180119-104505-1.jpg,8,Negative
20180119-113600-2.jpg,8,Negative
20171109-073211-1.jpg,5,Rubber vine
20171121-085122-1.jpg,6,Siam weed
20170811-105104-2.jpg,0,Chinee apple
20180322-130336-1.jpg,8,Negative
20180125-093129-2.jpg,8,Negative
20180112-082052-1.jpg,8,Negative
20171113-120832-1.jpg,6,Siam weed
20180125-131958-3.jpg,8,Negative
20180322-114915-1.jpg,8,Negative
20171109-094123-2.jpg,5,Rubber vine
20170811-112803-1.jpg,0,Chinee apple
20170913-105317-2.jpg,3,Parthenium
20180125-095258-1.jpg,8,Negative
20170217-100152-0.jpg,7,Snake weed
20171220-093340-2.jpg,8,Negative
20171212-094054-1.jpg,8,Negative
20170906-091909-4.jpg,3,Parthenium
20171113-134450-0.jpg,6,Siam weed
20171218-121417-2.jpg,8,Negative
20170714-115730-2.jpg,1,Lantana
20171219-095652-3.jpg,8,Negative
20170714-140046-1.jpg,1,Lantana
20171220-085015-2.jpg,8,Negative
20180322-133119-1.jpg,8,Negative
20180125-091826-1.jpg,8,Negative
20171201-120426-1.jpg,8,Negative
20180112-071817-2.jpg,8,Negative
20170920-134628-2.jpg,2,Parkinsonia
20171102-121558-3.jpg,2,Parkinsonia
20171220-084455-2.jpg,8,Negative
20180109-102925-2.jpg,8,Negative
20180112-102743-2.jpg,8,Negative
20170913-121334-3.jpg,3,Parthenium
20180125-091627-2.jpg,8,Negative
20171220-090744-2.jpg,8,Negative
20171025-075321-2.jpg,3,Parthenium
20171102-093544-1.jpg,4,Prickly acacia
20170714-133830-1.jpg,1,Lantana
20180322-110721-2.jpg,8,Negative
20171113-132556-1.jpg,6,Siam weed
20180322-113131-1.jpg,8,Negative
20171218-115506-3.jpg,8,Negative
20180112-101842-1.jpg,8,Negative
20170913-102008-1.jpg,3,Parthenium
20171113-151053-0.jpg,6,Siam weed
20171102-123107-2.jpg,2,Parkinsonia
20171220-090301-2.jpg,8,Negative
20180109-071641-1.jpg,8,Negative
20180125-132047-2.jpg,8,Negative
20170714-135705-3.jpg,1,Lantana
20180109-080637-1.jpg,8,Negative
20180119-104714-1.jpg,8,Negative
20170718-133734-2.jpg,7,Snake weed
20170811-133254-2.jpg,0,Chinee apple
20180112-093912-2.jpg,8,Negative
20171113-132015-3.jpg,6,Siam weed
20171217-183805-2.jpg,8,Negative
20170127-102411-0.jpg,1,Lantana
20180105-100538-2.jpg,8,Negative
20171220-085049-3.jpg,8,Negative
20171220-091647-3.jpg,8,Negative
20170128-103940-0.jpg,8,Negative
20170217-104211-0.jpg,0,Chinee apple
20180105-101918-2.jpg,8,Negative
20171121-082247-2.jpg,6,Siam weed
20170304-131959-0.jpg,7,Snake weed
20180105-100502-3.jpg,8,Negative
20171113-123619-3.jpg,6,Siam weed
20180322-133358-1.jpg,8,Negative
20180112-081510-2.jpg,8,Negative
20180109-070409-2.jpg,8,Negative
20171109-072600-1.jpg,5,Rubber vine
20171219-114014-3.jpg,8,Negative
20170811-115032-2.jpg,0,Chinee apple
20170811-133815-1.jpg,0,Chinee apple
20170714-114353-2.jpg,1,Lantana
20180125-131701-3.jpg,8,Negative
20171220-090857-3.jpg,8,Negative
20170126-095805-0.jpg,1,Lantana
20180112-074335-1.jpg,8,Negative
20170920-100933-2.jpg,2,Parkinsonia
20171203-174106-3.jpg,8,Negative
20171220-095231-2.jpg,8,Negative
20171220-093430-2.jpg,8,Negative
20171220-090235-2.jpg,8,Negative
20170501-145737-0.jpg,8,Negative
20180125-093107-2.jpg,8,Negative
20171113-141955-2.jpg,6,Siam weed
20171113-145552-3.jpg,6,Siam weed
20180112-094034-1.jpg,8,Negative
20170714-134014-1.jpg,1,Lantana
20180109-091017-2.jpg,8,Negative
20170913-122725-2.jpg,5,Rubber vine
20170127-102746-0.jpg,1,Lantana
20180109-074634-2.jpg,8,Negative
20171220-092523-3.jpg,8,Negative
20170727-125315-1.jpg,4,Prickly acacia
20180112-102718-1.jpg,8,Negative
20170920-163223-3.jpg,2,Parkinsonia
20170913-102707-3.jpg,5,Rubber vine
20180125-134648-3.jpg,8,Negative
20171212-102001-3.jpg,8,Negative
20171220-100200-2.jpg,8,Negative
20171113-130610-2.jpg,6,Siam weed
20171121-091203-3.jpg,6,Siam weed
20170913-120255-1.jpg,5,Rubber vine
20180105-095943-2.jpg,8,Negative
20170210-133124-0.jpg,0,Chinee apple
20170718-132704-2.jpg,7,Snake weed
20171109-091647-1.jpg,5,Rubber vine
20171219-094001-2.jpg,8,Negative
20170727-113909-1.jpg,4,Prickly acacia
20170727-145939-3.jpg,4,Prickly acacia
20170920-191932-1.jpg,2,Parkinsonia
20180322-113325-2.jpg,8,Negative
20171113-133644-1.jpg,6,Siam weed
20180322-120634-2.jpg,8,Negative
20170721-115458-1.jpg,1,Lantana
20180109-104530-1.jpg,8,Negative
20180109-072336-2.jpg,8,Negative
20170727-155004-3.jpg,4,Prickly acacia
20171113-094324-3.jpg,5,Rubber vine
20170729-085816-3.jpg,4,Prickly acacia
20171113-123824-1.jpg,6,Siam weed
20171219-101339-3.jpg,8,Negative
20170522-093600-0.jpg,1,Lantana
20170130-102228-0.jpg,1,Lantana
20171109-175424-2.jpg,5,Rubber vine
20180105-092934-2.jpg,8,Negative
20170128-102043-0.jpg,8,Negative
20171212-095739-1.jpg,8,Negative
20170727-171924-1.jpg,4,Prickly acacia
20170728-145909-1.jpg,8,Negative
20180109-070411-2.jpg,8,Negative
20170906-100809-1.jpg,3,Parthenium
20180119-114058-1.jpg,8,Negative
20170128-103406-0.jpg,8,Negative
20180109-103036-2.jpg,8,Negative
20180112-091331-2.jpg,8,Negative
20171113-142802-3.jpg,6,Siam weed
20170714-142559-2.jpg,1,Lantana
20171113-135139-3.jpg,6,Siam weed
20170404-154230-0.jpg,7,Snake weed
20171220-083017-2.jpg,8,Negative
20170404-153946-0.jpg,7,Snake weed
20170210-132506-0.jpg,0,Chinee apple
20171220-094926-2.jpg,8,Negative
20170811-131529-1.jpg,0,Chinee apple
20170729-093233-1.jpg,4,Prickly acacia
20170315-085555-0.jpg,8,Negative
20171102-103617-3.jpg,2,Parkinsonia
20171212-100614-3.jpg,8,Negative
20180125-091108-1.jpg,8,Negative
20180109-072135-2.jpg,8,Negative
20171102-121348-2.jpg,2,Parkinsonia
20180125-093817-2.jpg,8,Negative
20170920-100116-2.jpg,2,Parkinsonia
20171218-115948-3.jpg,8,Negative
20180109-070944-2.jpg,8,Negative
20171025-075943-3.jpg,3,Parthenium
20170811-104327-2.jpg,0,Chinee apple
20170610-122917-0.jpg,1,Lantana
20171025-081851-3.jpg,3,Parthenium
20171220-100814-2.jpg,8,Negative
20180105-101131-2.jpg,8,Negative
20170811-113635-1.jpg,0,Chinee apple
20170126-100130-0.jpg,1,Lantana
20171212-095651-3.jpg,8,Negative
20180119-113610-2.jpg,8,Negative
20171219-112206-2.jpg,8,Negative
20180125-135234-2.jpg,8,Negative
20171102-122811-1.jpg,2,Parkinsonia
20170714-150314-1.jpg,1,Lantana
20170920-113747-3.jpg,2,Parkinsonia
20171212-094119-1.jpg,8,Negative
20180112-072748-2.jpg,8,Negative
20170714-122322-2.jpg,1,Lantana
20171203-172528-3.jpg,8,Negative
20170129-102537-0.jpg,8,Negative
20170920-120411-2.jpg,2,Parkinsonia
20180112-091323-2.jpg,8,Negative
20170920-134228-2.jpg,2,Parkinsonia
20180322-113829-2.jpg,8,Negative
20170727-164658-1.jpg,4,Prickly acacia
20170714-112945-2.jpg,1,Lantana
20171219-114240-2.jpg,8,Negative
20171220-101652-1.jpg,8,Negative
20170727-163756-3.jpg,4,Prickly acacia
20180109-104213-1.jpg,8,Negative
20171109-093351-2.jpg,5,Rubber vine
20170727-121027-3.jpg,4,Prickly acacia
20170913-115718-2.jpg,5,Rubber vine
20170217-121224-0.jpg,0,Chinee apple
20170811-125256-2.jpg,0,Chinee apple
20180112-102633-2.jpg,8,Negative
20171113-112832-0.jpg,6,Siam weed
20180322-120255-2.jpg,8,Negative
20170728-122837-3.jpg,4,Prickly acacia
20180112-100910-2.jpg,8,Negative
20170210-145131-0.jpg,7,Snake weed
20171109-093852-3.jpg,5,Rubber vine
20170913-104956-1.jpg,3,Parthenium
20170728-121353-2.jpg,4,Prickly acacia
20170129-102902-0.jpg,8,Negative
20171201-120010-1.jpg,8,Negative
20171113-150545-1.jpg,6,Siam weed
20170501-144249-0.jpg,1,Lantana
20170210-133138-0.jpg,0,Chinee apple
20170714-115809-2.jpg,1,Lantana
20171113-124300-3.jpg,6,Siam weed
20171025-094342-2.jpg,3,Parthenium
20180109-094956-2.jpg,8,Negative
20170920-162519-3.jpg,2,Parkinsonia
20180112-080739-2.jpg,8,Negative
20171102-121434-2.jpg,2,Parkinsonia
20171205-145037-2.jpg,8,Negative
20180125-091436-1.jpg,8,Negative
20171121-074740-1.jpg,6,Siam weed
20171025-075622-1.jpg,3,Parthenium
20180322-111104-2.jpg,8,Negative
20180112-094910-2.jpg,8,Negative
20170811-132431-1.jpg,0,Chinee apple
20170715-170353-1.jpg,1,Lantana
20170727-155302-1.jpg,4,Prickly acacia
20180119-111644-2.jpg,8,Negative
20171113-141326-2.jpg,6,Siam weed
20170217-095304-0.jpg,7,Snake weed
20180109-094902-1.jpg,8,Negative
20180105-093850-3.jpg,8,Negative
20170706-105143-0.jpg,7,Snake weed
20171218-103606-2.jpg,8,Negative
20180125-095050-2.jpg,8,Negative
20171212-093827-3.jpg,8,Negative
20170207-153601-0.jpg,0,Chinee apple
20180112-091744-1.jpg,8,Negative
20180125-093721-2.jpg,8,Negative
20170811-122548-2.jpg,0,Chinee apple
20180125-132330-2.jpg,8,Negative
20171121-071808-1.jpg,6,Siam weed
20170410-154734-0.jpg,0,Chinee apple
20180112-075910-2.jpg,8,Negative
20170727-124822-1.jpg,4,Prickly acacia
20180125-095045-1.jpg,8,Negative
20171212-104026-3.jpg,8,Negative
20180322-102900-2.jpg,8,Negative
20170718-094725-2.jpg,0,Chinee apple
20180125-132659-2.jpg,8,Negative
20171220-100518-2.jpg,8,Negative
20170920-113828-3.jpg,2,Parkinsonia
20170714-131200-1.jpg,1,Lantana
20180112-102917-2.jpg,8,Negative
20171109-093229-2.jpg,5,Rubber vine
20170410-124218-0.jpg,0,Chinee apple
20170217-113901-0.jpg,0,Chinee apple
20180109-100645-1.jpg,8,Negative
20171113-140720-2.jpg,6,Siam weed
20180112-070517-2.jpg,8,Negative
20180109-080657-2.jpg,8,Negative
20170522-123416-0.jpg,1,Lantana
20170410-154213-0.jpg,0,Chinee apple
20171212-095319-1.jpg,8,Negative
20170913-095652-1.jpg,3,Parthenium
20170714-175912-1.jpg,1,Lantana
20180119-110337-1.jpg,8,Negative
20170714-114719-3.jpg,1,Lantana
20170304-132357-0.jpg,7,Snake weed
20170715-114729-1.jpg,1,Lantana
20180322-131334-1.jpg,8,Negative
20180112-091732-1.jpg,8,Negative
20171113-120921-1.jpg,6,Siam weed
20170913-100221-2.jpg,3,Parthenium
20180105-093035-2.jpg,8,Negative
20171113-162351-0.jpg,6,Siam weed
20170718-101731-2.jpg,0,Chinee apple
20170210-150552-0.jpg,7,Snake weed
20170727-120034-3.jpg,4,Prickly acacia
20180112-101620-1.jpg,8,Negative
20170727-164126-1.jpg,4,Prickly acacia
20170304-132346-0.jpg,7,Snake weed
20171113-175713-0.jpg,6,Siam weed
20170315-085848-0.jpg,8,Negative
20180109-075938-1.jpg,8,Negative
20171218-103643-2.jpg,8,Negative
20180109-102849-2.jpg,8,Negative
20171212-105238-3.jpg,8,Negative
20171220-093222-3.jpg,8,Negative
20180125-093634-1.jpg,8,Negative
20170501-145300-0.jpg,8,Negative
20180109-072438-1.jpg,8,Negative
20170315-090514-0.jpg,8,Negative
20170913-102030-3.jpg,5,Rubber vine
20180125-095001-1.jpg,8,Negative
20170217-145030-0.jpg,7,Snake weed
20170920-114110-2.jpg,2,Parkinsonia
20180125-094848-1.jpg,8,Negative
20180322-113145-2.jpg,8,Negative
20171212-093838-3.jpg,8,Negative
20180109-072230-1.jpg,8,Negative
20171121-071143-1.jpg,6,Siam weed
20180109-104859-2.jpg,8,Negative
20180112-103435-2.jpg,8,Negative
20180322-102734-1.jpg,8,Negative
20180112-074852-2.jpg,8,Negative
20171212-101621-3.jpg,8,Negative
20170728-123000-2.jpg,4,Prickly acacia
20180109-100526-1.jpg,8,Negative
20171113-150448-3.jpg,6,Siam weed
20170128-102347-0.jpg,8,Negative
20170404-153657-0.jpg,7,Snake weed
20180105-092829-2.jpg,8,Negative
20180125-100346-2.jpg,8,Negative
20170913-105154-2.jpg,3,Parthenium
20170705-165514-0.jpg,7,Snake weed
20171220-092406-2.jpg,8,Negative
20171217-183851-2.jpg,8,Negative
20171025-074506-3.jpg,3,Parthenium
20170627-103534-0.jpg,0,Chinee apple
20180109-090426-1.jpg,8,Negative
20180112-071152-2.jpg,8,Negative
20171121-082214-2.jpg,6,Siam weed
20180109-090737-2.jpg,8,Negative
20171109-093602-2.jpg,5,Rubber vine
20180322-105511-1.jpg,8,Negative
20170129-103241-0.jpg,8,Negative
20171025-094726-2.jpg,3,Parthenium
20171025-075321-3.jpg,3,Parthenium
20180125-100917-1.jpg,8,Negative
20170501-143327-0.jpg,1,Lantana
20180109-103659-2.jpg,8,Negative
20171219-093043-3.jpg,8,Negative
20180119-114933-1.jpg,8,Negative
20180105-093058-3.jpg,8,Negative
20180112-102545-2.jpg,8,Negative
20170906-132622-1.jpg,3,Parthenium
20170913-102316-3.jpg,5,Rubber vine
20180112-073251-2.jpg,8,Negative
20180109-101108-2.jpg,8,Negative
20180109-104015-2.jpg,8,Negative
20180105-101416-2.jpg,8,Negative
20170718-131836-2.jpg,7,Snake weed
20180112-101636-2.jpg,8,Negative
20180322-121400-2.jpg,8,Negative
20170727-143900-3.jpg,4,Prickly acacia
20171218-121906-2.jpg,8,Negative
20180109-072834-1.jpg,8,Negative
20171121-083330-1.jpg,6,Siam weed
20180105-101751-2.jpg,8,Negative
20180109-072648-1.jpg,8,Negative
20170610-122009-0.jpg,1,Lantana
20171205-134638-2.jpg,8,Negative
20171217-185011-2.jpg,8,Negative
20171220-082832-3.jpg,8,Negative
20171113-140733-2.jpg,6,Siam weed
20180119-115158-1.jpg,8,Negative
20171113-131846-2.jpg,6,Siam weed
20170728-153348-1.jpg,8,Negative
20170728-121857-2.jpg,4,Prickly acacia
20170705-161245-0.jpg,7,Snake weed
20170705-164213-0.jpg,7,Snake weed
20170501-145316-0.jpg,8,Negative
20170920-172123-1.jpg,2,Parkinsonia
20180112-103659-2.jpg,8,Negative
20180109-074723-2.jpg,8,Negative
20171113-131751-3.jpg,6,Siam weed
20180109-072536-2.jpg,8,Negative
20170727-170323-1.jpg,4,Prickly acacia
20170811-124803-2.jpg,0,Chinee apple
20171113-131658-0.jpg,6,Siam weed
20170727-130103-1.jpg,4,Prickly acacia
20180109-095310-2.jpg,8,Negative
20170715-141500-1.jpg,1,Lantana
20171109-093745-1.jpg,5,Rubber vine
20180125-092304-1.jpg,8,Negative
20180322-114454-1.jpg,8,Negative
20171121-181049-2.jpg,6,Siam weed
20180125-093401-2.jpg,8,Negative
20171025-074325-2.jpg,3,Parthenium
20170920-163540-3.jpg,2,Parkinsonia
20180109-092052-2.jpg,7,Snake weed
20170714-110717-1.jpg,1,Lantana
20171220-084555-3.jpg,8,Negative
20180109-071354-1.jpg,8,Negative
20171113-132154-3.jpg,6,Siam weed
20170906-135229-2.jpg,3,Parthenium
20170913-095654-2.jpg,3,Parthenium
20180109-091850-1.jpg,8,Negative
20171113-060551-1.jpg,5,Rubber vine
20171109-090726-2.jpg,5,Rubber vine
20180105-101736-2.jpg,8,Negative
20171219-101010-2.jpg,8,Negative
20170906-100920-1.jpg,3,Parthenium
20171113-161131-0.jpg,6,Siam weed
20180112-073118-1.jpg,8,Negative
20170129-102757-0.jpg,8,Negative
20180105-100414-3.jpg,8,Negative
20180109-100226-2.jpg,8,Negative
20171220-093036-2.jpg,8,Negative
20171109-093159-1.jpg,5,Rubber vine
20170128-103926-0.jpg,8,Negative
20171109-085929-1.jpg,5,Rubber vine
20171109-090601-2.jpg,5,Rubber vine
20171205-141022-2.jpg,8,Negative
20171121-091215-3.jpg,6,Siam weed
20170714-114758-3.jpg,1,Lantana
20180105-092221-3.jpg,8,Negative
20171113-092453-3.jpg,5,Rubber vine
20170728-153615-3.jpg,8,Negative
20180105-095205-2.jpg,8,Negative
20180322-114914-2.jpg,8,Negative
20171212-093237-3.jpg,8,Negative
20180322-113257-2.jpg,8,Negative
20180105-095956-3.jpg,8,Negative
20170920-101720-1.jpg,2,Parkinsonia
20180125-134417-2.jpg,8,Negative
20180105-095213-2.jpg,8,Negative
20170705-165244-0.jpg,7,Snake weed
20170729-090140-1.jpg,4,Prickly acacia
20171113-133044-3.jpg,6,Siam weed
20170714-115243-2.jpg,1,Lantana
20180109-071941-2.jpg,8,Negative
20170718-132043-2.jpg,7,Snake weed
20170727-145549-3.jpg,4,Prickly acacia
20170920-095103-2.jpg,2,Parkinsonia
20171102-095409-3.jpg,4,Prickly acacia
20180112-073236-1.jpg,8,Negative
20180322-115004-1.jpg,8,Negative
20170711-120433-0.jpg,0,Chinee apple
20171113-144859-3.jpg,6,Siam weed
20171205-145149-2.jpg,8,Negative
20170913-100247-1.jpg,3,Parthenium
20170217-115806-0.jpg,0,Chinee apple
20180109-104926-1.jpg,8,Negative
20170920-112704-3.jpg,2,Parkinsonia
20170728-150657-1.jpg,4,Prickly acacia
20180322-121653-2.jpg,8,Negative
20180125-131649-3.jpg,8,Negative
20171212-100223-1.jpg,8,Negative
20170714-111632-2.jpg,1,Lantana
20180109-073953-2.jpg,8,Negative
20170913-101306-2.jpg,3,Parthenium
20180112-101346-1.jpg,8,Negative
20180105-103548-2.jpg,8,Negative
20180322-121617-2.jpg,8,Negative
20180112-100647-2.jpg,8,Negative
20180125-132456-2.jpg,8,Negative
20180322-111632-1.jpg,8,Negative
20180109-090349-2.jpg,8,Negative
20180119-110234-2.jpg,8,Negative
20180322-103258-2.jpg,8,Negative
20180125-133813-3.jpg,8,Negative
20171109-072743-1.jpg,5,Rubber vine
20171102-123606-2.jpg,2,Parkinsonia
20171102-122027-1.jpg,2,Parkinsonia
20170728-125333-2.jpg,4,Prickly acacia
20171122-102106-1.jpg,5,Rubber vine
20171218-111125-3.jpg,8,Negative
20170728-152827-3.jpg,8,Negative
20171212-093639-1.jpg,8,Negative
20170811-133033-1.jpg,0,Chinee apple
20170913-110433-3.jpg,5,Rubber vine
20180112-073452-2.jpg,8,Negative
20180112-104321-2.jpg,8,Negative
20171113-094506-3.jpg,5,Rubber vine
20170727-171744-1.jpg,4,Prickly acacia
20171025-092451-3.jpg,7,Snake weed
20171025-075747-2.jpg,7,Snake weed
20180322-112853-1.jpg,8,Negative
20170913-121340-1.jpg,5,Rubber vine
20170127-103003-0.jpg,1,Lantana
20170728-121804-2.jpg,4,Prickly acacia
20170127-102318-0.jpg,1,Lantana
20180119-110612-1.jpg,8,Negative
20171121-091441-1.jpg,6,Siam weed
20171218-105544-2.jpg,8,Negative
20180322-121116-2.jpg,8,Negative
20170715-154122-1.jpg,1,Lantana
20170705-163946-0.jpg,7,Snake weed
20171102-115036-1.jpg,2,Parkinsonia
20171212-105057-3.jpg,8,Negative
20171212-095709-3.jpg,8,Negative
20170913-110450-3.jpg,5,Rubber vine
20171212-104309-3.jpg,8,Negative
20171113-092317-1.jpg,5,Rubber vine
20180105-102046-2.jpg,8,Negative
20180125-101917-1.jpg,8,Negative
20180109-100122-1.jpg,8,Negative
20180112-083025-1.jpg,8,Negative
20171220-095443-2.jpg,8,Negative
20161207-142721-0.jpg,7,Snake weed
20180322-115652-2.jpg,8,Negative
20170920-100128-3.jpg,2,Parkinsonia
20180322-112432-1.jpg,8,Negative
20180112-072412-2.jpg,8,Negative
20171219-094200-3.jpg,8,Negative
20180112-091500-2.jpg,8,Negative
20180112-094059-2.jpg,8,Negative
20170501-145757-0.jpg,8,Negative
20171220-090938-2.jpg,8,Negative
20180109-075319-2.jpg,8,Negative
20180109-094947-2.jpg,8,Negative
20171102-094708-2.jpg,4,Prickly acacia
20170728-153408-1.jpg,4,Prickly acacia
20171219-112008-3.jpg,8,Negative
20180109-071411-2.jpg,8,Negative
20170920-163907-3.jpg,2,Parkinsonia
20180322-121920-2.jpg,8,Negative
20171113-132733-3.jpg,6,Siam weed
20171219-112643-2.jpg,8,Negative
20170714-122717-3.jpg,1,Lantana
20171220-091621-2.jpg,8,Negative
20170127-101650-0.jpg,1,Lantana
20170718-132057-2.jpg,7,Snake weed
20180109-092137-2.jpg,7,Snake weed
20180112-100941-2.jpg,8,Negative
20170906-113841-2.jpg,3,Parthenium
20180112-075900-2.jpg,8,Negative
20170304-124503-0.jpg,0,Chinee apple
20170714-113240-2.jpg,1,Lantana
20171109-090126-3.jpg,5,Rubber vine
20170913-122502-2.jpg,5,Rubber vine
20171219-112553-2.jpg,8,Negative
20170207-141804-0.jpg,7,Snake weed
20171102-103218-3.jpg,2,Parkinsonia
20170522-093614-0.jpg,1,Lantana
20180125-092119-1.jpg,8,Negative
20180112-094343-1.jpg,8,Negative
20171025-092349-1.jpg,3,Parthenium
20180109-072219-2.jpg,8,Negative
20171102-103239-3.jpg,2,Parkinsonia
20170729-153152-3.jpg,4,Prickly acacia
20170718-094904-2.jpg,0,Chinee apple
20170920-160026-3.jpg,2,Parkinsonia
20180112-074615-2.jpg,8,Negative
20171102-122622-2.jpg,2,Parkinsonia
20180322-111039-2.jpg,8,Negative
20180125-132041-3.jpg,8,Negative
20180112-092529-2.jpg,8,Negative
20170728-121913-2.jpg,4,Prickly acacia
20170920-112959-3.jpg,2,Parkinsonia
20170920-140141-2.jpg,2,Parkinsonia
20171219-094840-3.jpg,8,Negative
20180112-093259-2.jpg,8,Negative
20180112-103014-2.jpg,8,Negative
20170129-103533-0.jpg,8,Negative
20180112-100813-1.jpg,8,Negative
20180125-134828-2.jpg,8,Negative
20171109-093317-2.jpg,5,Rubber vine
20171113-131503-1.jpg,6,Siam weed
20171113-120655-1.jpg,6,Siam weed
20170913-121615-1.jpg,5,Rubber vine
20180125-091905-2.jpg,8,Negative
20170920-094406-2.jpg,4,Prickly acacia
20171113-173213-0.jpg,6,Siam weed
20170410-153428-0.jpg,0,Chinee apple
20171218-110628-2.jpg,8,Negative
20171109-094446-3.jpg,5,Rubber vine
20171212-093744-1.jpg,8,Negative
20171220-100224-2.jpg,8,Negative
20170913-101914-2.jpg,3,Parthenium
20180125-094825-1.jpg,8,Negative
20180119-113841-2.jpg,8,Negative
20171212-102510-3.jpg,8,Negative
20180322-114904-1.jpg,8,Negative
20170913-104437-2.jpg,3,Parthenium
20180119-110829-2.jpg,8,Negative
20170920-163419-3.jpg,2,Parkinsonia
20170727-164323-3.jpg,4,Prickly acacia
20171102-120336-1.jpg,2,Parkinsonia
20171109-071703-1.jpg,5,Rubber vine
20180322-115026-2.jpg,8,Negative
20170728-150511-3.jpg,8,Negative
20171212-095021-3.jpg,8,Negative
20171113-140117-1.jpg,6,Siam weed
20180322-102923-1.jpg,8,Negative
20171025-082330-1.jpg,0,Chinee apple
20170217-115645-0.jpg,0,Chinee apple
20171102-115646-1.jpg,2,Parkinsonia
20171025-082705-1.jpg,0,Chinee apple
20170129-103258-0.jpg,8,Negative
20170127-102206-0.jpg,1,Lantana
20180109-070847-2.jpg,8,Negative
20180105-092734-3.jpg,8,Negative
20170920-164246-3.jpg,2,Parkinsonia
20170128-102902-0.jpg,8,Negative
20180125-092249-2.jpg,8,Negative
20171218-121358-3.jpg,8,Negative
20171219-095037-2.jpg,8,Negative
20170811-110609-1.jpg,0,Chinee apple
20170715-173134-1.jpg,1,Lantana
20180112-102905-1.jpg,8,Negative
20170217-112328-0.jpg,0,Chinee apple
20170728-115920-2.jpg,4,Prickly acacia
20180112-081141-1.jpg,8,Negative
20170705-161808-0.jpg,7,Snake weed
20171220-100736-2.jpg,8,Negative
20171220-094620-1.jpg,8,Negative
20170727-113049-1.jpg,4,Prickly acacia
20161207-111246-0.jpg,0,Chinee apple
20180119-105803-1.jpg,8,Negative
20180112-083203-1.jpg,8,Negative
20180322-131934-1.jpg,8,Negative
20171212-095248-3.jpg,8,Negative
20170210-141846-0.jpg,7,Snake weed
20171219-112836-3.jpg,8,Negative
20180112-073436-1.jpg,8,Negative
20170913-103023-1.jpg,3,Parthenium
20170714-150300-1.jpg,1,Lantana
20170304-130551-0.jpg,7,Snake weed
20171203-174602-3.jpg,8,Negative
20171113-131545-2.jpg,6,Siam weed
20171109-175951-2.jpg,5,Rubber vine
20180112-073106-1.jpg,8,Negative
20171220-085014-3.jpg,8,Negative
20171205-143458-2.jpg,8,Negative
20180125-132158-2.jpg,8,Negative
20180112-072658-2.jpg,8,Negative
20170920-164855-3.jpg,2,Parkinsonia
20180105-092306-3.jpg,8,Negative
20171025-094836-1.jpg,3,Parthenium
20180322-133100-1.jpg,8,Negative
20170728-152245-3.jpg,8,Negative
20180105-092326-3.jpg,8,Negative
20180109-071059-2.jpg,8,Negative
20180125-101302-1.jpg,8,Negative
20171203-174444-3.jpg,8,Negative
20171218-111008-3.jpg,8,Negative
20170727-164636-1.jpg,4,Prickly acacia
20171113-120849-1.jpg,6,Siam weed
20180112-074624-2.jpg,8,Negative
20180119-114910-1.jpg,8,Negative
20170210-131933-0.jpg,0,Chinee apple
20180112-072557-1.jpg,8,Negative
20171220-082133-2.jpg,8,Negative
20170727-140347-1.jpg,4,Prickly acacia
20170811-122637-2.jpg,0,Chinee apple
20171109-193914-1.jpg,5,Rubber vine
20170727-112924-1.jpg,4,Prickly acacia
20171109-072419-1.jpg,5,Rubber vine
20170920-180704-1.jpg,2,Parkinsonia
20180119-114110-2.jpg,8,Negative
20171218-111057-2.jpg,8,Negative
20180109-094730-2.jpg,8,Negative
20180322-112555-1.jpg,8,Negative
20180112-100603-2.jpg,8,Negative
20171102-123523-1.jpg,2,Parkinsonia
20171113-120357-1.jpg,6,Siam weed
20170727-165550-2.jpg,4,Prickly acacia
20170714-121811-3.jpg,1,Lantana
20170706-110326-0.jpg,7,Snake weed
20170630-150347-0.jpg,7,Snake weed
20171218-105335-3.jpg,8,Negative
20170714-190038-1.jpg,1,Lantana
20170129-103803-0.jpg,8,Negative
20171220-091846-2.jpg,8,Negative
20180105-093702-2.jpg,8,Negative
20170705-164456-0.jpg,7,Snake weed
20180109-095710-1.jpg,8,Negative
20171102-094619-1.jpg,4,Prickly acacia
20180112-073129-1.jpg,8,Negative
20170913-104923-2.jpg,3,Parthenium
20180112-070546-2.jpg,8,Negative
20180109-073257-1.jpg,8,Negative
20171219-092722-2.jpg,8,Negative
20170729-092455-2.jpg,4,Prickly acacia
20170728-122008-2.jpg,4,Prickly acacia
20180109-095047-2.jpg,8,Negative
20180119-115322-2.jpg,8,Negative
20171113-060924-1.jpg,6,Siam weed
20170913-101208-2.jpg,3,Parthenium
20170304-131722-0.jpg,7,Snake weed
20171113-092943-1.jpg,5,Rubber vine
20180112-091516-2.jpg,8,Negative
20171025-082509-1.jpg,3,Parthenium
20171220-082647-3.jpg,8,Negative
20180105-091904-2.jpg,8,Negative
20171220-083647-3.jpg,8,Negative
20180105-093907-3.jpg,8,Negative
20180322-103221-2.jpg,8,Negative
20170705-165040-0.jpg,7,Snake weed
20171218-120753-2.jpg,8,Negative
20180322-113210-2.jpg,8,Negative
20171122-102506-1.jpg,5,Rubber vine
20171218-115117-2.jpg,8,Negative
20170913-104022-2.jpg,3,Parthenium
20180105-093139-2.jpg,8,Negative
20171212-103650-3.jpg,8,Negative
20180109-071904-2.jpg,8,Negative
20170127-102132-0.jpg,1,Lantana
20170906-135705-1.jpg,3,Parthenium
20170727-130041-1.jpg,4,Prickly acacia
20170501-144927-0.jpg,8,Negative
20171113-133331-3.jpg,6,Siam weed
20170920-115150-3.jpg,2,Parkinsonia
20170217-114536-0.jpg,7,Snake weed
20171220-100127-2.jpg,8,Negative
20180119-112942-1.jpg,8,Negative
20170129-102311-0.jpg,8,Negative
20170727-155556-1.jpg,4,Prickly acacia
20171109-091623-3.jpg,5,Rubber vine
20180112-072856-1.jpg,8,Negative
20171025-081227-2.jpg,3,Parthenium
20171109-085043-3.jpg,5,Rubber vine
20180112-081241-2.jpg,8,Negative
20171102-114807-1.jpg,2,Parkinsonia
20170210-133954-0.jpg,0,Chinee apple
20170217-113329-0.jpg,0,Chinee apple
20171121-075510-1.jpg,6,Siam weed
20180119-110018-2.jpg,8,Negative
20171025-073841-2.jpg,3,Parthenium
20180322-115338-1.jpg,8,Negative
20170707-112301-0.jpg,0,Chinee apple
20170714-122855-3.jpg,1,Lantana
20170707-111046-0.jpg,0,Chinee apple
20170728-153417-3.jpg,8,Negative
20180109-071728-1.jpg,8,Negative
20171201-120024-1.jpg,8,Negative
20170404-154147-0.jpg,7,Snake weed
20170706-105203-0.jpg,7,Snake weed
20180109-104335-1.jpg,8,Negative
20170129-103201-0.jpg,8,Negative
20180109-075720-2.jpg,8,Negative
20180112-080853-2.jpg,8,Negative
20171212-094940-3.jpg,8,Negative
20180109-095320-1.jpg,8,Negative
20180109-103226-2.jpg,8,Negative
20180109-074715-2.jpg,8,Negative
20171025-094200-1.jpg,3,Parthenium
20180105-092733-3.jpg,8,Negative
20180322-112515-1.jpg,8,Negative
20170410-153942-0.jpg,0,Chinee apple
20171220-085301-3.jpg,8,Negative
20170714-140405-3.jpg,1,Lantana
20171220-083121-2.jpg,8,Negative
20170811-104216-2.jpg,0,Chinee apple
20171212-104446-3.jpg,8,Negative
20180109-102908-2.jpg,8,Negative
20180125-102120-2.jpg,8,Negative
20180112-093646-1.jpg,8,Negative
20170210-142218-0.jpg,7,Snake weed
20170715-150117-1.jpg,1,Lantana
20180112-071909-1.jpg,8,Negative
20171219-095638-3.jpg,8,Negative
20180109-080539-2.jpg,8,Negative
20180105-091633-3.jpg,8,Negative
20171219-100808-2.jpg,8,Negative
20180109-075232-2.jpg,8,Negative
20170410-153746-0.jpg,7,Snake weed
20170913-105849-2.jpg,3,Parthenium
20171113-100841-1.jpg,5,Rubber vine
20171113-142713-2.jpg,6,Siam weed
20170728-153353-1.jpg,4,Prickly acacia
20171102-121015-1.jpg,2,Parkinsonia
20171113-141451-2.jpg,6,Siam weed
20180112-093034-1.jpg,8,Negative
20171219-114634-3.jpg,8,Negative
20170129-102642-0.jpg,8,Negative
20180109-074533-1.jpg,8,Negative
20170727-152802-1.jpg,4,Prickly acacia
20180125-102131-2.jpg,8,Negative
20180109-070835-2.jpg,8,Negative
20170728-124346-3.jpg,4,Prickly acacia
20171113-140049-0.jpg,6,Siam weed
20171121-090957-3.jpg,6,Siam weed
20170727-121247-3.jpg,4,Prickly acacia
20171220-093507-3.jpg,8,Negative
20170803-130731-1.jpg,0,Chinee apple
20171109-093551-2.jpg,5,Rubber vine
20171102-123516-3.jpg,2,Parkinsonia
20180109-074349-2.jpg,8,Negative
20170127-102157-0.jpg,1,Lantana
20170920-160449-3.jpg,2,Parkinsonia
20180105-093543-3.jpg,8,Negative
20171025-093314-3.jpg,3,Parthenium
20170728-153508-1.jpg,4,Prickly acacia
20170811-133000-1.jpg,0,Chinee apple
20171212-095412-3.jpg,8,Negative
20170728-120548-2.jpg,4,Prickly acacia
20170714-140238-3.jpg,1,Lantana
20180112-091208-2.jpg,8,Negative
20180125-102123-1.jpg,8,Negative
20171102-105034-3.jpg,2,Parkinsonia
20170130-102247-0.jpg,1,Lantana
20170630-151310-0.jpg,7,Snake weed
20170728-125535-3.jpg,4,Prickly acacia
20171218-104443-2.jpg,8,Negative
20171218-111355-2.jpg,8,Negative
20171102-100031-1.jpg,4,Prickly acacia
20160928-141421-0.jpg,0,Chinee apple
20170304-124640-0.jpg,0,Chinee apple
20170920-184235-1.jpg,2,Parkinsonia
20171212-103113-3.jpg,8,Negative
20180109-075050-1.jpg,8,Negative
20170906-110225-4.jpg,3,Parthenium
20171025-094654-1.jpg,3,Parthenium
20180112-083234-1.jpg,8,Negative
20180109-100516-1.jpg,8,Negative
20171113-130904-1.jpg,6,Siam weed
20171121-081609-2.jpg,6,Siam weed
20180322-113239-1.jpg,8,Negative
20180125-093851-2.jpg,8,Negative
20171113-093900-3.jpg,5,Rubber vine
20170913-124719-3.jpg,5,Rubber vine
20171220-084737-2.jpg,8,Negative
20171203-165732-3.jpg,8,Negative
20180109-103257-2.jpg,8,Negative
20180119-104750-1.jpg,8,Negative
20180109-095521-2.jpg,8,Negative
20171113-142815-2.jpg,6,Siam weed
20180109-103809-1.jpg,8,Negative
20171220-100248-1.jpg,8,Negative
20180322-113807-1.jpg,8,Negative
20171220-091833-2.jpg,8,Negative
20170210-131923-0.jpg,0,Chinee apple
20170913-102012-2.jpg,3,Parthenium
20170705-162401-0.jpg,7,Snake weed
20171218-104002-3.jpg,8,Negative
20180322-111646-1.jpg,8,Negative
20171025-082737-3.jpg,3,Parthenium
20180109-110023-2.jpg,8,Negative
20180109-090634-2.jpg,8,Negative
20171212-094711-1.jpg,8,Negative
20171212-105717-3.jpg,8,Negative
20170728-154610-1.jpg,4,Prickly acacia
20170522-093530-0.jpg,1,Lantana
20171113-105749-0.jpg,6,Siam weed
20171113-145433-1.jpg,6,Siam weed
20171109-073626-1.jpg,5,Rubber vine
20180109-102825-2.jpg,8,Negative
20170727-170947-1.jpg,4,Prickly acacia
20171113-155342-0.jpg,6,Siam weed
20180112-094114-1.jpg,8,Negative
20180105-091654-2.jpg,8,Negative
20171218-110251-3.jpg,8,Negative
20171220-092937-2.jpg,8,Negative
20180105-100957-2.jpg,8,Negative
20180119-113422-1.jpg,8,Negative
20170707-111818-0.jpg,0,Chinee apple
20180109-075410-1.jpg,8,Negative
20180322-113646-1.jpg,8,Negative
20180109-095839-1.jpg,8,Negative
20171122-100537-1.jpg,5,Rubber vine
20170811-125323-1.jpg,0,Chinee apple
20180125-092544-1.jpg,8,Negative
20171121-090531-3.jpg,6,Siam weed
20180109-072359-2.jpg,8,Negative
20180322-130345-1.jpg,8,Negative
20171113-131730-1.jpg,6,Siam weed
20180112-093115-2.jpg,8,Negative
20171102-122336-1.jpg,2,Parkinsonia
20180112-073214-2.jpg,8,Negative
20180109-104251-1.jpg,8,Negative
20170906-091701-1.jpg,3,Parthenium
20180125-095523-1.jpg,8,Negative
20180322-132707-1.jpg,8,Negative
20180112-093400-2.jpg,8,Negative
20180112-093712-2.jpg,8,Negative
20171109-074441-1.jpg,5,Rubber vine
20170913-105603-3.jpg,5,Rubber vine
20180125-132804-2.jpg,8,Negative
20180109-104342-2.jpg,8,Negative
20180125-132543-2.jpg,8,Negative
20171121-101215-1.jpg,6,Siam weed
20171122-101630-1.jpg,5,Rubber vine
20171220-092949-3.jpg,8,Negative
20170126-100349-0.jpg,1,Lantana
20171102-122940-3.jpg,2,Parkinsonia
20171113-142612-3.jpg,6,Siam weed
20171113-131815-2.jpg,6,Siam weed
20180112-101502-1.jpg,8,Negative
20170727-145622-1.jpg,4,Prickly acacia
20180105-101110-3.jpg,8,Negative
20170405-155540-0.jpg,0,Chinee apple
20170714-131005-1.jpg,1,Lantana
20180125-133250-3.jpg,8,Negative
20170128-104011-0.jpg,8,Negative
20171122-102759-1.jpg,5,Rubber vine
20180109-070826-2.jpg,8,Negative
20171212-095430-1.jpg,8,Negative
20170501-144408-0.jpg,1,Lantana
20180109-085716-1.jpg,8,Negative
20170906-111845-1.jpg,3,Parthenium
20171219-094720-2.jpg,8,Negative
20171219-100454-2.jpg,8,Negative
20170126-095712-0.jpg,1,Lantana
20170704-154603-0.jpg,0,Chinee apple
20170727-112901-1.jpg,4,Prickly acacia
20170811-103610-2.jpg,0,Chinee apple
20180105-091522-3.jpg,8,Negative
20171203-172836-3.jpg,8,Negative
20180125-095431-2.jpg,8,Negative
20170920-182741-1.jpg,2,Parkinsonia
20171102-093237-3.jpg,4,Prickly acacia
20180112-093401-2.jpg,8,Negative
20170304-124333-0.jpg,0,Chinee apple
20170920-181147-1.jpg,2,Parkinsonia
20180112-103533-2.jpg,8,Negative
20171113-104614-0.jpg,6,Siam weed
20180119-105118-2.jpg,8,Negative
20171102-103136-3.jpg,2,Parkinsonia
20171025-081120-1.jpg,3,Parthenium
20180105-092839-3.jpg,8,Negative
20180322-103659-1.jpg,8,Negative
20180109-090828-2.jpg,8,Negative
20180112-100751-1.jpg,8,Negative
20171220-101537-1.jpg,8,Negative
20171218-121940-2.jpg,8,Negative
20180112-081040-2.jpg,8,Negative
20180322-113232-2.jpg,8,Negative
20180109-075435-1.jpg,8,Negative
20180125-101844-1.jpg,8,Negative
20170315-090206-0.jpg,8,Negative
20180125-131434-3.jpg,8,Negative
20180125-135341-3.jpg,8,Negative
20171219-113208-2.jpg,8,Negative
20170714-112445-2.jpg,1,Lantana
20180112-082739-1.jpg,8,Negative
20180112-083317-1.jpg,8,Negative
20170811-132707-1.jpg,0,Chinee apple
20180109-101357-2.jpg,8,Negative
20180119-111241-1.jpg,8,Negative
20170920-094947-1.jpg,2,Parkinsonia
20171212-094510-1.jpg,8,Negative
20171219-093241-3.jpg,8,Negative
20180112-104200-2.jpg,8,Negative
20180112-100841-2.jpg,8,Negative
20180112-100900-2.jpg,8,Negative
20180112-075851-2.jpg,8,Negative
20180109-073211-1.jpg,8,Negative
20170714-115346-3.jpg,1,Lantana
20180322-131222-1.jpg,8,Negative
20170727-165216-1.jpg,4,Prickly acacia
20171220-092331-3.jpg,8,Negative
20171220-090816-3.jpg,8,Negative
20171025-094116-1.jpg,3,Parthenium
20170913-095707-2.jpg,3,Parthenium
20171217-184108-2.jpg,8,Negative
20170714-142307-2.jpg,1,Lantana
20170610-122050-0.jpg,1,Lantana
20180112-101923-2.jpg,8,Negative
20180322-112513-2.jpg,8,Negative
20180105-101904-2.jpg,8,Negative
20180125-134710-3.jpg,8,Negative
20170714-112004-2.jpg,1,Lantana
20170727-142909-1.jpg,4,Prickly acacia
20170920-101904-2.jpg,2,Parkinsonia
20180112-081418-2.jpg,8,Negative
20180119-110317-2.jpg,8,Negative
20171219-114149-2.jpg,8,Negative
20180125-100316-1.jpg,8,Negative
20171201-120803-1.jpg,8,Negative
20180125-095631-2.jpg,8,Negative
20180109-101554-2.jpg,8,Negative
20170610-122424-0.jpg,1,Lantana
20170714-143747-1.jpg,1,Lantana
20170727-130159-1.jpg,4,Prickly acacia
20171203-172336-3.jpg,8,Negative
20170410-124122-0.jpg,0,Chinee apple
20171219-114005-3.jpg,8,Negative
20180109-090023-1.jpg,8,Negative
20171203-170255-3.jpg,8,Negative
20180322-112942-1.jpg,8,Negative
20180322-131305-1.jpg,8,Negative
20170920-110840-3.jpg,2,Parkinsonia
20170207-153439-0.jpg,0,Chinee apple
20170913-110116-2.jpg,3,Parthenium
20170920-132642-2.jpg,2,Parkinsonia
20180125-131138-3.jpg,8,Negative
20180125-132919-3.jpg,8,Negative
20180125-100340-1.jpg,8,Negative
20171218-121003-3.jpg,8,Negative
20170727-162917-2.jpg,4,Prickly acacia
20180112-070140-2.jpg,8,Negative
20170727-113251-3.jpg,4,Prickly acacia
20170920-182841-1.jpg,2,Parkinsonia
20171218-105733-3.jpg,8,Negative
20180322-103509-2.jpg,8,Negative
20171203-164604-3.jpg,8,Negative
20180322-115347-1.jpg,8,Negative
20170127-101813-0.jpg,1,Lantana
20171219-092809-2.jpg,8,Negative
20170920-171338-3.jpg,2,Parkinsonia
20180125-125818-2.jpg,8,Negative
20171102-122743-3.jpg,2,Parkinsonia
20170304-124441-0.jpg,0,Chinee apple
20171025-074712-2.jpg,3,Parthenium
20171122-104222-1.jpg,5,Rubber vine
20180109-095017-2.jpg,8,Negative
20180125-134602-2.jpg,8,Negative
20171220-090850-2.jpg,8,Negative
20180105-091412-3.jpg,8,Negative
20180105-092433-3.jpg,8,Negative
20170501-142754-0.jpg,1,Lantana
20170127-102348-0.jpg,1,Lantana
20171220-082613-2.jpg,8,Negative
20180112-093754-1.jpg,8,Negative
20180112-073224-2.jpg,8,Negative
20180112-081557-2.jpg,8,Negative
20171218-121454-2.jpg,8,Negative
20171220-084733-3.jpg,8,Negative
20170704-154014-0.jpg,0,Chinee apple
20171102-121304-1.jpg,2,Parkinsonia
20170727-143410-1.jpg,4,Prickly acacia
20180125-102025-1.jpg,8,Negative
20170913-101125-3.jpg,5,Rubber vine
20170920-171109-3.jpg,2,Parkinsonia
20170906-091715-2.jpg,3,Parthenium
20180119-115013-2.jpg,8,Negative
20180112-091828-1.jpg,8,Negative
20170727-164318-1.jpg,4,Prickly acacia
20170727-120008-3.jpg,4,Prickly acacia
20171203-173053-3.jpg,8,Negative
20180112-072247-2.jpg,8,Negative
20171025-073745-3.jpg,3,Parthenium
20170522-093544-0.jpg,1,Lantana
20180125-132423-2.jpg,8,Negative
20170630-151217-0.jpg,7,Snake weed
20170727-162925-1.jpg,4,Prickly acacia
20180119-104702-1.jpg,8,Negative
20171217-184452-2.jpg,8,Negative
20170217-151857-0.jpg,0,Chinee apple
20171218-121618-3.jpg,8,Negative
20180109-074810-2.jpg,8,Negative
20180322-105402-1.jpg,8,Negative
20170920-094326-1.jpg,2,Parkinsonia
20180105-100851-2.jpg,8,Negative
20171109-073850-1.jpg,5,Rubber vine
20171113-134952-3.jpg,6,Siam weed
20171113-143204-3.jpg,6,Siam weed
20171113-131457-2.jpg,6,Siam weed
20170727-163110-1.jpg,4,Prickly acacia
20170920-113424-3.jpg,2,Parkinsonia
20170129-102627-0.jpg,8,Negative
20180322-104043-1.jpg,8,Negative
20180112-094012-1.jpg,8,Negative
20170920-171446-1.jpg,2,Parkinsonia
20170906-115242-1.jpg,3,Parthenium
20171113-131746-1.jpg,6,Siam weed
20180105-100326-3.jpg,8,Negative
20171218-115256-2.jpg,8,Negative
20170920-111615-2.jpg,2,Parkinsonia
20180109-073101-1.jpg,8,Negative
20180112-101826-2.jpg,8,Negative
20170906-100844-1.jpg,3,Parthenium
20170811-131322-1.jpg,0,Chinee apple
20180112-072230-1.jpg,8,Negative
20171203-172202-3.jpg,8,Negative
20180112-072250-1.jpg,8,Negative
20171219-113807-2.jpg,8,Negative
20170207-142223-0.jpg,7,Snake weed
20180112-073147-2.jpg,8,Negative
20180119-113517-1.jpg,8,Negative
20170913-105957-3.jpg,5,Rubber vine
20171102-095956-2.jpg,8,Negative
20171109-072450-1.jpg,5,Rubber vine
20171219-092952-3.jpg,8,Negative
20180125-134659-3.jpg,8,Negative
20180105-100736-2.jpg,8,Negative
20170913-101235-1.jpg,3,Parthenium
20171025-082150-2.jpg,3,Parthenium
20170920-171058-3.jpg,2,Parkinsonia
20171212-095610-1.jpg,8,Negative
20180125-095131-2.jpg,8,Negative
20170704-151247-0.jpg,7,Snake weed
20170811-155004-2.jpg,0,Chinee apple
20171121-090026-2.jpg,6,Siam weed
20180112-093250-2.jpg,8,Negative
20171113-123504-1.jpg,6,Siam weed
20180109-105153-1.jpg,8,Negative
20170127-101114-0.jpg,1,Lantana
20171102-095710-1.jpg,4,Prickly acacia
20170920-112835-3.jpg,2,Parkinsonia
20170126-100311-0.jpg,1,Lantana
20171220-085015-3.jpg,8,Negative
20171220-094638-1.jpg,8,Negative
20180125-123318-2.jpg,8,Negative
20171025-082014-1.jpg,3,Parthenium
20171205-124105-2.jpg,8,Negative
20180112-081337-2.jpg,8,Negative
20171219-100101-3.jpg,8,Negative
20171219-094456-3.jpg,8,Negative
20180125-130359-3.jpg,8,Negative
20171218-111648-3.jpg,8,Negative
20170217-121911-0.jpg,0,Chinee apple
20170707-110403-0.jpg,7,Snake weed
20170913-105239-1.jpg,3,Parthenium
20180125-091530-2.jpg,8,Negative
20171217-100810-2.jpg,8,Negative
20180112-093832-2.jpg,8,Negative
20180112-094037-2.jpg,8,Negative
20180112-102708-1.jpg,8,Negative
20171220-092148-2.jpg,8,Negative
20170129-102150-0.jpg,8,Negative
20171025-074208-1.jpg,3,Parthenium
20170129-102249-0.jpg,8,Negative
20171121-073600-1.jpg,6,Siam weed
20180105-100529-2.jpg,8,Negative
20171109-074048-3.jpg,5,Rubber vine
20180109-065901-2.jpg,8,Negative
20180112-073511-2.jpg,8,Negative
20170127-101528-0.jpg,1,Lantana
20180119-113736-2.jpg,8,Negative
20180109-104307-1.jpg,8,Negative
20180109-095357-1.jpg,8,Negative
20170913-121310-1.jpg,5,Rubber vine
20180119-104527-2.jpg,8,Negative
20170217-114509-0.jpg,7,Snake weed
20170714-111434-2.jpg,1,Lantana
20170217-111032-0.jpg,0,Chinee apple
20170727-154345-1.jpg,4,Prickly acacia
20180112-093636-2.jpg,8,Negative
20170811-104642-2.jpg,0,Chinee apple
20171203-172623-3.jpg,8,Negative
20170920-120333-2.jpg,2,Parkinsonia
20171220-094947-1.jpg,8,Negative
20180112-101855-1.jpg,8,Negative
20171025-100236-2.jpg,3,Parthenium
20170315-090343-0.jpg,8,Negative
20171220-082759-3.jpg,8,Negative
20170630-155624-0.jpg,7,Snake weed
20171121-081516-2.jpg,6,Siam weed
20170727-162602-1.jpg,4,Prickly acacia
20170728-125014-2.jpg,4,Prickly acacia
20180322-130328-1.jpg,8,Negative
20170714-140511-1.jpg,1,Lantana
20171109-095025-2.jpg,5,Rubber vine
20180119-115303-1.jpg,8,Negative
20170727-114537-3.jpg,4,Prickly acacia
20170920-131020-2.jpg,2,Parkinsonia
20180125-135026-3.jpg,8,Negative
20171025-091402-1.jpg,3,Parthenium
20170920-113838-3.jpg,2,Parkinsonia
20171203-165900-3.jpg,8,Negative
20170906-094918-2.jpg,3,Parthenium
20180125-130207-2.jpg,8,Negative
20180125-133455-2.jpg,8,Negative
20171109-070917-1.jpg,5,Rubber vine
20180105-101313-2.jpg,8,Negative
20170715-144604-1.jpg,1,Lantana
20180109-072126-1.jpg,8,Negative
20170728-122338-2.jpg,4,Prickly acacia
20171025-091157-3.jpg,3,Parthenium
20180112-070101-2.jpg,8,Negative
20171218-120636-2.jpg,8,Negative
20170811-110324-1.jpg,0,Chinee apple
20171121-090235-3.jpg,6,Siam weed
20171212-102246-3.jpg,8,Negative
20180105-093229-2.jpg,8,Negative
20170129-103137-0.jpg,8,Negative
20171121-074216-1.jpg,6,Siam weed
20171218-115327-3.jpg,8,Negative
20180109-072928-2.jpg,8,Negative
20170315-085923-0.jpg,8,Negative
20171219-104723-2.jpg,8,Negative
20170714-122115-2.jpg,1,Lantana
20180112-073533-1.jpg,8,Negative
20170718-132045-2.jpg,7,Snake weed
20171220-084403-2.jpg,8,Negative
20180109-075712-2.jpg,8,Negative
20180109-100022-1.jpg,8,Negative
20170728-153257-1.jpg,8,Negative
20180109-110155-1.jpg,8,Negative
20170217-104359-0.jpg,0,Chinee apple
20170920-114328-3.jpg,2,Parkinsonia
20171113-142059-2.jpg,6,Siam weed
20170906-133311-1.jpg,3,Parthenium
20171102-093416-3.jpg,4,Prickly acacia
20170913-115242-3.jpg,3,Parthenium
20170126-095952-0.jpg,1,Lantana
20170217-095842-0.jpg,7,Snake weed
20180119-110000-2.jpg,8,Negative
20171212-100159-1.jpg,8,Negative
20171109-071337-1.jpg,5,Rubber vine
20171205-141044-2.jpg,8,Negative
20180125-132217-2.jpg,8,Negative
20170727-155407-1.jpg,4,Prickly acacia
20180322-130842-1.jpg,8,Negative
20170714-142800-3.jpg,1,Lantana
20171109-071918-3.jpg,5,Rubber vine
20180109-090929-2.jpg,8,Negative
20180109-104917-2.jpg,8,Negative
20180119-105049-2.jpg,8,Negative
20180125-133144-2.jpg,8,Negative
20180112-071335-2.jpg,8,Negative
20171218-121746-3.jpg,8,Negative
20171113-101414-1.jpg,5,Rubber vine
20170913-104103-2.jpg,3,Parthenium
20171220-095249-2.jpg,8,Negative
20171219-094930-3.jpg,8,Negative
20170727-152243-3.jpg,4,Prickly acacia
20170920-112255-3.jpg,2,Parkinsonia
20171212-095622-1.jpg,8,Negative
20170715-115848-1.jpg,1,Lantana
20180105-100858-3.jpg,8,Negative
20170906-130537-1.jpg,3,Parthenium
20180119-112837-2.jpg,8,Negative
20171025-080735-2.jpg,3,Parthenium
20180119-113357-2.jpg,8,Negative
20171109-074110-1.jpg,5,Rubber vine
20170729-085836-3.jpg,4,Prickly acacia
20180105-092339-2.jpg,8,Negative
20180125-095411-1.jpg,8,Negative
20170913-101216-2.jpg,3,Parthenium
20180109-101235-1.jpg,8,Negative
20171025-081336-1.jpg,3,Parthenium
20171220-091100-2.jpg,8,Negative
20170315-085531-0.jpg,8,Negative
20170913-124422-3.jpg,5,Rubber vine
20170811-110307-2.jpg,0,Chinee apple
20180119-114802-1.jpg,8,Negative
20180119-104653-2.jpg,8,Negative
20170811-132457-1.jpg,0,Chinee apple
20180125-095904-2.jpg,8,Negative
20171102-095026-1.jpg,4,Prickly acacia
20171220-092804-2.jpg,8,Negative
20171219-113454-2.jpg,8,Negative
20170906-112959-2.jpg,3,Parthenium
20171109-091859-1.jpg,5,Rubber vine
20170714-120638-2.jpg,1,Lantana
20180112-100928-1.jpg,8,Negative
20180112-093043-2.jpg,8,Negative
20171113-152542-0.jpg,6,Siam weed
20171113-144239-3.jpg,6,Siam weed
20180119-105217-2.jpg,8,Negative
20171219-113455-3.jpg,8,Negative
20170610-122438-0.jpg,1,Lantana
20180105-093111-2.jpg,8,Negative
20170727-112226-3.jpg,4,Prickly acacia
20180109-101115-2.jpg,8,Negative
20170129-102618-0.jpg,8,Negative
20180125-134222-3.jpg,8,Negative
20180112-075138-2.jpg,8,Negative
20171219-092905-3.jpg,8,Negative
20170210-145824-0.jpg,0,Chinee apple
20170913-120527-1.jpg,5,Rubber vine
20171220-090849-3.jpg,8,Negative
20170906-114810-1.jpg,3,Parthenium
20171113-091743-1.jpg,5,Rubber vine
20171217-103616-2.jpg,8,Negative
20171205-143356-2.jpg,8,Negative
20170727-150126-3.jpg,4,Prickly acacia
20171113-094949-1.jpg,5,Rubber vine
20180322-104129-2.jpg,8,Negative
20171122-102213-1.jpg,5,Rubber vine
20171113-122631-0.jpg,6,Siam weed
20171102-115622-3.jpg,2,Parkinsonia
20170913-124937-1.jpg,5,Rubber vine
20180105-093609-2.jpg,8,Negative
20170913-121031-3.jpg,3,Parthenium
20171219-112115-3.jpg,8,Negative
20180125-130254-3.jpg,8,Negative
20170217-114604-0.jpg,7,Snake weed
20180125-100630-1.jpg,8,Negative
20180125-130344-3.jpg,8,Negative
20170210-131722-0.jpg,7,Snake weed
20171113-164124-0.jpg,6,Siam weed
20170920-164334-3.jpg,2,Parkinsonia
20171109-092711-1.jpg,5,Rubber vine
20171220-084534-3.jpg,8,Negative
20171220-085110-3.jpg,8,Negative
20180322-121250-2.jpg,8,Negative
20180125-132030-3.jpg,8,Negative
20170811-131024-2.jpg,0,Chinee apple
20171113-101919-1.jpg,5,Rubber vine
20171220-101243-2.jpg,8,Negative
20170704-152454-0.jpg,0,Chinee apple
20171203-173549-3.jpg,8,Negative
20180109-074315-2.jpg,8,Negative
20170811-103436-2.jpg,0,Chinee apple
20180105-092517-2.jpg,8,Negative
20171121-072215-1.jpg,6,Siam weed
20171113-095501-3.jpg,5,Rubber vine
20170920-185943-1.jpg,2,Parkinsonia
20180119-114937-2.jpg,8,Negative
20171025-091712-2.jpg,3,Parthenium
20171218-111307-2.jpg,8,Negative
20170714-120132-2.jpg,1,Lantana
20170715-141015-1.jpg,1,Lantana
20180322-110935-2.jpg,8,Negative
20170210-133931-0.jpg,0,Chinee apple
20180109-095212-2.jpg,8,Negative
20171212-103814-3.jpg,8,Negative
20170727-163001-1.jpg,4,Prickly acacia
20170727-152335-3.jpg,4,Prickly acacia
20180112-092757-2.jpg,8,Negative
20180125-091313-2.jpg,8,Negative
20170705-162050-0.jpg,7,Snake weed
20170304-132524-0.jpg,7,Snake weed
20180109-104504-2.jpg,8,Negative
20180322-113543-2.jpg,8,Negative
20170705-161916-0.jpg,7,Snake weed
20180109-105126-2.jpg,8,Negative
20180112-080235-2.jpg,8,Negative
20180322-121933-2.jpg,8,Negative
20180105-101242-3.jpg,8,Negative
20170130-102324-0.jpg,1,Lantana
20171220-090631-2.jpg,8,Negative
20180109-074030-2.jpg,8,Negative
20171220-100315-1.jpg,8,Negative
20170913-102124-1.jpg,3,Parthenium
20170704-150521-0.jpg,7,Snake weed
20170127-100927-0.jpg,1,Lantana
20171218-115240-2.jpg,8,Negative
20171218-110449-3.jpg,8,Negative
20180109-101017-1.jpg,8,Negative
20171121-072911-1.jpg,6,Siam weed
20171025-075917-3.jpg,3,Parthenium
20170128-102804-0.jpg,8,Negative
20180105-094918-2.jpg,8,Negative
20171109-085202-3.jpg,5,Rubber vine
20180125-091531-2.jpg,8,Negative
20180109-073031-2.jpg,8,Negative
20171219-112110-2.jpg,8,Negative
20170217-102532-0.jpg,0,Chinee apple
20180112-093841-2.jpg,8,Negative
20171220-100247-1.jpg,8,Negative
20180119-105931-2.jpg,8,Negative
20171109-195013-1.jpg,5,Rubber vine
20170920-184904-1.jpg,2,Parkinsonia
20170404-154258-0.jpg,7,Snake weed
20170706-110255-0.jpg,4,Prickly acacia
20171203-174510-3.jpg,8,Negative
20170404-153744-0.jpg,7,Snake weed
20171220-093606-2.jpg,8,Negative
20180109-103306-2.jpg,8,Negative
20171121-082440-2.jpg,6,Siam weed
20170920-131212-2.jpg,2,Parkinsonia
20180322-114027-2.jpg,8,Negative
20180112-082913-1.jpg,8,Negative
20171025-090759-2.jpg,3,Parthenium
20170210-132606-0.jpg,0,Chinee apple
20180322-125534-1.jpg,8,Negative
20170728-124159-2.jpg,4,Prickly acacia
20170714-141841-2.jpg,1,Lantana
20170811-133219-2.jpg,0,Chinee apple
20161207-142413-0.jpg,1,Lantana
20180112-074345-1.jpg,8,Negative
20170405-160226-0.jpg,0,Chinee apple
20180112-092647-1.jpg,8,Negative
20180322-102858-1.jpg,8,Negative
20171121-075522-1.jpg,6,Siam weed
20161207-110901-0.jpg,0,Chinee apple
20170906-132328-1.jpg,3,Parthenium
20170906-104727-1.jpg,3,Parthenium
20170913-103325-1.jpg,3,Parthenium
20170913-105524-2.jpg,3,Parthenium
20170705-164137-0.jpg,7,Snake weed
20180322-103634-1.jpg,8,Negative
20180125-130326-3.jpg,8,Negative
20171109-091717-1.jpg,5,Rubber vine
20170210-142318-0.jpg,7,Snake weed
20171113-060751-1.jpg,6,Siam weed
20180109-085819-1.jpg,8,Negative
20180112-092305-1.jpg,8,Negative
20170913-101449-2.jpg,3,Parthenium
20171205-140852-2.jpg,8,Negative
20171113-120504-1.jpg,6,Siam weed
20170728-122046-2.jpg,4,Prickly acacia
20170906-103531-1.jpg,3,Parthenium
20171025-172145-3.jpg,3,Parthenium
20170727-130601-1.jpg,4,Prickly acacia
20170127-102616-0.jpg,1,Lantana
20170126-095837-0.jpg,1,Lantana
20171113-093414-1.jpg,5,Rubber vine
20170127-103235-0.jpg,1,Lantana
20180322-115441-2.jpg,8,Negative
20171220-083613-2.jpg,8,Negative
20170217-100740-0.jpg,7,Snake weed
20180322-120201-2.jpg,8,Negative
20171102-115412-2.jpg,2,Parkinsonia
20170727-155439-1.jpg,4,Prickly acacia
20171201-115935-1.jpg,8,Negative
20170920-094537-2.jpg,2,Parkinsonia
20171218-122016-3.jpg,8,Negative
20170304-131624-0.jpg,7,Snake weed
20170707-111355-0.jpg,8,Negative
20170727-135511-1.jpg,4,Prickly acacia
20180322-132658-1.jpg,8,Negative
20180119-115504-1.jpg,8,Negative
20171121-083419-1.jpg,6,Siam weed
20171109-074524-1.jpg,5,Rubber vine
20171109-090735-1.jpg,5,Rubber vine
20171218-120748-3.jpg,8,Negative
20180125-094438-2.jpg,8,Negative
20180119-113041-1.jpg,8,Negative
20170217-103018-0.jpg,0,Chinee apple
20180105-101832-2.jpg,8,Negative
20180125-131121-2.jpg,8,Negative
20171219-114634-2.jpg,8,Negative
20171218-103854-2.jpg,8,Negative
20171220-094713-2.jpg,8,Negative
20170727-113213-3.jpg,4,Prickly acacia
20170217-100726-0.jpg,7,Snake weed
20180109-072742-1.jpg,8,Negative
20180125-095918-2.jpg,8,Negative
20171218-120300-2.jpg,8,Negative
20180105-092243-2.jpg,8,Negative
20171203-165357-3.jpg,8,Negative
20180322-120318-2.jpg,8,Negative
20171025-080822-2.jpg,3,Parthenium
20170728-153532-2.jpg,4,Prickly acacia
20180125-135122-3.jpg,8,Negative
20170130-102032-0.jpg,1,Lantana
20170210-142542-0.jpg,7,Snake weed
20171113-131554-1.jpg,6,Siam weed
20171219-112153-3.jpg,8,Negative
20171102-120158-2.jpg,2,Parkinsonia
20180112-094544-2.jpg,8,Negative
20171121-085925-1.jpg,6,Siam weed
20170128-103446-0.jpg,8,Negative
20170811-134128-1.jpg,0,Chinee apple
20171220-090323-3.jpg,8,Negative
20180322-110707-2.jpg,8,Negative
20171218-115134-3.jpg,8,Negative
20171102-102846-3.jpg,2,Parkinsonia
20170913-124047-1.jpg,5,Rubber vine
20171025-073606-3.jpg,3,Parthenium
20170920-112403-3.jpg,2,Parkinsonia
20180125-131727-2.jpg,8,Negative
20171025-092414-3.jpg,7,Snake weed
20180105-101438-2.jpg,8,Negative
20171203-172556-3.jpg,8,Negative
20171203-165343-3.jpg,8,Negative
20170728-115256-1.jpg,4,Prickly acacia
20170210-130955-0.jpg,7,Snake weed
20180112-102313-1.jpg,8,Negative
20171102-103302-3.jpg,2,Parkinsonia
20171109-093759-1.jpg,5,Rubber vine
20170913-121144-2.jpg,5,Rubber vine
20170207-154622-0.jpg,0,Chinee apple
20180109-090730-2.jpg,8,Negative
20180109-080042-1.jpg,8,Negative
20180105-103649-2.jpg,8,Negative
20180119-115103-1.jpg,8,Negative
20170714-185931-1.jpg,1,Lantana
20170920-163639-3.jpg,2,Parkinsonia
20170920-180305-1.jpg,2,Parkinsonia
20171109-091503-1.jpg,5,Rubber vine
20171219-095602-3.jpg,8,Negative
20170714-110439-3.jpg,1,Lantana
20170210-131138-0.jpg,7,Snake weed
20171220-090841-2.jpg,8,Negative
20171218-104736-3.jpg,8,Negative
20171113-121456-1.jpg,6,Siam weed
20170714-115907-3.jpg,1,Lantana
20180109-100927-2.jpg,8,Negative
20170217-145646-0.jpg,0,Chinee apple
20170727-151846-3.jpg,4,Prickly acacia
20171219-113519-3.jpg,8,Negative
20171220-090319-2.jpg,8,Negative
20171219-095011-2.jpg,8,Negative
20180109-101316-2.jpg,8,Negative
20170210-133128-0.jpg,0,Chinee apple
20171109-091445-1.jpg,5,Rubber vine
20180125-132847-3.jpg,8,Negative
20180109-102739-1.jpg,8,Negative
20170906-114730-1.jpg,3,Parthenium
20171219-110016-2.jpg,8,Negative
20171113-145418-1.jpg,6,Siam weed
20180125-133116-3.jpg,8,Negative
20180109-090947-2.jpg,8,Negative
20171025-092950-2.jpg,3,Parthenium
20170906-103659-1.jpg,3,Parthenium
20171220-082543-2.jpg,8,Negative
20180112-074614-2.jpg,8,Negative
20161207-112006-0.jpg,0,Chinee apple
20171218-113633-3.jpg,8,Negative
20170727-162837-1.jpg,4,Prickly acacia
20171220-101457-1.jpg,8,Negative
20180109-104142-2.jpg,8,Negative
20171205-141330-2.jpg,8,Negative
20170728-151448-1.jpg,4,Prickly acacia
20170715-100942-1.jpg,1,Lantana
20160928-141107-0.jpg,0,Chinee apple
20170718-133537-2.jpg,0,Chinee apple
20180119-114240-2.jpg,8,Negative
20180112-102313-2.jpg,8,Negative
20171122-103329-1.jpg,5,Rubber vine
20170718-102108-2.jpg,7,Snake weed
20170404-154025-0.jpg,7,Snake weed
20171203-165159-3.jpg,8,Negative
20170410-153511-0.jpg,0,Chinee apple
20171220-100621-2.jpg,8,Negative
20171220-090300-3.jpg,8,Negative
20170920-114445-2.jpg,2,Parkinsonia
20180322-103341-1.jpg,8,Negative
20180125-134552-2.jpg,8,Negative
20180112-081125-2.jpg,8,Negative
20171121-082112-1.jpg,6,Siam weed
20171220-100509-1.jpg,8,Negative
20170920-191854-1.jpg,2,Parkinsonia
20180112-072113-1.jpg,8,Negative
20171113-134526-3.jpg,6,Siam weed
20170913-105021-1.jpg,3,Parthenium
20180112-070716-2.jpg,8,Negative
20180119-105020-1.jpg,8,Negative
20171121-073353-1.jpg,6,Siam weed
20180125-095951-2.jpg,8,Negative
20180109-101329-1.jpg,8,Negative
20170304-130539-0.jpg,7,Snake weed
20170501-143014-0.jpg,1,Lantana
20180105-095349-2.jpg,8,Negative
20171025-093205-2.jpg,3,Parthenium
20171218-120505-3.jpg,8,Negative
20180112-082118-1.jpg,8,Negative
20180109-072501-2.jpg,8,Negative
20171102-123451-3.jpg,2,Parkinsonia
20171220-094442-2.jpg,8,Negative
20170913-101505-1.jpg,3,Parthenium
20171102-123338-2.jpg,2,Parkinsonia
20170920-180224-1.jpg,2,Parkinsonia
20171220-092644-2.jpg,8,Negative
20170920-101256-2.jpg,2,Parkinsonia
20180109-091309-1.jpg,8,Negative
20170920-095621-2.jpg,2,Parkinsonia
20171219-113453-2.jpg,8,Negative
20180112-082156-2.jpg,8,Negative
20170501-145501-0.jpg,8,Negative
20180109-091817-2.jpg,8,Negative
20170718-094308-2.jpg,0,Chinee apple
20170920-182932-1.jpg,2,Parkinsonia
20171205-134842-2.jpg,8,Negative
20171108-125406-3.jpg,5,Rubber vine
20180322-102731-2.jpg,8,Negative
20180109-071653-1.jpg,8,Negative
20170207-153756-0.jpg,0,Chinee apple
20171102-100054-2.jpg,4,Prickly acacia
20170728-151036-1.jpg,4,Prickly acacia
20171109-091521-2.jpg,5,Rubber vine
20171109-091520-3.jpg,5,Rubber vine
20170727-111940-1.jpg,4,Prickly acacia
20180125-093813-1.jpg,8,Negative
20171102-095706-3.jpg,4,Prickly acacia
20170727-134755-1.jpg,4,Prickly acacia
20171219-112855-2.jpg,8,Negative
20180322-114821-1.jpg,8,Negative
20180109-080501-2.jpg,8,Negative
20180125-134105-3.jpg,8,Negative
20180109-095906-1.jpg,8,Negative
20180112-080623-2.jpg,8,Negative
20180109-073143-1.jpg,8,Negative
20170728-122802-3.jpg,4,Prickly acacia
20180112-082611-1.jpg,8,Negative
20180109-101155-1.jpg,8,Negative
20171025-093013-1.jpg,3,Parthenium
20171025-073900-2.jpg,3,Parthenium
20180125-095456-2.jpg,8,Negative
20171121-081532-2.jpg,6,Siam weed
20171220-094738-1.jpg,8,Negative
20171113-173515-0.jpg,6,Siam weed
20180125-134716-2.jpg,8,Negative
20171219-095119-3.jpg,8,Negative
20170217-121400-0.jpg,0,Chinee apple
20170715-152140-1.jpg,1,Lantana
20171113-144722-1.jpg,6,Siam weed
20180112-103409-2.jpg,8,Negative
20180125-132622-3.jpg,8,Negative
20180109-075616-2.jpg,8,Negative
20170210-132012-0.jpg,0,Chinee apple
20171220-091529-2.jpg,8,Negative
20180109-103105-1.jpg,8,Negative
20171025-081905-1.jpg,0,Chinee apple
20170728-120651-2.jpg,4,Prickly acacia
20171220-095209-1.jpg,8,Negative
20170210-133939-0.jpg,0,Chinee apple
20171219-094914-2.jpg,8,Negative
20170610-120852-0.jpg,1,Lantana
20171220-100216-2.jpg,8,Negative
20180112-070910-2.jpg,8,Negative
20171219-104455-3.jpg,8,Negative
20171113-094444-3.jpg,5,Rubber vine
20180112-094123-2.jpg,8,Negative
20171220-095122-1.jpg,8,Negative
20180112-081124-2.jpg,8,Negative
20170811-124710-1.jpg,0,Chinee apple
20180322-111123-2.jpg,8,Negative
20170728-151128-1.jpg,4,Prickly acacia
20170410-160028-0.jpg,7,Snake weed
20171205-134024-2.jpg,8,Negative
20171102-104334-1.jpg,2,Parkinsonia
20171220-090420-3.jpg,8,Negative
20171220-083149-3.jpg,8,Negative
20180109-090148-2.jpg,8,Negative
20180112-070238-2.jpg,8,Negative
20170913-110131-2.jpg,3,Parthenium
20171025-073507-1.jpg,3,Parthenium
20170501-144448-0.jpg,1,Lantana
20171219-092910-2.jpg,8,Negative
20170811-163558-1.jpg,0,Chinee apple
20171220-083653-2.jpg,8,Negative
20171113-144802-3.jpg,6,Siam weed
20171205-123530-2.jpg,8,Negative
20171102-094412-3.jpg,4,Prickly acacia
20171102-122830-2.jpg,2,Parkinsonia
20180112-093350-1.jpg,8,Negative
20180322-132554-1.jpg,8,Negative
20180125-095623-1.jpg,8,Negative
20180125-134936-3.jpg,8,Negative
20180322-112836-2.jpg,8,Negative
20170217-144521-0.jpg,7,Snake weed
20180109-095412-2.jpg,8,Negative
20171113-092956-3.jpg,5,Rubber vine
20180125-130407-2.jpg,8,Negative
20171212-102645-3.jpg,8,Negative
20180119-114423-1.jpg,8,Negative
20180112-104311-2.jpg,8,Negative
20180109-085942-2.jpg,8,Negative
20170728-124749-2.jpg,4,Prickly acacia
20170803-131234-1.jpg,0,Chinee apple
20180109-072850-2.jpg,8,Negative
20180125-132343-2.jpg,8,Negative
20180322-125050-1.jpg,8,Negative
20180109-071659-2.jpg,8,Negative
20171025-092347-2.jpg,3,Parthenium
20180112-094322-2.jpg,8,Negative
20180125-093659-2.jpg,8,Negative
20171113-134811-3.jpg,6,Siam weed
20170707-110656-0.jpg,7,Snake weed
20170207-155334-0.jpg,0,Chinee apple
20170210-132425-0.jpg,0,Chinee apple
20180109-103559-2.jpg,8,Negative
20171220-101758-2.jpg,8,Negative
20170728-120711-2.jpg,4,Prickly acacia
20180109-085644-1.jpg,8,Negative
20170920-162858-3.jpg,2,Parkinsonia
20180125-095111-2.jpg,8,Negative
20180112-072341-1.jpg,8,Negative
20171220-094547-2.jpg,8,Negative
20171113-122213-0.jpg,6,Siam weed
20171113-145332-1.jpg,6,Siam weed
20170728-124852-3.jpg,4,Prickly acacia
20171025-080400-1.jpg,3,Parthenium
20180119-110410-2.jpg,8,Negative
20170714-170321-1.jpg,1,Lantana
20180322-112652-2.jpg,8,Negative
20170727-144352-1.jpg,4,Prickly acacia
20180109-072712-1.jpg,8,Negative
20171121-084046-1.jpg,6,Siam weed
20180105-100947-2.jpg,8,Negative
20171220-084141-2.jpg,8,Negative
20180105-100228-3.jpg,8,Negative
20170217-145219-0.jpg,7,Snake weed
20170714-115904-1.jpg,1,Lantana
20170706-110224-0.jpg,8,Negative
20170728-122123-2.jpg,4,Prickly acacia
20180112-100536-2.jpg,8,Negative
20180109-104821-2.jpg,8,Negative
20171219-104501-2.jpg,8,Negative
20170315-085317-0.jpg,8,Negative
20171220-095355-2.jpg,8,Negative
20170920-111954-2.jpg,2,Parkinsonia
20170315-085332-0.jpg,8,Negative
20180322-114744-2.jpg,8,Negative
20170304-124424-0.jpg,0,Chinee apple
20171102-115438-2.jpg,2,Parkinsonia
20170217-100204-0.jpg,7,Snake weed
20180125-092422-1.jpg,8,Negative
20170714-112703-2.jpg,1,Lantana
20171219-100841-3.jpg,8,Negative
20171218-112711-3.jpg,8,Negative
20170913-100453-2.jpg,3,Parthenium
20170207-141814-0.jpg,7,Snake weed
20180105-095800-3.jpg,8,Negative
20170715-100013-1.jpg,1,Lantana
20180109-103116-2.jpg,8,Negative
20170811-110257-1.jpg,0,Chinee apple
20170920-190640-1.jpg,2,Parkinsonia
20171218-111216-2.jpg,8,Negative
20171102-115828-1.jpg,2,Parkinsonia
20170630-151804-0.jpg,7,Snake weed
20170128-103830-0.jpg,8,Negative
20180112-070825-2.jpg,8,Negative
20180109-101542-2.jpg,8,Negative
20171212-093856-3.jpg,8,Negative
20161207-145147-0.jpg,0,Chinee apple
20171025-080908-1.jpg,3,Parthenium
20180112-102811-2.jpg,8,Negative
20180119-113326-1.jpg,8,Negative
20171212-102223-3.jpg,8,Negative
20180109-090504-1.jpg,8,Negative
20170906-115056-1.jpg,3,Parthenium
20170920-181851-1.jpg,2,Parkinsonia
20171102-103229-1.jpg,2,Parkinsonia
20170727-171709-3.jpg,4,Prickly acacia
20171219-113243-2.jpg,8,Negative
20171113-140645-2.jpg,6,Siam weed
20180112-081829-2.jpg,8,Negative
20180125-091051-1.jpg,8,Negative
20180112-092727-1.jpg,8,Negative
20170711-114412-0.jpg,0,Chinee apple
20180109-105945-1.jpg,8,Negative
20170630-155511-0.jpg,7,Snake weed
20180125-131414-3.jpg,8,Negative
20170126-095745-0.jpg,1,Lantana
20180322-131850-1.jpg,8,Negative
20171219-113123-2.jpg,8,Negative
20171113-142726-2.jpg,6,Siam weed
20170727-165128-1.jpg,4,Prickly acacia
20170210-141742-0.jpg,7,Snake weed
20171025-074553-2.jpg,3,Parthenium
20171212-103216-3.jpg,8,Negative
20170727-125234-1.jpg,4,Prickly acacia
20171102-115127-1.jpg,2,Parkinsonia
20180119-110549-2.jpg,8,Negative
20180125-100139-2.jpg,8,Negative
20170129-101934-0.jpg,8,Negative
20171212-100452-3.jpg,8,Negative
20170217-102457-0.jpg,0,Chinee apple
20180112-101011-1.jpg,8,Negative
20171205-124153-2.jpg,8,Negative
20180125-131358-3.jpg,8,Negative
20180125-131454-2.jpg,8,Negative
20170304-124014-0.jpg,0,Chinee apple
20171220-092547-3.jpg,8,Negative
20171212-095907-3.jpg,8,Negative
20180322-103426-1.jpg,8,Negative
20171218-121457-3.jpg,8,Negative
20170127-101707-0.jpg,1,Lantana
20180112-073309-2.jpg,8,Negative
20170728-152311-1.jpg,8,Negative
20170718-131930-2.jpg,7,Snake weed
20171025-092306-1.jpg,3,Parthenium
20180125-094059-2.jpg,8,Negative
20170920-162006-3.jpg,2,Parkinsonia
20180109-065900-1.jpg,8,Negative
20180112-081917-2.jpg,8,Negative
20171220-092033-2.jpg,8,Negative
20180109-094522-2.jpg,8,Negative
20171220-085118-2.jpg,8,Negative
20180109-105437-2.jpg,8,Negative
20170704-155223-0.jpg,7,Snake weed
20180322-121034-2.jpg,8,Negative
20171113-092918-1.jpg,5,Rubber vine
20171205-134436-2.jpg,8,Negative
20171025-095915-1.jpg,3,Parthenium
20170410-154704-0.jpg,0,Chinee apple
20171102-094409-1.jpg,4,Prickly acacia
20170913-115222-2.jpg,5,Rubber vine
20171220-082708-2.jpg,8,Negative
20171212-100418-3.jpg,8,Negative
20180125-095801-2.jpg,8,Negative
20170714-142101-3.jpg,1,Lantana
20170127-101849-0.jpg,1,Lantana
20170207-142827-0.jpg,7,Snake weed
20170130-102402-0.jpg,1,Lantana
20171220-095127-2.jpg,8,Negative
20170811-114002-2.jpg,0,Chinee apple
20170128-102622-0.jpg,8,Negative
20170718-132014-2.jpg,7,Snake weed
20180105-101156-3.jpg,8,Negative
20170920-184503-1.jpg,2,Parkinsonia
20171025-073644-3.jpg,3,Parthenium
20180109-100301-1.jpg,8,Negative
20170217-100402-0.jpg,7,Snake weed
20180105-102443-1.jpg,8,Negative
20180112-092644-2.jpg,8,Negative
20170727-171203-1.jpg,4,Prickly acacia
20180109-104322-2.jpg,8,Negative
20170715-120750-1.jpg,1,Lantana
20170210-145705-0.jpg,0,Chinee apple
20180125-092128-2.jpg,8,Negative
20180112-070947-2.jpg,8,Negative
20170210-131022-0.jpg,7,Snake weed
20171102-104605-1.jpg,2,Parkinsonia
20170210-130852-0.jpg,7,Snake weed
20171113-103448-0.jpg,6,Siam weed
20170718-094626-2.jpg,0,Chinee apple
20171212-093721-1.jpg,8,Negative
20170501-143703-0.jpg,1,Lantana
20180119-104357-1.jpg,8,Negative
20170727-134947-1.jpg,4,Prickly acacia
20171220-092258-2.jpg,8,Negative
20170706-110048-0.jpg,7,Snake weed
20180322-132245-1.jpg,8,Negative
20180105-092426-2.jpg,8,Negative
20180105-095859-3.jpg,8,Negative
20180125-092849-2.jpg,8,Negative
20180322-115710-2.jpg,8,Negative
20180112-102249-1.jpg,8,Negative
20170729-092347-1.jpg,4,Prickly acacia
20170714-143504-2.jpg,1,Lantana
20170714-144338-2.jpg,1,Lantana
20170714-131021-1.jpg,1,Lantana
20171218-110417-3.jpg,8,Negative
20170714-125953-1.jpg,1,Lantana
20170501-143256-0.jpg,1,Lantana
20170728-120324-2.jpg,4,Prickly acacia
20170714-110657-1.jpg,1,Lantana
20180109-104359-2.jpg,8,Negative
20180112-083738-1.jpg,8,Negative
20180125-101934-1.jpg,8,Negative
20170728-154205-1.jpg,4,Prickly acacia
20180125-101344-1.jpg,8,Negative
20170217-100309-0.jpg,7,Snake weed
20171219-100150-2.jpg,8,Negative
20171220-092024-2.jpg,8,Negative
20171121-083428-2.jpg,6,Siam weed
20170127-102822-0.jpg,1,Lantana
20171218-115217-3.jpg,8,Negative
20171121-090451-3.jpg,6,Siam weed
20170811-122845-2.jpg,0,Chinee apple
20170315-085209-0.jpg,8,Negative
20170727-111533-3.jpg,4,Prickly acacia
20171109-074418-1.jpg,5,Rubber vine
20180125-101728-1.jpg,8,Negative
20171109-085101-2.jpg,5,Rubber vine
20180105-093600-2.jpg,8,Negative
20170315-091012-0.jpg,8,Negative
20171113-091651-1.jpg,5,Rubber vine
20170913-122036-2.jpg,5,Rubber vine
20171113-115857-1.jpg,6,Siam weed
20170727-134916-1.jpg,4,Prickly acacia
20180125-131749-2.jpg,8,Negative
20170727-170930-1.jpg,4,Prickly acacia
20170913-102722-2.jpg,3,Parthenium
20180109-101538-1.jpg,8,Negative
20180322-113527-1.jpg,8,Negative
20180112-102500-2.jpg,8,Negative
20170217-144154-0.jpg,7,Snake weed
20180109-104459-1.jpg,8,Negative
20170128-103425-0.jpg,8,Negative
20170217-115414-0.jpg,0,Chinee apple
20170718-095237-2.jpg,0,Chinee apple
20180109-072426-1.jpg,8,Negative
20170920-174414-1.jpg,4,Prickly acacia
20170705-164837-0.jpg,7,Snake weed
20170128-102719-0.jpg,8,Negative
20180112-083307-1.jpg,8,Negative
20180322-110620-2.jpg,8,Negative
20170714-110932-3.jpg,1,Lantana
20170130-102046-0.jpg,1,Lantana
20171205-143042-2.jpg,8,Negative
20171113-115320-3.jpg,6,Siam weed
20180105-101232-2.jpg,8,Negative
20171025-075228-1.jpg,3,Parthenium
20170920-181315-1.jpg,2,Parkinsonia
20170811-104017-2.jpg,0,Chinee apple
20171212-095738-3.jpg,8,Negative
20170920-113312-3.jpg,2,Parkinsonia
20171218-111642-2.jpg,8,Negative
20170727-172016-1.jpg,4,Prickly acacia
20171212-100816-1.jpg,8,Negative
20171109-090439-2.jpg,5,Rubber vine
20170706-111508-0.jpg,7,Snake weed
20180109-074740-1.jpg,8,Negative
20180112-102244-2.jpg,8,Negative
20171212-105656-3.jpg,8,Negative
20170727-171755-2.jpg,4,Prickly acacia
20180112-102440-1.jpg,8,Negative
20161207-111555-0.jpg,0,Chinee apple
20180125-132545-3.jpg,8,Negative
20180105-093457-2.jpg,8,Negative
20170727-113629-1.jpg,4,Prickly acacia
20180109-071708-1.jpg,8,Negative
20180125-095013-1.jpg,8,Negative
20180105-102039-2.jpg,8,Negative
20171121-082808-2.jpg,6,Siam weed
20170906-094844-2.jpg,3,Parthenium
20171218-115542-3.jpg,8,Negative
20170906-140310-1.jpg,3,Parthenium
20180112-081840-1.jpg,8,Negative
20171102-123413-1.jpg,2,Parkinsonia
20171219-105132-2.jpg,8,Negative
20170727-113501-3.jpg,4,Prickly acacia
20180322-133901-1.jpg,8,Negative
20171220-084635-2.jpg,8,Negative
20170707-113303-0.jpg,0,Chinee apple
20180112-083254-1.jpg,8,Negative
20170704-155422-0.jpg,7,Snake weed
20180125-132508-2.jpg,8,Negative
20170811-162954-1.jpg,0,Chinee apple
20180125-100533-1.jpg,8,Negative
20170128-102357-0.jpg,8,Negative
20180112-103620-1.jpg,8,Negative
20171220-100607-2.jpg,8,Negative
20171212-093532-3.jpg,8,Negative
20171219-095636-2.jpg,8,Negative
20180112-070035-2.jpg,8,Negative
20180112-074634-2.jpg,8,Negative
20170714-120433-3.jpg,1,Lantana
20180322-113018-2.jpg,8,Negative
20180109-092239-2.jpg,8,Negative
20171220-083131-2.jpg,8,Negative
20171218-121043-3.jpg,8,Negative
20170727-115521-3.jpg,4,Prickly acacia
20180109-100433-1.jpg,8,Negative
20170906-103258-4.jpg,3,Parthenium
20171212-110050-3.jpg,8,Negative
20170207-154732-0.jpg,0,Chinee apple
20171109-073153-3.jpg,5,Rubber vine
20171113-131324-1.jpg,6,Siam weed
20171025-080121-3.jpg,3,Parthenium
20171025-074012-1.jpg,3,Parthenium
20171102-100951-2.jpg,4,Prickly acacia
20170714-165850-1.jpg,1,Lantana
20180322-104542-1.jpg,8,Negative
20180109-073038-2.jpg,8,Negative
20180112-082516-1.jpg,8,Negative
20180109-104302-2.jpg,8,Negative
20180105-093124-2.jpg,8,Negative
20180109-074833-1.jpg,8,Negative
20180112-071800-2.jpg,8,Negative
20170727-113159-1.jpg,4,Prickly acacia
20170714-170854-1.jpg,1,Lantana
20180109-080328-2.jpg,7,Snake weed
20170711-120306-0.jpg,7,Snake weed
20180112-080455-2.jpg,8,Negative
20170727-114558-3.jpg,4,Prickly acacia
20180322-103155-1.jpg,8,Negative
20171218-110357-2.jpg,8,Negative
20180125-132956-2.jpg,8,Negative
20170501-144229-0.jpg,1,Lantana
20170714-145835-1.jpg,1,Lantana
20170707-112142-0.jpg,0,Chinee apple
20171109-095650-2.jpg,5,Rubber vine
20180322-111706-1.jpg,8,Negative
20171113-133628-1.jpg,6,Siam weed
20171217-184328-2.jpg,8,Negative
20180109-101649-2.jpg,8,Negative
20170126-095243-0.jpg,1,Lantana
20171219-105348-3.jpg,8,Negative
20170920-112929-3.jpg,2,Parkinsonia
20180109-085806-1.jpg,8,Negative
20171113-140954-2.jpg,6,Siam weed
20171220-084112-3.jpg,8,Negative
20171219-114542-3.jpg,8,Negative
20170501-144755-0.jpg,8,Negative
20171205-145004-2.jpg,8,Negative
20170126-100150-0.jpg,1,Lantana
20170217-120240-0.jpg,7,Snake weed
20171113-134247-3.jpg,6,Siam weed
20170913-104136-2.jpg,3,Parthenium
20170714-121905-2.jpg,1,Lantana
20171113-165113-0.jpg,6,Siam weed
20180109-085840-1.jpg,8,Negative
20180322-112200-1.jpg,8,Negative
20171219-105034-2.jpg,8,Negative
20171109-075027-3.jpg,5,Rubber vine
20171220-100435-2.jpg,8,Negative
20170126-100004-0.jpg,1,Lantana
20180112-082314-1.jpg,8,Negative
20180112-103449-2.jpg,8,Negative
20171219-104517-2.jpg,8,Negative
20170704-151605-0.jpg,0,Chinee apple
20180109-090307-2.jpg,8,Negative
20170920-174836-1.jpg,2,Parkinsonia
20170913-120559-2.jpg,5,Rubber vine
20180125-135628-3.jpg,8,Negative
20180109-110111-2.jpg,8,Negative
20170913-110350-3.jpg,5,Rubber vine
20171218-110217-3.jpg,8,Negative
20171102-095632-3.jpg,4,Prickly acacia
20170711-115716-0.jpg,0,Chinee apple
20170217-095945-0.jpg,7,Snake weed
20180112-094329-1.jpg,8,Negative
20180119-104811-1.jpg,8,Negative
20171025-073415-1.jpg,3,Parthenium
20180125-093506-2.jpg,8,Negative
20180112-102735-1.jpg,8,Negative
20170920-162438-3.jpg,2,Parkinsonia
20180125-132708-2.jpg,8,Negative
20171220-095408-2.jpg,8,Negative
20171025-074102-1.jpg,3,Parthenium
20180119-115240-2.jpg,8,Negative
20170729-085945-2.jpg,4,Prickly acacia
20180119-115456-1.jpg,8,Negative
20180109-085933-2.jpg,8,Negative
20180105-095743-2.jpg,8,Negative
20170727-143740-1.jpg,4,Prickly acacia
20171220-101018-1.jpg,8,Negative
20170920-190503-1.jpg,2,Parkinsonia
20170217-144638-0.jpg,7,Snake weed
20171212-101503-3.jpg,8,Negative
20180119-114943-1.jpg,8,Negative
20170920-172602-1.jpg,2,Parkinsonia
20171025-093136-2.jpg,3,Parthenium
20170906-105248-1.jpg,3,Parthenium
20170706-112824-0.jpg,7,Snake weed
20171025-094427-2.jpg,3,Parthenium
20171205-143532-2.jpg,8,Negative
20180119-110246-1.jpg,8,Negative
20180105-093533-3.jpg,8,Negative
20171102-122707-1.jpg,2,Parkinsonia
20180119-105347-1.jpg,8,Negative
20171219-094202-2.jpg,8,Negative
20180109-091050-2.jpg,8,Negative
20180125-095842-2.jpg,8,Negative
20170315-084949-0.jpg,8,Negative
20180112-071404-2.jpg,8,Negative
20180125-094353-2.jpg,8,Negative
20171219-114847-2.jpg,8,Negative
20171102-100458-2.jpg,4,Prickly acacia
20170304-132713-0.jpg,7,Snake weed
20170727-112115-3.jpg,4,Prickly acacia
20171113-101323-0.jpg,6,Siam weed
20180109-090405-2.jpg,8,Negative
20180105-092404-2.jpg,8,Negative
20170217-115158-0.jpg,7,Snake weed
20171113-102111-1.jpg,5,Rubber vine
20171113-144201-3.jpg,6,Siam weed
20170627-105151-0.jpg,7,Snake weed
20171203-173816-3.jpg,8,Negative
20171121-091005-1.jpg,6,Siam weed
20171109-074353-1.jpg,5,Rubber vine
20170210-132037-0.jpg,7,Snake weed
20170705-161828-0.jpg,7,Snake weed
20171025-080530-1.jpg,3,Parthenium
20180112-072531-2.jpg,8,Negative
20180112-071949-1.jpg,8,Negative
20171212-103349-3.jpg,8,Negative
20180322-111857-1.jpg,8,Negative
20171219-094654-2.jpg,8,Negative
20180125-092932-2.jpg,8,Negative
20180322-102908-1.jpg,8,Negative
20180109-072059-1.jpg,8,Negative
20171205-134456-2.jpg,8,Negative
20171203-174808-3.jpg,8,Negative
20171121-072316-1.jpg,6,Siam weed
20170913-103826-3.jpg,5,Rubber vine
20170920-111023-2.jpg,2,Parkinsonia
20171220-091155-2.jpg,8,Negative
20171218-111424-2.jpg,8,Negative
20180125-092911-2.jpg,8,Negative
20170207-142840-0.jpg,7,Snake weed
20170304-130457-0.jpg,7,Snake weed
20170129-102239-0.jpg,8,Negative
20180109-073926-2.jpg,8,Negative
20170714-175853-1.jpg,1,Lantana
20170728-122348-3.jpg,4,Prickly acacia
20180109-091432-1.jpg,8,Negative
20170714-133725-1.jpg,1,Lantana
20180119-104549-1.jpg,8,Negative
20180105-092131-2.jpg,8,Negative
20180125-132605-2.jpg,8,Negative
20171218-120357-2.jpg,8,Negative
20180109-070644-2.jpg,8,Negative
20180112-100745-2.jpg,8,Negative
20170707-115123-0.jpg,0,Chinee apple
20180112-092221-2.jpg,8,Negative
20170705-161400-0.jpg,7,Snake weed
20170714-143217-1.jpg,1,Lantana
20180322-114143-2.jpg,8,Negative
20180109-100704-1.jpg,8,Negative
20180109-075517-2.jpg,8,Negative
20170129-103711-0.jpg,8,Negative
20180112-101828-1.jpg,8,Negative
20171203-170339-3.jpg,8,Negative
20171025-095009-1.jpg,3,Parthenium
20170729-092850-2.jpg,4,Prickly acacia
20171122-100347-1.jpg,5,Rubber vine
20170705-161341-0.jpg,7,Snake weed
20170210-145656-0.jpg,0,Chinee apple
20180322-102836-2.jpg,8,Negative
20170727-152620-3.jpg,4,Prickly acacia
20180112-101359-1.jpg,8,Negative
20170217-103427-0.jpg,0,Chinee apple
20171218-122218-3.jpg,8,Negative
20180119-110140-2.jpg,8,Negative
20170630-160103-0.jpg,7,Snake weed
20180322-115015-2.jpg,8,Negative
20171113-121813-0.jpg,6,Siam weed
20180125-134014-3.jpg,8,Negative
20170727-115602-3.jpg,4,Prickly acacia
20180109-104840-2.jpg,8,Negative
20171113-140906-2.jpg,6,Siam weed
20170728-152828-1.jpg,8,Negative
20180125-093213-1.jpg,8,Negative
20171217-103346-2.jpg,8,Negative
20180109-080639-2.jpg,8,Negative
20180109-074725-1.jpg,8,Negative
20171218-112327-3.jpg,8,Negative
20171113-150328-1.jpg,6,Siam weed
20171203-172452-3.jpg,8,Negative
20180125-132531-2.jpg,8,Negative
20171219-113443-3.jpg,8,Negative
20171102-120108-2.jpg,2,Parkinsonia
20170811-133525-1.jpg,0,Chinee apple
20170906-113426-1.jpg,3,Parthenium
20170727-113032-1.jpg,4,Prickly acacia
20171113-130008-2.jpg,6,Siam weed
20170715-141207-1.jpg,1,Lantana
20171220-082809-3.jpg,8,Negative
20170501-145550-0.jpg,8,Negative
20170811-103902-1.jpg,0,Chinee apple
20170811-125323-2.jpg,0,Chinee apple
20180105-100203-2.jpg,8,Negative
20170913-121836-1.jpg,5,Rubber vine
20180112-103611-1.jpg,8,Negative
20180109-071737-2.jpg,8,Negative
20180109-092325-1.jpg,8,Negative
20180125-101252-1.jpg,8,Negative
20171109-090323-1.jpg,5,Rubber vine
20171203-173738-3.jpg,8,Negative
20171205-123919-2.jpg,8,Negative
20170920-101830-3.jpg,2,Parkinsonia
20171218-112736-3.jpg,8,Negative
20171121-073208-1.jpg,6,Siam weed
20180125-102016-1.jpg,8,Negative
20170217-104651-0.jpg,0,Chinee apple
20170217-112836-0.jpg,0,Chinee apple
20180105-101231-3.jpg,8,Negative
20180105-092411-2.jpg,8,Negative
20180105-101024-2.jpg,8,Negative
20170217-112431-0.jpg,0,Chinee apple
20170729-091806-2.jpg,4,Prickly acacia
20170727-121057-3.jpg,4,Prickly acacia
20170728-153536-3.jpg,8,Negative
20180112-104053-2.jpg,8,Negative
20180125-092812-2.jpg,8,Negative
20170127-102520-0.jpg,1,Lantana
20171113-134828-1.jpg,6,Siam weed
20171219-114304-2.jpg,8,Negative
20170714-133445-1.jpg,1,Lantana
20170207-141852-0.jpg,7,Snake weed
20170126-095925-0.jpg,1,Lantana
20180125-123155-2.jpg,8,Negative
20171109-090842-1.jpg,5,Rubber vine
20171220-090745-3.jpg,8,Negative
20170920-110518-3.jpg,2,Parkinsonia
20180109-103524-1.jpg,8,Negative
20180119-115604-1.jpg,8,Negative
20180125-100727-1.jpg,8,Negative
20170811-105123-2.jpg,0,Chinee apple
20180109-072118-2.jpg,8,Negative
20171121-085233-1.jpg,6,Siam weed
20171220-093220-3.jpg,8,Negative
20170715-140651-1.jpg,1,Lantana
20170727-145457-3.jpg,4,Prickly acacia
20170920-130803-2.jpg,2,Parkinsonia
20170728-124439-2.jpg,4,Prickly acacia
20170714-141919-3.jpg,1,Lantana
20170126-100322-0.jpg,1,Lantana
20170906-094212-4.jpg,0,Chinee apple
20170913-104421-2.jpg,3,Parthenium
20170906-140251-1.jpg,3,Parthenium
20171121-072105-1.jpg,6,Siam weed
20171219-114117-3.jpg,8,Negative
20171220-085343-3.jpg,8,Negative
20170410-154041-0.jpg,7,Snake weed
20170714-144230-3.jpg,1,Lantana
20180125-095022-1.jpg,8,Negative
20180119-114948-2.jpg,8,Negative
20180322-113745-2.jpg,8,Negative
20170729-153504-3.jpg,4,Prickly acacia
20180109-085317-2.jpg,8,Negative
20180322-131707-1.jpg,8,Negative
20180105-101044-2.jpg,8,Negative
20180109-091534-2.jpg,8,Negative
20171121-074642-1.jpg,6,Siam weed
20170126-100527-0.jpg,1,Lantana
20170811-102209-1.jpg,0,Chinee apple
20180322-110909-2.jpg,8,Negative
20170501-145112-0.jpg,8,Negative
20171113-095713-1.jpg,5,Rubber vine
20171220-085059-3.jpg,8,Negative
20171025-075948-1.jpg,3,Parthenium
20170707-112659-0.jpg,0,Chinee apple
20180119-105410-2.jpg,8,Negative
20171220-084247-3.jpg,8,Negative
20171102-094336-1.jpg,4,Prickly acacia
20180125-134542-3.jpg,8,Negative
20171219-114940-2.jpg,8,Negative
20171025-093452-1.jpg,3,Parthenium
20170920-190354-1.jpg,2,Parkinsonia
20180109-073217-2.jpg,8,Negative
20180109-100232-1.jpg,8,Negative
20180125-134736-2.jpg,8,Negative
20170501-142418-0.jpg,1,Lantana
20180109-075223-1.jpg,8,Negative
20180109-092259-1.jpg,8,Negative
20180112-081243-1.jpg,8,Negative
20180109-110049-1.jpg,8,Negative
20180105-094028-3.jpg,8,Negative
20180125-134125-3.jpg,8,Negative
20170127-101959-0.jpg,1,Lantana
20171113-144510-3.jpg,6,Siam weed
20170811-132546-1.jpg,0,Chinee apple
20180322-132313-1.jpg,8,Negative
20180109-095505-1.jpg,8,Negative
20170811-133229-1.jpg,0,Chinee apple
20180125-095658-2.jpg,8,Negative
20170210-141939-0.jpg,7,Snake weed
20170707-114620-0.jpg,0,Chinee apple
20170714-110750-3.jpg,1,Lantana
20180105-092356-3.jpg,8,Negative
20180109-100428-2.jpg,8,Negative
20180105-100321-2.jpg,8,Negative
20180112-080505-1.jpg,8,Negative
20180109-105155-2.jpg,8,Negative
20180105-100214-2.jpg,8,Negative
20170714-142207-2.jpg,1,Lantana
20171205-134240-2.jpg,8,Negative
20180322-111544-2.jpg,8,Negative
20170920-113950-3.jpg,2,Parkinsonia
20180105-104313-1.jpg,8,Negative
20171220-082517-2.jpg,8,Negative
20171218-121356-2.jpg,8,Negative
20170126-100104-0.jpg,1,Lantana
20170217-120606-0.jpg,7,Snake weed
20170727-151724-1.jpg,4,Prickly acacia
20180109-080253-1.jpg,8,Negative
20170913-123404-2.jpg,5,Rubber vine
20171220-091629-2.jpg,8,Negative
20180105-093523-3.jpg,8,Negative
20170729-153742-3.jpg,4,Prickly acacia
20171113-093744-3.jpg,5,Rubber vine
20180125-094039-2.jpg,8,Negative
20180125-100400-1.jpg,8,Negative
20171220-094952-2.jpg,8,Negative
20170913-095836-2.jpg,3,Parthenium
20180109-073235-2.jpg,8,Negative
20171219-112639-3.jpg,8,Negative
20171203-170939-3.jpg,8,Negative
20180119-113108-2.jpg,8,Negative
20171212-092921-3.jpg,8,Negative
20170727-151447-1.jpg,4,Prickly acacia
20171109-193932-1.jpg,5,Rubber vine
20171025-092435-2.jpg,3,Parthenium
20171219-093415-2.jpg,8,Negative
20180322-105500-1.jpg,8,Negative
20171212-093629-1.jpg,8,Negative
20170920-111647-2.jpg,2,Parkinsonia
20170315-084854-0.jpg,8,Negative
20170718-101026-2.jpg,0,Chinee apple
20170714-143942-2.jpg,1,Lantana
20171212-094300-1.jpg,8,Negative
20170714-150014-1.jpg,1,Lantana
20170630-160438-0.jpg,0,Chinee apple
20171219-111825-3.jpg,8,Negative
20180119-112928-2.jpg,8,Negative
20171113-101125-1.jpg,5,Rubber vine
20170906-111722-1.jpg,3,Parthenium
20180119-105359-2.jpg,8,Negative
20170727-164606-3.jpg,4,Prickly acacia
20180125-131352-2.jpg,8,Negative
20171220-082242-2.jpg,8,Negative
20180105-091821-3.jpg,8,Negative
20171218-104117-2.jpg,8,Negative
20180112-080305-1.jpg,8,Negative
20170715-123221-1.jpg,1,Lantana
20170714-122636-3.jpg,1,Lantana
20180112-101914-2.jpg,8,Negative
20180112-082937-1.jpg,8,Negative
20171121-083457-2.jpg,6,Siam weed
20180109-091959-1.jpg,8,Negative
20171217-183825-2.jpg,8,Negative
20180112-094153-1.jpg,8,Negative
20171219-112034-3.jpg,8,Negative
20171220-092520-3.jpg,8,Negative
20171212-104505-3.jpg,8,Negative
20170130-102953-0.jpg,1,Lantana
20171113-060557-1.jpg,6,Siam weed
20180112-092654-2.jpg,8,Negative
20180109-065937-1.jpg,8,Negative
20170913-100435-2.jpg,3,Parthenium
20180109-094545-2.jpg,8,Negative
20180109-085920-2.jpg,8,Negative
20180112-075941-2.jpg,8,Negative
20170920-192209-1.jpg,2,Parkinsonia
20171219-095817-3.jpg,8,Negative
20170129-103811-0.jpg,8,Negative
20170217-120025-0.jpg,0,Chinee apple
20171219-113027-2.jpg,8,Negative
20180105-093726-3.jpg,8,Negative
20170210-131942-0.jpg,0,Chinee apple
20180109-075555-1.jpg,8,Negative
20170714-110824-3.jpg,1,Lantana
20171109-092833-1.jpg,5,Rubber vine
20170304-125237-0.jpg,0,Chinee apple
20180109-103118-2.jpg,8,Negative
20180109-070858-1.jpg,8,Negative
20170920-163942-3.jpg,2,Parkinsonia
20180105-093410-2.jpg,8,Negative
20171121-073623-1.jpg,6,Siam weed
20171219-105450-2.jpg,8,Negative
20170405-154901-0.jpg,0,Chinee apple
20170315-090602-0.jpg,8,Negative
20170217-101309-0.jpg,0,Chinee apple
20180109-100041-2.jpg,8,Negative
20170630-160239-0.jpg,7,Snake weed
20180112-091351-2.jpg,8,Negative
20170727-124737-3.jpg,4,Prickly acacia
20171220-084352-2.jpg,8,Negative
20170501-145819-0.jpg,8,Negative
20171121-073121-1.jpg,6,Siam weed
20170920-185030-1.jpg,2,Parkinsonia
20180112-082753-1.jpg,8,Negative
20180119-114801-2.jpg,8,Negative
20170920-182718-1.jpg,2,Parkinsonia
20171121-090855-3.jpg,6,Siam weed
20170210-142148-0.jpg,7,Snake weed
20170729-093442-2.jpg,4,Prickly acacia
20170210-132555-0.jpg,0,Chinee apple
20180322-114158-2.jpg,8,Negative
20171219-102358-3.jpg,8,Negative
20170913-100412-1.jpg,3,Parthenium
20180109-095605-1.jpg,8,Negative
20180112-080007-2.jpg,8,Negative
20171122-102108-1.jpg,5,Rubber vine
20180112-072705-1.jpg,8,Negative
20171109-074748-1.jpg,5,Rubber vine
20171122-101001-1.jpg,5,Rubber vine
20180109-080631-2.jpg,8,Negative
20170129-102827-0.jpg,8,Negative
20161207-142354-0.jpg,1,Lantana
20170727-125452-1.jpg,4,Prickly acacia
20171113-133646-3.jpg,6,Siam weed
20171113-123752-1.jpg,6,Siam weed
20171109-085837-2.jpg,5,Rubber vine
20171102-115159-1.jpg,2,Parkinsonia
20170718-094353-2.jpg,0,Chinee apple
20180109-110120-2.jpg,8,Negative
20171218-104040-2.jpg,8,Negative
20180322-111500-2.jpg,8,Negative
20170727-154415-1.jpg,4,Prickly acacia
20170920-112029-2.jpg,2,Parkinsonia
20171212-095218-3.jpg,8,Negative
20170127-103337-0.jpg,1,Lantana
20170714-185839-1.jpg,1,Lantana
20171219-110425-3.jpg,8,Negative
20170128-103141-0.jpg,8,Negative
20171113-165713-0.jpg,6,Siam weed
20170729-091011-1.jpg,4,Prickly acacia
20180112-082251-1.jpg,8,Negative
20171025-094441-1.jpg,3,Parthenium
20180322-113907-1.jpg,8,Negative
20180125-123133-2.jpg,8,Negative
20171121-082127-2.jpg,6,Siam weed
20180125-094244-1.jpg,8,Negative
20180112-072022-2.jpg,8,Negative
20180125-101003-1.jpg,8,Negative
20180125-091742-2.jpg,8,Negative
20180109-101140-2.jpg,8,Negative
20180112-092041-1.jpg,8,Negative
20171220-083821-2.jpg,8,Negative
20180109-080302-1.jpg,8,Negative
20180109-072451-2.jpg,8,Negative
20180109-094547-2.jpg,8,Negative
20171109-071030-3.jpg,5,Rubber vine
20180105-092118-3.jpg,8,Negative
20170920-111008-2.jpg,2,Parkinsonia
20170127-102151-0.jpg,1,Lantana
20171220-092212-2.jpg,8,Negative
20170714-112430-2.jpg,1,Lantana
20171218-120822-2.jpg,8,Negative
20180125-093256-2.jpg,8,Negative
20170714-113918-2.jpg,1,Lantana
20180119-114249-1.jpg,8,Negative
20180322-103716-1.jpg,8,Negative
20180119-110227-1.jpg,8,Negative
20170715-102613-1.jpg,1,Lantana
20180109-104551-1.jpg,8,Negative
20180322-125733-1.jpg,8,Negative
20180322-125714-1.jpg,8,Negative
20180109-080026-1.jpg,8,Negative
20171220-100702-1.jpg,8,Negative
20170501-144936-0.jpg,8,Negative
20171102-121746-1.jpg,2,Parkinsonia
20171220-083547-2.jpg,8,Negative
20180112-082107-2.jpg,8,Negative
20171025-094027-2.jpg,3,Parthenium
20171025-075207-1.jpg,3,Parthenium
20171102-103537-3.jpg,2,Parkinsonia
20171109-093036-3.jpg,5,Rubber vine
20170920-190919-1.jpg,2,Parkinsonia
20171212-094313-1.jpg,8,Negative
20180109-072527-2.jpg,8,Negative
20170920-094016-1.jpg,4,Prickly acacia
20171220-092316-2.jpg,8,Negative
20170501-144456-0.jpg,1,Lantana
20170728-121057-2.jpg,4,Prickly acacia
20180322-113201-1.jpg,8,Negative
20180109-075519-1.jpg,8,Negative
20171219-105448-2.jpg,8,Negative
20171219-111842-3.jpg,8,Negative
20171203-170325-3.jpg,8,Negative
20170920-115200-3.jpg,2,Parkinsonia
20170906-094003-1.jpg,3,Parthenium
20171220-095326-1.jpg,8,Negative
20170811-112702-1.jpg,0,Chinee apple
20170217-095426-0.jpg,7,Snake weed
20170913-103812-3.jpg,5,Rubber vine
20170811-131532-2.jpg,0,Chinee apple
20170501-142446-0.jpg,1,Lantana
20180112-102402-2.jpg,8,Negative
20170315-085103-0.jpg,8,Negative
20180109-103343-1.jpg,8,Negative
20171205-123820-2.jpg,8,Negative
20180125-133944-2.jpg,8,Negative
20180125-095420-2.jpg,8,Negative
20171218-105311-2.jpg,8,Negative
20170728-121648-2.jpg,4,Prickly acacia
20170210-131505-0.jpg,7,Snake weed
20180125-092500-2.jpg,8,Negative
20171113-124317-3.jpg,6,Siam weed
20170811-104825-2.jpg,0,Chinee apple
20180109-074543-1.jpg,8,Negative
20170920-112559-2.jpg,2,Parkinsonia
20171219-094908-3.jpg,8,Negative
20180112-071143-2.jpg,8,Negative
20170718-104929-2.jpg,7,Snake weed
20171109-091131-3.jpg,5,Rubber vine
20170128-103437-0.jpg,8,Negative
20171205-144841-2.jpg,8,Negative
20171218-120706-3.jpg,8,Negative
20180322-133110-1.jpg,8,Negative
20170714-120537-3.jpg,1,Lantana
20170714-112604-2.jpg,1,Lantana
20171220-100431-1.jpg,8,Negative
20171113-123859-3.jpg,6,Siam weed
20170729-085912-1.jpg,4,Prickly acacia
20180322-124822-1.jpg,8,Negative
20180105-091536-3.jpg,8,Negative
20180112-071740-1.jpg,8,Negative
20180112-083613-1.jpg,8,Negative
20180112-101417-2.jpg,8,Negative
20180119-111046-1.jpg,8,Negative
20171102-094159-3.jpg,4,Prickly acacia
20180105-093630-2.jpg,8,Negative
20170729-154032-3.jpg,4,Prickly acacia
20170811-132606-1.jpg,0,Chinee apple
20171109-093608-1.jpg,5,Rubber vine
20171025-080109-1.jpg,3,Parthenium
20171205-142945-2.jpg,8,Negative
20170217-102437-0.jpg,0,Chinee apple
20180125-135236-2.jpg,8,Negative
20171219-093216-3.jpg,8,Negative
20171102-115438-1.jpg,2,Parkinsonia
20171219-100557-2.jpg,8,Negative
20180105-093132-2.jpg,8,Negative
20170715-135754-1.jpg,1,Lantana
20171113-132754-3.jpg,6,Siam weed
20170811-103652-1.jpg,0,Chinee apple
20180112-092018-2.jpg,8,Negative
20170210-131649-0.jpg,7,Snake weed
20171121-090718-3.jpg,6,Siam weed
20171113-092117-3.jpg,5,Rubber vine
20171025-075929-2.jpg,3,Parthenium
20180109-085623-2.jpg,8,Negative
20180105-100642-2.jpg,8,Negative
20171113-123302-1.jpg,6,Siam weed
20180119-115659-2.jpg,8,Negative
20171220-084024-3.jpg,8,Negative
20171219-113236-3.jpg,8,Negative
20180125-095100-1.jpg,8,Negative
20171218-111124-3.jpg,8,Negative
20180322-112915-2.jpg,8,Negative
20170501-144436-0.jpg,1,Lantana
20171212-095652-1.jpg,8,Negative
20170128-103051-0.jpg,8,Negative
20180112-092440-2.jpg,8,Negative
20180112-072738-2.jpg,8,Negative
20180109-092016-2.jpg,7,Snake weed
20180105-100949-3.jpg,8,Negative
20170727-111857-3.jpg,4,Prickly acacia
20170210-142422-0.jpg,7,Snake weed
20170704-150711-0.jpg,7,Snake weed
20171113-061052-1.jpg,6,Siam weed
20180119-110801-2.jpg,8,Negative
20170811-130423-1.jpg,0,Chinee apple
20171025-074121-3.jpg,3,Parthenium
20170207-154209-0.jpg,0,Chinee apple
20171220-084412-2.jpg,8,Negative
20170627-105207-0.jpg,0,Chinee apple
20171109-091107-1.jpg,5,Rubber vine
20171121-090938-1.jpg,6,Siam weed
20180112-070815-2.jpg,8,Negative
20170920-110550-3.jpg,2,Parkinsonia
20171205-134118-2.jpg,8,Negative
20180322-131314-1.jpg,8,Negative
20170410-124625-0.jpg,0,Chinee apple
20170705-165310-0.jpg,7,Snake weed
20180109-075741-2.jpg,8,Negative
20170913-120052-2.jpg,5,Rubber vine
20171212-094718-3.jpg,8,Negative
20171218-110426-2.jpg,8,Negative
20180109-071738-1.jpg,8,Negative
20170217-095541-0.jpg,7,Snake weed
20171218-105137-3.jpg,8,Negative
20180109-074754-2.jpg,8,Negative
20180112-093728-1.jpg,8,Negative
20170705-163753-0.jpg,7,Snake weed
20170718-132003-2.jpg,7,Snake weed
20180112-071644-2.jpg,8,Negative
20170217-115427-0.jpg,7,Snake weed
20180112-103458-2.jpg,8,Negative
20180105-093745-3.jpg,8,Negative
20180125-134702-2.jpg,8,Negative
20170913-102331-3.jpg,5,Rubber vine
20170127-101404-0.jpg,1,Lantana
20171219-113153-2.jpg,8,Negative
20180109-071823-1.jpg,8,Negative
20171113-124455-1.jpg,6,Siam weed
20170715-173650-1.jpg,1,Lantana
20171219-114835-2.jpg,8,Negative
20180125-123132-2.jpg,8,Negative
20180109-105612-1.jpg,8,Negative
20170811-112522-2.jpg,0,Chinee apple
20170210-131147-0.jpg,7,Snake weed
20180125-095822-2.jpg,8,Negative
20171219-095712-3.jpg,8,Negative
20171218-110905-2.jpg,8,Negative
20180109-072448-1.jpg,8,Negative
20170727-145831-3.jpg,4,Prickly acacia
20180125-100726-2.jpg,8,Negative
20180125-130445-3.jpg,8,Negative
20171121-081945-2.jpg,6,Siam weed
20170811-122826-2.jpg,0,Chinee apple
20170210-132719-0.jpg,0,Chinee apple
20180125-100609-1.jpg,8,Negative
20171025-090914-2.jpg,3,Parthenium
20180119-115514-2.jpg,8,Negative
20170128-104021-0.jpg,8,Negative
20180109-085747-2.jpg,7,Snake weed
20170714-111235-1.jpg,1,Lantana
20180105-104355-1.jpg,8,Negative
20171025-081556-2.jpg,3,Parthenium
20170811-110232-1.jpg,0,Chinee apple
20170920-181438-1.jpg,2,Parkinsonia
20180109-072803-1.jpg,8,Negative
20180125-134909-3.jpg,8,Negative
20171220-101346-1.jpg,8,Negative
20170811-122907-2.jpg,0,Chinee apple
20170906-100047-1.jpg,3,Parthenium
20170728-152034-2.jpg,4,Prickly acacia
20171025-094931-2.jpg,3,Parthenium
20170920-120351-2.jpg,2,Parkinsonia
20180125-095708-2.jpg,8,Negative
20180105-094905-3.jpg,8,Negative
20171219-113751-2.jpg,8,Negative
20170727-171322-1.jpg,4,Prickly acacia
20171205-134821-2.jpg,8,Negative
20180125-101737-2.jpg,8,Negative
20171102-104838-3.jpg,2,Parkinsonia
20170304-131504-0.jpg,7,Snake weed
20180109-100046-1.jpg,8,Negative
20171108-124659-3.jpg,5,Rubber vine
20170906-100542-1.jpg,3,Parthenium
20170627-104108-0.jpg,0,Chinee apple
20171025-081404-1.jpg,3,Parthenium
20180322-113006-1.jpg,8,Negative
20170913-102737-2.jpg,3,Parthenium
20171218-104722-3.jpg,8,Negative
20170920-160332-3.jpg,2,Parkinsonia
20170210-150711-0.jpg,0,Chinee apple
20170920-112247-2.jpg,2,Parkinsonia
20180112-083406-1.jpg,8,Negative
20180119-105435-1.jpg,8,Negative
20171217-184352-2.jpg,8,Negative
20171113-092047-1.jpg,5,Rubber vine
20170727-113014-1.jpg,4,Prickly acacia
20171201-120438-1.jpg,8,Negative
20170920-095943-2.jpg,2,Parkinsonia
20171113-124222-3.jpg,6,Siam weed
20170920-171023-3.jpg,2,Parkinsonia
20180105-092538-2.jpg,8,Negative
20170630-151508-0.jpg,7,Snake weed
20180105-093622-2.jpg,8,Negative
20171121-072610-1.jpg,6,Siam weed
20170210-131833-0.jpg,7,Snake weed
20171109-085929-2.jpg,5,Rubber vine
20180109-074614-1.jpg,8,Negative
20180322-115939-2.jpg,8,Negative
20170811-134054-1.jpg,0,Chinee apple
20171218-111435-2.jpg,8,Negative
20170728-153247-1.jpg,4,Prickly acacia
20171220-090203-2.jpg,8,Negative
20180112-102450-1.jpg,8,Negative
20171219-095558-2.jpg,8,Negative
20180322-103015-1.jpg,8,Negative
20180125-133300-3.jpg,8,Negative
20170714-170146-1.jpg,1,Lantana
20170811-133610-1.jpg,0,Chinee apple
20170728-120936-2.jpg,4,Prickly acacia
20180125-134115-3.jpg,8,Negative
20171102-094158-2.jpg,4,Prickly acacia
20180125-130816-2.jpg,8,Negative
20171121-091635-1.jpg,6,Siam weed
20170217-143520-0.jpg,7,Snake weed
20171220-082827-2.jpg,8,Negative
20171219-104718-2.jpg,8,Negative
20170129-102525-0.jpg,8,Negative
20170128-103458-0.jpg,8,Negative
20171220-090512-2.jpg,8,Negative
20171219-105920-2.jpg,8,Negative
20170920-160003-3.jpg,2,Parkinsonia
20171218-122036-2.jpg,8,Negative
20171113-141700-2.jpg,6,Siam weed
20170920-185231-1.jpg,2,Parkinsonia
20170729-090103-1.jpg,4,Prickly acacia
20170920-111937-2.jpg,2,Parkinsonia
20180109-094656-2.jpg,8,Negative
20170729-092854-1.jpg,4,Prickly acacia
20171203-170504-3.jpg,8,Negative
20170913-103916-3.jpg,5,Rubber vine
20171121-090353-3.jpg,6,Siam weed
20171102-102737-3.jpg,2,Parkinsonia
20170714-133313-1.jpg,1,Lantana
20180322-120807-2.jpg,8,Negative
20170727-135756-1.jpg,4,Prickly acacia
20171220-084136-3.jpg,8,Negative
20180109-071343-2.jpg,8,Negative
20171205-141004-2.jpg,8,Negative
20180112-072901-2.jpg,8,Negative
20170811-114115-2.jpg,0,Chinee apple
20170727-163104-2.jpg,4,Prickly acacia
20170714-110934-1.jpg,1,Lantana
20171109-072414-3.jpg,5,Rubber vine
20171220-091302-2.jpg,8,Negative
20180109-074704-1.jpg,8,Negative
20171201-115702-1.jpg,8,Negative
20180112-091942-1.jpg,8,Negative
20171219-095804-2.jpg,8,Negative
20171102-122522-1.jpg,2,Parkinsonia
20171109-091412-2.jpg,5,Rubber vine
20180322-102937-2.jpg,8,Negative
20171218-121707-3.jpg,8,Negative
20171109-092856-2.jpg,5,Rubber vine
20170920-172300-1.jpg,2,Parkinsonia
20170906-112251-1.jpg,3,Parthenium
20180109-074438-2.jpg,8,Negative
20170920-171930-1.jpg,2,Parkinsonia
20170610-122556-0.jpg,1,Lantana
20170705-161438-0.jpg,7,Snake weed
20180109-104443-1.jpg,8,Negative
20171218-121011-2.jpg,8,Negative
20170714-130008-1.jpg,1,Lantana
20171102-121538-3.jpg,2,Parkinsonia
20171201-120413-1.jpg,8,Negative
20170804-132738-1.jpg,0,Chinee apple
20171109-090925-1.jpg,5,Rubber vine
20170920-163121-3.jpg,2,Parkinsonia
20180322-121240-2.jpg,8,Negative
20180125-134951-2.jpg,8,Negative
20180105-091524-3.jpg,8,Negative
20180322-121815-2.jpg,8,Negative
20170217-152422-0.jpg,0,Chinee apple
20171218-104033-3.jpg,8,Negative
20170920-113728-2.jpg,2,Parkinsonia
20180322-120848-2.jpg,8,Negative
20171212-102244-3.jpg,8,Negative
20171113-134926-1.jpg,6,Siam weed
20180119-105640-1.jpg,8,Negative
20171220-092831-2.jpg,8,Negative
20170714-142019-3.jpg,1,Lantana
20171102-122732-2.jpg,2,Parkinsonia
20180112-082723-1.jpg,8,Negative
20171121-084723-1.jpg,6,Siam weed
20171113-131307-1.jpg,6,Siam weed
20180105-100415-3.jpg,8,Negative
20180125-131634-2.jpg,8,Negative
20171219-094530-2.jpg,8,Negative
20180112-101202-2.jpg,8,Negative
20170718-133314-2.jpg,7,Snake weed
20171102-120725-1.jpg,2,Parkinsonia
20170727-125137-1.jpg,4,Prickly acacia
20170610-124033-0.jpg,1,Lantana
20180322-125956-1.jpg,8,Negative
20170714-143102-3.jpg,1,Lantana
20180109-075733-2.jpg,8,Negative
20170811-132940-1.jpg,0,Chinee apple
20170727-124910-1.jpg,4,Prickly acacia
20171025-080634-1.jpg,3,Parthenium
20170920-184353-1.jpg,2,Parkinsonia
20171109-093300-1.jpg,5,Rubber vine
20170729-092228-1.jpg,4,Prickly acacia
20171212-103416-3.jpg,8,Negative
20171122-103612-1.jpg,5,Rubber vine
20171218-111151-3.jpg,8,Negative
20170729-091038-1.jpg,4,Prickly acacia
20180109-091402-1.jpg,8,Negative
20180109-104513-2.jpg,8,Negative
20170906-114332-1.jpg,3,Parthenium
20180112-103132-1.jpg,8,Negative
20170610-123133-0.jpg,1,Lantana
20171218-104023-2.jpg,8,Negative
20170920-132152-2.jpg,2,Parkinsonia
20180112-080759-2.jpg,8,Negative
20170728-151858-2.jpg,4,Prickly acacia
20171102-121420-2.jpg,2,Parkinsonia
20170727-165545-3.jpg,4,Prickly acacia
20170706-130402-3.jpg,1,Lantana
20180125-131925-3.jpg,8,Negative
20171113-133014-3.jpg,6,Siam weed
20170728-121118-2.jpg,4,Prickly acacia
20171219-095051-3.jpg,8,Negative
20171025-082237-1.jpg,0,Chinee apple
20171102-093311-2.jpg,4,Prickly acacia
20170315-090727-0.jpg,8,Negative
20171203-164415-3.jpg,8,Negative
20180105-102301-1.jpg,8,Negative
20170610-122734-0.jpg,1,Lantana
20180322-130751-1.jpg,8,Negative
20170714-111501-2.jpg,1,Lantana
20171219-114035-2.jpg,8,Negative
20170501-142900-0.jpg,1,Lantana
20180322-111715-1.jpg,8,Negative
20180119-113355-1.jpg,8,Negative
20170906-105821-1.jpg,3,Parthenium
20180105-094136-3.jpg,8,Negative
20170727-171107-1.jpg,4,Prickly acacia
20180109-102850-2.jpg,8,Negative
20171205-123712-2.jpg,8,Negative
20180112-080137-2.jpg,8,Negative
20170729-090352-2.jpg,4,Prickly acacia
20170811-130552-1.jpg,0,Chinee apple
20180112-072012-1.jpg,8,Negative
20180112-092602-2.jpg,8,Negative
20180125-130149-2.jpg,8,Negative
20170217-151220-0.jpg,0,Chinee apple
20171113-151334-3.jpg,6,Siam weed
20171109-091506-3.jpg,5,Rubber vine
20170715-104352-1.jpg,1,Lantana
20171205-123751-2.jpg,8,Negative
20170711-121008-0.jpg,0,Chinee apple
20171113-115125-1.jpg,6,Siam weed
20171218-113013-3.jpg,8,Negative
20180109-104702-2.jpg,8,Negative
20171205-144945-2.jpg,8,Negative
20180112-082405-1.jpg,8,Negative
20180112-103553-2.jpg,8,Negative
20170315-090811-0.jpg,8,Negative
20170210-132755-0.jpg,0,Chinee apple
20171109-072120-3.jpg,5,Rubber vine
20170126-095308-0.jpg,1,Lantana
20171113-175334-0.jpg,6,Siam weed
20170410-154134-0.jpg,7,Snake weed
20171219-105644-2.jpg,8,Negative
20171220-091742-3.jpg,8,Negative
20180125-101814-1.jpg,8,Negative
20171201-115923-1.jpg,8,Negative
20171109-072524-1.jpg,5,Rubber vine
20180109-105749-2.jpg,8,Negative
20171122-095925-1.jpg,5,Rubber vine
20180109-101318-2.jpg,8,Negative
20171220-084816-3.jpg,8,Negative
20180112-075608-2.jpg,8,Negative
20171109-090139-1.jpg,5,Rubber vine
20170920-114055-3.jpg,2,Parkinsonia
20180112-080611-1.jpg,8,Negative
20180112-101450-1.jpg,8,Negative
20170706-130425-3.jpg,1,Lantana
20171220-100258-1.jpg,8,Negative
20171102-122505-2.jpg,2,Parkinsonia
20170920-132825-2.jpg,2,Parkinsonia
20180105-095047-3.jpg,8,Negative
20170920-120217-2.jpg,2,Parkinsonia
20170727-162936-2.jpg,4,Prickly acacia
20180109-100329-2.jpg,8,Negative
20171025-074425-1.jpg,3,Parthenium
20170920-131038-2.jpg,2,Parkinsonia
20180109-074248-1.jpg,8,Negative
20171205-124724-2.jpg,8,Negative
20171113-142459-0.jpg,6,Siam weed
20180109-075231-2.jpg,8,Negative
20171219-104529-2.jpg,8,Negative
20170217-114614-0.jpg,7,Snake weed
20180112-075718-2.jpg,8,Negative
20170727-165353-1.jpg,4,Prickly acacia
20180112-094240-2.jpg,8,Negative
20170127-101425-0.jpg,1,Lantana
20170727-144707-1.jpg,4,Prickly acacia
20171218-110511-3.jpg,8,Negative
20180322-103854-1.jpg,8,Negative
20180112-081104-2.jpg,8,Negative
20180105-094823-2.jpg,8,Negative
20171212-094122-3.jpg,8,Negative
20180119-113111-1.jpg,8,Negative
20180109-074501-1.jpg,8,Negative
20170920-095853-2.jpg,2,Parkinsonia
20170127-102841-0.jpg,1,Lantana
20170707-110719-0.jpg,8,Negative
20170920-120035-2.jpg,2,Parkinsonia
20180119-105702-1.jpg,8,Negative
20171212-094554-3.jpg,8,Negative
20170127-101203-0.jpg,1,Lantana
20180109-091943-2.jpg,8,Negative
20180322-112902-2.jpg,8,Negative
20171113-140513-2.jpg,6,Siam weed
20171203-174521-3.jpg,8,Negative
20180112-103925-2.jpg,8,Negative
20171218-112121-3.jpg,8,Negative
20170728-150105-1.jpg,4,Prickly acacia
20171212-093408-3.jpg,8,Negative
20170913-101102-3.jpg,5,Rubber vine
20180112-092429-2.jpg,8,Negative
20171219-123625-2.jpg,8,Negative
20180109-095930-2.jpg,8,Negative
20170129-102912-0.jpg,8,Negative
20171102-121852-1.jpg,2,Parkinsonia
20180105-095654-3.jpg,8,Negative
20170727-143021-1.jpg,4,Prickly acacia
20170920-113530-3.jpg,2,Parkinsonia
20170706-110135-0.jpg,7,Snake weed
20171109-090351-2.jpg,5,Rubber vine
20171121-090841-1.jpg,6,Siam weed
20170811-133631-2.jpg,0,Chinee apple
20180109-075410-2.jpg,8,Negative
20170704-155615-0.jpg,7,Snake weed
20170210-132528-0.jpg,0,Chinee apple
20171220-095246-1.jpg,8,Negative
20171205-124515-2.jpg,8,Negative
20180112-075335-2.jpg,8,Negative
20170906-114059-2.jpg,3,Parthenium
20170920-171200-3.jpg,2,Parkinsonia
20180112-100852-1.jpg,8,Negative
20170811-125920-1.jpg,0,Chinee apple
20171203-173915-3.jpg,8,Negative
20180112-102331-2.jpg,8,Negative
20171121-073944-1.jpg,6,Siam weed
20170714-110953-1.jpg,1,Lantana
20170729-093119-1.jpg,4,Prickly acacia
20171113-134032-1.jpg,6,Siam weed
20171109-093307-3.jpg,5,Rubber vine
20180125-092148-2.jpg,8,Negative
20180119-110148-2.jpg,8,Negative
20170718-132436-2.jpg,7,Snake weed
20170217-121035-0.jpg,0,Chinee apple
20170906-135640-2.jpg,3,Parthenium
20170714-141802-2.jpg,1,Lantana
20180112-071201-2.jpg,8,Negative
20180322-132146-1.jpg,8,Negative
20171113-135117-1.jpg,6,Siam weed
20171220-084534-2.jpg,8,Negative
20180119-105113-1.jpg,8,Negative
20180109-105136-2.jpg,8,Negative
20171113-093033-1.jpg,5,Rubber vine
20171113-123510-3.jpg,6,Siam weed
20170217-120307-0.jpg,0,Chinee apple
20180109-075640-2.jpg,8,Negative
20170913-104750-1.jpg,3,Parthenium
20180125-134850-3.jpg,8,Negative
20180112-082823-1.jpg,8,Negative
20180112-092436-1.jpg,8,Negative
20180109-104218-2.jpg,8,Negative
20170920-192834-1.jpg,2,Parkinsonia
20180105-101248-2.jpg,8,Negative
20171109-085448-2.jpg,5,Rubber vine
20180105-101947-2.jpg,8,Negative
20170704-154257-0.jpg,7,Snake weed
20171121-090623-3.jpg,6,Siam weed
20170727-150343-3.jpg,4,Prickly acacia
20171203-174841-3.jpg,8,Negative
20171219-100344-2.jpg,8,Negative
20171025-100447-2.jpg,3,Parthenium
20171220-092648-3.jpg,8,Negative
20170705-164850-0.jpg,7,Snake weed
20170718-132323-2.jpg,7,Snake weed
20170811-104527-1.jpg,0,Chinee apple
20170714-190227-1.jpg,1,Lantana
20171205-123859-2.jpg,8,Negative
20170803-131501-1.jpg,0,Chinee apple
20171220-094750-1.jpg,8,Negative
20171109-092448-1.jpg,5,Rubber vine
20180112-100712-2.jpg,8,Negative
20170522-093434-0.jpg,1,Lantana
20171121-084450-2.jpg,6,Siam weed
20171109-071623-1.jpg,5,Rubber vine
20170705-165122-0.jpg,7,Snake weed
20171205-143214-2.jpg,8,Negative
20171218-114652-3.jpg,8,Negative
20170913-095750-1.jpg,3,Parthenium
20170913-122153-3.jpg,3,Parthenium
20180109-104850-1.jpg,8,Negative
20170714-170049-1.jpg,1,Lantana
20180112-073319-2.jpg,8,Negative
20170210-133114-0.jpg,0,Chinee apple
20170920-133501-2.jpg,2,Parkinsonia
20180112-070836-2.jpg,8,Negative
20161207-112255-0.jpg,0,Chinee apple
20171220-092121-2.jpg,8,Negative
20171220-082755-2.jpg,8,Negative
20170217-104125-0.jpg,0,Chinee apple
20180112-072933-2.jpg,8,Negative
20171025-074833-3.jpg,3,Parthenium
20171220-092718-3.jpg,8,Negative
20170920-185416-1.jpg,2,Parkinsonia
20170920-102052-2.jpg,2,Parkinsonia
20170410-153845-0.jpg,0,Chinee apple
20171220-082436-2.jpg,8,Negative
20180322-132846-1.jpg,8,Negative
20180109-110050-2.jpg,8,Negative
20180109-071616-2.jpg,8,Negative
20170315-090650-0.jpg,8,Negative
20170906-113809-1.jpg,3,Parthenium
20180105-095012-2.jpg,8,Negative
20180109-090005-2.jpg,8,Negative
20170811-111212-1.jpg,0,Chinee apple
20171220-091831-3.jpg,8,Negative
20171113-145604-3.jpg,6,Siam weed
20180109-074800-1.jpg,8,Negative
20171025-080008-3.jpg,3,Parthenium
20180112-072649-2.jpg,8,Negative
20180109-070742-1.jpg,8,Negative
20171113-144706-1.jpg,6,Siam weed
20170920-184447-1.jpg,2,Parkinsonia
20180109-095634-1.jpg,8,Negative
20180125-100457-1.jpg,8,Negative
20171212-105237-3.jpg,8,Negative
20171109-090554-1.jpg,5,Rubber vine
20180105-101809-2.jpg,8,Negative
20170704-151522-0.jpg,0,Chinee apple
20171212-094538-3.jpg,8,Negative
20180109-104541-1.jpg,8,Negative
20170707-111610-0.jpg,7,Snake weed
20171102-120956-1.jpg,2,Parkinsonia
20170920-115556-2.jpg,2,Parkinsonia
20171102-100710-2.jpg,4,Prickly acacia
20170811-134449-2.jpg,0,Chinee apple
20171109-071156-3.jpg,5,Rubber vine
20171212-093052-3.jpg,8,Negative
20171025-092025-1.jpg,3,Parthenium
20180109-071820-2.jpg,8,Negative
20180119-115033-1.jpg,8,Negative
20180109-070103-1.jpg,8,Negative
20180125-134356-2.jpg,8,Negative
20180125-100845-1.jpg,8,Negative
20180322-104533-1.jpg,8,Negative
20171109-093232-1.jpg,5,Rubber vine
20180109-072813-2.jpg,8,Negative
20170127-102059-0.jpg,1,Lantana
20171102-103416-3.jpg,2,Parkinsonia
20170728-120605-2.jpg,4,Prickly acacia
20180105-104735-1.jpg,8,Negative
20171220-094843-1.jpg,8,Negative
20180109-080350-1.jpg,8,Negative
20170811-133741-2.jpg,0,Chinee apple
20170913-122837-3.jpg,3,Parthenium
20171220-090436-2.jpg,8,Negative
20180322-113332-1.jpg,8,Negative
20180125-130430-3.jpg,8,Negative
20180112-104112-2.jpg,8,Negative
20180109-072341-1.jpg,8,Negative
20171219-105848-2.jpg,8,Negative
20171220-095021-1.jpg,8,Negative
20170630-154427-0.jpg,7,Snake weed
20171220-083228-2.jpg,8,Negative
20171218-111445-3.jpg,8,Negative
20171102-122851-3.jpg,2,Parkinsonia
20170718-101208-2.jpg,0,Chinee apple
20171121-072543-1.jpg,6,Siam weed
20171219-112135-3.jpg,8,Negative
20180109-074924-1.jpg,8,Negative
20170630-152238-0.jpg,7,Snake weed
20171025-083151-3.jpg,7,Snake weed
20170727-113228-3.jpg,4,Prickly acacia
20171218-120252-2.jpg,8,Negative
20170920-175548-1.jpg,4,Prickly acacia
20170210-131908-0.jpg,7,Snake weed
20180105-101610-2.jpg,8,Negative
20180119-115245-1.jpg,8,Negative
20170704-151051-0.jpg,8,Negative
20180105-104451-1.jpg,8,Negative
20170913-124114-1.jpg,5,Rubber vine
20170714-135127-2.jpg,1,Lantana
20170714-111100-1.jpg,1,Lantana
20171025-095809-1.jpg,3,Parthenium
20180322-130234-1.jpg,8,Negative
20180109-074430-1.jpg,8,Negative
20171109-091615-1.jpg,5,Rubber vine
20170705-165013-0.jpg,7,Snake weed
20170913-100746-1.jpg,3,Parthenium
20170210-130830-0.jpg,7,Snake weed
20171203-172907-3.jpg,8,Negative
20170210-131712-0.jpg,7,Snake weed
20170210-131731-0.jpg,0,Chinee apple
20170217-111120-0.jpg,0,Chinee apple
20180109-100036-1.jpg,8,Negative
20170913-123351-2.jpg,5,Rubber vine
20180109-070932-2.jpg,8,Negative
20170920-115442-3.jpg,2,Parkinsonia
20171217-183516-2.jpg,8,Negative
20170728-122222-2.jpg,4,Prickly acacia
20160928-142110-0.jpg,0,Chinee apple
20171219-094406-3.jpg,8,Negative
20170501-144221-0.jpg,1,Lantana
20180105-095219-2.jpg,8,Negative
20170610-121913-0.jpg,1,Lantana
20171113-142412-2.jpg,6,Siam weed
20171220-090154-3.jpg,8,Negative
20171113-134550-1.jpg,6,Siam weed
20170207-154046-0.jpg,0,Chinee apple
20171121-083431-1.jpg,6,Siam weed
20171203-170858-3.jpg,8,Negative
20171113-171158-0.jpg,6,Siam weed
20171025-081141-2.jpg,3,Parthenium
20180112-103053-1.jpg,8,Negative
20170920-110803-3.jpg,2,Parkinsonia
20171220-083853-2.jpg,8,Negative
20180109-091353-2.jpg,8,Negative
20171220-083007-2.jpg,8,Negative
20170410-124359-0.jpg,0,Chinee apple
20180322-103658-2.jpg,8,Negative
20171102-100343-2.jpg,8,Negative
20170729-153355-3.jpg,4,Prickly acacia
20170217-095357-0.jpg,7,Snake weed
20170718-100130-2.jpg,0,Chinee apple
20170718-132551-2.jpg,7,Snake weed
20171205-141224-2.jpg,8,Negative
20171212-104939-3.jpg,8,Negative
20171102-121155-1.jpg,2,Parkinsonia
20171220-095341-2.jpg,8,Negative
20180105-095527-2.jpg,8,Negative
20170711-120923-0.jpg,0,Chinee apple
20180109-092404-2.jpg,8,Negative
20171219-094000-2.jpg,8,Negative
20170207-142242-0.jpg,7,Snake weed
20171113-103939-0.jpg,6,Siam weed
20180125-135536-3.jpg,8,Negative
20171212-093216-3.jpg,8,Negative
20170727-145441-3.jpg,4,Prickly acacia
20171220-084046-3.jpg,8,Negative
20170714-112620-2.jpg,1,Lantana
20170920-093829-1.jpg,2,Parkinsonia
20180119-110957-2.jpg,8,Negative
20171113-144155-2.jpg,6,Siam weed
20180119-113528-1.jpg,8,Negative
20171113-121324-3.jpg,6,Siam weed
20170630-153729-0.jpg,7,Snake weed
20170811-122609-2.jpg,0,Chinee apple
20170714-120146-3.jpg,1,Lantana
20180322-113010-2.jpg,8,Negative
20171218-115503-3.jpg,8,Negative
20180109-070126-2.jpg,8,Negative
20171025-094956-2.jpg,3,Parthenium
20170913-101140-3.jpg,5,Rubber vine
20171219-111914-3.jpg,8,Negative
20170129-103106-0.jpg,8,Negative
20170627-105017-0.jpg,7,Snake weed
20170714-111253-1.jpg,1,Lantana
20171025-095741-1.jpg,3,Parthenium
20171212-103853-3.jpg,8,Negative
20171220-092323-2.jpg,8,Negative
20180112-072047-2.jpg,8,Negative
20170920-181257-1.jpg,2,Parkinsonia
20170811-155215-2.jpg,0,Chinee apple
20170714-185950-1.jpg,1,Lantana
20170913-103119-3.jpg,5,Rubber vine
20170128-104035-0.jpg,8,Negative
20170920-185054-1.jpg,2,Parkinsonia
20171205-123507-2.jpg,8,Negative
20180109-105756-2.jpg,8,Negative
20180119-113106-2.jpg,8,Negative
20180112-073212-1.jpg,8,Negative
20170913-100454-3.jpg,5,Rubber vine
20170304-124944-0.jpg,0,Chinee apple
20180322-114721-2.jpg,8,Negative
20170714-140142-3.jpg,1,Lantana
20171218-120226-2.jpg,8,Negative
20170729-093155-1.jpg,4,Prickly acacia
20171113-142730-3.jpg,6,Siam weed
20170630-154510-0.jpg,7,Snake weed
20180109-085337-1.jpg,8,Negative
20180109-103511-2.jpg,8,Negative
20170410-124438-0.jpg,0,Chinee apple
20171113-134801-1.jpg,6,Siam weed
20180105-091522-2.jpg,8,Negative
20180109-074237-1.jpg,8,Negative
20170304-125343-0.jpg,0,Chinee apple
20171219-105039-3.jpg,8,Negative
20171025-082301-2.jpg,3,Parthenium
20180125-131900-3.jpg,8,Negative
20171113-135412-3.jpg,6,Siam weed
20171217-184054-2.jpg,8,Negative
20170705-162153-0.jpg,7,Snake weed
20171113-095737-1.jpg,5,Rubber vine
20170920-190943-1.jpg,2,Parkinsonia
20180125-091618-2.jpg,8,Negative
20171219-110229-2.jpg,8,Negative
20180322-112839-1.jpg,8,Negative
20180109-085426-1.jpg,8,Negative
20180112-071741-2.jpg,8,Negative
20180112-102950-1.jpg,8,Negative
20171122-102148-1.jpg,5,Rubber vine
20170913-101202-1.jpg,3,Parthenium
20171220-091321-2.jpg,8,Negative
20170610-122128-0.jpg,1,Lantana
20180119-113900-2.jpg,8,Negative
20180125-123215-2.jpg,8,Negative
20180109-090415-1.jpg,8,Negative
20171025-093406-2.jpg,3,Parthenium
20170706-113305-0.jpg,7,Snake weed
20180105-094335-3.jpg,8,Negative
20170727-112828-1.jpg,4,Prickly acacia
20170127-102912-0.jpg,1,Lantana
20171109-095501-3.jpg,5,Rubber vine
20180109-085554-1.jpg,8,Negative
20180109-103216-1.jpg,8,Negative
20170906-112124-1.jpg,3,Parthenium
20170704-151310-0.jpg,7,Snake weed
20170210-132227-0.jpg,0,Chinee apple
20171220-085256-2.jpg,8,Negative
20170714-141357-3.jpg,1,Lantana
20171219-112938-2.jpg,8,Negative
20171025-075432-1.jpg,3,Parthenium
20171113-112552-0.jpg,6,Siam weed
20180322-112417-2.jpg,8,Negative
20170920-164431-3.jpg,2,Parkinsonia
20180112-072953-2.jpg,8,Negative
20171102-122956-3.jpg,2,Parkinsonia
20180125-092609-1.jpg,8,Negative
20171218-105000-2.jpg,8,Negative
20170728-153559-1.jpg,4,Prickly acacia
20170920-134406-2.jpg,2,Parkinsonia
20180125-093527-1.jpg,8,Negative
20170728-152216-1.jpg,4,Prickly acacia
20180109-094555-2.jpg,8,Negative
20170705-161117-0.jpg,7,Snake weed
20171220-094609-1.jpg,8,Negative
20171205-143306-2.jpg,8,Negative
20170920-132601-2.jpg,2,Parkinsonia
20180112-072323-1.jpg,8,Negative
20171113-141305-2.jpg,6,Siam weed
20170207-142613-0.jpg,7,Snake weed
20171205-141003-2.jpg,8,Negative
20171109-072002-1.jpg,5,Rubber vine
20180119-113550-2.jpg,8,Negative
20171220-084920-2.jpg,8,Negative
20180109-072904-2.jpg,8,Negative
20171220-093129-2.jpg,8,Negative
20170129-102922-0.jpg,8,Negative
20170210-130921-0.jpg,7,Snake weed
20180109-103902-1.jpg,8,Negative
20170913-115812-2.jpg,5,Rubber vine
20171203-165418-3.jpg,8,Negative
20170728-125424-2.jpg,4,Prickly acacia
20170811-131217-1.jpg,0,Chinee apple
20180125-092203-1.jpg,8,Negative
20180125-135041-3.jpg,8,Negative
20171109-072302-3.jpg,5,Rubber vine
20170727-151835-1.jpg,4,Prickly acacia
20180112-081011-2.jpg,8,Negative
20180119-105242-2.jpg,8,Negative
20170501-145253-0.jpg,8,Negative
20180109-101515-2.jpg,8,Negative
20170727-155617-1.jpg,4,Prickly acacia
20180112-082857-1.jpg,8,Negative
20171025-082625-2.jpg,3,Parthenium
20180105-100054-3.jpg,8,Negative
20170906-115312-1.jpg,3,Parthenium
20171109-074528-3.jpg,5,Rubber vine
20171102-100516-2.jpg,4,Prickly acacia
20170714-140644-1.jpg,1,Lantana
20171220-084751-3.jpg,8,Negative
20170913-105303-1.jpg,3,Parthenium
20180105-093944-3.jpg,8,Negative
20180125-092219-2.jpg,8,Negative
20171109-074022-3.jpg,5,Rubber vine
20170217-143939-0.jpg,7,Snake weed
20170913-103658-1.jpg,3,Parthenium
20171205-123739-2.jpg,8,Negative
20180119-114542-1.jpg,8,Negative
20171219-094535-3.jpg,8,Negative
20170920-185637-1.jpg,2,Parkinsonia
20171219-113700-3.jpg,8,Negative
20180322-112139-1.jpg,8,Negative
20171025-080953-1.jpg,3,Parthenium
20171220-095519-2.jpg,8,Negative
20170714-122308-3.jpg,1,Lantana
20170920-184331-1.jpg,2,Parkinsonia
20171025-095320-1.jpg,3,Parthenium
20171219-113419-2.jpg,8,Negative
20170718-132625-2.jpg,7,Snake weed
20180109-103632-2.jpg,8,Negative
20180125-092228-1.jpg,8,Negative
20180109-094650-1.jpg,8,Negative
20180105-094049-3.jpg,8,Negative
20171109-071756-1.jpg,5,Rubber vine
20180112-100555-2.jpg,8,Negative
20171212-102310-3.jpg,8,Negative
20170920-110820-3.jpg,2,Parkinsonia
20170304-132619-0.jpg,7,Snake weed
20171203-174330-3.jpg,8,Negative
20170920-181224-1.jpg,2,Parkinsonia
20171102-093817-1.jpg,4,Prickly acacia
20171102-121548-2.jpg,2,Parkinsonia
20180125-133206-2.jpg,8,Negative
20170210-131355-0.jpg,7,Snake weed
20180322-104839-1.jpg,8,Negative
20171025-074629-3.jpg,7,Snake weed
20171109-195038-1.jpg,5,Rubber vine
20180109-110201-2.jpg,8,Negative
20171218-104510-3.jpg,8,Negative
20171219-113518-2.jpg,8,Negative
20171113-133827-3.jpg,6,Siam weed
20170714-143003-2.jpg,1,Lantana
20170714-115400-2.jpg,1,Lantana
20171113-140310-1.jpg,6,Siam weed
20170718-132145-2.jpg,0,Chinee apple
20170728-154236-1.jpg,4,Prickly acacia
20171218-112240-3.jpg,8,Negative
20171217-183714-2.jpg,8,Negative
20171025-074040-1.jpg,3,Parthenium
20171121-084059-1.jpg,6,Siam weed
20180109-090424-2.jpg,8,Negative
20171109-091008-1.jpg,5,Rubber vine
20170217-100602-0.jpg,7,Snake weed
20170210-131858-0.jpg,0,Chinee apple
20170207-142652-0.jpg,7,Snake weed
20171109-070819-3.jpg,5,Rubber vine
20171025-090501-2.jpg,3,Parthenium
20180112-082134-1.jpg,8,Negative
20171203-170848-3.jpg,8,Negative
20180322-112145-2.jpg,8,Negative
20170728-145927-1.jpg,8,Negative
20170913-104016-3.jpg,5,Rubber vine
20171113-101506-1.jpg,5,Rubber vine
20180125-135244-3.jpg,8,Negative
20171220-085223-2.jpg,8,Negative
20170920-132852-2.jpg,2,Parkinsonia
20170127-101745-0.jpg,1,Lantana
20170630-151347-0.jpg,7,Snake weed
20170728-151937-1.jpg,4,Prickly acacia
20170728-150307-1.jpg,8,Negative
20171113-092005-3.jpg,5,Rubber vine
20170210-131711-0.jpg,0,Chinee apple
20171217-185029-2.jpg,8,Negative
20171218-103654-2.jpg,8,Negative
20171219-105822-2.jpg,8,Negative
20180119-105834-1.jpg,8,Negative
20180112-093616-2.jpg,8,Negative
20180109-105859-1.jpg,8,Negative
20171218-105222-2.jpg,8,Negative
20180109-085326-2.jpg,8,Negative
20180109-103127-2.jpg,8,Negative
20170727-163932-3.jpg,4,Prickly acacia
20180125-092333-2.jpg,8,Negative
20180112-094830-2.jpg,8,Negative
20171203-172637-3.jpg,8,Negative
20171219-113557-2.jpg,8,Negative
20170811-135001-2.jpg,0,Chinee apple
20170727-140052-1.jpg,4,Prickly acacia
20180112-081428-2.jpg,8,Negative
20180322-125932-1.jpg,8,Negative
20180322-113332-2.jpg,8,Negative
20180125-095207-2.jpg,8,Negative
20170920-113711-2.jpg,2,Parkinsonia
20171025-091416-1.jpg,3,Parthenium
20171109-070827-1.jpg,5,Rubber vine
20170714-140402-2.jpg,1,Lantana
20180322-112006-1.jpg,8,Negative
20180119-110400-2.jpg,8,Negative
20180119-110042-1.jpg,8,Negative
20171025-074412-2.jpg,3,Parthenium
20171205-144743-2.jpg,8,Negative
20180105-095706-3.jpg,8,Negative
20170920-114832-2.jpg,2,Parkinsonia
20180322-114418-1.jpg,8,Negative
20170727-140158-1.jpg,4,Prickly acacia
20170718-132051-2.jpg,0,Chinee apple
20180105-101700-2.jpg,8,Negative
20180322-133418-1.jpg,8,Negative
20170920-095400-3.jpg,2,Parkinsonia
20170920-184039-1.jpg,2,Parkinsonia
20180322-112526-1.jpg,8,Negative
20180125-101943-2.jpg,8,Negative
20171205-124658-2.jpg,8,Negative
20170630-152604-0.jpg,7,Snake weed
20170728-122142-2.jpg,4,Prickly acacia
20180119-114239-1.jpg,8,Negative
20171109-091016-2.jpg,5,Rubber vine
20180322-114734-2.jpg,8,Negative
20170627-104818-0.jpg,7,Snake weed
20170920-162202-3.jpg,2,Parkinsonia
20171113-143827-3.jpg,6,Siam weed
20171121-084543-1.jpg,6,Siam weed
20171025-092058-1.jpg,3,Parthenium
20171113-141831-2.jpg,6,Siam weed
20170610-122203-0.jpg,1,Lantana
20170727-165114-1.jpg,4,Prickly acacia
20180125-132637-2.jpg,8,Negative
20171218-114742-2.jpg,8,Negative
20170718-094237-2.jpg,0,Chinee apple
20180105-092708-2.jpg,8,Negative
20171219-112027-2.jpg,8,Negative
20171218-105531-3.jpg,8,Negative
20180109-075247-2.jpg,8,Negative
20170207-141751-0.jpg,7,Snake weed
20170906-111809-1.jpg,3,Parthenium
20170728-125356-2.jpg,4,Prickly acacia
20170714-121755-2.jpg,1,Lantana
20180112-071547-2.jpg,8,Negative
20180109-074132-2.jpg,8,Negative
20180109-105851-1.jpg,8,Negative
20171025-081635-2.jpg,3,Parthenium
20171219-095551-3.jpg,8,Negative
20170501-145809-0.jpg,8,Negative
20180109-095245-1.jpg,8,Negative
20180112-082639-1.jpg,8,Negative
20170906-110414-1.jpg,3,Parthenium
20170920-140120-2.jpg,2,Parkinsonia
20170127-102455-0.jpg,1,Lantana
20171220-094506-2.jpg,8,Negative
20170727-143556-3.jpg,4,Prickly acacia
20171219-111957-3.jpg,8,Negative
20171113-145843-1.jpg,6,Siam weed
20171122-104102-1.jpg,5,Rubber vine
20170705-163451-0.jpg,7,Snake weed
20170728-124604-3.jpg,4,Prickly acacia
20170728-123804-2.jpg,4,Prickly acacia
20171218-105153-3.jpg,8,Negative
20170727-112625-3.jpg,4,Prickly acacia
20171205-144029-2.jpg,8,Negative
20171218-120337-3.jpg,8,Negative
20180105-103614-2.jpg,8,Negative
20171113-140237-2.jpg,6,Siam weed
20180322-131858-1.jpg,8,Negative
20180112-100602-1.jpg,8,Negative
20171219-104323-3.jpg,8,Negative
20170714-150319-1.jpg,1,Lantana
20180109-101059-1.jpg,8,Negative
20171113-141151-2.jpg,6,Siam weed
20180112-074810-1.jpg,8,Negative
20180109-102800-1.jpg,8,Negative
20171113-132125-1.jpg,6,Siam weed
20170217-114015-0.jpg,0,Chinee apple
20180109-094655-2.jpg,8,Negative
20180109-073133-1.jpg,8,Negative
20180322-121057-2.jpg,8,Negative
20180109-101349-2.jpg,8,Negative
20171109-090741-3.jpg,5,Rubber vine
20180105-091609-2.jpg,8,Negative
20180125-131027-2.jpg,8,Negative
20180322-113220-2.jpg,8,Negative
20171109-194851-1.jpg,5,Rubber vine
20180109-091548-2.jpg,8,Negative
20170811-114903-1.jpg,0,Chinee apple
20171121-084307-1.jpg,6,Siam weed
20170210-141909-0.jpg,7,Snake weed
20170705-161056-0.jpg,7,Snake weed
20171219-112229-2.jpg,8,Negative
20180125-100815-2.jpg,8,Negative
20171121-101146-1.jpg,6,Siam weed
20170728-120342-2.jpg,4,Prickly acacia
20170715-160631-1.jpg,1,Lantana
20180109-085616-2.jpg,7,Snake weed
20170913-103238-2.jpg,3,Parthenium
20171025-101023-1.jpg,3,Parthenium
20171121-071855-1.jpg,6,Siam weed
20171113-132058-1.jpg,6,Siam weed
20170920-191009-1.jpg,2,Parkinsonia
20171218-104344-3.jpg,8,Negative
20170501-144655-0.jpg,8,Negative
20170217-102111-0.jpg,0,Chinee apple
20180125-092957-1.jpg,8,Negative
20180105-094917-3.jpg,8,Negative
20170920-114046-3.jpg,2,Parkinsonia
20180112-075611-2.jpg,8,Negative
20180322-115157-2.jpg,8,Negative
20170127-102141-0.jpg,1,Lantana
20170127-103304-0.jpg,1,Lantana
20171113-132416-3.jpg,6,Siam weed
20171113-093641-3.jpg,5,Rubber vine
20180322-132753-1.jpg,8,Negative
20170729-091808-1.jpg,4,Prickly acacia
20171205-134345-2.jpg,8,Negative
20171218-110926-2.jpg,8,Negative
20170714-112930-2.jpg,1,Lantana
20171025-095049-3.jpg,3,Parthenium
20170706-105355-0.jpg,8,Negative
20180109-074410-1.jpg,8,Negative
20170811-125945-1.jpg,0,Chinee apple
20180109-090155-2.jpg,8,Negative
20170129-103921-0.jpg,8,Negative
20170913-104702-2.jpg,3,Parthenium
20180119-114107-1.jpg,8,Negative
20170129-102105-0.jpg,8,Negative
20180322-103436-1.jpg,8,Negative
20180112-101525-2.jpg,8,Negative
20180112-103220-1.jpg,8,Negative
20171220-090324-3.jpg,8,Negative
20170913-155252-3.jpg,3,Parthenium
20171113-132205-3.jpg,6,Siam weed
20170714-143648-1.jpg,1,Lantana
20171025-090309-2.jpg,3,Parthenium
20170405-155554-0.jpg,0,Chinee apple
20171219-123652-2.jpg,8,Negative
20180109-072147-1.jpg,8,Negative
20180125-134840-2.jpg,8,Negative
20180112-092219-1.jpg,8,Negative
20171205-141347-2.jpg,8,Negative
20180109-085417-1.jpg,8,Negative
20171113-095154-1.jpg,5,Rubber vine
20170210-130357-0.jpg,7,Snake weed
20170920-191834-1.jpg,2,Parkinsonia
20171205-134359-2.jpg,8,Negative
20180105-095536-2.jpg,8,Negative
20170920-132106-2.jpg,2,Parkinsonia
20180112-072107-2.jpg,8,Negative
20180112-093921-1.jpg,8,Negative
20171025-074230-3.jpg,3,Parthenium
20170727-114409-3.jpg,4,Prickly acacia
20170129-103005-0.jpg,8,Negative
20171220-092538-3.jpg,8,Negative
20180322-113726-2.jpg,8,Negative
20170727-171307-1.jpg,4,Prickly acacia
20170913-095638-2.jpg,3,Parthenium
20171218-115146-3.jpg,8,Negative
20170129-102354-0.jpg,8,Negative
20180125-100559-2.jpg,8,Negative
20180125-131845-2.jpg,8,Negative
20171219-112533-3.jpg,8,Negative
20170610-122844-0.jpg,1,Lantana
20171212-105341-3.jpg,8,Negative
20180112-081617-2.jpg,8,Negative
20170727-144945-1.jpg,4,Prickly acacia
20170715-154511-1.jpg,1,Lantana
20171025-075059-2.jpg,3,Parthenium
20171025-093332-1.jpg,3,Parthenium
20180112-102837-2.jpg,8,Negative
20170811-125110-2.jpg,0,Chinee apple
20180125-133324-2.jpg,8,Negative
20171220-091206-2.jpg,8,Negative
20170729-085926-1.jpg,4,Prickly acacia
20171212-103826-3.jpg,8,Negative
20170217-150807-0.jpg,0,Chinee apple
20180109-100617-1.jpg,8,Negative
20170920-160634-3.jpg,2,Parkinsonia
20180322-111955-2.jpg,8,Negative
20170906-114301-1.jpg,3,Parthenium
20171220-082623-2.jpg,8,Negative
20170920-100048-2.jpg,2,Parkinsonia
20170217-111024-0.jpg,0,Chinee apple
20180119-115339-2.jpg,8,Negative
20170704-155454-0.jpg,7,Snake weed
20180109-103247-2.jpg,8,Negative
20171218-110139-3.jpg,8,Negative
20170728-153614-1.jpg,8,Negative
20170714-135146-3.jpg,1,Lantana
20180112-073347-1.jpg,8,Negative
20170501-143416-0.jpg,1,Lantana
20180109-090914-2.jpg,8,Negative
20170718-102144-2.jpg,7,Snake weed
20180125-135145-2.jpg,8,Negative
20180322-105440-1.jpg,8,Negative
20180125-102104-1.jpg,8,Negative
20180125-133912-3.jpg,8,Negative
20171220-092636-2.jpg,8,Negative
20170404-153820-0.jpg,7,Snake weed
20180112-071550-2.jpg,8,Negative
20171109-071800-3.jpg,5,Rubber vine
20170715-130024-1.jpg,1,Lantana
20171219-093807-2.jpg,8,Negative
20171122-095852-1.jpg,5,Rubber vine
20170920-112746-3.jpg,2,Parkinsonia
20180125-131611-2.jpg,8,Negative
20170304-132308-0.jpg,7,Snake weed
20170714-150055-1.jpg,1,Lantana
20170811-131509-2.jpg,0,Chinee apple
20171102-120012-1.jpg,2,Parkinsonia
20171102-100310-2.jpg,4,Prickly acacia
20180112-071617-2.jpg,8,Negative
20171109-095516-2.jpg,5,Rubber vine
20171219-093341-3.jpg,8,Negative
20170920-164019-3.jpg,2,Parkinsonia
20171220-100351-2.jpg,8,Negative
20171109-194734-1.jpg,5,Rubber vine
20161207-111654-0.jpg,0,Chinee apple
20170718-132125-2.jpg,7,Snake weed
20170906-113428-2.jpg,3,Parthenium
20170729-153129-3.jpg,4,Prickly acacia
20171219-093013-2.jpg,8,Negative
20171218-110656-3.jpg,8,Negative
20170210-132252-0.jpg,0,Chinee apple
20170913-124549-3.jpg,5,Rubber vine
20171219-100301-3.jpg,8,Negative
20171109-194700-1.jpg,5,Rubber vine
20180322-105352-1.jpg,8,Negative
20180322-114927-2.jpg,8,Negative
20180119-114232-2.jpg,8,Negative
20171109-074907-1.jpg,5,Rubber vine
20170715-114504-1.jpg,1,Lantana
20180112-074444-2.jpg,8,Negative
20170711-114508-0.jpg,7,Snake weed
20180112-093134-2.jpg,8,Negative
20180322-131925-1.jpg,8,Negative
20170127-101822-0.jpg,1,Lantana
20171218-120106-2.jpg,8,Negative
20171025-094904-3.jpg,3,Parthenium
20170727-125752-3.jpg,4,Prickly acacia
20171203-170148-3.jpg,8,Negative
20171205-142930-2.jpg,8,Negative
20180112-072319-2.jpg,8,Negative
20170705-161515-0.jpg,7,Snake weed
20171219-101052-2.jpg,8,Negative
20171121-072941-1.jpg,6,Siam weed
20170920-094446-1.jpg,2,Parkinsonia
20180112-081206-1.jpg,8,Negative
20180105-100350-2.jpg,8,Negative
20170714-135441-2.jpg,1,Lantana
20171109-085941-1.jpg,5,Rubber vine
20170715-164442-1.jpg,1,Lantana
20180112-104259-2.jpg,8,Negative
20180109-091218-2.jpg,8,Negative
20171025-080751-2.jpg,3,Parthenium
20180109-104652-2.jpg,8,Negative
20171109-073524-1.jpg,5,Rubber vine
20171203-174040-3.jpg,8,Negative
20180105-093439-2.jpg,8,Negative
20170913-122435-1.jpg,5,Rubber vine
20171205-123653-2.jpg,8,Negative
20180322-130450-1.jpg,8,Negative
20180105-100450-2.jpg,8,Negative
20171220-095003-1.jpg,8,Negative
20180125-092017-1.jpg,8,Negative
20170304-130909-0.jpg,7,Snake weed
20171218-112512-3.jpg,8,Negative
20171218-111251-3.jpg,8,Negative
20171218-111452-2.jpg,8,Negative
20170714-142927-3.jpg,1,Lantana
20171203-172918-3.jpg,8,Negative
20170315-085112-0.jpg,8,Negative
20180109-074333-2.jpg,8,Negative
20171212-102803-3.jpg,8,Negative
20180109-080610-2.jpg,8,Negative
20171212-100342-3.jpg,8,Negative
20180322-125116-1.jpg,8,Negative
20171109-092048-1.jpg,5,Rubber vine
20170128-103616-0.jpg,7,Snake weed
20170315-085815-0.jpg,8,Negative
20180112-100832-2.jpg,8,Negative
20171109-070904-3.jpg,5,Rubber vine
20171219-112123-2.jpg,8,Negative
20180112-102927-2.jpg,8,Negative
20170920-114815-3.jpg,2,Parkinsonia
20170913-103956-2.jpg,3,Parthenium
20170920-114223-2.jpg,2,Parkinsonia
20171102-120620-3.jpg,2,Parkinsonia
20180109-073032-1.jpg,8,Negative
20170705-164121-0.jpg,7,Snake weed
20180125-094340-1.jpg,8,Negative
20180322-114119-1.jpg,8,Negative
20180322-111023-2.jpg,8,Negative
20180109-072442-2.jpg,8,Negative
20180119-110208-2.jpg,8,Negative
20171109-085510-2.jpg,5,Rubber vine
20180125-095833-2.jpg,8,Negative
20180125-092839-2.jpg,8,Negative
20180109-103812-2.jpg,8,Negative
20180109-085401-2.jpg,8,Negative
20170718-101956-2.jpg,0,Chinee apple
20170217-115708-0.jpg,0,Chinee apple
20180109-075144-1.jpg,8,Negative
20180125-134522-2.jpg,8,Negative
20170913-122716-1.jpg,5,Rubber vine
20171109-071722-1.jpg,5,Rubber vine
20170727-170217-1.jpg,4,Prickly acacia
20170920-113748-2.jpg,2,Parkinsonia
20171219-114325-3.jpg,8,Negative
20171025-090934-2.jpg,3,Parthenium
20171102-115548-1.jpg,2,Parkinsonia
20170913-101943-2.jpg,3,Parthenium
20170906-113819-2.jpg,3,Parthenium
20171212-105254-3.jpg,8,Negative
20180112-104140-2.jpg,8,Negative
20171219-112133-2.jpg,8,Negative
20180322-103244-1.jpg,8,Negative
20170705-163404-0.jpg,7,Snake weed
20180112-094851-2.jpg,8,Negative
20170728-122307-2.jpg,4,Prickly acacia
20171205-133631-2.jpg,8,Negative
20180112-081634-2.jpg,8,Negative
20180105-101940-2.jpg,8,Negative
20170913-104826-2.jpg,3,Parthenium
20171220-084341-2.jpg,8,Negative
20170210-133912-0.jpg,0,Chinee apple
20171113-140028-1.jpg,6,Siam weed
20171113-095439-1.jpg,5,Rubber vine
20171113-060420-1.jpg,5,Rubber vine
20180109-101513-2.jpg,8,Negative
20170920-100529-1.jpg,2,Parkinsonia
20170217-115351-0.jpg,7,Snake weed
20170610-123555-0.jpg,1,Lantana
20171219-094540-2.jpg,8,Negative
20171219-093144-2.jpg,8,Negative
20171102-120225-2.jpg,2,Parkinsonia
20171219-093904-2.jpg,8,Negative
20180105-101216-2.jpg,8,Negative
20171220-083455-2.jpg,8,Negative
20180109-104108-2.jpg,8,Negative
20170920-110443-2.jpg,2,Parkinsonia
20171113-132119-3.jpg,6,Siam weed
20180109-104503-2.jpg,8,Negative
20170217-115735-0.jpg,0,Chinee apple
20171212-103728-3.jpg,8,Negative
20180105-094007-3.jpg,8,Negative
20180109-090051-2.jpg,8,Negative
20170729-090035-2.jpg,4,Prickly acacia
20170707-115013-0.jpg,7,Snake weed
20171217-103327-2.jpg,8,Negative
20171203-170522-3.jpg,8,Negative
20171219-113342-3.jpg,8,Negative
20170906-095611-1.jpg,3,Parthenium
20171113-102646-1.jpg,5,Rubber vine
20171102-102821-1.jpg,2,Parkinsonia
20171108-130308-3.jpg,5,Rubber vine
20180109-104752-1.jpg,8,Negative
20180105-100429-2.jpg,8,Negative
20171220-100932-2.jpg,8,Negative
20171212-105035-3.jpg,8,Negative
20170210-130701-0.jpg,7,Snake weed
20170410-154446-0.jpg,0,Chinee apple
20171113-115735-3.jpg,6,Siam weed
20180125-132113-3.jpg,8,Negative
20180125-095010-2.jpg,8,Negative
20171113-120134-1.jpg,6,Siam weed
20180109-092523-2.jpg,8,Negative
20171220-093242-2.jpg,8,Negative
20180105-093818-3.jpg,8,Negative
20171113-143030-2.jpg,6,Siam weed
20171109-194200-1.jpg,5,Rubber vine
20171122-104124-1.jpg,5,Rubber vine
20180109-105354-1.jpg,8,Negative
20170217-122313-0.jpg,0,Chinee apple
20170521-153441-0.jpg,1,Lantana
20180125-100024-2.jpg,8,Negative
20170727-144906-1.jpg,4,Prickly acacia
20170610-122657-0.jpg,1,Lantana
20171220-095037-1.jpg,8,Negative
20170705-165213-0.jpg,7,Snake weed
20180119-111015-2.jpg,8,Negative
20171218-104227-2.jpg,8,Negative
20171219-123823-2.jpg,8,Negative
20170728-151411-1.jpg,4,Prickly acacia
20180322-120442-2.jpg,8,Negative
20170630-153511-0.jpg,8,Negative
20170913-104356-3.jpg,5,Rubber vine
20171220-093027-2.jpg,8,Negative
20170711-120856-0.jpg,0,Chinee apple
20170130-102858-0.jpg,1,Lantana
20180112-091525-2.jpg,8,Negative
20171220-090554-2.jpg,8,Negative
20180119-104526-2.jpg,8,Negative
20171203-165027-3.jpg,8,Negative
20180112-092322-2.jpg,8,Negative
20171203-174141-3.jpg,8,Negative
20170714-115632-2.jpg,1,Lantana
20171220-083447-3.jpg,8,Negative
20170610-124003-0.jpg,1,Lantana
20171218-112441-3.jpg,8,Negative
20170906-110832-2.jpg,3,Parthenium
20170811-122706-2.jpg,0,Chinee apple
20180112-075023-2.jpg,8,Negative
20170217-103821-0.jpg,0,Chinee apple
20171109-091324-1.jpg,5,Rubber vine
20180125-130907-2.jpg,8,Negative
20171220-094808-1.jpg,8,Negative
20170728-125031-2.jpg,4,Prickly acacia
20170920-114029-3.jpg,2,Parkinsonia
20171219-114515-2.jpg,8,Negative
20170913-102810-2.jpg,3,Parthenium
20170920-131001-2.jpg,2,Parkinsonia
20170706-105615-0.jpg,7,Snake weed
20171212-100026-3.jpg,8,Negative
20171219-100818-2.jpg,8,Negative
20170210-131230-0.jpg,7,Snake weed
20180322-112424-2.jpg,8,Negative
20171219-112801-2.jpg,8,Negative
20171113-142802-2.jpg,6,Siam weed
20180119-113022-2.jpg,8,Negative
20170704-155122-0.jpg,7,Snake weed
20170217-100246-0.jpg,7,Snake weed
20170714-142424-3.jpg,1,Lantana
20171205-144706-2.jpg,8,Negative
20170610-124114-0.jpg,1,Lantana
20180105-102339-1.jpg,8,Negative
20171220-084206-3.jpg,8,Negative
20171218-122016-2.jpg,8,Negative
20171218-111326-3.jpg,8,Negative
20180112-093427-1.jpg,8,Negative
20171109-085248-2.jpg,5,Rubber vine
20170715-150734-1.jpg,1,Lantana
20171109-073941-1.jpg,5,Rubber vine
20171220-100015-2.jpg,8,Negative
20171220-083810-2.jpg,8,Negative
20170728-151413-1.jpg,8,Negative
20171025-080341-1.jpg,3,Parthenium
20170728-151557-1.jpg,8,Negative
20171219-114402-3.jpg,8,Negative
20170811-114233-2.jpg,0,Chinee apple
20170727-165953-1.jpg,4,Prickly acacia
20171109-090506-2.jpg,5,Rubber vine
20170727-125114-1.jpg,4,Prickly acacia
20170718-132324-2.jpg,7,Snake weed
20180112-073200-1.jpg,8,Negative
20171212-100236-3.jpg,8,Negative
20171220-094736-1.jpg,8,Negative
20180112-103102-1.jpg,8,Negative
20180112-103257-2.jpg,8,Negative
20171217-183522-2.jpg,8,Negative
20171113-135150-0.jpg,6,Siam weed
20170704-153529-0.jpg,8,Negative
20180112-091927-2.jpg,8,Negative
20170727-135848-1.jpg,4,Prickly acacia
20180112-101743-2.jpg,8,Negative
20180125-095644-1.jpg,8,Negative
20171219-094325-3.jpg,8,Negative
20180109-073915-2.jpg,8,Negative
20171102-115533-3.jpg,2,Parkinsonia
20171212-095346-1.jpg,8,Negative
20171203-170753-3.jpg,8,Negative
20180322-102420-2.jpg,8,Negative
20170804-132603-1.jpg,1,Lantana
20180105-095611-3.jpg,8,Negative
20171102-123002-2.jpg,2,Parkinsonia
20170920-111146-2.jpg,2,Parkinsonia
20171220-091642-2.jpg,8,Negative
20180125-134204-2.jpg,8,Negative
20171218-121629-2.jpg,8,Negative
20171203-173658-3.jpg,8,Negative
20180109-105819-2.jpg,8,Negative
20180125-100300-1.jpg,8,Negative
20171025-091758-2.jpg,3,Parthenium
20180105-092012-3.jpg,8,Negative
20170906-135726-1.jpg,3,Parthenium
20180119-113010-1.jpg,8,Negative
20180109-100222-2.jpg,8,Negative
20180119-110902-2.jpg,8,Negative
20180322-130402-1.jpg,8,Negative
20170906-134145-1.jpg,3,Parthenium
20170920-111732-2.jpg,2,Parkinsonia
20180322-130632-1.jpg,8,Negative
20180112-081113-2.jpg,8,Negative
20171113-145329-3.jpg,6,Siam weed
20170728-120534-2.jpg,4,Prickly acacia
20180322-103215-1.jpg,8,Negative
20180109-091434-2.jpg,8,Negative
20180322-112430-2.jpg,8,Negative
20180125-100125-1.jpg,8,Negative
20171218-113245-3.jpg,8,Negative
20180109-080016-1.jpg,8,Negative
20180109-091508-2.jpg,8,Negative
20180109-074243-2.jpg,8,Negative
20180109-110012-2.jpg,8,Negative
20171109-074730-3.jpg,5,Rubber vine
20170913-120303-2.jpg,5,Rubber vine
20180109-090045-1.jpg,8,Negative
20180112-083655-1.jpg,8,Negative
20171102-120924-1.jpg,2,Parkinsonia
20170718-132557-2.jpg,7,Snake weed
20180112-092143-1.jpg,8,Negative
20170210-131615-0.jpg,7,Snake weed
20170714-122340-2.jpg,1,Lantana
20170217-095626-0.jpg,7,Snake weed
20171212-093349-3.jpg,8,Negative
20180109-095231-2.jpg,8,Negative
20180125-131201-2.jpg,8,Negative
20170727-143735-3.jpg,4,Prickly acacia
20171218-110916-2.jpg,8,Negative
20170728-153227-1.jpg,4,Prickly acacia
20171203-170215-3.jpg,8,Negative
20171113-142008-2.jpg,6,Siam weed
20170728-123542-3.jpg,4,Prickly acacia
20170727-154637-1.jpg,4,Prickly acacia
20170728-121519-2.jpg,4,Prickly acacia
20180109-102710-2.jpg,8,Negative
20170706-113203-0.jpg,7,Snake weed
20180109-080707-2.jpg,8,Negative
20171212-095002-3.jpg,8,Negative
20170913-103603-2.jpg,3,Parthenium
20180109-073225-2.jpg,8,Negative
20170410-124947-0.jpg,0,Chinee apple
20170714-122344-3.jpg,1,Lantana
20180125-134612-2.jpg,8,Negative
20171025-082133-3.jpg,3,Parthenium
20170714-135307-3.jpg,1,Lantana
20171113-140619-2.jpg,6,Siam weed
20171113-123630-1.jpg,6,Siam weed
20171102-120320-2.jpg,2,Parkinsonia
20180112-070442-2.jpg,8,Negative
20170501-145743-0.jpg,8,Negative
20170410-154101-0.jpg,0,Chinee apple
20171218-105127-2.jpg,8,Negative
20180109-080000-1.jpg,8,Negative
20171219-105452-3.jpg,8,Negative
20170729-154231-3.jpg,4,Prickly acacia
20180125-094255-2.jpg,8,Negative
20170920-163825-3.jpg,2,Parkinsonia
20171218-121803-3.jpg,8,Negative
20180112-092256-2.jpg,8,Negative
20170728-152054-1.jpg,8,Negative
20180112-081801-1.jpg,8,Negative
20171212-100211-1.jpg,8,Negative
20170811-124947-2.jpg,0,Chinee apple
20180125-101016-2.jpg,8,Negative
20171205-142928-2.jpg,8,Negative
20171205-123819-2.jpg,8,Negative
20180125-101140-2.jpg,8,Negative
20171218-112135-3.jpg,8,Negative
20180322-104138-1.jpg,8,Negative
20180109-091916-2.jpg,8,Negative
20170217-144043-0.jpg,7,Snake weed
20180109-071429-2.jpg,8,Negative
20180112-082327-1.jpg,8,Negative
20170728-120919-2.jpg,4,Prickly acacia
20180322-112821-2.jpg,8,Negative
20171102-122315-2.jpg,2,Parkinsonia
20170706-105522-0.jpg,7,Snake weed
20171220-091457-3.jpg,8,Negative
20170728-150132-1.jpg,4,Prickly acacia
20180109-105113-1.jpg,8,Negative
20180109-105634-1.jpg,8,Negative
20170714-114527-2.jpg,1,Lantana
20180105-095817-2.jpg,8,Negative
20170920-111044-2.jpg,2,Parkinsonia
20180125-131139-2.jpg,8,Negative
20170714-120723-3.jpg,1,Lantana
20170304-131528-0.jpg,7,Snake weed
20180109-071420-1.jpg,8,Negative
20170728-150215-1.jpg,4,Prickly acacia
20180105-100027-3.jpg,8,Negative
20171102-103025-3.jpg,2,Parkinsonia
20170714-165912-1.jpg,1,Lantana
20171025-095541-2.jpg,3,Parthenium
20170906-134745-1.jpg,3,Parthenium
20171025-092653-3.jpg,7,Snake weed
20170811-104301-2.jpg,0,Chinee apple
20180125-100939-1.jpg,8,Negative
20171121-073547-1.jpg,6,Siam weed
20180125-132922-2.jpg,8,Negative
20180125-094408-2.jpg,8,Negative
20170705-162443-0.jpg,7,Snake weed
20171113-151346-3.jpg,6,Siam weed
20171025-095814-2.jpg,3,Parthenium
20170727-112019-3.jpg,4,Prickly acacia
20171102-095326-1.jpg,4,Prickly acacia
20180109-090656-2.jpg,8,Negative
20161207-110730-0.jpg,0,Chinee apple
20171219-114238-2.jpg,8,Negative
20171220-100717-2.jpg,8,Negative
20180109-091121-2.jpg,8,Negative
20170210-141929-0.jpg,7,Snake weed
20180109-100409-2.jpg,8,Negative
20170906-104140-1.jpg,3,Parthenium
20170727-164519-1.jpg,4,Prickly acacia
20170906-114508-1.jpg,3,Parthenium
20171212-094357-1.jpg,8,Negative
20180322-112348-2.jpg,8,Negative
20170920-095433-3.jpg,2,Parkinsonia
20170906-134356-1.jpg,3,Parthenium
20180112-082451-1.jpg,8,Negative
20170715-103111-1.jpg,1,Lantana
20171113-120206-1.jpg,6,Siam weed
20180125-132939-3.jpg,8,Negative
20180109-105926-2.jpg,8,Negative
20180322-113937-1.jpg,8,Negative
20171219-113537-3.jpg,8,Negative
20171113-130402-2.jpg,6,Siam weed
20180109-092355-2.jpg,8,Negative
20171220-094647-1.jpg,8,Negative
20180125-092059-2.jpg,8,Negative
20180119-110709-1.jpg,8,Negative
20170501-143110-0.jpg,1,Lantana
20171219-094706-2.jpg,8,Negative
20171102-100429-2.jpg,4,Prickly acacia
20180112-073746-1.jpg,8,Negative
20170217-100519-0.jpg,7,Snake weed
20180112-075218-2.jpg,8,Negative
20171025-090608-1.jpg,3,Parthenium
20171218-120712-2.jpg,8,Negative
20180112-080950-1.jpg,8,Negative
20171220-091520-3.jpg,8,Negative
20170920-183415-1.jpg,2,Parkinsonia
20170217-095434-0.jpg,7,Snake weed
20171102-120250-2.jpg,2,Parkinsonia
20170304-125226-0.jpg,0,Chinee apple
20180112-081919-2.jpg,8,Negative
20180112-075403-2.jpg,8,Negative
20170728-152850-1.jpg,4,Prickly acacia
20180105-104550-1.jpg,8,Negative
20170811-115102-1.jpg,0,Chinee apple
20171025-074814-3.jpg,3,Parthenium
20180125-101600-1.jpg,8,Negative
20170718-100346-2.jpg,0,Chinee apple
20171212-094240-1.jpg,8,Negative
20170811-130826-2.jpg,0,Chinee apple
20170210-144917-0.jpg,7,Snake weed
20180109-091033-2.jpg,8,Negative
20170920-114204-2.jpg,2,Parkinsonia
20170304-123731-0.jpg,0,Chinee apple
20180112-103345-2.jpg,8,Negative
20170405-155032-0.jpg,0,Chinee apple
20171220-090922-2.jpg,8,Negative
20171219-112256-3.jpg,8,Negative
20170920-113758-3.jpg,2,Parkinsonia
20171102-120219-3.jpg,2,Parkinsonia
20171113-124033-1.jpg,6,Siam weed
20170728-151548-2.jpg,4,Prickly acacia
20171113-100431-3.jpg,5,Rubber vine
20180109-095727-1.jpg,8,Negative
20180105-100429-3.jpg,8,Negative
20170728-122701-3.jpg,4,Prickly acacia
20171109-071611-3.jpg,5,Rubber vine
20161207-112029-0.jpg,0,Chinee apple
20180105-092547-2.jpg,8,Negative
20180112-103151-1.jpg,8,Negative
20171025-095214-2.jpg,3,Parthenium
20171025-074519-2.jpg,3,Parthenium
20171219-105602-2.jpg,8,Negative
20180109-094813-2.jpg,8,Negative
20170811-112755-2.jpg,0,Chinee apple
20180125-135107-3.jpg,8,Negative
20170217-144356-0.jpg,7,Snake weed
20170913-123610-3.jpg,3,Parthenium
20171220-084017-2.jpg,8,Negative
20171025-083028-3.jpg,3,Parthenium
20171121-181146-2.jpg,6,Siam weed
20180112-070159-2.jpg,8,Negative
20170217-145329-0.jpg,7,Snake weed
20171102-123156-1.jpg,2,Parkinsonia
20180105-095858-3.jpg,8,Negative
20170714-142008-2.jpg,1,Lantana
20180109-073243-2.jpg,8,Negative
20170217-113245-0.jpg,0,Chinee apple
20180119-105754-1.jpg,8,Negative
20171113-101236-3.jpg,5,Rubber vine
20170906-110733-2.jpg,3,Parthenium
20180322-103917-2.jpg,8,Negative
20180112-092659-1.jpg,8,Negative
20170913-102036-1.jpg,3,Parthenium
20171109-094215-2.jpg,5,Rubber vine
20170811-162841-1.jpg,0,Chinee apple
20171025-095638-1.jpg,3,Parthenium
20180105-095107-2.jpg,8,Negative
20171025-093847-3.jpg,3,Parthenium
20171201-115805-1.jpg,8,Negative
20171121-084217-2.jpg,6,Siam weed
20180322-125348-1.jpg,8,Negative
20171102-120429-2.jpg,2,Parkinsonia
20170714-134102-1.jpg,1,Lantana
20180119-114247-2.jpg,8,Negative
20180125-132557-3.jpg,8,Negative
20180105-091426-3.jpg,8,Negative
20171121-090649-3.jpg,6,Siam weed
20180125-133410-3.jpg,8,Negative
20171113-141009-2.jpg,6,Siam weed
20180112-093055-1.jpg,8,Negative
20171102-115936-1.jpg,2,Parkinsonia
20180125-135000-3.jpg,8,Negative
20170705-162335-0.jpg,7,Snake weed
20171217-184608-2.jpg,8,Negative
20171025-092802-1.jpg,3,Parthenium
20171109-072742-3.jpg,5,Rubber vine
20170913-124224-1.jpg,5,Rubber vine
20180112-093626-1.jpg,8,Negative
20180112-072514-2.jpg,8,Negative
20171113-120551-1.jpg,6,Siam weed
20171220-101433-2.jpg,8,Negative
20171219-112103-3.jpg,8,Negative
20170811-125051-2.jpg,0,Chinee apple
20171218-112909-3.jpg,8,Negative
20180322-130817-1.jpg,8,Negative
20171220-090814-3.jpg,8,Negative
20171218-122001-2.jpg,8,Negative
20171220-100754-1.jpg,8,Negative
20180322-104337-1.jpg,8,Negative
20171102-095308-3.jpg,4,Prickly acacia
20170315-090412-0.jpg,8,Negative
20170501-143143-0.jpg,1,Lantana
20180125-100317-2.jpg,8,Negative
20180109-085320-1.jpg,8,Negative
20170906-112042-4.jpg,3,Parthenium
20170128-103305-0.jpg,8,Negative
20180112-080246-2.jpg,8,Negative
20180322-131840-1.jpg,8,Negative
20180322-105044-1.jpg,8,Negative
20170217-151628-0.jpg,0,Chinee apple
20171025-081043-1.jpg,3,Parthenium
20171219-095953-3.jpg,8,Negative
20170906-091751-1.jpg,3,Parthenium
20170627-103545-0.jpg,0,Chinee apple
20170207-155012-0.jpg,0,Chinee apple
20170410-153701-0.jpg,7,Snake weed
20180322-133822-1.jpg,8,Negative
20170920-133756-2.jpg,2,Parkinsonia
20171121-085538-1.jpg,6,Siam weed
20171212-103941-3.jpg,8,Negative
20171113-135152-1.jpg,6,Siam weed
20171218-114714-2.jpg,8,Negative
20171109-084834-3.jpg,5,Rubber vine
20180125-133416-2.jpg,8,Negative
20170210-132455-0.jpg,0,Chinee apple
20180109-103225-1.jpg,8,Negative
20170729-092320-2.jpg,4,Prickly acacia
20160928-140731-0.jpg,0,Chinee apple
20171220-092741-2.jpg,8,Negative
20180322-112516-2.jpg,8,Negative
20180322-114014-1.jpg,8,Negative
20170906-112746-2.jpg,3,Parthenium
20170207-142023-0.jpg,7,Snake weed
20180109-075004-2.jpg,8,Negative
20171121-090418-3.jpg,6,Siam weed
20171109-092212-1.jpg,5,Rubber vine
20171219-105255-2.jpg,8,Negative
20170920-114200-3.jpg,2,Parkinsonia
20170728-151058-1.jpg,4,Prickly acacia
20180112-093532-1.jpg,8,Negative
20180125-101413-2.jpg,8,Negative
20171113-141820-2.jpg,6,Siam weed
20171102-093704-3.jpg,4,Prickly acacia
20171203-164902-3.jpg,8,Negative
20170210-130514-0.jpg,7,Snake weed
20180322-103350-1.jpg,8,Negative
20171109-074558-1.jpg,5,Rubber vine
20170405-160024-0.jpg,0,Chinee apple
20171025-075841-1.jpg,3,Parthenium
20180112-102617-1.jpg,8,Negative
20171025-100255-2.jpg,3,Parthenium
20171113-133603-1.jpg,6,Siam weed
20171122-102820-1.jpg,5,Rubber vine
20170727-124959-3.jpg,4,Prickly acacia
20171220-101206-1.jpg,8,Negative
20180125-091410-2.jpg,8,Negative
20180109-070002-2.jpg,8,Negative
20171025-100822-2.jpg,3,Parthenium
20180119-110347-1.jpg,8,Negative
20180109-100546-1.jpg,8,Negative
20180322-113132-2.jpg,8,Negative
20171113-115349-3.jpg,6,Siam weed
20170906-112649-2.jpg,3,Parthenium
20170715-103853-1.jpg,1,Lantana
20171025-083335-3.jpg,3,Parthenium
20170714-185854-1.jpg,1,Lantana
20170727-120851-3.jpg,4,Prickly acacia
20171113-115426-3.jpg,6,Siam weed
20170715-171706-1.jpg,1,Lantana
20170210-131130-0.jpg,7,Snake weed
20170920-115235-3.jpg,2,Parkinsonia
20170627-104455-0.jpg,7,Snake weed
20180125-094234-1.jpg,8,Negative
20171220-094919-2.jpg,8,Negative
20180109-072850-1.jpg,8,Negative
20171212-105342-3.jpg,8,Negative
20180119-110218-2.jpg,8,Negative
20180112-103811-1.jpg,8,Negative
20171025-095344-1.jpg,3,Parthenium
20170304-123547-0.jpg,0,Chinee apple
20171109-092105-1.jpg,5,Rubber vine
20171218-105544-3.jpg,8,Negative
20170728-154123-3.jpg,8,Negative
20180125-091915-1.jpg,8,Negative
20180119-111617-2.jpg,8,Negative
20180112-081254-1.jpg,8,Negative
20171121-084920-1.jpg,6,Siam weed
20170728-124038-2.jpg,4,Prickly acacia
20170811-132405-2.jpg,0,Chinee apple
20171212-103607-3.jpg,8,Negative
20170920-162359-3.jpg,2,Parkinsonia
20180112-082117-2.jpg,8,Negative
20180125-094815-2.jpg,8,Negative
20180125-123719-1.jpg,8,Negative
20170920-164116-3.jpg,2,Parkinsonia
20180119-115044-1.jpg,8,Negative
20171220-090608-3.jpg,8,Negative
20180119-104748-2.jpg,8,Negative
20171122-102714-1.jpg,5,Rubber vine
20180105-092727-2.jpg,8,Negative
20170217-113104-0.jpg,0,Chinee apple
20171025-080235-1.jpg,3,Parthenium
20180105-093848-2.jpg,8,Negative
20180125-091559-1.jpg,8,Negative
20180109-103003-2.jpg,8,Negative
20170920-163751-3.jpg,2,Parkinsonia
20170728-123905-3.jpg,4,Prickly acacia
20170126-100518-0.jpg,1,Lantana
20180112-102828-2.jpg,8,Negative
20171220-101549-2.jpg,8,Negative
20180109-085727-1.jpg,8,Negative
20170811-133337-1.jpg,0,Chinee apple
20170410-124256-0.jpg,0,Chinee apple
20171219-113956-2.jpg,8,Negative
20180112-093758-2.jpg,8,Negative
20171219-113420-2.jpg,8,Negative
20180119-113537-1.jpg,8,Negative
20171220-095046-1.jpg,8,Negative
20171113-175118-0.jpg,6,Siam weed
20180109-101617-2.jpg,8,Negative
20171113-144457-1.jpg,6,Siam weed
20170410-124408-0.jpg,0,Chinee apple
20170501-145007-0.jpg,8,Negative
20180322-125512-1.jpg,8,Negative
20171212-094434-1.jpg,8,Negative
20171121-075036-1.jpg,6,Siam weed
20180119-105135-1.jpg,8,Negative
20171219-092757-2.jpg,8,Negative
20170501-143334-0.jpg,1,Lantana
20171219-102519-2.jpg,8,Negative
20171219-114054-2.jpg,8,Negative
20171219-110035-3.jpg,8,Negative
20170704-151911-0.jpg,0,Chinee apple
20180119-111458-1.jpg,8,Negative
20180109-070037-1.jpg,8,Negative
20180322-125159-1.jpg,8,Negative
20180322-130302-1.jpg,8,Negative
20180109-105713-2.jpg,8,Negative
20171025-080449-1.jpg,3,Parthenium
20180119-112920-2.jpg,8,Negative
20170920-095728-1.jpg,2,Parkinsonia
20171113-092616-3.jpg,5,Rubber vine
20170630-152202-0.jpg,7,Snake weed
20161207-142702-0.jpg,7,Snake weed
20171203-164736-3.jpg,8,Negative
20180105-093401-2.jpg,8,Negative
20171025-082718-3.jpg,3,Parthenium
20180105-091628-2.jpg,8,Negative
20171025-090816-3.jpg,3,Parthenium
20171219-102256-3.jpg,8,Negative
20171109-090408-3.jpg,5,Rubber vine
20170217-121730-0.jpg,0,Chinee apple
20180119-110513-2.jpg,8,Negative
20171218-111506-2.jpg,8,Negative
20170913-121721-3.jpg,3,Parthenium
20170906-113219-4.jpg,3,Parthenium
20180109-094659-1.jpg,8,Negative
20180125-094142-2.jpg,8,Negative
20171220-095335-2.jpg,8,Negative
20171219-095737-3.jpg,8,Negative
20170906-110518-1.jpg,3,Parthenium
20170714-120228-3.jpg,1,Lantana
20170920-101953-1.jpg,2,Parkinsonia
20170207-141703-0.jpg,7,Snake weed
20171121-082948-2.jpg,6,Siam weed
20171025-081521-2.jpg,3,Parthenium
20170706-112430-0.jpg,7,Snake weed
20171220-085146-3.jpg,8,Negative
20170627-103442-0.jpg,0,Chinee apple
20171220-082100-2.jpg,8,Negative
20171109-090406-2.jpg,5,Rubber vine
20180119-113128-2.jpg,8,Negative
20171218-121336-2.jpg,8,Negative
20171220-101632-2.jpg,8,Negative
20180119-115216-2.jpg,8,Negative
20180125-095610-1.jpg,8,Negative
20171113-120149-1.jpg,6,Siam weed
20180109-100506-1.jpg,8,Negative
20170811-134559-2.jpg,0,Chinee apple
20171220-093526-3.jpg,8,Negative
20180125-132101-2.jpg,8,Negative
20171122-103722-1.jpg,5,Rubber vine
20180109-103907-2.jpg,8,Negative
20180322-102626-2.jpg,8,Negative
20170920-094607-2.jpg,2,Parkinsonia
20180112-080358-2.jpg,8,Negative
20180109-080525-2.jpg,8,Negative
20161207-112452-0.jpg,0,Chinee apple
20170920-113351-3.jpg,2,Parkinsonia
20171219-112750-3.jpg,8,Negative
20170126-095942-0.jpg,1,Lantana
20171220-090233-3.jpg,8,Negative
20180322-111142-2.jpg,8,Negative
20170920-132728-2.jpg,2,Parkinsonia
20170728-122633-2.jpg,4,Prickly acacia
20170729-092551-1.jpg,4,Prickly acacia
20180109-075116-1.jpg,8,Negative
20170913-100953-2.jpg,3,Parthenium
20171212-093911-3.jpg,8,Negative
20170913-105631-1.jpg,3,Parthenium
20170705-170053-0.jpg,7,Snake weed
20180112-071458-2.jpg,8,Negative
20170913-095615-2.jpg,3,Parthenium
20171109-090324-3.jpg,5,Rubber vine
20171113-124206-1.jpg,6,Siam weed
20180109-103800-2.jpg,8,Negative
20171122-100643-1.jpg,5,Rubber vine
20170906-134516-2.jpg,3,Parthenium
20171217-183729-2.jpg,8,Negative
20170127-101254-0.jpg,1,Lantana
20171212-100328-1.jpg,8,Negative
20180125-101152-2.jpg,8,Negative
20180112-080418-2.jpg,8,Negative
20171218-110557-2.jpg,8,Negative
20171220-092853-2.jpg,8,Negative
20171212-102601-3.jpg,8,Negative
20171219-100558-2.jpg,8,Negative
20170217-113636-0.jpg,0,Chinee apple
20180125-093306-1.jpg,8,Negative
20180322-114426-2.jpg,8,Negative
20180105-092256-3.jpg,8,Negative
20180119-113953-2.jpg,8,Negative
20170410-153454-0.jpg,7,Snake weed
20170811-130332-2.jpg,0,Chinee apple
20170217-101954-0.jpg,0,Chinee apple
20171113-113043-0.jpg,6,Siam weed
20171220-101710-1.jpg,8,Negative
20171113-140603-2.jpg,6,Siam weed
20180322-114453-1.jpg,8,Negative
20170718-101011-2.jpg,0,Chinee apple
20170715-161617-1.jpg,1,Lantana
20180109-092518-1.jpg,8,Negative
20170727-125159-1.jpg,4,Prickly acacia
20180322-103331-2.jpg,8,Negative
20180109-105049-2.jpg,8,Negative
20180125-094018-1.jpg,8,Negative
20180109-091418-2.jpg,8,Negative
20170920-160436-3.jpg,2,Parkinsonia
20170913-104934-3.jpg,5,Rubber vine
20170906-101303-1.jpg,3,Parthenium
20170811-130153-1.jpg,0,Chinee apple
20171113-061331-1.jpg,6,Siam weed
20171113-123657-3.jpg,6,Siam weed
20170906-103822-1.jpg,3,Parthenium
20170714-150115-1.jpg,1,Lantana
20171025-172200-3.jpg,3,Parthenium
20180125-131717-2.jpg,8,Negative
20180112-092724-2.jpg,8,Negative
20180105-101602-2.jpg,8,Negative
20180109-074514-2.jpg,8,Negative
20170920-171421-1.jpg,4,Prickly acacia
20180105-092116-3.jpg,8,Negative
20171218-104341-2.jpg,8,Negative
20170913-100512-3.jpg,5,Rubber vine
20180322-102953-2.jpg,8,Negative
20171220-092922-2.jpg,8,Negative
20170920-112321-3.jpg,2,Parkinsonia
20171113-173911-0.jpg,6,Siam weed
20171219-100758-2.jpg,8,Negative
20170126-095653-0.jpg,1,Lantana
20170920-095758-1.jpg,2,Parkinsonia
20170811-104926-2.jpg,0,Chinee apple
20170718-131820-2.jpg,7,Snake weed
20170729-091954-1.jpg,8,Negative
20171113-093918-3.jpg,5,Rubber vine
20170811-125033-2.jpg,0,Chinee apple
20170217-101007-0.jpg,7,Snake weed
20180322-105340-1.jpg,8,Negative
20171212-095003-1.jpg,8,Negative
20170913-121246-2.jpg,5,Rubber vine
20170906-105529-1.jpg,3,Parthenium
20171102-123300-3.jpg,2,Parkinsonia
20180105-104512-1.jpg,8,Negative
20180112-070404-2.jpg,8,Negative
20170404-153613-0.jpg,7,Snake weed
20180125-101056-1.jpg,8,Negative
20170920-164419-3.jpg,2,Parkinsonia
20170210-133140-0.jpg,0,Chinee apple
20171113-132914-1.jpg,6,Siam weed
20170705-160734-0.jpg,7,Snake weed
20170727-165531-1.jpg,4,Prickly acacia
20180109-105441-1.jpg,8,Negative
20180125-131326-2.jpg,8,Negative
20171218-115627-3.jpg,8,Negative
20180109-074335-1.jpg,8,Negative
20170913-105406-1.jpg,3,Parthenium
20180125-133225-2.jpg,8,Negative
20180125-134115-2.jpg,8,Negative
20180109-100809-2.jpg,8,Negative
20171113-145512-1.jpg,6,Siam weed
20170913-100153-1.jpg,3,Parthenium
20171109-071849-1.jpg,5,Rubber vine
20171203-170737-3.jpg,8,Negative
20170706-105250-0.jpg,7,Snake weed
20180109-105650-1.jpg,8,Negative
20180105-094101-3.jpg,8,Negative
20170728-153235-3.jpg,8,Negative
20170405-155807-0.jpg,0,Chinee apple
20170704-151544-0.jpg,0,Chinee apple
20171218-121826-3.jpg,8,Negative
20171218-114913-3.jpg,8,Negative
20170714-133951-1.jpg,1,Lantana
20180125-132229-2.jpg,8,Negative
20171113-092514-3.jpg,5,Rubber vine
20170704-151121-0.jpg,7,Snake weed
20171220-090147-2.jpg,8,Negative
20170718-131934-2.jpg,7,Snake weed
20170501-145146-0.jpg,8,Negative
20171219-102314-2.jpg,8,Negative
20161207-112245-0.jpg,0,Chinee apple
20170920-132922-2.jpg,2,Parkinsonia
20171121-084526-1.jpg,6,Siam weed
20180125-135202-3.jpg,8,Negative
20180125-095112-2.jpg,8,Negative
20171121-090548-3.jpg,6,Siam weed
20180322-112041-2.jpg,8,Negative
20180109-104126-2.jpg,8,Negative
20170727-163054-1.jpg,4,Prickly acacia
20170727-170909-1.jpg,4,Prickly acacia
20171220-092732-2.jpg,8,Negative
20180109-102940-2.jpg,8,Negative
20170728-153256-3.jpg,8,Negative
20171212-105742-3.jpg,8,Negative
20171219-102203-3.jpg,8,Negative
20170714-135431-3.jpg,1,Lantana
20170705-160802-0.jpg,7,Snake weed
20170913-102751-2.jpg,3,Parthenium
20180109-072211-2.jpg,8,Negative
20180125-131822-2.jpg,8,Negative
20170920-113736-3.jpg,2,Parkinsonia
20171102-100322-1.jpg,8,Negative
20171219-101234-3.jpg,8,Negative
20180109-092452-1.jpg,8,Negative
20170521-153515-0.jpg,1,Lantana
20180125-131508-3.jpg,8,Negative
20170217-100851-0.jpg,7,Snake weed
20180109-075006-1.jpg,8,Negative
20171218-105044-3.jpg,8,Negative
20170315-090051-0.jpg,8,Negative
20170920-165507-1.jpg,2,Parkinsonia
20180109-074617-2.jpg,8,Negative
20170913-110220-2.jpg,3,Parthenium
20171025-101138-1.jpg,3,Parthenium
20180112-091235-2.jpg,8,Negative
20170217-115411-0.jpg,7,Snake weed
20180322-103838-1.jpg,8,Negative
20180119-111316-2.jpg,8,Negative
20170610-124127-0.jpg,1,Lantana
20170811-110333-2.jpg,0,Chinee apple
20180119-105622-2.jpg,8,Negative
20180109-070924-2.jpg,8,Negative
20171113-145500-3.jpg,6,Siam weed
20170711-114901-0.jpg,7,Snake weed
20170714-113549-2.jpg,1,Lantana
20171113-132929-1.jpg,6,Siam weed
20180125-094259-1.jpg,8,Negative
20170714-190302-1.jpg,1,Lantana
20171113-154731-0.jpg,6,Siam weed
20170705-162425-0.jpg,7,Snake weed
20171218-121959-3.jpg,8,Negative
20170920-094806-2.jpg,4,Prickly acacia
20170729-092953-3.jpg,4,Prickly acacia
20171219-094230-2.jpg,8,Negative
20171113-141038-2.jpg,6,Siam weed
20180109-105656-2.jpg,8,Negative
20180125-100631-2.jpg,8,Negative
20180109-103502-2.jpg,8,Negative
20170217-152111-0.jpg,0,Chinee apple
20170913-123012-3.jpg,3,Parthenium
20180322-130032-1.jpg,8,Negative
20180125-134145-2.jpg,8,Negative
20171219-095615-3.jpg,8,Negative
20180109-103911-1.jpg,8,Negative
20171102-100028-2.jpg,4,Prickly acacia
20171217-184330-2.jpg,8,Negative
20170913-121227-1.jpg,5,Rubber vine
20180109-073844-2.jpg,8,Negative
20171113-141918-2.jpg,6,Siam weed
20180112-072821-1.jpg,8,Negative
20171205-145104-2.jpg,8,Negative
20171219-095936-3.jpg,8,Negative
20170811-114743-2.jpg,0,Chinee apple
20180112-081000-2.jpg,8,Negative
20180112-092551-2.jpg,8,Negative
20180105-104501-1.jpg,8,Negative
20171219-095250-3.jpg,8,Negative
20171109-072625-1.jpg,5,Rubber vine
20170128-103734-0.jpg,8,Negative
20170913-102043-2.jpg,3,Parthenium
20170705-165159-0.jpg,7,Snake weed
20180322-130550-1.jpg,8,Negative
20171025-094443-2.jpg,3,Parthenium
20171212-104741-3.jpg,8,Negative
20171122-101845-1.jpg,5,Rubber vine
20171220-090520-2.jpg,8,Negative
20180112-074651-2.jpg,8,Negative
20170811-110742-1.jpg,0,Chinee apple
20170501-142722-0.jpg,1,Lantana
20170727-125558-3.jpg,4,Prickly acacia
20171203-173632-3.jpg,8,Negative
20180109-073835-2.jpg,8,Negative
20171220-100413-2.jpg,8,Negative
20180105-093725-2.jpg,8,Negative
20180109-090204-1.jpg,8,Negative
20170811-103948-2.jpg,0,Chinee apple
20180125-091934-2.jpg,8,Negative
20171025-094048-2.jpg,3,Parthenium
20180109-074010-1.jpg,8,Negative
20170727-164020-3.jpg,4,Prickly acacia
20171220-090409-2.jpg,8,Negative
20170501-145238-0.jpg,8,Negative
20170501-145858-0.jpg,8,Negative
20180322-130833-1.jpg,8,Negative
20180112-073942-1.jpg,8,Negative
20171109-071525-3.jpg,5,Rubber vine
20170405-154952-0.jpg,0,Chinee apple
20180112-092057-1.jpg,8,Negative
20170630-152217-0.jpg,7,Snake weed
20180322-120934-2.jpg,8,Negative
20170913-115504-3.jpg,3,Parthenium
20171025-074035-2.jpg,3,Parthenium
20180125-091240-2.jpg,8,Negative
20180109-091025-2.jpg,8,Negative
20180109-090140-2.jpg,8,Negative
20180119-113849-1.jpg,8,Negative
20171203-164605-3.jpg,8,Negative
20170729-092900-2.jpg,4,Prickly acacia
20171109-091053-1.jpg,5,Rubber vine
20170217-114650-0.jpg,7,Snake weed
20180109-092440-2.jpg,8,Negative
20180125-131302-2.jpg,8,Negative
20170705-163349-0.jpg,7,Snake weed
20171218-113300-3.jpg,8,Negative
20171217-183841-2.jpg,8,Negative
20180112-072522-1.jpg,8,Negative
20170718-095032-2.jpg,0,Chinee apple
20171025-081802-1.jpg,0,Chinee apple
20170920-114402-2.jpg,2,Parkinsonia
20170711-113430-0.jpg,7,Snake weed
20171025-080010-1.jpg,3,Parthenium
20171220-085334-2.jpg,8,Negative
20170727-162942-1.jpg,4,Prickly acacia
20180119-112948-2.jpg,8,Negative
20180125-095328-1.jpg,8,Negative
20171109-074736-1.jpg,5,Rubber vine
20180109-091702-2.jpg,8,Negative
20170501-143307-0.jpg,1,Lantana
20170705-165000-0.jpg,7,Snake weed
20180112-070641-2.jpg,8,Negative
20171220-100239-2.jpg,8,Negative
20171220-084238-2.jpg,8,Negative
20180112-101045-2.jpg,8,Negative
20170913-110141-1.jpg,3,Parthenium
20180105-092612-2.jpg,8,Negative
20170210-130229-0.jpg,7,Snake weed
20180112-100734-1.jpg,8,Negative
20171219-102713-3.jpg,8,Negative
20171122-101513-1.jpg,5,Rubber vine
20171025-092817-1.jpg,3,Parthenium
20180112-082925-1.jpg,8,Negative
20171025-075607-2.jpg,3,Parthenium
20180112-092131-1.jpg,8,Negative
20171025-094807-3.jpg,3,Parthenium
20171218-120017-3.jpg,8,Negative
20171220-084013-3.jpg,8,Negative
20171025-074729-2.jpg,3,Parthenium
20180322-114043-1.jpg,8,Negative
20180105-091746-3.jpg,8,Negative
20170920-111229-2.jpg,2,Parkinsonia
20171212-094838-1.jpg,8,Negative
20170920-115453-3.jpg,2,Parkinsonia
20170811-162442-1.jpg,0,Chinee apple
20180125-133446-2.jpg,8,Negative
20180112-080444-1.jpg,8,Negative
20180109-103926-2.jpg,8,Negative
20170714-143253-1.jpg,1,Lantana
20170913-103319-3.jpg,5,Rubber vine
20170714-170519-1.jpg,1,Lantana
20170714-165934-1.jpg,1,Lantana
20180112-072353-1.jpg,8,Negative
20171025-100848-3.jpg,3,Parthenium
20170210-141858-0.jpg,7,Snake weed
20171220-090721-2.jpg,8,Negative
20180322-111446-2.jpg,8,Negative
20170217-115109-0.jpg,7,Snake weed
20171219-112706-2.jpg,8,Negative
20180105-101911-2.jpg,8,Negative
20180322-102941-1.jpg,8,Negative
20170718-102127-2.jpg,7,Snake weed
20170128-103847-0.jpg,8,Negative
20171113-134330-1.jpg,6,Siam weed
20171113-144021-3.jpg,6,Siam weed
20170718-132036-2.jpg,7,Snake weed
20171219-095426-2.jpg,8,Negative
20170920-094203-1.jpg,4,Prickly acacia
20180125-095851-2.jpg,8,Negative
20180119-112817-2.jpg,8,Negative
20171113-132254-1.jpg,6,Siam weed
20180125-095143-1.jpg,8,Negative
20171109-090843-3.jpg,5,Rubber vine
20171113-163420-0.jpg,6,Siam weed
20170727-151953-3.jpg,4,Prickly acacia
20171102-120557-3.jpg,2,Parkinsonia
20180125-134407-2.jpg,8,Negative
20170728-120638-2.jpg,4,Prickly acacia
20180109-095406-1.jpg,8,Negative
20170127-102251-0.jpg,1,Lantana
20170126-095726-0.jpg,1,Lantana
20171219-114743-3.jpg,8,Negative
20170610-121817-0.jpg,1,Lantana
20180105-104617-1.jpg,8,Negative
20171219-101449-2.jpg,8,Negative
20170920-113720-3.jpg,2,Parkinsonia
20180109-105629-2.jpg,8,Negative
20170210-130944-0.jpg,7,Snake weed
20171219-101159-2.jpg,8,Negative
20171219-094002-2.jpg,8,Negative
20180125-100855-1.jpg,8,Negative
20170126-095932-0.jpg,1,Lantana
20180105-092316-2.jpg,8,Negative
20180119-115650-2.jpg,8,Negative
20170728-125810-3.jpg,4,Prickly acacia
20170718-101417-2.jpg,0,Chinee apple
20170718-095109-2.jpg,0,Chinee apple
20170501-145837-0.jpg,8,Negative
20170210-132215-0.jpg,7,Snake weed
20170906-115034-1.jpg,3,Parthenium
20180119-113852-2.jpg,8,Negative
20171102-093348-1.jpg,4,Prickly acacia
20180125-093958-2.jpg,8,Negative
20180119-113909-1.jpg,8,Negative
20170727-125814-1.jpg,4,Prickly acacia
20161207-112417-0.jpg,8,Negative
20171109-093731-3.jpg,5,Rubber vine
20171219-100026-2.jpg,8,Negative
20180109-105034-2.jpg,8,Negative
20171220-091741-3.jpg,8,Negative
20170913-095800-2.jpg,3,Parthenium
20171113-105444-0.jpg,6,Siam weed
20170727-140315-1.jpg,4,Prickly acacia
20170906-134511-1.jpg,3,Parthenium
20171113-120413-1.jpg,6,Siam weed
20171219-112609-3.jpg,8,Negative
20171025-094524-2.jpg,3,Parthenium
20171219-113056-3.jpg,8,Negative
20170127-102124-0.jpg,1,Lantana
20170714-170250-1.jpg,1,Lantana
20180322-130658-1.jpg,8,Negative
20180125-132933-2.jpg,8,Negative
20171109-071740-1.jpg,5,Rubber vine
20171220-082743-2.jpg,8,Negative
20171102-094731-1.jpg,4,Prickly acacia
20171203-165213-3.jpg,8,Negative
20180322-132456-1.jpg,8,Negative
20180112-101322-1.jpg,8,Negative
20180109-095448-1.jpg,8,Negative
20180112-102657-1.jpg,8,Negative
20170207-154504-0.jpg,0,Chinee apple
20170811-125742-1.jpg,0,Chinee apple
20170906-132157-1.jpg,3,Parthenium
20171219-104702-2.jpg,8,Negative
20180119-105125-1.jpg,8,Negative
20171113-131345-1.jpg,6,Siam weed
20170913-105923-2.jpg,3,Parthenium
20171212-094932-1.jpg,8,Negative
20171218-110342-2.jpg,8,Negative
20180112-102723-2.jpg,8,Negative
20171113-131746-2.jpg,6,Siam weed
20170729-090610-2.jpg,4,Prickly acacia
20170714-114042-2.jpg,1,Lantana
20170727-171042-1.jpg,4,Prickly acacia
20171220-083209-2.jpg,8,Negative
20180125-101430-1.jpg,8,Negative
20180322-103032-2.jpg,8,Negative
20171109-070740-1.jpg,5,Rubber vine
20171220-082530-2.jpg,8,Negative
20180109-102715-1.jpg,8,Negative
20170728-115909-2.jpg,4,Prickly acacia
20180322-103947-1.jpg,8,Negative
20180112-102428-1.jpg,8,Negative
20170811-124834-1.jpg,0,Chinee apple
20171025-091156-1.jpg,3,Parthenium
20170920-114342-3.jpg,2,Parkinsonia
20171109-091743-3.jpg,5,Rubber vine
20170727-143545-1.jpg,4,Prickly acacia
20170706-113336-0.jpg,7,Snake weed
20180125-125933-2.jpg,8,Negative
20180112-103859-2.jpg,8,Negative
20180112-101710-1.jpg,8,Negative
20180322-125838-1.jpg,8,Negative
20171025-075115-2.jpg,3,Parthenium
20180322-105240-1.jpg,8,Negative
20171109-073350-1.jpg,5,Rubber vine
20171109-195100-1.jpg,5,Rubber vine
20171219-112323-3.jpg,8,Negative
20180109-101342-2.jpg,8,Negative
20171219-111652-3.jpg,8,Negative
20171025-094711-2.jpg,3,Parthenium
20171102-093729-3.jpg,4,Prickly acacia
20180112-094522-2.jpg,8,Negative
20170920-094254-1.jpg,2,Parkinsonia
20180119-114357-2.jpg,8,Negative
20170610-124334-0.jpg,1,Lantana
20170714-112539-2.jpg,1,Lantana
20170920-164843-3.jpg,2,Parkinsonia
20171113-144920-3.jpg,6,Siam weed
20171109-090231-3.jpg,5,Rubber vine
20171220-100528-2.jpg,8,Negative
20180105-093111-3.jpg,8,Negative
20171220-093331-2.jpg,8,Negative
20170501-145648-0.jpg,8,Negative
20170727-124521-1.jpg,4,Prickly acacia
20180119-113724-1.jpg,8,Negative
20171121-075015-1.jpg,6,Siam weed
20170728-154705-1.jpg,4,Prickly acacia
20171113-142912-3.jpg,6,Siam weed
